{
  "learning_rate": 0.00040044103983687346,
  "batch_size": 32,
  "warmup_steps": 184,
  "hidden_size": 256,
  "num_hidden_layers": 10,
  "weight_decay": 0.0017941288241116056,
  "num_attention_heads_256": 8
}