raw_smiles,dataset,max_tanimoto_to_corpus_full,n_corpus_identical,n_corpus_neardup_0p95
c1cc2ccc3cccc4ccc(c1)c2c34,ESOL,1.0000,3,0
Cc1cc(=O)[nH]c(=S)[nH]1,ESOL,0.9524,0,2
Oc1ccc(cc1)C2(OC(=O)c3ccccc23)c4ccc(O)cc4,ESOL,1.0000,2,1
c1ccc2c(c1)cc3ccc4cccc5ccc2c3c45,ESOL,0.9565,0,4
C1=Cc2cccc3cccc1c23,ESOL,1.0000,1,0
CC1CO1,ESOL,0.9000,0,0
CCN2c1ccccc1N(C)C(=S)c3cccnc23,ESOL,0.5909,0,0
CC12CCC3C(CCc4cc(O)ccc34)C2CCC1=O,ESOL,1.0000,3,3
Cn2cc(c1ccccc1)c(=O)c(c2)c3cccc(c3)C(F)(F)F,ESOL,0.7568,0,0
ClC(Cl)(Cl)C(NC=O)N1C=CN(C=C1)C(NC=O)C(Cl)(Cl)Cl,ESOL,0.5161,0,0
COc2c1occc1cc3ccc(=O)oc23,ESOL,1.0000,1,0
CN2C(=C(O)c1ccccc1S2(=O)=O)C(=O)Nc3ccccn3,ESOL,0.9767,0,1
Cc3cc2nc1c(=O)[nH]c(=O)nc1n(CC(O)C(O)C(O)CO)c2cc3C,ESOL,1.0000,3,4
c1ccc(cc1)c2ccc(cc2)c3ccccc3,ESOL,1.0000,1,0
CC34CC(=O)C1C(CCC2=CC(=O)CCC12C)C3CCC4(=O),ESOL,1.0000,2,0
c1ccc2c(c1)sc3ccccc23,ESOL,0.9333,0,0
CC23Cc1cnoc1C=C2CCC4C3CCC5(C)C4CCC5(O)C#C,ESOL,1.0000,5,0
OC(C(=O)c1ccccc1)c2ccccc2,ESOL,0.9545,0,4
OCC2OC(Oc1ccccc1CO)C(O)C(O)C2O,ESOL,1.0000,4,0
CC3C2CCC1(C)C=CC(=O)C(=C1C2OC3=O)C,ESOL,1.0000,4,0
O=Cc2ccc1OCOc1c2,ESOL,0.7407,0,0
CC1CCCCC1NC(=O)Nc2ccccc2,ESOL,0.8205,0,0
CC(=O)N(S(=O)c1ccc(N)cc1)c2onc(C)c2C,ESOL,0.5625,0,0
C1N(C(=O)NCC(C)C)C(=O)NC1,ESOL,0.6111,0,0
CNC(=O)Oc1ccccc1C2OCCO2,ESOL,0.6744,0,0
CC1=C(CCCO1)C(=O)Nc2ccccc2,ESOL,0.6078,0,0
Cn2c(=O)on(c1ccc(Cl)c(Cl)c1)c2=O,ESOL,1.0000,1,0
C1Cc2cccc3cccc1c23,ESOL,0.8889,0,0
c1ccc2cc3c4cccc5cccc(c3cc2c1)c45,ESOL,0.9000,0,0
Nc1cc(nc(N)n1=O)N2CCCCC2,ESOL,0.6053,0,0
O=c2c(C3CCCc4ccccc43)c(O)c1ccccc1o2,ESOL,0.7292,0,0
CC(C)C(Nc1ccc(cc1Cl)C(F)(F)F)C(=O)OC(C#N)c2cccc(Oc3ccccc3)c2,ESOL,1.0000,1,0
Cc1c(F)c(F)c(COC(=O)C2C(C=C(Cl)C(F)(F)F)C2(C)C)c(F)c1F,ESOL,1.0000,1,0
c2ccc1[nH]nnc1c2,ESOL,0.7037,0,0
c2ccc1ocnc1c2,ESOL,1.0000,1,1
CCOC(=O)c1cncn1C(C)c2ccccc2,ESOL,1.0000,1,2
CCN2c1ccccc1N(C)C(=O)c3ccccc23,ESOL,0.7000,0,0
OCC(O)COC(=O)c1ccccc1Nc2ccnc3cc(Cl)ccc23,ESOL,0.8393,0,0
OCC1OC(OC2C(O)C(O)C(O)OC2CO)C(O)C(O)C1O,ESOL,1.0000,100,11
CC34CCc1c(ccc2cc(O)ccc12)C3CCC4=O,ESOL,1.0000,2,0
ClC1=C(Cl)C(Cl)(C(=C1Cl)Cl)C2(Cl)C(=C(Cl)C(=C2Cl)Cl)Cl,ESOL,0.5000,0,0
ClC1(C(=O)C2(Cl)C3(Cl)C14Cl)C5(Cl)C2(Cl)C3(Cl)C(Cl)(Cl)C45Cl,ESOL,0.7059,0,0
Oc1ccc(c(O)c1)c3oc2cc(O)cc(O)c2c(=O)c3O,ESOL,0.9688,0,1
C1SC(=S)NC1(=O),ESOL,0.9474,0,0
ClC(Cl)C(Cl)(Cl)SN2C(=O)C1CC=CCC1C2=O,ESOL,0.9667,0,1
ClC1=C(Cl)C2(Cl)C3C4CC(C=C4)C3C1(Cl)C2(Cl)Cl,ESOL,1.0000,4,0
CC(=O)Nc1nnc(s1)S(N)(=O)=O,ESOL,0.9655,0,2
CC1=C(SCCO1)C(=O)Nc2ccccc2,ESOL,0.8947,0,0
CN(C(=O)COc1nc2ccccc2s1)c3ccccc3,ESOL,0.7647,0,0
CN(C(=O)NC(C)(C)c1ccccc1)c2ccccc2,ESOL,1.0000,1,0
Nc1nccs1,ESOL,0.9375,0,0
CN(C=Nc1ccc(C)cc1C)C=Nc2ccc(C)cc2C,ESOL,0.7353,0,0
OCC(O)C2OC1OC(OC1C2O)C(Cl)(Cl)Cl,ESOL,1.0000,3,0
Nc3nc(N)c2nc(c1ccccc1)c(N)nc2n3,ESOL,0.8235,0,0
CC2Nc1cc(Cl)c(cc1C(=O)N2c3ccccc3C)S(N)(=O)=O,ESOL,0.8070,0,0
CN1CC(O)N(C1=O)c2nnc(s2)C(C)(C)C,ESOL,1.0000,1,0
CCC1(C(=O)NC(=O)NC1=O)C2=CCC3CCC2C3,ESOL,0.3958,0,0
CCC(C)C(=O)OC2CC(C)C=C3C=CC(C)C(CCC1CC(O)CC(=O)O1)C23,ESOL,1.0000,14,1
CC2Cc1ccccc1N2NC(=O)c3ccc(Cl)c(c3)S(N)(=O)=O,ESOL,0.9057,0,0
o1c2ccccc2c3ccccc13,ESOL,0.9333,0,0
O=C(Nc1ccccc1)Nc2ccccc2,ESOL,1.0000,1,0
c1ccc2c(c1)c3cccc4c3c2cc5ccccc54,ESOL,1.0000,1,1
COc1ccc(cc1)C(O)(C2CC2)c3cncnc3,ESOL,0.6905,0,0
c1cnc2c(c1)ccc3ncccc23,ESOL,0.9583,0,6
OCC1OC(CO)(OC2OC(COC3OC(CO)C(O)C(O)C3O)C(O)C(O)C2O)C(O)C1O,ESOL,1.0000,13,2
CCOC(=O)c1ccccc1S(=O)(=O)NN(C=O)c2nc(Cl)cc(OC)n2,ESOL,0.5263,0,0
CC34CCC1C(=CCc2cc(O)ccc12)C3CCC4=O,ESOL,1.0000,2,0
CN(C)C(=O)Oc1cc(C)nn1c2ccccc2,ESOL,0.6923,0,0
OC(Cn1cncn1)(c2ccc(F)cc2)c3ccccc3F,ESOL,0.7778,0,0
Cc1c2ccccc2c(C)c3ccc4ccccc4c13,ESOL,0.7600,0,0
Cc3nnc4CN=C(c1ccccc1Cl)c2cc(Cl)ccc2n34,ESOL,1.0000,2,0
Cc3ccnc4N(C1CC1)c2ncccc2C(=O)Nc34,ESOL,0.7609,0,0
c1cc2cccc3c4cccc5cccc(c(c1)c23)c54,ESOL,0.9286,0,0
COc1cc(cc(OC)c1O)C6C2C(COC2=O)C(OC4OC3COC(C)OC3C(O)C4O)c7cc5OCOc5cc67,ESOL,1.0000,18,1
O=c1[nH]cnc2nc[nH]c12,ESOL,0.9474,0,0
C1C(O)CCC2(C)CC3CCC4(C)C5(C)CC6OCC(C)CC6OC5CC4C3C=C21,ESOL,0.3784,0,0
Cc1ccccc1n3c(C)nc2ccccc2c3=O,ESOL,0.8056,0,0
CCOc1ccc(cc1)C(C)(C)COCc3cccc(Oc2ccccc2)c3,ESOL,0.9500,0,1
CCC1(CCC(=O)NC1=O)c2ccccc2,ESOL,0.6923,0,0
CC1CC(C)C(=O)C(C1)C(O)CC2CC(=O)NC(=O)C2,ESOL,1.0000,3,0
CC(=O)C3CCC4C2CC=C1CC(O)CCC1(C)C2CCC34C,ESOL,1.0000,9,1
Cc1ccc(OP(=O)(Oc2cccc(C)c2)Oc3ccccc3C)cc1,ESOL,0.8333,0,0
CSc1nnc(c(=O)n1N)C(C)(C)C,ESOL,0.9310,0,0
Nc1ncnc2n(ccc12)C3OC(CO)C(O)C3O,ESOL,1.0000,4,0
O=C2NC(=O)C1(CC1)C(=O)N2,ESOL,0.7778,0,0
C1Cc2ccccc2C1,ESOL,0.9286,0,0
c1ccc2cnccc2c1,ESOL,1.0000,1,0
OCC1OC(C(O)C1O)n2cnc3c(O)ncnc23,ESOL,0.7556,0,0
c2(Cl)c(Cl)c(Cl)c1nccnc1c2(Cl),ESOL,1.0000,1,0
C1OC1c2ccccc2,ESOL,1.0000,3,0
CCC(=C(CC)c1ccc(O)cc1)c2ccc(O)cc2,ESOL,1.0000,1,0
c1ccc2c(c1)c3cccc4cccc2c34,ESOL,0.8750,0,0
CC(C)C(C(=O)OC(C#N)c1cccc(Oc2ccccc2)c1)c3ccc(OC(F)F)cc3,ESOL,1.0000,2,0
CCCC1COC(Cn2cncn2)(O1)c3ccc(Cl)cc3Cl,ESOL,0.8654,0,0
O=C2CN(N=Cc1ccc(o1)N(=O)=O)C(=O)N2,ESOL,0.9744,0,1
NC(=O)c1cnccn1,ESOL,1.0000,1,0
OC4=C(C1CCC(CC1)c2ccc(Cl)cc2)C(=O)c3ccccc3C4=O,ESOL,0.6222,0,0
O=C(Cn1ccnc1N(=O)=O)NCc2ccccc2,ESOL,0.6250,0,0
CCC1(C(=O)NC(=O)NC1=O)C2=CCCCC2,ESOL,0.6190,0,0
COC(=O)C1=C(C)NC(=C(C1c2ccccc2N(=O)=O)C(=O)OC)C,ESOL,1.0000,1,2
O=C2NC(=O)C1(CCC1)C(=O)N2,ESOL,0.8889,0,0
CCCOP(=S)(OCCC)SCC(=O)N1CCCCC1C,ESOL,0.6667,0,0
N(c1ccccc1)c2ccccc2,ESOL,0.9231,0,0
ClC(Cl)=C(c1ccc(Cl)cc1)c2ccc(Cl)cc2,ESOL,0.7727,0,0
O=c2[nH]c1CCCc1c(=O)n2C3CCCCC3,ESOL,0.5750,0,0
CCC1(C(=O)NCNC1=O)c2ccccc2,ESOL,0.9643,0,1
O=C1CCCN1,ESOL,0.9375,0,0
COc5cc4OCC3Oc2c1CC(Oc1ccc2C(=O)C3c4cc5OC)C(C)=C,ESOL,1.0000,2,0
ClC4=C(Cl)C5(Cl)C3C1CC(C2OC12)C3C4(Cl)C5(Cl)Cl,ESOL,1.0000,4,0
c1ccsc1,ESOL,1.0000,2,0
c1ccc2c(c1)ccc3c2ccc4c5ccccc5ccc43,ESOL,1.0000,1,0
Cc1occc1C(=O)Nc2ccccc2,ESOL,0.7143,0,0
OCC3OC(OCC2OC(OC(C#N)c1ccccc1)C(O)C(O)C2O)C(O)C(O)C3O,ESOL,1.0000,12,0
[H]N1C([H])([H])[C@@]1([H])[C@]1([H])N([H])C1([H])[H],QM7,1.0000,1,0
[H]N1C([H])([H])[C@]1([H])[C@]1([H])N(C([H])([H])[H])C1([H])[H],QM7,0.5000,0,0
[H]N1C([H])([H])[C@@]1(C([H])([H])[H])[C@]1([H])N([H])C1([H])[H],QM7,0.5000,0,0
[H]N1[C@]([H])([C@]2([H])N([H])C2([H])[H])[C@@]1([H])C([H])([H])[H],QM7,1.0000,1,0
[H]C1=NN=C([H])C([H])([H])C1([H])[H],QM7,0.4286,0,0
[H]O[C@@]1([H])C([H])=NN=C([H])C1([H])[H],QM7,0.4783,0,0
[H]C1=NN=C([H])[C@]([H])(C([H])([H])[H])C1([H])[H],QM7,0.5500,0,0
[H]C1=NN=C(C([H])([H])[H])C([H])([H])C1([H])[H],QM7,1.0000,1,0
[H]c1nnc([H])c([H])c1[H],QM7,1.0000,1,0
[H]Oc1nnc([H])c([H])c1[H],QM7,0.4800,0,0
[H]c1nnc(C([H])([H])[H])c([H])c1[H],QM7,0.9444,0,0
[H]c1nnc([H])c(C([H])([H])[H])c1[H],QM7,0.8421,0,0
[H]N1C([H])([H])[C@]([H])(C([H])([H])[H])S1(=O)=O,QM7,1.0000,1,0
[H]N1[C@@]([H])(C([H])([H])[H])C([H])([H])S1(=O)=O,QM7,0.6000,0,0
[H]C([H])([H])N1C([H])([H])C([H])([H])S1(=O)=O,QM7,0.6000,0,0
[H]c1c(C([H])([H])[H])sc(=O)n1[H],QM7,0.5455,0,0
[H]c1sc(=O)n([H])c1C([H])([H])[H],QM7,0.4483,0,0
[H]c1sc(=O)n(C([H])([H])[H])c1[H],QM7,0.5000,0,0
[H]c1c(C([H])([H])[H])n([H])sc1=O,QM7,0.4783,0,0
[H]c1c(C([H])([H])[H])c(=O)sn1[H],QM7,0.5000,0,0
[H]c1c([H])n(C([H])([H])[H])sc1=O,QM7,0.5000,0,0
[H]c1c(C([H])([H])[H])sn([H])c1=O,QM7,0.5000,0,0
[H]c1sn([H])c(=O)c1C([H])([H])[H],QM7,0.5000,0,0
[H]c1sn(C([H])([H])[H])c(=O)c1[H],QM7,0.6207,0,0
[H]/N=c1/sn([H])c(C([H])([H])[H])c1[H],QM7,0.2692,0,0
[H]/N=c1/sn([H])c([H])c1C([H])([H])[H],QM7,0.4348,0,0
[H]c1c([H])n([H])s/c1=N\C([H])([H])[H],QM7,0.3226,0,0
[H]C1([H])ON=C(C([H])([H])[H])C([H])([H])O1,QM7,0.4545,0,0
[H]C1=NO[C@]([H])(C([H])([H])[H])OC1([H])[H],QM7,0.3929,0,0
[H]C1=NOC([H])([H])O[C@@]1([H])C([H])([H])[H],QM7,0.4400,0,0
[H]C1=NN=C(C([H])([H])[H])OC1([H])[H],QM7,0.4333,0,0
[H]C1=NN=C(C([H])([H])[H])C([H])([H])O1,QM7,0.4828,0,0
[H]C1=NN=C([H])[C@]([H])(C([H])([H])[H])O1,QM7,0.4000,0,0
[H]N1C(=O)C([H])([H])N=C1C([H])([H])[H],QM7,0.6207,0,0
[H]C1=N[C@]([H])(C([H])([H])[H])C(=O)N1[H],QM7,0.5200,0,0
[H]C1=NC([H])([H])C(=O)N1C([H])([H])[H],QM7,0.5556,0,0
[H]C1=NO[C@]([H])(C([H])([H])[H])C([H])([H])O1,QM7,0.4231,0,0
[H]C1=NOC([H])([H])[C@@]([H])(C([H])([H])[H])O1,QM7,0.4400,0,0
[H]C([H])([H])C1=NOC([H])([H])C([H])([H])O1,QM7,1.0000,1,0
[H]C1=NN([H])C(=O)[C@@]1([H])C([H])([H])[H],QM7,1.0000,1,0
[H]N1N=C(C([H])([H])[H])C([H])([H])C1=O,QM7,1.0000,1,0
[H]C1=NN(C([H])([H])[H])C(=O)C1([H])[H],QM7,0.5200,0,0
[H][N][C]1OC(C([H])([H])[H])=C([H])N1[H],QM7,0.4138,0,0
[H][N][C]1OC([H])=C(C([H])([H])[H])N1[H],QM7,0.4000,0,0
[H][N][C]1OC([H])=C([H])N1C([H])([H])[H],QM7,0.3871,0,0
[H]N1C(=O)O[C@@]([H])(C([H])([H])[H])C1([H])[H],QM7,1.0000,2,0
[H]N1C(=O)OC([H])([H])[C@]1([H])C([H])([H])[H],QM7,1.0000,1,1
[H]C([H])([H])N1C(=O)OC([H])([H])C1([H])[H],QM7,1.0000,1,0
[H]c1c(C([H])([H])[H])oc(=O)n1[H],QM7,0.5000,0,0
[H]c1oc(=O)n([H])c1C([H])([H])[H],QM7,0.5000,0,0
[H]c1oc(=O)n(C([H])([H])[H])c1[H],QM7,0.5185,0,0
[H][N][C]1O[C@@]([H])(C([H])([H])[H])C([H])([H])N1[H],QM7,0.5200,0,0
[H][N][C]1OC([H])([H])[C@]([H])(C([H])([H])[H])N1[H],QM7,0.5200,0,0
[H][N][C]1OC([H])([H])C([H])([H])N1C([H])([H])[H],QM7,0.5000,0,0
[H]C1=NC([H])([H])[C@]([H])(C([H])([H])[H])ON1[H],QM7,0.4231,0,0
[H]N1OC([H])([H])C([H])([H])N=C1C([H])([H])[H],QM7,0.4000,0,0
[H]C1=NC([H])([H])C([H])([H])ON1C([H])([H])[H],QM7,0.3704,0,0
[H]c1c(C([H])([H])[H])n([H])oc1=O,QM7,0.4800,0,0
[H]c1c(C([H])([H])[H])c(=O)on1[H],QM7,0.5172,0,0
[H]c1c([H])n(C([H])([H])[H])oc1=O,QM7,0.4194,0,0
[H]N1O[C@@]([H])(C([H])([H])[H])C([H])([H])C1=O,QM7,0.9500,0,1
[H]N1OC([H])([H])[C@]([H])(C([H])([H])[H])C1=O,QM7,0.9500,0,1
[H]C([H])([H])N1OC([H])([H])C([H])([H])C1=O,QM7,0.7273,0,0
[H]c1c(C([H])([H])[H])on([H])c1=O,QM7,0.6429,0,0
[H]c1on([H])c(=O)c1C([H])([H])[H],QM7,0.6207,0,0
[H]c1on(C([H])([H])[H])c(=O)c1[H],QM7,1.0000,1,0
[H]C1([H])OC([H])([H])[C@@]2([H])O[C@@]12[H],QM7,1.0000,1,0
[H]C([H])([H])[C@]12O[C@@]1([H])C([H])([H])OC2([H])[H],QM7,0.6667,0,0
[H]C([H])([H])[C@@]1([H])OC([H])([H])[C@@]2([H])O[C@@]12[H],QM7,0.6522,0,0
[H]C1([H])O[C@]1([H])[C@]1([H])OC1([H])[H],QM7,0.6154,0,0
[H]C([H])([H])[C@]1([C@]2([H])OC2([H])[H])OC1([H])[H],QM7,1.0000,1,0
[H]C([H])([H])[C@@]1([H])O[C@]1([H])[C@]1([H])OC1([H])[H],QM7,0.7500,0,0
[H]C1=C([H])OC([H])([H])C([H])([H])O1,QM7,1.0000,1,0
[H]C1=C(C([H])([H])[H])OC([H])([H])C([H])([H])O1,QM7,0.5455,0,0
[H]C1=C([H])O[C@]([H])(C([H])([H])[H])C([H])([H])O1,QM7,1.0000,1,0
[H]C1=NN=C([H])C1=C([H])[H],QM7,0.3750,0,0
[H]OC([H])=C1C([H])=NN=C1[H],QM7,0.3158,0,0
[H]C1=NN=C(C([H])([H])[H])C1=C([H])[H],QM7,0.3333,0,0
[H]N1C([H])([H])C([H])([H])N([H])C([H])([H])C1([H])[H],QM7,1.0000,2,0
[H]N1C([H])([H])C([H])([H])N(C([H])([H])[H])C([H])([H])C1([H])[H],QM7,1.0000,4,0
[H]N1C([H])([H])C([H])([H])N([H])[C@@]([H])(C([H])([H])[H])C1([H])[H],QM7,0.9375,0,0
[H]N1C([H])([H])S(=O)(=O)[C@@]1([H])C([H])([H])[H],QM7,0.4400,0,0
[H]C([H])([H])N1C([H])([H])S(=O)(=O)C1([H])[H],QM7,0.4706,0,0
[H]C([H])([H])[C@@]1([H])C([H])([H])OS1([O])[O],QM7,0.4000,0,0
[H]C([H])([H])[C@]1([H])OS([O])([O])C1([H])[H],QM7,0.5789,0,0
[H][N][C]1SC(C([H])([H])[H])=C([H])N1[H],QM7,0.3077,0,0
[H][N][C]1SC([H])=C(C([H])([H])[H])N1[H],QM7,0.4545,0,0
[H]N1C(=S)N([H])[C@@]([H])(C([H])([H])[H])C1([H])[H],QM7,1.0000,1,0
[H]N1C(=S)N(C([H])([H])[H])C([H])([H])C1([H])[H],QM7,0.6429,0,0
[H]C1=C([H])C([H])([H])O/C1=N/N([H])[H],QM7,0.6364,0,0
[H]O/N=C1/OC([H])([H])C([H])=C1[H],QM7,0.6364,0,0
[H]C1=C([H])/C(=N\N([H])[H])C([H])([H])O1,QM7,0.4000,0,0
[H]O/N=C1\C([H])=C([H])OC1([H])[H],QM7,0.6000,0,0
[H]N([H])/N=C1/C([H])([H])OC([H])([H])C1([H])[H],QM7,1.0000,1,0
[H]O/N=C1/C([H])([H])OC([H])([H])C1([H])[H],QM7,0.7273,0,0
[H]C1=C([H])C([H])([H])/C(=N/N([H])[H])O1,QM7,0.5357,0,0
[H]O/N=C1\OC([H])=C([H])C1([H])[H],QM7,0.5000,0,0
[H]N([H])/N=C1/OC([H])([H])C([H])([H])C1([H])[H],QM7,0.5652,0,0
[H]O/N=C1/OC([H])([H])C([H])([H])C1([H])[H],QM7,1.0000,1,0
[H][N][C]([H])N1OC([H])([H])C([H])=C1[H],QM7,0.4000,0,0
[H]C(=O)N1OC([H])([H])C([H])=C1[H],QM7,0.4000,0,0
[H][N][C]([H])N1OC([H])([H])C([H])([H])C1([H])[H],QM7,0.4615,0,0
[H]C(=O)N1OC([H])([H])C([H])([H])C1([H])[H],QM7,0.4615,0,0
[H]C1=NOC([H])([H])[C@@]([H])(C([H])([H])[H])N1[H],QM7,0.4231,0,0
[H]C1=NOC([H])([H])C([H])([H])N1C([H])([H])[H],QM7,0.3571,0,0
[H]/N=C1/N([H])OC([H])([H])[C@]1([H])C([H])([H])[H],QM7,0.4483,0,0
[H]N1OC([H])([H])C([H])([H])/C1=N\C([H])([H])[H],QM7,1.0000,1,0
[H]C1=NOC(=O)[C@@]1([H])C([H])([H])[H],QM7,0.3704,0,0
[H]C([H])([H])C1=NOC(=O)C1([H])[H],QM7,1.0000,1,0
[H]c1c(C([H])([H])[H])n([H])c(=O)n1[H],QM7,0.5909,0,0
[H]c1c([H])n(C([H])([H])[H])c(=O)n1[H],QM7,0.6957,0,0
[H]N1C(=O)N([H])[C@@]([H])(C([H])([H])[H])C1([H])[H],QM7,1.0000,3,0
[H]N1C(=O)N(C([H])([H])[H])C([H])([H])C1([H])[H],QM7,0.8095,0,0
[H]/N=c1/on([H])c(C([H])([H])[H])c1[H],QM7,0.2647,0,0
[H]/N=c1/on([H])c([H])c1C([H])([H])[H],QM7,0.3462,0,0
[H][N][C]1N([H])O[C@@]([H])(C([H])([H])[H])C1([H])[H],QM7,0.5000,0,0
[H][N][C]1N(C([H])([H])[H])OC([H])([H])C1([H])[H],QM7,0.4074,0,0
[H]C1=C([H])C([H])([H])C([H])([H])/C1=N/N([H])[H],QM7,0.5600,0,0
[H]O/N=C1\C([H])=C([H])C([H])([H])C1([H])[H],QM7,0.6957,0,0
[H]C1=C([H])C([H])([H])C(=NN([H])[H])C1([H])[H],QM7,0.4211,0,0
[H]ON=C1C([H])([H])C([H])=C([H])C1([H])[H],QM7,0.4167,0,0
[H]C1=C([H])C([H])=C([H])C1=NN([H])[H],QM7,0.3846,0,0
[H]ON=C1C([H])=C([H])C([H])=C1[H],QM7,0.4000,0,0
[H]N([H])N=C1C([H])([H])C([H])([H])C([H])([H])C1([H])[H],QM7,1.0000,1,0
[H]ON=C1C([H])([H])C([H])([H])C([H])([H])C1([H])[H],QM7,0.9286,0,0
[H]C1=C([H])C([H])([H])N([H])/C1=N/C([H])([H])[H],QM7,0.4643,0,0
[H]O/N=C1\C([H])=C([H])C([H])([H])N1[H],QM7,0.3704,0,0
[H]C1=C([H])OC([H])=C([H])O1,QM7,1.0000,1,0
[H]C1=C([H])OC(C([H])([H])[H])=C([H])O1,QM7,0.5625,0,0
[H]C1([H])OC([H])([H])C([H])([H])OC1([H])[H],QM7,1.0000,6,0
[H]C1([H])OC([H])([H])[C@]([H])(C([H])([H])[H])OC1([H])[H],QM7,1.0000,1,0
[H]C1([H])C([H])([H])C([H])([H])C2(C1([H])[H])C([H])([H])C2([H])[H],QM7,0.9000,0,0
[H]C([H])=C1C(=C([H])[H])C([H])([H])C([H])([H])C1([H])[H],QM7,0.6250,0,0
[H]C([H])=C1C([H])=C([H])C([H])([H])C1=C([H])[H],QM7,0.5652,0,0
[H]C([H])=C1C([H])=C([H])[C@@]2([H])C([H])([H])[C@@]12[H],QM7,0.5000,0,0
[H]C1([H])C([H])([H])C([H])(C2([H])C([H])([H])C2([H])[H])C1([H])[H],QM7,1.0000,1,0
[H]C([H])=C1C([H])([H])C([H])([H])[C@@]2([H])C([H])([H])[C@@]12[H],QM7,0.6522,0,0
[H]C1([H])C([H])([H])[C@]2([H])C([H])([H])C([H])([H])[C@@]2([H])C1([H])[H],QM7,1.0000,1,0
[H]C([H])=C1C([H])([H])[C@@]2([H])C([H])([H])[C@@]2([H])C1([H])[H],QM7,0.5556,0,0
[H]C([H])=C1C([H])([H])[C@]2([H])C([H])([H])[C@@]1([H])C2([H])[H],QM7,0.5909,0,0
[H]C1([H])C([H])([H])[C@]2([H])C([H])([H])[C@]([H])(C1([H])[H])C2([H])[H],QM7,0.9091,0,0
[H]C1=C([H])C([H])([H])C([H])([H])C([H])([H])C([H])([H])C1([H])[H],QM7,1.0000,21,0
[H]C1=NN([H])C([H])([H])C(=C([H])[H])C1([H])[H],QM7,0.4074,0,0
[H]C1=C([H])C([H])([H])C([H])([H])C([H])=C([H])C1([H])[H],QM7,1.0000,6,0
[H]C1=NN2C([H])([H])[C@@]2([H])C1=C([H])[H],QM7,0.3243,0,0
[H]C1=C([H])C([H])([H])C([H])([H])C([H])([H])C([H])=C1[H],QM7,0.9091,0,0
[H]/N=C1/N([H])C([H])([H])C(=C([H])[H])C1([H])[H],QM7,0.3462,0,0
[H]C1=NC([H])([H])C(=C([H])[H])C([H])([H])N1[H],QM7,0.4483,0,0
[H]C1=C([H])C([H])=C([H])C([H])([H])C([H])=C1[H],QM7,1.0000,8,0
[H]C([H])=C1C([H])=C([H])C([H])([H])N([H])C1([H])[H],QM7,0.3704,0,0
[H]C1=C([H])C([H])([H])[C@@]2([H])C([H])([H])[C@]2([H])C1([H])[H],QM7,0.6111,0,0
[H]C([H])=C1C(=C([H])[H])C([H])([H])N([H])C1([H])[H],QM7,0.5000,0,0
[H]C([H])=C1C([H])([H])N([H])[C@@]2([H])C([H])([H])[C@@]12[H],QM7,0.3793,0,0
[H]C1=C([H])[C@]2([H])C([H])([H])[C@]([H])(C1([H])[H])C2([H])[H],QM7,0.6250,0,0
[H]C1=C([H])[C@]2([H])C([H])([H])C([H])([H])[C@]2([H])C1([H])[H],QM7,1.0000,1,0
[H]C([H])=C1C([H])([H])N2C([H])([H])C1([H])C2([H])[H],QM7,0.6087,0,0
[H]C1=C([H])[C@]2([H])C([H])([H])[C@]2([H])C([H])([H])C1([H])[H],QM7,1.0000,1,0
[H]C1=C([H])[C@]2([H])C([H])([H])C([H])([H])[C@@]1([H])C2([H])[H],QM7,0.8462,0,0
[H]C1=NN([H])C([H])([H])C([H])([H])C1=C([H])[H],QM7,0.3448,0,0
[H]C1=NN=C([H])C([H])([H])C1=C([H])[H],QM7,0.3846,0,0
[H]C1=C([H])C([H])([H])C2(C1([H])[H])C([H])([H])C2([H])[H],QM7,0.6667,0,0
[H]N1C(=S)N([H])C([H])([H])C([H])([H])C1([H])[H],QM7,0.8667,0,0
[H]C1=C([H])C([H])([H])N([H])C(=S)N1[H],QM7,0.5000,0,0
[H]N1C(=S)N2C([H])([H])[C@]2([H])C1([H])[H],QM7,0.4211,0,0
[H]N1C(=S)N([H])[C@]2([H])C([H])([H])[C@]12[H],QM7,0.5789,0,0
[H]C1=C([H])S([O])([O])OC1([H])[H],QM7,0.3667,0,0
[H]C1=C([H])S(=O)(=O)N([H])C1([H])[H],QM7,0.4667,0,0
[H]C1([H])OC([H])([H])S(=O)(=O)C1([H])[H],QM7,0.5238,0,0
[H]N1C([H])([H])C([H])([H])S(=O)(=O)C1([H])[H],QM7,1.0000,1,0
[H]C1([H])OS([O])([O])C([H])([H])C1([H])[H],QM7,0.5000,0,0
[H]C1=C([H])C([H])([H])S([O])([O])O1,QM7,0.2727,0,0
[H]N1C([H])([H])C([H])([H])C([H])([H])S1(=O)=O,QM7,0.8235,0,0
[H]C1=C([H])C([H])([H])S(=O)(=O)N1[H],QM7,0.3333,0,0
[H]C1=NS(=O)(=O)C([H])=C1[H],QM7,0.7778,0,0
[H]C1([H])C([H])([H])C([H])([H])S(=O)(=O)C1([H])[H],QM7,1.0000,1,0
[H]C1=C([H])S(=O)(=O)C([H])([H])C1([H])[H],QM7,0.4737,0,0
[H]C1=C([H])C([H])([H])S(=O)(=O)C1([H])[H],QM7,0.9167,0,0
[H]C1=C([H])S(=O)(=O)C([H])=C1[H],QM7,0.7000,0,0
[H]C1([H])C([H])([H])[C@]2([H])C([H])([H])C([H])([H])[C@@]1([H])C2([H])[H],QM7,0.8000,0,0
[H]C1=C([H])[C@@]2([H])C([H])([H])[C@@]2([H])C([H])=C1[H],QM7,1.0000,1,0
[H]C1=NC([H])([H])C([H])([H])C(=C([H])[H])N1[H],QM7,0.5200,0,0
[H]/N=c1/c([H])c([H])sn1C([H])([H])[H],QM7,0.6957,0,0
[H]C1=C([H])[C@]2([H])C([H])=C([H])[C@@]1([H])C2([H])[H],QM7,0.9000,0,0
[H]C([H])=C1C([H])([H])C([H])([H])N([H])C([H])([H])C1([H])[H],QM7,0.9286,0,0
[H]C([H])([H])[C@@]1([H])OC([H])([H])S1(=O)=O,QM7,0.4348,0,0
[H]/N=C1\C(=C([H])[H])C([H])([H])C([H])([H])N1[H],QM7,0.4231,0,0
[H]C([H])=C1N([H])C(=S)N([H])C1([H])[H],QM7,0.5238,0,0
[H]C([H])=C1C([H])([H])C([H])([H])N2C([H])([H])[C@@]12[H],QM7,0.4444,0,0
[H][C]1S[N][C]2OC([H])([H])[C]21,QM7,0.2500,0,0
[H]c1snc2c1OC2([H])[H],QM7,0.4000,0,0
[H]c1sc([H])c2c1OC2([H])[H],QM7,0.5000,0,0
[H]c1snc2c1C([H])([H])N2[H],QM7,0.4643,0,0
[H]c1snc2c1N([H])C2([H])[H],QM7,0.4643,0,0
[H]c1sc([H])c2c1N([H])C2([H])[H],QM7,0.6296,0,0
[H]C1([H])c2nsnc2C1([H])[H],QM7,0.4500,0,0
[H]c1snc2c1C([H])([H])C2([H])[H],QM7,0.6957,0,0
[H]c1sc([H])c2c1C([H])([H])C2([H])[H],QM7,0.5217,0,0
[H]O/N=C1\C([H])=C([H])N([H])C1([H])[H],QM7,0.3929,0,0
[H]O/N=C1/C([H])([H])N([H])C([H])([H])C1([H])[H],QM7,0.9474,0,0
[H]C(=O)N1C([H])=C([H])C([H])([H])N1[H],QM7,0.4074,0,0
[H]C(=O)N1N([H])C([H])([H])C([H])([H])C1([H])[H],QM7,0.8095,0,0
[H][N][C]1N([H])C(=C([H])[H])C([H])([H])C1([H])[H],QM7,0.4000,0,0
[H]O[C]([H])C1=NN=C([H])[C]1[H],QM7,0.2333,0,0
[H]N1[C@@]2([H])C(=O)OC([H])([H])[C@@]12[H],QM7,0.4074,0,0
[H]C1([H])OC(=O)N2C([H])([H])[C@@]21[H],QM7,0.6296,0,0
[H]C1=C([H])C([H])([H])ON([H])C1=O,QM7,0.6250,0,0
[H]C([H])=C1C([H])([H])N([H])C([H])([H])C([H])([H])C1([H])[H],QM7,0.8095,0,0
[H]N1O[C@@]2([H])C([H])([H])[C@@]2([H])C1=O,QM7,0.6071,0,0
[H]C1=C([H])C([H])([H])N([H])N([H])C1=O,QM7,0.5833,0,0
[H]N1C(=O)[C@]2([H])C([H])([H])[C@]2([H])N1[H],QM7,0.5600,0,0
[H]C1=C([H])C(=O)N([H])C1=O,QM7,0.9167,0,0
[H]C1=C([H])C([H])([H])OC(=O)N1[H],QM7,0.5000,0,0
[H]N1C(=O)OC([H])([H])C([H])([H])C1([H])[H],QM7,0.9000,0,0
[H]C1=C([H])C([H])([H])N([H])C(=O)N1[H],QM7,0.9444,0,0
[H]N1C(=O)N([H])C([H])([H])C([H])([H])C1([H])[H],QM7,0.8125,0,0
[H]C1=C([H])C([H])([H])C([H])([H])N([H])C1=O,QM7,1.0000,1,0
[H]C1=C([H])N([H])C(=O)C1=O,QM7,0.6818,0,0
[H]N1C(=O)[C@]2([H])O[C@]2([H])C1([H])[H],QM7,0.5769,0,0
[H]N1C(=O)[C@]2([H])N([H])[C@]2([H])C1([H])[H],QM7,0.4800,0,0
[H]N1C(=O)N2C([H])([H])[C@]2([H])C1([H])[H],QM7,0.6154,0,0
[H]N1C(=O)[C@]2([H])C([H])([H])[C@]2([H])C1([H])[H],QM7,0.5926,0,0
[H]N1C(=O)O[C@@]2([H])C([H])([H])[C@@]12[H],QM7,0.8571,0,0
[H]N1C(=O)N([H])[C@]2([H])C([H])([H])[C@]12[H],QM7,0.5500,0,0
[H]N1C(=O)[C@]2([H])C([H])([H])[C@@]1([H])C2([H])[H],QM7,0.7273,0,0
[H]C1=NOC([H])([H])C(=O)C1([H])[H],QM7,0.3846,0,0
[H]C1=C([H])N([H])C(=O)C([H])([H])O1,QM7,1.0000,1,0
[H]N1C(=O)C([H])([H])OC([H])([H])C1([H])[H],QM7,0.9474,0,0
[H]C1=NN([H])C([H])([H])C(=O)C1([H])[H],QM7,0.4231,0,0
[H]C1=NN2C([H])([H])[C@@]2([H])C1=O,QM7,0.3750,0,0
[H]N1C(=O)C([H])([H])C(=O)C1([H])[H],QM7,0.5294,0,0
[H]C1=NC([H])([H])C(=O)C([H])([H])N1[H],QM7,0.4815,0,0
[H]N1C([H])([H])C(=O)OC([H])([H])C1([H])[H],QM7,0.8571,0,0
[H]N1C(=O)C([H])([H])N([H])C([H])([H])C1([H])[H],QM7,1.0000,1,0
[H]C1=C([H])C([H])([H])N([H])C([H])([H])C1=O,QM7,0.4444,0,0
[H]N1C([H])([H])C(=O)[C@]2([H])C([H])([H])[C@]12[H],QM7,0.6538,0,0
[H]C1([H])C(=O)C2([H])C([H])([H])N1C2([H])[H],QM7,0.5909,0,0
[H]C1=NOC([H])([H])C([H])([H])C1=O,QM7,0.4286,0,0
[H]c1onc([H])c(=O)c1[H],QM7,0.5455,0,0
[H]C1=NN([H])C([H])([H])C([H])([H])C1=O,QM7,0.4000,0,0
[H]c1nn([H])c([H])c([H])c1=O,QM7,0.6429,0,0
[H]C1=NC([H])([H])C([H])([H])C(=O)N1[H],QM7,0.5200,0,0
[H]C1=C([H])N([H])C([H])([H])C([H])([H])C1=O,QM7,1.0000,1,0
[H]N1C([H])([H])C([H])([H])C(=O)C([H])([H])C1([H])[H],QM7,0.9286,0,0
[H]N1C(=O)C(=O)C([H])([H])C1([H])[H],QM7,0.7143,0,0
[H]C1=C([H])N2C([H])([H])[C@@]2([H])C1=O,QM7,0.4595,0,0
[H]C1([H])C(=O)[C@@]2([H])N(C1([H])[H])C2([H])[H],QM7,0.5600,0,0
[H]N1C(=O)C([H])([H])C([H])([H])C1=O,QM7,1.0000,3,0
[H]N1OC([H])([H])C([H])([H])C([H])([H])C1=O,QM7,0.6667,0,0
[H]C1=NOC(=O)C([H])([H])C1([H])[H],QM7,0.4074,0,0
[H]c1noc(=O)c([H])c1[H],QM7,0.4286,0,0
[H]C1=NN([H])C(=O)C([H])([H])C1([H])[H],QM7,0.7200,0,0
[H]N1C(=O)C([H])([H])C([H])([H])C([H])([H])N1[H],QM7,0.7391,0,0
[H]N1C([H])([H])C(=O)C([H])([H])C([H])([H])C1([H])[H],QM7,0.8947,0,0
[H]C1=C([H])C([H])([H])C([H])([H])C(=O)N1[H],QM7,0.5217,0,0
[H]C1=C([H])C([H])([H])N([H])C(=O)C1([H])[H],QM7,1.0000,2,0
[H]N1C(=O)C([H])([H])C([H])([H])C([H])([H])C1([H])[H],QM7,0.9412,0,0
[H]C1=C([H])[C@]2([H])N([H])[C@]2([H])C1=O,QM7,0.4091,0,0
[H]N1[C@@]2([H])C(=O)C([H])([H])C([H])([H])[C@@]12[H],QM7,0.7273,0,0
[H]C1=C([H])[C@]2([H])N(C1=O)C2([H])[H],QM7,0.5556,0,0
[H]C1([H])C(=O)N2C([H])([H])[C@]2([H])C1([H])[H],QM7,1.0000,1,0
[H]N1[C@@]2([H])C([H])([H])C(=O)C([H])([H])[C@@]12[H],QM7,0.5200,0,0
[H]N1C(=O)C([H])([H])[C@@]2([H])N1C2([H])[H],QM7,1.0000,1,0
[H]C1([H])C(=O)C([H])([H])[C@@]2([H])N1C2([H])[H],QM7,0.7000,0,0
[H]N1C(=O)C([H])([H])[C@]2([H])C([H])([H])[C@]12[H],QM7,0.9000,0,0
[H]N1[C@@]2([H])C([H])([H])C(=O)[C@]1([H])C2([H])[H],QM7,0.5833,0,0
[H]C1=C([H])[C@@]2([H])C(=O)[C@]1([H])N2[H],QM7,0.3889,0,0
[H]N1C([H])([H])[C@]2([H])C(=O)[C@@]1([H])C2([H])[H],QM7,0.4286,0,0
[H]N1[C@]2([H])C(=O)[C@@]1([H])C([H])([H])C2([H])[H],QM7,0.5789,0,0
[H]C1=NN=C([H])C([H])=C([H])O1,QM7,0.4231,0,0
[H]C1=NN=C([H])[C@@]2([H])O[C@@]12[H],QM7,0.3684,0,0
[H]C([H])=C1C([H])=C([H])[C@]2([H])N([H])[C@]12[H],QM7,0.4286,0,0
[H]C([H])=C1C([H])([H])C([H])([H])[C@@]2([H])N([H])[C@@]12[H],QM7,0.7273,0,0
[H]C([H])=C1C([H])([H])[C@]2([H])N([H])[C@]2([H])C1([H])[H],QM7,0.5000,0,0
[H][N][C]1OC([H])([H])[C@]2([H])N1C2([H])[H],QM7,0.3636,0,0
[H]C1([H])C([H])([H])C1([H])C([H])([H])C1([H])C([H])([H])C1([H])[H],QM7,0.8182,0,0
[H]/N=C1/C([H])=C([H])C([H])([H])ON1[H],QM7,0.3548,0,0
[H]/N=C1/N([H])O[C@@]2([H])C([H])([H])[C@@]12[H],QM7,0.2973,0,0
[H]/N=C1/C([H])=C([H])C(=O)N1[H],QM7,0.4783,0,0
[H][N][C]1OC([H])([H])C([H])=C([H])N1[H],QM7,0.5000,0,0
[H][N][C]1OC([H])([H])C([H])([H])C([H])([H])N1[H],QM7,0.4615,0,0
[H][N][C]1C(=O)C([H])([H])C([H])([H])N1[H],QM7,0.4400,0,0
[H][N][C]1C(=O)C([H])=C([H])N1[H],QM7,0.4400,0,0
[H]/N=C1/N([H])C([H])([H])[C@@]2([H])O[C@@]12[H],QM7,0.3939,0,0
[H][N][C]1O[C@@]2([H])C([H])([H])[C@@]2([H])N1[H],QM7,0.4444,0,0
[H]/N=C1/N([H])C([H])=C([H])OC1([H])[H],QM7,0.4643,0,0
[H][N][C]1N([H])C([H])([H])C([H])([H])OC1([H])[H],QM7,0.4800,0,0
[H]C([H])=C1C([H])([H])N2C([H])([H])[C@@]2([H])C1([H])[H],QM7,0.6154,0,0
[H]/N=C1\N([H])C([H])([H])C(=O)C1([H])[H],QM7,0.4231,0,0
[H]C([H])=C1C([H])([H])[C@]2([H])N([H])[C@@]1([H])C2([H])[H],QM7,0.5833,0,0
[H][N]C1=C([H])[C]([H])N([H])C1=O,QM7,0.2917,0,0
[H]/N=C1\N([H])C(=O)C([H])([H])C1([H])[H],QM7,0.5000,0,0
[H]/N=C1\N([H])OC([H])([H])C([H])([H])C1([H])[H],QM7,0.3793,0,0
[H]C1=NN([H])C([H])([H])C([H])=C([H])C1([H])[H],QM7,0.4400,0,0
[H]c1o/c(=N/C([H])([H])[H])n([H])c1[H],QM7,0.3846,0,0
[H]N(C1=NC([H])([H])C([H])([H])O1)C([H])([H])[H],QM7,0.5833,0,0
[H]N1/C(=N\C([H])([H])[H])OC([H])([H])C1([H])[H],QM7,0.4828,0,0
[H]C1=NN([H])C([H])([H])[C@@]2([H])C([H])([H])[C@@]12[H],QM7,0.4400,0,0
[H]C1=NC([H])([H])C([H])=C([H])C([H])([H])N1[H],QM7,0.4167,0,0
[H][C]1C([H])=C([N]C([H])([H])[H])ON1[H],QM7,0.2258,0,0
[H]C1=NC([H])([H])[C@@]2([H])C([H])([H])[C@]2([H])N1[H],QM7,0.5000,0,0
[H][N]C1=C([H])[C]([H])ON1C([H])([H])[H],QM7,0.2727,0,0
[H]C1=C([H])C([H])([H])N([H])C([H])([H])C([H])=C1[H],QM7,0.6667,0,0
[H]N1C([H])([H])[C@]2([H])C([H])([H])N([H])[C@@]2([H])C1([H])[H],QM7,1.0000,1,0
[H]N1C([H])([H])[C@]2([H])N([H])[C@]([H])(C1([H])[H])C2([H])[H],QM7,0.9231,0,0
[H]N1C([H])([H])[C@]2([H])C([H])([H])[C@]([H])(C1([H])[H])C2([H])[H],QM7,0.9167,0,0
[H]N1C([H])([H])C([H])([C@@]2([H])N([H])C2([H])[H])C1([H])[H],QM7,0.8667,0,0
[H]c1c2c(c([H])n1[H])C([H])([H])N2[H],QM7,0.4500,0,0
[H]N1C([H])([H])[C@@]2([H])N([H])C([H])([H])[C@]1([H])C2([H])[H],QM7,0.6111,0,0
[H]C1=C([H])[C@]2([H])C([H])([H])N([H])[C@]2([H])C1([H])[H],QM7,0.5833,0,0
[H]C1=C([H])[C@]2([H])N([H])C([H])([H])[C@]2([H])C1([H])[H],QM7,0.4800,0,0
[H]C1=C([H])[C@]2([H])C([H])([H])[C@]2([H])N([H])C1([H])[H],QM7,0.4167,0,0
[H]C1=C([H])[C@]2([H])N([H])C([H])([H])[C@@]1([H])C2([H])[H],QM7,0.8947,0,0
[H]N1C([H])([H])[C@]1([H])C([H])([H])[C@]1([H])N([H])C1([H])[H],QM7,0.6250,0,0
[H]C1=C([H])C([H])([H])C2(N([H])C2([H])[H])C1([H])[H],QM7,0.4091,0,0
[H]C1=NN([H])[C@@]2([H])C([H])([H])[C@]2([H])C1([H])[H],QM7,0.4400,0,0
[H]N1C([H])([H])C([H])([H])N([H])C([H])([H])C([H])([H])C1([H])[H],QM7,1.0000,3,0
[H]C1=C([H])C([H])([H])C([H])([H])C([H])([H])N([H])C1([H])[H],QM7,0.8421,0,0
[H]N1C([H])([H])C([H])([H])N([H])[C@]2([H])C([H])([H])[C@]12[H],QM7,1.0000,1,0
[H]N1C([H])([H])C([H])([H])C([H])([H])[C@@]2([H])C([H])([H])[C@@]12[H],QM7,0.8421,0,0
[H]N1C([H])([H])C([H])([H])C([H])([H])C12C([H])([H])C2([H])[H],QM7,0.8125,0,0
[H]C1([H])N(C2([H])C([H])([H])C2([H])[H])C([H])([H])C1([H])[H],QM7,0.8000,0,0
[H]C1=NN2C([H])([H])C([H])([H])[C@]2([H])C1([H])[H],QM7,0.6250,0,0
[H][C]1[C]2N(N=C1[H])C([H])([H])C2([H])[H],QM7,0.2857,0,0
[H]C1=NC([H])([H])[C@]2([H])N1C([H])([H])C2([H])[H],QM7,0.5200,0,0
[H][C]1C([H])=N[C]2N1C([H])([H])C2([H])[H],QM7,0.2778,0,0
[H]C1=C([H])[C@@]2([H])N(C1([H])[H])C([H])([H])C2([H])[H],QM7,0.7273,0,0
[H][C]1C([H])=C([H])[C]2N1C([H])([H])C2([H])[H],QM7,0.2857,0,0
[H]N1C([H])([H])C([H])([H])N2C([H])([H])C1([H])C2([H])[H],QM7,0.5455,0,0
[H]C1([H])N2C([H])([H])C([H])([H])C([H])(C2([H])[H])C1([H])[H],QM7,1.0000,1,0
[H]N1C([H])([H])C([H])([H])N2C([H])([H])[C@]2([H])C1([H])[H],QM7,0.7826,0,0
[H]C1=C([H])[C@@]2([H])N(C([H])([H])C1([H])[H])C2([H])[H],QM7,0.4828,0,0
[H]N1C([H])([H])[C@]1([H])C([H])([H])N1C([H])([H])C1([H])[H],QM7,1.0000,1,0
[H]N1C([H])([H])C([H])(N2C([H])([H])C2([H])[H])C1([H])[H],QM7,0.7368,0,0
[H]C1=NN=C([H])C([H])([H])C([H])([H])C1([H])[H],QM7,0.4762,0,0
[H]C1=NC([H])([H])C([H])([H])C([H])([H])C([H])([H])N1[H],QM7,0.8333,0,0
[H]C1([H])N2C([H])([H])[C@]2([H])C([H])([H])C([H])([H])C1([H])[H],QM7,1.0000,1,0
[H]N1C([H])([H])[C@@]1([H])[C@]1([H])N([H])C([H])([H])C1([H])[H],QM7,0.6154,0,0
[H]N1C([H])([H])C([H])([H])[C@]1([H])C1([H])C([H])([H])C1([H])[H],QM7,0.9286,0,0
[H]C1=NN([H])C([H])([H])C([H])([H])C([H])([H])C1([H])[H],QM7,0.6111,0,0
[H]C1=NN=C([H])C([H])([H])C([H])=C1[H],QM7,0.4783,0,0
[H]N1C([H])([H])C([H])([H])C([H])([H])C([H])([H])C([H])([H])C1([H])[H],QM7,1.0000,19,0
[H]C1=C([H])C([H])([H])[C@]2([H])N(C1([H])[H])C2([H])[H],QM7,1.0000,1,0
[H]C1=NN([H])C([H])([H])C([H])([H])C([H])=C1[H],QM7,0.5000,0,0
[H]C1=C([H])C([H])([H])C([H])([H])N([H])C([H])([H])C1([H])[H],QM7,1.0000,1,0
[H]C1=C([H])C([H])([H])[C@@]2([H])N([H])[C@]2([H])C1([H])[H],QM7,0.6111,0,0
[H]C1([H])[C@]2([H])C([H])([H])[C@]3([H])[C@@]1([H])[C@]3([H])C2([H])[H],QM7,1.0000,1,0
[H]N1[C@@]2([H])C([H])([H])C([H])([H])C([H])([H])C([H])([H])[C@]12[H],QM7,1.0000,5,0
[H]C1=C([H])C2([H])C([H])([H])N(C1([H])[H])C2([H])[H],QM7,0.5600,0,0
[H]C1=C([H])[C@]2([H])N([H])[C@]([H])(C1([H])[H])C2([H])[H],QM7,0.6667,0,0
[H]N1C([H])([H])C12C([H])([H])C([H])([H])C([H])([H])C2([H])[H],QM7,0.8571,0,0
[H]C1([H])N(C2([H])C([H])([H])C([H])([H])C2([H])[H])C1([H])[H],QM7,0.7500,0,0
[H]N1C([H])([H])[C@@]1([H])C1([H])C([H])([H])C([H])([H])C1([H])[H],QM7,1.0000,1,0
[H]c1nn([H])c2c1C([H])([H])C2([H])[H],QM7,0.6957,0,0
[H]C1=N[C@]2([H])C([H])([H])C([H])([H])[C@]2([H])N1[H],QM7,0.6957,0,0
[H]N1C([H])([H])[C@@]2([H])N([H])C([H])([H])C([H])([H])[C@]12[H],QM7,0.6842,0,0
[H]N1C([H])([H])C([H])([H])[C@@]2([H])N([H])[C@@]2([H])C1([H])[H],QM7,0.5455,0,0
[H]C1=C([H])[C@]2([H])N([H])[C@]2([H])C([H])([H])C1([H])[H],QM7,0.5238,0,0
[H]C1=C([H])[C@]2([H])N([H])[C@@]1([H])C([H])([H])C2([H])[H],QM7,0.9231,0,0
[H]C1=NN([H])[C@@]2([H])C([H])([H])C([H])([H])[C@@]12[H],QM7,0.6154,0,0
[H]c1c2c(c([H])n1[H])C([H])([H])C2([H])[H],QM7,0.7333,0,0
[H]N1C([H])([H])[C@]2([H])C([H])([H])C([H])([H])[C@@]2([H])C1([H])[H],QM7,1.0000,1,0
[H]N1C([H])([H])[C@@]2([H])C([H])([H])C([H])([H])C([H])([H])[C@]12[H],QM7,1.0000,1,0
[H]C1([H])N2C([H])([H])C([H])(C2([H])[H])C([H])([H])C1([H])[H],QM7,0.9375,0,0
[H]C1=NN2C([H])([H])[C@]2([H])C([H])([H])C1([H])[H],QM7,0.6250,0,0
[H]C1=NC([H])([H])C([H])([H])[C@]2([H])N1C2([H])[H],QM7,0.5556,0,0
[H]N1C([H])([H])C([H])([H])[C@@]2(N([H])C2([H])[H])C1([H])[H],QM7,0.7222,0,0
[H]C1([H])N2C([H])([H])C([H])([H])[C@@]2([H])C([H])([H])C1([H])[H],QM7,0.8824,0,0
[H]N1C([H])([H])C([H])([H])[C@]2([H])C([H])([H])[C@@]1([H])C2([H])[H],QM7,0.9375,0,0
[H]N1C([H])([H])C([H])([H])[C@]2([H])C([H])([H])C([H])([H])[C@@]12[H],QM7,0.7059,0,0
[H]N1[C@@]2([H])C([H])([H])C([H])([H])C([H])([H])[C@]1([H])C2([H])[H],QM7,0.8462,0,0
[H]N1[C@]2([H])C([H])([H])C([H])([H])[C@@]1([H])C([H])([H])C2([H])[H],QM7,0.7500,0,0
[H]N1C([H])([H])C([H])([H])C2(C1([H])[H])C([H])([H])C2([H])[H],QM7,0.8667,0,0
[H]C1=NOC([H])([H])OC1=C([H])[H],QM7,0.3125,0,0
[H]C1=NN=C([H])C(=C([H])[H])O1,QM7,0.2778,0,0
[H]N1C([H])([H])C([H])([H])[C@@]2([H])C([H])([H])[C@@]2([H])C1([H])[H],QM7,1.0000,1,0
[H]N1C([H])([H])[C@]2([H])C([H])([H])C([H])([H])[C@@]1([H])C2([H])[H],QM7,0.8421,0,0
[H]C([H])=C1OC([H])([H])[C@@]2([H])N([H])[C@@]12[H],QM7,0.3448,0,0
[H]N(C1([H])C([H])([H])C1([H])[H])C1([H])C([H])([H])C1([H])[H],QM7,0.6667,0,0
[H]C1([H])N(C([H])([H])C2([H])C([H])([H])C2([H])[H])C1([H])[H],QM7,0.7647,0,0
[H]N1C([H])([H])[C@]1([H])C([H])([H])C1([H])C([H])([H])C1([H])[H],QM7,1.0000,1,0
[H]C1=NN=C(C([H])([H])[H])C1=O,QM7,0.4231,0,0
[H]N1C([H])([H])C([H])(C2([H])C([H])([H])C2([H])[H])C1([H])[H],QM7,0.7692,0,0
[H]C([H])=C1OC([H])([H])C(=O)N1[H],QM7,0.5833,0,0
[H]C1=NC([H])([H])C2(N1[H])C([H])([H])C2([H])[H],QM7,0.8000,0,0
[H]C([H])=C1C([H])=C([H])C(=O)N1[H],QM7,0.9412,0,0
[H]C1=NN([H])C2(C1([H])[H])C([H])([H])C2([H])[H],QM7,0.8000,0,0
[H]/N=C1/N([H])C(=C([H])[H])OC1([H])[H],QM7,0.3243,0,0
[H]N1[C@@]2([H])C([H])([H])[C@@]2([H])[C@]2([H])C([H])([H])[C@@]12[H],QM7,0.5556,0,0
[H]N1[C@]2([H])[C@]3([H])N([H])[C@]3([H])C([H])([H])[C@]12[H],QM7,0.6364,0,0
[H]N1[C@@]2([H])[C@]1([H])C([H])([H])N1C([H])([H])[C@@]12[H],QM7,0.4400,0,0
[H]N1[C@@]2([H])[C@]1([H])[C@]1([H])N([H])[C@@]2([H])C1([H])[H],QM7,0.6364,0,0
[H]C1=NOC([H])([H])C(=C([H])[H])O1,QM7,0.3000,0,0
[H]C1=NOC([H])([H])C(=C([H])[H])N1[H],QM7,0.3929,0,0
[H]C1=NOC([H])([H])C(=C([H])[H])C1([H])[H],QM7,0.3704,0,0
[H]C([H])=C1C(=O)N([H])OC1([H])[H],QM7,0.5000,0,0
[H]/N=C1\C(=C([H])[H])C([H])([H])ON1[H],QM7,0.3000,0,0
[H]N1[C@@]2([H])C([H])([H])[C@]1([H])[C@]1([H])C([H])([H])[C@@]12[H],QM7,0.6364,0,0
[H]C([H])=C1N([H])C(=O)OC1([H])[H],QM7,1.0000,1,0
[H]C1=NN=C([H])[C@]2([H])C([H])([H])[C@]12[H],QM7,0.3600,0,0
[H][N][C]1OC([H])([H])C(=C([H])[H])N1[H],QM7,0.5000,0,0
[H]C1([H])N2C([H])([H])[C@@]2([H])[C@]2([H])C([H])([H])[C@]12[H],QM7,0.5000,0,0
[H]C1=NN2C([H])([H])[C@]2([H])C([H])=C1[H],QM7,0.3143,0,0
[H]C1=NOC(=O)C1=C([H])[H],QM7,0.3704,0,0
[H]C1([H])N2[C@@]3([H])C([H])([H])[C@]1([H])C([H])([H])[C@@]23[H],QM7,0.4211,0,0
[H]C1=NN([H])C([H])([H])C(=C([H])[H])O1,QM7,0.3333,0,0
[H]C([H])=C1C(=O)N([H])N([H])C1([H])[H],QM7,0.4400,0,0
[H]C1=NN([H])C(=O)C1=C([H])[H],QM7,0.4545,0,0
[H]N1[C@@]2([H])C([H])([H])[C@@]3([H])[C@]1([H])[C@@]3([H])C2([H])[H],QM7,0.4762,0,0
[H]C1([H])N2[C@]1([H])C([H])([H])[C@@]1([H])C([H])([H])[C@@]21[H],QM7,0.5000,0,0
[H]C([H])=C1N([H])C(=O)N([H])C1([H])[H],QM7,0.5909,0,0
[H]C([H])=C1C([H])([H])C(=O)N([H])C1([H])[H],QM7,0.4783,0,0
[H]N1[C@]2([H])[C@]3([H])C([H])([H])[C@]3([H])C([H])([H])[C@]12[H],QM7,0.4800,0,0
[H]C([H])=C1OC([H])([H])C([H])([H])N([H])C1([H])[H],QM7,0.4444,0,0
[H]C1=N[C@]2([H])C([H])([H])[C@]([H])(N1[H])C2([H])[H],QM7,0.3571,0,0
[H]C([H])=C1C(=O)C([H])([H])N([H])C1([H])[H],QM7,0.5263,0,0
[H]C1([H])N2[C@]3([H])C([H])([H])[C@@]([H])(C3([H])[H])[C@@]21[H],QM7,0.5000,0,0
[H]C1=NN([H])[C@]2([H])C([H])([H])[C@@]1([H])C2([H])[H],QM7,0.3704,0,0
[H]C1=NOC([H])([H])C([H])([H])C1=C([H])[H],QM7,0.3793,0,0
[H]N1[C@@]2([H])[C@]3([H])C([H])([H])[C@@]([H])(C3([H])[H])[C@@]12[H],QM7,0.7143,0,0
[H]C1([H])N2C([H])([H])C1([H])[C@]1([H])C([H])([H])[C@]21[H],QM7,0.4444,0,0
[H]C1([H])N2C([H])([H])[C@]3([H])[C@@]1([H])[C@]3([H])C2([H])[H],QM7,0.4286,0,0
[H]C([H])=C1C(=O)N([H])C([H])([H])C1([H])[H],QM7,1.0000,1,0
[H]C([H])=C1C(=O)N([H])C([H])=C1[H],QM7,0.4400,0,0
[H]C([H])=C1N([H])C(=O)C([H])([H])C1([H])[H],QM7,0.8421,0,0
[H]C1=NOC([H])([H])C([H])=C([H])O1,QM7,0.5833,0,0
[H]C1=NOC([H])([H])C([H])=C([H])N1[H],QM7,0.4400,0,0
[H]C1=NOC([H])([H])[C@]2([H])N1C2([H])[H],QM7,0.3214,0,0
[H]C1=NOC([H])([H])C([H])=C([H])C1([H])[H],QM7,0.3913,0,0
[H]C1=NOC([H])([H])[C@@]2([H])O[C@@]12[H],QM7,0.4400,0,0
[H]C1=NOC([H])([H])[C@@]2([H])N([H])[C@@]12[H],QM7,0.4231,0,0
[H]C1=NOC([H])([H])[C@@]2([H])C([H])([H])[C@@]12[H],QM7,0.4400,0,0
[H]C1=NN2C([H])([H])[C@]2([H])C([H])([H])O1,QM7,0.5333,0,0
[H]C1=NN=C([H])C([H])([H])OC1([H])[H],QM7,0.4000,0,0
[H]C1=NOC([H])([H])OC([H])=C1[H],QM7,1.0000,1,0
[H]C1=C([H])[C@]2([H])N([H])[C@]2([H])C([H])([H])O1,QM7,0.5769,0,0
[H]N1[C@@]2([H])C([H])([H])OC([H])([H])[C@]1([H])C2([H])[H],QM7,0.7333,0,0
[H][C]1O[N][C]2OC([H])([H])[C]12,QM7,0.2593,0,0
[H][C]1[C]2[C]([N]N1[H])OC2([H])[H],QM7,0.2581,0,0
[H][C]1O[N][C]2[C]1OC2([H])[H],QM7,0.2667,0,0
[H]C1=NO[C@@]2([H])C([H])([H])O[C@@]12[H],QM7,0.3448,0,0
[H]C1=NN([H])[C@@]2([H])C([H])([H])O[C@@]12[H],QM7,0.3793,0,0
[H][C]1[C]2OC([H])([H])[C]2[N]N1[H],QM7,0.2727,0,0
[H][C]1[C]2OC([H])([H])[C]2[C]([H])N1[H],QM7,0.2500,0,0
[H]C1=NN([H])C([H])([H])C([H])=C([H])O1,QM7,0.4000,0,0
[H]C1=NN([H])C([H])([H])[C@@]2([H])O[C@@]12[H],QM7,0.4231,0,0
[H]N1C([H])([H])[C@]2([H])C([H])([H])O[C@@]2([H])C1([H])[H],QM7,0.9444,0,0
[H]N1C([H])([H])[C@]2([H])O[C@]([H])(C1([H])[H])C2([H])[H],QM7,0.8125,0,0
[H]N1C([H])([H])C([H])([C@@]2([H])OC2([H])[H])C1([H])[H],QM7,0.6500,0,0
[H][C]1ON=C2[C]1C([H])([H])N2[H],QM7,0.2500,0,0
[H][C]1O[N][C]2[C]1N([H])C2([H])[H],QM7,0.2500,0,0
[H]N1C([H])([H])[C@@]2([H])C([H])([H])OC([H])([H])[C@]12[H],QM7,1.0000,1,0
[H][C]1O[C]([H])[C]2[C]1N([H])C2([H])[H],QM7,0.2500,0,0
[H]N1C([H])([H])[C@@]2([H])OC([H])([H])[C@]1([H])C2([H])[H],QM7,1.0000,2,0
[H]C1=NO[C@@]2([H])C([H])([H])N([H])[C@@]12[H],QM7,0.3143,0,0
[H]C1=C([H])[C@]2([H])N([H])C([H])([H])[C@]2([H])O1,QM7,0.3913,0,0
[H]N1C([H])([H])[C@]1([H])C([H])([H])[C@]1([H])OC1([H])[H],QM7,0.5556,0,0
[H]N1C([H])([H])[C@@]1([H])C1([H])C([H])([H])OC1([H])[H],QM7,0.6842,0,0
[H]C1=NOC([H])([H])C([H])([H])OC1([H])[H],QM7,0.4348,0,0
[H]C1=NOC([H])([H])C([H])([H])N([H])C1([H])[H],QM7,0.5200,0,0
[H]C1=NOC([H])([H])C([H])([H])C([H])([H])O1,QM7,0.4000,0,0
[H]C1=NN([H])C([H])([H])C([H])([H])OC1([H])[H],QM7,0.4545,0,0
[H]C1=C([H])C([H])([H])N([H])C([H])([H])C([H])([H])O1,QM7,1.0000,1,0
[H]N1C([H])([H])C([H])([H])O[C@]2([H])C([H])([H])[C@]12[H],QM7,0.7273,0,0
[H]C1=NO[C@@]2([H])C([H])([H])[C@]2([H])C1([H])[H],QM7,0.5833,0,0
[H]C1=NN([H])C([H])([H])C([H])([H])C([H])([H])O1,QM7,0.4400,0,0
[H]C1=NOC([H])([H])C([H])([H])C([H])([H])N1[H],QM7,0.4615,0,0
[H]N1C([H])([H])C([H])([H])OC([H])([H])C([H])([H])C1([H])[H],QM7,0.9375,0,0
[H]C1([H])OC2([H])C([H])([H])N(C1([H])[H])C2([H])[H],QM7,0.6667,0,0
[H]C1([H])OC([H])([H])[C@]2([H])N(C1([H])[H])C2([H])[H],QM7,0.7000,0,0
[H]C1([H])N(C([H])([H])[C@]2([H])OC2([H])[H])C1([H])[H],QM7,1.0000,2,0
[H]C1([H])OC([H])([H])C1([H])N1C([H])([H])C1([H])[H],QM7,0.8235,0,0
[H]N1C([H])([H])[C@@]1([H])[C@]1([H])OC([H])([H])C1([H])[H],QM7,0.6667,0,0
[H]C1=NOC([H])([H])OC([H])([H])C1([H])[H],QM7,0.5455,0,0
[H]C1=NN=C([H])C([H])([H])C([H])([H])O1,QM7,0.3478,0,0
[H]N1C([H])([H])C([H])([H])[C@]1([H])[C@@]1([H])OC1([H])[H],QM7,0.5217,0,0
[H]C1=NOC([H])([H])C([H])([H])C([H])([H])C1([H])[H],QM7,0.5714,0,0
[H]C1=NOC([H])([H])C([H])([H])C([H])=C1[H],QM7,0.4167,0,0
[H]N1C([H])([H])C([H])([H])[C@]2([H])OC([H])([H])[C@@]12[H],QM7,0.6087,0,0
[H]N1C([H])([H])C([H])([H])[C@@]2([H])O[C@@]2([H])C1([H])[H],QM7,0.6400,0,0
[H]C1([H])[C]2[N]O[N][C]2C1([H])[H],QM7,0.2609,0,0
[H][C]1O[N][C]2[C]1C([H])([H])C2([H])[H],QM7,0.2500,0,0
[H]N1C([H])([H])[C@@]2([H])OC([H])([H])C([H])([H])[C@]12[H],QM7,0.9474,0,0
[H]N1[C@@]2([H])C([H])([H])OC([H])([H])C([H])([H])[C@@]12[H],QM7,0.6190,0,0
[H]C1=NO[C@@]2([H])C([H])([H])C([H])([H])[C@@]12[H],QM7,0.3704,0,0
[H]N1C([H])([H])[C@@]12C([H])([H])OC([H])([H])C2([H])[H],QM7,0.6364,0,0
[H]N1C([H])([H])C([H])([H])[C@@]2(OC2([H])[H])C1([H])[H],QM7,0.7143,0,0
[H]C1=NOC2(O1)C([H])([H])C2([H])[H],QM7,0.3077,0,0
[H]C1=NOC2(C1([H])[H])C([H])([H])C2([H])[H],QM7,1.0000,1,0
[H]C1=NO[C@@]2([H])C([H])([H])[C@]2([H])O1,QM7,0.3226,0,0
[H]C1([H])N2C([H])([H])[C@]2([H])[C@@]2([H])O[C@@]12[H],QM7,0.3871,0,0
[H]N1[C@@]2([H])[C@]1([H])[C@]1([H])O[C@@]2([H])C1([H])[H],QM7,0.5000,0,0
[H]C1=NN([H])[C@@]2([H])C([H])([H])[C@]2([H])O1,QM7,0.4231,0,0
[H]C1=NO[C@@]2([H])C([H])([H])[C@]2([H])N1[H],QM7,0.3226,0,0
[H]N1[C@]2([H])[C@]3([H])O[C@]3([H])C([H])([H])[C@]12[H],QM7,0.4138,0,0
[H]N1[C@@]2([H])C([H])([H])[C@]1([H])[C@]1([H])O[C@@]12[H],QM7,0.5385,0,0
[H]C1=NO[C@]2([H])C([H])([H])[C@@]1([H])C2([H])[H],QM7,0.2963,0,0
[H]C1=C([H])C([H])([H])C([H])([H])OC1=O,QM7,0.6522,0,0
[H]C1([H])OC(=O)[C@]2([H])C([H])([H])[C@]12[H],QM7,1.0000,1,0
[H]C1([H])[C@]2([H])OC(=O)[C@@]1([H])C2([H])[H],QM7,0.7143,0,0
[H]C1=C([H])C([H])([H])OC([H])([H])C1=O,QM7,0.5600,0,0
[H]C1=C([H])C([H])([H])C(=O)C([H])([H])O1,QM7,0.6000,0,0
[H]C1([H])O[C@@]2([H])C([H])([H])[C@@]2([H])C1=O,QM7,0.7083,0,0
[H]C1=C([H])C(=O)C([H])([H])C([H])([H])O1,QM7,0.6667,0,0
[H]C1=C([H])C(=O)C([H])([H])C1=O,QM7,0.5263,0,0
[H]C1([H])OC([H])([H])C([H])([H])C(=O)C1([H])[H],QM7,0.8667,0,0
[H]c1oc([H])c([H])c(=O)c1[H],QM7,1.0000,1,0
[H]C1([H])C(=O)C([H])([H])C([H])([H])C1=O,QM7,0.9091,0,0
[H]C1([H])OC([H])([H])C([H])([H])C([H])([H])C1=O,QM7,0.8947,0,0
[H]C1=C([H])C([H])([H])C([H])([H])C(=O)O1,QM7,0.7826,0,0
[H]C1=C([H])C([H])([H])C(=O)OC1([H])[H],QM7,0.8500,0,0
[H]C1([H])OC(=O)C([H])([H])C([H])([H])C1([H])[H],QM7,0.9412,0,0
[H]c1oc(=O)c([H])c([H])c1[H],QM7,0.8889,0,0
[H]C1=C([H])C([H])([H])C([H])([H])C([H])([H])C1=O,QM7,1.0000,3,0
[H]C1=C([H])C([H])([H])C([H])([H])C(=O)C1([H])[H],QM7,1.0000,1,0
[H]C1([H])C(=O)C([H])([H])C([H])([H])C([H])([H])C1([H])[H],QM7,1.0000,3,0
[H]C1([H])C(=O)C(=O)C([H])([H])C1([H])[H],QM7,0.8333,0,0
[H]C1=C([H])C([H])([H])C(=O)C1=O,QM7,0.5417,0,0
[H]C1=C([H])[C@@]2([H])O[C@@]2([H])C1=O,QM7,0.8000,0,0
[H]C1([H])C(=O)[C@]2([H])O[C@]2([H])C1([H])[H],QM7,0.7826,0,0
[H]C1=C([H])[C@@]2([H])C([H])([H])[C@@]2([H])C1=O,QM7,1.0000,2,0
[H]C1([H])C(=O)[C@]2([H])C([H])([H])[C@]2([H])C1([H])[H],QM7,1.0000,1,0
[H]C1([H])C(=O)C([H])([H])[C@@]2([H])O[C@@]12[H],QM7,0.7222,0,0
[H]C1([H])C(=O)O[C@@]2([H])C([H])([H])[C@@]12[H],QM7,0.7083,0,0
[H]C1([H])C(=O)C([H])([H])[C@]2([H])C([H])([H])[C@]12[H],QM7,0.7222,0,0
[H]C1([H])C(=O)[C@@]2([H])O[C@]1([H])C2([H])[H],QM7,1.0000,1,0
[H]C1([H])C(=O)[C@]2([H])C([H])([H])[C@@]1([H])C2([H])[H],QM7,0.7368,0,0
[H]C1=C([H])[C@]2([H])O[C@@]1([H])C2=O,QM7,0.5000,0,0
[H]C1([H])O[C@@]2([H])C(=O)[C@]1([H])C2([H])[H],QM7,0.5357,0,0
[H]C1([H])C([H])([H])[C@]2([H])O[C@@]1([H])C2=O,QM7,0.5625,0,0
[H]C1([H])C([H])([H])[C@@]2([H])C(=O)[C@]1([H])C2([H])[H],QM7,0.7143,0,0
[H]C1=C([H])[C@@]2([H])C(=O)[C@]1([H])C2([H])[H],QM7,0.6471,0,0
[H]C1=C([H])C([H])=C([H])C([H])=C([H])O1,QM7,0.5833,0,0
[H]C1=C([H])[C@]2([H])O[C@]2([H])C([H])=C1[H],QM7,1.0000,2,0
[H]C1=C([H])[C@]2([H])O[C@@]1([H])C([H])=C2[H],QM7,0.3478,0,0
[H]C1([H])[C@@]2([H])C([H])([H])[C@@]2([H])[C@]2([H])C([H])([H])[C@@]12[H],QM7,0.8182,0,0
[H]C([H])=C1OC([H])([H])OC([H])=C1[H],QM7,0.5926,0,0
[H]C([H])=C1OC(=O)C([H])=C1[H],QM7,0.6111,0,0
[H]C([H])=C1OC([H])([H])OC1=C([H])[H],QM7,0.7333,0,0
[H]C([H])=C1OC([H])([H])C([H])([H])C([H])=C1[H],QM7,0.5000,0,0
[H]C([H])=C1OC([H])=C([H])C([H])=C1[H],QM7,0.4000,0,0
[H]C([H])=C1OC([H])([H])C([H])([H])C1=O,QM7,0.7143,0,0
[H]C([H])=C1OC([H])=C([H])C1=O,QM7,0.4783,0,0
[H]C([H])=C1OC([H])([H])[C@@]2([H])O[C@@]12[H],QM7,0.5000,0,0
[H]C([H])=C1OC([H])([H])[C@@]2([H])C([H])([H])[C@@]12[H],QM7,0.5000,0,0
[H]C([H])=C1O[C@]2([H])C([H])([H])[C@@]1([H])C2([H])[H],QM7,0.6087,0,0
[H]C([H])=C1C([H])([H])OC(=O)C1([H])[H],QM7,0.5909,0,0
[H]C([H])=C1C([H])([H])OC([H])([H])OC1([H])[H],QM7,0.5000,0,0
[H]C([H])=C1OC([H])=C([H])OC1([H])[H],QM7,0.4231,0,0
[H]C([H])=C1OC([H])([H])C([H])([H])OC1([H])[H],QM7,0.5000,0,0
[H]C([H])=C1C([H])=C([H])C([H])([H])OC1([H])[H],QM7,0.5185,0,0
[H]C([H])=C1OC([H])([H])C(=C([H])[H])C1([H])[H],QM7,0.5238,0,0
[H]C([H])=C1C([H])([H])OC([H])=C([H])C1([H])[H],QM7,0.3846,0,0
[H]C([H])=C1C(=O)C([H])([H])OC1([H])[H],QM7,0.4500,0,0
[H]C([H])=C1C(=C([H])[H])C([H])([H])OC1([H])[H],QM7,0.4348,0,0
[H]C([H])=C1C([H])([H])O[C@@]2([H])C([H])([H])[C@@]12[H],QM7,0.5926,0,0
[H]C([H])=C1OC([H])([H])C(=O)C1([H])[H],QM7,0.5909,0,0
[H]C([H])=C1OC([H])([H])OC([H])([H])C1([H])[H],QM7,0.4545,0,0
[H]C([H])=C1C([H])=C([H])OC([H])([H])C1([H])[H],QM7,0.4444,0,0
[H]C([H])=C1C([H])=C([H])C(=O)C1([H])[H],QM7,0.5000,0,0
[H]C([H])=C1C([H])=C([H])OC([H])=C1[H],QM7,0.5000,0,0
[H]C([H])=C1C([H])([H])C([H])([H])OC([H])([H])C1([H])[H],QM7,0.8667,0,0
[H]C([H])=C1C(=O)OC([H])([H])C1([H])[H],QM7,0.5312,0,0
[H]C([H])=C1C(=O)OC([H])=C1[H],QM7,0.4783,0,0
[H]C([H])=C1OC([H])([H])C([H])([H])C1=C([H])[H],QM7,0.6190,0,0
[H]C([H])=C1OC(=O)C([H])([H])C1([H])[H],QM7,1.0000,1,0
[H][C]([H])C1=C([H])[C](C([H])([H])[H])C([H])([H])O1,QM7,0.3333,0,0
[H]C([H])=C1C([H])([H])C(=O)C([H])([H])C1([H])[H],QM7,0.6500,0,0
[H]C([H])=C1C([H])([H])OC([H])([H])C([H])([H])C1([H])[H],QM7,0.4783,0,0
[H]C([H])=C1OC(=C([H])[H])C([H])([H])C1([H])[H],QM7,0.5882,0,0
[H]C([H])=C1OC([H])=C([H])C([H])([H])C1([H])[H],QM7,0.5000,0,0
[H]C([H])=C1OC([H])([H])C([H])=C([H])C1([H])[H],QM7,0.4400,0,0
[H]C([H])=C1OC([H])([H])C([H])([H])C([H])([H])C1([H])[H],QM7,0.8235,0,0
[H]C([H])=C1C(=O)C([H])([H])C([H])([H])C1([H])[H],QM7,0.6316,0,0
[H]C([H])=C1C(=O)C([H])=C([H])C1([H])[H],QM7,0.7500,0,0
[H]C([H])=C1C(=O)C([H])([H])C([H])=C1[H],QM7,0.5000,0,0
[H]C([H])=C1C([H])=C([H])[C@@]2([H])O[C@@]12[H],QM7,0.4400,0,0
[H]C([H])=C1C([H])([H])C([H])([H])[C@@]2([H])O[C@@]12[H],QM7,0.4828,0,0
[H]C([H])=C1C([H])([H])[C@]2([H])O[C@]2([H])C1([H])[H],QM7,0.4444,0,0
[H]C([H])=C1O[C@@]2([H])C([H])([H])[C@@]2([H])C1([H])[H],QM7,0.5600,0,0
[H]C1([H])[C@@]2([H])[C@]3([H])C([H])([H])[C@@]([H])(C3([H])[H])[C@@]12[H],QM7,0.8182,0,0
[H]C([H])=C1C([H])([H])[C@]2([H])O[C@@]1([H])C2([H])[H],QM7,0.6667,0,0
[H]C1=C([H])OC([H])([H])C([H])=C([H])O1,QM7,0.6250,0,0
[H]C1=C([H])C([H])([H])OC([H])([H])OC1([H])[H],QM7,0.4706,0,0
[H]C1=C([H])C([H])=C([H])OC([H])([H])O1,QM7,0.6154,0,0
[H]C1=C([H])C([H])([H])OC([H])([H])C([H])=C1[H],QM7,0.4706,0,0
[H]C1=C([H])C([H])([H])C([H])=C([H])C([H])([H])O1,QM7,0.6250,0,0
[H]C1=C([H])[C@]2([H])O[C@]2([H])C([H])([H])O1,QM7,0.4167,0,0
[H]C1=C([H])[C@]2([H])C([H])([H])[C@]2([H])C([H])([H])O1,QM7,0.4615,0,0
[H]C1([H])OC([H])([H])[C@]2([H])OC([H])([H])[C@@]12[H],QM7,1.0000,1,0
[H]C1([H])OC([H])([H])C2(O1)C([H])([H])C2([H])[H],QM7,0.7368,0,0
[H]C1([H])OC([H])([H])[C@@]2([H])C([H])([H])[C@@]2([H])O1,QM7,0.5263,0,0
[H]C1([H])OC([H])([H])[C@@]2([H])O[C@]1([H])C2([H])[H],QM7,0.5833,0,0
[H]C1([H])OC([H])([H])[C@]2([H])C([H])([H])[C@@]1([H])C2([H])[H],QM7,0.7143,0,0
[H]C1([H])OC([H])([H])C1([H])[C@@]1([H])OC1([H])[H],QM7,0.8667,0,0
[H]C1=C([H])[C@]2([H])O[C@@]1([H])OC2([H])[H],QM7,0.4615,0,0
[H][C]1O[C]([H])[C]2[C]1OC2([H])[H],QM7,0.2609,0,0
[H]C1([H])O[C@]2([H])C([H])([H])O[C@@]1([H])C2([H])[H],QM7,1.0000,1,0
[H]C1=C([H])[C@]2([H])OC([H])([H])[C@]2([H])O1,QM7,0.4815,0,0
[H]C1=C([H])[C@]2([H])C([H])([H])O[C@]2([H])C1([H])[H],QM7,0.5833,0,0
[H]C1=C([H])[C@]2([H])OC([H])([H])[C@]2([H])C1([H])[H],QM7,0.5833,0,0
[H]C1([H])O[C@]2([H])C([H])([H])[C@]([H])(O1)C2([H])[H],QM7,0.6875,0,0
[H]C1([H])O[C@]2([H])C([H])([H])C([H])([H])[C@@]2([H])O1,QM7,0.6667,0,0
[H]C1=C([H])[C@]2([H])C([H])([H])[C@]2([H])OC1([H])[H],QM7,0.5185,0,0
[H]C1([H])O[C@]2([H])OC([H])([H])[C@@]1([H])C2([H])[H],QM7,0.4500,0,0
[H]C1=C([H])[C@]2([H])OC([H])([H])[C@@]1([H])C2([H])[H],QM7,0.5652,0,0
[H]C1([H])O[C@@]1([H])C([H])([H])[C@]1([H])OC1([H])[H],QM7,1.0000,1,0
[H]C1=C([H])C([H])([H])C2(OC2([H])[H])C1([H])[H],QM7,0.4375,0,0
[H]C1=C([H])OC([H])([H])C([H])([H])C([H])([H])O1,QM7,1.0000,1,0
[H]C1([H])OC([H])([H])C([H])([H])C([H])([H])OC1([H])[H],QM7,1.0000,2,0
[H]C1=C([H])C([H])([H])OC([H])([H])C([H])([H])O1,QM7,0.5556,0,0
[H]C1=C([H])C([H])([H])C([H])([H])C([H])([H])OC1([H])[H],QM7,0.7895,0,0
[H]C1([H])OC2(OC1([H])[H])C([H])([H])C2([H])[H],QM7,1.0000,1,0
[H]C1([H])O[C@@]2([H])C([H])([H])[C@@]2([H])OC1([H])[H],QM7,0.7333,0,0
[H]C1([H])O[C@]2([H])C([H])([H])[C@]2([H])C([H])([H])C1([H])[H],QM7,1.0000,1,0
[H]C1([H])OC2(C([H])([H])C1([H])[H])C([H])([H])C2([H])[H],QM7,1.0000,1,0
[H]C1([H])OC([H])([H])C([H])([H])C([H])([H])C([H])([H])O1,QM7,0.9091,0,0
[H]C1=C([H])C([H])([H])[C@@]2([H])C([H])([H])[C@]2([H])O1,QM7,0.4667,0,0
[H]C1([H])O[C@@]([H])([C@@]2([H])OC2([H])[H])C1([H])[H],QM7,0.7143,0,0
[H]C1([H])O[C@@]([H])(C2([H])C([H])([H])C2([H])[H])C1([H])[H],QM7,0.7500,0,0
[H]C1=C([H])C([H])([H])C([H])([H])OC([H])([H])O1,QM7,0.5714,0,0
[H]C1=C([H])C([H])([H])C([H])([H])C([H])=C([H])O1,QM7,0.7143,0,0
[H]C1([H])OC([H])([H])C([H])([H])C([H])([H])C([H])([H])C1([H])[H],QM7,1.0000,9,0
[H]C1=C([H])C([H])([H])C([H])([H])C([H])([H])C([H])([H])O1,QM7,0.9412,0,0
[H]C1=C([H])C([H])=C([H])C([H])([H])C([H])([H])O1,QM7,1.0000,1,0
[H]C1=C([H])C([H])([H])C([H])([H])OC([H])([H])C1([H])[H],QM7,1.0000,1,0
[H]C1=C([H])C([H])([H])[C@@]2([H])O[C@]2([H])C1([H])[H],QM7,0.5789,0,0
[H]C1([H])C([H])([H])C([H])([H])[C@]2([H])O[C@@]2([H])C1([H])[H],QM7,1.0000,2,0
[H]C1=C([H])[C@]2([H])O[C@]([H])(C1([H])[H])C2([H])[H],QM7,0.4400,0,0
[H]C1([H])OC12C([H])([H])C([H])([H])C([H])([H])C2([H])[H],QM7,0.9231,0,0
[H]C1([H])C([H])([H])C([H])([C@@]2([H])OC2([H])[H])C1([H])[H],QM7,0.8125,0,0
[H]C1([H])O[C@]2([H])C([H])([H])O[C@@]2([H])C1([H])[H],QM7,0.7333,0,0
[H]C1([H])C([H])([H])[C@]2([H])O[C@@]1([H])OC2([H])[H],QM7,0.5714,0,0
[H]C1([H])OC([H])([H])[C@]2([H])O[C@]2([H])C1([H])[H],QM7,1.0000,1,0
[H]C1=C([H])[C@]2([H])O[C@]2([H])C([H])([H])C1([H])[H],QM7,0.6957,0,0
[H]C1=C([H])[C@@]2([H])O[C@]1([H])C([H])([H])C2([H])[H],QM7,0.7333,0,0
[H]C1([H])OC([H])([H])[C@]2([H])C([H])([H])C([H])([H])[C@@]12[H],QM7,0.7143,0,0
[H]c1oc([H])c2c1C([H])([H])C2([H])[H],QM7,0.7333,0,0
[H]C1([H])C([H])([H])[C@]2([H])C([H])([H])O[C@@]2([H])C1([H])[H],QM7,1.0000,1,0
[H]C1([H])OC([H])([H])[C@]2(OC2([H])[H])C1([H])[H],QM7,0.7222,0,0
[H]C1=C([H])[C@]2([H])C([H])([H])C([H])([H])[C@]2([H])O1,QM7,0.4800,0,0
[H]C1([H])O[C@]2([H])C([H])([H])[C@]([H])(C1([H])[H])C2([H])[H],QM7,0.9375,0,0
[H]C1([H])O[C@]2([H])C([H])([H])C([H])([H])[C@@]2([H])C1([H])[H],QM7,0.6667,0,0
[H]C1([H])C([H])([H])[C@]2([H])O[C@]([H])(C1([H])[H])C2([H])[H],QM7,0.8571,0,0
[H]C1([H])C([H])([H])[C@]2([H])O[C@@]1([H])C([H])([H])C2([H])[H],QM7,1.0000,1,0
[H]C1([H])OC([H])([H])C2(C1([H])[H])C([H])([H])C2([H])[H],QM7,0.6316,0,0
[H]C1([H])OC([H])([H])[C@]2([H])C([H])([H])[C@]2([H])C1([H])[H],QM7,0.8000,0,0
[H]C1([H])C([H])([H])[C@@]2([H])C([H])([H])O[C@]1([H])C2([H])[H],QM7,1.0000,1,0
[H]C1([H])C([H])([H])C1([H])OC1([H])C([H])([H])C1([H])[H],QM7,0.6429,0,0
[H]C1([H])C([H])([H])C1([H])C([H])([H])[C@]1([H])OC1([H])[H],QM7,1.0000,1,0
[H]C1([H])OC([H])([H])C1([H])C1([H])C([H])([H])C1([H])[H],QM7,0.7059,0,0
[H]C1=C([H])OC2(O1)C([H])([H])C2([H])[H],QM7,0.6111,0,0
[H]C1=C([H])C([H])([H])C2(O1)C([H])([H])C2([H])[H],QM7,0.5000,0,0
[H]C1=C([H])O[C@@]2([H])C([H])([H])[C@]2([H])O1,QM7,0.4000,0,0
[H]C1([H])[C@@]2([H])[C@@]3([H])C([H])([H])[C@@]3([H])O[C@@]12[H],QM7,0.6875,0,0
[H]C1([H])[C@]2([H])O[C@@]3([H])[C@@]([H])(O2)[C@@]13[H],QM7,0.5000,0,0
[H]C1([H])[C@]2([H])O[C@]2([H])[C@]2([H])O[C@]12[H],QM7,0.8462,0,0
[H]C1([H])[C@]2([H])O[C@@]1([H])[C@]1([H])O[C@@]12[H],QM7,0.8462,0,0
[H]C1([H])[C@@]2([H])[C@]1([H])[C@]1([H])O[C@@]2([H])C1([H])[H],QM7,0.5385,0,0
[H]C1([H])[C@]2([H])O[C@]3([H])[C@@]1([H])[C@]3([H])C2([H])[H],QM7,0.5000,0,0
[H]C1([H])[C@]2([H])C([H])([H])[C@]3([H])O[C@]3([H])[C@]12[H],QM7,0.8889,0,0
[H]C1=C([H])[C@]2([H])C([H])([H])[C@]([H])(O1)C2([H])[H],QM7,0.3600,0,0
[H]C1([H])[C@]2([H])C([H])([H])[C@@]1([H])[C@@]1([H])O[C@@]21[H],QM7,0.7143,0,0
[H][N]C1=C([H])[C]([H])C([H])([H])C([H])([H])N1[H],QM7,0.3103,0,0
[H]/N=C1/N([H])C([H])([H])[C@@]2([H])C([H])([H])[C@@]12[H],QM7,0.4444,0,0
[H][N][C]1N([H])[C@]2([H])C([H])([H])[C@@]1([H])C2([H])[H],QM7,0.3571,0,0
[H]/N=C1/N([H])C([H])=C([H])C([H])([H])C1([H])[H],QM7,0.3871,0,0
[H]/N=C1\N([H])C([H])([H])C([H])=C([H])C1([H])[H],QM7,0.4231,0,0
[H]/N=C1\N([H])C([H])([H])C([H])([H])C([H])([H])C1([H])[H],QM7,0.4000,0,0
[H][N]C1=C([H])[C]([H])[C@]2([H])N1C2([H])[H],QM7,0.2439,0,0
[H][N][C]1N2C([H])([H])[C@]2([H])C([H])([H])C1([H])[H],QM7,0.5000,0,0
[H][N][C]1N([H])[C@@]2([H])C([H])([H])[C@@]2([H])C1([H])[H],QM7,0.4615,0,0
[H]C1=C([H])[C@@]2([H])N([H])[C@@]2([H])C([H])=C1[H],QM7,0.4706,0,0
[H]C1=C([H])[C@]2([H])C([H])=C([H])[C@@]1([H])N2[H],QM7,0.3333,0,0
[H]C1([H])C([H])([H])C([H])([H])C([H])([H])C([H])([H])C([H])([H])C1([H])[H],QM7,1.0000,22,0
[H]C([H])=C1C([H])=C([H])C([H])([H])C([H])([H])C1([H])[H],QM7,0.8000,0,0
[H]C([H])=C1C([H])([H])C(=C([H])[H])C([H])([H])C1([H])[H],QM7,0.5000,0,0
[H]C1([H])C([H])([H])C([H])([H])[C@]2([H])C([H])([H])[C@]2([H])C1([H])[H],QM7,1.0000,3,0
[H]C([H])=C1C([H])([H])C([H])=C([H])C([H])([H])C1([H])[H],QM7,0.5714,0,0
[H]C([H])=C1C([H])=C([H])C(=C([H])[H])C1([H])[H],QM7,0.7333,0,0
[H]C([H])=C1C([H])=C([H])C([H])=C([H])C1([H])[H],QM7,0.9412,0,0
[H]C([H])=C1C([H])=C([H])C([H])([H])C([H])=C1[H],QM7,0.7222,0,0
[H]C([H])=C1C([H])([H])C([H])([H])C([H])([H])C([H])([H])C1([H])[H],QM7,1.0000,2,0
CC(C)=CCCC(C)=CC(=O),ESOL,1.0000,2,2
CCCC=C,ESOL,1.0000,1,0
CCCCCCCCCCCCCC,ESOL,1.0000,46,0
CC(C)Cl,ESOL,0.8333,0,0
CCC(C)CO,ESOL,0.9286,0,0
CCCCCCCCCC(C)O,ESOL,1.0000,8,0
CCOP(=S)(OCC)SCSCC,ESOL,0.6923,0,0
CCCCCCCO,ESOL,1.0000,37,0
CCCCCCCC(=O)OC,ESOL,1.0000,12,9
CCOP(=S)(OCC)SCSC(C)(C)C,ESOL,1.0000,2,0
ClC(=C)Cl,ESOL,0.8571,0,0
CCCCC=O,ESOL,0.9333,0,0
CCCCCCCI,ESOL,1.0000,6,0
OCCCC=C,ESOL,1.0000,1,0
CC(C)OC=O,ESOL,0.8667,0,0
CCCCCC(C)O,ESOL,1.0000,1,0
CCCCCCC#C,ESOL,1.0000,10,0
CC(C)CCC(C)(C)C,ESOL,0.6842,0,0
CCCC(=O)C,ESOL,0.9286,0,0
CCCOC(=O)CC,ESOL,0.9444,0,0
CCC(Br)(CC)C(=O)NC(N)=O,ESOL,0.9565,0,2
CCCCC(=O)OCC,ESOL,0.9500,0,1
CC(C)CCOC(=O)C,ESOL,0.9500,0,1
CCCBr,ESOL,0.8889,0,0
COP(=S)(OC)SCC(=O)N(C)C=O,ESOL,0.7941,0,0
NC(=S)N,ESOL,0.8571,0,0
ClC(Cl)(Cl)C(Cl)(Cl)Cl,ESOL,0.6250,0,0
CCCN(=O)=O,ESOL,1.0000,1,0
CCCOC(C)C,ESOL,0.6842,0,0
ClCCl,ESOL,0.8000,0,0
COC=O,ESOL,0.9000,0,0
CC(C)C,ESOL,1.0000,1,0
CCCCC,ESOL,0.8750,0,0
CCCC(=C)C,ESOL,0.9286,0,0
CC(C)C(C)C(C)C,ESOL,0.8750,0,0
CCCCCCCCC=C,ESOL,1.0000,27,0
CC(=O)OCC(COC(=O)C)OC(=O)C,ESOL,0.9500,0,1
CCCCCCCBr,ESOL,1.0000,7,0
CCOC(=O)CC(=O)OCC,ESOL,1.0000,1,0
CC/C=C/C,ESOL,1.0000,2,0
ClC=C(Cl)Cl,ESOL,0.8889,0,0
CO,ESOL,1.0000,1,0
CCC(=O)C,ESOL,0.9091,0,0
CCCCCCO,ESOL,1.0000,37,0
CCCCCCl,ESOL,0.9231,0,0
C=CC=C,ESOL,1.0000,1,0
CCCOC(=O)C,ESOL,0.9412,0,0
NC(=O)CCl,ESOL,0.9167,0,0
CCCCCC=O,ESOL,0.9375,0,0
CC(C)=CCC/C(C)=C\CO,ESOL,1.0000,2,9
CCN(=O)=O,ESOL,1.0000,1,0
CCCC(C)(COC(N)=O)COC(N)=O,ESOL,0.9200,0,0
CI,ESOL,1.0000,3,0
CCCCC(=O)CCCC,ESOL,1.0000,1,0
CCC(C)CC,ESOL,1.0000,1,0
ClCC#N,ESOL,0.6000,0,0
CCCCCCCCC(=O)OCC,ESOL,1.0000,7,9
CCC(C)Cl,ESOL,1.0000,1,0
CCCCC#C,ESOL,0.9333,0,0
CCCCCCCC#C,ESOL,1.0000,10,0
CC(C)OC(C)C,ESOL,0.8889,0,0
CNN,ESOL,0.8571,0,0
CC#C,ESOL,1.0000,3,0
CCNP(=S)(OC)OC(=CC(=O)OC(C)C)C,ESOL,0.7500,0,0
C=CC=O,ESOL,0.8889,0,0
CCCCl,ESOL,0.8889,0,0
CCOC(=O)C,ESOL,1.0000,3,0
CCCC(C)(C)C,ESOL,0.9167,0,0
CCCCOC(=O)CCCCCCCCC(=O)OCCCC,ESOL,1.0000,4,4
CC(=C)C=C,ESOL,0.9091,0,0
CC(C)=CCCC(O)(C)C=C,ESOL,0.9565,0,1
OCC(O)C(O)C(O)C(O)CO,ESOL,1.0000,9,0
CCCC(=O)CCC,ESOL,0.9231,0,0
CC(=O)C(C)(C)C,ESOL,0.9091,0,0
ClC(Cl)(Cl)C#N,ESOL,1.0000,1,0
CCCCCCCCC(=O)C,ESOL,1.0000,11,0
CSC,ESOL,1.0000,2,0
CCOC(=O)N,ESOL,1.0000,1,0
CC(C)C(O)C(C)C,ESOL,0.7273,0,0
CCCCBr,ESOL,0.9167,0,0
CC(C)CC(=O)C,ESOL,0.9333,0,0
CCS,ESOL,1.0000,1,0
ClCC(Cl)Cl,ESOL,0.8889,0,0
CCCCCCCCl,ESOL,1.0000,7,0
ClC(Cl)C(Cl)Cl,ESOL,0.8333,0,0
CCN(CC)C(=O)C(=CCOP(=O)(OC)OC)Cl,ESOL,0.4857,0,0
CCCCCCCl,ESOL,1.0000,7,0
CCCCCCCCCCCCCCCCCCCCCCCCCC,ESOL,1.0000,46,0
CC(Cl)Cl,ESOL,0.8571,0,0
ClC(Cl)(Cl)Cl,ESOL,1.0000,2,0
COC(C)(C)C,ESOL,0.8889,0,0
CCCCCCCCCCCCCCCCO,ESOL,1.0000,37,0
CCC(C)(C)CO,ESOL,0.8667,0,0
CCCOC(=O)CCC,ESOL,0.8571,0,0
CCCOC=O,ESOL,0.9375,0,0
CC(C)CC(C)C,ESOL,0.8889,0,0
CCCCCCCCCC(=O)OCC,ESOL,1.0000,7,9
CCCOCC,ESOL,0.8571,0,0
CC(C)O,ESOL,0.8571,0,0
ClC(Br)Br,ESOL,0.7143,0,0
CCOC(=O)CC(SP(=S)(OC)OC)C(=O)OCC,ESOL,1.0000,1,0
C/C=C/C=O,ESOL,1.0000,2,0
CCCCCC(=O)OC,ESOL,0.9500,0,14
CCC(=O)OC,ESOL,0.9333,0,0
CCCC(=O)OC,ESOL,0.9412,0,0
CCCCCC(=O)OCC,ESOL,0.9524,0,16
CCCCCCC=C,ESOL,1.0000,27,0
CCCC(O)CC,ESOL,0.7778,0,0
CCCCCCCC(C)O,ESOL,1.0000,8,0
CCCC(=O)CC,ESOL,0.9333,0,0
ClCBr,ESOL,0.8571,0,0
CCN(CC)C(=S)SSC(=S)N(CC)CC,ESOL,0.9412,0,0
CCCCCCCCO,ESOL,1.0000,37,0
CCSCC,ESOL,0.8889,0,0
ClCCCl,ESOL,0.8333,0,0
CCC(C)(C)Cl,ESOL,0.9091,0,0
ClCCBr,ESOL,1.0000,1,0
CCCCCCCC=C,ESOL,1.0000,27,0
CCC(C)(O)CC,ESOL,1.0000,1,0
CCCCC(C)O,ESOL,0.8824,0,0
CCCCCO,ESOL,0.9231,0,0
ClCCC#N,ESOL,0.5556,0,0
CC(C)C(C)O,ESOL,1.0000,1,0
CCCCCCCCCC(=O)OC,ESOL,1.0000,12,9
CC(C)CBr,ESOL,0.8182,0,0
CCI,ESOL,1.0000,1,0
CCCCCCBr,ESOL,1.0000,7,0
CCCC(C)C,ESOL,1.0000,1,0
BrC(Br)Br,ESOL,0.8000,0,0
COP(=O)(OC)C(O)C(Cl)(Cl)Cl,ESOL,0.5517,0,0
CC(C)Br,ESOL,0.8571,0,0
CC(C)CC(C)(C)C,ESOL,0.9231,0,0
CCC,ESOL,1.0000,1,0
CCOC=C,ESOL,0.9286,0,0
CCC#C,ESOL,1.0000,1,0
CCCCC(C)(O)CC,ESOL,0.8000,0,0
CC#N,ESOL,1.0000,6,0
ClCC(Cl)(Cl)Cl,ESOL,1.0000,1,0
CCCCO,ESOL,0.9167,0,0
CC(C)CCO,ESOL,0.9231,0,0
CC(=C)C,ESOL,1.0000,1,0
CC(=C)C(=C)C,ESOL,0.7778,0,0
CCCI,ESOL,0.6667,0,0
CCCO,ESOL,1.0000,1,0
CCCC(C)O,ESOL,1.0000,3,0
ClC(=C(Cl)C(=C(Cl)Cl)Cl)Cl,ESOL,0.8750,0,0
CCC(C)CCO,ESOL,0.7895,0,0
CCCCI,ESOL,0.9167,0,0
CCCCCCCC(=O)OCC,ESOL,1.0000,7,9
CCSSCC,ESOL,0.8889,0,0
CCOCCOCC,ESOL,0.9091,0,0
CCCCCC=C,ESOL,0.9375,0,0
CCCCN(CC)C(=O)SCCC,ESOL,0.8462,0,0
CCCCOC=O,ESOL,0.9444,0,0
BrC(Cl)Cl,ESOL,1.0000,1,0
CBr,ESOL,1.0000,1,0
CC(C)C=C,ESOL,0.9000,0,0
CC,ESOL,1.0000,7,0
CC(=O)N,ESOL,1.0000,2,0
CC(O)C(C)(C)C,ESOL,1.0000,1,0
CCCC(=O)OCC,ESOL,1.0000,1,0
CCCCCCCCCO,ESOL,1.0000,37,0
BrCBr,ESOL,0.8000,0,0
CCSC(=O)N(CC(C)C)CC(C)C,ESOL,0.7333,0,0
O=N(=O)OCC(CON(=O)=O)ON(=O)=O,ESOL,0.9500,0,3
CCCCCl,ESOL,0.9167,0,0
CCNC(=S)NCC,ESOL,0.9286,0,0
CCCCC(=O)OC,ESOL,0.9474,0,0
CCCCCOC(=O)CC,ESOL,0.9524,0,2
CCBr,ESOL,0.8571,0,0
CCC#CCC,ESOL,0.7273,0,0
CCC(=C)C,ESOL,1.0000,1,0
CCOC(C)OCC,ESOL,0.9231,0,0
CCCCOCCO,ESOL,1.0000,1,0
ClCCCCl,ESOL,0.6667,0,0
CC(C)C(C)C,ESOL,1.0000,1,0
CCC=C,ESOL,1.0000,1,0
FC(F)(Cl)C(F)(Cl)Cl,ESOL,0.8889,0,0
CCC#N,ESOL,1.0000,3,0
OCC(O)CO,ESOL,1.0000,4,0
CCCCOC,ESOL,0.9286,0,0
CN(C)C(=O)C,ESOL,0.9091,0,0
C=C,ESOL,1.0000,1,0
CC(C)(C)CCO,ESOL,1.0000,1,0
CC(C)SC(C)C,ESOL,0.6364,0,0
CCOP(=S)(OCC)SCSP(=S)(OCC)OCC,ESOL,0.7143,0,0
CCCC(C)(C)CO,ESOL,0.6250,0,0
CCCOC,ESOL,0.9167,0,0
CC(C)OC(=O)C,ESOL,0.9333,0,0
ClC=C,ESOL,0.8571,0,0
BrC(Br)(Br)Br,ESOL,0.8000,0,0
CCCCCCCCC,ESOL,1.0000,46,0
CCCCCC(C)C,ESOL,1.0000,1,0
CCC(O)C(C)C,ESOL,0.7647,0,0
CCCCCCC,ESOL,1.0000,46,0
CCCCCC(=O)C,ESOL,0.9412,0,0
COP(=O)(NC(C)=O)SC,ESOL,0.6429,0,0
CCCCSP(=O)(SCCCC)SCCCC,ESOL,0.6364,0,0
CC=C(C)C,ESOL,0.8750,0,0
CCCC(C)(O)CC,ESOL,1.0000,1,0
CCCCCCCC,ESOL,1.0000,46,0
CCC=O,ESOL,0.9000,0,0
ClC(Cl)Cl,ESOL,1.0000,1,0
CCCCC(CC)C=O,ESOL,0.9500,0,2
CCC(CC)C=O,ESOL,0.8667,0,0
CCCOCCC,ESOL,0.9091,0,0
CCCCCCCCCCCCCCO,ESOL,1.0000,37,0
NC(=O)N,ESOL,1.0000,2,0
CCCC#C,ESOL,1.0000,1,0
CCCCCCCCCCCCCCCCCCO,ESOL,1.0000,37,0
CC(C)CCOC=O,ESOL,0.6667,0,0
CCOP(=O)(OCC)OCC,ESOL,0.9286,0,0
CC(C)N(=O)=O,ESOL,1.0000,1,0
OCC(O)C(O)CO,ESOL,1.0000,1,0
CNC(=O)C=C(C)OP(=O)(OC)OC,ESOL,1.0000,1,0
CCC(C)C(C)C,ESOL,1.0000,1,0
CCCCCC#C,ESOL,0.9375,0,0
ClCC(C)C,ESOL,1.0000,1,0
CCCCCCCCCCCC(=O)OC,ESOL,1.0000,12,9
CCCSCCC,ESOL,0.9091,0,0
CCCCCBr,ESOL,0.9231,0,0
CCCC/C=C/C,ESOL,0.8824,0,0
CC(Cl)(Cl)Cl,ESOL,1.0000,1,0
CCOCC,ESOL,1.0000,2,0
COCOC,ESOL,0.8889,0,0
CCC(C)O,ESOL,1.0000,1,0
C=CCS(=O)SCC=C,ESOL,0.9500,0,1
CC(C)COC=O,ESOL,0.8000,0,0
CCCCCC,ESOL,1.0000,1,0
COP(=O)(OC)OC(Br)C(Cl)(Cl)Br,ESOL,0.5897,0,0
CC(C)CC(C)(C)O,ESOL,0.9333,0,0
CCC(C)(C)C,ESOL,0.8889,0,0
C=CCC=C,ESOL,0.8889,0,0
CCCCCC(O)CC,ESOL,0.9444,0,0
CCCC(C)CO,ESOL,1.0000,1,0
CCCCC(C)(C)O,ESOL,0.9375,0,0
COC(C)(C)CCCC(C)CC=CC(C)=CC(=O)OC(C)C,ESOL,1.0000,1,0
CCOC(=O)CC,ESOL,1.0000,1,0
NC(N)=NC#N,ESOL,1.0000,1,0
ClC(Cl)(Cl)N(=O)=O,ESOL,0.9167,0,0
CCCCCCC(=O)OCC,ESOL,1.0000,7,9
COC(=O)C,ESOL,1.0000,1,0
CCCC(O)C=C,ESOL,0.6522,0,0
CCCCOCCCC,ESOL,1.0000,1,0
CCCCCCCCCCCCO,ESOL,1.0000,37,0
CCCC(C)(C)O,ESOL,0.9286,0,0
CCCCCC(C)(C)O,ESOL,0.9412,0,0
C,ESOL,1.0000,9,0
CCC(C)C(=O)C,ESOL,0.9375,0,0
CN(=O)=O,ESOL,0.8889,0,0
CC(C)N(C(C)C)C(=O)SCC(Cl)=C(Cl)Cl,ESOL,1.0000,1,2
C=CCCC=C,ESOL,0.8889,0,0
CCCCC=C,ESOL,1.0000,1,0
CCCCCCCC(=O)C,ESOL,1.0000,11,0
C#C,ESOL,1.0000,2,0
CCOC(=O)N(C)C(=O)CSP(=S)(OCC)OCC,ESOL,0.5741,0,0
CC(Cl)CCl,ESOL,0.9091,0,0
CCCC=C(CC)C=O,ESOL,1.0000,1,0
CCOP(=S)(OCC)SCCSCC,ESOL,1.0000,1,0
CCCCCCCCCCCCCCCO,ESOL,1.0000,37,0
CC(C)I,ESOL,0.8571,0,0
CC(C)C(=O)C,ESOL,0.9091,0,0
CCCCCCCCCCCCCCCC,ESOL,1.0000,46,0
CCCCCCC(=O)C,ESOL,1.0000,11,0
CCCCCCCCC(=O)OC,ESOL,1.0000,12,9
CCO,ESOL,1.0000,4,0
CCCCCCCCBr,ESOL,1.0000,7,0
CCC(O)CC,ESOL,0.9091,0,0
CC(C)CCCO,ESOL,0.7647,0,0
CCC(C)(C)O,ESOL,1.0000,1,0
CCOC=O,ESOL,1.0000,1,0
CCCCS,ESOL,0.9167,0,0
ClC(=C(Cl)Cl)Cl,ESOL,0.8333,0,0
CCC(=O)CC,ESOL,0.9091,0,0
C=CC#N,ESOL,0.9000,0,0
CCCCC(=O)C,ESOL,1.0000,2,0
CCCCC(C)CC,ESOL,1.0000,1,0
BrCCBr,ESOL,0.8333,0,0
COC(=O)C=C,ESOL,0.9375,0,0
CCC(O)(CC)CC,ESOL,1.0000,1,0
CC(C)C(=O)C(C)C,ESOL,0.6667,0,0
CSSC,ESOL,0.8333,0,0
CCCCC(O)CC,ESOL,1.0000,1,0
CCCCC(CC)CO,ESOL,1.0000,1,0
CC(C)N(C(C)C)C(=O)SCC(=CCl)Cl,ESOL,0.6250,0,0
CN(C)C(=S)SSC(=S)N(C)C,ESOL,1.0000,1,0
CCCCCCCCCCO,ESOL,1.0000,37,0
CCC(C)(C)CC,ESOL,0.9000,0,0
CNC(=O)C(C)SCCSP(=O)(OC)(OC),ESOL,0.5854,0,0
CCCC=O,ESOL,1.0000,1,0
CCCC,ESOL,1.0000,2,0
ClC(Cl)C(Cl)(Cl)Cl,ESOL,0.8889,0,0
CC(C)CO,ESOL,0.9000,0,0
ICI,ESOL,1.0000,1,0
CCCC(O)CCC,ESOL,0.9231,0,0
CCCCCOC(=O)C,ESOL,0.9500,0,5
FC(F)(Cl)C(F)(F)Cl,ESOL,0.8750,0,0
CC=CC=O,ESOL,1.0000,2,0
CN(C)C(=O)N(C)C,ESOL,0.9091,0,0
CCN(CC)C(=S)SCC(Cl)=C,ESOL,0.5862,0,0
ClCC,ESOL,0.8571,0,0
CC/C=C\C,ESOL,1.0000,2,0
CNC(=O)ON=C(CSC)C(C)(C)C,ESOL,1.0000,1,0
CCCCCCCCCCCCCCCCCCCC,ESOL,1.0000,46,0
CCC(CC)CO,ESOL,0.9231,0,0
Cl\C=C/Cl,ESOL,1.0000,2,0
CC(C)CC(C)O,ESOL,1.0000,1,0
CC(C)(C)CO,ESOL,0.5625,0,0
CC=C,ESOL,1.0000,2,0
CCCCCCC(C)O,ESOL,1.0000,8,0
CC(C)COC(=O)C,ESOL,0.9444,0,0
CC(C)C(C)(C)C,ESOL,1.0000,1,0
FC(F)(F)C(Cl)Br,ESOL,0.7857,0,0
CNC(=O)ON=C(SC)C(=O)N(C)C,ESOL,1.0000,2,0
CCSCCSP(=S)(OC)OC,ESOL,0.6667,0,0
CCC(C)C,ESOL,1.0000,3,0
N#Cc1ccccc1,ESOL,1.0000,3,0
CCOc1ccc(NC(=O)C)cc1,ESOL,1.0000,1,0
CCN(CC)c1c(cc(c(N)c1N(=O)=O)C(F)(F)F)N(=O)=O,ESOL,0.8095,0,0
CCc1ccc(CC)cc1,ESOL,0.9167,0,0
CN(C)C(=O)SCCCCOc1ccccc1,ESOL,1.0000,1,0
CC(=O)Nc1ccc(Br)cc1,ESOL,0.8077,0,0
Cc1ccccc1O,ESOL,1.0000,2,0
Nc1ccc(O)cc1,ESOL,0.8667,0,0
Cc1ccc(C)cc1,ESOL,0.8889,0,0
CCc1ccccc1CC,ESOL,0.9286,0,0
O=N(=O)c1c(Cl)c(Cl)ccc1,ESOL,0.7586,0,0
c1(C#N)c(Cl)c(C#N)c(Cl)c(Cl)c(Cl)1,ESOL,0.8000,0,0
CC(C)c1ccccc1,ESOL,1.0000,1,0
Oc1ccccc1N(=O)=O,ESOL,0.9524,0,6
Oc1c(I)cc(C#N)cc1I,ESOL,0.9048,0,0
c1ccccc1O,ESOL,0.9167,0,0
COP(=S)(OC)SCC(=O)N(C(C)C)c1ccc(Cl)cc1,ESOL,0.6596,0,0
CCCCCCc1ccccc1,ESOL,1.0000,10,12
Clc1cc(Cl)c(Cl)c(Cl)c1Cl,ESOL,0.8462,0,0
Oc1cccc(c1)N(=O)=O,ESOL,0.9565,0,1
CCSCc1ccccc1OC(=O)NC,ESOL,1.0000,1,0
CC(C)(C)c1ccc(O)cc1,ESOL,0.9412,0,0
Clc1cccc(I)c1,ESOL,0.5789,0,0
Cc1cccc(C)c1,ESOL,1.0000,1,0
Oc1cccc(O)c1,ESOL,1.0000,1,0
COP(=S)(OC)Oc1cc(Cl)c(I)cc1Cl,ESOL,0.7333,0,0
Cc1ccc(Cl)cc1,ESOL,0.9286,0,0
CCCCOC(=O)c1ccc(N)cc1,ESOL,0.9000,0,0
CCN(CC(C)=C)c1c(cc(cc1N(=O)=O)C(F)(F)F)N(=O)=O,ESOL,1.0000,1,0
Clc1ccc(Cl)c(Cl)c1Cl,ESOL,0.9091,0,0
CCOP(=S)(CC)Oc1cc(Cl)c(Cl)cc1Cl,ESOL,0.6765,0,0
Clc1cc(Cl)c(Cl)c(Cl)c1,ESOL,0.7500,0,0
Nc1ccccc1O,ESOL,0.9375,0,0
COCC(=O)N(C(C)C(=O)OC)c1c(C)cccc1C,ESOL,1.0000,2,0
CNC(=O)Oc1ccccc1OC(C)C,ESOL,0.7576,0,0
Cc1ccccc1Cl,ESOL,0.9375,0,0
CCOP(=S)(OCC)ON=C(C#N)c1ccccc1,ESOL,0.9444,0,0
Fc1ccccc1,ESOL,0.9167,0,0
Cc1cc(C)c(C)c(C)c1C,ESOL,0.9167,0,0
CCOP(=S)(OCC)SCSc1ccc(Cl)cc1,ESOL,0.7143,0,0
Cc1ccc(cc1N(=O)=O)N(=O)=O,ESOL,0.9583,0,1
CNC(=O)Oc1cccc(N=CN(C)C)c1,ESOL,0.5870,0,0
COP(=S)(OC)Oc1ccc(SC)c(C)c1,ESOL,0.8108,0,0
NC(=S)Nc1ccccc1,ESOL,0.9500,0,1
Oc1ccc(Cl)cc1,ESOL,0.9286,0,0
Cc1cccc(N)c1,ESOL,1.0000,1,0
CCOC(=O)c1ccc(N)cc1,ESOL,1.0000,1,1
Clc1ccc(Cl)c(Cl)c1,ESOL,0.7368,0,0
Oc1ccccc1O,ESOL,1.0000,2,0
Cc1ccccc1Br,ESOL,0.8824,0,0
CCNc1ccccc1,ESOL,1.0000,1,0
CN(C)C(=O)Nc1ccc(Cl)cc1,ESOL,0.8889,0,0
Brc1cc(Br)c(Br)cc1Br,ESOL,0.6667,0,0
COc1ccc(Cl)cc1,ESOL,0.9412,0,0
COP(=S)(OC)Oc1ccc(N(=O)=O)c(C)c1,ESOL,0.8684,0,0
NC(=O)c1ccccc1O,ESOL,0.9500,0,3
Cc1ccccc1N(=O)=O,ESOL,0.9524,0,2
CCc1ccccc1C,ESOL,1.0000,1,0
CCCCOC(=O)c1ccccc1C(=O)OCCCC,ESOL,1.0000,1,2
COc1c(O)c(Cl)c(Cl)c(Cl)c1Cl,ESOL,1.0000,1,0
COc1ccc(cc1)N(=O)=O,ESOL,0.9545,0,2
Nc1ccc(cc1)S(N)(=O)=O,ESOL,0.9444,0,0
CCCN(CCC)c1c(cc(cc1N(=O)=O)C(C)C)N(=O)=O,ESOL,0.6923,0,0
CCOP(=S)(NC(C)C)Oc1ccccc1C(=O)OC(C)C,ESOL,0.6471,0,0
Clc1cccc(Cl)c1Cl,ESOL,1.0000,1,0
O=N(=O)c1cc(Cl)c(Cl)cc1,ESOL,0.7241,0,0
CCOc1ccc(NC(N)=O)cc1,ESOL,0.9310,0,0
COc1ccc(C=CC)cc1,ESOL,1.0000,3,1
CC(C)c1ccc(NC(=O)N(C)C)cc1,ESOL,0.7419,0,0
Cc1c(cc(cc1N(=O)=O)N(=O)=O)N(=O)=O,ESOL,0.9524,0,1
CC(C)OP(=S)(OC(C)C)SCCNS(=O)(=O)c1ccccc1,ESOL,0.5106,0,0
CC(C)c1ccccc1C,ESOL,0.9444,0,0
Nc1cccc(Cl)c1,ESOL,0.9444,0,0
CN(C)C(=O)Nc1cccc(c1)C(F)(F)F,ESOL,1.0000,1,0
Cc1cccc(O)c1,ESOL,1.0000,1,0
O=N(=O)c1ccc(cc1)N(=O)=O,ESOL,1.0000,1,0
CN(C)C(=O)Nc1ccccc1,ESOL,1.0000,1,0
ClCc1ccccc1,ESOL,1.0000,1,0
CON(C)C(=O)Nc1ccc(Br)c(Cl)c1,ESOL,1.0000,1,0
CC(=O)Nc1ccc(F)cc1,ESOL,0.9545,0,1
CCc1cccc(CC)c1N(COC)C(=O)CCl,ESOL,0.9697,0,1
Clc1ccc(cc1)N(=O)=O,ESOL,1.0000,1,0
Clc1ccccc1N(=O)=O,ESOL,1.0000,1,1
CCCCN(C)C(=O)Nc1ccc(Cl)c(Cl)c1,ESOL,0.7692,0,0
O=N(=O)c1ccccc1,ESOL,0.9412,0,0
Ic1ccccc1,ESOL,0.9167,0,0
COc1ccccc1OCC(O)COC(N)=O,ESOL,0.7805,0,0
CCCCOCN(C(=O)CCl)c1c(CC)cccc1CC,ESOL,0.7619,0,0
Oc1cccc(Cl)c1Cl,ESOL,1.0000,1,0
CCC(=O)Nc1ccc(Cl)c(Cl)c1,ESOL,0.7941,0,0
Cc1ccc(N)cc1,ESOL,0.9286,0,0
c1ccccc1(OC(=O)NC),ESOL,0.9565,0,1
Cc1cccc(C)c1C,ESOL,1.0000,1,0
CNC(=O)Oc1ccc(N(C)C)c(C)c1,ESOL,0.8056,0,0
Oc1c(Br)cc(C#N)cc1Br,ESOL,0.9500,0,1
Oc1c(Cl)c(Cl)c(Cl)c(Cl)c1Cl,ESOL,1.0000,2,0
NC(=O)NCc1ccccc1,ESOL,0.9565,0,1
CN(C)C(=O)Nc1ccc(C)c(Cl)c1,ESOL,1.0000,1,1
CON(C)C(=O)Nc1ccc(Cl)c(Cl)c1,ESOL,0.9394,0,0
CS(=O)(=O)c1ccc(cc1)C(O)C(CO)NC(=O)C(Cl)Cl,ESOL,1.0000,2,0
Oc1ccc(cc1)N(=O)=O,ESOL,0.9474,0,0
Nc1ccccc1N(=O)=O,ESOL,0.9524,0,1
Cc1c(cccc1N(=O)=O)N(=O)=O,ESOL,0.7600,0,0
c1(Br)c(Br)cc(Br)cc1,ESOL,0.5789,0,0
c1(O)c(C)ccc(C(C)C)c1,ESOL,1.0000,1,0
CN(C)C=Nc1ccc(Cl)cc1C,ESOL,0.6486,0,0
Nc1ccc(cc1)N(=O)=O,ESOL,1.0000,1,0
Clc1ccccc1,ESOL,1.0000,3,0
Brc1ccc(I)cc1,ESOL,1.0000,1,0
CCCCCc1ccccc1,ESOL,1.0000,1,12
Oc1ccc(Cl)c(Cl)c1,ESOL,0.9412,0,0
CCN(CC)c1ccccc1,ESOL,1.0000,1,0
Fc1cccc(F)c1,ESOL,1.0000,1,0
CC(C)(C)Cc1ccccc1,ESOL,0.9444,0,0
Clc1ccccc1I,ESOL,0.9375,0,0
Cc1cccc(C)c1O,ESOL,1.0000,1,0
COP(=S)(OC)Oc1ccc(cc1Cl)N(=O)=O,ESOL,0.6512,0,0
CCc1cccc(C)c1N(C(C)COC)C(=O)CCl,ESOL,0.8696,0,0
OCc1ccccc1,ESOL,0.9333,0,0
Oc1ccc(Br)cc1,ESOL,1.0000,2,0
O=N(=O)c1cc(cc(c1)N(=O)=O)N(=O)=O,ESOL,0.7647,0,0
Brc1ccc(Br)cc1,ESOL,0.8889,0,0
Clc1ccc(Cl)cc1,ESOL,0.8889,0,0
Clc1cc(Cl)cc(Cl)c1,ESOL,0.8889,0,0
O=Cc1ccccc1,ESOL,0.9333,0,0
NC(=N)NS(=O)(=O)c1ccc(N)cc1,ESOL,0.6667,0,0
COC(=O)c1ccc(O)cc1,ESOL,1.0000,1,5
Cc1ccc(O)c(C)c1,ESOL,0.9444,0,0
Clc1cccc(c1)N(=O)=O,ESOL,1.0000,1,1
FC(F)(F)c1ccccc1,ESOL,0.9333,0,0
CCCCCCOC(=O)c1ccccc1C(=O)OCCCCCC,ESOL,1.0000,11,5
COC(=O)c1ccccc1C(=O)OC,ESOL,0.9474,0,0
Clc1cc(Cl)c(Cl)cc1Cl,ESOL,0.6667,0,0
Nc1ccccc1Cl,ESOL,0.9375,0,0
COc1cccc(Cl)c1,ESOL,0.9524,0,2
Oc1ccc(C=O)cc1,ESOL,1.0000,1,0
Fc1ccccc1Br,ESOL,0.9375,0,0
Oc1ccc(Cl)cc1Cl,ESOL,0.9444,0,0
Cc1ccccc1N,ESOL,0.9375,0,0
c1(OC)ccc(CC=C)cc1,ESOL,0.7333,0,0
CN(C)C(=O)Nc1cccc(OC(=O)NC(C)(C)C)c1,ESOL,0.7551,0,0
Clc1ccccc1Cl,ESOL,0.9091,0,0
Nc1cccc(c1)N(=O)=O,ESOL,1.0000,1,0
Oc1cc(Cl)cc(Cl)c1Cl,ESOL,0.9444,0,0
Nc1ccccc1,ESOL,1.0000,2,0
Brc1cc(Br)cc(Br)c1,ESOL,0.8889,0,0
COP(=S)(OC)Oc1cc(Cl)c(Cl)cc1Cl,ESOL,1.0000,1,1
COc1cc(CC=C)ccc1O,ESOL,1.0000,1,6
Clc1c(Cl)c(Cl)c(N(=O)=O)c(Cl)c1Cl,ESOL,1.0000,1,0
COC(=O)c1cc(O)c(O)c(O)c1,ESOL,0.9545,0,2
Fc1cccc(Br)c1,ESOL,1.0000,1,0
Clc1ccc(Br)cc1,ESOL,0.9286,0,0
COc1ccccc1N(=O)=O,ESOL,0.8214,0,0
CCC(C)c1cc(cc(N(=O)=O)c1O)N(=O)=O,ESOL,0.8649,0,0
COc1ccccc1O,ESOL,1.0000,1,0
Oc1ccc(Cl)c(Cl)c1Cl,ESOL,0.9412,0,0
COc1ccccc1,ESOL,1.0000,2,0
CCc1ccc(C)cc1,ESOL,0.9375,0,0
O=N(=O)c1cccc(c1)N(=O)=O,ESOL,1.0000,1,0
Nc1ccc(Cl)cc1,ESOL,0.7647,0,0
CC(C)(C)c1ccccc1,ESOL,1.0000,1,0
Brc1ccccc1,ESOL,0.9167,0,0
CCOC(=O)c1ccc(O)cc1,ESOL,0.9583,0,3
COC(=O)c1ccccc1,ESOL,1.0000,1,7
CN(C)C(=O)Nc1ccc(Cl)c(Cl)c1,ESOL,0.7941,0,0
Oc1ccccc1Cl,ESOL,1.0000,1,0
CCOc1ccccc1,ESOL,1.0000,1,0
CCOC(=O)C=Cc1ccccc1,ESOL,1.0000,1,3
Cc1ccc(cc1)S(=O)(=O)N,ESOL,0.9474,0,0
CC(OC(=O)Nc1cccc(Cl)c1)C#C,ESOL,0.7381,0,0
CCOP(=S)(OCC)Oc1ccc(cc1)S(C)=O,ESOL,1.0000,1,0
Cc1ccc(C)c(C)c1,ESOL,0.9333,0,0
Oc1cc(Cl)c(Cl)cc1Cl,ESOL,0.7333,0,0
NNc1ccccc1,ESOL,1.0000,2,0
Oc1c(Cl)ccc(Cl)c1Cl,ESOL,0.6500,0,0
Brc1cccc(Br)c1,ESOL,1.0000,1,0
CC(=O)Nc1ccccc1,ESOL,1.0000,1,1
CC(=O)c1ccccc1,ESOL,0.9412,0,0
CCCOC(=O)c1ccc(N)cc1,ESOL,0.8667,0,0
CCOC(=O)c1ccccc1,ESOL,1.0000,1,3
CON(C)C(=O)Nc1ccc(Cl)cc1,ESOL,1.0000,1,0
Cc1ccc(Br)cc1,ESOL,0.9286,0,0
CCCCN(CC)c1c(cc(cc1N(=O)=O)C(F)(F)F)N(=O)=O,ESOL,0.8421,0,0
Cc1cc(C)c(O)c(C)c1,ESOL,0.9333,0,0
c1ccccc1,ESOL,1.0000,4,0
Clc1ccc(I)cc1,ESOL,0.9286,0,0
COc1ccc(NC(=O)N(C)C)cc1Cl,ESOL,0.7692,0,0
CC(C)N(C(=O)CCl)c1ccccc1,ESOL,0.7500,0,0
C=Cc1ccccc1,ESOL,1.0000,2,0
Cc1ccccc1C,ESOL,0.9091,0,0
Oc1ccc(O)cc1,ESOL,1.0000,1,0
c1(O)cc(O)ccc1CCCCCC,ESOL,1.0000,2,2
Oc1c(Cl)cc(Cl)c(Cl)c1Cl,ESOL,1.0000,1,0
Clc1cccc(Cl)c1,ESOL,0.9231,0,0
c1ccccc1SC,ESOL,0.9333,0,0
CCCCC(CC)COC(=O)c1ccccc1C(=O)OCC(CC)CCCC,ESOL,0.9697,0,1
Cc1cc(C)cc(O)c1,ESOL,0.9286,0,0
ClCC#CCOC(=O)Nc1cccc(Cl)c1,ESOL,0.9730,0,1
CC(=O)Nc1ccc(Cl)cc1,ESOL,1.0000,1,0
CNc1ccccc1,ESOL,1.0000,1,0
Cc1cc(cc(N(=O)=O)c1O)N(=O)=O,ESOL,0.9615,0,2
Oc1cccc(Cl)c1,ESOL,0.9444,0,0
Clc1cccc(Br)c1,ESOL,0.8947,0,0
OCCOc1ccccc1,ESOL,0.9500,0,2
CCc1ccccc1,ESOL,0.9333,0,0
CC(C#C)N(C)C(=O)Nc1ccc(Cl)cc1,ESOL,0.6400,0,0
COc1ccc(C=O)cc1,ESOL,0.9500,0,2
CC(=O)Nc1ccc(cc1)N(=O)=O,ESOL,0.8929,0,0
CC(=O)Nc1ccc(O)cc1,ESOL,1.0000,1,1
CCCCOc1ccc(C(=O)OCC)c(c1)N(CC)CC,ESOL,0.6383,0,0
Cc1c(C)c(C)c(C)c(C)c1C,ESOL,0.8333,0,0
CC(C)c1ccc(C)cc1O,ESOL,0.9545,0,3
CCOP(=S)(OCC)Oc1ccc(cc1)N(=O)=O,ESOL,0.9394,0,0
CC(C)OC(=O)Nc1cccc(Cl)c1,ESOL,0.9118,0,0
CC(O)c1ccccc1,ESOL,1.0000,3,0
c1(C(=O)OCCCCCC(C)(C))c(C(=O)OCCCCCC(C)(C))cccc1,ESOL,1.0000,4,1
Cc1cc(C)cc(C)c1,ESOL,0.8889,0,0
CCCCCCCCOC(=O)c1ccccc1C(=O)OCCCCCCCC,ESOL,1.0000,11,5
O=N(=O)c1ccccc1N(=O)=O,ESOL,0.9375,0,0
Fc1ccc(F)cc1,ESOL,1.0000,1,0
CCCN(CCC)c1c(cc(cc1N(=O)=O)C(F)(F)F)N(=O)=O,ESOL,1.0000,1,1
c1c(NC(=O)OC(C)C(=O)NCC)cccc1,ESOL,0.6600,0,0
Cc1ccc(cc1)N(=O)=O,ESOL,0.9474,0,0
Cc1ccc(O)cc1,ESOL,1.0000,1,0
CN(C)c1ccccc1,ESOL,1.0000,1,0
CNC(=O)Oc1ccccc1C(C)C,ESOL,1.0000,2,0
COc1ccccc1Cl,ESOL,0.9474,0,0
COP(=S)(OC)Oc1cc(Cl)c(Br)cc1Cl,ESOL,0.8235,0,0
CC(C)c1ccc(C)cc1,ESOL,1.0000,2,0
Oc1c(Cl)cccc1Cl,ESOL,1.0000,1,0
OCC(NC(=O)C(Cl)Cl)C(O)c1ccc(cc1)N(=O)=O,ESOL,1.0000,2,2
Brc1ccccc1Br,ESOL,0.9091,0,0
Oc1c(Cl)cc(Cl)cc1Cl,ESOL,0.8750,0,0
CCCN(CCC)c1c(cc(cc1N(=O)=O)S(N)(=O)=O)N(=O)=O,ESOL,0.8158,0,0
Cc1ccc(O)cc1C,ESOL,0.9412,0,0
Sc1ccccc1,ESOL,1.0000,1,0
CNC(=O)Oc1cc(C)cc(C)c1,ESOL,0.6129,0,0
NC(=O)c1ccccc1,ESOL,1.0000,1,0
Clc1ccccc1Br,ESOL,0.9375,0,0
Oc1cc(Cl)cc(Cl)c1,ESOL,0.5714,0,0
Cc1ccccc1,ESOL,1.0000,8,0
Oc1cc(Cl)c(Cl)c(Cl)c1Cl,ESOL,0.6957,0,0
CCOC(=O)c1ccccc1C(=O)OCC,ESOL,0.9545,0,1
CC(C)Cc1ccccc1,ESOL,0.9444,0,0
Oc1c(Cl)c(Cl)cc(Cl)c1Cl,ESOL,0.6667,0,0
CCCc1ccccc1,ESOL,0.9412,0,0
Cc1cc(C)c(C)cc1C,ESOL,0.8889,0,0
CC(=O)Nc1cc(NS(=O)(=O)C(F)(F)F)c(C)cc1C,ESOL,0.6750,0,0
c1(C(C)(C)C)cc(C(C)(C)C)cc(OC(=O)NC)c1,ESOL,1.0000,1,0
CCCCc1ccccc1,ESOL,0.9474,0,0
N#Cc1ccccc1C#N,ESOL,0.9286,0,0
Cc1cccc(c1)N(=O)=O,ESOL,0.8800,0,0
COP(=O)(OC)OC(=CCl)c1cc(Cl)c(Cl)cc1Cl,ESOL,0.7895,0,0
Clc1cc(Cl)c(c(Cl)c1)c2c(Cl)cccc2Cl,ESOL,0.7500,0,0
Clc1ccc(c(Cl)c1)c2c(Cl)ccc(Cl)c2Cl,ESOL,1.0000,1,0
c1c(Cl)cccc1c2ccccc2,ESOL,0.9474,0,0
Clc1cccc(c1Cl)c2c(Cl)c(Cl)cc(Cl)c2Cl,ESOL,0.5926,0,0
Clc1cc(Cl)c(Cl)c(c1Cl)c2c(Cl)c(Cl)cc(Cl)c2Cl,ESOL,0.8571,0,0
Clc1ccccc1c2ccccc2Cl,ESOL,0.6842,0,0
Clc1cccc(c1)c2cc(Cl)ccc2Cl,ESOL,0.7143,0,0
Clc1ccc(Cl)c(c1)c2ccc(Cl)c(Cl)c2,ESOL,0.9545,0,1
Clc1ccccc1c2ccccc2,ESOL,0.8500,0,0
Clc1ccc(cc1)c2ccccc2Cl,ESOL,0.8000,0,0
Clc1ccc(cc1)c2ccc(Cl)cc2,ESOL,0.9167,0,0
Cc1ccc(cc1)c2ccccc2,ESOL,1.0000,2,0
Clc1cc(c(Cl)c(Cl)c1Cl)c2cc(Cl)c(Cl)c(Cl)c2Cl,ESOL,0.7222,0,0
Clc1cc(Cl)c(cc1Cl)c2cccc(Cl)c2Cl,ESOL,0.6667,0,0
Clc1ccc(cc1)c2cccc(Cl)c2Cl,ESOL,0.7200,0,0
Clc1ccc(cc1Cl)c2ccccc2,ESOL,0.7368,0,0
Clc1cccc(c1Cl)c2cccc(Cl)c2Cl,ESOL,0.6875,0,0
Oc1ccc(cc1)c2ccccc2,ESOL,1.0000,1,0
Clc1ccc(c(Cl)c1)c2cc(Cl)ccc2Cl,ESOL,0.6429,0,0
Clc1ccc(c(Cl)c1)c2ccc(Cl)c(Cl)c2Cl,ESOL,0.6667,0,0
Clc1ccc(c(Cl)c1Cl)c2ccc(Cl)c(Cl)c2Cl,ESOL,0.7000,0,0
Nc1ccc(cc1)c2ccc(N)cc2,ESOL,1.0000,1,0
Clc2c(Cl)c(Cl)c(c1ccccc1)c(Cl)c2Cl,ESOL,0.8235,0,0
Clc1c(Cl)c(Cl)c(c(Cl)c1Cl)c2c(Cl)c(Cl)c(Cl)c(Cl)c2Cl,ESOL,0.8889,0,0
Clc1ccc(c(Cl)c1)c2c(Cl)c(Cl)c(Cl)c(Cl)c2Cl,ESOL,0.6800,0,0
Clc1ccc(Cl)c(c1)c2cc(Cl)c(Cl)c(Cl)c2Cl,ESOL,1.0000,1,0
Clc1ccc(Cl)c(c1)c2cccc(Cl)c2Cl,ESOL,0.6552,0,0
Clc1ccc(Cl)c(c1)c2c(Cl)c(Cl)cc(Cl)c2Cl,ESOL,0.7692,0,0
Clc1ccc(cc1Cl)c2cc(Cl)c(Cl)c(Cl)c2Cl,ESOL,0.6786,0,0
c1ccc(cc1)c2ccccc2,ESOL,0.9000,0,0
Clc1cc(Cl)c(c(Cl)c1)c2c(Cl)cc(Cl)cc2Cl,ESOL,0.6000,0,0
Clc1ccc(Cl)c(c1)c2c(Cl)c(Cl)c(Cl)c(Cl)c2Cl,ESOL,0.6667,0,0
Clc1ccc(cc1)c2cc(Cl)ccc2Cl,ESOL,0.7500,0,0
Clc1ccc(c(Cl)c1)c2cc(Cl)c(Cl)c(Cl)c2Cl,ESOL,0.6923,0,0
Clc1cccc(Cl)c1c2ccccc2,ESOL,0.6957,0,0
Clc1ccc(cc1)c2c(Cl)cccc2Cl,ESOL,0.9474,0,0
Clc1cccc(Cl)c1c2c(Cl)cccc2Cl,ESOL,1.0000,1,0
Clc1cc(Cl)c(cc1Cl)c2cc(Cl)c(Cl)cc2Cl,ESOL,1.0000,1,0
Clc1ccc(c(Cl)c1Cl)c2c(Cl)cc(Cl)c(Cl)c2Cl,ESOL,0.6667,0,0
Clc1ccc2ccccc2c1,ESOL,1.0000,1,0
Cc1ccc(C)c2ccccc12,ESOL,0.9286,0,0
Cc1cc(C)c2ccccc2c1,ESOL,0.6667,0,0
CCc1cccc2ccccc12,ESOL,0.9524,0,2
Brc1cccc2ccccc12,ESOL,0.9444,0,0
Nc1cccc2ccccc12,ESOL,0.9444,0,0
Oc1ccc2ccccc2c1,ESOL,1.0000,1,0
c1c(Br)ccc2ccccc12,ESOL,0.8947,0,0
c1ccc2ccccc2c1,ESOL,1.0000,1,0
Ic1cccc2ccccc12,ESOL,0.8947,0,0
Cc1ccc2ccccc2c1,ESOL,0.9444,0,0
Clc1cccc2ccccc12,ESOL,1.0000,1,0
Brc1ccc2ccccc2c1,ESOL,0.8947,0,0
CCc1ccc2ccccc2c1,ESOL,1.0000,1,1
Cc1cccc2ccccc12,ESOL,0.9444,0,0
CCN(CC)C(=O)C(C)Oc1cccc2ccccc12,ESOL,1.0000,2,0
Cc1ccc2cc(C)ccc2c1,ESOL,0.8667,0,0
Cc1cccc2c(C)cccc12,ESOL,0.9286,0,0
Oc1cccc2ccccc12,ESOL,0.9444,0,0
Cc1cc2ccccc2cc1C,ESOL,0.9333,0,0
O=N(=O)c1cccc2ccccc12,ESOL,0.8148,0,0
CNC(=O)Oc1cccc2ccccc12,ESOL,0.9333,0,0
CCCCC1(CC)C(=O)NC(=O)NC1=O,ESOL,0.9583,0,1
CCC1(CCC(C)C)C(=O)NC(=O)NC1=O,ESOL,1.0000,1,1
O=C1NC(=O)NC(=O)C1(CC)C(C)CC,ESOL,1.0000,1,0
O=C1NC(=O)NC(=O)C1(C)CC=C,ESOL,1.0000,1,0
CCC(C)C1(CC=C)C(=O)NC(=O)NC1=O,ESOL,0.7576,0,0
O=C1NC(=O)NC(=O)C1(C(C)C)C(C)C,ESOL,0.4643,0,0
O=C1NC(=O)NC(=O)C1(CC)CC,ESOL,0.9444,0,0
CCC1(CC)C(=O)NC(=O)N(C)C1=O,ESOL,0.7000,0,0
O=C1NC(=O)NC(=O)C1(C(C)CCC)CC=C,ESOL,1.0000,1,1
O=C1NC(=O)NC(=O)C1(CC)C(C)CCC,ESOL,0.9615,0,2
O=C1NC(=O)NC(=O)C1(C(C)C)CC=C,ESOL,0.7586,0,0
O=C1NC(=O)NC(=O)C1(CC)CC=C,ESOL,0.7500,0,0
CCC1(C(C)C)C(=O)NC(=O)NC1=O,ESOL,0.6923,0,0
O=C1NC(=O)NC(=O)C1(CC=C)CC=C,ESOL,0.6786,0,0
O=C1NC(=O)NC(=O)C1(CC)CCC(C)C,ESOL,1.0000,1,1
O=C1NC(=O)NC(=O)C1(CC)C(C)C,ESOL,0.6923,0,0
O=C1NC(=O)NC(=O)C1(C)CC,ESOL,0.6522,0,0
O=C1NC(=O)NC(=O)C1(CC)CC=C(C)C,ESOL,0.5714,0,0
CCC(C)C1(CC(Br)=C)C(=O)NC(=O)NC1=O,ESOL,0.7353,0,0
O=C1NC(=O)NC(=O)C1(C)C,ESOL,0.7333,0,0
O=C1NC(=O)NC(=O)C1(C(C)C)CC=C(C)C,ESOL,0.5278,0,0
CC12CCC3C(CCC4=CC(=O)CCC34C)C2CCC1C(=O)CO,ESOL,1.0000,1,0
CC34CC(O)C1(F)C(CCC2=CC(=O)CCC12C)C3CCC4(O)C(=O)CO,ESOL,0.8704,0,0
CC12CCC(=O)C=C1CCC3C2CCC4(C)C3CCC4(O)C#C,ESOL,1.0000,5,1
CC1(O)CCC2C3CCC4=CC(=O)CCC4(C)C3CCC21C,ESOL,1.0000,5,0
CC12CC(O)C3C(CCC4=CC(=O)CCC34C)C2CCC1(O)C(=O)CO,ESOL,1.0000,10,1
CC(=O)OCC(=O)C3CCC4C2CCC1=CC(=O)CCC1(C)C2CCC34C,ESOL,1.0000,4,0
CC(=O)C1CCC2C3CCC4=CC(=O)CCC4(C)C3CCC12C,ESOL,1.0000,7,2
CC(=O)OC3CCC4C2CCC1=CC(=O)CCC1(C)C2CCC34C,ESOL,1.0000,5,0
CC(=O)C1(O)CCC2C3CCC4=CC(=O)CCC4(C)C3CCC21C,ESOL,1.0000,5,0
CC13CCC(=O)C=C1CCC4C2CCC(C(=O)CO)C2(CC(O)C34)C=O,ESOL,1.0000,2,0
CCC(=O)OC3CCC4C2CCC1=CC(=O)CCC1(C)C2CCC34C,ESOL,1.0000,5,1
CC12CCC3C(CCC4=CC(=O)CCC34C)C2CCC1O,ESOL,1.0000,10,1
CC(=O)OCC(=O)C1(O)CCC2C3CCC4=CC(=O)CCC4(C)C3C(O)CC21C,ESOL,1.0000,4,0
CC(=O)OC3(C)CCC4C2CCC1=CC(=O)CCC1(C)C2CCC34C,ESOL,0.7647,0,0
CC12CC(O)C3C(CCC4=CC(=O)CCC34C)C2CCC1C(=O)CO,ESOL,1.0000,3,1
CC34CCC1C(CCC2=CC(=O)CCC12O)C3CCC4(O)C#C,ESOL,0.7917,0,0
CC(=O)OC3(CCC4C2CCC1=CC(=O)CCC1C2CCC34C)C#C,ESOL,1.0000,2,0
CCNc1nc(Cl)nc(n1)N(CC)CC,ESOL,0.7500,0,0
CCNc1nc(Cl)nc(NC(C)C)n1,ESOL,1.0000,2,0
CCN(CC)c1nc(Cl)nc(NC(C)C)n1,ESOL,0.7667,0,0
COc1nc(NC(C)C)nc(NC(C)C)n1,ESOL,0.7500,0,0
CCN(CC)c1nc(Cl)nc(n1)N(CC)CC,ESOL,0.7917,0,0
CCNc1nc(NC(C)C)nc(SC)n1,ESOL,0.7742,0,0
CCNc1nc(NC(C)(C)C)nc(SC)n1,ESOL,0.6222,0,0
CCNc1nc(NC(C)C)nc(OC)n1,ESOL,1.0000,1,0
CCNc1nc(Cl)nc(NCC)n1,ESOL,1.0000,1,0
CSc1nc(nc(n1)N(C)C)N(C)C,ESOL,0.6538,0,0
COCCCNc1nc(NC(C)C)nc(SC)n1,ESOL,0.6731,0,0
CCNc1nc(Cl)nc(NC(C)(C)C#N)n1,ESOL,1.0000,1,0
CN(C)c1nc(nc(n1)N(C)C)N(C)C,ESOL,1.0000,1,0
CC(C)Nc1nc(Cl)nc(NC(C)C)n1,ESOL,0.7500,0,0
CSc1nc(NC(C)C)nc(NC(C)C)n1,ESOL,1.0000,1,0
CCNc1nc(NC(C)(C)C)nc(OC)n1,ESOL,0.7879,0,0
c1ccncc1,ESOL,1.0000,3,0
Cc1ccncc1C,ESOL,1.0000,1,0
Cc1cccc(C)n1,ESOL,0.9286,0,0
Cc1cccnc1C,ESOL,0.9444,0,0
Oc1ccccn1,ESOL,0.9412,0,0
Cc1ccnc(C)c1,ESOL,0.9444,0,0
CCOP(=S)(OCC)Oc1nc(Cl)c(Cl)cc1Cl,ESOL,0.9688,0,1
c1nccc(C(=O)NN)c1,ESOL,0.9545,0,2
COC(=O)c1cccnc1,ESOL,1.0000,1,0
CCc1ccccn1,ESOL,0.9500,0,2
Cc1cncc(C)c1,ESOL,0.9286,0,0
NC(=O)c1cccnc1,ESOL,1.0000,1,3
Clc1cccc(n1)C(Cl)(Cl)Cl,ESOL,1.0000,1,0
Oc1ccncc1,ESOL,0.9286,0,0
COc1ccc(cc1)C(c2ccc(OC)cc2)C(Cl)(Cl)Cl,ESOL,0.9167,0,0
ClC(Cl)C(c1ccc(Cl)cc1)c2ccc(Cl)cc2,ESOL,0.7727,0,0
c1ccccc1C(O)c2ccccc2,ESOL,1.0000,1,0
OC(c1ccc(Cl)cc1)(c2ccc(Cl)cc2)C(Cl)(Cl)Cl,ESOL,0.6538,0,0
ClC(Cl)C(c1ccc(Cl)cc1)c2ccccc2Cl,ESOL,0.7576,0,0
c1ccc(Cl)cc1C(c2ccc(Cl)cc2)(O)C(=O)OC(C)C,ESOL,0.7778,0,0
CN(C)C(=O)C(c1ccccc1)c2ccccc2,ESOL,0.9565,0,3
Clc1ccc(cc1)C(c2ccc(Cl)cc2)C(Cl)(Cl)Cl,ESOL,0.9474,0,0
C(c1ccccc1)c2ccccc2,ESOL,1.0000,2,0
CC(C)OC(=O)C(O)(c1ccc(Br)cc1)c2ccc(Br)cc2,ESOL,0.6970,0,0
Oc1ccc(Cl)cc1Cc2cc(Cl)ccc2O,ESOL,0.9524,0,1
CC(C)C1CCC(C)CC1O,ESOL,1.0000,4,2
OC1CCCCC1,ESOL,1.0000,5,0
CCSC(=O)N(CC)C1CCCCC1,ESOL,1.0000,1,0
ClC1C(Cl)C(Cl)C(Cl)C(Cl)C1Cl,ESOL,0.8333,0,0
C/C1CCC(\C)CC1,ESOL,0.8889,0,0
C1CCCCC1,ESOL,1.0000,22,0
CC1CCCCC1,ESOL,1.0000,7,0
C/C1CCCCC1\C,ESOL,1.0000,3,0
CCC1CCCCC1,ESOL,1.0000,3,0
OC1C(O)C(O)C(O)C(O)C1O,ESOL,1.0000,2,0
Cc1ncnc2nccnc12,ESOL,0.5385,0,0
Oc2ncc1nccnc1n2,ESOL,0.5556,0,0
COc2cnc1ncncc1n2,ESOL,0.5806,0,0
COc1ncnc2nccnc12,ESOL,0.5312,0,0
COc2ncc1nccnc1n2,ESOL,0.6552,0,0
Cc2ncc1nccnc1n2,ESOL,1.0000,1,0
Cc2cnc1cncnc1n2,ESOL,0.6000,0,0
COc2cnc1cncnc1n2,ESOL,0.5357,0,0
c2cnc1ncncc1n2,ESOL,0.9500,0,2
CC34CC(O)C1(F)C(CCC2=CC(=O)C=CC12C)C3CC(O)C4(O)C(=O)CO,ESOL,1.0000,8,1
CC(=O)OCC(=O)C3(O)C(CC4C2CCC1=CC(=O)C=CC1(C)C2(F)C(O)CC34C)OC(C)=O,ESOL,1.0000,1,0
CC12CC(O)C3C(CCC4=CC(=O)C=CC34C)C2CCC1(O)C(=O)CO,ESOL,1.0000,7,0
CC1CC2C3CCC4=CC(=O)C=CC4(C)C3(F)C(O)CC2(C)C1(O)C(=O)CO,ESOL,1.0000,6,4
CC(=O)OCC(=O)C3(O)CCC4C2CCC1=CC(=O)C=CC1(C)C2C(O)CC34C,ESOL,1.0000,4,0
CCCCC(=O)OC3(C(C)CC4C2CCC1=CC(=O)C=CC1(C)C2(F)C(O)CC34C)C(=O)CO,ESOL,1.0000,4,1
CC1CC2C3CC(F)C4=CC(=O)C=CC4(C)C3(F)C(O)CC2(C)C1(O)C(=O)CO,ESOL,1.0000,9,0
CC4CC3C2CCC1=CC(=O)C=CC1(C)C2(F)C(O)CC3(C)C4(O)C(=O)COC(C)=O,ESOL,1.0000,4,1
CC1CC2C3CCC(O)(C(=O)C)C3(C)CC(O)C2(F)C4(C)C=CC(=O)C=C14,ESOL,1.0000,2,1
O=C1N(COC(=O)CCCCC)C(=O)C(N1)(c2ccccc2)c3ccccc3,ESOL,0.9767,0,1
O=C1N(COC(=O)CCCCCCC)C(=O)C(N1)(c2ccccc2)c3ccccc3,ESOL,1.0000,1,0
O=C1N(COC(=O)CCCCCC)C(=O)C(N1)(c2ccccc2)c3ccccc3,ESOL,1.0000,1,0
O=C1NC(=O)C(N1)(c2ccccc2)c3ccccc3,ESOL,1.0000,2,3
O=C1N(COC(=O)CCCC)C(=O)C(N1)(c2ccccc2)c3ccccc3,ESOL,0.9091,0,0
O=C1N(COC(=O)C)C(=O)C(N1)(c2ccccc2)c3ccccc3,ESOL,0.6977,0,0
O=C1N(COC(=O)CC)C(=O)C(N1)(c2ccccc2)c3ccccc3,ESOL,0.7391,0,0
O=C1N(COC(=O)CCC)C(=O)C(N1)(c2ccccc2)c3ccccc3,ESOL,0.8222,0,0
CC1(C)C(C=C(Cl)Cl)C1C(=O)OC(C#N)c2ccc(F)c(Oc3ccccc3)c2,ESOL,0.8689,0,0
CC1(C)C(C=C(Br)Br)C1C(=O)OC(C#N)c2cccc(Oc3ccccc3)c2,ESOL,1.0000,2,1
CC1(C)C(C=C(Cl)Cl)C1C(=O)OC(C#N)c2cccc(Oc3ccccc3)c2,ESOL,1.0000,2,0
CC1(C)C(C=C(Cl)Cl)C1C(=O)OCc2cccc(Oc3ccccc3)c2,ESOL,0.9783,0,1
CC1(C)C(C=C(Cl)C(F)(F)F)C1C(=O)OC(C#N)c2cccc(Oc3ccccc3)c2,ESOL,1.0000,5,0
CC1(C)C(C(=O)OC(C#N)c2cccc(Oc3ccccc3)c2)C1(C)C,ESOL,1.0000,1,0
CC(C)=CC3C(C(=O)OCc2cccc(Oc1ccccc1)c2)C3(C)C,ESOL,0.8367,0,0
CCC(C)n1c(=O)[nH]c(C)c(Br)c1=O,ESOL,1.0000,1,0
Cc1c[nH]c(=O)[nH]c1=O,ESOL,0.9500,0,3
Fc1c[nH]c(=O)[nH]c1=O,ESOL,1.0000,1,1
O=c1cc[nH]c(=O)[nH]1,ESOL,1.0000,3,0
CSCS(=O)CC(CO)NC(=O)C=Cc1c(C)[nH]c(=O)[nH]c1=O,ESOL,0.9600,0,1
Cn1ccc(=O)[nH]c1=O,ESOL,0.9524,0,1
Cc1[nH]c(=O)n(c(=O)c1Cl)C(C)(C)C,ESOL,1.0000,1,0
OC3N=C(c1ccccc1)c2cc(Cl)ccc2NC3=O,ESOL,0.7907,0,0
CN2C(=O)CN=C(c1ccccc1)c3cc(ccc23)N(=O)=O,ESOL,1.0000,1,0
O=C3CN=C(c1ccccc1)c2cc(ccc2N3)N(=O)=O,ESOL,1.0000,1,0
Clc1ccccc1C2=NCC(=O)Nc3ccc(cc23)N(=O)=O,ESOL,1.0000,1,0
CN2C(=O)CN=C(c1ccccc1)c3cc(Cl)ccc23,ESOL,1.0000,1,2
OC3N=C(c1ccccc1Cl)c2cc(Cl)ccc2NC3=O,ESOL,1.0000,1,0
CCN2c1ncccc1N(C)C(=O)c3cccnc23,ESOL,0.8158,0,0
CCN2c1ncccc1N(CC)C(=O)c3cccnc23,ESOL,1.0000,1,0
CCN2c1nc(C)cc(C(F)(F)F)c1NC(=O)c3cccnc23,ESOL,0.6364,0,0
CCN2c1nc(N(C)(CCO))ccc1NC(=O)c3cccnc23,ESOL,0.4918,0,0
CCN2c1nc(Cl)ccc1N(C)C(=O)c3cccnc23,ESOL,0.6863,0,0
CCN2c1nc(C)cc(C)c1NC(=O)c3cccnc23,ESOL,0.8085,0,0
Nc3ccc2cc1ccccc1cc2c3,ESOL,1.0000,1,0
Cc1c2ccccc2c(C)c3ccccc13,ESOL,0.9231,0,0
c3ccc2c(O)c1ccccc1cc2c3,ESOL,0.8947,0,0
Cc1ccc2cc3ccccc3cc2c1,ESOL,0.8333,0,0
Cc1c2ccccc2cc3ccccc13,ESOL,0.9444,0,0
c1ccc2cc3ccccc3cc2c1,ESOL,1.0000,1,0
Clc2ccc(Oc1ccc(cc1)N(=O)=O)c(Cl)c2,ESOL,0.8611,0,0
CCOC(=O)NCCOc2ccc(Oc1ccccc1)cc2,ESOL,0.7568,0,0
COc2ccc(Oc1ccc(NC(=O)N(C)C)cc1)cc2,ESOL,1.0000,1,0
Oc1cc(Cl)ccc1Oc2ccc(Cl)cc2Cl,ESOL,0.9231,0,0
CN(C)C(=O)Nc2ccc(Oc1ccc(Cl)cc1)cc2,ESOL,1.0000,1,0
O(c1ccccc1)c2ccccc2,ESOL,0.9231,0,0
c1ccc2c(c1)ccc3c4ccccc4ccc23,ESOL,1.0000,1,0
Cc1cc2c3ccccc3ccc2c4ccccc14,ESOL,0.8462,0,0
Nc3cc2c1ccccc1ccc2c4ccccc34,ESOL,0.7308,0,0
c1cccc2c3c(C)cc4ccccc4c3ccc12,ESOL,0.7419,0,0
Cc1c(C)c2c3ccccc3ccc2c4ccccc14,ESOL,0.8000,0,0
c2c(C)cc1nc(C)ccc1c2,ESOL,0.6800,0,0
Oc2ccc1ncccc1c2,ESOL,0.9583,0,1
Oc1cccc2ncccc12,ESOL,1.0000,1,0
Oc1cccc2cccnc12,ESOL,0.9545,0,28
c1ccc2ncccc2c1,ESOL,1.0000,1,0
CCOP(=S)(OCC)Oc1cc(C)nc(n1)C(C)C,ESOL,0.9714,0,1
CCCCc1c(C)nc(nc1O)N(C)C,ESOL,0.5000,0,0
c1cncnc1,ESOL,1.0000,1,0
CN(C)C(=O)Oc1nc(nc(C)c1C)N(C)C,ESOL,0.6757,0,0
CCCCc1c(C)nc(NCC)nc1OS(=O)(=O)N(C)C,ESOL,1.0000,1,0
CCCC1CCCC1,ESOL,1.0000,1,0
C1CCCC1,ESOL,1.0000,22,0
CCCCCC1CCCC1,ESOL,1.0000,1,0
CCOP(=S)(OCC)SC(CCl)N1C(=O)c2ccccc2C1=O,ESOL,0.4800,0,0
CCOP(=S)(OCC)SC(CCl)N2C(=O)c1ccccc1C2=O,ESOL,0.4800,0,0
O=C1NC(=O)c2ccccc12,ESOL,0.9375,0,0
CCOP(=S)(OCC)N2C(=O)c1ccccc1C2=O,ESOL,0.5833,0,0
Oc1ccc(Cl)cc1C(=O)Nc2ccc(cc2Cl)N(=O)=O,ESOL,1.0000,1,0
c1c(NC(=O)c2ccccc2(I))cccc1,ESOL,0.7273,0,0
Cc1cccc(C)c1NC(=O)c2cc(c(Cl)cc2O)S(N)(=O)=O,ESOL,0.8864,0,0
c1ccccc1NC(=O)c2c(O)cccc2,ESOL,0.9600,0,1
CCN2c1cc(Cl)ccc1NC(=O)c3cccnc23,ESOL,0.5385,0,0
CCN2c1cc(OC)cc(C)c1NC(=O)c3cccnc23,ESOL,0.6727,0,0
CCN2c1ccccc1N(C)C(=O)c3cccnc23,ESOL,0.7949,0,0
CCN2c1cc(N(C)C)cc(C)c1NC(=O)c3cccnc23,ESOL,0.6182,0,0
Cn1c(=O)n(C)c2nc[nH]c2c1=O,ESOL,1.0000,2,1
Cn1cnc2n(C)c(=O)[nH]c(=O)c12,ESOL,0.9643,0,5
Cn2c(=O)n(C)c1ncn(CC(O)CO)c1c2=O,ESOL,0.9474,0,0
Cn1cnc2n(C)c(=O)n(C)c(=O)c12,ESOL,1.0000,1,7
OC1C=CC2C1C3(Cl)C(=C(Cl)C2(Cl)C3(Cl)Cl)Cl,ESOL,1.0000,1,0
ClC2=C(Cl)C3(Cl)C1C=CCC1C2(Cl)C3(Cl)Cl,ESOL,1.0000,1,0
ClC1C=CC2C1C3(Cl)C(=C(Cl)C2(Cl)C3(Cl)Cl)Cl,ESOL,1.0000,2,0
Nc1c(C)c[nH]c(=O)n1,ESOL,0.4545,0,0
Nc1cc[nH]c(=O)n1,ESOL,0.6154,0,0
Nc1nc(=O)[nH]cc1F,ESOL,0.4545,0,0
Cc2c(N)c(=O)n(c1ccccc1)n2C,ESOL,0.8438,0,0
Cc1cc(=O)n(c2ccccc2)n1C,ESOL,0.8929,0,0
CN(C)c2c(C)n(C)n(c1ccccc1)c2=O,ESOL,0.9667,0,1
ON=Cc1ccc(o1)N(=O)=O,ESOL,0.7586,0,0
O=Cc1ccco1,ESOL,0.9474,0,0
c1ccoc1,ESOL,1.0000,1,0
CC(=O)CCC1C(=O)N(N(C1=O)c2ccccc2)c3ccccc3,ESOL,0.9677,0,1
CCCCC1C(=O)N(N(C1=O)c2ccc(O)cc2)c3ccccc3,ESOL,0.9444,0,0
C1CCOC1,ESOL,1.0000,1,0
CC1CCCO1,ESOL,1.0000,1,0
OCC1OC(O)(CO)C(O)C1O,ESOL,1.0000,4,0
CCOC2Oc1ccc(OS(C)(=O)=O)cc1C2(C)C,ESOL,0.7447,0,0
CNC(=O)Oc1cccc2CC(C)(C)Oc12,ESOL,0.9474,0,0
CCOC(=O)CCN(SN(C)C(=O)Oc1cccc2CC(C)(C)Oc21)C(C)C,ESOL,0.8500,0,0
OC1CCCCCCC1,ESOL,1.0000,5,0
C1CCCCCCC1,ESOL,1.0000,22,0
CN(C)C(=O)NC1CCCCCCC1,ESOL,1.0000,1,0
Cc1ccc2c(ccc3ccccc32)c1,ESOL,0.9545,0,3
c1ccc2c(c1)ccc3ccccc32,ESOL,1.0000,1,0
Cc1cccc2c1ccc3ccccc32,ESOL,0.7308,0,0
C(Cc1ccccc1)c2ccccc2,ESOL,0.9231,0,0
CCC(C(CC)c1ccc(O)cc1)c2ccc(O)cc2,ESOL,1.0000,1,0
c1ccccc1C(O)C(O)c2ccccc2,ESOL,1.0000,1,0
CC1=CC(=O)CC(C)(C)C1,ESOL,0.9524,0,2
CC(=C)C1CC=C(C)C(=O)C1,ESOL,1.0000,1,1
CN(C)C(=O)OC1=CC(=O)CC(C)(C)C1,ESOL,0.6216,0,0
CC1=CCC(CC1)C(C)=C,ESOL,0.9600,0,4
C1CCC=CC1,ESOL,1.0000,5,0
CC1=CCCCC1,ESOL,0.9412,0,0
C1OC(O)C(O)C(O)C1O,ESOL,1.0000,9,0
OCC1OC(O)C(O)C(O)C1O,ESOL,1.0000,31,0
C1CCOCC1,ESOL,1.0000,9,0
O=C1NC(=O)NC(=O)C1(CC=C)c1ccccc1,ESOL,1.0000,1,0
CCC1(C(=O)NC(=O)NC1=O)c2ccccc2,ESOL,0.8065,0,0
O=C1NC(=O)NC(=O)C1(CC)c1ccccc1,ESOL,0.8065,0,0
c1ccccc1n2ncc(N)c(Br)c2(=O),ESOL,0.6316,0,0
CNc2cnn(c1cccc(c1)C(F)(F)F)c(=O)c2Cl,ESOL,0.8723,0,0
Nc2cnn(c1ccccc1)c(=O)c2Cl,ESOL,0.6571,0,0
CC12CCC3C(CCc4cc(O)ccc34)C2CCC1O,ESOL,1.0000,13,6
CC34CCC1C(CCc2cc(O)ccc12)C3CCC4(O)C#C,ESOL,1.0000,4,1
CC34CCC1C(CCc2cc(O)ccc12)C3CC(O)C4O,ESOL,1.0000,7,1
c2ccc1scnc1c2,ESOL,0.9500,0,3
CCOc2ccc1nc(sc1c2)S(N)(=O)=O,ESOL,0.7805,0,0
Sc2nc1ccccc1s2,ESOL,0.5556,0,0
c1cc2ccc(OC)c(CC=C(C)(C))c2oc1=O,ESOL,0.7857,0,0
CCOP(=S)(OCC)Oc2ccc1oc(=O)c(Cl)c(C)c1c2,ESOL,0.8261,0,0
O2c1ccccc1N(CC)C(=O)c3ccccc23,ESOL,0.7179,0,0
O2c1ccc(N)cc1N(C)C(=O)c3cc(C)ccc23,ESOL,1.0000,1,0
C1Cc2c3c1cccc3cc4c2ccc5ccccc54,ESOL,0.6000,0,0
c1cc(C)cc2c1c3cc4cccc5CCc(c45)c3cc2,ESOL,0.5000,0,0
Cc1ncc(N(=O)=O)n1CCO,ESOL,0.9677,0,2
NS(=O)(=O)c2cc1c(NCNS1(=O)=O)cc2Cl,ESOL,1.0000,1,2
NS(=O)(=O)c2cc1c(NC(NS1(=O)=O)C(Cl)Cl)cc2Cl,ESOL,0.6800,0,0
CC2=CC(=O)c1ccccc1C2=O,ESOL,1.0000,2,0
ClC(Cl)CC(=O)NC2=C(Cl)C(=O)c1ccccc1C2=O,ESOL,0.7222,0,0
CCCCc1c(C)nc(NCC)[nH]c1=O,ESOL,1.0000,1,0
Sc1nccc(=O)[nH]1,ESOL,0.4828,0,0
CC(=O)CC(c1ccccc1)c3c(O)c2ccccc2oc3=O,ESOL,1.0000,1,2
CC(=O)CC(c1ccc(Cl)cc1)c2c(O)c3ccccc3oc2=O,ESOL,1.0000,1,0
CC1OC(CC(O)C1O)OC2C(O)CC(OC2C)OC8C(O)CC(OC7CCC3(C)C(CCC4C3CC(O)C5(C)C(CCC45O)C6=CC(=O)OC6)C7)OC8C,ESOL,1.0000,10,1
CC1OC(CC(O)C1O)OC2C(O)CC(OC2C)OC8C(O)CC(OC7CCC3(C)C(CCC4C3CCC5(C)C(CCC45O)C6=CC(=O)OC6)C7)OC8C,ESOL,1.0000,6,4
Cc1c[nH]c2ccccc12,ESOL,0.9524,0,4
c2ccc1[nH]ccc1c2,ESOL,0.9444,0,0
CCOP(=S)(OCC)SCn1c(=O)oc2cc(Cl)ccc12,ESOL,0.8958,0,0
Clc2ccc1oc(=O)[nH]c1c2,ESOL,0.8929,0,0
NC(=O)NC1NC(=O)NC1=O,ESOL,0.9600,0,1
O=C1CNC(=O)N1,ESOL,1.0000,1,0
CC12CC(=O)C3C(CCC4=CC(=O)CCC34C)C2CCC1(O)C(=O)CO,ESOL,1.0000,3,1
CC(=O)OCC(=O)C3(O)CCC4C2CCC1=CC(=O)CCC1(C)C2C(=O)CC34C,ESOL,1.0000,3,0
c3ccc2nc1ccccc1cc2c3,ESOL,1.0000,1,0
Nc2cccc3nc1ccccc1cc23,ESOL,0.7600,0,0
C1CCCCCC1,ESOL,1.0000,22,0
OC1CCCCCC1,ESOL,1.0000,5,0
Nc1ncnc2nc[nH]c12,ESOL,1.0000,3,6
Nc1nc(O)nc2nc[nH]c12,ESOL,0.6552,0,0
Fc1cccc(F)c1C(=O)NC(=O)Nc2cc(Cl)c(F)c(Cl)c2F,ESOL,0.9000,0,0
Fc1cccc(F)c1C(=O)NC(=O)Nc2ccc(Cl)cc2,ESOL,0.7632,0,0
CC(=O)OC3(CCC4C2C=C(C)C1=CC(=O)CCC1(C)C2CCC34C)C(C)=O,ESOL,1.0000,6,1
CC(=O)C3(C)CCC4C2C=C(C)C1=CC(=O)CCC1(C)C2CCC34C,ESOL,1.0000,3,0
CC34CCC1C(CCC2CC(O)CCC12C)C3CCC4=O,ESOL,1.0000,14,0
CC12CCC(O)CC1CCC3C2CCC4(C)C3CCC4=O,ESOL,1.0000,14,0
CCOP(=S)(OCC)Oc1nc(Cl)n(n1)C(C)C,ESOL,1.0000,1,0
Nc1nc[nH]n1,ESOL,0.3226,0,0
Nc1ccc(cc1)S(=O)(=O)c2ccc(N)cc2,ESOL,1.0000,1,0
Cc1cc(ccc1NS(=O)(=O)C(F)(F)F)S(=O)(=O)c2ccccc2,ESOL,0.9459,0,0
CC(C)Oc1cc(c(Cl)cc1Cl)n2nc(oc2=O)C(C)(C)C,ESOL,0.7755,0,0
CN(C)C(=O)Nc1ccc(c(Cl)c1)n2nc(oc2=O)C(C)(C)C,ESOL,1.0000,1,0
c1ccnnc1,ESOL,1.0000,1,0
CCN(CC)C(=O)CSc1ccc(Cl)nn1,ESOL,0.6486,0,0
O2c1cc(C)ccc1N(C)C(=O)c3cc(N)cnc23,ESOL,0.5577,0,0
O2c1ccccc1N(C)C(=O)c3cccnc23,ESOL,0.5778,0,0
Oc2ccc1CCCCc1c2,ESOL,0.9500,0,1
C1CCc2ccccc2C1,ESOL,1.0000,2,0
CCCC(C)C1(CC=C)C(=O)NC(=S)NC1=O,ESOL,0.9688,0,1
CCCC(C)C1(CC)C(=O)NC(=S)NC1=O,ESOL,0.8387,0,0
CC(C)C1CCC(C)CC1=O,ESOL,1.0000,3,1
O=C1CCCCC1,ESOL,1.0000,3,0
CC1(C)C2CCC1(C)C(=O)C2,ESOL,1.0000,2,4
CC2(C)C1CCC(C)(C1)C2=O,ESOL,1.0000,1,0
Cc1cccc2c1Cc3ccccc32,ESOL,0.9583,0,3
C1c2ccccc2c3ccccc13,ESOL,0.9333,0,0
COC(=O)Nc1cccc(OC(=O)Nc2cccc(C)c2)c1,ESOL,0.8857,0,0
CCOC(=O)Nc2cccc(OC(=O)Nc1ccccc1)c2,ESOL,0.8049,0,0
NS(=O)(=O)c1cc(ccc1Cl)C2(O)NC(=O)c3ccccc23,ESOL,0.8000,0,0
COP(=S)(OC)Oc1ccc(Sc2ccc(OP(=S)(OC)OC)cc2)cc1,ESOL,1.0000,1,0
O=C1NC(=O)C(=O)N1,ESOL,0.6923,0,0
O=C1c2ccccc2C(=O)c3ccccc13,ESOL,0.9231,0,0
Cc1cc(no1)C(=O)NNCc2ccccc2,ESOL,1.0000,1,0
CC(C)(C)C(=O)C(Oc1ccc(Cl)cc1)n2cncn2,ESOL,1.0000,1,0
N(Nc1ccccc1)c2ccccc2,ESOL,0.8000,0,0
O=C(c1ccccc1)c2ccccc2,ESOL,1.0000,3,0
Oc2cc(O)c1C(=O)CC(Oc1c2)c3ccc(O)c(O)c3,ESOL,0.8250,0,0
O=C2NC(=O)C1(CCCCCCC1)C(=O)N2,ESOL,0.9444,0,0
O=C(C=CC=Cc2ccc1OCOc1c2)N3CCCCC3,ESOL,1.0000,1,2
COC1=CC(=O)CC(C)C13Oc2c(Cl)c(OC)cc(OC)c2C3=O,ESOL,0.8776,0,0
C1CCC=CCC1,ESOL,1.0000,21,0
COC(=O)c1ccccc1OC2OC(COC3OCC(O)C(O)C3O)C(O)C(O)C2O,ESOL,1.0000,2,0
ClC1CC2C(C1Cl)C3(Cl)C(=C(Cl)C2(Cl)C3(Cl)Cl)Cl,ESOL,1.0000,6,0
CC(=O)SC4CC1=CC(=O)CCC1(C)C5CCC2(C)C(CCC23CCC(=O)O3)C45,ESOL,1.0000,8,0
c1c(O)C2C(=O)C3cc(O)ccC3OC2cc1(OC),ESOL,0.3966,0,0
C2c1ccccc1N(CCF)C(=O)c3ccccc23,ESOL,1.0000,1,0
CC45CCC2C(CCC3CC1SC1CC23C)C4CCC5O,ESOL,1.0000,2,0
OCC2OC(OC1(CO)OC(CO)C(O)C1O)C(O)C(O)C2O,ESOL,1.0000,21,8
N(=Nc1ccccc1)c2ccccc2,ESOL,0.9231,0,0
C1c2ccccc2c3ccc4ccccc4c13,ESOL,0.7812,0,0
O=C1NCCN1c2ncc(s2)N(=O)=O,ESOL,0.6486,0,0
c1ccc2c(c1)c3cccc4ccc5cccc2c5c43,ESOL,0.9412,0,0
C1CCC2CCCCC2C1,ESOL,0.8889,0,0
CCCCNC(=O)n1c(NC(=O)OC)nc2ccccc12,ESOL,0.7963,0,0
ClC1(C2(Cl)C3(Cl)C4(Cl)C5(Cl)C1(Cl)C3(Cl)Cl)C5(Cl)C(Cl)(Cl)C24Cl,ESOL,0.6154,0,0
O=C2NC(=O)C1(CCCC1)C(=O)N2,ESOL,1.0000,1,0
O=C1N(C2CCC(=O)NC2=O)C(=O)c3ccccc13,ESOL,1.0000,4,1
Cc2cccc3sc1nncn1c23,ESOL,0.5122,0,0
C1C=CCC=C1,ESOL,0.8571,0,0
COC(=O)Nc2nc1ccc(cc1[nH]2)C(=O)c3ccccc3,ESOL,1.0000,1,0
CC34CCC1C(CCC2=CC(=O)CCC12C)C3CCC4=O,ESOL,0.9714,0,2
OC(CC(c1ccccc1)c3c(O)c2ccccc2oc3=O)c4ccc(cc4)c5ccc(Br)cc5,ESOL,1.0000,1,0
c2ccc1NCCc1c2,ESOL,0.9500,0,4
OC(C1=CC2C5C(C1C2=C(c3ccccc3)c4ccccn4)C(=O)NC5=O)(c6ccccc6)c7ccccn7,ESOL,1.0000,3,0
CC34CCC1C(CCC2CC(=O)CCC12C)C3CCC4O,ESOL,1.0000,5,1
Nc2nc1[nH]cnc1c(=O)[nH]2,ESOL,0.6061,0,0
CC5(C)OC4CC3C2CCC1=CC(=O)C=CC1(C)C2(F)C(O)CC3(C)C4(O5)C(=O)CO,ESOL,1.0000,3,0
c2ccc1[nH]ncc1c2,ESOL,0.9500,0,1
CCN(Cc1c(F)cccc1Cl)c2c(cc(cc2N(=O)=O)C(F)(F)F)N(=O)=O,ESOL,0.8723,0,0
NS(=O)(=O)c2cc1c(N=CNS1(=O)=O)cc2Cl,ESOL,0.5556,0,0
O=C2NC(=O)C1(CCCCCC1)C(=O)N2,ESOL,0.9444,0,0
CC=C(C(=CC)c1ccc(O)cc1)c2ccc(O)cc2,ESOL,1.0000,1,0
c1ccc2c(c1)c3ccccc3c4ccccc24,ESOL,1.0000,1,0
CC1(OC(=O)N(C1=O)c2cc(Cl)cc(Cl)c2)C=C,ESOL,0.8108,0,0
NS(=O)(=O)c3cc2c(NC(Cc1ccccc1)NS2(=O)=O)cc3C(F)(F)F,ESOL,0.7679,0,0
O=c2[nH]c(=O)c1[nH]c(=O)[nH]c1[nH]2,ESOL,1.0000,2,0
C1c2ccccc2c3cc4ccccc4cc13,ESOL,1.0000,1,1
CC(C)NC(=O)N1CC(=O)N(C1=O)c2cc(Cl)cc(Cl)c2,ESOL,0.9730,0,1
O=C2NC(=O)C1(CCCCC1)C(=O)N2,ESOL,0.9444,0,0
c1ccc2cc3cc4ccccc4cc3cc2c1,ESOL,1.0000,7,0
CCN2c1ncccc1N(C)C(=S)c3cccnc23,ESOL,0.6098,0,0
O=C1CCC(=O)N1,ESOL,1.0000,3,0
c1ccc2c(c1)[nH]c3ccccc32,ESOL,0.9333,0,0
c2ccc1nc(ccc1c2)c4ccc3ccccc3n4,ESOL,0.9444,0,0
c1cc(O)c(O)c2OCC3(O)CC4=CC(=O)C(O)=CC4=C3c21,ESOL,0.4507,0,0
c1ccc2c3c(ccc2c1)c4cccc5cccc3c45,ESOL,0.9600,0,1
COc2c1occc1c(OC)c3c(=O)cc(C)oc23,ESOL,0.9722,0,1
Clc1ccc(CN(C2CCCC2)C(=O)Nc3ccccc3)cc1,ESOL,0.9750,0,1
c1ccc2c(c1)cnc3ccccc23,ESOL,1.0000,1,3
c1cC2C(=O)NC(=O)C2cc1,ESOL,0.6000,0,0
COc2cc1c(N)nc(nc1c(OC)c2OC)N3CCN(CC3)C(=O)OCC(C)(C)O,ESOL,0.7018,0,0
CC1(C)C2CCC1(C)C(O)C2,ESOL,1.0000,3,5
CCCC1C(=O)N3N(C1=O)c2cc(C)ccc2N=C3N(C)C,ESOL,0.7083,0,0
C1(=O)NC(=O)NC(=O)C1(O)C2(O)C(=O)NC(=O)NC2(=O),ESOL,0.5238,0,0
C1CC=CC1,ESOL,1.0000,2,0
CCC2NC(=O)c1cc(c(Cl)cc1N2)S(N)(=O)=O,ESOL,1.0000,1,0
OC(c1ccc(Cl)cc1)(c2cncnc2)c3ccccc3Cl,ESOL,0.8649,0,0
O=c1[nH]cnc2[nH]ncc12,ESOL,0.9600,0,4
c1cc2ccc3ccc4ccc5ccc6ccc1c7c2c3c4c5c67,ESOL,0.8000,0,0
CN(C)C(=O)NC1CC2CC1C3CCCC23,ESOL,1.0000,2,0
c1c(OC)c(OC)C2C(=O)OCC2c1,ESOL,0.3902,0,0
c1cc2ccc3ccc4ccc5cccc6c(c1)c2c3c4c56,ESOL,0.8824,0,0
CC12CC2(C)C(=O)N(C1=O)c3cc(Cl)cc(Cl)c3,ESOL,1.0000,1,1
CC34CCC1C(CC=C2CC(O)CCC12C)C3CCC4=O,ESOL,1.0000,3,1
FC(F)(F)c1cccc(c1)N2CC(CCl)C(Cl)C2=O,ESOL,0.6964,0,0
CC1(C)CON(Cc2ccccc2Cl)C1=O,ESOL,0.9714,0,2
[H].[H].[H][C][H],QM7,0.5000,0,0
[H]C([H])([H])C([H])([H])[H],QM7,1.0000,7,0
[H]C([H])=C([H])[H],QM7,1.0000,1,0
[H]C#C[H],QM7,1.0000,2,0
[H]OC([H])([H])C([H])([H])[H],QM7,1.0000,4,0
[H]C(=O)C([H])([H])[H],QM7,0.8571,0,0
[H]C([H])([H])OC([H])([H])[H],QM7,0.8000,0,0
[H]C([H])([H])C([H])([H])C([H])([H])[H],QM7,1.0000,1,0
[H]C([H])=C([H])C([H])([H])[H],QM7,1.0000,2,0
[H]C#CC([H])([H])[H],QM7,1.0000,3,0
[H]N([H])C([H])([H])C([H])([H])[H],QM7,1.0000,2,0
[H]C([H])([H])C#N,QM7,1.0000,6,0
[H]N(C([H])([H])[H])C([H])([H])[H],QM7,1.0000,1,0
[H]C([H])([H])C#CC([H])([H])[H],QM7,0.8333,0,0
[H]C([H])=C([H])C([H])([H])C([H])([H])[H],QM7,1.0000,1,0
[H]C#CC([H])([H])C([H])([H])[H],QM7,1.0000,1,0
[H]N([H])C([H])([H])C([H])([H])C([H])([H])[H],QM7,0.8889,0,0
[H]C([H])=C([H])C#N,QM7,0.9000,0,0
[H]C#CC#N,QM7,0.8889,0,0
[H]N([H])C([H])(C([H])([H])[H])C([H])([H])[H],QM7,0.8571,0,0
[H]C([H])([H])C([H])([H])C#N,QM7,1.0000,3,0
[H]N(C([H])([H])[H])C([H])([H])C([H])([H])[H],QM7,0.8889,0,0
[H]C([H])([H])N(C([H])([H])[H])C([H])([H])[H],QM7,0.8000,0,0
[H]C([H])=C([H])C([H])([H])N([H])[H],QM7,0.9000,0,0
[H]C#CC([H])([H])N([H])[H],QM7,0.9000,0,0
[H]OC([H])([H])C([H])([H])C([H])([H])[H],QM7,1.0000,1,0
[H]C(=O)C([H])=C([H])[H],QM7,0.8889,0,0
[H]OC([H])(C([H])([H])[H])C([H])([H])[H],QM7,0.8571,0,0
[H]C([H])([H])C(=O)C([H])([H])[H],QM7,1.0000,1,0
[H]C(=O)C([H])([H])C([H])([H])[H],QM7,0.9000,0,0
[H]C([H])([H])OC([H])([H])C([H])([H])[H],QM7,0.8889,0,0
[H]C([H])=C([H])OC([H])([H])[H],QM7,0.9000,0,0
[H]C#CC([H])=O,QM7,0.6923,0,0
[H]OC([H])([H])C([H])=C([H])[H],QM7,0.9000,0,0
[H]C#CC([H])([H])O[H],QM7,1.0000,1,0
[H]O[N][C]([H])C([H])([H])[H],QM7,0.5000,0,0
[H]C([H])([H])C([H])([H])C([H])([H])C([H])([H])[H],QM7,1.0000,2,0
[H]N([H])C(=O)C([H])([H])[H],QM7,1.0000,2,0
[H]C(=O)N([H])C([H])([H])[H],QM7,0.9000,0,0
[H][C]([H])[N]OC([H])([H])[H],QM7,0.4615,0,0
[H]OC([H])([H])C([H])([H])N([H])[H],QM7,0.8889,0,0
[H]C([H])([H])C([H])(C([H])([H])[H])C([H])([H])[H],QM7,1.0000,1,0
[H]C([H])=C([H])C([H])=C([H])[H],QM7,1.0000,1,0
[H]C#CC([H])=C([H])[H],QM7,0.9000,0,0
[H]C#CC#C[H],QM7,0.8333,0,0
[H]/C(=C(/[H])C([H])([H])[H])C([H])([H])[H],QM7,0.8333,0,0
[H]C([H])=C(C([H])([H])[H])C([H])([H])[H],QM7,1.0000,1,0
[H]O[C@]([H])(C([H])([H])[H])C([H])([H])C([H])([H])[H],QM7,1.0000,1,0
[H]C([H])([H])C(=O)C([H])([H])C([H])([H])[H],QM7,0.9091,0,0
[H]C(=O)C([H])([H])C([H])([H])C([H])([H])[H],QM7,1.0000,1,0
[H]C([H])([H])OC([H])([H])C([H])([H])C([H])([H])[H],QM7,0.9167,0,0
[H]C([H])([H])C([H])([H])OC([H])([H])C([H])([H])[H],QM7,1.0000,2,0
[H]C([H])=C([H])OC([H])=C([H])[H],QM7,0.8889,0,0
[H]C([H])=C([H])C(=O)C([H])([H])[H],QM7,0.9167,0,0
[H]C#CC(=O)C([H])([H])[H],QM7,0.5000,0,0
[H]O[C@@]([H])(C([H])=C([H])[H])C([H])([H])[H],QM7,0.9167,0,0
[H]C#C[C@]([H])(O[H])C([H])([H])[H],QM7,0.9167,0,0
[H]C([H])=C([H])OC([H])([H])C([H])([H])[H],QM7,0.9286,0,0
[H]/C(OC([H])([H])[H])=C(/[H])C([H])([H])[H],QM7,0.9167,0,0
[H]C([H])([H])OC([H])(C([H])([H])[H])C([H])([H])[H],QM7,0.8889,0,0
[H]C([H])=C(OC([H])([H])[H])C([H])([H])[H],QM7,0.9091,0,0
[H]C([H])=C([H])C([H])([H])OC([H])([H])[H],QM7,0.8667,0,0
[H]C#CC([H])([H])OC([H])([H])[H],QM7,0.9286,0,0
[H]C#CC([H])([H])C([H])=O,QM7,0.4583,0,0
[H]OC([H])([H])C([H])([H])C([H])=C([H])[H],QM7,1.0000,1,0
[H]C#CC([H])([H])C([H])([H])O[H],QM7,1.0000,1,0
[H]ON=C(C([H])([H])[H])C([H])([H])[H],QM7,0.6667,0,0
[H]O[N][C]([H])C([H])([H])C([H])([H])[H],QM7,0.3750,0,0
[H]N([H])C(=O)C([H])([H])C([H])([H])[H],QM7,0.9167,0,0
[H]OC([H])([H])[C@]([H])(N([H])[H])C([H])([H])[H],QM7,0.9167,0,0
[H]C(=O)N([H])C([H])([H])C([H])([H])[H],QM7,0.9286,0,0
[H]O[C@]([H])(C([H])([H])[H])C([H])([H])N([H])[H],QM7,1.0000,1,0
[H][C]([H])[N]OC([H])([H])C([H])([H])[H],QM7,0.4444,0,0
[H]OC([H])([H])C([H])([H])N([H])C([H])([H])[H],QM7,1.0000,1,0
[H]C(=O)N(C([H])([H])[H])C([H])([H])[H],QM7,0.9000,0,0
[H]N(C(=O)C([H])([H])[H])C([H])([H])[H],QM7,1.0000,1,0
[H]C(=O)C([H])([H])N([H])C([H])([H])[H],QM7,0.5000,0,0
[H]N([H])C([H])([H])C([H])([H])OC([H])([H])[H],QM7,0.8000,0,0
[H]C([H])=C([H])C([H])([H])C([H])=C([H])[H],QM7,0.8889,0,0
[H][C]([N]OC([H])([H])[H])C([H])([H])[H],QM7,0.3889,0,0
[H]OC([H])([H])C([H])([H])C([H])([H])N([H])[H],QM7,1.0000,1,0
[H]C(=O)/C([H])=C(\[H])N([H])[H],QM7,0.4615,0,0
[H]C([H])=C([H])C(=O)N([H])[H],QM7,0.9167,0,0
[H]C#CC(=O)N([H])[H],QM7,1.0000,1,0
[H]C#CC([H])([H])C([H])=C([H])[H],QM7,1.0000,1,0
[H]O[N]/C([H])=C(\[H])[C]([H])[H],QM7,0.2941,0,0
[H]C#C[C]([H])[N]O[H],QM7,0.4444,0,0
[H]C#CC([H])([H])C#C[H],QM7,0.5385,0,0
[H]C(=C(C([H])([H])[H])C([H])([H])[H])C([H])([H])[H],QM7,0.8750,0,0
[H]C([H])=C([H])/C([H])=C(\[H])C([H])([H])[H],QM7,1.0000,1,0
[H]C#C/C([H])=C(\[H])C([H])([H])[H],QM7,0.5556,0,0
[H]C([H])=C([H])C(=C([H])[H])C([H])([H])[H],QM7,0.9091,0,0
[H]C#CC(=C([H])[H])C([H])([H])[H],QM7,0.5789,0,0
[H]C([H])=C([H])C([H])(C([H])([H])[H])C([H])([H])[H],QM7,0.9000,0,0
[H]C#CC([H])(C([H])([H])[H])C([H])([H])[H],QM7,0.9000,0,0
[H]C([H])=C([H])C#CC([H])([H])[H],QM7,0.7059,0,0
[H]C#CC#CC([H])([H])[H],QM7,0.7333,0,0
[H]/C(=C(/[H])C([H])([H])C([H])([H])[H])C([H])([H])[H],QM7,1.0000,2,0
[H]C([H])=C(C([H])([H])[H])C([H])([H])C([H])([H])[H],QM7,1.0000,1,0
[H]C([H])([H])C#CC([H])([H])C([H])([H])[H],QM7,1.0000,1,0
[H]C([H])=C([H])C([H])([H])C([H])([H])C([H])([H])[H],QM7,1.0000,1,0
[H]C#CC([H])([H])C([H])([H])C([H])([H])[H],QM7,1.0000,1,0
[H]N([H])C([H])([H])C([H])([H])C([H])([H])C([H])([H])[H],QM7,1.0000,1,0
[H]C([H])=C([H])C([H])([H])C#N,QM7,0.9286,0,0
[H]C#CC([H])([H])C#N,QM7,0.5000,0,0
[H]/C(=C(/[H])C([H])([H])N([H])[H])C([H])([H])[H],QM7,0.5882,0,0
[H]/C(C#N)=C(/[H])C([H])([H])[H],QM7,0.8000,0,0
[H]C([H])=C(C([H])([H])[H])C([H])([H])N([H])[H],QM7,0.9167,0,0
[H]C([H])=C(C#N)C([H])([H])[H],QM7,0.9167,0,0
[H]N([H])C([H])([H])C([H])(C([H])([H])[H])C([H])([H])[H],QM7,0.9000,0,0
[H]N([H])C(C([H])([H])[H])(C([H])([H])[H])C([H])([H])[H],QM7,0.8571,0,0
[H]C([H])([H])C([H])(C#N)C([H])([H])[H],QM7,0.9000,0,0
[H]N([H])C([H])([H])C#CC([H])([H])[H],QM7,0.5714,0,0
[H]C([H])([H])C#CC#N,QM7,0.7143,0,0
[H]N([H])[C@]([H])(C([H])([H])[H])C([H])([H])C([H])([H])[H],QM7,0.9091,0,0
[H]C([H])([H])C([H])([H])C([H])([H])C#N,QM7,0.9231,0,0
[H]N(C([H])([H])[H])C([H])([H])C([H])([H])C([H])([H])[H],QM7,0.9167,0,0
[H]N(C([H])([H])C([H])([H])[H])C([H])([H])C([H])([H])[H],QM7,1.0000,2,0
[H]C([H])=C([H])[C@]([H])(N([H])[H])C([H])([H])[H],QM7,1.0000,1,0
[H]C#C[C@]([H])(N([H])[H])C([H])([H])[H],QM7,0.9167,0,0
[H]C([H])([H])N(C([H])([H])[H])C([H])([H])C([H])([H])[H],QM7,0.8889,0,0
[H]N(C([H])([H])[H])C([H])(C([H])([H])[H])C([H])([H])[H],QM7,0.8889,0,0
[H]C([H])=C([H])C([H])([H])N([H])C([H])([H])[H],QM7,0.9286,0,0
[H]C#CC([H])([H])N([H])C([H])([H])[H],QM7,0.5000,0,0
[H]N(C([H])([H])[H])C([H])([H])C#N,QM7,0.5333,0,0
[H]C([H])([H])C([H])([H])C([H])([H])C([H])([H])C([H])([H])[H],QM7,0.8750,0,0
[H]C([H])=C([H])C([H])([H])C([H])([H])N([H])[H],QM7,0.9167,0,0
[H]C#CC([H])([H])C([H])([H])N([H])[H],QM7,0.8571,0,0
[H]/C(C#N)=C(/[H])N([H])[H],QM7,0.5882,0,0
[H]C([H])([H])C(C([H])([H])[H])(C([H])([H])[H])C([H])([H])[H],QM7,0.8000,0,0
[H]OC([H])([H])C([H])([H])C([H])([H])C([H])([H])[H],QM7,0.9167,0,0
[H]C([H])([H])C([H])([H])C([H])(C([H])([H])[H])C([H])([H])[H],QM7,1.0000,3,0
[H]C(=O)C([H])([H])C([H])=C([H])[H],QM7,0.9231,0,0
[H]OC([H])([H])/C([H])=C(\[H])C([H])([H])[H],QM7,0.7500,0,0
[H]C(=O)/C([H])=C(\[H])C([H])([H])[H],QM7,1.0000,2,0
[H]OC([H])([H])C(=C([H])[H])C([H])([H])[H],QM7,1.0000,2,0
[H]C(=O)C(=C([H])[H])C([H])([H])[H],QM7,0.9167,0,0
[H]OC([H])([H])C([H])(C([H])([H])[H])C([H])([H])[H],QM7,0.9000,0,0
[H]OC(C([H])([H])[H])(C([H])([H])[H])C([H])([H])[H],QM7,0.8571,0,0
[H]C(=O)C([H])(C([H])([H])[H])C([H])([H])[H],QM7,0.9000,0,0
[H]OC([H])([H])C#CC([H])([H])[H],QM7,0.6667,0,0
[H]C(=O)C#CC([H])([H])[H],QM7,0.7500,0,0
[H]C([H])([H])C#CC([H])([H])C([H])([H])C([H])([H])[H],QM7,0.9286,0,0
[H]C([H])=C([H])C([H])([H])C([H])([H])C([H])([H])C([H])([H])[H],QM7,1.0000,1,0
[H]C#CC([H])([H])C([H])([H])C([H])([H])C([H])([H])[H],QM7,0.9333,0,0
[H]C([H])([H])C([H])([H])C([H])([H])C([H])([H])C([H])([H])C([H])([H])[H],QM7,1.0000,1,0
[H]C([H])([H])C([H])(C([H])([H])[H])C([H])(C([H])([H])[H])C([H])([H])[H],QM7,1.0000,1,0
[H]C([H])([H])C([H])([H])C([H])(C([H])([H])[H])C([H])([H])C([H])([H])[H],QM7,1.0000,1,0
[H]C([H])([H])C([H])([H])C(C([H])([H])[H])(C([H])([H])[H])C([H])([H])[H],QM7,0.8889,0,0
[H]N([H])C([H])([H])C([H])([H])C([H])([H])C([H])([H])C([H])([H])[H],QM7,0.9231,0,0
[H]C#CC(C#N)=C([H])[H],QM7,0.5294,0,0
[H]C([H])=C([H])/C([H])=C(\[H])C#N,QM7,0.7647,0,0
[H]C([H])=C([H])C(C#N)=C([H])[H],QM7,0.6667,0,0
[H]C([H])=C([H])C#CC#N,QM7,0.6000,0,0
[H]C([H])=C([H])C([H])([H])C([H])([H])C#N,QM7,0.8333,0,0
[H]C#C/C([H])=C(\[H])C#N,QM7,0.6154,0,0
[H]C#CC#CC#N,QM7,0.9231,0,0
[H]C#CC([H])([H])C([H])([H])C#N,QM7,1.0000,1,0
[H]/C(=C(/[H])C([H])([H])C([H])([H])N([H])[H])C([H])([H])[H],QM7,1.0000,1,0
[H]C([H])([H])C([H])([H])C([H])([H])C([H])(C([H])([H])[H])C([H])([H])[H],QM7,1.0000,1,0
[H]/C(=C(/C([H])([H])[H])C([H])([H])N([H])[H])C([H])([H])[H],QM7,0.9286,0,0
[H]/C(=C(\C#N)C([H])([H])[H])C([H])([H])[H],QM7,0.9286,0,0
[H]/C(=C(/[H])[C@]([H])(N([H])[H])C([H])([H])[H])C([H])([H])[H],QM7,1.0000,1,0
[H]/C(=C(/[H])C([H])([H])C#N)C([H])([H])[H],QM7,1.0000,1,0
[H]C([H])=C(C([H])([H])[H])C([H])([H])C([H])([H])N([H])[H],QM7,0.5714,0,0
[H]C([H])=C(C([H])([H])[H])C([H])([H])C#N,QM7,0.5417,0,0
[H]C([H])=C([H])[C@@]([H])(C#N)C([H])([H])[H],QM7,0.8824,0,0
[H]N([H])C([H])([H])C([H])([H])C([H])(C([H])([H])[H])C([H])([H])[H],QM7,0.9231,0,0
[H]C(=C(C([H])([H])[H])C([H])([H])[H])C([H])([H])N([H])[H],QM7,0.9286,0,0
[H]C(C#N)=C(C([H])([H])[H])C([H])([H])[H],QM7,0.6500,0,0
[H]N([H])C([H])([H])C(C([H])([H])[H])(C([H])([H])[H])C([H])([H])[H],QM7,1.0000,1,0
[H]C([H])([H])C(C#N)(C([H])([H])[H])C([H])([H])[H],QM7,1.0000,1,0
[H]N([H])[C@]([H])(C([H])([H])[H])C([H])(C([H])([H])[H])C([H])([H])[H],QM7,0.8889,0,0
[H]C([H])([H])C([H])(C([H])([H])[H])C([H])([H])C#N,QM7,0.8125,0,0
[H]C#C[C@@]([H])(C#N)C([H])([H])[H],QM7,0.5294,0,0
[H]N([H])C([H])([H])C([H])([H])C#CC([H])([H])[H],QM7,0.5000,0,0
[H]N([H])[C@@]([H])(C#CC([H])([H])[H])C([H])([H])[H],QM7,1.0000,1,0
[H]C([H])([H])C#CC([H])([H])C#N,QM7,0.6000,0,0
[H]/C(=C(/[H])C([H])([H])C([H])([H])[H])C([H])([H])N([H])[H],QM7,0.5714,0,0
[H]/C(C#N)=C(/[H])C([H])([H])C([H])([H])[H],QM7,0.9375,0,0
[H]C([H])=C(C([H])([H])N([H])[H])C([H])([H])C([H])([H])[H],QM7,0.9333,0,0
[H]C([H])=C(C#N)C([H])([H])C([H])([H])[H],QM7,0.8333,0,0
[H]N([H])C([H])([H])[C@]([H])(C([H])([H])[H])C([H])([H])C([H])([H])[H],QM7,0.9286,0,0
[H]N([H])C(C([H])([H])[H])(C([H])([H])[H])C([H])([H])C([H])([H])[H],QM7,0.9091,0,0
[H]C([H])([H])C([H])([H])[C@]([H])(C#N)C([H])([H])[H],QM7,0.9333,0,0
[H]N([H])C([H])([H])C#CC([H])([H])C([H])([H])[H],QM7,0.9286,0,0
[H]C([H])([H])C([H])([H])C#CC#N,QM7,0.4375,0,0
[H]N([H])[C@]([H])(C([H])([H])[H])C([H])([H])C([H])([H])C([H])([H])[H],QM7,0.7222,0,0
[H]C([H])([H])C([H])([H])C([H])([H])C([H])([H])C#N,QM7,0.7778,0,0
[H]N(C([H])([H])[H])C([H])([H])C([H])([H])C([H])([H])C([H])([H])[H],QM7,0.9286,0,0
[H]N(C([H])([H])[H])[C@]([H])(C([H])([H])[H])C([H])([H])C([H])([H])[H],QM7,0.9286,0,0
[H][C](/C([H])=C(\[H])[N]N([H])[H])C([H])([H])[H],QM7,0.2857,0,0
[H][C]([H])/C(=C(/[H])[N]N([H])[H])C([H])([H])[H],QM7,0.3478,0,0
[H]C([H])=C([H])/C(=N\N([H])[H])C([H])([H])[H],QM7,0.5455,0,0
[H][C]([N]N([H])[H])C([H])(C([H])([H])[H])C([H])([H])[H],QM7,0.3810,0,0
[H][C](C#CC([H])([H])[H])[N]N([H])[H],QM7,0.3182,0,0
[H]N([H])/N=C(\C([H])([H])[H])C([H])([H])C([H])([H])[H],QM7,0.7368,0,0
[H][C]([N]N([H])[H])C([H])([H])C([H])([H])C([H])([H])[H],QM7,0.4545,0,0
[H]N(C([H])([H])C([H])([H])[H])C([H])([H])C([H])([H])C([H])([H])[H],QM7,1.0000,1,0
[H]C([H])=C([H])C(N([H])[H])(C([H])([H])[H])C([H])([H])[H],QM7,0.6429,0,0
[H]C#CC(N([H])[H])(C([H])([H])[H])C([H])([H])[H],QM7,1.0000,1,0
[H]C([H])([H])N(C([H])([H])[H])C([H])(C([H])([H])[H])C([H])([H])[H],QM7,1.0000,1,0
[H]C([H])=C([H])[C@@]([H])(C([H])([H])[H])C([H])([H])N([H])[H],QM7,0.5500,0,0
[H]C#C[C@@]([H])(C([H])([H])[H])C([H])([H])N([H])[H],QM7,0.5455,0,0
[H]N([H])C([H])(C([H])([H])C([H])([H])[H])C([H])([H])C([H])([H])[H],QM7,1.0000,1,0
[H]C([H])=C([H])[C@]([H])(N([H])[H])C([H])([H])C([H])([H])[H],QM7,0.9375,0,0
[H]C#C[C@]([H])(N([H])[H])C([H])([H])C([H])([H])[H],QM7,1.0000,2,0
[H]C([H])([H])N(C([H])([H])[H])C([H])([H])C([H])([H])C([H])([H])[H],QM7,0.9167,0,0
[H]C([H])=C(C#N)C#N,QM7,0.8333,0,0
[H]/N=C(/[H])N([H])C([H])([H])C([H])=C([H])[H],QM7,0.4000,0,0
[H]/C(=C(\C#N)C([H])([H])[H])N([H])[H],QM7,0.5263,0,0
[H]N([H])C([H])([H])C(N([H])[H])(C([H])([H])[H])C([H])([H])[H],QM7,0.9091,0,0
[H]/N=C(/[H])N([H])C([H])(C([H])([H])[H])C([H])([H])[H],QM7,0.3810,0,0
[H]C([H])([H])C([H])(C#N)C#N,QM7,0.6923,0,0
[H]N([H])C([H])([H])C([H])(C([H])([H])[H])C([H])([H])N([H])[H],QM7,0.6429,0,0
[H]N([H])C([H])([H])[C@]([H])(N([H])[H])C([H])([H])C([H])([H])[H],QM7,0.9286,0,0
[H]/N=C(/[H])N([H])C([H])([H])C([H])([H])C([H])([H])[H],QM7,0.4348,0,0
[H][C]([H])[N][N]/C([H])=C(\[H])[C]([H])[H],QM7,0.2353,0,0
[H][C]([H])[N]N([H])C([H])([H])C([H])=C([H])[H],QM7,0.4400,0,0
[H][C]([H])[N][N][C](C([H])([H])[H])C([H])([H])[H],QM7,0.2941,0,0
[H][C]([H])[N]N([H])C([H])(C([H])([H])[H])C([H])([H])[H],QM7,0.4000,0,0
[H][C]([N]N([H])C([H])([H])[H])C([H])([H])C([H])([H])[H],QM7,0.3500,0,0
[H][C]([H])[N][N][C]([H])C([H])([H])C([H])([H])[H],QM7,0.3333,0,0
[H]/N=C(/N([H])C([H])([H])[H])C([H])([H])C([H])([H])[H],QM7,0.3750,0,0
[H][C]([H])[N]N([H])C([H])([H])C([H])([H])C([H])([H])[H],QM7,0.4545,0,0
[H]C([H])=C(C([H])([H])[H])[C@]([H])(N([H])[H])C([H])([H])[H],QM7,0.8000,0,0
[H]C([H])=C([H])C([H])([H])[C@]([H])(N([H])[H])C([H])([H])[H],QM7,1.0000,1,0
[H]C#CC([H])([H])[C@]([H])(N([H])[H])C([H])([H])[H],QM7,1.0000,1,0
[H]C([H])([H])N(C([H])([H])C([H])([H])[H])C([H])([H])C([H])([H])[H],QM7,1.0000,2,0
[H]N(C([H])([H])C([H])([H])[H])C([H])(C([H])([H])[H])C([H])([H])[H],QM7,0.9231,0,0
[H]C([H])=C([H])C([H])([H])N([H])C([H])([H])C([H])([H])[H],QM7,0.9375,0,0
[H]C#CC([H])([H])N([H])C([H])([H])C([H])([H])[H],QM7,1.0000,1,0
[H]N([H])C([H])([H])C([H])([H])N([H])C([H])([H])C([H])([H])[H],QM7,0.9333,0,0
[H]N([H])C([H])([H])C([H])([H])[C@]([H])(N([H])[H])C([H])([H])[H],QM7,0.6500,0,0
[H]/C(C#N)=C(/N([H])[H])C([H])([H])[H],QM7,0.5000,0,0
[H]N([H])[C@]([H])(C([H])([H])[H])[C@]([H])(N([H])[H])C([H])([H])[H],QM7,1.0000,1,0
[H]/N=C(/[H])N(C([H])([H])[H])C([H])([H])C([H])([H])[H],QM7,0.3750,0,0
[H]/N=C(\N([H])C([H])([H])C([H])([H])[H])C([H])([H])[H],QM7,0.3913,0,0
[H]N(C([H])([H])C#N)C([H])([H])C([H])([H])[H],QM7,0.6111,0,0
[H][C]([N]C([H])([H])C([H])([H])[H])N([H])C([H])([H])[H],QM7,0.3333,0,0
[H][C]([H])[N]N(C([H])([H])[H])C([H])([H])C([H])([H])[H],QM7,0.4444,0,0
[H][C]([N][N][C]([H])C([H])([H])[H])C([H])([H])[H],QM7,0.3636,0,0
[H][C]([N]N(C([H])([H])[H])C([H])([H])[H])C([H])([H])[H],QM7,0.3333,0,0
[H]C#C/C(=N/N([H])[H])C([H])([H])[H],QM7,0.4545,0,0
[H][C]([N]N([H])C([H])([H])C([H])([H])[H])C([H])([H])[H],QM7,0.3750,0,0
[H]C([H])=C([H])C([H])([H])N(C([H])([H])[H])C([H])([H])[H],QM7,0.7647,0,0
[H]C#CC([H])([H])N(C([H])([H])[H])C([H])([H])[H],QM7,0.5263,0,0
[H]N(C([H])([H])[H])C(C([H])([H])[H])(C([H])([H])[H])C([H])([H])[H],QM7,0.8889,0,0
[H]C([H])=C([H])[C@@]([H])(N([H])C([H])([H])[H])C([H])([H])[H],QM7,1.0000,1,0
[H]C#C[C@@]([H])(N([H])C([H])([H])[H])C([H])([H])[H],QM7,1.0000,1,0
[H]/C(=C(/[H])C([H])([H])N([H])C([H])([H])[H])C([H])([H])[H],QM7,0.6316,0,0
[H]N(C([H])([H])[H])C([H])([H])C([H])(C([H])([H])[H])C([H])([H])[H],QM7,0.8000,0,0
[H]C([H])=C(C([H])([H])[H])C([H])([H])N([H])C([H])([H])[H],QM7,1.0000,1,0
[H]N(C([H])([H])[H])C([H])([H])C#CC([H])([H])[H],QM7,0.6190,0,0
[H]C([H])=C([H])C([H])([H])C([H])([H])N([H])C([H])([H])[H],QM7,0.6500,0,0
[H]C#CC([H])([H])C([H])([H])N([H])C([H])([H])[H],QM7,0.5909,0,0
[H]N([H])C([H])([H])C([H])([H])C([H])([H])N([H])C([H])([H])[H],QM7,0.9333,0,0
[H]/N=C(/[H])N(C([H])=C([H])[H])C([H])([H])[H],QM7,0.4000,0,0
[H]N([H])C([H])([H])C([H])([H])N(C([H])([H])[H])C([H])([H])[H],QM7,0.9231,0,0
[H]/N=C(\N(C([H])([H])[H])C([H])([H])[H])C([H])([H])[H],QM7,0.4000,0,0
[H]C([H])([H])N(C([H])([H])[H])C([H])([H])C#N,QM7,0.7647,0,0
[H]N([H])C([H])([H])[C@@]([H])(N([H])C([H])([H])[H])C([H])([H])[H],QM7,1.0000,1,0
[H]N(C([H])([H])[H])[C@]([H])(C#N)C([H])([H])[H],QM7,0.5263,0,0
[H]N(C([H])([H])[H])C([H])([H])[C@]([H])(N([H])[H])C([H])([H])[H],QM7,0.9333,0,0
[H]N(C([H])([H])[H])C([H])([H])C([H])([H])C#N,QM7,1.0000,1,0
[H]N(C([H])([H])[H])C([H])([H])C([H])([H])N([H])C([H])([H])[H],QM7,0.8889,0,0
[H]N(/C(=N/C([H])([H])[H])C([H])([H])[H])C([H])([H])[H],QM7,1.0000,1,0
[H][C]([N]C([H])([H])[H])N(C([H])([H])[H])C([H])([H])[H],QM7,0.3529,0,0
[H]/N=C(/C([H])=C([H])[H])N([H])C([H])([H])[H],QM7,0.3600,0,0
[H]C#C/C(=N/[H])N([H])C([H])([H])[H],QM7,0.3333,0,0
[H]C#C[C]([H])[N][N][C]([H])[H],QM7,0.3158,0,0
[H]C#CC([H])([H])N([H])[N][C]([H])[H],QM7,0.4000,0,0
[H]N(N=C(C([H])([H])[H])C([H])([H])[H])C([H])([H])[H],QM7,0.6000,0,0
[H][C]([H])/C([H])=C(\[H])[N]N([H])C([H])([H])[H],QM7,0.3158,0,0
[H]C#C[C]([H])[N]N([H])C([H])([H])[H],QM7,0.2759,0,0
[H]C([H])=C([H])C([H])(C([H])=C([H])[H])N([H])[H],QM7,0.6000,0,0
[H]C#C[C@]([H])(C([H])=C([H])[H])N([H])[H],QM7,0.4286,0,0
[H]C#CC([H])(C#C[H])N([H])[H],QM7,0.4667,0,0
[H]C([H])=C([H])/C([H])=C(\[H])C([H])([H])N([H])[H],QM7,0.8750,0,0
[H]C#C/C([H])=C(\[H])C([H])([H])N([H])[H],QM7,0.6000,0,0
[H]C([H])=C([H])C(=C([H])[H])C([H])([H])N([H])[H],QM7,0.5882,0,0
[H]C#CC(=C([H])[H])C([H])([H])N([H])[H],QM7,0.4762,0,0
[H]C([H])=C([H])C#CC([H])([H])N([H])[H],QM7,0.5556,0,0
[H]C#CC#CC([H])([H])N([H])[H],QM7,0.5000,0,0
[H]C([H])=C([H])C([H])([H])C([H])([H])C([H])([H])N([H])[H],QM7,0.9333,0,0
[H]C#CC([H])([H])C([H])([H])C([H])([H])N([H])[H],QM7,0.7647,0,0
[H]N([H])C([H])([H])C([H])([H])C([H])([H])C([H])([H])N([H])[H],QM7,1.0000,2,0
[H]/C(C#N)=C(/[H])C#N,QM7,1.0000,1,0
N#CC#CC#N,QM7,0.8750,0,0
[H]C([H])(C#N)C([H])([H])C#N,QM7,0.6364,0,0
[H]/C(=C(/[H])C([H])([H])N([H])[H])C([H])([H])N([H])[H],QM7,0.7273,0,0
[H]C([H])=C(C([H])([H])N([H])[H])C([H])([H])N([H])[H],QM7,0.5625,0,0
[H]N([H])C([H])([H])C#CC([H])([H])N([H])[H],QM7,0.8000,0,0
[H]C([H])=C([H])[C@]([H])(N([H])[H])C([H])([H])N([H])[H],QM7,1.0000,1,0
[H]C#C[C@]([H])(N([H])[H])C([H])([H])N([H])[H],QM7,0.5263,0,0
[H]C#CC([H])([H])N([H])/C([H])=N/[H],QM7,0.3667,0,0
[H]C#CC([H])([H])/C(=N/[H])N([H])[H],QM7,0.6316,0,0
[H][C]([N]N([H])[H])C([H])([H])C([H])=C([H])[H],QM7,0.4118,0,0
[H]C#CC([H])([H])[C]([H])[N]N([H])[H],QM7,0.3810,0,0
[H]C#CC(C#C[H])=C([H])[H],QM7,0.4667,0,0
[H]C([H])=C([H])/C([H])=C(\[H])C([H])=C([H])[H],QM7,0.8750,0,0
[H]C#C/C([H])=C(\[H])C([H])=C([H])[H],QM7,0.4737,0,0
[H]C([H])=C([H])C(=C([H])[H])C([H])=C([H])[H],QM7,0.5000,0,0
[H]C#CC(=C([H])[H])C([H])=C([H])[H],QM7,0.5455,0,0
[H]OC([H])([H])C([H])([H])C([H])([H])C([H])([H])C([H])([H])[H],QM7,0.9231,0,0
[H]C(=O)/C([H])=C(\[H])C([H])=C([H])[H],QM7,1.0000,1,0
[H]C(=O)C(=C([H])[H])C([H])=C([H])[H],QM7,0.7647,0,0
[H]C(=O)C#CC([H])=C([H])[H],QM7,0.6154,0,0
[H]C(=O)C([H])([H])C([H])([H])C([H])=C([H])[H],QM7,0.8125,0,0
[H]C([H])=C([H])C#CC([H])=C([H])[H],QM7,0.6667,0,0
[H]OC([H])([H])C([H])([H])/C([H])=C(\[H])C([H])([H])[H],QM7,1.0000,1,0
[H]OC([H])([H])/C(=C(\[H])C([H])([H])[H])C([H])([H])[H],QM7,0.5333,0,0
[H]C(=O)/C(=C(\[H])C([H])([H])[H])C([H])([H])[H],QM7,0.6000,0,0
[H]O[C@@]([H])(/C([H])=C(\[H])C([H])([H])[H])C([H])([H])[H],QM7,0.6190,0,0
[H]/C(C(=O)C([H])([H])[H])=C(/[H])C([H])([H])[H],QM7,0.9286,0,0
[H]C(=O)C([H])([H])/C([H])=C(\[H])C([H])([H])[H],QM7,0.8750,0,0
[H]OC([H])([H])C([H])([H])C(=C([H])[H])C([H])([H])[H],QM7,0.9286,0,0
[H]C([H])=C(C(=O)C([H])([H])[H])C([H])([H])[H],QM7,0.7692,0,0
[H]C(=O)C([H])([H])C(=C([H])[H])C([H])([H])[H],QM7,0.5556,0,0
[H]C(=O)[C@]([H])(C([H])=C([H])[H])C([H])([H])[H],QM7,0.6667,0,0
[H]C#CC#CC([H])=C([H])[H],QM7,0.6000,0,0
[H]OC([H])([H])C([H])([H])C([H])(C([H])([H])[H])C([H])([H])[H],QM7,0.9231,0,0
[H]OC([H])([H])C([H])=C(C([H])([H])[H])C([H])([H])[H],QM7,0.8571,0,0
[H]C(=O)C([H])=C(C([H])([H])[H])C([H])([H])[H],QM7,0.6000,0,0
[H]OC([H])([H])C(C([H])([H])[H])(C([H])([H])[H])C([H])([H])[H],QM7,0.5625,0,0
[H]C(=O)C(C([H])([H])[H])(C([H])([H])[H])C([H])([H])[H],QM7,1.0000,2,0
[H]O[C@]([H])(C([H])([H])[H])C([H])(C([H])([H])[H])C([H])([H])[H],QM7,1.0000,1,0
[H]C([H])([H])C(=O)C([H])(C([H])([H])[H])C([H])([H])[H],QM7,0.9091,0,0
[H]C(=O)C([H])([H])C([H])(C([H])([H])[H])C([H])([H])[H],QM7,0.8667,0,0
[H]OC([H])([H])C([H])([H])C#CC([H])([H])[H],QM7,0.6667,0,0
[H]O[C@@]([H])(C#CC([H])([H])[H])C([H])([H])[H],QM7,0.6429,0,0
[H]C([H])=C([H])C([H])([H])C([H])([H])C([H])=C([H])[H],QM7,0.8889,0,0
[H]C([H])([H])C#CC(=O)C([H])([H])[H],QM7,0.6429,0,0
[H]C(=O)C([H])([H])C#CC([H])([H])[H],QM7,0.5000,0,0
[H]OC([H])([H])/C([H])=C(\[H])C([H])([H])C([H])([H])[H],QM7,1.0000,1,0
[H]C(=O)/C([H])=C(\[H])C([H])([H])C([H])([H])[H],QM7,0.7647,0,0
[H]OC([H])([H])C(=C([H])[H])C([H])([H])C([H])([H])[H],QM7,0.6000,0,0
[H]C(=O)C(=C([H])[H])C([H])([H])C([H])([H])[H],QM7,0.9375,0,0
[H]OC([H])([H])[C@]([H])(C([H])([H])[H])C([H])([H])C([H])([H])[H],QM7,0.9286,0,0
[H]OC(C([H])([H])[H])(C([H])([H])[H])C([H])([H])C([H])([H])[H],QM7,1.0000,1,0
[H]C(=O)[C@]([H])(C([H])([H])[H])C([H])([H])C([H])([H])[H],QM7,0.9333,0,0
[H]OC([H])([H])C#CC([H])([H])C([H])([H])[H],QM7,0.8125,0,0
[H]C#CC([H])([H])C([H])([H])C([H])=C([H])[H],QM7,0.6190,0,0
[H]C(=O)C#CC([H])([H])C([H])([H])[H],QM7,0.5000,0,0
[H]O[C@]([H])(C([H])([H])[H])C([H])([H])C([H])([H])C([H])([H])[H],QM7,1.0000,3,0
[H]C([H])([H])C(=O)C([H])([H])C([H])([H])C([H])([H])[H],QM7,0.9286,0,0
[H]C(=O)C([H])([H])C([H])([H])C([H])([H])C([H])([H])[H],QM7,0.9333,0,0
[H]C([H])([H])OC([H])([H])C([H])([H])C([H])([H])C([H])([H])[H],QM7,0.9286,0,0
[H]/C(OC([H])([H])[H])=C(/[H])C([H])([H])C([H])([H])[H],QM7,0.6316,0,0
[H]C([H])=C(OC([H])([H])[H])C([H])([H])C([H])([H])[H],QM7,0.8235,0,0
[H]C([H])([H])O[C@]([H])(C([H])([H])[H])C([H])([H])C([H])([H])[H],QM7,1.0000,1,0
[H]OC(=O)/C([H])=C(\[H])C([H])([H])[H],QM7,1.0000,2,0
[H]OC(=O)C(=C([H])[H])C([H])([H])[H],QM7,1.0000,1,0
[H]C#C/C([H])=C(\[H])C#C[H],QM7,0.5385,0,0
[H]OC(=O)C([H])(C([H])([H])[H])C([H])([H])[H],QM7,0.9091,0,0
[H]OC(=O)C#CC([H])([H])[H],QM7,0.7647,0,0
[H]OC(=O)C([H])([H])C([H])([H])C([H])([H])[H],QM7,1.0000,2,0
[H]C([H])([H])C([H])([H])OC([H])([H])C([H])([H])C([H])([H])[H],QM7,0.8571,0,0
[H]C#CC(C([H])=O)=C([H])[H],QM7,0.5238,0,0
[H]C([H])=C([H])C(=O)C([H])=C([H])[H],QM7,0.9091,0,0
[H]C#CC(=O)C([H])=C([H])[H],QM7,0.5769,0,0
[H]C([H])=C([H])OC([H])([H])C([H])=C([H])[H],QM7,0.8125,0,0
[H]C([H])=C([H])O/C([H])=C(\[H])C([H])([H])[H],QM7,0.9333,0,0
[H]C([H])=C([H])OC(=C([H])[H])C([H])([H])[H],QM7,0.5500,0,0
[H]C#CC#CC#C[H],QM7,0.8750,0,0
[H]C#C[C@]([H])(C([H])=O)C([H])([H])[H],QM7,1.0000,1,0
[H]OC(C([H])=C([H])[H])(C([H])([H])[H])C([H])([H])[H],QM7,1.0000,1,0
[H]C#CC(O[H])(C([H])([H])[H])C([H])([H])[H],QM7,1.0000,1,0
[H]C([H])=C([H])OC([H])(C([H])([H])[H])C([H])([H])[H],QM7,0.5556,0,0
[H]OC([H])([H])[C@@]([H])(C([H])=C([H])[H])C([H])([H])[H],QM7,1.0000,1,0
[H]C#C[C@@]([H])(C([H])([H])[H])C([H])([H])O[H],QM7,0.5455,0,0
[H]C([H])([H])C([H])([H])C(=O)C([H])([H])C([H])([H])[H],QM7,0.9091,0,0
[H]C([H])=C([H])C(=O)C([H])([H])C([H])([H])[H],QM7,0.9375,0,0
[H]C#CC(=O)C([H])([H])C([H])([H])[H],QM7,0.5217,0,0
[H]OC([H])(C([H])([H])C([H])([H])[H])C([H])([H])C([H])([H])[H],QM7,0.9091,0,0
[H]C#CC([H])([H])C([H])([H])C#C[H],QM7,0.6154,0,0
[H]O[C@@]([H])(C([H])=C([H])[H])C([H])([H])C([H])([H])[H],QM7,0.9375,0,0
[H]C#C[C@]([H])(O[H])C([H])([H])C([H])([H])[H],QM7,0.5455,0,0
[H]C([H])=C([H])OC([H])([H])C([H])([H])C([H])([H])[H],QM7,0.9375,0,0
[H]C(=O)C(C([H])=O)=C([H])[H],QM7,0.5294,0,0
[H]C(=O)C(=O)C([H])=C([H])[H],QM7,0.8667,0,0
[H]C(=O)OC([H])([H])C([H])=C([H])[H],QM7,0.7895,0,0
[H]C(=O)O/C([H])=C(\[H])C([H])([H])[H],QM7,0.5263,0,0
[H]C(=O)OC(=C([H])[H])C([H])([H])[H],QM7,0.5714,0,0
[H]C(=O)C([H])(C([H])=O)C([H])([H])[H],QM7,0.5385,0,0
[H]OC([H])([H])C(O[H])(C([H])([H])[H])C([H])([H])[H],QM7,0.9091,0,0
[H]C([H])=C([H])/C(=C(\[H])C([H])([H])[H])C([H])([H])[H],QM7,0.9231,0,0
[H]OC(C([H])=O)(C([H])([H])[H])C([H])([H])[H],QM7,0.9167,0,0
[H]C(=O)OC([H])(C([H])([H])[H])C([H])([H])[H],QM7,0.8667,0,0
[H]OC([H])([H])C([H])(C([H])([H])[H])C([H])([H])O[H],QM7,0.9091,0,0
[H]OC([H])([H])[C@@]([H])(C([H])=O)C([H])([H])[H],QM7,0.8333,0,0
[H]OC([H])([H])C(=O)C([H])([H])C([H])([H])[H],QM7,0.8125,0,0
[H]C(=O)C(=O)C([H])([H])C([H])([H])[H],QM7,0.6087,0,0
[H]OC([H])([H])[C@]([H])(O[H])C([H])([H])C([H])([H])[H],QM7,1.0000,1,0
[H]O[C@@]([H])(C([H])=O)C([H])([H])C([H])([H])[H],QM7,1.0000,1,0
[H]C(=O)OC([H])([H])C([H])([H])C([H])([H])[H],QM7,0.9375,0,0
[H]C([H])([H])OC(=O)C([H])([H])C([H])([H])[H],QM7,0.9333,0,0
[H]C#C/C(=C(\[H])C([H])([H])[H])C([H])([H])[H],QM7,0.5500,0,0
[H]C#CC([H])([H])OC([H])=C([H])[H],QM7,0.5417,0,0
[H]C([H])=C([H])C([H])([H])C(=O)C([H])([H])[H],QM7,1.0000,1,0
[H]C#CC([H])([H])C(=O)C([H])([H])[H],QM7,0.5789,0,0
[H]O[C@@]([H])(C(=C([H])[H])C([H])([H])[H])C([H])([H])[H],QM7,0.6154,0,0
[H]C(/C([H])=C(\[H])C([H])([H])[H])=C(/[H])C([H])([H])[H],QM7,0.8750,0,0
[H]O[C@]([H])(C([H])([H])[H])C([H])([H])C([H])=C([H])[H],QM7,1.0000,1,0
[H]C#CC([H])([H])[C@]([H])(O[H])C([H])([H])[H],QM7,1.0000,1,0
[H]/C(OC([H])([H])C([H])([H])[H])=C(/[H])C([H])([H])[H],QM7,0.8235,0,0
[H]C([H])([H])C([H])([H])OC([H])(C([H])([H])[H])C([H])([H])[H],QM7,0.9231,0,0
[H]C([H])=C(OC([H])([H])C([H])([H])[H])C([H])([H])[H],QM7,0.5882,0,0
[H]C([H])=C([H])C([H])([H])OC([H])([H])C([H])([H])[H],QM7,0.9375,0,0
[H]C#CC([H])([H])OC([H])([H])C([H])([H])[H],QM7,0.6000,0,0
[H]OC([H])([H])C([H])([H])OC([H])([H])C([H])([H])[H],QM7,0.9333,0,0
[H]C(=O)C([H])([H])OC([H])=C([H])[H],QM7,0.8824,0,0
[H]OC([H])([H])C([H])([H])C(=O)C([H])([H])[H],QM7,0.9286,0,0
[H]/C(=C(/[H])C([H])(C([H])([H])[H])C([H])([H])[H])C([H])([H])[H],QM7,0.9167,0,0
[H]C([H])([H])C(=O)C(=O)C([H])([H])[H],QM7,1.0000,2,0
[H]C(=O)C([H])([H])C(=O)C([H])([H])[H],QM7,0.9333,0,0
[H]OC([H])([H])C([H])([H])[C@]([H])(O[H])C([H])([H])[H],QM7,0.9286,0,0
[H]O[C@]([H])(C([H])([H])[H])[C@]([H])(O[H])C([H])([H])[H],QM7,1.0000,4,0
[H]O[C@@]([H])(C(=O)C([H])([H])[H])C([H])([H])[H],QM7,1.0000,2,0
[H]O[C@]([H])(C([H])([H])[H])C([H])([H])C([H])=O,QM7,0.9375,0,0
[H]C([H])([H])C(=O)OC([H])([H])C([H])([H])[H],QM7,1.0000,3,0
[H]C(=O)C([H])([H])OC([H])([H])C([H])([H])[H],QM7,0.9375,0,0
[H]C([H])([H])OC([H])([H])OC([H])([H])C([H])([H])[H],QM7,0.9286,0,0
[H]C([H])=C([H])OC(=O)C([H])([H])[H],QM7,1.0000,2,0
[H]C([H])=C(/C([H])=C(\[H])C([H])([H])[H])C([H])([H])[H],QM7,0.9286,0,0
[H]C(OC([H])([H])[H])=C(C([H])([H])[H])C([H])([H])[H],QM7,0.5294,0,0
[H]C([H])=C([H])/C([H])=C(\[H])OC([H])([H])[H],QM7,1.0000,1,0
[H]C#C/C([H])=C(\[H])OC([H])([H])[H],QM7,0.5000,0,0
[H]/C(C#CC([H])([H])[H])=C(/[H])C([H])([H])[H],QM7,0.6111,0,0
[H]C([H])=C([H])C(OC([H])([H])[H])=C([H])[H],QM7,0.6364,0,0
[H]C#CC(OC([H])([H])[H])=C([H])[H],QM7,0.4091,0,0
[H]/C(=C(\OC([H])([H])[H])C([H])([H])[H])C([H])([H])[H],QM7,1.0000,1,0
[H]C([H])([H])OC(C([H])([H])[H])(C([H])([H])[H])C([H])([H])[H],QM7,0.8889,0,0
[H]C([H])=C([H])[C@@]([H])(OC([H])([H])[H])C([H])([H])[H],QM7,0.7368,0,0
[H]C#C[C@@]([H])(OC([H])([H])[H])C([H])([H])[H],QM7,0.5263,0,0
[H]/C(=C(/[H])C([H])([H])OC([H])([H])[H])C([H])([H])[H],QM7,1.0000,1,0
[H]C([H])([H])OC([H])([H])C([H])(C([H])([H])[H])C([H])([H])[H],QM7,0.6000,0,0
[H]C([H])=C(C([H])([H])[H])C([H])([H])OC([H])([H])[H],QM7,0.5556,0,0
[H]C([H])([H])C#CC([H])([H])OC([H])([H])[H],QM7,0.6000,0,0
[H]C([H])=C([H])C([H])([H])/C([H])=C(\[H])C([H])([H])[H],QM7,0.9333,0,0
[H]C([H])=C([H])C([H])([H])C([H])([H])OC([H])([H])[H],QM7,0.6842,0,0
[H]C#CC([H])([H])C([H])([H])OC([H])([H])[H],QM7,0.6190,0,0
[H]OC([H])([H])C([H])([H])C([H])([H])OC([H])([H])[H],QM7,0.9333,0,0
[H]OC([H])([H])/C([H])=C(\[H])OC([H])([H])[H],QM7,0.6842,0,0
[H]C(=O)/C([H])=C(\[H])OC([H])([H])[H],QM7,0.5294,0,0
[H]OC([H])([H])C(OC([H])([H])[H])=C([H])[H],QM7,0.5882,0,0
[H]C(=O)C(OC([H])([H])[H])=C([H])[H],QM7,0.5909,0,0
[H]OC([H])([H])[C@@]([H])(OC([H])([H])[H])C([H])([H])[H],QM7,0.8235,0,0
[H]C(=O)[C@@]([H])(OC([H])([H])[H])C([H])([H])[H],QM7,0.5833,0,0
[H]O[C@]([H])(C([H])([H])[H])C([H])([H])OC([H])([H])[H],QM7,1.0000,3,0
[H]C#CC([H])([H])/C([H])=C(\[H])C([H])([H])[H],QM7,0.5714,0,0
[H]C([H])([H])OC([H])([H])C(=O)C([H])([H])[H],QM7,0.9333,0,0
[H]C(=O)C([H])([H])C([H])([H])OC([H])([H])[H],QM7,0.8824,0,0
[H]C([H])([H])OC([H])([H])C([H])([H])OC([H])([H])[H],QM7,0.8889,0,0
[H]/C(OC([H])([H])[H])=C(/[H])OC([H])([H])[H],QM7,0.5385,0,0
[H]C([H])([H])OC([H])(OC([H])([H])[H])C([H])([H])[H],QM7,0.9000,0,0
[H]C([H])=C([H])C(=O)OC([H])([H])[H],QM7,0.9375,0,0
[H]C#CC(=O)OC([H])([H])[H],QM7,0.9375,0,0
[H]C([H])=C([H])OC([H])([H])OC([H])([H])[H],QM7,0.6667,0,0
[H]C([H])=C(C(=C([H])[H])C([H])([H])[H])C([H])([H])[H],QM7,0.7778,0,0
[H]C([H])=C([H])C([H])([H])C(=C([H])[H])C([H])([H])[H],QM7,1.0000,1,0
[H]C#CC([H])([H])C(=C([H])[H])C([H])([H])[H],QM7,1.0000,1,0
[H]C([H])=C([H])C([H])(C([H])=C([H])[H])C([H])([H])[H],QM7,0.9091,0,0
[H]C#CC(=O)C#C[H],QM7,0.5000,0,0
[H]C#C/C([H])=C(\[H])C([H])=O,QM7,0.4783,0,0
[H]C#CC#CC([H])=O,QM7,0.4737,0,0
[H]C#CC([H])([H])C([H])([H])C([H])=O,QM7,0.6190,0,0
[H]OC([H])(C([H])=C([H])[H])C([H])=C([H])[H],QM7,0.6667,0,0
[H]C#C[C@@]([H])(O[H])C([H])=C([H])[H],QM7,1.0000,1,0
[H]C#C[C@]([H])(C([H])=C([H])[H])C([H])([H])[H],QM7,0.5238,0,0
[H]C#CC([H])(C#C[H])O[H],QM7,0.5833,0,0
[H]OC([H])([H])/C([H])=C(\[H])C([H])=C([H])[H],QM7,1.0000,1,0
[H]C#C/C([H])=C(\[H])C([H])([H])O[H],QM7,0.6000,0,0
[H]OC([H])([H])C(=C([H])[H])C([H])=C([H])[H],QM7,0.5500,0,0
[H]C#CC(=C([H])[H])C([H])([H])O[H],QM7,0.5789,0,0
[H]OC([H])([H])C#CC([H])=C([H])[H],QM7,0.5238,0,0
[H]C#CC#CC([H])([H])O[H],QM7,0.7647,0,0
[H]OC([H])([H])C([H])([H])C([H])([H])C([H])=C([H])[H],QM7,1.0000,1,0
[H]C#CC([H])([H])C([H])([H])C([H])([H])O[H],QM7,0.7647,0,0
[H]OC([H])([H])C([H])([H])C([H])([H])C([H])([H])O[H],QM7,0.8750,0,0
[H]C([H])([H])C(=C(C([H])([H])[H])C([H])([H])[H])C([H])([H])[H],QM7,1.0000,2,0
[H]C(=O)/C([H])=C(\[H])C([H])=O,QM7,0.8750,0,0
[H]C(=O)C#CC([H])=O,QM7,1.0000,1,0
[H]C(=O)C([H])([H])C([H])([H])C([H])=O,QM7,0.7273,0,0
[H]O[C@]([H])(C([H])=O)C([H])=C([H])[H],QM7,1.0000,1,0
[H]OC([H])([H])/C([H])=C(\[H])C([H])([H])O[H],QM7,0.8889,0,0
[H]OC([H])([H])/C([H])=C(\[H])C([H])=O,QM7,0.5294,0,0
[H]OC([H])([H])C(=C([H])[H])C([H])([H])O[H],QM7,0.5714,0,0
[H]OC([H])([H])C(C([H])=O)=C([H])[H],QM7,0.5263,0,0
[H]OC([H])([H])C#CC([H])([H])O[H],QM7,1.0000,1,0
[H]OC([H])([H])C#CC([H])=O,QM7,1.0000,1,0
[H]C([H])=C([H])C([H])=C(C([H])([H])[H])C([H])([H])[H],QM7,0.9231,0,0
[H]OC([H])([H])C([H])([H])C([H])([H])C([H])=O,QM7,1.0000,2,0
[H]C#CC(=O)C([H])=O,QM7,0.4286,0,0
[H]C#C[C@@]([H])(O[H])C([H])=O,QM7,1.0000,1,0
[H]OC([H])([H])C(=O)C([H])=C([H])[H],QM7,0.5882,0,0
[H]C#CC(=O)C([H])([H])O[H],QM7,0.5238,0,0
[H]OC([H])([H])[C@@]([H])(O[H])C([H])=C([H])[H],QM7,0.7778,0,0
[H]C#C[C@]([H])(O[H])C([H])([H])O[H],QM7,0.5000,0,0
[H]OC([H])([H])C([H])([H])OC([H])=C([H])[H],QM7,1.0000,1,0
[H]C#CC([H])=C(C([H])([H])[H])C([H])([H])[H],QM7,0.5556,0,0
[H]C#CC([H])([H])OC([H])=O,QM7,0.6957,0,0
[H]OC(=O)C([H])([H])C([H])=C([H])[H],QM7,0.9333,0,0
[H]C#CC([H])([H])C(=O)O[H],QM7,0.6842,0,0
[H]C([H])=C([H])C(C([H])([H])[H])(C([H])([H])[H])C([H])([H])[H],QM7,0.9000,0,0
[H]C#CC(C([H])([H])[H])(C([H])([H])[H])C([H])([H])[H],QM7,1.0000,1,0
[H]C([H])=C(C([H])([H])[H])C([H])(C([H])([H])[H])C([H])([H])[H],QM7,0.9091,0,0
[H]O[N]/C([H])=C(\[H])[C]([H])C([H])([H])[H],QM7,0.3529,0,0
[H]/C(C(=O)N([H])[H])=C(/[H])C([H])([H])[H],QM7,1.0000,1,0
[H]O[N]/C([H])=C(\[C]([H])[H])C([H])([H])[H],QM7,0.3529,0,0
[H]C([H])=C([H])C([H])([H])C([H])(C([H])([H])[H])C([H])([H])[H],QM7,0.8125,0,0
[H]C([H])=C(C(=O)N([H])[H])C([H])([H])[H],QM7,1.0000,1,0
[H]O/N=C(\C([H])=C([H])[H])C([H])([H])[H],QM7,1.0000,1,0
[H]O[N][C]([H])C([H])(C([H])([H])[H])C([H])([H])[H],QM7,0.3636,0,0
[H]N([H])C(=O)C([H])(C([H])([H])[H])C([H])([H])[H],QM7,0.9167,0,0
[H]O[N][C]([H])C#CC([H])([H])[H],QM7,0.3810,0,0
[H]N([H])C(=O)C#CC([H])([H])[H],QM7,0.7778,0,0
[H]O/N=C(\C([H])([H])[H])C([H])([H])C([H])([H])[H],QM7,0.9286,0,0
[H]O[N][C]([H])C([H])([H])C([H])([H])C([H])([H])[H],QM7,0.4211,0,0
[H]N([H])C(=O)C([H])([H])C([H])([H])C([H])([H])[H],QM7,0.9333,0,0
[H]C(=O)N([H])C([H])([H])C([H])=C([H])[H],QM7,0.5652,0,0
[H]C#CC([H])([H])C([H])(C([H])([H])[H])C([H])([H])[H],QM7,0.5556,0,0
[H]C(=O)/C(=C(/[H])N([H])[H])C([H])([H])[H],QM7,0.8235,0,0
[H]OC([H])([H])C(N([H])[H])(C([H])([H])[H])C([H])([H])[H],QM7,0.8462,0,0
[H]C(=O)N([H])C([H])(C([H])([H])[H])C([H])([H])[H],QM7,0.8125,0,0
[H]OC([H])([H])[C@@]([H])(C([H])([H])[H])C([H])([H])N([H])[H],QM7,0.9333,0,0
[H]OC([H])([H])[C@]([H])(N([H])[H])C([H])([H])C([H])([H])[H],QM7,1.0000,1,0
[H]C(=O)N([H])C([H])([H])C([H])([H])C([H])([H])[H],QM7,0.6842,0,0
[H][C]([N]OC([H])([H])[H])C([H])([H])C([H])([H])[H],QM7,0.3333,0,0
[H]C(=O)C(C#N)=C([H])[H],QM7,0.7895,0,0
[H]C#CC([H])(C#C[H])C([H])([H])[H],QM7,0.5385,0,0
[H]C([H])=C([H])C(=O)C#N,QM7,0.5238,0,0
[H]C(=O)[C@@]([H])(C#N)C([H])([H])[H],QM7,0.5455,0,0
[H]OC(C([H])([H])[H])(C([H])([H])[H])C([H])([H])N([H])[H],QM7,0.8462,0,0
[H]OC(C#N)(C([H])([H])[H])C([H])([H])[H],QM7,0.8462,0,0
[H]OC([H])([H])[C@@]([H])(C#N)C([H])([H])[H],QM7,0.6000,0,0
[H]C([H])([H])C([H])([H])C(=O)C#N,QM7,0.5455,0,0
[H]O[C@@]([H])(C([H])([H])N([H])[H])C([H])([H])C([H])([H])[H],QM7,1.0000,1,0
[H]O[C@@]([H])(C#N)C([H])([H])C([H])([H])[H],QM7,0.5556,0,0
[H][C]([H])[N]OC([H])([H])C([H])=C([H])[H],QM7,0.5000,0,0
[H][C]([H])[N]OC([H])(C([H])([H])[H])C([H])([H])[H],QM7,0.4444,0,0
[H]C([H])([H])C#CC([H])(C([H])([H])[H])C([H])([H])[H],QM7,0.9167,0,0
[H]N(C(=O)C([H])([H])C([H])([H])[H])C([H])([H])[H],QM7,0.9333,0,0
[H][C]([H])[N]OC([H])([H])C([H])([H])C([H])([H])[H],QM7,0.4545,0,0
[H]OC([H])([H])C([H])([H])N([H])C([H])([H])C([H])([H])[H],QM7,0.8750,0,0
[H]OC([H])([H])C([H])([H])[C@]([H])(N([H])[H])C([H])([H])[H],QM7,1.0000,1,0
[H]C(=O)/C([H])=C(\N([H])[H])C([H])([H])[H],QM7,0.6316,0,0
[H]O[C@]([H])(C([H])([H])[H])[C@]([H])(N([H])[H])C([H])([H])[H],QM7,1.0000,2,0
[H]C(=O)N(C([H])([H])[H])C([H])([H])C([H])([H])[H],QM7,0.8750,0,0
[H]N(C(=O)C([H])([H])[H])C([H])([H])C([H])([H])[H],QM7,0.9333,0,0
[H]C(=O)C([H])([H])N([H])C([H])([H])C([H])([H])[H],QM7,0.9333,0,0
[H]C([H])=C(C#CC([H])([H])[H])C([H])([H])[H],QM7,0.9286,0,0
[H]C#C/C(=N/O[H])C([H])([H])[H],QM7,0.4762,0,0
[H]N([H])C([H])([H])C([H])([H])OC([H])([H])C([H])([H])[H],QM7,0.9333,0,0
[H]C([H])=C([H])OC([H])([H])C#N,QM7,0.4211,0,0
[H]/C(C(=O)C([H])([H])[H])=C(/[H])N([H])[H],QM7,0.5294,0,0
[H]C([H])([H])C(=O)C([H])([H])C#N,QM7,0.9375,0,0
[H]O[C@]([H])(C([H])([H])[H])C([H])([H])C([H])([H])N([H])[H],QM7,0.6667,0,0
[H]O[C@]([H])(C([H])([H])[H])C([H])([H])C#N,QM7,0.6190,0,0
[H]C([H])(C#N)OC([H])([H])C([H])([H])[H],QM7,0.7500,0,0
[H]C([H])([H])C#CC#CC([H])([H])[H],QM7,0.8750,0,0
[H][C]([N]OC([H])([H])C([H])([H])[H])C([H])([H])[H],QM7,0.4762,0,0
[H]C([H])=C([H])C([H])([H])C#CC([H])([H])[H],QM7,0.5556,0,0
[H]OC([H])([H])C([H])([H])C([H])([H])N([H])C([H])([H])[H],QM7,0.8125,0,0
[H]C(=O)N(C([H])=C([H])[H])C([H])([H])[H],QM7,0.5385,0,0
[H]OC([H])([H])C([H])([H])N(C([H])([H])[H])C([H])([H])[H],QM7,0.9231,0,0
[H]C([H])([H])C(=O)N(C([H])([H])[H])C([H])([H])[H],QM7,0.9091,0,0
[H]C(=O)C([H])([H])N(C([H])([H])[H])C([H])([H])[H],QM7,0.9286,0,0
[H]OC([H])([H])[C@@]([H])(N([H])C([H])([H])[H])C([H])([H])[H],QM7,0.7368,0,0
[H]C(=O)[C@@]([H])(N([H])C([H])([H])[H])C([H])([H])[H],QM7,0.6087,0,0
[H]O[C@]([H])(C([H])([H])[H])C([H])([H])N([H])C([H])([H])[H],QM7,0.9333,0,0
[H]C#CC([H])([H])C#CC([H])([H])[H],QM7,0.8750,0,0
[H]N(C([H])([H])[H])C([H])([H])C(=O)C([H])([H])[H],QM7,0.8235,0,0
[H]C(=O)C([H])([H])C([H])([H])N([H])C([H])([H])[H],QM7,0.6842,0,0
[H]N(C([H])([H])[H])C([H])([H])C([H])([H])OC([H])([H])[H],QM7,1.0000,1,0
[H]C([H])=C([H])C(=O)N([H])C([H])([H])[H],QM7,0.9375,0,0
[H]C#CC(=O)N([H])C([H])([H])[H],QM7,0.5263,0,0
[H]C#CC([H])([H])O[N][C]([H])[H],QM7,0.4583,0,0
[H]/C(=C(/[H])C([H])([H])C([H])([H])[H])C([H])([H])C([H])([H])[H],QM7,0.8889,0,0
[H]N([H])C([H])([H])C([H])([H])C([H])([H])OC([H])([H])[H],QM7,0.9333,0,0
[H]/C(OC([H])([H])[H])=C(/[H])C([H])([H])N([H])[H],QM7,0.5217,0,0
[H]/C(C#N)=C(/[H])OC([H])([H])[H],QM7,1.0000,1,0
[H]C([H])=C(OC([H])([H])[H])C([H])([H])N([H])[H],QM7,0.5556,0,0
[H]C([H])=C(C#N)OC([H])([H])[H],QM7,0.5000,0,0
[H]N([H])C([H])([H])[C@@]([H])(OC([H])([H])[H])C([H])([H])[H],QM7,0.9333,0,0
[H]C([H])([H])O[C@]([H])(C#N)C([H])([H])[H],QM7,0.9333,0,0
[H]N([H])[C@]([H])(C([H])([H])[H])C([H])([H])OC([H])([H])[H],QM7,0.9333,0,0
[H]C([H])([H])OC([H])([H])C([H])([H])C#N,QM7,1.0000,1,0
[H]C([H])([H])ON=C(C([H])([H])[H])C([H])([H])[H],QM7,0.9231,0,0
[H]C(=C(C([H])([H])[H])C([H])([H])[H])C([H])([H])C([H])([H])[H],QM7,1.0000,1,0
[H][C]([H])/C([H])=C(\[H])[N]OC([H])([H])[H],QM7,0.3158,0,0
[H]C#C[C]([H])[N]OC([H])([H])[H],QM7,0.3462,0,0
[H]C([H])=C([H])/C([H])=C(\[H])C([H])([H])C([H])([H])[H],QM7,0.9333,0,0
[H]OC([H])([H])C([H])([H])C([H])([H])C([H])([H])N([H])[H],QM7,0.9231,0,0
[H]OC([H])([H])/C([H])=C(\[H])C([H])([H])N([H])[H],QM7,0.9286,0,0
[H]C#C/C([H])=C(\[H])C([H])([H])C([H])([H])[H],QM7,0.7000,0,0
[H]OC([H])([H])C(=C([H])[H])C([H])([H])N([H])[H],QM7,0.5556,0,0
[H]OC([H])([H])C#CC([H])([H])N([H])[H],QM7,0.6154,0,0
[H]OC([H])([H])[C@@]([H])(C([H])=C([H])[H])N([H])[H],QM7,0.6000,0,0
[H]C#C[C@@]([H])(N([H])[H])C([H])([H])O[H],QM7,0.5000,0,0
[H]O[C@@]([H])(C([H])=C([H])[H])C([H])([H])N([H])[H],QM7,0.5556,0,0
[H]C#C[C@]([H])(O[H])C([H])([H])N([H])[H],QM7,0.4762,0,0
[H]C([H])=C([H])OC([H])([H])C([H])([H])N([H])[H],QM7,0.7000,0,0
[H]C([H])=C([H])C([H])([H])C(=O)N([H])[H],QM7,0.9375,0,0
[H]C#CC([H])([H])C(=O)N([H])[H],QM7,0.5263,0,0
[H]C([H])=C(C([H])([H])C([H])([H])[H])C([H])([H])C([H])([H])[H],QM7,0.9091,0,0
[H]C([H])=C([H])C(=C([H])[H])C([H])([H])C([H])([H])[H],QM7,1.0000,1,0
[H]C#CC(=O)C#N,QM7,0.5625,0,0
[H]C(=O)/C([H])=C(\[H])C#N,QM7,0.6000,0,0
[H]C(=O)C#CC#N,QM7,0.4667,0,0
[H]C(=O)C([H])([H])C([H])([H])C#N,QM7,1.0000,1,0
[H]C#CC(=C([H])[H])C([H])([H])C([H])([H])[H],QM7,0.5000,0,0
[H]O[C@]([H])(C#N)C([H])=C([H])[H],QM7,0.5000,0,0
[H]C#C[C@@]([H])(C#N)O[H],QM7,0.4444,0,0
[H]OC([H])([H])/C([H])=C(\[H])C#N,QM7,0.5000,0,0
[H]OC([H])([H])C(C#N)=C([H])[H],QM7,1.0000,1,0
[H]OC([H])([H])C#CC#N,QM7,0.5333,0,0
[H]OC([H])([H])C([H])([H])C([H])([H])C#N,QM7,0.8235,0,0
[H]/C(=C(/C([H])([H])[H])C([H])([H])C([H])([H])[H])C([H])([H])[H],QM7,0.9231,0,0
[H]C#CC([H])([H])N([H])C([H])=O,QM7,0.5833,0,0
[H]O[N][C]([H])C([H])([H])C([H])=C([H])[H],QM7,0.5000,0,0
[H]C#CC([H])([H])[C]([H])[N]O[H],QM7,0.3810,0,0
[H]C([H])=C([H])[C@]([H])(C([H])([H])[H])C([H])([H])C([H])([H])[H],QM7,1.0000,1,0
[H]C([H])([H])C([H])([H])S(=O)(=O)C([H])([H])[H],QM7,0.9000,0,0
[H]C([H])=C([H])S(=O)(=O)C([H])([H])[H],QM7,1.0000,1,0
[H]C#CS(=O)(=O)C([H])([H])[H],QM7,0.6250,0,0
[H]C#C[C@]([H])(C([H])([H])[H])C([H])([H])C([H])([H])[H],QM7,0.5455,0,0
[H]C([H])([H])C([H])([H])C#CC([H])([H])C([H])([H])[H],QM7,0.7273,0,0
[H]C([H])=C([H])C#CC([H])([H])C([H])([H])[H],QM7,0.9375,0,0
[H]C#CC#CC([H])([H])C([H])([H])[H],QM7,0.5000,0,0
[H]/C(=C(/[H])C([H])([H])C([H])([H])C([H])([H])[H])C([H])([H])[H],QM7,1.0000,2,0
[H]C([H])=C(C([H])([H])[H])C([H])([H])C([H])([H])C([H])([H])[H],QM7,0.9286,0,0
[H]C([H])=C([H])[C@@]([H])(C#N)C([H])([H])C([H])([H])[H],QM7,0.6400,0,0
[H]N([H])C([H])([H])C([H])([H])[C@]([H])(C([H])([H])[H])C([H])([H])C([H])([H])[H],QM7,0.8824,0,0
[H]/C(=C(/C([H])([H])[H])C([H])([H])C([H])([H])[H])C([H])([H])N([H])[H],QM7,0.7273,0,0
[H]/C(C#N)=C(/C([H])([H])[H])C([H])([H])C([H])([H])[H],QM7,0.6538,0,0
[H]N([H])C([H])([H])C(C([H])([H])[H])(C([H])([H])[H])C([H])([H])C([H])([H])[H],QM7,0.9286,0,0
[H]C([H])([H])C([H])([H])C(C#N)(C([H])([H])[H])C([H])([H])[H],QM7,0.8235,0,0
[H]N([H])[C@]([H])(C([H])([H])[H])[C@]([H])(C([H])([H])[H])C([H])([H])C([H])([H])[H],QM7,1.0000,1,0
[H]C([H])([H])C([H])([H])[C@@]([H])(C([H])([H])[H])C([H])([H])C#N,QM7,0.7143,0,0
[H]C#C[C@@]([H])(C#N)C([H])([H])C([H])([H])[H],QM7,0.5000,0,0
[H]N([H])C([H])([H])C([H])(C([H])([H])C([H])([H])[H])C([H])([H])C([H])([H])[H],QM7,0.9231,0,0
[H]C([H])([H])C([H])([H])C([H])(C#N)C([H])([H])C([H])([H])[H],QM7,0.6667,0,0
[H]N([H])C([H])([H])C([H])([H])C#CC([H])([H])C([H])([H])[H],QM7,0.5263,0,0
[H]N([H])[C@@]([H])(C#CC([H])([H])C([H])([H])[H])C([H])([H])[H],QM7,0.5714,0,0
[H]C([H])(C#N)C#CC([H])([H])C([H])([H])[H],QM7,0.6250,0,0
[H]/C(=C(/[H])C([H])([H])C([H])([H])C([H])([H])[H])C([H])([H])N([H])[H],QM7,0.6667,0,0
[H]/C(C#N)=C(/[H])C([H])([H])C([H])([H])C([H])([H])[H],QM7,1.0000,1,0
[H]C([H])=C(C([H])([H])N([H])[H])C([H])([H])C([H])([H])C([H])([H])[H],QM7,0.5789,0,0
[H]C([H])=C(C#N)C([H])([H])C([H])([H])C([H])([H])[H],QM7,0.6667,0,0
[H]N([H])C([H])([H])[C@]([H])(C([H])([H])[H])C([H])([H])C([H])([H])C([H])([H])[H],QM7,0.8824,0,0
[H]N([H])C(C([H])([H])[H])(C([H])([H])[H])C([H])([H])C([H])([H])C([H])([H])[H],QM7,0.9286,0,0
[H]C([H])([H])C([H])([H])C([H])([H])[C@]([H])(C#N)C([H])([H])[H],QM7,0.9412,0,0
[H]N([H])C([H])([H])C#CC([H])([H])C([H])([H])C([H])([H])[H],QM7,0.6842,0,0
[H]C([H])([H])C([H])([H])C([H])([H])C#CC#N,QM7,0.5909,0,0
[H]N([H])[C@]([H])(C([H])([H])[H])C([H])([H])C([H])([H])C([H])([H])C([H])([H])[H],QM7,0.9375,0,0
[H]C([H])([H])C([H])([H])C([H])([H])C([H])([H])C([H])([H])C#N,QM7,0.9375,0,0
[H]N(C([H])([H])[H])C([H])([H])C([H])([H])C([H])([H])C([H])([H])C([H])([H])[H],QM7,0.9333,0,0
[H]/C(=C(/[H])C([H])([H])C([H])([H])[H])C([H])([H])N([H])C([H])([H])[H],QM7,1.0000,1,0
[H]C([H])=C(C([H])([H])N([H])C([H])([H])[H])C([H])([H])C([H])([H])[H],QM7,0.7059,0,0
[H]N(C([H])([H])[H])C([H])([H])[C@]([H])(C([H])([H])[H])C([H])([H])C([H])([H])[H],QM7,0.9375,0,0
[H]N(C([H])([H])[H])C(C([H])([H])[H])(C([H])([H])[H])C([H])([H])C([H])([H])[H],QM7,0.5789,0,0
[H]N(C([H])([H])[H])C([H])(C([H])([H])C([H])([H])[H])C([H])([H])C([H])([H])[H],QM7,0.6471,0,0
[H]N(C([H])([H])[H])C([H])([H])C#CC([H])([H])C([H])([H])[H],QM7,0.5294,0,0
[H]N(C([H])([H])[H])[C@]([H])(C([H])([H])[H])C([H])([H])C([H])([H])C([H])([H])[H],QM7,0.9375,0,0
[H][C](/C(=C(\[H])[N]N([H])[H])C([H])([H])[H])C([H])([H])[H],QM7,0.3333,0,0
[H]C(/C(=N/N([H])[H])C([H])([H])[H])=C(/[H])C([H])([H])[H],QM7,0.5714,0,0
[H][C]([N]N([H])[H])C([H])([H])/C([H])=C(\[H])C([H])([H])[H],QM7,0.4167,0,0
[H]C([H])=C(/C(=N/N([H])[H])C([H])([H])[H])C([H])([H])[H],QM7,0.5000,0,0
[H][C]([N]N([H])[H])C([H])([H])C(=C([H])[H])C([H])([H])[H],QM7,0.4762,0,0
[H][C]([N]N([H])[H])[C@]([H])(C([H])=C([H])[H])C([H])([H])[H],QM7,0.4737,0,0
[H]/C([N]N([H])[H])=C(/[H])[C](C([H])([H])[H])C([H])([H])[H],QM7,0.3333,0,0
[H][C]([N]N([H])[H])C(C([H])([H])[H])(C([H])([H])[H])C([H])([H])[H],QM7,0.4444,0,0
[H]N([H])/N=C(\C([H])([H])[H])C([H])(C([H])([H])[H])C([H])([H])[H],QM7,0.6111,0,0
[H][C]([N]N([H])[H])C([H])([H])C([H])(C([H])([H])[H])C([H])([H])[H],QM7,0.4091,0,0
[H]C([H])=C([H])C([H])([H])/C(=N\N([H])[H])C([H])([H])[H],QM7,0.4828,0,0
[H]C#CC([H])([H])/C(=N\N([H])[H])C([H])([H])[H],QM7,0.5000,0,0
[H]N([H])/N=C(/C#CC([H])([H])[H])C([H])([H])[H],QM7,0.5500,0,0
[H][C]([N]N([H])[H])C([H])([H])C#CC([H])([H])[H],QM7,0.4074,0,0
[H][C](/C([H])=C(\[H])[N]N([H])[H])C([H])([H])C([H])([H])[H],QM7,0.3600,0,0
[H][C]([H])/C(=C(\[H])[N]N([H])[H])C([H])([H])C([H])([H])[H],QM7,0.3913,0,0
[H]C([H])=C([H])/C(=N\N([H])[H])C([H])([H])C([H])([H])[H],QM7,0.6000,0,0
[H][C]([N]N([H])[H])[C@]([H])(C([H])([H])[H])C([H])([H])C([H])([H])[H],QM7,0.4500,0,0
[H]N([H])N=C(C([H])([H])C([H])([H])[H])C([H])([H])C([H])([H])[H],QM7,0.6000,0,0
[H][C](C#CC([H])([H])C([H])([H])[H])[N]N([H])[H],QM7,0.4167,0,0
[H]N([H])/N=C(\C([H])([H])[H])C([H])([H])C([H])([H])C([H])([H])[H],QM7,0.6957,0,0
[H][C]([N]N([H])[H])C([H])([H])C([H])([H])C([H])([H])C([H])([H])[H],QM7,0.5455,0,0
[H]N(C([H])([H])C([H])([H])[H])C([H])([H])C([H])([H])C([H])([H])C([H])([H])[H],QM7,1.0000,1,0
[H]C#CC(=C([H])[H])C([H])([H])C#N,QM7,0.4545,0,0
[H]C([H])=C([H])/C(=C(\[H])C([H])([H])[H])C([H])([H])N([H])[H],QM7,1.0000,1,0
[H]C#C/C(=C(\[H])C([H])([H])[H])C([H])([H])N([H])[H],QM7,0.5200,0,0
[H]C([H])=C([H])[C@@]([H])(/C([H])=C(\[H])C([H])([H])[H])N([H])[H],QM7,0.5000,0,0
[H]C#C[C@@]([H])(/C([H])=C(\[H])C([H])([H])[H])N([H])[H],QM7,0.4783,0,0
[H]/C(=C(/[H])C([H])([H])N(C([H])([H])[H])C([H])([H])[H])C([H])([H])[H],QM7,0.8750,0,0
[H]C([H])=C([H])[C@@]([H])(C(=C([H])[H])C([H])([H])[H])N([H])[H],QM7,0.5652,0,0
[H]C#C[C@@]([H])(C(=C([H])[H])C([H])([H])[H])N([H])[H],QM7,0.5000,0,0
[H]C#C/C(=C(\[H])C#N)C([H])([H])[H],QM7,0.4583,0,0
[H]C#C/C(=C(\[H])C([H])([H])N([H])[H])C([H])([H])[H],QM7,0.5652,0,0
[H]C([H])=C([H])[C@@]([H])(N(C([H])([H])[H])C([H])([H])[H])C([H])([H])[H],QM7,1.0000,1,0
[H]C([H])=C([H])C(C([H])([H])[H])(C([H])([H])[H])C([H])([H])N([H])[H],QM7,0.9375,0,0
[H]C#CC(C([H])([H])[H])(C([H])([H])[H])C([H])([H])N([H])[H],QM7,0.5000,0,0
[H]C([H])=C([H])[C@]([H])(N([H])[H])C([H])(C([H])([H])[H])C([H])([H])[H],QM7,0.5625,0,0
[H]C#C[C@]([H])(N([H])[H])C([H])(C([H])([H])[H])C([H])([H])[H],QM7,0.5294,0,0
[H]C([H])([H])N(C([H])([H])[H])C([H])([H])C([H])(C([H])([H])[H])C([H])([H])[H],QM7,1.0000,1,0
[H]C#C[C@@]([H])(N(C([H])([H])[H])C([H])([H])[H])C([H])([H])[H],QM7,1.0000,1,0
[H]C([H])=C([H])[C@@]([H])(C([H])([H])[H])C([H])([H])C#N,QM7,0.5833,0,0
[H]C#C[C@@]([H])(C([H])([H])[H])C([H])([H])C#N,QM7,0.5000,0,0
[H]C([H])=C([H])[C@@]([H])(C([H])([H])[H])C([H])([H])C([H])([H])N([H])[H],QM7,0.6818,0,0
[H]C#C[C@@]([H])(C([H])([H])[H])C([H])([H])C([H])([H])N([H])[H],QM7,0.7143,0,0
[H]C([H])=C([H])[C@@]([H])(C#CC([H])([H])[H])N([H])[H],QM7,0.4286,0,0
[H]C#C[C@@]([H])(C#CC([H])([H])[H])N([H])[H],QM7,0.4762,0,0
[H]C([H])([H])C#CC([H])([H])N(C([H])([H])[H])C([H])([H])[H],QM7,0.6000,0,0
[H]N([H])C(C([H])([H])[H])(C([H])([H])C([H])([H])[H])C([H])([H])C([H])([H])[H],QM7,0.6250,0,0
[H]C([H])=C([H])[C@@](N([H])[H])(C([H])([H])[H])C([H])([H])C([H])([H])[H],QM7,0.5714,0,0
[H]C#C[C@@](N([H])[H])(C([H])([H])[H])C([H])([H])C([H])([H])[H],QM7,0.7273,0,0
[H]C([H])([H])N(C([H])([H])[H])[C@]([H])(C([H])([H])[H])C([H])([H])C([H])([H])[H],QM7,1.0000,1,0
[H]/C(=C(/C([H])([H])N([H])[H])C([H])([H])C([H])([H])[H])C([H])([H])[H],QM7,0.5714,0,0
[H]C([H])=C([H])[C@]([H])(C([H])([H])N([H])[H])C([H])([H])C([H])([H])[H],QM7,0.6364,0,0
[H]C#C[C@]([H])(C([H])([H])N([H])[H])C([H])([H])C([H])([H])[H],QM7,0.5455,0,0
[H]N([H])[C@@]([H])(C([H])([H])C([H])([H])[H])C([H])([H])C([H])([H])C([H])([H])[H],QM7,1.0000,1,0
[H]C([H])=C([H])[C@]([H])(N([H])[H])C([H])([H])C([H])([H])C([H])([H])[H],QM7,1.0000,1,0
[H]C#C[C@]([H])(N([H])[H])C([H])([H])C([H])([H])C([H])([H])[H],QM7,0.6522,0,0
[H]C([H])([H])N(C([H])([H])[H])C([H])([H])C([H])([H])C([H])([H])C([H])([H])[H],QM7,0.7647,0,0
[H]C([H])=C(C#N)C([H])([H])C#N,QM7,0.5714,0,0
[H]C([H])=C([H])C([H])(C#N)C#N,QM7,1.0000,1,0
[H]/N=C(/[H])N([H])C([H])([H])C([H])([H])C([H])=C([H])[H],QM7,0.4444,0,0
[H]C#CC([H])(C#N)C#N,QM7,0.3478,0,0
[H]C(=C(C#N)C#N)C([H])([H])[H],QM7,0.5455,0,0
[H]C(=C(C([H])([H])N([H])[H])C([H])([H])N([H])[H])C([H])([H])[H],QM7,0.5000,0,0
[H]/C(=C(/[H])[C@@]([H])(N([H])[H])C([H])([H])N([H])[H])C([H])([H])[H],QM7,0.5714,0,0
[H]/N=C(/[H])N([H])C([H])([H])/C([H])=C(\[H])C([H])([H])[H],QM7,0.5000,0,0
[H]C([H])=C(C([H])([H])[H])[C@@]([H])(N([H])[H])C([H])([H])N([H])[H],QM7,0.5714,0,0
[H]/N=C(/[H])N([H])C([H])([H])C(=C([H])[H])C([H])([H])[H],QM7,0.4000,0,0
[H]/C(C#N)=C(\C#N)C([H])([H])[H],QM7,0.5556,0,0
[H]/N=C(/[H])N([H])C(C([H])([H])[H])(C([H])([H])[H])C([H])([H])[H],QM7,0.4211,0,0
[H]C([H])([H])C(C#N)(C#N)C([H])([H])[H],QM7,0.5882,0,0
[H]N([H])C([H])([H])C(C([H])([H])[H])(C([H])([H])[H])C([H])([H])N([H])[H],QM7,0.9091,0,0
[H]N([H])C([H])([H])[C@]([H])(N([H])[H])C([H])(C([H])([H])[H])C([H])([H])[H],QM7,1.0000,2,0
[H]/N=C(/[H])N([H])C([H])([H])C([H])(C([H])([H])[H])C([H])([H])[H],QM7,0.4074,0,0
[H]C([H])([H])[C@]([H])(C#N)C([H])([H])C#N,QM7,0.7143,0,0
[H]N([H])C([H])([H])[C@@]([H])(C#CC([H])([H])[H])N([H])[H],QM7,0.5000,0,0
[H]/N=C(/[H])N([H])C([H])([H])C#CC([H])([H])[H],QM7,0.4000,0,0
[H]/C(=C(\C#N)C([H])([H])C([H])([H])[H])N([H])[H],QM7,0.5909,0,0
[H]N([H])C([H])([H])[C@@](N([H])[H])(C([H])([H])[H])C([H])([H])C([H])([H])[H],QM7,0.5714,0,0
[H]/N=C(/[H])N([H])[C@]([H])(C([H])([H])[H])C([H])([H])C([H])([H])[H],QM7,0.5217,0,0
[H]C([H])([H])C([H])([H])C([H])(C#N)C#N,QM7,0.5500,0,0
[H]N([H])C([H])([H])C([H])(C([H])([H])N([H])[H])C([H])([H])C([H])([H])[H],QM7,0.9231,0,0
[H]N([H])C([H])([H])[C@]([H])(N([H])[H])C([H])([H])C([H])([H])C([H])([H])[H],QM7,0.9375,0,0
[H]/N=C(/[H])N([H])C([H])([H])C([H])([H])C([H])([H])C([H])([H])[H],QM7,0.4800,0,0
[H][C]([H])[N][N][C]([H])C([H])([H])C([H])=C([H])[H],QM7,0.3889,0,0
[H][C]([H])[N]N([H])C([H])([H])C([H])([H])C([H])=C([H])[H],QM7,0.5909,0,0
[H][C]([H])[N][N]/C([H])=C(\[H])[C]([H])C([H])([H])[H],QM7,0.2800,0,0
[H][C]([H])[N]N([H])C([H])([H])/C([H])=C(\[H])C([H])([H])[H],QM7,0.4400,0,0
[H][C]([H])[N][N]/C([H])=C(/[C]([H])[H])C([H])([H])[H],QM7,0.3333,0,0
[H][C]([H])[N]N([H])C([H])([H])C(=C([H])[H])C([H])([H])[H],QM7,0.4762,0,0
[H][C]([H])[N][N]/C(=C(\[H])[C]([H])[H])C([H])([H])[H],QM7,0.3043,0,0
[H][C]([H])[N]N([H])C(C([H])([H])[H])(C([H])([H])[H])C([H])([H])[H],QM7,0.5294,0,0
[H][C]([H])[N][N][C]([H])C([H])(C([H])([H])[H])C([H])([H])[H],QM7,0.3158,0,0
[H][C]([H])[N]N([H])C([H])([H])C([H])(C([H])([H])[H])C([H])([H])[H],QM7,0.4167,0,0
[H][C]([H])[N][N][C]([H])C#CC([H])([H])[H],QM7,0.3600,0,0
[H][C]([H])[N]N([H])C([H])([H])C#CC([H])([H])[H],QM7,0.4286,0,0
[H]N(/N=C(\C([H])([H])[H])C([H])([H])C([H])([H])[H])C([H])([H])[H],QM7,0.5714,0,0
[H][C]([H])[N][N][C](C([H])([H])[H])C([H])([H])C([H])([H])[H],QM7,0.3684,0,0
[H][C]([H])[N]N([H])[C@]([H])(C([H])([H])[H])C([H])([H])C([H])([H])[H],QM7,0.5455,0,0
[H]N([H])C([H])([H])[C@@]([H])(N([H])C([H])([H])[H])C([H])([H])C([H])([H])[H],QM7,1.0000,2,0
[H][C]([N]N([H])C([H])([H])[H])C([H])([H])C([H])([H])C([H])([H])[H],QM7,0.4783,0,0
[H][C]([H])[N][N][C]([H])C([H])([H])C([H])([H])C([H])([H])[H],QM7,0.3810,0,0
[H]/N=C(/N([H])C([H])([H])[H])C([H])([H])C([H])([H])C([H])([H])[H],QM7,0.3846,0,0
[H][C]([H])[N]N([H])C([H])([H])C([H])([H])C([H])([H])C([H])([H])[H],QM7,0.6190,0,0
[H]N(C([H])([H])C([H])([H])C([H])([H])[H])C([H])([H])C([H])([H])C([H])([H])[H],QM7,0.9091,0,0
[H]C([H])=C([H])C([H])([H])N([H])C([H])([H])C([H])=C([H])[H],QM7,0.9167,0,0
[H]C#CC([H])([H])N([H])C([H])([H])C([H])=C([H])[H],QM7,0.6296,0,0
[H]C#CC([H])([H])N([H])C([H])([H])C#C[H],QM7,0.9167,0,0
[H]C([H])=C([H])C([H])([H])C(N([H])[H])(C([H])([H])[H])C([H])([H])[H],QM7,1.0000,1,0
[H]C#CC([H])([H])C(N([H])[H])(C([H])([H])[H])C([H])([H])[H],QM7,0.4800,0,0
[H]N(C([H])(C([H])([H])[H])C([H])([H])[H])C([H])(C([H])([H])[H])C([H])([H])[H],QM7,0.8889,0,0
[H]C([H])=C([H])C([H])([H])N([H])C([H])(C([H])([H])[H])C([H])([H])[H],QM7,0.6190,0,0
[H]C#CC([H])([H])N([H])C([H])(C([H])([H])[H])C([H])([H])[H],QM7,0.5500,0,0
[H]C([H])=C(C([H])([H])[H])[C@]([H])(C#N)C([H])([H])[H],QM7,0.5238,0,0
[H]C([H])=C([H])/C([H])=C(/C([H])([H])[H])C([H])([H])N([H])[H],QM7,0.5833,0,0
[H]C#C/C([H])=C(/C([H])([H])[H])C([H])([H])N([H])[H],QM7,0.5000,0,0
[H]C([H])=C(C([H])([H])[H])[C@@]([H])(C([H])([H])[H])C([H])([H])N([H])[H],QM7,0.6190,0,0
[H]C([H])=C([H])C([H])([H])[C@@]([H])(C([H])([H])[H])C([H])([H])N([H])[H],QM7,1.0000,1,0
[H]C#CC([H])([H])[C@@]([H])(C([H])([H])[H])C([H])([H])N([H])[H],QM7,0.7619,0,0
[H]/C(=C(/[H])[C@]([H])(N([H])[H])C([H])([H])C([H])([H])[H])C([H])([H])[H],QM7,0.8000,0,0
[H]N([H])[C@]([H])(C([H])([H])C([H])([H])[H])C([H])(C([H])([H])[H])C([H])([H])[H],QM7,1.0000,1,0
[H]C([H])=C(C([H])([H])[H])[C@]([H])(N([H])[H])C([H])([H])C([H])([H])[H],QM7,0.9412,0,0
[H]N([H])[C@@]([H])(C#CC([H])([H])[H])C([H])([H])C([H])([H])[H],QM7,0.5714,0,0
[H]C([H])=C([H])C([H])([H])[C@]([H])(N([H])[H])C([H])([H])C([H])([H])[H],QM7,1.0000,1,0
[H]C#CC([H])([H])[C@]([H])(N([H])[H])C([H])([H])C([H])([H])[H],QM7,0.6667,0,0
[H]C([H])=C([H])[C@]([H])(N([H])C([H])([H])[H])C([H])([H])C([H])([H])[H],QM7,0.5909,0,0
[H]C#C[C@]([H])(N([H])C([H])([H])[H])C([H])([H])C([H])([H])[H],QM7,0.6250,0,0
[H]C([H])([H])N(C([H])([H])C([H])([H])[H])C([H])([H])C([H])([H])C([H])([H])[H],QM7,0.9286,0,0
[H]N(C([H])([H])C([H])([H])C([H])([H])[H])C([H])(C([H])([H])[H])C([H])([H])[H],QM7,0.6316,0,0
[H]C([H])=C([H])C([H])([H])N([H])C([H])([H])C([H])([H])C([H])([H])[H],QM7,0.8947,0,0
[H]C#CC([H])([H])N([H])C([H])([H])C([H])([H])C([H])([H])[H],QM7,0.6364,0,0
[H]N([H])C([H])([H])C([H])([H])N([H])C([H])([H])C([H])([H])C([H])([H])[H],QM7,0.9375,0,0
[H]C([H])=C([H])C([H])([H])N([H])C([H])([H])C#N,QM7,0.5833,0,0
[H]C#CC([H])([H])N([H])C([H])([H])C#N,QM7,0.6471,0,0
[H]/N=C(/[H])N(/C([H])=C(\[H])C([H])([H])[H])C([H])([H])[H],QM7,0.4167,0,0
[H]N([H])C([H])([H])C([H])([H])N([H])C([H])(C([H])([H])[H])C([H])([H])[H],QM7,1.0000,1,0
[H]N([H])C([H])([H])C([H])([H])C(N([H])[H])(C([H])([H])[H])C([H])([H])[H],QM7,0.6190,0,0
[H]/N=C(/[H])N(C([H])([H])[H])C([H])(C([H])([H])[H])C([H])([H])[H],QM7,0.4762,0,0
[H]/N=C(\N([H])C([H])(C([H])([H])[H])C([H])([H])[H])C([H])([H])[H],QM7,0.4348,0,0
[H]N(C([H])([H])C#N)C([H])(C([H])([H])[H])C([H])([H])[H],QM7,0.5500,0,0
[H]N([H])C([H])([H])C([H])([H])[C@@]([H])(C([H])([H])[H])C([H])([H])N([H])[H],QM7,0.6316,0,0
[H]/C(=C(\C([H])([H])[H])C([H])([H])N([H])[H])C([H])([H])N([H])[H],QM7,0.6000,0,0
[H]N([H])C([H])([H])C([H])([H])[C@]([H])(N([H])[H])C([H])([H])C([H])([H])[H],QM7,1.0000,1,0
[H]/C(C#N)=C(/N([H])[H])C([H])([H])C([H])([H])[H],QM7,0.6000,0,0
[H]N([H])[C@]([H])(C([H])([H])[H])[C@]([H])(N([H])[H])C([H])([H])C([H])([H])[H],QM7,0.6250,0,0
[H]N(C([H])([H])[H])[C@@]([H])(C#N)C([H])([H])C([H])([H])[H],QM7,0.5417,0,0
[H]/N=C(/[H])N(C([H])([H])[H])C([H])([H])C([H])([H])C([H])([H])[H],QM7,0.4231,0,0
[H]/N=C(\N([H])C([H])([H])C([H])([H])C([H])([H])[H])C([H])([H])[H],QM7,0.4583,0,0
[H]N(C([H])([H])C#N)C([H])([H])C([H])([H])C([H])([H])[H],QM7,0.7059,0,0
[H][C]([H])[N]N(C([H])([H])[H])C([H])(C([H])([H])[H])C([H])([H])[H],QM7,0.4348,0,0
[H]N(C([H])([H])[H])C([H])([H])[C@]([H])(N([H])[H])C([H])([H])C([H])([H])[H],QM7,1.0000,2,0
[H]N(/C(=N\C([H])([H])[H])C([H])([H])C([H])([H])[H])C([H])([H])[H],QM7,0.5714,0,0
[H][C]([N]C([H])([H])C([H])([H])C([H])([H])[H])N([H])C([H])([H])[H],QM7,0.3448,0,0
[H][C]([H])[N]N(C([H])([H])[H])C([H])([H])C([H])([H])C([H])([H])[H],QM7,0.5000,0,0
[H]C#C[C@]([H])([C]([H])[N]N([H])[H])C([H])([H])[H],QM7,0.4348,0,0
[H]C([H])([H])N(C([H])([H])[H])[C@]([H])(C#N)C([H])([H])[H],QM7,0.9333,0,0
[H]N([H])C([H])([H])[C@@]([H])(N(C([H])([H])[H])C([H])([H])[H])C([H])([H])[H],QM7,0.9333,0,0
[H][C]([N][N][C]([H])C([H])([H])C([H])([H])[H])C([H])([H])[H],QM7,0.3333,0,0
[H][C]([N]N(C([H])([H])[H])C([H])([H])[H])C([H])([H])C([H])([H])[H],QM7,0.4091,0,0
[H]/N=C(/N(C([H])([H])[H])C([H])([H])[H])C([H])([H])C([H])([H])[H],QM7,0.4167,0,0
[H]C#C/C(=N/N([H])[H])C([H])([H])C([H])([H])[H],QM7,0.3913,0,0
[H][C]([N]N([H])C([H])([H])C([H])([H])C([H])([H])[H])C([H])([H])[H],QM7,0.4583,0,0
[H]C([H])=C([H])C(C([H])=C([H])[H])(N([H])[H])C([H])([H])[H],QM7,1.0000,1,0
[H]C#C[C@@](C([H])=C([H])[H])(N([H])[H])C([H])([H])[H],QM7,0.4737,0,0
[H]C#CC(C#C[H])(N([H])[H])C([H])([H])[H],QM7,0.6429,0,0
[H]C(=C(C([H])([H])[H])C([H])([H])[H])[C@]([H])(N([H])[H])C([H])([H])[H],QM7,0.6000,0,0
[H]C([H])=C([H])/C([H])=C(\[H])[C@]([H])(N([H])[H])C([H])([H])[H],QM7,0.5238,0,0
[H]C#C/C([H])=C(\[H])[C@]([H])(N([H])[H])C([H])([H])[H],QM7,0.4545,0,0
[H]C([H])=C([H])C(=C([H])[H])[C@]([H])(N([H])[H])C([H])([H])[H],QM7,0.5789,0,0
[H]C#CC(=C([H])[H])[C@]([H])(N([H])[H])C([H])([H])[H],QM7,0.5455,0,0
[H]N([H])[C@]([H])(C([H])([H])[H])C(C([H])([H])[H])(C([H])([H])[H])C([H])([H])[H],QM7,1.0000,2,0
[H]C([H])=C([H])[C@]([H])(C([H])([H])[H])[C@]([H])(N([H])[H])C([H])([H])[H],QM7,0.7000,0,0
[H]C#C[C@]([H])(C([H])([H])[H])[C@]([H])(N([H])[H])C([H])([H])[H],QM7,0.5789,0,0
[H]C([H])=C([H])C#C[C@]([H])(N([H])[H])C([H])([H])[H],QM7,0.5455,0,0
[H]C#CC#C[C@]([H])(N([H])[H])C([H])([H])[H],QM7,0.4737,0,0
[H]C([H])=C(C([H])([H])[H])C([H])([H])[C@]([H])(N([H])[H])C([H])([H])[H],QM7,0.6190,0,0
[H]C([H])=C([H])C([H])([H])C([H])([H])[C@]([H])(N([H])[H])C([H])([H])[H],QM7,1.0000,2,0
[H]C#CC([H])([H])C([H])([H])[C@]([H])(N([H])[H])C([H])([H])[H],QM7,0.6818,0,0
[H]C([H])([H])N(C([H])([H])C([H])([H])[H])C([H])(C([H])([H])[H])C([H])([H])[H],QM7,0.8667,0,0
[H]C([H])=C([H])C([H])([H])N(C([H])([H])[H])C([H])([H])C([H])([H])[H],QM7,0.6667,0,0
[H]C#CC([H])([H])N(C([H])([H])[H])C([H])([H])C([H])([H])[H],QM7,0.8000,0,0
[H]C([H])([H])C([H])([H])N(C([H])([H])C([H])([H])[H])C([H])([H])C([H])([H])[H],QM7,0.8889,0,0
[H]N(C([H])([H])C([H])([H])[H])[C@@]([H])(C([H])([H])[H])C([H])([H])C([H])([H])[H],QM7,0.9333,0,0
[H]N(C([H])([H])C([H])([H])[H])C(C([H])([H])[H])(C([H])([H])[H])C([H])([H])[H],QM7,1.0000,1,0
[H]C([H])=C([H])[C@@]([H])(N([H])C([H])([H])C([H])([H])[H])C([H])([H])[H],QM7,0.6296,0,0
[H]C#C[C@@]([H])(N([H])C([H])([H])C([H])([H])[H])C([H])([H])[H],QM7,0.5833,0,0
[H]/C(=C(/[H])C([H])([H])N([H])C([H])([H])C([H])([H])[H])C([H])([H])[H],QM7,0.6316,0,0
[H]N(C([H])([H])C([H])([H])[H])C([H])([H])C([H])(C([H])([H])[H])C([H])([H])[H],QM7,0.9333,0,0
[H]C([H])=C(C([H])([H])[H])C([H])([H])N([H])C([H])([H])C([H])([H])[H],QM7,1.0000,1,0
[H]N(C([H])([H])C#CC([H])([H])[H])C([H])([H])C([H])([H])[H],QM7,0.5882,0,0
[H]C([H])=C([H])C([H])([H])C([H])([H])N([H])C([H])([H])C([H])([H])[H],QM7,0.9444,0,0
[H]C#CC([H])([H])C([H])([H])N([H])C([H])([H])C([H])([H])[H],QM7,0.6667,0,0
[H]N([H])C([H])([H])C([H])([H])C([H])([H])N([H])C([H])([H])C([H])([H])[H],QM7,0.9412,0,0
[H]/N=C(/[H])N(C([H])=C([H])[H])C([H])=C([H])[H],QM7,0.2800,0,0
[H]N([H])C([H])([H])C([H])([H])C([H])([H])[C@]([H])(N([H])[H])C([H])([H])[H],QM7,1.0000,1,0
[H]N([H])/C(=C(\C#N)C([H])([H])[H])C([H])([H])[H],QM7,0.5556,0,0
[H]/C(=C(/[H])[C@]([H])(N([H])[H])C([H])([H])[H])C([H])([H])N([H])[H],QM7,0.5714,0,0
[H]C([H])=C(C([H])([H])N([H])[H])[C@]([H])(N([H])[H])C([H])([H])[H],QM7,1.0000,1,0
[H]N([H])C([H])([H])[C@]([H])(C([H])([H])[H])[C@]([H])(N([H])[H])C([H])([H])[H],QM7,0.9286,0,0
[H]N([H])C(C([H])([H])[H])(C([H])([H])[H])[C@]([H])(N([H])[H])C([H])([H])[H],QM7,0.9167,0,0
[H]N([H])C([H])([H])C#C[C@]([H])(N([H])[H])C([H])([H])[H],QM7,0.5217,0,0
[H]N([H])[C@]([H])(C([H])([H])[H])C([H])([H])[C@]([H])(N([H])[H])C([H])([H])[H],QM7,0.6429,0,0
[H]/N=C(/[H])N(C([H])=C([H])[H])C([H])([H])C([H])([H])[H],QM7,0.5217,0,0
[H]N([H])C([H])([H])C([H])([H])N(C([H])([H])[H])C([H])([H])C([H])([H])[H],QM7,0.9375,0,0
[H]/N=C(\N(C([H])([H])[H])C([H])([H])C([H])([H])[H])C([H])([H])[H],QM7,0.4400,0,0
[H]C([H])([H])N(C([H])([H])C#N)C([H])([H])C([H])([H])[H],QM7,0.5652,0,0
[H]/N=C(/[H])N(C([H])([H])C([H])([H])[H])C([H])([H])C([H])([H])[H],QM7,0.5500,0,0
[H]N([H])C([H])([H])[C@@]([H])(N([H])C([H])([H])C([H])([H])[H])C([H])([H])[H],QM7,0.6316,0,0
[H]N(C([H])([H])C([H])([H])[H])[C@]([H])(C#N)C([H])([H])[H],QM7,0.5417,0,0
[H]N(C([H])([H])C([H])([H])[H])C([H])([H])[C@]([H])(N([H])[H])C([H])([H])[H],QM7,0.6316,0,0
[H]N(C([H])([H])C([H])([H])[H])C([H])([H])C([H])([H])C#N,QM7,0.6316,0,0
[H]N(C([H])([H])[H])C([H])([H])C([H])([H])N([H])C([H])([H])C([H])([H])[H],QM7,0.9333,0,0
[H]N(/C(=N/C([H])([H])C([H])([H])[H])C([H])([H])[H])C([H])([H])[H],QM7,0.6316,0,0
[H][C]([N]C([H])([H])[H])N(C([H])([H])[H])C([H])([H])C([H])([H])[H],QM7,0.5238,0,0
[H][C]([H])[N]N(C([H])([H])C([H])([H])[H])C([H])([H])C([H])([H])[H],QM7,0.4444,0,0
[H]C([H])=C([H])[C@@](N([H])[H])(C([H])([H])[H])C([H])([H])N([H])[H],QM7,0.5909,0,0
[H]C#C[C@@](N([H])[H])(C([H])([H])[H])C([H])([H])N([H])[H],QM7,0.5714,0,0
[H]C([H])=C([H])[C@]([H])(N([H])[H])[C@]([H])(N([H])[H])C([H])([H])[H],QM7,0.6000,0,0
[H]C#C[C@]([H])(N([H])[H])[C@]([H])(N([H])[H])C([H])([H])[H],QM7,0.5294,0,0
[H]N([H])[C@]([H])(C([H])([H])[H])C([H])([H])N(C([H])([H])[H])C([H])([H])[H],QM7,0.9333,0,0
[H]/N=C(/[H])N([H])[C@@]([H])(C([H])=C([H])[H])C([H])([H])[H],QM7,0.4167,0,0
[H]C#C[C@]([H])(N([H])/C([H])=N\[H])C([H])([H])[H],QM7,0.4000,0,0
[H][C]([N]C([H])([H])C([H])([H])[H])N(C([H])([H])[H])C([H])([H])[H],QM7,0.4091,0,0
[H][C]([N]N(C([H])([H])[H])C([H])([H])C([H])([H])[H])C([H])([H])[H],QM7,0.5238,0,0
[H][C]([N]C([H])([H])C([H])([H])[H])N([H])C([H])([H])C([H])([H])[H],QM7,0.4348,0,0
[H]/N=C(\N([H])C([H])([H])C([H])([H])[H])C([H])([H])C([H])([H])[H],QM7,0.4000,0,0
[H]/N=C(/C([H])=C([H])[H])N([H])C([H])([H])C([H])([H])[H],QM7,0.4286,0,0
[H]C#C/C(=N/[H])N([H])C([H])([H])C([H])([H])[H],QM7,0.3793,0,0
[H]/N=C(/[H])N([H])[C@@]([H])(C#N)C([H])([H])[H],QM7,0.3846,0,0
[H]/N=C(/C#N)N([H])C([H])([H])C([H])([H])[H],QM7,0.4800,0,0
[H][C]([N][N][C](C([H])([H])[H])C([H])([H])[H])C([H])([H])[H],QM7,0.3529,0,0
[H][C]([H])/C([H])=C(\[H])[N][N][C]([H])C([H])([H])[H],QM7,0.3529,0,0
[H]C#C[C]([H])[N][N][C]([H])C([H])([H])[H],QM7,0.3200,0,0
[H][C]([N]N([H])C([H])(C([H])([H])[H])C([H])([H])[H])C([H])([H])[H],QM7,0.3704,0,0
[H][C]([N]N([H])C([H])([H])C([H])=C([H])[H])C([H])([H])[H],QM7,0.4444,0,0
[H]C#CC([H])([H])N([H])[N][C]([H])C([H])([H])[H],QM7,0.3636,0,0
[H]/N=C(/N([H])C([H])([H])C([H])=C([H])[H])C([H])([H])[H],QM7,0.4667,0,0
[H]C#CC([H])([H])N([H])/C(=N/[H])C([H])([H])[H],QM7,0.4400,0,0
[H]C#C[C]([N][N][C]([H])[H])C([H])([H])[H],QM7,0.3478,0,0
[H][C]([H])[N]N([H])[C@@]([H])(C([H])=C([H])[H])C([H])([H])[H],QM7,0.4762,0,0
[H]C#C[C@]([H])(N([H])[N][C]([H])[H])C([H])([H])[H],QM7,0.4545,0,0
[H][C]([N]N([H])C([H])([H])C([H])([H])[H])C([H])([H])C([H])([H])[H],QM7,0.3600,0,0
[H]N(N=C(C([H])([H])[H])C([H])([H])[H])C([H])([H])C([H])([H])[H],QM7,1.0000,1,0
[H][C]([H])/C([H])=C(\[H])[N]N([H])C([H])([H])C([H])([H])[H],QM7,0.3571,0,0
[H]C#C[C]([H])[N]N([H])C([H])([H])C([H])([H])[H],QM7,0.3448,0,0
[H][C](C#N)[N][N][C]([H])C([H])([H])[H],QM7,0.3333,0,0
[H][C]([N]N([H])C([H])([H])C#N)C([H])([H])[H],QM7,0.4545,0,0
[H]/N=C(/N([H])C([H])([H])C#N)C([H])([H])[H],QM7,0.4074,0,0
[H][C]([H])[N][N][C](C#N)C([H])([H])[H],QM7,0.3810,0,0
[H][C]([H])[N]N([H])[C@@]([H])(C#N)C([H])([H])[H],QM7,0.4348,0,0
[H][C](C#N)[N]N([H])C([H])([H])C([H])([H])[H],QM7,0.3600,0,0
[H]C([H])([H])N(C([H])([H])[H])C(C([H])([H])[H])(C([H])([H])[H])C([H])([H])[H],QM7,1.0000,1,0
[H]C([H])=C(C([H])([H])[H])C([H])([H])N(C([H])([H])[H])C([H])([H])[H],QM7,0.6111,0,0
[H]C([H])=C([H])C([H])([H])C([H])([H])N(C([H])([H])[H])C([H])([H])[H],QM7,0.9375,0,0
[H]C#CC([H])([H])C([H])([H])N(C([H])([H])[H])C([H])([H])[H],QM7,0.5652,0,0
[H]C([H])=C([H])C([H])(C([H])=C([H])[H])N([H])C([H])([H])[H],QM7,0.5000,0,0
[H]C#C[C@]([H])(C([H])=C([H])[H])N([H])C([H])([H])[H],QM7,0.5652,0,0
[H]C([H])=C([H])C(N([H])C([H])([H])[H])(C([H])([H])[H])C([H])([H])[H],QM7,1.0000,1,0
[H]C#CC(N([H])C([H])([H])[H])(C([H])([H])[H])C([H])([H])[H],QM7,0.4737,0,0
[H]/C(=C(/[H])[C@@]([H])(N([H])C([H])([H])[H])C([H])([H])[H])C([H])([H])[H],QM7,1.0000,1,0
[H]N(C([H])([H])[H])[C@@]([H])(C([H])([H])[H])C([H])(C([H])([H])[H])C([H])([H])[H],QM7,1.0000,1,0
[H]C([H])=C(C([H])([H])[H])[C@@]([H])(N([H])C([H])([H])[H])C([H])([H])[H],QM7,0.5789,0,0
[H]N(C([H])([H])[H])[C@]([H])(C#CC([H])([H])[H])C([H])([H])[H],QM7,0.5238,0,0
[H]C([H])=C([H])C([H])([H])[C@@]([H])(N([H])C([H])([H])[H])C([H])([H])[H],QM7,0.5714,0,0
[H]C#CC([H])([H])[C@@]([H])(N([H])C([H])([H])[H])C([H])([H])[H],QM7,1.0000,1,0
[H]C#CC([H])(C#C[H])N([H])C([H])([H])[H],QM7,0.5000,0,0
[H]C(=C(C([H])([H])[H])C([H])([H])[H])C([H])([H])N([H])C([H])([H])[H],QM7,0.7895,0,0
[H]C([H])=C([H])/C([H])=C(\[H])C([H])([H])N([H])C([H])([H])[H],QM7,1.0000,1,0
[H]C#C/C([H])=C(\[H])C([H])([H])N([H])C([H])([H])[H],QM7,0.5652,0,0
[H]C([H])=C([H])C(=C([H])[H])C([H])([H])N([H])C([H])([H])[H],QM7,0.5385,0,0
[H]C#CC(=C([H])[H])C([H])([H])N([H])C([H])([H])[H],QM7,0.5833,0,0
[H]/C(=C(/C([H])([H])[H])C([H])([H])N([H])C([H])([H])[H])C([H])([H])[H],QM7,0.5455,0,0
[H]N(C([H])([H])[H])C([H])([H])C(C([H])([H])[H])(C([H])([H])[H])C([H])([H])[H],QM7,0.9231,0,0
[H]C([H])=C([H])[C@]([H])(C([H])([H])[H])C([H])([H])N([H])C([H])([H])[H],QM7,1.0000,1,0
[H]C#C[C@]([H])(C([H])([H])[H])C([H])([H])N([H])C([H])([H])[H],QM7,0.5769,0,0
[H]C([H])=C([H])C#CC([H])([H])N([H])C([H])([H])[H],QM7,0.5909,0,0
[H]C#CC#CC([H])([H])N([H])C([H])([H])[H],QM7,0.6471,0,0
[H]/C(=C(/[H])C([H])([H])C([H])([H])N([H])C([H])([H])[H])C([H])([H])[H],QM7,0.9412,0,0
[H]N(C([H])([H])[H])C([H])([H])C([H])([H])C([H])(C([H])([H])[H])C([H])([H])[H],QM7,0.9333,0,0
[H]C([H])=C(C([H])([H])[H])C([H])([H])C([H])([H])N([H])C([H])([H])[H],QM7,0.6667,0,0
[H]N(C([H])([H])[H])C([H])([H])C([H])([H])C#CC([H])([H])[H],QM7,0.5833,0,0
[H]C([H])=C([H])C([H])([H])C([H])([H])C([H])([H])N([H])C([H])([H])[H],QM7,0.9444,0,0
[H]C#CC([H])([H])C([H])([H])C([H])([H])N([H])C([H])([H])[H],QM7,0.7619,0,0
[H]N([H])C([H])([H])C([H])([H])C([H])([H])C([H])([H])N([H])C([H])([H])[H],QM7,1.0000,1,0
[H]/N=C(\N(C([H])=C([H])[H])C([H])([H])[H])C([H])([H])[H],QM7,0.4400,0,0
[H]N([H])C([H])([H])C([H])([H])C([H])([H])N(C([H])([H])[H])C([H])([H])[H],QM7,1.0000,1,0
[H]/C(C#N)=C(/[H])N(C([H])([H])[H])C([H])([H])[H],QM7,0.6190,0,0
[H]C([H])([H])N(C([H])([H])[H])C([H])([H])C([H])([H])C#N,QM7,0.9375,0,0
[H]/N=C(/[H])N(C([H])([H])[H])C([H])([H])C([H])=C([H])[H],QM7,0.4615,0,0
[H]C#CC([H])([H])N(/C([H])=N\[H])C([H])([H])[H],QM7,0.3704,0,0
[H]C([H])=C([H])[C@@]([H])(C#N)N([H])C([H])([H])[H],QM7,0.5652,0,0
[H]N([H])C([H])([H])C([H])([H])[C@@]([H])(N([H])C([H])([H])[H])C([H])([H])[H],QM7,0.6667,0,0
[H]N([H])C([H])([H])C(N([H])C([H])([H])[H])(C([H])([H])[H])C([H])([H])[H],QM7,0.5000,0,0
[H]N(C([H])([H])[H])C(C#N)(C([H])([H])[H])C([H])([H])[H],QM7,1.0000,1,0
[H]N(C([H])([H])[H])[C@@]([H])(C([H])([H])[H])[C@]([H])(N([H])[H])C([H])([H])[H],QM7,0.5714,0,0
[H]N(C([H])([H])[H])[C@@]([H])(C([H])([H])[H])C([H])([H])C#N,QM7,0.5652,0,0
[H]C#C[C@@]([H])(C#N)N([H])C([H])([H])[H],QM7,0.4444,0,0
[H]/C(=C(/[H])C([H])([H])N([H])C([H])([H])[H])C([H])([H])N([H])[H],QM7,0.5500,0,0
[H]/C(C#N)=C(/[H])C([H])([H])N([H])C([H])([H])[H],QM7,1.0000,1,0
[H]C([H])=C(C([H])([H])N([H])[H])C([H])([H])N([H])C([H])([H])[H],QM7,0.6667,0,0
[H]C([H])=C(C#N)C([H])([H])N([H])C([H])([H])[H],QM7,0.5385,0,0
[H]N([H])C([H])([H])[C@]([H])(C([H])([H])[H])C([H])([H])N([H])C([H])([H])[H],QM7,0.5714,0,0
[H]N(C([H])([H])[H])C([H])([H])C(N([H])[H])(C([H])([H])[H])C([H])([H])[H],QM7,0.9333,0,0
[H]N(C([H])([H])[H])C([H])([H])[C@]([H])(C#N)C([H])([H])[H],QM7,0.9444,0,0
[H]N([H])C([H])([H])C#CC([H])([H])N([H])C([H])([H])[H],QM7,0.5625,0,0
[H]N(C([H])([H])[H])C([H])([H])C#CC#N,QM7,0.6471,0,0
[H]N(C([H])([H])[H])C([H])([H])C([H])([H])[C@]([H])(N([H])[H])C([H])([H])[H],QM7,1.0000,1,0
[H]N(C([H])([H])[H])C([H])([H])C([H])([H])C([H])([H])C#N,QM7,0.6842,0,0
[H]N(C([H])([H])[H])C([H])([H])C([H])([H])C([H])([H])N([H])C([H])([H])[H],QM7,0.8333,0,0
[H][C]([H])[N]N(C([H])([H])[H])C([H])([H])C([H])=C([H])[H],QM7,0.5652,0,0
[H]C#CC([H])([H])N([N][C]([H])[H])C([H])([H])[H],QM7,0.5833,0,0
[H]C([H])=C([H])/C(=N\C([H])([H])[H])N([H])C([H])([H])[H],QM7,0.5909,0,0
[H]N(C([H])([H])[H])C([H])([H])[C@]([H])(N([H])C([H])([H])[H])C([H])([H])[H],QM7,1.0000,1,0
[H]C([H])([H])/N=C(/N(C([H])([H])[H])C([H])([H])[H])C([H])([H])[H],QM7,0.9286,0,0
[H]/N=C(/C([H])=C([H])[H])N(C([H])([H])[H])C([H])([H])[H],QM7,0.4231,0,0
[H]C#C/C(=N/[H])N(C([H])([H])[H])C([H])([H])[H],QM7,0.3333,0,0
[H]C([H])=C([H])[C@@]([H])(N([H])C([H])([H])[H])C([H])([H])N([H])[H],QM7,0.5652,0,0
[H]C#C[C@@]([H])(N([H])C([H])([H])[H])C([H])([H])N([H])[H],QM7,0.5417,0,0
[H]C([H])=C([H])[C@]([H])(N([H])[H])C([H])([H])N([H])C([H])([H])[H],QM7,0.5652,0,0
[H]C#C[C@]([H])(N([H])[H])C([H])([H])N([H])C([H])([H])[H],QM7,0.5714,0,0
[H]N(C([H])([H])[H])C([H])([H])C([H])([H])N(C([H])([H])[H])C([H])([H])[H],QM7,0.9333,0,0
[H]/N=C(/C#N)N(C([H])([H])[H])C([H])([H])[H],QM7,0.3462,0,0
[H]/N=C(/[H])N(C([H])([H])[H])C([H])([H])C#N,QM7,0.3846,0,0
[H]N(C([H])([H])[H])C([H])(C#N)C#N,QM7,0.5294,0,0
[H][C]([H])[N]N(C([H])([H])[H])C([H])([H])C#N,QM7,0.6364,0,0
[H][C]([N]C([H])([H])[H])N(C([H])=C([H])[H])C([H])([H])[H],QM7,0.5238,0,0
[H][C]([N]C([H])([H])[H])N([H])C([H])(C([H])([H])[H])C([H])([H])[H],QM7,0.5000,0,0
[H][C]([N]C([H])([H])[H])N([H])C([H])([H])C([H])=C([H])[H],QM7,0.5417,0,0
[H]C#CC([H])([H])N([H])[C]([H])[N]C([H])([H])[H],QM7,0.3793,0,0
[H]/N=C(/[H])N(C(=C([H])[H])C([H])([H])[H])C([H])([H])[H],QM7,0.4138,0,0
[H]C([H])([H])C(=NN(C([H])([H])[H])C([H])([H])[H])C([H])([H])[H],QM7,0.5000,0,0
[H][C]([H])/C([H])=C(\[H])[N]N(C([H])([H])[H])C([H])([H])[H],QM7,0.2917,0,0
[H]C#C[C]([H])[N]N(C([H])([H])[H])C([H])([H])[H],QM7,0.3810,0,0
[H]/N=C(C(/[H])=C(\[H])C([H])([H])[H])\N([H])C([H])([H])[H],QM7,0.4400,0,0
[H]/N=C(\N([H])C([H])([H])[H])C([H])(C([H])([H])[H])C([H])([H])[H],QM7,0.3478,0,0
[H]/N=C(/C(=C([H])[H])C([H])([H])[H])N([H])C([H])([H])[H],QM7,0.3913,0,0
[H]/N=C(/C#CC([H])([H])[H])N([H])C([H])([H])[H],QM7,0.3235,0,0
[H]/N=C(\N([H])C([H])([H])[H])C([H])([H])C([H])=C([H])[H],QM7,0.3667,0,0
[H]C#CC([H])([H])/C(=N/[H])N([H])C([H])([H])[H],QM7,0.3793,0,0
[H]C#C/C(=N/C([H])([H])[H])N([H])C([H])([H])[H],QM7,0.6000,0,0
[H][C]([N]C([H])([H])[H])N([H])C([H])([H])C#N,QM7,0.4074,0,0
[H][C](C#N)[N]N(C([H])([H])[H])C([H])([H])[H],QM7,0.3333,0,0
[H]/N=C(\N([H])C([H])([H])[H])C([H])([H])C#N,QM7,0.4643,0,0
[H]N(/C(C#N)=N\C([H])([H])[H])C([H])([H])[H],QM7,0.6000,0,0
[H]C#CC([H])([H])[C]([H])[N][N][C]([H])[H],QM7,0.4286,0,0
[H]C#CC([H])([H])C([H])([H])N([H])[N][C]([H])[H],QM7,0.4583,0,0
[H]C([H])=C([H])/C(=N/N([H])C([H])([H])[H])C([H])([H])[H],QM7,0.9444,0,0
[H]C#C/C(=N/N([H])C([H])([H])[H])C([H])([H])[H],QM7,0.4167,0,0
[H][C](/C([H])=C(\[H])[N]N([H])C([H])([H])[H])C([H])([H])[H],QM7,0.3182,0,0
[H][C]([N]N([H])C([H])([H])[H])C([H])(C([H])([H])[H])C([H])([H])[H],QM7,0.3200,0,0
[H][C]([H])/C(=C(\[H])[N]N([H])C([H])([H])[H])C([H])([H])[H],QM7,0.3462,0,0
[H][C](C#CC([H])([H])[H])[N]N([H])C([H])([H])[H],QM7,0.3103,0,0
[H][C]([N]N([H])C([H])([H])[H])C([H])([H])C([H])=C([H])[H],QM7,0.3500,0,0
[H]C#CC([H])([H])[C]([H])[N]N([H])C([H])([H])[H],QM7,0.3704,0,0
[H][C]([H])[N][N][C]([H])C([H])([H])C#N,QM7,0.3913,0,0
[H]C([H])=NN([H])/C([H])=C(\[H])C#N,QM7,0.4167,0,0
[H][C]([H])[N]N([H])C([H])([H])C([H])([H])C#N,QM7,0.5500,0,0
[H]N(/N=C(/C#N)C([H])([H])[H])C([H])([H])[H],QM7,0.5000,0,0
[H][C]([N]N([H])C([H])([H])[H])C([H])([H])C#N,QM7,0.3793,0,0
[H]C([H])=C([H])C([H])([H])[C@@]([H])(C([H])=C([H])[H])N([H])[H],QM7,1.0000,1,0
[H]C#C[C@@]([H])(N([H])[H])C([H])([H])C([H])=C([H])[H],QM7,0.5455,0,0
[H]C#CC([H])([H])[C@@]([H])(C([H])=C([H])[H])N([H])[H],QM7,0.6154,0,0
[H]C#CC([H])([H])[C@@]([H])(C#C[H])N([H])[H],QM7,0.6316,0,0
[H]C([H])=C([H])C([H])([H])/C([H])=C(\[H])C([H])([H])N([H])[H],QM7,1.0000,1,0
[H]C#CC([H])([H])/C([H])=C(\[H])C([H])([H])N([H])[H],QM7,0.5238,0,0
[H]C([H])=C([H])C([H])([H])C(=C([H])[H])C([H])([H])N([H])[H],QM7,0.5238,0,0
[H]C#CC([H])([H])C(=C([H])[H])C([H])([H])N([H])[H],QM7,0.4286,0,0
[H]C([H])=C([H])C([H])(C([H])=C([H])[H])C([H])([H])N([H])[H],QM7,1.0000,1,0
[H]C#C[C@]([H])(C([H])=C([H])[H])C([H])([H])N([H])[H],QM7,0.4815,0,0
[H]C#CC([H])(C#C[H])C([H])([H])N([H])[H],QM7,0.3529,0,0
[H]C([H])=C([H])C([H])([H])C#CC([H])([H])N([H])[H],QM7,0.5500,0,0
[H]C#CC([H])([H])C#CC([H])([H])N([H])[H],QM7,0.5000,0,0
[H]C([H])=C([H])/C([H])=C(\[H])C([H])([H])C([H])([H])N([H])[H],QM7,0.7143,0,0
[H]C#C/C([H])=C(\[H])C([H])([H])C([H])([H])N([H])[H],QM7,1.0000,1,0
[H]C([H])=C([H])C(=C([H])[H])C([H])([H])C([H])([H])N([H])[H],QM7,0.5500,0,0
[H]C#CC(=C([H])[H])C([H])([H])C([H])([H])N([H])[H],QM7,0.5714,0,0
[H]C([H])=C([H])C#CC([H])([H])C([H])([H])N([H])[H],QM7,0.5217,0,0
[H]C#CC#CC([H])([H])C([H])([H])N([H])[H],QM7,0.6364,0,0
[H]C([H])=C([H])C([H])([H])C([H])([H])C([H])([H])C([H])([H])N([H])[H],QM7,0.9375,0,0
[H]C#CC([H])([H])C([H])([H])C([H])([H])C([H])([H])N([H])[H],QM7,0.9375,0,0
[H]N([H])C([H])([H])C([H])([H])C([H])([H])C([H])([H])C([H])([H])N([H])[H],QM7,1.0000,9,0
[H]/C(C#N)=C(/[H])C([H])([H])C#N,QM7,0.5833,0,0
[H]C([H])(C#N)C#CC#N,QM7,0.4375,0,0
[H]C([H])(C#N)C([H])([H])C([H])([H])C#N,QM7,0.8182,0,0
[H]C([H])=C([H])/C(C#N)=C(/[H])N([H])[H],QM7,0.6000,0,0
[H]C#C/C(C#N)=C(/[H])N([H])[H],QM7,0.3871,0,0
[H]C([H])=C([H])/C(=C(/[H])C#N)N([H])[H],QM7,0.4545,0,0
[H]/C(=C(/[H])C([H])([H])C([H])([H])N([H])[H])C([H])([H])N([H])[H],QM7,0.7143,0,0
[H]C([H])=C(C([H])([H])N([H])[H])C([H])([H])C([H])([H])N([H])[H],QM7,0.6111,0,0
[H]N([H])C([H])([H])C#CC([H])([H])C([H])([H])N([H])[H],QM7,0.5556,0,0
[H]C#C/C(=C(\[H])C#N)N([H])[H],QM7,0.4783,0,0
[H]C([H])=C([H])C([H])(C([H])([H])N([H])[H])C([H])([H])N([H])[H],QM7,0.6667,0,0
[H]C#CC([H])(C([H])([H])N([H])[H])C([H])([H])N([H])[H],QM7,0.4167,0,0
[H]C([H])=C([H])[C@]([H])(N([H])[H])C([H])([H])C([H])([H])N([H])[H],QM7,0.6500,0,0
[H]C#C[C@]([H])(N([H])[H])C([H])([H])C([H])([H])N([H])[H],QM7,0.5455,0,0
[H]C(=C(C#N)C#N)N([H])[H],QM7,0.4444,0,0
[H]/C(C#N)=C(\C#N)N([H])[H],QM7,0.6000,0,0
[H]C([H])=C([H])C([H])([H])[C@]([H])(N([H])[H])C([H])([H])N([H])[H],QM7,0.6667,0,0
[H]C#CC([H])([H])[C@]([H])(N([H])[H])C([H])([H])N([H])[H],QM7,0.5217,0,0
[H]C([H])=C([H])C([H])([H])N([H])C([H])([H])C([H])([H])N([H])[H],QM7,0.9444,0,0
[H]C#CC([H])([H])N([H])C([H])([H])C([H])([H])N([H])[H],QM7,0.8947,0,0
[H]N(C([H])([H])C#N)C([H])([H])C#N,QM7,0.7857,0,0
[H]C#CC([H])([H])C([H])([H])N([H])/C([H])=N/[H],QM7,0.3846,0,0
[H]/N=C(/C(=C([H])[H])C([H])=C([H])[H])N([H])[H],QM7,0.6190,0,0
[H]/N=C(/C#CC([H])=C([H])[H])N([H])[H],QM7,0.3704,0,0
[H]C#CC#C/C(=N/[H])N([H])[H],QM7,0.3750,0,0
[H]/N=C(\[H])N([H])C([H])([H])C([H])([H])C#N,QM7,0.4062,0,0
[H]/N=C(/C#CC#N)N([H])[H],QM7,0.3333,0,0
[H]C([H])=C([H])C(=NN([H])[H])C([H])=C([H])[H],QM7,0.5000,0,0
[H]C#C/C(=N/N([H])[H])C([H])=C([H])[H],QM7,0.3913,0,0
[H]C#CC(C#C[H])=NN([H])[H],QM7,0.3333,0,0
[H][C](C([H])=C([H])[H])/C([H])=C(\[H])[N]N([H])[H],QM7,0.3200,0,0
[H]C#C[C]([H])/C([H])=C(\[H])[N]N([H])[H],QM7,0.2593,0,0
[H][C]([H])/C(C([H])=C([H])[H])=C(\[H])[N]N([H])[H],QM7,0.3636,0,0
[H]C#C/C([C]([H])[H])=C(\[H])[N]N([H])[H],QM7,0.2667,0,0
[H][C](C#CC([H])=C([H])[H])[N]N([H])[H],QM7,0.4000,0,0
[H]C#CC#C/C([H])=N/N([H])[H],QM7,0.4091,0,0
[H][C]([N]N([H])[H])C([H])([H])C([H])([H])C([H])=C([H])[H],QM7,0.4706,0,0
[H]C#CC([H])([H])C([H])([H])[C]([H])[N]N([H])[H],QM7,0.4400,0,0
[H]C#CC(=C([H])[H])C([H])([H])C#C[H],QM7,0.5000,0,0
[H]C#CC([H])([H])/C([H])=C(\[H])C([H])=C([H])[H],QM7,1.0000,1,0
[H]C#CC([H])([H])C(=C([H])[H])C([H])=C([H])[H],QM7,0.5217,0,0
[H]C([H])=C([H])C([H])(C([H])=C([H])[H])C([H])=C([H])[H],QM7,0.4667,0,0
[H]C#CC([H])(C([H])=C([H])[H])C([H])=C([H])[H],QM7,0.6000,0,0
[H]C#CC([H])(C#C[H])C([H])=C([H])[H],QM7,0.4737,0,0
[H]C#CC([H])([H])C#CC([H])=C([H])[H],QM7,0.5909,0,0
[H]C([H])=C([H])/C([H])=C(\[H])C([H])([H])C([H])=C([H])[H],QM7,0.8750,0,0
[H]C#C/C([H])=C(\[H])C([H])([H])C([H])=C([H])[H],QM7,1.0000,1,0
[H]C([H])=C([H])C(=C([H])[H])C([H])([H])C([H])=C([H])[H],QM7,0.5238,0,0
[H]C#CC(=C([H])[H])C([H])([H])C([H])=C([H])[H],QM7,0.5200,0,0
[H]C([H])=C([H])C#CC([H])([H])C([H])=C([H])[H],QM7,0.5556,0,0
[H]C#CC#CC([H])([H])C([H])=C([H])[H],QM7,0.8000,0,0
[H]C([H])=C([H])C([H])([H])C([H])([H])C([H])([H])C([H])=C([H])[H],QM7,0.9091,0,0
[H]C#CC([H])([H])C([H])([H])C([H])([H])C([H])=C([H])[H],QM7,0.8000,0,0
[H]C#CC([H])(C#C[H])C#C[H],QM7,0.4167,0,0
[H]C#C/C([H])=C(\[H])C([H])([H])C#C[H],QM7,0.4762,0,0
[H]C#CC#CC([H])([H])C#C[H],QM7,0.7647,0,0
[H]C#CC([H])([H])C([H])([H])C([H])([H])C#C[H],QM7,0.7500,0,0
[H]C([H])=C([H])C(C([H])=C([H])[H])=C([H])C([H])([H])[H],QM7,1.0000,1,0
[H]C#C/C(C([H])=C([H])[H])=C(\[H])C([H])([H])[H],QM7,0.6087,0,0
[H]/C(=C(/C([H])([H])[H])C([H])(C([H])([H])[H])C([H])([H])[H])C([H])([H])[H],QM7,0.5882,0,0
[H]C([H])=C(/C(=C(\[H])C([H])([H])[H])C([H])([H])[H])C([H])([H])[H],QM7,0.9231,0,0
[H]/C(=C(\C#CC([H])([H])[H])C([H])([H])[H])C([H])([H])[H],QM7,0.6667,0,0
[H]C([H])=C([H])C([H])([H])/C(=C(\[H])C([H])([H])[H])C([H])([H])[H],QM7,0.7500,0,0
[H]C#CC([H])([H])/C(=C(\[H])C([H])([H])[H])C([H])([H])[H],QM7,0.5714,0,0
[H]C#CC(C#C[H])=C([H])C([H])([H])[H],QM7,1.0000,1,0
[H]C(=C(C([H])([H])[H])C([H])([H])[H])/C([H])=C(\[H])C([H])([H])[H],QM7,0.9286,0,0
[H]C([H])=C([H])/C([H])=C([H])/C([H])=C(\[H])C([H])([H])[H],QM7,1.0000,12,0
[H]C#C/C([H])=C([H])/C([H])=C(\[H])C([H])([H])[H],QM7,0.9375,0,0
[H]C([H])=C([H])C(=C([H])[H])/C([H])=C(\[H])C([H])([H])[H],QM7,0.6875,0,0
[H]C#CC(=C([H])[H])/C([H])=C(\[H])C([H])([H])[H],QM7,0.8947,0,0
[H]C(=C(/[H])C([H])([H])[H])/C(=C(\[H])C([H])([H])[H])C([H])([H])[H],QM7,1.0000,1,0
[H]/C(=C(/[H])C(C([H])([H])[H])(C([H])([H])[H])C([H])([H])[H])C([H])([H])[H],QM7,1.0000,2,0
[H]C([H])=C([H])[C@@]([H])(/C([H])=C(\[H])C([H])([H])[H])C([H])([H])[H],QM7,1.0000,1,0
[H]C#C[C@@]([H])(/C([H])=C(\[H])C([H])([H])[H])C([H])([H])[H],QM7,0.5600,0,0
[H]C([H])=C([H])C#C/C([H])=C(\[H])C([H])([H])[H],QM7,0.5000,0,0
[H]C#CC#C/C([H])=C(\[H])C([H])([H])[H],QM7,0.5238,0,0
[H]/C(=C(/[H])C([H])([H])/C([H])=C(\[H])C([H])([H])[H])C([H])([H])[H],QM7,0.7143,0,0
[H]/C(=C(/[H])C([H])([H])C([H])(C([H])([H])[H])C([H])([H])[H])C([H])([H])[H],QM7,1.0000,1,0
[H]C([H])=C(C([H])([H])[H])C([H])([H])/C([H])=C(\[H])C([H])([H])[H],QM7,0.9412,0,0
[H]/C(=C(/[H])C([H])([H])C#CC([H])([H])[H])C([H])([H])[H],QM7,0.5714,0,0
[H]C([H])=C([H])C([H])([H])C([H])([H])/C([H])=C(\[H])C([H])([H])[H],QM7,0.9375,0,0
[H]C#CC([H])([H])C([H])([H])/C([H])=C(\[H])C([H])([H])[H],QM7,0.7143,0,0
[H]C([H])=C([H])/C([H])=C(\[H])C(=C([H])[H])C([H])([H])[H],QM7,0.9375,0,0
[H]C#C/C([H])=C(\[H])C(=C([H])[H])C([H])([H])[H],QM7,1.0000,1,0
[H]C([H])=C([H])C(=C([H])[H])C(=C([H])[H])C([H])([H])[H],QM7,0.5000,0,0
[H]C#CC(=C([H])[H])C(=C([H])[H])C([H])([H])[H],QM7,1.0000,1,0
[H]C([H])=C(C([H])([H])[H])C(C([H])([H])[H])(C([H])([H])[H])C([H])([H])[H],QM7,0.5714,0,0
[H]C([H])=C([H])C#CC(=C([H])[H])C([H])([H])[H],QM7,0.5714,0,0
[H]C#CC#CC(=C([H])[H])C([H])([H])[H],QM7,0.4783,0,0
[H]OC([H])([H])C([H])([H])C([H])([H])C([H])([H])C([H])([H])C([H])([H])[H],QM7,1.0000,37,0
[H]C#CC([H])([H])C(C([H])=O)=C([H])[H],QM7,0.5000,0,0
[H]C(=O)C([H])([H])/C([H])=C(\[H])C([H])=C([H])[H],QM7,1.0000,1,0
[H]C([H])=C(C([H])([H])[H])C([H])([H])C(=C([H])[H])C([H])([H])[H],QM7,1.0000,1,0
[H]C(=O)C([H])([H])C(=C([H])[H])C([H])=C([H])[H],QM7,0.5263,0,0
[H]C(=O)C([H])(C([H])=C([H])[H])C([H])=C([H])[H],QM7,0.4583,0,0
[H]C(=O)C([H])([H])C#CC([H])=C([H])[H],QM7,0.5000,0,0
[H]C(=O)/C([H])=C(\[H])C([H])([H])C([H])=C([H])[H],QM7,0.5238,0,0
[H]C(=O)C(=C([H])[H])C([H])([H])C([H])=C([H])[H],QM7,0.5500,0,0
[H]C(=O)C#CC([H])([H])C([H])=C([H])[H],QM7,0.5000,0,0
[H]C(=O)C([H])([H])C([H])([H])C([H])([H])C([H])=C([H])[H],QM7,0.8235,0,0
[H]OC([H])([H])C([H])([H])C([H])([H])/C([H])=C(\[H])C([H])([H])[H],QM7,1.0000,2,0
[H]C(=O)/C(C([H])=C([H])[H])=C(\[H])C([H])([H])[H],QM7,1.0000,1,0
[H]OC([H])([H])C([H])([H])/C(=C(\[H])C([H])([H])[H])C([H])([H])[H],QM7,1.0000,1,0
[H]C([H])=C([H])C([H])([H])C([H])([H])C(=C([H])[H])C([H])([H])[H],QM7,0.8000,0,0
[H]O[C@@]([H])(/C(=C(\[H])C([H])([H])[H])C([H])([H])[H])C([H])([H])[H],QM7,1.0000,1,0
[H]/C(=C(\C(=O)C([H])([H])[H])C([H])([H])[H])C([H])([H])[H],QM7,1.0000,1,0
[H]C(=O)C([H])([H])/C(=C(\[H])C([H])([H])[H])C([H])([H])[H],QM7,0.6000,0,0
[H]OC([H])([H])/C([H])=C([H])/C([H])=C(\[H])C([H])([H])[H],QM7,0.9375,0,0
[H]C(=O)/C([H])=C([H])/C([H])=C(\[H])C([H])([H])[H],QM7,1.0000,2,0
[H]OC([H])([H])C(=C([H])[H])/C([H])=C(\[H])C([H])([H])[H],QM7,1.0000,1,0
[H]C(=O)C(=C([H])[H])/C([H])=C(\[H])C([H])([H])[H],QM7,1.0000,1,0
[H]OC([H])([H])[C@@]([H])(/C([H])=C(\[H])C([H])([H])[H])C([H])([H])[H],QM7,1.0000,1,0
[H]OC(/C([H])=C(\[H])C([H])([H])[H])(C([H])([H])[H])C([H])([H])[H],QM7,0.5455,0,0
[H]C(=O)[C@@]([H])(/C([H])=C(\[H])C([H])([H])[H])C([H])([H])[H],QM7,0.6250,0,0
[H]C#CC([H])([H])C([H])([H])C(=C([H])[H])C([H])([H])[H],QM7,0.6000,0,0
[H]OC([H])([H])C#C/C([H])=C(\[H])C([H])([H])[H],QM7,1.0000,1,0
[H]C(=O)C#C/C([H])=C(\[H])C([H])([H])[H],QM7,1.0000,1,0
[H]O[C@]([H])(C([H])([H])[H])C([H])([H])/C([H])=C(\[H])C([H])([H])[H],QM7,0.6316,0,0
[H]/C(=C(/[H])C([H])([H])C(=O)C([H])([H])[H])C([H])([H])[H],QM7,0.6364,0,0
[H]C(=O)C([H])([H])C([H])([H])/C([H])=C(\[H])C([H])([H])[H],QM7,1.0000,1,0
[H]OC([H])([H])C([H])([H])C([H])([H])C(=C([H])[H])C([H])([H])[H],QM7,0.7778,0,0
[H]OC([H])([H])/C([H])=C(\[H])C(=C([H])[H])C([H])([H])[H],QM7,1.0000,1,0
[H]C(=O)/C([H])=C(\[H])C(=C([H])[H])C([H])([H])[H],QM7,0.6316,0,0
[H]OC([H])([H])C(=C([H])[H])C(=C([H])[H])C([H])([H])[H],QM7,0.5333,0,0
[H]C(=O)C(=C([H])[H])C(=C([H])[H])C([H])([H])[H],QM7,1.0000,1,0
[H]C#C/C(=C(\[H])C([H])=C([H])[H])C([H])([H])[H],QM7,0.6818,0,0
[H]OC(C(=C([H])[H])C([H])([H])[H])(C([H])([H])[H])C([H])([H])[H],QM7,0.5625,0,0
[H]OC([H])([H])C#CC(=C([H])[H])C([H])([H])[H],QM7,0.5714,0,0
[H]C(=O)C#CC(=C([H])[H])C([H])([H])[H],QM7,0.4800,0,0
[H]C([H])=C(C([H])([H])[H])C([H])([H])C(=O)C([H])([H])[H],QM7,0.6000,0,0
[H]C(=O)C([H])([H])C([H])([H])C(=C([H])[H])C([H])([H])[H],QM7,0.6818,0,0
[H]OC([H])([H])/C([H])=C(\C([H])=C([H])[H])C([H])([H])[H],QM7,0.6190,0,0
[H]C(=O)/C([H])=C(\C([H])=C([H])[H])C([H])([H])[H],QM7,0.5789,0,0
[H]C([H])=C([H])[C@@]([H])(C(=O)C([H])([H])[H])C([H])([H])[H],QM7,0.9412,0,0
[H]OC([H])([H])C([H])([H])C([H])([H])C([H])(C([H])([H])[H])C([H])([H])[H],QM7,0.7647,0,0
[H]OC([H])([H])C([H])([H])C([H])=C(C([H])([H])[H])C([H])([H])[H],QM7,0.7000,0,0
[H]C#C/C([H])=C(/C#C[H])C([H])([H])[H],QM7,0.5000,0,0
[H]OC([H])([H])C(=C(C([H])([H])[H])C([H])([H])[H])C([H])([H])[H],QM7,0.7857,0,0
[H]C(=O)C(=C(C([H])([H])[H])C([H])([H])[H])C([H])([H])[H],QM7,0.5882,0,0
[H]C(C(=O)C([H])([H])[H])=C(C([H])([H])[H])C([H])([H])[H],QM7,0.9231,0,0
[H]C(=O)C([H])([H])C([H])=C(C([H])([H])[H])C([H])([H])[H],QM7,0.6087,0,0
[H]C(=O)C(C([H])=C([H])[H])(C([H])([H])[H])C([H])([H])[H],QM7,0.5625,0,0
[H]OC([H])([H])C([H])([H])C(C([H])([H])[H])(C([H])([H])[H])C([H])([H])[H],QM7,1.0000,1,0
[H]C(=O)C([H])([H])C(C([H])([H])[H])(C([H])([H])[H])C([H])([H])[H],QM7,0.5909,0,0
[H]OC([H])([H])/C([H])=C(\[H])C([H])(C([H])([H])[H])C([H])([H])[H],QM7,1.0000,2,0
[H]C(=O)/C([H])=C(\[H])C([H])(C([H])([H])[H])C([H])([H])[H],QM7,1.0000,1,0
[H]OC([H])([H])C(=C([H])[H])C([H])(C([H])([H])[H])C([H])([H])[H],QM7,1.0000,1,0
[H]C([H])=C([H])/C([H])=C(\C([H])=C([H])[H])C([H])([H])[H],QM7,0.8750,0,0
[H]C(=O)C(=C([H])[H])C([H])(C([H])([H])[H])C([H])([H])[H],QM7,0.6250,0,0
[H]OC([H])([H])[C@]([H])(C([H])([H])[H])C([H])(C([H])([H])[H])C([H])([H])[H],QM7,0.7333,0,0
[H]OC(C([H])([H])[H])(C([H])([H])[H])C([H])(C([H])([H])[H])C([H])([H])[H],QM7,0.9091,0,0
[H]C(=O)[C@]([H])(C([H])([H])[H])C([H])(C([H])([H])[H])C([H])([H])[H],QM7,0.5556,0,0
[H]OC([H])([H])C#CC([H])(C([H])([H])[H])C([H])([H])[H],QM7,0.6000,0,0
[H]C(=O)C#CC([H])(C([H])([H])[H])C([H])([H])[H],QM7,0.5455,0,0
[H]O[C@]([H])(C([H])([H])[H])C([H])([H])C([H])(C([H])([H])[H])C([H])([H])[H],QM7,1.0000,1,0
[H]C([H])([H])C(=O)C([H])([H])C([H])(C([H])([H])[H])C([H])([H])[H],QM7,0.9333,0,0
[H]C(=O)C([H])([H])C([H])([H])C([H])(C([H])([H])[H])C([H])([H])[H],QM7,0.9375,0,0
[H]C#C[C@@]([H])(C(=O)C([H])([H])[H])C([H])([H])[H],QM7,0.6000,0,0
[H]C#C/C([H])=C(\C([H])=C([H])[H])C([H])([H])[H],QM7,1.0000,1,0
[H]C(=O)[C@@]([H])(C([H])([H])[H])C([H])([H])C([H])=C([H])[H],QM7,1.0000,1,0
[H]C#CC([H])([H])[C@@]([H])(C([H])=O)C([H])([H])[H],QM7,0.5833,0,0
[H]OC([H])([H])C([H])([H])C([H])([H])C#CC([H])([H])[H],QM7,1.0000,1,0
[H]OC([H])([H])/C([H])=C(\[H])C#CC([H])([H])[H],QM7,0.6522,0,0
[H]C(=O)/C([H])=C(\[H])C#CC([H])([H])[H],QM7,0.6364,0,0
[H]OC([H])([H])C(C#CC([H])([H])[H])=C([H])[H],QM7,0.5238,0,0
[H]C(=O)C(C#CC([H])([H])[H])=C([H])[H],QM7,0.5714,0,0
[H]OC([H])([H])[C@@]([H])(C#CC([H])([H])[H])C([H])([H])[H],QM7,0.5714,0,0
[H]OC(C#CC([H])([H])[H])(C([H])([H])[H])C([H])([H])[H],QM7,0.7647,0,0
[H]C(=O)[C@@]([H])(C#CC([H])([H])[H])C([H])([H])[H],QM7,0.4762,0,0
[H]C([H])=C([H])[C@@]([H])(C(=C([H])[H])C([H])([H])[H])C([H])([H])[H],QM7,1.0000,1,0
[H]OC([H])([H])C#CC#CC([H])([H])[H],QM7,0.5714,0,0
[H]C(=O)C#CC#CC([H])([H])[H],QM7,0.5238,0,0
[H]O[C@]([H])(C([H])([H])[H])C([H])([H])C#CC([H])([H])[H],QM7,0.5714,0,0
[H]C([H])([H])C#CC([H])([H])C(=O)C([H])([H])[H],QM7,0.5652,0,0
[H]C(=O)C([H])([H])C([H])([H])C#CC([H])([H])[H],QM7,0.5455,0,0
[H]OC([H])([H])C([H])([H])/C([H])=C(\[H])C([H])([H])C([H])([H])[H],QM7,1.0000,1,0
[H]OC([H])([H])/C(=C(\[H])C([H])([H])C([H])([H])[H])C([H])([H])[H],QM7,0.7895,0,0
[H]C(=O)/C(=C(\[H])C([H])([H])C([H])([H])[H])C([H])([H])[H],QM7,1.0000,1,0
[H]O[C@@]([H])(/C([H])=C(\[H])C([H])([H])C([H])([H])[H])C([H])([H])[H],QM7,0.7143,0,0
[H]/C(C(=O)C([H])([H])[H])=C(/[H])C([H])([H])C([H])([H])[H],QM7,1.0000,1,0
[H]C([H])=C([H])C(=C(C([H])([H])[H])C([H])([H])[H])C([H])([H])[H],QM7,0.9231,0,0
[H]C(=O)C([H])([H])/C([H])=C(\[H])C([H])([H])C([H])([H])[H],QM7,1.0000,1,0
[H]OC([H])([H])C([H])([H])C(=C([H])[H])C([H])([H])C([H])([H])[H],QM7,0.6190,0,0
[H]O[C@@]([H])(C(=C([H])[H])C([H])([H])C([H])([H])[H])C([H])([H])[H],QM7,0.5238,0,0
[H]C([H])=C(C(=O)C([H])([H])[H])C([H])([H])C([H])([H])[H],QM7,0.6522,0,0
[H]C(=O)C([H])([H])C(=C([H])[H])C([H])([H])C([H])([H])[H],QM7,0.6667,0,0
[H]C(=O)/C(=C(/[H])C([H])([H])[H])C([H])([H])C([H])([H])[H],QM7,1.0000,1,0
[H]C(=O)[C@]([H])(C([H])=C([H])[H])C([H])([H])C([H])([H])[H],QM7,0.6800,0,0
[H]OC([H])([H])C([H])([H])[C@]([H])(C([H])([H])[H])C([H])([H])C([H])([H])[H],QM7,0.7895,0,0
[H]OC([H])([H])/C([H])=C(\C([H])([H])[H])C([H])([H])C([H])([H])[H],QM7,1.0000,1,0
[H]C(=O)/C([H])=C(\C([H])([H])[H])C([H])([H])C([H])([H])[H],QM7,0.6471,0,0
[H]C#CC(=C(C([H])([H])[H])C([H])([H])[H])C([H])([H])[H],QM7,0.4737,0,0
[H]OC([H])([H])C(C([H])([H])[H])(C([H])([H])[H])C([H])([H])C([H])([H])[H],QM7,0.8667,0,0
[H]C(=O)C(C([H])([H])[H])(C([H])([H])[H])C([H])([H])C([H])([H])[H],QM7,0.6364,0,0
[H]O[C@]([H])(C([H])([H])[H])[C@]([H])(C([H])([H])[H])C([H])([H])C([H])([H])[H],QM7,0.6500,0,0
[H]C([H])([H])C(=O)[C@]([H])(C([H])([H])[H])C([H])([H])C([H])([H])[H],QM7,0.9375,0,0
[H]C(=O)C([H])([H])[C@]([H])(C([H])([H])[H])C([H])([H])C([H])([H])[H],QM7,1.0000,1,0
[H]OC([H])([H])C([H])(C([H])([H])C([H])([H])[H])C([H])([H])C([H])([H])[H],QM7,0.9231,0,0
[H]C(=O)C([H])(C([H])([H])C([H])([H])[H])C([H])([H])C([H])([H])[H],QM7,0.8667,0,0
[H]OC([H])([H])C([H])([H])C#CC([H])([H])C([H])([H])[H],QM7,0.5909,0,0
[H]O[C@@]([H])(C#CC([H])([H])C([H])([H])[H])C([H])([H])[H],QM7,1.0000,2,0
[H]C([H])([H])C(=O)C#CC([H])([H])C([H])([H])[H],QM7,0.6190,0,0
[H]C([H])=C(C([H])=C(C([H])([H])[H])C([H])([H])[H])C([H])([H])[H],QM7,0.5714,0,0
[H]C(=O)C([H])([H])C#CC([H])([H])C([H])([H])[H],QM7,0.5417,0,0
[H]OC([H])([H])/C([H])=C(\[H])C([H])([H])C([H])([H])C([H])([H])[H],QM7,1.0000,1,0
[H]C(=O)/C([H])=C(\[H])C([H])([H])C([H])([H])C([H])([H])[H],QM7,0.9412,0,0
[H]OC([H])([H])C(=C([H])[H])C([H])([H])C([H])([H])C([H])([H])[H],QM7,0.6111,0,0
[H]C(=O)C(=C([H])[H])C([H])([H])C([H])([H])C([H])([H])[H],QM7,0.6522,0,0
[H]OC([H])([H])[C@]([H])(C([H])([H])[H])C([H])([H])C([H])([H])C([H])([H])[H],QM7,1.0000,1,0
[H]OC(C([H])([H])[H])(C([H])([H])[H])C([H])([H])C([H])([H])C([H])([H])[H],QM7,0.9286,0,0
[H]C(=O)[C@]([H])(C([H])([H])[H])C([H])([H])C([H])([H])C([H])([H])[H],QM7,1.0000,1,0
[H]OC([H])([H])C#CC([H])([H])C([H])([H])C([H])([H])[H],QM7,0.6250,0,0
[H]C(=O)C#CC([H])([H])C([H])([H])C([H])([H])[H],QM7,0.6522,0,0
[H]C([H])=C([H])C([H])([H])C([H])=C(C([H])([H])[H])C([H])([H])[H],QM7,0.9375,0,0
[H]O[C@]([H])(C([H])([H])[H])C([H])([H])C([H])([H])C([H])([H])C([H])([H])[H],QM7,0.8824,0,0
[H]C([H])([H])C(=O)C([H])([H])C([H])([H])C([H])([H])C([H])([H])[H],QM7,1.0000,2,0
[H]C(=O)C([H])([H])C([H])([H])C([H])([H])C([H])([H])C([H])([H])[H],QM7,0.9375,0,0
[H]C([H])([H])OC([H])([H])C([H])([H])C([H])([H])C([H])([H])C([H])([H])[H],QM7,0.9333,0,0
[H]/C(=C(/[H])C([H])([H])C([H])([H])[H])C([H])([H])OC([H])([H])[H],QM7,1.0000,1,0
[H]/C(=C(\OC([H])([H])[H])C([H])([H])[H])C([H])([H])C([H])([H])[H],QM7,0.5714,0,0
[H]C([H])=C(C([H])([H])OC([H])([H])[H])C([H])([H])C([H])([H])[H],QM7,0.7619,0,0
[H]C([H])([H])OC([H])([H])[C@]([H])(C([H])([H])[H])C([H])([H])C([H])([H])[H],QM7,0.8824,0,0
[H]/C(OC([H])([H])[H])=C(/C([H])([H])[H])C([H])([H])C([H])([H])[H],QM7,1.0000,1,0
[H]C([H])([H])OC(C([H])([H])[H])(C([H])([H])[H])C([H])([H])C([H])([H])[H],QM7,0.6111,0,0
[H]C#CC([H])([H])C([H])=C(C([H])([H])[H])C([H])([H])[H],QM7,0.5417,0,0
[H]C([H])([H])OC([H])(C([H])([H])C([H])([H])[H])C([H])([H])C([H])([H])[H],QM7,0.9231,0,0
[H]C([H])([H])OC([H])([H])C#CC([H])([H])C([H])([H])[H],QM7,0.5556,0,0
[H]/C(OC([H])([H])[H])=C(/[H])C([H])([H])C([H])([H])C([H])([H])[H],QM7,0.7000,0,0
[H]C([H])=C(OC([H])([H])[H])C([H])([H])C([H])([H])C([H])([H])[H],QM7,0.7059,0,0
[H]C([H])([H])O[C@]([H])(C([H])([H])[H])C([H])([H])C([H])([H])C([H])([H])[H],QM7,0.7000,0,0
[H]OC(=O)/C(=C(\[H])C([H])([H])[H])C([H])([H])[H],QM7,1.0000,1,0
[H]OC(=O)C([H])([H])/C([H])=C(\[H])C([H])([H])[H],QM7,0.9412,0,0
[H]OC(=O)C([H])([H])C(=C([H])[H])C([H])([H])[H],QM7,0.8824,0,0
[H]OC(=O)[C@]([H])(C([H])=C([H])[H])C([H])([H])[H],QM7,0.6316,0,0
[H]OC(=O)C([H])=C(C([H])([H])[H])C([H])([H])[H],QM7,0.9286,0,0
[H]C([H])=C([H])C(C([H])=C([H])[H])(C([H])([H])[H])C([H])([H])[H],QM7,0.7692,0,0
[H]OC(=O)C(C([H])([H])[H])(C([H])([H])[H])C([H])([H])[H],QM7,1.0000,1,0
[H]OC(=O)C([H])([H])C([H])(C([H])([H])[H])C([H])([H])[H],QM7,0.9333,0,0
[H]C#C[C@@]([H])(C(=O)O[H])C([H])([H])[H],QM7,1.0000,1,0
[H]OC(=O)C([H])([H])C#CC([H])([H])[H],QM7,0.8421,0,0
[H]OC(=O)/C([H])=C(\[H])C([H])([H])C([H])([H])[H],QM7,0.7619,0,0
[H]OC(=O)C(=C([H])[H])C([H])([H])C([H])([H])[H],QM7,0.9375,0,0
[H]OC(=O)[C@]([H])(C([H])([H])[H])C([H])([H])C([H])([H])[H],QM7,0.9375,0,0
[H]OC(=O)C#CC([H])([H])C([H])([H])[H],QM7,0.7619,0,0
[H]OC(=O)C([H])([H])C([H])([H])C([H])([H])C([H])([H])[H],QM7,0.9375,0,0
[H]C([H])([H])C([H])([H])OC([H])([H])C([H])([H])C([H])([H])C([H])([H])[H],QM7,0.9333,0,0
[H]C#CC(C([H])=C([H])[H])(C([H])([H])[H])C([H])([H])[H],QM7,0.4231,0,0
[H]C#CC(=C([H])[H])C([H])([H])C([H])=O,QM7,0.4762,0,0
[H]C#C[C@]([H])(C([H])=O)C([H])=C([H])[H],QM7,0.5000,0,0
[H]C([H])=C([H])C(=O)C([H])([H])C([H])=C([H])[H],QM7,0.6000,0,0
[H]C#CC(=O)C([H])([H])C([H])=C([H])[H],QM7,0.5652,0,0
[H]C([H])=C([H])OC([H])([H])C([H])([H])C([H])=C([H])[H],QM7,0.6190,0,0
[H]C#C/C(C([H])=O)=C(\[H])C([H])([H])[H],QM7,0.5000,0,0
[H]C([H])=C([H])O/C(=C(\[H])C([H])([H])[H])C([H])([H])[H],QM7,0.6000,0,0
[H]OC([H])([H])/C(C([H])=C([H])[H])=C(/[H])C([H])([H])[H],QM7,1.0000,1,0
[H]C#C/C(=C(\[H])C([H])([H])[H])C([H])([H])O[H],QM7,0.5238,0,0
[H]C([H])=C([H])C(=O)/C([H])=C(\[H])C([H])([H])[H],QM7,0.6667,0,0
[H]C([H])=C([H])C([H])([H])C(C([H])([H])[H])(C([H])([H])[H])C([H])([H])[H],QM7,0.9286,0,0
[H]C#CC(=O)/C([H])=C(\[H])C([H])([H])[H],QM7,0.4783,0,0
[H]O[C@@]([H])(C([H])=C([H])[H])/C([H])=C(\[H])C([H])([H])[H],QM7,1.0000,1,0
[H]C#C[C@]([H])(O[H])/C([H])=C(\[H])C([H])([H])[H],QM7,1.0000,1,0
[H]C([H])=C([H])OC([H])([H])/C([H])=C(\[H])C([H])([H])[H],QM7,1.0000,1,0
[H]C([H])=C([H])C(=O)C(=C([H])[H])C([H])([H])[H],QM7,0.8824,0,0
[H]C#CC(=O)C(=C([H])[H])C([H])([H])[H],QM7,0.5000,0,0
[H]O[C@@]([H])(C([H])=C([H])[H])C(=C([H])[H])C([H])([H])[H],QM7,1.0000,1,0
[H]C#C[C@]([H])(O[H])C(=C([H])[H])C([H])([H])[H],QM7,1.0000,1,0
[H]C([H])=C([H])OC([H])([H])C(=C([H])[H])C([H])([H])[H],QM7,1.0000,1,0
[H]C#C/C(=C(\[H])C([H])=O)C([H])([H])[H],QM7,0.6818,0,0
[H]C#CC([H])([H])C(C([H])([H])[H])(C([H])([H])[H])C([H])([H])[H],QM7,0.5238,0,0
[H]C#C/C(=C(\[H])C([H])([H])O[H])C([H])([H])[H],QM7,0.6154,0,0
[H]C([H])=C([H])OC([H])=C(C([H])([H])[H])C([H])([H])[H],QM7,0.5357,0,0
[H]C#CC(C([H])=O)(C([H])([H])[H])C([H])([H])[H],QM7,0.4118,0,0
[H]C([H])=C([H])OC(C([H])([H])[H])(C([H])([H])[H])C([H])([H])[H],QM7,0.5556,0,0
[H]OC([H])([H])C(C([H])=C([H])[H])(C([H])([H])[H])C([H])([H])[H],QM7,1.0000,1,0
[H]C#CC(C([H])([H])[H])(C([H])([H])[H])C([H])([H])O[H],QM7,1.0000,1,0
[H]C([H])=C([H])C(=O)C([H])(C([H])([H])[H])C([H])([H])[H],QM7,0.8824,0,0
[H]C#CC(=O)C([H])(C([H])([H])[H])C([H])([H])[H],QM7,0.6667,0,0
[H]O[C@@]([H])(C([H])=C([H])[H])C([H])(C([H])([H])[H])C([H])([H])[H],QM7,1.0000,1,0
[H]C#C[C@]([H])(O[H])C([H])(C([H])([H])[H])C([H])([H])[H],QM7,0.5500,0,0
[H]C#CC(C#C[H])(C([H])([H])[H])C([H])([H])[H],QM7,1.0000,1,0
[H]C([H])=C([H])OC([H])([H])C([H])(C([H])([H])[H])C([H])([H])[H],QM7,0.6957,0,0
[H]C(=O)C([H])([H])[C@@]([H])(C([H])=C([H])[H])C([H])([H])[H],QM7,0.5714,0,0
[H]C#C[C@@]([H])(C([H])([H])[H])C([H])([H])C([H])=O,QM7,0.5200,0,0
[H]OC([H])([H])C([H])([H])[C@@]([H])(C([H])=C([H])[H])C([H])([H])[H],QM7,0.9444,0,0
[H]C#C[C@@]([H])(C([H])([H])[H])C([H])([H])C([H])([H])O[H],QM7,0.5455,0,0
[H]C([H])=C([H])C(=O)C#CC([H])([H])[H],QM7,0.5652,0,0
[H]C#CC(=O)C#CC([H])([H])[H],QM7,0.5000,0,0
[H]O[C@]([H])(C#CC([H])([H])[H])C([H])=C([H])[H],QM7,0.5417,0,0
[H]C#C[C@@]([H])(C#CC([H])([H])[H])O[H],QM7,0.4762,0,0
[H]C([H])=C([H])OC([H])([H])C#CC([H])([H])[H],QM7,0.5652,0,0
[H]C(=C(C([H])([H])[H])C([H])([H])[H])C([H])(C([H])([H])[H])C([H])([H])[H],QM7,0.5625,0,0
[H]C([H])=C([H])O/C([H])=C(\[H])C([H])([H])C([H])([H])[H],QM7,0.6087,0,0
[H]C([H])=C([H])OC(=C([H])[H])C([H])([H])C([H])([H])[H],QM7,0.5455,0,0
[H]C#C[C@]([H])(C([H])=O)C([H])([H])C([H])([H])[H],QM7,0.5600,0,0
[H]OC(C([H])([H])[H])(C([H])([H])C([H])([H])[H])C([H])([H])C([H])([H])[H],QM7,1.0000,1,0
[H]O[C@](C([H])=C([H])[H])(C([H])([H])[H])C([H])([H])C([H])([H])[H],QM7,0.5714,0,0
[H]C#C[C@@](O[H])(C([H])([H])[H])C([H])([H])C([H])([H])[H],QM7,0.9412,0,0
[H]C([H])=C([H])O[C@]([H])(C([H])([H])[H])C([H])([H])C([H])([H])[H],QM7,0.5909,0,0
[H]OC([H])([H])/C(=C(/[H])C([H])([H])[H])C([H])([H])C([H])([H])[H],QM7,0.6000,0,0
[H]OC([H])([H])[C@@]([H])(C([H])=C([H])[H])C([H])([H])C([H])([H])[H],QM7,0.6087,0,0
[H]C#C[C@]([H])(C([H])([H])O[H])C([H])([H])C([H])([H])[H],QM7,1.0000,1,0
[H]C([H])=C([H])/C([H])=C(\[H])C([H])(C([H])([H])[H])C([H])([H])[H],QM7,0.7647,0,0
[H]C([H])([H])C([H])([H])C(=O)C([H])([H])C([H])([H])C([H])([H])[H],QM7,0.9333,0,0
[H]C([H])=C([H])C(=O)C([H])([H])C([H])([H])C([H])([H])[H],QM7,0.7083,0,0
[H]C#CC(=O)C([H])([H])C([H])([H])C([H])([H])[H],QM7,0.6818,0,0
[H]O[C@@]([H])(C([H])([H])C([H])([H])[H])C([H])([H])C([H])([H])C([H])([H])[H],QM7,0.7778,0,0
[H]O[C@@]([H])(C([H])=C([H])[H])C([H])([H])C([H])([H])C([H])([H])[H],QM7,0.6522,0,0
[H]C#C[C@]([H])(O[H])C([H])([H])C([H])([H])C([H])([H])[H],QM7,0.6818,0,0
[H]C([H])=C([H])OC([H])([H])C([H])([H])C([H])([H])C([H])([H])[H],QM7,0.9444,0,0
[H]C(=O)C(=C([H])[H])C([H])([H])C([H])=O,QM7,0.5556,0,0
[H]C(=O)O/C([H])=C(\[H])C([H])=C([H])[H],QM7,1.0000,1,0
[H]C(=O)OC(=C([H])[H])C([H])=C([H])[H],QM7,0.5000,0,0
[H]C#C/C([H])=C(\[H])C([H])(C([H])([H])[H])C([H])([H])[H],QM7,0.5000,0,0
[H]C(=O)C([H])(C([H])=O)C([H])=C([H])[H],QM7,0.4583,0,0
[H]C(=O)C(=O)C([H])([H])C([H])=C([H])[H],QM7,0.5455,0,0
[H]C(=O)OC([H])([H])C([H])([H])C([H])=C([H])[H],QM7,0.6522,0,0
[H]C(=O)C(C([H])=O)=C([H])C([H])([H])[H],QM7,0.6250,0,0
[H]C(=O)O/C(=C(\[H])C([H])([H])[H])C([H])([H])[H],QM7,0.5455,0,0
[H]OC([H])([H])C(=C([H])C([H])([H])[H])C([H])([H])O[H],QM7,0.6875,0,0
[H]OC([H])([H])/C(C([H])=O)=C(/[H])C([H])([H])[H],QM7,1.0000,1,0
[H]OC([H])([H])C(=O)/C([H])=C(\[H])C([H])([H])[H],QM7,0.6471,0,0
[H]C(=O)C(=O)/C([H])=C(\[H])C([H])([H])[H],QM7,0.6875,0,0
[H]OC([H])([H])[C@]([H])(O[H])/C([H])=C(\[H])C([H])([H])[H],QM7,1.0000,1,0
[H]C([H])=C([H])C(=C([H])[H])C([H])(C([H])([H])[H])C([H])([H])[H],QM7,1.0000,1,0
[H]O[C@@]([H])(C([H])=O)/C([H])=C(\[H])C([H])([H])[H],QM7,1.0000,1,0
[H]C(=O)OC([H])([H])/C([H])=C(\[H])C([H])([H])[H],QM7,0.6818,0,0
[H]OC([H])([H])C(=O)C(=C([H])[H])C([H])([H])[H],QM7,0.5500,0,0
[H]C(=O)C(=O)C(=C([H])[H])C([H])([H])[H],QM7,0.6190,0,0
[H]OC([H])([H])[C@]([H])(O[H])C(=C([H])[H])C([H])([H])[H],QM7,0.6111,0,0
[H]O[C@@]([H])(C([H])=O)C(=C([H])[H])C([H])([H])[H],QM7,0.5500,0,0
[H]C(=O)OC([H])([H])C(=C([H])[H])C([H])([H])[H],QM7,0.6190,0,0
[H]C(=O)OC([H])=C(C([H])([H])[H])C([H])([H])[H],QM7,0.5455,0,0
[H]C(=O)C(C([H])=O)(C([H])([H])[H])C([H])([H])[H],QM7,0.5833,0,0
[H]C(=O)OC(C([H])([H])[H])(C([H])([H])[H])C([H])([H])[H],QM7,0.8667,0,0
[H]C#CC(=C([H])[H])C([H])(C([H])([H])[H])C([H])([H])[H],QM7,0.4783,0,0
[H]OC([H])([H])C(C([H])([H])[H])(C([H])([H])[H])C([H])([H])O[H],QM7,0.9091,0,0
[H]OC([H])([H])C(C([H])=O)(C([H])([H])[H])C([H])([H])[H],QM7,0.6818,0,0
[H]OC([H])([H])C(=O)C([H])(C([H])([H])[H])C([H])([H])[H],QM7,1.0000,1,0
[H]C(=O)C(=O)C([H])(C([H])([H])[H])C([H])([H])[H],QM7,0.5882,0,0
[H]OC([H])([H])[C@]([H])(O[H])C([H])(C([H])([H])[H])C([H])([H])[H],QM7,1.0000,1,0
[H]O[C@@]([H])(C([H])=O)C([H])(C([H])([H])[H])C([H])([H])[H],QM7,0.6471,0,0
[H]C(=O)OC([H])([H])C([H])(C([H])([H])[H])C([H])([H])[H],QM7,0.8000,0,0
[H]C(=O)C([H])([H])[C@@]([H])(C([H])=O)C([H])([H])[H],QM7,0.6000,0,0
[H]OC([H])([H])C([H])([H])[C@@]([H])(C([H])=O)C([H])([H])[H],QM7,1.0000,1,0
[H]OC([H])([H])C(=O)C#CC([H])([H])[H],QM7,0.5217,0,0
[H]C([H])=C([H])[C@]([H])(C([H])([H])[H])C([H])(C([H])([H])[H])C([H])([H])[H],QM7,0.8571,0,0
[H]C(=O)C(=O)C#CC([H])([H])[H],QM7,0.5217,0,0
[H]OC([H])([H])[C@@]([H])(C#CC([H])([H])[H])O[H],QM7,0.6364,0,0
[H]O[C@]([H])(C#CC([H])([H])[H])C([H])=O,QM7,0.5217,0,0
[H]C(=O)OC([H])([H])C#CC([H])([H])[H],QM7,1.0000,1,0
[H]C(=O)O/C([H])=C(\[H])C([H])([H])C([H])([H])[H],QM7,0.5455,0,0
[H]C(=O)OC(=C([H])[H])C([H])([H])C([H])([H])[H],QM7,0.5000,0,0
[H]C(=O)C([H])(C([H])=O)C([H])([H])C([H])([H])[H],QM7,0.6316,0,0
[H]OC([H])([H])[C@@](O[H])(C([H])([H])[H])C([H])([H])C([H])([H])[H],QM7,0.6667,0,0
[H]O[C@](C([H])=O)(C([H])([H])[H])C([H])([H])C([H])([H])[H],QM7,0.5417,0,0
[H]C(=O)O[C@]([H])(C([H])([H])[H])C([H])([H])C([H])([H])[H],QM7,0.6250,0,0
[H]C#C[C@]([H])(C([H])([H])[H])C([H])(C([H])([H])[H])C([H])([H])[H],QM7,0.5625,0,0
[H]OC([H])([H])C([H])(C([H])([H])O[H])C([H])([H])C([H])([H])[H],QM7,1.0000,1,0
[H]OC([H])([H])[C@@]([H])(C([H])=O)C([H])([H])C([H])([H])[H],QM7,0.6842,0,0
[H]OC([H])([H])C(=O)C([H])([H])C([H])([H])C([H])([H])[H],QM7,0.6667,0,0
[H]C(=O)C(=O)C([H])([H])C([H])([H])C([H])([H])[H],QM7,1.0000,1,0
[H]OC([H])([H])[C@]([H])(O[H])C([H])([H])C([H])([H])C([H])([H])[H],QM7,0.9375,0,0
[H]O[C@@]([H])(C([H])=O)C([H])([H])C([H])([H])C([H])([H])[H],QM7,1.0000,1,0
[H]C(=O)OC([H])([H])C([H])([H])C([H])([H])C([H])([H])[H],QM7,0.9444,0,0
[H]OC([H])([H])[C@@]([H])(OC([H])([H])[H])C([H])([H])C([H])([H])[H],QM7,1.0000,1,0
[H]C([H])([H])OC(=O)C([H])([H])C([H])([H])C([H])([H])[H],QM7,0.9412,0,0
[H]C([H])=C([H])C#CC([H])(C([H])([H])[H])C([H])([H])[H],QM7,0.6000,0,0
[H]C#CC#CC([H])(C([H])([H])[H])C([H])([H])[H],QM7,0.5909,0,0
[H]C([H])([H])C([H])([H])C([H])([H])OC([H])([H])C([H])([H])C([H])([H])[H],QM7,0.9091,0,0
[H]C([H])=C(C([H])([H])[H])C([H])([H])C([H])(C([H])([H])[H])C([H])([H])[H],QM7,0.6111,0,0
[H]C#CC([H])([H])C(=O)C([H])=C([H])[H],QM7,1.0000,1,0
[H]C([H])=C([H])C([H])([H])OC([H])([H])C([H])=C([H])[H],QM7,0.9167,0,0
[H]C#CC([H])([H])OC([H])([H])C([H])=C([H])[H],QM7,0.6800,0,0
[H]C#CC([H])([H])OC([H])([H])C#C[H],QM7,0.9167,0,0
[H]/C(O/C([H])=C(\[H])C([H])([H])[H])=C(/[H])C([H])([H])[H],QM7,0.6667,0,0
[H]/C(OC([H])(C([H])([H])[H])C([H])([H])[H])=C(/[H])C([H])([H])[H],QM7,0.9333,0,0
[H]C([H])=C(O/C([H])=C(\[H])C([H])([H])[H])C([H])([H])[H],QM7,0.5652,0,0
[H]C([H])=C([H])C([H])([H])O/C([H])=C(\[H])C([H])([H])[H],QM7,0.7391,0,0
[H]C#CC([H])([H])O/C([H])=C(\[H])C([H])([H])[H],QM7,0.5385,0,0
[H]C([H])=C(OC(=C([H])[H])C([H])([H])[H])C([H])([H])[H],QM7,0.9091,0,0
[H]C([H])=C([H])C([H])([H])C([H])([H])C([H])(C([H])([H])[H])C([H])([H])[H],QM7,0.9375,0,0
[H]C([H])=C(OC([H])([H])C([H])=C([H])[H])C([H])([H])[H],QM7,1.0000,1,0
[H]C#CC([H])([H])OC(=C([H])[H])C([H])([H])[H],QM7,0.5652,0,0
[H]C(=O)/C(=C(/[H])C([H])=C([H])[H])C([H])([H])[H],QM7,0.5789,0,0
[H]C#C/C([H])=C(\C([H])=O)C([H])([H])[H],QM7,0.5455,0,0
[H]C(=O)[C@@]([H])(C(=C([H])[H])C([H])([H])[H])C([H])([H])[H],QM7,0.5500,0,0
[H]OC(C([H])([H])[H])(C([H])([H])[H])C([H])([H])C([H])=C([H])[H],QM7,0.6250,0,0
[H]C#CC([H])([H])C(O[H])(C([H])([H])[H])C([H])([H])[H],QM7,0.5714,0,0
[H]C([H])([H])C([H])(OC([H])(C([H])([H])[H])C([H])([H])[H])C([H])([H])[H],QM7,0.8889,0,0
[H]C([H])=C(OC([H])(C([H])([H])[H])C([H])([H])[H])C([H])([H])[H],QM7,0.5882,0,0
[H]C([H])=C([H])C([H])([H])OC([H])(C([H])([H])[H])C([H])([H])[H],QM7,0.6190,0,0
[H]C#CC([H])([H])C([H])([H])C([H])(C([H])([H])[H])C([H])([H])[H],QM7,0.6190,0,0
[H]C#CC([H])([H])OC([H])(C([H])([H])[H])C([H])([H])[H],QM7,0.7273,0,0
[H]OC([H])([H])/C(=C(/[H])C([H])=C([H])[H])C([H])([H])[H],QM7,0.6250,0,0
[H]C#C/C([H])=C(/C([H])([H])[H])C([H])([H])O[H],QM7,0.5238,0,0
[H]OC([H])([H])[C@@]([H])(C(=C([H])[H])C([H])([H])[H])C([H])([H])[H],QM7,1.0000,1,0
[H]OC([H])([H])[C@]([H])(C([H])([H])[H])C([H])([H])C([H])=C([H])[H],QM7,0.6842,0,0
[H]C#CC([H])([H])[C@@]([H])(C([H])([H])[H])C([H])([H])O[H],QM7,0.7619,0,0
[H]/C(C(=O)C([H])([H])C([H])([H])[H])=C(/[H])C([H])([H])[H],QM7,0.6667,0,0
[H]C([H])([H])C([H])([H])C(=O)C([H])(C([H])([H])[H])C([H])([H])[H],QM7,0.7000,0,0
[H]C([H])=C(C(=O)C([H])([H])C([H])([H])[H])C([H])([H])[H],QM7,0.9375,0,0
[H]C([H])([H])C#CC(=O)C([H])([H])C([H])([H])[H],QM7,0.5909,0,0
[H]C#C[C@@]([H])(C(=C([H])[H])C([H])([H])[H])C([H])([H])[H],QM7,0.5238,0,0
[H]C([H])=C([H])C([H])([H])C(=O)C([H])([H])C([H])([H])[H],QM7,0.6538,0,0
[H]C#CC([H])([H])C(=O)C([H])([H])C([H])([H])[H],QM7,0.5909,0,0
[H]O[C@@]([H])(/C([H])=C(\[H])C([H])([H])[H])C([H])([H])C([H])([H])[H],QM7,0.6364,0,0
[H]O[C@]([H])(C([H])([H])C([H])([H])[H])C([H])(C([H])([H])[H])C([H])([H])[H],QM7,0.7647,0,0
[H]O[C@@]([H])(C(=C([H])[H])C([H])([H])[H])C([H])([H])C([H])([H])[H],QM7,0.6111,0,0
[H]O[C@@]([H])(C#CC([H])([H])[H])C([H])([H])C([H])([H])[H],QM7,0.5652,0,0
[H]O[C@@]([H])(C([H])([H])C([H])=C([H])[H])C([H])([H])C([H])([H])[H],QM7,0.6250,0,0
[H]C#CC([H])([H])[C@]([H])(O[H])C([H])([H])C([H])([H])[H],QM7,1.0000,1,0
[H]/C(=C(/OC([H])([H])[H])C([H])([H])C([H])([H])[H])C([H])([H])[H],QM7,0.6316,0,0
[H]C([H])=C([H])[C@]([H])(OC([H])([H])[H])C([H])([H])C([H])([H])[H],QM7,0.5909,0,0
[H]C([H])=C([H])C([H])([H])[C@@]([H])(C([H])=C([H])[H])C([H])([H])[H],QM7,0.9375,0,0
[H]C#C[C@]([H])(OC([H])([H])[H])C([H])([H])C([H])([H])[H],QM7,0.5652,0,0
[H]/C(OC([H])([H])C([H])([H])C([H])([H])[H])=C(/[H])C([H])([H])[H],QM7,0.7059,0,0
[H]C([H])([H])C([H])([H])C([H])([H])OC([H])(C([H])([H])[H])C([H])([H])[H],QM7,0.6842,0,0
[H]C([H])=C(OC([H])([H])C([H])([H])C([H])([H])[H])C([H])([H])[H],QM7,0.5714,0,0
[H]C([H])=C([H])C([H])([H])OC([H])([H])C([H])([H])C([H])([H])[H],QM7,0.8947,0,0
[H]C#CC([H])([H])OC([H])([H])C([H])([H])C([H])([H])[H],QM7,1.0000,1,0
[H]OC([H])([H])C([H])([H])OC([H])([H])C([H])([H])C([H])([H])[H],QM7,0.9375,0,0
[H]C(=O)C([H])([H])C(=O)C([H])=C([H])[H],QM7,0.9412,0,0
[H]C(=O)C([H])([H])OC([H])([H])C([H])=C([H])[H],QM7,0.6957,0,0
[H]OC([H])([H])C([H])([H])O/C([H])=C(\[H])C([H])([H])[H],QM7,0.7143,0,0
[H]C#C[C@@]([H])(C([H])([H])[H])C([H])([H])C([H])=C([H])[H],QM7,0.5652,0,0
[H]/C(OC(=O)C([H])([H])[H])=C(/[H])C([H])([H])[H],QM7,0.8421,0,0
[H]C(=O)C([H])([H])O/C([H])=C(\[H])C([H])([H])[H],QM7,0.5714,0,0
[H]OC([H])([H])C([H])([H])OC(=C([H])[H])C([H])([H])[H],QM7,0.5714,0,0
[H]C([H])=C(OC(=O)C([H])([H])[H])C([H])([H])[H],QM7,0.9333,0,0
[H]C(=O)C([H])([H])OC(=C([H])[H])C([H])([H])[H],QM7,0.5909,0,0
[H]OC([H])([H])/C([H])=C(\C([H])=O)C([H])([H])[H],QM7,0.6250,0,0
[H]C(=O)/C([H])=C(\C([H])=O)C([H])([H])[H],QM7,1.0000,1,0
[H]C(=O)[C@@]([H])(C(=O)C([H])([H])[H])C([H])([H])[H],QM7,1.0000,1,0
[H]OC([H])([H])C([H])([H])OC([H])(C([H])([H])[H])C([H])([H])[H],QM7,0.7895,0,0
[H]OC([H])([H])C([H])([H])C(O[H])(C([H])([H])[H])C([H])([H])[H],QM7,0.8667,0,0
[H]C#CC([H])([H])[C@@]([H])(C([H])=C([H])[H])C([H])([H])[H],QM7,0.5833,0,0
[H]OC(C([H])([H])[H])(C([H])([H])[H])C([H])([H])C([H])=O,QM7,1.0000,1,0
[H]C([H])([H])C(=O)OC([H])(C([H])([H])[H])C([H])([H])[H],QM7,0.9333,0,0
[H]C(=O)C([H])([H])OC([H])(C([H])([H])[H])C([H])([H])[H],QM7,0.6190,0,0
[H]OC([H])([H])C([H])([H])[C@@]([H])(C([H])([H])[H])C([H])([H])O[H],QM7,0.8125,0,0
[H]OC([H])([H])/C([H])=C(/C([H])([H])[H])C([H])([H])O[H],QM7,0.7000,0,0
[H]OC([H])([H])/C(=C(/[H])C([H])=O)C([H])([H])[H],QM7,0.6190,0,0
[H]OC([H])([H])[C@@]([H])(C(=O)C([H])([H])[H])C([H])([H])[H],QM7,0.7143,0,0
[H]OC([H])([H])[C@]([H])(C([H])([H])[H])C([H])([H])C([H])=O,QM7,0.6000,0,0
[H]OC([H])([H])C([H])([H])C(=O)C([H])([H])C([H])([H])[H],QM7,0.6842,0,0
[H]O[C@@]([H])(C(=O)C([H])([H])C([H])([H])[H])C([H])([H])[H],QM7,0.8824,0,0
[H]C#CC([H])([H])[C@@]([H])(C#C[H])C([H])([H])[H],QM7,0.5000,0,0
[H]C([H])([H])C(=O)C(=O)C([H])([H])C([H])([H])[H],QM7,1.0000,1,0
[H]C(=O)C([H])([H])C(=O)C([H])([H])C([H])([H])[H],QM7,0.8889,0,0
[H]OC([H])([H])C([H])([H])[C@]([H])(O[H])C([H])([H])C([H])([H])[H],QM7,0.9375,0,0
[H]O[C@]([H])(C([H])([H])[H])[C@]([H])(O[H])C([H])([H])C([H])([H])[H],QM7,1.0000,2,0
[H]O[C@@]([H])(C(=O)C([H])([H])[H])C([H])([H])C([H])([H])[H],QM7,1.0000,1,0
[H]O[C@@]([H])(C([H])([H])C([H])=O)C([H])([H])C([H])([H])[H],QM7,0.5833,0,0
[H]C(=O)[C@]([H])(OC([H])([H])[H])C([H])([H])C([H])([H])[H],QM7,0.6250,0,0
[H]C([H])([H])C(=O)OC([H])([H])C([H])([H])C([H])([H])[H],QM7,0.9412,0,0
[H]C(=O)C([H])([H])OC([H])([H])C([H])([H])C([H])([H])[H],QM7,0.6818,0,0
[H]C([H])([H])OC([H])([H])OC([H])([H])C([H])([H])C([H])([H])[H],QM7,0.6875,0,0
[H]C(C#CC([H])([H])[H])=C(C([H])([H])[H])C([H])([H])[H],QM7,1.0000,1,0
[H]C([H])([H])OC([H])([H])C(=O)C([H])([H])C([H])([H])[H],QM7,0.5926,0,0
[H]O[C@@]([H])(C([H])([H])OC([H])([H])[H])C([H])([H])C([H])([H])[H],QM7,1.0000,1,0
[H]C([H])([H])OC([H])(OC([H])([H])[H])C([H])([H])C([H])([H])[H],QM7,0.7333,0,0
[H]OC([H])([H])[C@@]([H])(OC([H])=C([H])[H])C([H])([H])[H],QM7,1.0000,1,0
[H]C([H])=C([H])OC(=O)C([H])([H])C([H])([H])[H],QM7,0.9474,0,0
[H]C([H])=C([H])/C([H])=C(\[H])C#CC([H])([H])[H],QM7,0.6364,0,0
[H]C#C/C([H])=C(\[H])C#CC([H])([H])[H],QM7,0.4762,0,0
[H]C([H])=C([H])C(C#CC([H])([H])[H])=C([H])[H],QM7,0.6087,0,0
[H]C([H])=C([H])O/C([H])=C(\[H])C([H])=C([H])[H],QM7,1.0000,1,0
[H]C#C/C([H])=C(\[H])OC([H])=C([H])[H],QM7,0.4737,0,0
[H]C([H])=C([H])OC(=C([H])[H])C([H])=C([H])[H],QM7,0.5500,0,0
[H]C#CC(OC([H])=C([H])[H])=C([H])[H],QM7,0.5455,0,0
[H]C#CC([H])([H])C([H])([H])OC([H])=C([H])[H],QM7,0.5000,0,0
[H]C([H])=C([H])/C([H])=C(\[H])C(=O)C([H])([H])[H],QM7,0.7895,0,0
[H]C#C/C([H])=C(\[H])C(=O)C([H])([H])[H],QM7,0.5714,0,0
[H]C#CC(C#CC([H])([H])[H])=C([H])[H],QM7,0.6471,0,0
[H]C([H])=C([H])C(C(=O)C([H])([H])[H])=C([H])[H],QM7,0.5500,0,0
[H]C#CC(C(=O)C([H])([H])[H])=C([H])[H],QM7,0.5789,0,0
[H]C([H])([H])C(=O)C(C([H])([H])[H])(C([H])([H])[H])C([H])([H])[H],QM7,0.9091,0,0
[H]C([H])=C([H])C#CC(=O)C([H])([H])[H],QM7,0.5455,0,0
[H]C#CC#CC(=O)C([H])([H])[H],QM7,0.7895,0,0
[H]C([H])=C([H])C([H])([H])C([H])([H])C(=O)C([H])([H])[H],QM7,0.7273,0,0
[H]C#CC([H])([H])C([H])([H])C(=O)C([H])([H])[H],QM7,1.0000,1,0
[H]OC(C([H])=C([H])[H])(C([H])=C([H])[H])C([H])([H])[H],QM7,0.6429,0,0
[H]C#C[C@](O[H])(C([H])=C([H])[H])C([H])([H])[H],QM7,0.4828,0,0
[H]C#CC(C#C[H])(O[H])C([H])([H])[H],QM7,0.6429,0,0
[H]C([H])([H])C#CC(C([H])([H])[H])(C([H])([H])[H])C([H])([H])[H],QM7,0.5789,0,0
[H]O[C@@]([H])(C([H])=C(C([H])([H])[H])C([H])([H])[H])C([H])([H])[H],QM7,0.9286,0,0
[H]O[C@@]([H])(/C([H])=C(\[H])C([H])=C([H])[H])C([H])([H])[H],QM7,0.8000,0,0
[H]C#C/C([H])=C(\[H])[C@]([H])(O[H])C([H])([H])[H],QM7,0.6000,0,0
[H]O[C@@]([H])(C(=C([H])[H])C([H])=C([H])[H])C([H])([H])[H],QM7,0.6111,0,0
[H]C#CC(=C([H])[H])[C@]([H])(O[H])C([H])([H])[H],QM7,0.5238,0,0
[H]O[C@]([H])(C([H])([H])[H])C(C([H])([H])[H])(C([H])([H])[H])C([H])([H])[H],QM7,1.0000,1,0
[H]O[C@]([H])(C([H])([H])[H])[C@]([H])(C([H])=C([H])[H])C([H])([H])[H],QM7,0.6667,0,0
[H]C#C[C@]([H])(C([H])([H])[H])[C@]([H])(O[H])C([H])([H])[H],QM7,0.5789,0,0
[H]O[C@@]([H])(C#CC([H])=C([H])[H])C([H])([H])[H],QM7,0.6364,0,0
[H]C#CC#C[C@]([H])(O[H])C([H])([H])[H],QM7,0.5294,0,0
[H]C([H])=C([H])[C@@]([H])(C#CC([H])([H])[H])C([H])([H])[H],QM7,0.4348,0,0
[H]O[C@]([H])(C([H])([H])[H])C([H])([H])C(=C([H])[H])C([H])([H])[H],QM7,1.0000,1,0
[H]O[C@]([H])(C([H])([H])[H])C([H])([H])C([H])([H])C([H])=C([H])[H],QM7,0.7273,0,0
[H]C#CC([H])([H])C([H])([H])[C@]([H])(O[H])C([H])([H])[H],QM7,0.7143,0,0
[H]C([H])=C([H])O[C@@]([H])(C([H])=C([H])[H])C([H])([H])[H],QM7,0.5714,0,0
[H]C#C[C@]([H])(OC([H])=C([H])[H])C([H])([H])[H],QM7,1.0000,1,0
[H]/C(OC([H])([H])C([H])([H])[H])=C(/[H])C([H])([H])C([H])([H])[H],QM7,1.0000,1,0
[H]C(OC([H])([H])C([H])([H])[H])=C(C([H])([H])[H])C([H])([H])[H],QM7,0.6000,0,0
[H]C([H])=C([H])/C([H])=C(\[H])OC([H])([H])C([H])([H])[H],QM7,0.8421,0,0
[H]C#C/C([H])=C(\[H])OC([H])([H])C([H])([H])[H],QM7,0.6190,0,0
[H]C([H])=C(OC([H])([H])C([H])([H])[H])C([H])([H])C([H])([H])[H],QM7,0.6667,0,0
[H]C#C[C@@]([H])(C#CC([H])([H])[H])C([H])([H])[H],QM7,0.5789,0,0
[H]C([H])=C([H])C(OC([H])([H])C([H])([H])[H])=C([H])[H],QM7,0.5652,0,0
[H]C#CC(OC([H])([H])C([H])([H])[H])=C([H])[H],QM7,0.5417,0,0
[H]C([H])([H])C([H])([H])O[C@@]([H])(C([H])([H])[H])C([H])([H])C([H])([H])[H],QM7,0.9333,0,0
[H]/C(=C(\OC([H])([H])C([H])([H])[H])C([H])([H])[H])C([H])([H])[H],QM7,0.7895,0,0
[H]C([H])([H])C([H])([H])OC(C([H])([H])[H])(C([H])([H])[H])C([H])([H])[H],QM7,1.0000,1,0
[H]C([H])=C([H])[C@@]([H])(OC([H])([H])C([H])([H])[H])C([H])([H])[H],QM7,0.6000,0,0
[H]C#C[C@@]([H])(OC([H])([H])C([H])([H])[H])C([H])([H])[H],QM7,0.6364,0,0
[H]/C(=C(/[H])C([H])([H])OC([H])([H])C([H])([H])[H])C([H])([H])[H],QM7,1.0000,1,0
[H]C([H])([H])C([H])([H])OC([H])([H])C([H])(C([H])([H])[H])C([H])([H])[H],QM7,0.9333,0,0
[H]C([H])=C(C([H])([H])[H])C([H])([H])OC([H])([H])C([H])([H])[H],QM7,0.8000,0,0
[H]C([H])=C([H])C#CC#CC([H])([H])[H],QM7,1.0000,1,0
[H]C([H])([H])C#CC([H])([H])OC([H])([H])C([H])([H])[H],QM7,0.6667,0,0
[H]C([H])=C([H])C([H])([H])C([H])([H])OC([H])([H])C([H])([H])[H],QM7,0.6522,0,0
[H]C#CC([H])([H])C([H])([H])OC([H])([H])C([H])([H])[H],QM7,0.6667,0,0
[H]OC([H])([H])C([H])([H])C([H])([H])OC([H])([H])C([H])([H])[H],QM7,0.7895,0,0
[H]C(=O)/C([H])=C(\[H])OC([H])=C([H])[H],QM7,0.5789,0,0
[H]C(=O)C(OC([H])=C([H])[H])=C([H])[H],QM7,0.5263,0,0
[H]C(=O)C([H])([H])C([H])([H])OC([H])=C([H])[H],QM7,1.0000,1,0
[H]OC([H])([H])C([H])([H])C([H])([H])C(=O)C([H])([H])[H],QM7,0.9375,0,0
[H]OC([H])([H])/C([H])=C(\[H])C(=O)C([H])([H])[H],QM7,0.6000,0,0
[H]C(=O)/C([H])=C(\[H])C(=O)C([H])([H])[H],QM7,0.6471,0,0
[H]C#CC#CC#CC([H])([H])[H],QM7,1.0000,21,0
[H]OC([H])([H])C(C(=O)C([H])([H])[H])=C([H])[H],QM7,0.5500,0,0
[H]C(=O)C(C(=O)C([H])([H])[H])=C([H])[H],QM7,0.6111,0,0
[H]OC(C(=O)C([H])([H])[H])(C([H])([H])[H])C([H])([H])[H],QM7,0.9167,0,0
[H]OC([H])([H])C#CC(=O)C([H])([H])[H],QM7,0.5714,0,0
[H]C(=O)C#CC(=O)C([H])([H])[H],QM7,0.5385,0,0
[H]C([H])([H])C(=O)C([H])([H])C(=O)C([H])([H])[H],QM7,0.9091,0,0
[H]C(=O)C([H])([H])C([H])([H])C(=O)C([H])([H])[H],QM7,0.9412,0,0
[H]OC([H])([H])C([H])([H])C([H])([H])[C@]([H])(O[H])C([H])([H])[H],QM7,0.9375,0,0
[H]O[C@@](C([H])=O)(C([H])=C([H])[H])C([H])([H])[H],QM7,0.6957,0,0
[H]OC([H])([H])/C([H])=C(\[H])[C@]([H])(O[H])C([H])([H])[H],QM7,0.6316,0,0
[H]C([H])([H])C#CC([H])([H])C([H])(C([H])([H])[H])C([H])([H])[H],QM7,0.5789,0,0
[H]O[C@@]([H])(/C([H])=C(\[H])C([H])=O)C([H])([H])[H],QM7,1.0000,1,0
[H]OC([H])([H])C(=C([H])[H])[C@]([H])(O[H])C([H])([H])[H],QM7,0.6111,0,0
[H]O[C@@]([H])(C(C([H])=O)=C([H])[H])C([H])([H])[H],QM7,0.5714,0,0
[H]OC([H])([H])[C@]([H])(C([H])([H])[H])[C@]([H])(O[H])C([H])([H])[H],QM7,0.9286,0,0
[H]OC(C([H])([H])[H])(C([H])([H])[H])[C@]([H])(O[H])C([H])([H])[H],QM7,1.0000,1,0
[H]O[C@]([H])(C([H])([H])[H])[C@]([H])(C([H])=O)C([H])([H])[H],QM7,0.9333,0,0
[H]OC([H])([H])C#C[C@]([H])(O[H])C([H])([H])[H],QM7,0.7143,0,0
[H]O[C@@]([H])(C#CC([H])=O)C([H])([H])[H],QM7,0.5000,0,0
[H]O[C@]([H])(C([H])([H])[H])C([H])([H])[C@]([H])(O[H])C([H])([H])[H],QM7,1.0000,2,0
[H]O[C@]([H])(C([H])([H])[H])C([H])([H])C(=O)C([H])([H])[H],QM7,1.0000,1,0
[H]C([H])=C(C([H])([H])[H])C([H])([H])C#CC([H])([H])[H],QM7,0.5714,0,0
[H]O[C@]([H])(C([H])([H])[H])C([H])([H])C([H])([H])C([H])=O,QM7,0.7619,0,0
[H]C(=O)[C@]([H])(OC([H])=C([H])[H])C([H])([H])[H],QM7,0.5217,0,0
[H]OC([H])([H])/C([H])=C(\[H])OC([H])([H])C([H])([H])[H],QM7,1.0000,1,0
[H]C(=O)/C([H])=C(\[H])OC([H])([H])C([H])([H])[H],QM7,0.6538,0,0
[H]OC([H])([H])C(OC([H])([H])C([H])([H])[H])=C([H])[H],QM7,0.6190,0,0
[H]C(=O)C(OC([H])([H])C([H])([H])[H])=C([H])[H],QM7,0.5417,0,0
[H]OC([H])([H])[C@@]([H])(OC([H])([H])C([H])([H])[H])C([H])([H])[H],QM7,1.0000,1,0
[H]C(=O)[C@@]([H])(OC([H])([H])C([H])([H])[H])C([H])([H])[H],QM7,0.8000,0,0
[H]O[C@]([H])(C([H])([H])[H])C([H])([H])OC([H])([H])C([H])([H])[H],QM7,0.8889,0,0
[H]C([H])([H])C(=O)C([H])([H])OC([H])([H])C([H])([H])[H],QM7,0.8889,0,0
[H]C([H])([H])C#CC([H])([H])C#CC([H])([H])[H],QM7,1.0000,1,0
[H]C(=O)C([H])([H])C([H])([H])OC([H])([H])C([H])([H])[H],QM7,0.7500,0,0
[H]C([H])([H])OC([H])([H])C([H])([H])OC([H])([H])C([H])([H])[H],QM7,0.9333,0,0
[H]/C(OC([H])([H])[H])=C(/[H])OC([H])([H])C([H])([H])[H],QM7,0.7333,0,0
[H]C([H])([H])O[C@@]([H])(OC([H])([H])C([H])([H])[H])C([H])([H])[H],QM7,1.0000,1,0
[H]C([H])(OC([H])([H])C([H])([H])[H])OC([H])([H])C([H])([H])[H],QM7,0.9091,0,0
[H]C#CC(OC([H])=O)=C([H])[H],QM7,0.3846,0,0
[H]C([H])=C([H])OC(=O)C([H])=C([H])[H],QM7,0.8333,0,0
[H]C#CC(=O)OC([H])=C([H])[H],QM7,0.5200,0,0
[H]C([H])=C([H])OC([H])([H])OC([H])=C([H])[H],QM7,1.0000,1,0
[H]C([H])=C([H])C(=O)C(=O)C([H])([H])[H],QM7,0.5600,0,0
[H]C([H])=C([H])C([H])([H])C([H])([H])C#CC([H])([H])[H],QM7,0.6818,0,0
[H]C#CC(=O)C(=O)C([H])([H])[H],QM7,0.5238,0,0
[H]O[C@]([H])(C(=O)C([H])([H])[H])C([H])=C([H])[H],QM7,0.6316,0,0
[H]C#C[C@]([H])(O[H])C(=O)C([H])([H])[H],QM7,0.5238,0,0
[H]C([H])=C([H])OC([H])([H])C(=O)C([H])([H])[H],QM7,0.6364,0,0
[H]C#C[C@](O[H])(C([H])=O)C([H])([H])[H],QM7,0.4800,0,0
[H]OC([H])([H])[C@@](O[H])(C([H])=C([H])[H])C([H])([H])[H],QM7,0.6667,0,0
[H]C#C[C@@](O[H])(C([H])([H])[H])C([H])([H])O[H],QM7,0.5789,0,0
[H]O[C@@]([H])(C(=O)C([H])=C([H])[H])C([H])([H])[H],QM7,0.6316,0,0
[H]C#CC(=O)[C@]([H])(O[H])C([H])([H])[H],QM7,0.6316,0,0
[H]O[C@@]([H])(C([H])=C([H])[H])[C@]([H])(O[H])C([H])([H])[H],QM7,0.6471,0,0
[H]C#CC([H])([H])C([H])([H])C#CC([H])([H])[H],QM7,0.6500,0,0
[H]C#C[C@]([H])(O[H])[C@]([H])(O[H])C([H])([H])[H],QM7,0.5294,0,0
[H]O[C@]([H])(C([H])([H])[H])C([H])([H])OC([H])=C([H])[H],QM7,1.0000,1,0
[H]C(=O)O[C@@]([H])(C([H])=C([H])[H])C([H])([H])[H],QM7,0.4800,0,0
[H]C#C[C@]([H])(OC([H])=O)C([H])([H])[H],QM7,0.5652,0,0
[H]C([H])([H])C([H])([H])OC(=O)C([H])([H])C([H])([H])[H],QM7,1.0000,1,0
[H]C([H])=C([H])C(=O)OC([H])([H])C([H])([H])[H],QM7,1.0000,2,0
[H]C#CC(=O)OC([H])([H])C([H])([H])[H],QM7,0.9474,0,0
[H]C([H])=C([H])OC([H])([H])OC([H])([H])C([H])([H])[H],QM7,1.0000,1,0
[H]C([H])=C([H])C([H])([H])OC(=O)C([H])([H])[H],QM7,0.9474,0,0
[H]/C(=C(/C([H])([H])[H])C([H])([H])C([H])([H])[H])C([H])([H])C([H])([H])[H],QM7,1.0000,1,0
[H]C#CC([H])([H])OC(=O)C([H])([H])[H],QM7,0.6190,0,0
[H]C([H])=C([H])/C(=C(\[H])C([H])([H])C([H])([H])[H])C([H])([H])[H],QM7,0.5714,0,0
[H]C#C/C(=C(\[H])C([H])([H])C([H])([H])[H])C([H])([H])[H],QM7,0.6364,0,0
[H]C(/C([H])=C(\[H])C([H])([H])C([H])([H])[H])=C(/[H])C([H])([H])[H],QM7,1.0000,1,0
[H]/C(=C(/[H])C([H])(C([H])([H])[H])C([H])([H])[H])C([H])([H])C([H])([H])[H],QM7,0.9333,0,0
[H]C([H])=C(/C([H])=C(\[H])C([H])([H])C([H])([H])[H])C([H])([H])[H],QM7,0.9412,0,0
[H]C([H])=C([H])/C(=C(\[H])OC([H])([H])[H])C([H])([H])[H],QM7,0.5714,0,0
[H]C#C/C(=C(\[H])OC([H])([H])[H])C([H])([H])[H],QM7,0.5417,0,0
[H]/C(OC([H])([H])[H])=C([H])\C([H])=C(/[H])C([H])([H])[H],QM7,0.5556,0,0
[H]/C(OC([H])([H])[H])=C(/[H])C([H])(C([H])([H])[H])C([H])([H])[H],QM7,0.5263,0,0
[H]/C(C#CC([H])([H])[H])=C(/[H])C([H])([H])C([H])([H])[H],QM7,0.7143,0,0
[H]C([H])=C(/C([H])=C(\[H])OC([H])([H])[H])C([H])([H])[H],QM7,0.9412,0,0
[H]/C(C#CC([H])([H])[H])=C(/[H])OC([H])([H])[H],QM7,1.0000,1,0
[H]C([H])=C([H])C([H])([H])/C([H])=C(\[H])OC([H])([H])[H],QM7,0.5455,0,0
[H]C#CC([H])([H])/C([H])=C(\[H])OC([H])([H])[H],QM7,1.0000,1,0
[H]C([H])=C(OC([H])([H])[H])/C([H])=C(\[H])C([H])([H])[H],QM7,1.0000,1,0
[H]C([H])=C(OC([H])([H])[H])C([H])(C([H])([H])[H])C([H])([H])[H],QM7,0.6500,0,0
[H]C([H])=C(OC([H])([H])[H])C(=C([H])[H])C([H])([H])[H],QM7,0.5000,0,0
[H]C([H])=C(C#CC([H])([H])[H])OC([H])([H])[H],QM7,0.5217,0,0
[H]C([H])=C([H])C([H])([H])C(OC([H])([H])[H])=C([H])[H],QM7,0.5455,0,0
[H]C#CC([H])([H])C(OC([H])([H])[H])=C([H])[H],QM7,0.5000,0,0
[H]C([H])=C([H])C([H])([H])/C([H])=C(\[H])C([H])([H])C([H])([H])[H],QM7,0.9375,0,0
[H]C([H])=C([H])/C(OC([H])([H])[H])=C(/[H])C([H])([H])[H],QM7,0.6111,0,0
[H]C#C/C(OC([H])([H])[H])=C(\[H])C([H])([H])[H],QM7,0.4400,0,0
[H]C([H])=C([H])C([H])(OC([H])([H])[H])C([H])=C([H])[H],QM7,0.6000,0,0
[H]C#C[C@@]([H])(OC([H])([H])[H])C([H])=C([H])[H],QM7,0.4138,0,0
[H]C([H])([H])OC(=C(C([H])([H])[H])C([H])([H])[H])C([H])([H])[H],QM7,0.6667,0,0
[H]C([H])=C([H])/C([H])=C(/OC([H])([H])[H])C([H])([H])[H],QM7,0.5833,0,0
[H]C#C/C([H])=C(/OC([H])([H])[H])C([H])([H])[H],QM7,0.4815,0,0
[H]C([H])=C([H])C(OC([H])([H])[H])(C([H])([H])[H])C([H])([H])[H],QM7,0.5263,0,0
[H]C#CC(OC([H])([H])[H])(C([H])([H])[H])C([H])([H])[H],QM7,0.9333,0,0
[H]/C(=C(/[H])[C@@]([H])(OC([H])([H])[H])C([H])([H])[H])C([H])([H])[H],QM7,1.0000,1,0
[H]C#CC([H])([H])/C([H])=C(\[H])C([H])([H])C([H])([H])[H],QM7,0.7000,0,0
[H]C([H])([H])O[C@@]([H])(C([H])([H])[H])C([H])(C([H])([H])[H])C([H])([H])[H],QM7,0.9167,0,0
[H]C([H])=C(C([H])([H])[H])[C@@]([H])(OC([H])([H])[H])C([H])([H])[H],QM7,0.6000,0,0
[H]C([H])([H])C#C[C@@]([H])(OC([H])([H])[H])C([H])([H])[H],QM7,0.5500,0,0
[H]C([H])=C([H])C([H])([H])[C@@]([H])(OC([H])([H])[H])C([H])([H])[H],QM7,0.6500,0,0
[H]C#CC([H])([H])[C@@]([H])(OC([H])([H])[H])C([H])([H])[H],QM7,0.5769,0,0
[H]C#CC([H])(C#C[H])OC([H])([H])[H],QM7,0.4211,0,0
[H]C(=C(C([H])([H])[H])C([H])([H])[H])C([H])([H])OC([H])([H])[H],QM7,0.9375,0,0
[H]C([H])=C([H])/C([H])=C(\[H])C([H])([H])OC([H])([H])[H],QM7,0.7619,0,0
[H]C#C/C([H])=C(\[H])C([H])([H])OC([H])([H])[H],QM7,0.4828,0,0
[H]C([H])=C([H])C(=C([H])[H])C([H])([H])OC([H])([H])[H],QM7,1.0000,1,0
[H]C([H])=C(/C([H])=C(\[H])C([H])([H])[H])C([H])([H])C([H])([H])[H],QM7,0.8889,0,0
[H]C#CC(=C([H])[H])C([H])([H])OC([H])([H])[H],QM7,0.5652,0,0
[H]/C(=C(/C([H])([H])[H])C([H])([H])OC([H])([H])[H])C([H])([H])[H],QM7,0.6111,0,0
[H]C([H])([H])OC([H])([H])C(C([H])([H])[H])(C([H])([H])[H])C([H])([H])[H],QM7,0.8000,0,0
[H]C([H])=C([H])[C@]([H])(C([H])([H])[H])C([H])([H])OC([H])([H])[H],QM7,0.8095,0,0
[H]C#C[C@]([H])(C([H])([H])[H])C([H])([H])OC([H])([H])[H],QM7,0.5833,0,0
[H]C([H])=C([H])C#CC([H])([H])OC([H])([H])[H],QM7,0.5652,0,0
[H]C#CC#CC([H])([H])OC([H])([H])[H],QM7,0.6667,0,0
[H]/C(=C(/[H])C([H])([H])C([H])([H])OC([H])([H])[H])C([H])([H])[H],QM7,0.6364,0,0
[H]C([H])([H])OC([H])([H])C([H])([H])C([H])(C([H])([H])[H])C([H])([H])[H],QM7,0.8750,0,0
[H]C([H])=C(C([H])([H])[H])C([H])([H])C([H])([H])OC([H])([H])[H],QM7,0.7143,0,0
[H]C([H])=C(C([H])([H])C([H])([H])[H])C([H])(C([H])([H])[H])C([H])([H])[H],QM7,0.5882,0,0
[H]C([H])([H])C#CC([H])([H])C([H])([H])OC([H])([H])[H],QM7,0.5714,0,0
[H]C([H])=C([H])C([H])([H])C([H])([H])C([H])([H])OC([H])([H])[H],QM7,1.0000,1,0
[H]C#CC([H])([H])C([H])([H])C([H])([H])OC([H])([H])[H],QM7,0.8000,0,0
[H]OC([H])([H])C([H])([H])C([H])([H])C([H])([H])OC([H])([H])[H],QM7,0.9375,0,0
[H]OC([H])([H])C([H])([H])/C([H])=C(\[H])OC([H])([H])[H],QM7,0.7143,0,0
[H]OC([H])([H])/C(=C(\[H])OC([H])([H])[H])C([H])([H])[H],QM7,0.6316,0,0
[H]C(=O)/C(=C(\[H])OC([H])([H])[H])C([H])([H])[H],QM7,1.0000,1,0
[H]O[C@@]([H])(/C([H])=C(\[H])OC([H])([H])[H])C([H])([H])[H],QM7,0.5909,0,0
[H]/C(OC([H])([H])[H])=C(/[H])C(=O)C([H])([H])[H],QM7,0.6000,0,0
[H]C(=O)C([H])([H])/C([H])=C(\[H])OC([H])([H])[H],QM7,0.5217,0,0
[H]C([H])=C(C(=C([H])[H])C([H])([H])C([H])([H])[H])C([H])([H])[H],QM7,0.9286,0,0
[H]OC([H])([H])C([H])([H])C(OC([H])([H])[H])=C([H])[H],QM7,0.7059,0,0
[H]O[C@@]([H])(C(OC([H])([H])[H])=C([H])[H])C([H])([H])[H],QM7,0.5500,0,0
[H]C([H])=C(OC([H])([H])[H])C(=O)C([H])([H])[H],QM7,0.6842,0,0
[H]C(=O)C([H])([H])C(OC([H])([H])[H])=C([H])[H],QM7,0.5833,0,0
[H]C(=O)/C(OC([H])([H])[H])=C(/[H])C([H])([H])[H],QM7,0.5000,0,0
[H]C(=O)[C@@]([H])(OC([H])([H])[H])C([H])=C([H])[H],QM7,0.5217,0,0
[H]OC([H])([H])C([H])([H])[C@@]([H])(OC([H])([H])[H])C([H])([H])[H],QM7,0.8000,0,0
[H]OC([H])([H])/C([H])=C(/OC([H])([H])[H])C([H])([H])[H],QM7,0.5714,0,0
[H]C(=O)/C([H])=C(/OC([H])([H])[H])C([H])([H])[H],QM7,0.5500,0,0
[H]OC([H])([H])C(OC([H])([H])[H])(C([H])([H])[H])C([H])([H])[H],QM7,0.6364,0,0
[H]C([H])=C(C#CC([H])([H])[H])C([H])([H])C([H])([H])[H],QM7,0.4737,0,0
[H]C(=O)C(OC([H])([H])[H])(C([H])([H])[H])C([H])([H])[H],QM7,0.5238,0,0
[H]O[C@]([H])(C([H])([H])[H])[C@@]([H])(OC([H])([H])[H])C([H])([H])[H],QM7,1.0000,2,0
[H]C([H])([H])O[C@]([H])(C(=O)C([H])([H])[H])C([H])([H])[H],QM7,0.9375,0,0
[H]C(=O)C([H])([H])[C@@]([H])(OC([H])([H])[H])C([H])([H])[H],QM7,1.0000,1,0
[H]OC([H])([H])/C([H])=C(\[H])C([H])([H])OC([H])([H])[H],QM7,0.6190,0,0
[H]C(=O)/C([H])=C(\[H])C([H])([H])OC([H])([H])[H],QM7,1.0000,1,0
[H]OC([H])([H])C(=C([H])[H])C([H])([H])OC([H])([H])[H],QM7,0.5455,0,0
[H]C(=O)C(=C([H])[H])C([H])([H])OC([H])([H])[H],QM7,0.5909,0,0
[H]OC([H])([H])[C@]([H])(C([H])([H])[H])C([H])([H])OC([H])([H])[H],QM7,0.6957,0,0
[H]OC(C([H])([H])[H])(C([H])([H])[H])C([H])([H])OC([H])([H])[H],QM7,0.9333,0,0
[H]C([H])=C([H])C([H])([H])C(=C([H])[H])C([H])([H])C([H])([H])[H],QM7,1.0000,1,0
[H]C(=O)[C@]([H])(C([H])([H])[H])C([H])([H])OC([H])([H])[H],QM7,1.0000,1,0
[H]OC([H])([H])C#CC([H])([H])OC([H])([H])[H],QM7,0.5294,0,0
[H]C(=O)C#CC([H])([H])OC([H])([H])[H],QM7,1.0000,1,0
[H]O[C@]([H])(C([H])([H])[H])C([H])([H])C([H])([H])OC([H])([H])[H],QM7,0.9412,0,0
[H]C([H])([H])OC([H])([H])C([H])([H])C(=O)C([H])([H])[H],QM7,0.8421,0,0
[H]C(=O)C([H])([H])C([H])([H])C([H])([H])OC([H])([H])[H],QM7,0.8000,0,0
[H]C([H])([H])OC([H])([H])C([H])([H])C([H])([H])OC([H])([H])[H],QM7,0.9091,0,0
[H]/C(OC([H])([H])[H])=C(\OC([H])([H])[H])C([H])([H])[H],QM7,0.6471,0,0
[H]C([H])([H])OC(OC([H])([H])[H])(C([H])([H])[H])C([H])([H])[H],QM7,0.8182,0,0
[H]/C(OC([H])([H])[H])=C(/[H])C([H])([H])OC([H])([H])[H],QM7,0.6842,0,0
[H]C#CC([H])([H])C(=C([H])[H])C([H])([H])C([H])([H])[H],QM7,0.5417,0,0
[H]C([H])=C(OC([H])([H])[H])C([H])([H])OC([H])([H])[H],QM7,0.9375,0,0
[H]C([H])([H])OC([H])([H])[C@]([H])(OC([H])([H])[H])C([H])([H])[H],QM7,0.9333,0,0
[H]C([H])=C([H])O/C([H])=C(\[H])OC([H])([H])[H],QM7,1.0000,1,0
[H]C#C[C@@]([H])(OC([H])([H])[H])C([H])=O,QM7,0.4815,0,0
[H]C([H])=C([H])O[C@@]([H])(OC([H])([H])[H])C([H])([H])[H],QM7,0.7500,0,0
[H]OC([H])([H])/C(OC([H])([H])[H])=C(/[H])C([H])([H])[H],QM7,0.5714,0,0
[H]OC([H])([H])[C@]([H])(OC([H])([H])[H])C([H])=C([H])[H],QM7,1.0000,1,0
[H]C#C[C@@]([H])(OC([H])([H])[H])C([H])([H])O[H],QM7,0.5385,0,0
[H]C([H])=C([H])C(=O)C([H])([H])OC([H])([H])[H],QM7,0.6667,0,0
[H]C#CC(=O)C([H])([H])OC([H])([H])[H],QM7,0.6400,0,0
[H]C([H])=C([H])/C(=C(/[H])C([H])([H])[H])C([H])([H])C([H])([H])[H],QM7,0.6818,0,0
[H]O[C@@]([H])(C([H])=C([H])[H])C([H])([H])OC([H])([H])[H],QM7,0.5769,0,0
[H]C#C[C@]([H])(O[H])C([H])([H])OC([H])([H])[H],QM7,0.5833,0,0
[H]C([H])=C([H])OC([H])([H])C([H])([H])OC([H])([H])[H],QM7,0.8333,0,0
[H]/C(C(=O)OC([H])([H])[H])=C(/[H])C([H])([H])[H],QM7,0.8421,0,0
[H]C([H])([H])OC(=O)C([H])(C([H])([H])[H])C([H])([H])[H],QM7,0.8750,0,0
[H]C([H])=C(C(=O)OC([H])([H])[H])C([H])([H])[H],QM7,0.9375,0,0
[H]C([H])([H])C#CC(=O)OC([H])([H])[H],QM7,0.6154,0,0
[H]C([H])=C([H])C([H])([H])C(=O)OC([H])([H])[H],QM7,0.9000,0,0
[H]C#C/C(=C(\[H])C([H])([H])[H])C([H])([H])C([H])([H])[H],QM7,0.6087,0,0
[H]C#CC([H])([H])C(=O)OC([H])([H])[H],QM7,0.6800,0,0
[H]C([H])=C([H])C([H])(OC([H])([H])[H])OC([H])([H])[H],QM7,0.5714,0,0
[H]C#CC([H])(OC([H])([H])[H])OC([H])([H])[H],QM7,0.5714,0,0
[H]/C(OC([H])([H])OC([H])([H])[H])=C(/[H])C([H])([H])[H],QM7,1.0000,1,0
[H]C([H])([H])OC([H])([H])OC([H])(C([H])([H])[H])C([H])([H])[H],QM7,0.6667,0,0
[H]C([H])=C(OC([H])([H])OC([H])([H])[H])C([H])([H])[H],QM7,0.5455,0,0
[H]C([H])=C([H])C([H])([H])OC([H])([H])OC([H])([H])[H],QM7,0.6667,0,0
[H]C#CC([H])([H])OC([H])([H])OC([H])([H])[H],QM7,0.5652,0,0
[H]C([H])=C([H])C([H])(C([H])=C([H])[H])C([H])([H])C([H])([H])[H],QM7,0.6316,0,0
[H]C#C[C@]([H])(C([H])=C([H])[H])C([H])([H])C([H])([H])[H],QM7,0.5385,0,0
[H]C([H])([H])C(=C(C([H])([H])[H])C([H])([H])C([H])([H])[H])C([H])([H])[H],QM7,0.8462,0,0
[H]C([H])=C([H])/C([H])=C(\C([H])([H])[H])C([H])([H])C([H])([H])[H],QM7,0.9412,0,0
[H]C#C/C([H])=C(\C([H])([H])[H])C([H])([H])C([H])([H])[H],QM7,0.5385,0,0
[H]C([H])=C([H])C(C([H])([H])[H])(C([H])([H])[H])C([H])([H])C([H])([H])[H],QM7,0.7000,0,0
[H]C#CC(C([H])([H])[H])(C([H])([H])[H])C([H])([H])C([H])([H])[H],QM7,0.6000,0,0
[H]/C(=C(/[H])[C@]([H])(C([H])([H])[H])C([H])([H])C([H])([H])[H])C([H])([H])[H],QM7,1.0000,1,0
[H]C([H])=C(C([H])([H])[H])[C@]([H])(C([H])([H])[H])C([H])([H])C([H])([H])[H],QM7,0.7895,0,0
[H]C([H])([H])C#C[C@]([H])(C([H])([H])[H])C([H])([H])C([H])([H])[H],QM7,1.0000,1,0
[H]C([H])=C([H])C([H])([H])[C@]([H])(C([H])([H])[H])C([H])([H])C([H])([H])[H],QM7,0.9412,0,0
[H]C#CC([H])([H])[C@]([H])(C([H])([H])[H])C([H])([H])C([H])([H])[H],QM7,0.5652,0,0
[H]C#CC([H])(C#C[H])C([H])([H])C([H])([H])[H],QM7,0.5714,0,0
[H]C(=C(C([H])([H])C([H])([H])[H])C([H])([H])C([H])([H])[H])C([H])([H])[H],QM7,0.6875,0,0
[H]C([H])=C([H])C([H])(C([H])([H])C([H])([H])[H])C([H])([H])C([H])([H])[H],QM7,0.8667,0,0
[H]C#CC([H])(C([H])([H])C([H])([H])[H])C([H])([H])C([H])([H])[H],QM7,0.6667,0,0
[H]/C(C#CC([H])([H])C([H])([H])[H])=C(/[H])C([H])([H])[H],QM7,0.6364,0,0
[H]C([H])([H])C([H])([H])C#CC([H])(C([H])([H])[H])C([H])([H])[H],QM7,0.5789,0,0
[H]C([H])=C(C#CC([H])([H])C([H])([H])[H])C([H])([H])[H],QM7,0.8000,0,0
[H]C([H])([H])C#CC#CC([H])([H])C([H])([H])[H],QM7,0.5625,0,0
[H]C#CC(=O)C([H])([H])C#C[H],QM7,0.4737,0,0
[H]C([H])=C([H])C([H])([H])C#CC([H])([H])C([H])([H])[H],QM7,1.0000,1,0
[H]C#CC([H])([H])/C([H])=C(\[H])C([H])=O,QM7,0.5455,0,0
[H]C#CC([H])(C#C[H])C([H])=O,QM7,0.4737,0,0
[H]C#CC([H])([H])C#CC([H])=O,QM7,1.0000,1,0
[H]C#C/C([H])=C(\[H])C([H])([H])C([H])=O,QM7,1.0000,1,0
[H]C#CC#CC([H])([H])C([H])=O,QM7,0.4545,0,0
[H]C#CC([H])([H])C([H])([H])C([H])([H])C([H])=O,QM7,0.8095,0,0
[H]O[C@]([H])(C([H])=C([H])[H])C([H])([H])C([H])=C([H])[H],QM7,0.8824,0,0
[H]C#C[C@@]([H])(O[H])C([H])([H])C([H])=C([H])[H],QM7,0.5833,0,0
[H]C#CC([H])([H])[C@]([H])(O[H])C([H])=C([H])[H],QM7,0.6087,0,0
[H]C#CC([H])([H])[C@@]([H])(C#C[H])O[H],QM7,0.5217,0,0
[H]C#CC([H])([H])C#CC([H])([H])C([H])([H])[H],QM7,1.0000,1,0
[H]OC([H])([H])/C([H])=C(\[H])C([H])([H])C([H])=C([H])[H],QM7,1.0000,1,0
[H]C#CC([H])([H])/C([H])=C(\[H])C([H])([H])O[H],QM7,0.5238,0,0
[H]OC([H])([H])C(=C([H])[H])C([H])([H])C([H])=C([H])[H],QM7,0.5500,0,0
[H]C#CC([H])([H])C(=C([H])[H])C([H])([H])O[H],QM7,0.4500,0,0
[H]OC([H])([H])C([H])(C([H])=C([H])[H])C([H])=C([H])[H],QM7,0.6000,0,0
[H]C#C[C@]([H])(C([H])=C([H])[H])C([H])([H])O[H],QM7,0.5385,0,0
[H]C#CC([H])(C#C[H])C([H])([H])O[H],QM7,0.4737,0,0
[H]OC([H])([H])C#CC([H])([H])C([H])=C([H])[H],QM7,0.5263,0,0
[H]C#CC([H])([H])C#CC([H])([H])O[H],QM7,0.5333,0,0
[H]OC([H])([H])C([H])([H])/C([H])=C(\[H])C([H])=C([H])[H],QM7,0.6364,0,0
[H]/C(=C(/[H])C([H])([H])C([H])([H])C([H])([H])[H])C([H])([H])C([H])([H])[H],QM7,0.9286,0,0
[H]C#C/C([H])=C(\[H])C([H])([H])C([H])([H])O[H],QM7,1.0000,1,0
[H]OC([H])([H])C([H])([H])C(=C([H])[H])C([H])=C([H])[H],QM7,0.5789,0,0
[H]C#CC(=C([H])[H])C([H])([H])C([H])([H])O[H],QM7,1.0000,1,0
[H]OC([H])([H])C([H])([H])C#CC([H])=C([H])[H],QM7,0.6000,0,0
[H]C#CC#CC([H])([H])C([H])([H])O[H],QM7,0.7895,0,0
[H]OC([H])([H])C([H])([H])C([H])([H])C([H])([H])C([H])=C([H])[H],QM7,0.9375,0,0
[H]C#CC([H])([H])C([H])([H])C([H])([H])C([H])([H])O[H],QM7,0.9375,0,0
[H]OC([H])([H])C([H])([H])C([H])([H])C([H])([H])C([H])([H])O[H],QM7,1.0000,9,0
[H]C(=O)/C([H])=C(\[H])C([H])([H])C([H])=O,QM7,0.5789,0,0
[H]C(=O)C#CC([H])([H])C([H])=O,QM7,0.5000,0,0
[H]C(=C(C([H])([H])[H])C([H])([H])[H])C([H])([H])C([H])([H])C([H])([H])[H],QM7,0.9333,0,0
[H]C(=O)C([H])([H])C([H])([H])C([H])([H])C([H])=O,QM7,1.0000,1,0
[H]O[C@]([H])(C([H])=O)C([H])([H])C([H])=C([H])[H],QM7,0.5455,0,0
[H]C#CC([H])([H])[C@]([H])(O[H])C([H])=O,QM7,1.0000,1,0
[H]OC([H])([H])/C([H])=C(\[H])C([H])([H])C([H])=O,QM7,0.5000,0,0
[H]OC([H])([H])C(=C([H])[H])C([H])([H])C([H])=O,QM7,0.7059,0,0
[H]OC([H])([H])[C@]([H])(C([H])=O)C([H])=C([H])[H],QM7,0.5000,0,0
[H]OC([H])([H])C#CC([H])([H])C([H])=O,QM7,0.6190,0,0
[H]OC([H])([H])/C([H])=C(\[H])C([H])([H])C([H])([H])O[H],QM7,1.0000,1,0
[H]OC([H])([H])C([H])([H])/C([H])=C(\[H])C([H])=O,QM7,0.7000,0,0
[H]OC([H])([H])C(=C([H])[H])C([H])([H])C([H])([H])O[H],QM7,0.5556,0,0
[H]C([H])=C([H])/C([H])=C(\[H])C([H])([H])C([H])([H])C([H])([H])[H],QM7,1.0000,1,0
[H]OC([H])([H])C([H])([H])C(C([H])=O)=C([H])[H],QM7,0.6364,0,0
[H]OC([H])([H])C#CC([H])([H])C([H])([H])O[H],QM7,0.7143,0,0
[H]OC([H])([H])C([H])([H])C#CC([H])=O,QM7,1.0000,1,0
[H]OC([H])([H])C([H])([H])C([H])([H])C([H])([H])C([H])=O,QM7,0.9375,0,0
[H]C#CC([H])(C([H])=O)C([H])=O,QM7,0.4800,0,0
[H]C#CC(=O)C([H])([H])C([H])=O,QM7,0.4815,0,0
[H]O[C@]([H])(C([H])=C([H])[H])C([H])([H])C([H])=O,QM7,0.5455,0,0
[H]C#C[C@@]([H])(O[H])C([H])([H])C([H])=O,QM7,0.5200,0,0
[H]OC([H])([H])/C([H])=C(\[H])OC([H])=C([H])[H],QM7,0.5455,0,0
[H]OC([H])([H])C(OC([H])=C([H])[H])=C([H])[H],QM7,0.6190,0,0
[H]C#C/C([H])=C(\[H])C([H])([H])C([H])([H])C([H])([H])[H],QM7,0.6818,0,0
[H]C#C[C@]([H])(C([H])=O)C([H])([H])O[H],QM7,0.5000,0,0
[H]OC([H])([H])C([H])(C([H])=C([H])[H])C([H])([H])O[H],QM7,0.5714,0,0
[H]C#CC([H])(C([H])([H])O[H])C([H])([H])O[H],QM7,0.6667,0,0
[H]OC([H])([H])C([H])([H])C(=O)C([H])=C([H])[H],QM7,0.6364,0,0
[H]C#CC(=O)C([H])([H])C([H])([H])O[H],QM7,0.7000,0,0
[H]OC([H])([H])C([H])([H])[C@@]([H])(O[H])C([H])=C([H])[H],QM7,0.6364,0,0
[H]C#C[C@]([H])(O[H])C([H])([H])C([H])([H])O[H],QM7,0.6364,0,0
[H]OC([H])([H])C([H])([H])C([H])([H])OC([H])=C([H])[H],QM7,0.8421,0,0
[H]C([H])=C(C([H])([H])C([H])([H])[H])C([H])([H])C([H])([H])C([H])([H])[H],QM7,0.9333,0,0
[H]C#CC([H])([H])C(=O)C([H])=O,QM7,1.0000,1,0
[H]C#CC([H])([H])OC([H])([H])C([H])=O,QM7,1.0000,1,0
[H]OC([H])([H])C(=O)C([H])([H])C([H])=C([H])[H],QM7,0.6364,0,0
[H]C#CC([H])([H])C(=O)C([H])([H])O[H],QM7,0.5500,0,0
[H]OC([H])([H])[C@@]([H])(O[H])C([H])([H])C([H])=C([H])[H],QM7,0.7500,0,0
[H]C#CC([H])([H])[C@]([H])(O[H])C([H])([H])O[H],QM7,0.5714,0,0
[H]C([H])=C([H])C(=C([H])[H])C([H])([H])C([H])([H])C([H])([H])[H],QM7,0.8889,0,0
[H]OC([H])([H])C([H])([H])OC([H])([H])C([H])=C([H])[H],QM7,0.8947,0,0
[H]C#CC([H])([H])OC([H])([H])C([H])([H])O[H],QM7,0.9444,0,0
[H]C#C/C([H])=C(\[H])OC([H])=O,QM7,0.4348,0,0
[H]C#CC([H])([H])C([H])([H])OC([H])=O,QM7,0.6667,0,0
[H]OC(=O)/C([H])=C(\[H])C([H])=C([H])[H],QM7,1.0000,1,0
[H]C#C/C([H])=C(\[H])C(=O)O[H],QM7,1.0000,1,0
[H]C#CC(=C([H])[H])C([H])([H])C([H])([H])C([H])([H])[H],QM7,0.6522,0,0
[H]OC(=O)C(=C([H])[H])C([H])=C([H])[H],QM7,0.9333,0,0
[H]C#CC(C(=O)O[H])=C([H])[H],QM7,0.4545,0,0
[H]OC(=O)C#CC([H])=C([H])[H],QM7,0.5000,0,0
[H]C#CC#CC(=O)O[H],QM7,0.7778,0,0
[H]OC(=O)C([H])([H])C([H])([H])C([H])=C([H])[H],QM7,0.9412,0,0
[H]C#CC([H])([H])C([H])([H])C(=O)O[H],QM7,0.7273,0,0
[H]/C(=C(/C([H])([H])[H])C([H])([H])C([H])([H])C([H])([H])[H])C([H])([H])[H],QM7,1.0000,1,0
[H]C([H])=C([H])[C@]([H])(C([H])([H])[H])C([H])([H])C([H])([H])C([H])([H])[H],QM7,0.9412,0,0
[H]C#C[C@]([H])(C([H])([H])[H])C([H])([H])C([H])([H])C([H])([H])[H],QM7,0.6667,0,0
[H]C([H])([H])C([H])([H])C#CC([H])([H])C([H])([H])C([H])([H])[H],QM7,0.7222,0,0
[H]C([H])=C([H])C#CC([H])([H])C([H])([H])C([H])([H])[H],QM7,0.5714,0,0
[H]C#CC#CC([H])([H])C([H])([H])C([H])([H])[H],QM7,0.7895,0,0
[H]/C(=C(/[H])C([H])([H])C([H])([H])C([H])([H])C([H])([H])[H])C([H])([H])[H],QM7,0.8824,0,0
[H]C([H])=C(C([H])([H])[H])C([H])([H])C([H])([H])C([H])([H])C([H])([H])[H],QM7,0.9375,0,0
[H]C([H])([H])C#CC([H])([H])C([H])([H])C([H])([H])C([H])([H])[H],QM7,0.9375,0,0
[H]C([H])=C([H])C([H])([H])C([H])([H])C([H])([H])C([H])([H])C([H])([H])[H],QM7,0.9375,0,0
[H]C#CC([H])([H])C([H])([H])C([H])([H])C([H])([H])C([H])([H])[H],QM7,0.9375,0,0
[H]O[N]/C([H])=C(/[C]([H])C([H])([H])[H])C([H])([H])[H],QM7,0.4118,0,0
[H]/C(=C(\C(=O)N([H])[H])C([H])([H])[H])C([H])([H])[H],QM7,0.7778,0,0
[H]O/N=C(C(/[H])=C(\[H])C([H])([H])[H])\C([H])([H])[H],QM7,0.5500,0,0
[H]O[N][C]([H])C([H])([H])/C([H])=C(\[H])C([H])([H])[H],QM7,0.5455,0,0
[H]/C(=C(/[H])C([H])([H])C(=O)N([H])[H])C([H])([H])[H],QM7,0.6364,0,0
[H]O/N=C(/C(=C([H])[H])C([H])([H])[H])C([H])([H])[H],QM7,1.0000,1,0
[H]O[N][C]([H])C([H])([H])C(=C([H])[H])C([H])([H])[H],QM7,0.5000,0,0
[H]C([H])=C(C([H])([H])[H])C([H])([H])C(=O)N([H])[H],QM7,1.0000,1,0
[H]O[N][C]([H])[C@]([H])(C([H])=C([H])[H])C([H])([H])[H],QM7,0.4737,0,0
[H]C([H])=C([H])[C@@]([H])(C(=O)N([H])[H])C([H])([H])[H],QM7,0.9444,0,0
[H]O[N]/C([H])=C(\[H])[C](C([H])([H])[H])C([H])([H])[H],QM7,0.3000,0,0
[H]C(C(=O)N([H])[H])=C(C([H])([H])[H])C([H])([H])[H],QM7,0.7000,0,0
[H]O[N][C]([H])C(C([H])([H])[H])(C([H])([H])[H])C([H])([H])[H],QM7,0.3636,0,0
[H]N([H])C(=O)C(C([H])([H])[H])(C([H])([H])[H])C([H])([H])[H],QM7,0.8462,0,0
[H]O/N=C(\C([H])([H])[H])C([H])(C([H])([H])[H])C([H])([H])[H],QM7,1.0000,2,0
[H]O[N][C]([H])C([H])([H])C([H])(C([H])([H])[H])C([H])([H])[H],QM7,0.6000,0,0
[H]N([H])C(=O)C([H])([H])C([H])(C([H])([H])[H])C([H])([H])[H],QM7,0.8824,0,0
[H]C#C[C@@]([H])(C(=O)N([H])[H])C([H])([H])[H],QM7,0.6000,0,0
[H]O/N=C(/C([H])([H])[H])C([H])([H])C([H])=C([H])[H],QM7,0.5652,0,0
[H]C#CC([H])([H])/C(=N\O[H])C([H])([H])[H],QM7,0.5714,0,0
[H]O/N=C(/C#CC([H])([H])[H])C([H])([H])[H],QM7,1.0000,1,0
[H]O[N][C]([H])C([H])([H])C#CC([H])([H])[H],QM7,0.4400,0,0
[H]N([H])C(=O)C([H])([H])C#CC([H])([H])[H],QM7,0.5909,0,0
[H]O[N]/C([H])=C(\[H])[C]([H])C([H])([H])C([H])([H])[H],QM7,0.3043,0,0
[H]/C(C(=O)N([H])[H])=C(/[H])C([H])([H])C([H])([H])[H],QM7,1.0000,4,0
[H]O[N]/C([H])=C(/[C]([H])[H])C([H])([H])C([H])([H])[H],QM7,0.3600,0,0
[H]C([H])=C(C(=O)N([H])[H])C([H])([H])C([H])([H])[H],QM7,0.8421,0,0
[H]O/N=C(\C([H])=C([H])[H])C([H])([H])C([H])([H])[H],QM7,0.6364,0,0
[H]O[N][C]([H])[C@]([H])(C([H])([H])[H])C([H])([H])C([H])([H])[H],QM7,0.5455,0,0
[H]N([H])C(=O)[C@]([H])(C([H])([H])[H])C([H])([H])C([H])([H])[H],QM7,1.0000,1,0
[H]ON=C(C([H])([H])C([H])([H])[H])C([H])([H])C([H])([H])[H],QM7,0.6471,0,0
[H]O[N][C]([H])C#CC([H])([H])C([H])([H])[H],QM7,0.4400,0,0
[H]N([H])C(=O)C#CC([H])([H])C([H])([H])[H],QM7,0.5714,0,0
[H]O/N=C(\C([H])([H])[H])C([H])([H])C([H])([H])C([H])([H])[H],QM7,1.0000,1,0
[H]O[N][C]([H])C([H])([H])C([H])([H])C([H])([H])C([H])([H])[H],QM7,0.5000,0,0
[H]N([H])C(=O)C([H])([H])C([H])([H])C([H])([H])C([H])([H])[H],QM7,0.9375,0,0
[H]C(=O)C(=C([H])[H])C([H])([H])C#N,QM7,0.5385,0,0
[H]C(=O)N([H])C([H])([H])C([H])([H])C([H])=C([H])[H],QM7,0.6316,0,0
[H]OC([H])([H])/C(=C(\[H])C([H])([H])[H])C([H])([H])N([H])[H],QM7,0.5500,0,0
[H]OC([H])([H])[C@@]([H])(/C([H])=C(\[H])C([H])([H])[H])N([H])[H],QM7,1.0000,1,0
[H]C(=O)N([H])C([H])([H])/C([H])=C(\[H])C([H])([H])[H],QM7,1.0000,1,0
[H]OC([H])([H])[C@@]([H])(C(=C([H])[H])C([H])([H])[H])N([H])[H],QM7,0.5714,0,0
[H]C(=O)N([H])C([H])([H])C(=C([H])[H])C([H])([H])[H],QM7,0.5769,0,0
[H]C(=O)N([H])C(C([H])([H])[H])(C([H])([H])[H])C([H])([H])[H],QM7,1.0000,1,0
[H]OC([H])([H])C(C([H])([H])[H])(C([H])([H])[H])C([H])([H])N([H])[H],QM7,0.6190,0,0
[H]OC([H])([H])[C@]([H])(N([H])[H])C([H])(C([H])([H])[H])C([H])([H])[H],QM7,0.9333,0,0
[H]C(=O)N([H])C([H])([H])C([H])(C([H])([H])[H])C([H])([H])[H],QM7,0.6667,0,0
[H]C(=O)[C@@]([H])(C([H])([H])[H])C([H])([H])C#N,QM7,1.0000,1,0
[H]OC([H])([H])[C@@]([H])(C#CC([H])([H])[H])N([H])[H],QM7,0.5652,0,0
[H]C(=O)N([H])C([H])([H])C#CC([H])([H])[H],QM7,0.5909,0,0
[H]C(=O)/C(=C(/[H])N([H])[H])C([H])([H])C([H])([H])[H],QM7,0.6364,0,0
[H]OC([H])([H])[C@@](N([H])[H])(C([H])([H])[H])C([H])([H])C([H])([H])[H],QM7,0.7500,0,0
[H]C(=O)N([H])[C@]([H])(C([H])([H])[H])C([H])([H])C([H])([H])[H],QM7,0.6522,0,0
[H]OC([H])([H])[C@]([H])(C([H])([H])N([H])[H])C([H])([H])C([H])([H])[H],QM7,0.6471,0,0
[H]OC([H])([H])[C@]([H])(N([H])[H])C([H])([H])C([H])([H])C([H])([H])[H],QM7,0.6667,0,0
[H]C(=O)N([H])C([H])([H])C([H])([H])C([H])([H])C([H])([H])[H],QM7,1.0000,1,0
[H]/N=C(C(\[H])=C(/[H])C([H])([H])[H])/N([H])O[H],QM7,0.4000,0,0
[H]/N=C(\C(=C([H])[H])C([H])([H])[H])N([H])O[H],QM7,0.3600,0,0
[H]O/N=C(C(\[H])=C(/[H])N([H])[H])/C([H])([H])[H],QM7,0.5217,0,0
[H]/N=C(/N([H])O[H])C([H])(C([H])([H])[H])C([H])([H])[H],QM7,0.3462,0,0
[H]O/N=C(/C([H])([H])[H])C([H])([H])C#N,QM7,1.0000,1,0
[H]O/N=C(/C([H])([H])[H])C([H])([H])C([H])([H])N([H])[H],QM7,0.7000,0,0
[H]/N=C(\C#CC([H])([H])[H])N([H])O[H],QM7,0.3000,0,0
[H]O/N=C(\C([H])([H])N([H])[H])C([H])([H])C([H])([H])[H],QM7,0.6522,0,0
[H]/N=C(/N([H])O[H])C([H])([H])C([H])([H])C([H])([H])[H],QM7,0.3846,0,0
[H]C([H])([H])O/N=C(\C([H])([H])[H])C([H])([H])C([H])([H])[H],QM7,0.9412,0,0
[H]N([H])C([H])([H])[C@@]([H])(OC([H])([H])[H])C([H])([H])C([H])([H])[H],QM7,0.7143,0,0
[H][C]([N]OC([H])([H])[H])C([H])([H])C([H])([H])C([H])([H])[H],QM7,0.4783,0,0
[H]C(=O)C([H])([H])C(C#N)=C([H])[H],QM7,0.5200,0,0
[H]C(=O)[C@@]([H])(C#N)C([H])=C([H])[H],QM7,0.4286,0,0
[H]C([H])=C([H])C([H])([H])C(=O)C#N,QM7,1.0000,1,0
[H]C(=O)/C(C#N)=C(/[H])C([H])([H])[H],QM7,0.5652,0,0
[H]OC([H])([H])/C(C#N)=C(/[H])C([H])([H])[H],QM7,1.0000,1,0
[H]/C(C(=O)C#N)=C(/[H])C([H])([H])[H],QM7,0.5000,0,0
[H]O[C@]([H])(/C([H])=C(\[H])C([H])([H])[H])C([H])([H])N([H])[H],QM7,0.5714,0,0
[H]O[C@@]([H])(C#N)/C([H])=C(\[H])C([H])([H])[H],QM7,1.0000,2,0
[H]C([H])=C(C(=O)C#N)C([H])([H])[H],QM7,0.5238,0,0
[H]O[C@]([H])(C(=C([H])[H])C([H])([H])[H])C([H])([H])N([H])[H],QM7,0.6190,0,0
[H]O[C@@]([H])(C#N)C(=C([H])[H])C([H])([H])[H],QM7,0.5238,0,0
[H]C(=O)/C([H])=C(/C#N)C([H])([H])[H],QM7,1.0000,1,0
[H]OC([H])([H])/C([H])=C(/C#N)C([H])([H])[H],QM7,0.5909,0,0
[H]C(=O)C(C#N)(C([H])([H])[H])C([H])([H])[H],QM7,0.4583,0,0
[H]OC([H])([H])C(C#N)(C([H])([H])[H])C([H])([H])[H],QM7,0.5238,0,0
[H]C([H])([H])C([H])(C(=O)C#N)C([H])([H])[H],QM7,0.6000,0,0
[H]O[C@@]([H])(C([H])([H])N([H])[H])C([H])(C([H])([H])[H])C([H])([H])[H],QM7,0.6471,0,0
[H]O[C@@]([H])(C#N)C([H])(C([H])([H])[H])C([H])([H])[H],QM7,0.6471,0,0
[H]C(=O)C([H])([H])[C@@]([H])(C#N)C([H])([H])[H],QM7,0.5652,0,0
[H]OC([H])([H])C([H])([H])[C@@]([H])(C#N)C([H])([H])[H],QM7,1.0000,1,0
[H]C([H])([H])C#CC(=O)C#N,QM7,0.5000,0,0
[H]O[C@]([H])(C#CC([H])([H])[H])C([H])([H])N([H])[H],QM7,0.5417,0,0
[H]O[C@@]([H])(C#N)C#CC([H])([H])[H],QM7,0.4737,0,0
[H]C(=O)[C@@]([H])(C#N)C([H])([H])C([H])([H])[H],QM7,0.5833,0,0
[H]O[C@@](C([H])([H])[H])(C([H])([H])N([H])[H])C([H])([H])C([H])([H])[H],QM7,0.6250,0,0
[H]O[C@](C#N)(C([H])([H])[H])C([H])([H])C([H])([H])[H],QM7,0.6400,0,0
[H]OC([H])([H])[C@@]([H])(C#N)C([H])([H])C([H])([H])[H],QM7,0.5909,0,0
[H]C([H])([H])C([H])([H])C([H])([H])C(=O)C#N,QM7,0.7143,0,0
[H]O[C@@]([H])(C([H])([H])N([H])[H])C([H])([H])C([H])([H])C([H])([H])[H],QM7,0.8000,0,0
[H]O[C@@]([H])(C#N)C([H])([H])C([H])([H])C([H])([H])[H],QM7,0.6667,0,0
[H][C]([H])[N]OC([H])([H])C([H])([H])C([H])=C([H])[H],QM7,0.5000,0,0
[H][C]([H])[N]OC([H])([H])/C([H])=C(\[H])C([H])([H])[H],QM7,0.4815,0,0
[H][C]([H])[N]OC([H])([H])C(=C([H])[H])C([H])([H])[H],QM7,0.5417,0,0
[H][C]([H])[N]OC(C([H])([H])[H])(C([H])([H])[H])C([H])([H])[H],QM7,0.4444,0,0
[H][C]([H])[N]OC([H])([H])C([H])(C([H])([H])[H])C([H])([H])[H],QM7,0.4583,0,0
[H][C]([H])[N]OC([H])([H])C#CC([H])([H])[H],QM7,0.5000,0,0
[H][C]([H])[N]O[C@]([H])(C([H])([H])[H])C([H])([H])C([H])([H])[H],QM7,0.4800,0,0
[H]OC([H])([H])[C@@]([H])(N([H])C([H])([H])[H])C([H])([H])C([H])([H])[H],QM7,0.9412,0,0
[H]N(C(=O)C([H])([H])C([H])([H])C([H])([H])[H])C([H])([H])[H],QM7,0.9412,0,0
[H][C]([H])[N]OC([H])([H])C([H])([H])C([H])([H])C([H])([H])[H],QM7,0.5000,0,0
[H]/C(C(=O)N([H])N([H])[H])=C(/[H])C([H])([H])[H],QM7,0.9444,0,0
[H]C([H])=C(C(=O)N([H])N([H])[H])C([H])([H])[H],QM7,0.5455,0,0
[H]N([H])N([H])C(=O)C([H])(C([H])([H])[H])C([H])([H])[H],QM7,0.6000,0,0
[H]OC([H])([H])C([H])([H])/C(=N\N([H])[H])C([H])([H])[H],QM7,0.5500,0,0
[H]N([H])N([H])C(=O)C#CC([H])([H])[H],QM7,1.0000,1,0
[H]OC([H])([H])/C(=N\N([H])[H])C([H])([H])C([H])([H])[H],QM7,0.5217,0,0
[H]N([H])N([H])C(=O)C([H])([H])C([H])([H])C([H])([H])[H],QM7,0.7727,0,0
[H]ON([H])C(=O)/C([H])=C(\[H])C([H])([H])[H],QM7,1.0000,1,0
[H]ON([H])C(=O)C(=C([H])[H])C([H])([H])[H],QM7,0.9375,0,0
[H]ON([H])C(=O)C([H])(C([H])([H])[H])C([H])([H])[H],QM7,0.9333,0,0
[H]O/N=C(/C([H])([H])[H])C([H])([H])C([H])=O,QM7,0.5455,0,0
[H]O/N=C(/C([H])([H])[H])C([H])([H])C([H])([H])O[H],QM7,1.0000,2,0
[H]ON([H])C(=O)C#CC([H])([H])[H],QM7,0.5714,0,0
[H]O/N=C(\C([H])=O)C([H])([H])C([H])([H])[H],QM7,0.5909,0,0
[H]O/N=C(\C([H])([H])O[H])C([H])([H])C([H])([H])[H],QM7,0.5500,0,0
[H]ON([H])C(=O)C([H])([H])C([H])([H])C([H])([H])[H],QM7,0.9412,0,0
[H]OC([H])([H])C([H])([H])N([H])C([H])([H])C([H])([H])C([H])([H])[H],QM7,1.0000,1,0
[H]C(=O)C([H])([H])N([H])C([H])([H])C([H])=C([H])[H],QM7,0.6875,0,0
[H]C(=O)N(/C([H])=C(\[H])C([H])([H])[H])C([H])([H])[H],QM7,0.5217,0,0
[H]OC([H])([H])C([H])([H])N([H])C([H])(C([H])([H])[H])C([H])([H])[H],QM7,0.6190,0,0
[H]OC([H])([H])C([H])([H])C(N([H])[H])(C([H])([H])[H])C([H])([H])[H],QM7,0.9333,0,0
[H]C(=O)N(C([H])([H])[H])C([H])(C([H])([H])[H])C([H])([H])[H],QM7,0.6364,0,0
[H]N(C(=O)C([H])([H])[H])C([H])(C([H])([H])[H])C([H])([H])[H],QM7,1.0000,1,0
[H]C(=O)C([H])([H])N([H])C([H])(C([H])([H])[H])C([H])([H])[H],QM7,1.0000,1,0
[H]C([H])([H])C(=O)[C@]([H])(C#N)C([H])([H])[H],QM7,1.0000,1,0
[H]OC([H])([H])C([H])([H])[C@@]([H])(C([H])([H])[H])C([H])([H])N([H])[H],QM7,0.9412,0,0
[H]OC([H])([H])/C([H])=C(/C([H])([H])[H])C([H])([H])N([H])[H],QM7,0.7273,0,0
[H]OC([H])([H])C([H])([H])[C@]([H])(N([H])[H])C([H])([H])C([H])([H])[H],QM7,0.9412,0,0
[H]C(=O)/C([H])=C(\N([H])[H])C([H])([H])C([H])([H])[H],QM7,0.5714,0,0
[H]O[C@]([H])(C([H])([H])[H])[C@]([H])(N([H])[H])C([H])([H])C([H])([H])[H],QM7,0.7500,0,0
[H]C(=O)[C@]([H])(N([H])C([H])([H])[H])C([H])([H])C([H])([H])[H],QM7,0.5909,0,0
[H]C(=O)N(C([H])([H])[H])C([H])([H])C([H])([H])C([H])([H])[H],QM7,0.6364,0,0
[H]N(C(=O)C([H])([H])[H])C([H])([H])C([H])([H])C([H])([H])[H],QM7,1.0000,1,0
[H]C(=O)C([H])([H])N([H])C([H])([H])C([H])([H])C([H])([H])[H],QM7,0.6500,0,0
[H]ON([H])/C([H])=N/C([H])=C(\[H])C([H])([H])[H],QM7,0.5217,0,0
[H]ON([H])/C([H])=N/C(=C([H])[H])C([H])([H])[H],QM7,0.4167,0,0
[H]O[N]/C([H])=C(\[C]([H])N([H])[H])C([H])([H])[H],QM7,0.3333,0,0
[H]/C(=C(\C(=O)N([H])[H])C([H])([H])[H])N([H])[H],QM7,0.6111,0,0
[H]O[N][C]([H])C(N([H])[H])(C([H])([H])[H])C([H])([H])[H],QM7,0.5000,0,0
[H]N([H])C(=O)C(N([H])[H])(C([H])([H])[H])C([H])([H])[H],QM7,0.7143,0,0
[H]ON([H])[C]([H])[N]C([H])(C([H])([H])[H])C([H])([H])[H],QM7,0.3750,0,0
[H]N([H])C(=O)N([H])C([H])(C([H])([H])[H])C([H])([H])[H],QM7,0.7500,0,0
[H]N([H])C(=O)[C@]([H])(C#N)C([H])([H])[H],QM7,1.0000,1,0
[H]O[N][C]([H])[C@@]([H])(C([H])([H])[H])C([H])([H])N([H])[H],QM7,0.4091,0,0
[H]N([H])C(=O)[C@@]([H])(C([H])([H])[H])C([H])([H])N([H])[H],QM7,0.6364,0,0
[H]O[N][C]([H])[C@]([H])(N([H])[H])C([H])([H])C([H])([H])[H],QM7,0.4783,0,0
[H]N([H])C(=O)[C@]([H])(N([H])[H])C([H])([H])C([H])([H])[H],QM7,0.9412,0,0
[H]O/N=C(\N([H])C([H])([H])[H])C([H])([H])C([H])([H])[H],QM7,0.3846,0,0
[H]ON([H])[C]([H])[N]C([H])([H])C([H])([H])C([H])([H])[H],QM7,0.3793,0,0
[H]N([H])C(=O)N([H])C([H])([H])C([H])([H])C([H])([H])[H],QM7,0.9444,0,0
[H]N([H])[C@@]([H])(C([H])([H])OC([H])([H])[H])C([H])([H])C([H])([H])[H],QM7,0.9412,0,0
[H]OC(=O)/C(=C(\[H])N([H])[H])C([H])([H])[H],QM7,0.6111,0,0
[H]OC(=O)C(N([H])[H])(C([H])([H])[H])C([H])([H])[H],QM7,1.0000,1,0
[H]OC(=O)[C@@]([H])(C([H])([H])[H])C([H])([H])N([H])[H],QM7,0.9375,0,0
[H]OC(=O)[C@]([H])(N([H])[H])C([H])([H])C([H])([H])[H],QM7,1.0000,2,0
[H][C]([H])/C([H])=C(\[H])[N]N([H])C([H])=O,QM7,0.3810,0,0
[H]/N=C(\C([H])=C([H])[H])N([H])C([H])=O,QM7,0.4400,0,0
[H]C(=O)N([H])N([H])C([H])([H])C([H])=C([H])[H],QM7,0.4545,0,0
[H]C(=O)N(/C([H])=C(\[H])C([H])([H])[H])N([H])[H],QM7,0.5294,0,0
[H]C(=O)N(C(=C([H])[H])C([H])([H])[H])N([H])[H],QM7,0.4444,0,0
[H]C(=O)N([H])N=C(C([H])([H])[H])C([H])([H])[H],QM7,0.5652,0,0
[H]C(=O)N(N([H])[H])C([H])(C([H])([H])[H])C([H])([H])[H],QM7,0.6000,0,0
[H]C(=O)N([H])N([H])C([H])(C([H])([H])[H])C([H])([H])[H],QM7,0.4375,0,0
[H]C(=O)N([H])[C@@]([H])(C([H])([H])[H])C([H])([H])N([H])[H],QM7,1.0000,1,0
[H][C]([N]N([H])C([H])=O)C([H])([H])C([H])([H])[H],QM7,0.4091,0,0
[H]/N=C(/N(O[H])C([H])([H])[H])C([H])([H])C([H])([H])[H],QM7,0.4167,0,0
[H]/N=C(/N([H])C([H])=O)C([H])([H])C([H])([H])[H],QM7,0.4483,0,0
[H]C(=O)N(N([H])[H])C([H])([H])C([H])([H])C([H])([H])[H],QM7,0.6522,0,0
[H]C(=O)N([H])N([H])C([H])([H])C([H])([H])C([H])([H])[H],QM7,0.5217,0,0
[H]/N=C(/N([H])OC([H])([H])[H])C([H])([H])C([H])([H])[H],QM7,0.4231,0,0
[H]C#C[C@]([H])([C]([H])[N]O[H])C([H])([H])[H],QM7,0.4348,0,0
[H]C([H])=C([H])O[C@@]([H])(C([H])([H])[H])C([H])([H])N([H])[H],QM7,0.5652,0,0
[H]C#C/C(=N/O[H])C([H])([H])C([H])([H])[H],QM7,0.3913,0,0
[H]/N=C(/[H])N(O[H])/C([H])=C(\[H])C([H])([H])[H],QM7,0.3214,0,0
[H]/N=C(/[H])N(O[H])C(=C([H])[H])C([H])([H])[H],QM7,0.3125,0,0
[H]O[N][C]([H])[C@@]([H])(C#N)C([H])([H])[H],QM7,0.4167,0,0
[H]/N=C(/[H])N(O[H])C([H])(C([H])([H])[H])C([H])([H])[H],QM7,0.3478,0,0
[H]O/N=C(/C#N)C([H])([H])C([H])([H])[H],QM7,0.5385,0,0
[H]/N=C(/[H])N(O[H])C([H])([H])C([H])([H])C([H])([H])[H],QM7,0.3750,0,0
[H][C]([H])/C([H])=C(\[H])[N]OC([H])=O,QM7,0.3200,0,0
[H]ON(C([H])=O)/C([H])=C(\[H])C([H])([H])[H],QM7,0.3793,0,0
[H]ON(C([H])=O)C(=C([H])[H])C([H])([H])[H],QM7,0.4167,0,0
[H]C(=O)ON=C(C([H])([H])[H])C([H])([H])[H],QM7,0.6190,0,0
[H]ON(C([H])=O)C([H])(C([H])([H])[H])C([H])([H])[H],QM7,0.5455,0,0
[H]C(=O)O[C@@]([H])(C([H])([H])[H])C([H])([H])N([H])[H],QM7,1.0000,1,0
[H][C]([N]OC([H])=O)C([H])([H])C([H])([H])[H],QM7,0.3810,0,0
[H]ON(C([H])=O)C([H])([H])C([H])([H])C([H])([H])[H],QM7,0.6000,0,0
[H][C]([H])[N]O[C@@]([H])(C([H])([H])[H])C([H])([H])N([H])[H],QM7,0.4348,0,0
[H]N([H])C([H])([H])C([H])([H])OC([H])([H])C([H])([H])C([H])([H])[H],QM7,0.8824,0,0
[H]C([H])=C([H])C(=O)C([H])([H])C#N,QM7,1.0000,1,0
[H]C([H])=C([H])C([H])([H])OC([H])([H])C#N,QM7,0.5385,0,0
[H]C#CC([H])([H])OC([H])([H])C#N,QM7,0.6471,0,0
[H]/C(OC([H])([H])C([H])([H])N([H])[H])=C(/[H])C([H])([H])[H],QM7,0.7273,0,0
[H]/C(OC([H])([H])C#N)=C(/[H])C([H])([H])[H],QM7,0.4762,0,0
[H]C([H])=C(OC([H])([H])C([H])([H])N([H])[H])C([H])([H])[H],QM7,0.7273,0,0
[H]C([H])=C(OC([H])([H])C#N)C([H])([H])[H],QM7,0.5417,0,0
[H]C(=O)/C(=C(/[H])C#N)C([H])([H])[H],QM7,0.5417,0,0
[H]N([H])C([H])([H])C([H])([H])OC([H])(C([H])([H])[H])C([H])([H])[H],QM7,0.7000,0,0
[H]OC(C([H])([H])[H])(C([H])([H])[H])C([H])([H])C([H])([H])N([H])[H],QM7,0.5882,0,0
[H]OC(C([H])([H])[H])(C([H])([H])[H])C([H])([H])C#N,QM7,0.6667,0,0
[H]C([H])(C#N)OC([H])(C([H])([H])[H])C([H])([H])[H],QM7,0.5909,0,0
[H]OC([H])([H])[C@]([H])(C([H])([H])[H])C([H])([H])C([H])([H])N([H])[H],QM7,0.9412,0,0
[H]OC([H])([H])/C(=C(/[H])C([H])([H])N([H])[H])C([H])([H])[H],QM7,0.8000,0,0
[H]OC([H])([H])/C(=C(/[H])C#N)C([H])([H])[H],QM7,0.5909,0,0
[H]OC([H])([H])[C@]([H])(C([H])([H])[H])C([H])([H])C#N,QM7,1.0000,1,0
[H]/C(C(=O)C([H])([H])C([H])([H])[H])=C(/[H])N([H])[H],QM7,1.0000,1,0
[H]C([H])(C#N)C(=O)C([H])([H])C([H])([H])[H],QM7,0.9444,0,0
[H]O[C@]([H])(C([H])([H])C([H])([H])[H])C([H])([H])C([H])([H])N([H])[H],QM7,0.7500,0,0
[H]O[C@]([H])(C([H])([H])C([H])([H])[H])[C@]([H])(N([H])[H])C([H])([H])[H],QM7,1.0000,1,0
[H]O[C@@]([H])(C([H])([H])C#N)C([H])([H])C([H])([H])[H],QM7,0.9444,0,0
[H]C([H])([H])O[C@@]([H])(C#N)C([H])([H])C([H])([H])[H],QM7,0.6364,0,0
[H]C([H])(C#N)OC([H])([H])C([H])([H])C([H])([H])[H],QM7,0.8000,0,0
[H]N(C([H])([H])[H])C([H])([H])C(=O)C([H])([H])C([H])([H])[H],QM7,0.9412,0,0
[H]O[C@@]([H])(C([H])([H])N([H])C([H])([H])[H])C([H])([H])C([H])([H])[H],QM7,1.0000,1,0
[H][C]([N]N([H])[H])O/C([H])=C(\[H])C([H])([H])[H],QM7,0.3913,0,0
[H][C]([N]N([H])[H])OC(=C([H])[H])C([H])([H])[H],QM7,0.5652,0,0
[H]OC([C]([H])[N]N([H])[H])(C([H])([H])[H])C([H])([H])[H],QM7,0.4211,0,0
[H][C]([N]N([H])[H])OC([H])(C([H])([H])[H])C([H])([H])[H],QM7,0.4286,0,0
[H]OC([H])([H])[C@@]([H])([C]([H])[N]N([H])[H])C([H])([H])[H],QM7,0.4348,0,0
[H]/N=C(\C(=O)C([H])([H])C([H])([H])[H])N([H])[H],QM7,0.4583,0,0
[H]O[C@@]([H])([C]([H])[N]N([H])[H])C([H])([H])C([H])([H])[H],QM7,0.4400,0,0
[H]N([H])/N=C(\OC([H])([H])[H])C([H])([H])C([H])([H])[H],QM7,0.5714,0,0
[H][C]([N]N([H])[H])OC([H])([H])C([H])([H])C([H])([H])[H],QM7,0.4783,0,0
[H]O[N][C]([H])O/C([H])=C(\[H])C([H])([H])[H],QM7,0.4545,0,0
[H]O[N][C]([H])OC(=C([H])[H])C([H])([H])[H],QM7,0.4583,0,0
[H]O[N][C]([H])[C@]([H])(C([H])=O)C([H])([H])[H],QM7,0.4167,0,0
[H]C(=O)[C@@]([H])(C(=O)N([H])[H])C([H])([H])[H],QM7,0.5789,0,0
[H]O[N][C]([H])C(O[H])(C([H])([H])[H])C([H])([H])[H],QM7,0.4444,0,0
[H]OC(C(=O)N([H])[H])(C([H])([H])[H])C([H])([H])[H],QM7,0.7059,0,0
[H]O[N][C]([H])OC([H])(C([H])([H])[H])C([H])([H])[H],QM7,0.5238,0,0
[H]N([H])C(=O)OC([H])(C([H])([H])[H])C([H])([H])[H],QM7,1.0000,2,0
[H]O[N][C]([H])[C@@]([H])(C([H])([H])[H])C([H])([H])O[H],QM7,0.4545,0,0
[H]OC([H])([H])[C@@]([H])(C(=O)N([H])[H])C([H])([H])[H],QM7,1.0000,1,0
[H]O[N][C]([H])C(=O)C([H])([H])C([H])([H])[H],QM7,0.4545,0,0
[H]N([H])C(=O)C(=O)C([H])([H])C([H])([H])[H],QM7,0.5789,0,0
[H]O[N][C]([H])[C@]([H])(O[H])C([H])([H])C([H])([H])[H],QM7,0.4545,0,0
[H]O[C@@]([H])(C(=O)N([H])[H])C([H])([H])C([H])([H])[H],QM7,1.0000,1,0
[H]O/N=C(\OC([H])([H])[H])C([H])([H])C([H])([H])[H],QM7,0.6000,0,0
[H]O[N][C]([H])OC([H])([H])C([H])([H])C([H])([H])[H],QM7,0.4583,0,0
[H]N([H])C(=O)OC([H])([H])C([H])([H])C([H])([H])[H],QM7,1.0000,1,0
[H]C(=O)[C@@]([H])(N(C([H])([H])[H])C([H])([H])[H])C([H])([H])[H],QM7,0.5789,0,0
[H]OC([H])([H])[C@@]([H])(N(C([H])([H])[H])C([H])([H])[H])C([H])([H])[H],QM7,1.0000,2,0
[H]C([H])([H])N(C(=O)C([H])([H])C([H])([H])[H])C([H])([H])[H],QM7,1.0000,1,0
[H][C]([N]OC([H])([H])C([H])([H])C([H])([H])[H])C([H])([H])[H],QM7,0.5455,0,0
[H]/N=C(/[H])N([H])C(=O)C([H])=C([H])[H],QM7,0.6818,0,0
[H]/N=C(/[H])N([H])OC([H])([H])C([H])=C([H])[H],QM7,0.5000,0,0
[H]/N=C(/[H])N([H])OC([H])(C([H])([H])[H])C([H])([H])[H],QM7,0.3333,0,0
[H]/N=C(/[H])N([H])[C@@]([H])(C([H])([H])[H])C([H])([H])O[H],QM7,0.5000,0,0
[H]N([H])N(C(=O)C([H])([H])C([H])([H])[H])C([H])([H])[H],QM7,0.6000,0,0
[H]/N=C(/[H])N([H])C(=O)C([H])([H])C([H])([H])[H],QM7,0.6957,0,0
[H]/N=C(/[H])N([H])OC([H])([H])C([H])([H])C([H])([H])[H],QM7,0.4483,0,0
[H]C(=O)N([H])C(=O)C([H])=C([H])[H],QM7,0.5714,0,0
[H]C(=O)N([H])OC([H])([H])C([H])=C([H])[H],QM7,1.0000,1,0
[H]C(=O)N([H])OC([H])(C([H])([H])[H])C([H])([H])[H],QM7,0.5652,0,0
[H]OC([H])([H])[C@@]([H])(N([H])C([H])=O)C([H])([H])[H],QM7,0.5652,0,0
[H]ON(C(=O)C([H])([H])C([H])([H])[H])C([H])([H])[H],QM7,0.9375,0,0
[H]C(=O)N([H])C(=O)C([H])([H])C([H])([H])[H],QM7,0.5909,0,0
[H]C(=O)N([H])OC([H])([H])C([H])([H])C([H])([H])[H],QM7,0.6667,0,0
[H][C]([H])[N]N([H])C(=O)C([H])=C([H])[H],QM7,0.5909,0,0
[H][C]([H])[N][N][C](C([H])=O)C([H])([H])[H],QM7,0.3810,0,0
[H]OC([H])([H])[C]([N][N][C]([H])[H])C([H])([H])[H],QM7,0.3750,0,0
[H]OC([H])([H])[C@@]([H])(N([H])[N][C]([H])[H])C([H])([H])[H],QM7,0.5652,0,0
[H]N(C(=O)C([H])([H])C([H])([H])[H])N([H])C([H])([H])[H],QM7,0.5909,0,0
[H][C]([H])[N]N([H])C(=O)C([H])([H])C([H])([H])[H],QM7,0.5000,0,0
[H]N(OC([H])([H])[H])C(=O)C([H])([H])C([H])([H])[H],QM7,0.6190,0,0
[H][C]([H])[N]OC(=O)C([H])=C([H])[H],QM7,0.5909,0,0
[H]OC([H])([H])[C@@]([H])(O[N][C]([H])[H])C([H])([H])[H],QM7,0.4762,0,0
[H][C]([H])[N]OC(=O)C([H])([H])C([H])([H])[H],QM7,0.5417,0,0
[H]OC([H])([H])C([H])([H])C([H])([H])N([H])C([H])([H])C([H])([H])[H],QM7,0.8000,0,0
[H]C(=O)N(C([H])=C([H])[H])C([H])=C([H])[H],QM7,0.6111,0,0
[H]OC([H])([H])C([H])([H])C([H])([H])[C@]([H])(N([H])[H])C([H])([H])[H],QM7,0.7895,0,0
[H]C(=O)/C(=C(\N([H])[H])C([H])([H])[H])C([H])([H])[H],QM7,1.0000,1,0
[H]/C(C(=O)C([H])([H])[H])=C(/N([H])[H])C([H])([H])[H],QM7,0.9333,0,0
[H]OC([H])([H])/C([H])=C(\[H])[C@]([H])(N([H])[H])C([H])([H])[H],QM7,0.6364,0,0
[H]OC([H])([H])C(=C([H])[H])[C@]([H])(N([H])[H])C([H])([H])[H],QM7,0.6000,0,0
[H]OC([H])([H])[C@]([H])(C([H])([H])[H])[C@]([H])(N([H])[H])C([H])([H])[H],QM7,0.6471,0,0
[H]OC(C([H])([H])[H])(C([H])([H])[H])[C@]([H])(N([H])[H])C([H])([H])[H],QM7,1.0000,1,0
[H]OC([H])([H])C#C[C@]([H])(N([H])[H])C([H])([H])[H],QM7,0.5455,0,0
[H]O[C@]([H])(C([H])([H])[H])C([H])([H])[C@]([H])(N([H])[H])C([H])([H])[H],QM7,1.0000,1,0
[H]C(=O)N(C([H])=C([H])[H])C([H])([H])C([H])([H])[H],QM7,0.6000,0,0
[H]OC([H])([H])C([H])([H])N(C([H])([H])[H])C([H])([H])C([H])([H])[H],QM7,0.6471,0,0
[H]C([H])([H])C(=O)N(C([H])([H])[H])C([H])([H])C([H])([H])[H],QM7,1.0000,1,0
[H]C(=O)C([H])([H])N(C([H])([H])[H])C([H])([H])C([H])([H])[H],QM7,0.5455,0,0
[H]C(=O)N(C([H])([H])C([H])([H])[H])C([H])([H])C([H])([H])[H],QM7,0.6842,0,0
[H]OC([H])([H])[C@@]([H])(N([H])C([H])([H])C([H])([H])[H])C([H])([H])[H],QM7,0.9412,0,0
[H]C(=O)[C@@]([H])(N([H])C([H])([H])C([H])([H])[H])C([H])([H])[H],QM7,0.5417,0,0
[H]O[C@]([H])(C([H])([H])[H])C([H])([H])N([H])C([H])([H])C([H])([H])[H],QM7,0.7059,0,0
[H]N(C([H])([H])C(=O)C([H])([H])[H])C([H])([H])C([H])([H])[H],QM7,1.0000,1,0
[H]C(=O)C([H])([H])C([H])([H])N([H])C([H])([H])C([H])([H])[H],QM7,0.8421,0,0
[H]O[N]/C([H])=C(\[H])[C](N([H])[H])C([H])([H])[H],QM7,0.3500,0,0
[H]/C(C(=O)N([H])[H])=C(/N([H])[H])C([H])([H])[H],QM7,1.0000,2,0
[H]O/N=C(\C([H])([H])[H])[C@]([H])(N([H])[H])C([H])([H])[H],QM7,0.5556,0,0
[H]O[N][C]([H])C([H])([H])[C@]([H])(N([H])[H])C([H])([H])[H],QM7,0.4348,0,0
[H]N([H])C(=O)C([H])([H])[C@]([H])(N([H])[H])C([H])([H])[H],QM7,0.6500,0,0
[H]ON([H])/C(=N/C([H])([H])C([H])([H])[H])C([H])([H])[H],QM7,1.0000,1,0
[H]O[N][C]([H])N(C([H])([H])[H])C([H])([H])C([H])([H])[H],QM7,0.4348,0,0
[H]N([H])C(=O)N(C([H])([H])[H])C([H])([H])C([H])([H])[H],QM7,0.5789,0,0
[H]O[N][C]([H])C([H])([H])N([H])C([H])([H])C([H])([H])[H],QM7,0.4400,0,0
[H]N([H])C(=O)C([H])([H])N([H])C([H])([H])C([H])([H])[H],QM7,0.8095,0,0
[H]N(C([H])([H])C([H])([H])[H])C([H])([H])C([H])([H])OC([H])([H])[H],QM7,0.9412,0,0
[H]OC(=O)/C([H])=C(\N([H])[H])C([H])([H])[H],QM7,1.0000,1,0
[H]OC(=O)C([H])([H])[C@]([H])(N([H])[H])C([H])([H])[H],QM7,1.0000,1,0
[H]OC(=O)C([H])([H])N([H])C([H])([H])C([H])([H])[H],QM7,0.9412,0,0
[H]C(=O)N([H])/C([H])=N/C([H])=C([H])[H],QM7,0.5000,0,0
[H]/N=C(/[H])N(C([H])=O)C([H])=C([H])[H],QM7,0.4400,0,0
[H]OC([H])([H])[C@@](N([H])[H])(C([H])([H])[H])C([H])([H])N([H])[H],QM7,0.5714,0,0
[H]OC([H])([H])[C@]([H])(N([H])[H])[C@]([H])(N([H])[H])C([H])([H])[H],QM7,1.0000,1,0
[H]C(=O)N([H])C([H])([H])[C@]([H])(N([H])[H])C([H])([H])[H],QM7,0.6000,0,0
[H]C(=O)/C(=N/C([H])([H])C([H])([H])[H])N([H])[H],QM7,0.5417,0,0
[H]ON([C]([H])[N]C([H])([H])C([H])([H])[H])C([H])([H])[H],QM7,0.4783,0,0
[H][C]([N]C([H])([H])C([H])([H])[H])N([H])C([H])=O,QM7,0.4000,0,0
[H]/N=C(/[H])N(C([H])=O)C([H])([H])C([H])([H])[H],QM7,0.3478,0,0
[H]C(=O)N([H])N(C([H])([H])[H])C([H])([H])C([H])([H])[H],QM7,0.5417,0,0
[H]/N=C(\N([H])C([H])([H])C([H])([H])[H])C([H])([H])O[H],QM7,0.3600,0,0
[H][C]([N]C([H])([H])C([H])([H])[H])N([H])OC([H])([H])[H],QM7,0.3810,0,0
[H]/N=C(/OC([H])([H])[H])N([H])C([H])([H])C([H])([H])[H],QM7,0.3846,0,0
[H]OC([H])([H])[C@](C([H])=C([H])[H])(N([H])[H])C([H])([H])[H],QM7,1.0000,1,0
[H]C#C[C@@](N([H])[H])(C([H])([H])[H])C([H])([H])O[H],QM7,1.0000,1,0
[H]O[C@@]([H])(C([H])=C([H])[H])[C@]([H])(N([H])[H])C([H])([H])[H],QM7,1.0000,1,0
[H]C#C[C@]([H])(O[H])[C@]([H])(N([H])[H])C([H])([H])[H],QM7,0.5238,0,0
[H]C([H])=C([H])OC([H])([H])[C@]([H])(N([H])[H])C([H])([H])[H],QM7,0.5652,0,0
[H]C(=O)N([H])[C@@]([H])(C([H])=C([H])[H])C([H])([H])[H],QM7,0.4800,0,0
[H]C#C[C@]([H])(N([H])C([H])=O)C([H])([H])[H],QM7,0.5556,0,0
[H]N(C(=O)C([H])([H])C([H])([H])[H])C([H])([H])C([H])([H])[H],QM7,0.8824,0,0
[H]C([H])=C([H])C(=O)N([H])C([H])([H])C([H])([H])[H],QM7,0.9474,0,0
[H]C#CC(=O)N([H])C([H])([H])C([H])([H])[H],QM7,0.6522,0,0
[H]O[C@@]([H])(C([H])([H])N([H])[H])[C@]([H])(N([H])[H])C([H])([H])[H],QM7,0.6111,0,0
[H]C(=O)N([H])[C@@]([H])(C#N)C([H])([H])[H],QM7,0.4783,0,0
[H]N([H])C([H])([H])C(=O)N([H])C([H])([H])C([H])([H])[H],QM7,0.9444,0,0
[H]N(C(=O)C#N)C([H])([H])C([H])([H])[H],QM7,0.5652,0,0
[H]C(=O)N(C([H])=O)C([H])=C([H])[H],QM7,0.7059,0,0
[H]OC([H])([H])C(N([H])[H])(C([H])([H])[H])C([H])([H])O[H],QM7,0.7059,0,0
[H]OC([H])([H])[C@]([H])(O[H])[C@]([H])(N([H])[H])C([H])([H])[H],QM7,1.0000,1,0
[H]C(=O)OC([H])([H])[C@]([H])(N([H])[H])C([H])([H])[H],QM7,0.6154,0,0
[H]C(=O)N([H])[C@@]([H])(C([H])=O)C([H])([H])[H],QM7,0.5000,0,0
[H]C(=O)N(C([H])=O)C([H])([H])C([H])([H])[H],QM7,0.5000,0,0
[H]OC([H])([H])C(=O)N([H])C([H])([H])C([H])([H])[H],QM7,0.6316,0,0
[H]C(=O)C(=O)N([H])C([H])([H])C([H])([H])[H],QM7,0.5909,0,0
[H]C(=O)N(N=C([H])[H])C([H])=C([H])[H],QM7,0.3200,0,0
[H][C]([H])[N]OC([H])([H])[C@]([H])(N([H])[H])C([H])([H])[H],QM7,0.4348,0,0
[H]C(=O)N(N=C([H])[H])C([H])([H])C([H])([H])[H],QM7,0.4815,0,0
[H]N(C(=O)N([H])C([H])([H])C([H])([H])[H])C([H])([H])[H],QM7,0.6818,0,0
[H]N(C(=O)OC([H])([H])[H])C([H])([H])C([H])([H])[H],QM7,0.6667,0,0
[H]OC([H])([H])C([H])([H])N([H])[N][C]([H])C([H])([H])[H],QM7,0.4615,0,0
[H]OC([H])([H])[C]([H])[N][N][C]([H])C([H])([H])[H],QM7,0.3636,0,0
[H][C]([N][N][C]([H])C([H])([H])[H])C([H])=O,QM7,0.3529,0,0
[H]C(=O)N(/N=C(\[H])C([H])([H])[H])C([H])([H])[H],QM7,0.5263,0,0
[H][C]([N]N([H])C(=O)C([H])([H])[H])C([H])([H])[H],QM7,0.5455,0,0
[H][C]([N]N([H])C([H])([H])C([H])=O)C([H])([H])[H],QM7,0.4400,0,0
[H]/N=C(/N([H])C([H])([H])C([H])([H])O[H])C([H])([H])[H],QM7,0.4400,0,0
[H]/N=C(/N([H])C(=O)C([H])([H])[H])C([H])([H])[H],QM7,0.4762,0,0
[H]/N=C(/N([H])C([H])([H])C([H])=O)C([H])([H])[H],QM7,0.4483,0,0
[H][C]([H])[N]N([H])[C@@]([H])(C([H])=O)C([H])([H])[H],QM7,0.4348,0,0
[H]N([H])N(C(=O)C([H])([H])[H])C([H])([H])C([H])([H])[H],QM7,0.6000,0,0
[H]C(=O)N(N([H])C([H])([H])[H])C([H])([H])C([H])([H])[H],QM7,0.5385,0,0
[H]OC([H])([H])[C]([H])[N]N([H])C([H])([H])C([H])([H])[H],QM7,0.3793,0,0
[H][C]([N]N([H])C([H])([H])C([H])([H])[H])C([H])=O,QM7,0.3667,0,0
[H]C(=O)N(N([H])C([H])([H])C([H])([H])[H])C([H])([H])[H],QM7,0.5714,0,0
[H]N(C(=O)C([H])([H])[H])N([H])C([H])([H])C([H])([H])[H],QM7,0.6154,0,0
[H][C]([N]N([H])C([H])([H])C([H])([H])[H])OC([H])([H])[H],QM7,0.3793,0,0
[H]/N=C(/N(O[H])C([H])=C([H])[H])C([H])([H])[H],QM7,0.3750,0,0
[H][C]([N]OC([H])(C([H])([H])[H])C([H])([H])[H])C([H])([H])[H],QM7,0.4091,0,0
[H][C]([N]OC([H])([H])C([H])=C([H])[H])C([H])([H])[H],QM7,0.4615,0,0
[H]C#CC([H])([H])O[N][C]([H])C([H])([H])[H],QM7,0.4667,0,0
[H][C]([N]OC([H])([H])C([H])([H])N([H])[H])C([H])([H])[H],QM7,0.4348,0,0
[H][C]([N]OC([H])([H])C#N)C([H])([H])[H],QM7,0.4231,0,0
[H]/N=C(\N(O[H])C([H])([H])C([H])([H])[H])C([H])([H])[H],QM7,0.3462,0,0
[H]/N=C(/[H])N(OC([H])([H])[H])C([H])([H])C([H])([H])[H],QM7,0.3226,0,0
[H]OC([H])([H])C([H])([H])O[N][C]([H])C([H])([H])[H],QM7,0.4348,0,0
[H][C]([N]OC(=O)C([H])([H])[H])C([H])([H])[H],QM7,0.5000,0,0
[H][C]([N]OC([H])([H])C([H])=O)C([H])([H])[H],QM7,0.3913,0,0
[H]ON(C(=O)C([H])([H])[H])C([H])([H])C([H])([H])[H],QM7,0.6111,0,0
[H]C(=O)N(OC([H])([H])[H])C([H])([H])C([H])([H])[H],QM7,0.5909,0,0
[H]ON([C]([H])[N]C([H])([H])[H])C([H])([H])C([H])([H])[H],QM7,0.4583,0,0
[H]ON([H])/C(=N\C([H])=C([H])[H])C([H])([H])[H],QM7,0.5000,0,0
[H]N([H])C([H])([H])C([H])([H])C([H])([H])OC([H])([H])C([H])([H])[H],QM7,0.9412,0,0
[H]C([H])=C([H])O/C([H])=C(\[H])C#N,QM7,0.4800,0,0
[H]C([H])=C([H])OC(C#N)=C([H])[H],QM7,1.0000,1,0
[H]C([H])=C([H])OC([H])([H])C([H])([H])C#N,QM7,0.6538,0,0
[H]/C(C#N)=C(/[H])C(=O)C([H])([H])[H],QM7,0.6000,0,0
[H]C([H])=C(C#N)C(=O)C([H])([H])[H],QM7,0.5238,0,0
[H]/C(=C(\C(=O)C([H])([H])[H])C([H])([H])[H])N([H])[H],QM7,1.0000,1,0
[H]C([H])([H])C(=O)C#CC#N,QM7,0.5294,0,0
[H]C([H])([H])C(=O)C([H])([H])C([H])([H])C#N,QM7,0.9444,0,0
[H]O[C@]([H])(C([H])([H])[H])C([H])([H])C([H])([H])C([H])([H])N([H])[H],QM7,1.0000,1,0
[H]O[C@@](C#N)(C([H])=C([H])[H])C([H])([H])[H],QM7,0.5000,0,0
[H]C#C[C@](C#N)(O[H])C([H])([H])[H],QM7,0.5000,0,0
[H]O[C@@]([H])(/C([H])=C(\[H])C([H])([H])N([H])[H])C([H])([H])[H],QM7,0.5714,0,0
[H]O[C@@]([H])(/C([H])=C(\[H])C#N)C([H])([H])[H],QM7,0.6000,0,0
[H]O[C@@]([H])(C(=C([H])[H])C([H])([H])N([H])[H])C([H])([H])[H],QM7,0.6000,0,0
[H]O[C@@]([H])(C(C#N)=C([H])[H])C([H])([H])[H],QM7,0.5909,0,0
[H]O[C@]([H])(C([H])([H])[H])[C@@]([H])(C([H])([H])[H])C([H])([H])N([H])[H],QM7,0.6111,0,0
[H]O[C@]([H])(C([H])([H])[H])C(N([H])[H])(C([H])([H])[H])C([H])([H])[H],QM7,1.0000,1,0
[H]O[C@]([H])(C([H])([H])[H])[C@]([H])(C#N)C([H])([H])[H],QM7,1.0000,1,0
[H]O[C@@]([H])(C#CC([H])([H])N([H])[H])C([H])([H])[H],QM7,0.5714,0,0
[H]O[C@@]([H])(C#CC#N)C([H])([H])[H],QM7,1.0000,1,0
[H]O[C@]([H])(C([H])([H])[H])C([H])([H])C([H])([H])C#N,QM7,0.7143,0,0
[H]C([H])=C([H])O[C@@]([H])(C#N)C([H])([H])[H],QM7,0.6000,0,0
[H]/C(OC([H])([H])C([H])([H])[H])=C(/[H])C([H])([H])N([H])[H],QM7,0.6000,0,0
[H]/C(C#N)=C(/[H])OC([H])([H])C([H])([H])[H],QM7,1.0000,1,0
[H]C([H])=C(OC([H])([H])C([H])([H])[H])C([H])([H])N([H])[H],QM7,0.5833,0,0
[H]C([H])=C(C#N)OC([H])([H])C([H])([H])[H],QM7,0.6154,0,0
[H]N([H])C([H])([H])[C@@]([H])(OC([H])([H])C([H])([H])[H])C([H])([H])[H],QM7,0.6190,0,0
[H]C([H])([H])C([H])([H])O[C@]([H])(C#N)C([H])([H])[H],QM7,0.6500,0,0
[H]N([H])[C@]([H])(C([H])([H])[H])C([H])([H])OC([H])([H])C([H])([H])[H],QM7,0.7500,0,0
[H]C([H])([H])C([H])([H])OC([H])([H])C([H])([H])C#N,QM7,0.7083,0,0
[H]N(C([H])([H])[H])C([H])([H])C([H])([H])OC([H])([H])C([H])([H])[H],QM7,0.8421,0,0
[H]O[C@@]([H])(/C(=N/N([H])[H])C([H])([H])[H])C([H])([H])[H],QM7,1.0000,1,0
[H]O[C@]([H])(C([H])([H])[H])C([H])([H])[C]([H])[N]N([H])[H],QM7,0.4762,0,0
[H]C([H])=C([H])O/C(=N\N([H])[H])C([H])([H])[H],QM7,0.5000,0,0
[H]N([H])/N=C(/OC([H])([H])C([H])([H])[H])C([H])([H])[H],QM7,0.5714,0,0
[H][C]([N]N([H])[H])C([H])([H])OC([H])([H])C([H])([H])[H],QM7,0.4762,0,0
[H]O/N=C(/C(=O)C([H])([H])[H])C([H])([H])[H],QM7,1.0000,1,0
[H]O[N][C]([H])C([H])([H])C(=O)C([H])([H])[H],QM7,0.4545,0,0
[H]N([H])C(=O)C([H])([H])C(=O)C([H])([H])[H],QM7,1.0000,1,0
[H]O/N=C(\C([H])([H])[H])[C@]([H])(O[H])C([H])([H])[H],QM7,0.5882,0,0
[H]O[N][C]([H])C([H])([H])[C@]([H])(O[H])C([H])([H])[H],QM7,0.5455,0,0
[H]O[C@]([H])(C([H])([H])[H])C([H])([H])C(=O)N([H])[H],QM7,1.0000,1,0
[H]O/N=C(\OC([H])=C([H])[H])C([H])([H])[H],QM7,0.5200,0,0
[H]O/N=C(/OC([H])([H])C([H])([H])[H])C([H])([H])[H],QM7,1.0000,1,0
[H]O[N][C]([H])C([H])([H])OC([H])([H])C([H])([H])[H],QM7,0.4762,0,0
[H]N([H])C(=O)C([H])([H])OC([H])([H])C([H])([H])[H],QM7,1.0000,1,0
[H]O[C@](C([H])=C([H])[H])(C([H])([H])[H])C([H])([H])N([H])[H],QM7,0.5455,0,0
[H]C#C[C@@](O[H])(C([H])([H])[H])C([H])([H])N([H])[H],QM7,0.5455,0,0
[H]O[C@]([H])(C([H])([H])[H])[C@]([H])(C([H])=C([H])[H])N([H])[H],QM7,0.5238,0,0
[H]C#C[C@]([H])(N([H])[H])[C@]([H])(O[H])C([H])([H])[H],QM7,0.5238,0,0
[H]O[C@]([H])(C([H])([H])[H])C([H])([H])N(C([H])([H])[H])C([H])([H])[H],QM7,0.9333,0,0
[H]OC(C([H])([H])[H])(C([H])([H])N([H])[H])C([H])([H])N([H])[H],QM7,0.6471,0,0
[H]O[C@]([H])(C([H])([H])[H])[C@@]([H])(N([H])[H])C([H])([H])N([H])[H],QM7,0.9375,0,0
[H]/N=C(/[H])N([H])C([H])([H])[C@]([H])(O[H])C([H])([H])[H],QM7,0.5000,0,0
[H]C(=O)N([H])C([H])([H])C(=O)C([H])([H])[H],QM7,0.6071,0,0
[H]OC([H])([H])[C@@](O[H])(C([H])([H])[H])C([H])([H])N([H])[H],QM7,0.9375,0,0
[H]OC([H])([H])[C@]([H])(N([H])[H])[C@]([H])(O[H])C([H])([H])[H],QM7,1.0000,1,0
[H]O[C@]([H])(C([H])([H])[H])C([H])([H])N([H])C([H])=O,QM7,0.8182,0,0
[H][C]([H])[N][N][C]([H])OC([H])=C([H])[H],QM7,0.3889,0,0
[H][C]([H])[N][N][C]([H])C(=O)C([H])([H])[H],QM7,0.3913,0,0
[H][C]([H])[N]N([H])C([H])([H])C(=O)C([H])([H])[H],QM7,0.4762,0,0
[H]O[C@@]([H])([C]([H])[N][N][C]([H])[H])C([H])([H])[H],QM7,0.3810,0,0
[H]O[C@]([H])(C([H])([H])[H])C([H])([H])N([H])[N][C]([H])[H],QM7,0.5652,0,0
[H][C]([N]N([H])C([H])([H])[H])OC([H])([H])C([H])([H])[H],QM7,0.4000,0,0
[H][C]([H])[N][N][C]([H])OC([H])([H])C([H])([H])[H],QM7,0.3913,0,0
[H]/N=C(\OC([H])([H])C([H])([H])[H])N([H])C([H])([H])[H],QM7,0.4138,0,0
[H][C]([N]OC([H])([H])[H])OC([H])([H])C([H])([H])[H],QM7,0.4231,0,0
[H]O[C@@]([H])(C([H])([H])N([H])[H])[C@]([H])(O[H])C([H])([H])[H],QM7,1.0000,1,0
[H]N([H])C([H])([H])C(=O)OC([H])([H])C([H])([H])[H],QM7,1.0000,1,0
[H][C]([H])[N]OC([H])([H])OC([H])=C([H])[H],QM7,0.5556,0,0
[H][C]([H])[N]OC([H])([H])C(=O)C([H])([H])[H],QM7,0.6364,0,0
[H]O[C@]([H])(C([H])([H])[H])C([H])([H])O[N][C]([H])[H],QM7,0.5652,0,0
[H]N(C(=O)OC([H])([H])C([H])([H])[H])C([H])([H])[H],QM7,0.8947,0,0
[H][C]([H])[N]OC([H])([H])OC([H])([H])C([H])([H])[H],QM7,0.4737,0,0
[H]C([H])=C([H])C([H])([H])N([H])C(=O)C([H])([H])[H],QM7,0.6522,0,0
[H]C#CC([H])([H])N([H])C(=O)C([H])([H])[H],QM7,0.6500,0,0
[H][C]([H])[N]O[C@@]([H])(C([H])=C([H])[H])C([H])([H])[H],QM7,0.4348,0,0
[H]C#C[C@]([H])(O[N][C]([H])[H])C([H])([H])[H],QM7,0.4400,0,0
[H][C]([N]OC([H])([H])C([H])([H])[H])C([H])([H])C([H])([H])[H],QM7,0.3913,0,0
[H]C([H])([H])C(=NOC([H])([H])C([H])([H])[H])C([H])([H])[H],QM7,0.9375,0,0
[H][C]([H])/C([H])=C(\[H])[N]OC([H])([H])C([H])([H])[H],QM7,0.3846,0,0
[H]C#C[C]([H])[N]OC([H])([H])C([H])([H])[H],QM7,0.3571,0,0
[H]N([H])C([H])([H])C([H])([H])N([H])C(=O)C([H])([H])[H],QM7,0.9444,0,0
[H]N(C(=O)C([H])([H])[H])C([H])([H])C#N,QM7,0.6400,0,0
[H][C]([H])[N]O[C@@]([H])(C#N)C([H])([H])[H],QM7,0.4762,0,0
[H][C]([N]OC([H])([H])C([H])([H])[H])C([H])([H])N([H])[H],QM7,0.5000,0,0
[H][C](C#N)[N]OC([H])([H])C([H])([H])[H],QM7,0.5200,0,0
[H]/N=C(/[H])N(OC([H])([H])C([H])([H])[H])C([H])([H])[H],QM7,0.3871,0,0
[H]/N=C(\N([H])OC([H])([H])C([H])([H])[H])C([H])([H])[H],QM7,0.4615,0,0
[H]OC([H])([H])C([H])([H])N([H])C(=O)C([H])([H])[H],QM7,0.6667,0,0
[H]N(C(=O)C([H])([H])[H])C(=O)C([H])([H])[H],QM7,0.9091,0,0
[H]C(=O)C([H])([H])N([H])C(=O)C([H])([H])[H],QM7,0.6800,0,0
[H][C]([H])[N]O[C@@]([H])(C([H])=O)C([H])([H])[H],QM7,0.4231,0,0
[H]OC([H])([H])[C]([H])[N]OC([H])([H])C([H])([H])[H],QM7,0.4167,0,0
[H][C]([N]OC([H])([H])C([H])([H])[H])C([H])=O,QM7,0.3929,0,0
[H]C(=O)N(OC([H])([H])C([H])([H])[H])C([H])([H])[H],QM7,0.5909,0,0
[H]N(OC([H])([H])C([H])([H])[H])C(=O)C([H])([H])[H],QM7,0.9444,0,0
[H][C]([N]OC([H])([H])C([H])([H])[H])N([H])C([H])([H])[H],QM7,0.3600,0,0
[H][C]([N]OC([H])([H])C([H])([H])[H])OC([H])([H])[H],QM7,0.4000,0,0
[H]C([H])=C([H])N(C(=O)C([H])([H])[H])N([H])[H],QM7,0.4400,0,0
[H]ON(C(=O)C([H])([H])[H])C([H])=C([H])[H],QM7,0.5789,0,0
[H]N([H])C([H])([H])C([H])([H])OC(=O)C([H])([H])[H],QM7,0.9444,0,0
[H]OC([H])([H])C([H])([H])C([H])([H])C([H])([H])N([H])C([H])([H])[H],QM7,1.0000,1,0
[H]C([H])=C([H])N(C(=O)C([H])([H])[H])C([H])([H])[H],QM7,0.7273,0,0
[H]OC([H])([H])C([H])([H])C([H])([H])N(C([H])([H])[H])C([H])([H])[H],QM7,0.9333,0,0
[H]C(=O)/C([H])=C(\[H])N(C([H])([H])[H])C([H])([H])[H],QM7,1.0000,1,0
[H]C([H])([H])C(=O)C([H])([H])N(C([H])([H])[H])C([H])([H])[H],QM7,0.9333,0,0
[H]C(=O)C([H])([H])C([H])([H])N(C([H])([H])[H])C([H])([H])[H],QM7,0.9375,0,0
[H]C(=O)N(C([H])([H])[H])C([H])([H])C([H])=C([H])[H],QM7,0.5217,0,0
[H]C#CC([H])([H])N(C([H])=O)C([H])([H])[H],QM7,0.5417,0,0
[H]C(=O)[C@]([H])(C([H])=C([H])[H])N([H])C([H])([H])[H],QM7,0.5000,0,0
[H]OC([H])([H])C([H])([H])[C@@]([H])(N([H])C([H])([H])[H])C([H])([H])[H],QM7,0.9412,0,0
[H]OC([H])([H])C(N([H])C([H])([H])[H])(C([H])([H])[H])C([H])([H])[H],QM7,0.8235,0,0
[H]C(=O)C(N([H])C([H])([H])[H])(C([H])([H])[H])C([H])([H])[H],QM7,0.5263,0,0
[H]O[C@]([H])(C([H])([H])[H])[C@@]([H])(N([H])C([H])([H])[H])C([H])([H])[H],QM7,0.5714,0,0
[H]N(C([H])([H])[H])[C@]([H])(C(=O)C([H])([H])[H])C([H])([H])[H],QM7,1.0000,1,0
[H]C(=O)C([H])([H])[C@@]([H])(N([H])C([H])([H])[H])C([H])([H])[H],QM7,0.5909,0,0
[H]OC([H])([H])/C([H])=C(\[H])C([H])([H])N([H])C([H])([H])[H],QM7,0.5500,0,0
[H]C(=O)/C([H])=C(\[H])C([H])([H])N([H])C([H])([H])[H],QM7,0.6667,0,0
[H]OC([H])([H])C(=C([H])[H])C([H])([H])N([H])C([H])([H])[H],QM7,0.7059,0,0
[H]C(=O)C(=C([H])[H])C([H])([H])N([H])C([H])([H])[H],QM7,0.6087,0,0
[H]OC([H])([H])[C@]([H])(C([H])([H])[H])C([H])([H])N([H])C([H])([H])[H],QM7,0.6190,0,0
[H]OC(C([H])([H])[H])(C([H])([H])[H])C([H])([H])N([H])C([H])([H])[H],QM7,0.5556,0,0
[H]C(=O)[C@]([H])(C([H])([H])[H])C([H])([H])N([H])C([H])([H])[H],QM7,0.6000,0,0
[H]OC([H])([H])C#CC([H])([H])N([H])C([H])([H])[H],QM7,0.6842,0,0
[H]C(=O)C#CC([H])([H])N([H])C([H])([H])[H],QM7,0.6800,0,0
[H]O[C@]([H])(C([H])([H])[H])C([H])([H])C([H])([H])N([H])C([H])([H])[H],QM7,0.9412,0,0
[H]N(C([H])([H])[H])C([H])([H])C([H])([H])C(=O)C([H])([H])[H],QM7,0.8889,0,0
[H]C(=O)C([H])([H])C([H])([H])C([H])([H])N([H])C([H])([H])[H],QM7,1.0000,1,0
[H]ON([H])[C]([H])/C([H])=C(\[H])[N]C([H])([H])[H],QM7,0.2759,0,0
[H]O[N][C]([H])N(C([H])=C([H])[H])C([H])([H])[H],QM7,0.4348,0,0
[H]C([H])=C([H])N(C(=O)N([H])[H])C([H])([H])[H],QM7,0.5652,0,0
[H]O/N=C(/N(C([H])([H])[H])C([H])([H])[H])C([H])([H])[H],QM7,0.5000,0,0
[H]O[N][C]([H])C([H])([H])N(C([H])([H])[H])C([H])([H])[H],QM7,0.4167,0,0
[H]N([H])C(=O)C([H])([H])N(C([H])([H])[H])C([H])([H])[H],QM7,1.0000,1,0
[H]O[N][C]([H])[C@@]([H])(N([H])C([H])([H])[H])C([H])([H])[H],QM7,0.4091,0,0
[H]N([H])C(=O)[C@@]([H])(N([H])C([H])([H])[H])C([H])([H])[H],QM7,0.9412,0,0
[H]O/N=C(\C([H])([H])[H])C([H])([H])N([H])C([H])([H])[H],QM7,0.5000,0,0
[H]O[N][C]([H])C([H])([H])C([H])([H])N([H])C([H])([H])[H],QM7,0.4074,0,0
[H]N([H])C(=O)C([H])([H])C([H])([H])N([H])C([H])([H])[H],QM7,0.7083,0,0
[H]N(C([H])([H])[H])C([H])([H])C([H])([H])C([H])([H])OC([H])([H])[H],QM7,0.9412,0,0
[H]N(C([H])([H])[H])[C@@]([H])(C([H])([H])[H])C([H])([H])OC([H])([H])[H],QM7,0.9412,0,0
[H]/C(OC([H])([H])[H])=C(/[H])C([H])([H])N([H])C([H])([H])[H],QM7,0.5000,0,0
[H]C([H])=C(OC([H])([H])[H])C([H])([H])N([H])C([H])([H])[H],QM7,0.5263,0,0
[H]N(C([H])([H])[H])C([H])([H])[C@]([H])(OC([H])([H])[H])C([H])([H])[H],QM7,1.0000,1,0
[H]OC(=O)C([H])([H])N(C([H])([H])[H])C([H])([H])[H],QM7,1.0000,1,0
[H]OC(=O)[C@@]([H])(N([H])C([H])([H])[H])C([H])([H])[H],QM7,0.7500,0,0
[H]OC(=O)C([H])([H])C([H])([H])N([H])C([H])([H])[H],QM7,0.9412,0,0
[H]ON(/C(=N/C([H])([H])[H])C([H])([H])[H])C([H])([H])[H],QM7,0.5556,0,0
[H]C(=O)N([H])/C(=N/C([H])([H])[H])C([H])([H])[H],QM7,0.5217,0,0
[H]C(=O)/N=C(\[H])N(C([H])([H])[H])C([H])([H])[H],QM7,0.5000,0,0
[H]/N=C(\N(C([H])([H])[H])C([H])([H])[H])C([H])([H])O[H],QM7,0.3600,0,0
[H]/N=C(/C([H])=O)N(C([H])([H])[H])C([H])([H])[H],QM7,0.4231,0,0
[H]C(=O)N(C([H])([H])[H])C([H])([H])C#N,QM7,0.5417,0,0
[H]C(=O)N(C([H])([H])[H])C([H])([H])C([H])([H])N([H])[H],QM7,1.0000,1,0
[H]OC([H])([H])[C@@]([H])(N([H])C([H])([H])[H])C([H])([H])N([H])[H],QM7,1.0000,1,0
[H]OC([H])([H])[C@]([H])(N([H])[H])C([H])([H])N([H])C([H])([H])[H],QM7,0.5714,0,0
[H]C(=O)N([H])C([H])([H])C([H])([H])N([H])C([H])([H])[H],QM7,1.0000,1,0
[H]N(/C(=N/OC([H])([H])[H])C([H])([H])[H])C([H])([H])[H],QM7,0.5263,0,0
[H][C]([N]OC([H])([H])[H])C([H])([H])N([H])C([H])([H])[H],QM7,0.3636,0,0
[H]C([H])=C([H])C(=O)N(C([H])([H])[H])C([H])([H])[H],QM7,0.9375,0,0
[H]C#CC(=O)N(C([H])([H])[H])C([H])([H])[H],QM7,0.5217,0,0
[H]C#C[C@]([H])(C([H])=O)N([H])C([H])([H])[H],QM7,1.0000,1,0
[H]OC([H])([H])[C@@]([H])(C([H])=C([H])[H])N([H])C([H])([H])[H],QM7,1.0000,1,0
[H]C#C[C@@]([H])(N([H])C([H])([H])[H])C([H])([H])O[H],QM7,0.5417,0,0
[H]C([H])=C([H])C(=O)C([H])([H])N([H])C([H])([H])[H],QM7,0.5200,0,0
[H]C#CC(=O)C([H])([H])N([H])C([H])([H])[H],QM7,0.4545,0,0
[H]O[C@@]([H])(C([H])=C([H])[H])C([H])([H])N([H])C([H])([H])[H],QM7,1.0000,1,0
[H]C#C[C@]([H])(O[H])C([H])([H])N([H])C([H])([H])[H],QM7,0.5600,0,0
[H]C([H])=C([H])OC([H])([H])C([H])([H])N([H])C([H])([H])[H],QM7,0.6957,0,0
[H]N([H])C([H])([H])C(=O)N(C([H])([H])[H])C([H])([H])[H],QM7,0.6316,0,0
[H]C([H])([H])N(C(=O)C#N)C([H])([H])[H],QM7,0.5455,0,0
[H]/N=C(/[H])N(C([H])([H])[H])C([H])([H])C([H])=O,QM7,0.4348,0,0
[H]/N=C(/[H])N(C([H])([H])[H])C([H])([H])C([H])([H])O[H],QM7,0.5185,0,0
[H]C(=O)[C@@]([H])(C#N)N([H])C([H])([H])[H],QM7,0.5652,0,0
[H]OC([H])([H])[C@@]([H])(C#N)N([H])C([H])([H])[H],QM7,0.5357,0,0
[H]N(C([H])([H])[H])C([H])([H])C(=O)C#N,QM7,0.5417,0,0
[H]O[C@@]([H])(C([H])([H])N([H])[H])C([H])([H])N([H])C([H])([H])[H],QM7,0.5714,0,0
[H]O[C@@]([H])(C#N)C([H])([H])N([H])C([H])([H])[H],QM7,0.5833,0,0
[H]OC([H])([H])C(=O)N(C([H])([H])[H])C([H])([H])[H],QM7,0.7368,0,0
[H]C(=O)C(=O)N(C([H])([H])[H])C([H])([H])[H],QM7,0.8235,0,0
[H]C(=O)N(C([H])([H])[H])C([H])([H])C([H])=O,QM7,0.5556,0,0
[H]OC([H])([H])C([H])([H])N(C([H])=O)C([H])([H])[H],QM7,0.9444,0,0
[H]C(=O)C([H])(C([H])=O)N([H])C([H])([H])[H],QM7,0.6000,0,0
[H]OC([H])([H])C([H])(N([H])C([H])([H])[H])C([H])([H])O[H],QM7,0.9286,0,0
[H]OC([H])([H])[C@@]([H])(C([H])=O)N([H])C([H])([H])[H],QM7,0.5652,0,0
[H]OC([H])([H])C(=O)C([H])([H])N([H])C([H])([H])[H],QM7,0.5714,0,0
[H]C(=O)C(=O)C([H])([H])N([H])C([H])([H])[H],QM7,0.5652,0,0
[H]OC([H])([H])[C@]([H])(O[H])C([H])([H])N([H])C([H])([H])[H],QM7,0.9412,0,0
[H]O[C@@]([H])(C([H])=O)C([H])([H])N([H])C([H])([H])[H],QM7,0.5833,0,0
[H]C(=O)OC([H])([H])C([H])([H])N([H])C([H])([H])[H],QM7,0.5385,0,0
[H][C]([H])[N]N(C([H])([H])[H])C([H])([H])C([H])=O,QM7,0.4762,0,0
[H]OC([H])([H])C([H])([H])N([N][C]([H])[H])C([H])([H])[H],QM7,0.5000,0,0
[H]C(=O)/C(=N\C([H])([H])[H])N([H])C([H])([H])[H],QM7,0.4615,0,0
[H]OC([H])([H])/C(=N\C([H])([H])[H])N([H])C([H])([H])[H],QM7,0.5714,0,0
[H]N(C(=O)C([H])([H])N([H])C([H])([H])[H])C([H])([H])[H],QM7,0.9375,0,0
[H][C]([H])[N]OC([H])([H])C([H])([H])N([H])C([H])([H])[H],QM7,0.5200,0,0
[H]N(C([H])([H])[H])C([H])([H])C(=O)OC([H])([H])[H],QM7,0.8889,0,0
[H]OC([H])([H])C([H])([H])N([H])/C([H])=N/C([H])([H])[H],QM7,0.5652,0,0
[H]N([H])/C(=N\C([H])([H])[H])C(=O)C([H])([H])[H],QM7,0.6190,0,0
[H]C(=O)C([H])([H])/C(=N/C([H])([H])[H])N([H])[H],QM7,0.5600,0,0
[H]C(=O)N(/C([H])=N/C([H])([H])[H])C([H])([H])[H],QM7,0.5714,0,0
[H][C]([N]C([H])([H])[H])N([H])C(=O)C([H])([H])[H],QM7,0.4348,0,0
[H][C]([N]C([H])([H])[H])N([H])C([H])([H])C([H])=O,QM7,0.4000,0,0
[H]/N=C(/[H])N(C(=O)C([H])([H])[H])C([H])([H])[H],QM7,0.4400,0,0
[H]OC([H])([H])[C]([H])[N]N(C([H])([H])[H])C([H])([H])[H],QM7,0.3846,0,0
[H][C]([N]N(C([H])([H])[H])C([H])([H])[H])C([H])=O,QM7,0.3636,0,0
[H]C(=O)N(N(C([H])([H])[H])C([H])([H])[H])C([H])([H])[H],QM7,0.4667,0,0
[H]N(C(=O)C([H])([H])[H])N(C([H])([H])[H])C([H])([H])[H],QM7,0.9333,0,0
[H]/N=C(\N([H])C([H])([H])[H])C([H])([H])C([H])([H])O[H],QM7,0.4231,0,0
[H]/N=C(\N([H])C([H])([H])[H])[C@]([H])(O[H])C([H])([H])[H],QM7,0.3462,0,0
[H]/N=C(\N([H])C([H])([H])[H])C([H])([H])OC([H])([H])[H],QM7,0.3793,0,0
[H]ON([H])/C(=N\C([H])([H])[H])C([H])=C([H])[H],QM7,0.5909,0,0
[H]C#C/C(=N/C([H])([H])[H])N([H])O[H],QM7,0.3913,0,0
[H]ON([C]([H])[N]C([H])([H])[H])C([H])=C([H])[H],QM7,0.3684,0,0
[H]C(=O)N(C(=C([H])[H])C([H])([H])[H])C([H])([H])[H],QM7,0.5000,0,0
[H]/C(C(=O)N([H])C([H])([H])[H])=C(/[H])C([H])([H])[H],QM7,1.0000,1,0
[H]N(C(=O)C([H])(C([H])([H])[H])C([H])([H])[H])C([H])([H])[H],QM7,0.9333,0,0
[H]C([H])=C(C(=O)N([H])C([H])([H])[H])C([H])([H])[H],QM7,0.9375,0,0
[H]N(C(=O)C#CC([H])([H])[H])C([H])([H])[H],QM7,0.5714,0,0
[H]C([H])=C([H])C([H])([H])C(=O)N([H])C([H])([H])[H],QM7,0.6190,0,0
[H]C#CC([H])([H])C(=O)N([H])C([H])([H])[H],QM7,0.5909,0,0
[H]/N=C(\N(C([H])=O)C([H])([H])[H])C([H])([H])[H],QM7,0.4074,0,0
[H]N(C(=O)C([H])([H])C([H])([H])N([H])[H])C([H])([H])[H],QM7,0.8947,0,0
[H]/C(C(=O)N([H])C([H])([H])[H])=C(/[H])N([H])[H],QM7,0.5714,0,0
[H]N(C(=O)[C@]([H])(N([H])[H])C([H])([H])[H])C([H])([H])[H],QM7,0.8421,0,0
[H]N(C(=O)C([H])([H])C#N)C([H])([H])[H],QM7,0.6522,0,0
[H]C(=O)N(C(=O)C([H])([H])[H])C([H])([H])[H],QM7,0.5455,0,0
[H]OC([H])([H])C([H])([H])C(=O)N([H])C([H])([H])[H],QM7,0.6364,0,0
[H]O[C@@]([H])(C(=O)N([H])C([H])([H])[H])C([H])([H])[H],QM7,0.6316,0,0
[H]N(C(=O)C(=O)C([H])([H])[H])C([H])([H])[H],QM7,0.9286,0,0
[H]C(=O)C([H])([H])C(=O)N([H])C([H])([H])[H],QM7,0.6071,0,0
[H]N(/C(=N/C([H])([H])[H])OC([H])([H])[H])C([H])([H])[H],QM7,0.5455,0,0
[H]N(C(=O)C([H])([H])OC([H])([H])[H])C([H])([H])[H],QM7,0.6000,0,0
[H]N(C(=O)N(C([H])([H])[H])C([H])([H])[H])C([H])([H])[H],QM7,0.9333,0,0
[H][C]([H])[N][N][C]([H])C([H])([H])C([H])=O,QM7,0.3684,0,0
[H]C(=O)/C([H])=C(\[H])N([H])N=C([H])[H],QM7,0.5714,0,0
[H][C]([H])[N]N([H])C([H])([H])C([H])([H])C([H])=O,QM7,0.4545,0,0
[H]C([H])=NN(C(=O)C([H])([H])[H])C([H])([H])[H],QM7,0.5238,0,0
[H]OC([H])([H])C([H])([H])[C]([H])[N]N([H])C([H])([H])[H],QM7,0.3929,0,0
[H]OC([H])([H])/C(=N/N([H])C([H])([H])[H])C([H])([H])[H],QM7,0.6190,0,0
[H]C(=O)/C(=N/N([H])C([H])([H])[H])C([H])([H])[H],QM7,0.5455,0,0
[H]O[C@@]([H])([C]([H])[N]N([H])C([H])([H])[H])C([H])([H])[H],QM7,0.3600,0,0
[H][C]([N]N([H])C([H])([H])[H])C(=O)C([H])([H])[H],QM7,0.4091,0,0
[H][C]([N]N([H])C([H])([H])[H])C([H])([H])C([H])=O,QM7,0.4000,0,0
[H]C(=O)N(C([H])=C([H])[H])N([H])C([H])([H])[H],QM7,0.5455,0,0
[H]N(N(C(=O)C([H])([H])[H])C([H])([H])[H])C([H])([H])[H],QM7,0.5172,0,0
[H][C]([N]N([H])C([H])([H])[H])C([H])([H])OC([H])([H])[H],QM7,0.3636,0,0
[H]N(/N=C(/OC([H])([H])[H])C([H])([H])[H])C([H])([H])[H],QM7,0.5455,0,0
[H]C#CC(=O)N([H])[N][C]([H])[H],QM7,0.4545,0,0
[H]C([H])=C([H])C(=O)N(N([H])[H])C([H])([H])[H],QM7,0.5909,0,0
[H]C#CC(=O)N(N([H])[H])C([H])([H])[H],QM7,0.5417,0,0
[H][C]([N]N([H])C([H])([H])[H])OC([H])=C([H])[H],QM7,0.3810,0,0
[H]C([H])=C([H])C(=O)N([H])N([H])C([H])([H])[H],QM7,1.0000,1,0
[H]C#CC(=O)N([H])N([H])C([H])([H])[H],QM7,0.6190,0,0
[H]C#CC([H])([H])C([H])([H])O[N][C]([H])[H],QM7,0.4483,0,0
[H][C]([H])[N]OC([H])([H])C([H])([H])C#N,QM7,0.4762,0,0
[H][C]([H])[N]OC([H])([H])C([H])([H])C([H])=O,QM7,0.4583,0,0
[H]/N=C(/C([H])=C([H])[H])N(O[H])C([H])([H])[H],QM7,0.4074,0,0
[H]C#C/C(=N/[H])N(O[H])C([H])([H])[H],QM7,0.3636,0,0
[H]C#CC(=O)O[N][C]([H])[H],QM7,0.4348,0,0
[H]ON(C(=O)C([H])=C([H])[H])C([H])([H])[H],QM7,0.8889,0,0
[H]C#CC(=O)N(O[H])C([H])([H])[H],QM7,0.5000,0,0
[H]N([H])C([H])([H])C([H])([H])C([H])([H])C([H])([H])OC([H])([H])[H],QM7,0.7647,0,0
[H]/C(OC([H])([H])[H])=C(/[H])C([H])([H])C([H])([H])N([H])[H],QM7,0.5455,0,0
[H]/C(OC([H])([H])[H])=C(/C([H])([H])[H])C([H])([H])N([H])[H],QM7,1.0000,1,0
[H]/C(OC([H])([H])[H])=C(\C#N)C([H])([H])[H],QM7,0.5714,0,0
[H]/C(OC([H])([H])[H])=C(/[H])[C@]([H])(N([H])[H])C([H])([H])[H],QM7,0.4800,0,0
[H]/C(OC([H])([H])[H])=C(/[H])C([H])([H])C#N,QM7,0.5833,0,0
[H]C([H])=C(OC([H])([H])[H])C([H])([H])C([H])([H])N([H])[H],QM7,0.6667,0,0
[H]C([H])=C(OC([H])([H])[H])[C@]([H])(N([H])[H])C([H])([H])[H],QM7,1.0000,1,0
[H]C([H])=C(OC([H])([H])[H])C([H])([H])C#N,QM7,0.5600,0,0
[H]/C(=C(\C#N)OC([H])([H])[H])C([H])([H])[H],QM7,0.5652,0,0
[H]C([H])=C([H])[C@@]([H])(C#N)OC([H])([H])[H],QM7,0.6000,0,0
[H]N([H])C([H])([H])C([H])([H])[C@@]([H])(OC([H])([H])[H])C([H])([H])[H],QM7,0.9412,0,0
[H]/C(=C(\OC([H])([H])[H])C([H])([H])[H])C([H])([H])N([H])[H],QM7,0.5455,0,0
[H]/C(C#N)=C(\OC([H])([H])[H])C([H])([H])[H],QM7,0.5455,0,0
[H]N([H])C([H])([H])C(OC([H])([H])[H])(C([H])([H])[H])C([H])([H])[H],QM7,0.5625,0,0
[H]C([H])([H])OC(C#N)(C([H])([H])[H])C([H])([H])[H],QM7,0.6842,0,0
[H]N([H])[C@]([H])(C([H])([H])[H])[C@@]([H])(OC([H])([H])[H])C([H])([H])[H],QM7,1.0000,3,0
[H]C([H])([H])O[C@@]([H])(C([H])([H])[H])C([H])([H])C#N,QM7,1.0000,1,0
[H]C#C[C@@]([H])(C#N)OC([H])([H])[H],QM7,0.3913,0,0
[H]/C(=C(/[H])C([H])([H])N([H])[H])C([H])([H])OC([H])([H])[H],QM7,0.6111,0,0
[H]/C(C#N)=C(/[H])C([H])([H])OC([H])([H])[H],QM7,0.4783,0,0
[H]C([H])=C(C([H])([H])OC([H])([H])[H])C([H])([H])N([H])[H],QM7,0.6000,0,0
[H]C([H])=C(C#N)C([H])([H])OC([H])([H])[H],QM7,1.0000,1,0
[H]N([H])C([H])([H])[C@]([H])(C([H])([H])[H])C([H])([H])OC([H])([H])[H],QM7,0.9412,0,0
[H]N([H])C(C([H])([H])[H])(C([H])([H])[H])C([H])([H])OC([H])([H])[H],QM7,0.5882,0,0
[H]C([H])([H])OC([H])([H])[C@]([H])(C#N)C([H])([H])[H],QM7,1.0000,1,0
[H]N([H])C([H])([H])C#CC([H])([H])OC([H])([H])[H],QM7,0.6000,0,0
[H]C([H])([H])OC([H])([H])C#CC#N,QM7,0.6667,0,0
[H]N([H])[C@]([H])(C([H])([H])[H])C([H])([H])C([H])([H])OC([H])([H])[H],QM7,1.0000,1,0
[H]C([H])([H])OC([H])([H])C([H])([H])C([H])([H])C#N,QM7,0.8095,0,0
[H][C](OC([H])([H])[H])/C([H])=C(\[H])[N]N([H])[H],QM7,0.2800,0,0
[H][C]([H])/C(OC([H])([H])[H])=C(/[H])[N]N([H])[H],QM7,0.3462,0,0
[H]/N=C(\C(OC([H])([H])[H])=C([H])[H])N([H])[H],QM7,0.4286,0,0
[H]C([H])=C([H])/C(=N\N([H])[H])OC([H])([H])[H],QM7,0.5600,0,0
[H][C]([N]N([H])[H])[C@@]([H])(OC([H])([H])[H])C([H])([H])[H],QM7,0.3913,0,0
[H]/N=C(/N([H])[H])[C@@]([H])(OC([H])([H])[H])C([H])([H])[H],QM7,0.4583,0,0
[H]N([H])/N=C(\C([H])([H])[H])C([H])([H])OC([H])([H])[H],QM7,0.5000,0,0
[H][C]([N]N([H])[H])C([H])([H])C([H])([H])OC([H])([H])[H],QM7,0.4000,0,0
[H]O[N]/C([H])=C(\[H])[C]([H])OC([H])([H])[H],QM7,0.3000,0,0
[H]/C(OC([H])([H])[H])=C(/[H])C(=O)N([H])[H],QM7,0.5714,0,0
[H]O[N]/C([H])=C(/OC([H])([H])[H])[C]([H])[H],QM7,0.3600,0,0
[H]C([H])=C(OC([H])([H])[H])C(=O)N([H])[H],QM7,0.6957,0,0
[H]O/N=C(/OC([H])([H])[H])C([H])=C([H])[H],QM7,0.5652,0,0
[H]O[N][C]([H])[C@@]([H])(OC([H])([H])[H])C([H])([H])[H],QM7,0.3913,0,0
[H]N([H])C(=O)[C@@]([H])(OC([H])([H])[H])C([H])([H])[H],QM7,0.6000,0,0
[H]O/N=C(\C([H])([H])[H])C([H])([H])OC([H])([H])[H],QM7,0.5500,0,0
[H]O[N][C]([H])C([H])([H])C([H])([H])OC([H])([H])[H],QM7,0.4400,0,0
[H]N([H])C(=O)C([H])([H])C([H])([H])OC([H])([H])[H],QM7,0.6400,0,0
[H]/C(=C(\OC([H])([H])[H])C([H])([H])N([H])[H])C([H])([H])[H],QM7,0.5909,0,0
[H]C([H])=C([H])[C@@]([H])(OC([H])([H])[H])C([H])([H])N([H])[H],QM7,1.0000,1,0
[H]C#C[C@@]([H])(OC([H])([H])[H])C([H])([H])N([H])[H],QM7,0.6667,0,0
[H]C([H])=C([H])[C@]([H])(N([H])[H])C([H])([H])OC([H])([H])[H],QM7,0.5200,0,0
[H]C#C[C@]([H])(N([H])[H])C([H])([H])OC([H])([H])[H],QM7,0.5909,0,0
[H]C([H])([H])OC([H])([H])C([H])([H])N(C([H])([H])[H])C([H])([H])[H],QM7,0.9333,0,0
[H]/N=C(/[H])N([H])C(OC([H])([H])[H])=C([H])[H],QM7,0.3750,0,0
[H]/C(=C(\C#N)OC([H])([H])[H])N([H])[H],QM7,0.5200,0,0
[H]N([H])C([H])([H])C([H])(OC([H])([H])[H])C([H])([H])N([H])[H],QM7,0.6667,0,0
[H]N([H])C([H])([H])[C@]([H])(N([H])[H])C([H])([H])OC([H])([H])[H],QM7,0.5714,0,0
[H]/N=C(/[H])N([H])C([H])([H])C([H])([H])OC([H])([H])[H],QM7,0.4375,0,0
[H]C(=O)N([H])C(OC([H])([H])[H])=C([H])[H],QM7,0.5000,0,0
[H]C(=O)/C(OC([H])([H])[H])=C(/[H])N([H])[H],QM7,0.5455,0,0
[H]OC([H])([H])[C@@]([H])(OC([H])([H])[H])C([H])([H])N([H])[H],QM7,1.0000,1,0
[H]OC([H])([H])[C@]([H])(N([H])[H])C([H])([H])OC([H])([H])[H],QM7,1.0000,1,0
[H]C(=O)N([H])C([H])([H])C([H])([H])OC([H])([H])[H],QM7,0.7391,0,0
[H][C]([H])[N][N][C](OC([H])([H])[H])C([H])([H])[H],QM7,0.3500,0,0
[H][C]([H])[N][N][C]([H])C([H])([H])OC([H])([H])[H],QM7,0.3750,0,0
[H][C]([H])[N]N([H])C([H])([H])C([H])([H])OC([H])([H])[H],QM7,0.5238,0,0
[H]N([H])C([H])([H])C([H])(OC([H])([H])[H])OC([H])([H])[H],QM7,0.5652,0,0
[H][C]([N]OC([H])([H])[H])C([H])([H])OC([H])([H])[H],QM7,0.4286,0,0
[H]O[C@]([H])(C([H])([H])OC([H])([H])[H])C([H])([H])N([H])[H],QM7,0.6667,0,0
[H][C]([H])[N]O[C@@]([H])(OC([H])([H])[H])C([H])([H])[H],QM7,0.4444,0,0
[H][C]([H])[N]OC([H])([H])C([H])([H])OC([H])([H])[H],QM7,0.5294,0,0
[H]/C(C#N)=C(\OC([H])([H])[H])N([H])[H],QM7,0.5217,0,0
[H]C(=O)/C([H])=C(/OC([H])([H])[H])N([H])[H],QM7,0.4800,0,0
[H][C]([N][N][C]([H])C([H])([H])[H])OC([H])([H])[H],QM7,0.3000,0,0
[H][C]([N]N(C([H])([H])[H])C([H])([H])[H])OC([H])([H])[H],QM7,0.4091,0,0
[H]/N=C(\OC([H])([H])[H])N(C([H])([H])[H])C([H])([H])[H],QM7,0.4000,0,0
[H]C#C/C(=N/N([H])[H])OC([H])([H])[H],QM7,0.3600,0,0
[H]C#C/C(=N/O[H])OC([H])([H])[H],QM7,0.4286,0,0
[H]N([H])C([H])([H])C([H])([H])OC([H])([H])OC([H])([H])[H],QM7,0.6471,0,0
[H]N([H])C([H])([H])C([H])([H])C(=O)OC([H])([H])[H],QM7,0.9444,0,0
[H]/C(C(=O)OC([H])([H])[H])=C(/[H])N([H])[H],QM7,1.0000,1,0
[H]N([H])[C@@]([H])(C(=O)OC([H])([H])[H])C([H])([H])[H],QM7,0.6667,0,0
[H]C([H])([H])OC(=O)N(C([H])([H])[H])C([H])([H])[H],QM7,0.9333,0,0
[H][C]([N]OC([H])([H])OC([H])([H])[H])C([H])([H])[H],QM7,0.5455,0,0
[H]C([H])=C([H])/C(=N/OC([H])([H])[H])C([H])([H])[H],QM7,0.5000,0,0
[H]C#C/C(=N/OC([H])([H])[H])C([H])([H])[H],QM7,0.5000,0,0
[H][C](/C([H])=C(\[H])[N]OC([H])([H])[H])C([H])([H])[H],QM7,0.3333,0,0
[H][C]([N]OC([H])([H])[H])C([H])(C([H])([H])[H])C([H])([H])[H],QM7,0.3333,0,0
[H][C]([H])/C(=C(\[H])[N]OC([H])([H])[H])C([H])([H])[H],QM7,0.3600,0,0
[H][C](C#CC([H])([H])[H])[N]OC([H])([H])[H],QM7,0.3750,0,0
[H][C]([N]OC([H])([H])[H])C([H])([H])C([H])=C([H])[H],QM7,0.3571,0,0
[H]C#CC([H])([H])[C]([H])[N]OC([H])([H])[H],QM7,0.5200,0,0
[H][C]([N]OC([H])([H])[H])C([H])([H])C([H])([H])N([H])[H],QM7,0.3929,0,0
[H]N([H])C([H])([H])/C(=N/OC([H])([H])[H])C([H])([H])[H],QM7,0.6364,0,0
[H]C([H])([H])O/N=C(/C#N)C([H])([H])[H],QM7,0.5200,0,0
[H][C](/C([H])=C(\[H])[N]OC([H])([H])[H])N([H])[H],QM7,0.2727,0,0
[H][C]([N]OC([H])([H])[H])[C@]([H])(N([H])[H])C([H])([H])[H],QM7,0.3846,0,0
[H][C]([N]OC([H])([H])[H])C([H])([H])C#N,QM7,0.4400,0,0
[H]/N=C(/[H])N(OC([H])([H])[H])C([H])=C([H])[H],QM7,0.3333,0,0
[H]/N=C(\N(OC([H])([H])[H])C([H])([H])[H])C([H])([H])[H],QM7,0.4000,0,0
[H]OC([H])([H])C([H])([H])[C]([H])[N]OC([H])([H])[H],QM7,0.3571,0,0
[H]OC([H])([H])/C(=N/OC([H])([H])[H])C([H])([H])[H],QM7,0.6316,0,0
[H]C(=O)/C(=N/OC([H])([H])[H])C([H])([H])[H],QM7,0.4800,0,0
[H]O[C@@]([H])([C]([H])[N]OC([H])([H])[H])C([H])([H])[H],QM7,0.4000,0,0
[H][C]([N]OC([H])([H])[H])C(=O)C([H])([H])[H],QM7,0.4211,0,0
[H][C]([N]OC([H])([H])[H])C([H])([H])C([H])=O,QM7,0.4000,0,0
[H]C(=O)N(OC([H])([H])[H])C([H])=C([H])[H],QM7,0.4000,0,0
[H]C([H])([H])ON(C(=O)C([H])([H])[H])C([H])([H])[H],QM7,0.5500,0,0
[H][C]([N]C([H])([H])[H])N(OC([H])([H])[H])C([H])([H])[H],QM7,0.5238,0,0
[H]C([H])([H])O/N=C(/OC([H])([H])[H])C([H])([H])[H],QM7,1.0000,1,0
[H][C]([N]OC([H])([H])[H])N(C([H])([H])[H])C([H])([H])[H],QM7,0.4286,0,0
[H]/N=C(/C([H])=C([H])[H])N([H])OC([H])([H])[H],QM7,0.3871,0,0
[H]C#C/C(=N/[H])N([H])OC([H])([H])[H],QM7,0.3636,0,0
[H][C]([N]OC([H])([H])[H])OC([H])=C([H])[H],QM7,0.4737,0,0
[H]C([H])=C([H])C(=O)N([H])OC([H])([H])[H],QM7,0.7500,0,0
[H]C#CC(=O)N([H])OC([H])([H])[H],QM7,0.6154,0,0
[H]C([H])([H])C([H])([H])C([H])([H])C([H])([H])C([H])([H])[C][C],QM7,0.5263,0,0
[H]OC([H])([H])C([H])([H])C([H])([H])C([H])([H])C([H])([H])N([H])[H],QM7,1.0000,3,0
[H]C(=O)/C(C([H])=C([H])[H])=C(\[H])N([H])[H],QM7,0.5652,0,0
[H]C(=O)/C([H])=C(\C([H])=C([H])[H])N([H])[H],QM7,0.5789,0,0
[H]OC([H])([H])C([H])([H])/C([H])=C(\[H])C([H])([H])N([H])[H],QM7,0.6250,0,0
[H]OC([H])([H])C([H])([H])C(=C([H])[H])C([H])([H])N([H])[H],QM7,0.5000,0,0
[H]OC([H])([H])C([H])([H])C#CC([H])([H])N([H])[H],QM7,1.0000,1,0
[H]OC([H])([H])/C([H])=C(\[H])C([H])([H])C([H])([H])N([H])[H],QM7,0.6842,0,0
[H]OC([H])([H])C(=C([H])[H])C([H])([H])C([H])([H])N([H])[H],QM7,1.0000,1,0
[H]OC([H])([H])C#CC([H])([H])C([H])([H])N([H])[H],QM7,1.0000,1,0
[H]O[N][C]([H])[C@]([H])(C([H])=C([H])[H])N([H])[H],QM7,0.4091,0,0
[H]C([H])=C([H])[C@@]([H])(C(=O)N([H])[H])N([H])[H],QM7,0.6000,0,0
[H][C]([H])C([C])([C])C([H])(C([H])([H])[H])C([H])([H])[H],QM7,0.3750,0,0
[H],QM7,0.2000,0,0
[HH].[HH],QM7,0.5000,0,0
[H]C#C[C@@]([H])(C(=O)N([H])[H])N([H])[H],QM7,1.0000,1,0
[H]O[N]/C([H])=C(\[H])[C]([H])C([H])([H])N([H])[H],QM7,0.2800,0,0
[H]/C(C(=O)N([H])[H])=C(/[H])C([H])([H])N([H])[H],QM7,1.0000,1,0
[H]O[N]/C([H])=C(/[C]([H])[H])C([H])([H])N([H])[H],QM7,0.3448,0,0
[H]C([H])=C(C(=O)N([H])[H])C([H])([H])N([H])[H],QM7,0.6000,0,0
[H]O/N=C(\C([H])=C([H])[H])C([H])([H])N([H])[H],QM7,0.5217,0,0
[H]O[N][C]([H])C#CC([H])([H])N([H])[H],QM7,0.4762,0,0
[H]N([H])C(=O)C#CC([H])([H])N([H])[H],QM7,1.0000,1,0
[H]O[N][C]([H])C([H])([H])C([H])([H])C([H])([H])N([H])[H],QM7,0.5455,0,0
[H]N([H])C(=O)C([H])([H])C([H])([H])C([H])([H])N([H])[H],QM7,1.0000,1,0
[H]OC(=O)[C@]([H])(C([H])=C([H])[H])N([H])[H],QM7,1.0000,1,0
[H]C#C[C@@]([H])(C(=O)O[H])N([H])[H],QM7,0.6000,0,0
[H]OC(=O)/C([H])=C(\[H])C([H])([H])N([H])[H],QM7,0.6000,0,0
[H]OC(=O)C(=C([H])[H])C([H])([H])N([H])[H],QM7,0.5000,0,0
[H]OC(=O)C#CC([H])([H])N([H])[H],QM7,0.6000,0,0
[H]OC(=O)C([H])([H])C([H])([H])C([H])([H])N([H])[H],QM7,1.0000,1,0
[H]OC([H])([H])C([H])(C([H])([H])N([H])[H])C([H])([H])N([H])[H],QM7,1.0000,1,0
[H]OC([H])([H])[C@]([H])(N([H])[H])C([H])([H])C([H])([H])N([H])[H],QM7,1.0000,1,0
[H]C(=O)N([H])C([H])([H])C([H])([H])C([H])([H])N([H])[H],QM7,0.9444,0,0
[H]C#C/C(C([H])=O)=C(\[H])N([H])[H],QM7,0.4138,0,0
[H]C([H])=C([H])C(=O)/C([H])=C(\[H])N([H])[H],QM7,1.0000,1,0
[H]C#CC(=O)/C([H])=C(\[H])N([H])[H],QM7,0.4500,0,0
[H]C#C/C(=C(\[H])C([H])=O)N([H])[H],QM7,0.5217,0,0
[H]OC([H])([H])C([H])([H])[C@@]([H])(C([H])=C([H])[H])N([H])[H],QM7,1.0000,1,0
[H]C#C[C@@]([H])(N([H])[H])C([H])([H])C([H])([H])O[H],QM7,0.5909,0,0
[H]C([H])=C([H])O/C([H])=C(\[H])C([H])([H])N([H])[H],QM7,0.5455,0,0
[H]C([H])=C([H])OC(=C([H])[H])C([H])([H])N([H])[H],QM7,0.5455,0,0
[H]OC([H])([H])[C@@]([H])(C([H])=C([H])[H])C([H])([H])N([H])[H],QM7,0.5455,0,0
[H]C#C[C@]([H])(C([H])([H])O[H])C([H])([H])N([H])[H],QM7,0.5455,0,0
[H]O[C@@]([H])(C([H])=C([H])[H])C([H])([H])C([H])([H])N([H])[H],QM7,0.5909,0,0
[H]C#C[C@]([H])(O[H])C([H])([H])C([H])([H])N([H])[H],QM7,0.5714,0,0
[H]C([H])=C([H])OC([H])([H])C([H])([H])C([H])([H])N([H])[H],QM7,0.8421,0,0
[H]C(=O)/C(C#N)=C(/[H])N([H])[H],QM7,0.5000,0,0
[H]OC([H])([H])/C(C#N)=C(/[H])N([H])[H],QM7,0.6190,0,0
[H]/C(C(=O)C#N)=C(/[H])N([H])[H],QM7,0.4500,0,0
[H]C(=O)/C([H])=C(/C#N)N([H])[H],QM7,0.5455,0,0
[H]O[C@@]([H])(C([H])([H])N([H])[H])C([H])([H])C([H])([H])N([H])[H],QM7,0.9333,0,0
[H]C(=O)C(C([H])=O)=C([H])N([H])[H],QM7,0.4783,0,0
[H]OC([H])([H])/C(C([H])=O)=C(/[H])N([H])[H],QM7,0.5500,0,0
[H]OC([H])([H])C(=O)/C([H])=C(\[H])N([H])[H],QM7,0.6471,0,0
[H]C(=O)C(=O)/C([H])=C(\[H])N([H])[H],QM7,0.6875,0,0
[H]C(=O)O/C([H])=C(\[H])C([H])([H])N([H])[H],QM7,0.5455,0,0
[H]C(=O)OC(=C([H])[H])C([H])([H])N([H])[H],QM7,0.4286,0,0
[H]OC([H])([H])C([H])(C([H])([H])O[H])C([H])([H])N([H])[H],QM7,0.8462,0,0
[H]OC([H])([H])[C@]([H])(O[H])C([H])([H])C([H])([H])N([H])[H],QM7,1.0000,1,0
[H]C(=O)OC([H])([H])C([H])([H])C([H])([H])N([H])[H],QM7,0.8000,0,0
[H][C]([H])[N]OC([H])([H])C([H])([H])C([H])([H])N([H])[H],QM7,0.4800,0,0
[H]OC([H])([H])C([H])([H])N([H])C([H])([H])C([H])([H])N([H])[H],QM7,1.0000,1,0
[H]OC([H])([H])C([H])([H])[C@]([H])(N([H])[H])C([H])([H])N([H])[H],QM7,0.9375,0,0
[H]C#C[C@]([H])([C]([H])[N]O[H])N([H])[H],QM7,0.3077,0,0
[H]C#C/C(=N/O[H])C([H])([H])N([H])[H],QM7,0.3478,0,0
[H]OC([H])([H])[C@]([H])(N([H])[H])C([H])([H])C([H])=C([H])[H],QM7,0.9444,0,0
[H]C#CC([H])([H])[C@@]([H])(N([H])[H])C([H])([H])O[H],QM7,0.5652,0,0
[H]O[C@@]([H])(C([H])([H])C([H])=C([H])[H])C([H])([H])N([H])[H],QM7,0.6538,0,0
[H]C#CC([H])([H])[C@]([H])(O[H])C([H])([H])N([H])[H],QM7,0.5909,0,0
[H]C([H])=C([H])C([H])([H])OC([H])([H])C([H])([H])N([H])[H],QM7,0.8095,0,0
[H]C#CC([H])([H])OC([H])([H])C([H])([H])N([H])[H],QM7,0.8947,0,0
[H]N([H])C([H])([H])C([H])([H])OC([H])([H])C([H])([H])N([H])[H],QM7,1.0000,2,0
[H]C(=O)/C(=C(/[H])C#N)N([H])[H],QM7,0.4444,0,0
[H]OC([H])([H])/C(=C(/[H])C#N)N([H])[H],QM7,0.5200,0,0
[H]OC([H])([H])C([H])([H])OC([H])([H])C([H])([H])N([H])[H],QM7,0.9375,0,0
[H]C(=O)/C([H])=C(\C([H])=O)N([H])[H],QM7,1.0000,1,0
[H]OC([H])([H])C([H])([H])[C@@]([H])(N([H])[H])C([H])([H])O[H],QM7,0.7059,0,0
[H]OC([H])([H])/C(=C(/[H])C([H])=O)N([H])[H],QM7,0.5455,0,0
[H]OC([H])([H])C([H])([H])[C@]([H])(O[H])C([H])([H])N([H])[H],QM7,0.6875,0,0
[H]C([H])=C([H])OC(=O)C([H])([H])N([H])[H],QM7,0.9474,0,0
[H]/N=C(\[H])N([H])C([H])([H])C([H])([H])C([H])=O,QM7,0.5000,0,0
[H]/N=C(\N([H])[H])C([H])([H])C([H])([H])C([H])([H])O[H],QM7,0.4167,0,0
[H]/N=C(/C(=C([H])[H])C([H])([H])O[H])N([H])[H],QM7,0.4167,0,0
[H]/N=C(/C#CC([H])([H])O[H])N([H])[H],QM7,0.3500,0,0
[H]/N=C(/C#CC([H])=O)N([H])[H],QM7,0.3704,0,0
[H]C([H])([H])C([H])(C([H])([H])[H])C([H])([H])[C@]([H])([C])C([H])([H])[H],QM7,0.5000,0,0
[H]/N=C(\N([H])[H])C([H])([H])C([H])([H])C([H])=O,QM7,0.5000,0,0
[H]C#C/C(=N\[H])N([H])C([H])=O,QM7,0.3548,0,0
[H]C#CC(=O)N([H])/C([H])=N/[H],QM7,0.4483,0,0
[H]/N=C(/C(=O)C([H])=C([H])[H])N([H])[H],QM7,0.4167,0,0
[H]C#CC(=O)/C(=N/[H])N([H])[H],QM7,0.4286,0,0
[H]/N=C(\N([H])[H])[C@@]([H])(O[H])C([H])=C([H])[H],QM7,0.4074,0,0
[H]C#C[C@]([H])(O[H])/C(=N/[H])N([H])[H],QM7,0.3704,0,0
[H]/N=C(\N([H])[H])C([H])([H])OC([H])=C([H])[H],QM7,0.4643,0,0
[H]C#CC([H])([H])ON([H])/C([H])=N/[H],QM7,0.4828,0,0
[H]/N=C(/OC([H])([H])C([H])=C([H])[H])N([H])[H],QM7,0.4643,0,0
[H]C#CC([H])([H])O/C(=N/[H])N([H])[H],QM7,0.5000,0,0
[H]C([H])=C([H])/C([H])=C(\[H])C(=O)N([H])[H],QM7,0.7895,0,0
[H]C#C/C([H])=C(\[H])C(=O)N([H])[H],QM7,1.0000,1,0
[H]C([H])=C([H])C(C(=O)N([H])[H])=C([H])[H],QM7,0.5263,0,0
[H]C#CC(C(=O)N([H])[H])=C([H])[H],QM7,0.5000,0,0
[H]C([H])=C([H])C#CC(=O)N([H])[H],QM7,0.4500,0,0
[H]C#CC#CC(=O)N([H])[H],QM7,0.6471,0,0
[H]C([H])=C([H])C([H])([H])C([H])([H])C(=O)N([H])[H],QM7,0.7143,0,0
[H]C#CC([H])([H])C([H])([H])C(=O)N([H])[H],QM7,0.6818,0,0
[H]/C(C#N)=C(/[H])C(=O)N([H])[H],QM7,0.5455,0,0
[H]C([H])=C(C#N)C(=O)N([H])[H],QM7,0.8889,0,0
[H]N([H])C(=O)C#CC#N,QM7,0.6471,0,0
[H]N([H])C(=O)C([H])([H])C([H])([H])C#N,QM7,0.6818,0,0
[H]OC([H])([H])C([H])([H])C([H])([H])C(=O)N([H])[H],QM7,0.8750,0,0
[H]OC([H])([H])/C([H])=C(\[H])C(=O)N([H])[H],QM7,0.6316,0,0
[H]C(=O)/C([H])=C(\[H])C(=O)N([H])[H],QM7,0.5294,0,0
[H]OC([H])([H])C(C(=O)N([H])[H])=C([H])[H],QM7,0.9375,0,0
[H]C(=O)C(C(=O)N([H])[H])=C([H])[H],QM7,0.5238,0,0
[H]OC([H])([H])C#CC(=O)N([H])[H],QM7,0.6000,0,0
[H]C(=O)C#CC(=O)N([H])[H],QM7,0.4737,0,0
[H]C(=O)C([H])([H])C([H])([H])C(=O)N([H])[H],QM7,1.0000,1,0
[H]C([H])=C([H])C(=O)C(=O)N([H])[H],QM7,0.5294,0,0
[H]C#CC(=O)C(=O)N([H])[H],QM7,0.5625,0,0
[H]O[C@]([H])(C(=O)N([H])[H])C([H])=C([H])[H],QM7,0.5000,0,0
[H]C#C[C@]([H])(O[H])C(=O)N([H])[H],QM7,0.5238,0,0
[H]C([H])=C([H])OC([H])([H])C(=O)N([H])[H],QM7,0.5600,0,0
[H]C([H])=C([H])C([H])([H])N([H])C(=O)N([H])[H],QM7,0.9474,0,0
[H]C#CC([H])([H])N([H])C(=O)N([H])[H],QM7,0.6190,0,0
[H]C([H])=C([H])C([H])([H])OC(=O)N([H])[H],QM7,0.9000,0,0
[H]C#CC([H])([H])OC(=O)N([H])[H],QM7,0.6190,0,0
[H]OC([H])([H])C([H])([H])C([H])([H])[C]([H])[N]N([H])[H],QM7,0.4091,0,0
[H]OC([H])([H])[C]([H])/C([H])=C(\[H])[N]N([H])[H],QM7,0.2857,0,0
[H]OC([H])([H])/C([C]([H])[H])=C(/[H])[N]N([H])[H],QM7,0.3214,0,0
[H]OC([H])([H])C#C[C]([H])[N]N([H])[H],QM7,0.4348,0,0
[H]C(=O)N(N([H])[H])C([H])([H])C([H])=C([H])[H],QM7,0.4545,0,0
[H]C#CC([H])([H])N(C([H])=O)N([H])[H],QM7,0.4167,0,0
[H]OC([H])([H])/C(=N\N([H])[H])C([H])=C([H])[H],QM7,0.5455,0,0
[H]C#C/C(=N/N([H])[H])C([H])([H])O[H],QM7,0.3750,0,0
[H]O[C@]([H])([C]([H])[N]N([H])[H])C([H])=C([H])[H],QM7,0.4091,0,0
[H]C#C[C@]([H])(O[H])[C]([H])[N]N([H])[H],QM7,0.4348,0,0
[H][C]([N]N([H])[H])C([H])([H])OC([H])=C([H])[H],QM7,0.4167,0,0
[H][C]([N]N([H])[H])OC([H])([H])C([H])=C([H])[H],QM7,0.4167,0,0
[H]C#CC([H])([H])O[C]([H])[N]N([H])[H],QM7,0.4074,0,0
[H]C([H])=C([H])C([H])([H])C(=O)N([H])N([H])[H],QM7,0.6190,0,0
[H]C#CC([H])([H])C(=O)N([H])N([H])[H],QM7,0.5417,0,0
[H]C([H])([H])C([H])([H])C([C][C])(C([H])([H])[H])C([H])([H])[H],QM7,0.4444,0,0
[H]C([H])([H])C([H])([H])[C@@]([H])(C([H])([H])[H])[C@]([H])([C])C([H])([H])[H],QM7,0.5333,0,0
[H]C([H])([H])C([H])([H])C([H])(C([H])([H])[C])C([H])([H])C([H])([H])[H],QM7,0.5000,0,0
[H]C#CC([H])([H])C(=O)C#N,QM7,0.4762,0,0
[H]C(=O)/C([H])=C(\[H])C([H])([H])C#N,QM7,1.0000,1,0
[H]C#C[C@@]([H])(C#N)C([H])=O,QM7,0.3913,0,0
[H]C(=O)C#CC([H])([H])C#N,QM7,0.5455,0,0
[H]C(=O)C([H])([H])/C([H])=C(\[H])C#N,QM7,0.5455,0,0
[H]C(=O)C([H])([H])C#CC#N,QM7,0.5652,0,0
[H]C(=O)C([H])([H])C([H])([H])C([H])([H])C#N,QM7,0.8000,0,0
[H]O[C@]([H])(C#N)C([H])([H])C([H])=C([H])[H],QM7,0.5200,0,0
[H]C#CC([H])([H])[C@@]([H])(C#N)O[H],QM7,0.5000,0,0
[H]OC([H])([H])/C([H])=C(\[H])C([H])([H])C#N,QM7,0.5000,0,0
[H]OC([H])([H])C(=C([H])[H])C([H])([H])C#N,QM7,0.5000,0,0
[H]OC([H])([H])[C@]([H])(C#N)C([H])=C([H])[H],QM7,0.5600,0,0
[H]C#C[C@@]([H])(C#N)C([H])([H])O[H],QM7,0.6667,0,0
[H]OC([H])([H])C#CC([H])([H])C#N,QM7,0.6000,0,0
[H]OC([H])([H])C([H])([H])/C([H])=C(\[H])C#N,QM7,0.6522,0,0
[H]OC([H])([H])C([H])([H])C(C#N)=C([H])[H],QM7,0.7059,0,0
[H]OC([H])([H])C([H])([H])C#CC#N,QM7,0.6111,0,0
[H]OC([H])([H])C([H])([H])C([H])([H])C([H])([H])C#N,QM7,0.9375,0,0
[H]O[N]/C([H])=C(\[H])[C]([H])C([H])([H])O[H],QM7,0.2963,0,0
[H]O[N]/C([H])=C(/[C]([H])[H])C([H])([H])O[H],QM7,0.3200,0,0
[H]O/N=C(\C([H])=C([H])[H])C([H])([H])O[H],QM7,0.5714,0,0
[H]O[N][C]([H])C#CC([H])([H])O[H],QM7,0.4545,0,0
[H]O[N][C]([H])C([H])([H])C([H])([H])C([H])([H])O[H],QM7,0.4286,0,0
[H]C#CC(=O)C([H])([H])C#N,QM7,0.4800,0,0
[H]O[C@]([H])(C([H])=C([H])[H])C([H])([H])C#N,QM7,1.0000,1,0
[H]C#C[C@@]([H])(O[H])C([H])([H])C#N,QM7,0.4545,0,0
[H]/N=C(/[H])N([H])C([H])([H])C([H])([H])C([H])([H])O[H],QM7,0.3929,0,0
[H]C(=O)N([H])C([H])([H])C([H])([H])C([H])=O,QM7,1.0000,1,0
[H]OC([H])([H])C([H])([H])C([H])([H])N([H])C([H])=O,QM7,0.6667,0,0
[H]OC([H])([H])C([H])([H])[C]([H])[N][N][C]([H])[H],QM7,0.3810,0,0
[H]OC([H])([H])C([H])([H])C([H])([H])N([H])[N][C]([H])[H],QM7,0.5000,0,0
[H]OC([H])([H])C([H])([H])C([H])([H])O[N][C]([H])[H],QM7,0.4400,0,0
[H]C#CC([H])([H])N([H])C([H])([H])C([H])=O,QM7,0.5652,0,0
[H]OC([H])([H])C([H])([H])N([H])C([H])([H])C([H])=C([H])[H],QM7,0.8095,0,0
[H]C#CC([H])([H])N([H])C([H])([H])C([H])([H])O[H],QM7,0.5714,0,0
[H]C(=O)C([H])([H])N([H])C([H])([H])C#N,QM7,0.6000,0,0
[H]OC([H])([H])C([H])([H])N([H])C([H])([H])C#N,QM7,0.6667,0,0
[H]OC([H])([H])C([H])([H])N([H])C([H])([H])C([H])([H])O[H],QM7,0.9091,0,0
[H]C(=O)C([H])([H])N([H])C([H])([H])C([H])=O,QM7,0.9091,0,0
[H]OC([H])([H])C([H])([H])N([H])C([H])([H])C([H])=O,QM7,0.6364,0,0
[H]C#C/C(=N/O[H])C([H])([H])O[H],QM7,0.3333,0,0
[H][C]([H])[C@@]([H])([C][C])C([H])([H])C([H])([H])C([H])([H])[H],QM7,0.3636,0,0
[H]C#CC([H])([H])C([H])([H])N([H])C([H])=O,QM7,0.5385,0,0
[H]C(=O)N([H])C([H])([H])C([H])([H])C#N,QM7,0.7727,0,0
[H]C#CC(=O)N([H])C([H])=O,QM7,0.5200,0,0
[H]C#C[C]([H])[N]N([H])C([H])=O,QM7,0.3636,0,0
[H]C#CC([H])([H])N([H])N([H])C([H])=O,QM7,0.4783,0,0
[H]C#CC([H])([H])ON([H])C([H])=O,QM7,0.5385,0,0
[H]C#C[C]([H])[N]OC([H])=O,QM7,0.3077,0,0
[H]ON=C(C([H])=C([H])[H])C([H])=C([H])[H],QM7,0.5789,0,0
[H]C#C/C(=N/O[H])C([H])=C([H])[H],QM7,0.3704,0,0
[H]C#CC(C#C[H])=NO[H],QM7,0.3889,0,0
[H]O[N]/C([H])=C(\[H])[C]([H])C([H])=C([H])[H],QM7,0.3684,0,0
[H]C#C[C]([H])/C([H])=C(\[H])[N]O[H],QM7,0.3636,0,0
[H]O[N]/C([H])=C(/[C]([H])[H])C([H])=C([H])[H],QM7,0.3810,0,0
[H]C#C/C([C]([H])[H])=C(\[H])[N]O[H],QM7,0.3077,0,0
[H]O[N][C]([H])C#CC([H])=C([H])[H],QM7,0.4000,0,0
[H]C#CC#C[C]([H])[N]O[H],QM7,0.4091,0,0
[H]O[N][C]([H])C([H])([H])C([H])([H])C([H])=C([H])[H],QM7,0.4706,0,0
[H]C#CC([H])([H])C([H])([H])[C]([H])[N]O[H],QM7,0.5652,0,0
[H]O/N=C(/C#N)C([H])=C([H])[H],QM7,0.5455,0,0
[H]C#C/C(C#N)=N\O[H],QM7,0.6111,0,0
[H]O[N]/C([H])=C(\[H])[C]([H])C#N,QM7,0.3636,0,0
[H]O[N]/C([H])=C(/C#N)[C]([H])[H],QM7,0.3571,0,0
[H]O[N][C]([H])C#CC#N,QM7,0.3333,0,0
[H]O[N][C]([H])C([H])([H])C([H])([H])C#N,QM7,0.5652,0,0
[H]/N=C(/[H])N(O[H])C([H])([H])C([H])=C([H])[H],QM7,0.4444,0,0
[H]C#CC([H])([H])N(O[H])/C([H])=N\[H],QM7,0.3226,0,0
[H]O/N=C(/C([H])=O)C([H])=C([H])[H],QM7,0.5714,0,0
[H]O[N]/C([H])=C(\[H])[C]([H])C([H])=O,QM7,0.3478,0,0
[H]C([H])([H])C([H])([H])C([H])([H])C([C])([C])C([H])([H])[H],QM7,0.5000,0,0
[H]O[N]/C([H])=C(/[C]([H])[H])C([H])=O,QM7,0.3043,0,0
[H]O[N][C]([H])C#CC([H])=O,QM7,0.5000,0,0
[H]O[N][C]([H])C([H])([H])C([H])([H])C([H])=O,QM7,0.4500,0,0
[H]ON(C([H])=O)C([H])([H])C([H])=C([H])[H],QM7,0.5000,0,0
[H]C#CC([H])([H])N(O[H])C([H])=O,QM7,0.5200,0,0
[H]C#C/C(=N/O[H])C([H])=O,QM7,0.3478,0,0
[H]O[N][C]([H])C(=O)C([H])=C([H])[H],QM7,0.5000,0,0
[H]C#CC(=O)[C]([H])[N]O[H],QM7,0.3871,0,0
[H]O[N][C]([H])[C@@]([H])(O[H])C([H])=C([H])[H],QM7,0.4286,0,0
[H]C#C[C@]([H])(O[H])[C]([H])[N]O[H],QM7,0.4545,0,0
[H]O[N][C]([H])C([H])([H])OC([H])=C([H])[H],QM7,0.4583,0,0
[H]O[N][C]([H])N([H])C([H])([H])C([H])=C([H])[H],QM7,0.4800,0,0
[H]C#CC([H])([H])N([H])[C]([H])[N]O[H],QM7,0.4138,0,0
[H]/N=C(\N([H])O[H])C([H])([H])C([H])=C([H])[H],QM7,0.3462,0,0
[H]C#CC([H])([H])/C(=N/[H])N([H])O[H],QM7,0.3200,0,0
[H]O[N][C]([H])OC([H])([H])C([H])=C([H])[H],QM7,0.4231,0,0
[H]C#CC([H])([H])O[C]([H])[N]O[H],QM7,0.4615,0,0
[H]ON([H])C(=O)C([H])([H])C([H])=C([H])[H],QM7,0.6500,0,0
[H]C#CC([H])([H])C(=O)N([H])O[H],QM7,0.5455,0,0
[H][C]([C][C]([C])[C])C([H])([H])C([H])([H])[H],QM7,0.2857,0,0
[H]N([H])C(=S)N([H])C([H])(C([H])([H])[H])C([H])([H])[H],QM7,0.9375,0,0
[H]N([H])C(=S)N([H])C([H])([H])C([H])([H])C([H])([H])[H],QM7,0.6667,0,0
[H]/C(=C(/[H])S(=O)(=O)C([H])([H])[H])C([H])([H])[H],QM7,0.6429,0,0
[H]C([H])=C(C([H])([H])[H])S(=O)(=O)C([H])([H])[H],QM7,0.5625,0,0
[H]C([H])([H])C([H])(C([H])([H])[H])S(=O)(=O)C([H])([H])[H],QM7,0.6250,0,0
[H]C([H])([H])C#CS(=O)(=O)C([H])([H])[H],QM7,0.6471,0,0
[H]C([H])([H])C([H])([H])C([H])([H])S(=O)(=O)C([H])([H])[H],QM7,0.5789,0,0
[H]/C(=C(/[H])S(=O)(=O)N([H])[H])C([H])([H])[H],QM7,0.5294,0,0
[H]C([H])=C(C([H])([H])[H])S(=O)(=O)N([H])[H],QM7,0.5882,0,0
[H]N([H])S(=O)(=O)C([H])(C([H])([H])[H])C([H])([H])[H],QM7,0.7333,0,0
[H]N([H])S(=O)(=O)C#CC([H])([H])[H],QM7,0.4762,0,0
[H]N([H])S(=O)(=O)C([H])([H])C([H])([H])C([H])([H])[H],QM7,0.6316,0,0
[H]OS([O])([O])/C([H])=C(\[H])C([H])([H])[H],QM7,0.5000,0,0
[H]OS([O])([O])C(=C([H])[H])C([H])([H])[H],QM7,0.4706,0,0
[H]OS([O])([O])C([H])(C([H])([H])[H])C([H])([H])[H],QM7,0.5333,0,0
[H]OS([O])([O])C#CC([H])([H])[H],QM7,0.4444,0,0
[H]OS([O])([O])C([H])([H])C([H])([H])C([H])([H])[H],QM7,0.5294,0,0
[H]N([H])C(=S)N(C([H])([H])[H])C([H])([H])C([H])([H])[H],QM7,0.6957,0,0
[H]N(C(=S)N([H])C([H])([H])C([H])([H])[H])C([H])([H])[H],QM7,0.6667,0,0
[H]N(C([H])([H])C([H])([H])[H])S(=O)(=O)C([H])([H])[H],QM7,0.9333,0,0
[H]C([H])([H])C(=O)S(=O)(=O)C([H])([H])[H],QM7,0.9167,0,0
[H]O[C@]([H])(C([H])([H])[H])S(=O)(=O)C([H])([H])[H],QM7,0.6429,0,0
[H]C([H])([H])C([H])([H])OS([O])([O])C([H])([H])[H],QM7,0.5263,0,0
[H]C([H])=C([H])S(=O)(=O)C([H])=C([H])[H],QM7,1.0000,2,0
[H]C#CS(=O)(=O)C([H])=C([H])[H],QM7,0.4545,0,0
[H]C([H])=C([H])S(=O)(=O)C([H])([H])C([H])([H])[H],QM7,0.5263,0,0
[H]C#CS(=O)(=O)C([H])([H])C([H])([H])[H],QM7,0.5263,0,0
[H]C([H])([H])C([H])([H])S(=O)(=O)C([H])([H])C([H])([H])[H],QM7,0.7500,0,0
[H]C([H])=C([H])S(=O)(=O)C#N,QM7,0.4762,0,0
[H]C([H])([H])C([H])([H])S(=O)(=O)C#N,QM7,0.5455,0,0
[H]C(=O)S(=O)(=O)C([H])=C([H])[H],QM7,0.6429,0,0
[H]C(=O)S(=O)(=O)C([H])([H])C([H])([H])[H],QM7,0.4545,0,0
[H]OC([H])([H])S(=O)(=O)C([H])([H])C([H])([H])[H],QM7,0.6111,0,0
[H]N(C([H])([H])[H])S(=O)(=O)C([H])([H])C([H])([H])[H],QM7,0.5556,0,0
[H]C([H])([H])OS([O])([O])C([H])([H])C([H])([H])[H],QM7,0.4444,0,0
[H]C([H])=C([H])N(C(=S)N([H])[H])C([H])([H])[H],QM7,0.5455,0,0
[H]C([H])([H])N(C([H])([H])[H])S(=O)(=O)C([H])([H])[H],QM7,0.9091,0,0
[H]N(C([H])([H])[H])C([H])([H])S(=O)(=O)C([H])([H])[H],QM7,0.4762,0,0
[H]N(C(=S)N(C([H])([H])[H])C([H])([H])[H])C([H])([H])[H],QM7,0.9333,0,0
[H]C([H])=C([H])S(=O)(=O)N([H])C([H])([H])[H],QM7,0.5238,0,0
[H]C#CS(=O)(=O)N([H])C([H])([H])[H],QM7,0.4000,0,0
[H]C([H])([H])OC([H])([H])S(=O)(=O)C([H])([H])[H],QM7,0.5714,0,0
[H]C([H])=C([H])S([O])([O])OC([H])([H])[H],QM7,0.3750,0,0
[H]C#CS([O])([O])OC([H])([H])[H],QM7,0.5000,0,0
[H]C([H])=C([H])C([H])([H])S(=O)(=O)C([H])([H])[H],QM7,0.6250,0,0
[H]C#CC([H])([H])S(=O)(=O)C([H])([H])[H],QM7,0.5556,0,0
[H]/C(=C(/[H])S(=O)(=O)C([H])([H])[H])N([H])[H],QM7,1.0000,2,0
[H]C([H])([H])S(=O)(=O)C([H])([H])C#N,QM7,0.8333,0,0
[H]C(=O)C([H])([H])S(=O)(=O)C([H])([H])[H],QM7,1.0000,1,0
[H]OC([H])([H])C([H])([H])S(=O)(=O)C([H])([H])[H],QM7,0.5625,0,0
[H]C([H])=C([H])N([H])S(=O)(=O)C([H])([H])[H],QM7,0.5000,0,0
[H]C([H])=C([H])OS([O])([O])C([H])([H])[H],QM7,0.5500,0,0
[H]C([H])=C([H])C([H])([H])N([H])C(=S)N([H])[H],QM7,1.0000,1,0
[H]C#CC([H])([H])N([H])C(=S)N([H])[H],QM7,0.5769,0,0
[H]C([H])=C([H])C([H])([H])S(=O)(=O)N([H])[H],QM7,0.6522,0,0
[H]C#CC([H])([H])S(=O)(=O)N([H])[H],QM7,0.5556,0,0
[H]C#CS(=O)(=O)C([H])=O,QM7,0.3500,0,0
[H]OC([H])([H])S(=O)(=O)C([H])=C([H])[H],QM7,0.5000,0,0
[H]C#CS(=O)(=O)C([H])([H])O[H],QM7,0.5000,0,0
[H]C#CS(=O)(=O)C#C[H],QM7,0.4375,0,0
[H]C#CS(=O)(=O)C#N,QM7,0.5000,0,0
[H]OS([O])([O])C([H])([H])C([H])=C([H])[H],QM7,0.5500,0,0
[H]C#CC([H])([H])S([O])([O])O[H],QM7,0.5500,0,0
[H]N([H])C([H])([H])C([H])([H])C([H])([H])C([H])([H])C([H])([H])C([H])([H])[H],QM7,1.0000,14,0
[H]C#CC([H])([H])C(C#N)=C([H])[H],QM7,0.5455,0,0
[H]C([H])=C([H])/C([H])=C(\[H])C([H])([H])C#N,QM7,0.7273,0,0
[H]C([H])=C([H])C(=C([H])[H])C([H])([H])C#N,QM7,0.5217,0,0
[H]C([H])=C([H])C([H])(C#N)C([H])=C([H])[H],QM7,0.5294,0,0
[H]C#C[C@@]([H])(C#N)C([H])=C([H])[H],QM7,0.6667,0,0
[H]C([H])=C([H])C#CC([H])([H])C#N,QM7,0.5217,0,0
[H]C([H])=C([H])C([H])([H])/C([H])=C(\[H])C#N,QM7,0.5652,0,0
[H]C([H])=C([H])C([H])([H])C(C#N)=C([H])[H],QM7,0.5417,0,0
[H]C([H])=C([H])C([H])([H])C#CC#N,QM7,0.6667,0,0
[H]C([H])=C([H])C([H])([H])C([H])([H])C([H])([H])C#N,QM7,0.8947,0,0
[H]C#C/C([H])=C(\[H])C([H])([H])C#N,QM7,0.4545,0,0
[H]C#CC([H])(C#N)C#C[H],QM7,0.3478,0,0
[H]C#CC#CC([H])([H])C#N,QM7,0.4783,0,0
[H]C#CC([H])([H])/C([H])=C(\[H])C#N,QM7,0.4643,0,0
[H]C#CC([H])([H])C#CC#N,QM7,0.5238,0,0
[H]C#CC([H])([H])C([H])([H])C([H])([H])C#N,QM7,0.9375,0,0
[H]/C(=C(/[H])C([H])([H])C([H])([H])C([H])([H])N([H])[H])C([H])([H])[H],QM7,1.0000,1,0
[H]C([H])=C([H])/C(C#N)=C(/[H])C([H])([H])[H],QM7,0.9412,0,0
[H]/C(=C(/C([H])([H])[H])C([H])([H])C([H])([H])N([H])[H])C([H])([H])[H],QM7,0.6250,0,0
[H]/C(=C(/C([H])([H])[H])[C@]([H])(N([H])[H])C([H])([H])[H])C([H])([H])[H],QM7,0.9333,0,0
[H]/C(=C(/C([H])([H])[H])C([H])([H])C#N)C([H])([H])[H],QM7,1.0000,1,0
[H]C#C/C(C#N)=C(/[H])C([H])([H])[H],QM7,0.6471,0,0
[H]C(/C([H])=C(\[H])C([H])([H])N([H])[H])=C(/[H])C([H])([H])[H],QM7,1.0000,1,0
[H]/C(C#N)=C([H])\C([H])=C(/[H])C([H])([H])[H],QM7,1.0000,1,0
[H]C([H])=C(/C([H])=C(\[H])C([H])([H])[H])C([H])([H])N([H])[H],QM7,1.0000,1,0
[H]C([H])=C(C#N)/C([H])=C(\[H])C([H])([H])[H],QM7,0.6818,0,0
[H]/C(=C(/[H])[C@@]([H])(C([H])([H])[H])C([H])([H])N([H])[H])C([H])([H])[H],QM7,0.6190,0,0
[H]/C(=C(/[H])C(N([H])[H])(C([H])([H])[H])C([H])([H])[H])C([H])([H])[H],QM7,1.0000,2,0
[H]/C(=C(/[H])[C@]([H])(C#N)C([H])([H])[H])C([H])([H])[H],QM7,1.0000,1,0
[H]/C(C#CC([H])([H])N([H])[H])=C(/[H])C([H])([H])[H],QM7,0.6667,0,0
[H]/C(C#CC#N)=C(/[H])C([H])([H])[H],QM7,0.5238,0,0
[H]/C(=C(/[H])C([H])([H])[C@]([H])(N([H])[H])C([H])([H])[H])C([H])([H])[H],QM7,0.7619,0,0
[H]/C(=C(/[H])C([H])([H])C([H])([H])C#N)C([H])([H])[H],QM7,0.6667,0,0
[H]C([H])=C(C([H])([H])[H])C([H])([H])C([H])([H])C([H])([H])N([H])[H],QM7,0.7500,0,0
[H]C([H])=C(/C([H])=C(\[H])C([H])([H])N([H])[H])C([H])([H])[H],QM7,0.6316,0,0
[H]C([H])=C(/C([H])=C(\[H])C#N)C([H])([H])[H],QM7,0.5455,0,0
[H]C([H])=C(C(=C([H])[H])C([H])([H])N([H])[H])C([H])([H])[H],QM7,0.5294,0,0
[H]C([H])=C(C#N)C(=C([H])[H])C([H])([H])[H],QM7,0.5385,0,0
[H]C([H])=C(C([H])([H])[H])C(N([H])[H])(C([H])([H])[H])C([H])([H])[H],QM7,0.6250,0,0
[H]C([H])=C(C#CC([H])([H])N([H])[H])C([H])([H])[H],QM7,0.5455,0,0
[H]C([H])=C(C#CC#N)C([H])([H])[H],QM7,0.5294,0,0
[H]C([H])=C(C([H])([H])[H])C([H])([H])C([H])([H])C#N,QM7,0.9444,0,0
[H]C([H])=C([H])/C([H])=C(/C#N)C([H])([H])[H],QM7,0.6818,0,0
[H]C#C/C([H])=C(/C#N)C([H])([H])[H],QM7,0.4783,0,0
[H]C([H])=C([H])/C(=C(/[H])C([H])([H])N([H])[H])C([H])([H])[H],QM7,0.5455,0,0
[H]C([H])=C([H])/C(=C(/[H])C#N)C([H])([H])[H],QM7,0.5455,0,0
[H]N([H])C([H])([H])C([H])([H])C([H])([H])C([H])(C([H])([H])[H])C([H])([H])[H],QM7,0.9333,0,0
[H]C(=C(C([H])([H])[H])C([H])([H])[H])C([H])([H])C([H])([H])N([H])[H],QM7,0.7143,0,0
[H]N([H])C([H])([H])C(=C(C([H])([H])[H])C([H])([H])[H])C([H])([H])[H],QM7,0.6316,0,0
[H]C([H])([H])C(C#N)=C(C([H])([H])[H])C([H])([H])[H],QM7,0.6000,0,0
[H]C(=C(C([H])([H])[H])C([H])([H])[H])C([H])([H])C#N,QM7,0.6250,0,0
[H]C([H])=C([H])C(C#N)(C([H])([H])[H])C([H])([H])[H],QM7,0.5000,0,0
[H]N([H])C([H])([H])C([H])([H])C(C([H])([H])[H])(C([H])([H])[H])C([H])([H])[H],QM7,0.8571,0,0
[H]C([H])([H])C(C([H])([H])[H])(C([H])([H])[H])C([H])([H])C#N,QM7,0.5556,0,0
[H]C#CC(C#N)(C([H])([H])[H])C([H])([H])[H],QM7,0.6000,0,0
[H]/C(=C(/[H])C([H])(C([H])([H])[H])C([H])([H])[H])C([H])([H])N([H])[H],QM7,0.6000,0,0
[H]/C(C#N)=C(/[H])C([H])(C([H])([H])[H])C([H])([H])[H],QM7,1.0000,1,0
[H]C([H])=C(C([H])([H])N([H])[H])C([H])(C([H])([H])[H])C([H])([H])[H],QM7,0.6316,0,0
[H]C([H])=C(C#N)C([H])(C([H])([H])[H])C([H])([H])[H],QM7,0.6000,0,0
[H]N([H])C([H])([H])[C@]([H])(C([H])([H])[H])C([H])(C([H])([H])[H])C([H])([H])[H],QM7,0.9231,0,0
[H]N([H])C(C([H])([H])[H])(C([H])([H])[H])C([H])(C([H])([H])[H])C([H])([H])[H],QM7,1.0000,1,0
[H]C([H])([H])C([H])(C([H])([H])[H])[C@]([H])(C#N)C([H])([H])[H],QM7,0.6250,0,0
[H]N([H])C([H])([H])C#CC([H])(C([H])([H])[H])C([H])([H])[H],QM7,0.5455,0,0
[H]C([H])([H])C([H])(C#CC#N)C([H])([H])[H],QM7,0.5789,0,0
[H]N([H])[C@]([H])(C([H])([H])[H])C([H])([H])C([H])(C([H])([H])[H])C([H])([H])[H],QM7,0.9231,0,0
[H]C([H])([H])C([H])(C([H])([H])[H])C([H])([H])C([H])([H])C#N,QM7,0.6842,0,0
[H]C([H])=C([H])C([H])([H])[C@@]([H])(C#N)C([H])([H])[H],QM7,1.0000,1,0
[H]C#CC([H])([H])[C@@]([H])(C#N)C([H])([H])[H],QM7,0.5652,0,0
[H]N([H])C([H])([H])C([H])([H])C([H])([H])C#CC([H])([H])[H],QM7,0.5833,0,0
[H]/C(C#CC([H])([H])[H])=C(/[H])C([H])([H])N([H])[H],QM7,0.6364,0,0
[H]/C(C#N)=C(/[H])C#CC([H])([H])[H],QM7,0.5333,0,0
[H]C([H])=C(C#CC([H])([H])[H])C([H])([H])N([H])[H],QM7,0.4500,0,0
[H]C([H])=C(C#N)C#CC([H])([H])[H],QM7,0.6471,0,0
[H]N([H])C([H])([H])[C@@]([H])(C#CC([H])([H])[H])C([H])([H])[H],QM7,0.5500,0,0
[H]N([H])C(C#CC([H])([H])[H])(C([H])([H])[H])C([H])([H])[H],QM7,0.5294,0,0
[H]C([H])([H])C#C[C@]([H])(C#N)C([H])([H])[H],QM7,0.6875,0,0
[H]N([H])C([H])([H])C#CC#CC([H])([H])[H],QM7,0.5263,0,0
[H]C([H])([H])C#CC#CC#N,QM7,1.0000,4,0
[H]N([H])[C@]([H])(C([H])([H])[H])C([H])([H])C#CC([H])([H])[H],QM7,0.5714,0,0
[H]C([H])([H])C#CC([H])([H])C([H])([H])C#N,QM7,0.5217,0,0
[H]/C(=C(/[H])C([H])([H])C([H])([H])N([H])[H])C([H])([H])C([H])([H])[H],QM7,0.9375,0,0
[H]/C(=C(/C([H])([H])[H])C([H])([H])N([H])[H])C([H])([H])C([H])([H])[H],QM7,0.9412,0,0
[H]/C(=C(\C#N)C([H])([H])[H])C([H])([H])C([H])([H])[H],QM7,0.5909,0,0
[H]/C(=C(/[H])[C@]([H])(N([H])[H])C([H])([H])[H])C([H])([H])C([H])([H])[H],QM7,0.9412,0,0
[H]/C(=C(/[H])C([H])([H])C([H])([H])[H])C([H])([H])C#N,QM7,0.7273,0,0
[H]C([H])=C(C([H])([H])C([H])([H])[H])C([H])([H])C([H])([H])N([H])[H],QM7,0.7000,0,0
[H]C([H])=C(C([H])([H])C([H])([H])[H])[C@]([H])(N([H])[H])C([H])([H])[H],QM7,0.9412,0,0
[H]C([H])=C(C([H])([H])C#N)C([H])([H])C([H])([H])[H],QM7,0.5417,0,0
[H]/C(=C(\C#N)C([H])([H])C([H])([H])[H])C([H])([H])[H],QM7,0.6190,0,0
[H]C1([H])C([H])([H])C1([H])[H],QM7,1.0000,22,0
[H]N([H])C1([H])C([H])([H])C1([H])[H],QM7,0.7778,0,0
[H]C([H])([H])C1([H])C([H])([H])C1([H])[H],QM7,0.8750,0,0
[H]OC1([H])C([H])([H])C1([H])[H],QM7,0.8750,0,0
[H]C([H])([H])OC1([H])C([H])([H])C1([H])[H],QM7,0.9167,0,0
[H]OC([H])([H])C1([H])C([H])([H])C1([H])[H],QM7,1.0000,1,0
[H]C([H])=C([H])C1([H])C([H])([H])C1([H])[H],QM7,0.9167,0,0
[H]C(=O)C1([H])C([H])([H])C1([H])[H],QM7,0.7857,0,0
[H]C#CC1([H])C([H])([H])C1([H])[H],QM7,0.7857,0,0
[H]O[C@@]1([H])C([H])([H])[C@]1([H])N([H])[H],QM7,1.0000,1,0
[H]C([H])([H])[C@@]1([H])C([H])([H])[C@]1([H])C([H])([H])[H],QM7,0.7000,0,0
[H]N([H])[C@@]1([H])C([H])([H])[C@]1([H])C([H])([H])[H],QM7,0.9091,0,0
[H]N([H])C1(C([H])([H])[H])C([H])([H])C1([H])[H],QM7,0.7500,0,0
[H]C([H])([H])C1(C([H])([H])[H])C([H])([H])C1([H])[H],QM7,0.8750,0,0
[H]C([H])([H])C([H])([H])C1([H])C([H])([H])C1([H])[H],QM7,0.9167,0,0
[H]N(C([H])([H])[H])C1([H])C([H])([H])C1([H])[H],QM7,0.9167,0,0
[H]N([H])C([H])([H])C1([H])C([H])([H])C1([H])[H],QM7,0.8462,0,0
[H]C1([H])C([H])([H])C1([H])C#N,QM7,0.7333,0,0
[H]O[C@@]1([H])C([H])([H])[C@]1([H])C([H])([H])[H],QM7,0.8333,0,0
[H]OC1(C([H])([H])[H])C([H])([H])C1([H])[H],QM7,0.7500,0,0
[H]C([H])([H])C([H])([H])[C@@]1([H])C([H])([H])[C@]1([H])C([H])([H])[H],QM7,1.0000,1,0
[H]N([H])C([H])([H])[C@@]1([H])C([H])([H])[C@]1([H])C([H])([H])[H],QM7,1.0000,2,0
[H]N([H])[C@@]1(C([H])([H])[H])C([H])([H])[C@]1([H])C([H])([H])[H],QM7,1.0000,1,0
[H]C([H])([H])[C@@]1([H])C([H])([H])[C@]1([H])C#N,QM7,1.0000,1,0
[H]N([H])[C@@]1([H])C([H])([H])C1(C([H])([H])[H])C([H])([H])[H],QM7,1.0000,1,0
[H]N([H])[C@@]1([H])[C@]([H])(C([H])([H])[H])[C@]1([H])C([H])([H])[H],QM7,0.8889,0,0
[H]C([H])([H])C([H])([H])C1(C([H])([H])[H])C([H])([H])C1([H])[H],QM7,0.6875,0,0
[H]C([H])([H])C([H])([H])C([H])([H])C1([H])C([H])([H])C1([H])[H],QM7,0.9286,0,0
[H]N([H])[C@]1([H])C([H])(C([H])([H])[H])[C@@]1([H])N([H])[H],QM7,0.7000,0,0
[H]N([H])C([H])([H])C1(C([H])([H])[H])C([H])([H])C1([H])[H],QM7,0.9286,0,0
[H]C([H])([H])C([H])(C([H])([H])[H])C1([H])C([H])([H])C1([H])[H],QM7,1.0000,1,0
[H]N([H])[C@]1(C([H])([H])[H])C([H])([H])[C@]1([H])N([H])[H],QM7,1.0000,1,0
[H]N([H])[C@@]1([H])C([H])([H])[C@]1([H])C([H])([H])C([H])([H])[H],QM7,0.7368,0,0
[H]N([H])C1(C([H])([H])C([H])([H])[H])C([H])([H])C1([H])[H],QM7,0.8125,0,0
[H]C([H])=C([H])[C@@]1([H])C([H])([H])[C@]1([H])C([H])([H])[H],QM7,1.0000,2,0
[H]N(C([H])([H])C([H])([H])[H])C1([H])C([H])([H])C1([H])[H],QM7,0.9333,0,0
[H]N([H])[C@]([H])(C([H])([H])[H])C1([H])C([H])([H])C1([H])[H],QM7,0.8125,0,0
[H]C#C[C@@]1([H])C([H])([H])[C@]1([H])C([H])([H])[H],QM7,0.5238,0,0
[H]N(C([H])([H])[H])[C@@]1([H])C([H])([H])[C@]1([H])C([H])([H])[H],QM7,1.0000,1,0
[H]N([H])[C@@]1([H])C([H])([H])[C@]1([H])N([H])C([H])([H])[H],QM7,1.0000,1,0
[H]N(C([H])([H])[H])C1(C([H])([H])[H])C([H])([H])C1([H])[H],QM7,0.7333,0,0
[H]N(C([H])([H])[H])C([H])([H])C1([H])C([H])([H])C1([H])[H],QM7,1.0000,1,0
[H]C([H])([H])N(C([H])([H])[H])C1([H])C([H])([H])C1([H])[H],QM7,0.9167,0,0
[H][C]([H])[N]N([H])C1([H])C([H])([H])C1([H])[H],QM7,0.4500,0,0
[H]C([H])=C([H])[C@@]1([H])C([H])([H])[C@]1([H])N([H])[H],QM7,1.0000,1,0
[H]C#C[C@@]1([H])C([H])([H])[C@]1([H])N([H])[H],QM7,0.5000,0,0
[H]N([H])C([H])([H])[C@@]1([H])C([H])([H])[C@]1([H])N([H])[H],QM7,0.6000,0,0
[H]N([H])C([H])([H])C1(N([H])[H])C([H])([H])C1([H])[H],QM7,0.7333,0,0
[H]N([H])C([H])([H])C([H])([H])C1([H])C([H])([H])C1([H])[H],QM7,0.7059,0,0
[H]C([H])(C#N)C1([H])C([H])([H])C1([H])[H],QM7,0.7368,0,0
[H]C([H])=C([H])C([H])([H])C1([H])C([H])([H])C1([H])[H],QM7,0.7647,0,0
[H]/N=C(\[H])N([H])C1([H])C([H])([H])C1([H])[H],QM7,0.4091,0,0
[H]/N=C(\N([H])[H])C1([H])C([H])([H])C1([H])[H],QM7,0.6111,0,0
[H][C]([N]N([H])[H])C1([H])C([H])([H])C1([H])[H],QM7,0.3636,0,0
[H]C#CC([H])([H])C1([H])C([H])([H])C1([H])[H],QM7,0.7368,0,0
[H]/C(=C(/[H])C1([H])C([H])([H])C1([H])[H])C([H])([H])[H],QM7,0.8125,0,0
[H]C([H])=C(C([H])([H])[H])C1([H])C([H])([H])C1([H])[H],QM7,0.8125,0,0
[H]OC([H])([H])[C@@]1([H])C([H])([H])[C@]1([H])C([H])([H])[H],QM7,0.8235,0,0
[H]O[C@@]1(C([H])([H])[H])C([H])([H])[C@]1([H])C([H])([H])[H],QM7,0.5556,0,0
[H]C(=O)[C@@]1([H])C([H])([H])[C@]1([H])C([H])([H])[H],QM7,1.0000,2,0
[H]O[C@@]1([H])C([H])([H])C1(C([H])([H])[H])C([H])([H])[H],QM7,0.5625,0,0
[H]O[C@@]1([H])[C@]([H])(C([H])([H])[H])[C@]1([H])C([H])([H])[H],QM7,1.0000,1,0
[H]C([H])([H])C#CC1([H])C([H])([H])C1([H])[H],QM7,1.0000,1,0
[H]O[C@]1([H])C([H])(C([H])([H])[H])[C@@]1([H])O[H],QM7,0.8889,0,0
[H]OC([H])([H])C1(C([H])([H])[H])C([H])([H])C1([H])[H],QM7,1.0000,1,0
[H]O[C@]1(C([H])([H])[H])C([H])([H])[C@]1([H])O[H],QM7,0.8571,0,0
[H]O[C@@]1([H])C([H])([H])[C@]1([H])C([H])([H])C([H])([H])[H],QM7,0.7000,0,0
[H]OC1(C([H])([H])C([H])([H])[H])C([H])([H])C1([H])[H],QM7,0.6667,0,0
[H]C([H])([H])C1(C([H])([H])[H])C([H])([H])[C@]1([H])C([H])([H])[H],QM7,0.6250,0,0
[H]C([H])([H])C([H])([H])OC1([H])C([H])([H])C1([H])[H],QM7,0.7647,0,0
[H]C([H])=C([H])OC1([H])C([H])([H])C1([H])[H],QM7,0.7778,0,0
[H]C([H])([H])C(=O)C1([H])C([H])([H])C1([H])[H],QM7,0.9286,0,0
[H]O[C@]([H])(C([H])([H])[H])C1([H])C([H])([H])C1([H])[H],QM7,0.8125,0,0
[H]C([H])([H])O[C@@]1([H])C([H])([H])[C@]1([H])C([H])([H])[H],QM7,0.6190,0,0
[H]O[C@@]1([H])C([H])([H])[C@]1([H])OC([H])([H])[H],QM7,0.7778,0,0
[H]C([H])([H])OC1(C([H])([H])[H])C([H])([H])C1([H])[H],QM7,0.9231,0,0
[H]C([H])([H])OC([H])([H])C1([H])C([H])([H])C1([H])[H],QM7,1.0000,1,0
[H]O[C@@]1([H])C([H])([H])[C@]1([H])C([H])=C([H])[H],QM7,0.7000,0,0
[H]C#C[C@@]1([H])C([H])([H])[C@]1([H])O[H],QM7,0.5500,0,0
[H]O[C@@]1([H])C([H])([H])[C@]1([H])C([H])=O,QM7,0.7778,0,0
[H]OC([H])([H])[C@@]1([H])C([H])([H])[C@]1([H])O[H],QM7,0.7647,0,0
[H]OC([H])([H])C1(O[H])C([H])([H])C1([H])[H],QM7,1.0000,1,0
[H]OC([H])([H])C([H])([H])C1([H])C([H])([H])C1([H])[H],QM7,0.8125,0,0
[H]C(=O)C([H])([H])C1([H])C([H])([H])C1([H])[H],QM7,0.6667,0,0
[H]C(=O)OC1([H])C([H])([H])C1([H])[H],QM7,1.0000,1,0
[H]OC(=O)C1([H])C([H])([H])C1([H])[H],QM7,0.9231,0,0
[H]O[C@@]1([H])[C@]([H])(N([H])[H])[C@]1([H])C([H])([H])[H],QM7,0.6875,0,0
[H]O[C@@]1([H])C([H])([H])[C@]1(N([H])[H])C([H])([H])[H],QM7,0.5625,0,0
[H]O[C@]1(C([H])([H])[H])C([H])([H])[C@]1([H])N([H])[H],QM7,0.6000,0,0
[H]C([H])([H])[C@]1([H])[C@@]([H])(C([H])([H])[H])[C@]1([H])C([H])([H])[H],QM7,1.0000,1,0
[H]O[C@@]1([H])C([H])([H])[C@]1([H])N([H])C([H])([H])[H],QM7,1.0000,1,0
[H][C]([H])[N]OC1([H])C([H])([H])C1([H])[H],QM7,0.5000,0,0
[H]N([H])[C@@]1([H])C([H])([H])[C@]1([H])OC([H])([H])[H],QM7,1.0000,1,0
[H]OC([H])([H])[C@@]1([H])C([H])([H])[C@]1([H])N([H])[H],QM7,1.0000,1,0
[H]OC([H])([H])C1(N([H])[H])C([H])([H])C1([H])[H],QM7,1.0000,1,0
[H]O[C@@]1([H])C([H])([H])[C@]1([H])C([H])([H])N([H])[H],QM7,0.9333,0,0
[H]OC1(C([H])([H])N([H])[H])C([H])([H])C1([H])[H],QM7,0.7059,0,0
[H]N([H])C(=O)C1([H])C([H])([H])C1([H])[H],QM7,0.7647,0,0
[H]O[C@@]1([H])C([H])([H])[C@]1([H])C#N,QM7,0.6500,0,0
[H]C(=O)N([H])C1([H])C([H])([H])C1([H])[H],QM7,0.7222,0,0
[H]O[N][C]([H])C1([H])C([H])([H])C1([H])[H],QM7,0.4737,0,0
[H]N(C([H])([H])C([H])([H])C([H])([H])[H])C1([H])C([H])([H])C1([H])[H],QM7,1.0000,1,0
[H]C([H])=C([H])C([H])([H])N([H])C1([H])C([H])([H])C1([H])[H],QM7,0.7273,0,0
[H]C([H])=C(C#N)C1([H])C([H])([H])C1([H])[H],QM7,0.6818,0,0
[H]C#CC([H])([H])N([H])C1([H])C([H])([H])C1([H])[H],QM7,0.8095,0,0
[H]N(C([H])(C([H])([H])[H])C([H])([H])[H])C1([H])C([H])([H])C1([H])[H],QM7,0.8125,0,0
[H]N([H])C(C([H])([H])[H])(C([H])([H])[H])C1([H])C([H])([H])C1([H])[H],QM7,0.7647,0,0
[H]C1([H])C([H])([H])C1([H])[C@]([H])(C#N)C([H])([H])[H],QM7,0.7143,0,0
[H]N([H])C([H])([H])[C@]([H])(C([H])([H])[H])C1([H])C([H])([H])C1([H])[H],QM7,0.8000,0,0
[H]N([H])[C@]([H])(C([H])([H])C([H])([H])[H])C1([H])C([H])([H])C1([H])[H],QM7,0.7895,0,0
[H]N(C([H])([H])C([H])([H])[H])[C@@]1([H])C([H])([H])[C@]1([H])C([H])([H])[H],QM7,1.0000,1,0
[H]N([H])[C@]([H])(C([H])([H])[H])[C@@]1([H])C([H])([H])[C@]1([H])C([H])([H])[H],QM7,1.0000,2,0
[H]N([H])[C@@]1([H])C([H])([H])[C@]1([H])N([H])C([H])([H])C([H])([H])[H],QM7,0.5714,0,0
[H]N([H])[C@@]1([H])C([H])([H])[C@]1([H])[C@]([H])(N([H])[H])C([H])([H])[H],QM7,0.6818,0,0
[H]N([H])[C@]([H])(C([H])([H])[H])C1(C([H])([H])[H])C([H])([H])C1([H])[H],QM7,0.7647,0,0
[H]N(C([H])([H])C([H])([H])[H])C1(C([H])([H])[H])C([H])([H])C1([H])[H],QM7,0.9375,0,0
[H]N([H])C1([C@]([H])(N([H])[H])C([H])([H])[H])C([H])([H])C1([H])[H],QM7,0.4545,0,0
[H]N(C([H])([H])C([H])([H])[H])C([H])([H])C1([H])C([H])([H])C1([H])[H],QM7,0.9412,0,0
[H]N([H])[C@]([H])(C([H])([H])[H])C([H])([H])C1([H])C([H])([H])C1([H])[H],QM7,0.9412,0,0
[H]C([H])([H])N(C([H])([H])C([H])([H])[H])C1([H])C([H])([H])C1([H])[H],QM7,0.7895,0,0
[H]C([H])=C([H])[C@@]1([H])C([H])([H])[C@]1([H])C([H])=C([H])[H],QM7,0.6875,0,0
[H]C#C[C@@]1([H])C([H])([H])[C@]1([H])C([H])=C([H])[H],QM7,1.0000,1,0
[H][C]([N]N([H])C1([H])C([H])([H])C1([H])[H])C([H])([H])[H],QM7,0.4231,0,0
[H]/N=C(/N([H])C1([H])C([H])([H])C1([H])[H])C([H])([H])[H],QM7,0.4400,0,0
[H]N([H])/N=C(\C([H])([H])[H])C1([H])C([H])([H])C1([H])[H],QM7,0.6818,0,0
[H]C#C[C@@]1([H])C([H])([H])[C@]1([H])C#C[H],QM7,0.5625,0,0
[H]C([H])=C([H])[C@@]1([H])C([H])([H])[C@]1([H])C([H])([H])C([H])([H])[H],QM7,1.0000,1,0
[H]C#C[C@@]1([H])C([H])([H])[C@]1([H])C([H])([H])C([H])([H])[H],QM7,0.6957,0,0
[H]N(C([H])([H])[H])[C@@]1([H])C([H])([H])C1(C([H])([H])[H])C([H])([H])[H],QM7,0.5263,0,0
[H]C([H])=C([H])[C@@]1([H])C([H])([H])[C@]1([H])N([H])C([H])([H])[H],QM7,0.4762,0,0
[H]C#C[C@@]1([H])C([H])([H])[C@]1([H])N([H])C([H])([H])[H],QM7,0.5652,0,0
[H]N([H])C([H])([H])[C@@]1([H])C([H])([H])[C@]1([H])N([H])C([H])([H])[H],QM7,0.5333,0,0
[H]N([H])[C@@]1(C([H])([H])[H])C([H])([H])[C@]1([H])N([H])C([H])([H])[H],QM7,0.6316,0,0
[H]N(C([H])([H])[H])[C@@]1([H])C([H])([H])[C@]1([H])C#N,QM7,0.4545,0,0
[H]N(C([H])([H])[H])[C@@]1([H])C([H])([H])[C@]1([H])N([H])C([H])([H])[H],QM7,1.0000,1,0
[H]N(C([H])([H])[H])[C@@]1(C([H])([H])[H])C([H])([H])[C@]1([H])C([H])([H])[H],QM7,0.5789,0,0
[H]N(C([H])([H])[H])C1([H])[C@@]([H])(C([H])([H])[H])[C@]1([H])C([H])([H])[H],QM7,1.0000,1,0
[H]N(C([H])([H])[H])[C@@]1(C([H])([H])[H])C([H])([H])[C@]1([H])N([H])[H],QM7,0.5000,0,0
[H]N([H])[C@]1([H])[C@@]([H])(N([H])C([H])([H])[H])[C@@]1([H])C([H])([H])[H],QM7,0.5625,0,0
[H]N([H])C([H])([H])C1(N([H])C([H])([H])[H])C([H])([H])C1([H])[H],QM7,0.5556,0,0
[H]N(C([H])([H])[H])C([H])([H])[C@@]1([H])C([H])([H])[C@]1([H])C([H])([H])[H],QM7,1.0000,1,0
[H]N(C([H])([H])[H])C([H])([H])[C@@]1([H])C([H])([H])[C@]1([H])N([H])[H],QM7,0.5714,0,0
[H]N([H])[C@@]1([H])C([H])([H])[C@]1([H])N(C([H])([H])[H])C([H])([H])[H],QM7,0.6000,0,0
[H]C([H])([H])N(C([H])([H])[H])C1(C([H])([H])[H])C([H])([H])C1([H])[H],QM7,0.6111,0,0
[H]N(C([H])([H])[H])C([H])([H])C1(C([H])([H])[H])C([H])([H])C1([H])[H],QM7,0.6667,0,0
[H]N(C([H])([H])[H])C([H])([H])C1(N([H])[H])C([H])([H])C1([H])[H],QM7,0.7500,0,0
[H]N(C([H])([H])[H])C([H])([H])C([H])([H])C1([H])C([H])([H])C1([H])[H],QM7,0.7619,0,0
[H]C([H])([H])N(C([H])([H])[H])C([H])([H])C1([H])C([H])([H])C1([H])[H],QM7,0.7647,0,0
[H]N(C([H])([H])[H])[C@@]([H])(C([H])([H])[H])C1([H])C([H])([H])C1([H])[H],QM7,0.9375,0,0
[H][C]([N]C([H])([H])[H])N([H])C1([H])C([H])([H])C1([H])[H],QM7,0.4091,0,0
[H]/N=C(/[H])N(C([H])([H])[H])C1([H])C([H])([H])C1([H])[H],QM7,0.4583,0,0
[H]/N=C(\N([H])C([H])([H])[H])C1([H])C([H])([H])C1([H])[H],QM7,0.3462,0,0
[H][C]([H])[N]N([H])C([H])([H])C1([H])C([H])([H])C1([H])[H],QM7,0.4286,0,0
[H][C]([H])[N][N][C]([H])C1([H])C([H])([H])C1([H])[H],QM7,0.3333,0,0
[H][C]([H])[N]N(C([H])([H])[H])C1([H])C([H])([H])C1([H])[H],QM7,0.5000,0,0
[H][C]([N]N([H])C([H])([H])[H])C1([H])C([H])([H])C1([H])[H],QM7,0.3704,0,0
[H]C([H])=C([H])C([H])([H])[C@@]1([H])C([H])([H])[C@]1([H])N([H])[H],QM7,0.6190,0,0
[H]C#CC([H])([H])[C@@]1([H])C([H])([H])[C@]1([H])N([H])[H],QM7,0.5833,0,0
[H]/C(=C(/[H])[C@@]1([H])C([H])([H])[C@]1([H])C([H])([H])[H])C([H])([H])[H],QM7,1.0000,2,0
[H]C([H])([H])C#C[C@@]1([H])C([H])([H])[C@]1([H])C([H])([H])[H],QM7,0.5789,0,0
[H]C([H])=C([H])[C@@]1([H])[C@]([H])(N([H])[H])[C@]1([H])N([H])[H],QM7,0.5263,0,0
[H]C#C[C@@]1([H])[C@]([H])(N([H])[H])[C@]1([H])N([H])[H],QM7,0.3333,0,0
[H]C([H])=C([H])[C@@]1([H])C([H])([H])[C@]1([H])C([H])([H])N([H])[H],QM7,1.0000,1,0
[H]C#C[C@@]1([H])C([H])([H])[C@]1([H])C([H])([H])N([H])[H],QM7,1.0000,2,0
[H]N([H])C([H])([H])[C@@]1([H])C([H])([H])[C@]1([H])C([H])([H])N([H])[H],QM7,1.0000,1,0
[H]C1([H])[C@]([H])(C#N)[C@@]1([H])C#N,QM7,0.5882,0,0
[H]C([H])=C([H])C([H])([H])C([H])([H])C1([H])C([H])([H])C1([H])[H],QM7,0.7895,0,0
[H]C#CC(=C([H])[H])C1([H])C([H])([H])C1([H])[H],QM7,0.4211,0,0
[H]N([H])C([H])([H])C1(C([H])([H])N([H])[H])C([H])([H])C1([H])[H],QM7,0.6667,0,0
[H]C([H])=C([H])/C([H])=C(\[H])C1([H])C([H])([H])C1([H])[H],QM7,0.8333,0,0
[H]C([H])=C([H])C(=C([H])[H])C1([H])C([H])([H])C1([H])[H],QM7,0.7778,0,0
[H]N([H])C([H])([H])C([H])([H])[C@@]1([H])C([H])([H])[C@]1([H])N([H])[H],QM7,0.5500,0,0
[H]C([H])=C([H])C#CC1([H])C([H])([H])C1([H])[H],QM7,0.5789,0,0
[H]N([H])C([H])([H])C([H])([H])C1(N([H])[H])C([H])([H])C1([H])[H],QM7,0.6667,0,0
[H]N([H])C([H])([H])C([H])([H])C([H])([H])C1([H])C([H])([H])C1([H])[H],QM7,0.8235,0,0
[H]C([H])(C#N)C([H])([H])C1([H])C([H])([H])C1([H])[H],QM7,0.7500,0,0
[H]/C(C#N)=C(/[H])C1([H])C([H])([H])C1([H])[H],QM7,1.0000,1,0
[H]C1([H])C([H])([H])C1([H])C#CC#N,QM7,0.5357,0,0
[H]C([H])=C([H])[C@]([H])(N([H])[H])C1([H])C([H])([H])C1([H])[H],QM7,0.7895,0,0
[H]C#C[C@]([H])(N([H])[H])C1([H])C([H])([H])C1([H])[H],QM7,0.7895,0,0
[H]/C(=C(/[H])C1([H])C([H])([H])C1([H])[H])C([H])([H])N([H])[H],QM7,0.6250,0,0
[H]C#CC([H])([H])C([H])([H])C1([H])C([H])([H])C1([H])[H],QM7,0.6250,0,0
[H]C([H])=C(C([H])([H])N([H])[H])C1([H])C([H])([H])C1([H])[H],QM7,0.6250,0,0
[H]N([H])C([H])([H])C#CC1([H])C([H])([H])C1([H])[H],QM7,0.4828,0,0
[H]C#C/C([H])=C(\[H])C1([H])C([H])([H])C1([H])[H],QM7,0.5238,0,0
[H]C#CC#CC1([H])C([H])([H])C1([H])[H],QM7,1.0000,1,0
[H]/C(=C(/[H])C([H])([H])C1([H])C([H])([H])C1([H])[H])C([H])([H])[H],QM7,1.0000,1,0
[H]/C(=C(/C([H])([H])[H])C1([H])C([H])([H])C1([H])[H])C([H])([H])[H],QM7,0.7222,0,0
[H]C([H])=C(C([H])([H])[H])C([H])([H])C1([H])C([H])([H])C1([H])[H],QM7,0.6667,0,0
[H]N([H])C([H])([H])C([H])([H])N([H])C1([H])C([H])([H])C1([H])[H],QM7,0.7895,0,0
[H]N(C([H])([H])C#N)C1([H])C([H])([H])C1([H])[H],QM7,0.7727,0,0
[H]N([H])C([H])([H])[C@@]([H])(N([H])[H])C1([H])C([H])([H])C1([H])[H],QM7,0.9375,0,0
[H]C([H])=C([H])[C@]([H])(C([H])([H])[H])C1([H])C([H])([H])C1([H])[H],QM7,0.8000,0,0
[H]C(=C(C([H])([H])[H])C([H])([H])[H])C1([H])C([H])([H])C1([H])[H],QM7,0.7778,0,0
[H]/N=C(\[H])N([H])C([H])([H])C1([H])C([H])([H])C1([H])[H],QM7,0.4800,0,0
[H]C#C[C@]([H])(C([H])([H])[H])C1([H])C([H])([H])C1([H])[H],QM7,0.7500,0,0
[H]C([H])([H])C#CC([H])([H])C1([H])C([H])([H])C1([H])[H],QM7,0.7500,0,0
[H][C]([N]N([H])[H])C([H])([H])C1([H])C([H])([H])C1([H])[H],QM7,0.4348,0,0
[H]/C(=C(/[H])C1([H])C([H])([H])C1([H])[H])C([H])([H])C([H])([H])[H],QM7,0.8000,0,0
[H]C([H])=C(C([H])([H])C([H])([H])[H])C1([H])C([H])([H])C1([H])[H],QM7,0.8333,0,0
[H]C([H])([H])C([H])([H])C#CC1([H])C([H])([H])C1([H])[H],QM7,0.6522,0,0
[H]OC([H])([H])C([H])([H])[C@@]1([H])C([H])([H])[C@]1([H])C([H])([H])[H],QM7,0.8421,0,0
[H]OC([H])([H])[C@@]1(C([H])([H])[H])C([H])([H])[C@]1([H])C([H])([H])[H],QM7,0.5714,0,0
[H]C([H])([H])C(=O)[C@@]1([H])C([H])([H])[C@]1([H])C([H])([H])[H],QM7,1.0000,4,0
[H]C(=O)C([H])([H])[C@@]1([H])C([H])([H])[C@]1([H])C([H])([H])[H],QM7,0.6364,0,0
[H]OC(=O)[C@@]1([H])C([H])([H])[C@]1([H])C([H])([H])[H],QM7,1.0000,1,0
[H]C([H])=C([H])O[C@@]1([H])C([H])([H])[C@]1([H])C([H])([H])[H],QM7,0.5000,0,0
[H]OC([H])([H])[C@@]1(O[H])C([H])([H])[C@]1([H])C([H])([H])[H],QM7,0.5500,0,0
[H]C(=O)O[C@@]1([H])C([H])([H])[C@]1([H])C([H])([H])[H],QM7,0.6364,0,0
[H]OC([H])([H])[C@@]1([H])C([H])([H])C1(C([H])([H])[H])C([H])([H])[H],QM7,0.6000,0,0
[H]O[C@@]1(C([H])([H])[H])C([H])([H])C1(C([H])([H])[H])C([H])([H])[H],QM7,0.5333,0,0
[H]OC([H])([H])[C@]1([H])[C@@]([H])(C([H])([H])[H])[C@@]1([H])C([H])([H])[H],QM7,0.5385,0,0
[H]O[C@]1(C([H])([H])[H])[C@@]([H])(C([H])([H])[H])[C@@]1([H])C([H])([H])[H],QM7,0.4615,0,0
[H]C(=O)[C@@]1([H])[C@]([H])(C([H])([H])[H])[C@]1([H])C([H])([H])[H],QM7,0.5882,0,0
[H]C([H])([H])C1(C([H])([H])[H])C([H])([H])C1(C([H])([H])[H])C([H])([H])[H],QM7,0.7000,0,0
[H]O[C@]1([H])C(C([H])([H])[H])(C([H])([H])[H])[C@@]1([H])O[H],QM7,0.5000,0,0
[H]OC([H])([H])C([H])([H])C1(C([H])([H])[H])C([H])([H])C1([H])[H],QM7,0.7778,0,0
[H]O[C@@]1([H])C(C([H])([H])[H])(C([H])([H])[H])[C@@]1([H])C([H])([H])[H],QM7,0.5625,0,0
[H]O[C@@]1([H])[C@]([H])(C([H])=C([H])[H])[C@@]1([H])C([H])([H])[H],QM7,0.5000,0,0
[H]C#C[C@@]1([H])[C@]([H])(O[H])[C@]1([H])C([H])([H])[H],QM7,0.4375,0,0
[H]OC([H])([H])[C@@]1([H])[C@]([H])(O[H])[C@]1([H])C([H])([H])[H],QM7,0.5455,0,0
[H]O[C@]1([H])[C@]([H])(C([H])([H])[H])[C@]1(O[H])C([H])([H])[H],QM7,0.5263,0,0
[H]O[C@@]1([H])[C@]([H])(C([H])=O)[C@@]1([H])C([H])([H])[H],QM7,0.8333,0,0
[H]OC([H])([H])[C@]1(C([H])([H])[H])C([H])([H])[C@]1([H])O[H],QM7,0.5714,0,0
[H]C([H])([H])C1(C([H])([H])[H])[C@]([H])(C([H])([H])[H])[C@]1([H])C([H])([H])[H],QM7,0.6667,0,0
[H]OC([H])([H])[C@@]1([H])C([H])([H])[C@]1(O[H])C([H])([H])[H],QM7,0.6250,0,0
[H]O[C@]1(C([H])([H])[H])C([H])([H])[C@@]1(O[H])C([H])([H])[H],QM7,0.5714,0,0
[H]OC([H])([H])[C@@]1([H])C([H])([H])[C@]1([H])C([H])([H])C([H])([H])[H],QM7,0.8889,0,0
[H]C(=O)[C@@]1([H])C([H])([H])[C@]1([H])C([H])=C([H])[H],QM7,1.0000,1,0
[H]O[C@@]1(C([H])([H])[H])C([H])([H])[C@]1([H])C([H])([H])C([H])([H])[H],QM7,1.0000,1,0
[H]C(=O)[C@@]1([H])C([H])([H])[C@]1([H])C([H])([H])C([H])([H])[H],QM7,1.0000,1,0
[H]C([H])([H])O[C@@]1([H])C([H])([H])[C@]1([H])C([H])([H])C([H])([H])[H],QM7,0.8947,0,0
[H]C([H])([H])OC1(C([H])([H])C([H])([H])[H])C([H])([H])C1([H])[H],QM7,0.7368,0,0
[H]O[C@@]1([H])C([H])([H])[C@]1(C([H])([H])[H])C([H])([H])C([H])([H])[H],QM7,0.5417,0,0
[H]O[C@@]1([H])[C@]([H])(C([H])([H])[H])[C@]1([H])C([H])([H])C([H])([H])[H],QM7,0.6250,0,0
[H]O[C@]1([H])C([H])(C([H])([H])C([H])([H])[H])[C@@]1([H])O[H],QM7,0.7143,0,0
[H]OC([H])([H])C1(C([H])([H])C([H])([H])[H])C([H])([H])C1([H])[H],QM7,0.7143,0,0
[H]O[C@]1(C([H])([H])C([H])([H])[H])C([H])([H])[C@]1([H])C([H])([H])[H],QM7,0.6000,0,0
[H]O[C@]1(C([H])([H])C([H])([H])[H])C([H])([H])[C@]1([H])O[H],QM7,1.0000,1,0
[H]O[C@@]1([H])C([H])([H])[C@]1([H])C([H])([H])C([H])([H])C([H])([H])[H],QM7,0.7619,0,0
[H]O[C@@]1([H])C([H])([H])[C@]1([H])/C([H])=C(\[H])C([H])([H])[H],QM7,0.6667,0,0
[H]O[C@@]1([H])C([H])([H])[C@]1([H])C(=C([H])[H])C([H])([H])[H],QM7,0.6471,0,0
[H]O[C@@]1([H])C([H])([H])[C@]1([H])C([H])(C([H])([H])[H])C([H])([H])[H],QM7,0.7647,0,0
[H]O[C@@]1([H])C([H])([H])[C@]1([H])C#CC([H])([H])[H],QM7,1.0000,1,0
[H]OC1(C([H])(C([H])([H])[H])C([H])([H])[H])C([H])([H])C1([H])[H],QM7,1.0000,1,0
[H]OC1(C([H])([H])C([H])([H])C([H])([H])[H])C([H])([H])C1([H])[H],QM7,0.7895,0,0
[H]C([H])([H])C([H])([H])C([H])([H])OC1([H])C([H])([H])C1([H])[H],QM7,0.7500,0,0
[H]C([H])=C([H])C([H])([H])OC1([H])C([H])([H])C1([H])[H],QM7,0.7727,0,0
[H]C(=O)C(=C([H])[H])C1([H])C([H])([H])C1([H])[H],QM7,1.0000,1,0
[H]C([H])=C([H])C(=O)C1([H])C([H])([H])C1([H])[H],QM7,0.6818,0,0
[H]C#CC([H])([H])OC1([H])C([H])([H])C1([H])[H],QM7,0.8095,0,0
[H]/C(OC1([H])C([H])([H])C1([H])[H])=C(/[H])C([H])([H])[H],QM7,0.7500,0,0
[H]C([H])=C(OC1([H])C([H])([H])C1([H])[H])C([H])([H])[H],QM7,0.6957,0,0
[H]C(=O)[C@]([H])(C([H])([H])[H])C1([H])C([H])([H])C1([H])[H],QM7,0.8000,0,0
[H]C([H])([H])C([H])(OC1([H])C([H])([H])C1([H])[H])C([H])([H])[H],QM7,0.7368,0,0
[H]OC(C([H])([H])[H])(C([H])([H])[H])C1([H])C([H])([H])C1([H])[H],QM7,0.7647,0,0
[H]OC([H])([H])[C@]([H])(C([H])([H])[H])C1([H])C([H])([H])C1([H])[H],QM7,1.0000,1,0
[H]C([H])([H])C([H])([H])C(=O)C1([H])C([H])([H])C1([H])[H],QM7,0.8333,0,0
[H]O[C@]([H])(C([H])([H])C([H])([H])[H])C1([H])C([H])([H])C1([H])[H],QM7,1.0000,1,0
[H]C([H])([H])C([H])([H])O[C@@]1([H])C([H])([H])[C@]1([H])C([H])([H])[H],QM7,0.6000,0,0
[H]O[C@]([H])(C([H])([H])[H])[C@@]1([H])C([H])([H])[C@]1([H])C([H])([H])[H],QM7,0.6364,0,0
[H]O[C@@]1([H])C([H])([H])[C@]1([H])OC([H])([H])C([H])([H])[H],QM7,0.6818,0,0
[H]O[C@@]1([H])C([H])([H])[C@]1([H])C(=O)C([H])([H])[H],QM7,0.6471,0,0
[H]O[C@@]1([H])C([H])([H])[C@]1([H])[C@]([H])(O[H])C([H])([H])[H],QM7,0.5714,0,0
[H]O[C@]([H])(C([H])([H])[H])C1(C([H])([H])[H])C([H])([H])C1([H])[H],QM7,0.7222,0,0
[H]C([H])([H])C([H])([H])OC1(C([H])([H])[H])C([H])([H])C1([H])[H],QM7,0.7368,0,0
[H]OC1([C@]([H])(O[H])C([H])([H])[H])C([H])([H])C1([H])[H],QM7,0.7647,0,0
[H]C([H])([H])C([H])([H])OC([H])([H])C1([H])C([H])([H])C1([H])[H],QM7,0.8000,0,0
[H]C([H])=C([H])OC([H])([H])C1([H])C([H])([H])C1([H])[H],QM7,0.8000,0,0
[H]C([H])([H])C(=O)C([H])([H])C1([H])C([H])([H])C1([H])[H],QM7,1.0000,1,0
[H]O[C@]([H])(C([H])([H])[H])C([H])([H])C1([H])C([H])([H])C1([H])[H],QM7,0.8000,0,0
[H]C([H])([H])C(=O)OC1([H])C([H])([H])C1([H])[H],QM7,0.8889,0,0
[H]C([H])([H])O[C@@]1([H])C([H])([H])C1(C([H])([H])[H])C([H])([H])[H],QM7,0.5263,0,0
[H]C([H])=C([H])[C@@]1([H])C([H])([H])[C@]1([H])OC([H])([H])[H],QM7,1.0000,1,0
[H]C#C[C@@]1([H])C([H])([H])[C@]1([H])OC([H])([H])[H],QM7,1.0000,1,0
[H]OC([H])([H])[C@@]1([H])C([H])([H])[C@]1([H])OC([H])([H])[H],QM7,1.0000,1,0
[H]O[C@@]1(C([H])([H])[H])C([H])([H])[C@]1([H])OC([H])([H])[H],QM7,0.4815,0,0
[H]C(=O)[C@@]1([H])C([H])([H])[C@]1([H])OC([H])([H])[H],QM7,1.0000,2,0
[H]C([H])([H])O[C@@]1([H])C([H])([H])[C@]1([H])OC([H])([H])[H],QM7,0.6667,0,0
[H]C([H])([H])OC1(OC([H])([H])[H])C([H])([H])C1([H])[H],QM7,1.0000,1,0
[H]C([H])([H])O[C@@]1(C([H])([H])[H])C([H])([H])[C@]1([H])C([H])([H])[H],QM7,0.6111,0,0
[H]C([H])([H])OC1([H])[C@@]([H])(C([H])([H])[H])[C@]1([H])C([H])([H])[H],QM7,0.5833,0,0
[H]O[C@@]1([H])C([H])([H])[C@@]1(OC([H])([H])[H])C([H])([H])[H],QM7,0.6250,0,0
[H]O[C@]1([H])[C@@]([H])(OC([H])([H])[H])[C@@]1([H])C([H])([H])[H],QM7,0.8235,0,0
[H]OC([H])([H])C1(OC([H])([H])[H])C([H])([H])C1([H])[H],QM7,0.6000,0,0
[H]C([H])([H])OC([H])([H])[C@@]1([H])C([H])([H])[C@]1([H])C([H])([H])[H],QM7,0.6522,0,0
[H]O[C@@]1([H])C([H])([H])[C@]1([H])C([H])([H])OC([H])([H])[H],QM7,0.5833,0,0
[H]C([H])([H])OC([H])([H])C1(C([H])([H])[H])C([H])([H])C1([H])[H],QM7,0.6087,0,0
[H]OC1(C([H])([H])OC([H])([H])[H])C([H])([H])C1([H])[H],QM7,0.6818,0,0
[H]C([H])([H])OC([H])([H])C([H])([H])C1([H])C([H])([H])C1([H])[H],QM7,0.7273,0,0
[H]/C(OC([H])([H])[H])=C(/[H])C1([H])C([H])([H])C1([H])[H],QM7,0.5714,0,0
[H]C([H])=C(OC([H])([H])[H])C1([H])C([H])([H])C1([H])[H],QM7,0.7143,0,0
[H]C([H])([H])O[C@@]([H])(C([H])([H])[H])C1([H])C([H])([H])C1([H])[H],QM7,1.0000,1,0
[H]C([H])([H])OC([H])([H])OC1([H])C([H])([H])C1([H])[H],QM7,0.7500,0,0
[H]C([H])([H])OC(=O)C1([H])C([H])([H])C1([H])[H],QM7,0.8000,0,0
[H]C([H])([H])C([H])([H])[C@@]1([H])C([H])([H])[C@]1([H])C([H])([H])C([H])([H])[H],QM7,1.0000,1,0
[H]O[C@@]1([H])C([H])([H])[C@]1([H])C([H])([H])C([H])=C([H])[H],QM7,0.6364,0,0
[H]C#CC([H])([H])[C@@]1([H])C([H])([H])[C@]1([H])O[H],QM7,0.6250,0,0
[H]O[C@@]1([H])C([H])([H])[C@]1([H])C([H])([H])C([H])=O,QM7,0.5200,0,0
[H]O[C@@]1([H])C([H])([H])[C@]1([H])OC([H])=C([H])[H],QM7,0.6154,0,0
[H]O[C@@]1([H])[C@@]([H])(O[H])[C@]1([H])C([H])=C([H])[H],QM7,0.5263,0,0
[H]C#C[C@@]1([H])[C@]([H])(O[H])[C@]1([H])O[H],QM7,0.4231,0,0
[H]C([H])([H])C([H])([H])[C@@]1([H])C([H])([H])C1(C([H])([H])[H])C([H])([H])[H],QM7,0.7000,0,0
[H]C#C[C@@]1([H])C([H])([H])[C@]1([H])C([H])=O,QM7,0.5652,0,0
[H]OC([H])([H])[C@@]1([H])C([H])([H])[C@]1([H])C([H])=C([H])[H],QM7,0.7391,0,0
[H]C#C[C@@]1([H])C([H])([H])[C@]1([H])C([H])([H])O[H],QM7,0.5652,0,0
[H]OC([H])([H])[C@@]1([H])C([H])([H])[C@]1([H])C([H])([H])O[H],QM7,1.0000,1,0
[H]C(=O)[C@@]1([H])C([H])([H])[C@]1([H])C([H])=O,QM7,0.6875,0,0
[H]OC([H])([H])[C@@]1([H])C([H])([H])[C@]1([H])C([H])=O,QM7,0.6000,0,0
[H]OC([H])([H])C1(C([H])([H])O[H])C([H])([H])C1([H])[H],QM7,0.6875,0,0
[H]OC([H])([H])C([H])([H])[C@@]1([H])C([H])([H])[C@]1([H])O[H],QM7,0.6500,0,0
[H]OC([H])([H])C([H])([H])C1(O[H])C([H])([H])C1([H])[H],QM7,0.7222,0,0
[H]OC([H])([H])C([H])([H])C([H])([H])C1([H])C([H])([H])C1([H])[H],QM7,0.8333,0,0
[H]C(=O)C([H])([H])C([H])([H])C1([H])C([H])([H])C1([H])[H],QM7,0.7619,0,0
[H]C#CC(=O)C1([H])C([H])([H])C1([H])[H],QM7,0.7368,0,0
[H]C(=O)/C([H])=C(\[H])C1([H])C([H])([H])C1([H])[H],QM7,1.0000,1,0
[H]C(=O)C#CC1([H])C([H])([H])C1([H])[H],QM7,0.6818,0,0
[H]O[C@@]([H])(C([H])=C([H])[H])C1([H])C([H])([H])C1([H])[H],QM7,0.5385,0,0
[H]C#C[C@]([H])(O[H])C1([H])C([H])([H])C1([H])[H],QM7,1.0000,1,0
[H]OC([H])([H])/C([H])=C(\[H])C1([H])C([H])([H])C1([H])[H],QM7,0.7619,0,0
[H]OC([H])([H])C(=C([H])[H])C1([H])C([H])([H])C1([H])[H],QM7,0.6364,0,0
[H]OC([H])([H])C#CC1([H])C([H])([H])C1([H])[H],QM7,0.5000,0,0
[H]OC([H])([H])C([H])([H])OC1([H])C([H])([H])C1([H])[H],QM7,0.7619,0,0
[H]C(=O)C([H])([H])OC1([H])C([H])([H])C1([H])[H],QM7,0.6957,0,0
[H]C(=O)C(=O)C1([H])C([H])([H])C1([H])[H],QM7,0.6667,0,0
[H]O[C@@]([H])(C([H])=O)C1([H])C([H])([H])C1([H])[H],QM7,0.7895,0,0
[H]OC([H])([H])C(=O)C1([H])C([H])([H])C1([H])[H],QM7,0.7500,0,0
[H]OC([H])([H])[C@@]([H])(O[H])C1([H])C([H])([H])C1([H])[H],QM7,0.7500,0,0
[H]C(=O)OC([H])([H])C1([H])C([H])([H])C1([H])[H],QM7,0.7727,0,0
[H]OC(=O)C([H])([H])C1([H])C([H])([H])C1([H])[H],QM7,0.9375,0,0
[H]C([H])([H])C([H])([H])[C@@]1(C([H])([H])[H])C([H])([H])[C@]1([H])C([H])([H])[H],QM7,0.6667,0,0
[H]O[N][C]([H])[C@@]1([H])C([H])([H])[C@]1([H])C([H])([H])[H],QM7,0.4091,0,0
[H]N([H])C(=O)[C@@]1([H])C([H])([H])[C@]1([H])C([H])([H])[H],QM7,1.0000,2,0
[H]OC([H])([H])[C@@]1(N([H])[H])C([H])([H])[C@]1([H])C([H])([H])[H],QM7,1.0000,1,0
[H]C(=O)N([H])[C@@]1([H])C([H])([H])[C@]1([H])C([H])([H])[H],QM7,0.5833,0,0
[H]O[C@]1(C([H])([H])N([H])[H])C([H])([H])[C@]1([H])C([H])([H])[H],QM7,0.5600,0,0
[H][C]([H])[N]O[C@@]1([H])C([H])([H])[C@]1([H])C([H])([H])[H],QM7,0.4286,0,0
[H]O[C@]1([H])C(C([H])([H])[H])(C([H])([H])[H])[C@@]1([H])N([H])[H],QM7,0.6154,0,0
[H]C([H])([H])C([H])([H])C1([H])[C@@]([H])(C([H])([H])[H])[C@]1([H])C([H])([H])[H],QM7,1.0000,1,0
[H]OC([H])([H])[C@@]1([H])[C@]([H])(N([H])[H])[C@]1([H])C([H])([H])[H],QM7,0.5909,0,0
[H]O[C@@]1(C([H])([H])[H])[C@]([H])(N([H])[H])[C@]1([H])C([H])([H])[H],QM7,0.4667,0,0
[H]O[C@@]1([H])C([H])([H])[C@@]1(C([H])([H])[H])C([H])([H])N([H])[H],QM7,0.5000,0,0
[H]O[C@]1([H])[C@]([H])(C([H])([H])[H])[C@@]1([H])C([H])([H])N([H])[H],QM7,0.4737,0,0
[H]O[C@]1([H])[C@]([H])(C([H])([H])[H])[C@]1(N([H])[H])C([H])([H])[H],QM7,0.6429,0,0
[H]O[C@@]1([H])[C@]([H])(C#N)[C@@]1([H])C([H])([H])[H],QM7,0.5882,0,0
[H]OC([H])([H])[C@]1(C([H])([H])[H])C([H])([H])[C@]1([H])N([H])[H],QM7,1.0000,1,0
[H]OC([H])([H])[C@@]1([H])C([H])([H])[C@]1(N([H])[H])C([H])([H])[H],QM7,0.5600,0,0
[H]O[C@@]1(C([H])([H])[H])C([H])([H])[C@]1(N([H])[H])C([H])([H])[H],QM7,0.6154,0,0
[H]O[C@@]1([H])[C@]([H])(N([H])[H])[C@]1(N([H])[H])C([H])([H])[H],QM7,0.4667,0,0
[H]O[C@]1([H])C(N([H])[H])(C([H])([H])[H])[C@@]1([H])O[H],QM7,0.5000,0,0
[H]O[C@]1(C([H])([H])[H])C([H])([H])[C@]1([H])C([H])([H])N([H])[H],QM7,0.5714,0,0
[H]OC1(C([H])([H])[H])[C@@]([H])(N([H])[H])[C@]1([H])N([H])[H],QM7,0.5385,0,0
[H]O[C@@]1([H])[C@]([H])(N([H])[H])[C@]1(O[H])C([H])([H])[H],QM7,0.5000,0,0
[H]O[C@@]1([H])[C@]([H])(N([H])[H])[C@]1([H])C([H])([H])C([H])([H])[H],QM7,0.5882,0,0
[H]C([H])([H])C([H])([H])C1(C([H])([H])C([H])([H])[H])C([H])([H])C1([H])[H],QM7,0.8462,0,0
[H]O[C@@]1([H])C([H])([H])[C@]1(N([H])[H])C([H])([H])C([H])([H])[H],QM7,0.5217,0,0
[H]O[C@]1(C([H])([H])C([H])([H])[H])C([H])([H])[C@]1([H])N([H])[H],QM7,0.5714,0,0
[H]C([H])([H])C([H])([H])C([H])([H])[C@@]1([H])C([H])([H])[C@]1([H])C([H])([H])[H],QM7,0.9375,0,0
[H]C([H])([H])C([H])(C([H])([H])[H])[C@@]1([H])C([H])([H])[C@]1([H])C([H])([H])[H],QM7,1.0000,2,0
[H]O[C@@]1([H])C([H])([H])[C@]1([H])N([H])C([H])([H])C([H])([H])[H],QM7,0.5909,0,0
[H]O[C@@]1([H])C([H])([H])[C@]1([H])[C@]([H])(N([H])[H])C([H])([H])[H],QM7,0.5909,0,0
[H]OC1([C@]([H])(N([H])[H])C([H])([H])[H])C([H])([H])C1([H])[H],QM7,0.7778,0,0
[H][C]([N]OC1([H])C([H])([H])C1([H])[H])C([H])([H])[H],QM7,0.4400,0,0
[H]O/N=C(\C([H])([H])[H])C1([H])C([H])([H])C1([H])[H],QM7,0.7895,0,0
[H]N([H])[C@@]1([H])C([H])([H])[C@]1([H])OC([H])([H])C([H])([H])[H],QM7,0.6667,0,0
[H]O[C@]([H])(C([H])([H])[H])[C@@]1([H])C([H])([H])[C@]1([H])N([H])[H],QM7,0.9412,0,0
[H]O[C@]([H])(C([H])([H])[H])C1(N([H])[H])C([H])([H])C1([H])[H],QM7,0.7778,0,0
[H]N(C(=O)C([H])([H])[H])C1([H])C([H])([H])C1([H])[H],QM7,0.9412,0,0
[H]C([H])([H])C([H])(C([H])([H])[H])C1(C([H])([H])[H])C([H])([H])C1([H])[H],QM7,0.8000,0,0
[H]OC([H])([H])[C@@]1([H])C([H])([H])[C@]1([H])N([H])C([H])([H])[H],QM7,0.6667,0,0
[H]O[C@@]1(C([H])([H])[H])C([H])([H])[C@]1([H])N([H])C([H])([H])[H],QM7,0.5200,0,0
[H]C(=O)[C@@]1([H])C([H])([H])[C@]1([H])N([H])C([H])([H])[H],QM7,0.5000,0,0
[H]N(C([H])([H])[H])[C@@]1([H])C([H])([H])[C@]1([H])OC([H])([H])[H],QM7,0.7273,0,0
[H]O[C@@]1([H])C([H])([H])[C@@]1(N([H])C([H])([H])[H])C([H])([H])[H],QM7,0.5000,0,0
[H]O[C@]1([H])[C@@]([H])(N([H])C([H])([H])[H])[C@@]1([H])C([H])([H])[H],QM7,0.6842,0,0
[H]O[C@@]1([H])[C@]([H])(N([H])[H])[C@]1([H])N([H])C([H])([H])[H],QM7,0.5263,0,0
[H]O[C@]1([H])C([H])(N([H])C([H])([H])[H])[C@@]1([H])O[H],QM7,0.8571,0,0
[H]OC([H])([H])C1(N([H])C([H])([H])[H])C([H])([H])C1([H])[H],QM7,0.7500,0,0
[H]O[C@@]1([H])C([H])([H])[C@]1([H])C([H])([H])N([H])C([H])([H])[H],QM7,0.5833,0,0
[H]O[C@@]1([H])C([H])([H])[C@]1([H])N(C([H])([H])[H])C([H])([H])[H],QM7,1.0000,2,0
[H]C([H])([H])C([H])([H])C([H])([H])C1(C([H])([H])[H])C([H])([H])C1([H])[H],QM7,0.7778,0,0
[H]OC1(C([H])([H])N([H])C([H])([H])[H])C([H])([H])C1([H])[H],QM7,0.6522,0,0
[H]C([H])([H])C([H])([H])C([H])([H])C([H])([H])C1([H])C([H])([H])C1([H])[H],QM7,0.9375,0,0
[H]C(=O)N(C([H])([H])[H])C1([H])C([H])([H])C1([H])[H],QM7,0.7895,0,0
[H]N(C(=O)C1([H])C([H])([H])C1([H])[H])C([H])([H])[H],QM7,0.8000,0,0
[H][C]([H])[N]OC([H])([H])C1([H])C([H])([H])C1([H])[H],QM7,0.5000,0,0
[H]N([H])C([H])([H])[C@@]1([H])C([H])([H])[C@]1([H])OC([H])([H])[H],QM7,0.5652,0,0
[H]N([H])[C@@]1(C([H])([H])[H])C([H])([H])[C@]1([H])OC([H])([H])[H],QM7,0.5000,0,0
[H]C([H])([H])O[C@@]1([H])C([H])([H])[C@]1([H])C#N,QM7,0.5652,0,0
[H]C([H])([H])C([H])(C([H])([H])[H])C([H])([H])C1([H])C([H])([H])C1([H])[H],QM7,0.8235,0,0
[H]N([H])[C@@]1([H])C([H])([H])[C@@]1(OC([H])([H])[H])C([H])([H])[H],QM7,1.0000,1,0
[H]N([H])[C@]1([H])[C@@]([H])(OC([H])([H])[H])[C@@]1([H])C([H])([H])[H],QM7,0.5882,0,0
[H]N([H])[C@]1([H])C([H])(OC([H])([H])[H])[C@@]1([H])N([H])[H],QM7,0.7857,0,0
[H]O[C@]1([H])[C@@]([H])(OC([H])([H])[H])[C@@]1([H])N([H])[H],QM7,0.8333,0,0
[H]N([H])C([H])([H])C1(OC([H])([H])[H])C([H])([H])C1([H])[H],QM7,0.7273,0,0
[H]N([H])[C@@]1([H])C([H])([H])[C@]1([H])C([H])([H])OC([H])([H])[H],QM7,1.0000,2,0
[H]N([H])C1(C([H])([H])OC([H])([H])[H])C([H])([H])C1([H])[H],QM7,0.7143,0,0
[H]C([H])([H])C(C([H])([H])[H])(C([H])([H])[H])C1([H])C([H])([H])C1([H])[H],QM7,0.8462,0,0
[H]N([H])C([H])([H])C([H])([H])[C@@]1([H])C([H])([H])[C@]1([H])C([H])([H])[H],QM7,0.9412,0,0
[H]N([H])C([H])([H])[C@@]1(C([H])([H])[H])C([H])([H])[C@]1([H])C([H])([H])[H],QM7,0.6087,0,0
[H]C([H])([H])[C@@]1([H])C([H])([H])[C@]1([H])C([H])([H])C#N,QM7,1.0000,1,0
[H][C]([N]N([H])[H])[C@@]1([H])C([H])([H])[C@]1([H])C([H])([H])[H],QM7,0.4091,0,0
[H][C]([N]OC([H])([H])[H])C1([H])C([H])([H])C1([H])[H],QM7,0.3929,0,0
[H]C([H])([H])N(C([H])([H])[H])[C@@]1([H])C([H])([H])[C@]1([H])C([H])([H])[H],QM7,1.0000,1,0
[H]N([H])C([H])([H])[C@@]1(N([H])[H])C([H])([H])[C@]1([H])C([H])([H])[H],QM7,0.5714,0,0
[H]OC([H])([H])C([H])([H])[C@@]1([H])C([H])([H])[C@]1([H])N([H])[H],QM7,1.0000,1,0
[H]O[N][C]([H])[C@@]1([H])C([H])([H])[C@]1([H])N([H])[H],QM7,0.4091,0,0
[H]N([H])C(=O)[C@@]1([H])C([H])([H])[C@]1([H])N([H])[H],QM7,1.0000,2,0
[H]OC(=O)[C@@]1([H])C([H])([H])[C@]1([H])N([H])[H],QM7,1.0000,1,0
[H]OC([H])([H])[C@@]1(N([H])[H])C([H])([H])[C@]1([H])N([H])[H],QM7,0.5714,0,0
[H]/N=C(/[H])N([H])[C@@]1([H])C([H])([H])[C@]1([H])C([H])([H])[H],QM7,0.4615,0,0
[H]C([H])([H])C([H])([H])[C@@]([H])(C([H])([H])[H])C1([H])C([H])([H])C1([H])[H],QM7,1.0000,1,0
[H]C(=O)N([H])[C@@]1([H])C([H])([H])[C@]1([H])N([H])[H],QM7,0.5000,0,0
[H]C([H])=C([H])O[C@@]1([H])C([H])([H])[C@]1([H])N([H])[H],QM7,0.5455,0,0
[H]OC([H])([H])[C@@]1(O[H])C([H])([H])[C@]1([H])N([H])[H],QM7,0.5500,0,0
[H]C(=O)O[C@@]1([H])C([H])([H])[C@]1([H])N([H])[H],QM7,1.0000,1,0
[H][C]([H])[N]O[C@@]1([H])C([H])([H])[C@]1([H])N([H])[H],QM7,0.4286,0,0
[H][C]([H])[N]N([H])[C@@]1([H])C([H])([H])[C@]1([H])C([H])([H])[H],QM7,0.4286,0,0
[H]OC([H])([H])C([H])([H])C1(N([H])[H])C([H])([H])C1([H])[H],QM7,0.7368,0,0
[H]OC([H])([H])[C@]1([H])[C@@]([H])(N([H])[H])[C@@]1([H])N([H])[H],QM7,0.5385,0,0
[H]O[C@@]1([H])[C@]([H])(C([H])=C([H])[H])[C@@]1([H])N([H])[H],QM7,0.4667,0,0
[H]C#C[C@@]1([H])[C@]([H])(O[H])[C@]1([H])N([H])[H],QM7,0.4118,0,0
[H]OC([H])([H])[C@@]1([H])[C@]([H])(O[H])[C@]1([H])N([H])[H],QM7,0.8235,0,0
[H]OC([H])([H])[C@]1(N([H])[H])C([H])([H])[C@]1([H])O[H],QM7,0.6000,0,0
[H]OC([H])([H])[C@@]1([H])C([H])([H])[C@]1([H])C([H])([H])N([H])[H],QM7,1.0000,1,0
[H]O[C@@]1([H])[C@]([H])(N([H])[H])[C@]1([H])C([H])([H])N([H])[H],QM7,0.5000,0,0
[H]O[C@]1([H])C([H])(C([H])([H])N([H])[H])[C@@]1([H])O[H],QM7,0.5625,0,0
[H]N([H])C([H])([H])[C@@]1([H])C([H])([H])C1(C([H])([H])[H])C([H])([H])[H],QM7,0.5455,0,0
[H]OC([H])([H])C1(C([H])([H])N([H])[H])C([H])([H])C1([H])[H],QM7,0.9375,0,0
[H]N([H])[C@@]1(C([H])([H])[H])C([H])([H])C1(C([H])([H])[H])C([H])([H])[H],QM7,0.9091,0,0
[H]O[C@@]1([H])C([H])([H])[C@]1(N([H])[H])C([H])([H])N([H])[H],QM7,0.4348,0,0
[H]O[C@]1(C([H])([H])N([H])[H])C([H])([H])[C@]1([H])N([H])[H],QM7,0.5769,0,0
[H]O[C@]1(C([H])([H])N([H])[H])C([H])([H])[C@]1([H])O[H],QM7,0.5455,0,0
[H]N([H])C([H])([H])[C@]1([H])[C@@]([H])(C([H])([H])[H])[C@@]1([H])C([H])([H])[H],QM7,0.4667,0,0
[H]O[C@@]1([H])C([H])([H])[C@]1([H])C([H])([H])C([H])([H])N([H])[H],QM7,0.5500,0,0
[H]OC1(C([H])([H])C([H])([H])N([H])[H])C([H])([H])C1([H])[H],QM7,0.7778,0,0
[H]N([H])[C@]1(C([H])([H])[H])[C@@]([H])(C([H])([H])[H])[C@@]1([H])C([H])([H])[H],QM7,1.0000,1,0
[H]C([H])([H])[C@@]1([H])[C@]([H])(C#N)[C@@]1([H])C([H])([H])[H],QM7,0.4762,0,0
[H]N([H])C([H])([H])C([H])([H])OC1([H])C([H])([H])C1([H])[H],QM7,0.9412,0,0
[H]C([H])(C#N)OC1([H])C([H])([H])C1([H])[H],QM7,0.6000,0,0
[H]OC([H])([H])[C@]([H])(N([H])[H])C1([H])C([H])([H])C1([H])[H],QM7,0.9412,0,0
[H]O[C@]([H])(C([H])([H])N([H])[H])C1([H])C([H])([H])C1([H])[H],QM7,0.9412,0,0
[H]/N=C(\N([H])[H])[C@@]1([H])C([H])([H])[C@]1([H])O[H],QM7,0.3333,0,0
[H]/N=C(\[H])N([H])OC1([H])C([H])([H])C1([H])[H],QM7,0.3929,0,0
[H]/N=C(/OC1([H])C([H])([H])C1([H])[H])N([H])[H],QM7,0.5200,0,0
[H]O[C@@]1([H])C([H])([H])[C@]1([H])C(=O)N([H])[H],QM7,0.6471,0,0
[H]N([H])C(=O)C([H])([H])C1([H])C([H])([H])C1([H])[H],QM7,0.8000,0,0
[H]N([H])C(=O)N([H])C1([H])C([H])([H])C1([H])[H],QM7,1.0000,1,0
[H]N([H])C(=O)OC1([H])C([H])([H])C1([H])[H],QM7,0.8000,0,0
[H]O[C@@]1([H])C([H])([H])[C@]1([H])[C]([H])[N]N([H])[H],QM7,0.3500,0,0
[H][C]([N]N([H])[H])OC1([H])C([H])([H])C1([H])[H],QM7,0.4286,0,0
[H]C(=O)N(N([H])[H])C1([H])C([H])([H])C1([H])[H],QM7,1.0000,1,0
[H]N([H])N([H])C(=O)C1([H])C([H])([H])C1([H])[H],QM7,0.7895,0,0
[H]O[C@@]1([H])C([H])([H])[C@]1([H])C([H])([H])C#N,QM7,0.5833,0,0
[H]/N=C(/[H])N([H])[C@@]1([H])C([H])([H])[C@]1([H])O[H],QM7,0.3600,0,0
[H]O[C@@]1([H])C([H])([H])[C@]1([H])N([H])C([H])=O,QM7,0.6364,0,0
[H]O[C@@]1([H])C([H])([H])[C@]1([H])N([H])[N][C]([H])[H],QM7,0.4091,0,0
[H]O[C@@]1([H])C([H])([H])[C@]1([H])O[N][C]([H])[H],QM7,0.3636,0,0
[H]C(=O)[C@@]1([H])C([H])([H])[C@]1([H])C#N,QM7,1.0000,1,0
[H]OC([H])([H])[C@@]1([H])C([H])([H])[C@]1([H])C#N,QM7,0.5417,0,0
[H]OC([H])([H])C([H])([H])N([H])C1([H])C([H])([H])C1([H])[H],QM7,0.8000,0,0
[H]C(=O)C([H])([H])N([H])C1([H])C([H])([H])C1([H])[H],QM7,0.8000,0,0
[H]C1([H])C([H])([H])C1([H])C(=O)C#N,QM7,0.6250,0,0
[H]O[C@@]([H])(C#N)C1([H])C([H])([H])C1([H])[H],QM7,0.5600,0,0
[H]C(=O)N([H])C([H])([H])C1([H])C([H])([H])C1([H])[H],QM7,1.0000,1,0
[H]C(=O)N([H])N([H])C1([H])C([H])([H])C1([H])[H],QM7,0.5385,0,0
[H]C(=O)N([H])OC1([H])C([H])([H])C1([H])[H],QM7,0.4400,0,0
[H]O[N][C]([H])[C@@]1([H])C([H])([H])[C@]1([H])O[H],QM7,0.3600,0,0
[H]O[N][C]([H])C([H])([H])C1([H])C([H])([H])C1([H])[H],QM7,0.4348,0,0
[H]O[N][C]([H])N([H])C1([H])C([H])([H])C1([H])[H],QM7,0.4091,0,0
[H]/N=C(/[H])N(O[H])C1([H])C([H])([H])C1([H])[H],QM7,0.3200,0,0
[H]/N=C(\N([H])O[H])C1([H])C([H])([H])C1([H])[H],QM7,0.3103,0,0
[H]O[N][C]([H])OC1([H])C([H])([H])C1([H])[H],QM7,0.4091,0,0
[H]ON(C([H])=O)C1([H])C([H])([H])C1([H])[H],QM7,0.5556,0,0
[H]ON([H])C(=O)C1([H])C([H])([H])C1([H])[H],QM7,0.7500,0,0
[H]N([H])[C@]1([H])C(C([H])([H])[H])(C([H])([H])[H])[C@@]1([H])N([H])[H],QM7,1.0000,1,0
[H]N([H])C([H])([H])C([H])([H])C1(C([H])([H])[H])C([H])([H])C1([H])[H],QM7,1.0000,1,0
[H]C1([H])C([H])([H])C1([H])S(=O)(=O)C([H])([H])[H],QM7,0.7222,0,0
[H]N([H])C(=S)N([H])C1([H])C([H])([H])C1([H])[H],QM7,1.0000,1,0
[H]N([H])S(=O)(=O)C1([H])C([H])([H])C1([H])[H],QM7,0.9286,0,0
[H]OS([O])([O])C1([H])C([H])([H])C1([H])[H],QM7,0.4091,0,0
[H]N([H])[C@@]1([H])C(C([H])([H])[H])(C([H])([H])[H])[C@@]1([H])C([H])([H])[H],QM7,0.6667,0,0
[H]C([H])=C([H])[C@@]1([H])[C@]([H])(N([H])[H])[C@]1([H])C([H])([H])[H],QM7,0.5000,0,0
[H]C#C[C@@]1([H])[C@]([H])(N([H])[H])[C@]1([H])C([H])([H])[H],QM7,0.4118,0,0
[H]N([H])C([H])([H])[C@@]1([H])[C@]([H])(N([H])[H])[C@]1([H])C([H])([H])[H],QM7,0.5000,0,0
[H]N([H])[C@]1([H])[C@]([H])(C([H])([H])[H])[C@]1(N([H])[H])C([H])([H])[H],QM7,0.6923,0,0
[H]N([H])C([H])([H])[C@]1(C([H])([H])[H])C([H])([H])[C@]1([H])N([H])[H],QM7,0.6000,0,0
[H]N([H])C([H])([H])[C@@]1([H])C([H])([H])[C@]1(N([H])[H])C([H])([H])[H],QM7,0.5455,0,0
[H]N([H])[C@]1(C([H])([H])[H])C([H])([H])[C@@]1(N([H])[H])C([H])([H])[H],QM7,1.0000,1,0
[H]C([H])=C(C([H])([H])[H])[C@@]1([H])C([H])([H])[C@]1([H])C([H])([H])[H],QM7,0.6471,0,0
[H]N([H])C([H])([H])[C@@]1([H])C([H])([H])[C@]1([H])C([H])([H])C([H])([H])[H],QM7,0.9412,0,0
[H]C([H])=C([H])[C@@]1([H])C([H])([H])[C@]1([H])C#N,QM7,1.0000,1,0
[H]C#C[C@@]1([H])C([H])([H])[C@]1([H])C#N,QM7,0.4545,0,0
[H]C([H])=C([H])C([H])([H])[C@@]1([H])C([H])([H])[C@]1([H])C([H])([H])[H],QM7,1.0000,1,0
[H]N([H])[C@@]1(C([H])([H])[H])C([H])([H])[C@]1([H])C([H])([H])C([H])([H])[H],QM7,0.6818,0,0
[H]C([H])([H])C([H])([H])[C@@]1([H])C([H])([H])[C@]1([H])C#N,QM7,0.6667,0,0
[H]N(C([H])([H])[H])[C@@]1([H])C([H])([H])[C@]1([H])C([H])([H])C([H])([H])[H],QM7,0.7727,0,0
[H]N(C([H])([H])[H])C1(C([H])([H])C([H])([H])[H])C([H])([H])C1([H])[H],QM7,0.9375,0,0
[H]N([H])[C@@]1([H])C([H])([H])[C@]1(C([H])([H])[H])C([H])([H])C([H])([H])[H],QM7,1.0000,1,0
[H]N([H])[C@@]1([H])[C@]([H])(C([H])([H])[H])[C@]1([H])C([H])([H])C([H])([H])[H],QM7,0.5789,0,0
[H]C#CC([H])([H])[C@@]1([H])C([H])([H])[C@]1([H])C([H])([H])[H],QM7,0.6154,0,0
[H]N([H])[C@]1([H])C([H])(C([H])([H])C([H])([H])[H])[C@@]1([H])N([H])[H],QM7,0.5000,0,0
[H]N([H])C([H])([H])C1(C([H])([H])C([H])([H])[H])C([H])([H])C1([H])[H],QM7,0.9375,0,0
[H]N([H])[C@]1(C([H])([H])C([H])([H])[H])C([H])([H])[C@]1([H])C([H])([H])[H],QM7,0.5909,0,0
[H]N([H])[C@]1(C([H])([H])C([H])([H])[H])C([H])([H])[C@]1([H])N([H])[H],QM7,0.5455,0,0
[H]C([H])=C([H])[C@@]1([H])[C@]([H])(C([H])([H])[H])[C@]1([H])C([H])([H])[H],QM7,0.5882,0,0
[H]C#C[C@@]1([H])[C@]([H])(C([H])([H])[H])[C@]1([H])C([H])([H])[H],QM7,0.4348,0,0
[H]N([H])[C@@]1([H])C([H])([H])[C@]1([H])C([H])([H])C([H])([H])C([H])([H])[H],QM7,0.6522,0,0
[H]/C(=C(/[H])[C@@]1([H])C([H])([H])[C@]1([H])N([H])[H])C([H])([H])[H],QM7,0.6111,0,0
[H]C([H])=C(C([H])([H])[H])[C@@]1([H])C([H])([H])[C@]1([H])N([H])[H],QM7,1.0000,1,0
[H]N([H])[C@@]1([H])C([H])([H])[C@]1([H])C([H])(C([H])([H])[H])C([H])([H])[H],QM7,1.0000,1,0
[H]N([H])[C@@]1([H])C([H])([H])[C@]1([H])C#CC([H])([H])[H],QM7,0.5500,0,0
[H]N([H])C1(C([H])(C([H])([H])[H])C([H])([H])[H])C([H])([H])C1([H])[H],QM7,0.6842,0,0
[H]N([H])C1(C([H])([H])C([H])([H])C([H])([H])[H])C([H])([H])C1([H])[H],QM7,0.7368,0,0
[H]N1C([H])([H])C1([H])[H],QM7,0.8333,0,0
[H]N1C([H])([H])[C@]1([H])C([H])([H])[H],QM7,1.0000,1,0
[H]C([H])([H])N1C([H])([H])C1([H])[H],QM7,0.7778,0,0
[H]OC([H])([H])[C@]1([H])N([H])C1([H])[H],QM7,0.9286,0,0
[H]C(=O)[C@]1([H])N([H])C1([H])[H],QM7,1.0000,1,0
[H]C(=O)N1C([H])([H])C1([H])[H],QM7,1.0000,1,0
[H]N1C([H])([H])C1(C([H])([H])[H])C([H])([H])[H],QM7,0.5000,0,0
[H]C([H])([H])N1C([H])([H])[C@]1([H])C([H])([H])[H],QM7,0.9091,0,0
[H]N1[C@]([H])(C([H])([H])[H])[C@@]1([H])C([H])([H])[H],QM7,0.5385,0,0
[H]N1C([H])([H])[C@]1([H])C([H])([H])C([H])([H])[H],QM7,0.9286,0,0
[H]C([H])=C([H])[C@]1([H])N([H])C1([H])[H],QM7,0.6000,0,0
[H]C#C[C@]1([H])N([H])C1([H])[H],QM7,0.6000,0,0
[H]C([H])([H])C([H])([H])N1C([H])([H])C1([H])[H],QM7,1.0000,1,0
[H]N1C([H])([H])[C@]1([H])C#N,QM7,1.0000,2,0
[H]C([H])([H])N1[C@@]([H])(C([H])([H])[H])[C@@]1([H])C([H])([H])[H],QM7,0.5833,0,0
[H][N][C]([H])N1C([H])([H])[C@]1([H])C([H])([H])[H],QM7,0.5000,0,0
[H][C]([H])[N]N1C([H])([H])[C@]1([H])C([H])([H])[H],QM7,0.4762,0,0
[H]N([H])C([H])([H])[C@@]1(C([H])([H])[H])N([H])C1([H])[H],QM7,0.4615,0,0
[H]N1C(C([H])([H])[H])(C([H])([H])[H])[C@@]1([H])C([H])([H])[H],QM7,0.7692,0,0
[H]C([H])=C([H])[C@@]1([H])N([H])[C@]1([H])C([H])([H])[H],QM7,0.4737,0,0
[H]C#C[C@@]1([H])N([H])[C@]1([H])C([H])([H])[H],QM7,0.4500,0,0
[H]N([H])C([H])([H])[C@@]1([H])N([H])[C@]1([H])C([H])([H])[H],QM7,1.0000,1,0
[H]N1[C@]([H])(C#N)[C@@]1([H])C([H])([H])[H],QM7,0.8125,0,0
[H]N1C([H])([H])[C@]1(C([H])([H])[H])C([H])([H])C([H])([H])[H],QM7,0.7000,0,0
[H]C([H])([H])N1C([H])([H])[C@]1([H])C([H])([H])C([H])([H])[H],QM7,0.6500,0,0
[H]N1[C@]([H])(C([H])([H])[H])[C@@]1([H])C([H])([H])C([H])([H])[H],QM7,0.6667,0,0
[H]N1C([H])([H])[C@]1([H])C([H])([H])C([H])([H])C([H])([H])[H],QM7,0.6190,0,0
[H]C([H])=C([H])C([H])([H])[C@]1([H])N([H])C1([H])[H],QM7,1.0000,2,0
[H]C#CC([H])([H])[C@]1([H])N([H])C1([H])[H],QM7,0.6522,0,0
[H]/C(=C(/[H])[C@]1([H])N([H])C1([H])[H])C([H])([H])[H],QM7,1.0000,1,0
[H]C([H])=C(C([H])([H])[H])[C@]1([H])N([H])C1([H])[H],QM7,0.6087,0,0
[H]N1C([H])([H])[C@]1([H])C([H])(C([H])([H])[H])C([H])([H])[H],QM7,0.6842,0,0
[H]N1C([H])([H])[C@]1([H])C#CC([H])([H])[H],QM7,0.6364,0,0
[H]C([H])([H])C([H])([H])C([H])([H])N1C([H])([H])C1([H])[H],QM7,1.0000,2,0
[H]C([H])=C([H])C([H])([H])N1C([H])([H])C1([H])[H],QM7,1.0000,2,0
[H]C#CC([H])([H])N1C([H])([H])C1([H])[H],QM7,0.7222,0,0
[H]C([H])([H])C([H])(N1C([H])([H])C1([H])[H])C([H])([H])[H],QM7,1.0000,1,0
[H]C([H])([H])C([H])([H])N1C([H])([H])[C@]1([H])C([H])([H])[H],QM7,0.6667,0,0
[H]N([H])[C@]([H])(C([H])([H])[H])[C@]1([H])N([H])C1([H])[H],QM7,0.5217,0,0
[H][C]([N]N1C([H])([H])C1([H])[H])C([H])([H])[H],QM7,0.3913,0,0
[H]/N=C(/N1C([H])([H])C1([H])[H])C([H])([H])[H],QM7,0.4783,0,0
[H]C([H])([H])N1C([H])([H])C1(C([H])([H])[H])C([H])([H])[H],QM7,0.5882,0,0
[H]C([H])=C([H])[C@]1([H])N(C([H])([H])[H])C1([H])[H],QM7,0.5833,0,0
[H]C#C[C@]1([H])N(C([H])([H])[H])C1([H])[H],QM7,1.0000,1,0
[H]N([H])C([H])([H])[C@]1([H])N(C([H])([H])[H])C1([H])[H],QM7,0.6087,0,0
[H]C([H])([H])N1C([H])([H])[C@]1([H])C#N,QM7,0.5000,0,0
[H]N(C([H])([H])[H])C([H])([H])[C@]1([H])N([H])C1([H])[H],QM7,1.0000,1,0
[H]/C(=N\C([H])([H])[H])N1C([H])([H])C1([H])[H],QM7,0.6316,0,0
[H]N([H])C([H])([H])C([H])([H])[C@]1([H])N([H])C1([H])[H],QM7,0.6842,0,0
[H]N1C([H])([H])[C@]1([H])C([H])([H])C#N,QM7,0.6154,0,0
[H]N([H])C([H])([H])C([H])([H])N1C([H])([H])C1([H])[H],QM7,1.0000,1,0
[H]C([H])(C#N)N1C([H])([H])C1([H])[H],QM7,1.0000,1,0
[H]C(=O)N1C([H])([H])[C@]1([H])C([H])([H])[H],QM7,1.0000,1,0
[H]OC([H])([H])[C@@]1(C([H])([H])[H])N([H])C1([H])[H],QM7,0.6667,0,0
[H]OC([H])([H])[C@@]1([H])N([H])[C@]1([H])C([H])([H])[H],QM7,0.6500,0,0
[H]C(=O)[C@@]1([H])N([H])[C@]1([H])C([H])([H])[H],QM7,0.4500,0,0
[H]N1C([H])([H])[C@]1([H])C(=O)C([H])([H])[H],QM7,0.6818,0,0
[H]O[C@]([H])(C([H])([H])[H])[C@]1([H])N([H])C1([H])[H],QM7,0.7143,0,0
[H]C([H])([H])C(=O)N1C([H])([H])C1([H])[H],QM7,0.9286,0,0
[H]OC([H])([H])[C@]1([H])N(C([H])([H])[H])C1([H])[H],QM7,0.6364,0,0
[H]C(=O)[C@]1([H])N(C([H])([H])[H])C1([H])[H],QM7,0.5833,0,0
[H]N1C([H])([H])[C@]1([H])C([H])([H])OC([H])([H])[H],QM7,0.7273,0,0
[H]OC([H])([H])C([H])([H])[C@]1([H])N([H])C1([H])[H],QM7,0.6818,0,0
[H]C(=O)C([H])([H])[C@]1([H])N([H])C1([H])[H],QM7,0.5238,0,0
[H]OC([H])([H])C([H])([H])N1C([H])([H])C1([H])[H],QM7,0.7647,0,0
[H]C(=O)C([H])([H])N1C([H])([H])C1([H])[H],QM7,1.0000,1,0
[H]C([H])([H])C([H])([H])C([H])([H])C([H])([H])N1C([H])([H])C1([H])[H],QM7,0.8824,0,0
[H]C([H])=C([H])C([H])([H])C([H])([H])N1C([H])([H])C1([H])[H],QM7,0.7500,0,0
[H]C#CC([H])([H])C([H])([H])N1C([H])([H])C1([H])[H],QM7,0.7619,0,0
[H]/C(=C(/[H])C([H])([H])N1C([H])([H])C1([H])[H])C([H])([H])[H],QM7,1.0000,1,0
[H]C([H])=C(C([H])([H])[H])C([H])([H])N1C([H])([H])C1([H])[H],QM7,1.0000,1,0
[H]C([H])=C([H])[C@@]([H])(N1C([H])([H])C1([H])[H])C([H])([H])[H],QM7,1.0000,1,0
[H]C([H])([H])C([H])(C([H])([H])[H])C([H])([H])N1C([H])([H])C1([H])[H],QM7,1.0000,1,0
[H]C([H])([H])C(N1C([H])([H])C1([H])[H])(C([H])([H])[H])C([H])([H])[H],QM7,0.7333,0,0
[H]C#C[C@@]([H])(N1C([H])([H])C1([H])[H])C([H])([H])[H],QM7,0.7619,0,0
[H]C([H])([H])C#CC([H])([H])N1C([H])([H])C1([H])[H],QM7,0.7500,0,0
[H]C([H])([H])C([H])([H])[C@]([H])(N1C([H])([H])C1([H])[H])C([H])([H])[H],QM7,0.7778,0,0
[H]C([H])([H])C([H])([H])C([H])([H])N1C([H])([H])[C@]1([H])C([H])([H])[H],QM7,0.7273,0,0
[H]C([H])([H])C([H])(N1C([H])([H])[C@]1([H])C([H])([H])[H])C([H])([H])[H],QM7,0.9333,0,0
[H]C([H])=C(C#N)[C@]1([H])N([H])C1([H])[H],QM7,0.5769,0,0
[H]N([H])C(C([H])([H])[H])(C([H])([H])[H])[C@]1([H])N([H])C1([H])[H],QM7,0.6000,0,0
[H]N1C([H])([H])[C@]1([H])[C@]([H])(C#N)C([H])([H])[H],QM7,0.4643,0,0
[H]N([H])C([H])([H])[C@]([H])(C([H])([H])[H])[C@]1([H])N([H])C1([H])[H],QM7,0.5652,0,0
[H]N1C([H])([H])[C@]1([H])[C@]([H])(N([H])[H])C([H])([H])C([H])([H])[H],QM7,0.5000,0,0
[H][C]([H])/C([H])=C(\[H])[N]N1C([H])([H])C1([H])[H],QM7,0.2857,0,0
[H]/N=C(\C([H])=C([H])[H])N1C([H])([H])C1([H])[H],QM7,0.4167,0,0
[H]C#C[C]([H])[N]N1C([H])([H])C1([H])[H],QM7,0.3125,0,0
[H]C([H])([H])[C]([N]N1C([H])([H])C1([H])[H])C([H])([H])[H],QM7,0.4000,0,0
[H]C1([H])N([C@]([H])(C#N)C([H])([H])[H])C1([H])[H],QM7,0.8421,0,0
[H]N([H])C([H])([H])[C@@]([H])(N1C([H])([H])C1([H])[H])C([H])([H])[H],QM7,0.7500,0,0
[H][C]([N]N1C([H])([H])C1([H])[H])C([H])([H])C([H])([H])[H],QM7,0.3448,0,0
[H]/N=C(/N1C([H])([H])C1([H])[H])C([H])([H])C([H])([H])[H],QM7,0.5200,0,0
[H]C([H])([H])C([H])([H])N1C([H])([H])C1(C([H])([H])[H])C([H])([H])[H],QM7,0.5000,0,0
[H]C([H])=C([H])[C@]1([H])N(C([H])([H])C([H])([H])[H])C1([H])[H],QM7,0.4242,0,0
[H]C#C[C@]1([H])N(C([H])([H])C([H])([H])[H])C1([H])[H],QM7,0.4783,0,0
[H]N([H])C([H])([H])[C@]1([H])N(C([H])([H])C([H])([H])[H])C1([H])[H],QM7,0.6400,0,0
[H]C([H])([H])C([H])([H])N1C([H])([H])[C@]1([H])C#N,QM7,0.6000,0,0
[H]C([H])([H])C([H])([H])N1[C@@]([H])(C([H])([H])[H])[C@]1([H])C([H])([H])[H],QM7,0.6111,0,0
[H]N1C([H])([H])[C@]1(C([H])([H])[H])[C@]([H])(N([H])[H])C([H])([H])[H],QM7,0.7000,0,0
[H]N([H])[C@]([H])(C([H])([H])[H])[C@]1([H])N(C([H])([H])[H])C1([H])[H],QM7,0.6522,0,0
[H]N([H])[C@]([H])(C([H])([H])[H])[C@@]1([H])N([H])[C@]1([H])C([H])([H])[H],QM7,0.5556,0,0
[H]N(C([H])([H])C([H])([H])[H])C([H])([H])[C@]1([H])N([H])C1([H])[H],QM7,0.5455,0,0
[H]N([H])[C@]([H])(C([H])([H])[H])C([H])([H])[C@]1([H])N([H])C1([H])[H],QM7,0.6190,0,0
[H]N([H])[C@]([H])(C([H])([H])[H])C([H])([H])N1C([H])([H])C1([H])[H],QM7,0.8421,0,0
[H][C]([N]C([H])([H])C([H])([H])[H])N1C([H])([H])C1([H])[H],QM7,0.3462,0,0
[H][C]([N]N1C([H])([H])[C@]1([H])C([H])([H])[H])C([H])([H])[H],QM7,0.4348,0,0
[H]C([H])=C(C([H])([H])[H])[C@]1([H])N(C([H])([H])[H])C1([H])[H],QM7,0.5417,0,0
[H]C([H])=C([H])C([H])([H])[C@]1([H])N(C([H])([H])[H])C1([H])[H],QM7,0.6000,0,0
[H]C#CC([H])([H])[C@]1([H])N(C([H])([H])[H])C1([H])[H],QM7,0.6667,0,0
[H]N([H])C([H])([H])C([H])([H])[C@]1([H])N(C([H])([H])[H])C1([H])[H],QM7,0.6296,0,0
[H]N([H])C([H])([H])[C@]1(C([H])([H])[H])N(C([H])([H])[H])C1([H])[H],QM7,0.5000,0,0
[H]C([H])([H])N1C([H])([H])[C@]1([H])C([H])([H])C#N,QM7,0.6296,0,0
[H]N(C([H])([H])[H])C([H])([H])[C@]1(C([H])([H])[H])N([H])C1([H])[H],QM7,0.4400,0,0
[H]N(C([H])([H])[H])C([H])([H])[C@]1([H])N(C([H])([H])[H])C1([H])[H],QM7,0.6667,0,0
[H]N(C([H])([H])[H])C([H])([H])[C@@]1([H])N([H])[C@]1([H])C([H])([H])[H],QM7,0.6667,0,0
[H]N(C([H])([H])[H])C([H])([H])C([H])([H])[C@]1([H])N([H])C1([H])[H],QM7,0.5455,0,0
[H]N1C([H])([H])[C@]1([H])C([H])([H])N(C([H])([H])[H])C([H])([H])[H],QM7,0.5833,0,0
[H]N(C([H])([H])[H])[C@@]([H])(C([H])([H])[H])[C@]1([H])N([H])C1([H])[H],QM7,1.0000,1,0
[H]N(C([H])([H])[H])C([H])([H])C([H])([H])N1C([H])([H])C1([H])[H],QM7,0.8421,0,0
[H]C([H])([H])/N=C(/N1C([H])([H])C1([H])[H])C([H])([H])[H],QM7,0.4800,0,0
[H][C]([N]C([H])([H])[H])N1C([H])([H])[C@]1([H])C([H])([H])[H],QM7,0.4545,0,0
[H]C#C[C@]1([H])N([N][C]([H])[H])C1([H])[H],QM7,0.4167,0,0
[H][C]([H])[N]N1C([H])([H])[C@]1([H])C#N,QM7,0.3750,0,0
[H]C([H])=C([H])[C@@]1([H])N([H])[C@]1([H])C([H])([H])N([H])[H],QM7,0.5652,0,0
[H]C#C[C@@]1([H])N([H])[C@]1([H])C([H])([H])N([H])[H],QM7,0.3913,0,0
[H]N1[C@]([H])(C#N)[C@@]1([H])C#N,QM7,0.6250,0,0
[H]N([H])C([H])([H])C([H])([H])C([H])([H])[C@]1([H])N([H])C1([H])[H],QM7,1.0000,1,0
[H]N1C([H])([H])[C@]1([H])C([H])([H])C([H])([H])C#N,QM7,0.5769,0,0
[H]/C(C#N)=C(/[H])[C@]1([H])N([H])C1([H])[H],QM7,0.5769,0,0
[H]N1C([H])([H])[C@]1([H])C#CC#N,QM7,0.5000,0,0
[H]C([H])=C([H])[C@]([H])(N([H])[H])[C@]1([H])N([H])C1([H])[H],QM7,0.5217,0,0
[H]C#C[C@]([H])(N([H])[H])[C@]1([H])N([H])C1([H])[H],QM7,0.5000,0,0
[H]/C(=C(/[H])[C@]1([H])N([H])C1([H])[H])C([H])([H])N([H])[H],QM7,0.5556,0,0
[H]C([H])=C(C([H])([H])N([H])[H])[C@]1([H])N([H])C1([H])[H],QM7,0.3871,0,0
[H]N([H])C([H])([H])C#C[C@]1([H])N([H])C1([H])[H],QM7,0.3871,0,0
[H]N([H])C([H])([H])C([H])([H])C([H])([H])N1C([H])([H])C1([H])[H],QM7,0.8824,0,0
[H]C#C[C]([N][H])N1C([H])([H])C1([H])[H],QM7,0.3704,0,0
[H]C([H])(C#N)C([H])([H])N1C([H])([H])C1([H])[H],QM7,0.7500,0,0
[H]/C(C#N)=C(/[H])N1C([H])([H])C1([H])[H],QM7,0.5000,0,0
[H][N][C](C#N)N1C([H])([H])C1([H])[H],QM7,0.4000,0,0
[H][C](C#N)[N]N1C([H])([H])C1([H])[H],QM7,0.3333,0,0
[H]C#C[C@]1([H])N(/C([H])=N/[H])C1([H])[H],QM7,0.3704,0,0
[H]/N=C(\[H])N1C([H])([H])[C@]1([H])C#N,QM7,0.4828,0,0
[H]C(=O)N1[C@@]([H])(C([H])([H])[H])[C@@]1([H])C([H])([H])[H],QM7,1.0000,1,0
[H]OC([H])([H])C([H])([H])[C@@]1(C([H])([H])[H])N([H])C1([H])[H],QM7,0.5385,0,0
[H]C(=O)[C@@]1([H])N(C([H])([H])[H])[C@@]1([H])C([H])([H])[H],QM7,0.6471,0,0
[H]OC([H])([H])[C@@]1([H])N(C([H])([H])[H])[C@@]1([H])C([H])([H])[H],QM7,0.5000,0,0
[H]OC([H])([H])C([H])([H])N1C([H])([H])[C@]1([H])C([H])([H])[H],QM7,0.7727,0,0
[H]C([H])([H])C(=O)N1C([H])([H])[C@]1([H])C([H])([H])[H],QM7,0.6957,0,0
[H]C(=O)C([H])([H])N1C([H])([H])[C@]1([H])C([H])([H])[H],QM7,0.5652,0,0
[H]O[N][C]([H])N1C([H])([H])[C@]1([H])C([H])([H])[H],QM7,0.4348,0,0
[H]N([H])C(=O)N1C([H])([H])[C@]1([H])C([H])([H])[H],QM7,0.9444,0,0
[H]C(=O)N([H])N1C([H])([H])[C@]1([H])C([H])([H])[H],QM7,0.5172,0,0
[H]OC([H])([H])[C@@]1([H])N([H])C1(C([H])([H])[H])C([H])([H])[H],QM7,0.4783,0,0
[H]OC([H])([H])C([H])([H])[C@@]1([H])N([H])[C@]1([H])C([H])([H])[H],QM7,0.5238,0,0
[H]OC([H])([H])[C@@]1(C([H])([H])[H])N([H])[C@]1([H])C([H])([H])[H],QM7,0.4074,0,0
[H]N1[C@]([H])(C(=O)C([H])([H])[H])[C@@]1([H])C([H])([H])[H],QM7,0.5789,0,0
[H]C(=O)C([H])([H])[C@@]1([H])N([H])[C@]1([H])C([H])([H])[H],QM7,0.4545,0,0
[H]O[N][C]([H])[C@@]1([H])N([H])[C@]1([H])C([H])([H])[H],QM7,0.3182,0,0
[H]N([H])C(=O)[C@@]1([H])N([H])[C@]1([H])C([H])([H])[H],QM7,0.5500,0,0
[H]OC(=O)[C@@]1([H])N([H])[C@]1([H])C([H])([H])[H],QM7,1.0000,1,0
[H]C(=O)N1C([H])([H])[C@]1([H])C([H])=C([H])[H],QM7,0.5385,0,0
[H]C(=O)N1C([H])([H])[C@]1([H])C([H])([H])C([H])([H])[H],QM7,0.6071,0,0
[H]OC([H])([H])[C@@]1(C([H])([H])C([H])([H])[H])N([H])C1([H])[H],QM7,0.6667,0,0
[H]OC([H])([H])[C@@]1([H])N([H])[C@]1([H])C([H])([H])C([H])([H])[H],QM7,0.6667,0,0
[H]C(=O)[C@@]1([H])N([H])[C@]1([H])C([H])=C([H])[H],QM7,0.4762,0,0
[H]C(=O)[C@@]1([H])N([H])[C@]1([H])C([H])([H])C([H])([H])[H],QM7,0.5652,0,0
[H]C(=O)C(=C([H])[H])[C@]1([H])N([H])C1([H])[H],QM7,0.4783,0,0
[H]C([H])=C([H])C(=O)[C@]1([H])N([H])C1([H])[H],QM7,0.5556,0,0
[H]C(=O)[C@]([H])(C([H])([H])[H])[C@]1([H])N([H])C1([H])[H],QM7,0.5909,0,0
[H]OC(C([H])([H])[H])(C([H])([H])[H])[C@]1([H])N([H])C1([H])[H],QM7,0.6364,0,0
[H]OC([H])([H])[C@]([H])(C([H])([H])[H])[C@]1([H])N([H])C1([H])[H],QM7,0.5652,0,0
[H]N1C([H])([H])[C@]1([H])C(=O)C([H])([H])C([H])([H])[H],QM7,0.6800,0,0
[H]O[C@]([H])(C([H])([H])C([H])([H])[H])[C@]1([H])N([H])C1([H])[H],QM7,0.5862,0,0
[H]C([H])=C([H])C(=O)N1C([H])([H])C1([H])[H],QM7,1.0000,1,0
[H]C(=O)[C@@]([H])(N1C([H])([H])C1([H])[H])C([H])([H])[H],QM7,0.7895,0,0
[H]OC([H])([H])[C@@]([H])(N1C([H])([H])C1([H])[H])C([H])([H])[H],QM7,0.8421,0,0
[H]C([H])([H])C([H])([H])C(=O)N1C([H])([H])C1([H])[H],QM7,1.0000,1,0
[H]OC([H])([H])[C@]1([H])N(C([H])([H])C([H])([H])[H])C1([H])[H],QM7,0.7200,0,0
[H]C(=O)[C@]1([H])N(C([H])([H])C([H])([H])[H])C1([H])[H],QM7,0.5000,0,0
[H]O/N=C(\C([H])([H])[H])[C@]1([H])N([H])C1([H])[H],QM7,0.4348,0,0
[H]O/N=C(/N1C([H])([H])C1([H])[H])C([H])([H])[H],QM7,0.7778,0,0
[H]O[C@]([H])(C([H])([H])[H])[C@]1(C([H])([H])[H])N([H])C1([H])[H],QM7,0.4348,0,0
[H]O[C@]([H])(C([H])([H])[H])[C@]1([H])N(C([H])([H])[H])C1([H])[H],QM7,0.5600,0,0
[H]O[C@]([H])(C([H])([H])[H])[C@@]1([H])N([H])[C@]1([H])C([H])([H])[H],QM7,0.5556,0,0
[H]N1C([H])([H])[C@]1([H])C([H])([H])OC([H])([H])C([H])([H])[H],QM7,0.5769,0,0
[H]C([H])=C([H])OC([H])([H])[C@]1([H])N([H])C1([H])[H],QM7,1.0000,1,0
[H]N1C([H])([H])[C@]1([H])C([H])([H])C(=O)C([H])([H])[H],QM7,0.6800,0,0
[H]O[C@]([H])(C([H])([H])[H])C([H])([H])[C@]1([H])N([H])C1([H])[H],QM7,0.6800,0,0
[H]C([H])([H])C(=O)C([H])([H])N1C([H])([H])C1([H])[H],QM7,0.8000,0,0
[H]O[C@]([H])(C([H])([H])[H])C([H])([H])N1C([H])([H])C1([H])[H],QM7,1.0000,1,0
[H]N(C(=O)C([H])([H])[H])N1C([H])([H])C1([H])[H],QM7,1.0000,1,0
[H]OC([H])([H])C([H])([H])[C@]1([H])N(C([H])([H])[H])C1([H])[H],QM7,0.6071,0,0
[H]OC([H])([H])[C@]1(C([H])([H])[H])N(C([H])([H])[H])C1([H])[H],QM7,0.5652,0,0
[H]C([H])([H])C(=O)[C@]1([H])N(C([H])([H])[H])C1([H])[H],QM7,0.6667,0,0
[H]C(=O)C([H])([H])[C@]1([H])N(C([H])([H])[H])C1([H])[H],QM7,0.5000,0,0
[H]O[N][C]([H])[C@]1([H])N(C([H])([H])[H])C1([H])[H],QM7,0.3548,0,0
[H]N([H])C(=O)[C@]1([H])N(C([H])([H])[H])C1([H])[H],QM7,0.6087,0,0
[H]OC(=O)[C@]1([H])N(C([H])([H])[H])C1([H])[H],QM7,0.6000,0,0
[H]N(C(=O)[C@]1([H])N([H])C1([H])[H])C([H])([H])[H],QM7,0.7500,0,0
[H]C(=O)N(N1C([H])([H])C1([H])[H])C([H])([H])[H],QM7,0.6000,0,0
[H]N(C(=O)N1C([H])([H])C1([H])[H])C([H])([H])[H],QM7,0.7500,0,0
[H][C]([H])[N]N1C([H])([H])[C@]1([H])C([H])=O,QM7,0.3333,0,0
[H][C]([H])[N]OC([H])([H])[C@]1([H])N([H])C1([H])[H],QM7,0.4615,0,0
[H]N1C([H])([H])[C@]1(C([H])([H])[H])C([H])([H])OC([H])([H])[H],QM7,0.5600,0,0
[H]C([H])([H])OC([H])([H])[C@]1([H])N(C([H])([H])[H])C1([H])[H],QM7,0.5714,0,0
[H]N1[C@]([H])(C([H])([H])[H])[C@@]1([H])C([H])([H])OC([H])([H])[H],QM7,1.0000,1,0
[H]N1C([H])([H])[C@]1([H])C([H])([H])C([H])([H])OC([H])([H])[H],QM7,0.6538,0,0
[H]/C(OC([H])([H])[H])=C(/[H])[C@]1([H])N([H])C1([H])[H],QM7,0.5000,0,0
[H]C([H])=C(OC([H])([H])[H])[C@]1([H])N([H])C1([H])[H],QM7,0.5000,0,0
[H]N1C([H])([H])[C@]1([H])[C@@]([H])(OC([H])([H])[H])C([H])([H])[H],QM7,0.4762,0,0
[H]C([H])([H])OC([H])([H])C([H])([H])N1C([H])([H])C1([H])[H],QM7,0.8421,0,0
[H][C]([N]N1C([H])([H])C1([H])[H])OC([H])([H])[H],QM7,0.2963,0,0
[H][N][C](OC([H])([H])[H])N1C([H])([H])C1([H])[H],QM7,0.4000,0,0
[H]N1C([H])([H])[C@]1([H])C(=O)OC([H])([H])[H],QM7,1.0000,1,0
[H]C([H])([H])OC(=O)N1C([H])([H])C1([H])[H],QM7,0.7500,0,0
[H][C]([N]OC([H])([H])[H])[C@]1([H])N([H])C1([H])[H],QM7,0.3600,0,0
[H][C]([N]OC([H])([H])[H])N1C([H])([H])C1([H])[H],QM7,0.3200,0,0
[H]C(=O)N1C([H])([H])[C@]1([H])C([H])([H])N([H])[H],QM7,0.4412,0,0
[H]OC([H])([H])[C@@]1(C([H])([H])N([H])[H])N([H])C1([H])[H],QM7,0.6667,0,0
[H]OC([H])([H])[C@@]1([H])N([H])[C@]1([H])C([H])([H])N([H])[H],QM7,0.6667,0,0
[H]OC([H])([H])[C@]([H])(N([H])[H])[C@]1([H])N([H])C1([H])[H],QM7,0.4643,0,0
[H]O[C@]([H])(C([H])([H])N([H])[H])[C@]1([H])N([H])C1([H])[H],QM7,0.5357,0,0
[H][N][C](C([H])=O)N1C([H])([H])C1([H])[H],QM7,0.3571,0,0
[H]N([H])C([H])([H])C(=O)N1C([H])([H])C1([H])[H],QM7,0.7619,0,0
[H][N][C]([H])N1C([H])([H])[C@]1([H])C([H])=O,QM7,0.3333,0,0
[H]N([H])C(=O)C([H])([H])[C@]1([H])N([H])C1([H])[H],QM7,0.6800,0,0
[H]N([H])C(=O)C([H])([H])N1C([H])([H])C1([H])[H],QM7,1.0000,1,0
[H]C([H])=C([H])[C@@]1([H])N(C([H])([H])[H])[C@@]1([H])C([H])([H])[H],QM7,1.0000,1,0
[H]C#C[C@@]1([H])N(C([H])([H])[H])[C@@]1([H])C([H])([H])[H],QM7,0.4348,0,0
[H][N][C]([H])N1C([H])([H])[C@]1([H])C([H])([H])O[H],QM7,0.4194,0,0
[H]C(=O)N1C([H])([H])[C@]1([H])C([H])=O,QM7,0.4762,0,0
[H]OC([H])([H])[C@]1([H])N(C([H])=O)C1([H])[H],QM7,0.6429,0,0
[H]OC([H])([H])[C@]1([H])N([N][C]([H])[H])C1([H])[H],QM7,0.3846,0,0
[H]OC([H])([H])C1(C([H])([H])O[H])N([H])C1([H])[H],QM7,1.0000,1,0
[H]C#C[C@@]1([H])N([H])[C@]1([H])C([H])=O,QM7,0.3750,0,0
[H]OC([H])([H])[C@@]1([H])N([H])[C@]1([H])C([H])=C([H])[H],QM7,0.5652,0,0
[H]C#C[C@@]1([H])N([H])[C@]1([H])C([H])([H])O[H],QM7,0.4138,0,0
[H]C(=O)[C@@]1([H])N([H])[C@]1([H])C#N,QM7,0.3846,0,0
[H]OC([H])([H])[C@@]1([H])N([H])[C@]1([H])C#N,QM7,0.6400,0,0
[H]OC([H])([H])[C@@]1([H])N([H])[C@]1([H])C([H])([H])O[H],QM7,0.6667,0,0
[H]C(=O)[C@@]1([H])N([H])[C@]1([H])C([H])=O,QM7,0.6250,0,0
[H]OC([H])([H])[C@@]1([H])N([H])[C@]1([H])C([H])=O,QM7,0.5000,0,0
[H]OC([H])([H])C([H])([H])C([H])([H])[C@]1([H])N([H])C1([H])[H],QM7,0.8421,0,0
[H]C(=O)C([H])([H])C([H])([H])[C@]1([H])N([H])C1([H])[H],QM7,0.6522,0,0
[H]C#CC(=O)[C@]1([H])N([H])C1([H])[H],QM7,0.4815,0,0
[H]C(=O)/C([H])=C(\[H])[C@]1([H])N([H])C1([H])[H],QM7,0.6364,0,0
[H]C(=O)C#C[C@]1([H])N([H])C1([H])[H],QM7,0.3929,0,0
[H]O[C@@]([H])(C([H])=C([H])[H])[C@]1([H])N([H])C1([H])[H],QM7,0.5769,0,0
[H]C#C[C@]([H])(O[H])[C@]1([H])N([H])C1([H])[H],QM7,0.5769,0,0
[H]OC([H])([H])/C([H])=C(\[H])[C@]1([H])N([H])C1([H])[H],QM7,0.5769,0,0
[H]OC([H])([H])C(=C([H])[H])[C@]1([H])N([H])C1([H])[H],QM7,0.5600,0,0
[H]OC([H])([H])C#C[C@]1([H])N([H])C1([H])[H],QM7,0.4231,0,0
[H]OC([H])([H])C([H])([H])C([H])([H])N1C([H])([H])C1([H])[H],QM7,1.0000,1,0
[H]C(=O)C([H])([H])C([H])([H])N1C([H])([H])C1([H])[H],QM7,0.8000,0,0
[H]C#CC(=O)N1C([H])([H])C1([H])[H],QM7,0.7619,0,0
[H]C(=O)/C([H])=C(\[H])N1C([H])([H])C1([H])[H],QM7,0.8235,0,0
[H]N1C([H])([H])[C@]1([H])C(=O)C#N,QM7,0.4545,0,0
[H]O[C@@]([H])(C#N)[C@]1([H])N([H])C1([H])[H],QM7,0.4231,0,0
[H]C1([H])N(C(=O)C#N)C1([H])[H],QM7,0.5714,0,0
[H][C]([N]N1C([H])([H])C1([H])[H])C([H])=O,QM7,0.3500,0,0
[H]OC([H])([H])[C]([H])[N]N1C([H])([H])C1([H])[H],QM7,0.2917,0,0
[H][N][C](N1C([H])([H])C1([H])[H])C([H])([H])O[H],QM7,0.3333,0,0
[H]C(=O)C(=O)[C@]1([H])N([H])C1([H])[H],QM7,0.6957,0,0
[H]O[C@@]([H])(C([H])=O)[C@]1([H])N([H])C1([H])[H],QM7,0.4400,0,0
[H]OC([H])([H])C(=O)[C@]1([H])N([H])C1([H])[H],QM7,0.6667,0,0
[H]OC([H])([H])[C@@]([H])(O[H])[C@]1([H])N([H])C1([H])[H],QM7,0.5385,0,0
[H]C(=O)C(=O)N1C([H])([H])C1([H])[H],QM7,0.6364,0,0
[H]OC([H])([H])C(=O)N1C([H])([H])C1([H])[H],QM7,0.7778,0,0
[H]C#C[C@]1([H])N(C([H])=O)C1([H])[H],QM7,0.4167,0,0
[H]C(=O)N1C([H])([H])[C@]1([H])C#N,QM7,0.5385,0,0
[H]C(=O)N([H])C([H])([H])[C@]1([H])N([H])C1([H])[H],QM7,0.5667,0,0
[H]C(=O)/N=C(\[H])N1C([H])([H])C1([H])[H],QM7,0.4211,0,0
[H]C(=O)OC([H])([H])[C@]1([H])N([H])C1([H])[H],QM7,0.6667,0,0
[H]OC(=O)C([H])([H])[C@]1([H])N([H])C1([H])[H],QM7,0.7083,0,0
[H]OC(=O)C([H])([H])N1C([H])([H])C1([H])[H],QM7,1.0000,2,0
[H]O[N][C]([H])C([H])([H])[C@]1([H])N([H])C1([H])[H],QM7,0.4583,0,0
[H][N][C]([H])N1[C@@]([H])(C([H])([H])[H])[C@@]1([H])C([H])([H])[H],QM7,0.4444,0,0
[H]O[N][C]([H])C([H])([H])N1C([H])([H])C1([H])[H],QM7,0.4091,0,0
[H][C]([H])[N]N1[C@@]([H])(C([H])([H])[H])[C@@]1([H])C([H])([H])[H],QM7,0.3000,0,0
[H]N([H])C(=S)N1C([H])([H])[C@]1([H])C([H])([H])[H],QM7,0.6957,0,0
[H]N(C(=S)N1C([H])([H])C1([H])[H])C([H])([H])[H],QM7,0.7895,0,0
[H]N1C([H])([H])[C@]1([H])S(=O)(=O)C([H])([H])[H],QM7,0.4800,0,0
[H]C1([H])N(S(=O)(=O)C([H])([H])[H])C1([H])[H],QM7,0.7222,0,0
[H]N([H])C([H])([H])C([H])([H])[C@@]1(C([H])([H])[H])N([H])C1([H])[H],QM7,0.5000,0,0
[H]C([H])([H])N1[C@]([H])(C#N)[C@]1([H])C([H])([H])[H],QM7,0.4167,0,0
[H]N([H])C([H])([H])[C@@]1([H])N(C([H])([H])[H])[C@@]1([H])C([H])([H])[H],QM7,0.7368,0,0
[H]C([H])=C([H])C([H])([H])N1C([H])([H])[C@]1([H])C([H])([H])[H],QM7,1.0000,1,0
[H]C#CC([H])([H])N1C([H])([H])[C@]1([H])C([H])([H])[H],QM7,0.7826,0,0
[H]N([H])C([H])([H])C([H])([H])N1C([H])([H])[C@]1([H])C([H])([H])[H],QM7,0.6667,0,0
[H][N][C](N1C([H])([H])[C@]1([H])C([H])([H])[H])C([H])([H])[H],QM7,0.4348,0,0
[H]C([H])(C#N)N1C([H])([H])[C@]1([H])C([H])([H])[H],QM7,0.6296,0,0
[H]N1C(C([H])([H])[H])(C([H])([H])[H])C1(C([H])([H])[H])C([H])([H])[H],QM7,0.5385,0,0
[H]N([H])C([H])([H])[C@@]1([H])N([H])C1(C([H])([H])[H])C([H])([H])[H],QM7,0.4783,0,0
[H]C([H])=C(C([H])([H])[H])[C@@]1([H])N([H])[C@]1([H])C([H])([H])[H],QM7,0.4400,0,0
[H]C([H])=C([H])C([H])([H])[C@@]1([H])N([H])[C@]1([H])C([H])([H])[H],QM7,0.4167,0,0
[H]C#CC([H])([H])[C@@]1([H])N([H])[C@]1([H])C([H])([H])[H],QM7,0.4091,0,0
[H]N([H])C([H])([H])C([H])([H])[C@@]1([H])N([H])[C@]1([H])C([H])([H])[H],QM7,0.6522,0,0
[H]N([H])C([H])([H])[C@@]1(C([H])([H])[H])N([H])[C@]1([H])C([H])([H])[H],QM7,0.4286,0,0
[H]N1[C@]([H])(C([H])([H])[H])[C@@]1([H])C([H])([H])C#N,QM7,0.5600,0,0
[H]C([H])([H])N1C(C([H])([H])[H])(C([H])([H])[H])[C@@]1([H])C([H])([H])[H],QM7,0.4615,0,0
[H]N1C([H])([H])C1(C([H])([H])C([H])([H])[H])C([H])([H])C([H])([H])[H],QM7,0.6500,0,0
[H]C([H])([H])N1C([H])([H])[C@]1(C([H])([H])[H])C([H])([H])C([H])([H])[H],QM7,0.4815,0,0
[H]C([H])([H])N1[C@@]([H])(C([H])([H])C([H])([H])[H])[C@@]1([H])C([H])([H])[H],QM7,0.5238,0,0
[H]C([H])([H])C([H])([H])N1C([H])([H])[C@]1([H])C([H])([H])C([H])([H])[H],QM7,1.0000,1,0
[H][N][C]([H])N1C([H])([H])[C@]1([H])C([H])=C([H])[H],QM7,0.3704,0,0
[H][N][C]([H])N1C([H])([H])[C@]1([H])C([H])([H])C([H])([H])[H],QM7,0.4231,0,0
[H][C]([H])[N]N1C([H])([H])[C@]1([H])C([H])=C([H])[H],QM7,0.3704,0,0
[H][C]([H])[N]N1C([H])([H])[C@]1([H])C([H])([H])C([H])([H])[H],QM7,0.5833,0,0
[H]N1[C@](C([H])([H])[H])(C([H])([H])C([H])([H])[H])[C@@]1([H])C([H])([H])[H],QM7,0.4231,0,0
[H]N([H])C([H])([H])[C@@]1(C([H])([H])C([H])([H])[H])N([H])C1([H])[H],QM7,0.6364,0,0
[H]N1[C@]([H])(C([H])([H])C([H])([H])[H])[C@@]1([H])C([H])([H])C([H])([H])[H],QM7,0.6875,0,0
[H]C([H])=C([H])[C@@]1([H])N([H])[C@]1([H])C([H])=C([H])[H],QM7,0.5625,0,0
[H]C#C[C@@]1([H])N([H])[C@]1([H])C([H])=C([H])[H],QM7,0.3913,0,0
[H]C#C[C@@]1([H])N([H])[C@]1([H])C#C[H],QM7,0.3913,0,0
[H]N1C(C([H])([H])[H])(C([H])([H])[H])[C@@]1([H])C([H])([H])C([H])([H])[H],QM7,0.5238,0,0
[H]C([H])=C([H])[C@@]1([H])N([H])[C@]1([H])C([H])([H])C([H])([H])[H],QM7,1.0000,1,0
[H]C#C[C@@]1([H])N([H])[C@]1([H])C([H])([H])C([H])([H])[H],QM7,0.4545,0,0
[H]N([H])C([H])([H])[C@@]1([H])N([H])[C@]1([H])C([H])([H])C([H])([H])[H],QM7,0.5238,0,0
[H]C([H])=C([H])[C@@]1([H])N([H])[C@]1([H])C#N,QM7,0.3913,0,0
[H]C#C[C@@]1([H])N([H])[C@]1([H])C#N,QM7,0.4762,0,0
[H]N1[C@]([H])(C#N)[C@@]1([H])C([H])([H])C([H])([H])[H],QM7,0.4571,0,0
[H]N1C([H])([H])[C@]1(C([H])([H])[H])C([H])(C([H])([H])[H])C([H])([H])[H],QM7,0.5789,0,0
[H]N1C([H])([H])[C@]1(C([H])([H])[H])C([H])([H])C([H])([H])C([H])([H])[H],QM7,0.5217,0,0
[H]C([H])([H])N1C([H])([H])[C@]1([H])C([H])([H])C([H])([H])C([H])([H])[H],QM7,0.6667,0,0
[H]/C(=C(/[H])[C@]1([H])N(C([H])([H])[H])C1([H])[H])C([H])([H])[H],QM7,0.5200,0,0
[H]C([H])([H])N1C([H])([H])[C@]1([H])C([H])(C([H])([H])[H])C([H])([H])[H],QM7,0.6190,0,0
[H]C([H])([H])C#C[C@]1([H])N(C([H])([H])[H])C1([H])[H],QM7,0.4815,0,0
[H]N1[C@]([H])(C([H])([H])[H])[C@@]1([H])C([H])([H])C([H])([H])C([H])([H])[H],QM7,0.6471,0,0
[H]/C(=C(/[H])[C@@]1([H])N([H])[C@]1([H])C([H])([H])[H])C([H])([H])[H],QM7,0.7000,0,0
[H]N1[C@]([H])(C([H])([H])[H])[C@@]1([H])C([H])(C([H])([H])[H])C([H])([H])[H],QM7,1.0000,1,0
[H]N1[C@]([H])(C#CC([H])([H])[H])[C@@]1([H])C([H])([H])[H],QM7,0.4783,0,0
[H]N1C([H])([H])[C@]1([H])C([H])([H])C([H])([H])C([H])([H])C([H])([H])[H],QM7,0.8095,0,0
[H]C([H])=C([H])C([H])([H])C([H])([H])[C@]1([H])N([H])C1([H])[H],QM7,0.5455,0,0
[H]C#CC(=C([H])[H])[C@]1([H])N([H])C1([H])[H],QM7,0.3667,0,0
[H]C([H])=C([H])/C([H])=C(\[H])[C@]1([H])N([H])C1([H])[H],QM7,0.4545,0,0
[H]C([H])=C([H])C(=C([H])[H])[C@]1([H])N([H])C1([H])[H],QM7,0.5200,0,0
[H]C([H])=C([H])C#C[C@]1([H])N([H])C1([H])[H],QM7,0.3636,0,0
[H]C#CC([H])([H])C([H])([H])[C@]1([H])N([H])C1([H])[H],QM7,0.5185,0,0
[H]C#C/C([H])=C(\[H])[C@]1([H])N([H])C1([H])[H],QM7,0.4348,0,0
[H]C#CC#C[C@]1([H])N([H])C1([H])[H],QM7,0.4545,0,0
[H]/C(=C(/[H])C([H])([H])[C@]1([H])N([H])C1([H])[H])C([H])([H])[H],QM7,0.7083,0,0
[H]/C(=C(/C([H])([H])[H])[C@]1([H])N([H])C1([H])[H])C([H])([H])[H],QM7,0.6522,0,0
[H]C([H])=C(C([H])([H])[H])C([H])([H])[C@]1([H])N([H])C1([H])[H],QM7,0.5185,0,0
[H]C([H])=C([H])[C@]([H])(C([H])([H])[H])[C@]1([H])N([H])C1([H])[H],QM7,1.0000,1,0
[H]N1C([H])([H])[C@]1([H])C([H])([H])C([H])(C([H])([H])[H])C([H])([H])[H],QM7,1.0000,1,0
[H]C(=C(C([H])([H])[H])C([H])([H])[H])[C@]1([H])N([H])C1([H])[H],QM7,0.5652,0,0
[H]N1C([H])([H])[C@]1([H])C(C([H])([H])[H])(C([H])([H])[H])C([H])([H])[H],QM7,1.0000,1,0
[H]C#C[C@]([H])(C([H])([H])[H])[C@]1([H])N([H])C1([H])[H],QM7,0.4242,0,0
[H]N1C([H])([H])[C@]1([H])C([H])([H])C#CC([H])([H])[H],QM7,0.6000,0,0
[H]/C(=C(/[H])[C@]1([H])N([H])C1([H])[H])C([H])([H])C([H])([H])[H],QM7,0.7083,0,0
[H]C([H])=C(C([H])([H])C([H])([H])[H])[C@]1([H])N([H])C1([H])[H],QM7,0.5769,0,0
[H]N1C([H])([H])[C@]1([H])[C@]([H])(C([H])([H])[H])C([H])([H])C([H])([H])[H],QM7,0.9444,0,0
[H]N1C([H])([H])[C@]1([H])C#CC([H])([H])C([H])([H])[H],QM7,0.6538,0,0
[H]N1C([H])([H])C([H])([H])C1([H])[H],QM7,1.0000,1,0
[H]OC1([H])C([H])([H])N([H])C1([H])[H],QM7,0.9091,0,0
[H]N1C([H])([H])C([H])([H])[C@]1([H])C([H])([H])[H],QM7,0.9167,0,0
[H]N1C([H])([H])C([H])(C([H])([H])[H])C1([H])[H],QM7,0.8333,0,0
[H]C([H])([H])N1C([H])([H])C([H])([H])C1([H])[H],QM7,0.9000,0,0
[H]N1C([H])([H])C([H])([H])C1(C([H])([H])[H])C([H])([H])[H],QM7,0.5556,0,0
[H]N1[C@@]([H])(C([H])([H])[H])C([H])([H])[C@]1([H])C([H])([H])[H],QM7,0.9091,0,0
[H]C([H])([H])N1C([H])([H])C([H])([H])[C@]1([H])C([H])([H])[H],QM7,1.0000,2,0
[H]N1C([H])([H])C(C([H])([H])[H])(C([H])([H])[H])C1([H])[H],QM7,0.9091,0,0
[H]N1C([H])([H])[C@]([H])(C([H])([H])[H])[C@@]1([H])C([H])([H])[H],QM7,0.6875,0,0
[H]C([H])([H])N1C([H])([H])C([H])(C([H])([H])[H])C1([H])[H],QM7,1.0000,1,0
[H]N([H])[C@@]1([H])C([H])([H])N([H])[C@]1([H])C([H])([H])[H],QM7,0.9333,0,0
[H]N1C([H])([H])C(N([H])[H])(C([H])([H])[H])C1([H])[H],QM7,0.6875,0,0
[H]N1C([H])([H])C([H])([H])[C@]1([H])C([H])([H])C([H])([H])[H],QM7,0.9375,0,0
[H]C([H])=C([H])[C@]1([H])N([H])C([H])([H])C1([H])[H],QM7,0.7368,0,0
[H]C#C[C@]1([H])N([H])C([H])([H])C1([H])[H],QM7,0.9375,0,0
[H]N1C([H])([H])C([H])(C([H])([H])C([H])([H])[H])C1([H])[H],QM7,0.9333,0,0
[H]C([H])=C([H])C1([H])C([H])([H])N([H])C1([H])[H],QM7,0.5385,0,0
[H]C#CC1([H])C([H])([H])N([H])C1([H])[H],QM7,0.6000,0,0
[H]C([H])([H])C([H])([H])N1C([H])([H])C([H])([H])C1([H])[H],QM7,0.9286,0,0
[H]N([H])C1([H])C([H])([H])N(C([H])([H])[H])C1([H])[H],QM7,0.9286,0,0
[H]N1C([H])([H])C([H])(N([H])C([H])([H])[H])C1([H])[H],QM7,0.9333,0,0
[H][C]([H])[N]N1C([H])([H])C([H])([H])C1([H])[H],QM7,0.5294,0,0
[H]N([H])C([H])([H])[C@]1([H])N([H])C([H])([H])C1([H])[H],QM7,0.7500,0,0
[H]N1C([H])([H])C([H])([H])[C@]1([H])C#N,QM7,1.0000,1,0
[H]N([H])C([H])([H])C1([H])C([H])([H])N([H])C1([H])[H],QM7,0.5714,0,0
[H]N1C([H])([H])C([H])(C#N)C1([H])[H],QM7,0.7647,0,0
[H][N][C]([H])N1C([H])([H])C([H])([H])C1([H])[H],QM7,0.4211,0,0
[H]O[C@@]1([H])C([H])([H])N([H])[C@]1([H])C([H])([H])[H],QM7,1.0000,2,0
[H]OC1(C([H])([H])[H])C([H])([H])N([H])C1([H])[H],QM7,0.8571,0,0
[H]OC1([H])C([H])([H])N(C([H])([H])[H])C1([H])[H],QM7,0.9286,0,0
[H]N1C([H])([H])C([H])(OC([H])([H])[H])C1([H])[H],QM7,0.9333,0,0
[H]OC([H])([H])[C@]1([H])N([H])C([H])([H])C1([H])[H],QM7,0.8824,0,0
[H]C(=O)[C@]1([H])N([H])C([H])([H])C1([H])[H],QM7,0.7000,0,0
[H]OC([H])([H])C1([H])C([H])([H])N([H])C1([H])[H],QM7,0.5909,0,0
[H]C(=O)C1([H])C([H])([H])N([H])C1([H])[H],QM7,0.8235,0,0
[H]C(=O)N1C([H])([H])C([H])([H])C1([H])[H],QM7,0.8571,0,0
[H]C([H])([H])C([H])([H])C([H])([H])N1C([H])([H])C([H])([H])C1([H])[H],QM7,1.0000,2,0
[H]C([H])=C([H])C([H])([H])N1C([H])([H])C([H])([H])C1([H])[H],QM7,0.7895,0,0
[H]C#CC([H])([H])N1C([H])([H])C([H])([H])C1([H])[H],QM7,0.8333,0,0
[H]C([H])([H])C([H])(N1C([H])([H])C([H])([H])C1([H])[H])C([H])([H])[H],QM7,0.9286,0,0
[H]C([H])([H])C([H])([H])N1C([H])([H])C([H])([H])[C@]1([H])C([H])([H])[H],QM7,1.0000,1,0
[H]C([H])([H])C([H])([H])N1C([H])([H])C([H])(C([H])([H])[H])C1([H])[H],QM7,0.8824,0,0
[H]N([H])C1([H])C([H])([H])N(C([H])([H])C([H])([H])[H])C1([H])[H],QM7,1.0000,1,0
[H]N([H])[C@]([H])(C([H])([H])[H])[C@]1([H])N([H])C([H])([H])C1([H])[H],QM7,0.7619,0,0
[H]N1C([H])([H])C([H])(N([H])C([H])([H])C([H])([H])[H])C1([H])[H],QM7,0.6800,0,0
[H]N1C([H])([H])C([H])([C@]([H])(N([H])[H])C([H])([H])[H])C1([H])[H],QM7,0.6364,0,0
[H][C]([N]N1C([H])([H])C([H])([H])C1([H])[H])C([H])([H])[H],QM7,0.4348,0,0
[H]/N=C(/N1C([H])([H])C([H])([H])C1([H])[H])C([H])([H])[H],QM7,0.4800,0,0
[H]C([H])=C([H])C1([H])C([H])([H])N(C([H])([H])[H])C1([H])[H],QM7,0.6364,0,0
[H]C#CC1([H])C([H])([H])N(C([H])([H])[H])C1([H])[H],QM7,0.6364,0,0
[H]C([H])([H])N1C([H])([H])C([H])([H])C1(C([H])([H])[H])C([H])([H])[H],QM7,0.5556,0,0
[H]C([H])=C([H])[C@]1([H])N(C([H])([H])[H])C([H])([H])C1([H])[H],QM7,1.0000,1,0
[H]C#C[C@]1([H])N(C([H])([H])[H])C([H])([H])C1([H])[H],QM7,0.6000,0,0
[H]N([H])C([H])([H])[C@]1([H])N(C([H])([H])[H])C([H])([H])C1([H])[H],QM7,0.9474,0,0
[H]C([H])([H])N1C([H])([H])C([H])(C#N)C1([H])[H],QM7,0.6522,0,0
[H]C([H])([H])N1C([H])([H])C([H])([H])[C@]1([H])C#N,QM7,0.5000,0,0
[H]C([H])([H])N1C([H])([H])C(C([H])([H])[H])(C([H])([H])[H])C1([H])[H],QM7,0.8000,0,0
[H]N([H])C1(C([H])([H])[H])C([H])([H])N(C([H])([H])[H])C1([H])[H],QM7,0.9333,0,0
[H]N([H])C([H])([H])C1([H])C([H])([H])N(C([H])([H])[H])C1([H])[H],QM7,0.6957,0,0
[H]N1C([H])([H])C(N([H])C([H])([H])[H])(C([H])([H])[H])C1([H])[H],QM7,0.9375,0,0
[H]N(C([H])([H])[H])[C@@]1([H])C([H])([H])N([H])[C@]1([H])C([H])([H])[H],QM7,0.5652,0,0
[H]N(C([H])([H])[H])C1([H])C([H])([H])N(C([H])([H])[H])C1([H])[H],QM7,0.6190,0,0
[H]N(C([H])([H])[H])C([H])([H])[C@]1([H])N([H])C([H])([H])C1([H])[H],QM7,0.6957,0,0
[H]N(C([H])([H])[H])C([H])([H])C1([H])C([H])([H])N([H])C1([H])[H],QM7,0.9444,0,0
[H]N1C([H])([H])C([H])(N(C([H])([H])[H])C([H])([H])[H])C1([H])[H],QM7,0.5833,0,0
[H][C]([N]C([H])([H])[H])N1C([H])([H])C([H])([H])C1([H])[H],QM7,0.3636,0,0
[H]C([H])=C([H])C1(N([H])[H])C([H])([H])N([H])C1([H])[H],QM7,0.5500,0,0
[H]C#CC1(N([H])[H])C([H])([H])N([H])C1([H])[H],QM7,0.5238,0,0
[H]C([H])=C([H])[C@@]1([H])N([H])C([H])([H])[C@]1([H])N([H])[H],QM7,0.4545,0,0
[H]C#C[C@@]1([H])N([H])C([H])([H])[C@]1([H])N([H])[H],QM7,0.3913,0,0
[H]N([H])C([H])([H])C([H])([H])[C@]1([H])N([H])C([H])([H])C1([H])[H],QM7,0.6087,0,0
[H]N1C([H])([H])C([H])([H])[C@]1([H])C([H])([H])C#N,QM7,0.4848,0,0
[H]N([H])C([H])([H])C([H])([H])C1([H])C([H])([H])N([H])C1([H])[H],QM7,0.5833,0,0
[H]N1C([H])([H])C([H])(C([H])([H])C#N)C1([H])[H],QM7,0.8947,0,0
[H]N([H])C([H])([H])C([H])([H])N1C([H])([H])C([H])([H])C1([H])[H],QM7,1.0000,1,0
[H]C([H])(C#N)N1C([H])([H])C([H])([H])C1([H])[H],QM7,1.0000,1,0
[H]OC([H])([H])[C@]1([H])N([H])[C@@]([H])(C([H])([H])[H])C1([H])[H],QM7,0.5909,0,0
[H]C(=O)[C@@]1(C([H])([H])[H])N([H])C([H])([H])C1([H])[H],QM7,1.0000,1,0
[H]C(=O)[C@]1([H])N([H])[C@@]([H])(C([H])([H])[H])C1([H])[H],QM7,0.6364,0,0
[H]C(=O)N1C([H])([H])C([H])([H])[C@]1([H])C([H])([H])[H],QM7,0.7273,0,0
[H]OC([H])([H])[C@@]1([H])N([H])C([H])([H])[C@]1([H])C([H])([H])[H],QM7,0.6957,0,0
[H]C(=O)C1(C([H])([H])[H])C([H])([H])N([H])C1([H])[H],QM7,1.0000,1,0
[H]C(=O)N1C([H])([H])C([H])(C([H])([H])[H])C1([H])[H],QM7,0.6364,0,0
[H]C(=O)[C@@]1([H])N([H])C([H])([H])[C@]1([H])C([H])([H])[H],QM7,0.5385,0,0
[H]O[C@@]1([H])C([H])([H])N([H])C1(C([H])([H])[H])C([H])([H])[H],QM7,0.5714,0,0
[H]OC([H])([H])[C@@]1(C([H])([H])[H])N([H])C([H])([H])C1([H])[H],QM7,0.7273,0,0
[H]O[C@@]1([H])C([H])([H])N(C([H])([H])[H])[C@@]1([H])C([H])([H])[H],QM7,0.6667,0,0
[H]OC([H])([H])C1(C([H])([H])[H])C([H])([H])N([H])C1([H])[H],QM7,0.5714,0,0
[H]OC([H])([H])[C@@]1([H])C([H])([H])N([H])[C@]1([H])C([H])([H])[H],QM7,1.0000,1,0
[H]O[C@@]1(C([H])([H])[H])C([H])([H])N([H])[C@]1([H])C([H])([H])[H],QM7,0.5238,0,0
[H]C(=O)[C@@]1([H])C([H])([H])N([H])[C@]1([H])C([H])([H])[H],QM7,0.4815,0,0
[H]OC1([H])[C@@]([H])(C([H])([H])[H])N([H])[C@]1([H])C([H])([H])[H],QM7,0.8462,0,0
[H]O[C@@]1([H])C([H])([H])N([H])[C@]1([H])C([H])([H])C([H])([H])[H],QM7,0.7273,0,0
[H]OC1(C([H])([H])C([H])([H])[H])C([H])([H])N([H])C1([H])[H],QM7,0.6364,0,0
[H]OC1([H])C([H])([H])N(C([H])([H])C([H])([H])[H])C1([H])[H],QM7,1.0000,1,0
[H]N1C([H])([H])C([H])([H])[C@]1([H])C(=O)C([H])([H])[H],QM7,0.9444,0,0
[H]O[C@]([H])(C([H])([H])[H])[C@]1([H])N([H])C([H])([H])C1([H])[H],QM7,0.7619,0,0
[H]N1C([H])([H])C([H])(OC([H])([H])C([H])([H])[H])C1([H])[H],QM7,0.8000,0,0
[H]C([H])=C([H])OC1([H])C([H])([H])N([H])C1([H])[H],QM7,0.6522,0,0
[H]N1C([H])([H])C([H])(C(=O)C([H])([H])[H])C1([H])[H],QM7,0.6364,0,0
[H]O[C@]([H])(C([H])([H])[H])C1([H])C([H])([H])N([H])C1([H])[H],QM7,0.6400,0,0
[H]C([H])([H])C(=O)N1C([H])([H])C([H])([H])C1([H])[H],QM7,0.9375,0,0
[H]OC([H])([H])[C@]1([H])N(C([H])([H])[H])C([H])([H])C1([H])[H],QM7,0.7273,0,0
[H]C(=O)C1([H])C([H])([H])N(C([H])([H])[H])C1([H])[H],QM7,0.5600,0,0
[H]C(=O)[C@]1([H])N(C([H])([H])[H])C([H])([H])C1([H])[H],QM7,1.0000,1,0
[H]OC1(C([H])([H])[H])C([H])([H])N(C([H])([H])[H])C1([H])[H],QM7,0.5714,0,0
[H]OC([H])([H])C1([H])C([H])([H])N(C([H])([H])[H])C1([H])[H],QM7,0.7895,0,0
[H][C]([H])[N]OC1([H])C([H])([H])N([H])C1([H])[H],QM7,0.5217,0,0
[H]N1C([H])([H])C(OC([H])([H])[H])(C([H])([H])[H])C1([H])[H],QM7,0.5909,0,0
[H]N1C([H])([H])[C@]([H])(OC([H])([H])[H])[C@@]1([H])C([H])([H])[H],QM7,0.6818,0,0
[H]C([H])([H])OC1([H])C([H])([H])N(C([H])([H])[H])C1([H])[H],QM7,0.7000,0,0
[H]N1C([H])([H])C([H])([H])[C@]1([H])C([H])([H])OC([H])([H])[H],QM7,0.6667,0,0
[H]N1C([H])([H])C([H])(C([H])([H])OC([H])([H])[H])C1([H])[H],QM7,0.8000,0,0
[H]OC([H])([H])[C@@]1([H])N([H])C([H])([H])[C@]1([H])N([H])[H],QM7,0.6957,0,0
[H]C(=O)N1C([H])([H])C([H])(N([H])[H])C1([H])[H],QM7,0.6000,0,0
[H]OC([H])([H])C1(N([H])[H])C([H])([H])N([H])C1([H])[H],QM7,0.5833,0,0
[H]O[C@@]1([H])C([H])([H])N([H])[C@]1([H])C([H])([H])N([H])[H],QM7,0.5385,0,0
[H]OC1(C([H])([H])N([H])[H])C([H])([H])N([H])C1([H])[H],QM7,0.6190,0,0
[H]N([H])C(=O)[C@]1([H])N([H])C([H])([H])C1([H])[H],QM7,1.0000,2,0
[H]N([H])C(=O)C1([H])C([H])([H])N([H])C1([H])[H],QM7,0.9412,0,0
[H]N([H])C(=O)N1C([H])([H])C([H])([H])C1([H])[H],QM7,0.8235,0,0
[H]N1C(C([H])([H])[H])(C([H])([H])[H])C([H])([H])[C@]1([H])C([H])([H])[H],QM7,1.0000,1,0
[H]OC1(C([H])=C([H])[H])C([H])([H])N([H])C1([H])[H],QM7,0.5455,0,0
[H]C#CC1(O[H])C([H])([H])N([H])C1([H])[H],QM7,0.4800,0,0
[H]O[C@@]1([H])C([H])([H])N([H])[C@]1([H])C([H])=C([H])[H],QM7,0.4615,0,0
[H]C#C[C@@]1([H])N([H])C([H])([H])[C@]1([H])O[H],QM7,0.4231,0,0
[H]OC1(C#N)C([H])([H])N([H])C1([H])[H],QM7,0.5714,0,0
[H][N][C]([H])N1C([H])([H])C([H])(O[H])C1([H])[H],QM7,0.4583,0,0
[H]O[C@@]1([H])C([H])([H])N([H])[C@]1([H])C#N,QM7,0.5385,0,0
[H]OC1(C([H])=O)C([H])([H])N([H])C1([H])[H],QM7,0.4762,0,0
[H]OC1([H])C([H])([H])N(C([H])=O)C1([H])[H],QM7,0.6000,0,0
[H]O[C@@]1([H])C([H])([H])N([H])[C@]1([H])C([H])=O,QM7,0.7273,0,0
[H]OC1([H])C([H])([H])N([N][C]([H])[H])C1([H])[H],QM7,0.3810,0,0
[H]C([H])([H])N1[C@@]([H])(C([H])([H])[H])C([H])([H])[C@]1([H])C([H])([H])[H],QM7,0.7333,0,0
[H]OC([H])([H])[C@@]1([H])N([H])C([H])([H])[C@]1([H])O[H],QM7,0.7273,0,0
[H]OC([H])([H])C1(O[H])C([H])([H])N([H])C1([H])[H],QM7,0.9375,0,0
[H]OC([H])([H])C([H])([H])[C@]1([H])N([H])C([H])([H])C1([H])[H],QM7,0.7143,0,0
[H]C(=O)C([H])([H])[C@]1([H])N([H])C([H])([H])C1([H])[H],QM7,0.5833,0,0
[H]OC([H])([H])C([H])([H])C1([H])C([H])([H])N([H])C1([H])[H],QM7,0.5833,0,0
[H]C(=O)C([H])([H])C1([H])C([H])([H])N([H])C1([H])[H],QM7,0.6522,0,0
[H]OC([H])([H])C([H])([H])N1C([H])([H])C([H])([H])C1([H])[H],QM7,0.9375,0,0
[H]C(=O)C([H])([H])N1C([H])([H])C([H])([H])C1([H])[H],QM7,0.7647,0,0
[H]N([H])C([H])([H])[C@]1([H])N([H])[C@@]([H])(C([H])([H])[H])C1([H])[H],QM7,0.6087,0,0
[H]C(=O)N([H])C1([H])C([H])([H])N([H])C1([H])[H],QM7,0.5556,0,0
[H]C([H])=C([H])[C@@]1(C([H])([H])[H])N([H])C([H])([H])C1([H])[H],QM7,0.5455,0,0
[H]C(=O)N([H])N1C([H])([H])C([H])([H])C1([H])[H],QM7,0.7895,0,0
[H]OC(=O)[C@]1([H])N([H])C([H])([H])C1([H])[H],QM7,0.9412,0,0
[H]C(=O)OC1([H])C([H])([H])N([H])C1([H])[H],QM7,0.5500,0,0
[H]OC(=O)C1([H])C([H])([H])N([H])C1([H])[H],QM7,0.8333,0,0
[H]C#C[C@@]1(C([H])([H])[H])N([H])C([H])([H])C1([H])[H],QM7,0.4800,0,0
[H]C([H])=C([H])[C@]1([H])N([H])[C@@]([H])(C([H])([H])[H])C1([H])[H],QM7,0.6364,0,0
[H]C#C[C@]1([H])N([H])[C@@]([H])(C([H])([H])[H])C1([H])[H],QM7,0.8095,0,0
[H]N1C([H])([H])C([H])([H])[C@]1(C#N)C([H])([H])[H],QM7,0.7619,0,0
[H]O[N][C]([H])[C@]1([H])N([H])C([H])([H])C1([H])[H],QM7,0.4348,0,0
[H]O[N][C]([H])C1([H])C([H])([H])N([H])C1([H])[H],QM7,0.4167,0,0
[H]N1[C@@]([H])(C([H])([H])[H])C([H])([H])[C@]1([H])C#N,QM7,0.6364,0,0
[H][N][C]([H])N1C([H])([H])C([H])([H])[C@]1([H])C([H])([H])[H],QM7,0.4091,0,0
[H]O[N][C]([H])N1C([H])([H])C([H])([H])C1([H])[H],QM7,0.4545,0,0
[H][C]([H])[N]N1C([H])([H])C([H])([H])[C@]1([H])C([H])([H])[H],QM7,0.4091,0,0
[H]N([H])C(=S)N1C([H])([H])C([H])([H])C1([H])[H],QM7,0.6818,0,0
[H]C([H])=C([H])C1(C([H])([H])[H])C([H])([H])N([H])C1([H])[H],QM7,0.5263,0,0
[H]C#CC1(C([H])([H])[H])C([H])([H])N([H])C1([H])[H],QM7,0.6190,0,0
[H]N1C([H])([H])[C@]([H])(C([H])([H])[H])C1(C([H])([H])[H])C([H])([H])[H],QM7,0.5217,0,0
[H]C([H])=C([H])[C@@]1([H])N([H])C([H])([H])[C@]1([H])C([H])([H])[H],QM7,0.5385,0,0
[H]C#C[C@@]1([H])N([H])C([H])([H])[C@]1([H])C([H])([H])[H],QM7,0.4800,0,0
[H]N([H])C([H])([H])[C@@]1([H])N([H])C([H])([H])[C@]1([H])C([H])([H])[H],QM7,0.5000,0,0
[H]N1C([H])([H])C(C#N)(C([H])([H])[H])C1([H])[H],QM7,0.6087,0,0
[H][N][C]([H])N1C([H])([H])C([H])(C([H])([H])[H])C1([H])[H],QM7,0.4000,0,0
[H]N1C([H])([H])[C@]([H])(C([H])([H])[H])[C@@]1([H])C#N,QM7,0.7273,0,0
[H][C]([H])[N]N1C([H])([H])C([H])(C([H])([H])[H])C1([H])[H],QM7,0.4091,0,0
[H]C([H])([H])N1C([H])([H])[C@]([H])(C([H])([H])[H])[C@@]1([H])C([H])([H])[H],QM7,0.5455,0,0
[H]N1C([H])([H])[C@]([H])(N([H])[H])C1(C([H])([H])[H])C([H])([H])[H],QM7,0.4444,0,0
[H]N([H])C([H])([H])[C@@]1(C([H])([H])[H])N([H])C([H])([H])C1([H])[H],QM7,0.5000,0,0
[H]N([H])[C@@]1([H])C([H])([H])N(C([H])([H])[H])[C@@]1([H])C([H])([H])[H],QM7,0.5455,0,0
[H]N([H])C([H])([H])C1(C([H])([H])[H])C([H])([H])N([H])C1([H])[H],QM7,0.9412,0,0
[H]N1C([H])([H])C(C([H])([H])[H])(C([H])([H])[H])[C@@]1([H])C([H])([H])[H],QM7,0.5789,0,0
[H]C([H])=C([H])[C@@]1([H])C([H])([H])N([H])[C@]1([H])C([H])([H])[H],QM7,0.4545,0,0
[H]C#C[C@@]1([H])C([H])([H])N([H])[C@]1([H])C([H])([H])[H],QM7,0.5652,0,0
[H]N([H])C([H])([H])[C@@]1([H])C([H])([H])N([H])[C@]1([H])C([H])([H])[H],QM7,0.5652,0,0
[H]N([H])[C@@]1(C([H])([H])[H])C([H])([H])N([H])[C@]1([H])C([H])([H])[H],QM7,1.0000,1,0
[H]N1C([H])([H])[C@]([H])(C#N)[C@@]1([H])C([H])([H])[H],QM7,1.0000,1,0
[H]N1[C@]([H])(C([H])([H])[H])C([H])(C([H])([H])[H])[C@@]1([H])C([H])([H])[H],QM7,0.4667,0,0
[H]N([H])C1([H])[C@@]([H])(C([H])([H])[H])N([H])[C@]1([H])C([H])([H])[H],QM7,0.4118,0,0
[H]N1C([H])([H])C([H])([H])[C@]1(C([H])([H])[H])C([H])([H])C([H])([H])[H],QM7,0.6818,0,0
[H]N1[C@@]([H])(C([H])([H])[H])C([H])([H])[C@]1([H])C([H])([H])C([H])([H])[H],QM7,0.7273,0,0
[H]C([H])([H])N1C([H])([H])C([H])([H])[C@]1([H])C([H])([H])C([H])([H])[H],QM7,0.7143,0,0
[H]N1C([H])([H])C(C([H])([H])[H])(C([H])([H])C([H])([H])[H])C1([H])[H],QM7,0.6087,0,0
[H]N1C([H])([H])[C@]([H])(C([H])([H])C([H])([H])[H])[C@@]1([H])C([H])([H])[H],QM7,0.6667,0,0
[H]C([H])([H])N1C([H])([H])C([H])(C([H])([H])C([H])([H])[H])C1([H])[H],QM7,1.0000,1,0
[H]N1C([H])([H])[C@]([H])(C([H])([H])[H])[C@@]1([H])C([H])([H])C([H])([H])[H],QM7,0.5217,0,0
[H]N([H])[C@@]1([H])C([H])([H])N([H])[C@]1([H])C([H])([H])C([H])([H])[H],QM7,1.0000,2,0
[H]N1C([H])([H])C(N([H])[H])(C([H])([H])C([H])([H])[H])C1([H])[H],QM7,0.6522,0,0
[H]N1C([H])([H])C([H])([H])[C@]1([H])C([H])([H])C([H])([H])C([H])([H])[H],QM7,1.0000,2,0
[H]C([H])=C([H])C([H])([H])[C@]1([H])N([H])C([H])([H])C1([H])[H],QM7,0.6957,0,0
[H]C#CC([H])([H])[C@]1([H])N([H])C([H])([H])C1([H])[H],QM7,0.5385,0,0
[H]/C(=C(/[H])[C@]1([H])N([H])C([H])([H])C1([H])[H])C([H])([H])[H],QM7,0.7619,0,0
[H]C([H])=C(C([H])([H])[H])[C@]1([H])N([H])C([H])([H])C1([H])[H],QM7,1.0000,1,0
[H]N1C([H])([H])C([H])([H])[C@]1([H])C([H])(C([H])([H])[H])C([H])([H])[H],QM7,0.6667,0,0
[H]N1C([H])([H])C([H])([H])[C@]1([H])C#CC([H])([H])[H],QM7,0.7273,0,0
[H]N1C([H])([H])C([H])(C([H])([H])C([H])([H])C([H])([H])[H])C1([H])[H],QM7,0.9412,0,0
[H]C([H])=C([H])C([H])([H])C1([H])C([H])([H])N([H])C1([H])[H],QM7,0.8000,0,0
[H]C#CC([H])([H])C1([H])C([H])([H])N([H])C1([H])[H],QM7,0.6250,0,0
[H]/C(=C(/[H])C1([H])C([H])([H])N([H])C1([H])[H])C([H])([H])[H],QM7,0.6364,0,0
[H]C([H])=C(C([H])([H])[H])C1([H])C([H])([H])N([H])C1([H])[H],QM7,0.6364,0,0
[H]N1C([H])([H])C([H])(C([H])(C([H])([H])[H])C([H])([H])[H])C1([H])[H],QM7,0.7647,0,0
[H]N1C([H])([H])C([H])(C#CC([H])([H])[H])C1([H])[H],QM7,1.0000,1,0
[H]C1([H])OC1([H])[H],QM7,0.8333,0,0
[H]C([H])([H])[C@]1([H])OC1([H])[H],QM7,0.9000,0,0
[H]N([H])C([H])([H])[C@]1([H])OC1([H])[H],QM7,0.9286,0,0
[H]C([H])([H])C1(C([H])([H])[H])OC1([H])[H],QM7,0.9000,0,0
[H]C([H])([H])[C@@]1([H])O[C@]1([H])C([H])([H])[H],QM7,1.0000,1,0
[H]C([H])([H])C([H])([H])[C@]1([H])OC1([H])[H],QM7,1.0000,2,0
[H]C([H])=C([H])[C@]1([H])OC1([H])[H],QM7,0.7647,0,0
[H]C#C[C@]1([H])OC1([H])[H],QM7,0.5556,0,0
[H]OC([H])([H])[C@@]1(C([H])([H])[H])OC1([H])[H],QM7,0.8824,0,0
[H]C([H])([H])C1(C([H])([H])[H])O[C@]1([H])C([H])([H])[H],QM7,1.0000,1,0
[H]C([H])=C([H])[C@@]1([H])O[C@]1([H])C([H])([H])[H],QM7,1.0000,1,0
[H]C#C[C@@]1([H])O[C@]1([H])C([H])([H])[H],QM7,0.5909,0,0
[H]OC([H])([H])[C@@]1([H])O[C@]1([H])C([H])([H])[H],QM7,0.6842,0,0
[H]C(=O)[C@@]1([H])O[C@]1([H])C([H])([H])[H],QM7,0.9333,0,0
[H]C([H])([H])C([H])([H])[C@]1(C([H])([H])[H])OC1([H])[H],QM7,0.9333,0,0
[H]C([H])([H])C([H])([H])[C@@]1([H])O[C@]1([H])C([H])([H])[H],QM7,1.0000,1,0
[H]C([H])([H])C([H])([H])C([H])([H])[C@]1([H])OC1([H])[H],QM7,0.9375,0,0
[H]C([H])=C([H])C([H])([H])[C@]1([H])OC1([H])[H],QM7,0.7273,0,0
[H]C#CC([H])([H])[C@]1([H])OC1([H])[H],QM7,1.0000,1,0
[H]/C(=C(/[H])[C@]1([H])OC1([H])[H])C([H])([H])[H],QM7,0.6667,0,0
[H]C([H])=C(C([H])([H])[H])[C@]1([H])OC1([H])[H],QM7,0.5217,0,0
[H]C([H])([H])C([H])(C([H])([H])[H])[C@]1([H])OC1([H])[H],QM7,0.9286,0,0
[H]C([H])([H])C#C[C@]1([H])OC1([H])[H],QM7,1.0000,1,0
[H]C([H])([H])C(=O)[C@]1([H])OC1([H])[H],QM7,0.6364,0,0
[H]O[C@]([H])(C([H])([H])[H])[C@]1([H])OC1([H])[H],QM7,1.0000,1,0
[H]C([H])([H])OC([H])([H])[C@]1([H])OC1([H])[H],QM7,1.0000,1,0
[H]OC([H])([H])C([H])([H])[C@]1([H])OC1([H])[H],QM7,1.0000,1,0
[H]C(=O)C([H])([H])[C@]1([H])OC1([H])[H],QM7,0.6250,0,0
[H]N([H])C([H])([H])[C@@]1(C([H])([H])[H])OC1([H])[H],QM7,0.6190,0,0
[H]N([H])C([H])([H])[C@@]1([H])O[C@]1([H])C([H])([H])[H],QM7,1.0000,1,0
[H]C([H])([H])[C@@]1([H])O[C@]1([H])C#N,QM7,1.0000,1,0
[H]N([H])[C@]([H])(C([H])([H])[H])[C@]1([H])OC1([H])[H],QM7,0.6364,0,0
[H]N(C([H])([H])[H])C([H])([H])[C@]1([H])OC1([H])[H],QM7,1.0000,1,0
[H]N([H])C([H])([H])C([H])([H])[C@]1([H])OC1([H])[H],QM7,0.9375,0,0
[H]C([H])(C#N)[C@]1([H])OC1([H])[H],QM7,0.8889,0,0
[H]OC([H])([H])C([H])([H])[C@@]1(C([H])([H])[H])OC1([H])[H],QM7,0.7083,0,0
[H]C([H])([H])C1(C([H])([H])[H])OC1(C([H])([H])[H])C([H])([H])[H],QM7,0.8750,0,0
[H]OC([H])([H])[C@@]1([H])OC1(C([H])([H])[H])C([H])([H])[H],QM7,0.5833,0,0
[H]C([H])=C(C([H])([H])[H])[C@@]1([H])O[C@]1([H])C([H])([H])[H],QM7,1.0000,1,0
[H]C([H])=C([H])C([H])([H])[C@@]1([H])O[C@]1([H])C([H])([H])[H],QM7,0.6316,0,0
[H]C#CC([H])([H])[C@@]1([H])O[C@]1([H])C([H])([H])[H],QM7,0.5161,0,0
[H]OC([H])([H])C([H])([H])[C@@]1([H])O[C@]1([H])C([H])([H])[H],QM7,1.0000,1,0
[H]OC([H])([H])[C@@]1(C([H])([H])[H])O[C@]1([H])C([H])([H])[H],QM7,0.5417,0,0
[H]C([H])([H])C(=O)[C@@]1([H])O[C@]1([H])C([H])([H])[H],QM7,1.0000,1,0
[H]C(=O)C([H])([H])[C@@]1([H])O[C@]1([H])C([H])([H])[H],QM7,0.5909,0,0
[H]C([H])([H])C([H])([H])C1(C([H])([H])C([H])([H])[H])OC1([H])[H],QM7,0.6667,0,0
[H]C([H])([H])C([H])([H])[C@@]1(C([H])([H])[H])O[C@]1([H])C([H])([H])[H],QM7,0.5600,0,0
[H]OC([H])([H])[C@@]1(C([H])([H])C([H])([H])[H])OC1([H])[H],QM7,0.6667,0,0
[H]C([H])([H])C([H])([H])[C@@]1([H])O[C@]1([H])C([H])([H])C([H])([H])[H],QM7,0.6875,0,0
[H]C([H])=C([H])[C@@]1([H])O[C@]1([H])C([H])=C([H])[H],QM7,0.7333,0,0
[H]C#C[C@@]1([H])O[C@]1([H])C([H])=C([H])[H],QM7,0.4815,0,0
[H]C#C[C@@]1([H])O[C@]1([H])C#C[H],QM7,0.5500,0,0
[H]C([H])([H])C([H])([H])[C@@]1([H])OC1(C([H])([H])[H])C([H])([H])[H],QM7,0.5789,0,0
[H]C([H])=C([H])[C@@]1([H])O[C@]1([H])C([H])([H])C([H])([H])[H],QM7,1.0000,1,0
[H]C#C[C@@]1([H])O[C@]1([H])C([H])([H])C([H])([H])[H],QM7,0.5926,0,0
[H]OC([H])([H])[C@@]1([H])O[C@]1([H])C([H])([H])C([H])([H])[H],QM7,1.0000,1,0
[H]C(=O)[C@@]1([H])O[C@]1([H])C([H])=C([H])[H],QM7,0.5652,0,0
[H]C(=O)[C@@]1([H])O[C@]1([H])C([H])([H])C([H])([H])[H],QM7,1.0000,1,0
[H]C([H])([H])C([H])(C([H])([H])[H])[C@]1(C([H])([H])[H])OC1([H])[H],QM7,1.0000,2,0
[H]C([H])([H])C([H])([H])C([H])([H])[C@]1(C([H])([H])[H])OC1([H])[H],QM7,0.6364,0,0
[H]C([H])([H])C([H])([H])C([H])([H])[C@@]1([H])O[C@]1([H])C([H])([H])[H],QM7,0.8333,0,0
[H]/C(=C(/[H])[C@@]1([H])O[C@]1([H])C([H])([H])[H])C([H])([H])[H],QM7,0.5238,0,0
[H]C([H])([H])C([H])(C([H])([H])[H])[C@@]1([H])O[C@]1([H])C([H])([H])[H],QM7,0.6316,0,0
[H]C([H])([H])C#C[C@@]1([H])O[C@]1([H])C([H])([H])[H],QM7,0.4500,0,0
[H]C([H])([H])C([H])([H])C([H])([H])C([H])([H])[C@]1([H])OC1([H])[H],QM7,0.8095,0,0
[H]C([H])=C([H])C([H])([H])C([H])([H])[C@]1([H])OC1([H])[H],QM7,0.7200,0,0
[H]C#CC(=C([H])[H])[C@]1([H])OC1([H])[H],QM7,0.3600,0,0
[H]C([H])=C([H])/C([H])=C(\[H])[C@]1([H])OC1([H])[H],QM7,0.6667,0,0
[H]C([H])=C([H])C(=C([H])[H])[C@]1([H])OC1([H])[H],QM7,0.5000,0,0
[H]C([H])=C([H])C#C[C@]1([H])OC1([H])[H],QM7,0.4348,0,0
[H]C#CC([H])([H])C([H])([H])[C@]1([H])OC1([H])[H],QM7,0.5769,0,0
[H]C#C/C([H])=C(\[H])[C@]1([H])OC1([H])[H],QM7,0.4348,0,0
[H]C#CC#C[C@]1([H])OC1([H])[H],QM7,0.4545,0,0
[H]/C(=C(/[H])C([H])([H])[C@]1([H])OC1([H])[H])C([H])([H])[H],QM7,0.6087,0,0
[H]/C(=C(/C([H])([H])[H])[C@]1([H])OC1([H])[H])C([H])([H])[H],QM7,0.4828,0,0
[H]C([H])=C(C([H])([H])[H])C([H])([H])[C@]1([H])OC1([H])[H],QM7,1.0000,1,0
[H]C([H])=C([H])[C@]([H])(C([H])([H])[H])[C@]1([H])OC1([H])[H],QM7,0.5484,0,0
[H]C([H])([H])C([H])(C([H])([H])[H])C([H])([H])[C@]1([H])OC1([H])[H],QM7,0.9412,0,0
[H]C(=C(C([H])([H])[H])C([H])([H])[H])[C@]1([H])OC1([H])[H],QM7,0.4815,0,0
[H]C([H])([H])C(C([H])([H])[H])(C([H])([H])[H])[C@]1([H])OC1([H])[H],QM7,0.8667,0,0
[H]C#C[C@]([H])(C([H])([H])[H])[C@]1([H])OC1([H])[H],QM7,0.5000,0,0
[H]C([H])([H])C#CC([H])([H])[C@]1([H])OC1([H])[H],QM7,0.5833,0,0
[H]/C(=C(/[H])[C@]1([H])OC1([H])[H])C([H])([H])C([H])([H])[H],QM7,0.6522,0,0
[H]C([H])=C(C([H])([H])C([H])([H])[H])[C@]1([H])OC1([H])[H],QM7,0.4815,0,0
[H]C([H])([H])C([H])([H])[C@@]([H])(C([H])([H])[H])[C@]1([H])OC1([H])[H],QM7,1.0000,1,0
[H]C([H])([H])C([H])([H])C#C[C@]1([H])OC1([H])[H],QM7,0.6522,0,0
[H]C(=O)C(=C([H])[H])[C@]1([H])OC1([H])[H],QM7,0.4800,0,0
[H]C([H])=C([H])C(=O)[C@]1([H])OC1([H])[H],QM7,0.5909,0,0
[H]C(=O)[C@]([H])(C([H])([H])[H])[C@]1([H])OC1([H])[H],QM7,0.7500,0,0
[H]OC(C([H])([H])[H])(C([H])([H])[H])[C@]1([H])OC1([H])[H],QM7,0.6667,0,0
[H]OC([H])([H])[C@]([H])(C([H])([H])[H])[C@]1([H])OC1([H])[H],QM7,0.5926,0,0
[H]C([H])([H])C([H])([H])C(=O)[C@]1([H])OC1([H])[H],QM7,0.8571,0,0
[H]O[C@]([H])(C([H])([H])C([H])([H])[H])[C@]1([H])OC1([H])[H],QM7,1.0000,1,0
[H]O[C@]([H])(C([H])([H])[H])[C@]1(C([H])([H])[H])OC1([H])[H],QM7,0.7143,0,0
[H]O[C@]([H])(C([H])([H])[H])[C@@]1([H])O[C@]1([H])C([H])([H])[H],QM7,1.0000,1,0
[H]C([H])([H])C([H])([H])OC([H])([H])[C@]1([H])OC1([H])[H],QM7,0.9474,0,0
[H]C([H])=C([H])OC([H])([H])[C@]1([H])OC1([H])[H],QM7,0.6667,0,0
[H]C([H])([H])C(=O)C([H])([H])[C@]1([H])OC1([H])[H],QM7,1.0000,1,0
[H]O[C@]([H])(C([H])([H])[H])C([H])([H])[C@]1([H])OC1([H])[H],QM7,1.0000,2,0
[H]C([H])([H])OC([H])([H])[C@]1(C([H])([H])[H])OC1([H])[H],QM7,0.6538,0,0
[H]C([H])([H])OC([H])([H])[C@@]1([H])O[C@]1([H])C([H])([H])[H],QM7,0.7143,0,0
[H]C([H])([H])OC([H])([H])C([H])([H])[C@]1([H])OC1([H])[H],QM7,0.6957,0,0
[H]/C(OC([H])([H])[H])=C(/[H])[C@]1([H])OC1([H])[H],QM7,0.4348,0,0
[H]C([H])=C(OC([H])([H])[H])[C@]1([H])OC1([H])[H],QM7,0.5000,0,0
[H]C([H])([H])O[C@@]([H])(C([H])([H])[H])[C@]1([H])OC1([H])[H],QM7,0.5909,0,0
[H]C#C[C@@]1([H])O[C@]1([H])C([H])=O,QM7,0.4194,0,0
[H]OC([H])([H])[C@@]1([H])O[C@]1([H])C([H])=C([H])[H],QM7,1.0000,1,0
[H]C#C[C@@]1([H])O[C@]1([H])C([H])([H])O[H],QM7,1.0000,1,0
[H]OC([H])([H])C([H])([H])C([H])([H])[C@]1([H])OC1([H])[H],QM7,1.0000,1,0
[H]C(=O)C([H])([H])C([H])([H])[C@]1([H])OC1([H])[H],QM7,0.7273,0,0
[H]C#CC(=O)[C@]1([H])OC1([H])[H],QM7,0.5556,0,0
[H]C(=O)/C([H])=C(\[H])[C@]1([H])OC1([H])[H],QM7,0.5000,0,0
[H]C(=O)C#C[C@]1([H])OC1([H])[H],QM7,0.4348,0,0
[H]O[C@@]([H])(C([H])=C([H])[H])[C@]1([H])OC1([H])[H],QM7,0.5833,0,0
[H]C#C[C@]([H])(O[H])[C@]1([H])OC1([H])[H],QM7,0.5172,0,0
[H]OC([H])([H])/C([H])=C(\[H])[C@]1([H])OC1([H])[H],QM7,1.0000,2,0
[H]OC([H])([H])C(=C([H])[H])[C@]1([H])OC1([H])[H],QM7,0.5000,0,0
[H]OC([H])([H])C#C[C@]1([H])OC1([H])[H],QM7,0.5417,0,0
[H]N([H])C([H])([H])C([H])([H])[C@@]1(C([H])([H])[H])OC1([H])[H],QM7,0.7143,0,0
[H]N([H])C([H])([H])[C@@]1([H])OC1(C([H])([H])[H])C([H])([H])[H],QM7,0.5238,0,0
[H]N([H])C([H])([H])C([H])([H])[C@@]1([H])O[C@]1([H])C([H])([H])[H],QM7,1.0000,1,0
[H]N([H])C([H])([H])[C@@]1(C([H])([H])[H])O[C@]1([H])C([H])([H])[H],QM7,0.5238,0,0
[H]C([H])([H])[C@@]1([H])O[C@]1([H])C([H])([H])C#N,QM7,0.5455,0,0
[H][C]([N]N([H])[H])[C@@]1([H])O[C@]1([H])C([H])([H])[H],QM7,0.4091,0,0
[H]/N=C(/N([H])[H])[C@@]1([H])O[C@]1([H])C([H])([H])[H],QM7,0.4583,0,0
[H]O[N][C]([H])[C@@]1([H])O[C@]1([H])C([H])([H])[H],QM7,0.4091,0,0
[H]N([H])C(=O)[C@@]1([H])O[C@]1([H])C([H])([H])[H],QM7,1.0000,1,0
[H]N([H])C([H])([H])[C@@]1(C([H])([H])C([H])([H])[H])OC1([H])[H],QM7,0.5652,0,0
[H]N([H])C([H])([H])[C@@]1([H])O[C@]1([H])C([H])([H])C([H])([H])[H],QM7,0.6875,0,0
[H]C([H])=C([H])[C@@]1([H])O[C@]1([H])C#N,QM7,0.4815,0,0
[H]C#C[C@@]1([H])O[C@]1([H])C#N,QM7,0.6875,0,0
[H]C([H])([H])C([H])([H])[C@@]1([H])O[C@]1([H])C#N,QM7,1.0000,1,0
[H]C([H])=C(C#N)[C@]1([H])OC1([H])[H],QM7,0.4615,0,0
[H]N([H])C(C([H])([H])[H])(C([H])([H])[H])[C@]1([H])OC1([H])[H],QM7,0.5000,0,0
[H]C([H])([H])[C@@]([H])(C#N)[C@]1([H])OC1([H])[H],QM7,0.5000,0,0
[H]N([H])C([H])([H])[C@]([H])(C([H])([H])[H])[C@]1([H])OC1([H])[H],QM7,1.0000,1,0
[H]N([H])[C@]([H])(C([H])([H])C([H])([H])[H])[C@]1([H])OC1([H])[H],QM7,0.6538,0,0
[H]N([H])[C@]([H])(C([H])([H])[H])[C@]1(C([H])([H])[H])OC1([H])[H],QM7,0.5789,0,0
[H]N([H])[C@]([H])(C([H])([H])[H])[C@@]1([H])O[C@]1([H])C([H])([H])[H],QM7,0.5000,0,0
[H]N(C([H])([H])C([H])([H])[H])C([H])([H])[C@]1([H])OC1([H])[H],QM7,1.0000,1,0
[H]N([H])[C@]([H])(C([H])([H])[H])C([H])([H])[C@]1([H])OC1([H])[H],QM7,0.5909,0,0
[H]N([H])/N=C(\C([H])([H])[H])[C@]1([H])OC1([H])[H],QM7,0.4516,0,0
[H]O/N=C(\C([H])([H])[H])[C@]1([H])OC1([H])[H],QM7,0.4167,0,0
[H]N(C([H])([H])[H])C([H])([H])[C@]1(C([H])([H])[H])OC1([H])[H],QM7,0.6500,0,0
[H]N(C([H])([H])[H])C([H])([H])[C@@]1([H])O[C@]1([H])C([H])([H])[H],QM7,0.5714,0,0
[H]N(C([H])([H])[H])C([H])([H])C([H])([H])[C@]1([H])OC1([H])[H],QM7,0.5455,0,0
[H]C([H])([H])N(C([H])([H])[H])C([H])([H])[C@]1([H])OC1([H])[H],QM7,0.9412,0,0
[H]N(C([H])([H])[H])[C@@]([H])(C([H])([H])[H])[C@]1([H])OC1([H])[H],QM7,0.5909,0,0
[H]/N=C(\N([H])C([H])([H])[H])[C@]1([H])OC1([H])[H],QM7,0.3333,0,0
[H]N(C(=O)[C@]1([H])OC1([H])[H])C([H])([H])[H],QM7,0.5769,0,0
[H][C]([H])[N]N([H])C([H])([H])[C@]1([H])OC1([H])[H],QM7,0.4783,0,0
[H][C]([H])[N][N][C]([H])[C@]1([H])OC1([H])[H],QM7,0.3478,0,0
[H][C]([N]N([H])C([H])([H])[H])[C@]1([H])OC1([H])[H],QM7,0.3333,0,0
[H][C]([H])[N]OC([H])([H])[C@]1([H])OC1([H])[H],QM7,0.5185,0,0
[H][C]([N]OC([H])([H])[H])[C@]1([H])OC1([H])[H],QM7,0.3704,0,0
[H]N([H])C([H])([H])C1(C([H])([H])N([H])[H])OC1([H])[H],QM7,0.5000,0,0
[H]OC([H])([H])[C@@]1(C([H])([H])N([H])[H])OC1([H])[H],QM7,0.5714,0,0
[H]C([H])=C([H])[C@@]1([H])O[C@]1([H])C([H])([H])N([H])[H],QM7,0.5652,0,0
[H]C#C[C@@]1([H])O[C@]1([H])C([H])([H])N([H])[H],QM7,0.5652,0,0
[H]N([H])C([H])([H])[C@@]1([H])O[C@]1([H])C([H])([H])N([H])[H],QM7,1.0000,1,0
[H]OC([H])([H])[C@@]1([H])O[C@]1([H])C([H])([H])N([H])[H],QM7,0.6875,0,0
[H]N([H])C([H])([H])C([H])([H])C([H])([H])[C@]1([H])OC1([H])[H],QM7,0.6667,0,0
[H]C([H])(C#N)C([H])([H])[C@]1([H])OC1([H])[H],QM7,0.7273,0,0
[H]/C(C#N)=C(/[H])[C@]1([H])OC1([H])[H],QM7,0.5769,0,0
[H]C1([H])O[C@@]1([H])C#CC#N,QM7,0.4762,0,0
[H]C([H])=C([H])[C@]([H])(N([H])[H])[C@]1([H])OC1([H])[H],QM7,0.5556,0,0
[H]C#C[C@]([H])(N([H])[H])[C@]1([H])OC1([H])[H],QM7,0.5000,0,0
[H]/C(=C(/[H])[C@]1([H])OC1([H])[H])C([H])([H])N([H])[H],QM7,0.5769,0,0
[H]C([H])=C(C([H])([H])N([H])[H])[C@]1([H])OC1([H])[H],QM7,0.3929,0,0
[H]N([H])C([H])([H])C#C[C@]1([H])OC1([H])[H],QM7,0.5556,0,0
[H]N([H])C([H])([H])[C@@]([H])(N([H])[H])[C@]1([H])OC1([H])[H],QM7,0.5909,0,0
[H]OC([H])([H])[C@]([H])(N([H])[H])[C@]1([H])OC1([H])[H],QM7,0.5769,0,0
[H]O[C@]([H])(C([H])([H])N([H])[H])[C@]1([H])OC1([H])[H],QM7,0.6522,0,0
[H]/N=C(\[H])N([H])C([H])([H])[C@]1([H])OC1([H])[H],QM7,0.5185,0,0
[H]N([H])C(=O)C([H])([H])[C@]1([H])OC1([H])[H],QM7,1.0000,1,0
[H][C]([N]N([H])[H])C([H])([H])[C@]1([H])OC1([H])[H],QM7,0.4074,0,0
[H]C(=O)N([H])C([H])([H])[C@]1([H])OC1([H])[H],QM7,0.5833,0,0
[H]O[N][C]([H])C([H])([H])[C@]1([H])OC1([H])[H],QM7,0.4444,0,0
[H]C1([H])O[C@@]1([H])S(=O)(=O)C([H])([H])[H],QM7,0.4545,0,0
[H]C1([H])C([H])([H])C([H])([H])C1([H])[H],QM7,1.0000,22,0
[H]OC1([H])C([H])([H])C([H])([H])C1([H])[H],QM7,1.0000,1,0
[H]C([H])([H])C1([H])C([H])([H])C([H])([H])C1([H])[H],QM7,0.9000,0,0
[H]N([H])C1([H])C([H])([H])C([H])([H])C1([H])[H],QM7,0.9000,0,0
[H]C([H])([H])[C@]1([H])C([H])([H])[C@@]([H])(C([H])([H])[H])C1([H])[H],QM7,0.8889,0,0
[H]C([H])([H])C([H])([H])C1([H])C([H])([H])C([H])([H])C1([H])[H],QM7,0.9286,0,0
[H]N([H])[C@@]1([H])C([H])([H])C([H])([H])[C@]1([H])C([H])([H])[H],QM7,1.0000,1,0
[H]N([H])[C@]1([H])C([H])([H])[C@@]([H])(C([H])([H])[H])C1([H])[H],QM7,0.9231,0,0
[H]N([H])C1(C([H])([H])[H])C([H])([H])C([H])([H])C1([H])[H],QM7,0.7692,0,0
[H]N(C([H])([H])[H])C1([H])C([H])([H])C([H])([H])C1([H])[H],QM7,1.0000,1,0
[H]N([H])[C@@]1([H])C([H])([H])C([H])([H])[C@]1([H])N([H])[H],QM7,0.8889,0,0
[H]N([H])[C@]1([H])C([H])([H])[C@@]([H])(N([H])[H])C1([H])[H],QM7,0.8000,0,0
[H]N([H])C([H])([H])C1([H])C([H])([H])C([H])([H])C1([H])[H],QM7,0.9286,0,0
[H]C1([H])C([H])([H])C([H])(C#N)C1([H])[H],QM7,0.8000,0,0
[H]C([H])=C([H])C1([H])C([H])([H])C([H])([H])C1([H])[H],QM7,0.9286,0,0
[H]C#CC1([H])C([H])([H])C([H])([H])C1([H])[H],QM7,1.0000,1,0
[H]O[C@@]1([H])C([H])([H])C([H])([H])[C@]1([H])C([H])([H])[H],QM7,1.0000,1,0
[H]O[C@]1([H])C([H])([H])[C@@]([H])(C([H])([H])[H])C1([H])[H],QM7,0.9231,0,0
[H]OC1(C([H])([H])[H])C([H])([H])C([H])([H])C1([H])[H],QM7,0.9167,0,0
[H]C([H])([H])OC1([H])C([H])([H])C([H])([H])C1([H])[H],QM7,1.0000,1,0
[H]O[C@@]1([H])C([H])([H])C([H])([H])[C@]1([H])O[H],QM7,1.0000,1,0
[H]O[C@]1([H])C([H])([H])[C@@]([H])(O[H])C1([H])[H],QM7,1.0000,1,0
[H]OC([H])([H])C1([H])C([H])([H])C([H])([H])C1([H])[H],QM7,0.8000,0,0
[H]C(=O)C1([H])C([H])([H])C([H])([H])C1([H])[H],QM7,0.9286,0,0
[H]C([H])([H])[C@@]1([H])C([H])([H])C([H])([H])[C@]1([H])C([H])([H])[H],QM7,1.0000,1,0
[H]O[C@@]1([H])C([H])([H])C([H])([H])[C@]1([H])N([H])[H],QM7,1.0000,3,0
[H]O[C@]1([H])C([H])([H])[C@@]([H])(N([H])[H])C1([H])[H],QM7,0.9231,0,0
[H]C([H])([H])C1(C([H])([H])[H])C([H])([H])C([H])([H])C1([H])[H],QM7,0.9000,0,0
[H]N(C([H])([H])C([H])([H])[H])C1([H])C([H])([H])C([H])([H])C1([H])[H],QM7,0.9412,0,0
[H]N([H])[C@]([H])(C([H])([H])[H])C1([H])C([H])([H])C([H])([H])C1([H])[H],QM7,0.9375,0,0
[H]N(C([H])([H])[H])[C@@]1([H])C([H])([H])C([H])([H])[C@]1([H])C([H])([H])[H],QM7,0.6842,0,0
[H]N([H])[C@@]1([H])C([H])([H])C([H])([H])[C@]1([H])N([H])C([H])([H])[H],QM7,0.7000,0,0
[H]N(C([H])([H])[H])C1(C([H])([H])[H])C([H])([H])C([H])([H])C1([H])[H],QM7,1.0000,1,0
[H]N(C([H])([H])[H])[C@]1([H])C([H])([H])[C@@]([H])(C([H])([H])[H])C1([H])[H],QM7,0.9333,0,0
[H]N([H])[C@]1([H])C([H])([H])[C@@]([H])(N([H])C([H])([H])[H])C1([H])[H],QM7,0.9375,0,0
[H]N(C([H])([H])[H])C([H])([H])C1([H])C([H])([H])C([H])([H])C1([H])[H],QM7,0.8333,0,0
[H]C([H])([H])N(C([H])([H])[H])C1([H])C([H])([H])C([H])([H])C1([H])[H],QM7,0.9231,0,0
[H][C]([H])[N]N([H])C1([H])C([H])([H])C([H])([H])C1([H])[H],QM7,0.6316,0,0
[H]C([H])=C([H])C1(N([H])[H])C([H])([H])C([H])([H])C1([H])[H],QM7,1.0000,1,0
[H]C#CC1(N([H])[H])C([H])([H])C([H])([H])C1([H])[H],QM7,0.5714,0,0
[H]C([H])=C([H])[C@]1([H])C([H])([H])[C@@]([H])(N([H])[H])C1([H])[H],QM7,0.5263,0,0
[H]C#C[C@]1([H])C([H])([H])[C@@]([H])(N([H])[H])C1([H])[H],QM7,0.6500,0,0
[H]C([H])=C([H])[C@@]1([H])C([H])([H])C([H])([H])[C@]1([H])N([H])[H],QM7,0.7000,0,0
[H]C#C[C@@]1([H])C([H])([H])C([H])([H])[C@]1([H])N([H])[H],QM7,0.6667,0,0
[H]C([H])=C([H])C([H])([H])C1([H])C([H])([H])C([H])([H])C1([H])[H],QM7,0.8333,0,0
[H]C#CC([H])([H])C1([H])C([H])([H])C([H])([H])C1([H])[H],QM7,0.6000,0,0
[H]/C(=C(/[H])C1([H])C([H])([H])C([H])([H])C1([H])[H])C([H])([H])[H],QM7,0.8750,0,0
[H]C([H])=C(C([H])([H])[H])C1([H])C([H])([H])C([H])([H])C1([H])[H],QM7,0.8235,0,0
[H]C([H])([H])C#CC1([H])C([H])([H])C([H])([H])C1([H])[H],QM7,0.7778,0,0
[H]N([H])C([H])([H])[C@@]1([H])C([H])([H])C([H])([H])[C@]1([H])N([H])[H],QM7,0.6842,0,0
[H]N([H])C([H])([H])[C@]1([H])C([H])([H])[C@@]([H])(N([H])[H])C1([H])[H],QM7,0.9333,0,0
[H]N([H])C([H])([H])C1(N([H])[H])C([H])([H])C([H])([H])C1([H])[H],QM7,1.0000,1,0
[H]N([H])C([H])([H])C([H])([H])C1([H])C([H])([H])C([H])([H])C1([H])[H],QM7,0.8235,0,0
[H]C([H])(C#N)C1([H])C([H])([H])C([H])([H])C1([H])[H],QM7,0.8421,0,0
[H]/N=C(\[H])N([H])C1([H])C([H])([H])C([H])([H])C1([H])[H],QM7,0.4400,0,0
[H][C]([N]N([H])[H])C1([H])C([H])([H])C([H])([H])C1([H])[H],QM7,0.5238,0,0
[H]OC([H])([H])[C@@]1([H])C([H])([H])C([H])([H])[C@]1([H])C([H])([H])[H],QM7,0.7000,0,0
[H]C(=O)C1(C([H])([H])[H])C([H])([H])C([H])([H])C1([H])[H],QM7,1.0000,1,0
[H]C(=O)[C@]1([H])C([H])([H])[C@@]([H])(C([H])([H])[H])C1([H])[H],QM7,0.7143,0,0
[H]O[C@@]1(C([H])([H])[H])C([H])([H])C([H])([H])[C@]1([H])C([H])([H])[H],QM7,0.6500,0,0
[H]C(=O)[C@@]1([H])C([H])([H])C([H])([H])[C@]1([H])C([H])([H])[H],QM7,1.0000,1,0
[H]O[C@@]1([H])C([H])([H])C([H])([H])C1(C([H])([H])[H])C([H])([H])[H],QM7,0.6364,0,0
[H]OC1([H])[C@@]([H])(C([H])([H])[H])C([H])([H])[C@]1([H])C([H])([H])[H],QM7,0.8462,0,0
[H]OC1([H])C([H])([H])C(C([H])([H])[H])(C([H])([H])[H])C1([H])[H],QM7,0.7500,0,0
[H]O[C@]1(C([H])([H])[H])C([H])([H])[C@@]([H])(C([H])([H])[H])C1([H])[H],QM7,0.5909,0,0
[H]OC([H])([H])[C@]1([H])C([H])([H])[C@@]([H])(C([H])([H])[H])C1([H])[H],QM7,0.9375,0,0
[H]O[C@@]1([H])C([H])([H])[C@]([H])(C([H])([H])[H])[C@@]1([H])C([H])([H])[H],QM7,0.7222,0,0
[H]O[C@]1([H])[C@@]([H])(C([H])([H])[H])C([H])([H])[C@]1([H])O[H],QM7,0.6250,0,0
[H]O[C@@]1([H])C([H])([H])[C@]([H])(O[H])C1([H])C([H])([H])[H],QM7,0.7333,0,0
[H]OC([H])([H])C1(C([H])([H])[H])C([H])([H])C([H])([H])C1([H])[H],QM7,0.7500,0,0
[H]O[C@]1(C([H])([H])[H])C([H])([H])C([H])([H])[C@]1([H])O[H],QM7,0.6500,0,0
[H]O[C@]1([H])C([H])([H])[C@@](O[H])(C([H])([H])[H])C1([H])[H],QM7,0.5500,0,0
[H]O[C@@]1([H])C([H])([H])C([H])([H])[C@]1([H])C([H])([H])C([H])([H])[H],QM7,1.0000,1,0
[H]C([H])([H])C1(C([H])([H])[H])C([H])([H])C([H])([H])[C@]1([H])C([H])([H])[H],QM7,1.0000,1,0
[H]O[C@]1([H])C([H])([H])[C@@]([H])(C([H])([H])C([H])([H])[H])C1([H])[H],QM7,1.0000,1,0
[H]OC1(C([H])([H])C([H])([H])[H])C([H])([H])C([H])([H])C1([H])[H],QM7,0.7778,0,0
[H]C([H])([H])C1([H])[C@@]([H])(C([H])([H])[H])C([H])([H])[C@]1([H])C([H])([H])[H],QM7,1.0000,2,0
[H]C([H])([H])C([H])([H])OC1([H])C([H])([H])C([H])([H])C1([H])[H],QM7,0.9412,0,0
[H]C([H])=C([H])OC1([H])C([H])([H])C([H])([H])C1([H])[H],QM7,0.8824,0,0
[H]C([H])([H])C(=O)C1([H])C([H])([H])C([H])([H])C1([H])[H],QM7,0.9375,0,0
[H]O[C@]([H])(C([H])([H])[H])C1([H])C([H])([H])C([H])([H])C1([H])[H],QM7,0.8750,0,0
[H]C([H])([H])C1([H])C([H])([H])C(C([H])([H])[H])(C([H])([H])[H])C1([H])[H],QM7,0.7333,0,0
[H]C([H])([H])O[C@@]1([H])C([H])([H])C([H])([H])[C@]1([H])C([H])([H])[H],QM7,1.0000,1,0
[H]O[C@@]1([H])C([H])([H])C([H])([H])[C@]1([H])OC([H])([H])[H],QM7,0.7000,0,0
[H]C([H])([H])OC1(C([H])([H])[H])C([H])([H])C([H])([H])C1([H])[H],QM7,1.0000,1,0
[H]C([H])([H])O[C@]1([H])C([H])([H])[C@@]([H])(C([H])([H])[H])C1([H])[H],QM7,0.8750,0,0
[H]O[C@]1([H])C([H])([H])[C@@]([H])(OC([H])([H])[H])C1([H])[H],QM7,0.9375,0,0
[H]C([H])([H])OC([H])([H])C1([H])C([H])([H])C([H])([H])C1([H])[H],QM7,0.8333,0,0
[H]OC1(C([H])=C([H])[H])C([H])([H])C([H])([H])C1([H])[H],QM7,0.8235,0,0
[H]C#CC1(O[H])C([H])([H])C([H])([H])C1([H])[H],QM7,0.8235,0,0
[H]O[C@]1([H])C([H])([H])[C@@]([H])(C([H])=C([H])[H])C1([H])[H],QM7,0.5263,0,0
[H]C#C[C@]1([H])C([H])([H])[C@@]([H])(O[H])C1([H])[H],QM7,0.5556,0,0
[H]O[C@@]1([H])C([H])([H])C([H])([H])[C@]1([H])C([H])=C([H])[H],QM7,0.7000,0,0
[H]C#C[C@@]1([H])C([H])([H])C([H])([H])[C@]1([H])O[H],QM7,0.7000,0,0
[H]OC1(C([H])=O)C([H])([H])C([H])([H])C1([H])[H],QM7,0.5200,0,0
[H]O[C@]1([H])C([H])([H])[C@@]([H])(C([H])=O)C1([H])[H],QM7,0.7143,0,0
[H]O[C@@]1([H])C([H])([H])C([H])([H])[C@]1([H])C([H])=O,QM7,0.6667,0,0
[H]OC([H])([H])[C@@]1([H])C([H])([H])C([H])([H])[C@]1([H])O[H],QM7,1.0000,1,0
[H]OC([H])([H])[C@]1([H])C([H])([H])[C@@]([H])(O[H])C1([H])[H],QM7,1.0000,1,0
[H]OC([H])([H])C1(O[H])C([H])([H])C([H])([H])C1([H])[H],QM7,0.8125,0,0
[H]OC([H])([H])C([H])([H])C1([H])C([H])([H])C([H])([H])C1([H])[H],QM7,0.8235,0,0
[H]C(=O)C([H])([H])C1([H])C([H])([H])C([H])([H])C1([H])[H],QM7,0.6250,0,0
[H]C([H])([H])C([H])([H])[C@@]1([H])C([H])([H])C([H])([H])[C@]1([H])C([H])([H])[H],QM7,1.0000,2,0
[H]C(=O)OC1([H])C([H])([H])C([H])([H])C1([H])[H],QM7,1.0000,1,0
[H]OC(=O)C1([H])C([H])([H])C([H])([H])C1([H])[H],QM7,0.9333,0,0
[H]O[C@]1([H])[C@@]([H])(C([H])([H])[H])C([H])([H])[C@]1([H])N([H])[H],QM7,0.7143,0,0
[H]O[C@@]1([H])C([H])([H])[C@]([H])(C([H])([H])[H])[C@@]1([H])N([H])[H],QM7,1.0000,1,0
[H]O[C@@]1([H])C([H])([H])[C@]([H])(N([H])[H])[C@]1([H])C([H])([H])[H],QM7,0.8333,0,0
[H]O[C@@]1([H])C([H])([H])C([H])([H])[C@]1(N([H])[H])C([H])([H])[H],QM7,0.5500,0,0
[H]O[C@]1([H])C([H])([H])[C@@](N([H])[H])(C([H])([H])[H])C1([H])[H],QM7,0.6190,0,0
[H]C([H])([H])C([H])([H])C1(C([H])([H])[H])C([H])([H])C([H])([H])C1([H])[H],QM7,0.9333,0,0
[H]O[C@]1(C([H])([H])[H])C([H])([H])C([H])([H])[C@]1([H])N([H])[H],QM7,0.9412,0,0
[H]O[C@]1(C([H])([H])[H])C([H])([H])[C@]([H])(N([H])[H])C1([H])[H],QM7,0.6667,0,0
[H]C([H])([H])C([H])([H])[C@]1([H])C([H])([H])[C@@]([H])(C([H])([H])[H])C1([H])[H],QM7,0.9333,0,0
[H]C([H])([H])C([H])([H])C([H])([H])C1([H])C([H])([H])C([H])([H])C1([H])[H],QM7,0.9375,0,0
[H]C([H])([H])C([H])(C([H])([H])[H])C1([H])C([H])([H])C([H])([H])C1([H])[H],QM7,0.8667,0,0
[H]O[C@@]1([H])C([H])([H])C([H])([H])[C@]1([H])N([H])C([H])([H])[H],QM7,1.0000,1,0
[H]O[C@]1([H])C([H])([H])[C@@]([H])(N([H])C([H])([H])[H])C1([H])[H],QM7,0.6667,0,0
[H][C]([H])[N]OC1([H])C([H])([H])C([H])([H])C1([H])[H],QM7,0.5500,0,0
[H]N([H])[C@@]1([H])C([H])([H])C([H])([H])[C@]1([H])OC([H])([H])[H],QM7,1.0000,3,0
[H]N([H])[C@]1([H])C([H])([H])[C@@]([H])(OC([H])([H])[H])C1([H])[H],QM7,0.9375,0,0
[H]OC([H])([H])[C@@]1([H])C([H])([H])C([H])([H])[C@]1([H])N([H])[H],QM7,0.7000,0,0
[H]OC([H])([H])[C@]1([H])C([H])([H])[C@@]([H])(N([H])[H])C1([H])[H],QM7,0.6667,0,0
[H]OC1([H])[C@@]([H])(N([H])[H])C([H])([H])[C@]1([H])N([H])[H],QM7,0.7857,0,0
[H]O[C@@]1([H])C([H])([H])[C@]([H])(N([H])[H])[C@@]1([H])N([H])[H],QM7,1.0000,1,0
[H]O[C@@]1([H])[C@@]([H])(O[H])C([H])([H])[C@]1([H])N([H])[H],QM7,0.8125,0,0
[H]O[C@@]1([H])C([H])([H])[C@]([H])(O[H])C1([H])N([H])[H],QM7,1.0000,1,0
[H]OC([H])([H])C1(N([H])[H])C([H])([H])C([H])([H])C1([H])[H],QM7,0.8235,0,0
[H]O[C@@]1([H])C([H])([H])C([H])([H])[C@]1([H])C([H])([H])N([H])[H],QM7,0.7000,0,0
[H]O[C@]1([H])C([H])([H])[C@@]([H])(C([H])([H])N([H])[H])C1([H])[H],QM7,0.6500,0,0
[H]N([H])C([H])([H])[C@@]1([H])C([H])([H])C([H])([H])[C@]1([H])C([H])([H])[H],QM7,1.0000,1,0
[H]C([H])([H])C1(C#N)C([H])([H])C([H])([H])C1([H])[H],QM7,1.0000,1,0
[H]OC1(C([H])([H])N([H])[H])C([H])([H])C([H])([H])C1([H])[H],QM7,0.8235,0,0
[H]C([H])([H])[C@]1([H])C([H])([H])[C@@]([H])(C#N)C1([H])[H],QM7,0.9375,0,0
[H]N([H])[C@@]1(C([H])([H])[H])C([H])([H])C([H])([H])[C@]1([H])C([H])([H])[H],QM7,1.0000,1,0
[H]C([H])([H])[C@@]1([H])C([H])([H])C([H])([H])[C@]1([H])C#N,QM7,0.6087,0,0
[H]N([H])C(=O)C1([H])C([H])([H])C([H])([H])C1([H])[H],QM7,0.8235,0,0
[H]N([H])[C@@]1([H])C([H])([H])C([H])([H])C1(C([H])([H])[H])C([H])([H])[H],QM7,0.5625,0,0
[H]N([H])C1([H])[C@@]([H])(C([H])([H])[H])C([H])([H])[C@]1([H])C([H])([H])[H],QM7,0.6250,0,0
[H]OC1(C#N)C([H])([H])C([H])([H])C1([H])[H],QM7,0.6190,0,0
[H]O[C@]1([H])C([H])([H])[C@@]([H])(C#N)C1([H])[H],QM7,0.5909,0,0
[H]O[C@@]1([H])C([H])([H])C([H])([H])[C@]1([H])C#N,QM7,0.7619,0,0
[H]N([H])C1([H])C([H])([H])C(C([H])([H])[H])(C([H])([H])[H])C1([H])[H],QM7,0.6250,0,0
[H]N([H])[C@]1(C([H])([H])[H])C([H])([H])[C@@]([H])(C([H])([H])[H])C1([H])[H],QM7,0.6000,0,0
[H]N([H])C([H])([H])[C@]1([H])C([H])([H])[C@@]([H])(C([H])([H])[H])C1([H])[H],QM7,0.9375,0,0
[H]C(=O)N([H])C1([H])C([H])([H])C([H])([H])C1([H])[H],QM7,0.8333,0,0
[H]O[N][C]([H])C1([H])C([H])([H])C([H])([H])C1([H])[H],QM7,0.4545,0,0
[H]N([H])[C@@]1([H])C([H])([H])[C@]([H])(C([H])([H])[H])[C@@]1([H])C([H])([H])[H],QM7,0.8125,0,0
[H]N([H])[C@]1([H])[C@@]([H])(C([H])([H])[H])C([H])([H])[C@]1([H])N([H])[H],QM7,1.0000,1,0
[H]N([H])[C@@]1([H])C([H])([H])[C@]([H])(N([H])[H])C1([H])C([H])([H])[H],QM7,0.5882,0,0
[H]N([H])C([H])([H])C1(C([H])([H])[H])C([H])([H])C([H])([H])C1([H])[H],QM7,0.7778,0,0
[H]N([H])[C@]1(C([H])([H])[H])C([H])([H])C([H])([H])[C@]1([H])N([H])[H],QM7,0.6667,0,0
[H]N([H])[C@]1([H])C([H])([H])[C@@](N([H])[H])(C([H])([H])[H])C1([H])[H],QM7,1.0000,1,0
[H]N([H])[C@@]1([H])C([H])([H])C([H])([H])[C@]1([H])C([H])([H])C([H])([H])[H],QM7,1.0000,2,0
[H]N([H])[C@]1([H])C([H])([H])[C@@]([H])(C([H])([H])C([H])([H])[H])C1([H])[H],QM7,0.6667,0,0
[H]C([H])=C([H])C1(C([H])([H])[H])C([H])([H])C([H])([H])C1([H])[H],QM7,0.8750,0,0
[H]C#CC1(C([H])([H])[H])C([H])([H])C([H])([H])C1([H])[H],QM7,1.0000,1,0
[H]N([H])C1(C([H])([H])C([H])([H])[H])C([H])([H])C([H])([H])C1([H])[H],QM7,0.9375,0,0
[H]C([H])=C([H])[C@]1([H])C([H])([H])[C@@]([H])(C([H])([H])[H])C1([H])[H],QM7,0.7143,0,0
[H]C#C[C@]1([H])C([H])([H])[C@@]([H])(C([H])([H])[H])C1([H])[H],QM7,0.6087,0,0
[H]C([H])=C([H])[C@@]1([H])C([H])([H])C([H])([H])[C@]1([H])C([H])([H])[H],QM7,0.7000,0,0
[H]C#C[C@@]1([H])C([H])([H])C([H])([H])[C@]1([H])C([H])([H])[H],QM7,0.7000,0,0
[H]C1([H])OC([H])([H])C1([H])[H],QM7,1.0000,3,0
[H]N([H])C1([H])C([H])([H])OC1([H])[H],QM7,0.6250,0,0
[H]C1([H])O[C@@]([H])(C([H])([H])[H])C1([H])[H],QM7,0.9167,0,0
[H]C([H])([H])C1([H])C([H])([H])OC1([H])[H],QM7,0.9091,0,0
[H]C([H])([H])C1(C([H])([H])[H])OC([H])([H])C1([H])[H],QM7,0.6000,0,0
[H]C([H])([H])[C@]1([H])O[C@@]([H])(C([H])([H])[H])C1([H])[H],QM7,1.0000,1,0
[H]C([H])([H])C1(C([H])([H])[H])C([H])([H])OC1([H])[H],QM7,1.0000,1,0
[H]C([H])([H])[C@@]1([H])C([H])([H])O[C@]1([H])C([H])([H])[H],QM7,1.0000,1,0
[H]O[C@@]1([H])C([H])([H])O[C@]1([H])C([H])([H])[H],QM7,0.7222,0,0
[H]OC1(C([H])([H])[H])C([H])([H])OC1([H])[H],QM7,0.6471,0,0
[H]C([H])([H])C([H])([H])[C@]1([H])OC([H])([H])C1([H])[H],QM7,1.0000,1,0
[H]C([H])=C([H])[C@]1([H])OC([H])([H])C1([H])[H],QM7,0.7000,0,0
[H]C#C[C@]1([H])OC([H])([H])C1([H])[H],QM7,1.0000,1,0
[H]C([H])([H])C([H])([H])C1([H])C([H])([H])OC1([H])[H],QM7,1.0000,1,0
[H]C([H])=C([H])C1([H])C([H])([H])OC1([H])[H],QM7,0.7647,0,0
[H]C#CC1([H])C([H])([H])OC1([H])[H],QM7,1.0000,1,0
[H]C([H])([H])OC1([H])C([H])([H])OC1([H])[H],QM7,0.6190,0,0
[H]OC([H])([H])[C@]1([H])OC([H])([H])C1([H])[H],QM7,1.0000,1,0
[H]C(=O)[C@]1([H])OC([H])([H])C1([H])[H],QM7,0.7368,0,0
[H]OC([H])([H])C1([H])C([H])([H])OC1([H])[H],QM7,1.0000,2,0
[H]C(=O)C1([H])C([H])([H])OC1([H])[H],QM7,0.5217,0,0
[H]N([H])C1(C([H])([H])[H])C([H])([H])OC1([H])[H],QM7,0.5882,0,0
[H]N([H])[C@@]1([H])C([H])([H])O[C@]1([H])C([H])([H])[H],QM7,0.7222,0,0
[H]N(C([H])([H])[H])C1([H])C([H])([H])OC1([H])[H],QM7,0.5714,0,0
[H]N([H])C([H])([H])[C@]1([H])OC([H])([H])C1([H])[H],QM7,0.7368,0,0
[H]C1([H])O[C@@]([H])(C#N)C1([H])[H],QM7,0.6111,0,0
[H]N([H])C([H])([H])C1([H])C([H])([H])OC1([H])[H],QM7,0.7647,0,0
[H]C1([H])OC([H])([H])C1([H])C#N,QM7,0.6000,0,0
[H]C([H])([H])C1(C([H])([H])[H])O[C@@]([H])(C([H])([H])[H])C1([H])[H],QM7,1.0000,1,0
[H]OC([H])([H])[C@]1([H])O[C@@]([H])(C([H])([H])[H])C1([H])[H],QM7,1.0000,1,0
[H]C([H])=C([H])[C@@]1(C([H])([H])[H])OC([H])([H])C1([H])[H],QM7,0.5455,0,0
[H]C#C[C@@]1(C([H])([H])[H])OC([H])([H])C1([H])[H],QM7,0.6000,0,0
[H]C([H])=C([H])[C@]1([H])O[C@@]([H])(C([H])([H])[H])C1([H])[H],QM7,0.6667,0,0
[H]C#C[C@]1([H])O[C@@]([H])(C([H])([H])[H])C1([H])[H],QM7,0.5909,0,0
[H]C(=O)[C@@]1(C([H])([H])[H])OC([H])([H])C1([H])[H],QM7,1.0000,1,0
[H]C(=O)[C@]1([H])O[C@@]([H])(C([H])([H])[H])C1([H])[H],QM7,0.5652,0,0
[H]C([H])=C([H])C1(C([H])([H])[H])C([H])([H])OC1([H])[H],QM7,0.5455,0,0
[H]C#CC1(C([H])([H])[H])C([H])([H])OC1([H])[H],QM7,0.5200,0,0
[H]C([H])([H])C1(C([H])([H])[H])OC([H])([H])[C@]1([H])C([H])([H])[H],QM7,0.5789,0,0
[H]C([H])=C([H])[C@@]1([H])OC([H])([H])[C@]1([H])C([H])([H])[H],QM7,0.6667,0,0
[H]C#C[C@@]1([H])OC([H])([H])[C@]1([H])C([H])([H])[H],QM7,0.4848,0,0
[H]OC([H])([H])[C@@]1([H])OC([H])([H])[C@]1([H])C([H])([H])[H],QM7,0.6957,0,0
[H]C(=O)C1(C([H])([H])[H])C([H])([H])OC1([H])[H],QM7,0.6364,0,0
[H]C(=O)[C@@]1([H])OC([H])([H])[C@]1([H])C([H])([H])[H],QM7,0.5714,0,0
[H]O[C@@]1([H])C([H])([H])OC1(C([H])([H])[H])C([H])([H])[H],QM7,0.6316,0,0
[H]OC([H])([H])[C@@]1(C([H])([H])[H])OC([H])([H])C1([H])[H],QM7,1.0000,1,0
[H]OC([H])([H])C1(C([H])([H])[H])C([H])([H])OC1([H])[H],QM7,0.9412,0,0
[H]C([H])([H])C1(C([H])([H])[H])C([H])([H])O[C@]1([H])C([H])([H])[H],QM7,0.5789,0,0
[H]C([H])=C([H])[C@@]1([H])C([H])([H])O[C@]1([H])C([H])([H])[H],QM7,0.4545,0,0
[H]C#C[C@@]1([H])C([H])([H])O[C@]1([H])C([H])([H])[H],QM7,1.0000,1,0
[H]OC([H])([H])[C@@]1([H])C([H])([H])O[C@]1([H])C([H])([H])[H],QM7,0.5652,0,0
[H]O[C@@]1(C([H])([H])[H])C([H])([H])O[C@]1([H])C([H])([H])[H],QM7,0.5417,0,0
[H]C(=O)[C@@]1([H])C([H])([H])O[C@]1([H])C([H])([H])[H],QM7,0.5455,0,0
[H]C([H])([H])C1([H])[C@@]([H])(C([H])([H])[H])O[C@]1([H])C([H])([H])[H],QM7,0.7500,0,0
[H]OC1([H])[C@@]([H])(C([H])([H])[H])O[C@]1([H])C([H])([H])[H],QM7,0.8462,0,0
[H]C([H])([H])C([H])([H])[C@]1(C([H])([H])[H])OC([H])([H])C1([H])[H],QM7,0.6154,0,0
[H]C([H])([H])C([H])([H])[C@]1([H])O[C@@]([H])(C([H])([H])[H])C1([H])[H],QM7,0.7619,0,0
[H]C([H])([H])C([H])([H])C1(C([H])([H])[H])C([H])([H])OC1([H])[H],QM7,0.9375,0,0
[H]C([H])([H])C([H])([H])[C@@]1([H])C([H])([H])O[C@]1([H])C([H])([H])[H],QM7,0.6364,0,0
[H]C([H])([H])C([H])([H])[C@@]1([H])OC([H])([H])[C@]1([H])C([H])([H])[H],QM7,1.0000,1,0
[H]O[C@@]1([H])C([H])([H])O[C@]1([H])C([H])([H])C([H])([H])[H],QM7,1.0000,1,0
[H]OC1(C([H])([H])C([H])([H])[H])C([H])([H])OC1([H])[H],QM7,0.5909,0,0
[H]C([H])([H])C([H])([H])C([H])([H])[C@]1([H])OC([H])([H])C1([H])[H],QM7,0.6957,0,0
[H]C([H])=C([H])C([H])([H])[C@]1([H])OC([H])([H])C1([H])[H],QM7,0.7727,0,0
[H]C#CC([H])([H])[C@]1([H])OC([H])([H])C1([H])[H],QM7,0.6190,0,0
[H]/C(=C(/[H])[C@]1([H])OC([H])([H])C1([H])[H])C([H])([H])[H],QM7,1.0000,1,0
[H]C([H])=C(C([H])([H])[H])[C@]1([H])OC([H])([H])C1([H])[H],QM7,0.7619,0,0
[H]C([H])([H])C([H])(C([H])([H])[H])[C@]1([H])OC([H])([H])C1([H])[H],QM7,1.0000,1,0
[H]C([H])([H])C#C[C@]1([H])OC([H])([H])C1([H])[H],QM7,0.6667,0,0
[H]C([H])([H])C([H])([H])C([H])([H])C1([H])C([H])([H])OC1([H])[H],QM7,0.6250,0,0
[H]C([H])=C([H])C([H])([H])C1([H])C([H])([H])OC1([H])[H],QM7,0.8000,0,0
[H]C#CC([H])([H])C1([H])C([H])([H])OC1([H])[H],QM7,0.5769,0,0
[H]/C(=C(/[H])C1([H])C([H])([H])OC1([H])[H])C([H])([H])[H],QM7,0.5217,0,0
[H]C([H])=C(C([H])([H])[H])C1([H])C([H])([H])OC1([H])[H],QM7,0.6364,0,0
[H]C([H])([H])C([H])(C([H])([H])[H])C1([H])C([H])([H])OC1([H])[H],QM7,0.7647,0,0
[H]C([H])([H])C#CC1([H])C([H])([H])OC1([H])[H],QM7,0.6364,0,0
[H]C([H])([H])C(=O)[C@]1([H])OC([H])([H])C1([H])[H],QM7,0.6000,0,0
[H]O[C@]([H])(C([H])([H])[H])[C@]1([H])OC([H])([H])C1([H])[H],QM7,0.7619,0,0
[H]C([H])([H])C([H])([H])OC1([H])C([H])([H])OC1([H])[H],QM7,0.5833,0,0
[H]C([H])=C([H])OC1([H])C([H])([H])OC1([H])[H],QM7,0.6000,0,0
[H]C([H])([H])C(=O)C1([H])C([H])([H])OC1([H])[H],QM7,0.6087,0,0
[H]O[C@]([H])(C([H])([H])[H])C1([H])C([H])([H])OC1([H])[H],QM7,0.6111,0,0
[H]C([H])([H])OC1(C([H])([H])[H])C([H])([H])OC1([H])[H],QM7,0.9375,0,0
[H]C([H])([H])O[C@@]1([H])C([H])([H])O[C@]1([H])C([H])([H])[H],QM7,0.6522,0,0
[H]C([H])([H])OC([H])([H])[C@]1([H])OC([H])([H])C1([H])[H],QM7,0.6923,0,0
[H]C([H])([H])OC([H])([H])C1([H])C([H])([H])OC1([H])[H],QM7,0.6538,0,0
[H]OC1(C([H])=C([H])[H])C([H])([H])OC1([H])[H],QM7,0.5217,0,0
[H]C#CC1(O[H])C([H])([H])OC1([H])[H],QM7,0.6364,0,0
[H]O[C@@]1([H])C([H])([H])O[C@]1([H])C([H])=C([H])[H],QM7,0.5833,0,0
[H]C#C[C@@]1([H])OC([H])([H])[C@]1([H])O[H],QM7,0.7273,0,0
[H]OC([H])([H])C([H])([H])[C@]1([H])OC([H])([H])C1([H])[H],QM7,0.6957,0,0
[H]C(=O)C([H])([H])[C@]1([H])OC([H])([H])C1([H])[H],QM7,0.7727,0,0
[H]OC([H])([H])C([H])([H])C1([H])C([H])([H])OC1([H])[H],QM7,0.6364,0,0
[H]C(=O)C([H])([H])C1([H])C([H])([H])OC1([H])[H],QM7,0.5926,0,0
[H]N([H])C([H])([H])[C@]1([H])O[C@@]([H])(C([H])([H])[H])C1([H])[H],QM7,0.5909,0,0
[H]C1([H])O[C@@](C#N)(C([H])([H])[H])C1([H])[H],QM7,0.6818,0,0
[H]C([H])([H])[C@]1([H])O[C@@]([H])(C#N)C1([H])[H],QM7,0.5882,0,0
[H]N([H])C([H])([H])[C@@]1(C([H])([H])[H])OC([H])([H])C1([H])[H],QM7,1.0000,1,0
[H]N([H])C([H])([H])C1(C([H])([H])[H])C([H])([H])OC1([H])[H],QM7,0.5417,0,0
[H]N([H])C([H])([H])[C@@]1([H])OC([H])([H])[C@]1([H])C([H])([H])[H],QM7,0.5909,0,0
[H]C([H])([H])C1(C#N)C([H])([H])OC1([H])[H],QM7,0.9412,0,0
[H]C([H])([H])[C@@]1([H])C([H])([H])O[C@]1([H])C#N,QM7,0.4545,0,0
[H]N([H])[C@@]1([H])C([H])([H])OC1(C([H])([H])[H])C([H])([H])[H],QM7,0.4800,0,0
[H]N([H])C([H])([H])[C@@]1([H])C([H])([H])O[C@]1([H])C([H])([H])[H],QM7,0.5652,0,0
[H]N([H])[C@@]1(C([H])([H])[H])C([H])([H])O[C@]1([H])C([H])([H])[H],QM7,0.5238,0,0
[H]C1([H])O[C@]([H])(C([H])([H])[H])[C@@]1([H])C#N,QM7,1.0000,1,0
[H]N([H])C1([H])[C@@]([H])(C([H])([H])[H])O[C@]1([H])C([H])([H])[H],QM7,0.6875,0,0
[H]N([H])C1(C([H])([H])C([H])([H])[H])C([H])([H])OC1([H])[H],QM7,0.5909,0,0
[H]N([H])[C@@]1([H])C([H])([H])O[C@]1([H])C([H])([H])C([H])([H])[H],QM7,0.5833,0,0
[H]N([H])[C@]([H])(C([H])([H])[H])[C@]1([H])OC([H])([H])C1([H])[H],QM7,0.7273,0,0
[H]N(C([H])([H])C([H])([H])[H])C1([H])C([H])([H])OC1([H])[H],QM7,0.5926,0,0
[H]N([H])[C@]([H])(C([H])([H])[H])C1([H])C([H])([H])OC1([H])[H],QM7,0.6842,0,0
[H]N(C([H])([H])[H])C1(C([H])([H])[H])C([H])([H])OC1([H])[H],QM7,0.5238,0,0
[H]N(C([H])([H])[H])[C@@]1([H])C([H])([H])O[C@]1([H])C([H])([H])[H],QM7,0.6250,0,0
[H]N(C([H])([H])[H])C([H])([H])[C@]1([H])OC([H])([H])C1([H])[H],QM7,0.7727,0,0
[H]N(C([H])([H])[H])C([H])([H])C1([H])C([H])([H])OC1([H])[H],QM7,0.6000,0,0
[H]C([H])([H])N(C([H])([H])[H])C1([H])C([H])([H])OC1([H])[H],QM7,0.6471,0,0
[H][C]([H])[N]N([H])C1([H])C([H])([H])OC1([H])[H],QM7,0.4091,0,0
[H][C]([H])[N]OC1([H])C([H])([H])OC1([H])[H],QM7,0.4231,0,0
[H]C([H])=C([H])C1(N([H])[H])C([H])([H])OC1([H])[H],QM7,0.5238,0,0
[H]C#CC1(N([H])[H])C([H])([H])OC1([H])[H],QM7,0.7500,0,0
[H]C([H])=C([H])[C@@]1([H])OC([H])([H])[C@]1([H])N([H])[H],QM7,0.5833,0,0
[H]C#C[C@@]1([H])OC([H])([H])[C@]1([H])N([H])[H],QM7,0.4615,0,0
[H]OC([H])([H])[C@@]1([H])OC([H])([H])[C@]1([H])N([H])[H],QM7,0.6667,0,0
[H]OC([H])([H])C1(N([H])[H])C([H])([H])OC1([H])[H],QM7,0.9412,0,0
[H]N([H])C([H])([H])C1(N([H])[H])C([H])([H])OC1([H])[H],QM7,0.5909,0,0
[H]N([H])C([H])([H])[C@@]1([H])OC([H])([H])[C@]1([H])N([H])[H],QM7,0.4800,0,0
[H]O[C@@]1([H])C([H])([H])O[C@]1([H])C([H])([H])N([H])[H],QM7,0.5652,0,0
[H]OC1(C([H])([H])N([H])[H])C([H])([H])OC1([H])[H],QM7,1.0000,1,0
[H]N([H])C([H])([H])C([H])([H])[C@]1([H])OC([H])([H])C1([H])[H],QM7,0.7273,0,0
[H]C1([H])O[C@@]([H])(C([H])([H])C#N)C1([H])[H],QM7,0.7391,0,0
[H]N([H])C([H])([H])C([H])([H])C1([H])C([H])([H])OC1([H])[H],QM7,0.5926,0,0
[H]C([H])(C#N)C1([H])C([H])([H])OC1([H])[H],QM7,0.6000,0,0
[H]/N=C(\N([H])[H])[C@]1([H])OC([H])([H])C1([H])[H],QM7,0.4800,0,0
[H]/N=C(\[H])N([H])C1([H])C([H])([H])OC1([H])[H],QM7,0.4615,0,0
[H]N([H])C(=O)[C@]1([H])OC([H])([H])C1([H])[H],QM7,1.0000,1,0
[H]N([H])C(=O)C1([H])C([H])([H])OC1([H])[H],QM7,0.5600,0,0
[H][C]([N]N([H])[H])[C@]1([H])OC([H])([H])C1([H])[H],QM7,0.4000,0,0
[H][C]([N]N([H])[H])C1([H])C([H])([H])OC1([H])[H],QM7,0.4167,0,0
[H]C(=O)N([H])C1([H])C([H])([H])OC1([H])[H],QM7,0.6522,0,0
[H]O[N][C]([H])[C@]1([H])OC([H])([H])C1([H])[H],QM7,0.4286,0,0
[H]O[N][C]([H])C1([H])C([H])([H])OC1([H])[H],QM7,0.4167,0,0
[H]c1c([H])c([H])n([H])c1[H],QM7,1.0000,1,0
[H]c1c([H])c(C([H])([H])[H])n([H])c1[H],QM7,0.9375,0,0
[H]c1c(C([H])([H])[H])c([H])n([H])c1[H],QM7,0.7500,0,0
[H]c1c([H])c([H])n(C([H])([H])[H])c1[H],QM7,1.0000,1,0
[H]c1c([H])c(N([H])[H])n([H])c1[H],QM7,0.9375,0,0
[H]c1c(N([H])[H])c([H])n([H])c1[H],QM7,0.9375,0,0
[H]c1c([H])c([H])n(N([H])[H])c1[H],QM7,0.9091,0,0
[H]Oc1c([H])c([H])c([H])n1[H],QM7,0.9375,0,0
[H]Oc1c([H])c([H])n([H])c1[H],QM7,0.7895,0,0
[H]On1c([H])c([H])c([H])c1[H],QM7,0.6250,0,0
[H]c1c([H])c([H])n(C([H])([H])C([H])([H])[H])c1[H],QM7,0.9286,0,0
[H]C([H])=C([H])n1c([H])c([H])c([H])c1[H],QM7,0.6500,0,0
[H]c1c([H])c(N([H])[H])n(C([H])([H])[H])c1[H],QM7,0.5000,0,0
[H]c1c(N([H])[H])c([H])n(C([H])([H])[H])c1[H],QM7,0.5000,0,0
[H]c1c([H])c(N([H])C([H])([H])[H])n([H])c1[H],QM7,0.6923,0,0
[H]c1c(N([H])C([H])([H])[H])c([H])n([H])c1[H],QM7,0.5600,0,0
[H]c1c([H])c([H])n(N([H])C([H])([H])[H])c1[H],QM7,0.5000,0,0
[H]C([H])=Nn1c([H])c([H])c([H])c1[H],QM7,0.5652,0,0
[H]c1c([H])c(C#N)n([H])c1[H],QM7,0.8182,0,0
[H]c1c([H])c(C([H])([H])N([H])[H])n([H])c1[H],QM7,0.9474,0,0
[H]c1c(C#N)c([H])n([H])c1[H],QM7,0.8571,0,0
[H]c1c(C([H])([H])N([H])[H])c([H])n([H])c1[H],QM7,0.6000,0,0
[H]/N=C(\[H])n1c([H])c([H])c([H])c1[H],QM7,0.4211,0,0
[H]On1c([H])c([H])c([H])c1C([H])([H])[H],QM7,0.5000,0,0
[H]Oc1c([H])c([H])c(C([H])([H])[H])n1[H],QM7,0.5882,0,0
[H]Oc1c(C([H])([H])[H])c([H])c([H])n1[H],QM7,0.5185,0,0
[H]On1c([H])c([H])c(C([H])([H])[H])c1[H],QM7,0.5200,0,0
[H]Oc1c([H])c(C([H])([H])[H])n([H])c1[H],QM7,0.5000,0,0
[H]Oc1c(C([H])([H])[H])c([H])n([H])c1[H],QM7,0.4783,0,0
[H]Oc1c([H])c(C([H])([H])[H])c([H])n1[H],QM7,0.6800,0,0
[H]Oc1c([H])c([H])n([H])c1C([H])([H])[H],QM7,0.5000,0,0
[H]Oc1c([H])c([H])c([H])n1C([H])([H])[H],QM7,0.5667,0,0
[H]Oc1c([H])c([H])n(C([H])([H])[H])c1[H],QM7,0.5200,0,0
[H]c1c([H])c(OC([H])([H])[H])n([H])c1[H],QM7,0.6522,0,0
[H]c1c(OC([H])([H])[H])c([H])n([H])c1[H],QM7,1.0000,1,0
[H]c1c([H])c([H])n(OC([H])([H])[H])c1[H],QM7,0.6842,0,0
[H]On1c([H])c([H])c([H])c1N([H])[H],QM7,0.5200,0,0
[H]Oc1c([H])c([H])c(N([H])[H])n1[H],QM7,0.4231,0,0
[H]Oc1c(N([H])[H])c([H])c([H])n1[H],QM7,0.5000,0,0
[H]On1c([H])c([H])c(N([H])[H])c1[H],QM7,0.5000,0,0
[H]Oc1c([H])c(N([H])[H])n([H])c1[H],QM7,1.0000,1,0
[H]Oc1c(N([H])[H])c([H])n([H])c1[H],QM7,0.6364,0,0
[H]Oc1c([H])c(N([H])[H])c([H])n1[H],QM7,0.4615,0,0
[H]Oc1c([H])c([H])n([H])c1N([H])[H],QM7,0.5185,0,0
[H]Oc1c([H])c([H])c([H])n1N([H])[H],QM7,0.4800,0,0
[H]Oc1c([H])c([H])n(N([H])[H])c1[H],QM7,0.5000,0,0
[H]Oc1c([H])c([H])c([H])n1O[H],QM7,0.5000,0,0
[H]c1c([H])c(C([H])([H])[H])n([H])c1C([H])([H])[H],QM7,1.0000,2,0
[H]Oc1c([H])c([H])c(O[H])n1[H],QM7,0.4783,0,0
[H]c1c([H])c(C([H])([H])[H])n(C([H])([H])[H])c1[H],QM7,0.8000,0,0
[H]Oc1c([H])c([H])n([H])c1O[H],QM7,0.5238,0,0
[H]Oc1c([H])c([H])n(O[H])c1[H],QM7,0.4400,0,0
[H]Oc1c(O[H])c([H])n([H])c1[H],QM7,0.5882,0,0
[H]Oc1c([H])c(O[H])n([H])c1[H],QM7,0.5238,0,0
[H]c1c([H])c(C([H])([H])[H])n(N([H])[H])c1[H],QM7,0.5200,0,0
[H]OC([H])([H])c1c([H])c([H])c([H])n1[H],QM7,0.9000,0,0
[H]OC([H])([H])c1c([H])c([H])n([H])c1[H],QM7,0.5652,0,0
[H]C(=O)n1c([H])c([H])c([H])c1[H],QM7,1.0000,1,0
[H]c1c([H])c(C([H])([H])[H])n([H])c1N([H])[H],QM7,0.5882,0,0
[H]c1c([H])c([N][O])n([H])c1[H],QM7,0.6364,0,0
[H]c1c(N=O)c([H])n([H])c1[H],QM7,0.5000,0,0
[H][N]c1c([C]([H])[H])c([H])c([H])n1[H],QM7,0.3182,0,0
[H]c1c(C([H])([H])[H])c([H])n(C([H])([H])[H])c1[H],QM7,0.6400,0,0
[H]c1c(N([H])[H])c([H])n([H])c1C([H])([H])[H],QM7,0.8889,0,0
[H]c1c(C([H])([H])[H])c(C([H])([H])[H])n([H])c1[H],QM7,0.9375,0,0
[H]c1c(C([H])([H])[H])c(N([H])[H])n([H])c1[H],QM7,1.0000,1,0
[H]c1c(C([H])([H])[H])c([H])n(N([H])[H])c1[H],QM7,0.6522,0,0
[H]c1c(C([H])([H])[H])c(C([H])([H])[H])c([H])n1[H],QM7,0.5882,0,0
[H]c1c(N([H])[H])c(C([H])([H])[H])c([H])n1[H],QM7,1.0000,1,0
[H]c1c(C([H])([H])[H])c([H])n([H])c1C([H])([H])[H],QM7,1.0000,1,0
[H]c1c(C([H])([H])[H])c([H])n([H])c1N([H])[H],QM7,0.6800,0,0
[H][N]c1c([H])c([H])c([C]([H])[H])n1[H],QM7,0.3333,0,0
[H]c1c(N([H])[H])c(C([H])([H])[H])n([H])c1[H],QM7,0.5000,0,0
[H]C([H])=C([H])c1c([H])c([H])c([H])n1[H],QM7,0.7500,0,0
[H]C#Cc1c([H])c([H])c([H])n1[H],QM7,0.5652,0,0
[H]c1c([H])c(C([H])([H])C([H])([H])[H])n([H])c1[H],QM7,0.8095,0,0
[H]C([H])=C([H])c1c([H])c([H])n([H])c1[H],QM7,0.5652,0,0
[H]C#Cc1c([H])c([H])n([H])c1[H],QM7,0.5000,0,0
[H]c1c(C([H])([H])C([H])([H])[H])c([H])n([H])c1[H],QM7,0.9474,0,0
[H]C1=C([H])C([H])([H])C([H])([H])C1([H])[H],QM7,1.0000,2,0
[H]C1=C(C([H])([H])[H])C([H])([H])C([H])([H])C1([H])[H],QM7,0.9375,0,0
[H]C1=C([H])C([H])([H])C([H])(N([H])[H])C1([H])[H],QM7,1.0000,1,0
[H]C1=C([H])[C@]([H])(N([H])[H])C([H])([H])C1([H])[H],QM7,0.9375,0,0
[H]C1=C([H])C([H])([H])C([H])(C([H])([H])[H])C1([H])[H],QM7,0.7143,0,0
[H]C1=C([H])[C@]([H])(C([H])([H])[H])C([H])([H])C1([H])[H],QM7,1.0000,1,0
[H]OC1([H])C([H])([H])C([H])=C([H])C1([H])[H],QM7,0.7143,0,0
[H]O[C@@]1([H])C([H])=C([H])C([H])([H])C1([H])[H],QM7,0.6667,0,0
[H]C1=C([H])[C@]([H])(C([H])([H])[H])[C@@]([H])(C([H])([H])[H])C1([H])[H],QM7,0.9375,0,0
[H]C1=C(C([H])([H])[H])[C@]([H])(C([H])([H])[H])C([H])([H])C1([H])[H],QM7,0.9444,0,0
[H]C([H])([H])C1=C(C([H])([H])[H])C([H])([H])C([H])([H])C1([H])[H],QM7,0.9091,0,0
[H]C1=C([H])C([H])([H])C(C([H])([H])[H])(C([H])([H])[H])C1([H])[H],QM7,0.9167,0,0
[H]C1=C([H])C(C([H])([H])[H])(C([H])([H])[H])C([H])([H])C1([H])[H],QM7,0.9333,0,0
[H]C1=C(C([H])([H])[H])C([H])([H])[C@@]([H])(C([H])([H])[H])C1([H])[H],QM7,0.6800,0,0
[H]C1=C([H])[C@]([H])(C([H])([H])[H])C([H])([H])[C@@]1([H])C([H])([H])[H],QM7,1.0000,2,0
[H]C1=C(C([H])([H])[H])C([H])([H])C([H])([H])[C@@]1([H])C([H])([H])[H],QM7,0.9444,0,0
[H]C([H])=C([H])C1=C([H])C([H])([H])C([H])([H])C1([H])[H],QM7,0.8095,0,0
[H]C1=C([H])C([H])([H])C([H])(N([H])C([H])([H])[H])C1([H])[H],QM7,0.5882,0,0
[H]C([H])=C([H])C1([H])C([H])([H])C([H])=C([H])C1([H])[H],QM7,0.7778,0,0
[H]C1=C([H])[C@]([H])(N([H])C([H])([H])[H])C([H])([H])C1([H])[H],QM7,0.5652,0,0
[H]C([H])=C([H])[C@@]1([H])C([H])=C([H])C([H])([H])C1([H])[H],QM7,1.0000,1,0
[H]C#CC1=C([H])C([H])([H])C([H])([H])C1([H])[H],QM7,0.8095,0,0
[H]C#CC1([H])C([H])([H])C([H])=C([H])C1([H])[H],QM7,0.4444,0,0
[H]C#C[C@@]1([H])C([H])=C([H])C([H])([H])C1([H])[H],QM7,0.6316,0,0
[H]C1=C(C([H])([H])C([H])([H])[H])C([H])([H])C([H])([H])C1([H])[H],QM7,0.7391,0,0
[H]C1=C([H])C([H])([H])C([H])(C([H])([H])C([H])([H])[H])C1([H])[H],QM7,0.6500,0,0
[H]C1=C([H])[C@]([H])(C([H])([H])C([H])([H])[H])C([H])([H])C1([H])[H],QM7,0.9474,0,0
[H]C1=C([H])[C@]([H])(N([H])[H])[C@@]([H])(N([H])[H])C1([H])[H],QM7,0.4783,0,0
[H]C1=C([H])[C@]([H])(N([H])[H])C([H])([H])[C@@]1([H])N([H])[H],QM7,0.5882,0,0
[H]C1=C(C#N)C([H])([H])C([H])([H])C1([H])[H],QM7,0.8095,0,0
[H]C1=C([H])C([H])([H])C([H])(C#N)C1([H])[H],QM7,0.5217,0,0
[H]C1=C([H])[C@]([H])(C#N)C([H])([H])C1([H])[H],QM7,0.6957,0,0
[H]C1=C(C([H])([H])N([H])[H])C([H])([H])C([H])([H])C1([H])[H],QM7,0.6500,0,0
[H]C1=C([H])C([H])([H])C([H])(C([H])([H])N([H])[H])C1([H])[H],QM7,0.9333,0,0
[H]C1=C([H])[C@]([H])(C([H])([H])N([H])[H])C([H])([H])C1([H])[H],QM7,0.9000,0,0
[H]O[C@@]1([H])C(C([H])([H])[H])=C([H])C([H])([H])C1([H])[H],QM7,0.6400,0,0
[H]O[C@]1([H])C([H])([H])C([H])=C([H])[C@]1([H])C([H])([H])[H],QM7,0.6522,0,0
[H]O[C@@]1([H])C([H])=C([H])C([H])([H])[C@]1([H])C([H])([H])[H],QM7,1.0000,1,0
[H]O[C@]1([H])C([H])([H])C([H])=C(C([H])([H])[H])C1([H])[H],QM7,0.6087,0,0
[H]O[C@@]1([H])C([H])=C(C([H])([H])[H])C([H])([H])C1([H])[H],QM7,0.7273,0,0
[H]O[C@@]1([H])C([H])=C([H])[C@]([H])(C([H])([H])[H])C1([H])[H],QM7,0.5882,0,0
[H]OC1(C([H])([H])[H])C([H])([H])C([H])=C([H])C1([H])[H],QM7,0.5714,0,0
[H]O[C@]1(C([H])([H])[H])C([H])=C([H])C([H])([H])C1([H])[H],QM7,0.5789,0,0
[H]C1=C(OC([H])([H])[H])C([H])([H])C([H])([H])C1([H])[H],QM7,0.8095,0,0
[H]C1=C([H])C([H])([H])C([H])(OC([H])([H])[H])C1([H])[H],QM7,0.5789,0,0
[H]C1=C([H])[C@]([H])(OC([H])([H])[H])C([H])([H])C1([H])[H],QM7,0.6667,0,0
[H]O[C@@]1([H])C([H])=C([H])C([H])([H])[C@]1([H])O[H],QM7,0.6842,0,0
[H]O[C@@]1([H])C([H])=C([H])[C@]([H])(O[H])C1([H])[H],QM7,1.0000,1,0
[H]C(=O)C1=C([H])C([H])([H])C([H])([H])C1([H])[H],QM7,1.0000,1,0
[H]C(=O)C1([H])C([H])([H])C([H])=C([H])C1([H])[H],QM7,0.5909,0,0
[H]C(=O)[C@@]1([H])C([H])=C([H])C([H])([H])C1([H])[H],QM7,0.6667,0,0
[H]OC([H])([H])C1=C([H])C([H])([H])C([H])([H])C1([H])[H],QM7,0.7826,0,0
[H]OC([H])([H])C1([H])C([H])([H])C([H])=C([H])C1([H])[H],QM7,0.6500,0,0
[H]OC([H])([H])[C@@]1([H])C([H])=C([H])C([H])([H])C1([H])[H],QM7,1.0000,1,0
[H]O[C@]1([H])C([H])([H])C([H])=C([H])[C@]1([H])N([H])[H],QM7,0.4783,0,0
[H]O[C@@]1([H])C([H])=C([H])C([H])([H])[C@]1([H])N([H])[H],QM7,0.7143,0,0
[H]O[C@@]1([H])C([H])=C([H])[C@]([H])(N([H])[H])C1([H])[H],QM7,1.0000,1,0
[H]C1=C(C([H])([H])[H])[C@]([H])(N([H])[H])C([H])([H])C1([H])[H],QM7,0.9474,0,0
[H]C1=C([H])[C@]([H])(C([H])([H])[H])[C@]([H])(N([H])[H])C1([H])[H],QM7,0.5200,0,0
[H]C1=C([H])[C@]([H])(N([H])[H])[C@@]([H])(C([H])([H])[H])C1([H])[H],QM7,0.7143,0,0
[H]C1=C(C([H])([H])[H])C([H])([H])[C@]([H])(N([H])[H])C1([H])[H],QM7,0.5600,0,0
[H]C1=C(C([H])([H])[H])C([H])([H])C([H])([H])[C@@]1([H])N([H])[H],QM7,0.7273,0,0
[H]C1=C([H])[C@]([H])(N([H])[H])C([H])([H])[C@@]1([H])C([H])([H])[H],QM7,0.5882,0,0
[H]C1=C([H])C([H])([H])C(N([H])[H])(C([H])([H])[H])C1([H])[H],QM7,0.6667,0,0
[H]C1=C([H])[C@](N([H])[H])(C([H])([H])[H])C([H])([H])C1([H])[H],QM7,0.6818,0,0
[H]C1=C([H])C([H])([H])C([H])([H])O1,QM7,0.8125,0,0
[H]C1=C(C([H])([H])[H])OC([H])([H])C1([H])[H],QM7,1.0000,1,0
[H]C1=C([H])C([H])([H])[C@]([H])(C([H])([H])[H])O1,QM7,0.5238,0,0
[H]C1=C(C([H])([H])[H])C([H])([H])C([H])([H])O1,QM7,0.5000,0,0
[H]C1=C([H])[C@]([H])(C([H])([H])[H])C([H])([H])O1,QM7,1.0000,1,0
[H]O[C@@]1([H])C([H])=C([H])OC1([H])[H],QM7,0.5455,0,0
[H]C1=C([H])[C@]([H])(N([H])[H])C([H])([H])O1,QM7,0.4583,0,0
[H]C1=C([H])C([H])([H])C(C([H])([H])[H])(C([H])([H])[H])O1,QM7,0.5455,0,0
[H]C1=C(C([H])([H])[H])O[C@@]([H])(C([H])([H])[H])C1([H])[H],QM7,0.5833,0,0
[H]C1=C(C([H])([H])[H])C([H])([H])[C@]([H])(C([H])([H])[H])O1,QM7,0.4815,0,0
[H]C([H])([H])C1=C(C([H])([H])[H])C([H])([H])C([H])([H])O1,QM7,0.5909,0,0
[H]C1=C([H])C(C([H])([H])[H])(C([H])([H])[H])C([H])([H])O1,QM7,0.5714,0,0
[H]O[C@@]1([H])C([H])=C(C([H])([H])[H])OC1([H])[H],QM7,0.5417,0,0
[H]C1=C(C([H])([H])[H])[C@]([H])(C([H])([H])[H])C([H])([H])O1,QM7,0.4828,0,0
[H]O[C@@]1([H])C(C([H])([H])[H])=C([H])OC1([H])[H],QM7,0.5000,0,0
[H]C1=C(C([H])([H])[H])OC([H])([H])[C@@]1([H])C([H])([H])[H],QM7,1.0000,1,0
[H]C1=C([H])[C@]([H])(C([H])([H])[H])[C@@]([H])(C([H])([H])[H])O1,QM7,0.5000,0,0
[H]O[C@@]1([H])C([H])=C([H])O[C@]1([H])C([H])([H])[H],QM7,0.7500,0,0
[H]O[C@]1(C([H])([H])[H])C([H])=C([H])OC1([H])[H],QM7,0.5833,0,0
[H]C([H])=C([H])C1=C([H])C([H])([H])C([H])([H])O1,QM7,0.5185,0,0
[H]C([H])=C([H])[C@]1([H])OC([H])=C([H])C1([H])[H],QM7,0.4333,0,0
[H]C#CC1=C([H])C([H])([H])C([H])([H])O1,QM7,0.4062,0,0
[H]C#C[C@]1([H])OC([H])=C([H])C1([H])[H],QM7,0.6000,0,0
[H]C1=C(C([H])([H])C([H])([H])[H])OC([H])([H])C1([H])[H],QM7,0.6087,0,0
[H]C1=C([H])C([H])([H])[C@]([H])(C([H])([H])C([H])([H])[H])O1,QM7,0.5833,0,0
[H]C([H])=C([H])C1=C([H])OC([H])([H])C1([H])[H],QM7,0.5833,0,0
[H]C([H])=C([H])[C@@]1([H])C([H])=C([H])OC1([H])[H],QM7,0.4348,0,0
[H]C#CC1=C([H])OC([H])([H])C1([H])[H],QM7,0.3871,0,0
[H]C#C[C@@]1([H])C([H])=C([H])OC1([H])[H],QM7,0.5833,0,0
[H]C1=C(C([H])([H])C([H])([H])[H])C([H])([H])C([H])([H])O1,QM7,0.5926,0,0
[H]C1=C([H])[C@]([H])(C([H])([H])C([H])([H])[H])C([H])([H])O1,QM7,0.6000,0,0
[H]C1=C([H])C([H])([H])[C@]([H])(OC([H])([H])[H])O1,QM7,0.5833,0,0
[H]C1=C(OC([H])([H])[H])C([H])([H])C([H])([H])O1,QM7,0.5517,0,0
[H]C1=C([H])[C@]([H])(OC([H])([H])[H])C([H])([H])O1,QM7,1.0000,1,0
[H]C(=O)C1=C([H])C([H])([H])C([H])([H])O1,QM7,0.7083,0,0
[H]C(=O)[C@]1([H])OC([H])=C([H])C1([H])[H],QM7,0.5185,0,0
[H]OC([H])([H])C1=C([H])C([H])([H])C([H])([H])O1,QM7,0.6071,0,0
[H]OC([H])([H])[C@]1([H])OC([H])=C([H])C1([H])[H],QM7,1.0000,1,0
[H]C(=O)C1=C([H])OC([H])([H])C1([H])[H],QM7,1.0000,1,0
[H]C(=O)[C@@]1([H])C([H])=C([H])OC1([H])[H],QM7,0.6000,0,0
[H]OC([H])([H])C1=C([H])OC([H])([H])C1([H])[H],QM7,0.4828,0,0
[H]OC([H])([H])[C@@]1([H])C([H])=C([H])OC1([H])[H],QM7,0.5833,0,0
[H]C1=C(C([H])([H])[H])OC([H])([H])[C@@]1([H])N([H])[H],QM7,0.5417,0,0
[H]C1=C(C([H])([H])[H])[C@]([H])(N([H])[H])C([H])([H])O1,QM7,0.4483,0,0
[H]C1=C([H])[C@](N([H])[H])(C([H])([H])[H])C([H])([H])O1,QM7,0.4444,0,0
[H]C1=C([H])[C@]([H])(N([H])[H])[C@@]([H])(C([H])([H])[H])O1,QM7,0.6818,0,0
[H]C1=C([H])[C@]([H])(N([H])C([H])([H])[H])C([H])([H])O1,QM7,0.4583,0,0
[H]C1=C(C#N)OC([H])([H])C1([H])[H],QM7,0.4286,0,0
[H]C1=C([H])C([H])([H])[C@]([H])(C#N)O1,QM7,0.4000,0,0
[H]C1=C(C([H])([H])N([H])[H])OC([H])([H])C1([H])[H],QM7,1.0000,1,0
[H]C1=C([H])C([H])([H])[C@]([H])(C([H])([H])N([H])[H])O1,QM7,1.0000,1,0
[H]C1=C(C#N)C([H])([H])C([H])([H])O1,QM7,0.3939,0,0
[H]C1=C([H])[C@]([H])(C#N)C([H])([H])O1,QM7,1.0000,1,0
[H]C1=C(C([H])([H])N([H])[H])C([H])([H])C([H])([H])O1,QM7,0.4828,0,0
[H]C1=C([H])[C@]([H])(C([H])([H])N([H])[H])C([H])([H])O1,QM7,1.0000,1,0
[H]c1oc([H])c([H])c1[H],QM7,1.0000,1,0
[H]c1oc(C([H])([H])[H])c([H])c1[H],QM7,0.9375,0,0
[H]c1oc([H])c(C([H])([H])[H])c1[H],QM7,0.9375,0,0
[H]Oc1oc([H])c([H])c1[H],QM7,0.8824,0,0
[H]Oc1c([H])oc([H])c1[H],QM7,1.0000,1,0
[H]c1oc(N([H])[H])c([H])c1[H],QM7,0.9375,0,0
[H]c1oc([H])c(N([H])[H])c1[H],QM7,0.5556,0,0
[H]c1c(C([H])([H])[H])oc(C([H])([H])[H])c1[H],QM7,1.0000,1,0
[H]Oc1oc(C([H])([H])[H])c([H])c1[H],QM7,0.5882,0,0
[H]c1oc(C([H])([H])[H])c(C([H])([H])[H])c1[H],QM7,1.0000,1,0
[H]Oc1oc([H])c([H])c1C([H])([H])[H],QM7,0.5238,0,0
[H]Oc1c([H])oc(C([H])([H])[H])c1[H],QM7,0.6538,0,0
[H]c1oc([H])c(C([H])([H])[H])c1C([H])([H])[H],QM7,0.9167,0,0
[H]Oc1c([H])oc([H])c1C([H])([H])[H],QM7,0.6087,0,0
[H]c1oc(C([H])([H])[H])c([H])c1C([H])([H])[H],QM7,0.9375,0,0
[H]Oc1oc([H])c(C([H])([H])[H])c1[H],QM7,0.5417,0,0
[H][C]([H])c1oc([H])c([H])c1[C]([H])[H],QM7,0.3684,0,0
[H]Oc1c(C([H])([H])[H])oc([H])c1[H],QM7,0.5238,0,0
[H][C]([H])c1oc([C]([H])[H])c([H])c1[H],QM7,0.3333,0,0
[H]c1oc(C([H])([H])C([H])([H])[H])c([H])c1[H],QM7,0.8182,0,0
[H]C([H])=C([H])c1oc([H])c([H])c1[H],QM7,0.9000,0,0
[H]C#Cc1oc([H])c([H])c1[H],QM7,0.5652,0,0
[H]c1oc([H])c(C([H])([H])C([H])([H])[H])c1[H],QM7,0.8182,0,0
[H]C([H])=C([H])c1c([H])oc([H])c1[H],QM7,0.9000,0,0
[H]C#Cc1c([H])oc([H])c1[H],QM7,0.4800,0,0
[H]c1oc(OC([H])([H])[H])c([H])c1[H],QM7,0.6522,0,0
[H]c1oc([H])c(OC([H])([H])[H])c1[H],QM7,1.0000,1,0
[H]OC([H])([H])c1oc([H])c([H])c1[H],QM7,1.0000,1,0
[H]C(=O)c1oc([H])c([H])c1[H],QM7,0.9474,0,0
[H]OC([H])([H])c1c([H])oc([H])c1[H],QM7,0.6667,0,0
[H]C(=O)c1c([H])oc([H])c1[H],QM7,0.6667,0,0
[H]c1c(N([H])[H])oc(C([H])([H])[H])c1[H],QM7,0.5882,0,0
[H]c1oc(C([H])([H])[H])c([H])c1N([H])[H],QM7,1.0000,1,0
[H]c1oc(N([H])[H])c(C([H])([H])[H])c1[H],QM7,0.5862,0,0
[H]c1oc([H])c(C([H])([H])[H])c1N([H])[H],QM7,0.5556,0,0
[H]c1oc(N([H])[H])c([H])c1C([H])([H])[H],QM7,0.9444,0,0
[H]c1oc(C([H])([H])[H])c(N([H])[H])c1[H],QM7,0.5238,0,0
[H]c1oc(N([H])C([H])([H])[H])c([H])c1[H],QM7,0.6500,0,0
[H]c1oc([H])c(N([H])C([H])([H])[H])c1[H],QM7,0.9474,0,0
[H]c1c(N([H])[H])oc(N([H])[H])c1[H],QM7,1.0000,1,0
[H]Oc1oc(N([H])[H])c([H])c1[H],QM7,0.5882,0,0
[H]c1oc(N([H])[H])c(N([H])[H])c1[H],QM7,0.5000,0,0
[H]Oc1oc([H])c([H])c1N([H])[H],QM7,0.4615,0,0
[H]Oc1c([H])oc(N([H])[H])c1[H],QM7,0.4783,0,0
[H]c1oc([H])c(N([H])[H])c1N([H])[H],QM7,0.5000,0,0
[H]Oc1c([H])oc([H])c1N([H])[H],QM7,0.5556,0,0
[H]c1oc(N([H])[H])c([H])c1N([H])[H],QM7,0.5238,0,0
[H]Oc1oc([H])c(N([H])[H])c1[H],QM7,0.4783,0,0
[H]Oc1c(N([H])[H])oc([H])c1[H],QM7,0.5217,0,0
[H]c1oc(C([H])([H])N([H])[H])c([H])c1[H],QM7,0.9474,0,0
[H]c1oc(C#N)c([H])c1[H],QM7,0.9474,0,0
[H]c1oc([H])c(C([H])([H])N([H])[H])c1[H],QM7,0.5652,0,0
[H]c1oc([H])c(C#N)c1[H],QM7,0.6538,0,0
[H]c1sc([H])c([H])c1[H],QM7,1.0000,2,0
[H]c1sc(C([H])([H])[H])c([H])c1[H],QM7,0.9375,0,0
[H]c1sc([H])c(C([H])([H])[H])c1[H],QM7,0.7500,0,0
[H]c1sc(N([H])[H])c([H])c1[H],QM7,0.9375,0,0
[H]c1sc([H])c(N([H])[H])c1[H],QM7,0.5357,0,0
[H]Oc1sc([H])c([H])c1[H],QM7,0.9375,0,0
[H]Oc1c([H])sc([H])c1[H],QM7,1.0000,1,0
[H]c1c(C([H])([H])[H])sc(C([H])([H])[H])c1[H],QM7,0.7857,0,0
[H]c1c(N([H])[H])sc(C([H])([H])[H])c1[H],QM7,0.5000,0,0
[H]Oc1sc(C([H])([H])[H])c([H])c1[H],QM7,0.5000,0,0
[H]c1sc(C([H])([H])[H])c([H])c1N([H])[H],QM7,0.5238,0,0
[H]Oc1c([H])sc(C([H])([H])[H])c1[H],QM7,0.5238,0,0
[H]c1sc(C([H])([H])[H])c(C([H])([H])[H])c1[H],QM7,0.9375,0,0
[H]c1sc(N([H])[H])c(C([H])([H])[H])c1[H],QM7,1.0000,1,0
[H]Oc1sc([H])c([H])c1C([H])([H])[H],QM7,0.5667,0,0
[H]c1sc([H])c(C([H])([H])[H])c1C([H])([H])[H],QM7,0.7857,0,0
[H]c1sc([H])c(C([H])([H])[H])c1N([H])[H],QM7,0.9412,0,0
[H]Oc1c([H])sc([H])c1C([H])([H])[H],QM7,0.5000,0,0
[H]c1sc(C([H])([H])[H])c([H])c1C([H])([H])[H],QM7,0.7143,0,0
[H]c1sc(N([H])[H])c([H])c1C([H])([H])[H],QM7,0.9444,0,0
[H]Oc1sc([H])c(C([H])([H])[H])c1[H],QM7,1.0000,1,0
[H]c1sc(C([H])([H])[H])c(N([H])[H])c1[H],QM7,0.5000,0,0
[H]Oc1c(C([H])([H])[H])sc([H])c1[H],QM7,0.5200,0,0
[H]C([H])=C([H])c1sc([H])c([H])c1[H],QM7,0.8182,0,0
[H]C#Cc1sc([H])c([H])c1[H],QM7,0.5417,0,0
[H]c1sc(C([H])([H])C([H])([H])[H])c([H])c1[H],QM7,0.9000,0,0
[H]C([H])=C([H])c1c([H])sc([H])c1[H],QM7,0.5417,0,0
[H]C#Cc1c([H])sc([H])c1[H],QM7,1.0000,1,0
[H]c1sc([H])c(C([H])([H])C([H])([H])[H])c1[H],QM7,0.7200,0,0
[H]c1sc(N([H])C([H])([H])[H])c([H])c1[H],QM7,1.0000,1,0
[H]c1sc([H])c(N([H])C([H])([H])[H])c1[H],QM7,0.9474,0,0
[H]c1sc(OC([H])([H])[H])c([H])c1[H],QM7,0.9474,0,0
[H]c1sc([H])c(OC([H])([H])[H])c1[H],QM7,0.6800,0,0
[H]c1c(N([H])[H])sc(N([H])[H])c1[H],QM7,0.5882,0,0
[H]Oc1sc(N([H])[H])c([H])c1[H],QM7,1.0000,1,0
[H]Oc1c([H])sc(N([H])[H])c1[H],QM7,0.5238,0,0
[H]c1sc(N([H])[H])c(N([H])[H])c1[H],QM7,0.7895,0,0
[H]Oc1sc([H])c([H])c1N([H])[H],QM7,0.4800,0,0
[H]c1sc([H])c(N([H])[H])c1N([H])[H],QM7,0.9167,0,0
[H]Oc1c([H])sc([H])c1N([H])[H],QM7,0.5556,0,0
[H]c1sc(N([H])[H])c([H])c1N([H])[H],QM7,0.5500,0,0
[H]Oc1sc([H])c(N([H])[H])c1[H],QM7,0.5000,0,0
[H]Oc1c(N([H])[H])sc([H])c1[H],QM7,0.4783,0,0
[H]c1sc(C#N)c([H])c1[H],QM7,0.9000,0,0
[H]c1sc(C([H])([H])N([H])[H])c([H])c1[H],QM7,1.0000,1,0
[H]c1sc([H])c(C#N)c1[H],QM7,0.5806,0,0
[H]c1sc([H])c(C([H])([H])N([H])[H])c1[H],QM7,0.9474,0,0
[H]C(=O)c1sc([H])c([H])c1[H],QM7,0.9474,0,0
[H]OC([H])([H])c1sc([H])c([H])c1[H],QM7,0.6000,0,0
[H]C(=O)c1c([H])sc([H])c1[H],QM7,0.7500,0,0
[H]OC([H])([H])c1c([H])sc([H])c1[H],QM7,0.6522,0,0
[H]N1C([H])([H])C([H])([H])C([H])([H])C1([H])[H],QM7,1.0000,2,0
[H]N1C([H])([H])C([H])([H])C([H])([H])[C@]1([H])C([H])([H])[H],QM7,0.9333,0,0
[H]N1C([H])([H])C([H])([H])[C@]([H])(C([H])([H])[H])C1([H])[H],QM7,0.8824,0,0
[H]C([H])([H])N1C([H])([H])C([H])([H])C([H])([H])C1([H])[H],QM7,0.9091,0,0
[H]N1C([H])([H])C([H])([H])[C@]([H])(N([H])[H])C1([H])[H],QM7,1.0000,1,0
[H]O[C@]1([H])C([H])([H])N([H])C([H])([H])C1([H])[H],QM7,0.9375,0,0
[H]C([H])([H])C([H])([H])N1C([H])([H])C([H])([H])C([H])([H])C1([H])[H],QM7,0.9286,0,0
[H]N([H])[C@]1([H])C([H])([H])N(C([H])([H])[H])C([H])([H])C1([H])[H],QM7,1.0000,1,0
[H]N1C([H])([H])C([H])([H])[C@]([H])(N([H])C([H])([H])[H])C1([H])[H],QM7,0.9474,0,0
[H][C]([H])[N]N1C([H])([H])C([H])([H])C([H])([H])C1([H])[H],QM7,0.5000,0,0
[H]N([H])C([H])([H])[C@]1([H])N([H])C([H])([H])C([H])([H])C1([H])[H],QM7,1.0000,2,0
[H]N1C([H])([H])C([H])([H])C([H])([H])[C@]1([H])C#N,QM7,0.9474,0,0
[H]N([H])C([H])([H])[C@]1([H])C([H])([H])N([H])C([H])([H])C1([H])[H],QM7,0.9474,0,0
[H]N1C([H])([H])C([H])([H])[C@]([H])(C#N)C1([H])[H],QM7,0.8571,0,0
[H][N][C]([H])N1C([H])([H])C([H])([H])C([H])([H])C1([H])[H],QM7,0.5000,0,0
[H]O[C@]1([H])C([H])([H])N([H])[C@@]([H])(C([H])([H])[H])C1([H])[H],QM7,1.0000,1,0
[H]O[C@@]1([H])C([H])([H])N([H])C([H])([H])[C@]1([H])C([H])([H])[H],QM7,1.0000,1,0
[H]O[C@@]1([H])C([H])([H])C([H])([H])N([H])[C@]1([H])C([H])([H])[H],QM7,1.0000,1,0
[H]O[C@@]1(C([H])([H])[H])C([H])([H])N([H])C([H])([H])C1([H])[H],QM7,0.7727,0,0
[H]O[C@]1([H])C([H])([H])N(C([H])([H])[H])C([H])([H])C1([H])[H],QM7,0.9444,0,0
[H]N1C([H])([H])C([H])([H])[C@]([H])(OC([H])([H])[H])C1([H])[H],QM7,0.9474,0,0
[H]O[C@@]1([H])C([H])([H])N([H])C([H])([H])[C@]1([H])N([H])[H],QM7,0.6316,0,0
[H]N1C([H])([H])C([H])([H])C([H])([H])C1(C([H])([H])[H])C([H])([H])[H],QM7,0.9375,0,0
[H]N1[C@@]([H])(C([H])([H])[H])C([H])([H])C([H])([H])[C@]1([H])C([H])([H])[H],QM7,0.9167,0,0
[H]C([H])([H])N1C([H])([H])C([H])([H])C([H])([H])[C@]1([H])C([H])([H])[H],QM7,0.9375,0,0
[H]O[C@@]1([H])C([H])([H])N([H])C([H])([H])[C@]1([H])O[H],QM7,0.9167,0,0
[H]OC([H])([H])[C@]1([H])N([H])C([H])([H])C([H])([H])C1([H])[H],QM7,1.0000,2,0
[H]C(=O)[C@]1([H])N([H])C([H])([H])C([H])([H])C1([H])[H],QM7,0.8500,0,0
[H]OC([H])([H])[C@]1([H])C([H])([H])N([H])C([H])([H])C1([H])[H],QM7,0.6957,0,0
[H]C(=O)[C@]1([H])C([H])([H])N([H])C([H])([H])C1([H])[H],QM7,1.0000,1,0
[H]N1C([H])([H])C([H])([H])C(C([H])([H])[H])(C([H])([H])[H])C1([H])[H],QM7,0.8824,0,0
[H]C(=O)N1C([H])([H])C([H])([H])C([H])([H])C1([H])[H],QM7,0.9231,0,0
[H]N1C([H])([H])C([H])([H])[C@]([H])(C([H])([H])[H])[C@@]1([H])C([H])([H])[H],QM7,0.9375,0,0
[H]C([H])([H])N1C([H])([H])C([H])([H])[C@]([H])(C([H])([H])[H])C1([H])[H],QM7,0.8000,0,0
[H]N1C([H])([H])[C@@]([H])(N([H])[H])C([H])([H])[C@]1([H])C([H])([H])[H],QM7,1.0000,3,0
[H]N1C([H])([H])[C@]([H])(C([H])([H])[H])[C@@]([H])(C([H])([H])[H])C1([H])[H],QM7,0.9167,0,0
[H]N1C([H])([H])[C@]([H])(C([H])([H])[H])[C@@]([H])(N([H])[H])C1([H])[H],QM7,0.6364,0,0
[H]N1C([H])([H])[C@]([H])(C([H])([H])[H])C([H])([H])[C@@]1([H])C([H])([H])[H],QM7,1.0000,2,0
[H]N([H])[C@@]1([H])C([H])([H])C([H])([H])N([H])[C@]1([H])C([H])([H])[H],QM7,0.7143,0,0
[H]N1C([H])([H])C([H])([H])[C@](N([H])[H])(C([H])([H])[H])C1([H])[H],QM7,0.8947,0,0
[H]N1C([H])([H])C([H])([H])C([H])([H])[C@]1([H])C([H])([H])C([H])([H])[H],QM7,0.9474,0,0
[H]C([H])=C([H])[C@]1([H])N([H])C([H])([H])C([H])([H])C1([H])[H],QM7,1.0000,1,0
[H]C#C[C@]1([H])N([H])C([H])([H])C([H])([H])C1([H])[H],QM7,0.9474,0,0
[H]N1C([H])([H])C([H])([H])[C@]([H])(C([H])([H])C([H])([H])[H])C1([H])[H],QM7,1.0000,3,0
[H]C([H])=C([H])[C@]1([H])C([H])([H])N([H])C([H])([H])C1([H])[H],QM7,0.8182,0,0
[H]C#C[C@]1([H])C([H])([H])N([H])C([H])([H])C1([H])[H],QM7,1.0000,1,0
[H]C1=C([H])C([H])([H])C([H])=C1[H],QM7,0.8889,0,0
[H]C1=C([H])C([H])([H])C(C([H])([H])[H])=C1[H],QM7,0.9333,0,0
[H]C1=C([H])C([H])([H])C([H])=C1C([H])([H])[H],QM7,0.9375,0,0
[H]C1=C([H])C([H])(C([H])([H])[H])C([H])=C1[H],QM7,0.9091,0,0
[H]C1=C([H])C([H])(N([H])[H])C([H])=C1[H],QM7,0.7000,0,0
[H]OC1([H])C([H])=C([H])C([H])=C1[H],QM7,0.8333,0,0
[H]C1=C([H])C([H])([H])C(C([H])([H])[H])=C1C([H])([H])[H],QM7,0.9375,0,0
[H]C1=C(C([H])([H])[H])C([H])([H])C(C([H])([H])[H])=C1[H],QM7,1.0000,1,0
[H]C1=C(C([H])([H])[H])C([H])([H])C([H])=C1C([H])([H])[H],QM7,0.9375,0,0
[H]C1=C([H])C(C([H])([H])[H])(C([H])([H])[H])C([H])=C1[H],QM7,0.9091,0,0
[H]C1=C([H])[C@@]([H])(C([H])([H])[H])C([H])=C1C([H])([H])[H],QM7,0.9375,0,0
[H]C([H])=C([H])C1=C([H])C([H])=C([H])C1([H])[H],QM7,1.0000,1,0
[H]C([H])=C([H])C1=C([H])C([H])([H])C([H])=C1[H],QM7,1.0000,1,0
[H]C([H])=C([H])C1([H])C([H])=C([H])C([H])=C1[H],QM7,0.6500,0,0
[H]C1=C([H])C([H])(N([H])C([H])([H])[H])C([H])=C1[H],QM7,1.0000,1,0
[H]C#CC1=C([H])C([H])=C([H])C1([H])[H],QM7,0.5000,0,0
[H]C#CC1=C([H])C([H])([H])C([H])=C1[H],QM7,0.5652,0,0
[H]C#CC1([H])C([H])=C([H])C([H])=C1[H],QM7,0.5000,0,0
[H]C1=C([H])C([H])([H])C(C([H])([H])C([H])([H])[H])=C1[H],QM7,0.9444,0,0
[H]C1=C([H])C([H])([H])C([H])=C1C([H])([H])C([H])([H])[H],QM7,0.8182,0,0
[H]C1=C([H])C([H])(C([H])([H])C([H])([H])[H])C([H])=C1[H],QM7,0.9286,0,0
[H]C1=C([H])C([H])([H])C(C#N)=C1[H],QM7,0.4815,0,0
[H]C1=C([H])C([H])([H])C([H])=C1C#N,QM7,1.0000,1,0
[H]C1=C([H])C([H])(C#N)C([H])=C1[H],QM7,0.9286,0,0
[H]C1=C([H])C([H])([H])C(C([H])([H])N([H])[H])=C1[H],QM7,0.6364,0,0
[H]C1=C([H])C([H])([H])C([H])=C1C([H])([H])N([H])[H],QM7,0.6522,0,0
[H]C1=C([H])C([H])(C([H])([H])N([H])[H])C([H])=C1[H],QM7,0.5000,0,0
[H]O[C@@]1([H])C([H])=C([H])C([H])=C1C([H])([H])[H],QM7,0.5909,0,0
[H]O[C@@]1([H])C([H])=C([H])C(C([H])([H])[H])=C1[H],QM7,0.6818,0,0
[H]OC1(C([H])([H])[H])C([H])=C([H])C([H])=C1[H],QM7,0.9231,0,0
[H]C1=C([H])C([H])([H])C(OC([H])([H])[H])=C1[H],QM7,0.8947,0,0
[H]C1=C([H])C([H])([H])C([H])=C1OC([H])([H])[H],QM7,0.7727,0,0
[H]C1=C([H])C([H])(OC([H])([H])[H])C([H])=C1[H],QM7,1.0000,1,0
[H]C(=O)C1=C([H])C([H])=C([H])C1([H])[H],QM7,0.7200,0,0
[H]C(=O)C1=C([H])C([H])([H])C([H])=C1[H],QM7,0.6190,0,0
[H]C(=O)C1([H])C([H])=C([H])C([H])=C1[H],QM7,0.9286,0,0
[H]OC([H])([H])C1=C([H])C([H])=C([H])C1([H])[H],QM7,0.9444,0,0
[H]OC([H])([H])C1=C([H])C([H])([H])C([H])=C1[H],QM7,0.6087,0,0
[H]OC([H])([H])C1([H])C([H])=C([H])C([H])=C1[H],QM7,1.0000,1,0
[H]C1=C([H])[C@]([H])(N([H])[H])C(C([H])([H])[H])=C1[H],QM7,0.4783,0,0
[H]C1=C([H])[C@]([H])(N([H])[H])C([H])=C1C([H])([H])[H],QM7,0.5417,0,0
[H]C1=C([H])C(N([H])[H])(C([H])([H])[H])C([H])=C1[H],QM7,0.6000,0,0
[H]C1=C(C([H])([H])[H])C(C([H])([H])[H])=C([H])C1([H])[H],QM7,1.0000,1,0
[H]C1=C([H])[C@@]([H])(C([H])([H])[H])C(C([H])([H])[H])=C1[H],QM7,0.9412,0,0
[H]N1C(=O)C([H])([H])C1([H])[H],QM7,0.8462,0,0
[H]N1C(=O)C([H])([H])[C@]1([H])C([H])([H])[H],QM7,0.9333,0,0
[H]N1C(=O)[C@@]([H])(C([H])([H])[H])C1([H])[H],QM7,0.6667,0,0
[H]C([H])([H])N1C(=O)C([H])([H])C1([H])[H],QM7,0.6364,0,0
[H]N1C(=O)C([H])([H])C1(C([H])([H])[H])C([H])([H])[H],QM7,0.6000,0,0
[H]N1C(=O)C(C([H])([H])[H])(C([H])([H])[H])C1([H])[H],QM7,0.5909,0,0
[H]C([H])([H])N1C(=O)C([H])([H])[C@]1([H])C([H])([H])[H],QM7,1.0000,1,0
[H]N([H])N1C(=O)C([H])([H])[C@]1([H])C([H])([H])[H],QM7,1.0000,1,0
[H]ON1C(=O)C([H])([H])[C@]1([H])C([H])([H])[H],QM7,0.5217,0,0
[H]C([H])([H])N1C(=O)[C@@]([H])(C([H])([H])[H])C1([H])[H],QM7,0.6000,0,0
[H]N([H])N1C(=O)[C@@]([H])(C([H])([H])[H])C1([H])[H],QM7,0.4815,0,0
[H]ON1C(=O)[C@@]([H])(C([H])([H])[H])C1([H])[H],QM7,0.4815,0,0
[H]N1C(=O)[C@@](N([H])[H])(C([H])([H])[H])C1([H])[H],QM7,0.5600,0,0
[H]N1C(=O)[C@]([H])(C([H])([H])[H])[C@@]1([H])C([H])([H])[H],QM7,1.0000,1,0
[H]N([H])[C@@]1([H])C(=O)N([H])[C@]1([H])C([H])([H])[H],QM7,1.0000,1,0
[H]O[C@@]1([H])C(=O)N([H])[C@]1([H])C([H])([H])[H],QM7,0.6818,0,0
[H]O[C@@]1(C([H])([H])[H])C(=O)N([H])C1([H])[H],QM7,0.5000,0,0
[H]C([H])=C([H])[C@]1([H])N([H])C(=O)C1([H])[H],QM7,0.7083,0,0
[H]N1C(=O)C([H])([H])[C@]1([H])C([H])([H])C([H])([H])[H],QM7,0.6522,0,0
[H]C([H])=C([H])[C@]1([H])C(=O)N([H])C1([H])[H],QM7,0.5769,0,0
[H]N1C(=O)[C@@]([H])(C([H])([H])C([H])([H])[H])C1([H])[H],QM7,0.6538,0,0
[H]C([H])=C([H])N1C(=O)C([H])([H])C1([H])[H],QM7,1.0000,1,0
[H]C([H])([H])C([H])([H])N1C(=O)C([H])([H])C1([H])[H],QM7,0.7083,0,0
[H]N([H])[C@]1([H])C(=O)N(C([H])([H])[H])C1([H])[H],QM7,0.5833,0,0
[H]O[C@]1([H])C(=O)N(C([H])([H])[H])C1([H])[H],QM7,0.5833,0,0
[H]N1C(=O)[C@@]([H])(N([H])C([H])([H])[H])C1([H])[H],QM7,0.6000,0,0
[H][C]([H])[N]N1C(=O)C([H])([H])C1([H])[H],QM7,0.4444,0,0
[H]N(N1C(=O)C([H])([H])C1([H])[H])C([H])([H])[H],QM7,0.7619,0,0
[H]N1C(=O)[C@@]([H])(OC([H])([H])[H])C1([H])[H],QM7,0.5938,0,0
[H]C([H])([H])ON1C(=O)C([H])([H])C1([H])[H],QM7,0.6957,0,0
[H]N([H])C([H])([H])[C@]1([H])N([H])C(=O)C1([H])[H],QM7,0.5652,0,0
[H]N([H])C([H])([H])[C@]1([H])C(=O)N([H])C1([H])[H],QM7,0.6000,0,0
[H][N][C]([H])N1C(=O)C([H])([H])C1([H])[H],QM7,0.5652,0,0
[H]C#C[C@]1([H])N([H])C(=O)C1([H])[H],QM7,0.4800,0,0
[H]N1C(=O)C([H])([H])[C@]1([H])C#N,QM7,0.6250,0,0
[H]C#C[C@]1([H])C(=O)N([H])C1([H])[H],QM7,0.4783,0,0
[H]N1C(=O)[C@@]([H])(C#N)C1([H])[H],QM7,0.6000,0,0
[H]C(=O)[C@]1([H])N([H])C(=O)C1([H])[H],QM7,0.6400,0,0
[H]OC([H])([H])[C@]1([H])N([H])C(=O)C1([H])[H],QM7,1.0000,2,0
[H]C(=O)[C@]1([H])C(=O)N([H])C1([H])[H],QM7,0.5600,0,0
[H]OC([H])([H])[C@]1([H])C(=O)N([H])C1([H])[H],QM7,0.6000,0,0
[H]C(=O)N1C(=O)C([H])([H])C1([H])[H],QM7,0.5909,0,0
[H]c1nsc([H])c1[H],QM7,0.9286,0,0
[H]c1nsc(C([H])([H])[H])c1[H],QM7,0.9412,0,0
[H]c1snc(C([H])([H])[H])c1[H],QM7,0.8421,0,0
[H]c1nsc([H])c1C([H])([H])[H],QM7,0.4545,0,0
[H]c1c(C([H])([H])[H])nsc1C([H])([H])[H],QM7,0.5455,0,0
[H]c1c(N([H])[H])nsc1C([H])([H])[H],QM7,0.5000,0,0
[H]Oc1snc(C([H])([H])[H])c1[H],QM7,0.4643,0,0
[H]c1nsc(C([H])([H])[H])c1C([H])([H])[H],QM7,1.0000,1,0
[H]Oc1snc([H])c1C([H])([H])[H],QM7,0.5455,0,0
[H]c1snc(C([H])([H])[H])c1C([H])([H])[H],QM7,1.0000,1,0
[H]c1snc(N([H])[H])c1C([H])([H])[H],QM7,1.0000,1,0
[H]c1snc(C([H])([H])[H])c1N([H])[H],QM7,0.5455,0,0
[H]Oc1c(C([H])([H])[H])nsc1[H],QM7,0.5455,0,0
[H]c1nsc(C([H])([H])[H])c1N([H])[H],QM7,0.5455,0,0
[H]Oc1c([H])nsc1C([H])([H])[H],QM7,0.5652,0,0
[H]C([H])=C([H])c1snc([H])c1[H],QM7,0.5385,0,0
[H]C#Cc1snc([H])c1[H],QM7,0.4118,0,0
[H]c1nsc(C([H])([H])C([H])([H])[H])c1[H],QM7,0.5600,0,0
[H]C([H])=C([H])c1nsc([H])c1[H],QM7,0.5385,0,0
[H]C#Cc1nsc([H])c1[H],QM7,1.0000,1,0
[H]c1snc(C([H])([H])C([H])([H])[H])c1[H],QM7,0.5600,0,0
[H]C([H])=C([H])c1c([H])nsc1[H],QM7,0.4516,0,0
[H]C#Cc1c([H])nsc1[H],QM7,1.0000,1,0
[H]c1nsc([H])c1C([H])([H])C([H])([H])[H],QM7,0.5769,0,0
[H]c1snc(N([H])C([H])([H])[H])c1[H],QM7,0.5357,0,0
[H]c1nsc([H])c1N([H])C([H])([H])[H],QM7,0.5833,0,0
[H]c1nsc(OC([H])([H])[H])c1[H],QM7,0.5000,0,0
[H]c1snc(OC([H])([H])[H])c1[H],QM7,0.5833,0,0
[H]c1nsc([H])c1OC([H])([H])[H],QM7,0.5769,0,0
[H]c1nsc(C#N)c1[H],QM7,0.4286,0,0
[H]c1nsc(C([H])([H])N([H])[H])c1[H],QM7,0.6154,0,0
[H]c1snc(C#N)c1[H],QM7,0.6087,0,0
[H]c1snc(C([H])([H])N([H])[H])c1[H],QM7,0.5926,0,0
[H]c1nsc([H])c1C#N,QM7,0.5833,0,0
[H]c1nsc([H])c1C([H])([H])N([H])[H],QM7,0.9500,0,1
[H]C(=O)c1snc([H])c1[H],QM7,0.5385,0,0
[H]OC([H])([H])c1snc([H])c1[H],QM7,0.5600,0,0
[H]C(=O)c1nsc([H])c1[H],QM7,0.5385,0,0
[H]OC([H])([H])c1nsc([H])c1[H],QM7,0.5600,0,0
[H]C(=O)c1c([H])nsc1[H],QM7,0.5000,0,0
[H]OC([H])([H])c1c([H])nsc1[H],QM7,0.5600,0,0
[H]c1noc([H])c1[H],QM7,0.9286,0,0
[H]c1noc(C([H])([H])[H])c1[H],QM7,0.9412,0,0
[H]c1onc(C([H])([H])[H])c1[H],QM7,0.8889,0,0
[H]c1noc([H])c1C([H])([H])[H],QM7,0.9412,0,0
[H]c1c(C([H])([H])[H])noc1C([H])([H])[H],QM7,0.9412,0,0
[H]c1c(N([H])[H])noc1C([H])([H])[H],QM7,0.6923,0,0
[H]Oc1onc(C([H])([H])[H])c1[H],QM7,0.5217,0,0
[H]c1noc(C([H])([H])[H])c1C([H])([H])[H],QM7,0.6957,0,0
[H]Oc1onc([H])c1C([H])([H])[H],QM7,0.5000,0,0
[H]c1onc(C([H])([H])[H])c1C([H])([H])[H],QM7,0.5926,0,0
[H]c1onc(N([H])[H])c1C([H])([H])[H],QM7,0.5000,0,0
[H]c1onc(C([H])([H])[H])c1N([H])[H],QM7,0.5000,0,0
[H]Oc1c(C([H])([H])[H])noc1[H],QM7,0.5000,0,0
[H]c1noc(C([H])([H])[H])c1N([H])[H],QM7,0.4839,0,0
[H]Oc1c([H])noc1C([H])([H])[H],QM7,0.5385,0,0
[H]c1noc(C([H])([H])C([H])([H])[H])c1[H],QM7,0.5833,0,0
[H]C([H])=C([H])c1onc([H])c1[H],QM7,0.5357,0,0
[H]C#Cc1onc([H])c1[H],QM7,0.4000,0,0
[H]c1onc(C([H])([H])C([H])([H])[H])c1[H],QM7,0.5926,0,0
[H]C([H])=C([H])c1noc([H])c1[H],QM7,0.5385,0,0
[H]C#Cc1noc([H])c1[H],QM7,0.5000,0,0
[H]c1noc([H])c1C([H])([H])C([H])([H])[H],QM7,0.5926,0,0
[H]C([H])=C([H])c1c([H])noc1[H],QM7,0.6364,0,0
[H]C#Cc1c([H])noc1[H],QM7,0.4516,0,0
[H]c1onc(N([H])C([H])([H])[H])c1[H],QM7,0.5357,0,0
[H]c1noc([H])c1N([H])C([H])([H])[H],QM7,0.5769,0,0
[H]c1noc(OC([H])([H])[H])c1[H],QM7,0.5385,0,0
[H]c1onc(OC([H])([H])[H])c1[H],QM7,0.5862,0,0
[H]c1noc([H])c1OC([H])([H])[H],QM7,0.5667,0,0
[H]c1noc(C([H])([H])N([H])[H])c1[H],QM7,0.5833,0,0
[H]c1noc(C#N)c1[H],QM7,0.4667,0,0
[H]c1onc(C([H])([H])N([H])[H])c1[H],QM7,0.6000,0,0
[H]c1onc(C#N)c1[H],QM7,0.5000,0,0
[H]c1noc([H])c1C([H])([H])N([H])[H],QM7,1.0000,1,0
[H]c1noc([H])c1C#N,QM7,0.4643,0,0
[H]OC([H])([H])c1onc([H])c1[H],QM7,0.6154,0,0
[H]C(=O)c1onc([H])c1[H],QM7,0.7917,0,0
[H]OC([H])([H])c1noc([H])c1[H],QM7,0.5517,0,0
[H]C(=O)c1noc([H])c1[H],QM7,0.5385,0,0
[H]OC([H])([H])c1c([H])noc1[H],QM7,0.6154,0,0
[H]C(=O)c1c([H])noc1[H],QM7,0.9048,0,0
[H]C1=NOC([H])([H])C1([H])[H],QM7,0.8750,0,0
[H]C1=NO[C@@]([H])(C([H])([H])[H])C1([H])[H],QM7,0.5417,0,0
[H]C1=NOC([H])([H])[C@@]1([H])C([H])([H])[H],QM7,1.0000,1,0
[H]C([H])([H])C1=NOC([H])([H])C1([H])[H],QM7,1.0000,1,0
[H]C1=NOC(C([H])([H])[H])(C([H])([H])[H])C1([H])[H],QM7,0.5000,0,0
[H]C([H])([H])C1=NO[C@@]([H])(C([H])([H])[H])C1([H])[H],QM7,0.6429,0,0
[H]C1=NOC([H])([H])C1(C([H])([H])[H])C([H])([H])[H],QM7,0.4815,0,0
[H]C([H])([H])C1=NOC([H])([H])[C@@]1([H])C([H])([H])[H],QM7,0.4483,0,0
[H]C1=NOC([H])([H])[C@@]1(N([H])[H])C([H])([H])[H],QM7,0.4483,0,0
[H]N([H])[C@@]1([H])C(C([H])([H])[H])=NOC1([H])[H],QM7,0.5417,0,0
[H]O[C@@]1([H])C(C([H])([H])[H])=NOC1([H])[H],QM7,0.3939,0,0
[H]O[C@]1(C([H])([H])[H])C([H])=NOC1([H])[H],QM7,0.5556,0,0
[H]C1=NO[C@]([H])(C([H])([H])[H])[C@@]1([H])C([H])([H])[H],QM7,0.5217,0,0
[H]C1=NO[C@]([H])(C([H])([H])[H])[C@@]1([H])N([H])[H],QM7,0.4615,0,0
[H]O[C@@]1([H])C([H])=NO[C@]1([H])C([H])([H])[H],QM7,0.4800,0,0
[H]C1=NO[C@@]([H])(C([H])=C([H])[H])C1([H])[H],QM7,0.6000,0,0
[H]C#C[C@]1([H])ON=C([H])C1([H])[H],QM7,0.4231,0,0
[H]C1=NO[C@@]([H])(C([H])([H])C([H])([H])[H])C1([H])[H],QM7,0.6000,0,0
[H]C1=NOC([H])([H])[C@@]1([H])C([H])=C([H])[H],QM7,0.4583,0,0
[H]C#C[C@@]1([H])C([H])=NOC1([H])[H],QM7,0.4231,0,0
[H]C1=NOC([H])([H])[C@@]1([H])C([H])([H])C([H])([H])[H],QM7,0.4839,0,0
[H]C([H])=C([H])C1=NOC([H])([H])C1([H])[H],QM7,0.4231,0,0
[H]C#CC1=NOC([H])([H])C1([H])[H],QM7,0.4000,0,0
[H]C([H])([H])C([H])([H])C1=NOC([H])([H])C1([H])[H],QM7,0.5833,0,0
[H]C1=NOC([H])([H])[C@@]1([H])N([H])C([H])([H])[H],QM7,0.4800,0,0
[H]C1=NO[C@@]([H])(OC([H])([H])[H])C1([H])[H],QM7,0.4516,0,0
[H]C1=NOC([H])([H])[C@@]1([H])OC([H])([H])[H],QM7,0.4800,0,0
[H]C([H])([H])OC1=NOC([H])([H])C1([H])[H],QM7,1.0000,1,0
[H]C1=NO[C@@]([H])(C#N)C1([H])[H],QM7,0.4231,0,0
[H]C1=NO[C@@]([H])(C([H])([H])N([H])[H])C1([H])[H],QM7,0.6000,0,0
[H]C1=NOC([H])([H])[C@@]1([H])C#N,QM7,0.4231,0,0
[H]C1=NOC([H])([H])[C@@]1([H])C([H])([H])N([H])[H],QM7,0.4839,0,0
[H]C1([H])ON=C(C#N)C1([H])[H],QM7,0.4167,0,0
[H]N([H])C([H])([H])C1=NOC([H])([H])C1([H])[H],QM7,0.7391,0,0
[H]C(=O)[C@]1([H])ON=C([H])C1([H])[H],QM7,1.0000,1,0
[H]OC([H])([H])[C@]1([H])ON=C([H])C1([H])[H],QM7,0.6000,0,0
[H]C(=O)[C@@]1([H])C([H])=NOC1([H])[H],QM7,0.4231,0,0
[H]OC([H])([H])[C@@]1([H])C([H])=NOC1([H])[H],QM7,0.4839,0,0
[H]C(=O)C1=NOC([H])([H])C1([H])[H],QM7,0.4000,0,0
[H]OC([H])([H])C1=NOC([H])([H])C1([H])[H],QM7,0.6400,0,0
[H]C1=NN([H])[C@@]([H])(C([H])([H])[H])C1([H])[H],QM7,0.5000,0,0
[H]C1=NN([H])C([H])([H])[C@@]1([H])C([H])([H])[H],QM7,0.5417,0,0
[H]N1N=C(C([H])([H])[H])C([H])([H])C1([H])[H],QM7,1.0000,1,0
[H]C1=NN(C([H])([H])[H])C([H])([H])C1([H])[H],QM7,0.9412,0,0
[H]C1=NN(C([H])([H])C([H])([H])[H])C([H])([H])C1([H])[H],QM7,0.7083,0,0
[H]C([H])([H])C1=NN(C([H])([H])[H])C([H])([H])C1([H])[H],QM7,0.5217,0,0
[H]C1=NN([H])[C@@]([H])(C#N)C1([H])[H],QM7,0.4828,0,0
[H]C1=NN([H])C([H])([H])[C@@]1([H])C#N,QM7,0.4286,0,0
[H]N1N=C(C#N)C([H])([H])C1([H])[H],QM7,0.4000,0,0
[H]O[C@@]1([H])C(C([H])([H])[H])=NN([H])C1([H])[H],QM7,0.4483,0,0
[H]O[C@@]1([H])C([H])=NN([H])[C@]1([H])C([H])([H])[H],QM7,0.4615,0,0
[H]O[C@]1(C([H])([H])[H])C([H])=NN([H])C1([H])[H],QM7,0.5652,0,0
[H]O[C@@]1([H])C([H])=NN(C([H])([H])[H])C1([H])[H],QM7,0.5200,0,0
[H]C1=NN([H])C([H])([H])[C@@]1([H])OC([H])([H])[H],QM7,1.0000,1,0
[H]N1N=C(OC([H])([H])[H])C([H])([H])C1([H])[H],QM7,0.5185,0,0
[H]C(=O)[C@]1([H])N([H])N=C([H])C1([H])[H],QM7,1.0000,1,0
[H]OC([H])([H])[C@]1([H])N([H])N=C([H])C1([H])[H],QM7,0.5357,0,0
[H]C(=O)[C@@]1([H])C([H])=NN([H])C1([H])[H],QM7,0.4800,0,0
[H]OC([H])([H])[C@@]1([H])C([H])=NN([H])C1([H])[H],QM7,0.6000,0,0
[H]C(=O)C1=NN([H])C([H])([H])C1([H])[H],QM7,0.4516,0,0
[H]OC([H])([H])C1=NN([H])C([H])([H])C1([H])[H],QM7,0.4375,0,0
[H]C1=NN([H])C(C([H])([H])[H])(C([H])([H])[H])C1([H])[H],QM7,0.4400,0,0
[H]N1N=C(C([H])([H])[H])C([H])([H])[C@]1([H])C([H])([H])[H],QM7,0.6667,0,0
[H]C(=O)N1N=C([H])C([H])([H])C1([H])[H],QM7,0.5000,0,0
[H]C1=NN(C([H])([H])[H])[C@@]([H])(C([H])([H])[H])C1([H])[H],QM7,0.4815,0,0
[H]C1=NN([H])C([H])([H])C1(C([H])([H])[H])C([H])([H])[H],QM7,1.0000,1,0
[H]C1=NN(C([H])([H])[H])C([H])([H])[C@@]1([H])C([H])([H])[H],QM7,0.5417,0,0
[H]N1N=C(C([H])([H])[H])[C@]([H])(C([H])([H])[H])C1([H])[H],QM7,0.4615,0,0
[H]C1=NN([H])[C@]([H])(C([H])([H])[H])[C@@]1([H])C([H])([H])[H],QM7,0.6400,0,0
[H]C1=NN([H])[C@@]([H])(C([H])=C([H])[H])C1([H])[H],QM7,1.0000,1,0
[H]C#C[C@]1([H])N([H])N=C([H])C1([H])[H],QM7,0.4286,0,0
[H]C1=NN([H])[C@@]([H])(C([H])([H])C([H])([H])[H])C1([H])[H],QM7,0.5357,0,0
[H]C1=NN([H])C([H])([H])[C@@]1([H])C([H])=C([H])[H],QM7,0.4800,0,0
[H]C#C[C@@]1([H])C([H])=NN([H])C1([H])[H],QM7,0.4231,0,0
[H]C1=NN([H])C([H])([H])[C@@]1([H])C([H])([H])C([H])([H])[H],QM7,0.6000,0,0
[H]C([H])=C([H])C1=NN([H])C([H])([H])C1([H])[H],QM7,0.4516,0,0
[H]C#CC1=NN([H])C([H])([H])C1([H])[H],QM7,0.4000,0,0
[H]N1N=C(C([H])([H])C([H])([H])[H])C([H])([H])C1([H])[H],QM7,0.5429,0,0
[H]C1([H])OC([H])([H])C([H])([H])C1([H])[H],QM7,1.0000,1,0
[H]C1([H])O[C@@]([H])(C([H])([H])[H])C([H])([H])C1([H])[H],QM7,1.0000,1,0
[H]C1([H])OC([H])([H])[C@@]([H])(C([H])([H])[H])C1([H])[H],QM7,1.0000,1,0
[H]O[C@]1([H])C([H])([H])OC([H])([H])C1([H])[H],QM7,1.0000,1,0
[H]N([H])[C@]1([H])C([H])([H])OC([H])([H])C1([H])[H],QM7,1.0000,1,0
[H]C([H])([H])C1(C([H])([H])[H])OC([H])([H])C([H])([H])C1([H])[H],QM7,0.8333,0,0
[H]C([H])([H])[C@]1([H])O[C@@]([H])(C([H])([H])[H])C([H])([H])C1([H])[H],QM7,1.0000,1,0
[H]C([H])([H])C1(C([H])([H])[H])C([H])([H])OC([H])([H])C1([H])[H],QM7,1.0000,1,0
[H]C1([H])O[C@]([H])(C([H])([H])[H])[C@@]([H])(C([H])([H])[H])C1([H])[H],QM7,1.0000,2,0
[H]O[C@]1([H])C([H])([H])O[C@@]([H])(C([H])([H])[H])C1([H])[H],QM7,1.0000,1,0
[H]C([H])([H])[C@@]1([H])C([H])([H])OC([H])([H])[C@]1([H])C([H])([H])[H],QM7,0.9091,0,0
[H]O[C@@]1([H])C([H])([H])OC([H])([H])[C@]1([H])C([H])([H])[H],QM7,1.0000,3,0
[H]C([H])([H])[C@@]1([H])OC([H])([H])[C@]([H])(C([H])([H])[H])C1([H])[H],QM7,0.5625,0,0
[H]O[C@@]1([H])C([H])([H])C([H])([H])O[C@]1([H])C([H])([H])[H],QM7,0.8500,0,0
[H]O[C@@]1(C([H])([H])[H])C([H])([H])OC([H])([H])C1([H])[H],QM7,0.9444,0,0
[H]C([H])([H])C([H])([H])[C@]1([H])OC([H])([H])C([H])([H])C1([H])[H],QM7,0.9474,0,0
[H]C([H])=C([H])[C@]1([H])OC([H])([H])C([H])([H])C1([H])[H],QM7,0.8500,0,0
[H]C#C[C@]1([H])OC([H])([H])C([H])([H])C1([H])[H],QM7,0.7368,0,0
[H]C([H])([H])C([H])([H])[C@]1([H])C([H])([H])OC([H])([H])C1([H])[H],QM7,0.7000,0,0
[H]C([H])=C([H])[C@]1([H])C([H])([H])OC([H])([H])C1([H])[H],QM7,0.5455,0,0
[H]C#C[C@]1([H])C([H])([H])OC([H])([H])C1([H])[H],QM7,1.0000,1,0
[H]C([H])([H])O[C@]1([H])OC([H])([H])C([H])([H])C1([H])[H],QM7,0.9474,0,0
[H]C([H])([H])O[C@]1([H])C([H])([H])OC([H])([H])C1([H])[H],QM7,1.0000,1,0
[H]OC([H])([H])[C@]1([H])OC([H])([H])C([H])([H])C1([H])[H],QM7,1.0000,1,0
[H]C(=O)[C@]1([H])OC([H])([H])C([H])([H])C1([H])[H],QM7,1.0000,1,0
[H]OC([H])([H])[C@]1([H])C([H])([H])OC([H])([H])C1([H])[H],QM7,0.8182,0,0
[H]C(=O)[C@]1([H])C([H])([H])OC([H])([H])C1([H])[H],QM7,0.7826,0,0
[H]N([H])[C@]1([H])C([H])([H])O[C@@]([H])(C([H])([H])[H])C1([H])[H],QM7,0.5652,0,0
[H]N([H])[C@@]1([H])C([H])([H])OC([H])([H])[C@]1([H])C([H])([H])[H],QM7,1.0000,1,0
[H]N([H])[C@@]1(C([H])([H])[H])C([H])([H])OC([H])([H])C1([H])[H],QM7,0.6818,0,0
[H]N([H])[C@@]1([H])C([H])([H])C([H])([H])O[C@]1([H])C([H])([H])[H],QM7,0.9444,0,0
[H]N(C([H])([H])[H])[C@]1([H])C([H])([H])OC([H])([H])C1([H])[H],QM7,0.9474,0,0
[H]N([H])[C@@]1([H])C([H])([H])OC([H])([H])[C@]1([H])N([H])[H],QM7,1.0000,1,0
[H]O[C@@]1([H])C([H])([H])OC([H])([H])[C@]1([H])N([H])[H],QM7,0.5909,0,0
[H]N([H])C([H])([H])[C@]1([H])OC([H])([H])C([H])([H])C1([H])[H],QM7,1.0000,1,0
[H]C1([H])O[C@@]([H])(C#N)C([H])([H])C1([H])[H],QM7,0.5385,0,0
[H]N([H])C([H])([H])[C@]1([H])C([H])([H])OC([H])([H])C1([H])[H],QM7,0.9474,0,0
[H]C1([H])OC([H])([H])[C@@]([H])(C#N)C1([H])[H],QM7,1.0000,1,0
[H]c1c(C([H])([H])[H])nn([H])c1[H],QM7,0.5455,0,0
[H]c1nn([H])c([H])c1C([H])([H])[H],QM7,1.0000,1,0
[H]c1nn(C([H])([H])[H])c([H])c1[H],QM7,0.9375,0,0
[H]c1nn(C([H])([H])C([H])([H])[H])c([H])c1[H],QM7,0.9444,0,0
[H]C([H])=C([H])n1nc([H])c([H])c1[H],QM7,0.5200,0,0
[H]c1c(C#N)nn([H])c1[H],QM7,0.4348,0,0
[H]c1nn([H])c([H])c1C#N,QM7,0.8261,0,0
[H]On1nc([H])c([H])c1C([H])([H])[H],QM7,1.0000,1,0
[H]On1nc(C([H])([H])[H])c([H])c1[H],QM7,0.5217,0,0
[H]On1nc([H])c(C([H])([H])[H])c1[H],QM7,1.0000,1,0
[H]Oc1c([H])nn([H])c1C([H])([H])[H],QM7,0.5455,0,0
[H]Oc1c([H])nn(C([H])([H])[H])c1[H],QM7,0.5667,0,0
[H]Oc1c([H])c([H])nn1C([H])([H])[H],QM7,0.4815,0,0
[H]c1c(OC([H])([H])[H])nn([H])c1[H],QM7,0.3929,0,0
[H]c1nn([H])c([H])c1OC([H])([H])[H],QM7,1.0000,1,0
[H]c1nn(OC([H])([H])[H])c([H])c1[H],QM7,0.5625,0,0
[H]OC([H])([H])c1c([H])c([H])nn1[H],QM7,0.6667,0,0
[H]OC([H])([H])c1c([H])nn([H])c1[H],QM7,0.6087,0,0
[H]c1c(C([H])([H])[H])nn([H])c1C([H])([H])[H],QM7,1.0000,1,0
[H]C(=O)n1nc([H])c([H])c1[H],QM7,0.5200,0,0
[H]c1c(C([H])([H])[H])nn(C([H])([H])[H])c1[H],QM7,1.0000,1,0
[H]c1nn(C([H])([H])[H])c(C([H])([H])[H])c1[H],QM7,0.6071,0,0
[H]c1c(C([H])([H])[H])c(C([H])([H])[H])nn1[H],QM7,0.4138,0,0
[H]c1nn(C([H])([H])[H])c([H])c1C([H])([H])[H],QM7,0.6800,0,0
[H]C([H])=C([H])c1nn([H])c([H])c1[H],QM7,0.4643,0,0
[H]C#Cc1nn([H])c([H])c1[H],QM7,0.4000,0,0
[H]c1c(C([H])([H])C([H])([H])[H])nn([H])c1[H],QM7,0.3846,0,0
[H]C([H])=C([H])c1c([H])nn([H])c1[H],QM7,0.5429,0,0
[H]C#Cc1c([H])nn([H])c1[H],QM7,0.5000,0,0
[H]c1nn([H])c([H])c1C([H])([H])C([H])([H])[H],QM7,0.6087,0,0
[H]C1=C([H])C([H])([H])N([H])C1([H])[H],QM7,1.0000,1,0
[H]C1=C(C([H])([H])[H])C([H])([H])N([H])C1([H])[H],QM7,0.5769,0,0
[H]C1=C([H])[C@]([H])(C([H])([H])[H])N([H])C1([H])[H],QM7,1.0000,1,0
[H]C1=C([H])C([H])([H])N(C([H])([H])[H])C1([H])[H],QM7,0.9167,0,0
[H]C1=C([H])C([H])([H])N(C([H])([H])C([H])([H])[H])C1([H])[H],QM7,0.6190,0,0
[H]C1=C(C([H])([H])[H])C([H])([H])N(C([H])([H])[H])C1([H])[H],QM7,0.5652,0,0
[H][C]([H])[N]N1C([H])([H])C([H])=C([H])C1([H])[H],QM7,0.3333,0,0
[H]C1=C(C#N)C([H])([H])N([H])C1([H])[H],QM7,0.4643,0,0
[H]C1=C(C([H])([H])N([H])[H])C([H])([H])N([H])C1([H])[H],QM7,0.5833,0,0
[H]C1=C([H])[C@]([H])(C#N)N([H])C1([H])[H],QM7,0.6000,0,0
[H]C1=C([H])[C@]([H])(C([H])([H])N([H])[H])N([H])C1([H])[H],QM7,0.9048,0,0
[H][N][C]([H])N1C([H])([H])C([H])=C([H])C1([H])[H],QM7,0.4737,0,0
[H]C1=C(OC([H])([H])[H])C([H])([H])N([H])C1([H])[H],QM7,0.6522,0,0
[H]C1=C([H])[C@]([H])(C([H])([H])[H])N(C([H])([H])[H])C1([H])[H],QM7,0.5000,0,0
[H]C(=O)C1=C([H])C([H])([H])N([H])C1([H])[H],QM7,0.5833,0,0
[H]OC([H])([H])C1=C([H])C([H])([H])N([H])C1([H])[H],QM7,0.5833,0,0
[H]N1C([H])([H])C(C([H])([H])[H])=C(C([H])([H])[H])C1([H])[H],QM7,0.5263,0,0
[H]C(=O)[C@@]1([H])C([H])=C([H])C([H])([H])N1[H],QM7,0.4000,0,0
[H]OC([H])([H])[C@@]1([H])C([H])=C([H])C([H])([H])N1[H],QM7,0.5385,0,0
[H]C(=O)N1C([H])([H])C([H])=C([H])C1([H])[H],QM7,0.4737,0,0
[H]C1=C([H])C(C([H])([H])[H])(C([H])([H])[H])N([H])C1([H])[H],QM7,0.4815,0,0
[H]C1=C(C([H])([H])[H])[C@]([H])(C([H])([H])[H])N([H])C1([H])[H],QM7,0.5833,0,0
[H]C1=C([H])[C@]([H])(C([H])([H])[H])N([H])[C@@]1([H])C([H])([H])[H],QM7,0.5882,0,0
[H]C1=C(C([H])([H])[H])C([H])([H])N([H])[C@@]1([H])C([H])([H])[H],QM7,0.9474,0,0
[H]C([H])=C([H])C1=C([H])C([H])([H])N([H])C1([H])[H],QM7,1.0000,1,0
[H]C#CC1=C([H])C([H])([H])N([H])C1([H])[H],QM7,0.4000,0,0
[H]C1=C(C([H])([H])C([H])([H])[H])C([H])([H])N([H])C1([H])[H],QM7,0.5833,0,0
[H]C([H])=C([H])[C@@]1([H])C([H])=C([H])C([H])([H])N1[H],QM7,0.4516,0,0
[H]C#C[C@@]1([H])C([H])=C([H])C([H])([H])N1[H],QM7,0.4000,0,0
[H]C1=C([H])[C@]([H])(C([H])([H])C([H])([H])[H])N([H])C1([H])[H],QM7,0.6000,0,0
[H]C1([H])C(=O)C([H])([H])C1([H])[H],QM7,1.0000,2,0
[H]C1([H])C(=O)[C@@]([H])(C([H])([H])[H])C1([H])[H],QM7,0.6316,0,0
[H]C([H])([H])C1([H])C([H])([H])C(=O)C1([H])[H],QM7,1.0000,1,0
[H]O[C@]1([H])C(=O)C([H])([H])C1([H])[H],QM7,0.5714,0,0
[H]OC1([H])C([H])([H])C(=O)C1([H])[H],QM7,0.7500,0,0
[H]C([H])([H])C1(C([H])([H])[H])C(=O)C([H])([H])C1([H])[H],QM7,0.9333,0,0
[H]C([H])([H])[C@]1([H])C(=O)[C@@]([H])(C([H])([H])[H])C1([H])[H],QM7,0.7500,0,0
[H]C([H])([H])C1(C([H])([H])[H])C([H])([H])C(=O)C1([H])[H],QM7,0.7059,0,0
[H]C([H])([H])[C@@]1([H])C([H])([H])C(=O)[C@]1([H])C([H])([H])[H],QM7,0.6500,0,0
[H]O[C@@]1([H])C(=O)C([H])([H])[C@]1([H])C([H])([H])[H],QM7,0.5652,0,0
[H]O[C@]1([H])C(=O)[C@@]([H])(C([H])([H])[H])C1([H])[H],QM7,0.5652,0,0
[H]O[C@@]1([H])C([H])([H])C(=O)[C@@]1([H])C([H])([H])[H],QM7,0.6818,0,0
[H]O[C@@]1(C([H])([H])[H])C(=O)C([H])([H])C1([H])[H],QM7,0.6667,0,0
[H]OC1(C([H])([H])[H])C([H])([H])C(=O)C1([H])[H],QM7,0.6667,0,0
[H]C([H])=C([H])[C@]1([H])C(=O)C([H])([H])C1([H])[H],QM7,1.0000,1,0
[H]C([H])([H])C([H])([H])[C@]1([H])C(=O)C([H])([H])C1([H])[H],QM7,0.7273,0,0
[H]C([H])=C([H])C1([H])C([H])([H])C(=O)C1([H])[H],QM7,0.6667,0,0
[H]C([H])([H])C([H])([H])C1([H])C([H])([H])C(=O)C1([H])[H],QM7,0.6522,0,0
[H]C([H])([H])O[C@]1([H])C(=O)C([H])([H])C1([H])[H],QM7,0.6667,0,0
[H]C([H])([H])OC1([H])C([H])([H])C(=O)C1([H])[H],QM7,0.7895,0,0
[H]C#CC1([H])C([H])([H])C(=O)C1([H])[H],QM7,0.5909,0,0
[H]C#C[C@]1([H])C(=O)C([H])([H])C1([H])[H],QM7,0.6667,0,0
[H]C(=O)[C@]1([H])C(=O)C([H])([H])C1([H])[H],QM7,0.5909,0,0
[H]OC([H])([H])[C@]1([H])C(=O)C([H])([H])C1([H])[H],QM7,1.0000,2,0
[H]C(=O)C1([H])C([H])([H])C(=O)C1([H])[H],QM7,0.7778,0,0
[H]OC([H])([H])C1([H])C([H])([H])C(=O)C1([H])[H],QM7,0.6364,0,0
[H]N(C([H])([H])[H])[C@]1([H])C(=O)C([H])([H])C1([H])[H],QM7,1.0000,1,0
[H]N(C([H])([H])[H])C1([H])C([H])([H])C(=O)C1([H])[H],QM7,0.5833,0,0
[H]C1([H])C(=O)C([H])([H])C1([H])C#N,QM7,0.6250,0,0
[H]C1([H])C(=O)[C@@]([H])(C#N)C1([H])[H],QM7,0.6154,0,0
[H]C1=NC([H])([H])[C@]([H])(C([H])([H])[H])N1[H],QM7,1.0000,1,0
[H]N1C(C([H])([H])[H])=NC([H])([H])C1([H])[H],QM7,0.8421,0,0
[H]C1=NC([H])([H])C([H])([H])N1C([H])([H])[H],QM7,0.8421,0,0
[H]C1=NC([H])([H])C([H])([H])N1C([H])=C([H])[H],QM7,0.9500,0,1
[H]C1=NC([H])([H])C([H])([H])N1C([H])([H])C([H])([H])[H],QM7,0.8261,0,0
[H]C([H])([H])C1=NC([H])([H])C([H])([H])N1C([H])([H])[H],QM7,0.7143,0,0
[H]C1=NC([H])([H])[C@]([H])(C#N)N1[H],QM7,0.4231,0,0
[H]N1C(C#N)=NC([H])([H])C1([H])[H],QM7,0.4333,0,0
[H]ON1C([H])=NC([H])([H])[C@]1([H])C([H])([H])[H],QM7,0.5417,0,0
[H]ON1C([H])=N[C@]([H])(C([H])([H])[H])C1([H])[H],QM7,0.4643,0,0
[H]ON1C(C([H])([H])[H])=NC([H])([H])C1([H])[H],QM7,1.0000,1,0
[H]N1C(OC([H])([H])[H])=NC([H])([H])C1([H])[H],QM7,0.6800,0,0
[H]C1=NC([H])([H])C([H])([H])N1OC([H])([H])[H],QM7,0.5769,0,0
[H]C(=O)[C@]1([H])N([H])C([H])=NC1([H])[H],QM7,1.0000,1,0
[H]OC([H])([H])[C@]1([H])N([H])C([H])=NC1([H])[H],QM7,0.5556,0,0
[H]C(=O)C1=NC([H])([H])C([H])([H])N1[H],QM7,0.6364,0,0
[H]OC([H])([H])C1=NC([H])([H])C([H])([H])N1[H],QM7,0.5833,0,0
[H]C(=O)N1C([H])=NC([H])([H])C1([H])[H],QM7,0.5600,0,0
[H]C1=NC([H])([H])C(C([H])([H])[H])(C([H])([H])[H])N1[H],QM7,0.5909,0,0
[H]N1C(C([H])([H])[H])=NC([H])([H])[C@]1([H])C([H])([H])[H],QM7,0.5200,0,0
[H]C1=N[C@]([H])(C([H])([H])[H])C([H])([H])N1C([H])([H])[H],QM7,0.5833,0,0
[H]C1=NC([H])([H])[C@]([H])(C([H])([H])[H])N1C([H])([H])[H],QM7,1.0000,1,0
[H]C1=N[C@]([H])(C([H])([H])[H])[C@@]([H])(C([H])([H])[H])N1[H],QM7,0.6400,0,0
[H]C1=NC([H])([H])[C@]([H])(C([H])=C([H])[H])N1[H],QM7,0.6000,0,0
[H]C#C[C@]1([H])N([H])C([H])=NC1([H])[H],QM7,0.4231,0,0
[H]C1=NC([H])([H])[C@]([H])(C([H])([H])C([H])([H])[H])N1[H],QM7,0.5556,0,0
[H]C([H])=C([H])C1=NC([H])([H])C([H])([H])N1[H],QM7,0.7391,0,0
[H]C#CC1=NC([H])([H])C([H])([H])N1[H],QM7,0.4242,0,0
[H]N1C(C([H])([H])C([H])([H])[H])=NC([H])([H])C1([H])[H],QM7,0.6667,0,0
[H]C1([H])C([H])([H])C([H])([H])C([H])([H])C1([H])[H],QM7,1.0000,22,0
[H]N([H])C1([H])C([H])([H])C([H])([H])C([H])([H])C1([H])[H],QM7,1.0000,2,0
[H]OC1([H])C([H])([H])C([H])([H])C([H])([H])C1([H])[H],QM7,0.9091,0,0
[H]C([H])([H])C1([H])C([H])([H])C([H])([H])C([H])([H])C1([H])[H],QM7,0.9091,0,0
[H]C([H])=C([H])C1([H])C([H])([H])C([H])([H])C([H])([H])C1([H])[H],QM7,0.9286,0,0
[H]N(C([H])([H])[H])C1([H])C([H])([H])C([H])([H])C([H])([H])C1([H])[H],QM7,0.9286,0,0
[H]C#CC1([H])C([H])([H])C([H])([H])C([H])([H])C1([H])[H],QM7,0.8667,0,0
[H]N([H])[C@@]1([H])C([H])([H])C([H])([H])C([H])([H])[C@]1([H])N([H])[H],QM7,0.9091,0,0
[H]N([H])[C@@]1([H])C([H])([H])C([H])([H])[C@]([H])(N([H])[H])C1([H])[H],QM7,0.7143,0,0
[H]N([H])C([H])([H])C1([H])C([H])([H])C([H])([H])C([H])([H])C1([H])[H],QM7,0.9286,0,0
[H]C1([H])C([H])([H])C([H])([H])C([H])(C#N)C1([H])[H],QM7,0.9286,0,0
[H]O[C@@]1([H])C([H])([H])C([H])([H])C([H])([H])[C@]1([H])C([H])([H])[H],QM7,1.0000,2,0
[H]O[C@@]1([H])C([H])([H])C([H])([H])[C@]([H])(C([H])([H])[H])C1([H])[H],QM7,1.0000,1,0
[H]OC1(C([H])([H])[H])C([H])([H])C([H])([H])C([H])([H])C1([H])[H],QM7,0.9231,0,0
[H]C1([H])C([H])([H])[C@]([H])(C([H])([H])[H])[C@@]([H])(C([H])([H])[H])C1([H])[H],QM7,1.0000,2,0
[H]C([H])([H])C1(C([H])([H])[H])C([H])([H])C([H])([H])C([H])([H])C1([H])[H],QM7,0.9091,0,0
[H]C([H])([H])OC1([H])C([H])([H])C([H])([H])C([H])([H])C1([H])[H],QM7,0.9286,0,0
[H]C([H])([H])[C@@]1([H])C([H])([H])C([H])([H])[C@]([H])(C([H])([H])[H])C1([H])[H],QM7,1.0000,2,0
[H]O[C@@]1([H])C([H])([H])C([H])([H])C([H])([H])[C@]1([H])O[H],QM7,1.0000,2,0
[H]O[C@@]1([H])C([H])([H])C([H])([H])[C@]([H])(O[H])C1([H])[H],QM7,0.6923,0,0
[H]OC([H])([H])C1([H])C([H])([H])C([H])([H])C([H])([H])C1([H])[H],QM7,0.9286,0,0
[H]C(=O)C1([H])C([H])([H])C([H])([H])C([H])([H])C1([H])[H],QM7,0.9286,0,0
[H]C([H])([H])C([H])([H])C1([H])C([H])([H])C([H])([H])C([H])([H])C1([H])[H],QM7,0.9286,0,0
[H]O[C@@]1([H])C([H])([H])C([H])([H])C([H])([H])[C@]1([H])N([H])[H],QM7,0.9375,0,0
[H]O[C@@]1([H])C([H])([H])C([H])([H])[C@]([H])(N([H])[H])C1([H])[H],QM7,0.6818,0,0
[H]N([H])[C@@]1([H])C([H])([H])C([H])([H])C([H])([H])[C@]1([H])C([H])([H])[H],QM7,0.9375,0,0
[H]N([H])[C@@]1([H])C([H])([H])C([H])([H])[C@]([H])(C([H])([H])[H])C1([H])[H],QM7,1.0000,3,0
[H]N([H])C1(C([H])([H])[H])C([H])([H])C([H])([H])C([H])([H])C1([H])[H],QM7,1.0000,1,0
[H]C1=C([H])C([H])([H])OC1([H])[H],QM7,0.6429,0,0
[H]C1=C(C([H])([H])[H])C([H])([H])OC1([H])[H],QM7,0.6154,0,0
[H]C1=C([H])[C@]([H])(C([H])([H])[H])OC1([H])[H],QM7,0.9412,0,0
[H]C([H])([H])C1=C(C([H])([H])[H])C([H])([H])OC1([H])[H],QM7,0.5000,0,0
[H]C1=C([H])C(C([H])([H])[H])(C([H])([H])[H])OC1([H])[H],QM7,0.5417,0,0
[H]C1=C(C([H])([H])[H])[C@]([H])(C([H])([H])[H])OC1([H])[H],QM7,1.0000,1,0
[H]C1=C([H])[C@]([H])(C([H])([H])[H])O[C@@]1([H])C([H])([H])[H],QM7,0.5789,0,0
[H]C1=C(C([H])([H])[H])C([H])([H])O[C@@]1([H])C([H])([H])[H],QM7,0.6522,0,0
[H]C([H])=C([H])C1=C([H])C([H])([H])OC1([H])[H],QM7,0.3793,0,0
[H]C#CC1=C([H])C([H])([H])OC1([H])[H],QM7,0.5833,0,0
[H]C1=C(C([H])([H])C([H])([H])[H])C([H])([H])OC1([H])[H],QM7,0.6000,0,0
[H]C([H])=C([H])[C@]1([H])OC([H])([H])C([H])=C1[H],QM7,0.4516,0,0
[H]C#C[C@]1([H])OC([H])([H])C([H])=C1[H],QM7,0.4138,0,0
[H]C1=C([H])[C@]([H])(C([H])([H])C([H])([H])[H])OC1([H])[H],QM7,0.6364,0,0
[H]C1=C(OC([H])([H])[H])C([H])([H])OC1([H])[H],QM7,0.4286,0,0
[H]C1=C([H])[C@]([H])(OC([H])([H])[H])OC1([H])[H],QM7,0.5000,0,0
[H]C(=O)C1=C([H])C([H])([H])OC1([H])[H],QM7,0.4688,0,0
[H]OC([H])([H])C1=C([H])C([H])([H])OC1([H])[H],QM7,0.4839,0,0
[H]C(=O)[C@]1([H])OC([H])([H])C([H])=C1[H],QM7,0.5000,0,0
[H]OC([H])([H])[C@]1([H])OC([H])([H])C([H])=C1[H],QM7,0.6364,0,0
[H]C1=C(C#N)C([H])([H])OC1([H])[H],QM7,1.0000,1,0
[H]C1=C(C([H])([H])N([H])[H])C([H])([H])OC1([H])[H],QM7,0.6000,0,0
[H]C1=C([H])[C@]([H])(C#N)OC1([H])[H],QM7,0.6000,0,0
[H]C1=C([H])[C@]([H])(C([H])([H])N([H])[H])OC1([H])[H],QM7,0.9500,0,1
[H]C1=NN=C([H])C1([H])C([H])([H])[H],QM7,0.5714,0,0
[H]C1=NN=C(C([H])([H])[H])C1([H])[H],QM7,0.5455,0,0
[H]C1=NN=C([H])C1([H])C#N,QM7,0.4000,0,0
[H]C1=NN=C(C#N)C1([H])[H],QM7,0.4815,0,0
[H]O[C@@]1([H])C([H])=NN=C1C([H])([H])[H],QM7,0.4815,0,0
[H]OC1(C([H])([H])[H])C([H])=NN=C1[H],QM7,0.4444,0,0
[H]C1=NN=C([H])C1([H])OC([H])([H])[H],QM7,1.0000,1,0
[H]C1=NN=C(OC([H])([H])[H])C1([H])[H],QM7,0.4242,0,0
[H]C(=O)C1([H])C([H])=NN=C1[H],QM7,0.4211,0,0
[H]OC([H])([H])C1([H])C([H])=NN=C1[H],QM7,0.4211,0,0
[H]C(=O)C1=NN=C([H])C1([H])[H],QM7,1.0000,1,0
[H]OC([H])([H])C1=NN=C([H])C1([H])[H],QM7,0.5833,0,0
[H]C1=NN=C([H])C1(C([H])([H])[H])C([H])([H])[H],QM7,0.7143,0,0
[H]C1=NN=C(C([H])([H])[H])[C@]1([H])C([H])([H])[H],QM7,0.5652,0,0
[H]C([H])([H])C1=NN=C(C([H])([H])[H])C1([H])[H],QM7,0.6250,0,0
[H]C1=NN=C([H])C1([H])C([H])=C([H])[H],QM7,0.3636,0,0
[H]C#CC1([H])C([H])=NN=C1[H],QM7,0.3158,0,0
[H]C1=NN=C([H])C1([H])C([H])([H])C([H])([H])[H],QM7,0.4000,0,0
[H]C1=NN=C(C([H])=C([H])[H])C1([H])[H],QM7,0.5652,0,0
[H]C#CC1=NN=C([H])C1([H])[H],QM7,0.4000,0,0
[H]C1=NN=C(C([H])([H])C([H])([H])[H])C1([H])[H],QM7,1.0000,1,1
[H]C([H])([H])[C@]1([H])OC(=O)C1([H])[H],QM7,1.0000,1,0
[H]C([H])([H])[C@]1([H])C(=O)OC1([H])[H],QM7,0.6818,0,0
[H]C([H])([H])C1(C([H])([H])[H])OC(=O)C1([H])[H],QM7,0.5217,0,0
[H]C([H])([H])C1(C([H])([H])[H])C(=O)OC1([H])[H],QM7,0.6522,0,0
[H]C([H])([H])[C@@]1([H])OC(=O)[C@]1([H])C([H])([H])[H],QM7,0.6842,0,0
[H]C([H])=C([H])[C@]1([H])OC(=O)C1([H])[H],QM7,0.6000,0,0
[H]C([H])([H])C([H])([H])[C@]1([H])OC(=O)C1([H])[H],QM7,0.9474,0,0
[H]C([H])=C([H])[C@]1([H])C(=O)OC1([H])[H],QM7,0.6087,0,0
[H]C([H])([H])C([H])([H])[C@]1([H])C(=O)OC1([H])[H],QM7,0.6667,0,0
[H]C#C[C@]1([H])OC(=O)C1([H])[H],QM7,0.5600,0,0
[H]C#C[C@]1([H])C(=O)OC1([H])[H],QM7,0.6000,0,0
[H]N([H])[C@@]1(C([H])([H])[H])C(=O)OC1([H])[H],QM7,0.5417,0,0
[H]N([H])[C@@]1([H])C(=O)O[C@]1([H])C([H])([H])[H],QM7,0.9444,0,0
[H]N(C([H])([H])[H])[C@]1([H])C(=O)OC1([H])[H],QM7,0.5556,0,0
[H]N([H])C([H])([H])[C@]1([H])OC(=O)C1([H])[H],QM7,0.5600,0,0
[H]N([H])C([H])([H])[C@]1([H])C(=O)OC1([H])[H],QM7,1.0000,1,0
[H]N1C([H])([H])C(=O)C1([H])[H],QM7,0.5625,0,0
[H]N1C([H])([H])C(=O)[C@@]1([H])C([H])([H])[H],QM7,0.5714,0,0
[H]C([H])([H])N1C([H])([H])C(=O)C1([H])[H],QM7,0.7500,0,0
[H]N1C([H])([H])C(=O)C1(C([H])([H])[H])C([H])([H])[H],QM7,1.0000,1,0
[H]C([H])([H])N1C([H])([H])C(=O)[C@@]1([H])C([H])([H])[H],QM7,0.5217,0,0
[H]N1[C@]([H])(C([H])([H])[H])C(=O)[C@@]1([H])C([H])([H])[H],QM7,0.4706,0,0
[H]C([H])=C([H])[C@]1([H])C(=O)C([H])([H])N1[H],QM7,0.6000,0,0
[H]N1C([H])([H])C(=O)[C@@]1([H])C([H])([H])C([H])([H])[H],QM7,0.5556,0,0
[H]C1([H])C(=O)C([H])([H])N1C([H])([H])C([H])([H])[H],QM7,0.6522,0,0
[H][C]([H])[N]N1C([H])([H])C(=O)C1([H])[H],QM7,0.3913,0,0
[H]/N=C(\[H])N1C([H])([H])C(=O)C1([H])[H],QM7,0.4583,0,0
[H]C#C[C@]1([H])C(=O)C([H])([H])N1[H],QM7,0.4167,0,0
[H]N1C([H])([H])C(=O)[C@@]1([H])C#N,QM7,0.4000,0,0
[H]C(=O)[C@]1([H])C(=O)C([H])([H])N1[H],QM7,0.5833,0,0
[H]OC([H])([H])[C@]1([H])C(=O)C([H])([H])N1[H],QM7,0.5357,0,0
[H]C(=O)N1C([H])([H])C(=O)C1([H])[H],QM7,0.5500,0,0
[H]C1([H])OC([H])([H])[C@]([H])(C([H])([H])[H])O1,QM7,0.8824,0,0
[H]C([H])([H])C1([H])OC([H])([H])C([H])([H])O1,QM7,0.6471,0,0
[H]C1([H])OC([H])([H])C(C([H])([H])[H])(C([H])([H])[H])O1,QM7,0.5238,0,0
[H]C([H])([H])C1(C([H])([H])[H])OC([H])([H])C([H])([H])O1,QM7,0.6875,0,0
[H]C([H])([H])[C@@]1([H])OC([H])([H])[C@]([H])(C([H])([H])[H])O1,QM7,1.0000,1,0
[H]C1([H])O[C@]([H])(C([H])([H])[H])[C@@]([H])(C([H])([H])[H])O1,QM7,0.7143,0,0
[H]C1([H])OC([H])([H])[C@]([H])(C([H])([H])C([H])([H])[H])O1,QM7,1.0000,1,0
[H]C([H])=C([H])[C@]1([H])OC([H])([H])OC1([H])[H],QM7,0.5833,0,0
[H]C#C[C@]1([H])OC([H])([H])OC1([H])[H],QM7,0.4348,0,0
[H]C([H])([H])C([H])([H])C1([H])OC([H])([H])C([H])([H])O1,QM7,1.0000,1,0
[H]C([H])=C([H])C1([H])OC([H])([H])C([H])([H])O1,QM7,1.0000,1,0
[H]C#CC1([H])OC([H])([H])C([H])([H])O1,QM7,0.4583,0,0
[H]N([H])C([H])([H])[C@]1([H])OC([H])([H])OC1([H])[H],QM7,1.0000,1,0
[H]N([H])C([H])([H])C1([H])OC([H])([H])C([H])([H])O1,QM7,0.5789,0,0
[H]/N=c1/sc([H])c([H])n1C([H])([H])[H],QM7,0.6957,0,0
[H]c1s/c(=N/C([H])([H])[H])n([H])c1[H],QM7,0.4231,0,0
[H]C1=C(C([H])([H])[H])OC([H])([H])O1,QM7,0.5517,0,0
[H]C1=C([H])OC([H])(C([H])([H])[H])O1,QM7,0.4286,0,0
[H]C1([H])OC(C([H])([H])[H])=C(C([H])([H])[H])O1,QM7,0.5882,0,0
[H]C1=C([H])OC(C([H])([H])[H])(C([H])([H])[H])O1,QM7,0.7143,0,0
[H]C1=C(C([H])([H])[H])O[C@@]([H])(C([H])([H])[H])O1,QM7,0.4615,0,0
[H]C([H])=C([H])C1=C([H])OC([H])([H])O1,QM7,0.5385,0,0
[H]C#CC1=C([H])OC([H])([H])O1,QM7,0.3704,0,0
[H]C1=C(C([H])([H])C([H])([H])[H])OC([H])([H])O1,QM7,1.0000,1,0
[H]C([H])=C([H])C1([H])OC([H])=C([H])O1,QM7,0.4000,0,0
[H]C#CC1([H])OC([H])=C([H])O1,QM7,0.3462,0,0
[H]C1=C([H])OC([H])(C([H])([H])C([H])([H])[H])O1,QM7,0.4800,0,0
[H]C1=C(C([H])([H])N([H])[H])OC([H])([H])O1,QM7,0.6087,0,0
[H]C1=C([H])OC([H])(C([H])([H])N([H])[H])O1,QM7,0.4706,0,0
[H]C1([H])C([H])([H])[C@@]2([H])C([H])([H])[C@@]2([H])C1([H])[H],QM7,1.0000,1,0
[H]C1([H])C([H])([H])[C@@]2([H])C([H])([H])[C@@]2(C([H])([H])[H])C1([H])[H],QM7,1.0000,1,0
[H]C1([H])C([H])([H])[C@@]2([H])[C@@]([H])(C([H])([H])[H])[C@@]2([H])C1([H])[H],QM7,1.0000,1,0
[H]N([H])[C@]12C([H])([H])C([H])([H])C([H])([H])[C@@]1([H])C2([H])[H],QM7,0.8000,0,0
[H]N([H])[C@]1([H])[C@]2([H])C([H])([H])C([H])([H])C([H])([H])[C@]12[H],QM7,1.0000,2,0
[H]N([H])[C@]1([H])C([H])([H])[C@@]2([H])C([H])([H])[C@@]2([H])C1([H])[H],QM7,1.0000,1,0
[H]N([H])[C@@]1([H])C([H])([H])C([H])([H])[C@@]2([H])C([H])([H])[C@]21[H],QM7,0.8824,0,0
[H]C([H])([H])[C@]1([H])C([H])([H])[C@@]2([H])C([H])([H])[C@@]2([H])C1([H])[H],QM7,1.0000,2,0
[H]C([H])([H])[C@@]1([H])C([H])([H])C([H])([H])[C@@]2([H])C([H])([H])[C@@]12[H],QM7,1.0000,2,0
[H]O[C@]12C([H])([H])C([H])([H])C([H])([H])[C@@]1([H])C2([H])[H],QM7,0.6500,0,0
[H]O[C@]1([H])[C@]2([H])C([H])([H])C([H])([H])C([H])([H])[C@]12[H],QM7,0.9231,0,0
[H]O[C@]1([H])C([H])([H])[C@@]2([H])C([H])([H])[C@@]2([H])C1([H])[H],QM7,1.0000,2,0
[H]O[C@@]1([H])C([H])([H])C([H])([H])[C@@]2([H])C([H])([H])[C@]21[H],QM7,1.0000,2,0
[H]N1C([H])([H])C([H])([H])[C@]2([H])C([H])([H])[C@]12[H],QM7,1.0000,1,0
[H]C([H])([H])N1C([H])([H])C([H])([H])[C@@]2([H])C([H])([H])[C@@]12[H],QM7,1.0000,1,0
[H]N([H])[C@]12C([H])([H])C([H])([H])N([H])[C@@]1([H])C2([H])[H],QM7,0.5600,0,0
[H]N1C([H])([H])C([H])([H])[C@@]2([H])[C@]1([H])[C@@]2([H])N([H])[H],QM7,0.4800,0,0
[H]N([H])[C@@]1([H])C([H])([H])N([H])[C@@]2([H])C([H])([H])[C@@]12[H],QM7,0.4231,0,0
[H]N1C([H])([H])C([H])([H])[C@@]2([H])C([H])([H])[C@@]12C([H])([H])[H],QM7,1.0000,1,0
[H]N1C([H])([H])C([H])([H])[C@]2(C([H])([H])[H])C([H])([H])[C@]12[H],QM7,0.9474,0,0
[H]N1C([H])([H])C([H])([H])[C@@]2([H])[C@]1([H])[C@@]2([H])C([H])([H])[H],QM7,0.7000,0,0
[H]N1[C@@]([H])(C([H])([H])[H])C([H])([H])[C@]2([H])C([H])([H])[C@]12[H],QM7,1.0000,2,0
[H]O[C@]12C([H])([H])C([H])([H])N([H])[C@@]1([H])C2([H])[H],QM7,0.4375,0,0
[H]O[C@]1([H])[C@]2([H])N([H])C([H])([H])C([H])([H])[C@]12[H],QM7,0.4800,0,0
[H]O[C@@]1([H])C([H])([H])N([H])[C@@]2([H])C([H])([H])[C@@]12[H],QM7,0.5417,0,0
[H]N1C([H])([H])[C@]([H])(C([H])([H])[H])[C@]2([H])C([H])([H])[C@]12[H],QM7,0.6250,0,0
[H]C1([H])O[C@@]2([H])C([H])([H])[C@@]2([H])C1([H])[H],QM7,1.0000,1,0
[H]C1([H])O[C@]2(C([H])([H])[H])C([H])([H])[C@]2([H])C1([H])[H],QM7,0.5769,0,0
[H]C1([H])O[C@@]2([H])C([H])([H])[C@@]2(C([H])([H])[H])C1([H])[H],QM7,0.5600,0,0
[H]C1([H])O[C@]2([H])[C@]([H])(C1([H])[H])[C@]2([H])C([H])([H])[H],QM7,0.7143,0,0
[H]C([H])([H])[C@]1([H])O[C@@]2([H])C([H])([H])[C@@]2([H])C1([H])[H],QM7,0.6087,0,0
[H]C([H])([H])[C@@]1([H])C([H])([H])O[C@@]2([H])C([H])([H])[C@@]12[H],QM7,0.5000,0,0
[H]O[C@]12C([H])([H])C([H])([H])O[C@@]1([H])C2([H])[H],QM7,0.4375,0,0
[H]O[C@]1([H])[C@]2([H])OC([H])([H])C([H])([H])[C@@]21[H],QM7,0.6522,0,0
[H]O[C@@]1([H])C([H])([H])O[C@@]2([H])C([H])([H])[C@@]12[H],QM7,0.5652,0,0
[H]N([H])[C@]12C([H])([H])C([H])([H])O[C@@]1([H])C2([H])[H],QM7,0.5600,0,0
[H]N([H])[C@]1([H])[C@]2([H])OC([H])([H])C([H])([H])[C@@]21[H],QM7,1.0000,1,0
[H]N([H])[C@@]1([H])C([H])([H])O[C@@]2([H])C([H])([H])[C@]21[H],QM7,0.5417,0,0
[H]C1=C([H])[C@@]2([H])C([H])([H])[C@@]2([H])C1([H])[H],QM7,1.0000,1,0
[H]C1=C([H])[C@@]2([H])C([H])([H])[C@@]2(N([H])[H])C1([H])[H],QM7,0.4138,0,0
[H]C1=C([H])[C@]2([H])[C@]([H])(N([H])[H])[C@]2([H])C1([H])[H],QM7,0.6667,0,0
[H]C1=C([H])[C@]([H])(N([H])[H])[C@]2([H])C([H])([H])[C@]12[H],QM7,0.4500,0,0
[H]O[C@]12C([H])([H])C([H])=C([H])[C@@]1([H])C2([H])[H],QM7,0.5385,0,0
[H]O[C@@]1([H])[C@]2([H])C([H])=C([H])C([H])([H])[C@]12[H],QM7,0.5769,0,0
[H]O[C@@]1([H])C([H])=C([H])[C@@]2([H])C([H])([H])[C@@]12[H],QM7,0.6000,0,0
[H]C1=C([H])[C@@]2([H])C([H])([H])[C@@]2(C([H])([H])[H])C1([H])[H],QM7,0.5833,0,0
[H]C1=C([H])[C@]2([H])[C@]([H])(C([H])([H])[H])[C@]2([H])C1([H])[H],QM7,0.6818,0,0
[H]C1=C(C([H])([H])[H])C([H])([H])[C@]2([H])C([H])([H])[C@]12[H],QM7,0.7391,0,0
[H]C1=C(C([H])([H])[H])[C@@]2([H])C([H])([H])[C@@]2([H])C1([H])[H],QM7,0.6957,0,0
[H]C1=C([H])[C@]([H])(C([H])([H])[H])[C@]2([H])C([H])([H])[C@]12[H],QM7,0.5714,0,0
[H]N1C(=O)C([H])([H])C([H])([H])C1([H])[H],QM7,0.9375,0,0
[H]N1C(=O)C([H])([H])C([H])([H])[C@]1([H])C([H])([H])[H],QM7,0.8182,0,0
[H]N1C(=O)[C@@]([H])(C([H])([H])[H])C([H])([H])C1([H])[H],QM7,1.0000,3,0
[H]N1C(=O)C([H])([H])[C@@]([H])(C([H])([H])[H])C1([H])[H],QM7,0.9000,0,0
[H]C([H])([H])N1C(=O)C([H])([H])C([H])([H])C1([H])[H],QM7,0.9444,0,0
[H]N1C(=O)[C@@]([H])(N([H])[H])C([H])([H])C1([H])[H],QM7,0.9474,0,0
[H]N1C(=O)C([H])([H])[C@@]([H])(N([H])[H])C1([H])[H],QM7,0.5833,0,0
[H]N([H])N1C(=O)C([H])([H])C([H])([H])C1([H])[H],QM7,0.7727,0,0
[H]O[C@]1([H])C(=O)N([H])C([H])([H])C1([H])[H],QM7,1.0000,2,0
[H]O[C@]1([H])C([H])([H])C(=O)N([H])C1([H])[H],QM7,0.9000,0,0
[H]ON1C(=O)C([H])([H])C([H])([H])C1([H])[H],QM7,0.8947,0,0
[H]C1=C([H])C([H])([H])C([H])([H])C([H])([H])O1,QM7,0.7778,0,0
[H]C1=C(C([H])([H])[H])OC([H])([H])C([H])([H])C1([H])[H],QM7,0.9474,0,0
[H]C1=C([H])C([H])([H])C([H])([H])[C@@]([H])(C([H])([H])[H])O1,QM7,0.5000,0,0
[H]C1=C([H])[C@]([H])(C([H])([H])[H])C([H])([H])C([H])([H])O1,QM7,0.5455,0,0
[H]C1=C(C([H])([H])[H])C([H])([H])C([H])([H])C([H])([H])O1,QM7,0.5000,0,0
[H]C1=C([H])C([H])([H])[C@]([H])(C([H])([H])[H])C([H])([H])O1,QM7,1.0000,1,0
[H]O[C@@]1([H])C([H])=C([H])OC([H])([H])C1([H])[H],QM7,0.5000,0,0
[H]O[C@]1([H])C([H])([H])OC([H])=C([H])C1([H])[H],QM7,0.5000,0,0
[H]C1=C([H])[C@]([H])(N([H])[H])C([H])([H])C([H])([H])O1,QM7,0.5000,0,0
[H]C1=C([H])C([H])([H])[C@]([H])(N([H])[H])C([H])([H])O1,QM7,0.5000,0,0
[H]C([H])=C1C([H])=C([H])C([H])([H])C1([H])[H],QM7,0.6190,0,0
[H]C([H])=C1C([H])=C([H])C([H])([H])[C@]1([H])C([H])([H])[H],QM7,0.4800,0,0
[H]C([H])=C1C([H])=C(C([H])([H])[H])C([H])([H])C1([H])[H],QM7,0.6667,0,0
[H]C([H])=C1C([H])=C([H])[C@]([H])(C([H])([H])[H])C1([H])[H],QM7,0.6087,0,0
[H]C1=C([H])C([H])([H])C([H])([H])/C1=C(\[H])C([H])([H])[H],QM7,0.6957,0,0
[H]C([H])=C1C([H])=C([H])C([H])([H])[C@]1([H])N([H])[H],QM7,0.5200,0,0
[H]C([H])=C1C([H])=C([H])[C@]([H])(N([H])[H])C1([H])[H],QM7,0.5000,0,0
[H]O[C@]1([H])C(=C([H])[H])C([H])=C([H])C1([H])[H],QM7,0.4138,0,0
[H]O[C@@]1([H])C([H])=C([H])C(=C([H])[H])C1([H])[H],QM7,0.4444,0,0
[H]C([H])=C1C(C([H])([H])[H])=C([H])C([H])([H])C1([H])[H],QM7,0.4815,0,0
[H]C1([H])C([H])([H])[C@]2([H])C([H])([H])[C@@]1([H])C2([H])[H],QM7,0.8000,0,0
[H]C1([H])C([H])([H])[C@]2(C([H])([H])[H])C([H])([H])[C@@]1([H])C2([H])[H],QM7,0.8235,0,0
[H]C1([H])C([H])([H])[C@]2([H])C([H])([H])[C@@]1([H])[C@@]2([H])C([H])([H])[H],QM7,1.0000,1,0
[H]N([H])[C@]12C([H])([H])C([H])([H])[C@]([H])(C1([H])[H])C2([H])[H],QM7,0.7000,0,0
[H]N([H])[C@]1([H])[C@@]2([H])C([H])([H])C([H])([H])[C@]1([H])C2([H])[H],QM7,1.0000,1,0
[H]N([H])[C@]1([H])C([H])([H])[C@]2([H])C([H])([H])[C@@]1([H])C2([H])[H],QM7,0.6111,0,0
[H]C([H])([H])[C@]1([H])C([H])([H])[C@]2([H])C([H])([H])[C@@]1([H])C2([H])[H],QM7,0.7500,0,0
[H]O[C@]12C([H])([H])C([H])([H])[C@]([H])(C1([H])[H])C2([H])[H],QM7,0.6190,0,0
[H]O[C@]1([H])[C@@]2([H])C([H])([H])C([H])([H])[C@]1([H])C2([H])[H],QM7,0.8462,0,0
[H]O[C@]1([H])C([H])([H])[C@]2([H])C([H])([H])[C@@]1([H])C2([H])[H],QM7,0.9286,0,0
[H]N1C([H])([H])[C@]2([H])C([H])([H])[C@@]1([H])C2([H])[H],QM7,0.8667,0,0
[H]C([H])([H])N1C([H])([H])[C@]2([H])C([H])([H])[C@@]1([H])C2([H])[H],QM7,0.7143,0,0
[H]N1C([H])([H])[C@]2(N([H])[H])C([H])([H])[C@@]1([H])C2([H])[H],QM7,0.6364,0,0
[H]N([H])[C@]1([H])[C@@]2([H])C([H])([H])N([H])[C@]1([H])C2([H])[H],QM7,0.6190,0,0
[H]N1C([H])([H])[C@]2([H])C([H])([H])[C@@]1(C([H])([H])[H])C2([H])[H],QM7,0.4583,0,0
[H]N1C([H])([H])[C@]2(C([H])([H])[H])C([H])([H])[C@@]1([H])C2([H])[H],QM7,0.6522,0,0
[H]N1C([H])([H])[C@@]2([H])C([H])([H])[C@]1([H])[C@]2([H])C([H])([H])[H],QM7,0.7619,0,0
[H]O[C@]12C([H])([H])N([H])[C@]([H])(C1([H])[H])C2([H])[H],QM7,0.4583,0,0
[H]O[C@]1([H])[C@@]2([H])C([H])([H])N([H])[C@]1([H])C2([H])[H],QM7,1.0000,1,0
[H]N1[C@]2([H])C([H])([H])[C@@]([H])(C2([H])[H])[C@]1([H])C([H])([H])[H],QM7,0.6500,0,0
[H]C1([H])N2C([H])([H])[C@@]2([H])C([H])([H])C1([H])[H],QM7,1.0000,3,0
[H]N([H])[C@]1([H])C([H])([H])N2C([H])([H])[C@@]2([H])C1([H])[H],QM7,0.5600,0,0
[H]N([H])[C@@]1([H])C([H])([H])C([H])([H])N2C([H])([H])[C@]21[H],QM7,0.5200,0,0
[H]C1([H])N2C([H])([H])[C@@]2(C([H])([H])[H])C([H])([H])C1([H])[H],QM7,0.6522,0,0
[H]C1([H])N2[C@@]([H])(C([H])([H])[H])[C@@]2([H])C([H])([H])C1([H])[H],QM7,0.8421,0,0
[H]C1([H])N2C([H])([H])[C@@]([H])(C([H])([H])[H])C([H])([H])[C@@]21[H],QM7,1.0000,1,0
[H]C([H])([H])[C@]1([H])N2C([H])([H])[C@]2([H])C([H])([H])C1([H])[H],QM7,0.5714,0,0
[H]O[C@]1([H])C([H])([H])N2C([H])([H])[C@@]2([H])C1([H])[H],QM7,0.6842,0,0
[H]O[C@@]1([H])C([H])([H])C([H])([H])N2C([H])([H])[C@]21[H],QM7,0.6522,0,0
[H]C1([H])N2C([H])([H])[C@@]2([H])[C@@]([H])(C([H])([H])[H])C1([H])[H],QM7,0.8947,0,0
[H]N1C([H])([H])[C@]1([H])C1([H])C([H])([H])C1([H])[H],QM7,0.7333,0,0
[H]C([H])([H])N1C([H])([H])[C@]1([H])C1([H])C([H])([H])C1([H])[H],QM7,0.5625,0,0
[H]N([H])[C@@]1([H])C([H])([H])[C@]1([H])[C@]1([H])N([H])C1([H])[H],QM7,0.4583,0,0
[H]N([H])C1([C@]2([H])N([H])C2([H])[H])C([H])([H])C1([H])[H],QM7,0.4400,0,0
[H]N1C([H])([H])[C@]1([H])[C@@]1([H])C([H])([H])[C@]1([H])C([H])([H])[H],QM7,0.6000,0,0
[H]N1C([H])([H])[C@]1([H])C1(C([H])([H])[H])C([H])([H])C1([H])[H],QM7,0.7368,0,0
[H]O[C@@]1([H])C([H])([H])[C@]1([H])[C@]1([H])N([H])C1([H])[H],QM7,0.5000,0,0
[H]OC1([C@]2([H])N([H])C2([H])[H])C([H])([H])C1([H])[H],QM7,0.4783,0,0
[H]N1C([H])([H])[C@@]1(C([H])([H])[H])C1([H])C([H])([H])C1([H])[H],QM7,0.6250,0,0
[H]N1[C@]([H])(C([H])([H])[H])[C@@]1([H])C1([H])C([H])([H])C1([H])[H],QM7,0.7647,0,0
[H]C1=C([H])C([H])([H])C(=O)N1[H],QM7,0.9412,0,0
[H]C1=C(C([H])([H])[H])N([H])C(=O)C1([H])[H],QM7,0.5600,0,0
[H]C1=C([H])[C@]([H])(C([H])([H])[H])C(=O)N1[H],QM7,0.5000,0,0
[H]C1=C(C([H])([H])[H])C([H])([H])C(=O)N1[H],QM7,0.6087,0,0
[H]C1=C([H])C([H])([H])C(=O)N1C([H])([H])[H],QM7,1.0000,1,0
[H]C1=C([H])[C@]([H])(N([H])[H])C(=O)N1[H],QM7,0.4444,0,0
[H]C1=C([H])C([H])([H])C(=O)N1N([H])[H],QM7,0.5000,0,0
[H]O[C@]1([H])C(=O)N([H])C([H])=C1[H],QM7,0.4615,0,0
[H]ON1C(=O)C([H])([H])C([H])=C1[H],QM7,0.5000,0,0
[H]C1=NOC([H])([H])C([H])([H])C1([H])[H],QM7,0.6000,0,0
[H]C1=NO[C@]([H])(C([H])([H])[H])C([H])([H])C1([H])[H],QM7,0.9500,0,1
[H]C1=NOC([H])([H])C([H])([H])[C@@]1([H])C([H])([H])[H],QM7,0.5652,0,0
[H]C1=NOC([H])([H])[C@@]([H])(C([H])([H])[H])C1([H])[H],QM7,0.4400,0,0
[H]C([H])([H])C1=NOC([H])([H])C([H])([H])C1([H])[H],QM7,0.8095,0,0
[H]C1=NOC([H])([H])C([H])([H])[C@@]1([H])N([H])[H],QM7,0.3333,0,0
[H]C1=NOC([H])([H])[C@@]([H])(N([H])[H])C1([H])[H],QM7,0.3448,0,0
[H]O[C@@]1([H])C([H])=NOC([H])([H])C1([H])[H],QM7,0.4000,0,0
[H]O[C@]1([H])C([H])([H])ON=C([H])C1([H])[H],QM7,0.3333,0,0
[H]C([H])=C1OC([H])([H])C([H])([H])C1([H])[H],QM7,1.0000,1,0
[H]C([H])=C1O[C@@]([H])(C([H])([H])[H])C([H])([H])C1([H])[H],QM7,0.5000,0,0
[H]C([H])=C1OC([H])([H])C([H])([H])[C@]1([H])C([H])([H])[H],QM7,0.7273,0,0
[H]C([H])=C1OC([H])([H])[C@]([H])(C([H])([H])[H])C1([H])[H],QM7,0.5833,0,0
[H]/C(=C1\OC([H])([H])C([H])([H])C1([H])[H])C([H])([H])[H],QM7,0.5833,0,0
[H]O[C@]1([H])C(=C([H])[H])OC([H])([H])C1([H])[H],QM7,0.5000,0,0
[H]O[C@@]1([H])C([H])([H])OC(=C([H])[H])C1([H])[H],QM7,0.4444,0,0
[H]C([H])=C1OC([H])([H])C([H])([H])[C@]1([H])N([H])[H],QM7,1.0000,1,0
[H]C([H])=C1OC([H])([H])[C@]([H])(N([H])[H])C1([H])[H],QM7,0.5000,0,0
[H]C1([H])O[C@]2([H])C([H])([H])[C@@]1([H])C2([H])[H],QM7,0.6842,0,0
[H]C1([H])O[C@]2(C([H])([H])[H])C([H])([H])[C@@]1([H])C2([H])[H],QM7,0.6087,0,0
[H]C([H])([H])[C@]12C([H])([H])O[C@]([H])(C1([H])[H])C2([H])[H],QM7,0.6364,0,0
[H]C1([H])O[C@]2([H])C([H])([H])[C@@]1([H])[C@@]2([H])C([H])([H])[H],QM7,0.6111,0,0
[H]C([H])([H])[C@]1([H])O[C@]2([H])C([H])([H])[C@@]1([H])C2([H])[H],QM7,0.6842,0,0
[H]O[C@]12C([H])([H])O[C@]([H])(C1([H])[H])C2([H])[H],QM7,0.4615,0,0
[H]O[C@]1([H])[C@@]2([H])C([H])([H])O[C@]1([H])C2([H])[H],QM7,0.8000,0,0
[H]N([H])[C@]12C([H])([H])O[C@]([H])(C1([H])[H])C2([H])[H],QM7,0.5455,0,0
[H]N([H])[C@]1([H])[C@@]2([H])C([H])([H])O[C@]1([H])C2([H])[H],QM7,0.6111,0,0
[H]C1([H])C([H])([H])C1([H])[C@]1([H])OC1([H])[H],QM7,0.9231,0,0
[H]C([H])([H])[C@@]1([H])C([H])([H])[C@]1([H])[C@]1([H])OC1([H])[H],QM7,0.6000,0,0
[H]C([H])([H])C1([C@]2([H])OC2([H])[H])C([H])([H])C1([H])[H],QM7,0.7000,0,0
[H]C1([H])C([H])([H])C1([H])[C@@]1(C([H])([H])[H])OC1([H])[H],QM7,0.5385,0,0
[H]C1([H])C([H])([H])C1([H])[C@@]1([H])O[C@]1([H])C([H])([H])[H],QM7,0.6842,0,0
[H]O[C@@]1([H])C([H])([H])[C@]1([H])[C@]1([H])OC1([H])[H],QM7,0.5652,0,0
[H]OC1([C@]2([H])OC2([H])[H])C([H])([H])C1([H])[H],QM7,0.6000,0,0
[H]N([H])[C@@]1([H])C([H])([H])[C@]1([H])[C@]1([H])OC1([H])[H],QM7,0.5000,0,0
[H]N([H])C1([C@]2([H])OC2([H])[H])C([H])([H])C1([H])[H],QM7,0.5217,0,0
[H]N1C([H])([H])[C@@]2([H])C([H])([H])[C@@]2([H])C1([H])[H],QM7,1.0000,1,0
[H]C([H])([H])N1C([H])([H])[C@@]2([H])C([H])([H])[C@@]2([H])C1([H])[H],QM7,0.9286,0,0
[H]N1C([H])([H])[C@@]2([H])C([H])([H])[C@@]2(N([H])[H])C1([H])[H],QM7,1.0000,1,0
[H]N1C([H])([H])[C@@]2([H])[C@@]([H])(N([H])[H])[C@@]2([H])C1([H])[H],QM7,0.6316,0,0
[H]N1C([H])([H])[C@@]2([H])C([H])([H])[C@@]2(C([H])([H])[H])C1([H])[H],QM7,1.0000,1,0
[H]N1C([H])([H])[C@@]2([H])[C@@]([H])(C([H])([H])[H])[C@@]2([H])C1([H])[H],QM7,1.0000,3,0
[H]O[C@]12C([H])([H])N([H])C([H])([H])[C@@]1([H])C2([H])[H],QM7,0.5000,0,0
[H]O[C@]1([H])[C@]2([H])C([H])([H])N([H])C([H])([H])[C@]12[H],QM7,1.0000,1,0
[H]N1C([H])([H])[C@@]2([H])C([H])([H])[C@@]2([H])[C@@]1([H])C([H])([H])[H],QM7,0.9444,0,0
[H]C1([H])N2C([H])([H])C([H])(C2([H])[H])C1([H])[H],QM7,0.7333,0,0
[H]N([H])C12C([H])([H])N(C([H])([H])C1([H])[H])C2([H])[H],QM7,0.4500,0,0
[H]N([H])[C@]1([H])C([H])([H])N2C([H])([H])C1([H])C2([H])[H],QM7,0.5714,0,0
[H]C([H])([H])C12C([H])([H])N(C([H])([H])C1([H])[H])C2([H])[H],QM7,0.6190,0,0
[H]C1([H])N2C([H])([H])[C@]([H])(C1([H])[H])[C@@]2([H])C([H])([H])[H],QM7,0.6250,0,0
[H]C1([H])N2C([H])([H])C1([H])C([H])([H])[C@@]2([H])C([H])([H])[H],QM7,0.5238,0,0
[H]OC12C([H])([H])N(C([H])([H])C1([H])[H])C2([H])[H],QM7,0.7647,0,0
[H]O[C@]1([H])C([H])([H])N2C([H])([H])C1([H])C2([H])[H],QM7,0.5455,0,0
[H]C1([H])N2C([H])([H])C1([H])[C@]([H])(C([H])([H])[H])C2([H])[H],QM7,0.5714,0,0
[H]N1C([H])([H])C([H])([H])C([H])([H])C([H])([H])C1([H])[H],QM7,1.0000,19,0
[H]C([H])([H])N1C([H])([H])C([H])([H])C([H])([H])C([H])([H])C1([H])[H],QM7,1.0000,3,0
[H]N1C([H])([H])C([H])([H])C([H])([H])[C@]([H])(N([H])[H])C1([H])[H],QM7,1.0000,1,0
[H]N1C([H])([H])C([H])([H])C([H])(N([H])[H])C([H])([H])C1([H])[H],QM7,0.9286,0,0
[H]N1C([H])([H])C([H])([H])C([H])([H])C([H])([H])[C@]1([H])C([H])([H])[H],QM7,0.9375,0,0
[H]O[C@]1([H])C([H])([H])N([H])C([H])([H])C([H])([H])C1([H])[H],QM7,0.9444,0,0
[H]OC1([H])C([H])([H])C([H])([H])N([H])C([H])([H])C1([H])[H],QM7,0.9286,0,0
[H]N1C([H])([H])C([H])([H])C([H])([H])[C@]([H])(C([H])([H])[H])C1([H])[H],QM7,1.0000,1,0
[H]N1C([H])([H])C([H])([H])C([H])(C([H])([H])[H])C([H])([H])C1([H])[H],QM7,0.9286,0,0
[H]C1=C([H])C([H])([H])C([H])([H])N([H])C1([H])[H],QM7,0.9286,0,0
[H]C1=C([H])C([H])([H])C([H])([H])N(C([H])([H])[H])C1([H])[H],QM7,0.8421,0,0
[H]C1=C([H])[C@]([H])(N([H])[H])C([H])([H])N([H])C1([H])[H],QM7,0.5833,0,0
[H]C1=C([H])C([H])([H])[C@]([H])(C([H])([H])[H])N([H])C1([H])[H],QM7,0.5000,0,0
[H]O[C@@]1([H])C([H])=C([H])C([H])([H])N([H])C1([H])[H],QM7,0.7826,0,0
[H]C1=C(C([H])([H])[H])C([H])([H])N([H])C([H])([H])C1([H])[H],QM7,1.0000,1,0
[H]C1=C(C([H])([H])[H])C([H])([H])C([H])([H])N([H])C1([H])[H],QM7,0.6667,0,0
[H]C1=C([H])[C@]([H])(C([H])([H])[H])C([H])([H])N([H])C1([H])[H],QM7,0.4643,0,0
[H]C1=C([H])[C@]([H])(C([H])([H])[H])N([H])C([H])([H])C1([H])[H],QM7,0.6957,0,0
[H]N1[C@@]2([H])C([H])([H])C([H])([H])C([H])([H])[C@@]12[H],QM7,0.8333,0,0
[H]C([H])([H])N1[C@@]2([H])C([H])([H])C([H])([H])C([H])([H])[C@@]12[H],QM7,0.8125,0,0
[H]N([H])[C@@]1([H])C([H])([H])[C@]2([H])N([H])[C@]2([H])C1([H])[H],QM7,0.4762,0,0
[H]N([H])[C@@]1([H])C([H])([H])C([H])([H])[C@@]2([H])N([H])[C@@]12[H],QM7,0.5000,0,0
[H]N1[C@]2(C([H])([H])[H])C([H])([H])C([H])([H])C([H])([H])[C@]12[H],QM7,0.5556,0,0
[H]N1[C@@]2([H])C([H])([H])[C@]([H])(C([H])([H])[H])C([H])([H])[C@@]12[H],QM7,0.7059,0,0
[H]N1[C@@]2([H])[C@@]([H])(C([H])([H])[H])C([H])([H])C([H])([H])[C@@]12[H],QM7,0.5000,0,0
[H]O[C@@]1([H])C([H])([H])[C@]2([H])N([H])[C@]2([H])C1([H])[H],QM7,0.5238,0,0
[H]O[C@@]1([H])C([H])([H])C([H])([H])[C@@]2([H])N([H])[C@@]12[H],QM7,1.0000,2,0
[H]N1[C@@]2([H])C([H])([H])C([H])([H])[C@]1([H])C2([H])[H],QM7,0.6923,0,0
[H]C([H])([H])N1[C@@]2([H])C([H])([H])C([H])([H])[C@]1([H])C2([H])[H],QM7,1.0000,1,0
[H]N([H])[C@@]1([H])[C@@]2([H])N([H])[C@]1([H])C([H])([H])C2([H])[H],QM7,0.6316,0,0
[H]N1[C@]2([H])C([H])([H])[C@@]1([H])[C@]([H])(N([H])[H])C2([H])[H],QM7,0.4286,0,0
[H]N1[C@]2([H])C([H])([H])C([H])([H])[C@@]1(C([H])([H])[H])C2([H])[H],QM7,0.6400,0,0
[H]N1[C@@]2([H])C([H])([H])C([H])([H])[C@]1([H])[C@@]2([H])C([H])([H])[H],QM7,0.8571,0,0
[H]N1[C@@]2([H])C([H])([H])[C@@]([H])(C([H])([H])[H])[C@]1([H])C2([H])[H],QM7,1.0000,1,0
[H]O[C@@]1([H])[C@@]2([H])N([H])[C@]1([H])C([H])([H])C2([H])[H],QM7,0.6471,0,0
[H]O[C@]1([H])C([H])([H])[C@]2([H])N([H])[C@@]1([H])C2([H])[H],QM7,0.7000,0,0
[H]C1=NOC(C([H])([H])[H])(C([H])([H])[H])O1,QM7,0.3636,0,0
[H]C([H])([H])C1=NO[C@]([H])(C([H])([H])[H])O1,QM7,1.0000,1,0
[H]C([H])=C([H])C1=NOC([H])([H])O1,QM7,0.3462,0,0
[H]C#CC1=NOC([H])([H])O1,QM7,0.3226,0,0
[H]C1([H])ON=C(C([H])([H])C([H])([H])[H])O1,QM7,0.6154,0,0
[H]C1=NO[C@@]([H])(C([H])=C([H])[H])O1,QM7,0.3226,0,0
[H]C#C[C@]1([H])ON=C([H])O1,QM7,0.2759,0,0
[H]C1=NO[C@@]([H])(C([H])([H])C([H])([H])[H])O1,QM7,0.3462,0,0
[H]C1=C([H])C([H])([H])N([H])C1=O,QM7,0.8889,0,0
[H]C1=C(C([H])([H])[H])C(=O)N([H])C1([H])[H],QM7,0.9474,0,0
[H]C1=C(C([H])([H])[H])C([H])([H])N([H])C1=O,QM7,0.5000,0,0
[H]C1=C([H])[C@]([H])(C([H])([H])[H])N([H])C1=O,QM7,0.6207,0,0
[H]C1=C([H])C([H])([H])N(C([H])([H])[H])C1=O,QM7,0.6087,0,0
[H]C1=C(N([H])[H])C([H])([H])N([H])C1=O,QM7,0.5000,0,0
[H]C1=C([H])C([H])([H])N(N([H])[H])C1=O,QM7,0.5455,0,0
[H]ON1C(=O)C([H])=C([H])C1([H])[H],QM7,0.5806,0,0
[H]C1=C([H])C([H])([H])C([H])([H])C1=O,QM7,1.0000,1,0
[H]C1=C(C([H])([H])[H])C(=O)C([H])([H])C1([H])[H],QM7,0.9444,0,0
[H]C1=C([H])C([H])([H])[C@]([H])(C([H])([H])[H])C1=O,QM7,0.5833,0,0
[H]C1=C(C([H])([H])[H])C([H])([H])C([H])([H])C1=O,QM7,0.6667,0,0
[H]C1=C([H])[C@]([H])(C([H])([H])[H])C([H])([H])C1=O,QM7,0.9474,0,0
[H]O[C@]1([H])C(=O)C([H])=C([H])C1([H])[H],QM7,0.6087,0,0
[H]O[C@@]1([H])C([H])=C([H])C(=O)C1([H])[H],QM7,0.5185,0,0
[H]C1=C(N([H])[H])C([H])([H])C([H])([H])C1=O,QM7,0.6667,0,0
[H]C1([H])OC([H])([H])[C@]2([H])C([H])([H])[C@]12[H],QM7,0.6667,0,0
[H]C1([H])OC([H])([H])[C@]2(C([H])([H])[H])C([H])([H])[C@]12[H],QM7,0.5833,0,0
[H]C([H])([H])[C@]1([H])[C@]2([H])C([H])([H])OC([H])([H])[C@]12[H],QM7,0.5625,0,0
[H]C1([H])O[C@]([H])(C([H])([H])[H])[C@]2([H])C([H])([H])[C@]12[H],QM7,0.5909,0,0
[H]O[C@]12C([H])([H])OC([H])([H])[C@@]1([H])C2([H])[H],QM7,0.4783,0,0
[H]O[C@]1([H])[C@]2([H])C([H])([H])OC([H])([H])[C@]12[H],QM7,0.8571,0,0
[H]N([H])[C@]12C([H])([H])OC([H])([H])[C@@]1([H])C2([H])[H],QM7,0.5600,0,0
[H]N([H])[C@]1([H])[C@]2([H])C([H])([H])OC([H])([H])[C@]12[H],QM7,1.0000,1,0
[H]C1([H])OC([H])([H])C([H])([H])C([H])([H])C1([H])[H],QM7,1.0000,9,0
[H]C1([H])O[C@@]([H])(C([H])([H])[H])C([H])([H])C([H])([H])C1([H])[H],QM7,0.9412,0,0
[H]C1([H])OC([H])([H])[C@@]([H])(C([H])([H])[H])C([H])([H])C1([H])[H],QM7,1.0000,1,0
[H]C([H])([H])C1([H])C([H])([H])C([H])([H])OC([H])([H])C1([H])[H],QM7,0.8667,0,0
[H]O[C@]1([H])C([H])([H])OC([H])([H])C([H])([H])C1([H])[H],QM7,0.8947,0,0
[H]OC1([H])C([H])([H])C([H])([H])OC([H])([H])C1([H])[H],QM7,0.7222,0,0
[H]N([H])[C@]1([H])C([H])([H])OC([H])([H])C([H])([H])C1([H])[H],QM7,1.0000,1,0
[H]N([H])C1([H])C([H])([H])C([H])([H])OC([H])([H])C1([H])[H],QM7,0.9286,0,0
[H]C1=C([H])C([H])([H])C([H])([H])OC1([H])[H],QM7,0.6667,0,0
[H]C1=C([H])C([H])([H])[C@]([H])(C([H])([H])[H])OC1([H])[H],QM7,0.5200,0,0
[H]C1=C(C([H])([H])[H])C([H])([H])OC([H])([H])C1([H])[H],QM7,0.6087,0,0
[H]C1=C(C([H])([H])[H])C([H])([H])C([H])([H])OC1([H])[H],QM7,0.7273,0,0
[H]C1=C([H])[C@]([H])(C([H])([H])[H])C([H])([H])OC1([H])[H],QM7,0.5000,0,0
[H]C1=C([H])[C@]([H])(C([H])([H])[H])OC([H])([H])C1([H])[H],QM7,1.0000,1,0
[H]O[C@@]1([H])C([H])=C([H])C([H])([H])OC1([H])[H],QM7,0.5200,0,0
[H]C1=C([H])[C@]([H])(N([H])[H])C([H])([H])OC1([H])[H],QM7,0.4615,0,0
[H]C1([H])C([H])([H])[C@]2([H])O[C@]2([H])C1([H])[H],QM7,1.0000,2,0
[H]C1([H])C([H])([H])[C@@]2(C([H])([H])[H])O[C@@]2([H])C1([H])[H],QM7,1.0000,1,0
[H]C([H])([H])[C@@]1([H])C([H])([H])[C@]2([H])O[C@]2([H])C1([H])[H],QM7,0.7500,0,0
[H]C([H])([H])[C@@]1([H])C([H])([H])C([H])([H])[C@@]2([H])O[C@@]12[H],QM7,0.7000,0,0
[H]O[C@@]1([H])C([H])([H])[C@]2([H])O[C@]2([H])C1([H])[H],QM7,1.0000,1,0
[H]O[C@@]1([H])C([H])([H])C([H])([H])[C@@]2([H])O[C@@]12[H],QM7,1.0000,3,0
[H]N([H])[C@@]1([H])C([H])([H])[C@]2([H])O[C@]2([H])C1([H])[H],QM7,0.5714,0,0
[H]N([H])[C@@]1([H])C([H])([H])C([H])([H])[C@@]2([H])O[C@@]12[H],QM7,0.7000,0,0
[H]C1([H])C([H])([H])[C@@]2([H])O[C@]1([H])C2([H])[H],QM7,1.0000,1,0
[H]C1([H])C([H])([H])[C@]2(C([H])([H])[H])O[C@@]1([H])C2([H])[H],QM7,0.6250,0,0
[H]C([H])([H])[C@@]1([H])[C@@]2([H])O[C@]1([H])C([H])([H])C2([H])[H],QM7,0.8571,0,0
[H]C([H])([H])[C@]1([H])C([H])([H])[C@]2([H])O[C@@]1([H])C2([H])[H],QM7,0.9375,0,0
[H]O[C@@]1([H])[C@@]2([H])O[C@]1([H])C([H])([H])C2([H])[H],QM7,0.7500,0,0
[H]O[C@]1([H])C([H])([H])[C@]2([H])O[C@@]1([H])C2([H])[H],QM7,0.6842,0,0
[H]N([H])[C@@]1([H])[C@@]2([H])O[C@]1([H])C([H])([H])C2([H])[H],QM7,0.8571,0,0
[H]N([H])[C@]1([H])C([H])([H])[C@]2([H])O[C@@]1([H])C2([H])[H],QM7,0.6471,0,0
[H]C([H])=C1C([H])([H])C([H])([H])C([H])([H])C1([H])[H],QM7,0.9091,0,0
[H]C([H])=C1C([H])([H])C([H])([H])C([H])([H])[C@]1([H])C([H])([H])[H],QM7,0.8421,0,0
[H]C([H])=C1C([H])([H])C([H])([H])[C@]([H])(C([H])([H])[H])C1([H])[H],QM7,0.7391,0,0
[H]C(=C1C([H])([H])C([H])([H])C([H])([H])C1([H])[H])C([H])([H])[H],QM7,0.7143,0,0
[H]C([H])=C1C([H])([H])C([H])([H])C([H])([H])[C@]1([H])N([H])[H],QM7,0.4783,0,0
[H]C([H])=C1C([H])([H])C([H])([H])[C@]([H])(N([H])[H])C1([H])[H],QM7,0.5217,0,0
[H]O[C@]1([H])C(=C([H])[H])C([H])([H])C([H])([H])C1([H])[H],QM7,0.8000,0,0
[H]O[C@]1([H])C([H])([H])C(=C([H])[H])C([H])([H])C1([H])[H],QM7,0.6842,0,0
[H]C1=C([H])C([H])([H])C([H])([H])C([H])([H])C1([H])[H],QM7,1.0000,5,0
[H]C1=C(C([H])([H])[H])C([H])([H])C([H])([H])C([H])([H])C1([H])[H],QM7,0.9412,0,0
[H]C1=C([H])C([H])([H])[C@]([H])(C([H])([H])[H])C([H])([H])C1([H])[H],QM7,1.0000,2,0
[H]C1=C([H])[C@]([H])(C([H])([H])[H])C([H])([H])C([H])([H])C1([H])[H],QM7,0.8947,0,0
[H]C1=C([H])C([H])([H])[C@]([H])(N([H])[H])C([H])([H])C1([H])[H],QM7,0.9412,0,0
[H]C1=C([H])[C@]([H])(N([H])[H])C([H])([H])C([H])([H])C1([H])[H],QM7,1.0000,1,0
[H]O[C@@]1([H])C([H])([H])C([H])=C([H])C([H])([H])C1([H])[H],QM7,0.7059,0,0
[H]O[C@@]1([H])C([H])=C([H])C([H])([H])C([H])([H])C1([H])[H],QM7,0.8000,0,0
[H]C1=C([H])[C@]2([H])C([H])([H])[C@@]1([H])C2([H])[H],QM7,0.6429,0,0
[H]C1=C([H])[C@]2(N([H])[H])C([H])([H])[C@@]1([H])C2([H])[H],QM7,0.6364,0,0
[H]C1=C([H])[C@]2([H])C([H])([H])[C@@]1([H])[C@]2([H])N([H])[H],QM7,0.8571,0,0
[H]O[C@]12C([H])=C([H])[C@]([H])(C1([H])[H])C2([H])[H],QM7,0.5833,0,0
[H]O[C@@]1([H])[C@@]2([H])C([H])=C([H])[C@]1([H])C2([H])[H],QM7,0.6471,0,0
[H]C1=C([H])[C@]2(C([H])([H])[H])C([H])([H])[C@@]1([H])C2([H])[H],QM7,0.6364,0,0
[H]C1=C([H])[C@]2([H])C([H])([H])[C@@]1([H])[C@]2([H])C([H])([H])[H],QM7,0.8571,0,0
[H]C1=C(C([H])([H])[H])[C@]2([H])C([H])([H])[C@@]1([H])C2([H])[H],QM7,0.6667,0,0
[H]C([H])=C1C([H])([H])N([H])C([H])([H])C1([H])[H],QM7,0.6111,0,0
[H]C([H])=C1C([H])([H])N(C([H])([H])[H])C([H])([H])C1([H])[H],QM7,0.5200,0,0
[H]C([H])=C1C([H])([H])N([H])C([H])([H])[C@]1([H])N([H])[H],QM7,0.5000,0,0
[H]C([H])=C1C([H])([H])N([H])[C@@]([H])(C([H])([H])[H])C1([H])[H],QM7,0.6000,0,0
[H]O[C@]1([H])C(=C([H])[H])C([H])([H])N([H])C1([H])[H],QM7,0.5000,0,0
[H]C([H])=C1C([H])([H])N([H])C([H])([H])[C@]1([H])C([H])([H])[H],QM7,1.0000,1,0
[H]C([H])=C1C([H])([H])C([H])([H])N([H])[C@]1([H])C([H])([H])[H],QM7,0.5000,0,0
[H]/C(=C1\C([H])([H])N([H])C([H])([H])C1([H])[H])C([H])([H])[H],QM7,1.0000,1,0
[H]C1=NN([H])C([H])([H])C([H])([H])C1([H])[H],QM7,0.6471,0,0
[H]C1=NN(C([H])([H])[H])C([H])([H])C([H])([H])C1([H])[H],QM7,0.6667,0,0
[H]O[C@@]1([H])C([H])=NN([H])C([H])([H])C1([H])[H],QM7,0.5652,0,0
[H]O[C@@]1([H])C([H])([H])C([H])=NN([H])C1([H])[H],QM7,0.4400,0,0
[H]C1=NN([H])[C@]([H])(C([H])([H])[H])C([H])([H])C1([H])[H],QM7,0.5000,0,0
[H]C1=NN([H])C([H])([H])C([H])([H])[C@@]1([H])C([H])([H])[H],QM7,0.3704,0,0
[H]C1=NN([H])C([H])([H])[C@@]([H])(C([H])([H])[H])C1([H])[H],QM7,0.4815,0,0
[H]N1N=C(C([H])([H])[H])C([H])([H])C([H])([H])C1([H])[H],QM7,0.7000,0,0
[H]C1=C([H])[C@]2([H])N([H])[C@]2([H])C1([H])[H],QM7,0.4091,0,0
[H]C1=C([H])[C@]2([H])N(C([H])([H])[H])[C@]2([H])C1([H])[H],QM7,0.4848,0,0
[H]C1=C([H])[C@]2([H])N([H])[C@]2([H])[C@@]1([H])N([H])[H],QM7,0.3500,0,0
[H]C1=C([H])[C@]2([H])N([H])[C@]2(C([H])([H])[H])C1([H])[H],QM7,0.3448,0,0
[H]C1=C(C([H])([H])[H])C([H])([H])[C@@]2([H])N([H])[C@@]12[H],QM7,0.4828,0,0
[H]C1=C(C([H])([H])[H])[C@]2([H])N([H])[C@]2([H])C1([H])[H],QM7,0.4516,0,0
[H]C1=C([H])[C@]([H])(C([H])([H])[H])[C@@]2([H])N([H])[C@@]12[H],QM7,0.4118,0,0
[H]O[C@@]1([H])C([H])=C([H])[C@]2([H])N([H])[C@]12[H],QM7,0.3684,0,0
[H]C([H])([H])[C]1S[N]N=C1C([H])([H])[H],QM7,0.3000,0,0
[H]C1=N[N]S[C]1C([H])=C([H])[H],QM7,0.2903,0,0
[H]C#C[C]1S[N]N=C1[H],QM7,0.2759,0,0
[H]C1=N[N]S[C]1C([H])([H])C([H])([H])[H],QM7,0.2917,0,0
[H][C]1S[N]N=C1C([H])=C([H])[H],QM7,0.2857,0,0
[H]C#CC1=N[N]S[C]1[H],QM7,0.2857,0,0
[H][C]1S[N]N=C1C([H])([H])C([H])([H])[H],QM7,0.3462,0,0
[H]C([H])([H])[C]1O[N]N=C1C([H])([H])[H],QM7,0.2609,0,0
[H]C1=N[N]O[C]1C([H])([H])C([H])([H])[H],QM7,0.2857,0,0
[H]C1=N[N]O[C]1C([H])=C([H])[H],QM7,0.2692,0,0
[H]C#C[C]1O[N]N=C1[H],QM7,0.2667,0,0
[H][C]1O[N]N=C1C([H])([H])C([H])([H])[H],QM7,0.3462,0,0
[H][C]1O[N]N=C1C([H])=C([H])[H],QM7,0.2903,0,0
[H]C#CC1=N[N]O[C]1[H],QM7,0.3000,0,0
[H]C([H])=C1C([H])([H])OC([H])([H])C1([H])[H],QM7,0.5789,0,0
[H]C([H])=C1C([H])([H])O[C@@]([H])(C([H])([H])[H])C1([H])[H],QM7,0.5600,0,0
[H]C([H])=C1C([H])([H])OC([H])([H])[C@]1([H])C([H])([H])[H],QM7,0.4815,0,0
[H]C([H])=C1C([H])([H])C([H])([H])O[C@]1([H])C([H])([H])[H],QM7,0.5833,0,0
[H]/C(=C1\C([H])([H])OC([H])([H])C1([H])[H])C([H])([H])[H],QM7,0.5652,0,0
[H]O[C@]1([H])C(=C([H])[H])C([H])([H])OC1([H])[H],QM7,0.7727,0,0
[H]C([H])=C1C([H])([H])OC([H])([H])[C@]1([H])N([H])[H],QM7,0.4500,0,0
[H]C([H])=C1OC([H])=C([H])C1([H])[H],QM7,0.8889,0,0
[H]C([H])=C1OC(C([H])([H])[H])=C([H])C1([H])[H],QM7,0.5217,0,0
[H]C([H])=C1OC([H])=C([H])[C@]1([H])C([H])([H])[H],QM7,0.5000,0,0
[H]C([H])=C1OC([H])=C(C([H])([H])[H])C1([H])[H],QM7,0.9000,0,0
[H]C1=C([H])C([H])([H])/C(=C(\[H])C([H])([H])[H])O1,QM7,0.5357,0,0
[H]O[C@@]1([H])C([H])=C([H])OC1=C([H])[H],QM7,0.5200,0,0
[H]C([H])=C1OC([H])=C([H])[C@]1([H])N([H])[H],QM7,0.4615,0,0
[H]C1=C([H])[C@]2([H])O[C@]2([H])C1([H])[H],QM7,0.5909,0,0
[H]C1=C([H])[C@]2([H])O[C@]2(C([H])([H])[H])C1([H])[H],QM7,0.4444,0,0
[H]C1=C(C([H])([H])[H])C([H])([H])[C@@]2([H])O[C@@]12[H],QM7,0.4667,0,0
[H]C1=C(C([H])([H])[H])[C@]2([H])O[C@]2([H])C1([H])[H],QM7,0.4667,0,0
[H]C1=C([H])[C@]([H])(C([H])([H])[H])[C@@]2([H])O[C@@]12[H],QM7,0.5263,0,0
[H]O[C@@]1([H])C([H])=C([H])[C@]2([H])O[C@]12[H],QM7,0.5600,0,0
[H]C1=C([H])[C@]([H])(N([H])[H])[C@@]2([H])O[C@@]12[H],QM7,0.5263,0,0
[H]C1=C([H])[C@@]2([H])C([H])([H])[C@@]2([H])O1,QM7,0.5000,0,0
[H]C1=C([H])[C@@]2([H])C([H])([H])[C@@]2(C([H])([H])[H])O1,QM7,0.3636,0,0
[H]C1=C([H])[C@]2([H])[C@]([H])(O1)[C@@]2([H])C([H])([H])[H],QM7,0.4400,0,0
[H]C1=C(C([H])([H])[H])O[C@]2([H])C([H])([H])[C@]12[H],QM7,0.4348,0,0
[H]C1=C(C([H])([H])[H])[C@@]2([H])C([H])([H])[C@@]2([H])O1,QM7,0.4444,0,0
[H]O[C@]1([H])[C@@]2([H])OC([H])=C([H])[C@@]12[H],QM7,0.4444,0,0
[H]C1=C([H])[C@]2([H])[C@]([H])(O1)[C@@]2([H])N([H])[H],QM7,0.4400,0,0
[H]C1([H])C([H])([H])C1([H])C1([H])C([H])([H])C1([H])[H],QM7,0.7500,0,0
[H]N([H])[C@@]1([H])C([H])([H])[C@]1([H])C1([H])C([H])([H])C1([H])[H],QM7,0.7500,0,0
[H]N([H])C1(C2([H])C([H])([H])C2([H])[H])C([H])([H])C1([H])[H],QM7,0.7222,0,0
[H]C1([H])C([H])([H])C1([H])[C@@]1([H])C([H])([H])[C@]1([H])C([H])([H])[H],QM7,0.7647,0,0
[H]C([H])([H])C1(C2([H])C([H])([H])C2([H])[H])C([H])([H])C1([H])[H],QM7,0.7059,0,0
[H]O[C@@]1([H])C([H])([H])[C@]1([H])C1([H])C([H])([H])C1([H])[H],QM7,0.6471,0,0
[H]OC1(C2([H])C([H])([H])C2([H])[H])C([H])([H])C1([H])[H],QM7,0.7500,0,0
[H]C1=NC([H])([H])C([H])([H])C([H])([H])N1[H],QM7,1.0000,1,0
[H]C1=NC([H])([H])C([H])([H])C([H])([H])N1C([H])([H])[H],QM7,0.6250,0,0
[H]O[C@@]1([H])C([H])([H])N=C([H])N([H])C1([H])[H],QM7,0.5417,0,0
[H]ON1C([H])=NC([H])([H])C([H])([H])C1([H])[H],QM7,0.4615,0,0
[H]C1=NC([H])([H])C([H])([H])[C@@]([H])(C([H])([H])[H])N1[H],QM7,1.0000,1,1
[H]C1=NC([H])([H])[C@]([H])(C([H])([H])[H])C([H])([H])N1[H],QM7,0.5200,0,0
[H]N1C(C([H])([H])[H])=NC([H])([H])C([H])([H])C1([H])[H],QM7,0.6087,0,0
[H]C1=N[C@@]2([H])C([H])([H])[C@@]2([H])N1[H],QM7,0.6522,0,0
[H]C1=N[C@@]2([H])C([H])([H])[C@@]2([H])N1C([H])([H])[H],QM7,0.6207,0,0
[H]C1=N[C@@]2([H])C([H])([H])[C@@]2(C([H])([H])[H])N1[H],QM7,0.3235,0,0
[H]C1=N[C@]2([H])[C@]([H])(N1[H])[C@@]2([H])C([H])([H])[H],QM7,0.4667,0,0
[H]O[C@@]1([H])[C@]2([H])N=C([H])N([H])[C@@]21[H],QM7,0.3750,0,0
[H]ON1C([H])=N[C@@]2([H])C([H])([H])[C@@]12[H],QM7,0.3824,0,0
[H]N1C(C([H])([H])[H])=N[C@@]2([H])C([H])([H])[C@@]12[H],QM7,0.5769,0,0
[H]C1=C([H])[C@]2([H])N([H])[C@@]1([H])C2([H])[H],QM7,0.5000,0,0
[H]C1=C([H])[C@]2([H])N(C([H])([H])[H])[C@@]1([H])C2([H])[H],QM7,0.7222,0,0
[H]C1=C([H])[C@]2([H])N([H])[C@@]1([H])[C@]2([H])N([H])[H],QM7,0.4118,0,0
[H]C1=C([H])[C@]2([H])N([H])[C@@]1(C([H])([H])[H])C2([H])[H],QM7,0.6538,0,0
[H]C1=C([H])[C@]2([H])N([H])[C@@]1([H])[C@]2([H])C([H])([H])[H],QM7,0.3529,0,0
[H]C1=C(C([H])([H])[H])[C@@]2([H])N([H])[C@]1([H])C2([H])[H],QM7,0.3462,0,0
[H]O[C@@]1([H])[C@@]2([H])C([H])=C([H])[C@]1([H])N2[H],QM7,0.5000,0,0
[H]N1/C(=N/C([H])([H])[H])C([H])([H])C([H])([H])C1([H])[H],QM7,0.8095,0,0
[H]/N=C1/N([H])C([H])([H])C([H])([H])[C@]1([H])O[H],QM7,0.4444,0,0
[H]/N=C1/N([H])C([H])([H])[C@]([H])(O[H])C1([H])[H],QM7,0.4444,0,0
[H]O/N=C1/N([H])C([H])([H])C([H])([H])C1([H])[H],QM7,0.4615,0,0
[H]/N=C1/N([H])C([H])([H])C([H])([H])[C@]1([H])C([H])([H])[H],QM7,0.4444,0,0
[H]/N=C1/N([H])C([H])([H])[C@]([H])(C([H])([H])[H])C1([H])[H],QM7,0.4138,0,0
[H]N1C([H])([H])C(=O)C([H])([H])C1([H])[H],QM7,0.6522,0,0
[H]N1C([H])([H])C(=O)C([H])([H])[C@]1([H])C([H])([H])[H],QM7,0.6087,0,0
[H]N1C([H])([H])C(=O)[C@@]([H])(C([H])([H])[H])C1([H])[H],QM7,0.5000,0,0
[H]N1C([H])([H])C([H])([H])C(=O)[C@@]1([H])C([H])([H])[H],QM7,1.0000,1,0
[H]C([H])([H])N1C([H])([H])C(=O)C([H])([H])C1([H])[H],QM7,0.6842,0,0
[H]O[C@]1([H])C(=O)C([H])([H])N([H])C1([H])[H],QM7,1.0000,1,0
[H]C1=NOC([H])([H])C([H])=C1[H],QM7,0.6957,0,0
[H]C1=NOC([H])([H])C(C([H])([H])[H])=C1[H],QM7,0.3929,0,0
[H]C1=NOC([H])([H])C([H])=C1C([H])([H])[H],QM7,0.4091,0,0
[H]C1=C([H])C([H])([H])ON=C1C([H])([H])[H],QM7,0.5200,0,0
[H]C1=NO[C@@]([H])(C([H])([H])[H])C([H])=C1[H],QM7,1.0000,1,0
[H]C1=NOC([H])([H])C(N([H])[H])=C1[H],QM7,0.3704,0,0
[H]N1C([H])([H])[C@@]1([H])[C@]1([H])OC1([H])[H],QM7,0.7059,0,0
[H]N1C([H])([H])[C@@]1(C([H])([H])[H])[C@]1([H])OC1([H])[H],QM7,0.4348,0,0
[H]N1C([H])([H])[C@]1([H])[C@@]1(C([H])([H])[H])OC1([H])[H],QM7,0.4348,0,0
[H]N1[C@]([H])([C@]2([H])OC2([H])[H])[C@@]1([H])C([H])([H])[H],QM7,0.4400,0,0
[H]N1C([H])([H])[C@]1([H])[C@@]1([H])O[C@]1([H])C([H])([H])[H],QM7,0.5000,0,0
[H]C([H])([H])N1C([H])([H])[C@]1([H])[C@]1([H])OC1([H])[H],QM7,0.5000,0,0
[H]C1=NO[C@]2([H])C([H])([H])[C@]12[H],QM7,0.3333,0,0
[H]C1=NO[C@]2(C([H])([H])[H])C([H])([H])[C@]12[H],QM7,0.4138,0,0
[H]C1=NO[C@@]2([H])[C@]1([H])[C@]2([H])C([H])([H])[H],QM7,0.3704,0,0
[H]C([H])([H])C1=NO[C@]2([H])C([H])([H])[C@]12[H],QM7,0.6207,0,0
[H]C1=NO[C@@]2([H])[C@]1([H])[C@]2([H])N([H])[H],QM7,0.2927,0,0
[H]O[C@]1([H])[C@@]2([H])ON=C([H])[C@@]12[H],QM7,0.3704,0,0
[H]C1([H])OC(=O)C([H])([H])C1([H])[H],QM7,1.0000,2,0
[H]C1([H])C(=O)O[C@@]([H])(C([H])([H])[H])C1([H])[H],QM7,0.9474,0,0
[H]C1([H])OC(=O)[C@@]([H])(C([H])([H])[H])C1([H])[H],QM7,0.7391,0,0
[H]C([H])([H])[C@@]1([H])C([H])([H])OC(=O)C1([H])[H],QM7,0.7727,0,0
[H]N([H])[C@]1([H])C(=O)OC([H])([H])C1([H])[H],QM7,0.9000,0,0
[H]N([H])[C@@]1([H])C([H])([H])OC(=O)C1([H])[H],QM7,1.0000,2,0
[H]C1([H])O[C@]([H])(C([H])([H])[H])C1=O,QM7,0.6087,0,0
[H]C1([H])OC(C([H])([H])[H])(C([H])([H])[H])C1=O,QM7,0.5217,0,0
[H]C([H])([H])[C@@]1([H])O[C@]([H])(C([H])([H])[H])C1=O,QM7,0.6250,0,0
[H]C([H])=C([H])[C@@]1([H])OC([H])([H])C1=O,QM7,0.4783,0,0
[H]C1([H])O[C@]([H])(C([H])([H])C([H])([H])[H])C1=O,QM7,0.5714,0,0
[H]C#C[C@@]1([H])OC([H])([H])C1=O,QM7,0.4286,0,0
[H]C1=C([H])C([H])=C([H])C([H])([H])O1,QM7,1.0000,1,0
[H]C1=C(C([H])([H])[H])OC([H])([H])C([H])=C1[H],QM7,0.5833,0,0
[H]C1=C([H])C([H])=C(C([H])([H])[H])C([H])([H])O1,QM7,0.5000,0,0
[H]C1=C([H])C(C([H])([H])[H])=C([H])C([H])([H])O1,QM7,0.5000,0,0
[H]C1=C(C([H])([H])[H])C([H])=C([H])C([H])([H])O1,QM7,0.5385,0,0
[H]C1=C([H])C([H])=C([H])[C@]([H])(C([H])([H])[H])O1,QM7,0.4800,0,0
[H]C1=C([H])C([H])([H])C([H])=C([H])O1,QM7,0.5000,0,0
[H]C1=C([H])C([H])([H])C([H])=C(C([H])([H])[H])O1,QM7,1.0000,1,0
[H]C1=C([H])C([H])(C([H])([H])[H])C([H])=C([H])O1,QM7,0.4667,0,0
[H]C1=C([H])C([H])([H])C(C([H])([H])[H])=C([H])O1,QM7,0.5217,0,0
[H]OC1([H])C([H])=C([H])OC([H])=C1[H],QM7,0.4375,0,0
[H]C1=C([H])C([H])(N([H])[H])C([H])=C([H])O1,QM7,0.5385,0,0
[H]C1=C([H])[C@@]2([H])O[C@]1([H])C2([H])[H],QM7,0.6875,0,0
[H]C1=C([H])[C@]2([H])O[C@@]1(C([H])([H])[H])C2([H])[H],QM7,0.6538,0,0
[H]C1=C([H])[C@@]2([H])O[C@]1([H])[C@@]2([H])C([H])([H])[H],QM7,0.8000,0,0
[H]C1=C(C([H])([H])[H])[C@@]2([H])O[C@]1([H])C2([H])[H],QM7,0.4722,0,0
[H]O[C@]1([H])[C@@]2([H])O[C@]1([H])C([H])=C2[H],QM7,0.8571,0,0
[H]C1=C([H])[C@@]2([H])O[C@]1([H])[C@@]2([H])N([H])[H],QM7,0.5455,0,0
[H][N]C1=C([H])[C]([H])C([H])([H])N1[H],QM7,0.2727,0,0
[H][N]C1=C([H])[C]([H])C([H])([H])N1C([H])([H])[H],QM7,0.3462,0,0
[H][N]C1=C([H])[C]([H])C([H])([H])N1O[H],QM7,0.2727,0,0
[H][N]C1=C(C([H])([H])[H])[C]([H])C([H])([H])N1[H],QM7,0.3636,0,0
[H][N]C1=C([H])[C](C([H])([H])[H])C([H])([H])N1[H],QM7,0.3103,0,0
[H][N]C1=C([H])[C]([H])[C@]([H])(C([H])([H])[H])N1[H],QM7,0.2857,0,0
[H]C([H])=C1C([H])([H])C([H])=C([H])C1([H])[H],QM7,0.4545,0,0
[H]C([H])=C1C([H])([H])C([H])=C(C([H])([H])[H])C1([H])[H],QM7,0.9444,0,0
[H]C(=C1C([H])([H])C([H])=C([H])C1([H])[H])C([H])([H])[H],QM7,0.8125,0,0
[H]C([H])=C1C([H])([H])C([H])=C([H])[C@]1([H])N([H])[H],QM7,0.5833,0,0
[H]O[C@@]1([H])C([H])=C([H])C([H])([H])C1=C([H])[H],QM7,0.5217,0,0
[H]C([H])=C1C([H])([H])C([H])=C([H])[C@]1([H])C([H])([H])[H],QM7,1.0000,1,0
[H]C1=C([H])C([H])([H])C([H])([H])C([H])=C1[H],QM7,0.8889,0,0
[H]C1=C([H])C([H])([H])C([H])([H])C(C([H])([H])[H])=C1[H],QM7,0.9444,0,0
[H]C1=C([H])C([H])([H])C([H])([H])C([H])=C1C([H])([H])[H],QM7,0.9412,0,0
[H]C1=C([H])C([H])([H])[C@@]([H])(C([H])([H])[H])C([H])=C1[H],QM7,0.9412,0,0
[H]C1=C([H])C([H])([H])[C@@]([H])(N([H])[H])C([H])=C1[H],QM7,0.9412,0,0
[H]O[C@@]1([H])C([H])=C([H])C([H])=C([H])C1([H])[H],QM7,1.0000,1,0
[H]C1=NN([H])C([H])([H])C([H])=C1[H],QM7,0.8889,0,0
[H]C1=NN(C([H])([H])[H])C([H])([H])C([H])=C1[H],QM7,0.5000,0,0
[H]C1=NN([H])C([H])([H])C(C([H])([H])[H])=C1[H],QM7,0.5185,0,0
[H]C1=NN([H])C([H])([H])C([H])=C1C([H])([H])[H],QM7,0.5385,0,0
[H]C1=C([H])C([H])([H])N([H])N=C1C([H])([H])[H],QM7,1.0000,1,0
[H]C1=NN([H])[C@@]([H])(C([H])([H])[H])C([H])=C1[H],QM7,1.0000,1,0
[H]C1=NN2C([H])([H])[C@@]2([H])C1([H])[H],QM7,0.4516,0,0
[H]C1=NN2C([H])([H])[C@@]2(C([H])([H])[H])C1([H])[H],QM7,0.3438,0,0
[H]C1=NN2[C@]([H])(C([H])([H])[H])[C@@]2([H])C1([H])[H],QM7,0.3548,0,0
[H]O[C@@]1([H])C([H])=NN2C([H])([H])[C@]21[H],QM7,0.3939,0,0
[H]C1=NN2C([H])([H])[C@@]2([H])[C@@]1([H])C([H])([H])[H],QM7,0.3714,0,0
[H]C([H])([H])C1=NN2C([H])([H])[C@@]2([H])C1([H])[H],QM7,0.4062,0,0
[H]C1([H])N(C2([H])C([H])([H])C2([H])[H])C1([H])[H],QM7,0.7333,0,0
[H]N([H])[C@@]1([H])C([H])([H])[C@]1([H])N1C([H])([H])C1([H])[H],QM7,0.7222,0,0
[H]C1([H])N([C@@]2([H])C([H])([H])[C@]2([H])C([H])([H])[H])C1([H])[H],QM7,0.7778,0,0
[H]C([H])([H])C1(N2C([H])([H])C2([H])[H])C([H])([H])C1([H])[H],QM7,0.6875,0,0
[H]O[C@@]1([H])C([H])([H])[C@]1([H])N1C([H])([H])C1([H])[H],QM7,0.5238,0,0
[H]C1([H])C([H])([H])C1([H])N1C([H])([H])[C@]1([H])C([H])([H])[H],QM7,0.5652,0,0
[H]C1=NN([H])[C@]2([H])C([H])([H])[C@]12[H],QM7,0.5769,0,0
[H]C1=NN(C([H])([H])[H])[C@]2([H])C([H])([H])[C@]12[H],QM7,1.0000,1,0
[H]C1=NN([H])[C@]2(C([H])([H])[H])C([H])([H])[C@]12[H],QM7,0.3846,0,0
[H]C1=NN([H])[C@@]2([H])[C@]1([H])[C@]2([H])C([H])([H])[H],QM7,0.4615,0,0
[H]O[C@@]1([H])[C@]2([H])C([H])=NN([H])[C@]12[H],QM7,0.3571,0,0
[H]N1N=C(C([H])([H])[H])[C@@]2([H])C([H])([H])[C@@]12[H],QM7,0.6071,0,0
[H]C1([H])C([H])([H])S(=O)(=O)C1([H])[H],QM7,0.8182,0,0
[H]C([H])([H])[C@@]1([H])C([H])([H])C([H])([H])S1(=O)=O,QM7,0.5714,0,0
[H]C([H])([H])C1([H])C([H])([H])S(=O)(=O)C1([H])[H],QM7,0.5789,0,0
[H]O[C@@]1([H])C([H])([H])C([H])([H])S1(=O)=O,QM7,0.5000,0,0
[H]OC1([H])C([H])([H])S(=O)(=O)C1([H])[H],QM7,0.4762,0,0
[H]C1=NOC([H])([H])C1=C([H])[H],QM7,0.4231,0,0
[H]C([H])=C1C(C([H])([H])[H])=NOC1([H])[H],QM7,0.4545,0,0
[H]C1=NO[C@]([H])(C([H])([H])[H])C1=C([H])[H],QM7,0.3333,0,0
[H]C1=NOC([H])([H])/C1=C(\[H])C([H])([H])[H],QM7,0.4286,0,0
[H]C1=NOC([H])([H])/C1=C(\[H])N([H])[H],QM7,0.3793,0,0
[H]C1=C([H])C([H])([H])OC1=O,QM7,0.9412,0,0
[H]C1=C(C([H])([H])[H])C(=O)OC1([H])[H],QM7,0.5833,0,0
[H]C1=C(C([H])([H])[H])C([H])([H])OC1=O,QM7,0.6207,0,0
[H]C1=C([H])[C@]([H])(C([H])([H])[H])OC1=O,QM7,0.5000,0,0
[H]C1=C(N([H])[H])C([H])([H])OC1=O,QM7,0.6000,0,0
[H]C1=C([H])C([H])([H])C(=O)O1,QM7,1.0000,2,0
[H]C1=C(C([H])([H])[H])OC(=O)C1([H])[H],QM7,0.5417,0,0
[H]C1=C([H])[C@]([H])(C([H])([H])[H])C(=O)O1,QM7,1.0000,1,0
[H]C1=C(C([H])([H])[H])C([H])([H])C(=O)O1,QM7,1.0000,1,0
[H]C1=C([H])[C@]([H])(N([H])[H])C(=O)O1,QM7,0.5833,0,0
[H]C1([H])C(=O)C([H])([H])C([H])([H])C1([H])[H],QM7,0.9091,0,0
[H]C1([H])C(=O)[C@@]([H])(C([H])([H])[H])C([H])([H])C1([H])[H],QM7,1.0000,1,0
[H]C1([H])C(=O)C([H])([H])[C@@]([H])(C([H])([H])[H])C1([H])[H],QM7,0.8095,0,0
[H]O[C@]1([H])C(=O)C([H])([H])C([H])([H])C1([H])[H],QM7,0.8000,0,0
[H]O[C@]1([H])C([H])([H])C(=O)C([H])([H])C1([H])[H],QM7,1.0000,1,0
[H]C([H])=C1C([H])=C([H])OC1([H])[H],QM7,0.5000,0,0
[H]C([H])=C1C([H])=C(C([H])([H])[H])OC1([H])[H],QM7,0.5833,0,0
[H]C([H])=C1C(C([H])([H])[H])=C([H])OC1([H])[H],QM7,0.5000,0,0
[H]C([H])=C1C([H])=C([H])O[C@]1([H])C([H])([H])[H],QM7,0.4615,0,0
[H]C1=C([H])/C(=C(/[H])C([H])([H])[H])C([H])([H])O1,QM7,0.5385,0,0
[H]C1=C([H])C([H])([H])OC([H])([H])O1,QM7,0.4583,0,0
[H]C1=C(C([H])([H])[H])OC([H])([H])OC1([H])[H],QM7,0.5789,0,0
[H]C1=C(C([H])([H])[H])C([H])([H])OC([H])([H])O1,QM7,0.5000,0,0
[H]C1=C([H])C([H])([H])O[C@@]([H])(C([H])([H])[H])O1,QM7,0.9474,0,0
[H]C1=C([H])[C@]([H])(C([H])([H])[H])OC([H])([H])O1,QM7,0.6087,0,0
[H]C1([H])O[C@@]2([H])C([H])([H])[C@@]2([H])O1,QM7,0.6250,0,0
[H]C1([H])O[C@]2(C([H])([H])[H])C([H])([H])[C@]2([H])O1,QM7,0.5263,0,0
[H]C1([H])O[C@@]2([H])[C@@]([H])(O1)[C@@]2([H])C([H])([H])[H],QM7,0.5294,0,0
[H]C([H])([H])[C@]1([H])O[C@@]2([H])C([H])([H])[C@@]2([H])O1,QM7,0.5714,0,0
[H]N([H])[C@@]1([H])[C@@]2([H])OC([H])([H])O[C@]21[H],QM7,0.5238,0,0
[H]C1([H])OC([H])([H])C([H])([H])C([H])([H])O1,QM7,0.9091,0,0
[H]C1([H])OC([H])([H])C([H])([H])[C@]([H])(C([H])([H])[H])O1,QM7,0.6071,0,0
[H]C1([H])OC([H])([H])C([H])(C([H])([H])[H])C([H])([H])O1,QM7,0.6000,0,0
[H]C([H])([H])C1([H])OC([H])([H])C([H])([H])C([H])([H])O1,QM7,0.6190,0,0
[H]N([H])C1([H])C([H])([H])OC([H])([H])OC1([H])[H],QM7,0.4737,0,0
[H][N][C]1N([H])C([H])=C([H])C1([H])[H],QM7,0.4400,0,0
[H][N][C]1N([H])C([H])=C([H])[C@]1([H])O[H],QM7,0.3636,0,0
[H]O[N][C]1N([H])C([H])=C([H])C1([H])[H],QM7,0.4074,0,0
[H][N][C]1N([H])C([H])=C([H])[C@]1([H])C([H])([H])[H],QM7,0.5000,0,0
[H][N][C]1N([H])C([H])=C(C([H])([H])[H])C1([H])[H],QM7,0.5000,0,0
[H]C1=C([H])C([H])([H])C([H])=C([H])C1([H])[H],QM7,0.8571,0,0
[H]C1=C([H])C([H])([H])C(C([H])([H])[H])=C([H])C1([H])[H],QM7,0.9412,0,0
[H]C1=C([H])C([H])(C([H])([H])[H])C([H])=C([H])C1([H])[H],QM7,0.9286,0,0
[H]C1=C([H])C([H])(N([H])[H])C([H])=C([H])C1([H])[H],QM7,0.5385,0,0
[H]OC1([H])C([H])=C([H])C([H])([H])C([H])=C1[H],QM7,0.5263,0,0
[H]C1=NN([H])C([H])([H])C1=C([H])[H],QM7,0.3929,0,0
[H]C1=NN(C([H])([H])[H])C([H])([H])C1=C([H])[H],QM7,0.4194,0,0
[H]C([H])=C1C(C([H])([H])[H])=NN([H])C1([H])[H],QM7,0.5000,0,0
[H]C1=NN([H])[C@]([H])(C([H])([H])[H])C1=C([H])[H],QM7,0.4375,0,0
[H]C1=NN([H])C([H])([H])/C1=C(\[H])C([H])([H])[H],QM7,0.4194,0,0
[H]C1=NC([H])([H])C(=C([H])[H])N1[H],QM7,0.4400,0,0
[H]C1=NC([H])([H])C(=C([H])[H])N1C([H])([H])[H],QM7,0.3571,0,0
[H]ON1C([H])=NC([H])([H])C1=C([H])[H],QM7,0.3214,0,0
[H]C1=N[C@]([H])(C([H])([H])[H])C(=C([H])[H])N1[H],QM7,0.4194,0,0
[H]C1=NC([H])([H])/C(=C(\[H])C([H])([H])[H])N1[H],QM7,0.4722,0,0
[H]C1=NC([H])([H])[C@@]2([H])N1C2([H])[H],QM7,0.3846,0,0
[H]C1=NC([H])([H])[C@@]2(C([H])([H])[H])N1C2([H])[H],QM7,0.4444,0,0
[H]C1=NC([H])([H])[C@]2([H])N1[C@]2([H])C([H])([H])[H],QM7,0.4231,0,0
[H]C([H])([H])C1=NC([H])([H])[C@@]2([H])N1C2([H])[H],QM7,0.3636,0,0
[H]C1=N[C@]([H])(C([H])([H])[H])[C@@]2([H])N1C2([H])[H],QM7,0.3704,0,0
[H]N1C([H])([H])[C@]2([H])N([H])[C@]2([H])C1([H])[H],QM7,0.4444,0,0
[H]N1C([H])([H])[C@]2([H])N(C([H])([H])[H])[C@]2([H])C1([H])[H],QM7,0.6000,0,0
[H]N1[C@@]2([H])C([H])([H])N(C([H])([H])[H])C([H])([H])[C@@]12[H],QM7,0.9333,0,0
[H]N1C([H])([H])[C@@]2(C([H])([H])[H])N([H])[C@@]2([H])C1([H])[H],QM7,0.4783,0,0
[H]N1C([H])([H])[C@@]2([H])N([H])[C@@]2([H])[C@@]1([H])C([H])([H])[H],QM7,0.6000,0,0
[H]C1=NC([H])([H])C([H])=C([H])N1[H],QM7,0.9412,0,0
[H]C1=NC([H])([H])C([H])=C([H])N1C([H])([H])[H],QM7,0.4333,0,0
[H]ON1C([H])=NC([H])([H])C([H])=C1[H],QM7,0.3871,0,0
[H]C1=NC([H])([H])C([H])=C(C([H])([H])[H])N1[H],QM7,0.5769,0,0
[H]C1=N[C@@]([H])(C([H])([H])[H])C([H])=C([H])N1[H],QM7,1.0000,1,0
[H]C1=C([H])[C@]2([H])N(C1([H])[H])C2([H])[H],QM7,0.5000,0,0
[H]C1=C([H])[C@@]2([H])N(C1([H])[H])[C@@]2([H])C([H])([H])[H],QM7,0.3704,0,0
[H]C1=C(C([H])([H])[H])C([H])([H])N2C([H])([H])[C@]12[H],QM7,0.3929,0,0
[H]C1=C([H])[C@]2([H])N(C2([H])[H])[C@@]1([H])C([H])([H])[H],QM7,0.4074,0,0
[H]C1=C(C([H])([H])[H])[C@]2([H])N(C1([H])[H])C2([H])[H],QM7,0.4375,0,0
[H]C([H])([H])c1nsnc1C([H])([H])[H],QM7,0.6471,0,0
[H]C([H])=C([H])c1nsnc1[H],QM7,0.4375,0,0
[H]C#Cc1nsnc1[H],QM7,0.4348,0,0
[H]c1nsnc1C([H])([H])C([H])([H])[H],QM7,0.5926,0,0
[H]C([H])([H])c1nnc(C([H])([H])[H])s1,QM7,0.9167,0,0
[H]C([H])=C([H])c1nnc([H])s1,QM7,0.5385,0,0
[H]C#Cc1nnc([H])s1,QM7,0.4074,0,0
[H]c1nnc(C([H])([H])C([H])([H])[H])s1,QM7,0.6400,0,0
[H]C([H])([H])c1nonc1C([H])([H])[H],QM7,0.8462,0,0
[H]c1nonc1C([H])([H])C([H])([H])[H],QM7,0.5600,0,0
[H]C([H])=C([H])c1nonc1[H],QM7,0.6364,0,0
[H]C#Cc1nonc1[H],QM7,0.4074,0,0
[H]C([H])([H])c1nnc(C([H])([H])[H])o1,QM7,0.5882,0,0
[H]c1nnc(C([H])([H])C([H])([H])[H])o1,QM7,0.5926,0,0
[H]C([H])=C([H])c1nnc([H])o1,QM7,0.4516,0,0
[H]C#Cc1nnc([H])o1,QM7,0.5185,0,0
[H]C1=NN([H])C([H])([H])[C@@]([H])(C([H])([H])[H])O1,QM7,0.4231,0,0
[H]C1=NN([H])[C@]([H])(C([H])([H])[H])C([H])([H])O1,QM7,0.4074,0,0
[H]N1N=C(C([H])([H])[H])OC([H])([H])C1([H])[H],QM7,0.4000,0,0
[H]C1=NN(C([H])([H])[H])C([H])([H])C([H])([H])O1,QM7,0.3846,0,0
[H]c1c(C([H])([H])[H])n([H])n([H])c1=O,QM7,1.0000,1,0
[H]c1c(C([H])([H])[H])c(=O)n([H])n1[H],QM7,0.7143,0,0
[H]c1c([H])n(C([H])([H])[H])n([H])c1=O,QM7,0.8182,0,0
[H]c1c([H])n([H])n(C([H])([H])[H])c1=O,QM7,0.5000,0,0
[H]N1C(=O)C([H])([H])[C@]([H])(C([H])([H])[H])N1[H],QM7,0.5714,0,0
[H]N1C(=O)[C@@]([H])(C([H])([H])[H])C([H])([H])N1[H],QM7,0.4800,0,0
[H]N1C(=O)C([H])([H])C([H])([H])N1C([H])([H])[H],QM7,0.6957,0,0
[H]N1N(C([H])([H])[H])C(=O)C([H])([H])C1([H])[H],QM7,0.6957,0,0
[H]C1=C(C#N)C([H])([H])C([H])([H])N1[H],QM7,0.4000,0,0
[H]/N=C(\[H])N1C([H])=C([H])C([H])([H])C1([H])[H],QM7,0.4643,0,0
[H]C(=O)C1=C([H])N([H])C([H])([H])C1([H])[H],QM7,0.5833,0,0
[H]C(=O)N1C([H])=C([H])C([H])([H])C1([H])[H],QM7,0.5833,0,0
[H]/N=C1/N(C([H])([H])[H])C([H])=C([H])C1([H])[H],QM7,0.4444,0,0
[H]C1=C([H])C([H])([H])/C(=N/C([H])([H])[H])N1[H],QM7,0.5769,0,0
[H]/N=C1/N([H])C(C([H])([H])[H])=C([H])C1([H])[H],QM7,0.4000,0,0
[H]/N=C1/N(O[H])C([H])=C([H])C1([H])[H],QM7,0.3750,0,0
[H]N1[C@@]2([H])C([H])([H])OC([H])([H])[C@@]12[H],QM7,0.5556,0,0
[H]N1[C@]2(C([H])([H])[H])C([H])([H])OC([H])([H])[C@]12[H],QM7,0.3750,0,0
[H]N1[C@@]2([H])[C@@]([H])(C([H])([H])[H])OC([H])([H])[C@@]12[H],QM7,0.5000,0,0
[H]C([H])([H])N1[C@@]2([H])C([H])([H])OC([H])([H])[C@@]12[H],QM7,0.5263,0,0
[H]N1C([H])([H])[C@]2([H])O[C@]2([H])C1([H])[H],QM7,0.6471,0,0
[H]N1C([H])([H])[C@@]2(C([H])([H])[H])O[C@@]2([H])C1([H])[H],QM7,0.6538,0,0
[H]N1C([H])([H])[C@@]2([H])O[C@@]2([H])[C@@]1([H])C([H])([H])[H],QM7,0.5185,0,0
[H]C([H])([H])N1C([H])([H])[C@]2([H])O[C@]2([H])C1([H])[H],QM7,0.7000,0,0
[H]N1C([H])([H])C([H])([H])OC([H])([H])C1([H])[H],QM7,1.0000,1,0
[H]N1C([H])([H])C([H])([H])O[C@@]([H])(C([H])([H])[H])C1([H])[H],QM7,0.9474,0,0
[H]N1C([H])([H])C([H])([H])OC([H])([H])[C@]1([H])C([H])([H])[H],QM7,1.0000,1,0
[H]C([H])([H])N1C([H])([H])C([H])([H])OC([H])([H])C1([H])[H],QM7,1.0000,1,0
[H]C1([H])OC([H])([H])C([H])([H])C1=O,QM7,0.6471,0,0
[H]C1([H])O[C@@]([H])(C([H])([H])[H])C([H])([H])C1=O,QM7,1.0000,1,0
[H]C1([H])OC([H])([H])[C@]([H])(C([H])([H])[H])C1=O,QM7,0.5455,0,0
[H]C1([H])O[C@]([H])(C([H])([H])[H])C(=O)C1([H])[H],QM7,0.5152,0,0
[H]C1=C([H])C([H])([H])C(=O)C1([H])[H],QM7,0.7857,0,0
[H]C1=C([H])[C@]([H])(C([H])([H])[H])C(=O)C1([H])[H],QM7,0.5000,0,0
[H]C1=C(C([H])([H])[H])C([H])([H])C(=O)C1([H])[H],QM7,0.5417,0,0
[H]O[C@]1([H])C(=O)C([H])([H])C([H])=C1[H],QM7,0.5833,0,0
[H]C1=C([H])C([H])=C([H])C1=O,QM7,0.9091,0,0
[H]C1=C([H])C([H])=C(C([H])([H])[H])C1=O,QM7,0.7000,0,0
[H]C1=C([H])C(C([H])([H])[H])=C([H])C1=O,QM7,0.5000,0,0
[H]C1=C([H])C(N([H])[H])=C([H])C1=O,QM7,0.4762,0,0
[H]C1([H])C([H])([H])C([H])([H])C([H])([H])C([H])([H])C1([H])[H],QM7,1.0000,22,0
[H]N([H])C1([H])C([H])([H])C([H])([H])C([H])([H])C([H])([H])C1([H])[H],QM7,1.0000,5,0
[H]C([H])([H])C1([H])C([H])([H])C([H])([H])C([H])([H])C([H])([H])C1([H])[H],QM7,1.0000,7,0
[H]OC1([H])C([H])([H])C([H])([H])C([H])([H])C([H])([H])C1([H])[H],QM7,1.0000,5,0
[H]C([H])=C1OC([H])([H])C([H])=C1[H],QM7,0.4545,0,0
[H]C([H])=C1OC([H])([H])C([H])=C1C([H])([H])[H],QM7,0.5000,0,0
[H]C([H])=C1O[C@@]([H])(C([H])([H])[H])C([H])=C1[H],QM7,0.4643,0,0
[H]C1=C([H])C([H])([H])O/C1=C(\[H])C([H])([H])[H],QM7,1.0000,1,0
[H]C([H])=C1OC([H])([H])OC1([H])[H],QM7,0.5238,0,0
[H]C([H])=C1O[C@@]([H])(C([H])([H])[H])OC1([H])[H],QM7,0.5000,0,0
[H]C([H])=C1OC([H])([H])O[C@]1([H])C([H])([H])[H],QM7,0.5000,0,0
[H]/C(=C1\OC([H])([H])OC1([H])[H])C([H])([H])[H],QM7,0.5652,0,0
[H][N][C]1N([H])C([H])([H])C([H])([H])C1([H])[H],QM7,0.4091,0,0
[H][N][C]1N(C([H])([H])[H])C([H])([H])C([H])([H])C1([H])[H],QM7,0.4583,0,0
[H][N][C]1N([H])[C@@]([H])(C([H])([H])[H])C([H])([H])C1([H])[H],QM7,0.5000,0,0
[H][N][C]1N(O[H])C([H])([H])C([H])([H])C1([H])[H],QM7,0.4400,0,0
[H]C([H])=C1C([H])=C([H])C([H])=C1[H],QM7,0.9091,0,0
[H]C([H])=C1C([H])=C([H])C(C([H])([H])[H])=C1[H],QM7,0.5000,0,0
[H]C1=C([H])C(=C([H])C([H])([H])[H])C([H])=C1[H],QM7,0.9286,0,0
[H]C([H])=C1C([H])=C([H])C([H])=C1C([H])([H])[H],QM7,0.5833,0,0
[H]c1c([H])c([H])c([H])c([H])c1[H],QM7,1.0000,4,0
[H]c1c([H])c([H])c(C([H])([H])[H])c([H])c1[H],QM7,1.0000,8,0
[H]c1c([H])c([H])c(N([H])[H])c([H])c1[H],QM7,1.0000,2,0
[H]Oc1c([H])c([H])c([H])c([H])c1[H],QM7,0.9167,0,0
[H]N1[C@@]2([H])C3([H])C([H])([H])[C@]3([H])[C@]1([H])C2([H])[H],QM7,0.6364,0,0
[H]C1([H])C2([H])[C@]3([H])C([H])([H])[C@@]([H])(C3([H])[H])[C@@]12[H],QM7,0.8182,0,0
[H]C1([H])C2([H])[C@]3([H])O[C@@]([H])(C3([H])[H])[C@@]12[H],QM7,0.5385,0,0
