arm,task,task_type,fraction,pct,n_train,subsample_seed,head_seed,metric,split,value
random,ESOL,regression,0.05,5,45,0,0,rmse,test,1.5711209774017334
random,ESOL,regression,0.05,5,45,0,0,rmse,train,0.5100204944610596
random,ESOL,regression,0.05,5,45,0,1,rmse,test,1.6086997985839844
random,ESOL,regression,0.05,5,45,0,1,rmse,train,0.6673227548599243
random,ESOL,regression,0.05,5,45,0,2,rmse,test,1.619841456413269
random,ESOL,regression,0.05,5,45,0,2,rmse,train,0.4827721714973449
random,ESOL,regression,0.05,5,45,1,0,rmse,test,1.31499445438385
random,ESOL,regression,0.05,5,45,1,0,rmse,train,0.3721734285354614
random,ESOL,regression,0.05,5,45,1,1,rmse,test,1.3669832944869995
random,ESOL,regression,0.05,5,45,1,1,rmse,train,0.3590596318244934
random,ESOL,regression,0.05,5,45,1,2,rmse,test,1.4444434642791748
random,ESOL,regression,0.05,5,45,1,2,rmse,train,0.4222137629985809
random,ESOL,regression,0.05,5,45,2,0,rmse,test,1.7487531900405884
random,ESOL,regression,0.05,5,45,2,0,rmse,train,0.9273617267608644
random,ESOL,regression,0.05,5,45,2,1,rmse,test,1.7677510976791382
random,ESOL,regression,0.05,5,45,2,1,rmse,train,0.9422193169593812
random,ESOL,regression,0.05,5,45,2,2,rmse,test,1.7950283288955688
random,ESOL,regression,0.05,5,45,2,2,rmse,train,0.895739734172821
random,ESOL,regression,0.1,10,90,0,0,rmse,test,1.2232455015182495
random,ESOL,regression,0.1,10,90,0,0,rmse,train,0.7030668258666992
random,ESOL,regression,0.1,10,90,0,1,rmse,test,1.239894151687622
random,ESOL,regression,0.1,10,90,0,1,rmse,train,0.6483279466629028
random,ESOL,regression,0.1,10,90,0,2,rmse,test,1.2237839698791504
random,ESOL,regression,0.1,10,90,0,2,rmse,train,0.6187375783920288
random,ESOL,regression,0.1,10,90,1,0,rmse,test,1.3475139141082764
random,ESOL,regression,0.1,10,90,1,0,rmse,train,0.6582596898078918
random,ESOL,regression,0.1,10,90,1,1,rmse,test,1.3310762643814087
random,ESOL,regression,0.1,10,90,1,1,rmse,train,0.5516827702522278
random,ESOL,regression,0.1,10,90,1,2,rmse,test,1.3743481636047363
random,ESOL,regression,0.1,10,90,1,2,rmse,train,0.6584874987602234
random,ESOL,regression,0.1,10,90,2,0,rmse,test,1.594613552093506
random,ESOL,regression,0.1,10,90,2,0,rmse,train,0.7287704348564148
random,ESOL,regression,0.1,10,90,2,1,rmse,test,1.543821096420288
random,ESOL,regression,0.1,10,90,2,1,rmse,train,0.7657912373542786
random,ESOL,regression,0.1,10,90,2,2,rmse,test,1.4410406351089478
random,ESOL,regression,0.1,10,90,2,2,rmse,train,0.3721034824848175
random,ESOL,regression,0.25,25,226,0,0,rmse,test,1.33417809009552
random,ESOL,regression,0.25,25,226,0,0,rmse,train,0.6197994351387024
random,ESOL,regression,0.25,25,226,0,1,rmse,test,1.3409245014190674
random,ESOL,regression,0.25,25,226,0,1,rmse,train,0.7052902579307556
random,ESOL,regression,0.25,25,226,0,2,rmse,test,1.3362908363342283
random,ESOL,regression,0.25,25,226,0,2,rmse,train,0.6952791810035706
random,ESOL,regression,0.25,25,226,1,0,rmse,test,1.245546579360962
random,ESOL,regression,0.25,25,226,1,0,rmse,train,0.7230762243270874
random,ESOL,regression,0.25,25,226,1,1,rmse,test,1.2598254680633545
random,ESOL,regression,0.25,25,226,1,1,rmse,train,0.4418617486953735
random,ESOL,regression,0.25,25,226,1,2,rmse,test,1.2488068342208862
random,ESOL,regression,0.25,25,226,1,2,rmse,train,0.6379919648170471
random,ESOL,regression,0.25,25,226,2,0,rmse,test,1.3367230892181396
random,ESOL,regression,0.25,25,226,2,0,rmse,train,0.5311278104782104
random,ESOL,regression,0.25,25,226,2,1,rmse,test,1.391824722290039
random,ESOL,regression,0.25,25,226,2,1,rmse,train,0.6040287017822266
random,ESOL,regression,0.25,25,226,2,2,rmse,test,1.3378372192382812
random,ESOL,regression,0.25,25,226,2,2,rmse,train,0.4715912938117981
random,ESOL,regression,0.5,50,451,0,0,rmse,test,1.34048330783844
random,ESOL,regression,0.5,50,451,0,0,rmse,train,0.7748499512672424
random,ESOL,regression,0.5,50,451,0,1,rmse,test,1.324074387550354
random,ESOL,regression,0.5,50,451,0,1,rmse,train,0.7342638969421387
random,ESOL,regression,0.5,50,451,0,2,rmse,test,1.3637288808822632
random,ESOL,regression,0.5,50,451,0,2,rmse,train,0.8680000901222229
random,ESOL,regression,0.5,50,451,1,0,rmse,test,1.289453625679016
random,ESOL,regression,0.5,50,451,1,0,rmse,train,0.8123878240585327
random,ESOL,regression,0.5,50,451,1,1,rmse,test,1.236302375793457
random,ESOL,regression,0.5,50,451,1,1,rmse,train,0.7213420271873474
random,ESOL,regression,0.5,50,451,1,2,rmse,test,1.4127763509750366
random,ESOL,regression,0.5,50,451,1,2,rmse,train,1.081067442893982
random,ESOL,regression,0.5,50,451,2,0,rmse,test,1.3432927131652832
random,ESOL,regression,0.5,50,451,2,0,rmse,train,0.810413122177124
random,ESOL,regression,0.5,50,451,2,1,rmse,test,1.272300124168396
random,ESOL,regression,0.5,50,451,2,1,rmse,train,0.9315284490585328
random,ESOL,regression,0.5,50,451,2,2,rmse,test,1.3206623792648315
random,ESOL,regression,0.5,50,451,2,2,rmse,train,0.8153492212295532
random,ESOL,regression,1.0,100,902,0,0,rmse,test,1.2742078304290771
random,ESOL,regression,1.0,100,902,0,0,rmse,train,0.9497997760772704
random,ESOL,regression,1.0,100,902,0,1,rmse,test,1.270810842514038
random,ESOL,regression,1.0,100,902,0,1,rmse,train,0.8498722910881042
random,ESOL,regression,1.0,100,902,0,2,rmse,test,1.2059755325317385
random,ESOL,regression,1.0,100,902,0,2,rmse,train,0.8209982514381409
random,Lipophilicity,regression,0.05,5,168,0,0,rmse,test,1.1348286867141724
random,Lipophilicity,regression,0.05,5,168,0,0,rmse,train,0.4762783348560333
random,Lipophilicity,regression,0.05,5,168,0,1,rmse,test,1.1371625661849976
random,Lipophilicity,regression,0.05,5,168,0,1,rmse,train,0.8327574729919434
random,Lipophilicity,regression,0.05,5,168,0,2,rmse,test,1.0963683128356934
random,Lipophilicity,regression,0.05,5,168,0,2,rmse,train,0.8231666088104248
random,Lipophilicity,regression,0.05,5,168,1,0,rmse,test,1.121704339981079
random,Lipophilicity,regression,0.05,5,168,1,0,rmse,train,0.7705526947975159
random,Lipophilicity,regression,0.05,5,168,1,1,rmse,test,1.1052322387695312
random,Lipophilicity,regression,0.05,5,168,1,1,rmse,train,0.8664924502372742
random,Lipophilicity,regression,0.05,5,168,1,2,rmse,test,1.1287758350372314
random,Lipophilicity,regression,0.05,5,168,1,2,rmse,train,0.9022862911224364
random,Lipophilicity,regression,0.05,5,168,2,0,rmse,test,1.0648462772369385
random,Lipophilicity,regression,0.05,5,168,2,0,rmse,train,0.9371846914291382
random,Lipophilicity,regression,0.05,5,168,2,1,rmse,test,1.1011645793914795
random,Lipophilicity,regression,0.05,5,168,2,1,rmse,train,0.5925230979919434
random,Lipophilicity,regression,0.05,5,168,2,2,rmse,test,1.0703248977661133
random,Lipophilicity,regression,0.05,5,168,2,2,rmse,train,0.7312045097351074
random,Lipophilicity,regression,0.1,10,336,0,0,rmse,test,1.0738146305084229
random,Lipophilicity,regression,0.1,10,336,0,0,rmse,train,0.678779661655426
random,Lipophilicity,regression,0.1,10,336,0,1,rmse,test,1.0534828901290894
random,Lipophilicity,regression,0.1,10,336,0,1,rmse,train,0.7910909056663513
random,Lipophilicity,regression,0.1,10,336,0,2,rmse,test,1.0741541385650637
random,Lipophilicity,regression,0.1,10,336,0,2,rmse,train,0.8092979192733765
random,Lipophilicity,regression,0.1,10,336,1,0,rmse,test,1.1072784662246704
random,Lipophilicity,regression,0.1,10,336,1,0,rmse,train,0.8147429823875427
random,Lipophilicity,regression,0.1,10,336,1,1,rmse,test,1.0780354738235474
random,Lipophilicity,regression,0.1,10,336,1,1,rmse,train,0.880164623260498
random,Lipophilicity,regression,0.1,10,336,1,2,rmse,test,1.1238024234771729
random,Lipophilicity,regression,0.1,10,336,1,2,rmse,train,0.8112021684646606
random,Lipophilicity,regression,0.1,10,336,2,0,rmse,test,1.0694327354431152
random,Lipophilicity,regression,0.1,10,336,2,0,rmse,train,1.0041719675064087
random,Lipophilicity,regression,0.1,10,336,2,1,rmse,test,1.097919464111328
random,Lipophilicity,regression,0.1,10,336,2,1,rmse,train,0.7676355838775635
random,Lipophilicity,regression,0.1,10,336,2,2,rmse,test,1.114959955215454
random,Lipophilicity,regression,0.1,10,336,2,2,rmse,train,0.6895548105239868
random,Lipophilicity,regression,0.25,25,840,0,0,rmse,test,1.083843469619751
random,Lipophilicity,regression,0.25,25,840,0,0,rmse,train,0.500557005405426
random,Lipophilicity,regression,0.25,25,840,0,1,rmse,test,1.0466879606246948
random,Lipophilicity,regression,0.25,25,840,0,1,rmse,train,0.6526762247085571
random,Lipophilicity,regression,0.25,25,840,0,2,rmse,test,1.105086088180542
random,Lipophilicity,regression,0.25,25,840,0,2,rmse,train,0.5298847556114197
random,Lipophilicity,regression,0.25,25,840,1,0,rmse,test,1.0454108715057373
random,Lipophilicity,regression,0.25,25,840,1,0,rmse,train,0.6300560832023621
random,Lipophilicity,regression,0.25,25,840,1,1,rmse,test,1.0228132009506226
random,Lipophilicity,regression,0.25,25,840,1,1,rmse,train,0.5886370539665222
random,Lipophilicity,regression,0.25,25,840,1,2,rmse,test,1.041777729988098
random,Lipophilicity,regression,0.25,25,840,1,2,rmse,train,0.5382435917854309
random,Lipophilicity,regression,0.25,25,840,2,0,rmse,test,1.0279791355133057
random,Lipophilicity,regression,0.25,25,840,2,0,rmse,train,0.6556504964828491
random,Lipophilicity,regression,0.25,25,840,2,1,rmse,test,1.0101876258850098
random,Lipophilicity,regression,0.25,25,840,2,1,rmse,train,0.8209046721458435
random,Lipophilicity,regression,0.25,25,840,2,2,rmse,test,1.0337547063827517
random,Lipophilicity,regression,0.25,25,840,2,2,rmse,train,0.6240585446357727
random,Lipophilicity,regression,0.5,50,1680,0,0,rmse,test,0.9744473099708556
random,Lipophilicity,regression,0.5,50,1680,0,0,rmse,train,0.623271107673645
random,Lipophilicity,regression,0.5,50,1680,0,1,rmse,test,0.9745364785194396
random,Lipophilicity,regression,0.5,50,1680,0,1,rmse,train,0.6737547516822815
random,Lipophilicity,regression,0.5,50,1680,0,2,rmse,test,0.982328236103058
random,Lipophilicity,regression,0.5,50,1680,0,2,rmse,train,0.7451136112213135
random,Lipophilicity,regression,0.5,50,1680,1,0,rmse,test,1.022965431213379
random,Lipophilicity,regression,0.5,50,1680,1,0,rmse,train,0.6752592325210571
random,Lipophilicity,regression,0.5,50,1680,1,1,rmse,test,0.9818325042724608
random,Lipophilicity,regression,0.5,50,1680,1,1,rmse,train,0.7366127371788025
random,Lipophilicity,regression,0.5,50,1680,1,2,rmse,test,0.9924318790435792
random,Lipophilicity,regression,0.5,50,1680,1,2,rmse,train,0.6164199113845825
random,Lipophilicity,regression,0.5,50,1680,2,0,rmse,test,1.0371326208114624
random,Lipophilicity,regression,0.5,50,1680,2,0,rmse,train,0.6767343878746033
random,Lipophilicity,regression,0.5,50,1680,2,1,rmse,test,1.0355076789855957
random,Lipophilicity,regression,0.5,50,1680,2,1,rmse,train,0.7580352425575256
random,Lipophilicity,regression,0.5,50,1680,2,2,rmse,test,0.9907008409500122
random,Lipophilicity,regression,0.5,50,1680,2,2,rmse,train,0.6882901191711426
random,Lipophilicity,regression,1.0,100,3360,0,0,rmse,test,0.9739021062850952
random,Lipophilicity,regression,1.0,100,3360,0,0,rmse,train,0.8030791878700256
random,Lipophilicity,regression,1.0,100,3360,0,1,rmse,test,0.9824938774108888
random,Lipophilicity,regression,1.0,100,3360,0,1,rmse,train,0.7434681057929993
random,Lipophilicity,regression,1.0,100,3360,0,2,rmse,test,0.9579463005065918
random,Lipophilicity,regression,1.0,100,3360,0,2,rmse,train,0.7641720771789551
random,QM7,regression,0.05,5,274,0,0,rmse,test,223.79705810546875
random,QM7,regression,0.05,5,274,0,0,rmse,train,220.76019287109375
random,QM7,regression,0.05,5,274,0,1,rmse,test,229.71826171875
random,QM7,regression,0.05,5,274,0,1,rmse,train,220.37692260742188
random,QM7,regression,0.05,5,274,0,2,rmse,test,242.58921813964844
random,QM7,regression,0.05,5,274,0,2,rmse,train,191.74082946777344
random,QM7,regression,0.05,5,274,1,0,rmse,test,211.0963897705078
random,QM7,regression,0.05,5,274,1,0,rmse,train,192.57684326171875
random,QM7,regression,0.05,5,274,1,1,rmse,test,209.18081665039065
random,QM7,regression,0.05,5,274,1,1,rmse,train,206.06236267089844
random,QM7,regression,0.05,5,274,1,2,rmse,test,219.9737091064453
random,QM7,regression,0.05,5,274,1,2,rmse,train,220.20220947265625
random,QM7,regression,0.05,5,274,2,0,rmse,test,226.51515197753903
random,QM7,regression,0.05,5,274,2,0,rmse,train,206.75033569335935
random,QM7,regression,0.05,5,274,2,1,rmse,test,234.51206970214844
random,QM7,regression,0.05,5,274,2,1,rmse,train,213.2217559814453
random,QM7,regression,0.05,5,274,2,2,rmse,test,238.1971893310547
random,QM7,regression,0.05,5,274,2,2,rmse,train,188.7217559814453
random,QM7,regression,0.1,10,547,0,0,rmse,test,233.0336456298828
random,QM7,regression,0.1,10,547,0,0,rmse,train,209.6623077392578
random,QM7,regression,0.1,10,547,0,1,rmse,test,233.87643432617188
random,QM7,regression,0.1,10,547,0,1,rmse,train,164.50430297851562
random,QM7,regression,0.1,10,547,0,2,rmse,test,236.9888153076172
random,QM7,regression,0.1,10,547,0,2,rmse,train,160.21302795410156
random,QM7,regression,0.1,10,547,1,0,rmse,test,229.0703887939453
random,QM7,regression,0.1,10,547,1,0,rmse,train,173.85360717773438
random,QM7,regression,0.1,10,547,1,1,rmse,test,220.73709106445312
random,QM7,regression,0.1,10,547,1,1,rmse,train,221.0522918701172
random,QM7,regression,0.1,10,547,1,2,rmse,test,221.13096618652344
random,QM7,regression,0.1,10,547,1,2,rmse,train,245.0323181152344
random,QM7,regression,0.1,10,547,2,0,rmse,test,216.90138244628903
random,QM7,regression,0.1,10,547,2,0,rmse,train,179.79241943359375
random,QM7,regression,0.1,10,547,2,1,rmse,test,222.2621612548828
random,QM7,regression,0.1,10,547,2,1,rmse,train,175.56689453125
random,QM7,regression,0.1,10,547,2,2,rmse,test,219.1403350830078
random,QM7,regression,0.1,10,547,2,2,rmse,train,182.28021240234375
random,QM7,regression,0.25,25,1368,0,0,rmse,test,209.0091552734375
random,QM7,regression,0.25,25,1368,0,0,rmse,train,209.9419860839844
random,QM7,regression,0.25,25,1368,0,1,rmse,test,210.0136260986328
random,QM7,regression,0.25,25,1368,0,1,rmse,train,199.15087890625
random,QM7,regression,0.25,25,1368,0,2,rmse,test,214.36978149414065
random,QM7,regression,0.25,25,1368,0,2,rmse,train,191.3555603027344
random,QM7,regression,0.25,25,1368,1,0,rmse,test,216.2474365234375
random,QM7,regression,0.25,25,1368,1,0,rmse,train,217.4010772705078
random,QM7,regression,0.25,25,1368,1,1,rmse,test,217.05267333984375
random,QM7,regression,0.25,25,1368,1,1,rmse,train,188.19891357421875
random,QM7,regression,0.25,25,1368,1,2,rmse,test,214.45960998535156
random,QM7,regression,0.25,25,1368,1,2,rmse,train,195.71762084960935
random,QM7,regression,0.25,25,1368,2,0,rmse,test,211.17665100097656
random,QM7,regression,0.25,25,1368,2,0,rmse,train,211.86781311035156
random,QM7,regression,0.25,25,1368,2,1,rmse,test,213.96307373046875
random,QM7,regression,0.25,25,1368,2,1,rmse,train,214.615478515625
random,QM7,regression,0.25,25,1368,2,2,rmse,test,208.32962036132812
random,QM7,regression,0.25,25,1368,2,2,rmse,train,209.2640686035156
random,QM7,regression,0.5,50,2735,0,0,rmse,test,207.77340698242188
random,QM7,regression,0.5,50,2735,0,0,rmse,train,189.7671661376953
random,QM7,regression,0.5,50,2735,0,1,rmse,test,207.0342254638672
random,QM7,regression,0.5,50,2735,0,1,rmse,train,196.7875061035156
random,QM7,regression,0.5,50,2735,0,2,rmse,test,219.9488220214844
random,QM7,regression,0.5,50,2735,0,2,rmse,train,181.6835174560547
random,QM7,regression,0.5,50,2735,1,0,rmse,test,207.7916259765625
random,QM7,regression,0.5,50,2735,1,0,rmse,train,209.6731109619141
random,QM7,regression,0.5,50,2735,1,1,rmse,test,216.10693359375
random,QM7,regression,0.5,50,2735,1,1,rmse,train,203.376953125
random,QM7,regression,0.5,50,2735,1,2,rmse,test,212.01809692382812
random,QM7,regression,0.5,50,2735,1,2,rmse,train,203.01431274414065
random,QM7,regression,0.5,50,2735,2,0,rmse,test,217.3923187255859
random,QM7,regression,0.5,50,2735,2,0,rmse,train,195.73956298828125
random,QM7,regression,0.5,50,2735,2,1,rmse,test,216.064697265625
random,QM7,regression,0.5,50,2735,2,1,rmse,train,189.88552856445312
random,QM7,regression,0.5,50,2735,2,2,rmse,test,209.71630859375
random,QM7,regression,0.5,50,2735,2,2,rmse,train,197.44500732421875
random,QM7,regression,1.0,100,5470,0,0,rmse,test,212.39773559570312
random,QM7,regression,1.0,100,5470,0,0,rmse,train,193.22569274902344
random,QM7,regression,1.0,100,5470,0,1,rmse,test,206.5004119873047
random,QM7,regression,1.0,100,5470,0,1,rmse,train,197.03567504882812
random,QM7,regression,1.0,100,5470,0,2,rmse,test,211.57437133789065
random,QM7,regression,1.0,100,5470,0,2,rmse,train,198.09425354003903
random,BBBP,classification,0.05,5,82,0,0,roc_auc,test,0.6418730128143366
random,BBBP,classification,0.05,5,82,0,0,roc_auc,train,0.9576365663322186
random,BBBP,classification,0.05,5,82,0,0,nef1,test,0.3333333333333333
random,BBBP,classification,0.05,5,82,0,1,roc_auc,test,0.6513151556026592
random,BBBP,classification,0.05,5,82,0,1,roc_auc,train,0.9777034559643256
random,BBBP,classification,0.05,5,82,0,1,nef1,test,0.3333333333333333
random,BBBP,classification,0.05,5,82,0,2,roc_auc,test,0.6264572694864631
random,BBBP,classification,0.05,5,82,0,2,roc_auc,train,0.972129319955407
random,BBBP,classification,0.05,5,82,0,2,nef1,test,0.6666666666666666
random,BBBP,classification,0.05,5,82,1,0,roc_auc,test,0.5882069563541767
random,BBBP,classification,0.05,5,82,1,0,roc_auc,train,0.9482587064676616
random,BBBP,classification,0.05,5,82,1,0,nef1,test,0.6666666666666666
random,BBBP,classification,0.05,5,82,1,1,roc_auc,test,0.564023509008575
random,BBBP,classification,0.05,5,82,1,1,roc_auc,train,0.9502487562189056
random,BBBP,classification,0.05,5,82,1,1,nef1,test,0.6666666666666666
random,BBBP,classification,0.05,5,82,1,2,roc_auc,test,0.5681664900279411
random,BBBP,classification,0.05,5,82,1,2,roc_auc,train,0.9402985074626866
random,BBBP,classification,0.05,5,82,1,2,nef1,test,0.6666666666666666
random,BBBP,classification,0.05,5,82,2,0,roc_auc,test,0.6562289237884189
random,BBBP,classification,0.05,5,82,2,0,roc_auc,train,0.9899665551839464
random,BBBP,classification,0.05,5,82,2,0,nef1,test,0.6666666666666666
random,BBBP,classification,0.05,5,82,2,1,roc_auc,test,0.661817130744773
random,BBBP,classification,0.05,5,82,2,1,roc_auc,train,0.9977703455964326
random,BBBP,classification,0.05,5,82,2,1,nef1,test,0.6666666666666666
random,BBBP,classification,0.05,5,82,2,2,roc_auc,test,0.6532421235186432
random,BBBP,classification,0.05,5,82,2,2,roc_auc,train,0.9955406911928651
random,BBBP,classification,0.05,5,82,2,2,nef1,test,0.6666666666666666
random,BBBP,classification,0.1,10,163,0,0,roc_auc,test,0.6329126120050101
random,BBBP,classification,0.1,10,163,0,0,roc_auc,train,0.9515789473684212
random,BBBP,classification,0.1,10,163,0,0,nef1,test,0.6666666666666666
random,BBBP,classification,0.1,10,163,0,1,roc_auc,test,0.6584449368918006
random,BBBP,classification,0.1,10,163,0,1,roc_auc,train,0.9498947368421052
random,BBBP,classification,0.1,10,163,0,1,nef1,test,0.6666666666666666
random,BBBP,classification,0.1,10,163,0,2,roc_auc,test,0.635128625108392
random,BBBP,classification,0.1,10,163,0,2,roc_auc,train,0.948842105263158
random,BBBP,classification,0.1,10,163,0,2,nef1,test,0.6666666666666666
random,BBBP,classification,0.1,10,163,1,0,roc_auc,test,0.6201946237595144
random,BBBP,classification,0.1,10,163,1,0,roc_auc,train,0.956765861875351
random,BBBP,classification,0.1,10,163,1,0,nef1,test,0.6666666666666666
random,BBBP,classification,0.1,10,163,1,1,roc_auc,test,0.6002505058290779
random,BBBP,classification,0.1,10,163,1,1,roc_auc,train,0.9402021336327906
random,BBBP,classification,0.1,10,163,1,1,nef1,test,0.6666666666666666
random,BBBP,classification,0.1,10,163,1,2,roc_auc,test,0.5933134213315348
random,BBBP,classification,0.1,10,163,1,2,roc_auc,train,0.9351487928130264
random,BBBP,classification,0.1,10,163,1,2,nef1,test,0.6666666666666666
random,BBBP,classification,0.1,10,163,2,0,roc_auc,test,0.657674149725407
random,BBBP,classification,0.1,10,163,2,0,roc_auc,train,0.9887881679389312
random,BBBP,classification,0.1,10,163,2,0,nef1,test,0.6666666666666666
random,BBBP,classification,0.1,10,163,2,1,roc_auc,test,0.658059543308604
random,BBBP,classification,0.1,10,163,2,1,roc_auc,train,0.9928435114503816
random,BBBP,classification,0.1,10,163,2,1,nef1,test,0.3333333333333333
random,BBBP,classification,0.1,10,163,2,2,roc_auc,test,0.6425474515849311
random,BBBP,classification,0.1,10,163,2,2,roc_auc,train,0.9933206106870228
random,BBBP,classification,0.1,10,163,2,2,nef1,test,0.6666666666666666
random,BBBP,classification,0.25,25,408,0,0,roc_auc,test,0.6471721745832931
random,BBBP,classification,0.25,25,408,0,0,roc_auc,train,0.9766003460207612
random,BBBP,classification,0.25,25,408,0,0,nef1,test,1.0
random,BBBP,classification,0.25,25,408,0,1,roc_auc,test,0.6543019558724348
random,BBBP,classification,0.25,25,408,0,1,roc_auc,train,0.9564446366782008
random,BBBP,classification,0.25,25,408,0,1,nef1,test,0.6666666666666666
random,BBBP,classification,0.25,25,408,0,2,roc_auc,test,0.6089218614510068
random,BBBP,classification,0.25,25,408,0,2,roc_auc,train,0.9375865051903114
random,BBBP,classification,0.25,25,408,0,2,nef1,test,0.6666666666666666
random,BBBP,classification,0.25,25,408,1,0,roc_auc,test,0.6556508334136236
random,BBBP,classification,0.25,25,408,1,0,roc_auc,train,0.9733382936507936
random,BBBP,classification,0.25,25,408,1,0,nef1,test,1.0
random,BBBP,classification,0.25,25,408,1,1,roc_auc,test,0.6637440986607572
random,BBBP,classification,0.25,25,408,1,1,roc_auc,train,0.9600694444444444
random,BBBP,classification,0.25,25,408,1,1,nef1,test,0.6666666666666666
random,BBBP,classification,0.25,25,408,1,2,roc_auc,test,0.6800269775508238
random,BBBP,classification,0.25,25,408,1,2,roc_auc,train,0.9837962962962964
random,BBBP,classification,0.25,25,408,1,2,nef1,test,0.6666666666666666
random,BBBP,classification,0.25,25,408,2,0,roc_auc,test,0.6929376625879179
random,BBBP,classification,0.25,25,408,2,0,roc_auc,train,0.9921103738469008
random,BBBP,classification,0.25,25,408,2,0,nef1,test,0.6666666666666666
random,BBBP,classification,0.25,25,408,2,1,roc_auc,test,0.6759803449272569
random,BBBP,classification,0.25,25,408,2,1,roc_auc,train,0.9687651723579866
random,BBBP,classification,0.25,25,408,2,1,nef1,test,0.6666666666666666
random,BBBP,classification,0.25,25,408,2,2,roc_auc,test,0.6619134791405723
random,BBBP,classification,0.25,25,408,2,2,roc_auc,train,0.9622511733290176
random,BBBP,classification,0.25,25,408,2,2,nef1,test,0.6666666666666666
random,BBBP,classification,0.5,50,816,0,0,roc_auc,test,0.7029578957510356
random,BBBP,classification,0.5,50,816,0,0,roc_auc,train,0.963739521570231
random,BBBP,classification,0.5,50,816,0,0,nef1,test,0.6666666666666666
random,BBBP,classification,0.5,50,816,0,1,roc_auc,test,0.7103767222275749
random,BBBP,classification,0.5,50,816,0,1,roc_auc,train,0.9769679002249028
random,BBBP,classification,0.5,50,816,0,1,nef1,test,0.6666666666666666
random,BBBP,classification,0.5,50,816,0,2,roc_auc,test,0.7114365545813662
random,BBBP,classification,0.5,50,816,0,2,roc_auc,train,0.9884890615416072
random,BBBP,classification,0.5,50,816,0,2,nef1,test,0.6666666666666666
random,BBBP,classification,0.5,50,816,1,0,roc_auc,test,0.7006455342518547
random,BBBP,classification,0.5,50,816,1,0,roc_auc,train,0.9852715966904774
random,BBBP,classification,0.5,50,816,1,0,nef1,test,0.6666666666666666
random,BBBP,classification,0.5,50,816,1,1,roc_auc,test,0.6831101262163985
random,BBBP,classification,0.5,50,816,1,1,roc_auc,train,0.9721157305103036
random,BBBP,classification,0.5,50,816,1,1,nef1,test,0.6666666666666666
random,BBBP,classification,0.5,50,816,1,2,roc_auc,test,0.6939974949417091
random,BBBP,classification,0.5,50,816,1,2,roc_auc,train,0.981396782979598
random,BBBP,classification,0.5,50,816,1,2,nef1,test,0.6666666666666666
random,BBBP,classification,0.5,50,816,2,0,roc_auc,test,0.6891800751517487
random,BBBP,classification,0.5,50,816,2,0,roc_auc,train,0.9938151223045636
random,BBBP,classification,0.5,50,816,2,0,nef1,test,1.0
random,BBBP,classification,0.5,50,816,2,1,roc_auc,test,0.6679834280759224
random,BBBP,classification,0.5,50,816,2,1,roc_auc,train,0.9812782080570568
random,BBBP,classification,0.5,50,816,2,1,nef1,test,0.6666666666666666
random,BBBP,classification,0.5,50,816,2,2,roc_auc,test,0.6692359572213122
random,BBBP,classification,0.5,50,816,2,2,roc_auc,train,0.9830055162422688
random,BBBP,classification,0.5,50,816,2,2,nef1,test,1.0
random,BBBP,classification,1.0,100,1631,0,0,roc_auc,test,0.6725118026784853
random,BBBP,classification,1.0,100,1631,0,0,roc_auc,train,0.9509707115122528
random,BBBP,classification,1.0,100,1631,0,0,nef1,test,1.0
random,BBBP,classification,1.0,100,1631,0,1,roc_auc,test,0.7036323345216301
random,BBBP,classification,1.0,100,1631,0,1,roc_auc,train,0.9651520995654298
random,BBBP,classification,1.0,100,1631,0,1,nef1,test,0.6666666666666666
random,BBBP,classification,1.0,100,1631,0,2,roc_auc,test,0.7061373928124097
random,BBBP,classification,1.0,100,1631,0,2,roc_auc,train,0.9727275064928386
random,BBBP,classification,1.0,100,1631,0,2,nef1,test,0.6666666666666666
random,BACE,classification,0.05,5,60,0,0,roc_auc,test,0.6092391304347826
random,BACE,classification,0.05,5,60,0,0,roc_auc,train,0.8416289592760181
random,BACE,classification,0.05,5,60,0,0,nef1,test,1.0
random,BACE,classification,0.05,5,60,0,1,roc_auc,test,0.6143115942028986
random,BACE,classification,0.05,5,60,0,1,roc_auc,train,0.8574660633484164
random,BACE,classification,0.05,5,60,0,1,nef1,test,1.0
random,BACE,classification,0.05,5,60,0,2,roc_auc,test,0.5206521739130435
random,BACE,classification,0.05,5,60,0,2,roc_auc,train,0.8619909502262443
random,BACE,classification,0.05,5,60,0,2,nef1,test,0.5
random,BACE,classification,0.05,5,60,1,0,roc_auc,test,0.6748188405797102
random,BACE,classification,0.05,5,60,1,0,roc_auc,train,0.8472400513478819
random,BACE,classification,0.05,5,60,1,0,nef1,test,0.5
random,BACE,classification,0.05,5,60,1,1,roc_auc,test,0.7077898550724637
random,BACE,classification,0.05,5,60,1,1,roc_auc,train,0.9114249037227214
random,BACE,classification,0.05,5,60,1,1,nef1,test,0.5
random,BACE,classification,0.05,5,60,1,2,roc_auc,test,0.6155797101449275
random,BACE,classification,0.05,5,60,1,2,roc_auc,train,0.9075738125802312
random,BACE,classification,0.05,5,60,1,2,nef1,test,0.0
random,BACE,classification,0.05,5,60,2,0,roc_auc,test,0.6786231884057969
random,BACE,classification,0.05,5,60,2,0,roc_auc,train,0.8217142857142858
random,BACE,classification,0.05,5,60,2,0,nef1,test,1.0
random,BACE,classification,0.05,5,60,2,1,roc_auc,test,0.7396739130434783
random,BACE,classification,0.05,5,60,2,1,roc_auc,train,0.8400000000000001
random,BACE,classification,0.05,5,60,2,1,nef1,test,1.0
random,BACE,classification,0.05,5,60,2,2,roc_auc,test,0.6735507246376811
random,BACE,classification,0.05,5,60,2,2,roc_auc,train,0.848
random,BACE,classification,0.05,5,60,2,2,nef1,test,1.0
random,BACE,classification,0.1,10,121,0,0,roc_auc,test,0.6550724637681159
random,BACE,classification,0.1,10,121,0,0,roc_auc,train,0.782608695652174
random,BACE,classification,0.1,10,121,0,0,nef1,test,1.0
random,BACE,classification,0.1,10,121,0,1,roc_auc,test,0.6838768115942029
random,BACE,classification,0.1,10,121,0,1,roc_auc,train,0.903846153846154
random,BACE,classification,0.1,10,121,0,1,nef1,test,1.0
random,BACE,classification,0.1,10,121,0,2,roc_auc,test,0.6322463768115942
random,BACE,classification,0.1,10,121,0,2,roc_auc,train,0.9063545150501672
random,BACE,classification,0.1,10,121,0,2,nef1,test,1.0
random,BACE,classification,0.1,10,121,1,0,roc_auc,test,0.6947463768115942
random,BACE,classification,0.1,10,121,1,0,roc_auc,train,0.8157748049052397
random,BACE,classification,0.1,10,121,1,0,nef1,test,1.0
random,BACE,classification,0.1,10,121,1,1,roc_auc,test,0.7358695652173913
random,BACE,classification,0.1,10,121,1,1,roc_auc,train,0.8372352285395763
random,BACE,classification,0.1,10,121,1,1,nef1,test,1.0
random,BACE,classification,0.1,10,121,1,2,roc_auc,test,0.6951086956521738
random,BACE,classification,0.1,10,121,1,2,roc_auc,train,0.8046265328874025
random,BACE,classification,0.1,10,121,1,2,nef1,test,1.0
random,BACE,classification,0.1,10,121,2,0,roc_auc,test,0.7144927536231884
random,BACE,classification,0.1,10,121,2,0,roc_auc,train,0.7690140845070423
random,BACE,classification,0.1,10,121,2,0,nef1,test,1.0
random,BACE,classification,0.1,10,121,2,1,roc_auc,test,0.6958333333333333
random,BACE,classification,0.1,10,121,2,1,roc_auc,train,0.8509859154929578
random,BACE,classification,0.1,10,121,2,1,nef1,test,1.0
random,BACE,classification,0.1,10,121,2,2,roc_auc,test,0.7201086956521738
random,BACE,classification,0.1,10,121,2,2,roc_auc,train,0.7895774647887324
random,BACE,classification,0.1,10,121,2,2,nef1,test,1.0
random,BACE,classification,0.25,25,302,0,0,roc_auc,test,0.647463768115942
random,BACE,classification,0.25,25,302,0,0,roc_auc,train,0.8593812776215347
random,BACE,classification,0.25,25,302,0,0,nef1,test,1.0
random,BACE,classification,0.25,25,302,0,1,roc_auc,test,0.6692028985507247
random,BACE,classification,0.25,25,302,0,1,roc_auc,train,0.8652738717021562
random,BACE,classification,0.25,25,302,0,1,nef1,test,1.0
random,BACE,classification,0.25,25,302,0,2,roc_auc,test,0.6461956521739132
random,BACE,classification,0.25,25,302,0,2,roc_auc,train,0.8958528637114415
random,BACE,classification,0.25,25,302,0,2,nef1,test,1.0
random,BACE,classification,0.25,25,302,1,0,roc_auc,test,0.686231884057971
random,BACE,classification,0.25,25,302,1,0,roc_auc,train,0.8468123861566484
random,BACE,classification,0.25,25,302,1,0,nef1,test,1.0
random,BACE,classification,0.25,25,302,1,1,roc_auc,test,0.6429347826086956
random,BACE,classification,0.25,25,302,1,1,roc_auc,train,0.9001821493624773
random,BACE,classification,0.25,25,302,1,1,nef1,test,0.0
random,BACE,classification,0.25,25,302,1,2,roc_auc,test,0.6889492753623189
random,BACE,classification,0.25,25,302,1,2,roc_auc,train,0.8428961748633881
random,BACE,classification,0.25,25,302,1,2,nef1,test,1.0
random,BACE,classification,0.25,25,302,2,0,roc_auc,test,0.6264492753623189
random,BACE,classification,0.25,25,302,2,0,roc_auc,train,0.9124509124509124
random,BACE,classification,0.25,25,302,2,0,nef1,test,1.0
random,BACE,classification,0.25,25,302,2,1,roc_auc,test,0.652536231884058
random,BACE,classification,0.25,25,302,2,1,roc_auc,train,0.8713328713328713
random,BACE,classification,0.25,25,302,2,1,nef1,test,1.0
random,BACE,classification,0.25,25,302,2,2,roc_auc,test,0.6525362318840581
random,BACE,classification,0.25,25,302,2,2,roc_auc,train,0.8953568953568953
random,BACE,classification,0.25,25,302,2,2,nef1,test,1.0
random,BACE,classification,0.5,50,605,0,0,roc_auc,test,0.6608695652173913
random,BACE,classification,0.5,50,605,0,0,roc_auc,train,0.9199411921946004
random,BACE,classification,0.5,50,605,0,0,nef1,test,1.0
random,BACE,classification,0.5,50,605,0,1,roc_auc,test,0.6894927536231885
random,BACE,classification,0.5,50,605,0,1,roc_auc,train,0.8981667112180343
random,BACE,classification,0.5,50,605,0,1,nef1,test,1.0
random,BACE,classification,0.5,50,605,0,2,roc_auc,test,0.6898550724637682
random,BACE,classification,0.5,50,605,0,2,roc_auc,train,0.9011850663815378
random,BACE,classification,0.5,50,605,0,2,nef1,test,0.5
random,BACE,classification,0.5,50,605,1,0,roc_auc,test,0.6634057971014493
random,BACE,classification,0.5,50,605,1,0,roc_auc,train,0.9097193514308024
random,BACE,classification,0.5,50,605,1,0,nef1,test,1.0
random,BACE,classification,0.5,50,605,1,1,roc_auc,test,0.7309782608695652
random,BACE,classification,0.5,50,605,1,1,roc_auc,train,0.9046552753663132
random,BACE,classification,0.5,50,605,1,1,nef1,test,1.0
random,BACE,classification,0.5,50,605,1,2,roc_auc,test,0.6893115942028986
random,BACE,classification,0.5,50,605,1,2,roc_auc,train,0.898936658858114
random,BACE,classification,0.5,50,605,1,2,nef1,test,1.0
random,BACE,classification,0.5,50,605,2,0,roc_auc,test,0.6760869565217391
random,BACE,classification,0.5,50,605,2,0,roc_auc,train,0.8707766177701423
random,BACE,classification,0.5,50,605,2,0,nef1,test,1.0
random,BACE,classification,0.5,50,605,2,1,roc_auc,test,0.630072463768116
random,BACE,classification,0.5,50,605,2,1,roc_auc,train,0.8768226069336151
random,BACE,classification,0.5,50,605,2,1,nef1,test,0.5
random,BACE,classification,0.5,50,605,2,2,roc_auc,test,0.7103260869565218
random,BACE,classification,0.5,50,605,2,2,roc_auc,train,0.8765913395885645
random,BACE,classification,0.5,50,605,2,2,nef1,test,1.0
random,BACE,classification,1.0,100,1210,0,0,roc_auc,test,0.667391304347826
random,BACE,classification,1.0,100,1210,0,0,roc_auc,train,0.9195418034504436
random,BACE,classification,1.0,100,1210,0,0,nef1,test,1.0
random,BACE,classification,1.0,100,1210,0,1,roc_auc,test,0.6239130434782608
random,BACE,classification,1.0,100,1210,0,1,roc_auc,train,0.8449172312635327
random,BACE,classification,1.0,100,1210,0,1,nef1,test,1.0
random,BACE,classification,1.0,100,1210,0,2,roc_auc,test,0.6985507246376812
random,BACE,classification,1.0,100,1210,0,2,roc_auc,train,0.8440734790808131
random,BACE,classification,1.0,100,1210,0,2,nef1,test,1.0
random,Tox21,classification,0.05,5,313,0,0,roc_auc,test,0.5771403925476719
random,Tox21,classification,0.05,5,313,0,0,roc_auc,train,0.9385845844743688
random,Tox21,classification,0.05,5,313,0,0,nef1,test,0.1469246031746031
random,Tox21,classification,0.05,5,313,0,1,roc_auc,test,0.5979253405956141
random,Tox21,classification,0.05,5,313,0,1,roc_auc,train,0.9684529325255063
random,Tox21,classification,0.05,5,313,0,1,nef1,test,0.2567460317460317
random,Tox21,classification,0.05,5,313,0,2,roc_auc,test,0.582489865841752
random,Tox21,classification,0.05,5,313,0,2,roc_auc,train,0.9474800416175492
random,Tox21,classification,0.05,5,313,0,2,nef1,test,0.1763888888888889
random,Tox21,classification,0.05,5,313,1,0,roc_auc,test,0.6045853730285166
random,Tox21,classification,0.05,5,313,1,0,roc_auc,train,0.946033180155444
random,Tox21,classification,0.05,5,313,1,0,nef1,test,0.2737103174603174
random,Tox21,classification,0.05,5,313,1,1,roc_auc,test,0.6068915099545011
random,Tox21,classification,0.05,5,313,1,1,roc_auc,train,0.9475583537014338
random,Tox21,classification,0.05,5,313,1,1,nef1,test,0.2938492063492063
random,Tox21,classification,0.05,5,313,1,2,roc_auc,test,0.607485646617153
random,Tox21,classification,0.05,5,313,1,2,roc_auc,train,0.9422510754950526
random,Tox21,classification,0.05,5,313,1,2,nef1,test,0.3049603174603174
random,Tox21,classification,0.05,5,313,2,0,roc_auc,test,0.60260605817364
random,Tox21,classification,0.05,5,313,2,0,roc_auc,train,0.9449188366092248
random,Tox21,classification,0.05,5,313,2,0,nef1,test,0.3076388888888888
random,Tox21,classification,0.05,5,313,2,1,roc_auc,test,0.598875169219493
random,Tox21,classification,0.05,5,313,2,1,roc_auc,train,0.9485793688209142
random,Tox21,classification,0.05,5,313,2,1,nef1,test,0.2761904761904761
random,Tox21,classification,0.05,5,313,2,2,roc_auc,test,0.5945715284137981
random,Tox21,classification,0.05,5,313,2,2,roc_auc,train,0.9224186408800956
random,Tox21,classification,0.05,5,313,2,2,nef1,test,0.2587301587301587
random,Tox21,classification,0.1,10,626,0,0,roc_auc,test,0.6371370834371581
random,Tox21,classification,0.1,10,626,0,0,roc_auc,train,0.950978838180342
random,Tox21,classification,0.1,10,626,0,0,nef1,test,0.3321428571428571
random,Tox21,classification,0.1,10,626,0,1,roc_auc,test,0.6402546339594627
random,Tox21,classification,0.1,10,626,0,1,roc_auc,train,0.9484847598715452
random,Tox21,classification,0.1,10,626,0,1,nef1,test,0.3468253968253967
random,Tox21,classification,0.1,10,626,0,2,roc_auc,test,0.6258444831220296
random,Tox21,classification,0.1,10,626,0,2,roc_auc,train,0.9332398405244684
random,Tox21,classification,0.1,10,626,0,2,nef1,test,0.3119047619047619
random,Tox21,classification,0.1,10,626,1,0,roc_auc,test,0.6166904287995699
random,Tox21,classification,0.1,10,626,1,0,roc_auc,train,0.9290902361705016
random,Tox21,classification,0.1,10,626,1,0,nef1,test,0.3099206349206349
random,Tox21,classification,0.1,10,626,1,1,roc_auc,test,0.6129179972117309
random,Tox21,classification,0.1,10,626,1,1,roc_auc,train,0.9300420969324558
random,Tox21,classification,0.1,10,626,1,1,nef1,test,0.3801587301587301
random,Tox21,classification,0.1,10,626,1,2,roc_auc,test,0.6157639733297079
random,Tox21,classification,0.1,10,626,1,2,roc_auc,train,0.9379040522925798
random,Tox21,classification,0.1,10,626,1,2,nef1,test,0.3317460317460317
random,Tox21,classification,0.1,10,626,2,0,roc_auc,test,0.6261988120687257
random,Tox21,classification,0.1,10,626,2,0,roc_auc,train,0.947455430387761
random,Tox21,classification,0.1,10,626,2,0,nef1,test,0.3398809523809523
random,Tox21,classification,0.1,10,626,2,1,roc_auc,test,0.6224517873703496
random,Tox21,classification,0.1,10,626,2,1,roc_auc,train,0.9378185831242328
random,Tox21,classification,0.1,10,626,2,1,nef1,test,0.3411706349206349
random,Tox21,classification,0.1,10,626,2,2,roc_auc,test,0.6275171285547579
random,Tox21,classification,0.1,10,626,2,2,roc_auc,train,0.9573341971271644
random,Tox21,classification,0.1,10,626,2,2,nef1,test,0.3677579365079365
random,Tox21,classification,0.25,25,1566,0,0,roc_auc,test,0.6173284749038391
random,Tox21,classification,0.25,25,1566,0,0,roc_auc,train,0.915795482619994
random,Tox21,classification,0.25,25,1566,0,0,nef1,test,0.3899801587301588
random,Tox21,classification,0.25,25,1566,0,1,roc_auc,test,0.6263551126139812
random,Tox21,classification,0.25,25,1566,0,1,roc_auc,train,0.9346650270963958
random,Tox21,classification,0.25,25,1566,0,1,nef1,test,0.4373015873015873
random,Tox21,classification,0.25,25,1566,0,2,roc_auc,test,0.613680139522681
random,Tox21,classification,0.25,25,1566,0,2,roc_auc,train,0.9221573735529176
random,Tox21,classification,0.25,25,1566,0,2,nef1,test,0.4181547619047619
random,Tox21,classification,0.25,25,1566,1,0,roc_auc,test,0.6681508125714318
random,Tox21,classification,0.25,25,1566,1,0,roc_auc,train,0.9322394574023382
random,Tox21,classification,0.25,25,1566,1,0,nef1,test,0.4213293650793651
random,Tox21,classification,0.25,25,1566,1,1,roc_auc,test,0.6621697968766841
random,Tox21,classification,0.25,25,1566,1,1,roc_auc,train,0.9122202808161832
random,Tox21,classification,0.25,25,1566,1,1,nef1,test,0.5058531746031746
random,Tox21,classification,0.25,25,1566,1,2,roc_auc,test,0.6652954577018307
random,Tox21,classification,0.25,25,1566,1,2,roc_auc,train,0.9313356833202078
random,Tox21,classification,0.25,25,1566,1,2,nef1,test,0.4800595238095238
random,Tox21,classification,0.25,25,1566,2,0,roc_auc,test,0.6841316084265143
random,Tox21,classification,0.25,25,1566,2,0,roc_auc,train,0.9127508784776528
random,Tox21,classification,0.25,25,1566,2,0,nef1,test,0.4768849206349206
random,Tox21,classification,0.25,25,1566,2,1,roc_auc,test,0.6773767749091136
random,Tox21,classification,0.25,25,1566,2,1,roc_auc,train,0.918081000385262
random,Tox21,classification,0.25,25,1566,2,1,nef1,test,0.4177579365079365
random,Tox21,classification,0.25,25,1566,2,2,roc_auc,test,0.6811957743003357
random,Tox21,classification,0.25,25,1566,2,2,roc_auc,train,0.9152417304665486
random,Tox21,classification,0.25,25,1566,2,2,nef1,test,0.4483134920634921
random,Tox21,classification,0.5,50,3132,0,0,roc_auc,test,0.677805678979262
random,Tox21,classification,0.5,50,3132,0,0,roc_auc,train,0.9095598634798416
random,Tox21,classification,0.5,50,3132,0,0,nef1,test,0.5488095238095239
random,Tox21,classification,0.5,50,3132,0,1,roc_auc,test,0.6535947338130738
random,Tox21,classification,0.5,50,3132,0,1,roc_auc,train,0.8995843958997547
random,Tox21,classification,0.5,50,3132,0,1,nef1,test,0.4813492063492064
random,Tox21,classification,0.5,50,3132,0,2,roc_auc,test,0.675753702042182
random,Tox21,classification,0.5,50,3132,0,2,roc_auc,train,0.9047114047543928
random,Tox21,classification,0.5,50,3132,0,2,nef1,test,0.5023809523809524
random,Tox21,classification,0.5,50,3132,1,0,roc_auc,test,0.6831666026886264
random,Tox21,classification,0.5,50,3132,1,0,roc_auc,train,0.905704244251968
random,Tox21,classification,0.5,50,3132,1,0,nef1,test,0.45
random,Tox21,classification,0.5,50,3132,1,1,roc_auc,test,0.6895743873847126
random,Tox21,classification,0.5,50,3132,1,1,roc_auc,train,0.9064971593601046
random,Tox21,classification,0.5,50,3132,1,1,nef1,test,0.513888888888889
random,Tox21,classification,0.5,50,3132,1,2,roc_auc,test,0.6823003340772421
random,Tox21,classification,0.5,50,3132,1,2,roc_auc,train,0.927388373612262
random,Tox21,classification,0.5,50,3132,1,2,nef1,test,0.4757936507936507
random,Tox21,classification,0.5,50,3132,2,0,roc_auc,test,0.6683332087617754
random,Tox21,classification,0.5,50,3132,2,0,roc_auc,train,0.8890143565917707
random,Tox21,classification,0.5,50,3132,2,0,nef1,test,0.4944444444444444
random,Tox21,classification,0.5,50,3132,2,1,roc_auc,test,0.6562985811557435
random,Tox21,classification,0.5,50,3132,2,1,roc_auc,train,0.8695537992822208
random,Tox21,classification,0.5,50,3132,2,1,nef1,test,0.4904761904761904
random,Tox21,classification,0.5,50,3132,2,2,roc_auc,test,0.6653600392257665
random,Tox21,classification,0.5,50,3132,2,2,roc_auc,train,0.9117546649222608
random,Tox21,classification,0.5,50,3132,2,2,nef1,test,0.4694444444444445
random,Tox21,classification,1.0,100,6264,0,0,roc_auc,test,0.6942483447249805
random,Tox21,classification,1.0,100,6264,0,0,roc_auc,train,0.89209932057401
random,Tox21,classification,1.0,100,6264,0,0,nef1,test,0.5222222222222223
random,Tox21,classification,1.0,100,6264,0,1,roc_auc,test,0.6837727307871536
random,Tox21,classification,1.0,100,6264,0,1,roc_auc,train,0.8862746693106537
random,Tox21,classification,1.0,100,6264,0,1,nef1,test,0.5222222222222223
random,Tox21,classification,1.0,100,6264,0,2,roc_auc,test,0.6828348178735446
random,Tox21,classification,1.0,100,6264,0,2,roc_auc,train,0.8734704712942793
random,Tox21,classification,1.0,100,6264,0,2,nef1,test,0.5083333333333332
random,HIV,classification,0.05,5,1645,0,0,roc_auc,test,0.7038046312211514
random,HIV,classification,0.05,5,1645,0,0,roc_auc,train,0.9098247322297957
random,HIV,classification,0.05,5,1645,0,0,nef1,test,0.238095238095238
random,HIV,classification,0.05,5,1645,0,1,roc_auc,test,0.7049846462851735
random,HIV,classification,0.05,5,1645,0,1,roc_auc,train,0.941966893865628
random,HIV,classification,0.05,5,1645,0,1,nef1,test,0.2857142857142857
random,HIV,classification,0.05,5,1645,0,2,roc_auc,test,0.699339500569729
random,HIV,classification,0.05,5,1645,0,2,roc_auc,train,0.8894547224926972
random,HIV,classification,0.05,5,1645,0,2,nef1,test,0.2619047619047619
random,HIV,classification,0.05,5,1645,1,0,roc_auc,test,0.6472933042353077
random,HIV,classification,0.05,5,1645,1,0,roc_auc,train,0.946377799415774
random,HIV,classification,0.05,5,1645,1,0,nef1,test,0.4523809523809524
random,HIV,classification,0.05,5,1645,1,1,roc_auc,test,0.6752467216439096
random,HIV,classification,0.05,5,1645,1,1,roc_auc,train,0.8872444011684518
random,HIV,classification,0.05,5,1645,1,1,nef1,test,0.3571428571428571
random,HIV,classification,0.05,5,1645,1,2,roc_auc,test,0.6475057455725294
random,HIV,classification,0.05,5,1645,1,2,roc_auc,train,0.8902142161635833
random,HIV,classification,0.05,5,1645,1,2,nef1,test,0.3333333333333333
random,HIV,classification,0.05,5,1645,2,0,roc_auc,test,0.6937001487089359
random,HIV,classification,0.05,5,1645,2,0,roc_auc,train,0.9193070838304828
random,HIV,classification,0.05,5,1645,2,0,nef1,test,0.238095238095238
random,HIV,classification,0.05,5,1645,2,1,roc_auc,test,0.6912049286390235
random,HIV,classification,0.05,5,1645,2,1,roc_auc,train,0.861151619603164
random,HIV,classification,0.05,5,1645,2,1,nef1,test,0.119047619047619
random,HIV,classification,0.05,5,1645,2,2,roc_auc,test,0.6890090577261052
random,HIV,classification,0.05,5,1645,2,2,roc_auc,train,0.9129877590702196
random,HIV,classification,0.05,5,1645,2,2,nef1,test,0.1428571428571428
random,HIV,classification,0.1,10,3290,0,0,roc_auc,test,0.7202282778732689
random,HIV,classification,0.1,10,3290,0,0,roc_auc,train,0.921568377722984
random,HIV,classification,0.1,10,3290,0,0,nef1,test,0.4285714285714285
random,HIV,classification,0.1,10,3290,0,1,roc_auc,test,0.7195407404546245
random,HIV,classification,0.1,10,3290,0,1,roc_auc,train,0.8810420190328693
random,HIV,classification,0.1,10,3290,0,1,nef1,test,0.4047619047619047
random,HIV,classification,0.1,10,3290,0,2,roc_auc,test,0.7270128816701752
random,HIV,classification,0.1,10,3290,0,2,roc_auc,train,0.8838974588877795
random,HIV,classification,0.1,10,3290,0,2,nef1,test,0.3571428571428571
random,HIV,classification,0.1,10,3290,1,0,roc_auc,test,0.6862801521852487
random,HIV,classification,0.1,10,3290,1,0,roc_auc,train,0.866336885863917
random,HIV,classification,0.1,10,3290,1,0,nef1,test,0.4523809523809524
random,HIV,classification,0.1,10,3290,1,1,roc_auc,test,0.6656791363293999
random,HIV,classification,0.1,10,3290,1,1,roc_auc,train,0.8961623499684144
random,HIV,classification,0.1,10,3290,1,1,nef1,test,0.4285714285714285
random,HIV,classification,0.1,10,3290,1,2,roc_auc,test,0.680326000888391
random,HIV,classification,0.1,10,3290,1,2,roc_auc,train,0.9084820063986304
random,HIV,classification,0.1,10,3290,1,2,nef1,test,0.4285714285714285
random,HIV,classification,0.1,10,3290,2,0,roc_auc,test,0.6882326812028042
random,HIV,classification,0.1,10,3290,2,0,roc_auc,train,0.924099318403116
random,HIV,classification,0.1,10,3290,2,0,nef1,test,0.1904761904761904
random,HIV,classification,0.1,10,3290,2,1,roc_auc,test,0.6973908341219412
random,HIV,classification,0.1,10,3290,2,1,roc_auc,train,0.9183763388510224
random,HIV,classification,0.1,10,3290,2,1,nef1,test,0.2857142857142857
random,HIV,classification,0.1,10,3290,2,2,roc_auc,test,0.7022789161629233
random,HIV,classification,0.1,10,3290,2,2,roc_auc,train,0.9314849074975656
random,HIV,classification,0.1,10,3290,2,2,nef1,test,0.2857142857142857
random,HIV,classification,0.25,25,8225,0,0,roc_auc,test,0.7413217713744954
random,HIV,classification,0.25,25,8225,0,0,roc_auc,train,0.8360164037854888
random,HIV,classification,0.25,25,8225,0,0,nef1,test,0.4047619047619047
random,HIV,classification,0.25,25,8225,0,1,roc_auc,test,0.7323606095135095
random,HIV,classification,0.25,25,8225,0,1,roc_auc,train,0.861290010515247
random,HIV,classification,0.25,25,8225,0,1,nef1,test,0.4285714285714285
random,HIV,classification,0.25,25,8225,0,2,roc_auc,test,0.7452866992410051
random,HIV,classification,0.25,25,8225,0,2,roc_auc,train,0.9264639327024186
random,HIV,classification,0.25,25,8225,0,2,nef1,test,0.3571428571428571
random,HIV,classification,0.25,25,8225,1,0,roc_auc,test,0.688213368353966
random,HIV,classification,0.25,25,8225,1,0,roc_auc,train,0.8910511665334161
random,HIV,classification,0.25,25,8225,1,0,nef1,test,0.4285714285714285
random,HIV,classification,0.25,25,8225,1,1,roc_auc,test,0.7045771451746847
random,HIV,classification,0.25,25,8225,1,1,roc_auc,train,0.920303863348696
random,HIV,classification,0.25,25,8225,1,1,nef1,test,0.3571428571428571
random,HIV,classification,0.25,25,8225,1,2,roc_auc,test,0.6991637536453003
random,HIV,classification,0.25,25,8225,1,2,roc_auc,train,0.9500266789153682
random,HIV,classification,0.25,25,8225,1,2,nef1,test,0.3809523809523809
random,HIV,classification,0.25,25,8225,2,0,roc_auc,test,0.7058517931980146
random,HIV,classification,0.25,25,8225,2,0,roc_auc,train,0.8259000919026513
random,HIV,classification,0.25,25,8225,2,0,nef1,test,0.4285714285714285
random,HIV,classification,0.25,25,8225,2,1,roc_auc,test,0.710235809884316
random,HIV,classification,0.25,25,8225,2,1,roc_auc,train,0.896911970924434
random,HIV,classification,0.25,25,8225,2,1,nef1,test,0.4761904761904761
random,HIV,classification,0.25,25,8225,2,2,roc_auc,test,0.7102879545761795
random,HIV,classification,0.25,25,8225,2,2,roc_auc,train,0.8329321445146282
random,HIV,classification,0.25,25,8225,2,2,nef1,test,0.4285714285714285
random,HIV,classification,0.5,50,16450,0,0,roc_auc,test,0.7538461538461538
random,HIV,classification,0.5,50,16450,0,0,roc_auc,train,0.8450387170646054
random,HIV,classification,0.5,50,16450,0,0,nef1,test,0.4285714285714285
random,HIV,classification,0.5,50,16450,0,1,roc_auc,test,0.7476699047876553
random,HIV,classification,0.5,50,16450,0,1,roc_auc,train,0.8536366453064914
random,HIV,classification,0.5,50,16450,0,1,nef1,test,0.4761904761904761
random,HIV,classification,0.5,50,16450,0,2,roc_auc,test,0.7507387164680663
random,HIV,classification,0.5,50,16450,0,2,roc_auc,train,0.892170805375318
random,HIV,classification,0.5,50,16450,0,2,nef1,test,0.5476190476190477
random,HIV,classification,0.5,50,16450,1,0,roc_auc,test,0.756578921956778
random,HIV,classification,0.5,50,16450,1,0,roc_auc,train,0.8624798259735497
random,HIV,classification,0.5,50,16450,1,0,nef1,test,0.4285714285714285
random,HIV,classification,0.5,50,16450,1,1,roc_auc,test,0.7437783657467313
random,HIV,classification,0.5,50,16450,1,1,roc_auc,train,0.8327316446926009
random,HIV,classification,0.5,50,16450,1,1,nef1,test,0.3571428571428571
random,HIV,classification,0.5,50,16450,1,2,roc_auc,test,0.7557697135904518
random,HIV,classification,0.5,50,16450,1,2,roc_auc,train,0.8802673058504676
random,HIV,classification,0.5,50,16450,1,2,nef1,test,0.4285714285714285
random,HIV,classification,0.5,50,16450,2,0,roc_auc,test,0.7337627223391723
random,HIV,classification,0.5,50,16450,2,0,roc_auc,train,0.8036325456440914
random,HIV,classification,0.5,50,16450,2,0,nef1,test,0.3809523809523809
random,HIV,classification,0.5,50,16450,2,1,roc_auc,test,0.7451457154444852
random,HIV,classification,0.5,50,16450,2,1,roc_auc,train,0.8682418664531031
random,HIV,classification,0.5,50,16450,2,1,nef1,test,0.4047619047619047
random,HIV,classification,0.5,50,16450,2,2,roc_auc,test,0.7339693698217423
random,HIV,classification,0.5,50,16450,2,2,roc_auc,train,0.8472473763960876
random,HIV,classification,0.5,50,16450,2,2,nef1,test,0.3095238095238095
random,HIV,classification,1.0,100,32901,0,0,roc_auc,test,0.7693254021900771
random,HIV,classification,1.0,100,32901,0,0,roc_auc,train,0.8459147285661386
random,HIV,classification,1.0,100,32901,0,0,nef1,test,0.4761904761904761
random,HIV,classification,1.0,100,32901,0,1,roc_auc,test,0.7604105911663029
random,HIV,classification,1.0,100,32901,0,1,roc_auc,train,0.8590363394617949
random,HIV,classification,1.0,100,32901,0,1,nef1,test,0.4523809523809524
random,HIV,classification,1.0,100,32901,0,2,roc_auc,test,0.7613086386372854
random,HIV,classification,1.0,100,32901,0,2,roc_auc,train,0.8648070950411173
random,HIV,classification,1.0,100,32901,0,2,nef1,test,0.4523809523809524
unsup,ESOL,regression,0.05,5,45,0,0,rmse,test,1.5615824460983276
unsup,ESOL,regression,0.05,5,45,0,0,rmse,train,0.5794100165367126
unsup,ESOL,regression,0.05,5,45,0,1,rmse,test,1.6260430812835691
unsup,ESOL,regression,0.05,5,45,0,1,rmse,train,0.5090727806091309
unsup,ESOL,regression,0.05,5,45,0,2,rmse,test,1.5523146390914917
unsup,ESOL,regression,0.05,5,45,0,2,rmse,train,0.5797232389450073
unsup,ESOL,regression,0.05,5,45,1,0,rmse,test,1.527477741241455
unsup,ESOL,regression,0.05,5,45,1,0,rmse,train,0.1800309419631958
unsup,ESOL,regression,0.05,5,45,1,1,rmse,test,1.6236822605133057
unsup,ESOL,regression,0.05,5,45,1,1,rmse,train,0.3335226774215698
unsup,ESOL,regression,0.05,5,45,1,2,rmse,test,1.7460248470306396
unsup,ESOL,regression,0.05,5,45,1,2,rmse,train,0.2322384864091873
unsup,ESOL,regression,0.05,5,45,2,0,rmse,test,1.6976031064987185
unsup,ESOL,regression,0.05,5,45,2,0,rmse,train,0.5893987417221069
unsup,ESOL,regression,0.05,5,45,2,1,rmse,test,1.706011414527893
unsup,ESOL,regression,0.05,5,45,2,1,rmse,train,0.3110479116439819
unsup,ESOL,regression,0.05,5,45,2,2,rmse,test,1.626248836517334
unsup,ESOL,regression,0.05,5,45,2,2,rmse,train,0.2523029148578644
unsup,ESOL,regression,0.1,10,90,0,0,rmse,test,1.322256565093994
unsup,ESOL,regression,0.1,10,90,0,0,rmse,train,0.8593992590904236
unsup,ESOL,regression,0.1,10,90,0,1,rmse,test,1.3323959112167358
unsup,ESOL,regression,0.1,10,90,0,1,rmse,train,0.9915221929550172
unsup,ESOL,regression,0.1,10,90,0,2,rmse,test,1.3204267024993896
unsup,ESOL,regression,0.1,10,90,0,2,rmse,train,0.9395838379859924
unsup,ESOL,regression,0.1,10,90,1,0,rmse,test,1.2676734924316406
unsup,ESOL,regression,0.1,10,90,1,0,rmse,train,0.3226338326931
unsup,ESOL,regression,0.1,10,90,1,1,rmse,test,1.3204079866409302
unsup,ESOL,regression,0.1,10,90,1,1,rmse,train,0.4251476526260376
unsup,ESOL,regression,0.1,10,90,1,2,rmse,test,1.3289341926574707
unsup,ESOL,regression,0.1,10,90,1,2,rmse,train,0.6062288880348206
unsup,ESOL,regression,0.1,10,90,2,0,rmse,test,1.3454087972640991
unsup,ESOL,regression,0.1,10,90,2,0,rmse,train,0.6478472352027893
unsup,ESOL,regression,0.1,10,90,2,1,rmse,test,1.4646507501602173
unsup,ESOL,regression,0.1,10,90,2,1,rmse,train,0.6686344742774963
unsup,ESOL,regression,0.1,10,90,2,2,rmse,test,1.4256547689437866
unsup,ESOL,regression,0.1,10,90,2,2,rmse,train,0.6187760829925537
unsup,ESOL,regression,0.25,25,226,0,0,rmse,test,1.2012758255004885
unsup,ESOL,regression,0.25,25,226,0,0,rmse,train,0.4652208983898163
unsup,ESOL,regression,0.25,25,226,0,1,rmse,test,1.197476148605347
unsup,ESOL,regression,0.25,25,226,0,1,rmse,train,0.7018416523933411
unsup,ESOL,regression,0.25,25,226,0,2,rmse,test,1.2322185039520264
unsup,ESOL,regression,0.25,25,226,0,2,rmse,train,0.7452871799468994
unsup,ESOL,regression,0.25,25,226,1,0,rmse,test,1.1520607471466064
unsup,ESOL,regression,0.25,25,226,1,0,rmse,train,0.3473445177078247
unsup,ESOL,regression,0.25,25,226,1,1,rmse,test,1.0925649404525757
unsup,ESOL,regression,0.25,25,226,1,1,rmse,train,0.3700920641422272
unsup,ESOL,regression,0.25,25,226,1,2,rmse,test,1.1702868938446045
unsup,ESOL,regression,0.25,25,226,1,2,rmse,train,0.2521830797195434
unsup,ESOL,regression,0.25,25,226,2,0,rmse,test,1.2042350769042969
unsup,ESOL,regression,0.25,25,226,2,0,rmse,train,0.4069267213344574
unsup,ESOL,regression,0.25,25,226,2,1,rmse,test,1.2000877857208252
unsup,ESOL,regression,0.25,25,226,2,1,rmse,train,0.2439714074134826
unsup,ESOL,regression,0.25,25,226,2,2,rmse,test,1.1802372932434082
unsup,ESOL,regression,0.25,25,226,2,2,rmse,train,0.2622624933719635
unsup,ESOL,regression,0.5,50,451,0,0,rmse,test,1.1632648706436155
unsup,ESOL,regression,0.5,50,451,0,0,rmse,train,0.3589170277118683
unsup,ESOL,regression,0.5,50,451,0,1,rmse,test,1.157944917678833
unsup,ESOL,regression,0.5,50,451,0,1,rmse,train,0.6874561905860901
unsup,ESOL,regression,0.5,50,451,0,2,rmse,test,1.1794167757034302
unsup,ESOL,regression,0.5,50,451,0,2,rmse,train,0.7013250589370728
unsup,ESOL,regression,0.5,50,451,1,0,rmse,test,1.1214971542358398
unsup,ESOL,regression,0.5,50,451,1,0,rmse,train,0.4915533661842346
unsup,ESOL,regression,0.5,50,451,1,1,rmse,test,1.1130517721176147
unsup,ESOL,regression,0.5,50,451,1,1,rmse,train,0.6165046691894531
unsup,ESOL,regression,0.5,50,451,1,2,rmse,test,1.0490880012512207
unsup,ESOL,regression,0.5,50,451,1,2,rmse,train,0.4547289311885834
unsup,ESOL,regression,0.5,50,451,2,0,rmse,test,1.140336513519287
unsup,ESOL,regression,0.5,50,451,2,0,rmse,train,0.6501004099845886
unsup,ESOL,regression,0.5,50,451,2,1,rmse,test,1.0789856910705566
unsup,ESOL,regression,0.5,50,451,2,1,rmse,train,0.5408287644386292
unsup,ESOL,regression,0.5,50,451,2,2,rmse,test,1.0725069046020508
unsup,ESOL,regression,0.5,50,451,2,2,rmse,train,0.5712891817092896
unsup,ESOL,regression,1.0,100,902,0,0,rmse,test,1.0191128253936768
unsup,ESOL,regression,1.0,100,902,0,0,rmse,train,0.4148151874542236
unsup,ESOL,regression,1.0,100,902,0,1,rmse,test,0.9681280255317688
unsup,ESOL,regression,1.0,100,902,0,1,rmse,train,0.4804162681102752
unsup,ESOL,regression,1.0,100,902,0,2,rmse,test,1.0155729055404663
unsup,ESOL,regression,1.0,100,902,0,2,rmse,train,0.3167441487312317
unsup,Lipophilicity,regression,0.05,5,168,0,0,rmse,test,1.1419471502304075
unsup,Lipophilicity,regression,0.05,5,168,0,0,rmse,train,0.4362343549728393
unsup,Lipophilicity,regression,0.05,5,168,0,1,rmse,test,1.1067777872085571
unsup,Lipophilicity,regression,0.05,5,168,0,1,rmse,train,0.4914978146553039
unsup,Lipophilicity,regression,0.05,5,168,0,2,rmse,test,1.1248407363891602
unsup,Lipophilicity,regression,0.05,5,168,0,2,rmse,train,0.4980779886245727
unsup,Lipophilicity,regression,0.05,5,168,1,0,rmse,test,1.0452088117599487
unsup,Lipophilicity,regression,0.05,5,168,1,0,rmse,train,0.8780314326286316
unsup,Lipophilicity,regression,0.05,5,168,1,1,rmse,test,1.0944973230361938
unsup,Lipophilicity,regression,0.05,5,168,1,1,rmse,train,0.460170030593872
unsup,Lipophilicity,regression,0.05,5,168,1,2,rmse,test,1.0748836994171145
unsup,Lipophilicity,regression,0.05,5,168,1,2,rmse,train,0.6452937126159668
unsup,Lipophilicity,regression,0.05,5,168,2,0,rmse,test,1.047624111175537
unsup,Lipophilicity,regression,0.05,5,168,2,0,rmse,train,0.3697551190853119
unsup,Lipophilicity,regression,0.05,5,168,2,1,rmse,test,1.0668997764587402
unsup,Lipophilicity,regression,0.05,5,168,2,1,rmse,train,0.1709636002779007
unsup,Lipophilicity,regression,0.05,5,168,2,2,rmse,test,1.058704495429993
unsup,Lipophilicity,regression,0.05,5,168,2,2,rmse,train,0.8597739338874817
unsup,Lipophilicity,regression,0.1,10,336,0,0,rmse,test,1.0301352739334106
unsup,Lipophilicity,regression,0.1,10,336,0,0,rmse,train,0.6039831638336182
unsup,Lipophilicity,regression,0.1,10,336,0,1,rmse,test,0.9946972727775574
unsup,Lipophilicity,regression,0.1,10,336,0,1,rmse,train,0.526554524898529
unsup,Lipophilicity,regression,0.1,10,336,0,2,rmse,test,1.0312966108322144
unsup,Lipophilicity,regression,0.1,10,336,0,2,rmse,train,0.7274906039237976
unsup,Lipophilicity,regression,0.1,10,336,1,0,rmse,test,1.0702269077301023
unsup,Lipophilicity,regression,0.1,10,336,1,0,rmse,train,0.3501031696796417
unsup,Lipophilicity,regression,0.1,10,336,1,1,rmse,test,1.027612805366516
unsup,Lipophilicity,regression,0.1,10,336,1,1,rmse,train,0.5315588116645813
unsup,Lipophilicity,regression,0.1,10,336,1,2,rmse,test,1.0349221229553225
unsup,Lipophilicity,regression,0.1,10,336,1,2,rmse,train,0.445761501789093
unsup,Lipophilicity,regression,0.1,10,336,2,0,rmse,test,1.0620009899139404
unsup,Lipophilicity,regression,0.1,10,336,2,0,rmse,train,0.6499624848365784
unsup,Lipophilicity,regression,0.1,10,336,2,1,rmse,test,1.0397424697875977
unsup,Lipophilicity,regression,0.1,10,336,2,1,rmse,train,0.5758066773414612
unsup,Lipophilicity,regression,0.1,10,336,2,2,rmse,test,1.065913200378418
unsup,Lipophilicity,regression,0.1,10,336,2,2,rmse,train,0.2117221802473068
unsup,Lipophilicity,regression,0.25,25,840,0,0,rmse,test,0.9626722931861876
unsup,Lipophilicity,regression,0.25,25,840,0,0,rmse,train,0.3126020133495331
unsup,Lipophilicity,regression,0.25,25,840,0,1,rmse,test,0.963534653186798
unsup,Lipophilicity,regression,0.25,25,840,0,1,rmse,train,0.3227979838848114
unsup,Lipophilicity,regression,0.25,25,840,0,2,rmse,test,0.9797693490982056
unsup,Lipophilicity,regression,0.25,25,840,0,2,rmse,train,0.4561534523963928
unsup,Lipophilicity,regression,0.25,25,840,1,0,rmse,test,1.0598630905151367
unsup,Lipophilicity,regression,0.25,25,840,1,0,rmse,train,0.4205798506736755
unsup,Lipophilicity,regression,0.25,25,840,1,1,rmse,test,0.9937086701393129
unsup,Lipophilicity,regression,0.25,25,840,1,1,rmse,train,0.5106020569801331
unsup,Lipophilicity,regression,0.25,25,840,1,2,rmse,test,1.021433711051941
unsup,Lipophilicity,regression,0.25,25,840,1,2,rmse,train,0.6932529211044312
unsup,Lipophilicity,regression,0.25,25,840,2,0,rmse,test,0.9807513952255248
unsup,Lipophilicity,regression,0.25,25,840,2,0,rmse,train,0.2967648804187774
unsup,Lipophilicity,regression,0.25,25,840,2,1,rmse,test,0.9917117953300476
unsup,Lipophilicity,regression,0.25,25,840,2,1,rmse,train,0.5567260384559631
unsup,Lipophilicity,regression,0.25,25,840,2,2,rmse,test,0.9738622307777404
unsup,Lipophilicity,regression,0.25,25,840,2,2,rmse,train,0.3377490937709808
unsup,Lipophilicity,regression,0.5,50,1680,0,0,rmse,test,0.9236407279968262
unsup,Lipophilicity,regression,0.5,50,1680,0,0,rmse,train,0.3362760841846466
unsup,Lipophilicity,regression,0.5,50,1680,0,1,rmse,test,0.935897946357727
unsup,Lipophilicity,regression,0.5,50,1680,0,1,rmse,train,0.3257929384708404
unsup,Lipophilicity,regression,0.5,50,1680,0,2,rmse,test,0.9026095271110536
unsup,Lipophilicity,regression,0.5,50,1680,0,2,rmse,train,0.2632621526718139
unsup,Lipophilicity,regression,0.5,50,1680,1,0,rmse,test,0.9214874505996704
unsup,Lipophilicity,regression,0.5,50,1680,1,0,rmse,train,0.3031024932861328
unsup,Lipophilicity,regression,0.5,50,1680,1,1,rmse,test,0.9266783595085144
unsup,Lipophilicity,regression,0.5,50,1680,1,1,rmse,train,0.4140148162841797
unsup,Lipophilicity,regression,0.5,50,1680,1,2,rmse,test,0.9389046430587769
unsup,Lipophilicity,regression,0.5,50,1680,1,2,rmse,train,0.4199357032775879
unsup,Lipophilicity,regression,0.5,50,1680,2,0,rmse,test,0.9217996001243592
unsup,Lipophilicity,regression,0.5,50,1680,2,0,rmse,train,0.6422078609466553
unsup,Lipophilicity,regression,0.5,50,1680,2,1,rmse,test,0.9021541476249696
unsup,Lipophilicity,regression,0.5,50,1680,2,1,rmse,train,0.3466761112213135
unsup,Lipophilicity,regression,0.5,50,1680,2,2,rmse,test,0.9202670454978944
unsup,Lipophilicity,regression,0.5,50,1680,2,2,rmse,train,0.569978654384613
unsup,Lipophilicity,regression,1.0,100,3360,0,0,rmse,test,0.884254515171051
unsup,Lipophilicity,regression,1.0,100,3360,0,0,rmse,train,0.4537969827651977
unsup,Lipophilicity,regression,1.0,100,3360,0,1,rmse,test,0.859539806842804
unsup,Lipophilicity,regression,1.0,100,3360,0,1,rmse,train,0.3512971401214599
unsup,Lipophilicity,regression,1.0,100,3360,0,2,rmse,test,0.9086775183677672
unsup,Lipophilicity,regression,1.0,100,3360,0,2,rmse,train,0.4986460208892822
unsup,QM7,regression,0.05,5,274,0,0,rmse,test,215.04006958007812
unsup,QM7,regression,0.05,5,274,0,0,rmse,train,228.62420654296875
unsup,QM7,regression,0.05,5,274,0,1,rmse,test,213.98724365234375
unsup,QM7,regression,0.05,5,274,0,1,rmse,train,185.8957672119141
unsup,QM7,regression,0.05,5,274,0,2,rmse,test,233.79525756835935
unsup,QM7,regression,0.05,5,274,0,2,rmse,train,201.11460876464844
unsup,QM7,regression,0.05,5,274,1,0,rmse,test,233.5808258056641
unsup,QM7,regression,0.05,5,274,1,0,rmse,train,178.23086547851562
unsup,QM7,regression,0.05,5,274,1,1,rmse,test,213.27586364746097
unsup,QM7,regression,0.05,5,274,1,1,rmse,train,206.9450531005859
unsup,QM7,regression,0.05,5,274,1,2,rmse,test,232.18296813964844
unsup,QM7,regression,0.05,5,274,1,2,rmse,train,200.90359497070312
unsup,QM7,regression,0.05,5,274,2,0,rmse,test,219.4751434326172
unsup,QM7,regression,0.05,5,274,2,0,rmse,train,190.29063415527344
unsup,QM7,regression,0.05,5,274,2,1,rmse,test,212.0858612060547
unsup,QM7,regression,0.05,5,274,2,1,rmse,train,176.70718383789062
unsup,QM7,regression,0.05,5,274,2,2,rmse,test,221.00830078125
unsup,QM7,regression,0.05,5,274,2,2,rmse,train,188.2655334472656
unsup,QM7,regression,0.1,10,547,0,0,rmse,test,223.7335662841797
unsup,QM7,regression,0.1,10,547,0,0,rmse,train,206.7661895751953
unsup,QM7,regression,0.1,10,547,0,1,rmse,test,217.787109375
unsup,QM7,regression,0.1,10,547,0,1,rmse,train,199.21868896484375
unsup,QM7,regression,0.1,10,547,0,2,rmse,test,222.9963531494141
unsup,QM7,regression,0.1,10,547,0,2,rmse,train,170.93743896484375
unsup,QM7,regression,0.1,10,547,1,0,rmse,test,234.77462768554688
unsup,QM7,regression,0.1,10,547,1,0,rmse,train,164.95310974121094
unsup,QM7,regression,0.1,10,547,1,1,rmse,test,228.9104156494141
unsup,QM7,regression,0.1,10,547,1,1,rmse,train,185.85389709472656
unsup,QM7,regression,0.1,10,547,1,2,rmse,test,217.2057952880859
unsup,QM7,regression,0.1,10,547,1,2,rmse,train,184.6889190673828
unsup,QM7,regression,0.1,10,547,2,0,rmse,test,216.3572998046875
unsup,QM7,regression,0.1,10,547,2,0,rmse,train,177.4185333251953
unsup,QM7,regression,0.1,10,547,2,1,rmse,test,223.59913635253903
unsup,QM7,regression,0.1,10,547,2,1,rmse,train,197.93844604492188
unsup,QM7,regression,0.1,10,547,2,2,rmse,test,212.67282104492188
unsup,QM7,regression,0.1,10,547,2,2,rmse,train,184.0025634765625
unsup,QM7,regression,0.25,25,1368,0,0,rmse,test,216.63479614257812
unsup,QM7,regression,0.25,25,1368,0,0,rmse,train,187.4406890869141
unsup,QM7,regression,0.25,25,1368,0,1,rmse,test,216.1273498535156
unsup,QM7,regression,0.25,25,1368,0,1,rmse,train,186.6728973388672
unsup,QM7,regression,0.25,25,1368,0,2,rmse,test,213.05291748046875
unsup,QM7,regression,0.25,25,1368,0,2,rmse,train,198.61502075195312
unsup,QM7,regression,0.25,25,1368,1,0,rmse,test,205.13314819335935
unsup,QM7,regression,0.25,25,1368,1,0,rmse,train,196.238037109375
unsup,QM7,regression,0.25,25,1368,1,1,rmse,test,205.99310302734375
unsup,QM7,regression,0.25,25,1368,1,1,rmse,train,184.42608642578125
unsup,QM7,regression,0.25,25,1368,1,2,rmse,test,203.9406890869141
unsup,QM7,regression,0.25,25,1368,1,2,rmse,train,198.51597595214844
unsup,QM7,regression,0.25,25,1368,2,0,rmse,test,213.07562255859375
unsup,QM7,regression,0.25,25,1368,2,0,rmse,train,190.1480407714844
unsup,QM7,regression,0.25,25,1368,2,1,rmse,test,212.29701232910156
unsup,QM7,regression,0.25,25,1368,2,1,rmse,train,204.80027770996097
unsup,QM7,regression,0.25,25,1368,2,2,rmse,test,216.85281372070312
unsup,QM7,regression,0.25,25,1368,2,2,rmse,train,190.0594482421875
unsup,QM7,regression,0.5,50,2735,0,0,rmse,test,211.71548461914065
unsup,QM7,regression,0.5,50,2735,0,0,rmse,train,191.49444580078125
unsup,QM7,regression,0.5,50,2735,0,1,rmse,test,214.60804748535156
unsup,QM7,regression,0.5,50,2735,0,1,rmse,train,182.5679473876953
unsup,QM7,regression,0.5,50,2735,0,2,rmse,test,208.7686767578125
unsup,QM7,regression,0.5,50,2735,0,2,rmse,train,180.6606903076172
unsup,QM7,regression,0.5,50,2735,1,0,rmse,test,219.20957946777344
unsup,QM7,regression,0.5,50,2735,1,0,rmse,train,183.9459228515625
unsup,QM7,regression,0.5,50,2735,1,1,rmse,test,207.30255126953125
unsup,QM7,regression,0.5,50,2735,1,1,rmse,train,184.39340209960935
unsup,QM7,regression,0.5,50,2735,1,2,rmse,test,214.82742309570312
unsup,QM7,regression,0.5,50,2735,1,2,rmse,train,186.81903076171875
unsup,QM7,regression,0.5,50,2735,2,0,rmse,test,212.930908203125
unsup,QM7,regression,0.5,50,2735,2,0,rmse,train,180.74620056152344
unsup,QM7,regression,0.5,50,2735,2,1,rmse,test,206.7313690185547
unsup,QM7,regression,0.5,50,2735,2,1,rmse,train,194.5901641845703
unsup,QM7,regression,0.5,50,2735,2,2,rmse,test,211.56930541992188
unsup,QM7,regression,0.5,50,2735,2,2,rmse,train,177.57644653320312
unsup,QM7,regression,1.0,100,5470,0,0,rmse,test,219.16326904296875
unsup,QM7,regression,1.0,100,5470,0,0,rmse,train,186.1997985839844
unsup,QM7,regression,1.0,100,5470,0,1,rmse,test,209.50355529785156
unsup,QM7,regression,1.0,100,5470,0,1,rmse,train,191.17819213867188
unsup,QM7,regression,1.0,100,5470,0,2,rmse,test,209.3462829589844
unsup,QM7,regression,1.0,100,5470,0,2,rmse,train,189.006591796875
unsup,BBBP,classification,0.05,5,82,0,0,roc_auc,test,0.7227093168898737
unsup,BBBP,classification,0.05,5,82,0,0,roc_auc,train,1.0
unsup,BBBP,classification,0.05,5,82,0,0,nef1,test,0.6666666666666666
unsup,BBBP,classification,0.05,5,82,0,1,roc_auc,test,0.7018980633972444
unsup,BBBP,classification,0.05,5,82,0,1,roc_auc,train,1.0
unsup,BBBP,classification,0.05,5,82,0,1,nef1,test,0.3333333333333333
unsup,BBBP,classification,0.05,5,82,0,2,roc_auc,test,0.6886019847769534
unsup,BBBP,classification,0.05,5,82,0,2,roc_auc,train,0.9988851727982164
unsup,BBBP,classification,0.05,5,82,0,2,nef1,test,0.3333333333333333
unsup,BBBP,classification,0.05,5,82,1,0,roc_auc,test,0.5996724154542826
unsup,BBBP,classification,0.05,5,82,1,0,roc_auc,train,0.9940298507462688
unsup,BBBP,classification,0.05,5,82,1,0,nef1,test,0.6666666666666666
unsup,BBBP,classification,0.05,5,82,1,1,roc_auc,test,0.5938915117063301
unsup,BBBP,classification,0.05,5,82,1,1,roc_auc,train,1.0
unsup,BBBP,classification,0.05,5,82,1,1,nef1,test,0.0
unsup,BBBP,classification,0.05,5,82,1,2,roc_auc,test,0.5935061181231333
unsup,BBBP,classification,0.05,5,82,1,2,roc_auc,train,1.0
unsup,BBBP,classification,0.05,5,82,1,2,nef1,test,0.6666666666666666
unsup,BBBP,classification,0.05,5,82,2,0,roc_auc,test,0.6263609210906638
unsup,BBBP,classification,0.05,5,82,2,0,roc_auc,train,0.9977703455964326
unsup,BBBP,classification,0.05,5,82,2,0,nef1,test,0.3333333333333333
unsup,BBBP,classification,0.05,5,82,2,1,roc_auc,test,0.657577801329608
unsup,BBBP,classification,0.05,5,82,2,1,roc_auc,train,1.0
unsup,BBBP,classification,0.05,5,82,2,1,nef1,test,0.3333333333333333
unsup,BBBP,classification,0.05,5,82,2,2,roc_auc,test,0.6450525098757105
unsup,BBBP,classification,0.05,5,82,2,2,roc_auc,train,1.0
unsup,BBBP,classification,0.05,5,82,2,2,nef1,test,0.6666666666666666
unsup,BBBP,classification,0.1,10,163,0,0,roc_auc,test,0.646690432604297
unsup,BBBP,classification,0.1,10,163,0,0,roc_auc,train,0.9981052631578948
unsup,BBBP,classification,0.1,10,163,0,0,nef1,test,1.0
unsup,BBBP,classification,0.1,10,163,0,1,roc_auc,test,0.6488100973118798
unsup,BBBP,classification,0.1,10,163,0,1,roc_auc,train,0.996842105263158
unsup,BBBP,classification,0.1,10,163,0,1,nef1,test,0.6666666666666666
unsup,BBBP,classification,0.1,10,163,0,2,roc_auc,test,0.6367665478369785
unsup,BBBP,classification,0.1,10,163,0,2,roc_auc,train,0.995578947368421
unsup,BBBP,classification,0.1,10,163,0,2,nef1,test,0.6666666666666666
unsup,BBBP,classification,0.1,10,163,1,0,roc_auc,test,0.696213508045091
unsup,BBBP,classification,0.1,10,163,1,0,roc_auc,train,0.9921392476137
unsup,BBBP,classification,0.1,10,163,1,0,nef1,test,0.6666666666666666
unsup,BBBP,classification,0.1,10,163,1,1,roc_auc,test,0.7016090182098467
unsup,BBBP,classification,0.1,10,163,1,1,roc_auc,train,0.9966311061201572
unsup,BBBP,classification,0.1,10,163,1,1,nef1,test,0.6666666666666666
unsup,BBBP,classification,0.1,10,163,1,2,roc_auc,test,0.711821948164563
unsup,BBBP,classification,0.1,10,163,1,2,roc_auc,train,0.9997192588433464
unsup,BBBP,classification,0.1,10,163,1,2,nef1,test,0.6666666666666666
unsup,BBBP,classification,0.1,10,163,2,0,roc_auc,test,0.6927449657963195
unsup,BBBP,classification,0.1,10,163,2,0,roc_auc,train,1.0
unsup,BBBP,classification,0.1,10,163,2,0,nef1,test,0.6666666666666666
unsup,BBBP,classification,0.1,10,163,2,1,roc_auc,test,0.6853261393197803
unsup,BBBP,classification,0.1,10,163,2,1,roc_auc,train,1.0
unsup,BBBP,classification,0.1,10,163,2,1,nef1,test,0.6666666666666666
unsup,BBBP,classification,0.1,10,163,2,2,roc_auc,test,0.6894691203391463
unsup,BBBP,classification,0.1,10,163,2,2,roc_auc,train,1.0
unsup,BBBP,classification,0.1,10,163,2,2,nef1,test,0.6666666666666666
unsup,BBBP,classification,0.25,25,408,0,0,roc_auc,test,0.7231910588688698
unsup,BBBP,classification,0.25,25,408,0,0,roc_auc,train,0.9949826989619376
unsup,BBBP,classification,0.25,25,408,0,0,nef1,test,1.0
unsup,BBBP,classification,0.25,25,408,0,1,roc_auc,test,0.6993930051064648
unsup,BBBP,classification,0.25,25,408,0,1,roc_auc,train,0.9839965397923875
unsup,BBBP,classification,0.25,25,408,0,1,nef1,test,0.6666666666666666
unsup,BBBP,classification,0.25,25,408,0,2,roc_auc,test,0.7055593024376143
unsup,BBBP,classification,0.25,25,408,0,2,roc_auc,train,0.9871539792387544
unsup,BBBP,classification,0.25,25,408,0,2,nef1,test,0.6666666666666666
unsup,BBBP,classification,0.25,25,408,1,0,roc_auc,test,0.7289719626168224
unsup,BBBP,classification,0.25,25,408,1,0,roc_auc,train,0.9972304894179894
unsup,BBBP,classification,0.25,25,408,1,0,nef1,test,1.0
unsup,BBBP,classification,0.25,25,408,1,1,roc_auc,test,0.7395702861547355
unsup,BBBP,classification,0.25,25,408,1,1,roc_auc,train,0.9972718253968254
unsup,BBBP,classification,0.25,25,408,1,1,nef1,test,0.6666666666666666
unsup,BBBP,classification,0.25,25,408,1,2,roc_auc,test,0.7325368532613933
unsup,BBBP,classification,0.25,25,408,1,2,roc_auc,train,0.9990079365079364
unsup,BBBP,classification,0.25,25,408,1,2,nef1,test,0.6666666666666666
unsup,BBBP,classification,0.25,25,408,2,0,roc_auc,test,0.7248289815974565
unsup,BBBP,classification,0.25,25,408,2,0,roc_auc,train,0.9998381615148082
unsup,BBBP,classification,0.25,25,408,2,0,nef1,test,0.6666666666666666
unsup,BBBP,classification,0.25,25,408,2,1,roc_auc,test,0.7281048270546296
unsup,BBBP,classification,0.25,25,408,2,1,roc_auc,train,0.9964800129470788
unsup,BBBP,classification,0.25,25,408,2,1,nef1,test,0.6666666666666666
unsup,BBBP,classification,0.25,25,408,2,2,roc_auc,test,0.7248289815974565
unsup,BBBP,classification,0.25,25,408,2,2,roc_auc,train,0.997208286130442
unsup,BBBP,classification,0.25,25,408,2,2,nef1,test,0.6666666666666666
unsup,BBBP,classification,0.5,50,816,0,0,roc_auc,test,0.7340784275941805
unsup,BBBP,classification,0.5,50,816,0,0,roc_auc,train,0.9987425884277245
unsup,BBBP,classification,0.5,50,816,0,0,nef1,test,0.3333333333333333
unsup,BBBP,classification,0.5,50,816,0,1,roc_auc,test,0.7379323634261489
unsup,BBBP,classification,0.5,50,816,0,1,roc_auc,train,0.9977305254549172
unsup,BBBP,classification,0.5,50,816,0,1,nef1,test,0.3333333333333333
unsup,BBBP,classification,0.5,50,816,0,2,roc_auc,test,0.7353309567395703
unsup,BBBP,classification,0.5,50,816,0,2,roc_auc,train,0.9983745655285218
unsup,BBBP,classification,0.5,50,816,0,2,nef1,test,0.3333333333333333
unsup,BBBP,classification,0.5,50,816,1,0,roc_auc,test,0.7438096155699007
unsup,BBBP,classification,0.5,50,816,1,0,roc_auc,train,0.9942545865666272
unsup,BBBP,classification,0.5,50,816,1,0,nef1,test,0.6666666666666666
unsup,BBBP,classification,0.5,50,816,1,1,roc_auc,test,0.7509393968590423
unsup,BBBP,classification,0.5,50,816,1,1,roc_auc,train,0.9990852561796598
unsup,BBBP,classification,0.5,50,816,1,1,nef1,test,0.6666666666666666
unsup,BBBP,classification,0.5,50,816,1,2,roc_auc,test,0.7439059639657
unsup,BBBP,classification,0.5,50,816,1,2,roc_auc,train,0.99908525617966
unsup,BBBP,classification,0.5,50,816,1,2,nef1,test,0.3333333333333333
unsup,BBBP,classification,0.5,50,816,2,0,roc_auc,test,0.7296464013874169
unsup,BBBP,classification,0.5,50,816,2,0,roc_auc,train,0.9988187440797904
unsup,BBBP,classification,0.5,50,816,2,0,nef1,test,0.3333333333333333
unsup,BBBP,classification,0.5,50,816,2,1,roc_auc,test,0.7267559495134406
unsup,BBBP,classification,0.5,50,816,2,1,roc_auc,train,0.9993313645734664
unsup,BBBP,classification,0.5,50,816,2,1,nef1,test,0.6666666666666666
unsup,BBBP,classification,0.5,50,816,2,2,roc_auc,test,0.7315733693034011
unsup,BBBP,classification,0.5,50,816,2,2,roc_auc,train,0.9997325458293864
unsup,BBBP,classification,0.5,50,816,2,2,nef1,test,0.3333333333333333
unsup,BBBP,classification,1.0,100,1631,0,0,roc_auc,test,0.748048944985066
unsup,BBBP,classification,1.0,100,1631,0,0,roc_auc,train,0.9885957468692946
unsup,BBBP,classification,1.0,100,1631,0,0,nef1,test,0.3333333333333333
unsup,BBBP,classification,1.0,100,1631,0,1,roc_auc,test,0.7389921957799404
unsup,BBBP,classification,1.0,100,1631,0,1,roc_auc,train,0.9920671655223842
unsup,BBBP,classification,1.0,100,1631,0,1,nef1,test,0.3333333333333333
unsup,BBBP,classification,1.0,100,1631,0,2,roc_auc,test,0.7444840543404952
unsup,BBBP,classification,1.0,100,1631,0,2,roc_auc,train,0.987212322250508
unsup,BBBP,classification,1.0,100,1631,0,2,nef1,test,0.3333333333333333
unsup,BACE,classification,0.05,5,60,0,0,roc_auc,test,0.5981884057971014
unsup,BACE,classification,0.05,5,60,0,0,roc_auc,train,0.8800904977375565
unsup,BACE,classification,0.05,5,60,0,0,nef1,test,0.5
unsup,BACE,classification,0.05,5,60,0,1,roc_auc,test,0.5820652173913045
unsup,BACE,classification,0.05,5,60,0,1,roc_auc,train,0.916289592760181
unsup,BACE,classification,0.05,5,60,0,1,nef1,test,0.5
unsup,BACE,classification,0.05,5,60,0,2,roc_auc,test,0.6018115942028986
unsup,BACE,classification,0.05,5,60,0,2,roc_auc,train,0.9298642533936652
unsup,BACE,classification,0.05,5,60,0,2,nef1,test,0.5
unsup,BACE,classification,0.05,5,60,1,0,roc_auc,test,0.6266304347826088
unsup,BACE,classification,0.05,5,60,1,0,roc_auc,train,0.974326059050064
unsup,BACE,classification,0.05,5,60,1,0,nef1,test,1.0
unsup,BACE,classification,0.05,5,60,1,1,roc_auc,test,0.6617753623188406
unsup,BACE,classification,0.05,5,60,1,1,roc_auc,train,0.9845956354300384
unsup,BACE,classification,0.05,5,60,1,1,nef1,test,1.0
unsup,BACE,classification,0.05,5,60,1,2,roc_auc,test,0.6418478260869566
unsup,BACE,classification,0.05,5,60,1,2,roc_auc,train,0.9768934531450576
unsup,BACE,classification,0.05,5,60,1,2,nef1,test,0.5
unsup,BACE,classification,0.05,5,60,2,0,roc_auc,test,0.6945652173913044
unsup,BACE,classification,0.05,5,60,2,0,roc_auc,train,0.897142857142857
unsup,BACE,classification,0.05,5,60,2,0,nef1,test,1.0
unsup,BACE,classification,0.05,5,60,2,1,roc_auc,test,0.7715579710144929
unsup,BACE,classification,0.05,5,60,2,1,roc_auc,train,0.8822857142857143
unsup,BACE,classification,0.05,5,60,2,1,nef1,test,1.0
unsup,BACE,classification,0.05,5,60,2,2,roc_auc,test,0.7132246376811594
unsup,BACE,classification,0.05,5,60,2,2,roc_auc,train,0.8731428571428572
unsup,BACE,classification,0.05,5,60,2,2,nef1,test,1.0
unsup,BACE,classification,0.1,10,121,0,0,roc_auc,test,0.7106884057971015
unsup,BACE,classification,0.1,10,121,0,0,roc_auc,train,0.9749163879598662
unsup,BACE,classification,0.1,10,121,0,0,nef1,test,1.0
unsup,BACE,classification,0.1,10,121,0,1,roc_auc,test,0.718840579710145
unsup,BACE,classification,0.1,10,121,0,1,roc_auc,train,0.9534559643255296
unsup,BACE,classification,0.1,10,121,0,1,nef1,test,1.0
unsup,BACE,classification,0.1,10,121,0,2,roc_auc,test,0.6849637681159421
unsup,BACE,classification,0.1,10,121,0,2,roc_auc,train,0.9751950947603122
unsup,BACE,classification,0.1,10,121,0,2,nef1,test,0.0
unsup,BACE,classification,0.1,10,121,1,0,roc_auc,test,0.7512681159420289
unsup,BACE,classification,0.1,10,121,1,0,roc_auc,train,0.8915830546265329
unsup,BACE,classification,0.1,10,121,1,0,nef1,test,1.0
unsup,BACE,classification,0.1,10,121,1,1,roc_auc,test,0.7298913043478261
unsup,BACE,classification,0.1,10,121,1,1,roc_auc,train,0.927536231884058
unsup,BACE,classification,0.1,10,121,1,1,nef1,test,1.0
unsup,BACE,classification,0.1,10,121,1,2,roc_auc,test,0.7557971014492754
unsup,BACE,classification,0.1,10,121,1,2,roc_auc,train,0.8620401337792643
unsup,BACE,classification,0.1,10,121,1,2,nef1,test,1.0
unsup,BACE,classification,0.1,10,121,2,0,roc_auc,test,0.7579710144927537
unsup,BACE,classification,0.1,10,121,2,0,roc_auc,train,0.8374647887323944
unsup,BACE,classification,0.1,10,121,2,0,nef1,test,1.0
unsup,BACE,classification,0.1,10,121,2,1,roc_auc,test,0.7201086956521741
unsup,BACE,classification,0.1,10,121,2,1,roc_auc,train,0.892112676056338
unsup,BACE,classification,0.1,10,121,2,1,nef1,test,1.0
unsup,BACE,classification,0.1,10,121,2,2,roc_auc,test,0.7409420289855072
unsup,BACE,classification,0.1,10,121,2,2,roc_auc,train,0.8464788732394367
unsup,BACE,classification,0.1,10,121,2,2,nef1,test,1.0
unsup,BACE,classification,0.25,25,302,0,0,roc_auc,test,0.7610507246376812
unsup,BACE,classification,0.25,25,302,0,0,roc_auc,train,0.9716976920673184
unsup,BACE,classification,0.25,25,302,0,0,nef1,test,1.0
unsup,BACE,classification,0.25,25,302,0,1,roc_auc,test,0.7969202898550725
unsup,BACE,classification,0.25,25,302,0,1,roc_auc,train,0.9858488460336592
unsup,BACE,classification,0.25,25,302,0,1,nef1,test,1.0
unsup,BACE,classification,0.25,25,302,0,2,roc_auc,test,0.748550724637681
unsup,BACE,classification,0.25,25,302,0,2,roc_auc,train,0.9530824516762644
unsup,BACE,classification,0.25,25,302,0,2,nef1,test,1.0
unsup,BACE,classification,0.25,25,302,1,0,roc_auc,test,0.7860507246376812
unsup,BACE,classification,0.25,25,302,1,0,roc_auc,train,0.977823315118397
unsup,BACE,classification,0.25,25,302,1,0,nef1,test,1.0
unsup,BACE,classification,0.25,25,302,1,1,roc_auc,test,0.7882246376811595
unsup,BACE,classification,0.25,25,302,1,1,roc_auc,train,0.9611566484517304
unsup,BACE,classification,0.25,25,302,1,1,nef1,test,1.0
unsup,BACE,classification,0.25,25,302,1,2,roc_auc,test,0.7722826086956522
unsup,BACE,classification,0.25,25,302,1,2,roc_auc,train,0.984335154826958
unsup,BACE,classification,0.25,25,302,1,2,nef1,test,1.0
unsup,BACE,classification,0.25,25,302,2,0,roc_auc,test,0.7538043478260871
unsup,BACE,classification,0.25,25,302,2,0,roc_auc,train,0.9667821667821668
unsup,BACE,classification,0.25,25,302,2,0,nef1,test,1.0
unsup,BACE,classification,0.25,25,302,2,1,roc_auc,test,0.7568840579710144
unsup,BACE,classification,0.25,25,302,2,1,roc_auc,train,0.972048972048972
unsup,BACE,classification,0.25,25,302,2,1,nef1,test,1.0
unsup,BACE,classification,0.25,25,302,2,2,roc_auc,test,0.7440217391304348
unsup,BACE,classification,0.25,25,302,2,2,roc_auc,train,0.9583737583737584
unsup,BACE,classification,0.25,25,302,2,2,nef1,test,1.0
unsup,BACE,classification,0.5,50,605,0,0,roc_auc,test,0.8143115942028986
unsup,BACE,classification,0.5,50,605,0,0,roc_auc,train,0.9767107725207164
unsup,BACE,classification,0.5,50,605,0,0,nef1,test,1.0
unsup,BACE,classification,0.5,50,605,0,1,roc_auc,test,0.8192028985507246
unsup,BACE,classification,0.5,50,605,0,1,roc_auc,train,0.9639579435088655
unsup,BACE,classification,0.5,50,605,0,1,nef1,test,1.0
unsup,BACE,classification,0.5,50,605,0,2,roc_auc,test,0.822463768115942
unsup,BACE,classification,0.5,50,605,0,2,roc_auc,train,0.9413592622293504
unsup,BACE,classification,0.5,50,605,0,2,nef1,test,1.0
unsup,BACE,classification,0.5,50,605,1,0,roc_auc,test,0.8188405797101449
unsup,BACE,classification,0.5,50,605,1,0,roc_auc,train,0.9384502319599466
unsup,BACE,classification,0.5,50,605,1,0,nef1,test,1.0
unsup,BACE,classification,0.5,50,605,1,1,roc_auc,test,0.7840579710144928
unsup,BACE,classification,0.5,50,605,1,1,roc_auc,train,0.922534564328694
unsup,BACE,classification,0.5,50,605,1,1,nef1,test,1.0
unsup,BACE,classification,0.5,50,605,1,2,roc_auc,test,0.7688405797101449
unsup,BACE,classification,0.5,50,605,1,2,roc_auc,train,0.9146571126728216
unsup,BACE,classification,0.5,50,605,1,2,nef1,test,1.0
unsup,BACE,classification,0.5,50,605,2,0,roc_auc,test,0.8355072463768116
unsup,BACE,classification,0.5,50,605,2,0,roc_auc,train,0.9436808951147526
unsup,BACE,classification,0.5,50,605,2,0,nef1,test,1.0
unsup,BACE,classification,0.5,50,605,2,1,roc_auc,test,0.8358695652173914
unsup,BACE,classification,0.5,50,605,2,1,roc_auc,train,0.9290229505308136
unsup,BACE,classification,0.5,50,605,2,1,nef1,test,1.0
unsup,BACE,classification,0.5,50,605,2,2,roc_auc,test,0.8282608695652174
unsup,BACE,classification,0.5,50,605,2,2,roc_auc,train,0.9297718162195496
unsup,BACE,classification,0.5,50,605,2,2,nef1,test,1.0
unsup,BACE,classification,1.0,100,1210,0,0,roc_auc,test,0.818659420289855
unsup,BACE,classification,1.0,100,1210,0,0,roc_auc,train,0.9191646294614793
unsup,BACE,classification,1.0,100,1210,0,0,nef1,test,1.0
unsup,BACE,classification,1.0,100,1210,0,1,roc_auc,test,0.8268115942028985
unsup,BACE,classification,1.0,100,1210,0,1,roc_auc,train,0.9233191311028848
unsup,BACE,classification,1.0,100,1210,0,1,nef1,test,1.0
unsup,BACE,classification,1.0,100,1210,0,2,roc_auc,test,0.8297101449275363
unsup,BACE,classification,1.0,100,1210,0,2,roc_auc,train,0.9476091359921772
unsup,BACE,classification,1.0,100,1210,0,2,nef1,test,1.0
unsup,Tox21,classification,0.05,5,313,0,0,roc_auc,test,0.627243320129037
unsup,Tox21,classification,0.05,5,313,0,0,roc_auc,train,0.9726113036799912
unsup,Tox21,classification,0.05,5,313,0,0,nef1,test,0.2438492063492063
unsup,Tox21,classification,0.05,5,313,0,1,roc_auc,test,0.629357220520507
unsup,Tox21,classification,0.05,5,313,0,1,roc_auc,train,0.9740993613339056
unsup,Tox21,classification,0.05,5,313,0,1,nef1,test,0.3197420634920635
unsup,Tox21,classification,0.05,5,313,0,2,roc_auc,test,0.6409338582676122
unsup,Tox21,classification,0.05,5,313,0,2,roc_auc,train,0.9810623029567168
unsup,Tox21,classification,0.05,5,313,0,2,nef1,test,0.2684523809523809
unsup,Tox21,classification,0.05,5,313,1,0,roc_auc,test,0.6497919335779231
unsup,Tox21,classification,0.05,5,313,1,0,roc_auc,train,0.9771564883056914
unsup,Tox21,classification,0.05,5,313,1,0,nef1,test,0.39375
unsup,Tox21,classification,0.05,5,313,1,1,roc_auc,test,0.6375021606509175
unsup,Tox21,classification,0.05,5,313,1,1,roc_auc,train,0.9630288240151388
unsup,Tox21,classification,0.05,5,313,1,1,nef1,test,0.3562499999999999
unsup,Tox21,classification,0.05,5,313,1,2,roc_auc,test,0.6460587005810512
unsup,Tox21,classification,0.05,5,313,1,2,roc_auc,train,0.97519178804657
unsup,Tox21,classification,0.05,5,313,1,2,nef1,test,0.4180555555555555
unsup,Tox21,classification,0.05,5,313,2,0,roc_auc,test,0.6233264466178127
unsup,Tox21,classification,0.05,5,313,2,0,roc_auc,train,0.9627469820483806
unsup,Tox21,classification,0.05,5,313,2,0,nef1,test,0.3172619047619047
unsup,Tox21,classification,0.05,5,313,2,1,roc_auc,test,0.6305806123765311
unsup,Tox21,classification,0.05,5,313,2,1,roc_auc,train,0.9759858837857806
unsup,Tox21,classification,0.05,5,313,2,1,nef1,test,0.385515873015873
unsup,Tox21,classification,0.05,5,313,2,2,roc_auc,test,0.6391116274191803
unsup,Tox21,classification,0.05,5,313,2,2,roc_auc,train,0.9664002506058454
unsup,Tox21,classification,0.05,5,313,2,2,nef1,test,0.4078373015873016
unsup,Tox21,classification,0.1,10,626,0,0,roc_auc,test,0.6722750730848087
unsup,Tox21,classification,0.1,10,626,0,0,roc_auc,train,0.9406265828716132
unsup,Tox21,classification,0.1,10,626,0,0,nef1,test,0.4495039682539682
unsup,Tox21,classification,0.1,10,626,0,1,roc_auc,test,0.6624028676657884
unsup,Tox21,classification,0.1,10,626,0,1,roc_auc,train,0.9273580535400088
unsup,Tox21,classification,0.1,10,626,0,1,nef1,test,0.4276785714285714
unsup,Tox21,classification,0.1,10,626,0,2,roc_auc,test,0.67257688949879
unsup,Tox21,classification,0.1,10,626,0,2,roc_auc,train,0.9516348675401212
unsup,Tox21,classification,0.1,10,626,0,2,nef1,test,0.4375992063492063
unsup,Tox21,classification,0.1,10,626,1,0,roc_auc,test,0.6512597094454698
unsup,Tox21,classification,0.1,10,626,1,0,roc_auc,train,0.9480829355804262
unsup,Tox21,classification,0.1,10,626,1,0,nef1,test,0.4327380952380952
unsup,Tox21,classification,0.1,10,626,1,1,roc_auc,test,0.6442877840548209
unsup,Tox21,classification,0.1,10,626,1,1,roc_auc,train,0.9164544311881214
unsup,Tox21,classification,0.1,10,626,1,1,nef1,test,0.3744047619047619
unsup,Tox21,classification,0.1,10,626,1,2,roc_auc,test,0.6411368761236965
unsup,Tox21,classification,0.1,10,626,1,2,roc_auc,train,0.9352263225879004
unsup,Tox21,classification,0.1,10,626,1,2,nef1,test,0.487797619047619
unsup,Tox21,classification,0.1,10,626,2,0,roc_auc,test,0.6561682499446281
unsup,Tox21,classification,0.1,10,626,2,0,roc_auc,train,0.9427131763736322
unsup,Tox21,classification,0.1,10,626,2,0,nef1,test,0.3840277777777778
unsup,Tox21,classification,0.1,10,626,2,1,roc_auc,test,0.6614980592815011
unsup,Tox21,classification,0.1,10,626,2,1,roc_auc,train,0.9465408158122184
unsup,Tox21,classification,0.1,10,626,2,1,nef1,test,0.3716269841269841
unsup,Tox21,classification,0.1,10,626,2,2,roc_auc,test,0.6480689732794137
unsup,Tox21,classification,0.1,10,626,2,2,roc_auc,train,0.9299375845884192
unsup,Tox21,classification,0.1,10,626,2,2,nef1,test,0.3701388888888889
unsup,Tox21,classification,0.25,25,1566,0,0,roc_auc,test,0.6897712001389801
unsup,Tox21,classification,0.25,25,1566,0,0,roc_auc,train,0.9146526001012129
unsup,Tox21,classification,0.25,25,1566,0,0,nef1,test,0.504563492063492
unsup,Tox21,classification,0.25,25,1566,0,1,roc_auc,test,0.6875565342961916
unsup,Tox21,classification,0.25,25,1566,0,1,roc_auc,train,0.9246930745280768
unsup,Tox21,classification,0.25,25,1566,0,1,nef1,test,0.500297619047619
unsup,Tox21,classification,0.25,25,1566,0,2,roc_auc,test,0.6992109297251256
unsup,Tox21,classification,0.25,25,1566,0,2,roc_auc,train,0.936698317078949
unsup,Tox21,classification,0.25,25,1566,0,2,nef1,test,0.5017857142857144
unsup,Tox21,classification,0.25,25,1566,1,0,roc_auc,test,0.7071258569431254
unsup,Tox21,classification,0.25,25,1566,1,0,roc_auc,train,0.9244579828386728
unsup,Tox21,classification,0.25,25,1566,1,0,nef1,test,0.5478174603174603
unsup,Tox21,classification,0.25,25,1566,1,1,roc_auc,test,0.6973221667131252
unsup,Tox21,classification,0.25,25,1566,1,1,roc_auc,train,0.8920884865937242
unsup,Tox21,classification,0.25,25,1566,1,1,nef1,test,0.4755952380952381
unsup,Tox21,classification,0.25,25,1566,1,2,roc_auc,test,0.7063485558746473
unsup,Tox21,classification,0.25,25,1566,1,2,roc_auc,train,0.9099079261191058
unsup,Tox21,classification,0.25,25,1566,1,2,nef1,test,0.5430555555555555
unsup,Tox21,classification,0.25,25,1566,2,0,roc_auc,test,0.7306668610109988
unsup,Tox21,classification,0.25,25,1566,2,0,roc_auc,train,0.9411819306891392
unsup,Tox21,classification,0.25,25,1566,2,0,nef1,test,0.5852182539682541
unsup,Tox21,classification,0.25,25,1566,2,1,roc_auc,test,0.723110101040052
unsup,Tox21,classification,0.25,25,1566,2,1,roc_auc,train,0.9240864490143132
unsup,Tox21,classification,0.25,25,1566,2,1,nef1,test,0.4752976190476191
unsup,Tox21,classification,0.25,25,1566,2,2,roc_auc,test,0.7229629981266233
unsup,Tox21,classification,0.25,25,1566,2,2,roc_auc,train,0.90885048603661
unsup,Tox21,classification,0.25,25,1566,2,2,nef1,test,0.456547619047619
unsup,Tox21,classification,0.5,50,3132,0,0,roc_auc,test,0.7114222866446477
unsup,Tox21,classification,0.5,50,3132,0,0,roc_auc,train,0.9157584339926448
unsup,Tox21,classification,0.5,50,3132,0,0,nef1,test,0.6276785714285714
unsup,Tox21,classification,0.5,50,3132,0,1,roc_auc,test,0.7146278156220675
unsup,Tox21,classification,0.5,50,3132,0,1,roc_auc,train,0.9157533627798636
unsup,Tox21,classification,0.5,50,3132,0,1,nef1,test,0.562202380952381
unsup,Tox21,classification,0.5,50,3132,0,2,roc_auc,test,0.7143330422777932
unsup,Tox21,classification,0.5,50,3132,0,2,roc_auc,train,0.9070253894477092
unsup,Tox21,classification,0.5,50,3132,0,2,nef1,test,0.6415674603174604
unsup,Tox21,classification,0.5,50,3132,1,0,roc_auc,test,0.7315924410457972
unsup,Tox21,classification,0.5,50,3132,1,0,roc_auc,train,0.8768143376803392
unsup,Tox21,classification,0.5,50,3132,1,0,nef1,test,0.4948412698412698
unsup,Tox21,classification,0.5,50,3132,1,1,roc_auc,test,0.7416704360224422
unsup,Tox21,classification,0.5,50,3132,1,1,roc_auc,train,0.9144389365697224
unsup,Tox21,classification,0.5,50,3132,1,1,nef1,test,0.4976190476190477
unsup,Tox21,classification,0.5,50,3132,1,2,roc_auc,test,0.7277284200926214
unsup,Tox21,classification,0.5,50,3132,1,2,roc_auc,train,0.8958590259187406
unsup,Tox21,classification,0.5,50,3132,1,2,nef1,test,0.5095238095238096
unsup,Tox21,classification,0.5,50,3132,2,0,roc_auc,test,0.7286902334344084
unsup,Tox21,classification,0.5,50,3132,2,0,roc_auc,train,0.9139440794069073
unsup,Tox21,classification,0.5,50,3132,2,0,nef1,test,0.542063492063492
unsup,Tox21,classification,0.5,50,3132,2,1,roc_auc,test,0.718502543050857
unsup,Tox21,classification,0.5,50,3132,2,1,roc_auc,train,0.8992881087612307
unsup,Tox21,classification,0.5,50,3132,2,1,nef1,test,0.5030753968253968
unsup,Tox21,classification,0.5,50,3132,2,2,roc_auc,test,0.7266528796895216
unsup,Tox21,classification,0.5,50,3132,2,2,roc_auc,train,0.9116015569081752
unsup,Tox21,classification,0.5,50,3132,2,2,nef1,test,0.5392857142857143
unsup,Tox21,classification,1.0,100,6264,0,0,roc_auc,test,0.7396751306618391
unsup,Tox21,classification,1.0,100,6264,0,0,roc_auc,train,0.9001519345989685
unsup,Tox21,classification,1.0,100,6264,0,0,nef1,test,0.6234126984126985
unsup,Tox21,classification,1.0,100,6264,0,1,roc_auc,test,0.7350694275185381
unsup,Tox21,classification,1.0,100,6264,0,1,roc_auc,train,0.9332698736230376
unsup,Tox21,classification,1.0,100,6264,0,1,nef1,test,0.5626984126984128
unsup,Tox21,classification,1.0,100,6264,0,2,roc_auc,test,0.7319596712183815
unsup,Tox21,classification,1.0,100,6264,0,2,roc_auc,train,0.8770248151662786
unsup,Tox21,classification,1.0,100,6264,0,2,nef1,test,0.5966269841269841
unsup,HIV,classification,0.05,5,1645,0,0,roc_auc,test,0.6868151180980706
unsup,HIV,classification,0.05,5,1645,0,0,roc_auc,train,0.9590360272638754
unsup,HIV,classification,0.05,5,1645,0,0,nef1,test,0.4523809523809524
unsup,HIV,classification,0.05,5,1645,0,1,roc_auc,test,0.6849591533247069
unsup,HIV,classification,0.05,5,1645,0,1,roc_auc,train,0.967653359298929
unsup,HIV,classification,0.05,5,1645,0,1,nef1,test,0.4047619047619047
unsup,HIV,classification,0.05,5,1645,0,2,roc_auc,test,0.6772629830626316
unsup,HIV,classification,0.05,5,1645,0,2,roc_auc,train,0.9726387536514118
unsup,HIV,classification,0.05,5,1645,0,2,nef1,test,0.5238095238095238
unsup,HIV,classification,0.05,5,1645,1,0,roc_auc,test,0.6628227659862107
unsup,HIV,classification,0.05,5,1645,1,0,roc_auc,train,0.9400973709834468
unsup,HIV,classification,0.05,5,1645,1,0,nef1,test,0.5238095238095238
unsup,HIV,classification,0.05,5,1645,1,1,roc_auc,test,0.6755190328125301
unsup,HIV,classification,0.05,5,1645,1,1,roc_auc,train,0.966222005842259
unsup,HIV,classification,0.05,5,1645,1,1,nef1,test,0.6428571428571429
unsup,HIV,classification,0.05,5,1645,1,2,roc_auc,test,0.6596863593348656
unsup,HIV,classification,0.05,5,1645,1,2,roc_auc,train,0.9871372930866602
unsup,HIV,classification,0.05,5,1645,1,2,nef1,test,0.5
unsup,HIV,classification,0.05,5,1645,2,0,roc_auc,test,0.6597056721837038
unsup,HIV,classification,0.05,5,1645,2,0,roc_auc,train,0.9782579875381148
unsup,HIV,classification,0.05,5,1645,2,0,nef1,test,0.3571428571428571
unsup,HIV,classification,0.05,5,1645,2,1,roc_auc,test,0.6075822244539292
unsup,HIV,classification,0.05,5,1645,2,1,roc_auc,train,0.9731649653100004
unsup,HIV,classification,0.05,5,1645,2,1,nef1,test,0.238095238095238
unsup,HIV,classification,0.05,5,1645,2,2,roc_auc,test,0.6176654628324223
unsup,HIV,classification,0.05,5,1645,2,2,roc_auc,train,0.9852954173847718
unsup,HIV,classification,0.05,5,1645,2,2,nef1,test,0.3571428571428571
unsup,HIV,classification,0.1,10,3290,0,0,roc_auc,test,0.6906100928948029
unsup,HIV,classification,0.1,10,3290,0,0,roc_auc,train,0.9420684490452998
unsup,HIV,classification,0.1,10,3290,0,0,nef1,test,0.5238095238095238
unsup,HIV,classification,0.1,10,3290,0,1,roc_auc,test,0.6921840900751269
unsup,HIV,classification,0.1,10,3290,0,1,roc_auc,train,0.9549344853585476
unsup,HIV,classification,0.1,10,3290,0,1,nef1,test,0.5952380952380952
unsup,HIV,classification,0.1,10,3290,0,2,roc_auc,test,0.6979335251742985
unsup,HIV,classification,0.1,10,3290,0,2,roc_auc,train,0.917291586004524
unsup,HIV,classification,0.1,10,3290,0,2,nef1,test,0.5952380952380952
unsup,HIV,classification,0.1,10,3290,1,0,roc_auc,test,0.6296413603970722
unsup,HIV,classification,0.1,10,3290,1,0,roc_auc,train,0.9479117844843395
unsup,HIV,classification,0.1,10,3290,1,0,nef1,test,0.4047619047619047
unsup,HIV,classification,0.1,10,3290,1,1,roc_auc,test,0.6540856331717493
unsup,HIV,classification,0.1,10,3290,1,1,roc_auc,train,0.9779181016037332
unsup,HIV,classification,0.1,10,3290,1,1,nef1,test,0.6190476190476191
unsup,HIV,classification,0.1,10,3290,1,2,roc_auc,test,0.6503408717819965
unsup,HIV,classification,0.1,10,3290,1,2,roc_auc,train,0.9773424286267396
unsup,HIV,classification,0.1,10,3290,1,2,nef1,test,0.5476190476190477
unsup,HIV,classification,0.1,10,3290,2,0,roc_auc,test,0.704517275343286
unsup,HIV,classification,0.1,10,3290,2,0,roc_auc,train,0.94516553067186
unsup,HIV,classification,0.1,10,3290,2,0,nef1,test,0.6428571428571429
unsup,HIV,classification,0.1,10,3290,2,1,roc_auc,test,0.6504828212209584
unsup,HIV,classification,0.1,10,3290,2,1,roc_auc,train,0.95011441090555
unsup,HIV,classification,0.1,10,3290,2,1,nef1,test,0.3809523809523809
unsup,HIV,classification,0.1,10,3290,2,2,roc_auc,test,0.6649896676258715
unsup,HIV,classification,0.1,10,3290,2,2,roc_auc,train,0.8837512171372931
unsup,HIV,classification,0.1,10,3290,2,2,nef1,test,0.4047619047619047
unsup,HIV,classification,0.25,25,8225,0,0,roc_auc,test,0.7509241198169141
unsup,HIV,classification,0.25,25,8225,0,0,roc_auc,train,0.9041219768664562
unsup,HIV,classification,0.25,25,8225,0,0,nef1,test,0.6428571428571429
unsup,HIV,classification,0.25,25,8225,0,1,roc_auc,test,0.7457096506305644
unsup,HIV,classification,0.25,25,8225,0,1,roc_auc,train,0.919051945320715
unsup,HIV,classification,0.25,25,8225,0,1,nef1,test,0.6428571428571429
unsup,HIV,classification,0.25,25,8225,0,2,roc_auc,test,0.7445045288630527
unsup,HIV,classification,0.25,25,8225,0,2,roc_auc,train,0.975591167192429
unsup,HIV,classification,0.25,25,8225,0,2,nef1,test,0.5238095238095238
unsup,HIV,classification,0.25,25,8225,1,0,roc_auc,test,0.6587747928696962
unsup,HIV,classification,0.25,25,8225,1,0,roc_auc,train,0.9190903612273336
unsup,HIV,classification,0.25,25,8225,1,0,nef1,test,0.4523809523809524
unsup,HIV,classification,0.25,25,8225,1,1,roc_auc,test,0.6806118310511983
unsup,HIV,classification,0.25,25,8225,1,1,roc_auc,train,0.9519131976881726
unsup,HIV,classification,0.25,25,8225,1,1,nef1,test,0.6190476190476191
unsup,HIV,classification,0.25,25,8225,1,2,roc_auc,test,0.6832712103362366
unsup,HIV,classification,0.25,25,8225,1,2,roc_auc,train,0.869222374371664
unsup,HIV,classification,0.25,25,8225,1,2,nef1,test,0.6904761904761905
unsup,HIV,classification,0.25,25,8225,2,0,roc_auc,test,0.6549662990787772
unsup,HIV,classification,0.25,25,8225,2,0,roc_auc,train,0.9196485036032006
unsup,HIV,classification,0.25,25,8225,2,0,nef1,test,0.5714285714285714
unsup,HIV,classification,0.25,25,8225,2,1,roc_auc,test,0.7129067768786573
unsup,HIV,classification,0.25,25,8225,2,1,roc_auc,train,0.9126820659849374
unsup,HIV,classification,0.25,25,8225,2,1,nef1,test,0.5714285714285714
unsup,HIV,classification,0.25,25,8225,2,2,roc_auc,test,0.6515479248343923
unsup,HIV,classification,0.25,25,8225,2,2,roc_auc,train,0.8848454777313126
unsup,HIV,classification,0.25,25,8225,2,2,nef1,test,0.6190476190476191
unsup,HIV,classification,0.5,50,16450,0,0,roc_auc,test,0.7576546476370729
unsup,HIV,classification,0.5,50,16450,0,0,roc_auc,train,0.9489130334523488
unsup,HIV,classification,0.5,50,16450,0,0,nef1,test,0.6666666666666666
unsup,HIV,classification,0.5,50,16450,0,1,roc_auc,test,0.7455976361073022
unsup,HIV,classification,0.5,50,16450,0,1,roc_auc,train,0.928227473707866
unsup,HIV,classification,0.5,50,16450,0,1,nef1,test,0.5714285714285714
unsup,HIV,classification,0.5,50,16450,0,2,roc_auc,test,0.747488364008575
unsup,HIV,classification,0.5,50,16450,0,2,roc_auc,train,0.9483134839111088
unsup,HIV,classification,0.5,50,16450,0,2,nef1,test,0.6428571428571429
unsup,HIV,classification,0.5,50,16450,1,0,roc_auc,test,0.770391471445953
unsup,HIV,classification,0.5,50,16450,1,0,roc_auc,train,0.910280194811811
unsup,HIV,classification,0.5,50,16450,1,0,nef1,test,0.6904761904761905
unsup,HIV,classification,0.5,50,16450,1,1,roc_auc,test,0.7694045848703143
unsup,HIV,classification,0.5,50,16450,1,1,roc_auc,train,0.9695848022334072
unsup,HIV,classification,0.5,50,16450,1,1,nef1,test,0.4523809523809524
unsup,HIV,classification,0.5,50,16450,1,2,roc_auc,test,0.746343112072462
unsup,HIV,classification,0.5,50,16450,1,2,roc_auc,train,0.9306030811240398
unsup,HIV,classification,0.5,50,16450,1,2,nef1,test,0.5238095238095238
unsup,HIV,classification,0.5,50,16450,2,0,roc_auc,test,0.7344869541706097
unsup,HIV,classification,0.5,50,16450,2,0,roc_auc,train,0.8797554542737076
unsup,HIV,classification,0.5,50,16450,2,0,nef1,test,0.6190476190476191
unsup,HIV,classification,0.5,50,16450,2,1,roc_auc,test,0.7569748353579637
unsup,HIV,classification,0.5,50,16450,2,1,roc_auc,train,0.9194869868908406
unsup,HIV,classification,0.5,50,16450,2,1,nef1,test,0.5952380952380952
unsup,HIV,classification,0.5,50,16450,2,2,roc_auc,test,0.7307866123331852
unsup,HIV,classification,0.5,50,16450,2,2,roc_auc,train,0.9360675461171436
unsup,HIV,classification,0.5,50,16450,2,2,nef1,test,0.4047619047619047
unsup,HIV,classification,1.0,100,32901,0,0,roc_auc,test,0.7726066552077097
unsup,HIV,classification,1.0,100,32901,0,0,roc_auc,train,0.8892642385954063
unsup,HIV,classification,1.0,100,32901,0,0,nef1,test,0.6666666666666666
unsup,HIV,classification,1.0,100,32901,0,1,roc_auc,test,0.7485216014214258
unsup,HIV,classification,1.0,100,32901,0,1,roc_auc,train,0.8806192031783304
unsup,HIV,classification,1.0,100,32901,0,1,nef1,test,0.5476190476190477
unsup,HIV,classification,1.0,100,32901,0,2,roc_auc,test,0.7508314181424902
unsup,HIV,classification,1.0,100,32901,0,2,roc_auc,train,0.907362858020441
unsup,HIV,classification,1.0,100,32901,0,2,nef1,test,0.4523809523809524
sup,ESOL,regression,0.05,5,45,0,0,rmse,test,1.5340218544006348
sup,ESOL,regression,0.05,5,45,0,0,rmse,train,0.5647258758544922
sup,ESOL,regression,0.05,5,45,0,1,rmse,test,1.4317630529403689
sup,ESOL,regression,0.05,5,45,0,1,rmse,train,0.2506915628910064
sup,ESOL,regression,0.05,5,45,0,2,rmse,test,1.6242915391921997
sup,ESOL,regression,0.05,5,45,0,2,rmse,train,0.7888953685760498
sup,ESOL,regression,0.05,5,45,1,0,rmse,test,1.5578192472457886
sup,ESOL,regression,0.05,5,45,1,0,rmse,train,0.7795401215553284
sup,ESOL,regression,0.05,5,45,1,1,rmse,test,1.5100470781326294
sup,ESOL,regression,0.05,5,45,1,1,rmse,train,0.8700646162033081
sup,ESOL,regression,0.05,5,45,1,2,rmse,test,1.670973300933838
sup,ESOL,regression,0.05,5,45,1,2,rmse,train,0.7059575319290161
sup,ESOL,regression,0.05,5,45,2,0,rmse,test,1.475640058517456
sup,ESOL,regression,0.05,5,45,2,0,rmse,train,0.7697716355323792
sup,ESOL,regression,0.05,5,45,2,1,rmse,test,1.4636170864105225
sup,ESOL,regression,0.05,5,45,2,1,rmse,train,0.3517950177192688
sup,ESOL,regression,0.05,5,45,2,2,rmse,test,1.5303891897201538
sup,ESOL,regression,0.05,5,45,2,2,rmse,train,0.8067770600318909
sup,ESOL,regression,0.1,10,90,0,0,rmse,test,1.4944849014282229
sup,ESOL,regression,0.1,10,90,0,0,rmse,train,1.0835094451904297
sup,ESOL,regression,0.1,10,90,0,1,rmse,test,1.264555811882019
sup,ESOL,regression,0.1,10,90,0,1,rmse,train,0.7302910089492798
sup,ESOL,regression,0.1,10,90,0,2,rmse,test,1.2219749689102173
sup,ESOL,regression,0.1,10,90,0,2,rmse,train,0.710517942905426
sup,ESOL,regression,0.1,10,90,1,0,rmse,test,1.269026279449463
sup,ESOL,regression,0.1,10,90,1,0,rmse,train,0.5137479901313782
sup,ESOL,regression,0.1,10,90,1,1,rmse,test,1.298659086227417
sup,ESOL,regression,0.1,10,90,1,1,rmse,train,0.4577584862709045
sup,ESOL,regression,0.1,10,90,1,2,rmse,test,1.333063006401062
sup,ESOL,regression,0.1,10,90,1,2,rmse,train,0.3309812843799591
sup,ESOL,regression,0.1,10,90,2,0,rmse,test,1.2103211879730225
sup,ESOL,regression,0.1,10,90,2,0,rmse,train,0.2500701248645782
sup,ESOL,regression,0.1,10,90,2,1,rmse,test,1.247801423072815
sup,ESOL,regression,0.1,10,90,2,1,rmse,train,0.6363930702209473
sup,ESOL,regression,0.1,10,90,2,2,rmse,test,1.1467465162277222
sup,ESOL,regression,0.1,10,90,2,2,rmse,train,0.3183276057243347
sup,ESOL,regression,0.25,25,226,0,0,rmse,test,1.1608610153198242
sup,ESOL,regression,0.25,25,226,0,0,rmse,train,0.4003889858722687
sup,ESOL,regression,0.25,25,226,0,1,rmse,test,1.2127984762191772
sup,ESOL,regression,0.25,25,226,0,1,rmse,train,0.4391588568687439
sup,ESOL,regression,0.25,25,226,0,2,rmse,test,1.3141340017318726
sup,ESOL,regression,0.25,25,226,0,2,rmse,train,0.2586215138435364
sup,ESOL,regression,0.25,25,226,1,0,rmse,test,1.163069486618042
sup,ESOL,regression,0.25,25,226,1,0,rmse,train,0.320416659116745
sup,ESOL,regression,0.25,25,226,1,1,rmse,test,1.137295484542847
sup,ESOL,regression,0.25,25,226,1,1,rmse,train,0.3337272107601166
sup,ESOL,regression,0.25,25,226,1,2,rmse,test,1.1784160137176514
sup,ESOL,regression,0.25,25,226,1,2,rmse,train,0.396451473236084
sup,ESOL,regression,0.25,25,226,2,0,rmse,test,1.2513432502746582
sup,ESOL,regression,0.25,25,226,2,0,rmse,train,0.3390568792819977
sup,ESOL,regression,0.25,25,226,2,1,rmse,test,1.1889946460723877
sup,ESOL,regression,0.25,25,226,2,1,rmse,train,0.3405113518238067
sup,ESOL,regression,0.25,25,226,2,2,rmse,test,1.1820324659347534
sup,ESOL,regression,0.25,25,226,2,2,rmse,train,0.4470888376235962
sup,ESOL,regression,0.5,50,451,0,0,rmse,test,1.0478994846343994
sup,ESOL,regression,0.5,50,451,0,0,rmse,train,0.3733526468276977
sup,ESOL,regression,0.5,50,451,0,1,rmse,test,1.0815198421478271
sup,ESOL,regression,0.5,50,451,0,1,rmse,train,0.4214088022708893
sup,ESOL,regression,0.5,50,451,0,2,rmse,test,1.126392483711243
sup,ESOL,regression,0.5,50,451,0,2,rmse,train,0.4581978023052215
sup,ESOL,regression,0.5,50,451,1,0,rmse,test,1.0430947542190552
sup,ESOL,regression,0.5,50,451,1,0,rmse,train,0.5205639004707336
sup,ESOL,regression,0.5,50,451,1,1,rmse,test,1.0468525886535645
sup,ESOL,regression,0.5,50,451,1,1,rmse,train,0.4224655628204345
sup,ESOL,regression,0.5,50,451,1,2,rmse,test,1.0808756351470947
sup,ESOL,regression,0.5,50,451,1,2,rmse,train,0.4460578560829162
sup,ESOL,regression,0.5,50,451,2,0,rmse,test,1.1718378067016602
sup,ESOL,regression,0.5,50,451,2,0,rmse,train,0.576805830001831
sup,ESOL,regression,0.5,50,451,2,1,rmse,test,1.0640829801559448
sup,ESOL,regression,0.5,50,451,2,1,rmse,train,0.498110681772232
sup,ESOL,regression,0.5,50,451,2,2,rmse,test,1.1159958839416504
sup,ESOL,regression,0.5,50,451,2,2,rmse,train,0.4817634522914886
sup,ESOL,regression,1.0,100,902,0,0,rmse,test,0.9276834726333618
sup,ESOL,regression,1.0,100,902,0,0,rmse,train,0.4891479909420013
sup,ESOL,regression,1.0,100,902,0,1,rmse,test,0.9156925678253174
sup,ESOL,regression,1.0,100,902,0,1,rmse,train,0.37981978058815
sup,ESOL,regression,1.0,100,902,0,2,rmse,test,0.985426425933838
sup,ESOL,regression,1.0,100,902,0,2,rmse,train,0.4537347555160522
sup,Lipophilicity,regression,0.05,5,168,0,0,rmse,test,1.0688554048538208
sup,Lipophilicity,regression,0.05,5,168,0,0,rmse,train,0.5530043244361877
sup,Lipophilicity,regression,0.05,5,168,0,1,rmse,test,1.066645622253418
sup,Lipophilicity,regression,0.05,5,168,0,1,rmse,train,0.4895365238189697
sup,Lipophilicity,regression,0.05,5,168,0,2,rmse,test,1.0570390224456787
sup,Lipophilicity,regression,0.05,5,168,0,2,rmse,train,0.4702688455581665
sup,Lipophilicity,regression,0.05,5,168,1,0,rmse,test,1.038760542869568
sup,Lipophilicity,regression,0.05,5,168,1,0,rmse,train,0.6013526916503906
sup,Lipophilicity,regression,0.05,5,168,1,1,rmse,test,1.0169063806533811
sup,Lipophilicity,regression,0.05,5,168,1,1,rmse,train,0.6965590119361877
sup,Lipophilicity,regression,0.05,5,168,1,2,rmse,test,1.0147393941879272
sup,Lipophilicity,regression,0.05,5,168,1,2,rmse,train,0.6715799570083618
sup,Lipophilicity,regression,0.05,5,168,2,0,rmse,test,1.042643427848816
sup,Lipophilicity,regression,0.05,5,168,2,0,rmse,train,0.6183304190635681
sup,Lipophilicity,regression,0.05,5,168,2,1,rmse,test,1.0472495555877686
sup,Lipophilicity,regression,0.05,5,168,2,1,rmse,train,0.9039848446846008
sup,Lipophilicity,regression,0.05,5,168,2,2,rmse,test,1.0287920236587524
sup,Lipophilicity,regression,0.05,5,168,2,2,rmse,train,0.6136158108711243
sup,Lipophilicity,regression,0.1,10,336,0,0,rmse,test,0.9475356936454772
sup,Lipophilicity,regression,0.1,10,336,0,0,rmse,train,0.570159375667572
sup,Lipophilicity,regression,0.1,10,336,0,1,rmse,test,0.9584864377975464
sup,Lipophilicity,regression,0.1,10,336,0,1,rmse,train,0.6697974801063538
sup,Lipophilicity,regression,0.1,10,336,0,2,rmse,test,0.9461944103240968
sup,Lipophilicity,regression,0.1,10,336,0,2,rmse,train,0.6146547198295593
sup,Lipophilicity,regression,0.1,10,336,1,0,rmse,test,1.0059483051300049
sup,Lipophilicity,regression,0.1,10,336,1,0,rmse,train,0.6156326532363892
sup,Lipophilicity,regression,0.1,10,336,1,1,rmse,test,1.0095341205596924
sup,Lipophilicity,regression,0.1,10,336,1,1,rmse,train,0.6920109391212463
sup,Lipophilicity,regression,0.1,10,336,1,2,rmse,test,1.002610206604004
sup,Lipophilicity,regression,0.1,10,336,1,2,rmse,train,0.5710667967796326
sup,Lipophilicity,regression,0.1,10,336,2,0,rmse,test,1.02269184589386
sup,Lipophilicity,regression,0.1,10,336,2,0,rmse,train,0.6488748788833618
sup,Lipophilicity,regression,0.1,10,336,2,1,rmse,test,1.0276381969451904
sup,Lipophilicity,regression,0.1,10,336,2,1,rmse,train,0.3822046816349029
sup,Lipophilicity,regression,0.1,10,336,2,2,rmse,test,1.0231525897979736
sup,Lipophilicity,regression,0.1,10,336,2,2,rmse,train,0.5865795612335205
sup,Lipophilicity,regression,0.25,25,840,0,0,rmse,test,0.923972189426422
sup,Lipophilicity,regression,0.25,25,840,0,0,rmse,train,0.5981090068817139
sup,Lipophilicity,regression,0.25,25,840,0,1,rmse,test,0.9082990884780884
sup,Lipophilicity,regression,0.25,25,840,0,1,rmse,train,0.3161133229732513
sup,Lipophilicity,regression,0.25,25,840,0,2,rmse,test,0.9457213878631592
sup,Lipophilicity,regression,0.25,25,840,0,2,rmse,train,0.6976634860038757
sup,Lipophilicity,regression,0.25,25,840,1,0,rmse,test,0.9614455699920654
sup,Lipophilicity,regression,0.25,25,840,1,0,rmse,train,0.5292712450027466
sup,Lipophilicity,regression,0.25,25,840,1,1,rmse,test,0.96682870388031
sup,Lipophilicity,regression,0.25,25,840,1,1,rmse,train,0.5353875756263733
sup,Lipophilicity,regression,0.25,25,840,1,2,rmse,test,0.95599102973938
sup,Lipophilicity,regression,0.25,25,840,1,2,rmse,train,0.3889074325561523
sup,Lipophilicity,regression,0.25,25,840,2,0,rmse,test,0.9135492444038392
sup,Lipophilicity,regression,0.25,25,840,2,0,rmse,train,0.7189216017723083
sup,Lipophilicity,regression,0.25,25,840,2,1,rmse,test,0.909191370010376
sup,Lipophilicity,regression,0.25,25,840,2,1,rmse,train,0.5883756875991821
sup,Lipophilicity,regression,0.25,25,840,2,2,rmse,test,0.9022669196128844
sup,Lipophilicity,regression,0.25,25,840,2,2,rmse,train,0.5385642647743225
sup,Lipophilicity,regression,0.5,50,1680,0,0,rmse,test,0.8653876185417175
sup,Lipophilicity,regression,0.5,50,1680,0,0,rmse,train,0.5991477966308594
sup,Lipophilicity,regression,0.5,50,1680,0,1,rmse,test,0.8858255743980408
sup,Lipophilicity,regression,0.5,50,1680,0,1,rmse,train,0.5176151394844055
sup,Lipophilicity,regression,0.5,50,1680,0,2,rmse,test,0.8764838576316833
sup,Lipophilicity,regression,0.5,50,1680,0,2,rmse,train,0.5257197022438049
sup,Lipophilicity,regression,0.5,50,1680,1,0,rmse,test,0.904663383960724
sup,Lipophilicity,regression,0.5,50,1680,1,0,rmse,train,0.7212880849838257
sup,Lipophilicity,regression,0.5,50,1680,1,1,rmse,test,0.8740341067314148
sup,Lipophilicity,regression,0.5,50,1680,1,1,rmse,train,0.5455421805381775
sup,Lipophilicity,regression,0.5,50,1680,1,2,rmse,test,0.8847582340240479
sup,Lipophilicity,regression,0.5,50,1680,1,2,rmse,train,0.6005953550338745
sup,Lipophilicity,regression,0.5,50,1680,2,0,rmse,test,0.8955056071281433
sup,Lipophilicity,regression,0.5,50,1680,2,0,rmse,train,0.560527503490448
sup,Lipophilicity,regression,0.5,50,1680,2,1,rmse,test,0.887359082698822
sup,Lipophilicity,regression,0.5,50,1680,2,1,rmse,train,0.634287416934967
sup,Lipophilicity,regression,0.5,50,1680,2,2,rmse,test,0.8779589533805847
sup,Lipophilicity,regression,0.5,50,1680,2,2,rmse,train,0.5599372982978821
sup,Lipophilicity,regression,1.0,100,3360,0,0,rmse,test,0.8397387266159058
sup,Lipophilicity,regression,1.0,100,3360,0,0,rmse,train,0.6488452553749084
sup,Lipophilicity,regression,1.0,100,3360,0,1,rmse,test,0.8051787614822388
sup,Lipophilicity,regression,1.0,100,3360,0,1,rmse,train,0.535668134689331
sup,Lipophilicity,regression,1.0,100,3360,0,2,rmse,test,0.8026734590530396
sup,Lipophilicity,regression,1.0,100,3360,0,2,rmse,train,0.4593360424041748
sup,QM7,regression,0.05,5,274,0,0,rmse,test,208.95030212402344
sup,QM7,regression,0.05,5,274,0,0,rmse,train,165.61785888671875
sup,QM7,regression,0.05,5,274,0,1,rmse,test,204.39260864257812
sup,QM7,regression,0.05,5,274,0,1,rmse,train,194.9533233642578
sup,QM7,regression,0.05,5,274,0,2,rmse,test,216.7993621826172
sup,QM7,regression,0.05,5,274,0,2,rmse,train,164.8889923095703
sup,QM7,regression,0.05,5,274,1,0,rmse,test,224.0886688232422
sup,QM7,regression,0.05,5,274,1,0,rmse,train,175.6129913330078
sup,QM7,regression,0.05,5,274,1,1,rmse,test,220.32505798339844
sup,QM7,regression,0.05,5,274,1,1,rmse,train,198.6294860839844
sup,QM7,regression,0.05,5,274,1,2,rmse,test,232.6524658203125
sup,QM7,regression,0.05,5,274,1,2,rmse,train,205.01036071777344
sup,QM7,regression,0.05,5,274,2,0,rmse,test,206.18215942382812
sup,QM7,regression,0.05,5,274,2,0,rmse,train,201.70553588867188
sup,QM7,regression,0.05,5,274,2,1,rmse,test,208.72068786621097
sup,QM7,regression,0.05,5,274,2,1,rmse,train,192.1912078857422
sup,QM7,regression,0.05,5,274,2,2,rmse,test,212.31381225585935
sup,QM7,regression,0.05,5,274,2,2,rmse,train,170.36863708496094
sup,QM7,regression,0.1,10,547,0,0,rmse,test,208.01727294921875
sup,QM7,regression,0.1,10,547,0,0,rmse,train,165.0072784423828
sup,QM7,regression,0.1,10,547,0,1,rmse,test,202.4253387451172
sup,QM7,regression,0.1,10,547,0,1,rmse,train,173.83314514160156
sup,QM7,regression,0.1,10,547,0,2,rmse,test,206.4345703125
sup,QM7,regression,0.1,10,547,0,2,rmse,train,164.33489990234375
sup,QM7,regression,0.1,10,547,1,0,rmse,test,213.9367218017578
sup,QM7,regression,0.1,10,547,1,0,rmse,train,158.04054260253906
sup,QM7,regression,0.1,10,547,1,1,rmse,test,210.96743774414065
sup,QM7,regression,0.1,10,547,1,1,rmse,train,167.26092529296875
sup,QM7,regression,0.1,10,547,1,2,rmse,test,216.59152221679688
sup,QM7,regression,0.1,10,547,1,2,rmse,train,141.6770782470703
sup,QM7,regression,0.1,10,547,2,0,rmse,test,204.9878845214844
sup,QM7,regression,0.1,10,547,2,0,rmse,train,169.2539520263672
sup,QM7,regression,0.1,10,547,2,1,rmse,test,209.4193115234375
sup,QM7,regression,0.1,10,547,2,1,rmse,train,162.1853485107422
sup,QM7,regression,0.1,10,547,2,2,rmse,test,205.77210998535156
sup,QM7,regression,0.1,10,547,2,2,rmse,train,193.52178955078125
sup,QM7,regression,0.25,25,1368,0,0,rmse,test,204.91650390625
sup,QM7,regression,0.25,25,1368,0,0,rmse,train,185.7995147705078
sup,QM7,regression,0.25,25,1368,0,1,rmse,test,204.9771270751953
sup,QM7,regression,0.25,25,1368,0,1,rmse,train,183.833740234375
sup,QM7,regression,0.25,25,1368,0,2,rmse,test,206.2233734130859
sup,QM7,regression,0.25,25,1368,0,2,rmse,train,191.9400177001953
sup,QM7,regression,0.25,25,1368,1,0,rmse,test,200.36911010742188
sup,QM7,regression,0.25,25,1368,1,0,rmse,train,179.46876525878906
sup,QM7,regression,0.25,25,1368,1,1,rmse,test,206.18280029296875
sup,QM7,regression,0.25,25,1368,1,1,rmse,train,192.74806213378903
sup,QM7,regression,0.25,25,1368,1,2,rmse,test,201.7959747314453
sup,QM7,regression,0.25,25,1368,1,2,rmse,train,199.7384796142578
sup,QM7,regression,0.25,25,1368,2,0,rmse,test,207.41026306152344
sup,QM7,regression,0.25,25,1368,2,0,rmse,train,180.8818817138672
sup,QM7,regression,0.25,25,1368,2,1,rmse,test,204.7598419189453
sup,QM7,regression,0.25,25,1368,2,1,rmse,train,175.91567993164062
sup,QM7,regression,0.25,25,1368,2,2,rmse,test,205.93185424804688
sup,QM7,regression,0.25,25,1368,2,2,rmse,train,191.8147430419922
sup,QM7,regression,0.5,50,2735,0,0,rmse,test,203.32669067382812
sup,QM7,regression,0.5,50,2735,0,0,rmse,train,187.7652587890625
sup,QM7,regression,0.5,50,2735,0,1,rmse,test,204.9367828369141
sup,QM7,regression,0.5,50,2735,0,1,rmse,train,188.55300903320312
sup,QM7,regression,0.5,50,2735,0,2,rmse,test,203.4617156982422
sup,QM7,regression,0.5,50,2735,0,2,rmse,train,184.5986328125
sup,QM7,regression,0.5,50,2735,1,0,rmse,test,205.91001892089844
sup,QM7,regression,0.5,50,2735,1,0,rmse,train,177.4036865234375
sup,QM7,regression,0.5,50,2735,1,1,rmse,test,204.81101989746097
sup,QM7,regression,0.5,50,2735,1,1,rmse,train,186.11648559570312
sup,QM7,regression,0.5,50,2735,1,2,rmse,test,206.20652770996097
sup,QM7,regression,0.5,50,2735,1,2,rmse,train,184.41925048828125
sup,QM7,regression,0.5,50,2735,2,0,rmse,test,200.24497985839844
sup,QM7,regression,0.5,50,2735,2,0,rmse,train,183.382568359375
sup,QM7,regression,0.5,50,2735,2,1,rmse,test,199.09129333496097
sup,QM7,regression,0.5,50,2735,2,1,rmse,train,182.2072906494141
sup,QM7,regression,0.5,50,2735,2,2,rmse,test,202.3269500732422
sup,QM7,regression,0.5,50,2735,2,2,rmse,train,181.21649169921875
sup,QM7,regression,1.0,100,5470,0,0,rmse,test,202.9402008056641
sup,QM7,regression,1.0,100,5470,0,0,rmse,train,191.9069976806641
sup,QM7,regression,1.0,100,5470,0,1,rmse,test,198.72952270507812
sup,QM7,regression,1.0,100,5470,0,1,rmse,train,188.02162170410156
sup,QM7,regression,1.0,100,5470,0,2,rmse,test,197.7780609130859
sup,QM7,regression,1.0,100,5470,0,2,rmse,train,193.18157958984375
sup,BBBP,classification,0.05,5,82,0,0,roc_auc,test,0.6574814529338088
sup,BBBP,classification,0.05,5,82,0,0,roc_auc,train,1.0
sup,BBBP,classification,0.05,5,82,0,0,nef1,test,0.3333333333333333
sup,BBBP,classification,0.05,5,82,0,1,roc_auc,test,0.6309856440890258
sup,BBBP,classification,0.05,5,82,0,1,roc_auc,train,0.9788182831661092
sup,BBBP,classification,0.05,5,82,0,1,nef1,test,0.6666666666666666
sup,BBBP,classification,0.05,5,82,0,2,roc_auc,test,0.6017920801618653
sup,BBBP,classification,0.05,5,82,0,2,roc_auc,train,0.9765886287625418
sup,BBBP,classification,0.05,5,82,0,2,nef1,test,0.3333333333333333
sup,BBBP,classification,0.05,5,82,1,0,roc_auc,test,0.5522690047210713
sup,BBBP,classification,0.05,5,82,1,0,roc_auc,train,0.9761194029850746
sup,BBBP,classification,0.05,5,82,1,0,nef1,test,0.3333333333333333
sup,BBBP,classification,0.05,5,82,1,1,roc_auc,test,0.5458136622025243
sup,BBBP,classification,0.05,5,82,1,1,roc_auc,train,0.9741293532338308
sup,BBBP,classification,0.05,5,82,1,1,nef1,test,0.6666666666666666
sup,BBBP,classification,0.05,5,82,1,2,roc_auc,test,0.5383948357259851
sup,BBBP,classification,0.05,5,82,1,2,roc_auc,train,0.964179104477612
sup,BBBP,classification,0.05,5,82,1,2,nef1,test,0.0
sup,BBBP,classification,0.05,5,82,2,0,roc_auc,test,0.6548800462472301
sup,BBBP,classification,0.05,5,82,2,0,roc_auc,train,0.987736900780379
sup,BBBP,classification,0.05,5,82,2,0,nef1,test,0.6666666666666666
sup,BBBP,classification,0.05,5,82,2,1,roc_auc,test,0.6779073128432411
sup,BBBP,classification,0.05,5,82,2,1,roc_auc,train,1.0
sup,BBBP,classification,0.05,5,82,2,1,nef1,test,0.6666666666666666
sup,BBBP,classification,0.05,5,82,2,2,roc_auc,test,0.6409095288563446
sup,BBBP,classification,0.05,5,82,2,2,roc_auc,train,0.9988851727982164
sup,BBBP,classification,0.05,5,82,2,2,nef1,test,0.6666666666666666
sup,BBBP,classification,0.1,10,163,0,0,roc_auc,test,0.5764524520666732
sup,BBBP,classification,0.1,10,163,0,0,roc_auc,train,0.976421052631579
sup,BBBP,classification,0.1,10,163,0,0,nef1,test,0.6666666666666666
sup,BBBP,classification,0.1,10,163,0,1,roc_auc,test,0.6179786106561326
sup,BBBP,classification,0.1,10,163,0,1,roc_auc,train,0.9901052631578948
sup,BBBP,classification,0.1,10,163,0,1,nef1,test,0.6666666666666666
sup,BBBP,classification,0.1,10,163,0,2,roc_auc,test,0.5616147991135948
sup,BBBP,classification,0.1,10,163,0,2,roc_auc,train,0.967157894736842
sup,BBBP,classification,0.1,10,163,0,2,nef1,test,0.3333333333333333
sup,BBBP,classification,0.1,10,163,1,0,roc_auc,test,0.6038153964736487
sup,BBBP,classification,0.1,10,163,1,0,roc_auc,train,0.9859629421673216
sup,BBBP,classification,0.1,10,163,1,0,nef1,test,1.0
sup,BBBP,classification,0.1,10,163,1,1,roc_auc,test,0.599865112245881
sup,BBBP,classification,0.1,10,163,1,1,roc_auc,train,0.9750140370578328
sup,BBBP,classification,0.1,10,163,1,1,nef1,test,1.0
sup,BBBP,classification,0.1,10,163,1,2,roc_auc,test,0.5850274592928029
sup,BBBP,classification,0.1,10,163,1,2,roc_auc,train,0.9719258843346434
sup,BBBP,classification,0.1,10,163,1,2,nef1,test,0.6666666666666666
sup,BBBP,classification,0.1,10,163,2,0,roc_auc,test,0.6322381732344156
sup,BBBP,classification,0.1,10,163,2,0,roc_auc,train,0.9995229007633588
sup,BBBP,classification,0.1,10,163,2,0,nef1,test,0.6666666666666666
sup,BBBP,classification,0.1,10,163,2,1,roc_auc,test,0.6247229983620772
sup,BBBP,classification,0.1,10,163,2,1,roc_auc,train,0.9990458015267176
sup,BBBP,classification,0.1,10,163,2,1,nef1,test,0.6666666666666666
sup,BBBP,classification,0.1,10,163,2,2,roc_auc,test,0.6227960304460931
sup,BBBP,classification,0.1,10,163,2,2,roc_auc,train,0.9988072519083968
sup,BBBP,classification,0.1,10,163,2,2,nef1,test,0.3333333333333333
sup,BBBP,classification,0.25,25,408,0,0,roc_auc,test,0.6217361980923016
sup,BBBP,classification,0.25,25,408,0,0,roc_auc,train,0.9615484429065744
sup,BBBP,classification,0.25,25,408,0,0,nef1,test,0.3333333333333333
sup,BBBP,classification,0.25,25,408,0,1,roc_auc,test,0.6068021967434242
sup,BBBP,classification,0.25,25,408,0,1,roc_auc,train,0.9622404844290656
sup,BBBP,classification,0.25,25,408,0,1,nef1,test,0.6666666666666666
sup,BBBP,classification,0.25,25,408,0,2,roc_auc,test,0.6433182387513248
sup,BBBP,classification,0.25,25,408,0,2,roc_auc,train,0.9829152249134948
sup,BBBP,classification,0.25,25,408,0,2,nef1,test,0.3333333333333333
sup,BBBP,classification,0.25,25,408,1,0,roc_auc,test,0.657192407746411
sup,BBBP,classification,0.25,25,408,1,0,roc_auc,train,0.9832589285714286
sup,BBBP,classification,0.25,25,408,1,0,nef1,test,0.6666666666666666
sup,BBBP,classification,0.25,25,408,1,1,roc_auc,test,0.653049426727045
sup,BBBP,classification,0.25,25,408,1,1,roc_auc,train,0.9741236772486772
sup,BBBP,classification,0.25,25,408,1,1,nef1,test,0.6666666666666666
sup,BBBP,classification,0.25,25,408,1,2,roc_auc,test,0.6639367954523557
sup,BBBP,classification,0.25,25,408,1,2,roc_auc,train,0.9854910714285714
sup,BBBP,classification,0.25,25,408,1,2,nef1,test,0.6666666666666666
sup,BBBP,classification,0.25,25,408,2,0,roc_auc,test,0.6978514307736776
sup,BBBP,classification,0.25,25,408,2,0,roc_auc,train,0.9910179640718564
sup,BBBP,classification,0.25,25,408,2,0,nef1,test,1.0
sup,BBBP,classification,0.25,25,408,2,1,roc_auc,test,0.6685615184507179
sup,BBBP,classification,0.25,25,408,2,1,roc_auc,train,0.9797297297297296
sup,BBBP,classification,0.25,25,408,2,1,nef1,test,0.6666666666666666
sup,BBBP,classification,0.25,25,408,2,2,roc_auc,test,0.680605067925619
sup,BBBP,classification,0.25,25,408,2,2,roc_auc,train,0.997127366887846
sup,BBBP,classification,0.25,25,408,2,2,nef1,test,1.0
sup,BBBP,classification,0.5,50,816,0,0,roc_auc,test,0.6816649002794103
sup,BBBP,classification,0.5,50,816,0,0,roc_auc,train,0.9959006338172154
sup,BBBP,classification,0.5,50,816,0,0,nef1,test,1.0
sup,BBBP,classification,0.5,50,816,0,1,roc_auc,test,0.6752095577608632
sup,BBBP,classification,0.5,50,816,0,1,roc_auc,train,0.9629319157636476
sup,BBBP,classification,0.5,50,816,0,1,nef1,test,0.6666666666666666
sup,BBBP,classification,0.5,50,816,0,2,roc_auc,test,0.6698140475961075
sup,BBBP,classification,0.5,50,816,0,2,roc_auc,train,0.9912594561439378
sup,BBBP,classification,0.5,50,816,0,2,nef1,test,0.6666666666666666
sup,BBBP,classification,0.5,50,816,1,0,roc_auc,test,0.6947682821081029
sup,BBBP,classification,0.5,50,816,1,0,roc_auc,train,0.9844904671360296
sup,BBBP,classification,0.5,50,816,1,0,nef1,test,0.6666666666666666
sup,BBBP,classification,0.5,50,816,1,1,roc_auc,test,0.6739570286154736
sup,BBBP,classification,0.5,50,816,1,1,roc_auc,train,0.964715555783956
sup,BBBP,classification,0.5,50,816,1,1,nef1,test,0.6666666666666666
sup,BBBP,classification,0.5,50,816,1,2,roc_auc,test,0.661817130744773
sup,BBBP,classification,0.5,50,816,1,2,roc_auc,train,0.9731640885965362
sup,BBBP,classification,0.5,50,816,1,2,nef1,test,0.6666666666666666
sup,BBBP,classification,0.5,50,816,2,0,roc_auc,test,0.6507370652278639
sup,BBBP,classification,0.5,50,816,2,0,roc_auc,train,0.9651863821251462
sup,BBBP,classification,0.5,50,816,2,0,nef1,test,0.6666666666666666
sup,BBBP,classification,0.5,50,816,2,1,roc_auc,test,0.6731862414490799
sup,BBBP,classification,0.5,50,816,2,1,roc_auc,train,0.9775004178971416
sup,BBBP,classification,0.5,50,816,2,1,nef1,test,0.6666666666666666
sup,BBBP,classification,0.5,50,816,2,2,roc_auc,test,0.6514115039984584
sup,BBBP,classification,0.5,50,816,2,2,roc_auc,train,0.9746921491057
sup,BBBP,classification,0.5,50,816,2,2,nef1,test,0.6666666666666666
sup,BBBP,classification,1.0,100,1631,0,0,roc_auc,test,0.6722227574910876
sup,BBBP,classification,1.0,100,1631,0,0,roc_auc,train,0.9592635449613
sup,BBBP,classification,1.0,100,1631,0,0,nef1,test,0.6666666666666666
sup,BBBP,classification,1.0,100,1631,0,1,roc_auc,test,0.6880238944021582
sup,BBBP,classification,1.0,100,1631,0,1,roc_auc,train,0.970685798040577
sup,BBBP,classification,1.0,100,1631,0,1,nef1,test,0.6666666666666666
sup,BBBP,classification,1.0,100,1631,0,2,roc_auc,test,0.6449561614799113
sup,BBBP,classification,1.0,100,1631,0,2,roc_auc,train,0.9567229807914834
sup,BBBP,classification,1.0,100,1631,0,2,nef1,test,0.6666666666666666
sup,BACE,classification,0.05,5,60,0,0,roc_auc,test,0.6778985507246377
sup,BACE,classification,0.05,5,60,0,0,roc_auc,train,0.8540723981900452
sup,BACE,classification,0.05,5,60,0,0,nef1,test,1.0
sup,BACE,classification,0.05,5,60,0,1,roc_auc,test,0.7230072463768116
sup,BACE,classification,0.05,5,60,0,1,roc_auc,train,0.8710407239819005
sup,BACE,classification,0.05,5,60,0,1,nef1,test,1.0
sup,BACE,classification,0.05,5,60,0,2,roc_auc,test,0.7458333333333333
sup,BACE,classification,0.05,5,60,0,2,roc_auc,train,0.8518099547511312
sup,BACE,classification,0.05,5,60,0,2,nef1,test,1.0
sup,BACE,classification,0.05,5,60,1,0,roc_auc,test,0.5307971014492754
sup,BACE,classification,0.05,5,60,1,0,roc_auc,train,0.8934531450577664
sup,BACE,classification,0.05,5,60,1,0,nef1,test,0.0
sup,BACE,classification,0.05,5,60,1,1,roc_auc,test,0.6164855072463769
sup,BACE,classification,0.05,5,60,1,1,roc_auc,train,0.93196405648267
sup,BACE,classification,0.05,5,60,1,1,nef1,test,0.5
sup,BACE,classification,0.05,5,60,1,2,roc_auc,test,0.5436594202898551
sup,BACE,classification,0.05,5,60,1,2,roc_auc,train,0.8883183568677792
sup,BACE,classification,0.05,5,60,1,2,nef1,test,0.5
sup,BACE,classification,0.05,5,60,2,0,roc_auc,test,0.7411231884057972
sup,BACE,classification,0.05,5,60,2,0,roc_auc,train,0.9611428571428572
sup,BACE,classification,0.05,5,60,2,0,nef1,test,1.0
sup,BACE,classification,0.05,5,60,2,1,roc_auc,test,0.7534420289855073
sup,BACE,classification,0.05,5,60,2,1,roc_auc,train,0.9634285714285714
sup,BACE,classification,0.05,5,60,2,1,nef1,test,1.0
sup,BACE,classification,0.05,5,60,2,2,roc_auc,test,0.7108695652173913
sup,BACE,classification,0.05,5,60,2,2,roc_auc,train,0.9588571428571429
sup,BACE,classification,0.05,5,60,2,2,nef1,test,1.0
sup,BACE,classification,0.1,10,121,0,0,roc_auc,test,0.7027173913043478
sup,BACE,classification,0.1,10,121,0,0,roc_auc,train,0.95958751393534
sup,BACE,classification,0.1,10,121,0,0,nef1,test,0.5
sup,BACE,classification,0.1,10,121,0,1,roc_auc,test,0.6929347826086957
sup,BACE,classification,0.1,10,121,0,1,roc_auc,train,0.947324414715719
sup,BACE,classification,0.1,10,121,0,1,nef1,test,0.5
sup,BACE,classification,0.1,10,121,0,2,roc_auc,test,0.7059782608695652
sup,BACE,classification,0.1,10,121,0,2,roc_auc,train,0.9542920847268672
sup,BACE,classification,0.1,10,121,0,2,nef1,test,0.5
sup,BACE,classification,0.1,10,121,1,0,roc_auc,test,0.8050724637681159
sup,BACE,classification,0.1,10,121,1,0,roc_auc,train,0.8341694537346711
sup,BACE,classification,0.1,10,121,1,0,nef1,test,1.0
sup,BACE,classification,0.1,10,121,1,1,roc_auc,test,0.769927536231884
sup,BACE,classification,0.1,10,121,1,1,roc_auc,train,0.8915830546265329
sup,BACE,classification,0.1,10,121,1,1,nef1,test,1.0
sup,BACE,classification,0.1,10,121,1,2,roc_auc,test,0.7509057971014493
sup,BACE,classification,0.1,10,121,1,2,roc_auc,train,0.9241917502787068
sup,BACE,classification,0.1,10,121,1,2,nef1,test,1.0
sup,BACE,classification,0.1,10,121,2,0,roc_auc,test,0.7478260869565218
sup,BACE,classification,0.1,10,121,2,0,roc_auc,train,0.899718309859155
sup,BACE,classification,0.1,10,121,2,0,nef1,test,1.0
sup,BACE,classification,0.1,10,121,2,1,roc_auc,test,0.7335144927536231
sup,BACE,classification,0.1,10,121,2,1,roc_auc,train,0.903943661971831
sup,BACE,classification,0.1,10,121,2,1,nef1,test,1.0
sup,BACE,classification,0.1,10,121,2,2,roc_auc,test,0.7626811594202899
sup,BACE,classification,0.1,10,121,2,2,roc_auc,train,0.8800000000000001
sup,BACE,classification,0.1,10,121,2,2,nef1,test,1.0
sup,BACE,classification,0.25,25,302,0,0,roc_auc,test,0.7646739130434783
sup,BACE,classification,0.25,25,302,0,0,roc_auc,train,0.8637560823177536
sup,BACE,classification,0.25,25,302,0,0,nef1,test,1.0
sup,BACE,classification,0.25,25,302,0,1,roc_auc,test,0.7605072463768116
sup,BACE,classification,0.25,25,302,0,1,roc_auc,train,0.9639748225525646
sup,BACE,classification,0.25,25,302,0,1,nef1,test,1.0
sup,BACE,classification,0.25,25,302,0,2,roc_auc,test,0.7233695652173913
sup,BACE,classification,0.25,25,302,0,2,roc_auc,train,0.8802285612249453
sup,BACE,classification,0.25,25,302,0,2,nef1,test,1.0
sup,BACE,classification,0.25,25,302,1,0,roc_auc,test,0.8005434782608695
sup,BACE,classification,0.25,25,302,1,0,roc_auc,train,0.9523224043715848
sup,BACE,classification,0.25,25,302,1,0,nef1,test,1.0
sup,BACE,classification,0.25,25,302,1,1,roc_auc,test,0.8036231884057972
sup,BACE,classification,0.25,25,302,1,1,roc_auc,train,0.9352914389799636
sup,BACE,classification,0.25,25,302,1,1,nef1,test,1.0
sup,BACE,classification,0.25,25,302,1,2,roc_auc,test,0.7996376811594201
sup,BACE,classification,0.25,25,302,1,2,roc_auc,train,0.9504098360655738
sup,BACE,classification,0.25,25,302,1,2,nef1,test,1.0
sup,BACE,classification,0.25,25,302,2,0,roc_auc,test,0.7681159420289855
sup,BACE,classification,0.25,25,302,2,0,roc_auc,train,0.8685608685608686
sup,BACE,classification,0.25,25,302,2,0,nef1,test,1.0
sup,BACE,classification,0.25,25,302,2,1,roc_auc,test,0.7724637681159421
sup,BACE,classification,0.25,25,302,2,1,roc_auc,train,0.8740124740124741
sup,BACE,classification,0.25,25,302,2,1,nef1,test,1.0
sup,BACE,classification,0.25,25,302,2,2,roc_auc,test,0.7987318840579709
sup,BACE,classification,0.25,25,302,2,2,roc_auc,train,0.9367521367521368
sup,BACE,classification,0.25,25,302,2,2,nef1,test,1.0
sup,BACE,classification,0.5,50,605,0,0,roc_auc,test,0.8079710144927537
sup,BACE,classification,0.5,50,605,0,0,roc_auc,train,0.9262006593602424
sup,BACE,classification,0.5,50,605,0,0,nef1,test,1.0
sup,BACE,classification,0.5,50,605,0,1,roc_auc,test,0.7739130434782608
sup,BACE,classification,0.5,50,605,0,1,roc_auc,train,0.8758687516706763
sup,BACE,classification,0.5,50,605,0,1,nef1,test,1.0
sup,BACE,classification,0.5,50,605,0,2,roc_auc,test,0.8038043478260869
sup,BACE,classification,0.5,50,605,0,2,roc_auc,train,0.9363249576762008
sup,BACE,classification,0.5,50,605,0,2,nef1,test,1.0
sup,BACE,classification,0.5,50,605,1,0,roc_auc,test,0.7891304347826087
sup,BACE,classification,0.5,50,605,1,0,roc_auc,train,0.919721188737311
sup,BACE,classification,0.5,50,605,1,0,nef1,test,1.0
sup,BACE,classification,0.5,50,605,1,1,roc_auc,test,0.7826086956521741
sup,BACE,classification,0.5,50,605,1,1,roc_auc,train,0.8848697809011987
sup,BACE,classification,0.5,50,605,1,1,nef1,test,1.0
sup,BACE,classification,0.5,50,605,1,2,roc_auc,test,0.7983695652173912
sup,BACE,classification,0.5,50,605,1,2,roc_auc,train,0.9417344173441734
sup,BACE,classification,0.5,50,605,1,2,nef1,test,1.0
sup,BACE,classification,0.5,50,605,2,0,roc_auc,test,0.8067028985507247
sup,BACE,classification,0.5,50,605,2,0,roc_auc,train,0.9184397163120568
sup,BACE,classification,0.5,50,605,2,0,nef1,test,1.0
sup,BACE,classification,0.5,50,605,2,1,roc_auc,test,0.8009057971014493
sup,BACE,classification,0.5,50,605,2,1,roc_auc,train,0.9141447513325404
sup,BACE,classification,0.5,50,605,2,1,nef1,test,1.0
sup,BACE,classification,0.5,50,605,2,2,roc_auc,test,0.7755434782608696
sup,BACE,classification,0.5,50,605,2,2,roc_auc,train,0.866030130831241
sup,BACE,classification,0.5,50,605,2,2,nef1,test,1.0
sup,BACE,classification,1.0,100,1210,0,0,roc_auc,test,0.7972826086956522
sup,BACE,classification,1.0,100,1210,0,0,roc_auc,train,0.9124956345603128
sup,BACE,classification,1.0,100,1210,0,0,nef1,test,1.0
sup,BACE,classification,1.0,100,1210,0,1,roc_auc,test,0.8340579710144927
sup,BACE,classification,1.0,100,1210,0,1,roc_auc,train,0.9222909827477824
sup,BACE,classification,1.0,100,1210,0,1,nef1,test,1.0
sup,BACE,classification,1.0,100,1210,0,2,roc_auc,test,0.8172101449275362
sup,BACE,classification,1.0,100,1210,0,2,roc_auc,train,0.9499867290633512
sup,BACE,classification,1.0,100,1210,0,2,nef1,test,1.0
sup,Tox21,classification,0.05,5,313,0,0,roc_auc,test,0.6090941793965728
sup,Tox21,classification,0.05,5,313,0,0,roc_auc,train,0.925936241533072
sup,Tox21,classification,0.05,5,313,0,0,nef1,test,0.2845238095238095
sup,Tox21,classification,0.05,5,313,0,1,roc_auc,test,0.6227214727440473
sup,Tox21,classification,0.05,5,313,0,1,roc_auc,train,0.9287364480227108
sup,Tox21,classification,0.05,5,313,0,1,nef1,test,0.2649801587301587
sup,Tox21,classification,0.05,5,313,0,2,roc_auc,test,0.4694275625482962
sup,Tox21,classification,0.05,5,313,0,2,roc_auc,train,0.6312077345022667
sup,Tox21,classification,0.05,5,313,0,2,nef1,test,0.1039682539682539
sup,Tox21,classification,0.05,5,313,1,0,roc_auc,test,0.6412054310301296
sup,Tox21,classification,0.05,5,313,1,0,roc_auc,train,0.9258147366689036
sup,Tox21,classification,0.05,5,313,1,0,nef1,test,0.3274801587301587
sup,Tox21,classification,0.05,5,313,1,1,roc_auc,test,0.637643343729498
sup,Tox21,classification,0.05,5,313,1,1,roc_auc,train,0.9351498530616692
sup,Tox21,classification,0.05,5,313,1,1,nef1,test,0.3140873015873015
sup,Tox21,classification,0.05,5,313,1,2,roc_auc,test,0.637619926820026
sup,Tox21,classification,0.05,5,313,1,2,roc_auc,train,0.9543049339192108
sup,Tox21,classification,0.05,5,313,1,2,nef1,test,0.3636904761904762
sup,Tox21,classification,0.05,5,313,2,0,roc_auc,test,0.6592214382804721
sup,Tox21,classification,0.05,5,313,2,0,roc_auc,train,0.926787943004181
sup,Tox21,classification,0.05,5,313,2,0,nef1,test,0.3631944444444444
sup,Tox21,classification,0.05,5,313,2,1,roc_auc,test,0.6609109744354161
sup,Tox21,classification,0.05,5,313,2,1,roc_auc,train,0.9431166586198106
sup,Tox21,classification,0.05,5,313,2,1,nef1,test,0.385515873015873
sup,Tox21,classification,0.05,5,313,2,2,roc_auc,test,0.6620063108131135
sup,Tox21,classification,0.05,5,313,2,2,roc_auc,train,0.9491720853556526
sup,Tox21,classification,0.05,5,313,2,2,nef1,test,0.3679563492063492
sup,Tox21,classification,0.1,10,626,0,0,roc_auc,test,0.6853733565103374
sup,Tox21,classification,0.1,10,626,0,0,roc_auc,train,0.8824581125830248
sup,Tox21,classification,0.1,10,626,0,0,nef1,test,0.4348214285714286
sup,Tox21,classification,0.1,10,626,0,1,roc_auc,test,0.6943085468258352
sup,Tox21,classification,0.1,10,626,0,1,roc_auc,train,0.905064274821191
sup,Tox21,classification,0.1,10,626,0,1,nef1,test,0.3748015873015873
sup,Tox21,classification,0.1,10,626,0,2,roc_auc,test,0.6985137241611025
sup,Tox21,classification,0.1,10,626,0,2,roc_auc,train,0.9474330662710928
sup,Tox21,classification,0.1,10,626,0,2,nef1,test,0.4439484126984127
sup,Tox21,classification,0.1,10,626,1,0,roc_auc,test,0.6786462159840507
sup,Tox21,classification,0.1,10,626,1,0,roc_auc,train,0.8757264476439158
sup,Tox21,classification,0.1,10,626,1,0,nef1,test,0.3768849206349207
sup,Tox21,classification,0.1,10,626,1,1,roc_auc,test,0.6929542792793443
sup,Tox21,classification,0.1,10,626,1,1,roc_auc,train,0.899127735907202
sup,Tox21,classification,0.1,10,626,1,1,nef1,test,0.4597222222222221
sup,Tox21,classification,0.1,10,626,1,2,roc_auc,test,0.6916240109340469
sup,Tox21,classification,0.1,10,626,1,2,roc_auc,train,0.9170366016696792
sup,Tox21,classification,0.1,10,626,1,2,nef1,test,0.4388888888888889
sup,Tox21,classification,0.1,10,626,2,0,roc_auc,test,0.6828521908665007
sup,Tox21,classification,0.1,10,626,2,0,roc_auc,train,0.8544060282660039
sup,Tox21,classification,0.1,10,626,2,0,nef1,test,0.4093253968253967
sup,Tox21,classification,0.1,10,626,2,1,roc_auc,test,0.6884123363702265
sup,Tox21,classification,0.1,10,626,2,1,roc_auc,train,0.8965866701198633
sup,Tox21,classification,0.1,10,626,2,1,nef1,test,0.3889880952380952
sup,Tox21,classification,0.1,10,626,2,2,roc_auc,test,0.6915186656977058
sup,Tox21,classification,0.1,10,626,2,2,roc_auc,train,0.9242711028085876
sup,Tox21,classification,0.1,10,626,2,2,nef1,test,0.3612103174603174
sup,Tox21,classification,0.25,25,1566,0,0,roc_auc,test,0.6978162368539804
sup,Tox21,classification,0.25,25,1566,0,0,roc_auc,train,0.911350789561499
sup,Tox21,classification,0.25,25,1566,0,0,nef1,test,0.4299603174603174
sup,Tox21,classification,0.25,25,1566,0,1,roc_auc,test,0.698394140274509
sup,Tox21,classification,0.25,25,1566,0,1,roc_auc,train,0.8410983229441126
sup,Tox21,classification,0.25,25,1566,0,1,nef1,test,0.3617063492063492
sup,Tox21,classification,0.25,25,1566,0,2,roc_auc,test,0.705451802987779
sup,Tox21,classification,0.25,25,1566,0,2,roc_auc,train,0.8994470498462733
sup,Tox21,classification,0.25,25,1566,0,2,nef1,test,0.4398809523809524
sup,Tox21,classification,0.25,25,1566,1,0,roc_auc,test,0.6999690055736026
sup,Tox21,classification,0.25,25,1566,1,0,roc_auc,train,0.8979920339486124
sup,Tox21,classification,0.25,25,1566,1,0,nef1,test,0.4815476190476191
sup,Tox21,classification,0.25,25,1566,1,1,roc_auc,test,0.7005757771490041
sup,Tox21,classification,0.25,25,1566,1,1,roc_auc,train,0.8630822305545732
sup,Tox21,classification,0.25,25,1566,1,1,nef1,test,0.4175595238095237
sup,Tox21,classification,0.25,25,1566,1,2,roc_auc,test,0.7000212865510419
sup,Tox21,classification,0.25,25,1566,1,2,roc_auc,train,0.8847151259521412
sup,Tox21,classification,0.25,25,1566,1,2,nef1,test,0.452579365079365
sup,Tox21,classification,0.25,25,1566,2,0,roc_auc,test,0.7127254462077182
sup,Tox21,classification,0.25,25,1566,2,0,roc_auc,train,0.8751273873921392
sup,Tox21,classification,0.25,25,1566,2,0,nef1,test,0.4356150793650793
sup,Tox21,classification,0.25,25,1566,2,1,roc_auc,test,0.7142818623346313
sup,Tox21,classification,0.25,25,1566,2,1,roc_auc,train,0.9006683321309801
sup,Tox21,classification,0.25,25,1566,2,1,nef1,test,0.4676587301587301
sup,Tox21,classification,0.25,25,1566,2,2,roc_auc,test,0.7180711067976833
sup,Tox21,classification,0.25,25,1566,2,2,roc_auc,train,0.8755175468556081
sup,Tox21,classification,0.25,25,1566,2,2,nef1,test,0.4495039682539682
sup,Tox21,classification,0.5,50,3132,0,0,roc_auc,test,0.7120822054287665
sup,Tox21,classification,0.5,50,3132,0,0,roc_auc,train,0.916652644726336
sup,Tox21,classification,0.5,50,3132,0,0,nef1,test,0.4939484126984128
sup,Tox21,classification,0.5,50,3132,0,1,roc_auc,test,0.7038577497705908
sup,Tox21,classification,0.5,50,3132,0,1,roc_auc,train,0.8983603513208314
sup,Tox21,classification,0.5,50,3132,0,1,nef1,test,0.5984126984126984
sup,Tox21,classification,0.5,50,3132,0,2,roc_auc,test,0.717382740604604
sup,Tox21,classification,0.5,50,3132,0,2,roc_auc,train,0.8868942096090718
sup,Tox21,classification,0.5,50,3132,0,2,nef1,test,0.454265873015873
sup,Tox21,classification,0.5,50,3132,1,0,roc_auc,test,0.7162793994961265
sup,Tox21,classification,0.5,50,3132,1,0,roc_auc,train,0.8747201776010994
sup,Tox21,classification,0.5,50,3132,1,0,nef1,test,0.4780753968253968
sup,Tox21,classification,0.5,50,3132,1,1,roc_auc,test,0.720747498571518
sup,Tox21,classification,0.5,50,3132,1,1,roc_auc,train,0.8885596326460642
sup,Tox21,classification,0.5,50,3132,1,1,nef1,test,0.4622023809523809
sup,Tox21,classification,0.5,50,3132,1,2,roc_auc,test,0.713911089526922
sup,Tox21,classification,0.5,50,3132,1,2,roc_auc,train,0.8634364269685153
sup,Tox21,classification,0.5,50,3132,1,2,nef1,test,0.5090277777777779
sup,Tox21,classification,0.5,50,3132,2,0,roc_auc,test,0.717209315110165
sup,Tox21,classification,0.5,50,3132,2,0,roc_auc,train,0.8542462105897771
sup,Tox21,classification,0.5,50,3132,2,0,nef1,test,0.4669642857142858
sup,Tox21,classification,0.5,50,3132,2,1,roc_auc,test,0.7063820232929854
sup,Tox21,classification,0.5,50,3132,2,1,roc_auc,train,0.8833260468321201
sup,Tox21,classification,0.5,50,3132,2,1,nef1,test,0.4760912698412698
sup,Tox21,classification,0.5,50,3132,2,2,roc_auc,test,0.7074303111458922
sup,Tox21,classification,0.5,50,3132,2,2,roc_auc,train,0.875729978991464
sup,Tox21,classification,0.5,50,3132,2,2,nef1,test,0.4760912698412698
sup,Tox21,classification,1.0,100,6264,0,0,roc_auc,test,0.7274733844622151
sup,Tox21,classification,1.0,100,6264,0,0,roc_auc,train,0.8600797201135322
sup,Tox21,classification,1.0,100,6264,0,0,nef1,test,0.5137896825396825
sup,Tox21,classification,1.0,100,6264,0,1,roc_auc,test,0.7162176264089873
sup,Tox21,classification,1.0,100,6264,0,1,roc_auc,train,0.9091883573176774
sup,Tox21,classification,1.0,100,6264,0,1,nef1,test,0.5805555555555556
sup,Tox21,classification,1.0,100,6264,0,2,roc_auc,test,0.723422955186249
sup,Tox21,classification,1.0,100,6264,0,2,roc_auc,train,0.8644262201802815
sup,Tox21,classification,1.0,100,6264,0,2,nef1,test,0.5177579365079364
sup,HIV,classification,0.05,5,1645,0,0,roc_auc,test,0.6665231078236351
sup,HIV,classification,0.05,5,1645,0,0,roc_auc,train,0.9040603700097372
sup,HIV,classification,0.05,5,1645,0,0,nef1,test,0.1904761904761904
sup,HIV,classification,0.05,5,1645,0,1,roc_auc,test,0.6883002761737385
sup,HIV,classification,0.05,5,1645,0,1,roc_auc,train,0.9335150925024344
sup,HIV,classification,0.05,5,1645,0,1,nef1,test,0.5
sup,HIV,classification,0.05,5,1645,0,2,roc_auc,test,0.6806330751849206
sup,HIV,classification,0.05,5,1645,0,2,roc_auc,train,0.8563291139240508
sup,HIV,classification,0.05,5,1645,0,2,nef1,test,0.3571428571428571
sup,HIV,classification,0.05,5,1645,1,0,roc_auc,test,0.6601807682651268
sup,HIV,classification,0.05,5,1645,1,0,roc_auc,train,0.9351898734177216
sup,HIV,classification,0.05,5,1645,1,0,nef1,test,0.4285714285714285
sup,HIV,classification,0.05,5,1645,1,1,roc_auc,test,0.6738388149635953
sup,HIV,classification,0.05,5,1645,1,1,roc_auc,train,0.9639532619279454
sup,HIV,classification,0.05,5,1645,1,1,nef1,test,0.6190476190476191
sup,HIV,classification,0.05,5,1645,1,2,roc_auc,test,0.6624461654338631
sup,HIV,classification,0.05,5,1645,1,2,roc_auc,train,0.9701265822784813
sup,HIV,classification,0.05,5,1645,1,2,nef1,test,0.5238095238095238
sup,HIV,classification,0.05,5,1645,2,0,roc_auc,test,0.7009675737268004
sup,HIV,classification,0.05,5,1645,2,0,roc_auc,train,0.948086526139025
sup,HIV,classification,0.05,5,1645,2,0,nef1,test,0.5952380952380952
sup,HIV,classification,0.05,5,1645,2,1,roc_auc,test,0.6928600397844686
sup,HIV,classification,0.05,5,1645,2,1,roc_auc,train,0.9324097397145256
sup,HIV,classification,0.05,5,1645,2,1,nef1,test,0.4761904761904761
sup,HIV,classification,0.05,5,1645,2,2,roc_auc,test,0.6731802468182081
sup,HIV,classification,0.05,5,1645,2,2,roc_auc,train,0.8946816032524637
sup,HIV,classification,0.05,5,1645,2,2,nef1,test,0.3095238095238095
sup,HIV,classification,0.1,10,3290,0,0,roc_auc,test,0.7063693775468819
sup,HIV,classification,0.1,10,3290,0,0,roc_auc,train,0.8238822774234305
sup,HIV,classification,0.1,10,3290,0,0,nef1,test,0.4047619047619047
sup,HIV,classification,0.1,10,3290,0,1,roc_auc,test,0.7142084628903609
sup,HIV,classification,0.1,10,3290,0,1,roc_auc,train,0.8680664520204594
sup,HIV,classification,0.1,10,3290,0,1,nef1,test,0.4285714285714285
sup,HIV,classification,0.1,10,3290,0,2,roc_auc,test,0.6910040750111048
sup,HIV,classification,0.1,10,3290,0,2,roc_auc,train,0.9151289915024556
sup,HIV,classification,0.1,10,3290,0,2,nef1,test,0.3095238095238095
sup,HIV,classification,0.1,10,3290,1,0,roc_auc,test,0.6630352073234322
sup,HIV,classification,0.1,10,3290,1,0,roc_auc,train,0.9088551749434516
sup,HIV,classification,0.1,10,3290,1,0,nef1,test,0.5476190476190477
sup,HIV,classification,0.1,10,3290,1,1,roc_auc,test,0.691846115220456
sup,HIV,classification,0.1,10,3290,1,1,roc_auc,train,0.9515466753611964
sup,HIV,classification,0.1,10,3290,1,1,nef1,test,0.6190476190476191
sup,HIV,classification,0.1,10,3290,1,2,roc_auc,test,0.7102493288785028
sup,HIV,classification,0.1,10,3290,1,2,roc_auc,train,0.9257101664866628
sup,HIV,classification,0.1,10,3290,1,2,nef1,test,0.5714285714285714
sup,HIV,classification,0.1,10,3290,2,0,roc_auc,test,0.7092914115761216
sup,HIV,classification,0.1,10,3290,2,0,roc_auc,train,0.94606864654333
sup,HIV,classification,0.1,10,3290,2,0,nef1,test,0.6190476190476191
sup,HIV,classification,0.1,10,3290,2,1,roc_auc,test,0.7090557948202939
sup,HIV,classification,0.1,10,3290,2,1,roc_auc,train,0.9459639727361246
sup,HIV,classification,0.1,10,3290,2,1,nef1,test,0.6190476190476191
sup,HIV,classification,0.1,10,3290,2,2,roc_auc,test,0.6721508719751251
sup,HIV,classification,0.1,10,3290,2,2,roc_auc,train,0.9090043816942552
sup,HIV,classification,0.1,10,3290,2,2,nef1,test,0.4523809523809524
sup,HIV,classification,0.25,25,8225,0,0,roc_auc,test,0.7345043357345641
sup,HIV,classification,0.25,25,8225,0,0,roc_auc,train,0.879814090431125
sup,HIV,classification,0.25,25,8225,0,0,nef1,test,0.5
sup,HIV,classification,0.25,25,8225,0,1,roc_auc,test,0.73846733231619
sup,HIV,classification,0.25,25,8225,0,1,roc_auc,train,0.8876807570977918
sup,HIV,classification,0.25,25,8225,0,1,nef1,test,0.5476190476190477
sup,HIV,classification,0.25,25,8225,0,2,roc_auc,test,0.7314934626006683
sup,HIV,classification,0.25,25,8225,0,2,roc_auc,train,0.9267007360672976
sup,HIV,classification,0.25,25,8225,0,2,nef1,test,0.6428571428571429
sup,HIV,classification,0.25,25,8225,1,0,roc_auc,test,0.6720948647134939
sup,HIV,classification,0.25,25,8225,1,0,roc_auc,train,0.8279395588740635
sup,HIV,classification,0.25,25,8225,1,0,nef1,test,0.5952380952380952
sup,HIV,classification,0.25,25,8225,1,1,roc_auc,test,0.7074412406574094
sup,HIV,classification,0.25,25,8225,1,1,roc_auc,train,0.9163598735298536
sup,HIV,classification,0.25,25,8225,1,1,nef1,test,0.6666666666666666
sup,HIV,classification,0.25,25,8225,1,2,roc_auc,test,0.7152899824253076
sup,HIV,classification,0.25,25,8225,1,2,roc_auc,train,0.851955763077417
sup,HIV,classification,0.25,25,8225,1,2,nef1,test,0.6428571428571429
sup,HIV,classification,0.25,25,8225,2,0,roc_auc,test,0.7120937059425636
sup,HIV,classification,0.25,25,8225,2,0,roc_auc,train,0.8318735559493845
sup,HIV,classification,0.25,25,8225,2,0,nef1,test,0.6428571428571429
sup,HIV,classification,0.25,25,8225,2,1,roc_auc,test,0.697081828540528
sup,HIV,classification,0.25,25,8225,2,1,roc_auc,train,0.8478457035302118
sup,HIV,classification,0.25,25,8225,2,1,nef1,test,0.6190476190476191
sup,HIV,classification,0.25,25,8225,2,2,roc_auc,test,0.6714498155622937
sup,HIV,classification,0.25,25,8225,2,2,roc_auc,train,0.8863165033998982
sup,HIV,classification,0.25,25,8225,2,2,nef1,test,0.5714285714285714
sup,HIV,classification,0.5,50,16450,0,0,roc_auc,test,0.7547886208694644
sup,HIV,classification,0.5,50,16450,0,0,roc_auc,train,0.893283535782626
sup,HIV,classification,0.5,50,16450,0,0,nef1,test,0.6190476190476191
sup,HIV,classification,0.5,50,16450,0,1,roc_auc,test,0.7496900287761449
sup,HIV,classification,0.5,50,16450,0,1,roc_auc,train,0.918476146313567
sup,HIV,classification,0.5,50,16450,0,1,nef1,test,0.6190476190476191
sup,HIV,classification,0.5,50,16450,0,2,roc_auc,test,0.7403715792116494
sup,HIV,classification,0.5,50,16450,0,2,roc_auc,train,0.8299747728000724
sup,HIV,classification,0.5,50,16450,0,2,nef1,test,0.5952380952380952
sup,HIV,classification,0.5,50,16450,1,0,roc_auc,test,0.7229282141408678
sup,HIV,classification,0.5,50,16450,1,0,roc_auc,train,0.8676012267438307
sup,HIV,classification,0.5,50,16450,1,0,nef1,test,0.5476190476190477
sup,HIV,classification,0.5,50,16450,1,1,roc_auc,test,0.7515962069564882
sup,HIV,classification,0.5,50,16450,1,1,roc_auc,train,0.8491069427179916
sup,HIV,classification,0.5,50,16450,1,1,nef1,test,0.6666666666666666
sup,HIV,classification,0.5,50,16450,1,2,roc_auc,test,0.754760617238649
sup,HIV,classification,0.5,50,16450,1,2,roc_auc,train,0.9384086972469584
sup,HIV,classification,0.5,50,16450,1,2,nef1,test,0.5238095238095238
sup,HIV,classification,0.5,50,16450,2,0,roc_auc,test,0.7419938585140693
sup,HIV,classification,0.5,50,16450,2,0,roc_auc,train,0.8669691421947704
sup,HIV,classification,0.5,50,16450,2,0,nef1,test,0.6190476190476191
sup,HIV,classification,0.5,50,16450,2,1,roc_auc,test,0.7492458332528631
sup,HIV,classification,0.5,50,16450,2,1,roc_auc,train,0.9183178079836346
sup,HIV,classification,0.5,50,16450,2,1,nef1,test,0.5952380952380952
sup,HIV,classification,0.5,50,16450,2,2,roc_auc,test,0.7472933042353078
sup,HIV,classification,0.5,50,16450,2,2,roc_auc,train,0.928438795216582
sup,HIV,classification,0.5,50,16450,2,2,nef1,test,0.6666666666666666
sup,HIV,classification,1.0,100,32901,0,0,roc_auc,test,0.7687035284574827
sup,HIV,classification,1.0,100,32901,0,0,roc_auc,train,0.893305571879256
sup,HIV,classification,1.0,100,32901,0,0,nef1,test,0.7142857142857143
sup,HIV,classification,1.0,100,32901,0,1,roc_auc,test,0.7738349523938277
sup,HIV,classification,1.0,100,32901,0,1,roc_auc,train,0.8957025372634879
sup,HIV,classification,1.0,100,32901,0,1,nef1,test,0.6428571428571429
sup,HIV,classification,1.0,100,32901,0,2,roc_auc,test,0.766175476544545
sup,HIV,classification,1.0,100,32901,0,2,roc_auc,train,0.8956694612659437
sup,HIV,classification,1.0,100,32901,0,2,nef1,test,0.6666666666666666
unsup2sup,ESOL,regression,0.05,5,45,0,0,rmse,test,1.5759793519973757
unsup2sup,ESOL,regression,0.05,5,45,0,0,rmse,train,0.6415446996688843
unsup2sup,ESOL,regression,0.05,5,45,0,1,rmse,test,1.6217488050460815
unsup2sup,ESOL,regression,0.05,5,45,0,1,rmse,train,0.6763295531272888
unsup2sup,ESOL,regression,0.05,5,45,0,2,rmse,test,1.5399669408798218
unsup2sup,ESOL,regression,0.05,5,45,0,2,rmse,train,0.1737521886825561
unsup2sup,ESOL,regression,0.05,5,45,1,0,rmse,test,1.9063043594360352
unsup2sup,ESOL,regression,0.05,5,45,1,0,rmse,train,1.3976266384124756
unsup2sup,ESOL,regression,0.05,5,45,1,1,rmse,test,1.7746686935424805
unsup2sup,ESOL,regression,0.05,5,45,1,1,rmse,train,1.5958143472671509
unsup2sup,ESOL,regression,0.05,5,45,1,2,rmse,test,1.7441768646240234
unsup2sup,ESOL,regression,0.05,5,45,1,2,rmse,train,1.026733160018921
unsup2sup,ESOL,regression,0.05,5,45,2,0,rmse,test,1.7059909105300903
unsup2sup,ESOL,regression,0.05,5,45,2,0,rmse,train,1.0817688703536987
unsup2sup,ESOL,regression,0.05,5,45,2,1,rmse,test,1.7454408407211304
unsup2sup,ESOL,regression,0.05,5,45,2,1,rmse,train,1.180934190750122
unsup2sup,ESOL,regression,0.05,5,45,2,2,rmse,test,1.7236748933792114
unsup2sup,ESOL,regression,0.05,5,45,2,2,rmse,train,1.069569706916809
unsup2sup,ESOL,regression,0.1,10,90,0,0,rmse,test,1.4877676963806152
unsup2sup,ESOL,regression,0.1,10,90,0,0,rmse,train,0.7356027960777283
unsup2sup,ESOL,regression,0.1,10,90,0,1,rmse,test,1.441481113433838
unsup2sup,ESOL,regression,0.1,10,90,0,1,rmse,train,0.8375247716903687
unsup2sup,ESOL,regression,0.1,10,90,0,2,rmse,test,1.494022250175476
unsup2sup,ESOL,regression,0.1,10,90,0,2,rmse,train,0.9029706120491028
unsup2sup,ESOL,regression,0.1,10,90,1,0,rmse,test,1.49021577835083
unsup2sup,ESOL,regression,0.1,10,90,1,0,rmse,train,0.6600388884544373
unsup2sup,ESOL,regression,0.1,10,90,1,1,rmse,test,1.4797290563583374
unsup2sup,ESOL,regression,0.1,10,90,1,1,rmse,train,0.6501397490501404
unsup2sup,ESOL,regression,0.1,10,90,1,2,rmse,test,1.5191981792449951
unsup2sup,ESOL,regression,0.1,10,90,1,2,rmse,train,0.6384097933769226
unsup2sup,ESOL,regression,0.1,10,90,2,0,rmse,test,1.625845432281494
unsup2sup,ESOL,regression,0.1,10,90,2,0,rmse,train,0.7085656523704529
unsup2sup,ESOL,regression,0.1,10,90,2,1,rmse,test,1.4540358781814575
unsup2sup,ESOL,regression,0.1,10,90,2,1,rmse,train,0.7481949925422668
unsup2sup,ESOL,regression,0.1,10,90,2,2,rmse,test,1.5505400896072388
unsup2sup,ESOL,regression,0.1,10,90,2,2,rmse,train,0.4007392823696136
unsup2sup,ESOL,regression,0.25,25,226,0,0,rmse,test,1.443833827972412
unsup2sup,ESOL,regression,0.25,25,226,0,0,rmse,train,0.6467605233192444
unsup2sup,ESOL,regression,0.25,25,226,0,1,rmse,test,1.6369227170944214
unsup2sup,ESOL,regression,0.25,25,226,0,1,rmse,train,1.116500735282898
unsup2sup,ESOL,regression,0.25,25,226,0,2,rmse,test,1.3603724241256714
unsup2sup,ESOL,regression,0.25,25,226,0,2,rmse,train,0.958509922027588
unsup2sup,ESOL,regression,0.25,25,226,1,0,rmse,test,1.189367413520813
unsup2sup,ESOL,regression,0.25,25,226,1,0,rmse,train,0.3661603033542633
unsup2sup,ESOL,regression,0.25,25,226,1,1,rmse,test,1.288451075553894
unsup2sup,ESOL,regression,0.25,25,226,1,1,rmse,train,0.2788629829883575
unsup2sup,ESOL,regression,0.25,25,226,1,2,rmse,test,1.182224988937378
unsup2sup,ESOL,regression,0.25,25,226,1,2,rmse,train,0.3563303053379059
unsup2sup,ESOL,regression,0.25,25,226,2,0,rmse,test,1.3260409832000732
unsup2sup,ESOL,regression,0.25,25,226,2,0,rmse,train,0.3163840770721435
unsup2sup,ESOL,regression,0.25,25,226,2,1,rmse,test,1.3159056901931765
unsup2sup,ESOL,regression,0.25,25,226,2,1,rmse,train,0.3432083129882812
unsup2sup,ESOL,regression,0.25,25,226,2,2,rmse,test,1.3223955631256104
unsup2sup,ESOL,regression,0.25,25,226,2,2,rmse,train,0.304743081331253
unsup2sup,ESOL,regression,0.5,50,451,0,0,rmse,test,1.157537579536438
unsup2sup,ESOL,regression,0.5,50,451,0,0,rmse,train,0.3979766070842743
unsup2sup,ESOL,regression,0.5,50,451,0,1,rmse,test,1.173576831817627
unsup2sup,ESOL,regression,0.5,50,451,0,1,rmse,train,0.3929751515388489
unsup2sup,ESOL,regression,0.5,50,451,0,2,rmse,test,1.163943648338318
unsup2sup,ESOL,regression,0.5,50,451,0,2,rmse,train,0.5438795685768127
unsup2sup,ESOL,regression,0.5,50,451,1,0,rmse,test,1.2341513633728027
unsup2sup,ESOL,regression,0.5,50,451,1,0,rmse,train,0.4672313034534454
unsup2sup,ESOL,regression,0.5,50,451,1,1,rmse,test,1.2115498781204224
unsup2sup,ESOL,regression,0.5,50,451,1,1,rmse,train,0.4705185890197754
unsup2sup,ESOL,regression,0.5,50,451,1,2,rmse,test,1.2533375024795532
unsup2sup,ESOL,regression,0.5,50,451,1,2,rmse,train,0.517667829990387
unsup2sup,ESOL,regression,0.5,50,451,2,0,rmse,test,1.3031647205352783
unsup2sup,ESOL,regression,0.5,50,451,2,0,rmse,train,0.8964226245880127
unsup2sup,ESOL,regression,0.5,50,451,2,1,rmse,test,1.1499167680740356
unsup2sup,ESOL,regression,0.5,50,451,2,1,rmse,train,0.5922967791557312
unsup2sup,ESOL,regression,0.5,50,451,2,2,rmse,test,1.244697332382202
unsup2sup,ESOL,regression,0.5,50,451,2,2,rmse,train,0.5644716024398804
unsup2sup,ESOL,regression,1.0,100,902,0,0,rmse,test,1.0961979627609253
unsup2sup,ESOL,regression,1.0,100,902,0,0,rmse,train,0.4579116106033325
unsup2sup,ESOL,regression,1.0,100,902,0,1,rmse,test,1.0971620082855225
unsup2sup,ESOL,regression,1.0,100,902,0,1,rmse,train,0.517384946346283
unsup2sup,ESOL,regression,1.0,100,902,0,2,rmse,test,1.0612943172454834
unsup2sup,ESOL,regression,1.0,100,902,0,2,rmse,train,0.5070845484733582
unsup2sup,Lipophilicity,regression,0.05,5,168,0,0,rmse,test,1.0792683362960815
unsup2sup,Lipophilicity,regression,0.05,5,168,0,0,rmse,train,0.3236728012561798
unsup2sup,Lipophilicity,regression,0.05,5,168,0,1,rmse,test,1.101986527442932
unsup2sup,Lipophilicity,regression,0.05,5,168,0,1,rmse,train,0.2809399962425232
unsup2sup,Lipophilicity,regression,0.05,5,168,0,2,rmse,test,1.0788323879241943
unsup2sup,Lipophilicity,regression,0.05,5,168,0,2,rmse,train,0.309773176908493
unsup2sup,Lipophilicity,regression,0.05,5,168,1,0,rmse,test,1.054729461669922
unsup2sup,Lipophilicity,regression,0.05,5,168,1,0,rmse,train,0.3854153454303741
unsup2sup,Lipophilicity,regression,0.05,5,168,1,1,rmse,test,1.0434612035751345
unsup2sup,Lipophilicity,regression,0.05,5,168,1,1,rmse,train,0.8919772505760193
unsup2sup,Lipophilicity,regression,0.05,5,168,1,2,rmse,test,1.0481224060058594
unsup2sup,Lipophilicity,regression,0.05,5,168,1,2,rmse,train,0.3267594873905182
unsup2sup,Lipophilicity,regression,0.05,5,168,2,0,rmse,test,1.1225054264068604
unsup2sup,Lipophilicity,regression,0.05,5,168,2,0,rmse,train,0.5217006206512451
unsup2sup,Lipophilicity,regression,0.05,5,168,2,1,rmse,test,1.1200207471847534
unsup2sup,Lipophilicity,regression,0.05,5,168,2,1,rmse,train,0.6726978421211243
unsup2sup,Lipophilicity,regression,0.05,5,168,2,2,rmse,test,1.1020244359970093
unsup2sup,Lipophilicity,regression,0.05,5,168,2,2,rmse,train,0.5768700242042542
unsup2sup,Lipophilicity,regression,0.1,10,336,0,0,rmse,test,1.0187311172485352
unsup2sup,Lipophilicity,regression,0.1,10,336,0,0,rmse,train,0.3003572225570678
unsup2sup,Lipophilicity,regression,0.1,10,336,0,1,rmse,test,0.9729430675506592
unsup2sup,Lipophilicity,regression,0.1,10,336,0,1,rmse,train,0.427950382232666
unsup2sup,Lipophilicity,regression,0.1,10,336,0,2,rmse,test,0.9848003387451172
unsup2sup,Lipophilicity,regression,0.1,10,336,0,2,rmse,train,0.5215729475021362
unsup2sup,Lipophilicity,regression,0.1,10,336,1,0,rmse,test,1.0384865999221802
unsup2sup,Lipophilicity,regression,0.1,10,336,1,0,rmse,train,0.4866019189357757
unsup2sup,Lipophilicity,regression,0.1,10,336,1,1,rmse,test,1.0068529844284058
unsup2sup,Lipophilicity,regression,0.1,10,336,1,1,rmse,train,0.5931785702705383
unsup2sup,Lipophilicity,regression,0.1,10,336,1,2,rmse,test,1.0553879737854004
unsup2sup,Lipophilicity,regression,0.1,10,336,1,2,rmse,train,0.5435144901275635
unsup2sup,Lipophilicity,regression,0.1,10,336,2,0,rmse,test,1.055070877075195
unsup2sup,Lipophilicity,regression,0.1,10,336,2,0,rmse,train,0.358166366815567
unsup2sup,Lipophilicity,regression,0.1,10,336,2,1,rmse,test,1.073067307472229
unsup2sup,Lipophilicity,regression,0.1,10,336,2,1,rmse,train,0.3173533380031585
unsup2sup,Lipophilicity,regression,0.1,10,336,2,2,rmse,test,1.0181502103805542
unsup2sup,Lipophilicity,regression,0.1,10,336,2,2,rmse,train,0.5230778455734253
unsup2sup,Lipophilicity,regression,0.25,25,840,0,0,rmse,test,0.9722161293029784
unsup2sup,Lipophilicity,regression,0.25,25,840,0,0,rmse,train,0.4061760902404785
unsup2sup,Lipophilicity,regression,0.25,25,840,0,1,rmse,test,0.9698833227157592
unsup2sup,Lipophilicity,regression,0.25,25,840,0,1,rmse,train,0.5515367388725281
unsup2sup,Lipophilicity,regression,0.25,25,840,0,2,rmse,test,0.9703313112258912
unsup2sup,Lipophilicity,regression,0.25,25,840,0,2,rmse,train,0.622357964515686
unsup2sup,Lipophilicity,regression,0.25,25,840,1,0,rmse,test,1.001795530319214
unsup2sup,Lipophilicity,regression,0.25,25,840,1,0,rmse,train,0.4306250810623169
unsup2sup,Lipophilicity,regression,0.25,25,840,1,1,rmse,test,0.973454475402832
unsup2sup,Lipophilicity,regression,0.25,25,840,1,1,rmse,train,0.3418638408184051
unsup2sup,Lipophilicity,regression,0.25,25,840,1,2,rmse,test,1.0083609819412231
unsup2sup,Lipophilicity,regression,0.25,25,840,1,2,rmse,train,0.3334527909755707
unsup2sup,Lipophilicity,regression,0.25,25,840,2,0,rmse,test,0.9462583661079408
unsup2sup,Lipophilicity,regression,0.25,25,840,2,0,rmse,train,0.3738676309585571
unsup2sup,Lipophilicity,regression,0.25,25,840,2,1,rmse,test,0.9669791460037231
unsup2sup,Lipophilicity,regression,0.25,25,840,2,1,rmse,train,0.3491677641868591
unsup2sup,Lipophilicity,regression,0.25,25,840,2,2,rmse,test,0.9652860760688782
unsup2sup,Lipophilicity,regression,0.25,25,840,2,2,rmse,train,0.5709390044212341
unsup2sup,Lipophilicity,regression,0.5,50,1680,0,0,rmse,test,0.8745535612106323
unsup2sup,Lipophilicity,regression,0.5,50,1680,0,0,rmse,train,0.4881204664707184
unsup2sup,Lipophilicity,regression,0.5,50,1680,0,1,rmse,test,0.8823660016059875
unsup2sup,Lipophilicity,regression,0.5,50,1680,0,1,rmse,train,0.4528832733631134
unsup2sup,Lipophilicity,regression,0.5,50,1680,0,2,rmse,test,0.8988162279129028
unsup2sup,Lipophilicity,regression,0.5,50,1680,0,2,rmse,train,0.45846888422966
unsup2sup,Lipophilicity,regression,0.5,50,1680,1,0,rmse,test,0.9301917552947998
unsup2sup,Lipophilicity,regression,0.5,50,1680,1,0,rmse,train,0.4049426913261413
unsup2sup,Lipophilicity,regression,0.5,50,1680,1,1,rmse,test,0.9124170541763306
unsup2sup,Lipophilicity,regression,0.5,50,1680,1,1,rmse,train,0.3338047862052917
unsup2sup,Lipophilicity,regression,0.5,50,1680,1,2,rmse,test,0.9231471419334412
unsup2sup,Lipophilicity,regression,0.5,50,1680,1,2,rmse,train,0.4506203234195709
unsup2sup,Lipophilicity,regression,0.5,50,1680,2,0,rmse,test,0.9153133034706116
unsup2sup,Lipophilicity,regression,0.5,50,1680,2,0,rmse,train,0.6016430258750916
unsup2sup,Lipophilicity,regression,0.5,50,1680,2,1,rmse,test,0.9091539978981018
unsup2sup,Lipophilicity,regression,0.5,50,1680,2,1,rmse,train,0.4915173649787903
unsup2sup,Lipophilicity,regression,0.5,50,1680,2,2,rmse,test,0.904935657978058
unsup2sup,Lipophilicity,regression,0.5,50,1680,2,2,rmse,train,0.3433733880519867
unsup2sup,Lipophilicity,regression,1.0,100,3360,0,0,rmse,test,0.8413978219032288
unsup2sup,Lipophilicity,regression,1.0,100,3360,0,0,rmse,train,0.488449364900589
unsup2sup,Lipophilicity,regression,1.0,100,3360,0,1,rmse,test,0.8547288179397583
unsup2sup,Lipophilicity,regression,1.0,100,3360,0,1,rmse,train,0.4537288248538971
unsup2sup,Lipophilicity,regression,1.0,100,3360,0,2,rmse,test,0.8271547555923462
unsup2sup,Lipophilicity,regression,1.0,100,3360,0,2,rmse,train,0.4254161715507507
unsup2sup,QM7,regression,0.05,5,274,0,0,rmse,test,211.28167724609375
unsup2sup,QM7,regression,0.05,5,274,0,0,rmse,train,162.4317169189453
unsup2sup,QM7,regression,0.05,5,274,0,1,rmse,test,209.6917266845703
unsup2sup,QM7,regression,0.05,5,274,0,1,rmse,train,170.52439880371094
unsup2sup,QM7,regression,0.05,5,274,0,2,rmse,test,208.3083953857422
unsup2sup,QM7,regression,0.05,5,274,0,2,rmse,train,174.1386260986328
unsup2sup,QM7,regression,0.05,5,274,1,0,rmse,test,233.6728057861328
unsup2sup,QM7,regression,0.05,5,274,1,0,rmse,train,178.91612243652344
unsup2sup,QM7,regression,0.05,5,274,1,1,rmse,test,221.4860687255859
unsup2sup,QM7,regression,0.05,5,274,1,1,rmse,train,177.19813537597656
unsup2sup,QM7,regression,0.05,5,274,1,2,rmse,test,238.1439208984375
unsup2sup,QM7,regression,0.05,5,274,1,2,rmse,train,148.970703125
unsup2sup,QM7,regression,0.05,5,274,2,0,rmse,test,211.4083251953125
unsup2sup,QM7,regression,0.05,5,274,2,0,rmse,train,183.9662170410156
unsup2sup,QM7,regression,0.05,5,274,2,1,rmse,test,212.1507873535156
unsup2sup,QM7,regression,0.05,5,274,2,1,rmse,train,162.1598358154297
unsup2sup,QM7,regression,0.05,5,274,2,2,rmse,test,214.98081970214844
unsup2sup,QM7,regression,0.05,5,274,2,2,rmse,train,182.74212646484375
unsup2sup,QM7,regression,0.1,10,547,0,0,rmse,test,210.978759765625
unsup2sup,QM7,regression,0.1,10,547,0,0,rmse,train,168.8325958251953
unsup2sup,QM7,regression,0.1,10,547,0,1,rmse,test,204.5430603027344
unsup2sup,QM7,regression,0.1,10,547,0,1,rmse,train,182.489501953125
unsup2sup,QM7,regression,0.1,10,547,0,2,rmse,test,215.384765625
unsup2sup,QM7,regression,0.1,10,547,0,2,rmse,train,170.0922393798828
unsup2sup,QM7,regression,0.1,10,547,1,0,rmse,test,217.6854248046875
unsup2sup,QM7,regression,0.1,10,547,1,0,rmse,train,151.8786163330078
unsup2sup,QM7,regression,0.1,10,547,1,1,rmse,test,215.20863342285156
unsup2sup,QM7,regression,0.1,10,547,1,1,rmse,train,156.85704040527344
unsup2sup,QM7,regression,0.1,10,547,1,2,rmse,test,224.00621032714844
unsup2sup,QM7,regression,0.1,10,547,1,2,rmse,train,146.2265625
unsup2sup,QM7,regression,0.1,10,547,2,0,rmse,test,205.67416381835935
unsup2sup,QM7,regression,0.1,10,547,2,0,rmse,train,168.13653564453125
unsup2sup,QM7,regression,0.1,10,547,2,1,rmse,test,203.6426696777344
unsup2sup,QM7,regression,0.1,10,547,2,1,rmse,train,177.93997192382812
unsup2sup,QM7,regression,0.1,10,547,2,2,rmse,test,205.71072387695312
unsup2sup,QM7,regression,0.1,10,547,2,2,rmse,train,170.63954162597656
unsup2sup,QM7,regression,0.25,25,1368,0,0,rmse,test,208.37063598632812
unsup2sup,QM7,regression,0.25,25,1368,0,0,rmse,train,176.12896728515625
unsup2sup,QM7,regression,0.25,25,1368,0,1,rmse,test,212.4198760986328
unsup2sup,QM7,regression,0.25,25,1368,0,1,rmse,train,176.8077850341797
unsup2sup,QM7,regression,0.25,25,1368,0,2,rmse,test,212.3901824951172
unsup2sup,QM7,regression,0.25,25,1368,0,2,rmse,train,188.1013031005859
unsup2sup,QM7,regression,0.25,25,1368,1,0,rmse,test,206.91587829589844
unsup2sup,QM7,regression,0.25,25,1368,1,0,rmse,train,181.99545288085935
unsup2sup,QM7,regression,0.25,25,1368,1,1,rmse,test,208.42385864257812
unsup2sup,QM7,regression,0.25,25,1368,1,1,rmse,train,189.87611389160156
unsup2sup,QM7,regression,0.25,25,1368,1,2,rmse,test,208.7135772705078
unsup2sup,QM7,regression,0.25,25,1368,1,2,rmse,train,190.21527099609375
unsup2sup,QM7,regression,0.25,25,1368,2,0,rmse,test,208.95079040527344
unsup2sup,QM7,regression,0.25,25,1368,2,0,rmse,train,173.89889526367188
unsup2sup,QM7,regression,0.25,25,1368,2,1,rmse,test,206.2419281005859
unsup2sup,QM7,regression,0.25,25,1368,2,1,rmse,train,193.8145294189453
unsup2sup,QM7,regression,0.25,25,1368,2,2,rmse,test,209.3165740966797
unsup2sup,QM7,regression,0.25,25,1368,2,2,rmse,train,193.12843322753903
unsup2sup,QM7,regression,0.5,50,2735,0,0,rmse,test,210.42808532714844
unsup2sup,QM7,regression,0.5,50,2735,0,0,rmse,train,184.8125457763672
unsup2sup,QM7,regression,0.5,50,2735,0,1,rmse,test,209.3159942626953
unsup2sup,QM7,regression,0.5,50,2735,0,1,rmse,train,184.3788299560547
unsup2sup,QM7,regression,0.5,50,2735,0,2,rmse,test,205.5845184326172
unsup2sup,QM7,regression,0.5,50,2735,0,2,rmse,train,191.4325714111328
unsup2sup,QM7,regression,0.5,50,2735,1,0,rmse,test,207.19747924804688
unsup2sup,QM7,regression,0.5,50,2735,1,0,rmse,train,180.3579864501953
unsup2sup,QM7,regression,0.5,50,2735,1,1,rmse,test,204.66238403320312
unsup2sup,QM7,regression,0.5,50,2735,1,1,rmse,train,189.12677001953125
unsup2sup,QM7,regression,0.5,50,2735,1,2,rmse,test,212.9272003173828
unsup2sup,QM7,regression,0.5,50,2735,1,2,rmse,train,175.47174072265625
unsup2sup,QM7,regression,0.5,50,2735,2,0,rmse,test,206.12266540527344
unsup2sup,QM7,regression,0.5,50,2735,2,0,rmse,train,181.38482666015625
unsup2sup,QM7,regression,0.5,50,2735,2,1,rmse,test,206.79209899902344
unsup2sup,QM7,regression,0.5,50,2735,2,1,rmse,train,183.16746520996097
unsup2sup,QM7,regression,0.5,50,2735,2,2,rmse,test,214.1771240234375
unsup2sup,QM7,regression,0.5,50,2735,2,2,rmse,train,188.52621459960935
unsup2sup,QM7,regression,1.0,100,5470,0,0,rmse,test,207.75396728515625
unsup2sup,QM7,regression,1.0,100,5470,0,0,rmse,train,188.8886260986328
unsup2sup,QM7,regression,1.0,100,5470,0,1,rmse,test,206.74072265625
unsup2sup,QM7,regression,1.0,100,5470,0,1,rmse,train,185.93829345703125
unsup2sup,QM7,regression,1.0,100,5470,0,2,rmse,test,204.53561401367188
unsup2sup,QM7,regression,1.0,100,5470,0,2,rmse,train,193.90219116210935
unsup2sup,BBBP,classification,0.05,5,82,0,0,roc_auc,test,0.6416803160227382
unsup2sup,BBBP,classification,0.05,5,82,0,0,roc_auc,train,1.0
unsup2sup,BBBP,classification,0.05,5,82,0,0,nef1,test,0.6666666666666666
unsup2sup,BBBP,classification,0.05,5,82,0,1,roc_auc,test,0.6362848058579825
unsup2sup,BBBP,classification,0.05,5,82,0,1,roc_auc,train,0.9899665551839464
unsup2sup,BBBP,classification,0.05,5,82,0,1,nef1,test,0.3333333333333333
unsup2sup,BBBP,classification,0.05,5,82,0,2,roc_auc,test,0.6211581077175065
unsup2sup,BBBP,classification,0.05,5,82,0,2,roc_auc,train,0.9944258639910812
unsup2sup,BBBP,classification,0.05,5,82,0,2,nef1,test,0.6666666666666666
unsup2sup,BBBP,classification,0.05,5,82,1,0,roc_auc,test,0.5612294055303979
unsup2sup,BBBP,classification,0.05,5,82,1,0,roc_auc,train,0.9960199004975124
unsup2sup,BBBP,classification,0.05,5,82,1,0,nef1,test,0.3333333333333333
unsup2sup,BBBP,classification,0.05,5,82,1,1,roc_auc,test,0.5510164755756817
unsup2sup,BBBP,classification,0.05,5,82,1,1,roc_auc,train,0.9890547263681592
unsup2sup,BBBP,classification,0.05,5,82,1,1,nef1,test,0.3333333333333333
unsup2sup,BBBP,classification,0.05,5,82,1,2,roc_auc,test,0.5560265921572406
unsup2sup,BBBP,classification,0.05,5,82,1,2,roc_auc,train,0.9860696517412936
unsup2sup,BBBP,classification,0.05,5,82,1,2,nef1,test,0.3333333333333333
unsup2sup,BBBP,classification,0.05,5,82,2,0,roc_auc,test,0.6240485595914828
unsup2sup,BBBP,classification,0.05,5,82,2,0,roc_auc,train,0.9966555183946488
unsup2sup,BBBP,classification,0.05,5,82,2,0,nef1,test,1.0
unsup2sup,BBBP,classification,0.05,5,82,2,1,roc_auc,test,0.635224973504191
unsup2sup,BBBP,classification,0.05,5,82,2,1,roc_auc,train,1.0
unsup2sup,BBBP,classification,0.05,5,82,2,1,nef1,test,1.0
unsup2sup,BBBP,classification,0.05,5,82,2,2,roc_auc,test,0.6230850756334908
unsup2sup,BBBP,classification,0.05,5,82,2,2,roc_auc,train,1.0
unsup2sup,BBBP,classification,0.05,5,82,2,2,nef1,test,1.0
unsup2sup,BBBP,classification,0.1,10,163,0,0,roc_auc,test,0.6234704692166876
unsup2sup,BBBP,classification,0.1,10,163,0,0,roc_auc,train,0.9995789473684212
unsup2sup,BBBP,classification,0.1,10,163,0,0,nef1,test,0.3333333333333333
unsup2sup,BBBP,classification,0.1,10,163,0,1,roc_auc,test,0.6266499662780615
unsup2sup,BBBP,classification,0.1,10,163,0,1,roc_auc,train,0.9985263157894736
unsup2sup,BBBP,classification,0.1,10,163,0,1,nef1,test,0.3333333333333333
unsup2sup,BBBP,classification,0.1,10,163,0,2,roc_auc,test,0.6205800173427112
unsup2sup,BBBP,classification,0.1,10,163,0,2,roc_auc,train,0.9976842105263156
unsup2sup,BBBP,classification,0.1,10,163,0,2,nef1,test,0.3333333333333333
unsup2sup,BBBP,classification,0.1,10,163,1,0,roc_auc,test,0.597071008767704
unsup2sup,BBBP,classification,0.1,10,163,1,0,roc_auc,train,0.9752947782144862
unsup2sup,BBBP,classification,0.1,10,163,1,0,nef1,test,0.6666666666666666
unsup2sup,BBBP,classification,0.1,10,163,1,1,roc_auc,test,0.5989016282878891
unsup2sup,BBBP,classification,0.1,10,163,1,1,roc_auc,train,0.9789444132509826
unsup2sup,BBBP,classification,0.1,10,163,1,1,nef1,test,0.6666666666666666
unsup2sup,BBBP,classification,0.1,10,163,1,2,roc_auc,test,0.5815589170440313
unsup2sup,BBBP,classification,0.1,10,163,1,2,roc_auc,train,0.978102189781022
unsup2sup,BBBP,classification,0.1,10,163,1,2,nef1,test,0.6666666666666666
unsup2sup,BBBP,classification,0.1,10,163,2,0,roc_auc,test,0.62684266306966
unsup2sup,BBBP,classification,0.1,10,163,2,0,roc_auc,train,0.9861641221374046
unsup2sup,BBBP,classification,0.1,10,163,2,0,nef1,test,0.6666666666666666
unsup2sup,BBBP,classification,0.1,10,163,2,1,roc_auc,test,0.6227960304460931
unsup2sup,BBBP,classification,0.1,10,163,2,1,roc_auc,train,0.9918893129770991
unsup2sup,BBBP,classification,0.1,10,163,2,1,nef1,test,0.3333333333333333
unsup2sup,BBBP,classification,0.1,10,163,2,2,roc_auc,test,0.6283842374024473
unsup2sup,BBBP,classification,0.1,10,163,2,2,roc_auc,train,0.9935591603053436
unsup2sup,BBBP,classification,0.1,10,163,2,2,nef1,test,0.6666666666666666
unsup2sup,BBBP,classification,0.25,25,408,0,0,roc_auc,test,0.6272280566528567
unsup2sup,BBBP,classification,0.25,25,408,0,0,roc_auc,train,0.9738321799307958
unsup2sup,BBBP,classification,0.25,25,408,0,0,nef1,test,0.6666666666666666
unsup2sup,BBBP,classification,0.25,25,408,0,1,roc_auc,test,0.6239522111956836
unsup2sup,BBBP,classification,0.25,25,408,0,1,roc_auc,train,0.9753892733564016
unsup2sup,BBBP,classification,0.25,25,408,0,1,nef1,test,0.3333333333333333
unsup2sup,BBBP,classification,0.25,25,408,0,2,roc_auc,test,0.6308892956932267
unsup2sup,BBBP,classification,0.25,25,408,0,2,roc_auc,train,0.982136678200692
unsup2sup,BBBP,classification,0.25,25,408,0,2,nef1,test,0.6666666666666666
unsup2sup,BBBP,classification,0.25,25,408,1,0,roc_auc,test,0.6639367954523557
unsup2sup,BBBP,classification,0.25,25,408,1,0,roc_auc,train,0.9875578703703703
unsup2sup,BBBP,classification,0.25,25,408,1,0,nef1,test,1.0
unsup2sup,BBBP,classification,0.25,25,408,1,1,roc_auc,test,0.6568070141632141
unsup2sup,BBBP,classification,0.25,25,408,1,1,roc_auc,train,0.9768105158730158
unsup2sup,BBBP,classification,0.25,25,408,1,1,nef1,test,0.6666666666666666
unsup2sup,BBBP,classification,0.25,25,408,1,2,roc_auc,test,0.6814722034878118
unsup2sup,BBBP,classification,0.25,25,408,1,2,roc_auc,train,0.9940476190476192
unsup2sup,BBBP,classification,0.25,25,408,1,2,nef1,test,0.6666666666666666
unsup2sup,BBBP,classification,0.25,25,408,2,0,roc_auc,test,0.6635514018691588
unsup2sup,BBBP,classification,0.25,25,408,2,0,roc_auc,train,0.9877407347467227
unsup2sup,BBBP,classification,0.25,25,408,2,0,nef1,test,0.3333333333333333
unsup2sup,BBBP,classification,0.25,25,408,2,1,roc_auc,test,0.6643221890355525
unsup2sup,BBBP,classification,0.25,25,408,2,1,roc_auc,train,0.9851513189836544
unsup2sup,BBBP,classification,0.25,25,408,2,1,nef1,test,0.3333333333333333
unsup2sup,BBBP,classification,0.25,25,408,2,2,roc_auc,test,0.641102225647943
unsup2sup,BBBP,classification,0.25,25,408,2,2,roc_auc,train,0.9749959540378702
unsup2sup,BBBP,classification,0.25,25,408,2,2,nef1,test,0.3333333333333333
unsup2sup,BBBP,classification,0.5,50,816,0,0,roc_auc,test,0.6313710376722228
unsup2sup,BBBP,classification,0.5,50,816,0,0,roc_auc,train,0.9375383357186668
unsup2sup,BBBP,classification,0.5,50,816,0,0,nef1,test,1.0
unsup2sup,BBBP,classification,0.5,50,816,0,1,roc_auc,test,0.6743424221986704
unsup2sup,BBBP,classification,0.5,50,816,0,1,roc_auc,train,0.9637804130034756
unsup2sup,BBBP,classification,0.5,50,816,0,1,nef1,test,1.0
unsup2sup,BBBP,classification,0.5,50,816,0,2,roc_auc,test,0.6727044994700837
unsup2sup,BBBP,classification,0.5,50,816,0,2,roc_auc,train,0.9636168472704968
unsup2sup,BBBP,classification,0.5,50,816,0,2,nef1,test,0.6666666666666666
unsup2sup,BBBP,classification,0.5,50,816,1,0,roc_auc,test,0.6820502938626071
unsup2sup,BBBP,classification,0.5,50,816,1,0,roc_auc,train,0.9710982064854308
unsup2sup,BBBP,classification,0.5,50,816,1,0,nef1,test,1.0
unsup2sup,BBBP,classification,0.5,50,816,1,1,roc_auc,test,0.70854610270739
unsup2sup,BBBP,classification,0.5,50,816,1,1,roc_auc,train,0.9832776607225449
unsup2sup,BBBP,classification,0.5,50,816,1,1,nef1,test,1.0
unsup2sup,BBBP,classification,0.5,50,816,1,2,roc_auc,test,0.7082570575199924
unsup2sup,BBBP,classification,0.5,50,816,1,2,roc_auc,train,0.9808726039364818
unsup2sup,BBBP,classification,0.5,50,816,1,2,nef1,test,1.0
unsup2sup,BBBP,classification,0.5,50,816,2,0,roc_auc,test,0.6339724443588013
unsup2sup,BBBP,classification,0.5,50,816,2,0,roc_auc,train,0.967504318270463
unsup2sup,BBBP,classification,0.5,50,816,2,0,nef1,test,0.6666666666666666
unsup2sup,BBBP,classification,0.5,50,816,2,1,roc_auc,test,0.6268426630696599
unsup2sup,BBBP,classification,0.5,50,816,2,1,roc_auc,train,0.9546219423859142
unsup2sup,BBBP,classification,0.5,50,816,2,1,nef1,test,0.3333333333333333
unsup2sup,BBBP,classification,0.5,50,816,2,2,roc_auc,test,0.6758839965314578
unsup2sup,BBBP,classification,0.5,50,816,2,2,roc_auc,train,0.9814230790661392
unsup2sup,BBBP,classification,0.5,50,816,2,2,nef1,test,0.6666666666666666
unsup2sup,BBBP,classification,1.0,100,1631,0,0,roc_auc,test,0.6670199441179305
unsup2sup,BBBP,classification,1.0,100,1631,0,0,roc_auc,train,0.9617166808094836
unsup2sup,BBBP,classification,1.0,100,1631,0,0,nef1,test,1.0
unsup2sup,BBBP,classification,1.0,100,1631,0,1,roc_auc,test,0.706330089604008
unsup2sup,BBBP,classification,1.0,100,1631,0,1,roc_auc,train,0.9770552084136904
unsup2sup,BBBP,classification,1.0,100,1631,0,1,nef1,test,0.6666666666666666
unsup2sup,BBBP,classification,1.0,100,1631,0,2,roc_auc,test,0.6723191058868868
unsup2sup,BBBP,classification,1.0,100,1631,0,2,roc_auc,train,0.9596004011417112
unsup2sup,BBBP,classification,1.0,100,1631,0,2,nef1,test,0.6666666666666666
unsup2sup,BACE,classification,0.05,5,60,0,0,roc_auc,test,0.7318840579710145
unsup2sup,BACE,classification,0.05,5,60,0,0,roc_auc,train,0.8506787330316742
unsup2sup,BACE,classification,0.05,5,60,0,0,nef1,test,1.0
unsup2sup,BACE,classification,0.05,5,60,0,1,roc_auc,test,0.756521739130435
unsup2sup,BACE,classification,0.05,5,60,0,1,roc_auc,train,0.8597285067873303
unsup2sup,BACE,classification,0.05,5,60,0,1,nef1,test,1.0
unsup2sup,BACE,classification,0.05,5,60,0,2,roc_auc,test,0.748731884057971
unsup2sup,BACE,classification,0.05,5,60,0,2,roc_auc,train,0.8495475113122172
unsup2sup,BACE,classification,0.05,5,60,0,2,nef1,test,1.0
unsup2sup,BACE,classification,0.05,5,60,1,0,roc_auc,test,0.6789855072463769
unsup2sup,BACE,classification,0.05,5,60,1,0,roc_auc,train,0.883183568677792
unsup2sup,BACE,classification,0.05,5,60,1,0,nef1,test,0.5
unsup2sup,BACE,classification,0.05,5,60,1,1,roc_auc,test,0.717572463768116
unsup2sup,BACE,classification,0.05,5,60,1,1,roc_auc,train,0.8639281129653402
unsup2sup,BACE,classification,0.05,5,60,1,1,nef1,test,1.0
unsup2sup,BACE,classification,0.05,5,60,1,2,roc_auc,test,0.6239130434782608
unsup2sup,BACE,classification,0.05,5,60,1,2,roc_auc,train,0.8729139922978177
unsup2sup,BACE,classification,0.05,5,60,1,2,nef1,test,1.0
unsup2sup,BACE,classification,0.05,5,60,2,0,roc_auc,test,0.7275362318840579
unsup2sup,BACE,classification,0.05,5,60,2,0,roc_auc,train,0.8925714285714286
unsup2sup,BACE,classification,0.05,5,60,2,0,nef1,test,1.0
unsup2sup,BACE,classification,0.05,5,60,2,1,roc_auc,test,0.7623188405797101
unsup2sup,BACE,classification,0.05,5,60,2,1,roc_auc,train,0.8994285714285715
unsup2sup,BACE,classification,0.05,5,60,2,1,nef1,test,1.0
unsup2sup,BACE,classification,0.05,5,60,2,2,roc_auc,test,0.744927536231884
unsup2sup,BACE,classification,0.05,5,60,2,2,roc_auc,train,0.9097142857142856
unsup2sup,BACE,classification,0.05,5,60,2,2,nef1,test,1.0
unsup2sup,BACE,classification,0.1,10,121,0,0,roc_auc,test,0.7389492753623188
unsup2sup,BACE,classification,0.1,10,121,0,0,roc_auc,train,0.8536789297658862
unsup2sup,BACE,classification,0.1,10,121,0,0,nef1,test,0.5
unsup2sup,BACE,classification,0.1,10,121,0,1,roc_auc,test,0.7759057971014492
unsup2sup,BACE,classification,0.1,10,121,0,1,roc_auc,train,0.8734671125975474
unsup2sup,BACE,classification,0.1,10,121,0,1,nef1,test,0.5
unsup2sup,BACE,classification,0.1,10,121,0,2,roc_auc,test,0.7568840579710144
unsup2sup,BACE,classification,0.1,10,121,0,2,roc_auc,train,0.8408584169453736
unsup2sup,BACE,classification,0.1,10,121,0,2,nef1,test,0.5
unsup2sup,BACE,classification,0.1,10,121,1,0,roc_auc,test,0.7570652173913044
unsup2sup,BACE,classification,0.1,10,121,1,0,roc_auc,train,0.846989966555184
unsup2sup,BACE,classification,0.1,10,121,1,0,nef1,test,1.0
unsup2sup,BACE,classification,0.1,10,121,1,1,roc_auc,test,0.7628623188405798
unsup2sup,BACE,classification,0.1,10,121,1,1,roc_auc,train,0.8581382385730212
unsup2sup,BACE,classification,0.1,10,121,1,1,nef1,test,1.0
unsup2sup,BACE,classification,0.1,10,121,1,2,roc_auc,test,0.7617753623188406
unsup2sup,BACE,classification,0.1,10,121,1,2,roc_auc,train,0.8469899665551839
unsup2sup,BACE,classification,0.1,10,121,1,2,nef1,test,1.0
unsup2sup,BACE,classification,0.1,10,121,2,0,roc_auc,test,0.7387681159420291
unsup2sup,BACE,classification,0.1,10,121,2,0,roc_auc,train,0.8445070422535211
unsup2sup,BACE,classification,0.1,10,121,2,0,nef1,test,1.0
unsup2sup,BACE,classification,0.1,10,121,2,1,roc_auc,test,0.7492753623188405
unsup2sup,BACE,classification,0.1,10,121,2,1,roc_auc,train,0.9070422535211268
unsup2sup,BACE,classification,0.1,10,121,2,1,nef1,test,1.0
unsup2sup,BACE,classification,0.1,10,121,2,2,roc_auc,test,0.778804347826087
unsup2sup,BACE,classification,0.1,10,121,2,2,roc_auc,train,0.887887323943662
unsup2sup,BACE,classification,0.1,10,121,2,2,nef1,test,1.0
unsup2sup,BACE,classification,0.25,25,302,0,0,roc_auc,test,0.7721014492753623
unsup2sup,BACE,classification,0.25,25,302,0,0,roc_auc,train,0.935002901656176
unsup2sup,BACE,classification,0.25,25,302,0,0,nef1,test,1.0
unsup2sup,BACE,classification,0.25,25,302,0,1,roc_auc,test,0.7807971014492753
unsup2sup,BACE,classification,0.25,25,302,0,1,roc_auc,train,0.9453149412972636
unsup2sup,BACE,classification,0.25,25,302,0,1,nef1,test,1.0
unsup2sup,BACE,classification,0.25,25,302,0,2,roc_auc,test,0.7757246376811595
unsup2sup,BACE,classification,0.25,25,302,0,2,roc_auc,train,0.9508504084639078
unsup2sup,BACE,classification,0.25,25,302,0,2,nef1,test,1.0
unsup2sup,BACE,classification,0.25,25,302,1,0,roc_auc,test,0.808695652173913
unsup2sup,BACE,classification,0.25,25,302,1,0,roc_auc,train,0.9254553734061932
unsup2sup,BACE,classification,0.25,25,302,1,0,nef1,test,1.0
unsup2sup,BACE,classification,0.25,25,302,1,1,roc_auc,test,0.8077898550724638
unsup2sup,BACE,classification,0.25,25,302,1,1,roc_auc,train,0.9347449908925318
unsup2sup,BACE,classification,0.25,25,302,1,1,nef1,test,1.0
unsup2sup,BACE,classification,0.25,25,302,1,2,roc_auc,test,0.8018115942028986
unsup2sup,BACE,classification,0.25,25,302,1,2,roc_auc,train,0.9416666666666664
unsup2sup,BACE,classification,0.25,25,302,1,2,nef1,test,1.0
unsup2sup,BACE,classification,0.25,25,302,2,0,roc_auc,test,0.7768115942028985
unsup2sup,BACE,classification,0.25,25,302,2,0,roc_auc,train,0.9426657426657428
unsup2sup,BACE,classification,0.25,25,302,2,0,nef1,test,1.0
unsup2sup,BACE,classification,0.25,25,302,2,1,roc_auc,test,0.779891304347826
unsup2sup,BACE,classification,0.25,25,302,2,1,roc_auc,train,0.9511665511665512
unsup2sup,BACE,classification,0.25,25,302,2,1,nef1,test,1.0
unsup2sup,BACE,classification,0.25,25,302,2,2,roc_auc,test,0.7713768115942029
unsup2sup,BACE,classification,0.25,25,302,2,2,roc_auc,train,0.9364749364749364
unsup2sup,BACE,classification,0.25,25,302,2,2,nef1,test,0.5
unsup2sup,BACE,classification,0.5,50,605,0,0,roc_auc,test,0.8123188405797102
unsup2sup,BACE,classification,0.5,50,605,0,0,roc_auc,train,0.9145282010157711
unsup2sup,BACE,classification,0.5,50,605,0,0,nef1,test,1.0
unsup2sup,BACE,classification,0.5,50,605,0,1,roc_auc,test,0.8110507246376812
unsup2sup,BACE,classification,0.5,50,605,0,1,roc_auc,train,0.9308562772877128
unsup2sup,BACE,classification,0.5,50,605,0,1,nef1,test,1.0
unsup2sup,BACE,classification,0.5,50,605,0,2,roc_auc,test,0.8108695652173913
unsup2sup,BACE,classification,0.5,50,605,0,2,roc_auc,train,0.9242403991802548
unsup2sup,BACE,classification,0.5,50,605,0,2,nef1,test,1.0
unsup2sup,BACE,classification,0.5,50,605,1,0,roc_auc,test,0.8003623188405796
unsup2sup,BACE,classification,0.5,50,605,1,0,roc_auc,train,0.9278627532038032
unsup2sup,BACE,classification,0.5,50,605,1,0,nef1,test,1.0
unsup2sup,BACE,classification,0.5,50,605,1,1,roc_auc,test,0.8043478260869565
unsup2sup,BACE,classification,0.5,50,605,1,1,roc_auc,train,0.9283565293280052
unsup2sup,BACE,classification,0.5,50,605,1,1,nef1,test,1.0
unsup2sup,BACE,classification,0.5,50,605,1,2,roc_auc,test,0.8141304347826086
unsup2sup,BACE,classification,0.5,50,605,1,2,roc_auc,train,0.954538147076386
unsup2sup,BACE,classification,0.5,50,605,1,2,nef1,test,1.0
unsup2sup,BACE,classification,0.5,50,605,2,0,roc_auc,test,0.7882246376811595
unsup2sup,BACE,classification,0.5,50,605,2,0,roc_auc,train,0.913825382141756
unsup2sup,BACE,classification,0.5,50,605,2,0,nef1,test,1.0
unsup2sup,BACE,classification,0.5,50,605,2,1,roc_auc,test,0.7980072463768115
unsup2sup,BACE,classification,0.5,50,605,2,1,roc_auc,train,0.9098277608915908
unsup2sup,BACE,classification,0.5,50,605,2,1,nef1,test,1.0
unsup2sup,BACE,classification,0.5,50,605,2,2,roc_auc,test,0.7983695652173913
unsup2sup,BACE,classification,0.5,50,605,2,2,roc_auc,train,0.9132857583366372
unsup2sup,BACE,classification,0.5,50,605,2,2,nef1,test,0.5
unsup2sup,BACE,classification,1.0,100,1210,0,0,roc_auc,test,0.7931159420289856
unsup2sup,BACE,classification,1.0,100,1210,0,0,roc_auc,train,0.9545156108123212
unsup2sup,BACE,classification,1.0,100,1210,0,0,nef1,test,0.5
unsup2sup,BACE,classification,1.0,100,1210,0,1,roc_auc,test,0.7907608695652175
unsup2sup,BACE,classification,1.0,100,1210,0,1,roc_auc,train,0.9090368093874416
unsup2sup,BACE,classification,1.0,100,1210,0,1,nef1,test,1.0
unsup2sup,BACE,classification,1.0,100,1210,0,2,roc_auc,test,0.7795289855072465
unsup2sup,BACE,classification,1.0,100,1210,0,2,roc_auc,train,0.9480673325417336
unsup2sup,BACE,classification,1.0,100,1210,0,2,nef1,test,0.5
unsup2sup,Tox21,classification,0.05,5,313,0,0,roc_auc,test,0.6347082032556596
unsup2sup,Tox21,classification,0.05,5,313,0,0,roc_auc,train,0.9486700797026386
unsup2sup,Tox21,classification,0.05,5,313,0,0,nef1,test,0.3293650793650793
unsup2sup,Tox21,classification,0.05,5,313,0,1,roc_auc,test,0.6274674541121191
unsup2sup,Tox21,classification,0.05,5,313,0,1,roc_auc,train,0.940039777157172
unsup2sup,Tox21,classification,0.05,5,313,0,1,nef1,test,0.2866071428571428
unsup2sup,Tox21,classification,0.05,5,313,0,2,roc_auc,test,0.6318296020724684
unsup2sup,Tox21,classification,0.05,5,313,0,2,roc_auc,train,0.9625422304875833
unsup2sup,Tox21,classification,0.05,5,313,0,2,nef1,test,0.2479166666666666
unsup2sup,Tox21,classification,0.05,5,313,1,0,roc_auc,test,0.6551217782799917
unsup2sup,Tox21,classification,0.05,5,313,1,0,roc_auc,train,0.9585339931856228
unsup2sup,Tox21,classification,0.05,5,313,1,0,nef1,test,0.3431547619047619
unsup2sup,Tox21,classification,0.05,5,313,1,1,roc_auc,test,0.6448239674354521
unsup2sup,Tox21,classification,0.05,5,313,1,1,roc_auc,train,0.9588675388726992
unsup2sup,Tox21,classification,0.05,5,313,1,1,nef1,test,0.3279761904761905
unsup2sup,Tox21,classification,0.05,5,313,1,2,roc_auc,test,0.6439701938151883
unsup2sup,Tox21,classification,0.05,5,313,1,2,roc_auc,train,0.960569378311944
unsup2sup,Tox21,classification,0.05,5,313,1,2,nef1,test,0.350297619047619
unsup2sup,Tox21,classification,0.05,5,313,2,0,roc_auc,test,0.6702185242982117
unsup2sup,Tox21,classification,0.05,5,313,2,0,roc_auc,train,0.93599899918381
unsup2sup,Tox21,classification,0.05,5,313,2,0,nef1,test,0.3061507936507936
unsup2sup,Tox21,classification,0.05,5,313,2,1,roc_auc,test,0.6724655754519762
unsup2sup,Tox21,classification,0.05,5,313,2,1,roc_auc,train,0.9561362072645226
unsup2sup,Tox21,classification,0.05,5,313,2,1,nef1,test,0.3755952380952381
unsup2sup,Tox21,classification,0.05,5,313,2,2,roc_auc,test,0.6660414152816609
unsup2sup,Tox21,classification,0.05,5,313,2,2,roc_auc,train,0.9280957570155058
unsup2sup,Tox21,classification,0.05,5,313,2,2,nef1,test,0.2942460317460317
unsup2sup,Tox21,classification,0.1,10,626,0,0,roc_auc,test,0.6937067474406189
unsup2sup,Tox21,classification,0.1,10,626,0,0,roc_auc,train,0.9126669582726684
unsup2sup,Tox21,classification,0.1,10,626,0,0,nef1,test,0.4296626984126985
unsup2sup,Tox21,classification,0.1,10,626,0,1,roc_auc,test,0.6863662392957609
unsup2sup,Tox21,classification,0.1,10,626,0,1,roc_auc,train,0.9259227384665486
unsup2sup,Tox21,classification,0.1,10,626,0,1,nef1,test,0.4137896825396825
unsup2sup,Tox21,classification,0.1,10,626,0,2,roc_auc,test,0.6810074698572111
unsup2sup,Tox21,classification,0.1,10,626,0,2,roc_auc,train,0.9139979942258272
unsup2sup,Tox21,classification,0.1,10,626,0,2,nef1,test,0.3741071428571428
unsup2sup,Tox21,classification,0.1,10,626,1,0,roc_auc,test,0.6850701753042445
unsup2sup,Tox21,classification,0.1,10,626,1,0,roc_auc,train,0.943680844285658
unsup2sup,Tox21,classification,0.1,10,626,1,0,nef1,test,0.3848214285714286
unsup2sup,Tox21,classification,0.1,10,626,1,1,roc_auc,test,0.6811597080727904
unsup2sup,Tox21,classification,0.1,10,626,1,1,roc_auc,train,0.9197818651733504
unsup2sup,Tox21,classification,0.1,10,626,1,1,nef1,test,0.3383928571428571
unsup2sup,Tox21,classification,0.1,10,626,1,2,roc_auc,test,0.6727277427878682
unsup2sup,Tox21,classification,0.1,10,626,1,2,roc_auc,train,0.929605326651314
unsup2sup,Tox21,classification,0.1,10,626,1,2,nef1,test,0.3148809523809524
unsup2sup,Tox21,classification,0.1,10,626,2,0,roc_auc,test,0.6739756494455468
unsup2sup,Tox21,classification,0.1,10,626,2,0,roc_auc,train,0.8876180872645278
unsup2sup,Tox21,classification,0.1,10,626,2,0,nef1,test,0.2979166666666666
unsup2sup,Tox21,classification,0.1,10,626,2,1,roc_auc,test,0.6672025301485456
unsup2sup,Tox21,classification,0.1,10,626,2,1,roc_auc,train,0.8876785216029864
unsup2sup,Tox21,classification,0.1,10,626,2,1,nef1,test,0.3217261904761905
unsup2sup,Tox21,classification,0.1,10,626,2,2,roc_auc,test,0.6561248490764402
unsup2sup,Tox21,classification,0.1,10,626,2,2,roc_auc,train,0.8613655026721956
unsup2sup,Tox21,classification,0.1,10,626,2,2,nef1,test,0.2919642857142857
unsup2sup,Tox21,classification,0.25,25,1566,0,0,roc_auc,test,0.7036826573816132
unsup2sup,Tox21,classification,0.25,25,1566,0,0,roc_auc,train,0.9007745323259904
unsup2sup,Tox21,classification,0.25,25,1566,0,0,nef1,test,0.3636904761904762
unsup2sup,Tox21,classification,0.25,25,1566,0,1,roc_auc,test,0.6966611602090512
unsup2sup,Tox21,classification,0.25,25,1566,0,1,roc_auc,train,0.8945568739668838
unsup2sup,Tox21,classification,0.25,25,1566,0,1,nef1,test,0.3704365079365079
unsup2sup,Tox21,classification,0.25,25,1566,0,2,roc_auc,test,0.7075941109269098
unsup2sup,Tox21,classification,0.25,25,1566,0,2,roc_auc,train,0.9079699733390604
unsup2sup,Tox21,classification,0.25,25,1566,0,2,nef1,test,0.3636904761904762
unsup2sup,Tox21,classification,0.25,25,1566,1,0,roc_auc,test,0.6919243015708836
unsup2sup,Tox21,classification,0.25,25,1566,1,0,roc_auc,train,0.9107214466001872
unsup2sup,Tox21,classification,0.25,25,1566,1,0,nef1,test,0.4507936507936508
unsup2sup,Tox21,classification,0.25,25,1566,1,1,roc_auc,test,0.6878045432302134
unsup2sup,Tox21,classification,0.25,25,1566,1,1,roc_auc,train,0.9361911314557402
unsup2sup,Tox21,classification,0.25,25,1566,1,1,nef1,test,0.4555555555555555
unsup2sup,Tox21,classification,0.25,25,1566,1,2,roc_auc,test,0.6921601041995822
unsup2sup,Tox21,classification,0.25,25,1566,1,2,roc_auc,train,0.898803891584127
unsup2sup,Tox21,classification,0.25,25,1566,1,2,nef1,test,0.5468253968253969
unsup2sup,Tox21,classification,0.25,25,1566,2,0,roc_auc,test,0.7016594713363462
unsup2sup,Tox21,classification,0.25,25,1566,2,0,roc_auc,train,0.8890236240675701
unsup2sup,Tox21,classification,0.25,25,1566,2,0,nef1,test,0.4046626984126984
unsup2sup,Tox21,classification,0.25,25,1566,2,1,roc_auc,test,0.6956202932878667
unsup2sup,Tox21,classification,0.25,25,1566,2,1,roc_auc,train,0.9184070976373458
unsup2sup,Tox21,classification,0.25,25,1566,2,1,nef1,test,0.4279761904761905
unsup2sup,Tox21,classification,0.25,25,1566,2,2,roc_auc,test,0.7054609810065672
unsup2sup,Tox21,classification,0.25,25,1566,2,2,roc_auc,train,0.8929615388277994
unsup2sup,Tox21,classification,0.25,25,1566,2,2,nef1,test,0.4443452380952382
unsup2sup,Tox21,classification,0.5,50,3132,0,0,roc_auc,test,0.7084341940424301
unsup2sup,Tox21,classification,0.5,50,3132,0,0,roc_auc,train,0.86979353353869
unsup2sup,Tox21,classification,0.5,50,3132,0,0,nef1,test,0.5579365079365078
unsup2sup,Tox21,classification,0.5,50,3132,0,1,roc_auc,test,0.70223310984324
unsup2sup,Tox21,classification,0.5,50,3132,0,1,roc_auc,train,0.8419221576053982
unsup2sup,Tox21,classification,0.5,50,3132,0,1,nef1,test,0.4967261904761905
unsup2sup,Tox21,classification,0.5,50,3132,0,2,roc_auc,test,0.7075023219724271
unsup2sup,Tox21,classification,0.5,50,3132,0,2,roc_auc,train,0.9000416332429064
unsup2sup,Tox21,classification,0.5,50,3132,0,2,nef1,test,0.4590277777777778
unsup2sup,Tox21,classification,0.5,50,3132,1,0,roc_auc,test,0.7017078399703869
unsup2sup,Tox21,classification,0.5,50,3132,1,0,roc_auc,train,0.8847152422908532
unsup2sup,Tox21,classification,0.5,50,3132,1,0,nef1,test,0.4423611111111111
unsup2sup,Tox21,classification,0.5,50,3132,1,1,roc_auc,test,0.7097603999175045
unsup2sup,Tox21,classification,0.5,50,3132,1,1,roc_auc,train,0.8843645387016048
unsup2sup,Tox21,classification,0.5,50,3132,1,1,nef1,test,0.458234126984127
unsup2sup,Tox21,classification,0.5,50,3132,1,2,roc_auc,test,0.7020730799306775
unsup2sup,Tox21,classification,0.5,50,3132,1,2,roc_auc,train,0.8729535934179883
unsup2sup,Tox21,classification,0.5,50,3132,1,2,nef1,test,0.4661706349206349
unsup2sup,Tox21,classification,0.5,50,3132,2,0,roc_auc,test,0.7099387342260047
unsup2sup,Tox21,classification,0.5,50,3132,2,0,roc_auc,train,0.8961407479237149
unsup2sup,Tox21,classification,0.5,50,3132,2,0,nef1,test,0.4746031746031746
unsup2sup,Tox21,classification,0.5,50,3132,2,1,roc_auc,test,0.7094685774144956
unsup2sup,Tox21,classification,0.5,50,3132,2,1,roc_auc,train,0.8971584921088817
unsup2sup,Tox21,classification,0.5,50,3132,2,1,nef1,test,0.4193452380952381
unsup2sup,Tox21,classification,0.5,50,3132,2,2,roc_auc,test,0.7086520457472195
unsup2sup,Tox21,classification,0.5,50,3132,2,2,roc_auc,train,0.8876102384899694
unsup2sup,Tox21,classification,0.5,50,3132,2,2,nef1,test,0.4106150793650795
unsup2sup,Tox21,classification,1.0,100,6264,0,0,roc_auc,test,0.7267833028769295
unsup2sup,Tox21,classification,1.0,100,6264,0,0,roc_auc,train,0.8948943092828343
unsup2sup,Tox21,classification,1.0,100,6264,0,0,nef1,test,0.4641865079365079
unsup2sup,Tox21,classification,1.0,100,6264,0,1,roc_auc,test,0.7194955626634609
unsup2sup,Tox21,classification,1.0,100,6264,0,1,roc_auc,train,0.8912772921056158
unsup2sup,Tox21,classification,1.0,100,6264,0,1,nef1,test,0.4570436507936508
unsup2sup,Tox21,classification,1.0,100,6264,0,2,roc_auc,test,0.7202818929378729
unsup2sup,Tox21,classification,1.0,100,6264,0,2,roc_auc,train,0.8727932435985414
unsup2sup,Tox21,classification,1.0,100,6264,0,2,nef1,test,0.4828373015873017
unsup2sup,HIV,classification,0.05,5,1645,0,0,roc_auc,test,0.6246721643909693
unsup2sup,HIV,classification,0.05,5,1645,0,0,roc_auc,train,0.9143037974683544
unsup2sup,HIV,classification,0.05,5,1645,0,0,nef1,test,0.3333333333333333
unsup2sup,HIV,classification,0.05,5,1645,0,1,roc_auc,test,0.6293149732517044
unsup2sup,HIV,classification,0.05,5,1645,0,1,roc_auc,train,0.9227458617332036
unsup2sup,HIV,classification,0.05,5,1645,0,1,nef1,test,0.2142857142857142
unsup2sup,HIV,classification,0.05,5,1645,0,2,roc_auc,test,0.6279263794202283
unsup2sup,HIV,classification,0.05,5,1645,0,2,roc_auc,train,0.8696981499513146
unsup2sup,HIV,classification,0.05,5,1645,0,2,nef1,test,0.4047619047619047
unsup2sup,HIV,classification,0.05,5,1645,1,0,roc_auc,test,0.6056335580061415
unsup2sup,HIV,classification,0.05,5,1645,1,0,roc_auc,train,0.9399221032132424
unsup2sup,HIV,classification,0.05,5,1645,1,0,nef1,test,0.4761904761904761
unsup2sup,HIV,classification,0.05,5,1645,1,1,roc_auc,test,0.6078294289190599
unsup2sup,HIV,classification,0.05,5,1645,1,1,roc_auc,train,0.9815676728334956
unsup2sup,HIV,classification,0.05,5,1645,1,1,nef1,test,0.6666666666666666
unsup2sup,HIV,classification,0.05,5,1645,1,2,roc_auc,test,0.6858765136445276
unsup2sup,HIV,classification,0.05,5,1645,1,2,roc_auc,train,0.9672151898734176
unsup2sup,HIV,classification,0.05,5,1645,1,2,nef1,test,0.5714285714285714
unsup2sup,HIV,classification,0.05,5,1645,2,0,roc_auc,test,0.6687518105795786
unsup2sup,HIV,classification,0.05,5,1645,2,0,roc_auc,train,0.9782027486853152
unsup2sup,HIV,classification,0.05,5,1645,2,0,nef1,test,0.5476190476190477
unsup2sup,HIV,classification,0.05,5,1645,2,1,roc_auc,test,0.6589756464976149
unsup2sup,HIV,classification,0.05,5,1645,2,1,roc_auc,train,0.9306641919660612
unsup2sup,HIV,classification,0.05,5,1645,2,1,nef1,test,0.5
unsup2sup,HIV,classification,0.05,5,1645,2,2,roc_auc,test,0.6859170706270882
unsup2sup,HIV,classification,0.05,5,1645,2,2,roc_auc,train,0.9694639621724336
unsup2sup,HIV,classification,0.05,5,1645,2,2,nef1,test,0.5238095238095238
unsup2sup,HIV,classification,0.1,10,3290,0,0,roc_auc,test,0.6830375248652928
unsup2sup,HIV,classification,0.1,10,3290,0,0,roc_auc,train,0.8260907219856133
unsup2sup,HIV,classification,0.1,10,3290,0,0,nef1,test,0.5476190476190477
unsup2sup,HIV,classification,0.1,10,3290,0,1,roc_auc,test,0.696168330790475
unsup2sup,HIV,classification,0.1,10,3290,0,1,roc_auc,train,0.932684470075194
unsup2sup,HIV,classification,0.1,10,3290,0,1,nef1,test,0.4761904761904761
unsup2sup,HIV,classification,0.1,10,3290,0,2,roc_auc,test,0.7073369512736822
unsup2sup,HIV,classification,0.1,10,3290,0,2,roc_auc,train,0.8853952275181872
unsup2sup,HIV,classification,0.1,10,3290,0,2,nef1,test,0.5714285714285714
unsup2sup,HIV,classification,0.1,10,3290,1,0,roc_auc,test,0.6437629154676605
unsup2sup,HIV,classification,0.1,10,3290,1,0,roc_auc,train,0.8891192712897112
unsup2sup,HIV,classification,0.1,10,3290,1,0,nef1,test,0.5714285714285714
unsup2sup,HIV,classification,0.1,10,3290,1,1,roc_auc,test,0.6531914482705345
unsup2sup,HIV,classification,0.1,10,3290,1,1,roc_auc,train,0.9245690094349236
unsup2sup,HIV,classification,0.1,10,3290,1,1,nef1,test,0.6428571428571429
unsup2sup,HIV,classification,0.1,10,3290,1,2,roc_auc,test,0.6559705672183704
unsup2sup,HIV,classification,0.1,10,3290,1,2,roc_auc,train,0.9464904326207894
unsup2sup,HIV,classification,0.1,10,3290,1,2,nef1,test,0.6190476190476191
unsup2sup,HIV,classification,0.1,10,3290,2,0,roc_auc,test,0.6884876108074702
unsup2sup,HIV,classification,0.1,10,3290,2,0,roc_auc,train,0.9501655306718598
unsup2sup,HIV,classification,0.1,10,3290,2,0,nef1,test,0.5476190476190477
unsup2sup,HIV,classification,0.1,10,3290,2,1,roc_auc,test,0.6561501767125669
unsup2sup,HIV,classification,0.1,10,3290,2,1,roc_auc,train,0.8969863680623175
unsup2sup,HIV,classification,0.1,10,3290,2,1,nef1,test,0.4761904761904761
unsup2sup,HIV,classification,0.1,10,3290,2,2,roc_auc,test,0.6810598891442476
unsup2sup,HIV,classification,0.1,10,3290,2,2,roc_auc,train,0.938315481986368
unsup2sup,HIV,classification,0.1,10,3290,2,2,nef1,test,0.5238095238095238
unsup2sup,HIV,classification,0.25,25,8225,0,0,roc_auc,test,0.6876861275806794
unsup2sup,HIV,classification,0.25,25,8225,0,0,roc_auc,train,0.925207570977918
unsup2sup,HIV,classification,0.25,25,8225,0,0,nef1,test,0.3095238095238095
unsup2sup,HIV,classification,0.25,25,8225,0,1,roc_auc,test,0.7290967380598311
unsup2sup,HIV,classification,0.25,25,8225,0,1,roc_auc,train,0.8916828601472134
unsup2sup,HIV,classification,0.25,25,8225,0,1,nef1,test,0.6666666666666666
unsup2sup,HIV,classification,0.25,25,8225,0,2,roc_auc,test,0.7198265706174318
unsup2sup,HIV,classification,0.25,25,8225,0,2,roc_auc,train,0.93374174553102
unsup2sup,HIV,classification,0.25,25,8225,0,2,nef1,test,0.6190476190476191
unsup2sup,HIV,classification,0.25,25,8225,1,0,roc_auc,test,0.6453755383456614
unsup2sup,HIV,classification,0.25,25,8225,1,0,roc_auc,train,0.8898946485031316
unsup2sup,HIV,classification,0.25,25,8225,1,0,nef1,test,0.5952380952380952
unsup2sup,HIV,classification,0.25,25,8225,1,1,roc_auc,test,0.6709612004866838
unsup2sup,HIV,classification,0.25,25,8225,1,1,roc_auc,train,0.9375389607137862
unsup2sup,HIV,classification,0.25,25,8225,1,1,nef1,test,0.6428571428571429
unsup2sup,HIV,classification,0.25,25,8225,1,2,roc_auc,test,0.7009173603198207
unsup2sup,HIV,classification,0.25,25,8225,1,2,roc_auc,train,0.8529352850672326
unsup2sup,HIV,classification,0.25,25,8225,1,2,nef1,test,0.6190476190476191
unsup2sup,HIV,classification,0.25,25,8225,2,0,roc_auc,test,0.6965681067614283
unsup2sup,HIV,classification,0.25,25,8225,2,0,roc_auc,train,0.8402722751447071
unsup2sup,HIV,classification,0.25,25,8225,2,0,nef1,test,0.5952380952380952
unsup2sup,HIV,classification,0.25,25,8225,2,1,roc_auc,test,0.639902276984878
unsup2sup,HIV,classification,0.25,25,8225,2,1,roc_auc,train,0.8542772227235346
unsup2sup,HIV,classification,0.25,25,8225,2,1,nef1,test,0.6428571428571429
unsup2sup,HIV,classification,0.25,25,8225,2,2,roc_auc,test,0.6407868054616737
unsup2sup,HIV,classification,0.25,25,8225,2,2,roc_auc,train,0.89068916990159
unsup2sup,HIV,classification,0.25,25,8225,2,2,nef1,test,0.5952380952380952
unsup2sup,HIV,classification,0.5,50,16450,0,0,roc_auc,test,0.7275072906004364
unsup2sup,HIV,classification,0.5,50,16450,0,0,roc_auc,train,0.9082971681975444
unsup2sup,HIV,classification,0.5,50,16450,0,0,nef1,test,0.6666666666666666
unsup2sup,HIV,classification,0.5,50,16450,0,1,roc_auc,test,0.7418296992989435
unsup2sup,HIV,classification,0.5,50,16450,0,1,roc_auc,train,0.9354028344019012
unsup2sup,HIV,classification,0.5,50,16450,0,1,nef1,test,0.6666666666666666
unsup2sup,HIV,classification,0.5,50,16450,0,2,roc_auc,test,0.7418857065605747
unsup2sup,HIV,classification,0.5,50,16450,0,2,roc_auc,train,0.8875868717936676
unsup2sup,HIV,classification,0.5,50,16450,0,2,nef1,test,0.6428571428571429
unsup2sup,HIV,classification,0.5,50,16450,1,0,roc_auc,test,0.7440120512176751
unsup2sup,HIV,classification,0.5,50,16450,1,0,roc_auc,train,0.9348580176471788
unsup2sup,HIV,classification,0.5,50,16450,1,0,nef1,test,0.6666666666666666
unsup2sup,HIV,classification,0.5,50,16450,1,1,roc_auc,test,0.7399466965372061
unsup2sup,HIV,classification,0.5,50,16450,1,1,roc_auc,train,0.9184110406944757
unsup2sup,HIV,classification,0.5,50,16450,1,1,nef1,test,0.6190476190476191
unsup2sup,HIV,classification,0.5,50,16450,1,2,roc_auc,test,0.7495973271017208
unsup2sup,HIV,classification,0.5,50,16450,1,2,roc_auc,train,0.9310973447720744
unsup2sup,HIV,classification,0.5,50,16450,1,2,nef1,test,0.6428571428571429
unsup2sup,HIV,classification,0.5,50,16450,2,0,roc_auc,test,0.7128295254833041
unsup2sup,HIV,classification,0.5,50,16450,2,0,roc_auc,train,0.8732569162685433
unsup2sup,HIV,classification,0.5,50,16450,2,0,nef1,test,0.3333333333333333
unsup2sup,HIV,classification,0.5,50,16450,2,1,roc_auc,test,0.7206183974198034
unsup2sup,HIV,classification,0.5,50,16450,2,1,roc_auc,train,0.9273296785696168
unsup2sup,HIV,classification,0.5,50,16450,2,1,nef1,test,0.5476190476190477
unsup2sup,HIV,classification,0.5,50,16450,2,2,roc_auc,test,0.7371328144614613
unsup2sup,HIV,classification,0.5,50,16450,2,2,roc_auc,train,0.9286631103852018
unsup2sup,HIV,classification,0.5,50,16450,2,2,nef1,test,0.5238095238095238
unsup2sup,HIV,classification,1.0,100,32901,0,0,roc_auc,test,0.7479132466830181
unsup2sup,HIV,classification,1.0,100,32901,0,0,roc_auc,train,0.9208380655547048
unsup2sup,HIV,classification,1.0,100,32901,0,0,nef1,test,0.5952380952380952
unsup2sup,HIV,classification,1.0,100,32901,0,1,roc_auc,test,0.7503505282064156
unsup2sup,HIV,classification,1.0,100,32901,0,1,roc_auc,train,0.8734670088902541
unsup2sup,HIV,classification,1.0,100,32901,0,1,nef1,test,0.6666666666666666
unsup2sup,HIV,classification,1.0,100,32901,0,2,roc_auc,test,0.7598601749744105
unsup2sup,HIV,classification,1.0,100,32901,0,2,roc_auc,train,0.8914354003853987
unsup2sup,HIV,classification,1.0,100,32901,0,2,nef1,test,0.6190476190476191
e2e,ESOL,regression,0.05,5,45,0,0,rmse,test,1.7370299100875854
e2e,ESOL,regression,0.05,5,45,0,1,rmse,test,1.7885162830352783
e2e,ESOL,regression,0.05,5,45,0,2,rmse,test,1.8018981218338013
e2e,ESOL,regression,0.05,5,45,0,0,rmse,train,1.4290285110473633
e2e,ESOL,regression,0.05,5,45,0,1,rmse,train,1.4296717643737793
e2e,ESOL,regression,0.05,5,45,0,2,rmse,train,1.4891846179962158
e2e,ESOL,regression,0.05,5,45,1,0,rmse,test,2.075355052947998
e2e,ESOL,regression,0.05,5,45,1,1,rmse,test,2.209697961807251
e2e,ESOL,regression,0.05,5,45,1,2,rmse,test,2.34017276763916
e2e,ESOL,regression,0.05,5,45,1,0,rmse,train,1.4757897853851318
e2e,ESOL,regression,0.05,5,45,1,1,rmse,train,1.651616096496582
e2e,ESOL,regression,0.05,5,45,1,2,rmse,train,1.8619030714035036
e2e,ESOL,regression,0.05,5,45,2,0,rmse,test,1.934761643409729
e2e,ESOL,regression,0.05,5,45,2,1,rmse,test,1.8581939935684204
e2e,ESOL,regression,0.05,5,45,2,2,rmse,test,1.8099106550216677
e2e,ESOL,regression,0.05,5,45,2,0,rmse,train,1.770260453224182
e2e,ESOL,regression,0.05,5,45,2,1,rmse,train,1.2876063585281372
e2e,ESOL,regression,0.05,5,45,2,2,rmse,train,1.3253518342971802
e2e,ESOL,regression,0.1,10,90,0,0,rmse,test,1.3208212852478027
e2e,ESOL,regression,0.1,10,90,0,1,rmse,test,1.3584614992141724
e2e,ESOL,regression,0.1,10,90,0,2,rmse,test,1.3140538930892944
e2e,ESOL,regression,0.1,10,90,0,0,rmse,train,1.046319603919983
e2e,ESOL,regression,0.1,10,90,0,1,rmse,train,1.0401948690414429
e2e,ESOL,regression,0.1,10,90,0,2,rmse,train,1.054834485054016
e2e,ESOL,regression,0.1,10,90,1,0,rmse,test,1.4673168659210205
e2e,ESOL,regression,0.1,10,90,1,1,rmse,test,1.479518175125122
e2e,ESOL,regression,0.1,10,90,1,2,rmse,test,1.4743835926055908
e2e,ESOL,regression,0.1,10,90,1,0,rmse,train,1.0073702335357666
e2e,ESOL,regression,0.1,10,90,1,1,rmse,train,1.0174293518066406
e2e,ESOL,regression,0.1,10,90,1,2,rmse,train,1.034980535507202
e2e,ESOL,regression,0.1,10,90,2,0,rmse,test,1.6327776908874512
e2e,ESOL,regression,0.1,10,90,2,1,rmse,test,1.6595571041107178
e2e,ESOL,regression,0.1,10,90,2,2,rmse,test,1.622928261756897
e2e,ESOL,regression,0.1,10,90,2,0,rmse,train,0.9225726127624512
e2e,ESOL,regression,0.1,10,90,2,1,rmse,train,0.9427273869514464
e2e,ESOL,regression,0.1,10,90,2,2,rmse,train,0.957514464855194
e2e,ESOL,regression,0.25,25,226,0,0,rmse,test,1.369887351989746
e2e,ESOL,regression,0.25,25,226,0,1,rmse,test,1.3619951009750366
e2e,ESOL,regression,0.25,25,226,0,2,rmse,test,1.2686073780059814
e2e,ESOL,regression,0.25,25,226,0,0,rmse,train,1.1167773008346558
e2e,ESOL,regression,0.25,25,226,0,1,rmse,train,1.0572493076324463
e2e,ESOL,regression,0.25,25,226,0,2,rmse,train,1.0765576362609863
e2e,ESOL,regression,0.25,25,226,1,0,rmse,test,1.4117480516433716
e2e,ESOL,regression,0.25,25,226,1,1,rmse,test,1.446468710899353
e2e,ESOL,regression,0.25,25,226,1,2,rmse,test,1.4139671325683594
e2e,ESOL,regression,0.25,25,226,1,0,rmse,train,0.9859231114387512
e2e,ESOL,regression,0.25,25,226,1,1,rmse,train,0.9836496114730836
e2e,ESOL,regression,0.25,25,226,1,2,rmse,train,0.9553548097610474
e2e,ESOL,regression,0.25,25,226,2,0,rmse,test,1.5077242851257324
e2e,ESOL,regression,0.25,25,226,2,1,rmse,test,1.5587570667266846
e2e,ESOL,regression,0.25,25,226,2,2,rmse,test,1.4589258432388306
e2e,ESOL,regression,0.25,25,226,2,0,rmse,train,0.9902028441429138
e2e,ESOL,regression,0.25,25,226,2,1,rmse,train,0.9942585229873656
e2e,ESOL,regression,0.25,25,226,2,2,rmse,train,0.9130042195320128
e2e,ESOL,regression,0.5,50,451,0,0,rmse,test,1.2553496360778809
e2e,ESOL,regression,0.5,50,451,0,1,rmse,test,1.2374820709228516
e2e,ESOL,regression,0.5,50,451,0,2,rmse,test,1.2966985702514648
e2e,ESOL,regression,0.5,50,451,0,0,rmse,train,0.7827678918838501
e2e,ESOL,regression,0.5,50,451,0,1,rmse,train,0.7888380289077759
e2e,ESOL,regression,0.5,50,451,0,2,rmse,train,0.8245735168457031
e2e,ESOL,regression,0.5,50,451,1,0,rmse,test,1.232081413269043
e2e,ESOL,regression,0.5,50,451,1,1,rmse,test,1.2695019245147705
e2e,ESOL,regression,0.5,50,451,1,2,rmse,test,1.2546956539154053
e2e,ESOL,regression,0.5,50,451,1,0,rmse,train,0.7647593021392822
e2e,ESOL,regression,0.5,50,451,1,1,rmse,train,0.7602806091308594
e2e,ESOL,regression,0.5,50,451,1,2,rmse,train,0.7489330172538757
e2e,ESOL,regression,0.5,50,451,2,0,rmse,test,1.4151467084884644
e2e,ESOL,regression,0.5,50,451,2,1,rmse,test,1.3065139055252075
e2e,ESOL,regression,0.5,50,451,2,2,rmse,test,1.311200499534607
e2e,ESOL,regression,0.5,50,451,2,0,rmse,train,1.0221625566482544
e2e,ESOL,regression,0.5,50,451,2,1,rmse,train,0.858251690864563
e2e,ESOL,regression,0.5,50,451,2,2,rmse,train,0.831272542476654
e2e,ESOL,regression,1.0,100,902,0,0,rmse,test,1.1362937688827517
e2e,ESOL,regression,1.0,100,902,0,1,rmse,test,1.142567157745361
e2e,ESOL,regression,1.0,100,902,0,2,rmse,test,1.2895326614379885
e2e,ESOL,regression,1.0,100,902,0,0,rmse,train,0.6585087776184082
e2e,ESOL,regression,1.0,100,902,0,1,rmse,train,0.7151305079460144
e2e,ESOL,regression,1.0,100,902,0,2,rmse,train,0.9827062487602234
e2e,Lipophilicity,regression,0.05,5,168,0,0,rmse,test,1.0608196258544922
e2e,Lipophilicity,regression,0.05,5,168,0,1,rmse,test,1.0494580268859863
e2e,Lipophilicity,regression,0.05,5,168,0,2,rmse,test,1.0545028448104858
e2e,Lipophilicity,regression,0.05,5,168,0,0,rmse,train,1.023868203163147
e2e,Lipophilicity,regression,0.05,5,168,0,1,rmse,train,1.048620104789734
e2e,Lipophilicity,regression,0.05,5,168,0,2,rmse,train,1.0689022541046145
e2e,Lipophilicity,regression,0.05,5,168,1,0,rmse,test,1.035211443901062
e2e,Lipophilicity,regression,0.05,5,168,1,1,rmse,test,1.0328786373138428
e2e,Lipophilicity,regression,0.05,5,168,1,2,rmse,test,1.0329381227493286
e2e,Lipophilicity,regression,0.05,5,168,1,0,rmse,train,0.9636616706848145
e2e,Lipophilicity,regression,0.05,5,168,1,1,rmse,train,0.9760092496871948
e2e,Lipophilicity,regression,0.05,5,168,1,2,rmse,train,0.9733142852783204
e2e,Lipophilicity,regression,0.05,5,168,2,0,rmse,test,1.039239764213562
e2e,Lipophilicity,regression,0.05,5,168,2,1,rmse,test,1.0407743453979492
e2e,Lipophilicity,regression,0.05,5,168,2,2,rmse,test,1.0259315967559814
e2e,Lipophilicity,regression,0.05,5,168,2,0,rmse,train,0.8801765441894531
e2e,Lipophilicity,regression,0.05,5,168,2,1,rmse,train,0.9033045172691344
e2e,Lipophilicity,regression,0.05,5,168,2,2,rmse,train,0.9058586955070496
e2e,Lipophilicity,regression,0.1,10,336,0,0,rmse,test,1.0267163515090942
e2e,Lipophilicity,regression,0.1,10,336,0,1,rmse,test,1.0215251445770264
e2e,Lipophilicity,regression,0.1,10,336,0,2,rmse,test,1.0258440971374512
e2e,Lipophilicity,regression,0.1,10,336,0,0,rmse,train,0.9739736914634703
e2e,Lipophilicity,regression,0.1,10,336,0,1,rmse,train,0.9982805848121644
e2e,Lipophilicity,regression,0.1,10,336,0,2,rmse,train,1.0037131309509275
e2e,Lipophilicity,regression,0.1,10,336,1,0,rmse,test,1.0245654582977295
e2e,Lipophilicity,regression,0.1,10,336,1,1,rmse,test,1.014495849609375
e2e,Lipophilicity,regression,0.1,10,336,1,2,rmse,test,1.0102509260177612
e2e,Lipophilicity,regression,0.1,10,336,1,0,rmse,train,1.0504039525985718
e2e,Lipophilicity,regression,0.1,10,336,1,1,rmse,train,1.041337013244629
e2e,Lipophilicity,regression,0.1,10,336,1,2,rmse,train,1.057430386543274
e2e,Lipophilicity,regression,0.1,10,336,2,0,rmse,test,1.0493745803833008
e2e,Lipophilicity,regression,0.1,10,336,2,1,rmse,test,1.0323007106781006
e2e,Lipophilicity,regression,0.1,10,336,2,2,rmse,test,1.017035722732544
e2e,Lipophilicity,regression,0.1,10,336,2,0,rmse,train,1.0486714839935305
e2e,Lipophilicity,regression,0.1,10,336,2,1,rmse,train,1.0350234508514404
e2e,Lipophilicity,regression,0.1,10,336,2,2,rmse,train,1.066658854484558
e2e,Lipophilicity,regression,0.25,25,840,0,0,rmse,test,0.99039888381958
e2e,Lipophilicity,regression,0.25,25,840,0,1,rmse,test,1.0413684844970703
e2e,Lipophilicity,regression,0.25,25,840,0,2,rmse,test,1.0023179054260254
e2e,Lipophilicity,regression,0.25,25,840,0,0,rmse,train,0.8648282289505005
e2e,Lipophilicity,regression,0.25,25,840,0,1,rmse,train,1.0537545680999756
e2e,Lipophilicity,regression,0.25,25,840,0,2,rmse,train,0.9454891085624696
e2e,Lipophilicity,regression,0.25,25,840,1,0,rmse,test,1.0390485525131226
e2e,Lipophilicity,regression,0.25,25,840,1,1,rmse,test,1.026612401008606
e2e,Lipophilicity,regression,0.25,25,840,1,2,rmse,test,1.0242016315460205
e2e,Lipophilicity,regression,0.25,25,840,1,0,rmse,train,1.0035967826843262
e2e,Lipophilicity,regression,0.25,25,840,1,1,rmse,train,1.0020180940628052
e2e,Lipophilicity,regression,0.25,25,840,1,2,rmse,train,1.0229341983795166
e2e,Lipophilicity,regression,0.25,25,840,2,0,rmse,test,0.9926801323890686
e2e,Lipophilicity,regression,0.25,25,840,2,1,rmse,test,1.012675404548645
e2e,Lipophilicity,regression,0.25,25,840,2,2,rmse,test,0.985484778881073
e2e,Lipophilicity,regression,0.25,25,840,2,0,rmse,train,1.0128096342086792
e2e,Lipophilicity,regression,0.25,25,840,2,1,rmse,train,1.0117735862731934
e2e,Lipophilicity,regression,0.25,25,840,2,2,rmse,train,0.961752474308014
e2e,Lipophilicity,regression,0.5,50,1680,0,0,rmse,test,0.9672718644142152
e2e,Lipophilicity,regression,0.5,50,1680,0,1,rmse,test,1.009272575378418
e2e,Lipophilicity,regression,0.5,50,1680,0,2,rmse,test,0.969592809677124
e2e,Lipophilicity,regression,0.5,50,1680,0,0,rmse,train,0.797703206539154
e2e,Lipophilicity,regression,0.5,50,1680,0,1,rmse,train,0.9844467639923096
e2e,Lipophilicity,regression,0.5,50,1680,0,2,rmse,train,0.7927908897399902
e2e,Lipophilicity,regression,0.5,50,1680,1,0,rmse,test,0.9258335828781128
e2e,Lipophilicity,regression,0.5,50,1680,1,1,rmse,test,0.9412896037101746
e2e,Lipophilicity,regression,0.5,50,1680,1,2,rmse,test,0.9281229972839355
e2e,Lipophilicity,regression,0.5,50,1680,1,0,rmse,train,0.7428993582725525
e2e,Lipophilicity,regression,0.5,50,1680,1,1,rmse,train,0.7612505555152893
e2e,Lipophilicity,regression,0.5,50,1680,1,2,rmse,train,0.7838525176048279
e2e,Lipophilicity,regression,0.5,50,1680,2,0,rmse,test,0.9761146306991576
e2e,Lipophilicity,regression,0.5,50,1680,2,1,rmse,test,1.0043624639511108
e2e,Lipophilicity,regression,0.5,50,1680,2,2,rmse,test,0.96064555644989
e2e,Lipophilicity,regression,0.5,50,1680,2,0,rmse,train,0.7720212936401367
e2e,Lipophilicity,regression,0.5,50,1680,2,1,rmse,train,1.0245320796966553
e2e,Lipophilicity,regression,0.5,50,1680,2,2,rmse,train,0.7647871375083923
e2e,Lipophilicity,regression,1.0,100,3360,0,0,rmse,test,0.9265720248222352
e2e,Lipophilicity,regression,1.0,100,3360,0,1,rmse,test,0.915304958820343
e2e,Lipophilicity,regression,1.0,100,3360,0,2,rmse,test,0.9223315119743348
e2e,Lipophilicity,regression,1.0,100,3360,0,0,rmse,train,0.6361328363418579
e2e,Lipophilicity,regression,1.0,100,3360,0,1,rmse,train,0.6570630073547363
e2e,Lipophilicity,regression,1.0,100,3360,0,2,rmse,train,0.6806043982505798
e2e,QM7,regression,0.05,5,274,0,0,rmse,test,198.44107055664065
e2e,QM7,regression,0.05,5,274,0,1,rmse,test,200.73760986328125
e2e,QM7,regression,0.05,5,274,0,2,rmse,test,203.0677795410156
e2e,QM7,regression,0.05,5,274,0,0,rmse,train,233.17518615722656
e2e,QM7,regression,0.05,5,274,0,1,rmse,train,230.76583862304688
e2e,QM7,regression,0.05,5,274,0,2,rmse,train,228.72398376464844
e2e,QM7,regression,0.05,5,274,1,0,rmse,test,198.64242553710935
e2e,QM7,regression,0.05,5,274,1,1,rmse,test,199.6413116455078
e2e,QM7,regression,0.05,5,274,1,2,rmse,test,198.5663146972656
e2e,QM7,regression,0.05,5,274,1,0,rmse,train,224.4335479736328
e2e,QM7,regression,0.05,5,274,1,1,rmse,train,222.8834686279297
e2e,QM7,regression,0.05,5,274,1,2,rmse,train,225.34890747070312
e2e,QM7,regression,0.05,5,274,2,0,rmse,test,198.5954132080078
e2e,QM7,regression,0.05,5,274,2,1,rmse,test,198.5013732910156
e2e,QM7,regression,0.05,5,274,2,2,rmse,test,199.88427734375
e2e,QM7,regression,0.05,5,274,2,0,rmse,train,217.87744140625
e2e,QM7,regression,0.05,5,274,2,1,rmse,train,216.7038726806641
e2e,QM7,regression,0.05,5,274,2,2,rmse,train,216.49655151367188
e2e,QM7,regression,0.1,10,547,0,0,rmse,test,198.625732421875
e2e,QM7,regression,0.1,10,547,0,1,rmse,test,200.1093597412109
e2e,QM7,regression,0.1,10,547,0,2,rmse,test,205.0620880126953
e2e,QM7,regression,0.1,10,547,0,0,rmse,train,230.7807159423828
e2e,QM7,regression,0.1,10,547,0,1,rmse,train,225.8468170166016
e2e,QM7,regression,0.1,10,547,0,2,rmse,train,224.9898376464844
e2e,QM7,regression,0.1,10,547,1,0,rmse,test,198.5352783203125
e2e,QM7,regression,0.1,10,547,1,1,rmse,test,205.38650512695312
e2e,QM7,regression,0.1,10,547,1,2,rmse,test,201.2357177734375
e2e,QM7,regression,0.1,10,547,1,0,rmse,train,219.5600128173828
e2e,QM7,regression,0.1,10,547,1,1,rmse,train,213.4217987060547
e2e,QM7,regression,0.1,10,547,1,2,rmse,train,217.9781188964844
e2e,QM7,regression,0.1,10,547,2,0,rmse,test,199.27603149414065
e2e,QM7,regression,0.1,10,547,2,1,rmse,test,197.91827392578125
e2e,QM7,regression,0.1,10,547,2,2,rmse,test,200.44190979003903
e2e,QM7,regression,0.1,10,547,2,0,rmse,train,223.2331085205078
e2e,QM7,regression,0.1,10,547,2,1,rmse,train,222.03195190429688
e2e,QM7,regression,0.1,10,547,2,2,rmse,train,219.1845245361328
e2e,QM7,regression,0.25,25,1368,0,0,rmse,test,203.3880615234375
e2e,QM7,regression,0.25,25,1368,0,1,rmse,test,198.6039886474609
e2e,QM7,regression,0.25,25,1368,0,2,rmse,test,200.9423828125
e2e,QM7,regression,0.25,25,1368,0,0,rmse,train,218.856689453125
e2e,QM7,regression,0.25,25,1368,0,1,rmse,train,222.8494415283203
e2e,QM7,regression,0.25,25,1368,0,2,rmse,train,219.66351318359372
e2e,QM7,regression,0.25,25,1368,1,0,rmse,test,199.41390991210935
e2e,QM7,regression,0.25,25,1368,1,1,rmse,test,198.24273681640625
e2e,QM7,regression,0.25,25,1368,1,2,rmse,test,200.7065277099609
e2e,QM7,regression,0.25,25,1368,1,0,rmse,train,216.66433715820312
e2e,QM7,regression,0.25,25,1368,1,1,rmse,train,217.3416748046875
e2e,QM7,regression,0.25,25,1368,1,2,rmse,train,216.57760620117188
e2e,QM7,regression,0.25,25,1368,2,0,rmse,test,200.53028869628903
e2e,QM7,regression,0.25,25,1368,2,1,rmse,test,200.22792053222656
e2e,QM7,regression,0.25,25,1368,2,2,rmse,test,203.7380523681641
e2e,QM7,regression,0.25,25,1368,2,0,rmse,train,231.05007934570312
e2e,QM7,regression,0.25,25,1368,2,1,rmse,train,225.9331970214844
e2e,QM7,regression,0.25,25,1368,2,2,rmse,train,224.70689392089844
e2e,QM7,regression,0.5,50,2735,0,0,rmse,test,204.38905334472656
e2e,QM7,regression,0.5,50,2735,0,1,rmse,test,208.1830596923828
e2e,QM7,regression,0.5,50,2735,0,2,rmse,test,203.2979278564453
e2e,QM7,regression,0.5,50,2735,0,0,rmse,train,222.81336975097656
e2e,QM7,regression,0.5,50,2735,0,1,rmse,train,218.3440399169922
e2e,QM7,regression,0.5,50,2735,0,2,rmse,train,224.2833404541016
e2e,QM7,regression,0.5,50,2735,1,0,rmse,test,200.74871826171875
e2e,QM7,regression,0.5,50,2735,1,1,rmse,test,201.64077758789065
e2e,QM7,regression,0.5,50,2735,1,2,rmse,test,205.6669006347656
e2e,QM7,regression,0.5,50,2735,1,0,rmse,train,221.52235412597656
e2e,QM7,regression,0.5,50,2735,1,1,rmse,train,218.82156372070312
e2e,QM7,regression,0.5,50,2735,1,2,rmse,train,217.15704345703125
e2e,QM7,regression,0.5,50,2735,2,0,rmse,test,204.3376922607422
e2e,QM7,regression,0.5,50,2735,2,1,rmse,test,207.4118194580078
e2e,QM7,regression,0.5,50,2735,2,2,rmse,test,210.55679321289065
e2e,QM7,regression,0.5,50,2735,2,0,rmse,train,210.8365173339844
e2e,QM7,regression,0.5,50,2735,2,1,rmse,train,191.84896850585935
e2e,QM7,regression,0.5,50,2735,2,2,rmse,train,195.0044403076172
e2e,QM7,regression,1.0,100,5470,0,0,rmse,test,206.7796630859375
e2e,QM7,regression,1.0,100,5470,0,1,rmse,test,203.0140686035156
e2e,QM7,regression,1.0,100,5470,0,2,rmse,test,203.6291961669922
e2e,QM7,regression,1.0,100,5470,0,0,rmse,train,189.2386474609375
e2e,QM7,regression,1.0,100,5470,0,1,rmse,train,192.2180328369141
e2e,QM7,regression,1.0,100,5470,0,2,rmse,train,219.86508178710935
e2e,BBBP,classification,0.05,5,82,0,0,roc_auc,test,0.4657481452933809
e2e,BBBP,classification,0.05,5,82,0,1,roc_auc,test,0.4634839579920994
e2e,BBBP,classification,0.05,5,82,0,2,roc_auc,test,0.4368918007515174
e2e,BBBP,classification,0.05,5,82,0,0,roc_auc,train,0.6493868450390189
e2e,BBBP,classification,0.05,5,82,0,1,roc_auc,train,0.7391304347826086
e2e,BBBP,classification,0.05,5,82,0,2,roc_auc,train,0.5841694537346711
e2e,BBBP,classification,0.05,5,82,0,0,nef1,test,0.3333333333333333
e2e,BBBP,classification,0.05,5,82,0,1,nef1,test,0.3333333333333333
e2e,BBBP,classification,0.05,5,82,0,2,nef1,test,0.3333333333333333
e2e,BBBP,classification,0.05,5,82,1,0,roc_auc,test,0.4454668079776471
e2e,BBBP,classification,0.05,5,82,1,1,roc_auc,test,0.4558724347239619
e2e,BBBP,classification,0.05,5,82,1,2,roc_auc,test,0.4173330764042778
e2e,BBBP,classification,0.05,5,82,1,0,roc_auc,train,0.6860696517412936
e2e,BBBP,classification,0.05,5,82,1,1,roc_auc,train,0.7477611940298508
e2e,BBBP,classification,0.05,5,82,1,2,roc_auc,train,0.6114427860696516
e2e,BBBP,classification,0.05,5,82,1,0,nef1,test,0.6666666666666666
e2e,BBBP,classification,0.05,5,82,1,1,nef1,test,0.3333333333333333
e2e,BBBP,classification,0.05,5,82,1,2,nef1,test,0.3333333333333333
e2e,BBBP,classification,0.05,5,82,2,0,roc_auc,test,0.4810675402254552
e2e,BBBP,classification,0.05,5,82,2,1,roc_auc,test,0.4636284805857982
e2e,BBBP,classification,0.05,5,82,2,2,roc_auc,test,0.4489835244243182
e2e,BBBP,classification,0.05,5,82,2,0,roc_auc,train,0.7190635451505016
e2e,BBBP,classification,0.05,5,82,2,1,roc_auc,train,0.6900780379041249
e2e,BBBP,classification,0.05,5,82,2,2,roc_auc,train,0.6282051282051282
e2e,BBBP,classification,0.05,5,82,2,0,nef1,test,0.3333333333333333
e2e,BBBP,classification,0.05,5,82,2,1,nef1,test,0.3333333333333333
e2e,BBBP,classification,0.05,5,82,2,2,nef1,test,0.6666666666666666
e2e,BBBP,classification,0.1,10,163,0,0,roc_auc,test,0.680942287310916
e2e,BBBP,classification,0.1,10,163,0,1,roc_auc,test,0.6810386357067155
e2e,BBBP,classification,0.1,10,163,0,2,roc_auc,test,0.6817130744773099
e2e,BBBP,classification,0.1,10,163,0,0,roc_auc,train,0.9134736842105264
e2e,BBBP,classification,0.1,10,163,0,1,roc_auc,train,0.9455789473684212
e2e,BBBP,classification,0.1,10,163,0,2,roc_auc,train,0.9352631578947368
e2e,BBBP,classification,0.1,10,163,0,0,nef1,test,1.0
e2e,BBBP,classification,0.1,10,163,0,1,nef1,test,1.0
e2e,BBBP,classification,0.1,10,163,0,2,nef1,test,1.0
e2e,BBBP,classification,0.1,10,163,1,0,roc_auc,test,0.640861354658445
e2e,BBBP,classification,0.1,10,163,1,1,roc_auc,test,0.6547836978514309
e2e,BBBP,classification,0.1,10,163,1,2,roc_auc,test,0.66706811831583
e2e,BBBP,classification,0.1,10,163,1,0,roc_auc,train,0.9400617630544638
e2e,BBBP,classification,0.1,10,163,1,1,roc_auc,train,0.9350084222346996
e2e,BBBP,classification,0.1,10,163,1,2,roc_auc,train,0.9177428411005056
e2e,BBBP,classification,0.1,10,163,1,0,nef1,test,0.6666666666666666
e2e,BBBP,classification,0.1,10,163,1,1,nef1,test,1.0
e2e,BBBP,classification,0.1,10,163,1,2,nef1,test,0.6666666666666666
e2e,BBBP,classification,0.1,10,163,2,0,roc_auc,test,0.6943828885249059
e2e,BBBP,classification,0.1,10,163,2,1,roc_auc,test,0.6924559206089219
e2e,BBBP,classification,0.1,10,163,2,2,roc_auc,test,0.6925040948068215
e2e,BBBP,classification,0.1,10,163,2,0,roc_auc,train,0.9754293893129772
e2e,BBBP,classification,0.1,10,163,2,1,roc_auc,train,0.978530534351145
e2e,BBBP,classification,0.1,10,163,2,2,roc_auc,train,0.9725667938931296
e2e,BBBP,classification,0.1,10,163,2,0,nef1,test,1.0
e2e,BBBP,classification,0.1,10,163,2,1,nef1,test,1.0
e2e,BBBP,classification,0.1,10,163,2,2,nef1,test,1.0
e2e,BBBP,classification,0.25,25,408,0,0,roc_auc,test,0.662684266306966
e2e,BBBP,classification,0.25,25,408,0,1,roc_auc,test,0.6768474804894499
e2e,BBBP,classification,0.25,25,408,0,2,roc_auc,test,0.6619616533384719
e2e,BBBP,classification,0.25,25,408,0,0,roc_auc,train,0.9778114186851212
e2e,BBBP,classification,0.25,25,408,0,1,roc_auc,train,0.9587586505190312
e2e,BBBP,classification,0.25,25,408,0,2,roc_auc,train,0.9752595155709344
e2e,BBBP,classification,0.25,25,408,0,0,nef1,test,1.0
e2e,BBBP,classification,0.25,25,408,0,1,nef1,test,1.0
e2e,BBBP,classification,0.25,25,408,0,2,nef1,test,1.0
e2e,BBBP,classification,0.25,25,408,1,0,roc_auc,test,0.6935639271606127
e2e,BBBP,classification,0.25,25,408,1,1,roc_auc,test,0.692552269004721
e2e,BBBP,classification,0.25,25,408,1,2,roc_auc,test,0.6992484825127662
e2e,BBBP,classification,0.25,25,408,1,0,roc_auc,train,0.9830729166666666
e2e,BBBP,classification,0.25,25,408,1,1,roc_auc,train,0.9742063492063492
e2e,BBBP,classification,0.25,25,408,1,2,roc_auc,train,0.9832589285714286
e2e,BBBP,classification,0.25,25,408,1,0,nef1,test,0.6666666666666666
e2e,BBBP,classification,0.25,25,408,1,1,nef1,test,1.0
e2e,BBBP,classification,0.25,25,408,1,2,nef1,test,1.0
e2e,BBBP,classification,0.25,25,408,2,0,roc_auc,test,0.6928413141921187
e2e,BBBP,classification,0.25,25,408,2,1,roc_auc,test,0.6944310627228056
e2e,BBBP,classification,0.25,25,408,2,2,roc_auc,test,0.6986222179400713
e2e,BBBP,classification,0.25,25,408,2,0,roc_auc,train,0.9708690726654798
e2e,BBBP,classification,0.25,25,408,2,1,roc_auc,train,0.9733977989966012
e2e,BBBP,classification,0.25,25,408,2,2,roc_auc,train,0.972184010357663
e2e,BBBP,classification,0.25,25,408,2,0,nef1,test,1.0
e2e,BBBP,classification,0.25,25,408,2,1,nef1,test,1.0
e2e,BBBP,classification,0.25,25,408,2,2,nef1,test,1.0
e2e,BBBP,classification,0.5,50,816,0,0,roc_auc,test,0.703921379709028
e2e,BBBP,classification,0.5,50,816,0,1,roc_auc,test,0.7076307929472975
e2e,BBBP,classification,0.5,50,816,0,2,roc_auc,test,0.6987667405337702
e2e,BBBP,classification,0.5,50,816,0,0,roc_auc,train,0.9534911061132691
e2e,BBBP,classification,0.5,50,816,0,1,roc_auc,train,0.9604273154774076
e2e,BBBP,classification,0.5,50,816,0,2,roc_auc,train,0.9666070333265182
e2e,BBBP,classification,0.5,50,816,0,0,nef1,test,1.0
e2e,BBBP,classification,0.5,50,816,0,1,nef1,test,1.0
e2e,BBBP,classification,0.5,50,816,0,2,nef1,test,1.0
e2e,BBBP,classification,0.5,50,816,1,0,roc_auc,test,0.6819057712689084
e2e,BBBP,classification,0.5,50,816,1,1,roc_auc,test,0.6804605453319202
e2e,BBBP,classification,0.5,50,816,1,2,roc_auc,test,0.6979959533673764
e2e,BBBP,classification,0.5,50,816,1,0,roc_auc,train,0.9698083149185468
e2e,BBBP,classification,0.5,50,816,1,1,roc_auc,train,0.93725782414307
e2e,BBBP,classification,0.5,50,816,1,2,roc_auc,train,0.9723418469602756
e2e,BBBP,classification,0.5,50,816,1,0,nef1,test,1.0
e2e,BBBP,classification,0.5,50,816,1,1,nef1,test,1.0
e2e,BBBP,classification,0.5,50,816,1,2,nef1,test,1.0
e2e,BBBP,classification,0.5,50,816,2,0,roc_auc,test,0.674872338375566
e2e,BBBP,classification,0.5,50,816,2,1,roc_auc,test,0.679641583967627
e2e,BBBP,classification,0.5,50,816,2,2,roc_auc,test,0.6782445322285383
e2e,BBBP,classification,0.5,50,816,2,0,roc_auc,train,0.9732880147099794
e2e,BBBP,classification,0.5,50,816,2,1,roc_auc,train,0.9717612971527274
e2e,BBBP,classification,0.5,50,816,2,2,roc_auc,train,0.9791942943110268
e2e,BBBP,classification,0.5,50,816,2,0,nef1,test,1.0
e2e,BBBP,classification,0.5,50,816,2,1,nef1,test,1.0
e2e,BBBP,classification,0.5,50,816,2,2,nef1,test,1.0
e2e,BBBP,classification,1.0,100,1631,0,0,roc_auc,test,0.7004528374602563
e2e,BBBP,classification,1.0,100,1631,0,1,roc_auc,test,0.7048848636670199
e2e,BBBP,classification,1.0,100,1631,0,2,roc_auc,test,0.7126890837267559
e2e,BBBP,classification,1.0,100,1631,0,0,roc_auc,train,0.9658026691352308
e2e,BBBP,classification,1.0,100,1631,0,1,roc_auc,train,0.9627028208490832
e2e,BBBP,classification,1.0,100,1631,0,2,roc_auc,train,0.9711653680989484
e2e,BBBP,classification,1.0,100,1631,0,0,nef1,test,1.0
e2e,BBBP,classification,1.0,100,1631,0,1,nef1,test,1.0
e2e,BBBP,classification,1.0,100,1631,0,2,nef1,test,1.0
e2e,BACE,classification,0.05,5,60,0,0,roc_auc,test,0.4682065217391304
e2e,BACE,classification,0.05,5,60,0,1,roc_auc,test,0.4938405797101449
e2e,BACE,classification,0.05,5,60,0,2,roc_auc,test,0.4405797101449276
e2e,BACE,classification,0.05,5,60,0,0,roc_auc,train,0.7726244343891403
e2e,BACE,classification,0.05,5,60,0,1,roc_auc,train,0.7686651583710408
e2e,BACE,classification,0.05,5,60,0,2,roc_auc,train,0.5684389140271493
e2e,BACE,classification,0.05,5,60,0,0,nef1,test,0.5
e2e,BACE,classification,0.05,5,60,0,1,nef1,test,0.0
e2e,BACE,classification,0.05,5,60,0,2,nef1,test,0.0
e2e,BACE,classification,0.05,5,60,1,0,roc_auc,test,0.5279891304347827
e2e,BACE,classification,0.05,5,60,1,1,roc_auc,test,0.657518115942029
e2e,BACE,classification,0.05,5,60,1,2,roc_auc,test,0.5105978260869566
e2e,BACE,classification,0.05,5,60,1,0,roc_auc,train,0.5096277278562259
e2e,BACE,classification,0.05,5,60,1,1,roc_auc,train,0.7284980744544287
e2e,BACE,classification,0.05,5,60,1,2,roc_auc,train,0.5025673940949936
e2e,BACE,classification,0.05,5,60,1,0,nef1,test,0.5
e2e,BACE,classification,0.05,5,60,1,1,nef1,test,0.5
e2e,BACE,classification,0.05,5,60,1,2,nef1,test,0.0
e2e,BACE,classification,0.05,5,60,2,0,roc_auc,test,0.679891304347826
e2e,BACE,classification,0.05,5,60,2,1,roc_auc,test,0.6794384057971015
e2e,BACE,classification,0.05,5,60,2,2,roc_auc,test,0.6915760869565217
e2e,BACE,classification,0.05,5,60,2,0,roc_auc,train,0.7834285714285714
e2e,BACE,classification,0.05,5,60,2,1,roc_auc,train,0.7422857142857143
e2e,BACE,classification,0.05,5,60,2,2,roc_auc,train,0.7582857142857143
e2e,BACE,classification,0.05,5,60,2,0,nef1,test,1.0
e2e,BACE,classification,0.05,5,60,2,1,nef1,test,1.0
e2e,BACE,classification,0.05,5,60,2,2,nef1,test,1.0
e2e,BACE,classification,0.1,10,121,0,0,roc_auc,test,0.5073369565217392
e2e,BACE,classification,0.1,10,121,0,1,roc_auc,test,0.5771739130434782
e2e,BACE,classification,0.1,10,121,0,2,roc_auc,test,0.5096014492753623
e2e,BACE,classification,0.1,10,121,0,0,roc_auc,train,0.6858974358974359
e2e,BACE,classification,0.1,10,121,0,1,roc_auc,train,0.7028985507246377
e2e,BACE,classification,0.1,10,121,0,2,roc_auc,train,0.7640746934225194
e2e,BACE,classification,0.1,10,121,0,0,nef1,test,0.0
e2e,BACE,classification,0.1,10,121,0,1,nef1,test,1.0
e2e,BACE,classification,0.1,10,121,0,2,nef1,test,0.5
e2e,BACE,classification,0.1,10,121,1,0,roc_auc,test,0.6963768115942028
e2e,BACE,classification,0.1,10,121,1,1,roc_auc,test,0.7142210144927537
e2e,BACE,classification,0.1,10,121,1,2,roc_auc,test,0.6644021739130435
e2e,BACE,classification,0.1,10,121,1,0,roc_auc,train,0.7020624303232998
e2e,BACE,classification,0.1,10,121,1,1,roc_auc,train,0.7612876254180602
e2e,BACE,classification,0.1,10,121,1,2,roc_auc,train,0.6464604236343366
e2e,BACE,classification,0.1,10,121,1,0,nef1,test,0.5
e2e,BACE,classification,0.1,10,121,1,1,nef1,test,1.0
e2e,BACE,classification,0.1,10,121,1,2,nef1,test,1.0
e2e,BACE,classification,0.1,10,121,2,0,roc_auc,test,0.6304347826086957
e2e,BACE,classification,0.1,10,121,2,1,roc_auc,test,0.738768115942029
e2e,BACE,classification,0.1,10,121,2,2,roc_auc,test,0.6533514492753624
e2e,BACE,classification,0.1,10,121,2,0,roc_auc,train,0.6608450704225352
e2e,BACE,classification,0.1,10,121,2,1,roc_auc,train,0.6816901408450704
e2e,BACE,classification,0.1,10,121,2,2,roc_auc,train,0.6853521126760563
e2e,BACE,classification,0.1,10,121,2,0,nef1,test,1.0
e2e,BACE,classification,0.1,10,121,2,1,nef1,test,1.0
e2e,BACE,classification,0.1,10,121,2,2,nef1,test,1.0
e2e,BACE,classification,0.25,25,302,0,0,roc_auc,test,0.7030797101449274
e2e,BACE,classification,0.25,25,302,0,1,roc_auc,test,0.7497282608695652
e2e,BACE,classification,0.25,25,302,0,2,roc_auc,test,0.653804347826087
e2e,BACE,classification,0.25,25,302,0,0,roc_auc,train,0.6781840096424268
e2e,BACE,classification,0.25,25,302,0,1,roc_auc,train,0.6780724074818089
e2e,BACE,classification,0.25,25,302,0,2,roc_auc,train,0.669479041114236
e2e,BACE,classification,0.25,25,302,0,0,nef1,test,1.0
e2e,BACE,classification,0.25,25,302,0,1,nef1,test,1.0
e2e,BACE,classification,0.25,25,302,0,2,nef1,test,1.0
e2e,BACE,classification,0.25,25,302,1,0,roc_auc,test,0.7499094202898551
e2e,BACE,classification,0.25,25,302,1,1,roc_auc,test,0.6705615942028985
e2e,BACE,classification,0.25,25,302,1,2,roc_auc,test,0.6838768115942029
e2e,BACE,classification,0.25,25,302,1,0,roc_auc,train,0.7064207650273224
e2e,BACE,classification,0.25,25,302,1,1,roc_auc,train,0.6067622950819672
e2e,BACE,classification,0.25,25,302,1,2,roc_auc,train,0.6329918032786886
e2e,BACE,classification,0.25,25,302,1,0,nef1,test,1.0
e2e,BACE,classification,0.25,25,302,1,1,nef1,test,0.5
e2e,BACE,classification,0.25,25,302,1,2,nef1,test,0.0
e2e,BACE,classification,0.25,25,302,2,0,roc_auc,test,0.7298913043478261
e2e,BACE,classification,0.25,25,302,2,1,roc_auc,test,0.6697463768115942
e2e,BACE,classification,0.25,25,302,2,2,roc_auc,test,0.7483695652173914
e2e,BACE,classification,0.25,25,302,2,0,roc_auc,train,0.7265188265188265
e2e,BACE,classification,0.25,25,302,2,1,roc_auc,train,0.6768768768768769
e2e,BACE,classification,0.25,25,302,2,2,roc_auc,train,0.731947331947332
e2e,BACE,classification,0.25,25,302,2,0,nef1,test,1.0
e2e,BACE,classification,0.25,25,302,2,1,nef1,test,1.0
e2e,BACE,classification,0.25,25,302,2,2,nef1,test,1.0
e2e,BACE,classification,0.5,50,605,0,0,roc_auc,test,0.756159420289855
e2e,BACE,classification,0.5,50,605,0,1,roc_auc,test,0.7734601449275362
e2e,BACE,classification,0.5,50,605,0,2,roc_auc,test,0.7703804347826088
e2e,BACE,classification,0.5,50,605,0,0,roc_auc,train,0.7458734295642876
e2e,BACE,classification,0.5,50,605,0,1,roc_auc,train,0.7293058896908136
e2e,BACE,classification,0.5,50,605,0,2,roc_auc,train,0.7362447652142922
e2e,BACE,classification,0.5,50,605,0,0,nef1,test,1.0
e2e,BACE,classification,0.5,50,605,0,1,nef1,test,1.0
e2e,BACE,classification,0.5,50,605,0,2,nef1,test,1.0
e2e,BACE,classification,0.5,50,605,1,0,roc_auc,test,0.7069746376811594
e2e,BACE,classification,0.5,50,605,1,1,roc_auc,test,0.6656702898550725
e2e,BACE,classification,0.5,50,605,1,2,roc_auc,test,0.7220108695652175
e2e,BACE,classification,0.5,50,605,1,0,roc_auc,train,0.729278627532038
e2e,BACE,classification,0.5,50,605,1,1,roc_auc,train,0.8039995866060357
e2e,BACE,classification,0.5,50,605,1,2,roc_auc,train,0.7307140232419274
e2e,BACE,classification,0.5,50,605,1,0,nef1,test,1.0
e2e,BACE,classification,0.5,50,605,1,1,nef1,test,1.0
e2e,BACE,classification,0.5,50,605,1,2,nef1,test,1.0
e2e,BACE,classification,0.5,50,605,2,0,roc_auc,test,0.7125
e2e,BACE,classification,0.5,50,605,2,1,roc_auc,test,0.7128623188405797
e2e,BACE,classification,0.5,50,605,2,2,roc_auc,test,0.753713768115942
e2e,BACE,classification,0.5,50,605,2,0,roc_auc,train,0.7912151447072816
e2e,BACE,classification,0.5,50,605,2,1,roc_auc,train,0.7746795295361437
e2e,BACE,classification,0.5,50,605,2,2,roc_auc,train,0.7154805955684772
e2e,BACE,classification,0.5,50,605,2,0,nef1,test,1.0
e2e,BACE,classification,0.5,50,605,2,1,nef1,test,1.0
e2e,BACE,classification,0.5,50,605,2,2,nef1,test,1.0
e2e,BACE,classification,1.0,100,1210,0,0,roc_auc,test,0.7671195652173912
e2e,BACE,classification,1.0,100,1210,0,1,roc_auc,test,0.7061594202898551
e2e,BACE,classification,1.0,100,1210,0,2,roc_auc,test,0.7002717391304347
e2e,BACE,classification,1.0,100,1210,0,0,roc_auc,train,0.7039715024097227
e2e,BACE,classification,1.0,100,1210,0,1,roc_auc,train,0.7610183697702032
e2e,BACE,classification,1.0,100,1210,0,2,roc_auc,train,0.7984703499336453
e2e,BACE,classification,1.0,100,1210,0,0,nef1,test,1.0
e2e,BACE,classification,1.0,100,1210,0,1,nef1,test,1.0
e2e,BACE,classification,1.0,100,1210,0,2,nef1,test,1.0
e2e,Tox21,classification,0.05,5,313,0,0,roc_auc,test,0.6304422195906031
e2e,Tox21,classification,0.05,5,313,0,1,roc_auc,test,0.5455666268384523
e2e,Tox21,classification,0.05,5,313,0,2,roc_auc,test,0.5355557155620495
e2e,Tox21,classification,0.05,5,313,0,0,roc_auc,train,0.7850438822593189
e2e,Tox21,classification,0.05,5,313,0,1,roc_auc,train,0.5876790476492114
e2e,Tox21,classification,0.05,5,313,0,2,roc_auc,train,0.5952201978819708
e2e,Tox21,classification,0.05,5,313,0,0,nef1,test,0.2704365079365079
e2e,Tox21,classification,0.05,5,313,0,1,nef1,test,0.1429563492063492
e2e,Tox21,classification,0.05,5,313,0,2,nef1,test,0.1171626984126984
e2e,Tox21,classification,0.05,5,313,1,0,roc_auc,test,0.6255388434987104
e2e,Tox21,classification,0.05,5,313,1,1,roc_auc,test,0.6274175531763911
e2e,Tox21,classification,0.05,5,313,1,2,roc_auc,test,0.6197706474791791
e2e,Tox21,classification,0.05,5,313,1,0,roc_auc,train,0.7512294541574734
e2e,Tox21,classification,0.05,5,313,1,1,roc_auc,train,0.7640826311515886
e2e,Tox21,classification,0.05,5,313,1,2,roc_auc,train,0.7230431306821411
e2e,Tox21,classification,0.05,5,313,1,0,nef1,test,0.1873015873015873
e2e,Tox21,classification,0.05,5,313,1,1,nef1,test,0.1734126984126983
e2e,Tox21,classification,0.05,5,313,1,2,nef1,test,0.223015873015873
e2e,Tox21,classification,0.05,5,313,2,0,roc_auc,test,0.6210547009729274
e2e,Tox21,classification,0.05,5,313,2,1,roc_auc,test,0.5495602027345441
e2e,Tox21,classification,0.05,5,313,2,2,roc_auc,test,0.6130085543189988
e2e,Tox21,classification,0.05,5,313,2,0,roc_auc,train,0.7767322135405395
e2e,Tox21,classification,0.05,5,313,2,1,roc_auc,train,0.5722265035402733
e2e,Tox21,classification,0.05,5,313,2,2,roc_auc,train,0.7533835579353455
e2e,Tox21,classification,0.05,5,313,2,0,nef1,test,0.3316468253968254
e2e,Tox21,classification,0.05,5,313,2,1,nef1,test,0.1643849206349206
e2e,Tox21,classification,0.05,5,313,2,2,nef1,test,0.2398809523809523
e2e,Tox21,classification,0.1,10,626,0,0,roc_auc,test,0.6754187146680883
e2e,Tox21,classification,0.1,10,626,0,1,roc_auc,test,0.6770770875401467
e2e,Tox21,classification,0.1,10,626,0,2,roc_auc,test,0.6645792139027886
e2e,Tox21,classification,0.1,10,626,0,0,roc_auc,train,0.8365911207490376
e2e,Tox21,classification,0.1,10,626,0,1,roc_auc,train,0.8368136310480018
e2e,Tox21,classification,0.1,10,626,0,2,roc_auc,train,0.7940187451959373
e2e,Tox21,classification,0.1,10,626,0,0,nef1,test,0.4572420634920635
e2e,Tox21,classification,0.1,10,626,0,1,nef1,test,0.4815476190476191
e2e,Tox21,classification,0.1,10,626,0,2,nef1,test,0.3805555555555556
e2e,Tox21,classification,0.1,10,626,1,0,roc_auc,test,0.6535578176613949
e2e,Tox21,classification,0.1,10,626,1,1,roc_auc,test,0.6460548693655211
e2e,Tox21,classification,0.1,10,626,1,2,roc_auc,test,0.6678259759534756
e2e,Tox21,classification,0.1,10,626,1,0,roc_auc,train,0.8151685551926485
e2e,Tox21,classification,0.1,10,626,1,1,roc_auc,train,0.7965903974499358
e2e,Tox21,classification,0.1,10,626,1,2,roc_auc,train,0.8421318434937648
e2e,Tox21,classification,0.1,10,626,1,0,nef1,test,0.3701388888888889
e2e,Tox21,classification,0.1,10,626,1,1,nef1,test,0.3311507936507936
e2e,Tox21,classification,0.1,10,626,1,2,nef1,test,0.3820436507936508
e2e,Tox21,classification,0.1,10,626,2,0,roc_auc,test,0.6581994587170555
e2e,Tox21,classification,0.1,10,626,2,1,roc_auc,test,0.6304751783962372
e2e,Tox21,classification,0.1,10,626,2,2,roc_auc,test,0.6158100633209974
e2e,Tox21,classification,0.1,10,626,2,0,roc_auc,train,0.803340002077355
e2e,Tox21,classification,0.1,10,626,2,1,roc_auc,train,0.761210006515551
e2e,Tox21,classification,0.1,10,626,2,2,roc_auc,train,0.7222625072927552
e2e,Tox21,classification,0.1,10,626,2,0,nef1,test,0.3595238095238095
e2e,Tox21,classification,0.1,10,626,2,1,nef1,test,0.3192460317460318
e2e,Tox21,classification,0.1,10,626,2,2,nef1,test,0.2592261904761904
e2e,Tox21,classification,0.25,25,1566,0,0,roc_auc,test,0.6770813537753272
e2e,Tox21,classification,0.25,25,1566,0,1,roc_auc,test,0.6811145905955107
e2e,Tox21,classification,0.25,25,1566,0,2,roc_auc,test,0.6829714474734961
e2e,Tox21,classification,0.25,25,1566,0,0,roc_auc,train,0.7971151475436221
e2e,Tox21,classification,0.25,25,1566,0,1,roc_auc,train,0.8204019240913637
e2e,Tox21,classification,0.25,25,1566,0,2,roc_auc,train,0.8412227046463264
e2e,Tox21,classification,0.25,25,1566,0,0,nef1,test,0.4390873015873016
e2e,Tox21,classification,0.25,25,1566,0,1,nef1,test,0.4398809523809524
e2e,Tox21,classification,0.25,25,1566,0,2,nef1,test,0.4775793650793651
e2e,Tox21,classification,0.25,25,1566,1,0,roc_auc,test,0.6976373400526322
e2e,Tox21,classification,0.25,25,1566,1,1,roc_auc,test,0.6940622076381917
e2e,Tox21,classification,0.25,25,1566,1,2,roc_auc,test,0.6925745340707463
e2e,Tox21,classification,0.25,25,1566,1,0,roc_auc,train,0.8134189860898503
e2e,Tox21,classification,0.25,25,1566,1,1,roc_auc,train,0.8399395721996165
e2e,Tox21,classification,0.25,25,1566,1,2,roc_auc,train,0.8533260184025934
e2e,Tox21,classification,0.25,25,1566,1,0,nef1,test,0.4957341269841271
e2e,Tox21,classification,0.25,25,1566,1,1,nef1,test,0.5284722222222221
e2e,Tox21,classification,0.25,25,1566,1,2,nef1,test,0.4947420634920634
e2e,Tox21,classification,0.25,25,1566,2,0,roc_auc,test,0.6633501420480891
e2e,Tox21,classification,0.25,25,1566,2,1,roc_auc,test,0.6923531494051675
e2e,Tox21,classification,0.25,25,1566,2,2,roc_auc,test,0.6921070884953543
e2e,Tox21,classification,0.25,25,1566,2,0,roc_auc,train,0.7560655626589828
e2e,Tox21,classification,0.25,25,1566,2,1,roc_auc,train,0.7984519427506189
e2e,Tox21,classification,0.25,25,1566,2,2,roc_auc,train,0.7957551619890787
e2e,Tox21,classification,0.25,25,1566,2,0,nef1,test,0.3304563492063492
e2e,Tox21,classification,0.25,25,1566,2,1,nef1,test,0.4944444444444444
e2e,Tox21,classification,0.25,25,1566,2,2,nef1,test,0.4845238095238095
e2e,Tox21,classification,0.5,50,3132,0,0,roc_auc,test,0.704146909757846
e2e,Tox21,classification,0.5,50,3132,0,1,roc_auc,test,0.7095820460356883
e2e,Tox21,classification,0.5,50,3132,0,2,roc_auc,test,0.708869674796789
e2e,Tox21,classification,0.5,50,3132,0,0,roc_auc,train,0.8607193117398036
e2e,Tox21,classification,0.5,50,3132,0,1,roc_auc,train,0.8842717023636006
e2e,Tox21,classification,0.5,50,3132,0,2,roc_auc,train,0.8766046174432317
e2e,Tox21,classification,0.5,50,3132,0,0,nef1,test,0.534920634920635
e2e,Tox21,classification,0.5,50,3132,0,1,nef1,test,0.6103174603174603
e2e,Tox21,classification,0.5,50,3132,0,2,nef1,test,0.5825396825396826
e2e,Tox21,classification,0.5,50,3132,1,0,roc_auc,test,0.7056652591050757
e2e,Tox21,classification,0.5,50,3132,1,1,roc_auc,test,0.7197733558064727
e2e,Tox21,classification,0.5,50,3132,1,2,roc_auc,test,0.7114798622297017
e2e,Tox21,classification,0.5,50,3132,1,0,roc_auc,train,0.8189316315332921
e2e,Tox21,classification,0.5,50,3132,1,1,roc_auc,train,0.8929862679939418
e2e,Tox21,classification,0.5,50,3132,1,2,roc_auc,train,0.8451119264270913
e2e,Tox21,classification,0.5,50,3132,1,0,nef1,test,0.5502976190476191
e2e,Tox21,classification,0.5,50,3132,1,1,nef1,test,0.5142857142857142
e2e,Tox21,classification,0.5,50,3132,1,2,nef1,test,0.5428571428571429
e2e,Tox21,classification,0.5,50,3132,2,0,roc_auc,test,0.7135055559949683
e2e,Tox21,classification,0.5,50,3132,2,1,roc_auc,test,0.7095942771089226
e2e,Tox21,classification,0.5,50,3132,2,2,roc_auc,test,0.7071496169587898
e2e,Tox21,classification,0.5,50,3132,2,0,roc_auc,train,0.8699641553370708
e2e,Tox21,classification,0.5,50,3132,2,1,roc_auc,train,0.8096631716185015
e2e,Tox21,classification,0.5,50,3132,2,2,roc_auc,train,0.8514873673295917
e2e,Tox21,classification,0.5,50,3132,2,0,nef1,test,0.5458333333333334
e2e,Tox21,classification,0.5,50,3132,2,1,nef1,test,0.4461309523809524
e2e,Tox21,classification,0.5,50,3132,2,2,nef1,test,0.4446428571428571
e2e,Tox21,classification,1.0,100,6264,0,0,roc_auc,test,0.7341631480317266
e2e,Tox21,classification,1.0,100,6264,0,1,roc_auc,test,0.7340854435733014
e2e,Tox21,classification,1.0,100,6264,0,2,roc_auc,test,0.7219244688914096
e2e,Tox21,classification,1.0,100,6264,0,0,roc_auc,train,0.8998527470867578
e2e,Tox21,classification,1.0,100,6264,0,1,roc_auc,train,0.8955730499494471
e2e,Tox21,classification,1.0,100,6264,0,2,roc_auc,train,0.8924417679046913
e2e,Tox21,classification,1.0,100,6264,0,0,nef1,test,0.5537698412698412
e2e,Tox21,classification,1.0,100,6264,0,1,nef1,test,0.5217261904761904
e2e,Tox21,classification,1.0,100,6264,0,2,nef1,test,0.5264880952380953
e2e,HIV,classification,0.05,5,1645,0,0,roc_auc,test,0.6942360802641998
e2e,HIV,classification,0.05,5,1645,0,1,roc_auc,test,0.6924911643716566
e2e,HIV,classification,0.05,5,1645,0,2,roc_auc,test,0.6921039417524479
e2e,HIV,classification,0.05,5,1645,0,0,roc_auc,train,0.871713729308666
e2e,HIV,classification,0.05,5,1645,0,1,roc_auc,train,0.8397419668938656
e2e,HIV,classification,0.05,5,1645,0,2,roc_auc,train,0.8687341772151899
e2e,HIV,classification,0.05,5,1645,0,0,nef1,test,0.2857142857142857
e2e,HIV,classification,0.05,5,1645,0,1,nef1,test,0.3333333333333333
e2e,HIV,classification,0.05,5,1645,0,2,nef1,test,0.3571428571428571
e2e,HIV,classification,0.05,5,1645,1,0,roc_auc,test,0.6684138357249079
e2e,HIV,classification,0.05,5,1645,1,1,roc_auc,test,0.6592344386720483
e2e,HIV,classification,0.05,5,1645,1,2,roc_auc,test,0.6792010274435583
e2e,HIV,classification,0.05,5,1645,1,0,roc_auc,train,0.8939435248296008
e2e,HIV,classification,0.05,5,1645,1,1,roc_auc,train,0.8876338851022396
e2e,HIV,classification,0.05,5,1645,1,2,roc_auc,train,0.8169230769230769
e2e,HIV,classification,0.05,5,1645,1,0,nef1,test,0.5
e2e,HIV,classification,0.05,5,1645,1,1,nef1,test,0.5
e2e,HIV,classification,0.05,5,1645,1,2,nef1,test,0.4047619047619047
e2e,HIV,classification,0.05,5,1645,2,0,roc_auc,test,0.6950028003630815
e2e,HIV,classification,0.05,5,1645,2,1,roc_auc,test,0.6943210567990884
e2e,HIV,classification,0.05,5,1645,2,2,roc_auc,test,0.706739218602136
e2e,HIV,classification,0.05,5,1645,2,0,roc_auc,train,0.936607892527288
e2e,HIV,classification,0.05,5,1645,2,1,roc_auc,train,0.923444473905166
e2e,HIV,classification,0.05,5,1645,2,2,roc_auc,train,0.879673206946838
e2e,HIV,classification,0.05,5,1645,2,0,nef1,test,0.2142857142857142
e2e,HIV,classification,0.05,5,1645,2,1,nef1,test,0.1904761904761904
e2e,HIV,classification,0.05,5,1645,2,2,nef1,test,0.2619047619047619
e2e,HIV,classification,0.1,10,3290,0,0,roc_auc,test,0.7239537264141833
e2e,HIV,classification,0.1,10,3290,0,1,roc_auc,test,0.7233859286583363
e2e,HIV,classification,0.1,10,3290,0,2,roc_auc,test,0.7229224202862164
e2e,HIV,classification,0.1,10,3290,0,0,roc_auc,train,0.9064009231145436
e2e,HIV,classification,0.1,10,3290,0,1,roc_auc,train,0.8998443645181667
e2e,HIV,classification,0.1,10,3290,0,2,roc_auc,train,0.874564424428912
e2e,HIV,classification,0.1,10,3290,0,0,nef1,test,0.5238095238095238
e2e,HIV,classification,0.1,10,3290,0,1,nef1,test,0.4285714285714285
e2e,HIV,classification,0.1,10,3290,0,2,nef1,test,0.5
e2e,HIV,classification,0.1,10,3290,1,0,roc_auc,test,0.671294347129145
e2e,HIV,classification,0.1,10,3290,1,1,roc_auc,test,0.6756242878386991
e2e,HIV,classification,0.1,10,3290,1,2,roc_auc,test,0.6843681801502539
e2e,HIV,classification,0.1,10,3290,1,0,roc_auc,train,0.8727482526032645
e2e,HIV,classification,0.1,10,3290,1,1,roc_auc,train,0.8375379536608726
e2e,HIV,classification,0.1,10,3290,1,2,roc_auc,train,0.8743007865832535
e2e,HIV,classification,0.1,10,3290,1,0,nef1,test,0.4761904761904761
e2e,HIV,classification,0.1,10,3290,1,1,nef1,test,0.5238095238095238
e2e,HIV,classification,0.1,10,3290,1,2,nef1,test,0.5714285714285714
e2e,HIV,classification,0.1,10,3290,2,0,roc_auc,test,0.6979132466830182
e2e,HIV,classification,0.1,10,3290,2,1,roc_auc,test,0.6755875934259062
e2e,HIV,classification,0.1,10,3290,2,2,roc_auc,test,0.691143127522741
e2e,HIV,classification,0.1,10,3290,2,0,roc_auc,train,0.8812220058422591
e2e,HIV,classification,0.1,10,3290,2,1,roc_auc,train,0.9206864654333008
e2e,HIV,classification,0.1,10,3290,2,2,roc_auc,train,0.8982984420642649
e2e,HIV,classification,0.1,10,3290,2,0,nef1,test,0.5952380952380952
e2e,HIV,classification,0.1,10,3290,2,1,nef1,test,0.4523809523809524
e2e,HIV,classification,0.1,10,3290,2,2,nef1,test,0.5714285714285714
e2e,HIV,classification,0.25,25,8225,0,0,roc_auc,test,0.7429546727437764
e2e,HIV,classification,0.25,25,8225,0,1,roc_auc,test,0.7413546032175206
e2e,HIV,classification,0.25,25,8225,0,2,roc_auc,test,0.7293246296761235
e2e,HIV,classification,0.25,25,8225,0,0,roc_auc,train,0.8762649842271294
e2e,HIV,classification,0.25,25,8225,0,1,roc_auc,train,0.9013764458464774
e2e,HIV,classification,0.25,25,8225,0,2,roc_auc,train,0.9353903259726604
e2e,HIV,classification,0.25,25,8225,0,0,nef1,test,0.6190476190476191
e2e,HIV,classification,0.25,25,8225,0,1,nef1,test,0.6190476190476191
e2e,HIV,classification,0.25,25,8225,0,2,nef1,test,0.5714285714285714
e2e,HIV,classification,0.25,25,8225,1,0,roc_auc,test,0.7005002027849128
e2e,HIV,classification,0.25,25,8225,1,1,roc_auc,test,0.7170464860271538
e2e,HIV,classification,0.25,25,8225,1,2,roc_auc,test,0.7061057571602387
e2e,HIV,classification,0.25,25,8225,1,0,roc_auc,train,0.8724063604606388
e2e,HIV,classification,0.25,25,8225,1,1,roc_auc,train,0.909597545539786
e2e,HIV,classification,0.25,25,8225,1,2,roc_auc,train,0.8577541101934177
e2e,HIV,classification,0.25,25,8225,1,0,nef1,test,0.5952380952380952
e2e,HIV,classification,0.25,25,8225,1,1,nef1,test,0.5
e2e,HIV,classification,0.25,25,8225,1,2,nef1,test,0.5952380952380952
e2e,HIV,classification,0.25,25,8225,2,0,roc_auc,test,0.7018163734332451
e2e,HIV,classification,0.25,25,8225,2,1,roc_auc,test,0.7184959153324707
e2e,HIV,classification,0.25,25,8225,2,2,roc_auc,test,0.7122559338728056
e2e,HIV,classification,0.25,25,8225,2,0,roc_auc,train,0.9092990402296984
e2e,HIV,classification,0.25,25,8225,2,1,roc_auc,train,0.8927648950201761
e2e,HIV,classification,0.25,25,8225,2,2,roc_auc,train,0.8728498070710884
e2e,HIV,classification,0.25,25,8225,2,0,nef1,test,0.5714285714285714
e2e,HIV,classification,0.25,25,8225,2,1,nef1,test,0.5714285714285714
e2e,HIV,classification,0.25,25,8225,2,2,nef1,test,0.5476190476190477
e2e,HIV,classification,0.5,50,16450,0,0,roc_auc,test,0.7587912087912089
e2e,HIV,classification,0.5,50,16450,0,1,roc_auc,test,0.75414646864559
e2e,HIV,classification,0.5,50,16450,0,2,roc_auc,test,0.7533411228490314
e2e,HIV,classification,0.5,50,16450,0,0,roc_auc,train,0.91831404782309
e2e,HIV,classification,0.5,50,16450,0,1,roc_auc,train,0.8675203050239737
e2e,HIV,classification,0.5,50,16450,0,2,roc_auc,train,0.8737491216389589
e2e,HIV,classification,0.5,50,16450,0,0,nef1,test,0.6666666666666666
e2e,HIV,classification,0.5,50,16450,0,1,nef1,test,0.5476190476190477
e2e,HIV,classification,0.5,50,16450,0,2,nef1,test,0.5952380952380952
e2e,HIV,classification,0.5,50,16450,1,0,roc_auc,test,0.7720011973966281
e2e,HIV,classification,0.5,50,16450,1,1,roc_auc,test,0.7674588153498522
e2e,HIV,classification,0.5,50,16450,1,2,roc_auc,test,0.754956642654358
e2e,HIV,classification,0.5,50,16450,1,0,roc_auc,train,0.9046118028243636
e2e,HIV,classification,0.5,50,16450,1,1,roc_auc,train,0.9248417154035824
e2e,HIV,classification,0.5,50,16450,1,2,roc_auc,train,0.8725373423267379
e2e,HIV,classification,0.5,50,16450,1,0,nef1,test,0.5714285714285714
e2e,HIV,classification,0.5,50,16450,1,1,nef1,test,0.5238095238095238
e2e,HIV,classification,0.5,50,16450,1,2,nef1,test,0.5714285714285714
e2e,HIV,classification,0.5,50,16450,2,0,roc_auc,test,0.7602725042971089
e2e,HIV,classification,0.5,50,16450,2,1,roc_auc,test,0.7527269742559725
e2e,HIV,classification,0.5,50,16450,2,2,roc_auc,test,0.7549836806427316
e2e,HIV,classification,0.5,50,16450,2,0,roc_auc,train,0.934716641644034
e2e,HIV,classification,0.5,50,16450,2,1,roc_auc,train,0.90485457934031
e2e,HIV,classification,0.5,50,16450,2,2,roc_auc,train,0.853591539500963
e2e,HIV,classification,0.5,50,16450,2,0,nef1,test,0.5714285714285714
e2e,HIV,classification,0.5,50,16450,2,1,nef1,test,0.5476190476190477
e2e,HIV,classification,0.5,50,16450,2,2,nef1,test,0.5714285714285714
e2e,HIV,classification,1.0,100,32901,0,0,roc_auc,test,0.7425462059908456
e2e,HIV,classification,1.0,100,32901,0,1,roc_auc,test,0.7421271171710538
e2e,HIV,classification,1.0,100,32901,0,2,roc_auc,test,0.7342764441182719
e2e,HIV,classification,1.0,100,32901,0,0,roc_auc,train,0.9435331337171464
e2e,HIV,classification,1.0,100,32901,0,1,roc_auc,train,0.9232821011206418
e2e,HIV,classification,1.0,100,32901,0,2,roc_auc,train,0.942910072142326
e2e,HIV,classification,1.0,100,32901,0,0,nef1,test,0.5476190476190477
e2e,HIV,classification,1.0,100,32901,0,1,nef1,test,0.6428571428571429
e2e,HIV,classification,1.0,100,32901,0,2,nef1,test,0.6428571428571429
