arm,task,task_type,fraction,pct,n_train,subsample_seed,head_seed,metric,split,value
random,ESOL,regression,0.05,5,45,0,0,rmse,test,1.6091023683547974
random,ESOL,regression,0.05,5,45,0,0,rmse,train,0.45969802141189575
random,ESOL,regression,0.05,5,45,0,1,rmse,test,1.580008625984192
random,ESOL,regression,0.05,5,45,0,1,rmse,train,0.4360961318016052
random,ESOL,regression,0.05,5,45,0,2,rmse,test,1.6345559358596802
random,ESOL,regression,0.05,5,45,0,2,rmse,train,0.5720222592353821
random,ESOL,regression,0.05,5,45,1,0,rmse,test,1.335216760635376
random,ESOL,regression,0.05,5,45,1,0,rmse,train,0.47364845871925354
random,ESOL,regression,0.05,5,45,1,1,rmse,test,1.4062591791152954
random,ESOL,regression,0.05,5,45,1,1,rmse,train,0.3269652724266052
random,ESOL,regression,0.05,5,45,1,2,rmse,test,1.4231196641921997
random,ESOL,regression,0.05,5,45,1,2,rmse,train,0.3517937660217285
random,ESOL,regression,0.05,5,45,2,0,rmse,test,1.7432628870010376
random,ESOL,regression,0.05,5,45,2,0,rmse,train,0.9056476354598999
random,ESOL,regression,0.05,5,45,2,1,rmse,test,1.776490569114685
random,ESOL,regression,0.05,5,45,2,1,rmse,train,0.8960188627243042
random,ESOL,regression,0.05,5,45,2,2,rmse,test,1.8334254026412964
random,ESOL,regression,0.05,5,45,2,2,rmse,train,0.8911111354827881
random,ESOL,regression,0.1,10,90,0,0,rmse,test,1.2169263362884521
random,ESOL,regression,0.1,10,90,0,0,rmse,train,0.6834465861320496
random,ESOL,regression,0.1,10,90,0,1,rmse,test,1.2245583534240723
random,ESOL,regression,0.1,10,90,0,1,rmse,train,0.6439486742019653
random,ESOL,regression,0.1,10,90,0,2,rmse,test,1.1878933906555176
random,ESOL,regression,0.1,10,90,0,2,rmse,train,0.7448225021362305
random,ESOL,regression,0.1,10,90,1,0,rmse,test,1.2990667819976807
random,ESOL,regression,0.1,10,90,1,0,rmse,train,0.5284897685050964
random,ESOL,regression,0.1,10,90,1,1,rmse,test,1.369211196899414
random,ESOL,regression,0.1,10,90,1,1,rmse,train,0.6300893425941467
random,ESOL,regression,0.1,10,90,1,2,rmse,test,1.3379355669021606
random,ESOL,regression,0.1,10,90,1,2,rmse,train,0.5633201003074646
random,ESOL,regression,0.1,10,90,2,0,rmse,test,1.4988622665405273
random,ESOL,regression,0.1,10,90,2,0,rmse,train,0.42312857508659363
random,ESOL,regression,0.1,10,90,2,1,rmse,test,1.525314450263977
random,ESOL,regression,0.1,10,90,2,1,rmse,train,0.3717515170574188
random,ESOL,regression,0.1,10,90,2,2,rmse,test,1.417032241821289
random,ESOL,regression,0.1,10,90,2,2,rmse,train,0.3729079067707062
random,ESOL,regression,0.25,25,226,0,0,rmse,test,1.355205774307251
random,ESOL,regression,0.25,25,226,0,0,rmse,train,0.49619632959365845
random,ESOL,regression,0.25,25,226,0,1,rmse,test,1.3190124034881592
random,ESOL,regression,0.25,25,226,0,1,rmse,train,0.6262312531471252
random,ESOL,regression,0.25,25,226,0,2,rmse,test,1.3084441423416138
random,ESOL,regression,0.25,25,226,0,2,rmse,train,0.6082178354263306
random,ESOL,regression,0.25,25,226,1,0,rmse,test,1.2594709396362305
random,ESOL,regression,0.25,25,226,1,0,rmse,train,0.5311703085899353
random,ESOL,regression,0.25,25,226,1,1,rmse,test,1.264362096786499
random,ESOL,regression,0.25,25,226,1,1,rmse,train,0.5322961807250977
random,ESOL,regression,0.25,25,226,1,2,rmse,test,1.2866984605789185
random,ESOL,regression,0.25,25,226,1,2,rmse,train,0.4558992385864258
random,ESOL,regression,0.25,25,226,2,0,rmse,test,1.3681046962738037
random,ESOL,regression,0.25,25,226,2,0,rmse,train,0.6023546457290649
random,ESOL,regression,0.25,25,226,2,1,rmse,test,1.4196672439575195
random,ESOL,regression,0.25,25,226,2,1,rmse,train,0.5502772927284241
random,ESOL,regression,0.25,25,226,2,2,rmse,test,1.4260936975479126
random,ESOL,regression,0.25,25,226,2,2,rmse,train,0.6504323482513428
random,ESOL,regression,0.5,50,451,0,0,rmse,test,1.3912025690078735
random,ESOL,regression,0.5,50,451,0,0,rmse,train,0.9437288045883179
random,ESOL,regression,0.5,50,451,0,1,rmse,test,1.3254355192184448
random,ESOL,regression,0.5,50,451,0,1,rmse,train,0.6588242650032043
random,ESOL,regression,0.5,50,451,0,2,rmse,test,1.3534221649169922
random,ESOL,regression,0.5,50,451,0,2,rmse,train,0.8000618815422058
random,ESOL,regression,0.5,50,451,1,0,rmse,test,1.2068740129470825
random,ESOL,regression,0.5,50,451,1,0,rmse,train,0.8244681358337402
random,ESOL,regression,0.5,50,451,1,1,rmse,test,1.3265693187713623
random,ESOL,regression,0.5,50,451,1,1,rmse,train,0.7231419086456299
random,ESOL,regression,0.5,50,451,1,2,rmse,test,1.217423439025879
random,ESOL,regression,0.5,50,451,1,2,rmse,train,0.5940826535224915
random,ESOL,regression,0.5,50,451,2,0,rmse,test,1.418034315109253
random,ESOL,regression,0.5,50,451,2,0,rmse,train,1.0135104656219482
random,ESOL,regression,0.5,50,451,2,1,rmse,test,1.3370352983474731
random,ESOL,regression,0.5,50,451,2,1,rmse,train,0.8294104337692261
random,ESOL,regression,0.5,50,451,2,2,rmse,test,1.3360779285430908
random,ESOL,regression,0.5,50,451,2,2,rmse,train,0.7969402074813843
random,ESOL,regression,1.0,100,902,0,0,rmse,test,1.2857201099395752
random,ESOL,regression,1.0,100,902,0,0,rmse,train,0.9892145991325378
random,ESOL,regression,1.0,100,902,0,1,rmse,test,1.348770022392273
random,ESOL,regression,1.0,100,902,0,1,rmse,train,0.9431263208389282
random,ESOL,regression,1.0,100,902,0,2,rmse,test,1.3233903646469116
random,ESOL,regression,1.0,100,902,0,2,rmse,train,0.9480489492416382
random,Lipophilicity,regression,0.05,5,168,0,0,rmse,test,1.117120385169983
random,Lipophilicity,regression,0.05,5,168,0,0,rmse,train,0.8538751006126404
random,Lipophilicity,regression,0.05,5,168,0,1,rmse,test,1.1418856382369995
random,Lipophilicity,regression,0.05,5,168,0,1,rmse,train,0.5369209051132202
random,Lipophilicity,regression,0.05,5,168,0,2,rmse,test,1.14306640625
random,Lipophilicity,regression,0.05,5,168,0,2,rmse,train,0.4103694260120392
random,Lipophilicity,regression,0.05,5,168,1,0,rmse,test,1.0621898174285889
random,Lipophilicity,regression,0.05,5,168,1,0,rmse,train,0.8488684892654419
random,Lipophilicity,regression,0.05,5,168,1,1,rmse,test,1.1234532594680786
random,Lipophilicity,regression,0.05,5,168,1,1,rmse,train,0.7026187777519226
random,Lipophilicity,regression,0.05,5,168,1,2,rmse,test,1.1446434259414673
random,Lipophilicity,regression,0.05,5,168,1,2,rmse,train,0.7834752798080444
random,Lipophilicity,regression,0.05,5,168,2,0,rmse,test,1.0667669773101807
random,Lipophilicity,regression,0.05,5,168,2,0,rmse,train,0.7398270964622498
random,Lipophilicity,regression,0.05,5,168,2,1,rmse,test,1.0924265384674072
random,Lipophilicity,regression,0.05,5,168,2,1,rmse,train,0.7319545745849609
random,Lipophilicity,regression,0.05,5,168,2,2,rmse,test,1.0735650062561035
random,Lipophilicity,regression,0.05,5,168,2,2,rmse,train,0.6481518149375916
random,Lipophilicity,regression,0.1,10,336,0,0,rmse,test,1.0849308967590332
random,Lipophilicity,regression,0.1,10,336,0,0,rmse,train,0.8429452776908875
random,Lipophilicity,regression,0.1,10,336,0,1,rmse,test,1.0667762756347656
random,Lipophilicity,regression,0.1,10,336,0,1,rmse,train,0.7623661756515503
random,Lipophilicity,regression,0.1,10,336,0,2,rmse,test,1.091966986656189
random,Lipophilicity,regression,0.1,10,336,0,2,rmse,train,0.8174189329147339
random,Lipophilicity,regression,0.1,10,336,1,0,rmse,test,1.1251732110977173
random,Lipophilicity,regression,0.1,10,336,1,0,rmse,train,0.7112616896629333
random,Lipophilicity,regression,0.1,10,336,1,1,rmse,test,1.077581763267517
random,Lipophilicity,regression,0.1,10,336,1,1,rmse,train,0.9643462896347046
random,Lipophilicity,regression,0.1,10,336,1,2,rmse,test,1.1102333068847656
random,Lipophilicity,regression,0.1,10,336,1,2,rmse,train,0.8463074564933777
random,Lipophilicity,regression,0.1,10,336,2,0,rmse,test,1.1323105096817017
random,Lipophilicity,regression,0.1,10,336,2,0,rmse,train,0.5646768808364868
random,Lipophilicity,regression,0.1,10,336,2,1,rmse,test,1.0860422849655151
random,Lipophilicity,regression,0.1,10,336,2,1,rmse,train,0.9615369439125061
random,Lipophilicity,regression,0.1,10,336,2,2,rmse,test,1.1058578491210938
random,Lipophilicity,regression,0.1,10,336,2,2,rmse,train,0.7337817549705505
random,Lipophilicity,regression,0.25,25,840,0,0,rmse,test,1.061476469039917
random,Lipophilicity,regression,0.25,25,840,0,0,rmse,train,0.802826464176178
random,Lipophilicity,regression,0.25,25,840,0,1,rmse,test,1.027563214302063
random,Lipophilicity,regression,0.25,25,840,0,1,rmse,train,0.7067812085151672
random,Lipophilicity,regression,0.25,25,840,0,2,rmse,test,1.0129026174545288
random,Lipophilicity,regression,0.25,25,840,0,2,rmse,train,0.7722479104995728
random,Lipophilicity,regression,0.25,25,840,1,0,rmse,test,1.0387026071548462
random,Lipophilicity,regression,0.25,25,840,1,0,rmse,train,0.5486619472503662
random,Lipophilicity,regression,0.25,25,840,1,1,rmse,test,1.0326679944992065
random,Lipophilicity,regression,0.25,25,840,1,1,rmse,train,0.6980200409889221
random,Lipophilicity,regression,0.25,25,840,1,2,rmse,test,1.005345106124878
random,Lipophilicity,regression,0.25,25,840,1,2,rmse,train,0.6572509407997131
random,Lipophilicity,regression,0.25,25,840,2,0,rmse,test,1.0367543697357178
random,Lipophilicity,regression,0.25,25,840,2,0,rmse,train,0.652457058429718
random,Lipophilicity,regression,0.25,25,840,2,1,rmse,test,1.0093821287155151
random,Lipophilicity,regression,0.25,25,840,2,1,rmse,train,0.7100173234939575
random,Lipophilicity,regression,0.25,25,840,2,2,rmse,test,1.0298916101455688
random,Lipophilicity,regression,0.25,25,840,2,2,rmse,train,0.5176980495452881
random,Lipophilicity,regression,0.5,50,1680,0,0,rmse,test,0.9741726517677307
random,Lipophilicity,regression,0.5,50,1680,0,0,rmse,train,0.6934249401092529
random,Lipophilicity,regression,0.5,50,1680,0,1,rmse,test,0.9844525456428528
random,Lipophilicity,regression,0.5,50,1680,0,1,rmse,train,0.7143338322639465
random,Lipophilicity,regression,0.5,50,1680,0,2,rmse,test,1.0169529914855957
random,Lipophilicity,regression,0.5,50,1680,0,2,rmse,train,0.6572636365890503
random,Lipophilicity,regression,0.5,50,1680,1,0,rmse,test,1.0163445472717285
random,Lipophilicity,regression,0.5,50,1680,1,0,rmse,train,0.6575179100036621
random,Lipophilicity,regression,0.5,50,1680,1,1,rmse,test,0.9645270109176636
random,Lipophilicity,regression,0.5,50,1680,1,1,rmse,train,0.8082266449928284
random,Lipophilicity,regression,0.5,50,1680,1,2,rmse,test,0.9655278325080872
random,Lipophilicity,regression,0.5,50,1680,1,2,rmse,train,0.7503944039344788
random,Lipophilicity,regression,0.5,50,1680,2,0,rmse,test,0.9902145266532898
random,Lipophilicity,regression,0.5,50,1680,2,0,rmse,train,0.6484631896018982
random,Lipophilicity,regression,0.5,50,1680,2,1,rmse,test,1.021403431892395
random,Lipophilicity,regression,0.5,50,1680,2,1,rmse,train,0.7320976257324219
random,Lipophilicity,regression,0.5,50,1680,2,2,rmse,test,1.0151028633117676
random,Lipophilicity,regression,0.5,50,1680,2,2,rmse,train,0.7519259452819824
random,Lipophilicity,regression,1.0,100,3360,0,0,rmse,test,0.9582524299621582
random,Lipophilicity,regression,1.0,100,3360,0,0,rmse,train,0.7227048277854919
random,Lipophilicity,regression,1.0,100,3360,0,1,rmse,test,0.9766207933425903
random,Lipophilicity,regression,1.0,100,3360,0,1,rmse,train,0.7118939757347107
random,Lipophilicity,regression,1.0,100,3360,0,2,rmse,test,0.9916460514068604
random,Lipophilicity,regression,1.0,100,3360,0,2,rmse,train,0.719321608543396
random,QM7,regression,0.05,5,274,0,0,rmse,test,221.62286376953125
random,QM7,regression,0.05,5,274,0,0,rmse,train,214.35560607910156
random,QM7,regression,0.05,5,274,0,1,rmse,test,219.5746612548828
random,QM7,regression,0.05,5,274,0,1,rmse,train,214.3466339111328
random,QM7,regression,0.05,5,274,0,2,rmse,test,241.1979522705078
random,QM7,regression,0.05,5,274,0,2,rmse,train,210.885009765625
random,QM7,regression,0.05,5,274,1,0,rmse,test,212.95745849609375
random,QM7,regression,0.05,5,274,1,0,rmse,train,210.48464965820312
random,QM7,regression,0.05,5,274,1,1,rmse,test,214.65234375
random,QM7,regression,0.05,5,274,1,1,rmse,train,205.83053588867188
random,QM7,regression,0.05,5,274,1,2,rmse,test,224.35008239746094
random,QM7,regression,0.05,5,274,1,2,rmse,train,218.30833435058594
random,QM7,regression,0.05,5,274,2,0,rmse,test,219.0007781982422
random,QM7,regression,0.05,5,274,2,0,rmse,train,194.6676025390625
random,QM7,regression,0.05,5,274,2,1,rmse,test,226.9692840576172
random,QM7,regression,0.05,5,274,2,1,rmse,train,208.0507049560547
random,QM7,regression,0.05,5,274,2,2,rmse,test,235.07485961914062
random,QM7,regression,0.05,5,274,2,2,rmse,train,205.3396759033203
random,QM7,regression,0.1,10,547,0,0,rmse,test,230.054931640625
random,QM7,regression,0.1,10,547,0,0,rmse,train,176.9512176513672
random,QM7,regression,0.1,10,547,0,1,rmse,test,229.1726531982422
random,QM7,regression,0.1,10,547,0,1,rmse,train,206.3633575439453
random,QM7,regression,0.1,10,547,0,2,rmse,test,231.4051971435547
random,QM7,regression,0.1,10,547,0,2,rmse,train,183.49554443359375
random,QM7,regression,0.1,10,547,1,0,rmse,test,243.80783081054688
random,QM7,regression,0.1,10,547,1,0,rmse,train,195.67758178710938
random,QM7,regression,0.1,10,547,1,1,rmse,test,226.64833068847656
random,QM7,regression,0.1,10,547,1,1,rmse,train,215.07058715820312
random,QM7,regression,0.1,10,547,1,2,rmse,test,221.87803649902344
random,QM7,regression,0.1,10,547,1,2,rmse,train,236.24557495117188
random,QM7,regression,0.1,10,547,2,0,rmse,test,221.69949340820312
random,QM7,regression,0.1,10,547,2,0,rmse,train,199.21397399902344
random,QM7,regression,0.1,10,547,2,1,rmse,test,212.8290557861328
random,QM7,regression,0.1,10,547,2,1,rmse,train,190.6363983154297
random,QM7,regression,0.1,10,547,2,2,rmse,test,219.3263702392578
random,QM7,regression,0.1,10,547,2,2,rmse,train,180.53765869140625
random,QM7,regression,0.25,25,1368,0,0,rmse,test,208.7416229248047
random,QM7,regression,0.25,25,1368,0,0,rmse,train,208.6240692138672
random,QM7,regression,0.25,25,1368,0,1,rmse,test,210.63058471679688
random,QM7,regression,0.25,25,1368,0,1,rmse,train,197.8172149658203
random,QM7,regression,0.25,25,1368,0,2,rmse,test,216.34725952148438
random,QM7,regression,0.25,25,1368,0,2,rmse,train,182.4293670654297
random,QM7,regression,0.25,25,1368,1,0,rmse,test,211.84425354003906
random,QM7,regression,0.25,25,1368,1,0,rmse,train,213.69976806640625
random,QM7,regression,0.25,25,1368,1,1,rmse,test,213.42225646972656
random,QM7,regression,0.25,25,1368,1,1,rmse,train,192.35890197753906
random,QM7,regression,0.25,25,1368,1,2,rmse,test,210.4346466064453
random,QM7,regression,0.25,25,1368,1,2,rmse,train,196.61160278320312
random,QM7,regression,0.25,25,1368,2,0,rmse,test,209.81141662597656
random,QM7,regression,0.25,25,1368,2,0,rmse,train,201.95086669921875
random,QM7,regression,0.25,25,1368,2,1,rmse,test,216.86050415039062
random,QM7,regression,0.25,25,1368,2,1,rmse,train,212.68701171875
random,QM7,regression,0.25,25,1368,2,2,rmse,test,214.54946899414062
random,QM7,regression,0.25,25,1368,2,2,rmse,train,192.8906707763672
random,QM7,regression,0.5,50,2735,0,0,rmse,test,214.16891479492188
random,QM7,regression,0.5,50,2735,0,0,rmse,train,208.22134399414062
random,QM7,regression,0.5,50,2735,0,1,rmse,test,208.7753448486328
random,QM7,regression,0.5,50,2735,0,1,rmse,train,183.34164428710938
random,QM7,regression,0.5,50,2735,0,2,rmse,test,212.11672973632812
random,QM7,regression,0.5,50,2735,0,2,rmse,train,190.94895935058594
random,QM7,regression,0.5,50,2735,1,0,rmse,test,211.9564208984375
random,QM7,regression,0.5,50,2735,1,0,rmse,train,209.78794860839844
random,QM7,regression,0.5,50,2735,1,1,rmse,test,213.3585205078125
random,QM7,regression,0.5,50,2735,1,1,rmse,train,202.83419799804688
random,QM7,regression,0.5,50,2735,1,2,rmse,test,213.7091827392578
random,QM7,regression,0.5,50,2735,1,2,rmse,train,199.83645629882812
random,QM7,regression,0.5,50,2735,2,0,rmse,test,214.11973571777344
random,QM7,regression,0.5,50,2735,2,0,rmse,train,209.85549926757812
random,QM7,regression,0.5,50,2735,2,1,rmse,test,211.78346252441406
random,QM7,regression,0.5,50,2735,2,1,rmse,train,201.5548095703125
random,QM7,regression,0.5,50,2735,2,2,rmse,test,205.11944580078125
random,QM7,regression,0.5,50,2735,2,2,rmse,train,201.68609619140625
random,QM7,regression,1.0,100,5470,0,0,rmse,test,206.4219207763672
random,QM7,regression,1.0,100,5470,0,0,rmse,train,211.3553009033203
random,QM7,regression,1.0,100,5470,0,1,rmse,test,206.3977813720703
random,QM7,regression,1.0,100,5470,0,1,rmse,train,201.98501586914062
random,QM7,regression,1.0,100,5470,0,2,rmse,test,215.0318603515625
random,QM7,regression,1.0,100,5470,0,2,rmse,train,198.33978271484375
random,BBBP,classification,0.05,5,82,0,0,roc_auc,test,0.648906445707679
random,BBBP,classification,0.05,5,82,0,0,roc_auc,train,0.9810479375696766
random,BBBP,classification,0.05,5,82,0,0,nef1,test,0.6666666666666666
random,BBBP,classification,0.05,5,82,0,1,roc_auc,test,0.664514885827151
random,BBBP,classification,0.05,5,82,0,1,roc_auc,train,0.979933110367893
random,BBBP,classification,0.05,5,82,0,1,nef1,test,0.3333333333333333
random,BBBP,classification,0.05,5,82,0,2,roc_auc,test,0.6375373350033723
random,BBBP,classification,0.05,5,82,0,2,roc_auc,train,0.9788182831661093
random,BBBP,classification,0.05,5,82,0,2,nef1,test,0.6666666666666666
random,BBBP,classification,0.05,5,82,1,0,roc_auc,test,0.5809808266692359
random,BBBP,classification,0.05,5,82,1,0,roc_auc,train,0.9512437810945273
random,BBBP,classification,0.05,5,82,1,0,nef1,test,0.6666666666666666
random,BBBP,classification,0.05,5,82,1,1,roc_auc,test,0.5631563734463821
random,BBBP,classification,0.05,5,82,1,1,roc_auc,train,0.9512437810945273
random,BBBP,classification,0.05,5,82,1,1,nef1,test,0.6666666666666666
random,BBBP,classification,0.05,5,82,1,2,roc_auc,test,0.5630600250505828
random,BBBP,classification,0.05,5,82,1,2,roc_auc,train,0.9393034825870646
random,BBBP,classification,0.05,5,82,1,2,nef1,test,0.6666666666666666
random,BBBP,classification,0.05,5,82,2,0,roc_auc,test,0.6634550534733598
random,BBBP,classification,0.05,5,82,2,0,roc_auc,train,0.9810479375696768
random,BBBP,classification,0.05,5,82,2,0,nef1,test,0.6666666666666666
random,BBBP,classification,0.05,5,82,2,1,roc_auc,test,0.6665382021389344
random,BBBP,classification,0.05,5,82,2,1,roc_auc,train,0.9832775919732442
random,BBBP,classification,0.05,5,82,2,1,nef1,test,0.6666666666666666
random,BBBP,classification,0.05,5,82,2,2,roc_auc,test,0.6488100973118797
random,BBBP,classification,0.05,5,82,2,2,roc_auc,train,0.995540691192865
random,BBBP,classification,0.05,5,82,2,2,nef1,test,0.6666666666666666
random,BBBP,classification,0.1,10,163,0,0,roc_auc,test,0.6385008189613642
random,BBBP,classification,0.1,10,163,0,0,roc_auc,train,0.9509473684210527
random,BBBP,classification,0.1,10,163,0,0,nef1,test,0.6666666666666666
random,BBBP,classification,0.1,10,163,0,1,roc_auc,test,0.65488004624723
random,BBBP,classification,0.1,10,163,0,1,roc_auc,train,0.9503157894736842
random,BBBP,classification,0.1,10,163,0,1,nef1,test,0.6666666666666666
random,BBBP,classification,0.1,10,163,0,2,roc_auc,test,0.6358030638789864
random,BBBP,classification,0.1,10,163,0,2,roc_auc,train,0.9557894736842105
random,BBBP,classification,0.1,10,163,0,2,nef1,test,0.6666666666666666
random,BBBP,classification,0.1,10,163,1,0,roc_auc,test,0.6088255130552076
random,BBBP,classification,0.1,10,163,1,0,roc_auc,train,0.946378439079169
random,BBBP,classification,0.1,10,163,1,0,nef1,test,0.6666666666666666
random,BBBP,classification,0.1,10,163,1,1,roc_auc,test,0.609499951825802
random,BBBP,classification,0.1,10,163,1,1,roc_auc,train,0.9272880404267266
random,BBBP,classification,0.1,10,163,1,1,nef1,test,0.6666666666666666
random,BBBP,classification,0.1,10,163,1,2,roc_auc,test,0.5991906734752867
random,BBBP,classification,0.1,10,163,1,2,roc_auc,train,0.9472206625491297
random,BBBP,classification,0.1,10,163,1,2,nef1,test,0.6666666666666666
random,BBBP,classification,0.1,10,163,2,0,roc_auc,test,0.6602755564119858
random,BBBP,classification,0.1,10,163,2,0,roc_auc,train,0.9930820610687023
random,BBBP,classification,0.1,10,163,2,0,nef1,test,1.0
random,BBBP,classification,0.1,10,163,2,1,roc_auc,test,0.6572887561422103
random,BBBP,classification,0.1,10,163,2,1,roc_auc,train,0.992604961832061
random,BBBP,classification,0.1,10,163,2,1,nef1,test,0.3333333333333333
random,BBBP,classification,0.1,10,163,2,2,roc_auc,test,0.6376336833991715
random,BBBP,classification,0.1,10,163,2,2,roc_auc,train,0.9868797709923665
random,BBBP,classification,0.1,10,163,2,2,nef1,test,0.3333333333333333
random,BBBP,classification,0.25,25,408,0,0,roc_auc,test,0.6439926775219192
random,BBBP,classification,0.25,25,408,0,0,roc_auc,train,0.9696799307958479
random,BBBP,classification,0.25,25,408,0,0,nef1,test,1.0
random,BBBP,classification,0.25,25,408,0,1,roc_auc,test,0.6418730128143365
random,BBBP,classification,0.25,25,408,0,1,roc_auc,train,0.9558823529411764
random,BBBP,classification,0.25,25,408,0,1,nef1,test,0.6666666666666666
random,BBBP,classification,0.25,25,408,0,2,roc_auc,test,0.6108488293669909
random,BBBP,classification,0.25,25,408,0,2,roc_auc,train,0.9363754325259516
random,BBBP,classification,0.25,25,408,0,2,nef1,test,0.6666666666666666
random,BBBP,classification,0.25,25,408,1,0,roc_auc,test,0.6526640331438481
random,BBBP,classification,0.25,25,408,1,0,roc_auc,train,0.9580026455026456
random,BBBP,classification,0.25,25,408,1,0,nef1,test,1.0
random,BBBP,classification,0.25,25,408,1,1,roc_auc,test,0.6843626553617883
random,BBBP,classification,0.25,25,408,1,1,roc_auc,train,0.9891286375661376
random,BBBP,classification,0.25,25,408,1,1,nef1,test,0.6666666666666666
random,BBBP,classification,0.25,25,408,1,2,roc_auc,test,0.6593120724539937
random,BBBP,classification,0.25,25,408,1,2,roc_auc,train,0.974371693121693
random,BBBP,classification,0.25,25,408,1,2,nef1,test,0.6666666666666666
random,BBBP,classification,0.25,25,408,2,0,roc_auc,test,0.6898545139223432
random,BBBP,classification,0.25,25,408,2,0,roc_auc,train,0.977342612073151
random,BBBP,classification,0.25,25,408,2,0,nef1,test,0.6666666666666666
random,BBBP,classification,0.25,25,408,2,1,roc_auc,test,0.675980344927257
random,BBBP,classification,0.25,25,408,2,1,roc_auc,train,0.968481955008901
random,BBBP,classification,0.25,25,408,2,1,nef1,test,0.6666666666666666
random,BBBP,classification,0.25,25,408,2,2,roc_auc,test,0.6831101262163985
random,BBBP,classification,0.25,25,408,2,2,roc_auc,train,0.9744699789609971
random,BBBP,classification,0.25,25,408,2,2,nef1,test,0.6666666666666666
random,BBBP,classification,0.5,50,816,0,0,roc_auc,test,0.7128817805183544
random,BBBP,classification,0.5,50,816,0,0,roc_auc,train,0.969014516458802
random,BBBP,classification,0.5,50,816,0,0,nef1,test,0.6666666666666666
random,BBBP,classification,0.5,50,816,0,1,roc_auc,test,0.713170825705752
random,BBBP,classification,0.5,50,816,0,1,roc_auc,train,0.985759558372521
random,BBBP,classification,0.5,50,816,0,1,nef1,test,0.6666666666666666
random,BBBP,classification,0.5,50,816,0,2,roc_auc,test,0.7161576259755275
random,BBBP,classification,0.5,50,816,0,2,roc_auc,train,0.989766918830505
random,BBBP,classification,0.5,50,816,0,2,nef1,test,0.6666666666666666
random,BBBP,classification,0.5,50,816,1,0,roc_auc,test,0.6994893535022643
random,BBBP,classification,0.5,50,816,1,0,roc_auc,train,0.988725011562773
random,BBBP,classification,0.5,50,816,1,0,nef1,test,0.6666666666666666
random,BBBP,classification,0.5,50,816,1,1,roc_auc,test,0.6859042296945755
random,BBBP,classification,0.5,50,816,1,1,roc_auc,train,0.9780050362300221
random,BBBP,classification,0.5,50,816,1,1,nef1,test,0.6666666666666666
random,BBBP,classification,0.5,50,816,1,2,roc_auc,test,0.676462086906253
random,BBBP,classification,0.5,50,816,1,2,roc_auc,train,0.968343697003957
random,BBBP,classification,0.5,50,816,1,2,nef1,test,0.6666666666666666
random,BBBP,classification,0.5,50,816,2,0,roc_auc,test,0.6733789382406783
random,BBBP,classification,0.5,50,816,2,0,roc_auc,train,0.9826823424527776
random,BBBP,classification,0.5,50,816,2,0,nef1,test,1.0
random,BBBP,classification,0.5,50,816,2,1,roc_auc,test,0.6723191058868869
random,BBBP,classification,0.5,50,816,2,1,roc_auc,train,0.9877193959993313
random,BBBP,classification,0.5,50,816,2,1,nef1,test,0.6666666666666666
random,BBBP,classification,0.5,50,816,2,2,roc_auc,test,0.6605646015993833
random,BBBP,classification,0.5,50,816,2,2,roc_auc,train,0.9811110492004236
random,BBBP,classification,0.5,50,816,2,2,nef1,test,1.0
random,BBBP,classification,1.0,100,1631,0,0,roc_auc,test,0.7276230850756334
random,BBBP,classification,1.0,100,1631,0,0,roc_auc,train,0.9853788989174317
random,BBBP,classification,1.0,100,1631,0,0,nef1,test,0.6666666666666666
random,BBBP,classification,1.0,100,1631,0,1,roc_auc,test,0.7202042585990942
random,BBBP,classification,1.0,100,1631,0,1,roc_auc,train,0.9810254827843349
random,BBBP,classification,1.0,100,1631,0,1,nef1,test,0.6666666666666666
random,BBBP,classification,1.0,100,1631,0,2,roc_auc,test,0.7226129684940745
random,BBBP,classification,1.0,100,1631,0,2,roc_auc,train,0.9824680500912853
random,BBBP,classification,1.0,100,1631,0,2,nef1,test,1.0
random,BACE,classification,0.05,5,60,0,0,roc_auc,test,0.5945652173913044
random,BACE,classification,0.05,5,60,0,0,roc_auc,train,0.839366515837104
random,BACE,classification,0.05,5,60,0,0,nef1,test,1.0
random,BACE,classification,0.05,5,60,0,1,roc_auc,test,0.6402173913043478
random,BACE,classification,0.05,5,60,0,1,roc_auc,train,0.8574660633484164
random,BACE,classification,0.05,5,60,0,1,nef1,test,1.0
random,BACE,classification,0.05,5,60,0,2,roc_auc,test,0.5130434782608695
random,BACE,classification,0.05,5,60,0,2,roc_auc,train,0.8574660633484164
random,BACE,classification,0.05,5,60,0,2,nef1,test,0.5
random,BACE,classification,0.05,5,60,1,0,roc_auc,test,0.6639492753623188
random,BACE,classification,0.05,5,60,1,0,roc_auc,train,0.8408215661103979
random,BACE,classification,0.05,5,60,1,0,nef1,test,0.5
random,BACE,classification,0.05,5,60,1,1,roc_auc,test,0.7108695652173914
random,BACE,classification,0.05,5,60,1,1,roc_auc,train,0.9062901155327342
random,BACE,classification,0.05,5,60,1,1,nef1,test,0.5
random,BACE,classification,0.05,5,60,1,2,roc_auc,test,0.6088768115942029
random,BACE,classification,0.05,5,60,1,2,roc_auc,train,0.9114249037227214
random,BACE,classification,0.05,5,60,1,2,nef1,test,0.0
random,BACE,classification,0.05,5,60,2,0,roc_auc,test,0.6878623188405797
random,BACE,classification,0.05,5,60,2,0,roc_auc,train,0.8194285714285715
random,BACE,classification,0.05,5,60,2,0,nef1,test,1.0
random,BACE,classification,0.05,5,60,2,1,roc_auc,test,0.719927536231884
random,BACE,classification,0.05,5,60,2,1,roc_auc,train,0.8457142857142856
random,BACE,classification,0.05,5,60,2,1,nef1,test,1.0
random,BACE,classification,0.05,5,60,2,2,roc_auc,test,0.6818840579710146
random,BACE,classification,0.05,5,60,2,2,roc_auc,train,0.8434285714285714
random,BACE,classification,0.05,5,60,2,2,nef1,test,1.0
random,BACE,classification,0.1,10,121,0,0,roc_auc,test,0.6431159420289855
random,BACE,classification,0.1,10,121,0,0,roc_auc,train,0.8690078037904125
random,BACE,classification,0.1,10,121,0,0,nef1,test,1.0
random,BACE,classification,0.1,10,121,0,1,roc_auc,test,0.6556159420289855
random,BACE,classification,0.1,10,121,0,1,roc_auc,train,0.9055183946488294
random,BACE,classification,0.1,10,121,0,1,nef1,test,1.0
random,BACE,classification,0.1,10,121,0,2,roc_auc,test,0.6315217391304349
random,BACE,classification,0.1,10,121,0,2,roc_auc,train,0.903010033444816
random,BACE,classification,0.1,10,121,0,2,nef1,test,1.0
random,BACE,classification,0.1,10,121,1,0,roc_auc,test,0.701268115942029
random,BACE,classification,0.1,10,121,1,0,roc_auc,train,0.8082497212931995
random,BACE,classification,0.1,10,121,1,0,nef1,test,1.0
random,BACE,classification,0.1,10,121,1,1,roc_auc,test,0.7250000000000001
random,BACE,classification,0.1,10,121,1,1,roc_auc,train,0.8285953177257525
random,BACE,classification,0.1,10,121,1,1,nef1,test,1.0
random,BACE,classification,0.1,10,121,1,2,roc_auc,test,0.6927536231884058
random,BACE,classification,0.1,10,121,1,2,roc_auc,train,0.8054626532887402
random,BACE,classification,0.1,10,121,1,2,nef1,test,1.0
random,BACE,classification,0.1,10,121,2,0,roc_auc,test,0.713768115942029
random,BACE,classification,0.1,10,121,2,0,roc_auc,train,0.7546478873239437
random,BACE,classification,0.1,10,121,2,0,nef1,test,1.0
random,BACE,classification,0.1,10,121,2,1,roc_auc,test,0.7090579710144929
random,BACE,classification,0.1,10,121,2,1,roc_auc,train,0.8552112676056338
random,BACE,classification,0.1,10,121,2,1,nef1,test,1.0
random,BACE,classification,0.1,10,121,2,2,roc_auc,test,0.7249999999999999
random,BACE,classification,0.1,10,121,2,2,roc_auc,train,0.7954929577464789
random,BACE,classification,0.1,10,121,2,2,nef1,test,1.0
random,BACE,classification,0.25,25,302,0,0,roc_auc,test,0.656340579710145
random,BACE,classification,0.25,25,302,0,0,roc_auc,train,0.8895585018525959
random,BACE,classification,0.25,25,302,0,0,nef1,test,1.0
random,BACE,classification,0.25,25,302,0,1,roc_auc,test,0.6393115942028985
random,BACE,classification,0.25,25,302,0,1,roc_auc,train,0.8955850185259587
random,BACE,classification,0.25,25,302,0,1,nef1,test,1.0
random,BACE,classification,0.25,25,302,0,2,roc_auc,test,0.6447463768115942
random,BACE,classification,0.25,25,302,0,2,roc_auc,train,0.9259854470782554
random,BACE,classification,0.25,25,302,0,2,nef1,test,0.5
random,BACE,classification,0.25,25,302,1,0,roc_auc,test,0.672463768115942
random,BACE,classification,0.25,25,302,1,0,roc_auc,train,0.8421220400728597
random,BACE,classification,0.25,25,302,1,0,nef1,test,1.0
random,BACE,classification,0.25,25,302,1,1,roc_auc,test,0.6717391304347826
random,BACE,classification,0.25,25,302,1,1,roc_auc,train,0.9321493624772312
random,BACE,classification,0.25,25,302,1,1,nef1,test,0.0
random,BACE,classification,0.25,25,302,1,2,roc_auc,test,0.6940217391304349
random,BACE,classification,0.25,25,302,1,2,roc_auc,train,0.8431238615664846
random,BACE,classification,0.25,25,302,1,2,nef1,test,1.0
random,BACE,classification,0.25,25,302,2,0,roc_auc,test,0.6422101449275363
random,BACE,classification,0.25,25,302,2,0,roc_auc,train,0.8954492954492954
random,BACE,classification,0.25,25,302,2,0,nef1,test,1.0
random,BACE,classification,0.25,25,302,2,1,roc_auc,test,0.690036231884058
random,BACE,classification,0.25,25,302,2,1,roc_auc,train,0.8062370062370062
random,BACE,classification,0.25,25,302,2,1,nef1,test,1.0
random,BACE,classification,0.25,25,302,2,2,roc_auc,test,0.6019927536231884
random,BACE,classification,0.25,25,302,2,2,roc_auc,train,0.88995148995149
random,BACE,classification,0.25,25,302,2,2,nef1,test,1.0
random,BACE,classification,0.5,50,605,0,0,roc_auc,test,0.6827898550724638
random,BACE,classification,0.5,50,605,0,0,roc_auc,train,0.9076004633342243
random,BACE,classification,0.5,50,605,0,0,nef1,test,1.0
random,BACE,classification,0.5,50,605,0,1,roc_auc,test,0.7070652173913043
random,BACE,classification,0.5,50,605,0,1,roc_auc,train,0.9077563931212689
random,BACE,classification,0.5,50,605,0,1,nef1,test,1.0
random,BACE,classification,0.5,50,605,0,2,roc_auc,test,0.6815217391304348
random,BACE,classification,0.5,50,605,0,2,roc_auc,train,0.9010291365944935
random,BACE,classification,0.5,50,605,0,2,nef1,test,1.0
random,BACE,classification,0.5,50,605,1,0,roc_auc,test,0.6570652173913043
random,BACE,classification,0.5,50,605,1,0,roc_auc,train,0.889405631344449
random,BACE,classification,0.5,50,605,1,0,nef1,test,1.0
random,BACE,classification,0.5,50,605,1,1,roc_auc,test,0.6945652173913043
random,BACE,classification,0.5,50,605,1,1,roc_auc,train,0.9091451931468467
random,BACE,classification,0.5,50,605,1,1,nef1,test,1.0
random,BACE,classification,0.5,50,605,1,2,roc_auc,test,0.6972826086956522
random,BACE,classification,0.5,50,605,1,2,roc_auc,train,0.9228905424647467
random,BACE,classification,0.5,50,605,1,2,nef1,test,1.0
random,BACE,classification,0.5,50,605,2,0,roc_auc,test,0.668840579710145
random,BACE,classification,0.5,50,605,2,0,roc_auc,train,0.8903462402537333
random,BACE,classification,0.5,50,605,2,0,nef1,test,1.0
random,BACE,classification,0.5,50,605,2,1,roc_auc,test,0.6981884057971014
random,BACE,classification,0.5,50,605,2,1,roc_auc,train,0.8891899035284789
random,BACE,classification,0.5,50,605,2,1,nef1,test,0.5
random,BACE,classification,0.5,50,605,2,2,roc_auc,test,0.6663043478260869
random,BACE,classification,0.5,50,605,2,2,roc_auc,train,0.8859191225056166
random,BACE,classification,0.5,50,605,2,2,nef1,test,1.0
random,BACE,classification,1.0,100,1210,0,0,roc_auc,test,0.6237318840579711
random,BACE,classification,1.0,100,1210,0,0,roc_auc,train,0.8727917859886848
random,BACE,classification,1.0,100,1210,0,0,nef1,test,1.0
random,BACE,classification,1.0,100,1210,0,1,roc_auc,test,0.7019927536231885
random,BACE,classification,1.0,100,1210,0,1,roc_auc,train,0.9010295452958021
random,BACE,classification,1.0,100,1210,0,1,nef1,test,1.0
random,BACE,classification,1.0,100,1210,0,2,roc_auc,test,0.7019927536231884
random,BACE,classification,1.0,100,1210,0,2,roc_auc,train,0.8446350492421596
random,BACE,classification,1.0,100,1210,0,2,nef1,test,1.0
random,Tox21,classification,0.05,5,313,0,0,roc_auc,test,0.6061204138755403
random,Tox21,classification,0.05,5,313,0,0,roc_auc,train,0.9763741660622011
random,Tox21,classification,0.05,5,313,0,0,nef1,test,0.3517857142857143
random,Tox21,classification,0.05,5,313,0,1,roc_auc,test,0.6027974463317824
random,Tox21,classification,0.05,5,313,0,1,roc_auc,train,0.9672513299165671
random,Tox21,classification,0.05,5,313,0,1,nef1,test,0.3175595238095238
random,Tox21,classification,0.05,5,313,0,2,roc_auc,test,0.5991075037303094
random,Tox21,classification,0.05,5,313,0,2,roc_auc,train,0.9537100700586808
random,Tox21,classification,0.05,5,313,0,2,nef1,test,0.2750992063492063
random,Tox21,classification,0.05,5,313,1,0,roc_auc,test,0.6051167614776446
random,Tox21,classification,0.05,5,313,1,0,roc_auc,train,0.955219634060949
random,Tox21,classification,0.05,5,313,1,0,nef1,test,0.37281746031746027
random,Tox21,classification,0.05,5,313,1,1,roc_auc,test,0.6062303495221554
random,Tox21,classification,0.05,5,313,1,1,roc_auc,train,0.9645549867878168
random,Tox21,classification,0.05,5,313,1,1,nef1,test,0.38075396825396823
random,Tox21,classification,0.05,5,313,1,2,roc_auc,test,0.6055190356540848
random,Tox21,classification,0.05,5,313,1,2,roc_auc,train,0.960695384988265
random,Tox21,classification,0.05,5,313,1,2,nef1,test,0.3609126984126983
random,Tox21,classification,0.05,5,313,2,0,roc_auc,test,0.5858812650415156
random,Tox21,classification,0.05,5,313,2,0,roc_auc,train,0.9294042015990227
random,Tox21,classification,0.05,5,313,2,0,nef1,test,0.2800595238095238
random,Tox21,classification,0.05,5,313,2,1,roc_auc,test,0.5833149907775935
random,Tox21,classification,0.05,5,313,2,1,roc_auc,train,0.9359143694825719
random,Tox21,classification,0.05,5,313,2,1,nef1,test,0.3142857142857143
random,Tox21,classification,0.05,5,313,2,2,roc_auc,test,0.5908014774415007
random,Tox21,classification,0.05,5,313,2,2,roc_auc,train,0.9391991149588539
random,Tox21,classification,0.05,5,313,2,2,nef1,test,0.3185515873015873
random,Tox21,classification,0.1,10,626,0,0,roc_auc,test,0.6030469935851993
random,Tox21,classification,0.1,10,626,0,0,roc_auc,train,0.9130431541751541
random,Tox21,classification,0.1,10,626,0,0,nef1,test,0.3644841269841271
random,Tox21,classification,0.1,10,626,0,1,roc_auc,test,0.6142109735181793
random,Tox21,classification,0.1,10,626,0,1,roc_auc,train,0.9393327601211648
random,Tox21,classification,0.1,10,626,0,1,nef1,test,0.366468253968254
random,Tox21,classification,0.1,10,626,0,2,roc_auc,test,0.6058170302527102
random,Tox21,classification,0.1,10,626,0,2,roc_auc,train,0.9236923619887641
random,Tox21,classification,0.1,10,626,0,2,nef1,test,0.3254960317460317
random,Tox21,classification,0.1,10,626,1,0,roc_auc,test,0.6226693086367829
random,Tox21,classification,0.1,10,626,1,0,roc_auc,train,0.9270617650124997
random,Tox21,classification,0.1,10,626,1,0,nef1,test,0.2656746031746032
random,Tox21,classification,0.1,10,626,1,1,roc_auc,test,0.6339991376080953
random,Tox21,classification,0.1,10,626,1,1,roc_auc,train,0.9336231080599426
random,Tox21,classification,0.1,10,626,1,1,nef1,test,0.29146825396825393
random,Tox21,classification,0.1,10,626,1,2,roc_auc,test,0.6335223234533839
random,Tox21,classification,0.1,10,626,1,2,roc_auc,train,0.9320845047125683
random,Tox21,classification,0.1,10,626,1,2,nef1,test,0.24533730158730158
random,Tox21,classification,0.1,10,626,2,0,roc_auc,test,0.6018312348118622
random,Tox21,classification,0.1,10,626,2,0,roc_auc,train,0.9455875909614528
random,Tox21,classification,0.1,10,626,2,0,nef1,test,0.34553571428571433
random,Tox21,classification,0.1,10,626,2,1,roc_auc,test,0.6046967766618936
random,Tox21,classification,0.1,10,626,2,1,roc_auc,train,0.9520848040082962
random,Tox21,classification,0.1,10,626,2,1,nef1,test,0.34682539682539687
random,Tox21,classification,0.1,10,626,2,2,roc_auc,test,0.6031535204387044
random,Tox21,classification,0.1,10,626,2,2,roc_auc,train,0.9531809470771667
random,Tox21,classification,0.1,10,626,2,2,nef1,test,0.3281746031746032
random,Tox21,classification,0.25,25,1564,0,0,roc_auc,test,0.6641743659465846
random,Tox21,classification,0.25,25,1564,0,0,roc_auc,train,0.9323851552596748
random,Tox21,classification,0.25,25,1564,0,0,nef1,test,0.42450396825396824
random,Tox21,classification,0.25,25,1564,0,1,roc_auc,test,0.6706042056545819
random,Tox21,classification,0.25,25,1564,0,1,roc_auc,train,0.9266294896946184
random,Tox21,classification,0.25,25,1564,0,1,nef1,test,0.4125992063492063
random,Tox21,classification,0.25,25,1564,0,2,roc_auc,test,0.650861333019456
random,Tox21,classification,0.25,25,1564,0,2,roc_auc,train,0.9016923092846346
random,Tox21,classification,0.25,25,1564,0,2,nef1,test,0.38601190476190483
random,Tox21,classification,0.25,25,1564,1,0,roc_auc,test,0.6614892783920987
random,Tox21,classification,0.25,25,1564,1,0,roc_auc,train,0.8972376610976953
random,Tox21,classification,0.25,25,1564,1,0,nef1,test,0.42371031746031745
random,Tox21,classification,0.25,25,1564,1,1,roc_auc,test,0.665573695743411
random,Tox21,classification,0.25,25,1564,1,1,roc_auc,train,0.9217057916662855
random,Tox21,classification,0.25,25,1564,1,1,nef1,test,0.40982142857142856
random,Tox21,classification,0.25,25,1564,1,2,roc_auc,test,0.6748589562871897
random,Tox21,classification,0.25,25,1564,1,2,roc_auc,train,0.9269504244592787
random,Tox21,classification,0.25,25,1564,1,2,nef1,test,0.4729166666666668
random,Tox21,classification,0.25,25,1564,2,0,roc_auc,test,0.6545189688670865
random,Tox21,classification,0.25,25,1564,2,0,roc_auc,train,0.9493984296161088
random,Tox21,classification,0.25,25,1564,2,0,nef1,test,0.4185515873015874
random,Tox21,classification,0.25,25,1564,2,1,roc_auc,test,0.6503954342574473
random,Tox21,classification,0.25,25,1564,2,1,roc_auc,train,0.94018592829224
random,Tox21,classification,0.25,25,1564,2,1,nef1,test,0.46418650793650795
random,Tox21,classification,0.25,25,1564,2,2,roc_auc,test,0.6356000762555966
random,Tox21,classification,0.25,25,1564,2,2,roc_auc,train,0.9207153788971864
random,Tox21,classification,0.25,25,1564,2,2,nef1,test,0.4304563492063493
random,Tox21,classification,0.5,50,3129,0,0,roc_auc,test,0.6799543071686003
random,Tox21,classification,0.5,50,3129,0,0,roc_auc,train,0.9046614790226125
random,Tox21,classification,0.5,50,3129,0,0,nef1,test,0.5690476190476191
random,Tox21,classification,0.5,50,3129,0,1,roc_auc,test,0.6694390606012514
random,Tox21,classification,0.5,50,3129,0,1,roc_auc,train,0.8706869805579175
random,Tox21,classification,0.5,50,3129,0,1,nef1,test,0.4527777777777778
random,Tox21,classification,0.5,50,3129,0,2,roc_auc,test,0.6640791659360628
random,Tox21,classification,0.5,50,3129,0,2,roc_auc,train,0.8972241209872299
random,Tox21,classification,0.5,50,3129,0,2,nef1,test,0.5475198412698413
random,Tox21,classification,0.5,50,3129,1,0,roc_auc,test,0.6756750303996935
random,Tox21,classification,0.5,50,3129,1,0,roc_auc,train,0.8917779235361261
random,Tox21,classification,0.5,50,3129,1,0,nef1,test,0.5202380952380953
random,Tox21,classification,0.5,50,3129,1,1,roc_auc,test,0.6804563801608577
random,Tox21,classification,0.5,50,3129,1,1,roc_auc,train,0.9050427416324643
random,Tox21,classification,0.5,50,3129,1,1,nef1,test,0.44087301587301586
random,Tox21,classification,0.5,50,3129,1,2,roc_auc,test,0.6846110595444612
random,Tox21,classification,0.5,50,3129,1,2,roc_auc,train,0.9242397198440413
random,Tox21,classification,0.5,50,3129,1,2,nef1,test,0.5023809523809524
random,Tox21,classification,0.5,50,3129,2,0,roc_auc,test,0.6670811944077965
random,Tox21,classification,0.5,50,3129,2,0,roc_auc,train,0.9082483273584886
random,Tox21,classification,0.5,50,3129,2,0,nef1,test,0.4694444444444444
random,Tox21,classification,0.5,50,3129,2,1,roc_auc,test,0.6749254867972803
random,Tox21,classification,0.5,50,3129,2,1,roc_auc,train,0.8956069923921163
random,Tox21,classification,0.5,50,3129,2,1,nef1,test,0.4987103174603175
random,Tox21,classification,0.5,50,3129,2,2,roc_auc,test,0.672906058675165
random,Tox21,classification,0.5,50,3129,2,2,roc_auc,train,0.9293828266529137
random,Tox21,classification,0.5,50,3129,2,2,nef1,test,0.4438492063492064
random,Tox21,classification,1.0,100,6258,0,0,roc_auc,test,0.6993592750781682
random,Tox21,classification,1.0,100,6258,0,0,roc_auc,train,0.9041011704087435
random,Tox21,classification,1.0,100,6258,0,0,nef1,test,0.5150793650793651
random,Tox21,classification,1.0,100,6258,0,1,roc_auc,test,0.6953882868824137
random,Tox21,classification,1.0,100,6258,0,1,roc_auc,train,0.921206777680523
random,Tox21,classification,1.0,100,6258,0,1,nef1,test,0.5369047619047619
random,Tox21,classification,1.0,100,6258,0,2,roc_auc,test,0.6889839433179367
random,Tox21,classification,1.0,100,6258,0,2,roc_auc,train,0.8810766927385058
random,Tox21,classification,1.0,100,6258,0,2,nef1,test,0.6043650793650793
random,HIV,classification,0.05,5,1645,0,0,roc_auc,test,0.699265927442723
random,HIV,classification,0.05,5,1645,0,0,roc_auc,train,0.8860891719745223
random,HIV,classification,0.05,5,1645,0,0,nef1,test,0.2857142857142857
random,HIV,classification,0.05,5,1645,0,1,roc_auc,test,0.7200942703705134
random,HIV,classification,0.05,5,1645,0,1,roc_auc,train,0.8794140127388534
random,HIV,classification,0.05,5,1645,0,1,nef1,test,0.23809523809523808
random,HIV,classification,0.05,5,1645,0,2,roc_auc,test,0.7099051500985203
random,HIV,classification,0.05,5,1645,0,2,roc_auc,train,0.8755583864118897
random,HIV,classification,0.05,5,1645,0,2,nef1,test,0.2857142857142857
random,HIV,classification,0.05,5,1645,1,0,roc_auc,test,0.6823185102190628
random,HIV,classification,0.05,5,1645,1,0,roc_auc,train,0.8679600420609884
random,HIV,classification,0.05,5,1645,1,0,nef1,test,0.23809523809523808
random,HIV,classification,0.05,5,1645,1,1,roc_auc,test,0.6715991191129312
random,HIV,classification,0.05,5,1645,1,1,roc_auc,train,0.9068980021030494
random,HIV,classification,0.05,5,1645,1,1,nef1,test,0.09523809523809523
random,HIV,classification,0.05,5,1645,1,2,roc_auc,test,0.6834717768419425
random,HIV,classification,0.05,5,1645,1,2,roc_auc,train,0.9260357518401683
random,HIV,classification,0.05,5,1645,1,2,nef1,test,0.16666666666666666
random,HIV,classification,0.05,5,1645,2,0,roc_auc,test,0.7020863114785767
random,HIV,classification,0.05,5,1645,2,0,roc_auc,train,0.9525316455696202
random,HIV,classification,0.05,5,1645,2,0,nef1,test,0.42857142857142855
random,HIV,classification,0.05,5,1645,2,1,roc_auc,test,0.6882181354557044
random,HIV,classification,0.05,5,1645,2,1,roc_auc,train,0.9035832521908471
random,HIV,classification,0.05,5,1645,2,1,nef1,test,0.47619047619047616
random,HIV,classification,0.05,5,1645,2,2,roc_auc,test,0.6858864892014063
random,HIV,classification,0.05,5,1645,2,2,roc_auc,train,0.8795423563777994
random,HIV,classification,0.05,5,1645,2,2,nef1,test,0.40476190476190477
random,HIV,classification,0.1,10,3290,0,0,roc_auc,test,0.7159255109531353
random,HIV,classification,0.1,10,3290,0,0,roc_auc,train,0.8812104599528534
random,HIV,classification,0.1,10,3290,0,0,nef1,test,0.3333333333333333
random,HIV,classification,0.1,10,3290,0,1,roc_auc,test,0.7358246725650043
random,HIV,classification,0.1,10,3290,0,1,roc_auc,train,0.8506397675566033
random,HIV,classification,0.1,10,3290,0,1,nef1,test,0.35714285714285715
random,HIV,classification,0.1,10,3290,0,2,roc_auc,test,0.7091874975852875
random,HIV,classification,0.1,10,3290,0,2,roc_auc,train,0.9109149717668987
random,HIV,classification,0.1,10,3290,0,2,nef1,test,0.38095238095238093
random,HIV,classification,0.1,10,3290,1,0,roc_auc,test,0.6968937140207858
random,HIV,classification,0.1,10,3290,1,0,roc_auc,train,0.9201906358668654
random,HIV,classification,0.1,10,3290,1,0,nef1,test,0.2857142857142857
random,HIV,classification,0.1,10,3290,1,1,roc_auc,test,0.7028706100529306
random,HIV,classification,0.1,10,3290,1,1,roc_auc,train,0.943140420599437
random,HIV,classification,0.1,10,3290,1,1,nef1,test,0.35714285714285715
random,HIV,classification,0.1,10,3290,1,2,roc_auc,test,0.6990418421357648
random,HIV,classification,0.1,10,3290,1,2,roc_auc,train,0.906808867362146
random,HIV,classification,0.1,10,3290,1,2,nef1,test,0.2857142857142857
random,HIV,classification,0.1,10,3290,2,0,roc_auc,test,0.6944036626357069
random,HIV,classification,0.1,10,3290,2,0,roc_auc,train,0.8528522607781283
random,HIV,classification,0.1,10,3290,2,0,nef1,test,0.30952380952380953
random,HIV,classification,0.1,10,3290,2,1,roc_auc,test,0.7226036394544683
random,HIV,classification,0.1,10,3290,2,1,roc_auc,train,0.8552181913774974
random,HIV,classification,0.1,10,3290,2,1,nef1,test,0.38095238095238093
random,HIV,classification,0.1,10,3290,2,2,roc_auc,test,0.7020206313023992
random,HIV,classification,0.1,10,3290,2,2,roc_auc,train,0.8782018927444796
random,HIV,classification,0.1,10,3290,2,2,nef1,test,0.40476190476190477
random,HIV,classification,0.25,25,8224,0,0,roc_auc,test,0.7232411235173666
random,HIV,classification,0.25,25,8224,0,0,roc_auc,train,0.8337352496334001
random,HIV,classification,0.25,25,8224,0,0,nef1,test,0.30952380952380953
random,HIV,classification,0.25,25,8224,0,1,roc_auc,test,0.7282772476142642
random,HIV,classification,0.25,25,8224,0,1,roc_auc,train,0.8262673607112421
random,HIV,classification,0.25,25,8224,0,1,nef1,test,0.38095238095238093
random,HIV,classification,0.25,25,8224,0,2,roc_auc,test,0.7349746938144729
random,HIV,classification,0.25,25,8224,0,2,roc_auc,train,0.9213165349978121
random,HIV,classification,0.25,25,8224,0,2,nef1,test,0.30952380952380953
random,HIV,classification,0.25,25,8224,1,0,roc_auc,test,0.7202971062087085
random,HIV,classification,0.25,25,8224,1,0,roc_auc,train,0.902962358534076
random,HIV,classification,0.25,25,8224,1,0,nef1,test,0.2857142857142857
random,HIV,classification,0.25,25,8224,1,1,roc_auc,test,0.7031835567747171
random,HIV,classification,0.25,25,8224,1,1,roc_auc,train,0.9050417745769326
random,HIV,classification,0.25,25,8224,1,1,nef1,test,0.35714285714285715
random,HIV,classification,0.25,25,8224,1,2,roc_auc,test,0.7163176602403121
random,HIV,classification,0.25,25,8224,1,2,roc_auc,train,0.9068493454429346
random,HIV,classification,0.25,25,8224,1,2,nef1,test,0.4523809523809524
random,HIV,classification,0.25,25,8224,2,0,roc_auc,test,0.7293416528223158
random,HIV,classification,0.25,25,8224,2,0,roc_auc,train,0.8141687962703728
random,HIV,classification,0.25,25,8224,2,0,nef1,test,0.38095238095238093
random,HIV,classification,0.25,25,8224,2,1,roc_auc,test,0.7346868601012247
random,HIV,classification,0.25,25,8224,2,1,roc_auc,train,0.8472613953269134
random,HIV,classification,0.25,25,8224,2,1,nef1,test,0.38095238095238093
random,HIV,classification,0.25,25,8224,2,2,roc_auc,test,0.7271742070084611
random,HIV,classification,0.25,25,8224,2,2,roc_auc,train,0.8124410033064561
random,HIV,classification,0.25,25,8224,2,2,nef1,test,0.35714285714285715
random,HIV,classification,0.5,50,16448,0,0,roc_auc,test,0.7364370436193641
random,HIV,classification,0.5,50,16448,0,0,roc_auc,train,0.8327752053047213
random,HIV,classification,0.5,50,16448,0,0,nef1,test,0.40476190476190477
random,HIV,classification,0.5,50,16448,0,1,roc_auc,test,0.7536008190704323
random,HIV,classification,0.5,50,16448,0,1,roc_auc,train,0.8776945063326588
random,HIV,classification,0.5,50,16448,0,1,nef1,test,0.30952380952380953
random,HIV,classification,0.5,50,16448,0,2,roc_auc,test,0.7426592744272302
random,HIV,classification,0.5,50,16448,0,2,roc_auc,train,0.8298943916727075
random,HIV,classification,0.5,50,16448,0,2,nef1,test,0.42857142857142855
random,HIV,classification,0.5,50,16448,1,0,roc_auc,test,0.7377564424525751
random,HIV,classification,0.5,50,16448,1,0,roc_auc,train,0.8712092844704087
random,HIV,classification,0.5,50,16448,1,0,nef1,test,0.4523809523809524
random,HIV,classification,0.5,50,16448,1,1,roc_auc,test,0.7445562724568249
random,HIV,classification,0.5,50,16448,1,1,roc_auc,train,0.8986349520892848
random,HIV,classification,0.5,50,16448,1,1,nef1,test,0.47619047619047616
random,HIV,classification,0.5,50,16448,1,2,roc_auc,test,0.7122879882548391
random,HIV,classification,0.5,50,16448,1,2,roc_auc,train,0.872072385070043
random,HIV,classification,0.5,50,16448,1,2,nef1,test,0.3333333333333333
random,HIV,classification,0.5,50,16448,2,0,roc_auc,test,0.75639415832786
random,HIV,classification,0.5,50,16448,2,0,roc_auc,train,0.8745318188333713
random,HIV,classification,0.5,50,16448,2,0,nef1,test,0.42857142857142855
random,HIV,classification,0.5,50,16448,2,1,roc_auc,test,0.7581520689255496
random,HIV,classification,0.5,50,16448,2,1,roc_auc,train,0.9137639974025794
random,HIV,classification,0.5,50,16448,2,1,nef1,test,0.5238095238095238
random,HIV,classification,0.5,50,16448,2,2,roc_auc,test,0.7536896804852606
random,HIV,classification,0.5,50,16448,2,2,roc_auc,train,0.8948999932646675
random,HIV,classification,0.5,50,16448,2,2,nef1,test,0.5238095238095238
random,HIV,classification,1.0,100,32896,0,0,roc_auc,test,0.7616118687941893
random,HIV,classification,1.0,100,32896,0,0,roc_auc,train,0.8345017288879009
random,HIV,classification,1.0,100,32896,0,0,nef1,test,0.4523809523809524
random,HIV,classification,1.0,100,32896,0,1,roc_auc,test,0.7568152841633505
random,HIV,classification,1.0,100,32896,0,1,roc_auc,train,0.8318127037423794
random,HIV,classification,1.0,100,32896,0,1,nef1,test,0.47619047619047616
random,HIV,classification,1.0,100,32896,0,2,roc_auc,test,0.7558300815206893
random,HIV,classification,1.0,100,32896,0,2,roc_auc,train,0.8251351292877158
random,HIV,classification,1.0,100,32896,0,2,nef1,test,0.5476190476190477
unsup,ESOL,regression,0.05,5,45,0,0,rmse,test,1.5766241550445557
unsup,ESOL,regression,0.05,5,45,0,0,rmse,train,0.4740128517150879
unsup,ESOL,regression,0.05,5,45,0,1,rmse,test,1.6043977737426758
unsup,ESOL,regression,0.05,5,45,0,1,rmse,train,0.652593195438385
unsup,ESOL,regression,0.05,5,45,0,2,rmse,test,1.5992182493209839
unsup,ESOL,regression,0.05,5,45,0,2,rmse,train,0.5846177935600281
unsup,ESOL,regression,0.05,5,45,1,0,rmse,test,1.4686037302017212
unsup,ESOL,regression,0.05,5,45,1,0,rmse,train,0.24312667548656464
unsup,ESOL,regression,0.05,5,45,1,1,rmse,test,1.604295253753662
unsup,ESOL,regression,0.05,5,45,1,1,rmse,train,0.189925417304039
unsup,ESOL,regression,0.05,5,45,1,2,rmse,test,1.717563509941101
unsup,ESOL,regression,0.05,5,45,1,2,rmse,train,0.2922767400741577
unsup,ESOL,regression,0.05,5,45,2,0,rmse,test,1.692976713180542
unsup,ESOL,regression,0.05,5,45,2,0,rmse,train,0.5862746834754944
unsup,ESOL,regression,0.05,5,45,2,1,rmse,test,1.620678186416626
unsup,ESOL,regression,0.05,5,45,2,1,rmse,train,0.24391202628612518
unsup,ESOL,regression,0.05,5,45,2,2,rmse,test,1.7182778120040894
unsup,ESOL,regression,0.05,5,45,2,2,rmse,train,0.6021849513053894
unsup,ESOL,regression,0.1,10,90,0,0,rmse,test,1.3024609088897705
unsup,ESOL,regression,0.1,10,90,0,0,rmse,train,0.921420156955719
unsup,ESOL,regression,0.1,10,90,0,1,rmse,test,1.3377271890640259
unsup,ESOL,regression,0.1,10,90,0,1,rmse,train,0.9341748952865601
unsup,ESOL,regression,0.1,10,90,0,2,rmse,test,1.2355031967163086
unsup,ESOL,regression,0.1,10,90,0,2,rmse,train,0.5482999086380005
unsup,ESOL,regression,0.1,10,90,1,0,rmse,test,1.2917454242706299
unsup,ESOL,regression,0.1,10,90,1,0,rmse,train,0.4552527368068695
unsup,ESOL,regression,0.1,10,90,1,1,rmse,test,1.2943154573440552
unsup,ESOL,regression,0.1,10,90,1,1,rmse,train,0.5210742950439453
unsup,ESOL,regression,0.1,10,90,1,2,rmse,test,1.303408145904541
unsup,ESOL,regression,0.1,10,90,1,2,rmse,train,0.32844921946525574
unsup,ESOL,regression,0.1,10,90,2,0,rmse,test,1.357445478439331
unsup,ESOL,regression,0.1,10,90,2,0,rmse,train,0.7348572611808777
unsup,ESOL,regression,0.1,10,90,2,1,rmse,test,1.4729483127593994
unsup,ESOL,regression,0.1,10,90,2,1,rmse,train,0.6136844754219055
unsup,ESOL,regression,0.1,10,90,2,2,rmse,test,1.4128358364105225
unsup,ESOL,regression,0.1,10,90,2,2,rmse,train,0.6402252912521362
unsup,ESOL,regression,0.25,25,226,0,0,rmse,test,1.1892967224121094
unsup,ESOL,regression,0.25,25,226,0,0,rmse,train,0.3427361845970154
unsup,ESOL,regression,0.25,25,226,0,1,rmse,test,1.212754249572754
unsup,ESOL,regression,0.25,25,226,0,1,rmse,train,0.30272871255874634
unsup,ESOL,regression,0.25,25,226,0,2,rmse,test,1.177810549736023
unsup,ESOL,regression,0.25,25,226,0,2,rmse,train,0.46916645765304565
unsup,ESOL,regression,0.25,25,226,1,0,rmse,test,1.1095231771469116
unsup,ESOL,regression,0.25,25,226,1,0,rmse,train,0.3781285583972931
unsup,ESOL,regression,0.25,25,226,1,1,rmse,test,1.1243520975112915
unsup,ESOL,regression,0.25,25,226,1,1,rmse,train,0.41976454854011536
unsup,ESOL,regression,0.25,25,226,1,2,rmse,test,1.1360163688659668
unsup,ESOL,regression,0.25,25,226,1,2,rmse,train,0.26194536685943604
unsup,ESOL,regression,0.25,25,226,2,0,rmse,test,1.1824676990509033
unsup,ESOL,regression,0.25,25,226,2,0,rmse,train,0.2605965733528137
unsup,ESOL,regression,0.25,25,226,2,1,rmse,test,1.1974153518676758
unsup,ESOL,regression,0.25,25,226,2,1,rmse,train,0.25982657074928284
unsup,ESOL,regression,0.25,25,226,2,2,rmse,test,1.1832191944122314
unsup,ESOL,regression,0.25,25,226,2,2,rmse,train,0.3231212794780731
unsup,ESOL,regression,0.5,50,451,0,0,rmse,test,1.2102872133255005
unsup,ESOL,regression,0.5,50,451,0,0,rmse,train,0.6079713702201843
unsup,ESOL,regression,0.5,50,451,0,1,rmse,test,1.1945995092391968
unsup,ESOL,regression,0.5,50,451,0,1,rmse,train,0.6655585765838623
unsup,ESOL,regression,0.5,50,451,0,2,rmse,test,1.0951236486434937
unsup,ESOL,regression,0.5,50,451,0,2,rmse,train,0.47478532791137695
unsup,ESOL,regression,0.5,50,451,1,0,rmse,test,1.0961554050445557
unsup,ESOL,regression,0.5,50,451,1,0,rmse,train,0.45488789677619934
unsup,ESOL,regression,0.5,50,451,1,1,rmse,test,1.1145700216293335
unsup,ESOL,regression,0.5,50,451,1,1,rmse,train,0.5882869362831116
unsup,ESOL,regression,0.5,50,451,1,2,rmse,test,1.0775659084320068
unsup,ESOL,regression,0.5,50,451,1,2,rmse,train,0.5086333751678467
unsup,ESOL,regression,0.5,50,451,2,0,rmse,test,1.0255383253097534
unsup,ESOL,regression,0.5,50,451,2,0,rmse,train,0.41355884075164795
unsup,ESOL,regression,0.5,50,451,2,1,rmse,test,1.1711626052856445
unsup,ESOL,regression,0.5,50,451,2,1,rmse,train,0.8091542720794678
unsup,ESOL,regression,0.5,50,451,2,2,rmse,test,1.0745292901992798
unsup,ESOL,regression,0.5,50,451,2,2,rmse,train,0.6542352437973022
unsup,ESOL,regression,1.0,100,902,0,0,rmse,test,1.000555157661438
unsup,ESOL,regression,1.0,100,902,0,0,rmse,train,0.46516549587249756
unsup,ESOL,regression,1.0,100,902,0,1,rmse,test,0.9987142086029053
unsup,ESOL,regression,1.0,100,902,0,1,rmse,train,0.40333735942840576
unsup,ESOL,regression,1.0,100,902,0,2,rmse,test,1.0028265714645386
unsup,ESOL,regression,1.0,100,902,0,2,rmse,train,0.38769230246543884
unsup,Lipophilicity,regression,0.05,5,168,0,0,rmse,test,1.1431783437728882
unsup,Lipophilicity,regression,0.05,5,168,0,0,rmse,train,0.3930269479751587
unsup,Lipophilicity,regression,0.05,5,168,0,1,rmse,test,1.1106606721878052
unsup,Lipophilicity,regression,0.05,5,168,0,1,rmse,train,0.4364268481731415
unsup,Lipophilicity,regression,0.05,5,168,0,2,rmse,test,1.1211395263671875
unsup,Lipophilicity,regression,0.05,5,168,0,2,rmse,train,0.46759459376335144
unsup,Lipophilicity,regression,0.05,5,168,1,0,rmse,test,1.0590392351150513
unsup,Lipophilicity,regression,0.05,5,168,1,0,rmse,train,0.7663012742996216
unsup,Lipophilicity,regression,0.05,5,168,1,1,rmse,test,1.0906797647476196
unsup,Lipophilicity,regression,0.05,5,168,1,1,rmse,train,0.587624192237854
unsup,Lipophilicity,regression,0.05,5,168,1,2,rmse,test,1.0513726472854614
unsup,Lipophilicity,regression,0.05,5,168,1,2,rmse,train,0.8755242824554443
unsup,Lipophilicity,regression,0.05,5,168,2,0,rmse,test,1.0521602630615234
unsup,Lipophilicity,regression,0.05,5,168,2,0,rmse,train,0.4261729419231415
unsup,Lipophilicity,regression,0.05,5,168,2,1,rmse,test,1.0589776039123535
unsup,Lipophilicity,regression,0.05,5,168,2,1,rmse,train,0.3263654112815857
unsup,Lipophilicity,regression,0.05,5,168,2,2,rmse,test,1.0589611530303955
unsup,Lipophilicity,regression,0.05,5,168,2,2,rmse,train,0.8606775999069214
unsup,Lipophilicity,regression,0.1,10,336,0,0,rmse,test,1.0386831760406494
unsup,Lipophilicity,regression,0.1,10,336,0,0,rmse,train,0.40241554379463196
unsup,Lipophilicity,regression,0.1,10,336,0,1,rmse,test,1.005653977394104
unsup,Lipophilicity,regression,0.1,10,336,0,1,rmse,train,0.6431666016578674
unsup,Lipophilicity,regression,0.1,10,336,0,2,rmse,test,1.0202125310897827
unsup,Lipophilicity,regression,0.1,10,336,0,2,rmse,train,0.343781977891922
unsup,Lipophilicity,regression,0.1,10,336,1,0,rmse,test,1.0674965381622314
unsup,Lipophilicity,regression,0.1,10,336,1,0,rmse,train,0.44061994552612305
unsup,Lipophilicity,regression,0.1,10,336,1,1,rmse,test,1.023168921470642
unsup,Lipophilicity,regression,0.1,10,336,1,1,rmse,train,0.5021647214889526
unsup,Lipophilicity,regression,0.1,10,336,1,2,rmse,test,1.0507358312606812
unsup,Lipophilicity,regression,0.1,10,336,1,2,rmse,train,0.493920236825943
unsup,Lipophilicity,regression,0.1,10,336,2,0,rmse,test,1.0822559595108032
unsup,Lipophilicity,regression,0.1,10,336,2,0,rmse,train,0.2391219586133957
unsup,Lipophilicity,regression,0.1,10,336,2,1,rmse,test,1.0347301959991455
unsup,Lipophilicity,regression,0.1,10,336,2,1,rmse,train,0.604057252407074
unsup,Lipophilicity,regression,0.1,10,336,2,2,rmse,test,1.0575950145721436
unsup,Lipophilicity,regression,0.1,10,336,2,2,rmse,train,0.5601163506507874
unsup,Lipophilicity,regression,0.25,25,840,0,0,rmse,test,0.9635310173034668
unsup,Lipophilicity,regression,0.25,25,840,0,0,rmse,train,0.21950453519821167
unsup,Lipophilicity,regression,0.25,25,840,0,1,rmse,test,0.9752031564712524
unsup,Lipophilicity,regression,0.25,25,840,0,1,rmse,train,0.3230133354663849
unsup,Lipophilicity,regression,0.25,25,840,0,2,rmse,test,0.983651876449585
unsup,Lipophilicity,regression,0.25,25,840,0,2,rmse,train,0.2939029335975647
unsup,Lipophilicity,regression,0.25,25,840,1,0,rmse,test,1.0621097087860107
unsup,Lipophilicity,regression,0.25,25,840,1,0,rmse,train,0.3408220410346985
unsup,Lipophilicity,regression,0.25,25,840,1,1,rmse,test,1.0193021297454834
unsup,Lipophilicity,regression,0.25,25,840,1,1,rmse,train,0.7548566460609436
unsup,Lipophilicity,regression,0.25,25,840,1,2,rmse,test,1.041985034942627
unsup,Lipophilicity,regression,0.25,25,840,1,2,rmse,train,0.5179426670074463
unsup,Lipophilicity,regression,0.25,25,840,2,0,rmse,test,0.9693923592567444
unsup,Lipophilicity,regression,0.25,25,840,2,0,rmse,train,0.6435612440109253
unsup,Lipophilicity,regression,0.25,25,840,2,1,rmse,test,0.9782020449638367
unsup,Lipophilicity,regression,0.25,25,840,2,1,rmse,train,0.49188169836997986
unsup,Lipophilicity,regression,0.25,25,840,2,2,rmse,test,0.9788966774940491
unsup,Lipophilicity,regression,0.25,25,840,2,2,rmse,train,0.5019711852073669
unsup,Lipophilicity,regression,0.5,50,1680,0,0,rmse,test,0.9258404970169067
unsup,Lipophilicity,regression,0.5,50,1680,0,0,rmse,train,0.2774776518344879
unsup,Lipophilicity,regression,0.5,50,1680,0,1,rmse,test,0.936303973197937
unsup,Lipophilicity,regression,0.5,50,1680,0,1,rmse,train,0.40933656692504883
unsup,Lipophilicity,regression,0.5,50,1680,0,2,rmse,test,0.9273789525032043
unsup,Lipophilicity,regression,0.5,50,1680,0,2,rmse,train,0.34902602434158325
unsup,Lipophilicity,regression,0.5,50,1680,1,0,rmse,test,0.8993541598320007
unsup,Lipophilicity,regression,0.5,50,1680,1,0,rmse,train,0.3612219989299774
unsup,Lipophilicity,regression,0.5,50,1680,1,1,rmse,test,0.932161271572113
unsup,Lipophilicity,regression,0.5,50,1680,1,1,rmse,train,0.3899635672569275
unsup,Lipophilicity,regression,0.5,50,1680,1,2,rmse,test,0.9127202033996582
unsup,Lipophilicity,regression,0.5,50,1680,1,2,rmse,train,0.26943373680114746
unsup,Lipophilicity,regression,0.5,50,1680,2,0,rmse,test,0.9090699553489685
unsup,Lipophilicity,regression,0.5,50,1680,2,0,rmse,train,0.41294044256210327
unsup,Lipophilicity,regression,0.5,50,1680,2,1,rmse,test,0.9123619198799133
unsup,Lipophilicity,regression,0.5,50,1680,2,1,rmse,train,0.3725457191467285
unsup,Lipophilicity,regression,0.5,50,1680,2,2,rmse,test,0.9387994408607483
unsup,Lipophilicity,regression,0.5,50,1680,2,2,rmse,train,0.4871012270450592
unsup,Lipophilicity,regression,1.0,100,3360,0,0,rmse,test,0.8907885551452637
unsup,Lipophilicity,regression,1.0,100,3360,0,0,rmse,train,0.491534948348999
unsup,Lipophilicity,regression,1.0,100,3360,0,1,rmse,test,0.8652070760726929
unsup,Lipophilicity,regression,1.0,100,3360,0,1,rmse,train,0.3892640173435211
unsup,Lipophilicity,regression,1.0,100,3360,0,2,rmse,test,0.8934543132781982
unsup,Lipophilicity,regression,1.0,100,3360,0,2,rmse,train,0.5092787146568298
unsup,QM7,regression,0.05,5,274,0,0,rmse,test,215.94775390625
unsup,QM7,regression,0.05,5,274,0,0,rmse,train,230.80630493164062
unsup,QM7,regression,0.05,5,274,0,1,rmse,test,212.0183868408203
unsup,QM7,regression,0.05,5,274,0,1,rmse,train,213.99664306640625
unsup,QM7,regression,0.05,5,274,0,2,rmse,test,246.48927307128906
unsup,QM7,regression,0.05,5,274,0,2,rmse,train,155.93771362304688
unsup,QM7,regression,0.05,5,274,1,0,rmse,test,233.18275451660156
unsup,QM7,regression,0.05,5,274,1,0,rmse,train,181.74073791503906
unsup,QM7,regression,0.05,5,274,1,1,rmse,test,217.9304656982422
unsup,QM7,regression,0.05,5,274,1,1,rmse,train,207.71731567382812
unsup,QM7,regression,0.05,5,274,1,2,rmse,test,236.8151092529297
unsup,QM7,regression,0.05,5,274,1,2,rmse,train,201.27377319335938
unsup,QM7,regression,0.05,5,274,2,0,rmse,test,215.75514221191406
unsup,QM7,regression,0.05,5,274,2,0,rmse,train,186.4894561767578
unsup,QM7,regression,0.05,5,274,2,1,rmse,test,215.1908721923828
unsup,QM7,regression,0.05,5,274,2,1,rmse,train,166.09744262695312
unsup,QM7,regression,0.05,5,274,2,2,rmse,test,221.7832489013672
unsup,QM7,regression,0.05,5,274,2,2,rmse,train,192.24850463867188
unsup,QM7,regression,0.1,10,547,0,0,rmse,test,223.1365203857422
unsup,QM7,regression,0.1,10,547,0,0,rmse,train,207.257568359375
unsup,QM7,regression,0.1,10,547,0,1,rmse,test,214.18150329589844
unsup,QM7,regression,0.1,10,547,0,1,rmse,train,198.59283447265625
unsup,QM7,regression,0.1,10,547,0,2,rmse,test,227.90687561035156
unsup,QM7,regression,0.1,10,547,0,2,rmse,train,186.04486083984375
unsup,QM7,regression,0.1,10,547,1,0,rmse,test,229.74868774414062
unsup,QM7,regression,0.1,10,547,1,0,rmse,train,174.67271423339844
unsup,QM7,regression,0.1,10,547,1,1,rmse,test,219.4435272216797
unsup,QM7,regression,0.1,10,547,1,1,rmse,train,188.68650817871094
unsup,QM7,regression,0.1,10,547,1,2,rmse,test,214.6063232421875
unsup,QM7,regression,0.1,10,547,1,2,rmse,train,216.89515686035156
unsup,QM7,regression,0.1,10,547,2,0,rmse,test,219.10707092285156
unsup,QM7,regression,0.1,10,547,2,0,rmse,train,183.54153442382812
unsup,QM7,regression,0.1,10,547,2,1,rmse,test,228.7506561279297
unsup,QM7,regression,0.1,10,547,2,1,rmse,train,194.93536376953125
unsup,QM7,regression,0.1,10,547,2,2,rmse,test,214.6648406982422
unsup,QM7,regression,0.1,10,547,2,2,rmse,train,202.96481323242188
unsup,QM7,regression,0.25,25,1368,0,0,rmse,test,216.70489501953125
unsup,QM7,regression,0.25,25,1368,0,0,rmse,train,176.9324493408203
unsup,QM7,regression,0.25,25,1368,0,1,rmse,test,213.59393310546875
unsup,QM7,regression,0.25,25,1368,0,1,rmse,train,180.548828125
unsup,QM7,regression,0.25,25,1368,0,2,rmse,test,214.53163146972656
unsup,QM7,regression,0.25,25,1368,0,2,rmse,train,176.70262145996094
unsup,QM7,regression,0.25,25,1368,1,0,rmse,test,211.27549743652344
unsup,QM7,regression,0.25,25,1368,1,0,rmse,train,187.95773315429688
unsup,QM7,regression,0.25,25,1368,1,1,rmse,test,204.92767333984375
unsup,QM7,regression,0.25,25,1368,1,1,rmse,train,187.09478759765625
unsup,QM7,regression,0.25,25,1368,1,2,rmse,test,202.91665649414062
unsup,QM7,regression,0.25,25,1368,1,2,rmse,train,187.7882080078125
unsup,QM7,regression,0.25,25,1368,2,0,rmse,test,210.40281677246094
unsup,QM7,regression,0.25,25,1368,2,0,rmse,train,195.2254638671875
unsup,QM7,regression,0.25,25,1368,2,1,rmse,test,212.3783721923828
unsup,QM7,regression,0.25,25,1368,2,1,rmse,train,175.45040893554688
unsup,QM7,regression,0.25,25,1368,2,2,rmse,test,207.2095947265625
unsup,QM7,regression,0.25,25,1368,2,2,rmse,train,187.0217742919922
unsup,QM7,regression,0.5,50,2735,0,0,rmse,test,221.63888549804688
unsup,QM7,regression,0.5,50,2735,0,0,rmse,train,176.2498779296875
unsup,QM7,regression,0.5,50,2735,0,1,rmse,test,209.28330993652344
unsup,QM7,regression,0.5,50,2735,0,1,rmse,train,186.55816650390625
unsup,QM7,regression,0.5,50,2735,0,2,rmse,test,213.73069763183594
unsup,QM7,regression,0.5,50,2735,0,2,rmse,train,190.674560546875
unsup,QM7,regression,0.5,50,2735,1,0,rmse,test,223.45294189453125
unsup,QM7,regression,0.5,50,2735,1,0,rmse,train,197.45025634765625
unsup,QM7,regression,0.5,50,2735,1,1,rmse,test,210.07395935058594
unsup,QM7,regression,0.5,50,2735,1,1,rmse,train,189.36032104492188
unsup,QM7,regression,0.5,50,2735,1,2,rmse,test,210.72064208984375
unsup,QM7,regression,0.5,50,2735,1,2,rmse,train,193.4136962890625
unsup,QM7,regression,0.5,50,2735,2,0,rmse,test,213.93695068359375
unsup,QM7,regression,0.5,50,2735,2,0,rmse,train,199.4377899169922
unsup,QM7,regression,0.5,50,2735,2,1,rmse,test,217.3253631591797
unsup,QM7,regression,0.5,50,2735,2,1,rmse,train,174.13717651367188
unsup,QM7,regression,0.5,50,2735,2,2,rmse,test,216.3209991455078
unsup,QM7,regression,0.5,50,2735,2,2,rmse,train,193.9862823486328
unsup,QM7,regression,1.0,100,5470,0,0,rmse,test,206.3209228515625
unsup,QM7,regression,1.0,100,5470,0,0,rmse,train,197.53826904296875
unsup,QM7,regression,1.0,100,5470,0,1,rmse,test,213.27828979492188
unsup,QM7,regression,1.0,100,5470,0,1,rmse,train,190.88369750976562
unsup,QM7,regression,1.0,100,5470,0,2,rmse,test,206.6768798828125
unsup,QM7,regression,1.0,100,5470,0,2,rmse,train,191.4653778076172
unsup,BBBP,classification,0.05,5,82,0,0,roc_auc,test,0.7036323345216302
unsup,BBBP,classification,0.05,5,82,0,0,roc_auc,train,0.9988851727982163
unsup,BBBP,classification,0.05,5,82,0,0,nef1,test,0.6666666666666666
unsup,BBBP,classification,0.05,5,82,0,1,roc_auc,test,0.7043067732922247
unsup,BBBP,classification,0.05,5,82,0,1,roc_auc,train,0.9988851727982163
unsup,BBBP,classification,0.05,5,82,0,1,nef1,test,0.3333333333333333
unsup,BBBP,classification,0.05,5,82,0,2,roc_auc,test,0.7168320647461219
unsup,BBBP,classification,0.05,5,82,0,2,roc_auc,train,1.0
unsup,BBBP,classification,0.05,5,82,0,2,nef1,test,0.3333333333333333
unsup,BBBP,classification,0.05,5,82,1,0,roc_auc,test,0.5936024665189323
unsup,BBBP,classification,0.05,5,82,1,0,roc_auc,train,0.9940298507462687
unsup,BBBP,classification,0.05,5,82,1,0,nef1,test,0.6666666666666666
unsup,BBBP,classification,0.05,5,82,1,1,roc_auc,test,0.6040080932652472
unsup,BBBP,classification,0.05,5,82,1,1,roc_auc,train,0.9970149253731344
unsup,BBBP,classification,0.05,5,82,1,1,nef1,test,0.3333333333333333
unsup,BBBP,classification,0.05,5,82,1,2,roc_auc,test,0.5968783119761056
unsup,BBBP,classification,0.05,5,82,1,2,roc_auc,train,0.9990049751243781
unsup,BBBP,classification,0.05,5,82,1,2,nef1,test,0.3333333333333333
unsup,BBBP,classification,0.05,5,82,2,0,roc_auc,test,0.6377300317949706
unsup,BBBP,classification,0.05,5,82,2,0,roc_auc,train,1.0
unsup,BBBP,classification,0.05,5,82,2,0,nef1,test,0.3333333333333333
unsup,BBBP,classification,0.05,5,82,2,1,roc_auc,test,0.6632623566817611
unsup,BBBP,classification,0.05,5,82,2,1,roc_auc,train,0.9977703455964326
unsup,BBBP,classification,0.05,5,82,2,1,nef1,test,0.6666666666666666
unsup,BBBP,classification,0.05,5,82,2,2,roc_auc,test,0.627806147027652
unsup,BBBP,classification,0.05,5,82,2,2,roc_auc,train,1.0
unsup,BBBP,classification,0.05,5,82,2,2,nef1,test,0.6666666666666666
unsup,BBBP,classification,0.1,10,163,0,0,roc_auc,test,0.6492918392908759
unsup,BBBP,classification,0.1,10,163,0,0,roc_auc,train,0.9970526315789473
unsup,BBBP,classification,0.1,10,163,0,0,nef1,test,1.0
unsup,BBBP,classification,0.1,10,163,0,1,roc_auc,test,0.6393679545235571
unsup,BBBP,classification,0.1,10,163,0,1,roc_auc,train,0.9978947368421054
unsup,BBBP,classification,0.1,10,163,0,1,nef1,test,0.6666666666666666
unsup,BBBP,classification,0.1,10,163,0,2,roc_auc,test,0.6376336833991714
unsup,BBBP,classification,0.1,10,163,0,2,roc_auc,train,0.9983157894736843
unsup,BBBP,classification,0.1,10,163,0,2,nef1,test,1.0
unsup,BBBP,classification,0.1,10,163,1,0,roc_auc,test,0.7032469409384334
unsup,BBBP,classification,0.1,10,163,1,0,roc_auc,train,0.9985962942167321
unsup,BBBP,classification,0.1,10,163,1,0,nef1,test,0.6666666666666666
unsup,BBBP,classification,0.1,10,163,1,1,roc_auc,test,0.7053666056460158
unsup,BBBP,classification,0.1,10,163,1,1,roc_auc,train,0.9932622122403144
unsup,BBBP,classification,0.1,10,163,1,1,nef1,test,0.6666666666666666
unsup,BBBP,classification,0.1,10,163,1,2,roc_auc,test,0.7020907601888428
unsup,BBBP,classification,0.1,10,163,1,2,roc_auc,train,0.9988770353733858
unsup,BBBP,classification,0.1,10,163,1,2,nef1,test,0.6666666666666666
unsup,BBBP,classification,0.1,10,163,2,0,roc_auc,test,0.6693323056171115
unsup,BBBP,classification,0.1,10,163,2,0,roc_auc,train,0.9945133587786259
unsup,BBBP,classification,0.1,10,163,2,0,nef1,test,1.0
unsup,BBBP,classification,0.1,10,163,2,1,roc_auc,test,0.6701994411793044
unsup,BBBP,classification,0.1,10,163,2,1,roc_auc,train,0.9973759541984732
unsup,BBBP,classification,0.1,10,163,2,1,nef1,test,0.6666666666666666
unsup,BBBP,classification,0.1,10,163,2,2,roc_auc,test,0.6923595722131227
unsup,BBBP,classification,0.1,10,163,2,2,roc_auc,train,1.0
unsup,BBBP,classification,0.1,10,163,2,2,nef1,test,0.6666666666666666
unsup,BBBP,classification,0.25,25,408,0,0,roc_auc,test,0.6652856729935447
unsup,BBBP,classification,0.25,25,408,0,0,roc_auc,train,0.9621539792387545
unsup,BBBP,classification,0.25,25,408,0,0,nef1,test,0.6666666666666666
unsup,BBBP,classification,0.25,25,408,0,1,roc_auc,test,0.7134598708931497
unsup,BBBP,classification,0.25,25,408,0,1,roc_auc,train,0.9845155709342561
unsup,BBBP,classification,0.25,25,408,0,1,nef1,test,1.0
unsup,BBBP,classification,0.25,25,408,0,2,roc_auc,test,0.7066191347914057
unsup,BBBP,classification,0.25,25,408,0,2,roc_auc,train,0.9877162629757785
unsup,BBBP,classification,0.25,25,408,0,2,nef1,test,1.0
unsup,BBBP,classification,0.25,25,408,1,0,roc_auc,test,0.7254070719722516
unsup,BBBP,classification,0.25,25,408,1,0,roc_auc,train,0.9993799603174602
unsup,BBBP,classification,0.25,25,408,1,0,nef1,test,1.0
unsup,BBBP,classification,0.25,25,408,1,1,roc_auc,test,0.735716350322767
unsup,BBBP,classification,0.25,25,408,1,1,roc_auc,train,0.9985532407407408
unsup,BBBP,classification,0.25,25,408,1,1,nef1,test,0.6666666666666666
unsup,BBBP,classification,0.25,25,408,1,2,roc_auc,test,0.726948646305039
unsup,BBBP,classification,0.25,25,408,1,2,roc_auc,train,0.9990079365079365
unsup,BBBP,classification,0.25,25,408,1,2,nef1,test,0.6666666666666666
unsup,BBBP,classification,0.25,25,408,2,0,roc_auc,test,0.7311879757202042
unsup,BBBP,classification,0.25,25,408,2,0,roc_auc,train,0.9935669202136267
unsup,BBBP,classification,0.25,25,408,2,0,nef1,test,0.6666666666666666
unsup,BBBP,classification,0.25,25,408,2,1,roc_auc,test,0.7340784275941805
unsup,BBBP,classification,0.25,25,408,2,1,roc_auc,train,0.9907347467227706
unsup,BBBP,classification,0.25,25,408,2,1,nef1,test,0.6666666666666666
unsup,BBBP,classification,0.25,25,408,2,2,roc_auc,test,0.7341747759899797
unsup,BBBP,classification,0.25,25,408,2,2,roc_auc,train,0.9909775044505584
unsup,BBBP,classification,0.25,25,408,2,2,nef1,test,0.6666666666666666
unsup,BBBP,classification,0.5,50,816,0,0,roc_auc,test,0.7369688794681568
unsup,BBBP,classification,0.5,50,816,0,0,roc_auc,train,0.9989265998773257
unsup,BBBP,classification,0.5,50,816,0,0,nef1,test,0.3333333333333333
unsup,BBBP,classification,0.5,50,816,0,1,roc_auc,test,0.7328258984487909
unsup,BBBP,classification,0.5,50,816,0,1,roc_auc,train,0.9984052341034553
unsup,BBBP,classification,0.5,50,816,0,1,nef1,test,0.0
unsup,BBBP,classification,0.5,50,816,0,2,roc_auc,test,0.733307640427787
unsup,BBBP,classification,0.5,50,816,0,2,roc_auc,train,0.9974647311388265
unsup,BBBP,classification,0.5,50,816,0,2,nef1,test,0.3333333333333333
unsup,BBBP,classification,0.5,50,816,1,0,roc_auc,test,0.7496868677136524
unsup,BBBP,classification,0.5,50,816,1,0,roc_auc,train,0.9975641091525773
unsup,BBBP,classification,0.5,50,816,1,0,nef1,test,0.6666666666666666
unsup,BBBP,classification,0.5,50,816,1,1,roc_auc,test,0.7481452933808652
unsup,BBBP,classification,0.5,50,816,1,1,roc_auc,train,0.9972352124980729
unsup,BBBP,classification,0.5,50,816,1,1,nef1,test,0.6666666666666666
unsup,BBBP,classification,0.5,50,816,1,2,roc_auc,test,0.7442913575488967
unsup,BBBP,classification,0.5,50,816,1,2,roc_auc,train,0.9990030320160337
unsup,BBBP,classification,0.5,50,816,1,2,nef1,test,0.6666666666666666
unsup,BBBP,classification,0.5,50,816,2,0,roc_auc,test,0.7363907890933615
unsup,BBBP,classification,0.5,50,816,2,0,roc_auc,train,0.9983284114336658
unsup,BBBP,classification,0.5,50,816,2,0,nef1,test,0.6666666666666666
unsup,BBBP,classification,0.5,50,816,2,1,roc_auc,test,0.7286829174294248
unsup,BBBP,classification,0.5,50,816,2,1,roc_auc,train,0.9995208112776508
unsup,BBBP,classification,0.5,50,816,2,1,nef1,test,0.6666666666666666
unsup,BBBP,classification,0.5,50,816,2,2,roc_auc,test,0.726466904326043
unsup,BBBP,classification,0.5,50,816,2,2,roc_auc,train,0.9996099626678553
unsup,BBBP,classification,0.5,50,816,2,2,nef1,test,0.3333333333333333
unsup,BBBP,classification,1.0,100,1631,0,0,roc_auc,test,0.7451584931110897
unsup,BBBP,classification,1.0,100,1631,0,0,roc_auc,train,0.9923500218570804
unsup,BBBP,classification,1.0,100,1631,0,0,nef1,test,0.3333333333333333
unsup,BBBP,classification,1.0,100,1631,0,1,roc_auc,test,0.7398593313421331
unsup,BBBP,classification,1.0,100,1631,0,1,roc_auc,train,0.99379773200648
unsup,BBBP,classification,1.0,100,1631,0,1,nef1,test,0.3333333333333333
unsup,BBBP,classification,1.0,100,1631,0,2,roc_auc,test,0.7425570864245111
unsup,BBBP,classification,1.0,100,1631,0,2,roc_auc,train,0.9968705803697705
unsup,BBBP,classification,1.0,100,1631,0,2,nef1,test,0.3333333333333333
unsup,BACE,classification,0.05,5,60,0,0,roc_auc,test,0.6177536231884058
unsup,BACE,classification,0.05,5,60,0,0,roc_auc,train,0.9276018099547512
unsup,BACE,classification,0.05,5,60,0,0,nef1,test,0.5
unsup,BACE,classification,0.05,5,60,0,1,roc_auc,test,0.6159420289855073
unsup,BACE,classification,0.05,5,60,0,1,roc_auc,train,0.9106334841628959
unsup,BACE,classification,0.05,5,60,0,1,nef1,test,0.5
unsup,BACE,classification,0.05,5,60,0,2,roc_auc,test,0.5927536231884059
unsup,BACE,classification,0.05,5,60,0,2,roc_auc,train,0.8823529411764706
unsup,BACE,classification,0.05,5,60,0,2,nef1,test,0.5
unsup,BACE,classification,0.05,5,60,1,0,roc_auc,test,0.6019927536231885
unsup,BACE,classification,0.05,5,60,1,0,roc_auc,train,0.9794608472400513
unsup,BACE,classification,0.05,5,60,1,0,nef1,test,1.0
unsup,BACE,classification,0.05,5,60,1,1,roc_auc,test,0.6639492753623188
unsup,BACE,classification,0.05,5,60,1,1,roc_auc,train,0.9807445442875481
unsup,BACE,classification,0.05,5,60,1,1,nef1,test,1.0
unsup,BACE,classification,0.05,5,60,1,2,roc_auc,test,0.647463768115942
unsup,BACE,classification,0.05,5,60,1,2,roc_auc,train,0.9743260590500642
unsup,BACE,classification,0.05,5,60,1,2,nef1,test,1.0
unsup,BACE,classification,0.05,5,60,2,0,roc_auc,test,0.7027173913043478
unsup,BACE,classification,0.05,5,60,2,0,roc_auc,train,0.897142857142857
unsup,BACE,classification,0.05,5,60,2,0,nef1,test,0.5
unsup,BACE,classification,0.05,5,60,2,1,roc_auc,test,0.7625000000000001
unsup,BACE,classification,0.05,5,60,2,1,roc_auc,train,0.8879999999999999
unsup,BACE,classification,0.05,5,60,2,1,nef1,test,1.0
unsup,BACE,classification,0.05,5,60,2,2,roc_auc,test,0.7123188405797102
unsup,BACE,classification,0.05,5,60,2,2,roc_auc,train,0.8719999999999999
unsup,BACE,classification,0.05,5,60,2,2,nef1,test,1.0
unsup,BACE,classification,0.1,10,121,0,0,roc_auc,test,0.7193840579710146
unsup,BACE,classification,0.1,10,121,0,0,roc_auc,train,0.9757525083612041
unsup,BACE,classification,0.1,10,121,0,0,nef1,test,1.0
unsup,BACE,classification,0.1,10,121,0,1,roc_auc,test,0.6981884057971015
unsup,BACE,classification,0.1,10,121,0,1,roc_auc,train,0.9735228539576366
unsup,BACE,classification,0.1,10,121,0,1,nef1,test,1.0
unsup,BACE,classification,0.1,10,121,0,2,roc_auc,test,0.6972826086956523
unsup,BACE,classification,0.1,10,121,0,2,roc_auc,train,0.9665551839464883
unsup,BACE,classification,0.1,10,121,0,2,nef1,test,0.5
unsup,BACE,classification,0.1,10,121,1,0,roc_auc,test,0.7416666666666667
unsup,BACE,classification,0.1,10,121,1,0,roc_auc,train,0.89520624303233
unsup,BACE,classification,0.1,10,121,1,0,nef1,test,1.0
unsup,BACE,classification,0.1,10,121,1,1,roc_auc,test,0.7606884057971014
unsup,BACE,classification,0.1,10,121,1,1,roc_auc,train,0.8940914158305461
unsup,BACE,classification,0.1,10,121,1,1,nef1,test,1.0
unsup,BACE,classification,0.1,10,121,1,2,roc_auc,test,0.7528985507246376
unsup,BACE,classification,0.1,10,121,1,2,roc_auc,train,0.8598104793756967
unsup,BACE,classification,0.1,10,121,1,2,nef1,test,1.0
unsup,BACE,classification,0.1,10,121,2,0,roc_auc,test,0.7652173913043477
unsup,BACE,classification,0.1,10,121,2,0,roc_auc,train,0.8349295774647887
unsup,BACE,classification,0.1,10,121,2,0,nef1,test,0.5
unsup,BACE,classification,0.1,10,121,2,1,roc_auc,test,0.7148550724637681
unsup,BACE,classification,0.1,10,121,2,1,roc_auc,train,0.8884507042253521
unsup,BACE,classification,0.1,10,121,2,1,nef1,test,1.0
unsup,BACE,classification,0.1,10,121,2,2,roc_auc,test,0.7402173913043479
unsup,BACE,classification,0.1,10,121,2,2,roc_auc,train,0.8298591549295775
unsup,BACE,classification,0.1,10,121,2,2,nef1,test,1.0
unsup,BACE,classification,0.25,25,302,0,0,roc_auc,test,0.7840579710144928
unsup,BACE,classification,0.25,25,302,0,0,roc_auc,train,0.9817865273871702
unsup,BACE,classification,0.25,25,302,0,0,nef1,test,1.0
unsup,BACE,classification,0.25,25,302,0,1,roc_auc,test,0.7679347826086955
unsup,BACE,classification,0.25,25,302,0,1,roc_auc,train,0.9741082987366636
unsup,BACE,classification,0.25,25,302,0,1,nef1,test,1.0
unsup,BACE,classification,0.25,25,302,0,2,roc_auc,test,0.7637681159420291
unsup,BACE,classification,0.25,25,302,0,2,roc_auc,train,0.9774117226909513
unsup,BACE,classification,0.25,25,302,0,2,nef1,test,1.0
unsup,BACE,classification,0.25,25,302,1,0,roc_auc,test,0.7858695652173914
unsup,BACE,classification,0.25,25,302,1,0,roc_auc,train,0.9555100182149363
unsup,BACE,classification,0.25,25,302,1,0,nef1,test,1.0
unsup,BACE,classification,0.25,25,302,1,1,roc_auc,test,0.7847826086956521
unsup,BACE,classification,0.25,25,302,1,1,roc_auc,train,0.9740437158469946
unsup,BACE,classification,0.25,25,302,1,1,nef1,test,1.0
unsup,BACE,classification,0.25,25,302,1,2,roc_auc,test,0.7791666666666667
unsup,BACE,classification,0.25,25,302,1,2,roc_auc,train,0.9867030965391621
unsup,BACE,classification,0.25,25,302,1,2,nef1,test,1.0
unsup,BACE,classification,0.25,25,302,2,0,roc_auc,test,0.7574275362318841
unsup,BACE,classification,0.25,25,302,2,0,roc_auc,train,0.96003696003696
unsup,BACE,classification,0.25,25,302,2,0,nef1,test,1.0
unsup,BACE,classification,0.25,25,302,2,1,roc_auc,test,0.7429347826086957
unsup,BACE,classification,0.25,25,302,2,1,roc_auc,train,0.9603141603141603
unsup,BACE,classification,0.25,25,302,2,1,nef1,test,1.0
unsup,BACE,classification,0.25,25,302,2,2,roc_auc,test,0.7471014492753624
unsup,BACE,classification,0.25,25,302,2,2,roc_auc,train,0.957911757911758
unsup,BACE,classification,0.25,25,302,2,2,nef1,test,1.0
unsup,BACE,classification,0.5,50,605,0,0,roc_auc,test,0.8128623188405797
unsup,BACE,classification,0.5,50,605,0,0,roc_auc,train,0.9488327541655529
unsup,BACE,classification,0.5,50,605,0,0,nef1,test,1.0
unsup,BACE,classification,0.5,50,605,0,1,roc_auc,test,0.8134057971014493
unsup,BACE,classification,0.5,50,605,0,1,roc_auc,train,0.9457252962665954
unsup,BACE,classification,0.5,50,605,0,1,nef1,test,1.0
unsup,BACE,classification,0.5,50,605,0,2,roc_auc,test,0.8054347826086957
unsup,BACE,classification,0.5,50,605,0,2,roc_auc,train,0.9388421099527755
unsup,BACE,classification,0.5,50,605,0,2,nef1,test,1.0
unsup,BACE,classification,0.5,50,605,1,0,roc_auc,test,0.8034420289855072
unsup,BACE,classification,0.5,50,605,1,0,roc_auc,train,0.9419640806577557
unsup,BACE,classification,0.5,50,605,1,0,nef1,test,1.0
unsup,BACE,classification,0.5,50,605,1,1,roc_auc,test,0.7989130434782609
unsup,BACE,classification,0.5,50,605,1,1,roc_auc,train,0.9540443709521841
unsup,BACE,classification,0.5,50,605,1,1,nef1,test,1.0
unsup,BACE,classification,0.5,50,605,1,2,roc_auc,test,0.7688405797101449
unsup,BACE,classification,0.5,50,605,1,2,roc_auc,train,0.9081920903954802
unsup,BACE,classification,0.5,50,605,1,2,nef1,test,1.0
unsup,BACE,classification,0.5,50,605,2,0,roc_auc,test,0.8315217391304347
unsup,BACE,classification,0.5,50,605,2,0,roc_auc,train,0.9284833267256949
unsup,BACE,classification,0.5,50,605,2,0,nef1,test,1.0
unsup,BACE,classification,0.5,50,605,2,1,roc_auc,test,0.8235507246376812
unsup,BACE,classification,0.5,50,605,2,1,roc_auc,train,0.9268644553103388
unsup,BACE,classification,0.5,50,605,2,1,nef1,test,1.0
unsup,BACE,classification,0.5,50,605,2,2,roc_auc,test,0.8338768115942028
unsup,BACE,classification,0.5,50,605,2,2,roc_auc,train,0.9470177525219153
unsup,BACE,classification,0.5,50,605,2,2,nef1,test,1.0
unsup,BACE,classification,1.0,100,1210,0,0,roc_auc,test,0.8065217391304348
unsup,BACE,classification,1.0,100,1210,0,0,roc_auc,train,0.9183292589229587
unsup,BACE,classification,1.0,100,1210,0,0,nef1,test,1.0
unsup,BACE,classification,1.0,100,1210,0,1,roc_auc,test,0.8202898550724638
unsup,BACE,classification,1.0,100,1210,0,1,roc_auc,train,0.9387720891248166
unsup,BACE,classification,1.0,100,1210,0,1,nef1,test,1.0
unsup,BACE,classification,1.0,100,1210,0,2,roc_auc,test,0.825
unsup,BACE,classification,1.0,100,1210,0,2,roc_auc,train,0.9676077390514771
unsup,BACE,classification,1.0,100,1210,0,2,nef1,test,1.0
unsup,Tox21,classification,0.05,5,313,0,0,roc_auc,test,0.6179227269296673
unsup,Tox21,classification,0.05,5,313,0,0,roc_auc,train,0.9637141300544037
unsup,Tox21,classification,0.05,5,313,0,0,nef1,test,0.2954365079365079
unsup,Tox21,classification,0.05,5,313,0,1,roc_auc,test,0.6141064747937086
unsup,Tox21,classification,0.05,5,313,0,1,roc_auc,train,0.9738622328952679
unsup,Tox21,classification,0.05,5,313,0,1,nef1,test,0.29742063492063486
unsup,Tox21,classification,0.05,5,313,0,2,roc_auc,test,0.6201622435460246
unsup,Tox21,classification,0.05,5,313,0,2,roc_auc,train,0.9753796579769357
unsup,Tox21,classification,0.05,5,313,0,2,nef1,test,0.30783730158730155
unsup,Tox21,classification,0.05,5,313,1,0,roc_auc,test,0.6475327873849442
unsup,Tox21,classification,0.05,5,313,1,0,roc_auc,train,0.9633581889035714
unsup,Tox21,classification,0.05,5,313,1,0,nef1,test,0.3617063492063492
unsup,Tox21,classification,0.05,5,313,1,1,roc_auc,test,0.6381420031838831
unsup,Tox21,classification,0.05,5,313,1,1,roc_auc,train,0.9662979226430307
unsup,Tox21,classification,0.05,5,313,1,1,nef1,test,0.3240079365079365
unsup,Tox21,classification,0.05,5,313,1,2,roc_auc,test,0.6443095062795935
unsup,Tox21,classification,0.05,5,313,1,2,roc_auc,train,0.9658026801630815
unsup,Tox21,classification,0.05,5,313,1,2,nef1,test,0.3847222222222222
unsup,Tox21,classification,0.05,5,313,2,0,roc_auc,test,0.6317622913124353
unsup,Tox21,classification,0.05,5,313,2,0,roc_auc,train,0.9776430802670397
unsup,Tox21,classification,0.05,5,313,2,0,nef1,test,0.40138888888888885
unsup,Tox21,classification,0.05,5,313,2,1,roc_auc,test,0.6258288178563444
unsup,Tox21,classification,0.05,5,313,2,1,roc_auc,train,0.965728940588147
unsup,Tox21,classification,0.05,5,313,2,1,nef1,test,0.3862103174603175
unsup,Tox21,classification,0.05,5,313,2,2,roc_auc,test,0.6302285160891058
unsup,Tox21,classification,0.05,5,313,2,2,roc_auc,train,0.9709452054111406
unsup,Tox21,classification,0.05,5,313,2,2,nef1,test,0.3862103174603175
unsup,Tox21,classification,0.1,10,626,0,0,roc_auc,test,0.6608120852308081
unsup,Tox21,classification,0.1,10,626,0,0,roc_auc,train,0.9413068560404126
unsup,Tox21,classification,0.1,10,626,0,0,nef1,test,0.40218253968253975
unsup,Tox21,classification,0.1,10,626,0,1,roc_auc,test,0.6784326307480222
unsup,Tox21,classification,0.1,10,626,0,1,roc_auc,train,0.9533762375403607
unsup,Tox21,classification,0.1,10,626,0,1,nef1,test,0.41577380952380966
unsup,Tox21,classification,0.1,10,626,0,2,roc_auc,test,0.663996177555166
unsup,Tox21,classification,0.1,10,626,0,2,roc_auc,train,0.9444966686671794
unsup,Tox21,classification,0.1,10,626,0,2,nef1,test,0.43363095238095245
unsup,Tox21,classification,0.1,10,626,1,0,roc_auc,test,0.6728891289448726
unsup,Tox21,classification,0.1,10,626,1,0,roc_auc,train,0.9371742665721351
unsup,Tox21,classification,0.1,10,626,1,0,nef1,test,0.4200396825396826
unsup,Tox21,classification,0.1,10,626,1,1,roc_auc,test,0.6772876859109255
unsup,Tox21,classification,0.1,10,626,1,1,roc_auc,train,0.9486292560303302
unsup,Tox21,classification,0.1,10,626,1,1,nef1,test,0.4284722222222223
unsup,Tox21,classification,0.1,10,626,1,2,roc_auc,test,0.6839812660895745
unsup,Tox21,classification,0.1,10,626,1,2,roc_auc,train,0.9570752395795222
unsup,Tox21,classification,0.1,10,626,1,2,nef1,test,0.4188492063492064
unsup,Tox21,classification,0.1,10,626,2,0,roc_auc,test,0.6377405354188213
unsup,Tox21,classification,0.1,10,626,2,0,roc_auc,train,0.9089799147809613
unsup,Tox21,classification,0.1,10,626,2,0,nef1,test,0.39146825396825397
unsup,Tox21,classification,0.1,10,626,2,1,roc_auc,test,0.6422333501572742
unsup,Tox21,classification,0.1,10,626,2,1,roc_auc,train,0.9229387150554508
unsup,Tox21,classification,0.1,10,626,2,1,nef1,test,0.39146825396825397
unsup,Tox21,classification,0.1,10,626,2,2,roc_auc,test,0.6598205352528173
unsup,Tox21,classification,0.1,10,626,2,2,roc_auc,train,0.9505767518354743
unsup,Tox21,classification,0.1,10,626,2,2,nef1,test,0.40466269841269836
unsup,Tox21,classification,0.25,25,1564,0,0,roc_auc,test,0.7194494910049051
unsup,Tox21,classification,0.25,25,1564,0,0,roc_auc,train,0.9222058990877274
unsup,Tox21,classification,0.25,25,1564,0,0,nef1,test,0.4529761904761904
unsup,Tox21,classification,0.25,25,1564,0,1,roc_auc,test,0.7127642662062756
unsup,Tox21,classification,0.25,25,1564,0,1,roc_auc,train,0.9099925250772007
unsup,Tox21,classification,0.25,25,1564,0,1,nef1,test,0.458531746031746
unsup,Tox21,classification,0.25,25,1564,0,2,roc_auc,test,0.7216139443472289
unsup,Tox21,classification,0.25,25,1564,0,2,roc_auc,train,0.922615358653546
unsup,Tox21,classification,0.25,25,1564,0,2,nef1,test,0.5101190476190477
unsup,Tox21,classification,0.25,25,1564,1,0,roc_auc,test,0.7137854444936454
unsup,Tox21,classification,0.25,25,1564,1,0,roc_auc,train,0.9390803466113136
unsup,Tox21,classification,0.25,25,1564,1,0,nef1,test,0.4797619047619048
unsup,Tox21,classification,0.25,25,1564,1,1,roc_auc,test,0.705296631341406
unsup,Tox21,classification,0.25,25,1564,1,1,roc_auc,train,0.9362149726847494
unsup,Tox21,classification,0.25,25,1564,1,1,nef1,test,0.4308531746031747
unsup,Tox21,classification,0.25,25,1564,1,2,roc_auc,test,0.7045055987383723
unsup,Tox21,classification,0.25,25,1564,1,2,roc_auc,train,0.9481080335494968
unsup,Tox21,classification,0.25,25,1564,1,2,nef1,test,0.5010912698412698
unsup,Tox21,classification,0.25,25,1564,2,0,roc_auc,test,0.7085452938705793
unsup,Tox21,classification,0.25,25,1564,2,0,roc_auc,train,0.9281976459738481
unsup,Tox21,classification,0.25,25,1564,2,0,nef1,test,0.5324404761904762
unsup,Tox21,classification,0.25,25,1564,2,1,roc_auc,test,0.6974459686436667
unsup,Tox21,classification,0.25,25,1564,2,1,roc_auc,train,0.9354853996890687
unsup,Tox21,classification,0.25,25,1564,2,1,nef1,test,0.5420634920634921
unsup,Tox21,classification,0.25,25,1564,2,2,roc_auc,test,0.7077868895123082
unsup,Tox21,classification,0.25,25,1564,2,2,roc_auc,train,0.9455600266607753
unsup,Tox21,classification,0.25,25,1564,2,2,nef1,test,0.4984126984126985
unsup,Tox21,classification,0.5,50,3129,0,0,roc_auc,test,0.7204136244026156
unsup,Tox21,classification,0.5,50,3129,0,0,roc_auc,train,0.9277745707335882
unsup,Tox21,classification,0.5,50,3129,0,0,nef1,test,0.5726190476190477
unsup,Tox21,classification,0.5,50,3129,0,1,roc_auc,test,0.7182693687809758
unsup,Tox21,classification,0.5,50,3129,0,1,roc_auc,train,0.8804297859426206
unsup,Tox21,classification,0.5,50,3129,0,1,nef1,test,0.5435515873015874
unsup,Tox21,classification,0.5,50,3129,0,2,roc_auc,test,0.7235895316867579
unsup,Tox21,classification,0.5,50,3129,0,2,roc_auc,train,0.8832474491412524
unsup,Tox21,classification,0.5,50,3129,0,2,nef1,test,0.5561507936507936
unsup,Tox21,classification,0.5,50,3129,1,0,roc_auc,test,0.722142847261002
unsup,Tox21,classification,0.5,50,3129,1,0,roc_auc,train,0.8921558921642352
unsup,Tox21,classification,0.5,50,3129,1,0,nef1,test,0.5611111111111111
unsup,Tox21,classification,0.5,50,3129,1,1,roc_auc,test,0.7211421409573466
unsup,Tox21,classification,0.5,50,3129,1,1,roc_auc,train,0.9036996436776957
unsup,Tox21,classification,0.5,50,3129,1,1,nef1,test,0.571031746031746
unsup,Tox21,classification,0.5,50,3129,1,2,roc_auc,test,0.7304248292766596
unsup,Tox21,classification,0.5,50,3129,1,2,roc_auc,train,0.9007528233466986
unsup,Tox21,classification,0.5,50,3129,1,2,nef1,test,0.5867063492063492
unsup,Tox21,classification,0.5,50,3129,2,0,roc_auc,test,0.7114652308686371
unsup,Tox21,classification,0.5,50,3129,2,0,roc_auc,train,0.8881646143487184
unsup,Tox21,classification,0.5,50,3129,2,0,nef1,test,0.493452380952381
unsup,Tox21,classification,0.5,50,3129,2,1,roc_auc,test,0.7223719826203032
unsup,Tox21,classification,0.5,50,3129,2,1,roc_auc,train,0.8895311110109501
unsup,Tox21,classification,0.5,50,3129,2,1,nef1,test,0.5324404761904762
unsup,Tox21,classification,0.5,50,3129,2,2,roc_auc,test,0.7176905116913374
unsup,Tox21,classification,0.5,50,3129,2,2,roc_auc,train,0.9206842124034539
unsup,Tox21,classification,0.5,50,3129,2,2,nef1,test,0.5919642857142858
unsup,Tox21,classification,1.0,100,6258,0,0,roc_auc,test,0.7325720745685375
unsup,Tox21,classification,1.0,100,6258,0,0,roc_auc,train,0.8966681922447289
unsup,Tox21,classification,1.0,100,6258,0,0,nef1,test,0.5845238095238096
unsup,Tox21,classification,1.0,100,6258,0,1,roc_auc,test,0.7348424439104292
unsup,Tox21,classification,1.0,100,6258,0,1,roc_auc,train,0.9473179701062032
unsup,Tox21,classification,1.0,100,6258,0,1,nef1,test,0.653968253968254
unsup,Tox21,classification,1.0,100,6258,0,2,roc_auc,test,0.7307210339962965
unsup,Tox21,classification,1.0,100,6258,0,2,roc_auc,train,0.9057697730161737
unsup,Tox21,classification,1.0,100,6258,0,2,nef1,test,0.5373015873015873
unsup,HIV,classification,0.05,5,1645,0,0,roc_auc,test,0.6902600162268671
unsup,HIV,classification,0.05,5,1645,0,0,roc_auc,train,0.9789299363057326
unsup,HIV,classification,0.05,5,1645,0,0,nef1,test,0.3333333333333333
unsup,HIV,classification,0.05,5,1645,0,1,roc_auc,test,0.6975736970212107
unsup,HIV,classification,0.05,5,1645,0,1,roc_auc,train,0.9308874734607219
unsup,HIV,classification,0.05,5,1645,0,1,nef1,test,0.35714285714285715
unsup,HIV,classification,0.05,5,1645,0,2,roc_auc,test,0.6787080322991926
unsup,HIV,classification,0.05,5,1645,0,2,roc_auc,train,0.9634140127388535
unsup,HIV,classification,0.05,5,1645,0,2,nef1,test,0.30952380952380953
unsup,HIV,classification,0.05,5,1645,1,0,roc_auc,test,0.6054727040914886
unsup,HIV,classification,0.05,5,1645,1,0,roc_auc,train,0.9893901156677183
unsup,HIV,classification,0.05,5,1645,1,0,nef1,test,0.4523809523809524
unsup,HIV,classification,0.05,5,1645,1,1,roc_auc,test,0.6321214696905303
unsup,HIV,classification,0.05,5,1645,1,1,roc_auc,train,0.9738065194532071
unsup,HIV,classification,0.05,5,1645,1,1,nef1,test,0.5
unsup,HIV,classification,0.05,5,1645,1,2,roc_auc,test,0.6363597728238611
unsup,HIV,classification,0.05,5,1645,1,2,roc_auc,train,0.9613880126182965
unsup,HIV,classification,0.05,5,1645,1,2,nef1,test,0.4523809523809524
unsup,HIV,classification,0.05,5,1645,2,0,roc_auc,test,0.6575841285786037
unsup,HIV,classification,0.05,5,1645,2,0,roc_auc,train,0.948919182083739
unsup,HIV,classification,0.05,5,1645,2,0,nef1,test,0.5
unsup,HIV,classification,0.05,5,1645,2,1,roc_auc,test,0.6376984893559479
unsup,HIV,classification,0.05,5,1645,2,1,roc_auc,train,0.9490944498539435
unsup,HIV,classification,0.05,5,1645,2,1,nef1,test,0.38095238095238093
unsup,HIV,classification,0.05,5,1645,2,2,roc_auc,test,0.6432426689332766
unsup,HIV,classification,0.05,5,1645,2,2,roc_auc,train,0.9680525803310613
unsup,HIV,classification,0.05,5,1645,2,2,nef1,test,0.47619047619047616
unsup,HIV,classification,0.1,10,3290,0,0,roc_auc,test,0.6224568249430127
unsup,HIV,classification,0.1,10,3290,0,0,roc_auc,train,0.9689117921166602
unsup,HIV,classification,0.1,10,3290,0,0,nef1,test,0.21428571428571427
unsup,HIV,classification,0.1,10,3290,0,1,roc_auc,test,0.6840397171888885
unsup,HIV,classification,0.1,10,3290,0,1,roc_auc,train,0.9471958774190011
unsup,HIV,classification,0.1,10,3290,0,1,nef1,test,0.40476190476190477
unsup,HIV,classification,0.1,10,3290,0,2,roc_auc,test,0.647104276938531
unsup,HIV,classification,0.1,10,3290,0,2,roc_auc,train,0.9262781645743106
unsup,HIV,classification,0.1,10,3290,0,2,nef1,test,0.19047619047619047
unsup,HIV,classification,0.1,10,3290,1,0,roc_auc,test,0.6522080129814936
unsup,HIV,classification,0.1,10,3290,1,0,roc_auc,train,0.8542468744825302
unsup,HIV,classification,0.1,10,3290,1,0,nef1,test,0.42857142857142855
unsup,HIV,classification,0.1,10,3290,1,1,roc_auc,test,0.6288741645095235
unsup,HIV,classification,0.1,10,3290,1,1,roc_auc,train,0.9689957981453883
unsup,HIV,classification,0.1,10,3290,1,1,nef1,test,0.4523809523809524
unsup,HIV,classification,0.1,10,3290,1,2,roc_auc,test,0.6305644631611482
unsup,HIV,classification,0.1,10,3290,1,2,roc_auc,train,0.9765741430700446
unsup,HIV,classification,0.1,10,3290,1,2,nef1,test,0.5238095238095238
unsup,HIV,classification,0.1,10,3290,2,0,roc_auc,test,0.6331008770235289
unsup,HIV,classification,0.1,10,3290,2,0,roc_auc,train,0.9280231335436382
unsup,HIV,classification,0.1,10,3290,2,0,nef1,test,0.5
unsup,HIV,classification,0.1,10,3290,2,1,roc_auc,test,0.6828922458756712
unsup,HIV,classification,0.1,10,3290,2,1,roc_auc,train,0.9053233438485805
unsup,HIV,classification,0.1,10,3290,2,1,nef1,test,0.5952380952380952
unsup,HIV,classification,0.1,10,3290,2,2,roc_auc,test,0.6594077193524707
unsup,HIV,classification,0.1,10,3290,2,2,roc_auc,train,0.9614957939011566
unsup,HIV,classification,0.1,10,3290,2,2,nef1,test,0.42857142857142855
unsup,HIV,classification,0.25,25,8224,0,0,roc_auc,test,0.7522157400610439
unsup,HIV,classification,0.25,25,8224,0,0,roc_auc,train,0.9541297187737523
unsup,HIV,classification,0.25,25,8224,0,0,nef1,test,0.5476190476190477
unsup,HIV,classification,0.25,25,8224,0,1,roc_auc,test,0.6837750647142914
unsup,HIV,classification,0.25,25,8224,0,1,roc_auc,train,0.887691457263284
unsup,HIV,classification,0.25,25,8224,0,1,nef1,test,0.2857142857142857
unsup,HIV,classification,0.25,25,8224,0,2,roc_auc,test,0.7358053548661283
unsup,HIV,classification,0.25,25,8224,0,2,roc_auc,train,0.9629776354884032
unsup,HIV,classification,0.25,25,8224,0,2,nef1,test,0.5714285714285714
unsup,HIV,classification,0.25,25,8224,1,0,roc_auc,test,0.6612853996831898
unsup,HIV,classification,0.25,25,8224,1,0,roc_auc,train,0.9018745343598112
unsup,HIV,classification,0.25,25,8224,1,0,nef1,test,0.5238095238095238
unsup,HIV,classification,0.25,25,8224,1,1,roc_auc,test,0.6621508325928216
unsup,HIV,classification,0.25,25,8224,1,1,roc_auc,train,0.9265893851775642
unsup,HIV,classification,0.25,25,8224,1,1,nef1,test,0.6190476190476191
unsup,HIV,classification,0.25,25,8224,1,2,roc_auc,test,0.6818162500482943
unsup,HIV,classification,0.25,25,8224,1,2,roc_auc,train,0.9727871004363715
unsup,HIV,classification,0.25,25,8224,1,2,nef1,test,0.47619047619047616
unsup,HIV,classification,0.25,25,8224,2,0,roc_auc,test,0.7141289649576942
unsup,HIV,classification,0.25,25,8224,2,0,roc_auc,train,0.8703740801798334
unsup,HIV,classification,0.25,25,8224,2,0,nef1,test,0.5
unsup,HIV,classification,0.25,25,8224,2,1,roc_auc,test,0.7396708264111578
unsup,HIV,classification,0.25,25,8224,2,1,roc_auc,train,0.9440096743402834
unsup,HIV,classification,0.25,25,8224,2,1,nef1,test,0.6190476190476191
unsup,HIV,classification,0.25,25,8224,2,2,roc_auc,test,0.7529362902291079
unsup,HIV,classification,0.25,25,8224,2,2,roc_auc,train,0.8990553621111909
unsup,HIV,classification,0.25,25,8224,2,2,nef1,test,0.6190476190476191
unsup,HIV,classification,0.5,50,16448,0,0,roc_auc,test,0.6971699571147084
unsup,HIV,classification,0.5,50,16448,0,0,roc_auc,train,0.8859290747454047
unsup,HIV,classification,0.5,50,16448,0,0,nef1,test,0.5238095238095238
unsup,HIV,classification,0.5,50,16448,0,1,roc_auc,test,0.7336012054244099
unsup,HIV,classification,0.5,50,16448,0,1,roc_auc,train,0.9386390829542668
unsup,HIV,classification,0.5,50,16448,0,1,nef1,test,0.5238095238095238
unsup,HIV,classification,0.5,50,16448,0,2,roc_auc,test,0.7335046169300312
unsup,HIV,classification,0.5,50,16448,0,2,roc_auc,train,0.9318148299249368
unsup,HIV,classification,0.5,50,16448,0,2,nef1,test,0.5714285714285714
unsup,HIV,classification,0.5,50,16448,1,0,roc_auc,test,0.7010470192790634
unsup,HIV,classification,0.5,50,16448,1,0,roc_auc,train,0.8997260253407794
unsup,HIV,classification,0.5,50,16448,1,0,nef1,test,0.5952380952380952
unsup,HIV,classification,0.5,50,16448,1,1,roc_auc,test,0.6560889386856237
unsup,HIV,classification,0.5,50,16448,1,1,roc_auc,train,0.8972363409424299
unsup,HIV,classification,0.5,50,16448,1,1,nef1,test,0.4523809523809524
unsup,HIV,classification,0.5,50,16448,1,2,roc_auc,test,0.7103446277479426
unsup,HIV,classification,0.5,50,16448,1,2,roc_auc,train,0.9386988401918144
unsup,HIV,classification,0.5,50,16448,1,2,nef1,test,0.47619047619047616
unsup,HIV,classification,0.5,50,16448,2,0,roc_auc,test,0.7563555229301085
unsup,HIV,classification,0.5,50,16448,2,0,roc_auc,train,0.959075299290545
unsup,HIV,classification,0.5,50,16448,2,0,nef1,test,0.5714285714285714
unsup,HIV,classification,0.5,50,16448,2,1,roc_auc,test,0.7419734961171426
unsup,HIV,classification,0.5,50,16448,2,1,roc_auc,train,0.9403236586326239
unsup,HIV,classification,0.5,50,16448,2,1,nef1,test,0.5714285714285714
unsup,HIV,classification,0.5,50,16448,2,2,roc_auc,test,0.7651856430861956
unsup,HIV,classification,0.5,50,16448,2,2,roc_auc,train,0.9044526160722304
unsup,HIV,classification,0.5,50,16448,2,2,nef1,test,0.6190476190476191
unsup,HIV,classification,1.0,100,32896,0,0,roc_auc,test,0.7651508712282193
unsup,HIV,classification,1.0,100,32896,0,0,roc_auc,train,0.9484145725737123
unsup,HIV,classification,1.0,100,32896,0,0,nef1,test,0.5
unsup,HIV,classification,1.0,100,32896,0,1,roc_auc,test,0.7685391956110188
unsup,HIV,classification,1.0,100,32896,0,1,roc_auc,train,0.9388645458728991
unsup,HIV,classification,1.0,100,32896,0,1,nef1,test,0.42857142857142855
unsup,HIV,classification,1.0,100,32896,0,2,roc_auc,test,0.7580805934397095
unsup,HIV,classification,1.0,100,32896,0,2,roc_auc,train,0.948013445151362
unsup,HIV,classification,1.0,100,32896,0,2,nef1,test,0.5952380952380952
sup,ESOL,regression,0.05,5,45,0,0,rmse,test,1.4702260494232178
sup,ESOL,regression,0.05,5,45,0,0,rmse,train,0.8313495516777039
sup,ESOL,regression,0.05,5,45,0,1,rmse,test,1.3851922750473022
sup,ESOL,regression,0.05,5,45,0,1,rmse,train,0.8332693576812744
sup,ESOL,regression,0.05,5,45,0,2,rmse,test,1.5924257040023804
sup,ESOL,regression,0.05,5,45,0,2,rmse,train,0.7970895767211914
sup,ESOL,regression,0.05,5,45,1,0,rmse,test,1.5552650690078735
sup,ESOL,regression,0.05,5,45,1,0,rmse,train,0.8695061206817627
sup,ESOL,regression,0.05,5,45,1,1,rmse,test,1.5382132530212402
sup,ESOL,regression,0.05,5,45,1,1,rmse,train,0.743236780166626
sup,ESOL,regression,0.05,5,45,1,2,rmse,test,1.7021057605743408
sup,ESOL,regression,0.05,5,45,1,2,rmse,train,0.680187463760376
sup,ESOL,regression,0.05,5,45,2,0,rmse,test,1.494446039199829
sup,ESOL,regression,0.05,5,45,2,0,rmse,train,0.8122579455375671
sup,ESOL,regression,0.05,5,45,2,1,rmse,test,1.4806641340255737
sup,ESOL,regression,0.05,5,45,2,1,rmse,train,0.24143840372562408
sup,ESOL,regression,0.05,5,45,2,2,rmse,test,1.5240387916564941
sup,ESOL,regression,0.05,5,45,2,2,rmse,train,0.8289742469787598
sup,ESOL,regression,0.1,10,90,0,0,rmse,test,1.3356221914291382
sup,ESOL,regression,0.1,10,90,0,0,rmse,train,1.0762300491333008
sup,ESOL,regression,0.1,10,90,0,1,rmse,test,1.2488441467285156
sup,ESOL,regression,0.1,10,90,0,1,rmse,train,0.6750649213790894
sup,ESOL,regression,0.1,10,90,0,2,rmse,test,1.2561036348342896
sup,ESOL,regression,0.1,10,90,0,2,rmse,train,0.41369831562042236
sup,ESOL,regression,0.1,10,90,1,0,rmse,test,1.312380313873291
sup,ESOL,regression,0.1,10,90,1,0,rmse,train,0.37362414598464966
sup,ESOL,regression,0.1,10,90,1,1,rmse,test,1.3144967555999756
sup,ESOL,regression,0.1,10,90,1,1,rmse,train,0.32758191227912903
sup,ESOL,regression,0.1,10,90,1,2,rmse,test,1.385302186012268
sup,ESOL,regression,0.1,10,90,1,2,rmse,train,0.3181658387184143
sup,ESOL,regression,0.1,10,90,2,0,rmse,test,1.1939773559570312
sup,ESOL,regression,0.1,10,90,2,0,rmse,train,0.1927882581949234
sup,ESOL,regression,0.1,10,90,2,1,rmse,test,1.244531512260437
sup,ESOL,regression,0.1,10,90,2,1,rmse,train,0.32136982679367065
sup,ESOL,regression,0.1,10,90,2,2,rmse,test,1.2432191371917725
sup,ESOL,regression,0.1,10,90,2,2,rmse,train,0.3934152126312256
sup,ESOL,regression,0.25,25,226,0,0,rmse,test,1.2744731903076172
sup,ESOL,regression,0.25,25,226,0,0,rmse,train,0.33443060517311096
sup,ESOL,regression,0.25,25,226,0,1,rmse,test,1.2472035884857178
sup,ESOL,regression,0.25,25,226,0,1,rmse,train,0.3426232635974884
sup,ESOL,regression,0.25,25,226,0,2,rmse,test,1.2017053365707397
sup,ESOL,regression,0.25,25,226,0,2,rmse,train,0.4337829351425171
sup,ESOL,regression,0.25,25,226,1,0,rmse,test,1.145625114440918
sup,ESOL,regression,0.25,25,226,1,0,rmse,train,0.27919816970825195
sup,ESOL,regression,0.25,25,226,1,1,rmse,test,1.1465727090835571
sup,ESOL,regression,0.25,25,226,1,1,rmse,train,0.29144418239593506
sup,ESOL,regression,0.25,25,226,1,2,rmse,test,1.1816108226776123
sup,ESOL,regression,0.25,25,226,1,2,rmse,train,0.2699607312679291
sup,ESOL,regression,0.25,25,226,2,0,rmse,test,1.2437937259674072
sup,ESOL,regression,0.25,25,226,2,0,rmse,train,0.3902820348739624
sup,ESOL,regression,0.25,25,226,2,1,rmse,test,1.1876057386398315
sup,ESOL,regression,0.25,25,226,2,1,rmse,train,0.32615283131599426
sup,ESOL,regression,0.25,25,226,2,2,rmse,test,1.1787662506103516
sup,ESOL,regression,0.25,25,226,2,2,rmse,train,0.4978356957435608
sup,ESOL,regression,0.5,50,451,0,0,rmse,test,1.1377804279327393
sup,ESOL,regression,0.5,50,451,0,0,rmse,train,0.5957245230674744
sup,ESOL,regression,0.5,50,451,0,1,rmse,test,1.0564086437225342
sup,ESOL,regression,0.5,50,451,0,1,rmse,train,0.6170974969863892
sup,ESOL,regression,0.5,50,451,0,2,rmse,test,1.0562981367111206
sup,ESOL,regression,0.5,50,451,0,2,rmse,train,0.43941962718963623
sup,ESOL,regression,0.5,50,451,1,0,rmse,test,1.0053703784942627
sup,ESOL,regression,0.5,50,451,1,0,rmse,train,0.4521619975566864
sup,ESOL,regression,0.5,50,451,1,1,rmse,test,0.9991999864578247
sup,ESOL,regression,0.5,50,451,1,1,rmse,train,0.42144158482551575
sup,ESOL,regression,0.5,50,451,1,2,rmse,test,1.0777034759521484
sup,ESOL,regression,0.5,50,451,1,2,rmse,train,0.5977561473846436
sup,ESOL,regression,0.5,50,451,2,0,rmse,test,1.123447299003601
sup,ESOL,regression,0.5,50,451,2,0,rmse,train,0.590126097202301
sup,ESOL,regression,0.5,50,451,2,1,rmse,test,1.1644084453582764
sup,ESOL,regression,0.5,50,451,2,1,rmse,train,0.5837700963020325
sup,ESOL,regression,0.5,50,451,2,2,rmse,test,1.0746192932128906
sup,ESOL,regression,0.5,50,451,2,2,rmse,train,0.4414465129375458
sup,ESOL,regression,1.0,100,902,0,0,rmse,test,0.9649004340171814
sup,ESOL,regression,1.0,100,902,0,0,rmse,train,0.483193963766098
sup,ESOL,regression,1.0,100,902,0,1,rmse,test,0.9238362312316895
sup,ESOL,regression,1.0,100,902,0,1,rmse,train,0.42404964566230774
sup,ESOL,regression,1.0,100,902,0,2,rmse,test,0.9682573080062866
sup,ESOL,regression,1.0,100,902,0,2,rmse,train,0.41699185967445374
sup,Lipophilicity,regression,0.05,5,168,0,0,rmse,test,1.052984356880188
sup,Lipophilicity,regression,0.05,5,168,0,0,rmse,train,0.5540044903755188
sup,Lipophilicity,regression,0.05,5,168,0,1,rmse,test,1.0361860990524292
sup,Lipophilicity,regression,0.05,5,168,0,1,rmse,train,0.4991488456726074
sup,Lipophilicity,regression,0.05,5,168,0,2,rmse,test,1.066805362701416
sup,Lipophilicity,regression,0.05,5,168,0,2,rmse,train,0.38513460755348206
sup,Lipophilicity,regression,0.05,5,168,1,0,rmse,test,1.0402169227600098
sup,Lipophilicity,regression,0.05,5,168,1,0,rmse,train,0.7523980140686035
sup,Lipophilicity,regression,0.05,5,168,1,1,rmse,test,1.0042753219604492
sup,Lipophilicity,regression,0.05,5,168,1,1,rmse,train,0.6836556196212769
sup,Lipophilicity,regression,0.05,5,168,1,2,rmse,test,1.024553894996643
sup,Lipophilicity,regression,0.05,5,168,1,2,rmse,train,0.6934279799461365
sup,Lipophilicity,regression,0.05,5,168,2,0,rmse,test,1.0314491987228394
sup,Lipophilicity,regression,0.05,5,168,2,0,rmse,train,0.6535817384719849
sup,Lipophilicity,regression,0.05,5,168,2,1,rmse,test,1.018630027770996
sup,Lipophilicity,regression,0.05,5,168,2,1,rmse,train,0.6348673701286316
sup,Lipophilicity,regression,0.05,5,168,2,2,rmse,test,1.020829677581787
sup,Lipophilicity,regression,0.05,5,168,2,2,rmse,train,0.5800163149833679
sup,Lipophilicity,regression,0.1,10,336,0,0,rmse,test,0.9738314747810364
sup,Lipophilicity,regression,0.1,10,336,0,0,rmse,train,0.6147752404212952
sup,Lipophilicity,regression,0.1,10,336,0,1,rmse,test,0.9526093602180481
sup,Lipophilicity,regression,0.1,10,336,0,1,rmse,train,0.6460342407226562
sup,Lipophilicity,regression,0.1,10,336,0,2,rmse,test,0.95099276304245
sup,Lipophilicity,regression,0.1,10,336,0,2,rmse,train,0.6349021196365356
sup,Lipophilicity,regression,0.1,10,336,1,0,rmse,test,0.9983014464378357
sup,Lipophilicity,regression,0.1,10,336,1,0,rmse,train,0.6439242362976074
sup,Lipophilicity,regression,0.1,10,336,1,1,rmse,test,1.0119836330413818
sup,Lipophilicity,regression,0.1,10,336,1,1,rmse,train,0.5030413866043091
sup,Lipophilicity,regression,0.1,10,336,1,2,rmse,test,1.0219155550003052
sup,Lipophilicity,regression,0.1,10,336,1,2,rmse,train,0.6379473805427551
sup,Lipophilicity,regression,0.1,10,336,2,0,rmse,test,1.053667664527893
sup,Lipophilicity,regression,0.1,10,336,2,0,rmse,train,0.4360395073890686
sup,Lipophilicity,regression,0.1,10,336,2,1,rmse,test,1.023417353630066
sup,Lipophilicity,regression,0.1,10,336,2,1,rmse,train,0.5849172472953796
sup,Lipophilicity,regression,0.1,10,336,2,2,rmse,test,1.0237115621566772
sup,Lipophilicity,regression,0.1,10,336,2,2,rmse,train,0.5192753076553345
sup,Lipophilicity,regression,0.25,25,840,0,0,rmse,test,0.9139430522918701
sup,Lipophilicity,regression,0.25,25,840,0,0,rmse,train,0.45483988523483276
sup,Lipophilicity,regression,0.25,25,840,0,1,rmse,test,0.9435140490531921
sup,Lipophilicity,regression,0.25,25,840,0,1,rmse,train,0.41338297724723816
sup,Lipophilicity,regression,0.25,25,840,0,2,rmse,test,0.9289258122444153
sup,Lipophilicity,regression,0.25,25,840,0,2,rmse,train,0.3753635585308075
sup,Lipophilicity,regression,0.25,25,840,1,0,rmse,test,0.9706944227218628
sup,Lipophilicity,regression,0.25,25,840,1,0,rmse,train,0.4588819146156311
sup,Lipophilicity,regression,0.25,25,840,1,1,rmse,test,0.9513605237007141
sup,Lipophilicity,regression,0.25,25,840,1,1,rmse,train,0.40778598189353943
sup,Lipophilicity,regression,0.25,25,840,1,2,rmse,test,0.9640190005302429
sup,Lipophilicity,regression,0.25,25,840,1,2,rmse,train,0.5665320158004761
sup,Lipophilicity,regression,0.25,25,840,2,0,rmse,test,0.9018423557281494
sup,Lipophilicity,regression,0.25,25,840,2,0,rmse,train,0.49936336278915405
sup,Lipophilicity,regression,0.25,25,840,2,1,rmse,test,0.9111547470092773
sup,Lipophilicity,regression,0.25,25,840,2,1,rmse,train,0.6476375460624695
sup,Lipophilicity,regression,0.25,25,840,2,2,rmse,test,0.9055890440940857
sup,Lipophilicity,regression,0.25,25,840,2,2,rmse,train,0.5610761642456055
sup,Lipophilicity,regression,0.5,50,1680,0,0,rmse,test,0.8527132272720337
sup,Lipophilicity,regression,0.5,50,1680,0,0,rmse,train,0.5593053102493286
sup,Lipophilicity,regression,0.5,50,1680,0,1,rmse,test,0.8367583751678467
sup,Lipophilicity,regression,0.5,50,1680,0,1,rmse,train,0.39530184864997864
sup,Lipophilicity,regression,0.5,50,1680,0,2,rmse,test,0.8751686215400696
sup,Lipophilicity,regression,0.5,50,1680,0,2,rmse,train,0.428516685962677
sup,Lipophilicity,regression,0.5,50,1680,1,0,rmse,test,0.8513494729995728
sup,Lipophilicity,regression,0.5,50,1680,1,0,rmse,train,0.5424301624298096
sup,Lipophilicity,regression,0.5,50,1680,1,1,rmse,test,0.8515504002571106
sup,Lipophilicity,regression,0.5,50,1680,1,1,rmse,train,0.46922755241394043
sup,Lipophilicity,regression,0.5,50,1680,1,2,rmse,test,0.8667018413543701
sup,Lipophilicity,regression,0.5,50,1680,1,2,rmse,train,0.5304514169692993
sup,Lipophilicity,regression,0.5,50,1680,2,0,rmse,test,0.888479471206665
sup,Lipophilicity,regression,0.5,50,1680,2,0,rmse,train,0.44160014390945435
sup,Lipophilicity,regression,0.5,50,1680,2,1,rmse,test,0.8920871615409851
sup,Lipophilicity,regression,0.5,50,1680,2,1,rmse,train,0.5988463759422302
sup,Lipophilicity,regression,0.5,50,1680,2,2,rmse,test,0.8740179538726807
sup,Lipophilicity,regression,0.5,50,1680,2,2,rmse,train,0.3686281442642212
sup,Lipophilicity,regression,1.0,100,3360,0,0,rmse,test,0.8095444440841675
sup,Lipophilicity,regression,1.0,100,3360,0,0,rmse,train,0.43681570887565613
sup,Lipophilicity,regression,1.0,100,3360,0,1,rmse,test,0.7908234000205994
sup,Lipophilicity,regression,1.0,100,3360,0,1,rmse,train,0.4357975721359253
sup,Lipophilicity,regression,1.0,100,3360,0,2,rmse,test,0.8095462322235107
sup,Lipophilicity,regression,1.0,100,3360,0,2,rmse,train,0.5681466460227966
sup,QM7,regression,0.05,5,274,0,0,rmse,test,211.02980041503906
sup,QM7,regression,0.05,5,274,0,0,rmse,train,184.4279327392578
sup,QM7,regression,0.05,5,274,0,1,rmse,test,202.62637329101562
sup,QM7,regression,0.05,5,274,0,1,rmse,train,193.09732055664062
sup,QM7,regression,0.05,5,274,0,2,rmse,test,211.27980041503906
sup,QM7,regression,0.05,5,274,0,2,rmse,train,165.54562377929688
sup,QM7,regression,0.05,5,274,1,0,rmse,test,251.32192993164062
sup,QM7,regression,0.05,5,274,1,0,rmse,train,179.1724395751953
sup,QM7,regression,0.05,5,274,1,1,rmse,test,224.58465576171875
sup,QM7,regression,0.05,5,274,1,1,rmse,train,179.5353546142578
sup,QM7,regression,0.05,5,274,1,2,rmse,test,231.2186279296875
sup,QM7,regression,0.05,5,274,1,2,rmse,train,207.4935760498047
sup,QM7,regression,0.05,5,274,2,0,rmse,test,205.85032653808594
sup,QM7,regression,0.05,5,274,2,0,rmse,train,201.0193328857422
sup,QM7,regression,0.05,5,274,2,1,rmse,test,206.45680236816406
sup,QM7,regression,0.05,5,274,2,1,rmse,train,185.93386840820312
sup,QM7,regression,0.05,5,274,2,2,rmse,test,216.67095947265625
sup,QM7,regression,0.05,5,274,2,2,rmse,train,175.4274139404297
sup,QM7,regression,0.1,10,547,0,0,rmse,test,202.3940887451172
sup,QM7,regression,0.1,10,547,0,0,rmse,train,171.328369140625
sup,QM7,regression,0.1,10,547,0,1,rmse,test,204.90798950195312
sup,QM7,regression,0.1,10,547,0,1,rmse,train,168.9606170654297
sup,QM7,regression,0.1,10,547,0,2,rmse,test,202.19956970214844
sup,QM7,regression,0.1,10,547,0,2,rmse,train,180.17587280273438
sup,QM7,regression,0.1,10,547,1,0,rmse,test,213.83717346191406
sup,QM7,regression,0.1,10,547,1,0,rmse,train,154.16656494140625
sup,QM7,regression,0.1,10,547,1,1,rmse,test,214.57369995117188
sup,QM7,regression,0.1,10,547,1,1,rmse,train,150.09886169433594
sup,QM7,regression,0.1,10,547,1,2,rmse,test,214.95645141601562
sup,QM7,regression,0.1,10,547,1,2,rmse,train,154.1719512939453
sup,QM7,regression,0.1,10,547,2,0,rmse,test,209.7637176513672
sup,QM7,regression,0.1,10,547,2,0,rmse,train,185.6948699951172
sup,QM7,regression,0.1,10,547,2,1,rmse,test,207.3260498046875
sup,QM7,regression,0.1,10,547,2,1,rmse,train,172.06727600097656
sup,QM7,regression,0.1,10,547,2,2,rmse,test,205.90066528320312
sup,QM7,regression,0.1,10,547,2,2,rmse,train,169.86839294433594
sup,QM7,regression,0.25,25,1368,0,0,rmse,test,205.89108276367188
sup,QM7,regression,0.25,25,1368,0,0,rmse,train,179.858642578125
sup,QM7,regression,0.25,25,1368,0,1,rmse,test,209.76730346679688
sup,QM7,regression,0.25,25,1368,0,1,rmse,train,165.9383544921875
sup,QM7,regression,0.25,25,1368,0,2,rmse,test,204.7801055908203
sup,QM7,regression,0.25,25,1368,0,2,rmse,train,180.26010131835938
sup,QM7,regression,0.25,25,1368,1,0,rmse,test,209.15171813964844
sup,QM7,regression,0.25,25,1368,1,0,rmse,train,176.07192993164062
sup,QM7,regression,0.25,25,1368,1,1,rmse,test,204.14163208007812
sup,QM7,regression,0.25,25,1368,1,1,rmse,train,186.0825653076172
sup,QM7,regression,0.25,25,1368,1,2,rmse,test,199.2639617919922
sup,QM7,regression,0.25,25,1368,1,2,rmse,train,178.61114501953125
sup,QM7,regression,0.25,25,1368,2,0,rmse,test,204.5607147216797
sup,QM7,regression,0.25,25,1368,2,0,rmse,train,192.52023315429688
sup,QM7,regression,0.25,25,1368,2,1,rmse,test,202.74301147460938
sup,QM7,regression,0.25,25,1368,2,1,rmse,train,180.208984375
sup,QM7,regression,0.25,25,1368,2,2,rmse,test,203.18917846679688
sup,QM7,regression,0.25,25,1368,2,2,rmse,train,188.84103393554688
sup,QM7,regression,0.5,50,2735,0,0,rmse,test,202.5445098876953
sup,QM7,regression,0.5,50,2735,0,0,rmse,train,184.3639373779297
sup,QM7,regression,0.5,50,2735,0,1,rmse,test,201.10342407226562
sup,QM7,regression,0.5,50,2735,0,1,rmse,train,186.32705688476562
sup,QM7,regression,0.5,50,2735,0,2,rmse,test,201.3660125732422
sup,QM7,regression,0.5,50,2735,0,2,rmse,train,191.96762084960938
sup,QM7,regression,0.5,50,2735,1,0,rmse,test,205.58201599121094
sup,QM7,regression,0.5,50,2735,1,0,rmse,train,180.50303649902344
sup,QM7,regression,0.5,50,2735,1,1,rmse,test,204.9524383544922
sup,QM7,regression,0.5,50,2735,1,1,rmse,train,184.14186096191406
sup,QM7,regression,0.5,50,2735,1,2,rmse,test,203.13999938964844
sup,QM7,regression,0.5,50,2735,1,2,rmse,train,181.33731079101562
sup,QM7,regression,0.5,50,2735,2,0,rmse,test,204.4340362548828
sup,QM7,regression,0.5,50,2735,2,0,rmse,train,179.41128540039062
sup,QM7,regression,0.5,50,2735,2,1,rmse,test,203.5176239013672
sup,QM7,regression,0.5,50,2735,2,1,rmse,train,185.956787109375
sup,QM7,regression,0.5,50,2735,2,2,rmse,test,198.97352600097656
sup,QM7,regression,0.5,50,2735,2,2,rmse,train,178.45176696777344
sup,QM7,regression,1.0,100,5470,0,0,rmse,test,201.7128448486328
sup,QM7,regression,1.0,100,5470,0,0,rmse,train,185.79660034179688
sup,QM7,regression,1.0,100,5470,0,1,rmse,test,200.50314331054688
sup,QM7,regression,1.0,100,5470,0,1,rmse,train,197.76815795898438
sup,QM7,regression,1.0,100,5470,0,2,rmse,test,198.70037841796875
sup,QM7,regression,1.0,100,5470,0,2,rmse,train,190.1625518798828
sup,BBBP,classification,0.05,5,82,0,0,roc_auc,test,0.6559398786010213
sup,BBBP,classification,0.05,5,82,0,0,roc_auc,train,1.0
sup,BBBP,classification,0.05,5,82,0,0,nef1,test,0.3333333333333333
sup,BBBP,classification,0.05,5,82,0,1,roc_auc,test,0.6536275171018402
sup,BBBP,classification,0.05,5,82,0,1,roc_auc,train,0.9966555183946488
sup,BBBP,classification,0.05,5,82,0,1,nef1,test,0.3333333333333333
sup,BBBP,classification,0.05,5,82,0,2,roc_auc,test,0.5936988149147318
sup,BBBP,classification,0.05,5,82,0,2,roc_auc,train,0.9698996655518395
sup,BBBP,classification,0.05,5,82,0,2,nef1,test,0.3333333333333333
sup,BBBP,classification,0.05,5,82,1,0,roc_auc,test,0.5431159071201466
sup,BBBP,classification,0.05,5,82,1,0,roc_auc,train,0.9681592039800995
sup,BBBP,classification,0.05,5,82,1,0,nef1,test,0.6666666666666666
sup,BBBP,classification,0.05,5,82,1,1,roc_auc,test,0.5473552365353117
sup,BBBP,classification,0.05,5,82,1,1,roc_auc,train,0.9701492537313432
sup,BBBP,classification,0.05,5,82,1,1,nef1,test,0.3333333333333333
sup,BBBP,classification,0.05,5,82,1,2,roc_auc,test,0.541574332787359
sup,BBBP,classification,0.05,5,82,1,2,roc_auc,train,0.9601990049751243
sup,BBBP,classification,0.05,5,82,1,2,nef1,test,0.0
sup,BBBP,classification,0.05,5,82,2,0,roc_auc,test,0.6748241641776664
sup,BBBP,classification,0.05,5,82,2,0,roc_auc,train,1.0
sup,BBBP,classification,0.05,5,82,2,0,nef1,test,0.6666666666666666
sup,BBBP,classification,0.05,5,82,2,1,roc_auc,test,0.6124867520955776
sup,BBBP,classification,0.05,5,82,2,1,roc_auc,train,0.9698996655518395
sup,BBBP,classification,0.05,5,82,2,1,nef1,test,0.6666666666666666
sup,BBBP,classification,0.05,5,82,2,2,roc_auc,test,0.6042971384526447
sup,BBBP,classification,0.05,5,82,2,2,roc_auc,train,0.9721293199554069
sup,BBBP,classification,0.05,5,82,2,2,nef1,test,0.3333333333333333
sup,BBBP,classification,0.1,10,163,0,0,roc_auc,test,0.5958184796223143
sup,BBBP,classification,0.1,10,163,0,0,roc_auc,train,0.9886315789473683
sup,BBBP,classification,0.1,10,163,0,0,nef1,test,0.6666666666666666
sup,BBBP,classification,0.1,10,163,0,1,roc_auc,test,0.5732729550052992
sup,BBBP,classification,0.1,10,163,0,1,roc_auc,train,0.9604210526315788
sup,BBBP,classification,0.1,10,163,0,1,nef1,test,0.3333333333333333
sup,BBBP,classification,0.1,10,163,0,2,roc_auc,test,0.561711147509394
sup,BBBP,classification,0.1,10,163,0,2,roc_auc,train,0.9591578947368421
sup,BBBP,classification,0.1,10,163,0,2,nef1,test,0.3333333333333333
sup,BBBP,classification,0.1,10,163,1,0,roc_auc,test,0.5918681953945468
sup,BBBP,classification,0.1,10,163,1,0,roc_auc,train,0.9663110612015722
sup,BBBP,classification,0.1,10,163,1,0,nef1,test,1.0
sup,BBBP,classification,0.1,10,163,1,1,roc_auc,test,0.5966856151845071
sup,BBBP,classification,0.1,10,163,1,1,roc_auc,train,0.9921392476137001
sup,BBBP,classification,0.1,10,163,1,1,nef1,test,1.0
sup,BBBP,classification,0.1,10,163,1,2,roc_auc,test,0.5863763368339917
sup,BBBP,classification,0.1,10,163,1,2,roc_auc,train,0.96771476698484
sup,BBBP,classification,0.1,10,163,1,2,nef1,test,1.0
sup,BBBP,classification,0.1,10,163,2,0,roc_auc,test,0.6361884574621832
sup,BBBP,classification,0.1,10,163,2,0,roc_auc,train,0.9992843511450382
sup,BBBP,classification,0.1,10,163,2,0,nef1,test,0.3333333333333333
sup,BBBP,classification,0.1,10,163,2,1,roc_auc,test,0.5997687638500819
sup,BBBP,classification,0.1,10,163,2,1,roc_auc,train,0.995706106870229
sup,BBBP,classification,0.1,10,163,2,1,nef1,test,0.3333333333333333
sup,BBBP,classification,0.1,10,163,2,2,roc_auc,test,0.6141246748241642
sup,BBBP,classification,0.1,10,163,2,2,roc_auc,train,0.9988072519083969
sup,BBBP,classification,0.1,10,163,2,2,nef1,test,0.3333333333333333
sup,BBBP,classification,0.25,25,408,0,0,roc_auc,test,0.6512188072068599
sup,BBBP,classification,0.25,25,408,0,0,roc_auc,train,0.9969723183391004
sup,BBBP,classification,0.25,25,408,0,0,nef1,test,0.6666666666666666
sup,BBBP,classification,0.25,25,408,0,1,roc_auc,test,0.630600250505829
sup,BBBP,classification,0.25,25,408,0,1,roc_auc,train,0.9764273356401384
sup,BBBP,classification,0.25,25,408,0,1,nef1,test,0.6666666666666666
sup,BBBP,classification,0.25,25,408,0,2,roc_auc,test,0.6159552943443491
sup,BBBP,classification,0.25,25,408,0,2,roc_auc,train,0.970371972318339
sup,BBBP,classification,0.25,25,408,0,2,nef1,test,0.3333333333333333
sup,BBBP,classification,0.25,25,408,1,0,roc_auc,test,0.6672126409095288
sup,BBBP,classification,0.25,25,408,1,0,roc_auc,train,0.9849123677248677
sup,BBBP,classification,0.25,25,408,1,0,nef1,test,0.6666666666666666
sup,BBBP,classification,0.25,25,408,1,1,roc_auc,test,0.6608536467867809
sup,BBBP,classification,0.25,25,408,1,1,roc_auc,train,0.9790426587301587
sup,BBBP,classification,0.25,25,408,1,1,nef1,test,0.6666666666666666
sup,BBBP,classification,0.25,25,408,1,2,roc_auc,test,0.6466904326042971
sup,BBBP,classification,0.25,25,408,1,2,roc_auc,train,0.9878472222222222
sup,BBBP,classification,0.25,25,408,1,2,nef1,test,0.6666666666666666
sup,BBBP,classification,0.25,25,408,2,0,roc_auc,test,0.6947682821081028
sup,BBBP,classification,0.25,25,408,2,0,roc_auc,train,0.9953471435507364
sup,BBBP,classification,0.25,25,408,2,0,nef1,test,1.0
sup,BBBP,classification,0.25,25,408,2,1,roc_auc,test,0.6678870796801233
sup,BBBP,classification,0.25,25,408,2,1,roc_auc,train,0.9803366240491989
sup,BBBP,classification,0.25,25,408,2,1,nef1,test,0.6666666666666666
sup,BBBP,classification,0.25,25,408,2,2,roc_auc,test,0.6732825898448791
sup,BBBP,classification,0.25,25,408,2,2,roc_auc,train,0.98385661110212
sup,BBBP,classification,0.25,25,408,2,2,nef1,test,0.6666666666666666
sup,BBBP,classification,0.5,50,816,0,0,roc_auc,test,0.6917814818383273
sup,BBBP,classification,0.5,50,816,0,0,roc_auc,train,0.9795236148026989
sup,BBBP,classification,0.5,50,816,0,0,nef1,test,0.6666666666666666
sup,BBBP,classification,0.5,50,816,0,1,roc_auc,test,0.6785817516138355
sup,BBBP,classification,0.5,50,816,0,1,roc_auc,train,0.9705683909221019
sup,BBBP,classification,0.5,50,816,0,1,nef1,test,0.6666666666666666
sup,BBBP,classification,0.5,50,816,0,2,roc_auc,test,0.6757876481356585
sup,BBBP,classification,0.5,50,816,0,2,roc_auc,train,0.979584951952566
sup,BBBP,classification,0.5,50,816,0,2,nef1,test,0.6666666666666666
sup,BBBP,classification,0.5,50,816,1,0,roc_auc,test,0.6777146160516427
sup,BBBP,classification,0.5,50,816,1,0,roc_auc,train,0.973739657741919
sup,BBBP,classification,0.5,50,816,1,0,nef1,test,0.6666666666666666
sup,BBBP,classification,0.5,50,816,1,1,roc_auc,test,0.6750168609692648
sup,BBBP,classification,0.5,50,816,1,1,roc_auc,train,0.9657741918906418
sup,BBBP,classification,0.5,50,816,1,1,nef1,test,0.6666666666666666
sup,BBBP,classification,0.5,50,816,1,2,roc_auc,test,0.6703921379709028
sup,BBBP,classification,0.5,50,816,1,2,roc_auc,train,0.9649725062952874
sup,BBBP,classification,0.5,50,816,1,2,nef1,test,0.6666666666666666
sup,BBBP,classification,0.5,50,816,2,0,roc_auc,test,0.6411022256479428
sup,BBBP,classification,0.5,50,816,2,0,roc_auc,train,0.9659887446369867
sup,BBBP,classification,0.5,50,816,2,0,nef1,test,0.6666666666666666
sup,BBBP,classification,0.5,50,816,2,1,roc_auc,test,0.6468831293958954
sup,BBBP,classification,0.5,50,816,2,1,roc_auc,train,0.965699002618822
sup,BBBP,classification,0.5,50,816,2,1,nef1,test,0.6666666666666666
sup,BBBP,classification,0.5,50,816,2,2,roc_auc,test,0.6552654398304268
sup,BBBP,classification,0.5,50,816,2,2,roc_auc,train,0.9764751769097899
sup,BBBP,classification,0.5,50,816,2,2,nef1,test,0.6666666666666666
sup,BBBP,classification,1.0,100,1631,0,0,roc_auc,test,0.6656710665767416
sup,BBBP,classification,1.0,100,1631,0,0,roc_auc,train,0.9585486898608861
sup,BBBP,classification,1.0,100,1631,0,0,nef1,test,0.6666666666666666
sup,BBBP,classification,1.0,100,1631,0,1,roc_auc,test,0.6948646305039021
sup,BBBP,classification,1.0,100,1631,0,1,roc_auc,train,0.9702203707989405
sup,BBBP,classification,1.0,100,1631,0,1,nef1,test,0.6666666666666666
sup,BBBP,classification,1.0,100,1631,0,2,roc_auc,test,0.6440890259177185
sup,BBBP,classification,1.0,100,1631,0,2,roc_auc,train,0.9563655532412765
sup,BBBP,classification,1.0,100,1631,0,2,nef1,test,0.6666666666666666
sup,BACE,classification,0.05,5,60,0,0,roc_auc,test,0.7000000000000001
sup,BACE,classification,0.05,5,60,0,0,roc_auc,train,0.8518099547511312
sup,BACE,classification,0.05,5,60,0,0,nef1,test,1.0
sup,BACE,classification,0.05,5,60,0,1,roc_auc,test,0.7288043478260869
sup,BACE,classification,0.05,5,60,0,1,roc_auc,train,0.8687782805429864
sup,BACE,classification,0.05,5,60,0,1,nef1,test,1.0
sup,BACE,classification,0.05,5,60,0,2,roc_auc,test,0.7394927536231883
sup,BACE,classification,0.05,5,60,0,2,roc_auc,train,0.8563348416289592
sup,BACE,classification,0.05,5,60,0,2,nef1,test,1.0
sup,BACE,classification,0.05,5,60,1,0,roc_auc,test,0.5226449275362319
sup,BACE,classification,0.05,5,60,1,0,roc_auc,train,0.8908857509627728
sup,BACE,classification,0.05,5,60,1,0,nef1,test,0.0
sup,BACE,classification,0.05,5,60,1,1,roc_auc,test,0.628804347826087
sup,BACE,classification,0.05,5,60,1,1,roc_auc,train,0.9306803594351732
sup,BACE,classification,0.05,5,60,1,1,nef1,test,0.5
sup,BACE,classification,0.05,5,60,1,2,roc_auc,test,0.523731884057971
sup,BACE,classification,0.05,5,60,1,2,roc_auc,train,0.8857509627727856
sup,BACE,classification,0.05,5,60,1,2,nef1,test,0.5
sup,BACE,classification,0.05,5,60,2,0,roc_auc,test,0.7465579710144928
sup,BACE,classification,0.05,5,60,2,0,roc_auc,train,0.9657142857142857
sup,BACE,classification,0.05,5,60,2,0,nef1,test,1.0
sup,BACE,classification,0.05,5,60,2,1,roc_auc,test,0.7563405797101449
sup,BACE,classification,0.05,5,60,2,1,roc_auc,train,0.9645714285714286
sup,BACE,classification,0.05,5,60,2,1,nef1,test,1.0
sup,BACE,classification,0.05,5,60,2,2,roc_auc,test,0.7097826086956522
sup,BACE,classification,0.05,5,60,2,2,roc_auc,train,0.9600000000000001
sup,BACE,classification,0.05,5,60,2,2,nef1,test,1.0
sup,BACE,classification,0.1,10,121,0,0,roc_auc,test,0.7293478260869566
sup,BACE,classification,0.1,10,121,0,0,roc_auc,train,0.9676700111482719
sup,BACE,classification,0.1,10,121,0,0,nef1,test,0.5
sup,BACE,classification,0.1,10,121,0,1,roc_auc,test,0.7027173913043478
sup,BACE,classification,0.1,10,121,0,1,roc_auc,train,0.9673913043478262
sup,BACE,classification,0.1,10,121,0,1,nef1,test,0.5
sup,BACE,classification,0.1,10,121,0,2,roc_auc,test,0.7097826086956521
sup,BACE,classification,0.1,10,121,0,2,roc_auc,train,0.955685618729097
sup,BACE,classification,0.1,10,121,0,2,nef1,test,0.5
sup,BACE,classification,0.1,10,121,1,0,roc_auc,test,0.7615942028985506
sup,BACE,classification,0.1,10,121,1,0,roc_auc,train,0.9172240802675584
sup,BACE,classification,0.1,10,121,1,0,nef1,test,1.0
sup,BACE,classification,0.1,10,121,1,1,roc_auc,test,0.7596014492753624
sup,BACE,classification,0.1,10,121,1,1,roc_auc,train,0.9467670011148271
sup,BACE,classification,0.1,10,121,1,1,nef1,test,1.0
sup,BACE,classification,0.1,10,121,1,2,roc_auc,test,0.7501811594202898
sup,BACE,classification,0.1,10,121,1,2,roc_auc,train,0.9261426978818282
sup,BACE,classification,0.1,10,121,1,2,nef1,test,1.0
sup,BACE,classification,0.1,10,121,2,0,roc_auc,test,0.7467391304347827
sup,BACE,classification,0.1,10,121,2,0,roc_auc,train,0.8904225352112677
sup,BACE,classification,0.1,10,121,2,0,nef1,test,1.0
sup,BACE,classification,0.1,10,121,2,1,roc_auc,test,0.7371376811594205
sup,BACE,classification,0.1,10,121,2,1,roc_auc,train,0.9343661971830985
sup,BACE,classification,0.1,10,121,2,1,nef1,test,1.0
sup,BACE,classification,0.1,10,121,2,2,roc_auc,test,0.756340579710145
sup,BACE,classification,0.1,10,121,2,2,roc_auc,train,0.8923943661971832
sup,BACE,classification,0.1,10,121,2,2,nef1,test,1.0
sup,BACE,classification,0.25,25,302,0,0,roc_auc,test,0.7673913043478261
sup,BACE,classification,0.25,25,302,0,0,roc_auc,train,0.8628632650328111
sup,BACE,classification,0.25,25,302,0,0,nef1,test,1.0
sup,BACE,classification,0.25,25,302,0,1,roc_auc,test,0.7764492753623188
sup,BACE,classification,0.25,25,302,0,1,roc_auc,train,0.910271862863265
sup,BACE,classification,0.25,25,302,0,1,nef1,test,1.0
sup,BACE,classification,0.25,25,302,0,2,roc_auc,test,0.7264492753623188
sup,BACE,classification,0.25,25,302,0,2,roc_auc,train,0.8802732020891924
sup,BACE,classification,0.25,25,302,0,2,nef1,test,1.0
sup,BACE,classification,0.25,25,302,1,0,roc_auc,test,0.8005434782608696
sup,BACE,classification,0.25,25,302,1,0,roc_auc,train,0.9500455373406193
sup,BACE,classification,0.25,25,302,1,0,nef1,test,1.0
sup,BACE,classification,0.25,25,302,1,1,roc_auc,test,0.7914855072463769
sup,BACE,classification,0.25,25,302,1,1,roc_auc,train,0.952367941712204
sup,BACE,classification,0.25,25,302,1,1,nef1,test,1.0
sup,BACE,classification,0.25,25,302,1,2,roc_auc,test,0.8007246376811594
sup,BACE,classification,0.25,25,302,1,2,roc_auc,train,0.8882513661202185
sup,BACE,classification,0.25,25,302,1,2,nef1,test,1.0
sup,BACE,classification,0.25,25,302,2,0,roc_auc,test,0.7644927536231884
sup,BACE,classification,0.25,25,302,2,0,roc_auc,train,0.8668976668976669
sup,BACE,classification,0.25,25,302,2,0,nef1,test,1.0
sup,BACE,classification,0.25,25,302,2,1,roc_auc,test,0.775
sup,BACE,classification,0.25,25,302,2,1,roc_auc,train,0.8753522753522753
sup,BACE,classification,0.25,25,302,2,1,nef1,test,1.0
sup,BACE,classification,0.25,25,302,2,2,roc_auc,test,0.7943840579710144
sup,BACE,classification,0.25,25,302,2,2,roc_auc,train,0.9212751212751211
sup,BACE,classification,0.25,25,302,2,2,nef1,test,1.0
sup,BACE,classification,0.5,50,605,0,0,roc_auc,test,0.8072463768115943
sup,BACE,classification,0.5,50,605,0,0,roc_auc,train,0.9439098280317206
sup,BACE,classification,0.5,50,605,0,0,nef1,test,1.0
sup,BACE,classification,0.5,50,605,0,1,roc_auc,test,0.7710144927536232
sup,BACE,classification,0.5,50,605,0,1,roc_auc,train,0.8741980753809142
sup,BACE,classification,0.5,50,605,0,1,nef1,test,1.0
sup,BACE,classification,0.5,50,605,0,2,roc_auc,test,0.807427536231884
sup,BACE,classification,0.5,50,605,0,2,roc_auc,train,0.9395549318364074
sup,BACE,classification,0.5,50,605,0,2,nef1,test,1.0
sup,BACE,classification,0.5,50,605,1,0,roc_auc,test,0.7907608695652173
sup,BACE,classification,0.5,50,605,1,0,roc_auc,train,0.9304005328188876
sup,BACE,classification,0.5,50,605,1,0,nef1,test,1.0
sup,BACE,classification,0.5,50,605,1,1,roc_auc,test,0.782608695652174
sup,BACE,classification,0.5,50,605,1,1,roc_auc,train,0.8844334206053925
sup,BACE,classification,0.5,50,605,1,1,nef1,test,1.0
sup,BACE,classification,0.5,50,605,1,2,roc_auc,test,0.792572463768116
sup,BACE,classification,0.5,50,605,1,2,roc_auc,train,0.9445248266041982
sup,BACE,classification,0.5,50,605,1,2,nef1,test,1.0
sup,BACE,classification,0.5,50,605,2,0,roc_auc,test,0.7967391304347826
sup,BACE,classification,0.5,50,605,2,0,roc_auc,train,0.9296396634509493
sup,BACE,classification,0.5,50,605,2,0,nef1,test,1.0
sup,BACE,classification,0.5,50,605,2,1,roc_auc,test,0.8019927536231884
sup,BACE,classification,0.5,50,605,2,1,roc_auc,train,0.9129333509537024
sup,BACE,classification,0.5,50,605,2,1,nef1,test,1.0
sup,BACE,classification,0.5,50,605,2,2,roc_auc,test,0.7731884057971014
sup,BACE,classification,0.5,50,605,2,2,roc_auc,train,0.8663825382141757
sup,BACE,classification,0.5,50,605,2,2,nef1,test,1.0
sup,BACE,classification,1.0,100,1210,0,0,roc_auc,test,0.7994565217391305
sup,BACE,classification,1.0,100,1210,0,0,roc_auc,train,0.9386687155130264
sup,BACE,classification,1.0,100,1210,0,0,nef1,test,1.0
sup,BACE,classification,1.0,100,1210,0,1,roc_auc,test,0.8418478260869565
sup,BACE,classification,1.0,100,1210,0,1,roc_auc,train,0.9314130055179158
sup,BACE,classification,1.0,100,1210,0,1,nef1,test,1.0
sup,BACE,classification,1.0,100,1210,0,2,roc_auc,test,0.8019927536231884
sup,BACE,classification,1.0,100,1210,0,2,roc_auc,train,0.9285883914227842
sup,BACE,classification,1.0,100,1210,0,2,nef1,test,1.0
sup,Tox21,classification,0.05,5,313,0,0,roc_auc,test,0.6468595817858014
sup,Tox21,classification,0.05,5,313,0,0,roc_auc,train,0.9545419280236486
sup,Tox21,classification,0.05,5,313,0,0,nef1,test,0.24037698412698413
sup,Tox21,classification,0.05,5,313,0,1,roc_auc,test,0.6492155857345274
sup,Tox21,classification,0.05,5,313,0,1,roc_auc,train,0.9599631415887928
sup,Tox21,classification,0.05,5,313,0,1,nef1,test,0.29325396825396827
sup,Tox21,classification,0.05,5,313,0,2,roc_auc,test,0.6354473830377324
sup,Tox21,classification,0.05,5,313,0,2,roc_auc,train,0.9439471095592191
sup,Tox21,classification,0.05,5,313,0,2,nef1,test,0.26617063492063486
sup,Tox21,classification,0.05,5,313,1,0,roc_auc,test,0.6607997157922832
sup,Tox21,classification,0.05,5,313,1,0,roc_auc,train,0.8940266871770307
sup,Tox21,classification,0.05,5,313,1,0,nef1,test,0.3329365079365079
sup,Tox21,classification,0.05,5,313,1,1,roc_auc,test,0.6610026907561267
sup,Tox21,classification,0.05,5,313,1,1,roc_auc,train,0.9040447140701491
sup,Tox21,classification,0.05,5,313,1,1,nef1,test,0.3585317460317459
sup,Tox21,classification,0.05,5,313,1,2,roc_auc,test,0.6704182738420625
sup,Tox21,classification,0.05,5,313,1,2,roc_auc,train,0.9163431179408285
sup,Tox21,classification,0.05,5,313,1,2,nef1,test,0.31081349206349207
sup,Tox21,classification,0.05,5,313,2,0,roc_auc,test,0.6574020386092357
sup,Tox21,classification,0.05,5,313,2,0,roc_auc,train,0.9440176588293339
sup,Tox21,classification,0.05,5,313,2,0,nef1,test,0.3862103174603175
sup,Tox21,classification,0.05,5,313,2,1,roc_auc,test,0.6647150784699524
sup,Tox21,classification,0.05,5,313,2,1,roc_auc,train,0.9546112224462436
sup,Tox21,classification,0.05,5,313,2,1,nef1,test,0.36240079365079364
sup,Tox21,classification,0.05,5,313,2,2,roc_auc,test,0.6603999073494085
sup,Tox21,classification,0.05,5,313,2,2,roc_auc,train,0.9536778357610509
sup,Tox21,classification,0.05,5,313,2,2,nef1,test,0.3745039682539682
sup,Tox21,classification,0.1,10,626,0,0,roc_auc,test,0.6703652986282266
sup,Tox21,classification,0.1,10,626,0,0,roc_auc,train,0.8948454715585857
sup,Tox21,classification,0.1,10,626,0,0,nef1,test,0.33273809523809517
sup,Tox21,classification,0.1,10,626,0,1,roc_auc,test,0.6890862248453811
sup,Tox21,classification,0.1,10,626,0,1,roc_auc,train,0.93601693326878
sup,Tox21,classification,0.1,10,626,0,1,nef1,test,0.3975198412698413
sup,Tox21,classification,0.1,10,626,0,2,roc_auc,test,0.6655541183000633
sup,Tox21,classification,0.1,10,626,0,2,roc_auc,train,0.9033792618194769
sup,Tox21,classification,0.1,10,626,0,2,nef1,test,0.3418650793650793
sup,Tox21,classification,0.1,10,626,1,0,roc_auc,test,0.6709524493246205
sup,Tox21,classification,0.1,10,626,1,0,roc_auc,train,0.9079939250009025
sup,Tox21,classification,0.1,10,626,1,0,nef1,test,0.3764880952380952
sup,Tox21,classification,0.1,10,626,1,1,roc_auc,test,0.674214618060708
sup,Tox21,classification,0.1,10,626,1,1,roc_auc,train,0.8900574925467603
sup,Tox21,classification,0.1,10,626,1,1,nef1,test,0.4224206349206349
sup,Tox21,classification,0.1,10,626,1,2,roc_auc,test,0.6756032396233739
sup,Tox21,classification,0.1,10,626,1,2,roc_auc,train,0.8881228776549532
sup,Tox21,classification,0.1,10,626,1,2,nef1,test,0.33115079365079364
sup,Tox21,classification,0.1,10,626,2,0,roc_auc,test,0.6666529736822668
sup,Tox21,classification,0.1,10,626,2,0,roc_auc,train,0.886778800421984
sup,Tox21,classification,0.1,10,626,2,0,nef1,test,0.3560515873015873
sup,Tox21,classification,0.1,10,626,2,1,roc_auc,test,0.6791036953064965
sup,Tox21,classification,0.1,10,626,2,1,roc_auc,train,0.8980392705169646
sup,Tox21,classification,0.1,10,626,2,1,nef1,test,0.41458333333333336
sup,Tox21,classification,0.1,10,626,2,2,roc_auc,test,0.6594150198417378
sup,Tox21,classification,0.1,10,626,2,2,roc_auc,train,0.8882712521053816
sup,Tox21,classification,0.1,10,626,2,2,nef1,test,0.4041666666666666
sup,Tox21,classification,0.25,25,1564,0,0,roc_auc,test,0.7072514638052164
sup,Tox21,classification,0.25,25,1564,0,0,roc_auc,train,0.8749721656263646
sup,Tox21,classification,0.25,25,1564,0,0,nef1,test,0.38680555555555557
sup,Tox21,classification,0.25,25,1564,0,1,roc_auc,test,0.7051998660955091
sup,Tox21,classification,0.25,25,1564,0,1,roc_auc,train,0.8946256282284368
sup,Tox21,classification,0.25,25,1564,0,1,nef1,test,0.3749007936507936
sup,Tox21,classification,0.25,25,1564,0,2,roc_auc,test,0.7070713937928662
sup,Tox21,classification,0.25,25,1564,0,2,roc_auc,train,0.9103915619910858
sup,Tox21,classification,0.25,25,1564,0,2,nef1,test,0.36101190476190476
sup,Tox21,classification,0.25,25,1564,1,0,roc_auc,test,0.7004006951398368
sup,Tox21,classification,0.25,25,1564,1,0,roc_auc,train,0.9130068455919114
sup,Tox21,classification,0.25,25,1564,1,0,nef1,test,0.45267857142857143
sup,Tox21,classification,0.25,25,1564,1,1,roc_auc,test,0.7150763416326528
sup,Tox21,classification,0.25,25,1564,1,1,roc_auc,train,0.872394687691334
sup,Tox21,classification,0.25,25,1564,1,1,nef1,test,0.40218253968253964
sup,Tox21,classification,0.25,25,1564,1,2,roc_auc,test,0.7083339926974747
sup,Tox21,classification,0.25,25,1564,1,2,roc_auc,train,0.8523394362056368
sup,Tox21,classification,0.25,25,1564,1,2,nef1,test,0.41130952380952385
sup,Tox21,classification,0.25,25,1564,2,0,roc_auc,test,0.7071696701657243
sup,Tox21,classification,0.25,25,1564,2,0,roc_auc,train,0.8905256566268055
sup,Tox21,classification,0.25,25,1564,2,0,nef1,test,0.4304563492063493
sup,Tox21,classification,0.25,25,1564,2,1,roc_auc,test,0.6964334478994451
sup,Tox21,classification,0.25,25,1564,2,1,roc_auc,train,0.9037906024855311
sup,Tox21,classification,0.25,25,1564,2,1,nef1,test,0.5086309523809524
sup,Tox21,classification,0.25,25,1564,2,2,roc_auc,test,0.7052367287084018
sup,Tox21,classification,0.25,25,1564,2,2,roc_auc,train,0.9248011516351706
sup,Tox21,classification,0.25,25,1564,2,2,nef1,test,0.4879960317460317
sup,Tox21,classification,0.5,50,3129,0,0,roc_auc,test,0.7235629207932468
sup,Tox21,classification,0.5,50,3129,0,0,roc_auc,train,0.8629910570664032
sup,Tox21,classification,0.5,50,3129,0,0,nef1,test,0.47261904761904766
sup,Tox21,classification,0.5,50,3129,0,1,roc_auc,test,0.7241209610381739
sup,Tox21,classification,0.5,50,3129,0,1,roc_auc,train,0.860035665653592
sup,Tox21,classification,0.5,50,3129,0,1,nef1,test,0.45942460317460315
sup,Tox21,classification,0.5,50,3129,0,2,roc_auc,test,0.7252519671395303
sup,Tox21,classification,0.5,50,3129,0,2,roc_auc,train,0.8621068110643774
sup,Tox21,classification,0.5,50,3129,0,2,nef1,test,0.475297619047619
sup,Tox21,classification,0.5,50,3129,1,0,roc_auc,test,0.7186643477520921
sup,Tox21,classification,0.5,50,3129,1,0,roc_auc,train,0.8718490327789393
sup,Tox21,classification,0.5,50,3129,1,0,nef1,test,0.4356150793650793
sup,Tox21,classification,0.5,50,3129,1,1,roc_auc,test,0.7074459779793679
sup,Tox21,classification,0.5,50,3129,1,1,roc_auc,train,0.8997214743533238
sup,Tox21,classification,0.5,50,3129,1,1,nef1,test,0.45396825396825397
sup,Tox21,classification,0.5,50,3129,1,2,roc_auc,test,0.7207734309566535
sup,Tox21,classification,0.5,50,3129,1,2,roc_auc,train,0.8697840047117524
sup,Tox21,classification,0.5,50,3129,1,2,nef1,test,0.49394841269841266
sup,Tox21,classification,0.5,50,3129,2,0,roc_auc,test,0.7254152507786987
sup,Tox21,classification,0.5,50,3129,2,0,roc_auc,train,0.8755444087113391
sup,Tox21,classification,0.5,50,3129,2,0,nef1,test,0.5098214285714285
sup,Tox21,classification,0.5,50,3129,2,1,roc_auc,test,0.7295003618836752
sup,Tox21,classification,0.5,50,3129,2,1,roc_auc,train,0.8779622083156489
sup,Tox21,classification,0.5,50,3129,2,1,nef1,test,0.4954365079365079
sup,Tox21,classification,0.5,50,3129,2,2,roc_auc,test,0.7248546507715944
sup,Tox21,classification,0.5,50,3129,2,2,roc_auc,train,0.8733659942752259
sup,Tox21,classification,0.5,50,3129,2,2,nef1,test,0.5212301587301588
sup,Tox21,classification,1.0,100,6258,0,0,roc_auc,test,0.7243057534574925
sup,Tox21,classification,1.0,100,6258,0,0,roc_auc,train,0.8909580398240265
sup,Tox21,classification,1.0,100,6258,0,0,nef1,test,0.565873015873016
sup,Tox21,classification,1.0,100,6258,0,1,roc_auc,test,0.7263037795618902
sup,Tox21,classification,1.0,100,6258,0,1,roc_auc,train,0.9064100323732888
sup,Tox21,classification,1.0,100,6258,0,1,nef1,test,0.48253968253968255
sup,Tox21,classification,1.0,100,6258,0,2,roc_auc,test,0.7194514618619466
sup,Tox21,classification,1.0,100,6258,0,2,roc_auc,train,0.8749353335255842
sup,Tox21,classification,1.0,100,6258,0,2,nef1,test,0.5296626984126984
sup,HIV,classification,0.05,5,1645,0,0,roc_auc,test,0.691183402233126
sup,HIV,classification,0.05,5,1645,0,0,roc_auc,train,0.9604076433121019
sup,HIV,classification,0.05,5,1645,0,0,nef1,test,0.35714285714285715
sup,HIV,classification,0.05,5,1645,0,1,roc_auc,test,0.7023722134219371
sup,HIV,classification,0.05,5,1645,0,1,roc_auc,train,0.9251125265392782
sup,HIV,classification,0.05,5,1645,0,1,nef1,test,0.30952380952380953
sup,HIV,classification,0.05,5,1645,0,2,roc_auc,test,0.7051732797589152
sup,HIV,classification,0.05,5,1645,0,2,roc_auc,train,0.9460382165605096
sup,HIV,classification,0.05,5,1645,0,2,nef1,test,0.40476190476190477
sup,HIV,classification,0.05,5,1645,1,0,roc_auc,test,0.6445543406869372
sup,HIV,classification,0.05,5,1645,1,0,roc_auc,train,0.9554889589905362
sup,HIV,classification,0.05,5,1645,1,0,nef1,test,0.5
sup,HIV,classification,0.05,5,1645,1,1,roc_auc,test,0.6605358729668123
sup,HIV,classification,0.05,5,1645,1,1,roc_auc,train,0.9345636172450051
sup,HIV,classification,0.05,5,1645,1,1,nef1,test,0.4523809523809524
sup,HIV,classification,0.05,5,1645,1,2,roc_auc,test,0.6490399103658772
sup,HIV,classification,0.05,5,1645,1,2,roc_auc,train,0.9247318611987382
sup,HIV,classification,0.05,5,1645,1,2,nef1,test,0.5
sup,HIV,classification,0.05,5,1645,2,0,roc_auc,test,0.6507746397249159
sup,HIV,classification,0.05,5,1645,2,0,roc_auc,train,0.9398734177215191
sup,HIV,classification,0.05,5,1645,2,0,nef1,test,0.5952380952380952
sup,HIV,classification,0.05,5,1645,2,1,roc_auc,test,0.6457829463354325
sup,HIV,classification,0.05,5,1645,2,1,roc_auc,train,0.9251509250243427
sup,HIV,classification,0.05,5,1645,2,1,nef1,test,0.5476190476190477
sup,HIV,classification,0.05,5,1645,2,2,roc_auc,test,0.6690994088784143
sup,HIV,classification,0.05,5,1645,2,2,roc_auc,train,0.8881499513145082
sup,HIV,classification,0.05,5,1645,2,2,nef1,test,0.5238095238095238
sup,HIV,classification,0.1,10,3290,0,0,roc_auc,test,0.6718859869412357
sup,HIV,classification,0.1,10,3290,0,0,roc_auc,train,0.9332799736856532
sup,HIV,classification,0.1,10,3290,0,0,nef1,test,0.47619047619047616
sup,HIV,classification,0.1,10,3290,0,1,roc_auc,test,0.6929818799984545
sup,HIV,classification,0.1,10,3290,0,1,roc_auc,train,0.8991875445425141
sup,HIV,classification,0.1,10,3290,0,1,nef1,test,0.4523809523809524
sup,HIV,classification,0.1,10,3290,0,2,roc_auc,test,0.688368813506935
sup,HIV,classification,0.1,10,3290,0,2,roc_auc,train,0.9477747930486267
sup,HIV,classification,0.1,10,3290,0,2,nef1,test,0.35714285714285715
sup,HIV,classification,0.1,10,3290,1,0,roc_auc,test,0.7006625970714369
sup,HIV,classification,0.1,10,3290,1,0,roc_auc,train,0.8999291066401723
sup,HIV,classification,0.1,10,3290,1,0,nef1,test,0.5952380952380952
sup,HIV,classification,0.1,10,3290,1,1,roc_auc,test,0.6780241857589925
sup,HIV,classification,0.1,10,3290,1,1,roc_auc,train,0.9129460589501572
sup,HIV,classification,0.1,10,3290,1,1,nef1,test,0.5
sup,HIV,classification,0.1,10,3290,1,2,roc_auc,test,0.698653556388363
sup,HIV,classification,0.1,10,3290,1,2,roc_auc,train,0.9155256458022851
sup,HIV,classification,0.1,10,3290,1,2,nef1,test,0.6428571428571429
sup,HIV,classification,0.1,10,3290,2,0,roc_auc,test,0.6947880848433334
sup,HIV,classification,0.1,10,3290,2,0,roc_auc,train,0.8796214511041011
sup,HIV,classification,0.1,10,3290,2,0,nef1,test,0.47619047619047616
sup,HIV,classification,0.1,10,3290,2,1,roc_auc,test,0.7007688444152533
sup,HIV,classification,0.1,10,3290,2,1,roc_auc,train,0.959279705573081
sup,HIV,classification,0.1,10,3290,2,1,nef1,test,0.38095238095238093
sup,HIV,classification,0.1,10,3290,2,2,roc_auc,test,0.708667851485531
sup,HIV,classification,0.1,10,3290,2,2,roc_auc,train,0.925102523659306
sup,HIV,classification,0.1,10,3290,2,2,nef1,test,0.5238095238095238
sup,HIV,classification,0.25,25,8224,0,0,roc_auc,test,0.6965981532279875
sup,HIV,classification,0.25,25,8224,0,0,roc_auc,train,0.8682225088483005
sup,HIV,classification,0.25,25,8224,0,0,nef1,test,0.5952380952380952
sup,HIV,classification,0.25,25,8224,0,1,roc_auc,test,0.7258451493258122
sup,HIV,classification,0.25,25,8224,0,1,roc_auc,train,0.8496234193979316
sup,HIV,classification,0.25,25,8224,0,1,nef1,test,0.5952380952380952
sup,HIV,classification,0.25,25,8224,0,2,roc_auc,test,0.7176988757099253
sup,HIV,classification,0.25,25,8224,0,2,roc_auc,train,0.869123845498307
sup,HIV,classification,0.25,25,8224,0,2,nef1,test,0.6666666666666666
sup,HIV,classification,0.25,25,8224,1,0,roc_auc,test,0.7163389097090753
sup,HIV,classification,0.25,25,8224,1,0,roc_auc,train,0.8995175080710966
sup,HIV,classification,0.25,25,8224,1,0,nef1,test,0.6428571428571429
sup,HIV,classification,0.25,25,8224,1,1,roc_auc,test,0.7263715566201754
sup,HIV,classification,0.25,25,8224,1,1,roc_auc,train,0.9044581722070457
sup,HIV,classification,0.25,25,8224,1,1,nef1,test,0.5714285714285714
sup,HIV,classification,0.25,25,8224,1,2,roc_auc,test,0.7064366572653866
sup,HIV,classification,0.25,25,8224,1,2,roc_auc,train,0.8903705608968673
sup,HIV,classification,0.25,25,8224,1,2,nef1,test,0.5476190476190477
sup,HIV,classification,0.25,25,8224,2,0,roc_auc,test,0.7456342000540896
sup,HIV,classification,0.25,25,8224,2,0,roc_auc,train,0.921450435869502
sup,HIV,classification,0.25,25,8224,2,0,nef1,test,0.5
sup,HIV,classification,0.25,25,8224,2,1,roc_auc,test,0.7694239462195264
sup,HIV,classification,0.25,25,8224,2,1,roc_auc,train,0.908637054982582
sup,HIV,classification,0.25,25,8224,2,1,nef1,test,0.7142857142857143
sup,HIV,classification,0.25,25,8224,2,2,roc_auc,test,0.759208747054051
sup,HIV,classification,0.25,25,8224,2,2,roc_auc,train,0.9019520159548597
sup,HIV,classification,0.25,25,8224,2,2,nef1,test,0.6666666666666666
sup,HIV,classification,0.5,50,16448,0,0,roc_auc,test,0.7132500096588495
sup,HIV,classification,0.5,50,16448,0,0,roc_auc,train,0.8630260166393021
sup,HIV,classification,0.5,50,16448,0,0,nef1,test,0.6190476190476191
sup,HIV,classification,0.5,50,16448,0,1,roc_auc,test,0.7325310049066954
sup,HIV,classification,0.5,50,16448,0,1,roc_auc,train,0.8977499169083305
sup,HIV,classification,0.5,50,16448,0,1,nef1,test,0.5952380952380952
sup,HIV,classification,0.5,50,16448,0,2,roc_auc,test,0.7335818877255341
sup,HIV,classification,0.5,50,16448,0,2,roc_auc,train,0.899619517272936
sup,HIV,classification,0.5,50,16448,0,2,nef1,test,0.6190476190476191
sup,HIV,classification,0.5,50,16448,1,0,roc_auc,test,0.7340725572769772
sup,HIV,classification,0.5,50,16448,1,0,roc_auc,train,0.8536608590472758
sup,HIV,classification,0.5,50,16448,1,0,nef1,test,0.6190476190476191
sup,HIV,classification,0.5,50,16448,1,1,roc_auc,test,0.7427577946914963
sup,HIV,classification,0.5,50,16448,1,1,roc_auc,train,0.9111343087045662
sup,HIV,classification,0.5,50,16448,1,1,nef1,test,0.6666666666666666
sup,HIV,classification,0.5,50,16448,1,2,roc_auc,test,0.742556890623189
sup,HIV,classification,0.5,50,16448,1,2,roc_auc,train,0.9125255209271601
sup,HIV,classification,0.5,50,16448,1,2,nef1,test,0.5952380952380952
sup,HIV,classification,0.5,50,16448,2,0,roc_auc,test,0.7427404087625081
sup,HIV,classification,0.5,50,16448,2,0,roc_auc,train,0.9058159812170573
sup,HIV,classification,0.5,50,16448,2,0,nef1,test,0.6904761904761905
sup,HIV,classification,0.5,50,16448,2,1,roc_auc,test,0.7299405014874628
sup,HIV,classification,0.5,50,16448,2,1,roc_auc,train,0.8588597038871504
sup,HIV,classification,0.5,50,16448,2,1,nef1,test,0.30952380952380953
sup,HIV,classification,0.5,50,16448,2,2,roc_auc,test,0.7342097129389947
sup,HIV,classification,0.5,50,16448,2,2,roc_auc,train,0.8902561757818167
sup,HIV,classification,0.5,50,16448,2,2,nef1,test,0.5476190476190477
sup,HIV,classification,1.0,100,32896,0,0,roc_auc,test,0.7720047907893212
sup,HIV,classification,1.0,100,32896,0,0,roc_auc,train,0.9104026736906349
sup,HIV,classification,1.0,100,32896,0,0,nef1,test,0.6428571428571429
sup,HIV,classification,1.0,100,32896,0,1,roc_auc,test,0.7442568481242515
sup,HIV,classification,1.0,100,32896,0,1,roc_auc,train,0.9177191091895093
sup,HIV,classification,1.0,100,32896,0,1,nef1,test,0.5
sup,HIV,classification,1.0,100,32896,0,2,roc_auc,test,0.7711432214194646
sup,HIV,classification,1.0,100,32896,0,2,roc_auc,train,0.9203975345018802
sup,HIV,classification,1.0,100,32896,0,2,nef1,test,0.6428571428571429
unsup2sup,ESOL,regression,0.05,5,45,0,0,rmse,test,1.6006927490234375
unsup2sup,ESOL,regression,0.05,5,45,0,0,rmse,train,0.7549453377723694
unsup2sup,ESOL,regression,0.05,5,45,0,1,rmse,test,1.5775259733200073
unsup2sup,ESOL,regression,0.05,5,45,0,1,rmse,train,0.6555612087249756
unsup2sup,ESOL,regression,0.05,5,45,0,2,rmse,test,1.5436735153198242
unsup2sup,ESOL,regression,0.05,5,45,0,2,rmse,train,0.2658359706401825
unsup2sup,ESOL,regression,0.05,5,45,1,0,rmse,test,1.9026154279708862
unsup2sup,ESOL,regression,0.05,5,45,1,0,rmse,train,1.4048458337783813
unsup2sup,ESOL,regression,0.05,5,45,1,1,rmse,test,1.8091800212860107
unsup2sup,ESOL,regression,0.05,5,45,1,1,rmse,train,1.5329288244247437
unsup2sup,ESOL,regression,0.05,5,45,1,2,rmse,test,1.888400673866272
unsup2sup,ESOL,regression,0.05,5,45,1,2,rmse,train,1.4720215797424316
unsup2sup,ESOL,regression,0.05,5,45,2,0,rmse,test,1.6955705881118774
unsup2sup,ESOL,regression,0.05,5,45,2,0,rmse,train,1.0199146270751953
unsup2sup,ESOL,regression,0.05,5,45,2,1,rmse,test,1.5630093812942505
unsup2sup,ESOL,regression,0.05,5,45,2,1,rmse,train,0.3651876747608185
unsup2sup,ESOL,regression,0.05,5,45,2,2,rmse,test,1.7322590351104736
unsup2sup,ESOL,regression,0.05,5,45,2,2,rmse,train,1.0545772314071655
unsup2sup,ESOL,regression,0.1,10,90,0,0,rmse,test,1.475608229637146
unsup2sup,ESOL,regression,0.1,10,90,0,0,rmse,train,0.738337516784668
unsup2sup,ESOL,regression,0.1,10,90,0,1,rmse,test,1.4737098217010498
unsup2sup,ESOL,regression,0.1,10,90,0,1,rmse,train,0.7687828540802002
unsup2sup,ESOL,regression,0.1,10,90,0,2,rmse,test,1.4776633977890015
unsup2sup,ESOL,regression,0.1,10,90,0,2,rmse,train,0.34937983751296997
unsup2sup,ESOL,regression,0.1,10,90,1,0,rmse,test,1.452189564704895
unsup2sup,ESOL,regression,0.1,10,90,1,0,rmse,train,0.5975100994110107
unsup2sup,ESOL,regression,0.1,10,90,1,1,rmse,test,1.5045888423919678
unsup2sup,ESOL,regression,0.1,10,90,1,1,rmse,train,0.6652493476867676
unsup2sup,ESOL,regression,0.1,10,90,1,2,rmse,test,1.542431354522705
unsup2sup,ESOL,regression,0.1,10,90,1,2,rmse,train,0.7077047824859619
unsup2sup,ESOL,regression,0.1,10,90,2,0,rmse,test,1.659787654876709
unsup2sup,ESOL,regression,0.1,10,90,2,0,rmse,train,0.7762741446495056
unsup2sup,ESOL,regression,0.1,10,90,2,1,rmse,test,1.5887759923934937
unsup2sup,ESOL,regression,0.1,10,90,2,1,rmse,train,0.8274649977684021
unsup2sup,ESOL,regression,0.1,10,90,2,2,rmse,test,1.6227372884750366
unsup2sup,ESOL,regression,0.1,10,90,2,2,rmse,train,0.884670615196228
unsup2sup,ESOL,regression,0.25,25,226,0,0,rmse,test,1.3900457620620728
unsup2sup,ESOL,regression,0.25,25,226,0,0,rmse,train,0.6612976789474487
unsup2sup,ESOL,regression,0.25,25,226,0,1,rmse,test,1.5837087631225586
unsup2sup,ESOL,regression,0.25,25,226,0,1,rmse,train,1.063992977142334
unsup2sup,ESOL,regression,0.25,25,226,0,2,rmse,test,1.440291404724121
unsup2sup,ESOL,regression,0.25,25,226,0,2,rmse,train,0.9612524509429932
unsup2sup,ESOL,regression,0.25,25,226,1,0,rmse,test,1.3484609127044678
unsup2sup,ESOL,regression,0.25,25,226,1,0,rmse,train,0.602227509021759
unsup2sup,ESOL,regression,0.25,25,226,1,1,rmse,test,1.233465552330017
unsup2sup,ESOL,regression,0.25,25,226,1,1,rmse,train,0.28990235924720764
unsup2sup,ESOL,regression,0.25,25,226,1,2,rmse,test,1.2073520421981812
unsup2sup,ESOL,regression,0.25,25,226,1,2,rmse,train,0.25788840651512146
unsup2sup,ESOL,regression,0.25,25,226,2,0,rmse,test,1.2669706344604492
unsup2sup,ESOL,regression,0.25,25,226,2,0,rmse,train,0.41226452589035034
unsup2sup,ESOL,regression,0.25,25,226,2,1,rmse,test,1.3213611841201782
unsup2sup,ESOL,regression,0.25,25,226,2,1,rmse,train,0.5322779417037964
unsup2sup,ESOL,regression,0.25,25,226,2,2,rmse,test,1.3153505325317383
unsup2sup,ESOL,regression,0.25,25,226,2,2,rmse,train,0.3124399483203888
unsup2sup,ESOL,regression,0.5,50,451,0,0,rmse,test,1.2166318893432617
unsup2sup,ESOL,regression,0.5,50,451,0,0,rmse,train,0.4722527265548706
unsup2sup,ESOL,regression,0.5,50,451,0,1,rmse,test,1.1720268726348877
unsup2sup,ESOL,regression,0.5,50,451,0,1,rmse,train,0.626322329044342
unsup2sup,ESOL,regression,0.5,50,451,0,2,rmse,test,1.21635103225708
unsup2sup,ESOL,regression,0.5,50,451,0,2,rmse,train,0.553996205329895
unsup2sup,ESOL,regression,0.5,50,451,1,0,rmse,test,1.2440894842147827
unsup2sup,ESOL,regression,0.5,50,451,1,0,rmse,train,0.4808879494667053
unsup2sup,ESOL,regression,0.5,50,451,1,1,rmse,test,1.208065390586853
unsup2sup,ESOL,regression,0.5,50,451,1,1,rmse,train,0.46921506524086
unsup2sup,ESOL,regression,0.5,50,451,1,2,rmse,test,1.217567801475525
unsup2sup,ESOL,regression,0.5,50,451,1,2,rmse,train,0.5306408405303955
unsup2sup,ESOL,regression,0.5,50,451,2,0,rmse,test,1.3379871845245361
unsup2sup,ESOL,regression,0.5,50,451,2,0,rmse,train,0.7778825759887695
unsup2sup,ESOL,regression,0.5,50,451,2,1,rmse,test,1.124454140663147
unsup2sup,ESOL,regression,0.5,50,451,2,1,rmse,train,0.42302706837654114
unsup2sup,ESOL,regression,0.5,50,451,2,2,rmse,test,1.2556169033050537
unsup2sup,ESOL,regression,0.5,50,451,2,2,rmse,train,0.5325350761413574
unsup2sup,ESOL,regression,1.0,100,902,0,0,rmse,test,1.0751729011535645
unsup2sup,ESOL,regression,1.0,100,902,0,0,rmse,train,0.48872506618499756
unsup2sup,ESOL,regression,1.0,100,902,0,1,rmse,test,1.027404546737671
unsup2sup,ESOL,regression,1.0,100,902,0,1,rmse,train,0.4193958342075348
unsup2sup,ESOL,regression,1.0,100,902,0,2,rmse,test,1.0800036191940308
unsup2sup,ESOL,regression,1.0,100,902,0,2,rmse,train,0.5912459492683411
unsup2sup,Lipophilicity,regression,0.05,5,168,0,0,rmse,test,1.058759331703186
unsup2sup,Lipophilicity,regression,0.05,5,168,0,0,rmse,train,0.6282125115394592
unsup2sup,Lipophilicity,regression,0.05,5,168,0,1,rmse,test,1.0791077613830566
unsup2sup,Lipophilicity,regression,0.05,5,168,0,1,rmse,train,0.5930477976799011
unsup2sup,Lipophilicity,regression,0.05,5,168,0,2,rmse,test,1.0908831357955933
unsup2sup,Lipophilicity,regression,0.05,5,168,0,2,rmse,train,0.20508284866809845
unsup2sup,Lipophilicity,regression,0.05,5,168,1,0,rmse,test,1.0440430641174316
unsup2sup,Lipophilicity,regression,0.05,5,168,1,0,rmse,train,0.26938244700431824
unsup2sup,Lipophilicity,regression,0.05,5,168,1,1,rmse,test,1.0340677499771118
unsup2sup,Lipophilicity,regression,0.05,5,168,1,1,rmse,train,0.898783802986145
unsup2sup,Lipophilicity,regression,0.05,5,168,1,2,rmse,test,1.0346894264221191
unsup2sup,Lipophilicity,regression,0.05,5,168,1,2,rmse,train,0.33624616265296936
unsup2sup,Lipophilicity,regression,0.05,5,168,2,0,rmse,test,1.1141291856765747
unsup2sup,Lipophilicity,regression,0.05,5,168,2,0,rmse,train,0.5861441493034363
unsup2sup,Lipophilicity,regression,0.05,5,168,2,1,rmse,test,1.1426748037338257
unsup2sup,Lipophilicity,regression,0.05,5,168,2,1,rmse,train,0.2543867230415344
unsup2sup,Lipophilicity,regression,0.05,5,168,2,2,rmse,test,1.1310187578201294
unsup2sup,Lipophilicity,regression,0.05,5,168,2,2,rmse,train,0.42620307207107544
unsup2sup,Lipophilicity,regression,0.1,10,336,0,0,rmse,test,0.9916269779205322
unsup2sup,Lipophilicity,regression,0.1,10,336,0,0,rmse,train,0.47061899304389954
unsup2sup,Lipophilicity,regression,0.1,10,336,0,1,rmse,test,0.9802232980728149
unsup2sup,Lipophilicity,regression,0.1,10,336,0,1,rmse,train,0.493938684463501
unsup2sup,Lipophilicity,regression,0.1,10,336,0,2,rmse,test,1.0014829635620117
unsup2sup,Lipophilicity,regression,0.1,10,336,0,2,rmse,train,0.5193416476249695
unsup2sup,Lipophilicity,regression,0.1,10,336,1,0,rmse,test,1.0452309846878052
unsup2sup,Lipophilicity,regression,0.1,10,336,1,0,rmse,train,0.612065851688385
unsup2sup,Lipophilicity,regression,0.1,10,336,1,1,rmse,test,1.031407356262207
unsup2sup,Lipophilicity,regression,0.1,10,336,1,1,rmse,train,0.5955294966697693
unsup2sup,Lipophilicity,regression,0.1,10,336,1,2,rmse,test,1.045270323753357
unsup2sup,Lipophilicity,regression,0.1,10,336,1,2,rmse,train,0.4376087188720703
unsup2sup,Lipophilicity,regression,0.1,10,336,2,0,rmse,test,1.0727949142456055
unsup2sup,Lipophilicity,regression,0.1,10,336,2,0,rmse,train,0.3764124810695648
unsup2sup,Lipophilicity,regression,0.1,10,336,2,1,rmse,test,1.0256880521774292
unsup2sup,Lipophilicity,regression,0.1,10,336,2,1,rmse,train,0.3837184011936188
unsup2sup,Lipophilicity,regression,0.1,10,336,2,2,rmse,test,1.0739967823028564
unsup2sup,Lipophilicity,regression,0.1,10,336,2,2,rmse,train,0.4522007703781128
unsup2sup,Lipophilicity,regression,0.25,25,840,0,0,rmse,test,0.9477061033248901
unsup2sup,Lipophilicity,regression,0.25,25,840,0,0,rmse,train,0.5226008892059326
unsup2sup,Lipophilicity,regression,0.25,25,840,0,1,rmse,test,0.9732531905174255
unsup2sup,Lipophilicity,regression,0.25,25,840,0,1,rmse,train,0.3804619014263153
unsup2sup,Lipophilicity,regression,0.25,25,840,0,2,rmse,test,0.9694485664367676
unsup2sup,Lipophilicity,regression,0.25,25,840,0,2,rmse,train,0.3203042149543762
unsup2sup,Lipophilicity,regression,0.25,25,840,1,0,rmse,test,0.9788718223571777
unsup2sup,Lipophilicity,regression,0.25,25,840,1,0,rmse,train,0.4558170735836029
unsup2sup,Lipophilicity,regression,0.25,25,840,1,1,rmse,test,0.9745895266532898
unsup2sup,Lipophilicity,regression,0.25,25,840,1,1,rmse,train,0.32256996631622314
unsup2sup,Lipophilicity,regression,0.25,25,840,1,2,rmse,test,0.9847649335861206
unsup2sup,Lipophilicity,regression,0.25,25,840,1,2,rmse,train,0.47036048769950867
unsup2sup,Lipophilicity,regression,0.25,25,840,2,0,rmse,test,0.952106237411499
unsup2sup,Lipophilicity,regression,0.25,25,840,2,0,rmse,train,0.3770820200443268
unsup2sup,Lipophilicity,regression,0.25,25,840,2,1,rmse,test,0.963492751121521
unsup2sup,Lipophilicity,regression,0.25,25,840,2,1,rmse,train,0.31715264916419983
unsup2sup,Lipophilicity,regression,0.25,25,840,2,2,rmse,test,0.9513199925422668
unsup2sup,Lipophilicity,regression,0.25,25,840,2,2,rmse,train,0.5562376379966736
unsup2sup,Lipophilicity,regression,0.5,50,1680,0,0,rmse,test,0.8740322589874268
unsup2sup,Lipophilicity,regression,0.5,50,1680,0,0,rmse,train,0.41836822032928467
unsup2sup,Lipophilicity,regression,0.5,50,1680,0,1,rmse,test,0.9146296977996826
unsup2sup,Lipophilicity,regression,0.5,50,1680,0,1,rmse,train,0.5851396918296814
unsup2sup,Lipophilicity,regression,0.5,50,1680,0,2,rmse,test,0.9024834632873535
unsup2sup,Lipophilicity,regression,0.5,50,1680,0,2,rmse,train,0.4627563953399658
unsup2sup,Lipophilicity,regression,0.5,50,1680,1,0,rmse,test,0.9054638147354126
unsup2sup,Lipophilicity,regression,0.5,50,1680,1,0,rmse,train,0.45534664392471313
unsup2sup,Lipophilicity,regression,0.5,50,1680,1,1,rmse,test,0.926723837852478
unsup2sup,Lipophilicity,regression,0.5,50,1680,1,1,rmse,train,0.48869216442108154
unsup2sup,Lipophilicity,regression,0.5,50,1680,1,2,rmse,test,0.9100865125656128
unsup2sup,Lipophilicity,regression,0.5,50,1680,1,2,rmse,train,0.40280815958976746
unsup2sup,Lipophilicity,regression,0.5,50,1680,2,0,rmse,test,0.9355369806289673
unsup2sup,Lipophilicity,regression,0.5,50,1680,2,0,rmse,train,0.35082292556762695
unsup2sup,Lipophilicity,regression,0.5,50,1680,2,1,rmse,test,0.9412256479263306
unsup2sup,Lipophilicity,regression,0.5,50,1680,2,1,rmse,train,0.49808192253112793
unsup2sup,Lipophilicity,regression,0.5,50,1680,2,2,rmse,test,0.908988893032074
unsup2sup,Lipophilicity,regression,0.5,50,1680,2,2,rmse,train,0.4199168384075165
unsup2sup,Lipophilicity,regression,1.0,100,3360,0,0,rmse,test,0.8317511081695557
unsup2sup,Lipophilicity,regression,1.0,100,3360,0,0,rmse,train,0.44861966371536255
unsup2sup,Lipophilicity,regression,1.0,100,3360,0,1,rmse,test,0.8406422138214111
unsup2sup,Lipophilicity,regression,1.0,100,3360,0,1,rmse,train,0.4063394069671631
unsup2sup,Lipophilicity,regression,1.0,100,3360,0,2,rmse,test,0.8445214033126831
unsup2sup,Lipophilicity,regression,1.0,100,3360,0,2,rmse,train,0.45760923624038696
unsup2sup,QM7,regression,0.05,5,274,0,0,rmse,test,207.95957946777344
unsup2sup,QM7,regression,0.05,5,274,0,0,rmse,train,178.08238220214844
unsup2sup,QM7,regression,0.05,5,274,0,1,rmse,test,212.8284149169922
unsup2sup,QM7,regression,0.05,5,274,0,1,rmse,train,166.69903564453125
unsup2sup,QM7,regression,0.05,5,274,0,2,rmse,test,208.45875549316406
unsup2sup,QM7,regression,0.05,5,274,0,2,rmse,train,163.79908752441406
unsup2sup,QM7,regression,0.05,5,274,1,0,rmse,test,236.27809143066406
unsup2sup,QM7,regression,0.05,5,274,1,0,rmse,train,171.17022705078125
unsup2sup,QM7,regression,0.05,5,274,1,1,rmse,test,214.7728271484375
unsup2sup,QM7,regression,0.05,5,274,1,1,rmse,train,178.9372100830078
unsup2sup,QM7,regression,0.05,5,274,1,2,rmse,test,231.08547973632812
unsup2sup,QM7,regression,0.05,5,274,1,2,rmse,train,174.38856506347656
unsup2sup,QM7,regression,0.05,5,274,2,0,rmse,test,210.4485321044922
unsup2sup,QM7,regression,0.05,5,274,2,0,rmse,train,186.41705322265625
unsup2sup,QM7,regression,0.05,5,274,2,1,rmse,test,207.58917236328125
unsup2sup,QM7,regression,0.05,5,274,2,1,rmse,train,173.14053344726562
unsup2sup,QM7,regression,0.05,5,274,2,2,rmse,test,217.34463500976562
unsup2sup,QM7,regression,0.05,5,274,2,2,rmse,train,182.33871459960938
unsup2sup,QM7,regression,0.1,10,547,0,0,rmse,test,204.3192138671875
unsup2sup,QM7,regression,0.1,10,547,0,0,rmse,train,187.42869567871094
unsup2sup,QM7,regression,0.1,10,547,0,1,rmse,test,208.02317810058594
unsup2sup,QM7,regression,0.1,10,547,0,1,rmse,train,194.95729064941406
unsup2sup,QM7,regression,0.1,10,547,0,2,rmse,test,213.853515625
unsup2sup,QM7,regression,0.1,10,547,0,2,rmse,train,164.5833740234375
unsup2sup,QM7,regression,0.1,10,547,1,0,rmse,test,220.1102752685547
unsup2sup,QM7,regression,0.1,10,547,1,0,rmse,train,150.34693908691406
unsup2sup,QM7,regression,0.1,10,547,1,1,rmse,test,220.08811950683594
unsup2sup,QM7,regression,0.1,10,547,1,1,rmse,train,146.34095764160156
unsup2sup,QM7,regression,0.1,10,547,1,2,rmse,test,221.03561401367188
unsup2sup,QM7,regression,0.1,10,547,1,2,rmse,train,149.82162475585938
unsup2sup,QM7,regression,0.1,10,547,2,0,rmse,test,209.3539581298828
unsup2sup,QM7,regression,0.1,10,547,2,0,rmse,train,163.39891052246094
unsup2sup,QM7,regression,0.1,10,547,2,1,rmse,test,216.0483856201172
unsup2sup,QM7,regression,0.1,10,547,2,1,rmse,train,161.44349670410156
unsup2sup,QM7,regression,0.1,10,547,2,2,rmse,test,208.9135284423828
unsup2sup,QM7,regression,0.1,10,547,2,2,rmse,train,172.64370727539062
unsup2sup,QM7,regression,0.25,25,1368,0,0,rmse,test,213.23805236816406
unsup2sup,QM7,regression,0.25,25,1368,0,0,rmse,train,182.1194305419922
unsup2sup,QM7,regression,0.25,25,1368,0,1,rmse,test,207.9568634033203
unsup2sup,QM7,regression,0.25,25,1368,0,1,rmse,train,184.93154907226562
unsup2sup,QM7,regression,0.25,25,1368,0,2,rmse,test,211.6757049560547
unsup2sup,QM7,regression,0.25,25,1368,0,2,rmse,train,182.9432373046875
unsup2sup,QM7,regression,0.25,25,1368,1,0,rmse,test,206.72195434570312
unsup2sup,QM7,regression,0.25,25,1368,1,0,rmse,train,183.97703552246094
unsup2sup,QM7,regression,0.25,25,1368,1,1,rmse,test,203.98782348632812
unsup2sup,QM7,regression,0.25,25,1368,1,1,rmse,train,180.13963317871094
unsup2sup,QM7,regression,0.25,25,1368,1,2,rmse,test,208.8087158203125
unsup2sup,QM7,regression,0.25,25,1368,1,2,rmse,train,191.42306518554688
unsup2sup,QM7,regression,0.25,25,1368,2,0,rmse,test,205.60850524902344
unsup2sup,QM7,regression,0.25,25,1368,2,0,rmse,train,195.9912567138672
unsup2sup,QM7,regression,0.25,25,1368,2,1,rmse,test,207.47401428222656
unsup2sup,QM7,regression,0.25,25,1368,2,1,rmse,train,179.44125366210938
unsup2sup,QM7,regression,0.25,25,1368,2,2,rmse,test,208.57962036132812
unsup2sup,QM7,regression,0.25,25,1368,2,2,rmse,train,195.93849182128906
unsup2sup,QM7,regression,0.5,50,2735,0,0,rmse,test,208.74246215820312
unsup2sup,QM7,regression,0.5,50,2735,0,0,rmse,train,187.26365661621094
unsup2sup,QM7,regression,0.5,50,2735,0,1,rmse,test,210.45030212402344
unsup2sup,QM7,regression,0.5,50,2735,0,1,rmse,train,184.61080932617188
unsup2sup,QM7,regression,0.5,50,2735,0,2,rmse,test,207.6622314453125
unsup2sup,QM7,regression,0.5,50,2735,0,2,rmse,train,190.94915771484375
unsup2sup,QM7,regression,0.5,50,2735,1,0,rmse,test,208.4609375
unsup2sup,QM7,regression,0.5,50,2735,1,0,rmse,train,187.6117401123047
unsup2sup,QM7,regression,0.5,50,2735,1,1,rmse,test,204.2058868408203
unsup2sup,QM7,regression,0.5,50,2735,1,1,rmse,train,191.23919677734375
unsup2sup,QM7,regression,0.5,50,2735,1,2,rmse,test,212.2472686767578
unsup2sup,QM7,regression,0.5,50,2735,1,2,rmse,train,181.39108276367188
unsup2sup,QM7,regression,0.5,50,2735,2,0,rmse,test,209.2154998779297
unsup2sup,QM7,regression,0.5,50,2735,2,0,rmse,train,179.40347290039062
unsup2sup,QM7,regression,0.5,50,2735,2,1,rmse,test,209.2465362548828
unsup2sup,QM7,regression,0.5,50,2735,2,1,rmse,train,181.5087127685547
unsup2sup,QM7,regression,0.5,50,2735,2,2,rmse,test,208.06602478027344
unsup2sup,QM7,regression,0.5,50,2735,2,2,rmse,train,189.61033630371094
unsup2sup,QM7,regression,1.0,100,5470,0,0,rmse,test,202.61561584472656
unsup2sup,QM7,regression,1.0,100,5470,0,0,rmse,train,192.92747497558594
unsup2sup,QM7,regression,1.0,100,5470,0,1,rmse,test,208.1097412109375
unsup2sup,QM7,regression,1.0,100,5470,0,1,rmse,train,182.861083984375
unsup2sup,QM7,regression,1.0,100,5470,0,2,rmse,test,205.07168579101562
unsup2sup,QM7,regression,1.0,100,5470,0,2,rmse,train,185.15359497070312
unsup2sup,BBBP,classification,0.05,5,82,0,0,roc_auc,test,0.6555544850178244
unsup2sup,BBBP,classification,0.05,5,82,0,0,roc_auc,train,1.0
unsup2sup,BBBP,classification,0.05,5,82,0,0,nef1,test,0.6666666666666666
unsup2sup,BBBP,classification,0.05,5,82,0,1,roc_auc,test,0.6563252721842182
unsup2sup,BBBP,classification,0.05,5,82,0,1,roc_auc,train,0.9988851727982163
unsup2sup,BBBP,classification,0.05,5,82,0,1,nef1,test,0.6666666666666666
unsup2sup,BBBP,classification,0.05,5,82,0,2,roc_auc,test,0.6229887272376914
unsup2sup,BBBP,classification,0.05,5,82,0,2,roc_auc,train,0.987736900780379
unsup2sup,BBBP,classification,0.05,5,82,0,2,nef1,test,0.6666666666666666
unsup2sup,BBBP,classification,0.05,5,82,1,0,roc_auc,test,0.5593987860102129
unsup2sup,BBBP,classification,0.05,5,82,1,0,roc_auc,train,0.991044776119403
unsup2sup,BBBP,classification,0.05,5,82,1,0,nef1,test,0.6666666666666666
unsup2sup,BBBP,classification,0.05,5,82,1,1,roc_auc,test,0.559398786010213
unsup2sup,BBBP,classification,0.05,5,82,1,1,roc_auc,train,0.9950248756218907
unsup2sup,BBBP,classification,0.05,5,82,1,1,nef1,test,0.3333333333333333
unsup2sup,BBBP,classification,0.05,5,82,1,2,roc_auc,test,0.5761634068792754
unsup2sup,BBBP,classification,0.05,5,82,1,2,roc_auc,train,0.9950248756218906
unsup2sup,BBBP,classification,0.05,5,82,1,2,nef1,test,0.3333333333333333
unsup2sup,BBBP,classification,0.05,5,82,2,0,roc_auc,test,0.6174005202813373
unsup2sup,BBBP,classification,0.05,5,82,2,0,roc_auc,train,0.9933110367892977
unsup2sup,BBBP,classification,0.05,5,82,2,0,nef1,test,0.6666666666666666
unsup2sup,BBBP,classification,0.05,5,82,2,1,roc_auc,test,0.6206763657385104
unsup2sup,BBBP,classification,0.05,5,82,2,1,roc_auc,train,0.9955406911928651
unsup2sup,BBBP,classification,0.05,5,82,2,1,nef1,test,0.6666666666666666
unsup2sup,BBBP,classification,0.05,5,82,2,2,roc_auc,test,0.6063204547644282
unsup2sup,BBBP,classification,0.05,5,82,2,2,roc_auc,train,0.9888517279821627
unsup2sup,BBBP,classification,0.05,5,82,2,2,nef1,test,0.6666666666666666
unsup2sup,BBBP,classification,0.1,10,163,0,0,roc_auc,test,0.6252047403410734
unsup2sup,BBBP,classification,0.1,10,163,0,0,roc_auc,train,1.0
unsup2sup,BBBP,classification,0.1,10,163,0,0,nef1,test,0.3333333333333333
unsup2sup,BBBP,classification,0.1,10,163,0,1,roc_auc,test,0.6265536178822623
unsup2sup,BBBP,classification,0.1,10,163,0,1,roc_auc,train,1.0
unsup2sup,BBBP,classification,0.1,10,163,0,1,nef1,test,0.3333333333333333
unsup2sup,BBBP,classification,0.1,10,163,0,2,roc_auc,test,0.6272280566528566
unsup2sup,BBBP,classification,0.1,10,163,0,2,roc_auc,train,0.9983157894736843
unsup2sup,BBBP,classification,0.1,10,163,0,2,nef1,test,0.3333333333333333
unsup2sup,BBBP,classification,0.1,10,163,1,0,roc_auc,test,0.5974564023509008
unsup2sup,BBBP,classification,0.1,10,163,1,0,roc_auc,train,0.9803481190342505
unsup2sup,BBBP,classification,0.1,10,163,1,0,nef1,test,0.6666666666666666
unsup2sup,BBBP,classification,0.1,10,163,1,1,roc_auc,test,0.5970710087677041
unsup2sup,BBBP,classification,0.1,10,163,1,1,roc_auc,train,0.9671532846715328
unsup2sup,BBBP,classification,0.1,10,163,1,1,nef1,test,0.6666666666666666
unsup2sup,BBBP,classification,0.1,10,163,1,2,roc_auc,test,0.5781867231910588
unsup2sup,BBBP,classification,0.1,10,163,1,2,roc_auc,train,0.9699606962380685
unsup2sup,BBBP,classification,0.1,10,163,1,2,nef1,test,0.6666666666666666
unsup2sup,BBBP,classification,0.1,10,163,2,0,roc_auc,test,0.6252047403410733
unsup2sup,BBBP,classification,0.1,10,163,2,0,roc_auc,train,0.9916507633587787
unsup2sup,BBBP,classification,0.1,10,163,2,0,nef1,test,0.3333333333333333
unsup2sup,BBBP,classification,0.1,10,163,2,1,roc_auc,test,0.6234704692166876
unsup2sup,BBBP,classification,0.1,10,163,2,1,roc_auc,train,0.9930820610687023
unsup2sup,BBBP,classification,0.1,10,163,2,1,nef1,test,0.3333333333333333
unsup2sup,BBBP,classification,0.1,10,163,2,2,roc_auc,test,0.6311783408806243
unsup2sup,BBBP,classification,0.1,10,163,2,2,roc_auc,train,0.9937977099236641
unsup2sup,BBBP,classification,0.1,10,163,2,2,nef1,test,0.6666666666666666
unsup2sup,BBBP,classification,0.25,25,408,0,0,roc_auc,test,0.6195201849889199
unsup2sup,BBBP,classification,0.25,25,408,0,0,roc_auc,train,0.9715397923875433
unsup2sup,BBBP,classification,0.25,25,408,0,0,nef1,test,0.3333333333333333
unsup2sup,BBBP,classification,0.25,25,408,0,1,roc_auc,test,0.6182676558435302
unsup2sup,BBBP,classification,0.25,25,408,0,1,roc_auc,train,0.9741782006920415
unsup2sup,BBBP,classification,0.25,25,408,0,1,nef1,test,0.3333333333333333
unsup2sup,BBBP,classification,0.25,25,408,0,2,roc_auc,test,0.6358030638789864
unsup2sup,BBBP,classification,0.25,25,408,0,2,roc_auc,train,0.9828287197231833
unsup2sup,BBBP,classification,0.25,25,408,0,2,nef1,test,0.6666666666666666
unsup2sup,BBBP,classification,0.25,25,408,1,0,roc_auc,test,0.6743424221986704
unsup2sup,BBBP,classification,0.25,25,408,1,0,roc_auc,train,0.9909474206349207
unsup2sup,BBBP,classification,0.25,25,408,1,0,nef1,test,1.0
unsup2sup,BBBP,classification,0.25,25,408,1,1,roc_auc,test,0.6555544850178243
unsup2sup,BBBP,classification,0.25,25,408,1,1,roc_auc,train,0.9751984126984128
unsup2sup,BBBP,classification,0.25,25,408,1,1,nef1,test,0.3333333333333333
unsup2sup,BBBP,classification,0.25,25,408,1,2,roc_auc,test,0.6622988727237691
unsup2sup,BBBP,classification,0.25,25,408,1,2,roc_auc,train,0.9842509920634921
unsup2sup,BBBP,classification,0.25,25,408,1,2,nef1,test,0.6666666666666666
unsup2sup,BBBP,classification,0.25,25,408,2,0,roc_auc,test,0.6258791791116679
unsup2sup,BBBP,classification,0.25,25,408,2,0,roc_auc,train,0.9646787506068943
unsup2sup,BBBP,classification,0.25,25,408,2,0,nef1,test,0.3333333333333333
unsup2sup,BBBP,classification,0.25,25,408,2,1,roc_auc,test,0.6437036323345218
unsup2sup,BBBP,classification,0.25,25,408,2,1,roc_auc,train,0.9725279171386955
unsup2sup,BBBP,classification,0.25,25,408,2,1,nef1,test,0.3333333333333333
unsup2sup,BBBP,classification,0.25,25,408,2,2,roc_auc,test,0.6382117737739668
unsup2sup,BBBP,classification,0.25,25,408,2,2,roc_auc,train,0.9702621783460107
unsup2sup,BBBP,classification,0.25,25,408,2,2,nef1,test,0.3333333333333333
unsup2sup,BBBP,classification,0.5,50,816,0,0,roc_auc,test,0.6986222179400713
unsup2sup,BBBP,classification,0.5,50,816,0,0,roc_auc,train,0.9911776732774484
unsup2sup,BBBP,classification,0.5,50,816,0,0,nef1,test,0.6666666666666666
unsup2sup,BBBP,classification,0.5,50,816,0,1,roc_auc,test,0.692070527025725
unsup2sup,BBBP,classification,0.5,50,816,0,1,roc_auc,train,0.9787057861378041
unsup2sup,BBBP,classification,0.5,50,816,0,1,nef1,test,1.0
unsup2sup,BBBP,classification,0.5,50,816,0,2,roc_auc,test,0.675113209365064
unsup2sup,BBBP,classification,0.5,50,816,0,2,roc_auc,train,0.9652218360253526
unsup2sup,BBBP,classification,0.5,50,816,0,2,nef1,test,0.6666666666666666
unsup2sup,BBBP,classification,0.5,50,816,1,0,roc_auc,test,0.6766547836978515
unsup2sup,BBBP,classification,0.5,50,816,1,0,roc_auc,train,0.97122154273087
unsup2sup,BBBP,classification,0.5,50,816,1,0,nef1,test,1.0
unsup2sup,BBBP,classification,0.5,50,816,1,1,roc_auc,test,0.7121109933519606
unsup2sup,BBBP,classification,0.5,50,816,1,1,roc_auc,train,0.9822704147181253
unsup2sup,BBBP,classification,0.5,50,816,1,1,nef1,test,1.0
unsup2sup,BBBP,classification,0.5,50,816,1,2,roc_auc,test,0.676462086906253
unsup2sup,BBBP,classification,0.5,50,816,1,2,roc_auc,train,0.9699059561128528
unsup2sup,BBBP,classification,0.5,50,816,1,2,nef1,test,1.0
unsup2sup,BBBP,classification,0.5,50,816,2,0,roc_auc,test,0.6364775026495809
unsup2sup,BBBP,classification,0.5,50,816,2,0,roc_auc,train,0.9696439516353709
unsup2sup,BBBP,classification,0.5,50,816,2,0,nef1,test,0.6666666666666666
unsup2sup,BBBP,classification,0.5,50,816,2,1,roc_auc,test,0.6265536178822622
unsup2sup,BBBP,classification,0.5,50,816,2,1,roc_auc,train,0.9540981779684627
unsup2sup,BBBP,classification,0.5,50,816,2,1,nef1,test,0.3333333333333333
unsup2sup,BBBP,classification,0.5,50,816,2,2,roc_auc,test,0.6859042296945757
unsup2sup,BBBP,classification,0.5,50,816,2,2,roc_auc,train,0.9821362901877752
unsup2sup,BBBP,classification,0.5,50,816,2,2,nef1,test,0.6666666666666666
unsup2sup,BBBP,classification,1.0,100,1631,0,0,roc_auc,test,0.6622025243279699
unsup2sup,BBBP,classification,1.0,100,1631,0,0,roc_auc,train,0.9603383990331456
unsup2sup,BBBP,classification,1.0,100,1631,0,0,nef1,test,0.6666666666666666
unsup2sup,BBBP,classification,1.0,100,1631,0,1,roc_auc,test,0.7073899219577995
unsup2sup,BBBP,classification,1.0,100,1631,0,1,roc_auc,train,0.9759469258659261
unsup2sup,BBBP,classification,1.0,100,1631,0,1,nef1,test,0.6666666666666666
unsup2sup,BBBP,classification,1.0,100,1631,0,2,roc_auc,test,0.6696213508045091
unsup2sup,BBBP,classification,1.0,100,1631,0,2,roc_auc,train,0.9591195453727275
unsup2sup,BBBP,classification,1.0,100,1631,0,2,nef1,test,0.6666666666666666
unsup2sup,BACE,classification,0.05,5,60,0,0,roc_auc,test,0.7347826086956523
unsup2sup,BACE,classification,0.05,5,60,0,0,roc_auc,train,0.8404977375565611
unsup2sup,BACE,classification,0.05,5,60,0,0,nef1,test,1.0
unsup2sup,BACE,classification,0.05,5,60,0,1,roc_auc,test,0.7708333333333334
unsup2sup,BACE,classification,0.05,5,60,0,1,roc_auc,train,0.8563348416289592
unsup2sup,BACE,classification,0.05,5,60,0,1,nef1,test,1.0
unsup2sup,BACE,classification,0.05,5,60,0,2,roc_auc,test,0.7565217391304347
unsup2sup,BACE,classification,0.05,5,60,0,2,roc_auc,train,0.8506787330316742
unsup2sup,BACE,classification,0.05,5,60,0,2,nef1,test,1.0
unsup2sup,BACE,classification,0.05,5,60,1,0,roc_auc,test,0.6793478260869567
unsup2sup,BACE,classification,0.05,5,60,1,0,roc_auc,train,0.8844672657252888
unsup2sup,BACE,classification,0.05,5,60,1,0,nef1,test,0.5
unsup2sup,BACE,classification,0.05,5,60,1,1,roc_auc,test,0.7101449275362318
unsup2sup,BACE,classification,0.05,5,60,1,1,roc_auc,train,0.8677792041078305
unsup2sup,BACE,classification,0.05,5,60,1,1,nef1,test,1.0
unsup2sup,BACE,classification,0.05,5,60,1,2,roc_auc,test,0.6480072463768116
unsup2sup,BACE,classification,0.05,5,60,1,2,roc_auc,train,0.8754813863928114
unsup2sup,BACE,classification,0.05,5,60,1,2,nef1,test,1.0
unsup2sup,BACE,classification,0.05,5,60,2,0,roc_auc,test,0.7327898550724637
unsup2sup,BACE,classification,0.05,5,60,2,0,roc_auc,train,0.8880000000000001
unsup2sup,BACE,classification,0.05,5,60,2,0,nef1,test,1.0
unsup2sup,BACE,classification,0.05,5,60,2,1,roc_auc,test,0.7634057971014494
unsup2sup,BACE,classification,0.05,5,60,2,1,roc_auc,train,0.9028571428571429
unsup2sup,BACE,classification,0.05,5,60,2,1,nef1,test,1.0
unsup2sup,BACE,classification,0.05,5,60,2,2,roc_auc,test,0.7416666666666666
unsup2sup,BACE,classification,0.05,5,60,2,2,roc_auc,train,0.9085714285714286
unsup2sup,BACE,classification,0.05,5,60,2,2,nef1,test,1.0
unsup2sup,BACE,classification,0.1,10,121,0,0,roc_auc,test,0.7322463768115942
unsup2sup,BACE,classification,0.1,10,121,0,0,roc_auc,train,0.8570234113712374
unsup2sup,BACE,classification,0.1,10,121,0,0,nef1,test,0.5
unsup2sup,BACE,classification,0.1,10,121,0,1,roc_auc,test,0.7739130434782608
unsup2sup,BACE,classification,0.1,10,121,0,1,roc_auc,train,0.8648272017837235
unsup2sup,BACE,classification,0.1,10,121,0,1,nef1,test,0.5
unsup2sup,BACE,classification,0.1,10,121,0,2,roc_auc,test,0.7568840579710144
unsup2sup,BACE,classification,0.1,10,121,0,2,roc_auc,train,0.8433667781493869
unsup2sup,BACE,classification,0.1,10,121,0,2,nef1,test,0.5
unsup2sup,BACE,classification,0.1,10,121,1,0,roc_auc,test,0.741304347826087
unsup2sup,BACE,classification,0.1,10,121,1,0,roc_auc,train,0.9175027870680044
unsup2sup,BACE,classification,0.1,10,121,1,0,nef1,test,1.0
unsup2sup,BACE,classification,0.1,10,121,1,1,roc_auc,test,0.7679347826086956
unsup2sup,BACE,classification,0.1,10,121,1,1,roc_auc,train,0.8545150501672241
unsup2sup,BACE,classification,0.1,10,121,1,1,nef1,test,1.0
unsup2sup,BACE,classification,0.1,10,121,1,2,roc_auc,test,0.7606884057971014
unsup2sup,BACE,classification,0.1,10,121,1,2,roc_auc,train,0.8586956521739131
unsup2sup,BACE,classification,0.1,10,121,1,2,nef1,test,1.0
unsup2sup,BACE,classification,0.1,10,121,2,0,roc_auc,test,0.7420289855072464
unsup2sup,BACE,classification,0.1,10,121,2,0,roc_auc,train,0.8323943661971831
unsup2sup,BACE,classification,0.1,10,121,2,0,nef1,test,1.0
unsup2sup,BACE,classification,0.1,10,121,2,1,roc_auc,test,0.7503623188405797
unsup2sup,BACE,classification,0.1,10,121,2,1,roc_auc,train,0.9064788732394367
unsup2sup,BACE,classification,0.1,10,121,2,1,nef1,test,1.0
unsup2sup,BACE,classification,0.1,10,121,2,2,roc_auc,test,0.7817028985507246
unsup2sup,BACE,classification,0.1,10,121,2,2,roc_auc,train,0.8932394366197184
unsup2sup,BACE,classification,0.1,10,121,2,2,nef1,test,1.0
unsup2sup,BACE,classification,0.25,25,302,0,0,roc_auc,test,0.7565217391304349
unsup2sup,BACE,classification,0.25,25,302,0,0,roc_auc,train,0.8544261416901031
unsup2sup,BACE,classification,0.25,25,302,0,0,nef1,test,0.5
unsup2sup,BACE,classification,0.25,25,302,0,1,roc_auc,test,0.7672101449275361
unsup2sup,BACE,classification,0.25,25,302,0,1,roc_auc,train,0.9396009106736306
unsup2sup,BACE,classification,0.25,25,302,0,1,nef1,test,1.0
unsup2sup,BACE,classification,0.25,25,302,0,2,roc_auc,test,0.7764492753623189
unsup2sup,BACE,classification,0.25,25,302,0,2,roc_auc,train,0.9518771483415919
unsup2sup,BACE,classification,0.25,25,302,0,2,nef1,test,1.0
unsup2sup,BACE,classification,0.25,25,302,1,0,roc_auc,test,0.7981884057971015
unsup2sup,BACE,classification,0.25,25,302,1,0,roc_auc,train,0.924408014571949
unsup2sup,BACE,classification,0.25,25,302,1,0,nef1,test,1.0
unsup2sup,BACE,classification,0.25,25,302,1,1,roc_auc,test,0.8016304347826088
unsup2sup,BACE,classification,0.25,25,302,1,1,roc_auc,train,0.937112932604736
unsup2sup,BACE,classification,0.25,25,302,1,1,nef1,test,1.0
unsup2sup,BACE,classification,0.25,25,302,1,2,roc_auc,test,0.8083333333333333
unsup2sup,BACE,classification,0.25,25,302,1,2,roc_auc,train,0.9126138433515482
unsup2sup,BACE,classification,0.25,25,302,1,2,nef1,test,1.0
unsup2sup,BACE,classification,0.25,25,302,2,0,roc_auc,test,0.7842391304347827
unsup2sup,BACE,classification,0.25,25,302,2,0,roc_auc,train,0.9642873642873642
unsup2sup,BACE,classification,0.25,25,302,2,0,nef1,test,0.5
unsup2sup,BACE,classification,0.25,25,302,2,1,roc_auc,test,0.7771739130434782
unsup2sup,BACE,classification,0.25,25,302,2,1,roc_auc,train,0.9424347424347425
unsup2sup,BACE,classification,0.25,25,302,2,1,nef1,test,1.0
unsup2sup,BACE,classification,0.25,25,302,2,2,roc_auc,test,0.7751811594202899
unsup2sup,BACE,classification,0.25,25,302,2,2,roc_auc,train,0.9737121737121737
unsup2sup,BACE,classification,0.25,25,302,2,2,nef1,test,1.0
unsup2sup,BACE,classification,0.5,50,605,0,0,roc_auc,test,0.8099637681159421
unsup2sup,BACE,classification,0.5,50,605,0,0,roc_auc,train,0.9262897620956964
unsup2sup,BACE,classification,0.5,50,605,0,0,nef1,test,1.0
unsup2sup,BACE,classification,0.5,50,605,0,1,roc_auc,test,0.8150362318840579
unsup2sup,BACE,classification,0.5,50,605,0,1,roc_auc,train,0.9304219014523746
unsup2sup,BACE,classification,0.5,50,605,0,1,nef1,test,1.0
unsup2sup,BACE,classification,0.5,50,605,0,2,roc_auc,test,0.8072463768115942
unsup2sup,BACE,classification,0.5,50,605,0,2,roc_auc,train,0.9248084291187739
unsup2sup,BACE,classification,0.5,50,605,0,2,nef1,test,1.0
unsup2sup,BACE,classification,0.5,50,605,1,0,roc_auc,test,0.802355072463768
unsup2sup,BACE,classification,0.5,50,605,1,0,roc_auc,train,0.919020715630885
unsup2sup,BACE,classification,0.5,50,605,1,0,nef1,test,1.0
unsup2sup,BACE,classification,0.5,50,605,1,1,roc_auc,test,0.7902173913043479
unsup2sup,BACE,classification,0.5,50,605,1,1,roc_auc,train,0.9304005328188876
unsup2sup,BACE,classification,0.5,50,605,1,1,nef1,test,1.0
unsup2sup,BACE,classification,0.5,50,605,1,2,roc_auc,test,0.8170289855072462
unsup2sup,BACE,classification,0.5,50,605,1,2,roc_auc,train,0.9112580956318038
unsup2sup,BACE,classification,0.5,50,605,1,2,nef1,test,1.0
unsup2sup,BACE,classification,0.5,50,605,2,0,roc_auc,test,0.7911231884057971
unsup2sup,BACE,classification,0.5,50,605,2,0,roc_auc,train,0.9127351218008017
unsup2sup,BACE,classification,0.5,50,605,2,0,nef1,test,0.5
unsup2sup,BACE,classification,0.5,50,605,2,1,roc_auc,test,0.7907608695652174
unsup2sup,BACE,classification,0.5,50,605,2,1,roc_auc,train,0.9244306418219461
unsup2sup,BACE,classification,0.5,50,605,2,1,nef1,test,0.5
unsup2sup,BACE,classification,0.5,50,605,2,2,roc_auc,test,0.7929347826086957
unsup2sup,BACE,classification,0.5,50,605,2,2,roc_auc,train,0.9356085634994052
unsup2sup,BACE,classification,0.5,50,605,2,2,nef1,test,0.5
unsup2sup,BACE,classification,1.0,100,1210,0,0,roc_auc,test,0.801268115942029
unsup2sup,BACE,classification,1.0,100,1210,0,0,roc_auc,train,0.9271383669763219
unsup2sup,BACE,classification,1.0,100,1210,0,0,nef1,test,0.5
unsup2sup,BACE,classification,1.0,100,1210,0,1,roc_auc,test,0.7981884057971014
unsup2sup,BACE,classification,1.0,100,1210,0,1,roc_auc,train,0.9461255849689181
unsup2sup,BACE,classification,1.0,100,1210,0,1,nef1,test,0.5
unsup2sup,BACE,classification,1.0,100,1210,0,2,roc_auc,test,0.7934782608695652
unsup2sup,BACE,classification,1.0,100,1210,0,2,roc_auc,train,0.9533142418104351
unsup2sup,BACE,classification,1.0,100,1210,0,2,nef1,test,0.5
unsup2sup,Tox21,classification,0.05,5,313,0,0,roc_auc,test,0.6433881081535958
unsup2sup,Tox21,classification,0.05,5,313,0,0,roc_auc,train,0.9444901065887025
unsup2sup,Tox21,classification,0.05,5,313,0,0,nef1,test,0.2380952380952381
unsup2sup,Tox21,classification,0.05,5,313,0,1,roc_auc,test,0.6409322073070696
unsup2sup,Tox21,classification,0.05,5,313,0,1,roc_auc,train,0.9617662907363758
unsup2sup,Tox21,classification,0.05,5,313,0,1,nef1,test,0.2351190476190476
unsup2sup,Tox21,classification,0.05,5,313,0,2,roc_auc,test,0.6291910008815819
unsup2sup,Tox21,classification,0.05,5,313,0,2,roc_auc,train,0.9565922426758954
unsup2sup,Tox21,classification,0.05,5,313,0,2,nef1,test,0.2121031746031746
unsup2sup,Tox21,classification,0.05,5,313,1,0,roc_auc,test,0.6456763908146229
unsup2sup,Tox21,classification,0.05,5,313,1,0,roc_auc,train,0.9175190645744422
unsup2sup,Tox21,classification,0.05,5,313,1,0,nef1,test,0.3152777777777777
unsup2sup,Tox21,classification,0.05,5,313,1,1,roc_auc,test,0.6433573413936494
unsup2sup,Tox21,classification,0.05,5,313,1,1,roc_auc,train,0.9286737250956771
unsup2sup,Tox21,classification,0.05,5,313,1,1,nef1,test,0.23591269841269838
unsup2sup,Tox21,classification,0.05,5,313,1,2,roc_auc,test,0.6405046569730356
unsup2sup,Tox21,classification,0.05,5,313,1,2,roc_auc,train,0.916107610615656
unsup2sup,Tox21,classification,0.05,5,313,1,2,nef1,test,0.25496031746031744
unsup2sup,Tox21,classification,0.05,5,313,2,0,roc_auc,test,0.6664474207327563
unsup2sup,Tox21,classification,0.05,5,313,2,0,roc_auc,train,0.9571560862674272
unsup2sup,Tox21,classification,0.05,5,313,2,0,nef1,test,0.36220238095238094
unsup2sup,Tox21,classification,0.05,5,313,2,1,roc_auc,test,0.6614510404381327
unsup2sup,Tox21,classification,0.05,5,313,2,1,roc_auc,train,0.9554740777090399
unsup2sup,Tox21,classification,0.05,5,313,2,1,nef1,test,0.37281746031746027
unsup2sup,Tox21,classification,0.05,5,313,2,2,roc_auc,test,0.6538849424634693
unsup2sup,Tox21,classification,0.05,5,313,2,2,roc_auc,train,0.95235433866821
unsup2sup,Tox21,classification,0.05,5,313,2,2,nef1,test,0.3728174603174603
unsup2sup,Tox21,classification,0.1,10,626,0,0,roc_auc,test,0.6678062697635392
unsup2sup,Tox21,classification,0.1,10,626,0,0,roc_auc,train,0.899011405295742
unsup2sup,Tox21,classification,0.1,10,626,0,0,nef1,test,0.3357142857142857
unsup2sup,Tox21,classification,0.1,10,626,0,1,roc_auc,test,0.6682532905206305
unsup2sup,Tox21,classification,0.1,10,626,0,1,roc_auc,train,0.9215020692064398
unsup2sup,Tox21,classification,0.1,10,626,0,1,nef1,test,0.3510912698412698
unsup2sup,Tox21,classification,0.1,10,626,0,2,roc_auc,test,0.6508958454895716
unsup2sup,Tox21,classification,0.1,10,626,0,2,roc_auc,train,0.8809011747208566
unsup2sup,Tox21,classification,0.1,10,626,0,2,nef1,test,0.2618055555555555
unsup2sup,Tox21,classification,0.1,10,626,1,0,roc_auc,test,0.675378350246748
unsup2sup,Tox21,classification,0.1,10,626,1,0,roc_auc,train,0.918502628095006
unsup2sup,Tox21,classification,0.1,10,626,1,0,nef1,test,0.3502976190476191
unsup2sup,Tox21,classification,0.1,10,626,1,1,roc_auc,test,0.6636110363889495
unsup2sup,Tox21,classification,0.1,10,626,1,1,roc_auc,train,0.8996115554462406
unsup2sup,Tox21,classification,0.1,10,626,1,1,nef1,test,0.2856150793650793
unsup2sup,Tox21,classification,0.1,10,626,1,2,roc_auc,test,0.6704395210712795
unsup2sup,Tox21,classification,0.1,10,626,1,2,roc_auc,train,0.9070397494385379
unsup2sup,Tox21,classification,0.1,10,626,1,2,nef1,test,0.3205357142857142
unsup2sup,Tox21,classification,0.1,10,626,2,0,roc_auc,test,0.6362872934645186
unsup2sup,Tox21,classification,0.1,10,626,2,0,roc_auc,train,0.8535305163896657
unsup2sup,Tox21,classification,0.1,10,626,2,0,nef1,test,0.239484126984127
unsup2sup,Tox21,classification,0.1,10,626,2,1,roc_auc,test,0.6407095386874316
unsup2sup,Tox21,classification,0.1,10,626,2,1,roc_auc,train,0.8835644131723238
unsup2sup,Tox21,classification,0.1,10,626,2,1,nef1,test,0.3148809523809523
unsup2sup,Tox21,classification,0.1,10,626,2,2,roc_auc,test,0.6234611494448657
unsup2sup,Tox21,classification,0.1,10,626,2,2,roc_auc,train,0.8491486811596234
unsup2sup,Tox21,classification,0.1,10,626,2,2,nef1,test,0.2863095238095238
unsup2sup,Tox21,classification,0.25,25,1564,0,0,roc_auc,test,0.705544564152123
unsup2sup,Tox21,classification,0.25,25,1564,0,0,roc_auc,train,0.8869932273617369
unsup2sup,Tox21,classification,0.25,25,1564,0,0,nef1,test,0.3907738095238095
unsup2sup,Tox21,classification,0.25,25,1564,0,1,roc_auc,test,0.691547489835331
unsup2sup,Tox21,classification,0.25,25,1564,0,1,roc_auc,train,0.8619446044916318
unsup2sup,Tox21,classification,0.25,25,1564,0,1,nef1,test,0.4292658730158731
unsup2sup,Tox21,classification,0.25,25,1564,0,2,roc_auc,test,0.7012899566531599
unsup2sup,Tox21,classification,0.25,25,1564,0,2,roc_auc,train,0.9038014328050203
unsup2sup,Tox21,classification,0.25,25,1564,0,2,nef1,test,0.4173611111111111
unsup2sup,Tox21,classification,0.25,25,1564,1,0,roc_auc,test,0.7024117667705324
unsup2sup,Tox21,classification,0.25,25,1564,1,0,roc_auc,train,0.9053100690261678
unsup2sup,Tox21,classification,0.25,25,1564,1,0,nef1,test,0.4237103174603174
unsup2sup,Tox21,classification,0.25,25,1564,1,1,roc_auc,test,0.6994233451116503
unsup2sup,Tox21,classification,0.25,25,1564,1,1,roc_auc,train,0.8885504882052957
unsup2sup,Tox21,classification,0.25,25,1564,1,1,nef1,test,0.383234126984127
unsup2sup,Tox21,classification,0.25,25,1564,1,2,roc_auc,test,0.6966905663096998
unsup2sup,Tox21,classification,0.25,25,1564,1,2,roc_auc,train,0.8663632768202895
unsup2sup,Tox21,classification,0.25,25,1564,1,2,nef1,test,0.37291666666666673
unsup2sup,Tox21,classification,0.25,25,1564,2,0,roc_auc,test,0.6876983320591771
unsup2sup,Tox21,classification,0.25,25,1564,2,0,roc_auc,train,0.9128562461321347
unsup2sup,Tox21,classification,0.25,25,1564,2,0,nef1,test,0.3749007936507937
unsup2sup,Tox21,classification,0.25,25,1564,2,1,roc_auc,test,0.6914355164001607
unsup2sup,Tox21,classification,0.25,25,1564,2,1,roc_auc,train,0.9013665642919112
unsup2sup,Tox21,classification,0.25,25,1564,2,1,nef1,test,0.40545634920634926
unsup2sup,Tox21,classification,0.25,25,1564,2,2,roc_auc,test,0.6927755799729908
unsup2sup,Tox21,classification,0.25,25,1564,2,2,roc_auc,train,0.884832761149791
unsup2sup,Tox21,classification,0.25,25,1564,2,2,nef1,test,0.38878968253968255
unsup2sup,Tox21,classification,0.5,50,3129,0,0,roc_auc,test,0.7175091881760859
unsup2sup,Tox21,classification,0.5,50,3129,0,0,roc_auc,train,0.8768379027262596
unsup2sup,Tox21,classification,0.5,50,3129,0,0,nef1,test,0.4150793650793651
unsup2sup,Tox21,classification,0.5,50,3129,0,1,roc_auc,test,0.7089753496537186
unsup2sup,Tox21,classification,0.5,50,3129,0,1,roc_auc,train,0.8738163971556919
unsup2sup,Tox21,classification,0.5,50,3129,0,1,nef1,test,0.41031746031746036
unsup2sup,Tox21,classification,0.5,50,3129,0,2,roc_auc,test,0.717184470318795
unsup2sup,Tox21,classification,0.5,50,3129,0,2,roc_auc,train,0.8942631531914697
unsup2sup,Tox21,classification,0.5,50,3129,0,2,nef1,test,0.3694444444444444
unsup2sup,Tox21,classification,0.5,50,3129,1,0,roc_auc,test,0.716970274562037
unsup2sup,Tox21,classification,0.5,50,3129,1,0,roc_auc,train,0.8861453758907905
unsup2sup,Tox21,classification,0.5,50,3129,1,0,nef1,test,0.454265873015873
unsup2sup,Tox21,classification,0.5,50,3129,1,1,roc_auc,test,0.7136020108788493
unsup2sup,Tox21,classification,0.5,50,3129,1,1,roc_auc,train,0.8956364311286772
unsup2sup,Tox21,classification,0.5,50,3129,1,1,nef1,test,0.4808531746031747
unsup2sup,Tox21,classification,0.5,50,3129,1,2,roc_auc,test,0.719869820038972
unsup2sup,Tox21,classification,0.5,50,3129,1,2,roc_auc,train,0.8858015296675066
unsup2sup,Tox21,classification,0.5,50,3129,1,2,nef1,test,0.4959325396825398
unsup2sup,Tox21,classification,0.5,50,3129,2,0,roc_auc,test,0.7103007185191771
unsup2sup,Tox21,classification,0.5,50,3129,2,0,roc_auc,train,0.8967745834729745
unsup2sup,Tox21,classification,0.5,50,3129,2,0,nef1,test,0.44037698412698423
unsup2sup,Tox21,classification,0.5,50,3129,2,1,roc_auc,test,0.713459499328463
unsup2sup,Tox21,classification,0.5,50,3129,2,1,roc_auc,train,0.8901463374078968
unsup2sup,Tox21,classification,0.5,50,3129,2,1,nef1,test,0.4828373015873017
unsup2sup,Tox21,classification,0.5,50,3129,2,2,roc_auc,test,0.7086117341144392
unsup2sup,Tox21,classification,0.5,50,3129,2,2,roc_auc,train,0.8880167926356063
unsup2sup,Tox21,classification,0.5,50,3129,2,2,nef1,test,0.4681547619047619
unsup2sup,Tox21,classification,1.0,100,6258,0,0,roc_auc,test,0.7161688251657843
unsup2sup,Tox21,classification,1.0,100,6258,0,0,roc_auc,train,0.8988654508367575
unsup2sup,Tox21,classification,1.0,100,6258,0,0,nef1,test,0.5336309523809525
unsup2sup,Tox21,classification,1.0,100,6258,0,1,roc_auc,test,0.7272885173146847
unsup2sup,Tox21,classification,1.0,100,6258,0,1,roc_auc,train,0.8829141458284799
unsup2sup,Tox21,classification,1.0,100,6258,0,1,nef1,test,0.4828373015873016
unsup2sup,Tox21,classification,1.0,100,6258,0,2,roc_auc,test,0.7173242749976708
unsup2sup,Tox21,classification,1.0,100,6258,0,2,roc_auc,train,0.901224372988448
unsup2sup,Tox21,classification,1.0,100,6258,0,2,nef1,test,0.5852182539682541
unsup2sup,HIV,classification,0.05,5,1645,0,0,roc_auc,test,0.6976548313564889
unsup2sup,HIV,classification,0.05,5,1645,0,0,roc_auc,train,0.9529256900212315
unsup2sup,HIV,classification,0.05,5,1645,0,0,nef1,test,0.19047619047619047
unsup2sup,HIV,classification,0.05,5,1645,0,1,roc_auc,test,0.7002723795541476
unsup2sup,HIV,classification,0.05,5,1645,0,1,roc_auc,train,0.9637367303609342
unsup2sup,HIV,classification,0.05,5,1645,0,1,nef1,test,0.21428571428571427
unsup2sup,HIV,classification,0.05,5,1645,0,2,roc_auc,test,0.6831491712707183
unsup2sup,HIV,classification,0.05,5,1645,0,2,roc_auc,train,0.8749723991507432
unsup2sup,HIV,classification,0.05,5,1645,0,2,nef1,test,0.2619047619047619
unsup2sup,HIV,classification,0.05,5,1645,1,0,roc_auc,test,0.6137059073523161
unsup2sup,HIV,classification,0.05,5,1645,1,0,roc_auc,train,0.9482754994742376
unsup2sup,HIV,classification,0.05,5,1645,1,0,nef1,test,0.5
unsup2sup,HIV,classification,0.05,5,1645,1,1,roc_auc,test,0.5868910095429433
unsup2sup,HIV,classification,0.05,5,1645,1,1,roc_auc,train,0.9521451104100945
unsup2sup,HIV,classification,0.05,5,1645,1,1,nef1,test,0.4523809523809524
unsup2sup,HIV,classification,0.05,5,1645,1,2,roc_auc,test,0.6758161727774987
unsup2sup,HIV,classification,0.05,5,1645,1,2,roc_auc,train,0.9131545741324921
unsup2sup,HIV,classification,0.05,5,1645,1,2,nef1,test,0.5714285714285714
unsup2sup,HIV,classification,0.05,5,1645,2,0,roc_auc,test,0.6169184406753466
unsup2sup,HIV,classification,0.05,5,1645,2,0,roc_auc,train,0.9521324245374878
unsup2sup,HIV,classification,0.05,5,1645,2,0,nef1,test,0.5476190476190477
unsup2sup,HIV,classification,0.05,5,1645,2,1,roc_auc,test,0.5748773326121392
unsup2sup,HIV,classification,0.05,5,1645,2,1,roc_auc,train,0.8764070107108082
unsup2sup,HIV,classification,0.05,5,1645,2,1,nef1,test,0.5238095238095238
unsup2sup,HIV,classification,0.05,5,1645,2,2,roc_auc,test,0.6422323532820771
unsup2sup,HIV,classification,0.05,5,1645,2,2,roc_auc,train,0.8881207400194743
unsup2sup,HIV,classification,0.05,5,1645,2,2,nef1,test,0.5714285714285714
unsup2sup,HIV,classification,0.1,10,3290,0,0,roc_auc,test,0.7174574044739791
unsup2sup,HIV,classification,0.1,10,3290,0,0,roc_auc,train,0.9305915245874677
unsup2sup,HIV,classification,0.1,10,3290,0,0,nef1,test,0.5476190476190477
unsup2sup,HIV,classification,0.1,10,3290,0,1,roc_auc,test,0.7172932040335356
unsup2sup,HIV,classification,0.1,10,3290,0,1,roc_auc,train,0.959480291650677
unsup2sup,HIV,classification,0.1,10,3290,0,1,nef1,test,0.5
unsup2sup,HIV,classification,0.1,10,3290,0,2,roc_auc,test,0.6827724761426419
unsup2sup,HIV,classification,0.1,10,3290,0,2,roc_auc,train,0.9501518557096651
unsup2sup,HIV,classification,0.1,10,3290,0,2,nef1,test,0.23809523809523808
unsup2sup,HIV,classification,0.1,10,3290,1,0,roc_auc,test,0.6561159834640496
unsup2sup,HIV,classification,0.1,10,3290,1,0,roc_auc,train,0.8765252421758569
unsup2sup,HIV,classification,0.1,10,3290,1,0,nef1,test,0.4523809523809524
unsup2sup,HIV,classification,0.1,10,3290,1,1,roc_auc,test,0.6824402117219797
unsup2sup,HIV,classification,0.1,10,3290,1,1,roc_auc,train,0.8998592482199039
unsup2sup,HIV,classification,0.1,10,3290,1,1,nef1,test,0.5238095238095238
unsup2sup,HIV,classification,0.1,10,3290,1,2,roc_auc,test,0.6668624193486071
unsup2sup,HIV,classification,0.1,10,3290,1,2,roc_auc,train,0.9431869928796158
unsup2sup,HIV,classification,0.1,10,3290,1,2,nef1,test,0.5476190476190477
unsup2sup,HIV,classification,0.1,10,3290,2,0,roc_auc,test,0.6935536838851757
unsup2sup,HIV,classification,0.1,10,3290,2,0,roc_auc,train,0.8824447949526812
unsup2sup,HIV,classification,0.1,10,3290,2,0,nef1,test,0.5476190476190477
unsup2sup,HIV,classification,0.1,10,3290,2,1,roc_auc,test,0.7061691071359579
unsup2sup,HIV,classification,0.1,10,3290,2,1,roc_auc,train,0.9617192429022082
unsup2sup,HIV,classification,0.1,10,3290,2,1,nef1,test,0.5238095238095238
unsup2sup,HIV,classification,0.1,10,3290,2,2,roc_auc,test,0.6996117142525982
unsup2sup,HIV,classification,0.1,10,3290,2,2,roc_auc,train,0.9256572029442691
unsup2sup,HIV,classification,0.1,10,3290,2,2,nef1,test,0.4523809523809524
unsup2sup,HIV,classification,0.25,25,8224,0,0,roc_auc,test,0.7273635204574431
unsup2sup,HIV,classification,0.25,25,8224,0,0,roc_auc,train,0.9096805398806919
unsup2sup,HIV,classification,0.25,25,8224,0,0,nef1,test,0.5952380952380952
unsup2sup,HIV,classification,0.25,25,8224,0,1,roc_auc,test,0.7315863694316732
unsup2sup,HIV,classification,0.25,25,8224,0,1,roc_auc,train,0.8967224819771058
unsup2sup,HIV,classification,0.25,25,8224,0,1,nef1,test,0.40476190476190477
unsup2sup,HIV,classification,0.25,25,8224,0,2,roc_auc,test,0.7230518100683847
unsup2sup,HIV,classification,0.25,25,8224,0,2,roc_auc,train,0.9586559796086018
unsup2sup,HIV,classification,0.25,25,8224,0,2,nef1,test,0.5
unsup2sup,HIV,classification,0.25,25,8224,1,0,roc_auc,test,0.7035718425221188
unsup2sup,HIV,classification,0.25,25,8224,1,0,roc_auc,train,0.9004186327030191
unsup2sup,HIV,classification,0.25,25,8224,1,0,nef1,test,0.6428571428571429
unsup2sup,HIV,classification,0.25,25,8224,1,1,roc_auc,test,0.7275006761194607
unsup2sup,HIV,classification,0.25,25,8224,1,1,roc_auc,train,0.9338037038351013
unsup2sup,HIV,classification,0.25,25,8224,1,1,nef1,test,0.5952380952380952
unsup2sup,HIV,classification,0.25,25,8224,1,2,roc_auc,test,0.7168141251014178
unsup2sup,HIV,classification,0.25,25,8224,1,2,roc_auc,train,0.9358813460105722
unsup2sup,HIV,classification,0.25,25,8224,1,2,nef1,test,0.5714285714285714
unsup2sup,HIV,classification,0.25,25,8224,2,0,roc_auc,test,0.748419812231967
unsup2sup,HIV,classification,0.25,25,8224,2,0,roc_auc,train,0.8874744356126899
unsup2sup,HIV,classification,0.25,25,8224,2,0,nef1,test,0.6666666666666666
unsup2sup,HIV,classification,0.25,25,8224,2,1,roc_auc,test,0.7633176216049146
unsup2sup,HIV,classification,0.25,25,8224,2,1,roc_auc,train,0.9169184332997555
unsup2sup,HIV,classification,0.25,25,8224,2,1,nef1,test,0.5476190476190477
unsup2sup,HIV,classification,0.25,25,8224,2,2,roc_auc,test,0.7537978595989646
unsup2sup,HIV,classification,0.25,25,8224,2,2,roc_auc,train,0.9012927158410414
unsup2sup,HIV,classification,0.25,25,8224,2,2,nef1,test,0.6190476190476191
unsup2sup,HIV,classification,0.5,50,16448,0,0,roc_auc,test,0.7314241007611174
unsup2sup,HIV,classification,0.5,50,16448,0,0,roc_auc,train,0.9071562870377903
unsup2sup,HIV,classification,0.5,50,16448,0,0,nef1,test,0.6428571428571429
unsup2sup,HIV,classification,0.5,50,16448,0,1,roc_auc,test,0.719016342773249
unsup2sup,HIV,classification,0.5,50,16448,0,1,roc_auc,train,0.9403061584006964
unsup2sup,HIV,classification,0.5,50,16448,0,1,nef1,test,0.6190476190476191
unsup2sup,HIV,classification,0.5,50,16448,0,2,roc_auc,test,0.7197137117026621
unsup2sup,HIV,classification,0.5,50,16448,0,2,roc_auc,train,0.9188489003824385
unsup2sup,HIV,classification,0.5,50,16448,0,2,nef1,test,0.5476190476190477
unsup2sup,HIV,classification,0.5,50,16448,1,0,roc_auc,test,0.7466097438473128
unsup2sup,HIV,classification,0.5,50,16448,1,0,roc_auc,train,0.8791386794314195
unsup2sup,HIV,classification,0.5,50,16448,1,0,nef1,test,0.6666666666666666
unsup2sup,HIV,classification,0.5,50,16448,1,1,roc_auc,test,0.7105107599582737
unsup2sup,HIV,classification,0.5,50,16448,1,1,roc_auc,train,0.8911052062691407
unsup2sup,HIV,classification,0.5,50,16448,1,1,nef1,test,0.5714285714285714
unsup2sup,HIV,classification,0.5,50,16448,1,2,roc_auc,test,0.7436444770698913
unsup2sup,HIV,classification,0.5,50,16448,1,2,roc_auc,train,0.9215054559024114
unsup2sup,HIV,classification,0.5,50,16448,1,2,nef1,test,0.6190476190476191
unsup2sup,HIV,classification,0.5,50,16448,2,0,roc_auc,test,0.7450508055480431
unsup2sup,HIV,classification,0.5,50,16448,2,0,roc_auc,train,0.9096977562707673
unsup2sup,HIV,classification,0.5,50,16448,2,0,nef1,test,0.5952380952380952
unsup2sup,HIV,classification,0.5,50,16448,2,1,roc_auc,test,0.7549530579917321
unsup2sup,HIV,classification,0.5,50,16448,2,1,roc_auc,train,0.9122382934739809
unsup2sup,HIV,classification,0.5,50,16448,2,1,nef1,test,0.5952380952380952
unsup2sup,HIV,classification,0.5,50,16448,2,2,roc_auc,test,0.739143453231851
unsup2sup,HIV,classification,0.5,50,16448,2,2,roc_auc,train,0.9279160211973004
unsup2sup,HIV,classification,0.5,50,16448,2,2,nef1,test,0.4523809523809524
unsup2sup,HIV,classification,1.0,100,32896,0,0,roc_auc,test,0.7265347911756752
unsup2sup,HIV,classification,1.0,100,32896,0,0,roc_auc,train,0.8949613827698955
unsup2sup,HIV,classification,1.0,100,32896,0,0,nef1,test,0.5476190476190477
unsup2sup,HIV,classification,1.0,100,32896,0,1,roc_auc,test,0.7482034540045589
unsup2sup,HIV,classification,1.0,100,32896,0,1,roc_auc,train,0.9207088517296876
unsup2sup,HIV,classification,1.0,100,32896,0,1,nef1,test,0.5714285714285714
unsup2sup,HIV,classification,1.0,100,32896,0,2,roc_auc,test,0.7339701734729359
unsup2sup,HIV,classification,1.0,100,32896,0,2,roc_auc,train,0.925608474001365
unsup2sup,HIV,classification,1.0,100,32896,0,2,nef1,test,0.5238095238095238
