embedding,mode,klass,pair_id,effect,n_live_dims
ECFP4+stereo,stereo_flip,A,stereo_flip_000,0.25228320522940134,2027
ECFP4+stereo,stereo_flip,A,stereo_flip_001,0.7499601878286759,2027
ECFP4+stereo,stereo_flip,A,stereo_flip_002,0.8834168170878822,2027
ECFP4+stereo,stereo_flip,A,stereo_flip_003,0.9129954772977039,2027
ECFP4+stereo,stereo_flip,A,stereo_flip_004,0.584158385208005,2027
ECFP4+stereo,stereo_flip,A,stereo_flip_005,0.8612515797408972,2027
ECFP4+stereo,stereo_flip,A,stereo_flip_006,0.6122573335356117,2027
ECFP4+stereo,stereo_flip,A,stereo_flip_007,0.824150198727444,2027
ECFP4+stereo,stereo_flip,A,stereo_flip_008,0.8127056417887527,2027
ECFP4+stereo,stereo_flip,A,stereo_flip_009,0.7937316722415639,2027
ECFP4+stereo,stereo_flip,A,stereo_flip_010,0.7375557755489626,2027
ECFP4+stereo,stereo_flip,A,stereo_flip_011,1.171331681198407,2027
ECFP4+stereo,stereo_flip,A,stereo_flip_012,0.6122573335356117,2027
ECFP4+stereo,stereo_flip,A,stereo_flip_013,0.2764582202632884,2027
ECFP4+stereo,stereo_flip,A,stereo_flip_014,0.7702006868307572,2027
ECFP4+stereo,stereo_flip,A,stereo_flip_015,0.30074661548151,2027
ECFP4+stereo,stereo_flip,A,stereo_flip_016,0.2117891207053907,2027
ECFP4+stereo,stereo_flip,A,stereo_flip_017,0.9545124962728363,2027
ECFP4+stereo,stereo_flip,A,stereo_flip_018,0.7001344658502703,2027
ECFP4+stereo,stereo_flip,A,stereo_flip_019,0.13594050476078465,2027
ECFP4+stereo,stereo_flip,A,stereo_flip_020,0.35775765924133573,2027
ECFP4+stereo,stereo_flip,A,stereo_flip_021,0.46623493473787797,2027
ECFP4+stereo,stereo_flip,A,stereo_flip_022,0.7375764904029509,2027
ECFP4+stereo,stereo_flip,A,stereo_flip_023,0.7934161122901083,2027
ECFP4+stereo,stereo_flip,A,stereo_flip_024,1.0121910791935078,2027
ECFP4+stereo,stereo_flip,A,stereo_flip_025,0.584158385208005,2027
ECFP4+stereo,stereo_flip,A,stereo_flip_026,0.6482713920381252,2027
ECFP4+stereo,stereo_flip,A,stereo_flip_027,0.5747090707712396,2027
ECFP4+stereo,stereo_flip,A,stereo_flip_028,0.7501430255909731,2027
ECFP4+stereo,stereo_flip,A,stereo_flip_029,0.6589548952815647,2027
ECFP4+stereo,stereo_flip,A,stereo_flip_030,0.3074329064244921,2027
ECFP4+stereo,stereo_flip,A,stereo_flip_031,0.7044912810118484,2027
ECFP4+stereo,stereo_flip,A,stereo_flip_032,0.6483324300725319,2027
ECFP4+stereo,stereo_flip,A,stereo_flip_033,0.4144434011025671,2027
ECFP4+stereo,stereo_flip,A,stereo_flip_034,0.0,2027
ECFP4+stereo,stereo_flip,A,stereo_flip_035,0.35775765924133573,2027
ECFP4+stereo,stereo_flip,A,stereo_flip_036,0.7369781571111236,2027
ECFP4+stereo,stereo_flip,A,stereo_flip_037,0.5527066281279515,2027
ECFP4+stereo,stereo_flip,A,stereo_flip_038,0.6281679165712523,2027
ECFP4+stereo,stereo_flip,A,stereo_flip_039,0.0,2027
ECFP4+stereo,stereo_flip,A,stereo_flip_040,0.0,2027
ECFP4+stereo,stereo_flip,A,stereo_flip_041,0.29093136817396387,2027
ECFP4+stereo,stereo_flip,A,stereo_flip_042,0.9403978811386148,2027
ECFP4+stereo,stereo_flip,A,stereo_flip_043,0.6122573335356117,2027
ECFP4+stereo,stereo_flip,A,stereo_flip_044,0.5711962272353576,2027
ECFP4+stereo,stereo_flip,A,stereo_flip_045,0.0,2027
ECFP4+stereo,stereo_flip,A,stereo_flip_046,0.16615887754601086,2027
ECFP4+stereo,stereo_flip,A,stereo_flip_047,0.41021606439168723,2027
ECFP4+stereo,stereo_flip,A,stereo_flip_048,0.6422206599934811,2027
ECFP4+stereo,stereo_flip,A,stereo_flip_049,0.0,2027
ECFP4+stereo,stereo_flip,A,stereo_flip_050,0.7613678332192853,2027
ECFP4+stereo,stereo_flip,A,stereo_flip_051,0.0,2027
ECFP4+stereo,stereo_flip,A,stereo_flip_052,0.7302232696970418,2027
ECFP4+stereo,stereo_flip,A,stereo_flip_053,0.6384226583373863,2027
ECFP4+stereo,stereo_flip,A,stereo_flip_054,0.9058066739118138,2027
ECFP4+stereo,stereo_flip,A,stereo_flip_055,0.41002831225779124,2027
ECFP4+stereo,stereo_flip,A,stereo_flip_056,0.0,2027
ECFP4+stereo,stereo_flip,A,stereo_flip_057,0.5066975614029029,2027
ECFP4+stereo,stereo_flip,A,stereo_flip_058,0.9192645322273826,2027
ECFP4+stereo,stereo_flip,A,stereo_flip_059,0.6300397370719436,2027
ECFP4+stereo,stereo_flip,A,stereo_flip_060,0.7574228980078688,2027
ECFP4+stereo,stereo_flip,A,stereo_flip_061,0.6312795590347126,2027
ECFP4+stereo,stereo_flip,A,stereo_flip_062,0.09453237736768351,2027
ECFP4+stereo,stereo_flip,A,stereo_flip_063,1.0515890736014342,2027
ECFP4+stereo,stereo_flip,A,stereo_flip_064,0.597432722584209,2027
ECFP4+stereo,stereo_flip,A,stereo_flip_065,0.6601680742969923,2027
ECFP4+stereo,stereo_flip,A,stereo_flip_066,0.519185846559793,2027
ECFP4+stereo,stereo_flip,A,stereo_flip_067,0.7018142196421269,2027
ECFP4+stereo,stereo_flip,A,stereo_flip_068,0.7656837650126271,2027
ECFP4+stereo,stereo_flip,A,stereo_flip_069,0.5169198614509833,2027
ECFP4+stereo,stereo_flip,A,stereo_flip_070,0.8669404204138206,2027
ECFP4+stereo,stereo_flip,A,stereo_flip_071,0.3694937867419259,2027
ECFP4+stereo,stereo_flip,A,stereo_flip_072,0.7721712457184896,2027
ECFP4+stereo,stereo_flip,A,stereo_flip_073,0.0,2027
ECFP4+stereo,stereo_flip,A,stereo_flip_074,0.5610894588231458,2027
ECFP4+stereo,stereo_flip,A,stereo_flip_075,0.5391605906831832,2027
ECFP4+stereo,stereo_flip,A,stereo_flip_076,0.7040140874426449,2027
ECFP4+stereo,stereo_flip,A,stereo_flip_077,0.0,2027
ECFP4+stereo,stereo_flip,A,stereo_flip_078,0.833829334778147,2027
ECFP4+stereo,stereo_flip,A,stereo_flip_079,0.7855534168852363,2027
ECFP4+stereo,stereo_flip,A,stereo_flip_080,0.8055904116808421,2027
ECFP4+stereo,stereo_flip,A,stereo_flip_081,0.9007930224001206,2027
ECFP4+stereo,stereo_flip,A,stereo_flip_082,0.6586934683838649,2027
ECFP4+stereo,stereo_flip,A,stereo_flip_083,0.8871564241687573,2027
ECFP4+stereo,stereo_flip,A,stereo_flip_084,0.22201282924991425,2027
ECFP4+stereo,stereo_flip,A,stereo_flip_085,0.3461891198217647,2027
ECFP4+stereo,stereo_flip,A,stereo_flip_086,1.0403145390635427,2027
ECFP4+stereo,stereo_flip,A,stereo_flip_087,0.6122573335356117,2027
ECFP4+stereo,stereo_flip,A,stereo_flip_088,0.848721821122,2027
ECFP4+stereo,stereo_flip,A,stereo_flip_089,0.8979616996982607,2027
ECFP4+stereo,stereo_flip,A,stereo_flip_090,0.924560171569738,2027
ECFP4+stereo,stereo_flip,A,stereo_flip_091,0.23084850115326938,2027
ECFP4+stereo,stereo_flip,A,stereo_flip_092,0.0,2027
ECFP4+stereo,stereo_flip,A,stereo_flip_093,0.8499542865631027,2027
ECFP4+stereo,stereo_flip,A,stereo_flip_094,0.0,2027
ECFP4+stereo,stereo_flip,A,stereo_flip_095,0.17965912391510136,2027
ECFP4+stereo,stereo_flip,A,stereo_flip_096,0.8871711454008705,2027
ECFP4+stereo,stereo_flip,A,stereo_flip_097,0.9008168939446599,2027
ECFP4+stereo,stereo_flip,A,stereo_flip_098,0.42051387769193205,2027
ECFP4+stereo,stereo_flip,A,stereo_flip_099,0.8394876102592483,2027
ECFP4+stereo,ez_flip,A,ez_flip_000,1.0102203187412764,2027
ECFP4+stereo,ez_flip,A,ez_flip_001,0.9421054985583512,2027
ECFP4+stereo,ez_flip,A,ez_flip_002,0.5038968215169659,2027
ECFP4+stereo,ez_flip,A,ez_flip_003,1.0889288141943108,2027
ECFP4+stereo,ez_flip,A,ez_flip_004,1.01675072660416,2027
ECFP4+stereo,ez_flip,A,ez_flip_005,0.5820375338556794,2027
ECFP4+stereo,ez_flip,A,ez_flip_006,0.5038968215169659,2027
ECFP4+stereo,ez_flip,A,ez_flip_007,0.854154365734232,2027
ECFP4+stereo,ez_flip,A,ez_flip_008,0.9421054985583512,2027
ECFP4+stereo,ez_flip,A,ez_flip_009,0.9804323347240479,2027
ECFP4+stereo,ez_flip,A,ez_flip_010,0.6532342143786432,2027
ECFP4+stereo,ez_flip,A,ez_flip_011,0.8094484072613944,2027
ECFP4+stereo,ez_flip,A,ez_flip_012,1.0005646129205485,2027
ECFP4+stereo,ez_flip,A,ez_flip_013,0.9509539140829343,2027
ECFP4+stereo,ez_flip,A,ez_flip_014,1.157004148269578,2027
ECFP4+stereo,ez_flip,A,ez_flip_015,1.053741436678151,2027
ECFP4+stereo,ez_flip,A,ez_flip_016,1.0839499525609086,2027
ECFP4+stereo,ez_flip,A,ez_flip_017,0.8436401825126192,2027
ECFP4+stereo,ez_flip,A,ez_flip_018,0.8843101320210398,2027
ECFP4+stereo,ez_flip,A,ez_flip_019,0.9509539140829343,2027
ECFP4+stereo,ez_flip,A,ez_flip_020,1.113568378532742,2027
ECFP4+stereo,ez_flip,A,ez_flip_021,1.062161803244531,2027
ECFP4+stereo,ez_flip,A,ez_flip_022,1.024468931729121,2027
ECFP4+stereo,ez_flip,A,ez_flip_023,0.9225378273326735,2027
ECFP4+stereo,ez_flip,A,ez_flip_024,1.0431122276017986,2027
ECFP4+stereo,ez_flip,A,ez_flip_025,1.1138866765243922,2027
ECFP4+stereo,ez_flip,A,ez_flip_026,1.0839499525609086,2027
ECFP4+stereo,ez_flip,A,ez_flip_027,0.8172451026753718,2027
ECFP4+stereo,ez_flip,A,ez_flip_028,0.9666372169376448,2027
ECFP4+stereo,ez_flip,A,ez_flip_029,0.9175329995504162,2027
ECFP4+stereo,ez_flip,A,ez_flip_030,0.82861381413263,2027
ECFP4+stereo,ez_flip,A,ez_flip_031,0.841061477286927,2027
ECFP4+stereo,ez_flip,A,ez_flip_032,1.0920891858878576,2027
ECFP4+stereo,ez_flip,A,ez_flip_033,0.5038968215169659,2027
ECFP4+stereo,ez_flip,A,ez_flip_034,0.9347644669792943,2027
ECFP4+stereo,ez_flip,A,ez_flip_035,1.2214184798746444,2027
ECFP4+stereo,ez_flip,A,ez_flip_036,0.7696664375997928,2027
ECFP4+stereo,ez_flip,A,ez_flip_037,1.0135958148216877,2027
ECFP4+stereo,ez_flip,A,ez_flip_038,1.2533593476947764,2027
ECFP4+stereo,ez_flip,A,ez_flip_039,0.9652531006114956,2027
ECFP4+stereo,ez_flip,A,ez_flip_040,1.20564622270296,2027
ECFP4+stereo,ez_flip,A,ez_flip_041,0.7726297360176713,2027
ECFP4+stereo,ez_flip,A,ez_flip_042,0.8164894611273015,2027
ECFP4+stereo,ez_flip,A,ez_flip_043,1.1440323963243542,2027
ECFP4+stereo,ez_flip,A,ez_flip_044,1.1180532145004098,2027
ECFP4+stereo,ez_flip,A,ez_flip_045,0.9536339152624476,2027
ECFP4+stereo,ez_flip,A,ez_flip_046,0.863542555255422,2027
ECFP4+stereo,ez_flip,A,ez_flip_047,0.846283677144974,2027
ECFP4+stereo,ez_flip,A,ez_flip_048,1.1496717155388552,2027
ECFP4+stereo,ez_flip,A,ez_flip_049,0.8585299083705525,2027
ECFP4+stereo,ez_flip,A,ez_flip_050,0.957213060904636,2027
ECFP4+stereo,ez_flip,A,ez_flip_051,1.2349462353478318,2027
ECFP4+stereo,ez_flip,A,ez_flip_052,1.0175688500663957,2027
ECFP4+stereo,ez_flip,A,ez_flip_053,0.7530307649607467,2027
ECFP4+stereo,ez_flip,A,ez_flip_054,0.9713446982317172,2027
ECFP4+stereo,ez_flip,A,ez_flip_055,0.5459495978957918,2027
ECFP4+stereo,ez_flip,A,ez_flip_056,0.532238714730452,2027
ECFP4+stereo,ez_flip,A,ez_flip_057,1.123209828587965,2027
ECFP4+stereo,ez_flip,A,ez_flip_058,0.7956315828333085,2027
ECFP4+stereo,ez_flip,A,ez_flip_059,0.647223097755631,2027
ECFP4+stereo,ez_flip,A,ez_flip_060,1.2068780517852795,2027
ECFP4+stereo,ez_flip,A,ez_flip_061,1.4692386971365219,2027
ECFP4+stereo,ez_flip,A,ez_flip_062,0.7239412203441924,2027
ECFP4+stereo,ez_flip,A,ez_flip_063,0.8718236793158374,2027
ECFP4+stereo,ez_flip,A,ez_flip_064,1.1243479571611563,2027
ECFP4+stereo,ez_flip,A,ez_flip_065,0.9093178988913785,2027
ECFP4+stereo,ez_flip,A,ez_flip_066,0.9782469704335012,2027
ECFP4+stereo,ez_flip,A,ez_flip_067,1.0257324142123694,2027
ECFP4+stereo,ez_flip,A,ez_flip_068,0.8924947402130299,2027
ECFP4+stereo,ez_flip,A,ez_flip_069,1.0431122276017986,2027
ECFP4+stereo,ez_flip,A,ez_flip_070,0.8227897619754398,2027
ECFP4+stereo,ez_flip,A,ez_flip_071,0.8741270992680326,2027
ECFP4+stereo,ez_flip,A,ez_flip_072,1.157004148269578,2027
ECFP4+stereo,ez_flip,A,ez_flip_073,1.0139753964642717,2027
ECFP4+stereo,ez_flip,A,ez_flip_074,0.9175329995504162,2027
ECFP4+stereo,ez_flip,A,ez_flip_075,1.2106020323968179,2027
ECFP4+stereo,ez_flip,A,ez_flip_076,1.157004148269578,2027
ECFP4+stereo,ez_flip,A,ez_flip_077,0.728302662966628,2027
ECFP4+stereo,ez_flip,A,ez_flip_078,0.8587005238778769,2027
ECFP4+stereo,ez_flip,A,ez_flip_079,0.5544197113132082,2027
ECFP4+stereo,ez_flip,A,ez_flip_080,0.9713446982317172,2027
ECFP4+stereo,ez_flip,A,ez_flip_081,0.8587005238778769,2027
ECFP4+stereo,ez_flip,A,ez_flip_082,1.157004148269578,2027
ECFP4+stereo,ez_flip,A,ez_flip_083,0.7326020658942417,2027
ECFP4+stereo,ez_flip,A,ez_flip_084,0.7639832072910903,2027
ECFP4+stereo,ez_flip,A,ez_flip_085,1.0362146323389634,2027
ECFP4+stereo,ez_flip,A,ez_flip_086,0.8402487646716927,2027
ECFP4+stereo,ez_flip,A,ez_flip_087,1.00476357858546,2027
ECFP4+stereo,ez_flip,A,ez_flip_088,1.123209828587965,2027
ECFP4+stereo,ez_flip,A,ez_flip_089,0.5169579863817874,2027
ECFP4+stereo,ez_flip,A,ez_flip_090,0.8779427674443027,2027
ECFP4+stereo,ez_flip,A,ez_flip_091,1.0490349031532433,2027
ECFP4+stereo,ez_flip,A,ez_flip_092,1.0093805405665024,2027
ECFP4+stereo,ez_flip,A,ez_flip_093,0.5038968215169659,2027
ECFP4+stereo,ez_flip,A,ez_flip_094,1.035924345744923,2027
ECFP4+stereo,ez_flip,A,ez_flip_095,0.8139267234079125,2027
ECFP4+stereo,ez_flip,A,ez_flip_096,0.5038968215169659,2027
ECFP4+stereo,ez_flip,A,ez_flip_097,0.9634404845083927,2027
ECFP4+stereo,ez_flip,A,ez_flip_098,0.9175329995504162,2027
ECFP4+stereo,ez_flip,A,ez_flip_099,0.5544197113132082,2027
ECFP4+stereo,c_to_n,A,c_to_n_000,0.971764729318587,2027
ECFP4+stereo,c_to_n,A,c_to_n_001,0.5723325646420591,2027
ECFP4+stereo,c_to_n,A,c_to_n_002,0.7735093986383854,2027
ECFP4+stereo,c_to_n,A,c_to_n_003,0.7183597024192023,2027
ECFP4+stereo,c_to_n,A,c_to_n_004,0.596855434310041,2027
ECFP4+stereo,c_to_n,A,c_to_n_005,0.8879341464859165,2027
ECFP4+stereo,c_to_n,A,c_to_n_006,1.1260119687254464,2027
ECFP4+stereo,c_to_n,A,c_to_n_007,0.704426764836877,2027
ECFP4+stereo,c_to_n,A,c_to_n_008,0.6256809587150978,2027
ECFP4+stereo,c_to_n,A,c_to_n_009,0.51644063753618,2027
ECFP4+stereo,c_to_n,A,c_to_n_010,0.5955481592340031,2027
ECFP4+stereo,c_to_n,A,c_to_n_011,0.6301233021349008,2027
ECFP4+stereo,c_to_n,A,c_to_n_012,0.6825765707106233,2027
ECFP4+stereo,c_to_n,A,c_to_n_013,0.44927205280309673,2027
ECFP4+stereo,c_to_n,A,c_to_n_014,0.5768411613787425,2027
ECFP4+stereo,c_to_n,A,c_to_n_015,0.6446695232131625,2027
ECFP4+stereo,c_to_n,A,c_to_n_016,0.8590834254435126,2027
ECFP4+stereo,c_to_n,A,c_to_n_017,0.8297848724910037,2027
ECFP4+stereo,c_to_n,A,c_to_n_018,0.9572977063696793,2027
ECFP4+stereo,c_to_n,A,c_to_n_019,1.1187202114350678,2027
ECFP4+stereo,c_to_n,A,c_to_n_020,0.818963765584056,2027
ECFP4+stereo,c_to_n,A,c_to_n_021,0.8849106964722234,2027
ECFP4+stereo,c_to_n,A,c_to_n_022,1.0197903750327768,2027
ECFP4+stereo,c_to_n,A,c_to_n_023,0.8177425131931759,2027
ECFP4+stereo,c_to_n,A,c_to_n_024,0.5952942018308307,2027
ECFP4+stereo,c_to_n,A,c_to_n_025,0.7196515983307278,2027
ECFP4+stereo,c_to_n,A,c_to_n_026,0.6737063734117443,2027
ECFP4+stereo,c_to_n,A,c_to_n_027,0.8168891065202195,2027
ECFP4+stereo,c_to_n,A,c_to_n_028,0.5501169372306722,2027
ECFP4+stereo,c_to_n,A,c_to_n_029,0.7693513501564092,2027
ECFP4+stereo,c_to_n,A,c_to_n_030,0.7332611638832747,2027
ECFP4+stereo,c_to_n,A,c_to_n_031,0.7458996474614601,2027
ECFP4+stereo,c_to_n,A,c_to_n_032,0.5822148738289384,2027
ECFP4+stereo,c_to_n,A,c_to_n_033,0.6278619766672503,2027
ECFP4+stereo,c_to_n,A,c_to_n_034,0.6978232066207487,2027
ECFP4+stereo,c_to_n,A,c_to_n_035,0.8432301977017903,2027
ECFP4+stereo,c_to_n,A,c_to_n_036,0.9028259469245279,2027
ECFP4+stereo,c_to_n,A,c_to_n_037,0.4594046866578791,2027
ECFP4+stereo,c_to_n,A,c_to_n_038,1.0185594256771056,2027
ECFP4+stereo,c_to_n,A,c_to_n_039,1.0475361505031482,2027
ECFP4+stereo,c_to_n,A,c_to_n_040,0.8249257221056779,2027
ECFP4+stereo,c_to_n,A,c_to_n_041,0.5376108860908535,2027
ECFP4+stereo,c_to_n,A,c_to_n_042,0.7628823985486065,2027
ECFP4+stereo,c_to_n,A,c_to_n_043,0.6141858638432097,2027
ECFP4+stereo,c_to_n,A,c_to_n_044,1.020208494720324,2027
ECFP4+stereo,c_to_n,A,c_to_n_045,0.6999275870128727,2027
ECFP4+stereo,c_to_n,A,c_to_n_046,0.8007626293047978,2027
ECFP4+stereo,c_to_n,A,c_to_n_047,0.9487696302522513,2027
ECFP4+stereo,c_to_n,A,c_to_n_048,0.7178733194239637,2027
ECFP4+stereo,c_to_n,A,c_to_n_049,0.7244204735393046,2027
ECFP4+stereo,c_to_n,A,c_to_n_050,0.8659872251914135,2027
ECFP4+stereo,c_to_n,A,c_to_n_051,0.7563235497240232,2027
ECFP4+stereo,c_to_n,A,c_to_n_052,0.8125518494579839,2027
ECFP4+stereo,c_to_n,A,c_to_n_053,0.6971664980180844,2027
ECFP4+stereo,c_to_n,A,c_to_n_054,0.6614549080369659,2027
ECFP4+stereo,c_to_n,A,c_to_n_055,0.7190116040305027,2027
ECFP4+stereo,c_to_n,A,c_to_n_056,0.6752180277104414,2027
ECFP4+stereo,c_to_n,A,c_to_n_057,0.5657486226566787,2027
ECFP4+stereo,c_to_n,A,c_to_n_058,0.529343044267601,2027
ECFP4+stereo,c_to_n,A,c_to_n_059,0.7482673160216311,2027
ECFP4+stereo,c_to_n,A,c_to_n_060,0.7012094239880864,2027
ECFP4+stereo,c_to_n,A,c_to_n_061,1.088970818720964,2027
ECFP4+stereo,c_to_n,A,c_to_n_062,0.740716805150675,2027
ECFP4+stereo,c_to_n,A,c_to_n_063,0.8008375152363244,2027
ECFP4+stereo,c_to_n,A,c_to_n_064,0.44629621470919134,2027
ECFP4+stereo,c_to_n,A,c_to_n_065,0.5487038227045133,2027
ECFP4+stereo,c_to_n,A,c_to_n_066,0.5498003450250534,2027
ECFP4+stereo,c_to_n,A,c_to_n_067,0.6446440742306517,2027
ECFP4+stereo,c_to_n,A,c_to_n_068,0.9986674719550326,2027
ECFP4+stereo,c_to_n,A,c_to_n_069,0.8722905454582703,2027
ECFP4+stereo,c_to_n,A,c_to_n_070,0.5053126813864999,2027
ECFP4+stereo,c_to_n,A,c_to_n_071,0.68464718451708,2027
ECFP4+stereo,c_to_n,A,c_to_n_072,0.7605933222975265,2027
ECFP4+stereo,c_to_n,A,c_to_n_073,0.719278065796204,2027
ECFP4+stereo,c_to_n,A,c_to_n_074,0.6252334692098402,2027
ECFP4+stereo,c_to_n,A,c_to_n_075,0.9213452800802286,2027
ECFP4+stereo,c_to_n,A,c_to_n_076,1.0680043872277456,2027
ECFP4+stereo,c_to_n,A,c_to_n_077,0.9348191681001331,2027
ECFP4+stereo,c_to_n,A,c_to_n_078,0.884029146215109,2027
ECFP4+stereo,c_to_n,A,c_to_n_079,0.5826494426346013,2027
ECFP4+stereo,c_to_n,A,c_to_n_080,0.6686898876940276,2027
ECFP4+stereo,c_to_n,A,c_to_n_081,0.7678396327262216,2027
ECFP4+stereo,c_to_n,A,c_to_n_082,0.6245951239411406,2027
ECFP4+stereo,c_to_n,A,c_to_n_083,0.8405458067017069,2027
ECFP4+stereo,c_to_n,A,c_to_n_084,0.8078197043581953,2027
ECFP4+stereo,c_to_n,A,c_to_n_085,0.45465072321668576,2027
ECFP4+stereo,c_to_n,A,c_to_n_086,0.7179532663285108,2027
ECFP4+stereo,c_to_n,A,c_to_n_087,0.7768962697308708,2027
ECFP4+stereo,c_to_n,A,c_to_n_088,0.7905404898712951,2027
ECFP4+stereo,c_to_n,A,c_to_n_089,0.8499600336317144,2027
ECFP4+stereo,c_to_n,A,c_to_n_090,0.7020664422728088,2027
ECFP4+stereo,c_to_n,A,c_to_n_091,0.6959392257166999,2027
ECFP4+stereo,c_to_n,A,c_to_n_092,0.6454753071736654,2027
ECFP4+stereo,c_to_n,A,c_to_n_093,0.5515074694297917,2027
ECFP4+stereo,c_to_n,A,c_to_n_094,0.750426188656761,2027
ECFP4+stereo,c_to_n,A,c_to_n_095,0.7208271622068277,2027
ECFP4+stereo,c_to_n,A,c_to_n_096,1.2171061419732112,2027
ECFP4+stereo,c_to_n,A,c_to_n_097,0.2753994623228148,2027
ECFP4+stereo,c_to_n,A,c_to_n_098,0.7002233734489808,2027
ECFP4+stereo,c_to_n,A,c_to_n_099,0.5565870926453649,2027
ECFP4+stereo,add_methyl,A,add_methyl_000,0.7920435920864144,2027
ECFP4+stereo,add_methyl,A,add_methyl_001,0.5996139469440807,2027
ECFP4+stereo,add_methyl,A,add_methyl_002,0.7636405524839043,2027
ECFP4+stereo,add_methyl,A,add_methyl_003,0.606402551473471,2027
ECFP4+stereo,add_methyl,A,add_methyl_004,0.6626999766426027,2027
ECFP4+stereo,add_methyl,A,add_methyl_005,0.8305150787829081,2027
ECFP4+stereo,add_methyl,A,add_methyl_006,0.6890104409917545,2027
ECFP4+stereo,add_methyl,A,add_methyl_007,0.6254132102262491,2027
ECFP4+stereo,add_methyl,A,add_methyl_008,0.7058207918935703,2027
ECFP4+stereo,add_methyl,A,add_methyl_009,1.1213254106294874,2027
ECFP4+stereo,add_methyl,A,add_methyl_010,0.4192533033685495,2027
ECFP4+stereo,add_methyl,A,add_methyl_011,0.7064784261643138,2027
ECFP4+stereo,add_methyl,A,add_methyl_012,0.5483322007324766,2027
ECFP4+stereo,add_methyl,A,add_methyl_013,0.4620870342375774,2027
ECFP4+stereo,add_methyl,A,add_methyl_014,0.779650556581682,2027
ECFP4+stereo,add_methyl,A,add_methyl_015,0.7702844576764705,2027
ECFP4+stereo,add_methyl,A,add_methyl_016,0.6194958102465367,2027
ECFP4+stereo,add_methyl,A,add_methyl_017,0.4884033120244454,2027
ECFP4+stereo,add_methyl,A,add_methyl_018,0.4877945618142878,2027
ECFP4+stereo,add_methyl,A,add_methyl_019,1.113328702948391,2027
ECFP4+stereo,add_methyl,A,add_methyl_020,1.0020823551619233,2027
ECFP4+stereo,add_methyl,A,add_methyl_021,0.4970898496402214,2027
ECFP4+stereo,add_methyl,A,add_methyl_022,0.6056671791177708,2027
ECFP4+stereo,add_methyl,A,add_methyl_023,0.8381898704694012,2027
ECFP4+stereo,add_methyl,A,add_methyl_024,0.6697805919355839,2027
ECFP4+stereo,add_methyl,A,add_methyl_025,0.5490281300127023,2027
ECFP4+stereo,add_methyl,A,add_methyl_026,0.7974260665651641,2027
ECFP4+stereo,add_methyl,A,add_methyl_027,0.8409534732433112,2027
ECFP4+stereo,add_methyl,A,add_methyl_028,0.5587302685914495,2027
ECFP4+stereo,add_methyl,A,add_methyl_029,0.8484577200257357,2027
ECFP4+stereo,add_methyl,A,add_methyl_030,0.592259388809224,2027
ECFP4+stereo,add_methyl,A,add_methyl_031,0.8181435319019059,2027
ECFP4+stereo,add_methyl,A,add_methyl_032,0.7194571432622239,2027
ECFP4+stereo,add_methyl,A,add_methyl_033,0.8510925937382152,2027
ECFP4+stereo,add_methyl,A,add_methyl_034,0.6689228193628208,2027
ECFP4+stereo,add_methyl,A,add_methyl_035,0.8125729264441531,2027
ECFP4+stereo,add_methyl,A,add_methyl_036,0.6096182291751435,2027
ECFP4+stereo,add_methyl,A,add_methyl_037,0.435238731510872,2027
ECFP4+stereo,add_methyl,A,add_methyl_038,0.6015575740848035,2027
ECFP4+stereo,add_methyl,A,add_methyl_039,0.8812045077846701,2027
ECFP4+stereo,add_methyl,A,add_methyl_040,0.6320826156541073,2027
ECFP4+stereo,add_methyl,A,add_methyl_041,0.7106944905821214,2027
ECFP4+stereo,add_methyl,A,add_methyl_042,0.8705556212759149,2027
ECFP4+stereo,add_methyl,A,add_methyl_043,0.6894134416682824,2027
ECFP4+stereo,add_methyl,A,add_methyl_044,1.2017300505007655,2027
ECFP4+stereo,add_methyl,A,add_methyl_045,0.72569478588267,2027
ECFP4+stereo,add_methyl,A,add_methyl_046,0.9159233580654421,2027
ECFP4+stereo,add_methyl,A,add_methyl_047,0.5960176890203596,2027
ECFP4+stereo,add_methyl,A,add_methyl_048,0.8206248794113064,2027
ECFP4+stereo,add_methyl,A,add_methyl_049,0.6292824661923255,2027
ECFP4+stereo,add_methyl,A,add_methyl_050,0.8574959031265917,2027
ECFP4+stereo,add_methyl,A,add_methyl_051,0.9377550006014751,2027
ECFP4+stereo,add_methyl,A,add_methyl_052,0.7751775826381684,2027
ECFP4+stereo,add_methyl,A,add_methyl_053,1.0270893999556254,2027
ECFP4+stereo,add_methyl,A,add_methyl_054,0.9353892210802335,2027
ECFP4+stereo,add_methyl,A,add_methyl_055,0.831501073949373,2027
ECFP4+stereo,add_methyl,A,add_methyl_056,0.916014154470057,2027
ECFP4+stereo,add_methyl,A,add_methyl_057,0.6396220970590282,2027
ECFP4+stereo,add_methyl,A,add_methyl_058,0.512290159751591,2027
ECFP4+stereo,add_methyl,A,add_methyl_059,1.0384833089976937,2027
ECFP4+stereo,add_methyl,A,add_methyl_060,0.648022487679191,2027
ECFP4+stereo,add_methyl,A,add_methyl_061,1.2858148191398928,2027
ECFP4+stereo,add_methyl,A,add_methyl_062,0.7266728927677005,2027
ECFP4+stereo,add_methyl,A,add_methyl_063,0.7480957192929935,2027
ECFP4+stereo,add_methyl,A,add_methyl_064,0.39491396043379307,2027
ECFP4+stereo,add_methyl,A,add_methyl_065,0.4150750351740406,2027
ECFP4+stereo,add_methyl,A,add_methyl_066,0.7598137410715622,2027
ECFP4+stereo,add_methyl,A,add_methyl_067,0.6312619721714138,2027
ECFP4+stereo,add_methyl,A,add_methyl_068,0.8344486096033836,2027
ECFP4+stereo,add_methyl,A,add_methyl_069,0.6018617488230388,2027
ECFP4+stereo,add_methyl,A,add_methyl_070,0.7106944905821214,2027
ECFP4+stereo,add_methyl,A,add_methyl_071,0.8202397489007095,2027
ECFP4+stereo,add_methyl,A,add_methyl_072,0.5700200687707854,2027
ECFP4+stereo,add_methyl,A,add_methyl_073,0.7757167104417099,2027
ECFP4+stereo,add_methyl,A,add_methyl_074,0.5592307567105317,2027
ECFP4+stereo,add_methyl,A,add_methyl_075,0.830203129276246,2027
ECFP4+stereo,add_methyl,A,add_methyl_076,0.7223408320690299,2027
ECFP4+stereo,add_methyl,A,add_methyl_077,0.8899671114962435,2027
ECFP4+stereo,add_methyl,A,add_methyl_078,0.8452164900637479,2027
ECFP4+stereo,add_methyl,A,add_methyl_079,0.7141201932181362,2027
ECFP4+stereo,add_methyl,A,add_methyl_080,0.7768204893383093,2027
ECFP4+stereo,add_methyl,A,add_methyl_081,0.7141974858884611,2027
ECFP4+stereo,add_methyl,A,add_methyl_082,0.5265290312637849,2027
ECFP4+stereo,add_methyl,A,add_methyl_083,0.8850064006938797,2027
ECFP4+stereo,add_methyl,A,add_methyl_084,0.7224899373332315,2027
ECFP4+stereo,add_methyl,A,add_methyl_085,0.5720650701860562,2027
ECFP4+stereo,add_methyl,A,add_methyl_086,0.7604399134201515,2027
ECFP4+stereo,add_methyl,A,add_methyl_087,0.7571249430229963,2027
ECFP4+stereo,add_methyl,A,add_methyl_088,0.5086372524960092,2027
ECFP4+stereo,add_methyl,A,add_methyl_089,0.8585127643464824,2027
ECFP4+stereo,add_methyl,A,add_methyl_090,0.4200618756631648,2027
ECFP4+stereo,add_methyl,A,add_methyl_091,0.7777312280966335,2027
ECFP4+stereo,add_methyl,A,add_methyl_092,0.6768834589262689,2027
ECFP4+stereo,add_methyl,A,add_methyl_093,0.4875920450720266,2027
ECFP4+stereo,add_methyl,A,add_methyl_094,0.7291440022699645,2027
ECFP4+stereo,add_methyl,A,add_methyl_095,0.5890837309892851,2027
ECFP4+stereo,add_methyl,A,add_methyl_096,1.0758112733815763,2027
ECFP4+stereo,add_methyl,A,add_methyl_097,0.27296352851911515,2027
ECFP4+stereo,add_methyl,A,add_methyl_098,0.9397247810854203,2027
ECFP4+stereo,add_methyl,A,add_methyl_099,0.38892073431279206,2027
ECFP4+stereo,add_fluorine,A,add_fluorine_000,0.8569343685785645,2027
ECFP4+stereo,add_fluorine,A,add_fluorine_001,0.4775249289040074,2027
ECFP4+stereo,add_fluorine,A,add_fluorine_002,0.6976705967194015,2027
ECFP4+stereo,add_fluorine,A,add_fluorine_003,0.6849773165474206,2027
ECFP4+stereo,add_fluorine,A,add_fluorine_004,0.642015856927974,2027
ECFP4+stereo,add_fluorine,A,add_fluorine_005,0.7741729312165345,2027
ECFP4+stereo,add_fluorine,A,add_fluorine_006,0.7490144135069131,2027
ECFP4+stereo,add_fluorine,A,add_fluorine_007,0.7985173196295698,2027
ECFP4+stereo,add_fluorine,A,add_fluorine_008,0.6577033855105912,2027
ECFP4+stereo,add_fluorine,A,add_fluorine_009,1.1213872833868357,2027
ECFP4+stereo,add_fluorine,A,add_fluorine_010,0.4646364313964613,2027
ECFP4+stereo,add_fluorine,A,add_fluorine_011,0.6008206774359962,2027
ECFP4+stereo,add_fluorine,A,add_fluorine_012,0.5540119035542829,2027
ECFP4+stereo,add_fluorine,A,add_fluorine_013,0.48435594031107887,2027
ECFP4+stereo,add_fluorine,A,add_fluorine_014,0.5177991826439733,2027
ECFP4+stereo,add_fluorine,A,add_fluorine_015,0.8116625705746584,2027
ECFP4+stereo,add_fluorine,A,add_fluorine_016,0.6669228577712019,2027
ECFP4+stereo,add_fluorine,A,add_fluorine_017,0.45719253136358934,2027
ECFP4+stereo,add_fluorine,A,add_fluorine_018,0.5444662520316614,2027
ECFP4+stereo,add_fluorine,A,add_fluorine_019,1.1929381509374817,2027
ECFP4+stereo,add_fluorine,A,add_fluorine_020,0.7008605644339436,2027
ECFP4+stereo,add_fluorine,A,add_fluorine_021,0.4992828792213512,2027
ECFP4+stereo,add_fluorine,A,add_fluorine_022,0.6011989206042465,2027
ECFP4+stereo,add_fluorine,A,add_fluorine_023,0.6408499124745584,2027
ECFP4+stereo,add_fluorine,A,add_fluorine_024,0.8110086465218,2027
ECFP4+stereo,add_fluorine,A,add_fluorine_025,0.6097210911314874,2027
ECFP4+stereo,add_fluorine,A,add_fluorine_026,0.7414566704810294,2027
ECFP4+stereo,add_fluorine,A,add_fluorine_027,0.5819870667275722,2027
ECFP4+stereo,add_fluorine,A,add_fluorine_028,0.45889057826530244,2027
ECFP4+stereo,add_fluorine,A,add_fluorine_029,0.7421813856356858,2027
ECFP4+stereo,add_fluorine,A,add_fluorine_030,0.6152654358775218,2027
ECFP4+stereo,add_fluorine,A,add_fluorine_031,0.7940230185853387,2027
ECFP4+stereo,add_fluorine,A,add_fluorine_032,0.6502128222129417,2027
ECFP4+stereo,add_fluorine,A,add_fluorine_033,0.8786247130390578,2027
ECFP4+stereo,add_fluorine,A,add_fluorine_034,0.6260444038793604,2027
ECFP4+stereo,add_fluorine,A,add_fluorine_035,0.7587473916974682,2027
ECFP4+stereo,add_fluorine,A,add_fluorine_036,0.773532093862717,2027
ECFP4+stereo,add_fluorine,A,add_fluorine_037,0.49267148834248187,2027
ECFP4+stereo,add_fluorine,A,add_fluorine_038,0.5991085350434379,2027
ECFP4+stereo,add_fluorine,A,add_fluorine_039,0.8680601142526408,2027
ECFP4+stereo,add_fluorine,A,add_fluorine_040,0.5393719137138722,2027
ECFP4+stereo,add_fluorine,A,add_fluorine_041,0.6706237616227074,2027
ECFP4+stereo,add_fluorine,A,add_fluorine_042,0.6071159158010464,2027
ECFP4+stereo,add_fluorine,A,add_fluorine_043,0.5133565301999834,2027
ECFP4+stereo,add_fluorine,A,add_fluorine_044,1.1501769019058667,2027
ECFP4+stereo,add_fluorine,A,add_fluorine_045,0.7332495702921149,2027
ECFP4+stereo,add_fluorine,A,add_fluorine_046,1.1367523155714419,2027
ECFP4+stereo,add_fluorine,A,add_fluorine_047,0.5993421599007392,2027
ECFP4+stereo,add_fluorine,A,add_fluorine_048,0.7470065515547019,2027
ECFP4+stereo,add_fluorine,A,add_fluorine_049,0.6826528764560944,2027
ECFP4+stereo,add_fluorine,A,add_fluorine_050,0.8843242747278214,2027
ECFP4+stereo,add_fluorine,A,add_fluorine_051,0.9597337685945323,2027
ECFP4+stereo,add_fluorine,A,add_fluorine_052,1.009613034066775,2027
ECFP4+stereo,add_fluorine,A,add_fluorine_053,0.6845675279769281,2027
ECFP4+stereo,add_fluorine,A,add_fluorine_054,0.6345707618892567,2027
ECFP4+stereo,add_fluorine,A,add_fluorine_055,0.9001804256563961,2027
ECFP4+stereo,add_fluorine,A,add_fluorine_056,0.761800902437389,2027
ECFP4+stereo,add_fluorine,A,add_fluorine_057,0.5475282664896037,2027
ECFP4+stereo,add_fluorine,A,add_fluorine_058,0.6014392021489563,2027
ECFP4+stereo,add_fluorine,A,add_fluorine_059,1.1046290848169293,2027
ECFP4+stereo,add_fluorine,A,add_fluorine_060,0.780047650059446,2027
ECFP4+stereo,add_fluorine,A,add_fluorine_061,1.0739124544920917,2027
ECFP4+stereo,add_fluorine,A,add_fluorine_062,0.865228410914789,2027
ECFP4+stereo,add_fluorine,A,add_fluorine_063,0.7452793303899014,2027
ECFP4+stereo,add_fluorine,A,add_fluorine_064,0.45872301507532376,2027
ECFP4+stereo,add_fluorine,A,add_fluorine_065,0.4922456828672196,2027
ECFP4+stereo,add_fluorine,A,add_fluorine_066,0.7128257737772057,2027
ECFP4+stereo,add_fluorine,A,add_fluorine_067,0.5798179027044289,2027
ECFP4+stereo,add_fluorine,A,add_fluorine_068,0.8472761767414889,2027
ECFP4+stereo,add_fluorine,A,add_fluorine_069,0.6525507754844634,2027
ECFP4+stereo,add_fluorine,A,add_fluorine_070,0.6706237616227074,2027
ECFP4+stereo,add_fluorine,A,add_fluorine_071,0.8696858637713338,2027
ECFP4+stereo,add_fluorine,A,add_fluorine_072,0.6330501985363347,2027
ECFP4+stereo,add_fluorine,A,add_fluorine_073,0.9546971649064986,2027
ECFP4+stereo,add_fluorine,A,add_fluorine_074,0.5864138416099793,2027
ECFP4+stereo,add_fluorine,A,add_fluorine_075,0.6885718208246728,2027
ECFP4+stereo,add_fluorine,A,add_fluorine_076,0.9021751126521256,2027
ECFP4+stereo,add_fluorine,A,add_fluorine_077,0.8649208639031271,2027
ECFP4+stereo,add_fluorine,A,add_fluorine_078,0.7776834776523719,2027
ECFP4+stereo,add_fluorine,A,add_fluorine_079,0.7247506039576391,2027
ECFP4+stereo,add_fluorine,A,add_fluorine_080,0.7508443607402912,2027
ECFP4+stereo,add_fluorine,A,add_fluorine_081,0.7363084072562488,2027
ECFP4+stereo,add_fluorine,A,add_fluorine_082,0.6641837497585867,2027
ECFP4+stereo,add_fluorine,A,add_fluorine_083,0.7753043393274816,2027
ECFP4+stereo,add_fluorine,A,add_fluorine_084,0.7743668853156342,2027
ECFP4+stereo,add_fluorine,A,add_fluorine_085,0.5881443953359826,2027
ECFP4+stereo,add_fluorine,A,add_fluorine_086,0.864696078880818,2027
ECFP4+stereo,add_fluorine,A,add_fluorine_087,0.8811655106869872,2027
ECFP4+stereo,add_fluorine,A,add_fluorine_088,0.6158837060952264,2027
ECFP4+stereo,add_fluorine,A,add_fluorine_089,0.8738452764860697,2027
ECFP4+stereo,add_fluorine,A,add_fluorine_090,0.4868006665140328,2027
ECFP4+stereo,add_fluorine,A,add_fluorine_091,0.7223977132162798,2027
ECFP4+stereo,add_fluorine,A,add_fluorine_092,0.7782483375949873,2027
ECFP4+stereo,add_fluorine,A,add_fluorine_093,0.5350396018849045,2027
ECFP4+stereo,add_fluorine,A,add_fluorine_094,0.6429245872052158,2027
ECFP4+stereo,add_fluorine,A,add_fluorine_095,0.8915810523750136,2027
ECFP4+stereo,add_fluorine,A,add_fluorine_096,1.1600343657542938,2027
ECFP4+stereo,add_fluorine,A,add_fluorine_097,0.19194786717730017,2027
ECFP4+stereo,add_fluorine,A,add_fluorine_098,0.8807640778213948,2027
ECFP4+stereo,add_fluorine,A,add_fluorine_099,0.3927107127544845,2027
ECFP4+stereo,isotope_13c,A,isotope_13c_000,0.0,2027
ECFP4+stereo,isotope_13c,A,isotope_13c_001,0.0,2027
ECFP4+stereo,isotope_13c,A,isotope_13c_002,0.0,2027
ECFP4+stereo,isotope_13c,A,isotope_13c_003,0.0,2027
ECFP4+stereo,isotope_13c,A,isotope_13c_004,0.0,2027
ECFP4+stereo,isotope_13c,A,isotope_13c_005,0.0,2027
ECFP4+stereo,isotope_13c,A,isotope_13c_006,0.0,2027
ECFP4+stereo,isotope_13c,A,isotope_13c_007,0.0,2027
ECFP4+stereo,isotope_13c,A,isotope_13c_008,0.0,2027
ECFP4+stereo,isotope_13c,A,isotope_13c_009,0.0,2027
ECFP4+stereo,isotope_13c,A,isotope_13c_010,0.0,2027
ECFP4+stereo,isotope_13c,A,isotope_13c_011,0.0,2027
ECFP4+stereo,isotope_13c,A,isotope_13c_012,0.0,2027
ECFP4+stereo,isotope_13c,A,isotope_13c_013,0.0,2027
ECFP4+stereo,isotope_13c,A,isotope_13c_014,0.0,2027
ECFP4+stereo,isotope_13c,A,isotope_13c_015,0.0,2027
ECFP4+stereo,isotope_13c,A,isotope_13c_016,0.0,2027
ECFP4+stereo,isotope_13c,A,isotope_13c_017,0.5609917912777639,2027
ECFP4+stereo,isotope_13c,A,isotope_13c_018,0.0,2027
ECFP4+stereo,isotope_13c,A,isotope_13c_019,0.0,2027
ECFP4+stereo,isotope_13c,A,isotope_13c_020,0.0,2027
ECFP4+stereo,isotope_13c,A,isotope_13c_021,0.6411784618878517,2027
ECFP4+stereo,isotope_13c,A,isotope_13c_022,0.0,2027
ECFP4+stereo,isotope_13c,A,isotope_13c_023,0.0,2027
ECFP4+stereo,isotope_13c,A,isotope_13c_024,0.0,2027
ECFP4+stereo,isotope_13c,A,isotope_13c_025,0.0,2027
ECFP4+stereo,isotope_13c,A,isotope_13c_026,0.0,2027
ECFP4+stereo,isotope_13c,A,isotope_13c_027,0.0,2027
ECFP4+stereo,isotope_13c,A,isotope_13c_028,0.0,2027
ECFP4+stereo,isotope_13c,A,isotope_13c_029,0.824150198727444,2027
ECFP4+stereo,isotope_13c,A,isotope_13c_030,0.0,2027
ECFP4+stereo,isotope_13c,A,isotope_13c_031,0.0,2027
ECFP4+stereo,isotope_13c,A,isotope_13c_032,0.0,2027
ECFP4+stereo,isotope_13c,A,isotope_13c_033,0.0,2027
ECFP4+stereo,isotope_13c,A,isotope_13c_034,0.0,2027
ECFP4+stereo,isotope_13c,A,isotope_13c_035,0.0,2027
ECFP4+stereo,isotope_13c,A,isotope_13c_036,0.0,2027
ECFP4+stereo,isotope_13c,A,isotope_13c_037,0.0,2027
ECFP4+stereo,isotope_13c,A,isotope_13c_038,0.0,2027
ECFP4+stereo,isotope_13c,A,isotope_13c_039,0.0,2027
ECFP4+stereo,isotope_13c,A,isotope_13c_040,0.0,2027
ECFP4+stereo,isotope_13c,A,isotope_13c_041,0.0,2027
ECFP4+stereo,isotope_13c,A,isotope_13c_042,0.0,2027
ECFP4+stereo,isotope_13c,A,isotope_13c_043,0.0,2027
ECFP4+stereo,isotope_13c,A,isotope_13c_044,0.0,2027
ECFP4+stereo,isotope_13c,A,isotope_13c_045,0.0,2027
ECFP4+stereo,isotope_13c,A,isotope_13c_046,0.0,2027
ECFP4+stereo,isotope_13c,A,isotope_13c_047,0.0,2027
ECFP4+stereo,isotope_13c,A,isotope_13c_048,0.0,2027
ECFP4+stereo,isotope_13c,A,isotope_13c_049,0.0,2027
ECFP4+stereo,isotope_13c,A,isotope_13c_050,0.0,2027
ECFP4+stereo,isotope_13c,A,isotope_13c_051,0.0,2027
ECFP4+stereo,isotope_13c,A,isotope_13c_052,0.0,2027
ECFP4+stereo,isotope_13c,A,isotope_13c_053,0.0,2027
ECFP4+stereo,isotope_13c,A,isotope_13c_054,0.0,2027
ECFP4+stereo,isotope_13c,A,isotope_13c_055,0.0,2027
ECFP4+stereo,isotope_13c,A,isotope_13c_056,0.0,2027
ECFP4+stereo,isotope_13c,A,isotope_13c_057,0.0,2027
ECFP4+stereo,isotope_13c,A,isotope_13c_058,0.0,2027
ECFP4+stereo,isotope_13c,A,isotope_13c_059,0.0,2027
ECFP4+stereo,isotope_13c,A,isotope_13c_060,0.0,2027
ECFP4+stereo,isotope_13c,A,isotope_13c_061,0.0,2027
ECFP4+stereo,isotope_13c,A,isotope_13c_062,0.0,2027
ECFP4+stereo,isotope_13c,A,isotope_13c_063,0.0,2027
ECFP4+stereo,isotope_13c,A,isotope_13c_064,0.0,2027
ECFP4+stereo,isotope_13c,A,isotope_13c_065,0.0,2027
ECFP4+stereo,isotope_13c,A,isotope_13c_066,0.0,2027
ECFP4+stereo,isotope_13c,A,isotope_13c_067,0.0,2027
ECFP4+stereo,isotope_13c,A,isotope_13c_068,0.0,2027
ECFP4+stereo,isotope_13c,A,isotope_13c_069,0.0,2027
ECFP4+stereo,isotope_13c,A,isotope_13c_070,0.0,2027
ECFP4+stereo,isotope_13c,A,isotope_13c_071,0.0,2027
ECFP4+stereo,isotope_13c,A,isotope_13c_072,0.0,2027
ECFP4+stereo,isotope_13c,A,isotope_13c_073,0.0,2027
ECFP4+stereo,isotope_13c,A,isotope_13c_074,0.0,2027
ECFP4+stereo,isotope_13c,A,isotope_13c_075,0.0,2027
ECFP4+stereo,isotope_13c,A,isotope_13c_076,0.0,2027
ECFP4+stereo,isotope_13c,A,isotope_13c_077,0.0,2027
ECFP4+stereo,isotope_13c,A,isotope_13c_078,0.0,2027
ECFP4+stereo,isotope_13c,A,isotope_13c_079,0.0,2027
ECFP4+stereo,isotope_13c,A,isotope_13c_080,0.0,2027
ECFP4+stereo,isotope_13c,A,isotope_13c_081,0.0,2027
ECFP4+stereo,isotope_13c,A,isotope_13c_082,0.0,2027
ECFP4+stereo,isotope_13c,A,isotope_13c_083,0.0,2027
ECFP4+stereo,isotope_13c,A,isotope_13c_084,0.0,2027
ECFP4+stereo,isotope_13c,A,isotope_13c_085,0.0,2027
ECFP4+stereo,isotope_13c,A,isotope_13c_086,0.0,2027
ECFP4+stereo,isotope_13c,A,isotope_13c_087,0.0,2027
ECFP4+stereo,isotope_13c,A,isotope_13c_088,0.0,2027
ECFP4+stereo,isotope_13c,A,isotope_13c_089,0.0,2027
ECFP4+stereo,isotope_13c,A,isotope_13c_090,0.6411784618878517,2027
ECFP4+stereo,isotope_13c,A,isotope_13c_091,0.0,2027
ECFP4+stereo,isotope_13c,A,isotope_13c_092,0.0,2027
ECFP4+stereo,isotope_13c,A,isotope_13c_093,0.0,2027
ECFP4+stereo,isotope_13c,A,isotope_13c_094,0.0,2027
ECFP4+stereo,isotope_13c,A,isotope_13c_095,0.0,2027
ECFP4+stereo,isotope_13c,A,isotope_13c_096,0.0,2027
ECFP4+stereo,isotope_13c,A,isotope_13c_097,0.0,2027
ECFP4+stereo,isotope_13c,A,isotope_13c_098,0.0,2027
ECFP4+stereo,isotope_13c,A,isotope_13c_099,0.0,2027
ECFP4+stereo,ring_size,A,ring_size_000,0.09692027425489953,2027
ECFP4+stereo,ring_size,A,ring_size_001,0.09692027425489953,2027
ECFP4+stereo,ring_size,A,ring_size_002,0.09692027425489953,2027
ECFP4+stereo,ring_size,A,ring_size_003,0.09692027425489953,2027
ECFP4+stereo,ring_size,A,ring_size_004,0.09692027425489953,2027
ECFP4+stereo,ring_size,A,ring_size_005,0.09692027425489953,2027
ECFP4+stereo,ring_size,A,ring_size_006,0.09692027425489953,2027
ECFP4+stereo,ring_size,A,ring_size_007,0.0,2027
ECFP4+stereo,ring_size,A,ring_size_008,0.4319463174951135,2027
ECFP4+stereo,ring_size,A,ring_size_009,0.09692027425489953,2027
ECFP4+stereo,ring_size,A,ring_size_010,0.09692027425489953,2027
ECFP4+stereo,ring_size,A,ring_size_011,0.09692027425489953,2027
ECFP4+stereo,ring_size,A,ring_size_012,0.09692027425489953,2027
ECFP4+stereo,ring_size,A,ring_size_013,0.09692027425489953,2027
ECFP4+stereo,ring_size,A,ring_size_014,0.09692027425489953,2027
ECFP4+stereo,ring_size,A,ring_size_015,0.09692027425489953,2027
ECFP4+stereo,ring_size,A,ring_size_016,0.09692027425489953,2027
ECFP4+stereo,ring_size,A,ring_size_017,0.09692027425489953,2027
ECFP4+stereo,ring_size,A,ring_size_018,0.09692027425489953,2027
ECFP4+stereo,ring_size,A,ring_size_019,0.0,2027
ECFP4+stereo,ring_size,A,ring_size_020,0.09692027425489953,2027
ECFP4+stereo,ring_size,A,ring_size_021,0.09692027425489953,2027
ECFP4+stereo,ring_size,A,ring_size_022,0.09692027425489953,2027
ECFP4+stereo,ring_size,A,ring_size_023,0.0,2027
ECFP4+stereo,ring_size,A,ring_size_024,0.6005692898032672,2027
ECFP4+stereo,ring_size,A,ring_size_025,0.09692027425489953,2027
ECFP4+stereo,ring_size,A,ring_size_026,0.09692027425489953,2027
ECFP4+stereo,ring_size,A,ring_size_027,0.09692027425489953,2027
ECFP4+stereo,ring_size,A,ring_size_028,0.09692027425489953,2027
ECFP4+stereo,ring_size,A,ring_size_029,0.09692027425489953,2027
ECFP4+stereo,ring_size,A,ring_size_030,0.09692027425489953,2027
ECFP4+stereo,ring_size,A,ring_size_031,0.09692027425489953,2027
ECFP4+stereo,ring_size,A,ring_size_032,0.09692027425489953,2027
ECFP4+stereo,ring_size,A,ring_size_033,0.09692027425489953,2027
ECFP4+stereo,ring_size,A,ring_size_034,0.09692027425489953,2027
ECFP4+stereo,ring_size,A,ring_size_035,0.09692027425489953,2027
ECFP4+stereo,ring_size,A,ring_size_036,0.09692027425489953,2027
ECFP4+stereo,ring_size,A,ring_size_037,0.09692027425489953,2027
ECFP4+stereo,ring_size,A,ring_size_038,0.09692027425489953,2027
ECFP4+stereo,ring_size,A,ring_size_039,0.09692027425489953,2027
ECFP4+stereo,ring_size,A,ring_size_040,0.09692027425489953,2027
ECFP4+stereo,ring_size,A,ring_size_041,0.09692027425489953,2027
ECFP4+stereo,ring_size,A,ring_size_042,0.09692027425489953,2027
ECFP4+stereo,ring_size,A,ring_size_043,0.09692027425489953,2027
ECFP4+stereo,ring_size,A,ring_size_044,0.09692027425489953,2027
ECFP4+stereo,ring_size,A,ring_size_045,0.09692027425489953,2027
ECFP4+stereo,ring_size,A,ring_size_046,0.09692027425489953,2027
ECFP4+stereo,ring_size,A,ring_size_047,0.09692027425489953,2027
ECFP4+stereo,ring_size,A,ring_size_048,0.09692027425489953,2027
ECFP4+stereo,ring_size,A,ring_size_049,0.09692027425489953,2027
ECFP4+stereo,ring_size,A,ring_size_050,0.09692027425489953,2027
ECFP4+stereo,ring_size,A,ring_size_051,0.09692027425489953,2027
ECFP4+stereo,ring_size,A,ring_size_052,0.09692027425489953,2027
ECFP4+stereo,ring_size,A,ring_size_053,1.0248012808779592,2027
ECFP4+stereo,ring_size,A,ring_size_054,0.09692027425489953,2027
ECFP4+stereo,ring_size,A,ring_size_055,0.09692027425489953,2027
ECFP4+stereo,ring_size,A,ring_size_056,0.09692027425489953,2027
ECFP4+stereo,ring_size,A,ring_size_057,0.0,2027
ECFP4+stereo,ring_size,A,ring_size_058,0.09692027425489953,2027
ECFP4+stereo,ring_size,A,ring_size_059,0.09692027425489953,2027
ECFP4+stereo,ring_size,A,ring_size_060,0.09692027425489953,2027
ECFP4+stereo,ring_size,A,ring_size_061,0.09692027425489953,2027
ECFP4+stereo,ring_size,A,ring_size_062,0.09692027425489953,2027
ECFP4+stereo,ring_size,A,ring_size_063,0.09692027425489953,2027
ECFP4+stereo,ring_size,A,ring_size_064,0.09692027425489953,2027
ECFP4+stereo,ring_size,A,ring_size_065,0.09692027425489953,2027
ECFP4+stereo,ring_size,A,ring_size_066,0.09692027425489953,2027
ECFP4+stereo,ring_size,A,ring_size_067,0.09692027425489953,2027
ECFP4+stereo,ring_size,A,ring_size_068,0.09692027425489953,2027
ECFP4+stereo,ring_size,A,ring_size_069,0.0,2027
ECFP4+stereo,ring_size,A,ring_size_070,0.09692027425489953,2027
ECFP4+stereo,ring_size,A,ring_size_071,0.09692027425489953,2027
ECFP4+stereo,ring_size,A,ring_size_072,0.09692027425489953,2027
ECFP4+stereo,ring_size,A,ring_size_073,0.09692027425489953,2027
ECFP4+stereo,ring_size,A,ring_size_074,0.5201966798437054,2027
ECFP4+stereo,ring_size,A,ring_size_075,0.09692027425489953,2027
ECFP4+stereo,ring_size,A,ring_size_076,0.09692027425489953,2027
ECFP4+stereo,ring_size,A,ring_size_077,0.09692027425489953,2027
ECFP4+stereo,ring_size,A,ring_size_078,0.09692027425489953,2027
ECFP4+stereo,ring_size,A,ring_size_079,0.09692027425489953,2027
ECFP4+stereo,ring_size,A,ring_size_080,0.09692027425489953,2027
ECFP4+stereo,ring_size,A,ring_size_081,0.09692027425489953,2027
ECFP4+stereo,ring_size,A,ring_size_082,0.0,2027
ECFP4+stereo,ring_size,A,ring_size_083,0.0,2027
ECFP4+stereo,ring_size,A,ring_size_084,0.09692027425489953,2027
ECFP4+stereo,ring_size,A,ring_size_085,0.09692027425489953,2027
ECFP4+stereo,ring_size,A,ring_size_086,0.09692027425489953,2027
ECFP4+stereo,ring_size,A,ring_size_087,0.09692027425489953,2027
ECFP4+stereo,ring_size,A,ring_size_088,0.09692027425489953,2027
ECFP4+stereo,ring_size,A,ring_size_089,0.09692027425489953,2027
ECFP4+stereo,ring_size,A,ring_size_090,0.09692027425489953,2027
ECFP4+stereo,ring_size,A,ring_size_091,0.09692027425489953,2027
ECFP4+stereo,ring_size,A,ring_size_092,0.09692027425489953,2027
ECFP4+stereo,ring_size,A,ring_size_093,0.09692027425489953,2027
ECFP4+stereo,ring_size,A,ring_size_094,0.09692027425489953,2027
ECFP4+stereo,ring_size,A,ring_size_095,0.09692027425489953,2027
ECFP4+stereo,ring_size,A,ring_size_096,0.09692027425489953,2027
ECFP4+stereo,ring_size,A,ring_size_097,0.09692027425489953,2027
ECFP4+stereo,ring_size,A,ring_size_098,0.09692027425489953,2027
ECFP4+stereo,ring_size,A,ring_size_099,0.09692027425489953,2027
ECFP4+stereo,regioisomer,A,regioisomer_000,0.58256572617927,2027
ECFP4+stereo,regioisomer,A,regioisomer_001,0.7946169101614607,2027
ECFP4+stereo,regioisomer,A,regioisomer_002,1.0816732907412758,2027
ECFP4+stereo,regioisomer,A,regioisomer_003,1.049271688311272,2027
ECFP4+stereo,regioisomer,A,regioisomer_004,0.8639779489977385,2027
ECFP4+stereo,regioisomer,A,regioisomer_005,0.5683501485219702,2027
ECFP4+stereo,regioisomer,A,regioisomer_006,1.0328802437136742,2027
ECFP4+stereo,regioisomer,A,regioisomer_007,0.8404024059284334,2027
ECFP4+stereo,regioisomer,A,regioisomer_008,0.8038326107706587,2027
ECFP4+stereo,regioisomer,A,regioisomer_009,0.9711427479740282,2027
ECFP4+stereo,regioisomer,A,regioisomer_010,0.927387346255103,2027
ECFP4+stereo,regioisomer,A,regioisomer_011,0.7777730413983641,2027
ECFP4+stereo,regioisomer,A,regioisomer_012,0.7471109047743106,2027
ECFP4+stereo,regioisomer,A,regioisomer_013,0.7877389881874465,2027
ECFP4+stereo,regioisomer,A,regioisomer_014,0.6741559975750497,2027
ECFP4+stereo,regioisomer,A,regioisomer_015,0.6392586132398896,2027
ECFP4+stereo,regioisomer,A,regioisomer_016,0.5523307072635545,2027
ECFP4+stereo,regioisomer,A,regioisomer_017,0.6343194758931013,2027
ECFP4+stereo,regioisomer,A,regioisomer_018,0.8829496325586486,2027
ECFP4+stereo,regioisomer,A,regioisomer_019,0.7139777108156833,2027
ECFP4+stereo,regioisomer,A,regioisomer_020,0.7873125390305492,2027
ECFP4+stereo,regioisomer,A,regioisomer_021,0.6497744605273785,2027
ECFP4+stereo,regioisomer,A,regioisomer_022,0.614135687644881,2027
ECFP4+stereo,regioisomer,A,regioisomer_023,0.8238861605258596,2027
ECFP4+stereo,regioisomer,A,regioisomer_024,0.5373954861318039,2027
ECFP4+stereo,regioisomer,A,regioisomer_025,0.7032804781432437,2027
ECFP4+stereo,regioisomer,A,regioisomer_026,0.6343315150980373,2027
ECFP4+stereo,regioisomer,A,regioisomer_027,0.9026404423998675,2027
ECFP4+stereo,regioisomer,A,regioisomer_028,0.7184766002294714,2027
ECFP4+stereo,regioisomer,A,regioisomer_029,0.6364241831223328,2027
ECFP4+stereo,regioisomer,A,regioisomer_030,0.8434182866085231,2027
ECFP4+stereo,regioisomer,A,regioisomer_031,0.9393443885058318,2027
ECFP4+stereo,regioisomer,A,regioisomer_032,0.7602828155433573,2027
ECFP4+stereo,regioisomer,A,regioisomer_033,0.5559087657156357,2027
ECFP4+stereo,regioisomer,A,regioisomer_034,0.9206034084185276,2027
ECFP4+stereo,regioisomer,A,regioisomer_035,0.686314722114869,2027
ECFP4+stereo,regioisomer,A,regioisomer_036,0.8142319706327911,2027
ECFP4+stereo,regioisomer,A,regioisomer_037,0.5179971032168245,2027
ECFP4+stereo,regioisomer,A,regioisomer_038,0.7167740145736592,2027
ECFP4+stereo,regioisomer,A,regioisomer_039,0.5881100705705202,2027
ECFP4+stereo,regioisomer,A,regioisomer_040,0.629789333958982,2027
ECFP4+stereo,regioisomer,A,regioisomer_041,0.677782918094187,2027
ECFP4+stereo,regioisomer,A,regioisomer_042,0.760726465579941,2027
ECFP4+stereo,regioisomer,A,regioisomer_043,0.7617586141616254,2027
ECFP4+stereo,regioisomer,A,regioisomer_044,0.6699784216164414,2027
ECFP4+stereo,regioisomer,A,regioisomer_045,1.0842733545001864,2027
ECFP4+stereo,regioisomer,A,regioisomer_046,0.6598201031189764,2027
ECFP4+stereo,regioisomer,A,regioisomer_047,0.5916001779789519,2027
ECFP4+stereo,regioisomer,A,regioisomer_048,0.8366197250266396,2027
ECFP4+stereo,regioisomer,A,regioisomer_049,0.9331904366739667,2027
ECFP4+stereo,regioisomer,A,regioisomer_050,0.7958809124328449,2027
ECFP4+stereo,regioisomer,A,regioisomer_051,0.8829496325586486,2027
ECFP4+stereo,regioisomer,A,regioisomer_052,0.7652940079666507,2027
ECFP4+stereo,regioisomer,A,regioisomer_053,0.7677743092036907,2027
ECFP4+stereo,regioisomer,A,regioisomer_054,1.0544932433672947,2027
ECFP4+stereo,regioisomer,A,regioisomer_055,0.7958644314381493,2027
ECFP4+stereo,regioisomer,A,regioisomer_056,1.0185456138000162,2027
ECFP4+stereo,regioisomer,A,regioisomer_057,0.8783602967711458,2027
ECFP4+stereo,regioisomer,A,regioisomer_058,0.7597247974716663,2027
ECFP4+stereo,regioisomer,A,regioisomer_059,0.5934318755487832,2027
ECFP4+stereo,regioisomer,A,regioisomer_060,0.8158092910953177,2027
ECFP4+stereo,regioisomer,A,regioisomer_061,0.8112334161216975,2027
ECFP4+stereo,regioisomer,A,regioisomer_062,0.8663336700196914,2027
ECFP4+stereo,regioisomer,A,regioisomer_063,0.46645507809491393,2027
ECFP4+stereo,regioisomer,A,regioisomer_064,0.6928395483682561,2027
ECFP4+stereo,regioisomer,A,regioisomer_065,0.7934864368536165,2027
ECFP4+stereo,regioisomer,A,regioisomer_066,0.6297929638074342,2027
ECFP4+stereo,regioisomer,A,regioisomer_067,0.7136928678448067,2027
ECFP4+stereo,regioisomer,A,regioisomer_068,0.7847166221602929,2027
ECFP4+stereo,regioisomer,A,regioisomer_069,0.9347159661425936,2027
ECFP4+stereo,regioisomer,A,regioisomer_070,0.557616221228169,2027
ECFP4+stereo,regioisomer,A,regioisomer_071,0.5796231952809405,2027
ECFP4+stereo,regioisomer,A,regioisomer_072,0.8064965226509478,2027
ECFP4+stereo,regioisomer,A,regioisomer_073,0.9391255568829451,2027
ECFP4+stereo,regioisomer,A,regioisomer_074,0.6820861463425507,2027
ECFP4+stereo,regioisomer,A,regioisomer_075,0.6156584213995224,2027
ECFP4+stereo,regioisomer,A,regioisomer_076,1.1624299635820754,2027
ECFP4+stereo,regioisomer,A,regioisomer_077,0.4467563029333444,2027
ECFP4+stereo,regioisomer,A,regioisomer_078,1.0117444831865436,2027
ECFP4+stereo,regioisomer,A,regioisomer_079,0.814746300526918,2027
ECFP4+stereo,regioisomer,A,regioisomer_080,0.6592076202675397,2027
ECFP4+stereo,regioisomer,A,regioisomer_081,0.7654546312742185,2027
ECFP4+stereo,regioisomer,A,regioisomer_082,0.7821760758240592,2027
ECFP4+stereo,regioisomer,A,regioisomer_083,0.8724738341121212,2027
ECFP4+stereo,regioisomer,A,regioisomer_084,0.8194122596753608,2027
ECFP4+stereo,regioisomer,A,regioisomer_085,0.7329029521094519,2027
ECFP4+stereo,regioisomer,A,regioisomer_086,0.7279265499552027,2027
ECFP4+stereo,regioisomer,A,regioisomer_087,0.84716478275903,2027
ECFP4+stereo,regioisomer,A,regioisomer_088,0.677899863041661,2027
ECFP4+stereo,regioisomer,A,regioisomer_089,0.6358827294374522,2027
ECFP4+stereo,regioisomer,A,regioisomer_090,0.6395430023621334,2027
ECFP4+stereo,regioisomer,A,regioisomer_091,0.8475737158857717,2027
ECFP4+stereo,regioisomer,A,regioisomer_092,0.8478415162973492,2027
ECFP4+stereo,regioisomer,A,regioisomer_093,0.7265486369094816,2027
ECFP4+stereo,regioisomer,A,regioisomer_094,0.603208408419857,2027
ECFP4+stereo,regioisomer,A,regioisomer_095,0.6328642081379195,2027
ECFP4+stereo,regioisomer,A,regioisomer_096,0.5916001779789519,2027
ECFP4+stereo,regioisomer,A,regioisomer_097,0.8565461362652208,2027
ECFP4+stereo,regioisomer,A,regioisomer_098,0.705265387531934,2027
ECFP4+stereo,regioisomer,A,regioisomer_099,0.8741500469705649,2027
ECFP4+stereo,matched_mw,A,matched_mw_000,0.7075358068880442,2027
ECFP4+stereo,matched_mw,A,matched_mw_001,0.9827508933498055,2027
ECFP4+stereo,matched_mw,A,matched_mw_002,1.0668081185675637,2027
ECFP4+stereo,matched_mw,A,matched_mw_003,0.6470634612473228,2027
ECFP4+stereo,matched_mw,A,matched_mw_004,0.7807472237026475,2027
ECFP4+stereo,matched_mw,A,matched_mw_005,0.4253965605186805,2027
ECFP4+stereo,matched_mw,A,matched_mw_006,0.5338321863778139,2027
ECFP4+stereo,matched_mw,A,matched_mw_007,0.74622290394089,2027
ECFP4+stereo,matched_mw,A,matched_mw_008,0.5983934787945092,2027
ECFP4+stereo,matched_mw,A,matched_mw_009,0.8237580042685332,2027
ECFP4+stereo,matched_mw,A,matched_mw_010,0.806157861380623,2027
ECFP4+stereo,matched_mw,A,matched_mw_011,0.560168714980385,2027
ECFP4+stereo,matched_mw,A,matched_mw_012,0.7227645118649293,2027
ECFP4+stereo,matched_mw,A,matched_mw_013,0.6706663530649312,2027
ECFP4+stereo,matched_mw,A,matched_mw_014,0.9013899580056438,2027
ECFP4+stereo,matched_mw,A,matched_mw_015,0.5967404443289281,2027
ECFP4+stereo,matched_mw,A,matched_mw_016,0.9915138131271843,2027
ECFP4+stereo,matched_mw,A,matched_mw_017,1.0010247989274028,2027
ECFP4+stereo,matched_mw,A,matched_mw_018,0.707707164552385,2027
ECFP4+stereo,matched_mw,A,matched_mw_019,0.9620482002160576,2027
ECFP4+stereo,matched_mw,A,matched_mw_020,0.5877539904503841,2027
ECFP4+stereo,matched_mw,A,matched_mw_021,0.939847541245899,2027
ECFP4+stereo,matched_mw,A,matched_mw_022,1.2435139871986918,2027
ECFP4+stereo,matched_mw,A,matched_mw_023,0.8326703737728888,2027
ECFP4+stereo,matched_mw,A,matched_mw_024,1.4276540018550574,2027
ECFP4+stereo,matched_mw,A,matched_mw_025,1.4104791768379885,2027
ECFP4+stereo,matched_mw,A,matched_mw_026,0.6314485633229017,2027
ECFP4+stereo,matched_mw,A,matched_mw_027,0.9328838742292221,2027
ECFP4+stereo,matched_mw,A,matched_mw_028,1.0871771953935458,2027
ECFP4+stereo,matched_mw,A,matched_mw_029,0.8871537646660603,2027
ECFP4+stereo,matched_mw,A,matched_mw_030,0.8009826573993566,2027
ECFP4+stereo,matched_mw,A,matched_mw_031,0.7286827894212974,2027
ECFP4+stereo,matched_mw,A,matched_mw_032,1.20712950509574,2027
ECFP4+stereo,matched_mw,A,matched_mw_033,1.16016931170535,2027
ECFP4+stereo,matched_mw,A,matched_mw_034,0.7235587510926138,2027
ECFP4+stereo,matched_mw,A,matched_mw_035,0.7320082118145611,2027
ECFP4+stereo,matched_mw,A,matched_mw_036,1.1072506141075242,2027
ECFP4+stereo,matched_mw,A,matched_mw_037,0.8375592940925091,2027
ECFP4+stereo,matched_mw,A,matched_mw_038,1.130493620387091,2027
ECFP4+stereo,matched_mw,A,matched_mw_039,0.9840889694133991,2027
ECFP4+stereo,matched_mw,A,matched_mw_040,0.6284140146892201,2027
ECFP4+stereo,matched_mw,A,matched_mw_041,1.003257858561093,2027
ECFP4+stereo,matched_mw,A,matched_mw_042,1.018033691616405,2027
ECFP4+stereo,matched_mw,A,matched_mw_043,1.0170145585045167,2027
ECFP4+stereo,matched_mw,A,matched_mw_044,1.18117993629131,2027
ECFP4+stereo,matched_mw,A,matched_mw_045,1.2875999473071786,2027
ECFP4+stereo,matched_mw,A,matched_mw_046,0.9115049660625734,2027
ECFP4+stereo,matched_mw,A,matched_mw_047,1.0848816315984642,2027
ECFP4+stereo,matched_mw,A,matched_mw_048,0.96589407297635,2027
ECFP4+stereo,matched_mw,A,matched_mw_049,0.883762659467024,2027
ECFP4+stereo,matched_mw,A,matched_mw_050,0.8624316407770468,2027
ECFP4+stereo,matched_mw,A,matched_mw_051,1.0611861042117172,2027
ECFP4+stereo,matched_mw,A,matched_mw_052,0.8714744831106481,2027
ECFP4+stereo,matched_mw,A,matched_mw_053,0.731196751494375,2027
ECFP4+stereo,matched_mw,A,matched_mw_054,1.0481216915087732,2027
ECFP4+stereo,matched_mw,A,matched_mw_055,1.226613550980706,2027
ECFP4+stereo,matched_mw,A,matched_mw_056,0.9278118470983767,2027
ECFP4+stereo,matched_mw,A,matched_mw_057,0.7673235891648806,2027
ECFP4+stereo,matched_mw,A,matched_mw_058,0.8235725171211463,2027
ECFP4+stereo,matched_mw,A,matched_mw_059,0.8830012441642919,2027
ECFP4+stereo,matched_mw,A,matched_mw_060,1.1768989710991484,2027
ECFP4+stereo,matched_mw,A,matched_mw_061,1.0895302029180352,2027
ECFP4+stereo,matched_mw,A,matched_mw_062,0.8627172787737648,2027
ECFP4+stereo,matched_mw,A,matched_mw_063,0.49345676937153116,2027
ECFP4+stereo,matched_mw,A,matched_mw_064,1.1102071551801402,2027
ECFP4+stereo,matched_mw,A,matched_mw_065,1.1117618476396303,2027
ECFP4+stereo,matched_mw,A,matched_mw_066,0.6792930718433665,2027
ECFP4+stereo,matched_mw,A,matched_mw_067,0.8621908592172519,2027
ECFP4+stereo,matched_mw,A,matched_mw_068,0.8697725614756582,2027
ECFP4+stereo,matched_mw,A,matched_mw_069,1.1252673072922545,2027
ECFP4+stereo,matched_mw,A,matched_mw_070,1.156509746487754,2027
ECFP4+stereo,matched_mw,A,matched_mw_071,1.1466625489450937,2027
ECFP4+stereo,matched_mw,A,matched_mw_072,1.0177797072405437,2027
ECFP4+stereo,matched_mw,A,matched_mw_073,0.804889049270882,2027
ECFP4+stereo,matched_mw,A,matched_mw_074,0.9738269152716186,2027
ECFP4+stereo,matched_mw,A,matched_mw_075,1.1638441912022324,2027
ECFP4+stereo,matched_mw,A,matched_mw_076,1.0193127219957059,2027
ECFP4+stereo,matched_mw,A,matched_mw_077,0.8666767412680467,2027
ECFP4+stereo,matched_mw,A,matched_mw_078,0.6809370477596572,2027
ECFP4+stereo,matched_mw,A,matched_mw_079,0.7957444775605017,2027
ECFP4+stereo,matched_mw,A,matched_mw_080,0.9064184894463224,2027
ECFP4+stereo,matched_mw,A,matched_mw_081,1.1988403714696627,2027
ECFP4+stereo,matched_mw,A,matched_mw_082,1.3293015192647784,2027
ECFP4+stereo,matched_mw,A,matched_mw_083,1.3275938734098724,2027
ECFP4+stereo,matched_mw,A,matched_mw_084,1.218760887805684,2027
ECFP4+stereo,matched_mw,A,matched_mw_085,0.6728934434359729,2027
ECFP4+stereo,matched_mw,A,matched_mw_086,0.9800274518325063,2027
ECFP4+stereo,matched_mw,A,matched_mw_087,1.089014807489939,2027
ECFP4+stereo,matched_mw,A,matched_mw_088,1.1158485230739996,2027
ECFP4+stereo,matched_mw,A,matched_mw_089,1.3379135583899784,2027
ECFP4+stereo,matched_mw,A,matched_mw_090,0.6962668934528352,2027
ECFP4+stereo,matched_mw,A,matched_mw_091,0.561425758167253,2027
ECFP4+stereo,matched_mw,A,matched_mw_092,1.0600677389346929,2027
ECFP4+stereo,matched_mw,A,matched_mw_093,1.0502651944435983,2027
ECFP4+stereo,matched_mw,A,matched_mw_094,0.9366411417377472,2027
ECFP4+stereo,matched_mw,A,matched_mw_095,0.7213224693791125,2027
ECFP4+stereo,matched_mw,A,matched_mw_096,1.1045896356166713,2027
ECFP4+stereo,matched_mw,A,matched_mw_097,0.7310500815494215,2027
ECFP4+stereo,matched_mw,A,matched_mw_098,1.0243171394042199,2027
ECFP4+stereo,matched_mw,A,matched_mw_099,1.4266291377616556,2027
ECFP4+stereo,matched_descriptors,A,matched_descriptors_000,1.3354139018849562,2027
ECFP4+stereo,matched_descriptors,A,matched_descriptors_001,1.2844543006244609,2027
ECFP4+stereo,matched_descriptors,A,matched_descriptors_002,1.149568875286251,2027
ECFP4+stereo,matched_descriptors,A,matched_descriptors_003,0.765746543268222,2027
ECFP4+stereo,matched_descriptors,A,matched_descriptors_004,0.9231662499771474,2027
ECFP4+stereo,matched_descriptors,A,matched_descriptors_005,1.079012292956783,2027
ECFP4+stereo,matched_descriptors,A,matched_descriptors_006,1.266554697025019,2027
ECFP4+stereo,matched_descriptors,A,matched_descriptors_007,1.2980501165824923,2027
ECFP4+stereo,matched_descriptors,A,matched_descriptors_008,1.2748574317326813,2027
ECFP4+stereo,matched_descriptors,A,matched_descriptors_009,1.1436653013300875,2027
ECFP4+stereo,matched_descriptors,A,matched_descriptors_010,1.2641448276745124,2027
ECFP4+stereo,matched_descriptors,A,matched_descriptors_011,1.0075433201014417,2027
ECFP4+stereo,matched_descriptors,A,matched_descriptors_012,0.8656302503538623,2027
ECFP4+stereo,matched_descriptors,A,matched_descriptors_013,1.331245520889221,2027
ECFP4+stereo,matched_descriptors,A,matched_descriptors_014,0.844160847146142,2027
ECFP4+stereo,matched_descriptors,A,matched_descriptors_015,1.3509973134600113,2027
ECFP4+stereo,matched_descriptors,A,matched_descriptors_016,1.2912286885999011,2027
ECFP4+stereo,matched_descriptors,A,matched_descriptors_017,1.2487904100632536,2027
ECFP4+stereo,matched_descriptors,A,matched_descriptors_018,1.3935311600598448,2027
ECFP4+stereo,matched_descriptors,A,matched_descriptors_019,0.7622648147141857,2027
ECFP4+stereo,matched_descriptors,A,matched_descriptors_020,1.9217111122057744,2027
ECFP4+stereo,matched_descriptors,A,matched_descriptors_021,1.0150942286468478,2027
ECFP4+stereo,matched_descriptors,A,matched_descriptors_022,1.3967138929888323,2027
ECFP4+stereo,matched_descriptors,A,matched_descriptors_023,1.0943477596789648,2027
ECFP4+stereo,matched_descriptors,A,matched_descriptors_024,1.286652807092822,2027
ECFP4+stereo,matched_descriptors,A,matched_descriptors_025,1.203442922236643,2027
ECFP4+stereo,matched_descriptors,A,matched_descriptors_026,1.5524861281154838,2027
ECFP4+stereo,matched_descriptors,A,matched_descriptors_027,0.917280919084557,2027
ECFP4+stereo,matched_descriptors,A,matched_descriptors_028,0.8499641589272245,2027
ECFP4+stereo,matched_descriptors,A,matched_descriptors_029,1.1224051947105407,2027
ECFP4+stereo,matched_descriptors,A,matched_descriptors_030,1.4857988938802877,2027
ECFP4+stereo,matched_descriptors,A,matched_descriptors_031,1.2547987434468815,2027
ECFP4+stereo,matched_descriptors,A,matched_descriptors_032,1.5656493179043238,2027
ECFP4+stereo,matched_descriptors,A,matched_descriptors_033,1.1648123078435435,2027
ECFP4+stereo,matched_descriptors,A,matched_descriptors_034,1.4132446371704623,2027
ECFP4+stereo,matched_descriptors,A,matched_descriptors_035,1.409157407349346,2027
ECFP4+stereo,matched_descriptors,A,matched_descriptors_036,0.7473068645722982,2027
ECFP4+stereo,matched_descriptors,A,matched_descriptors_037,1.2516760883215603,2027
ECFP4+stereo,matched_descriptors,A,matched_descriptors_038,1.0959658089673245,2027
ECFP4+stereo,matched_descriptors,A,matched_descriptors_039,1.2772001871694378,2027
ECFP4+stereo,matched_descriptors,A,matched_descriptors_040,1.8247323007460086,2027
ECFP4+stereo,matched_descriptors,A,matched_descriptors_041,0.7077523173360609,2027
ECFP4+stereo,matched_descriptors,A,matched_descriptors_042,1.183782783670587,2027
ECFP4+stereo,matched_descriptors,A,matched_descriptors_043,0.854858960498011,2027
ECFP4+stereo,matched_descriptors,A,matched_descriptors_044,1.3115130148599412,2027
ECFP4+stereo,matched_descriptors,A,matched_descriptors_045,1.4366185389829527,2027
ECFP4+stereo,matched_descriptors,A,matched_descriptors_046,1.2068766557992272,2027
ECFP4+stereo,matched_descriptors,A,matched_descriptors_047,1.0517794190007328,2027
ECFP4+stereo,matched_descriptors,A,matched_descriptors_048,1.311586063370414,2027
ECFP4+stereo,matched_descriptors,A,matched_descriptors_049,1.309143852692433,2027
ECFP4+stereo,matched_descriptors,A,matched_descriptors_050,1.585483066760942,2027
ECFP4+stereo,matched_descriptors,A,matched_descriptors_051,1.3557966693589178,2027
ECFP4+stereo,matched_descriptors,A,matched_descriptors_052,1.2921863943107903,2027
ECFP4+stereo,matched_descriptors,A,matched_descriptors_053,1.0861039665619494,2027
ECFP4+stereo,matched_descriptors,A,matched_descriptors_054,1.2721599961615437,2027
ECFP4+stereo,matched_descriptors,A,matched_descriptors_055,1.0706518759182995,2027
ECFP4+stereo,matched_descriptors,A,matched_descriptors_056,1.2908097650501411,2027
ECFP4+stereo,matched_descriptors,A,matched_descriptors_057,1.1072075443142204,2027
ECFP4+stereo,matched_descriptors,A,matched_descriptors_058,1.3379776769955303,2027
ECFP4+stereo,matched_descriptors,A,matched_descriptors_059,0.9293036241015881,2027
ECFP4+stereo,matched_descriptors,A,matched_descriptors_060,1.1254212789453997,2027
ECFP4+stereo,matched_descriptors,A,matched_descriptors_061,1.4408507583287182,2027
ECFP4+stereo,matched_descriptors,A,matched_descriptors_062,1.552162514126775,2027
ECFP4+stereo,matched_descriptors,A,matched_descriptors_063,1.675594050592609,2027
ECFP4+stereo,matched_descriptors,A,matched_descriptors_064,1.6227103000962868,2027
ECFP4+stereo,matched_descriptors,A,matched_descriptors_065,1.2234230000324684,2027
ECFP4+stereo,matched_descriptors,A,matched_descriptors_066,1.310343875854569,2027
ECFP4+stereo,matched_descriptors,A,matched_descriptors_067,1.343942903802889,2027
ECFP4+stereo,matched_descriptors,A,matched_descriptors_068,1.0534866284503084,2027
ECFP4+stereo,matched_descriptors,A,matched_descriptors_069,1.1759947322160231,2027
ECFP4+stereo,matched_descriptors,A,matched_descriptors_070,1.7545381517919543,2027
ECFP4+stereo,matched_descriptors,A,matched_descriptors_071,1.197073036092584,2027
ECFP4+stereo,matched_descriptors,A,matched_descriptors_072,1.1120379801197307,2027
ECFP4+stereo,matched_descriptors,A,matched_descriptors_073,0.9864214974725833,2027
ECFP4+stereo,matched_descriptors,A,matched_descriptors_074,1.4305759808777632,2027
ECFP4+stereo,matched_descriptors,A,matched_descriptors_075,1.0274480611079821,2027
ECFP4+stereo,matched_descriptors,A,matched_descriptors_076,0.4383370332479654,2027
ECFP4+stereo,matched_descriptors,A,matched_descriptors_077,0.4762699624039645,2027
ECFP4+stereo,matched_descriptors,A,matched_descriptors_078,1.3249160858525935,2027
ECFP4+stereo,matched_descriptors,A,matched_descriptors_079,1.1619612493631069,2027
ECFP4+stereo,matched_descriptors,A,matched_descriptors_080,1.2716256702327136,2027
ECFP4+stereo,matched_descriptors,A,matched_descriptors_081,1.3579516775131781,2027
ECFP4+stereo,matched_descriptors,A,matched_descriptors_082,1.2785877436705726,2027
ECFP4+stereo,matched_descriptors,A,matched_descriptors_083,1.168374284615878,2027
ECFP4+stereo,matched_descriptors,A,matched_descriptors_084,1.214109750979144,2027
ECFP4+stereo,matched_descriptors,A,matched_descriptors_085,1.5713603485474452,2027
ECFP4+stereo,matched_descriptors,A,matched_descriptors_086,1.0074404867755262,2027
ECFP4+stereo,matched_descriptors,A,matched_descriptors_087,1.4088958106463194,2027
ECFP4+stereo,matched_descriptors,A,matched_descriptors_088,0.962288777606342,2027
ECFP4+stereo,matched_descriptors,A,matched_descriptors_089,1.3054323451864482,2027
ECFP4+stereo,matched_descriptors,A,matched_descriptors_090,1.4505543280332824,2027
ECFP4+stereo,matched_descriptors,A,matched_descriptors_091,1.5125695458702364,2027
ECFP4+stereo,matched_descriptors,A,matched_descriptors_092,1.3616889310181677,2027
ECFP4+stereo,matched_descriptors,A,matched_descriptors_093,0.8175058675085132,2027
ECFP4+stereo,matched_descriptors,A,matched_descriptors_094,1.5660570073404931,2027
ECFP4+stereo,matched_descriptors,A,matched_descriptors_095,1.3362545698548616,2027
ECFP4+stereo,matched_descriptors,A,matched_descriptors_096,1.037255531846571,2027
ECFP4+stereo,matched_descriptors,A,matched_descriptors_097,0.8536000763658987,2027
ECFP4+stereo,matched_descriptors,A,matched_descriptors_098,1.4374776946530539,2027
ECFP4+stereo,matched_descriptors,A,matched_descriptors_099,1.3587022207175492,2027
ECFP4+stereo,smiles_enumeration,B,smiles_enumeration_000,0.0,2027
ECFP4+stereo,smiles_enumeration,B,smiles_enumeration_001,0.0,2027
ECFP4+stereo,smiles_enumeration,B,smiles_enumeration_002,0.0,2027
ECFP4+stereo,smiles_enumeration,B,smiles_enumeration_003,0.0,2027
ECFP4+stereo,smiles_enumeration,B,smiles_enumeration_004,0.0,2027
ECFP4+stereo,smiles_enumeration,B,smiles_enumeration_005,0.0,2027
ECFP4+stereo,smiles_enumeration,B,smiles_enumeration_006,0.0,2027
ECFP4+stereo,smiles_enumeration,B,smiles_enumeration_007,0.0,2027
ECFP4+stereo,smiles_enumeration,B,smiles_enumeration_008,0.0,2027
ECFP4+stereo,smiles_enumeration,B,smiles_enumeration_009,0.0,2027
ECFP4+stereo,smiles_enumeration,B,smiles_enumeration_010,0.0,2027
ECFP4+stereo,smiles_enumeration,B,smiles_enumeration_011,0.0,2027
ECFP4+stereo,smiles_enumeration,B,smiles_enumeration_012,0.0,2027
ECFP4+stereo,smiles_enumeration,B,smiles_enumeration_013,0.0,2027
ECFP4+stereo,smiles_enumeration,B,smiles_enumeration_014,0.0,2027
ECFP4+stereo,smiles_enumeration,B,smiles_enumeration_015,0.0,2027
ECFP4+stereo,smiles_enumeration,B,smiles_enumeration_016,0.0,2027
ECFP4+stereo,smiles_enumeration,B,smiles_enumeration_017,0.0,2027
ECFP4+stereo,smiles_enumeration,B,smiles_enumeration_018,0.0,2027
ECFP4+stereo,smiles_enumeration,B,smiles_enumeration_019,0.0,2027
ECFP4+stereo,smiles_enumeration,B,smiles_enumeration_020,0.0,2027
ECFP4+stereo,smiles_enumeration,B,smiles_enumeration_021,0.0,2027
ECFP4+stereo,smiles_enumeration,B,smiles_enumeration_022,0.0,2027
ECFP4+stereo,smiles_enumeration,B,smiles_enumeration_023,0.0,2027
ECFP4+stereo,smiles_enumeration,B,smiles_enumeration_024,0.0,2027
ECFP4+stereo,smiles_enumeration,B,smiles_enumeration_025,0.0,2027
ECFP4+stereo,smiles_enumeration,B,smiles_enumeration_026,0.0,2027
ECFP4+stereo,smiles_enumeration,B,smiles_enumeration_027,0.0,2027
ECFP4+stereo,smiles_enumeration,B,smiles_enumeration_028,0.0,2027
ECFP4+stereo,smiles_enumeration,B,smiles_enumeration_029,0.0,2027
ECFP4+stereo,smiles_enumeration,B,smiles_enumeration_030,0.0,2027
ECFP4+stereo,smiles_enumeration,B,smiles_enumeration_031,0.0,2027
ECFP4+stereo,smiles_enumeration,B,smiles_enumeration_032,0.0,2027
ECFP4+stereo,smiles_enumeration,B,smiles_enumeration_033,0.0,2027
ECFP4+stereo,smiles_enumeration,B,smiles_enumeration_034,0.0,2027
ECFP4+stereo,smiles_enumeration,B,smiles_enumeration_035,0.0,2027
ECFP4+stereo,smiles_enumeration,B,smiles_enumeration_036,0.0,2027
ECFP4+stereo,smiles_enumeration,B,smiles_enumeration_037,0.0,2027
ECFP4+stereo,smiles_enumeration,B,smiles_enumeration_038,0.0,2027
ECFP4+stereo,smiles_enumeration,B,smiles_enumeration_039,0.0,2027
ECFP4+stereo,smiles_enumeration,B,smiles_enumeration_040,0.0,2027
ECFP4+stereo,smiles_enumeration,B,smiles_enumeration_041,0.0,2027
ECFP4+stereo,smiles_enumeration,B,smiles_enumeration_042,0.0,2027
ECFP4+stereo,smiles_enumeration,B,smiles_enumeration_043,0.0,2027
ECFP4+stereo,smiles_enumeration,B,smiles_enumeration_044,0.0,2027
ECFP4+stereo,smiles_enumeration,B,smiles_enumeration_045,0.0,2027
ECFP4+stereo,smiles_enumeration,B,smiles_enumeration_046,0.0,2027
ECFP4+stereo,smiles_enumeration,B,smiles_enumeration_047,0.0,2027
ECFP4+stereo,smiles_enumeration,B,smiles_enumeration_048,0.0,2027
ECFP4+stereo,smiles_enumeration,B,smiles_enumeration_049,0.0,2027
ECFP4+stereo,smiles_enumeration,B,smiles_enumeration_050,0.0,2027
ECFP4+stereo,smiles_enumeration,B,smiles_enumeration_051,0.0,2027
ECFP4+stereo,smiles_enumeration,B,smiles_enumeration_052,0.0,2027
ECFP4+stereo,smiles_enumeration,B,smiles_enumeration_053,0.0,2027
ECFP4+stereo,smiles_enumeration,B,smiles_enumeration_054,0.0,2027
ECFP4+stereo,smiles_enumeration,B,smiles_enumeration_055,0.0,2027
ECFP4+stereo,smiles_enumeration,B,smiles_enumeration_056,0.0,2027
ECFP4+stereo,smiles_enumeration,B,smiles_enumeration_057,0.0,2027
ECFP4+stereo,smiles_enumeration,B,smiles_enumeration_058,0.0,2027
ECFP4+stereo,smiles_enumeration,B,smiles_enumeration_059,0.0,2027
ECFP4+stereo,smiles_enumeration,B,smiles_enumeration_060,0.0,2027
ECFP4+stereo,smiles_enumeration,B,smiles_enumeration_061,0.0,2027
ECFP4+stereo,smiles_enumeration,B,smiles_enumeration_062,0.0,2027
ECFP4+stereo,smiles_enumeration,B,smiles_enumeration_063,0.0,2027
ECFP4+stereo,smiles_enumeration,B,smiles_enumeration_064,0.0,2027
ECFP4+stereo,smiles_enumeration,B,smiles_enumeration_065,0.0,2027
ECFP4+stereo,smiles_enumeration,B,smiles_enumeration_066,0.0,2027
ECFP4+stereo,smiles_enumeration,B,smiles_enumeration_067,0.0,2027
ECFP4+stereo,smiles_enumeration,B,smiles_enumeration_068,0.0,2027
ECFP4+stereo,smiles_enumeration,B,smiles_enumeration_069,0.0,2027
ECFP4+stereo,smiles_enumeration,B,smiles_enumeration_070,0.0,2027
ECFP4+stereo,smiles_enumeration,B,smiles_enumeration_071,0.0,2027
ECFP4+stereo,smiles_enumeration,B,smiles_enumeration_072,0.0,2027
ECFP4+stereo,smiles_enumeration,B,smiles_enumeration_073,0.0,2027
ECFP4+stereo,smiles_enumeration,B,smiles_enumeration_074,0.0,2027
ECFP4+stereo,smiles_enumeration,B,smiles_enumeration_075,0.0,2027
ECFP4+stereo,smiles_enumeration,B,smiles_enumeration_076,0.0,2027
ECFP4+stereo,smiles_enumeration,B,smiles_enumeration_077,0.0,2027
ECFP4+stereo,smiles_enumeration,B,smiles_enumeration_078,0.0,2027
ECFP4+stereo,smiles_enumeration,B,smiles_enumeration_079,0.0,2027
ECFP4+stereo,smiles_enumeration,B,smiles_enumeration_080,0.0,2027
ECFP4+stereo,smiles_enumeration,B,smiles_enumeration_081,0.0,2027
ECFP4+stereo,smiles_enumeration,B,smiles_enumeration_082,0.0,2027
ECFP4+stereo,smiles_enumeration,B,smiles_enumeration_083,0.0,2027
ECFP4+stereo,smiles_enumeration,B,smiles_enumeration_084,0.0,2027
ECFP4+stereo,smiles_enumeration,B,smiles_enumeration_085,0.0,2027
ECFP4+stereo,smiles_enumeration,B,smiles_enumeration_086,0.0,2027
ECFP4+stereo,smiles_enumeration,B,smiles_enumeration_087,0.0,2027
ECFP4+stereo,smiles_enumeration,B,smiles_enumeration_088,0.0,2027
ECFP4+stereo,smiles_enumeration,B,smiles_enumeration_089,0.0,2027
ECFP4+stereo,smiles_enumeration,B,smiles_enumeration_090,0.0,2027
ECFP4+stereo,smiles_enumeration,B,smiles_enumeration_091,0.0,2027
ECFP4+stereo,smiles_enumeration,B,smiles_enumeration_092,0.0,2027
ECFP4+stereo,smiles_enumeration,B,smiles_enumeration_093,0.0,2027
ECFP4+stereo,smiles_enumeration,B,smiles_enumeration_094,0.0,2027
ECFP4+stereo,smiles_enumeration,B,smiles_enumeration_095,0.0,2027
ECFP4+stereo,smiles_enumeration,B,smiles_enumeration_096,0.0,2027
ECFP4+stereo,smiles_enumeration,B,smiles_enumeration_097,0.0,2027
ECFP4+stereo,smiles_enumeration,B,smiles_enumeration_098,0.0,2027
ECFP4+stereo,smiles_enumeration,B,smiles_enumeration_099,0.0,2027
ECFP4+stereo,kekule,B,kekule_000,0.0,2027
ECFP4+stereo,kekule,B,kekule_001,0.0,2027
ECFP4+stereo,kekule,B,kekule_002,0.0,2027
ECFP4+stereo,kekule,B,kekule_003,0.0,2027
ECFP4+stereo,kekule,B,kekule_004,0.0,2027
ECFP4+stereo,kekule,B,kekule_005,0.0,2027
ECFP4+stereo,kekule,B,kekule_006,0.0,2027
ECFP4+stereo,kekule,B,kekule_007,0.0,2027
ECFP4+stereo,kekule,B,kekule_008,0.0,2027
ECFP4+stereo,kekule,B,kekule_009,0.0,2027
ECFP4+stereo,kekule,B,kekule_010,0.0,2027
ECFP4+stereo,kekule,B,kekule_011,0.0,2027
ECFP4+stereo,kekule,B,kekule_012,0.0,2027
ECFP4+stereo,kekule,B,kekule_013,0.0,2027
ECFP4+stereo,kekule,B,kekule_014,0.0,2027
ECFP4+stereo,kekule,B,kekule_015,0.0,2027
ECFP4+stereo,kekule,B,kekule_016,0.0,2027
ECFP4+stereo,kekule,B,kekule_017,0.0,2027
ECFP4+stereo,kekule,B,kekule_018,0.0,2027
ECFP4+stereo,kekule,B,kekule_019,0.0,2027
ECFP4+stereo,kekule,B,kekule_020,0.0,2027
ECFP4+stereo,kekule,B,kekule_021,0.0,2027
ECFP4+stereo,kekule,B,kekule_022,0.0,2027
ECFP4+stereo,kekule,B,kekule_023,0.0,2027
ECFP4+stereo,kekule,B,kekule_024,0.0,2027
ECFP4+stereo,kekule,B,kekule_025,0.0,2027
ECFP4+stereo,kekule,B,kekule_026,0.0,2027
ECFP4+stereo,kekule,B,kekule_027,0.0,2027
ECFP4+stereo,kekule,B,kekule_028,0.0,2027
ECFP4+stereo,kekule,B,kekule_029,0.0,2027
ECFP4+stereo,kekule,B,kekule_030,0.0,2027
ECFP4+stereo,kekule,B,kekule_031,0.0,2027
ECFP4+stereo,kekule,B,kekule_032,0.0,2027
ECFP4+stereo,kekule,B,kekule_033,0.0,2027
ECFP4+stereo,kekule,B,kekule_034,0.0,2027
ECFP4+stereo,kekule,B,kekule_035,0.0,2027
ECFP4+stereo,kekule,B,kekule_036,0.0,2027
ECFP4+stereo,kekule,B,kekule_037,0.0,2027
ECFP4+stereo,kekule,B,kekule_038,0.0,2027
ECFP4+stereo,kekule,B,kekule_039,0.0,2027
ECFP4+stereo,kekule,B,kekule_040,0.0,2027
ECFP4+stereo,kekule,B,kekule_041,0.0,2027
ECFP4+stereo,kekule,B,kekule_042,0.0,2027
ECFP4+stereo,kekule,B,kekule_043,0.0,2027
ECFP4+stereo,kekule,B,kekule_044,0.0,2027
ECFP4+stereo,kekule,B,kekule_045,0.0,2027
ECFP4+stereo,kekule,B,kekule_046,0.0,2027
ECFP4+stereo,kekule,B,kekule_047,0.0,2027
ECFP4+stereo,kekule,B,kekule_048,0.0,2027
ECFP4+stereo,kekule,B,kekule_049,0.0,2027
ECFP4+stereo,kekule,B,kekule_050,0.0,2027
ECFP4+stereo,kekule,B,kekule_051,0.0,2027
ECFP4+stereo,kekule,B,kekule_052,0.0,2027
ECFP4+stereo,kekule,B,kekule_053,0.0,2027
ECFP4+stereo,kekule,B,kekule_054,0.0,2027
ECFP4+stereo,kekule,B,kekule_055,0.0,2027
ECFP4+stereo,kekule,B,kekule_056,0.0,2027
ECFP4+stereo,kekule,B,kekule_057,0.0,2027
ECFP4+stereo,kekule,B,kekule_058,0.0,2027
ECFP4+stereo,kekule,B,kekule_059,0.0,2027
ECFP4+stereo,kekule,B,kekule_060,0.0,2027
ECFP4+stereo,kekule,B,kekule_061,0.0,2027
ECFP4+stereo,kekule,B,kekule_062,0.0,2027
ECFP4+stereo,kekule,B,kekule_063,0.0,2027
ECFP4+stereo,kekule,B,kekule_064,0.0,2027
ECFP4+stereo,kekule,B,kekule_065,0.0,2027
ECFP4+stereo,kekule,B,kekule_066,0.0,2027
ECFP4+stereo,kekule,B,kekule_067,0.0,2027
ECFP4+stereo,kekule,B,kekule_068,0.0,2027
ECFP4+stereo,kekule,B,kekule_069,0.0,2027
ECFP4+stereo,kekule,B,kekule_070,0.0,2027
ECFP4+stereo,kekule,B,kekule_071,0.0,2027
ECFP4+stereo,kekule,B,kekule_072,0.0,2027
ECFP4+stereo,kekule,B,kekule_073,0.0,2027
ECFP4+stereo,kekule,B,kekule_074,0.0,2027
ECFP4+stereo,kekule,B,kekule_075,0.0,2027
ECFP4+stereo,kekule,B,kekule_076,0.0,2027
ECFP4+stereo,kekule,B,kekule_077,0.0,2027
ECFP4+stereo,kekule,B,kekule_078,0.0,2027
ECFP4+stereo,kekule,B,kekule_079,0.0,2027
ECFP4+stereo,kekule,B,kekule_080,0.0,2027
ECFP4+stereo,kekule,B,kekule_081,0.0,2027
ECFP4+stereo,kekule,B,kekule_082,0.0,2027
ECFP4+stereo,kekule,B,kekule_083,0.0,2027
ECFP4+stereo,kekule,B,kekule_084,0.0,2027
ECFP4+stereo,kekule,B,kekule_085,0.0,2027
ECFP4+stereo,kekule,B,kekule_086,0.0,2027
ECFP4+stereo,kekule,B,kekule_087,0.0,2027
ECFP4+stereo,kekule,B,kekule_088,0.0,2027
ECFP4+stereo,kekule,B,kekule_089,0.0,2027
ECFP4+stereo,kekule,B,kekule_090,0.0,2027
ECFP4+stereo,kekule,B,kekule_091,0.0,2027
ECFP4+stereo,kekule,B,kekule_092,0.0,2027
ECFP4+stereo,kekule,B,kekule_093,0.0,2027
ECFP4+stereo,kekule,B,kekule_094,0.0,2027
ECFP4+stereo,kekule,B,kekule_095,0.0,2027
ECFP4+stereo,kekule,B,kekule_096,0.0,2027
ECFP4+stereo,kekule,B,kekule_097,0.0,2027
ECFP4+stereo,kekule,B,kekule_098,0.0,2027
ECFP4+stereo,kekule,B,kekule_099,0.0,2027
ECFP4+stereo,symmetry_equivalent,B,symmetry_equivalent_000,0.0,2027
ECFP4+stereo,symmetry_equivalent,B,symmetry_equivalent_001,0.0,2027
ECFP4+stereo,symmetry_equivalent,B,symmetry_equivalent_002,0.0,2027
ECFP4+stereo,symmetry_equivalent,B,symmetry_equivalent_003,0.0,2027
ECFP4+stereo,symmetry_equivalent,B,symmetry_equivalent_004,0.0,2027
ECFP4+stereo,symmetry_equivalent,B,symmetry_equivalent_005,0.0,2027
ECFP4+stereo,symmetry_equivalent,B,symmetry_equivalent_006,0.0,2027
ECFP4+stereo,symmetry_equivalent,B,symmetry_equivalent_007,0.0,2027
ECFP4+stereo,symmetry_equivalent,B,symmetry_equivalent_008,0.0,2027
ECFP4+stereo,symmetry_equivalent,B,symmetry_equivalent_009,0.0,2027
ECFP4+stereo,symmetry_equivalent,B,symmetry_equivalent_010,0.0,2027
ECFP4+stereo,symmetry_equivalent,B,symmetry_equivalent_011,0.0,2027
ECFP4+stereo,symmetry_equivalent,B,symmetry_equivalent_012,0.0,2027
ECFP4+stereo,symmetry_equivalent,B,symmetry_equivalent_013,0.0,2027
ECFP4+stereo,symmetry_equivalent,B,symmetry_equivalent_014,0.0,2027
ECFP4+stereo,symmetry_equivalent,B,symmetry_equivalent_015,0.0,2027
ECFP4+stereo,symmetry_equivalent,B,symmetry_equivalent_016,0.0,2027
ECFP4+stereo,symmetry_equivalent,B,symmetry_equivalent_017,0.0,2027
ECFP4+stereo,symmetry_equivalent,B,symmetry_equivalent_018,0.0,2027
ECFP4+stereo,symmetry_equivalent,B,symmetry_equivalent_019,0.0,2027
ECFP4+stereo,symmetry_equivalent,B,symmetry_equivalent_020,0.0,2027
ECFP4+stereo,symmetry_equivalent,B,symmetry_equivalent_021,0.0,2027
ECFP4+stereo,symmetry_equivalent,B,symmetry_equivalent_022,0.0,2027
ECFP4+stereo,symmetry_equivalent,B,symmetry_equivalent_023,0.0,2027
ECFP4+stereo,symmetry_equivalent,B,symmetry_equivalent_024,0.0,2027
ECFP4+stereo,symmetry_equivalent,B,symmetry_equivalent_025,0.0,2027
ECFP4+stereo,symmetry_equivalent,B,symmetry_equivalent_026,0.0,2027
ECFP4+stereo,symmetry_equivalent,B,symmetry_equivalent_027,0.0,2027
ECFP4+stereo,symmetry_equivalent,B,symmetry_equivalent_028,0.0,2027
ECFP4+stereo,symmetry_equivalent,B,symmetry_equivalent_029,0.0,2027
ECFP4+stereo,symmetry_equivalent,B,symmetry_equivalent_030,0.0,2027
ECFP4+stereo,symmetry_equivalent,B,symmetry_equivalent_031,0.0,2027
ECFP4+stereo,symmetry_equivalent,B,symmetry_equivalent_032,0.0,2027
ECFP4+stereo,symmetry_equivalent,B,symmetry_equivalent_033,0.0,2027
ECFP4+stereo,symmetry_equivalent,B,symmetry_equivalent_034,0.0,2027
ECFP4+stereo,symmetry_equivalent,B,symmetry_equivalent_035,0.0,2027
ECFP4+stereo,symmetry_equivalent,B,symmetry_equivalent_036,0.0,2027
ECFP4+stereo,symmetry_equivalent,B,symmetry_equivalent_037,0.0,2027
ECFP4+stereo,symmetry_equivalent,B,symmetry_equivalent_038,0.0,2027
ECFP4+stereo,symmetry_equivalent,B,symmetry_equivalent_039,0.0,2027
ECFP4+stereo,symmetry_equivalent,B,symmetry_equivalent_040,0.0,2027
ECFP4+stereo,symmetry_equivalent,B,symmetry_equivalent_041,0.0,2027
ECFP4+stereo,symmetry_equivalent,B,symmetry_equivalent_042,0.0,2027
ECFP4+stereo,symmetry_equivalent,B,symmetry_equivalent_043,0.0,2027
ECFP4+stereo,symmetry_equivalent,B,symmetry_equivalent_044,0.0,2027
ECFP4+stereo,symmetry_equivalent,B,symmetry_equivalent_045,0.0,2027
ECFP4+stereo,symmetry_equivalent,B,symmetry_equivalent_046,0.0,2027
ECFP4+stereo,symmetry_equivalent,B,symmetry_equivalent_047,0.0,2027
ECFP4+stereo,symmetry_equivalent,B,symmetry_equivalent_048,0.0,2027
ECFP4+stereo,symmetry_equivalent,B,symmetry_equivalent_049,0.0,2027
ECFP4+stereo,symmetry_equivalent,B,symmetry_equivalent_050,0.0,2027
ECFP4+stereo,symmetry_equivalent,B,symmetry_equivalent_051,0.0,2027
ECFP4+stereo,symmetry_equivalent,B,symmetry_equivalent_052,0.0,2027
ECFP4+stereo,symmetry_equivalent,B,symmetry_equivalent_053,0.0,2027
ECFP4+stereo,symmetry_equivalent,B,symmetry_equivalent_054,0.0,2027
ECFP4+stereo,symmetry_equivalent,B,symmetry_equivalent_055,0.0,2027
ECFP4+stereo,symmetry_equivalent,B,symmetry_equivalent_056,0.0,2027
ECFP4+stereo,symmetry_equivalent,B,symmetry_equivalent_057,0.0,2027
ECFP4+stereo,symmetry_equivalent,B,symmetry_equivalent_058,0.0,2027
ECFP4+stereo,symmetry_equivalent,B,symmetry_equivalent_059,0.0,2027
ECFP4+stereo,symmetry_equivalent,B,symmetry_equivalent_060,0.0,2027
ECFP4+stereo,symmetry_equivalent,B,symmetry_equivalent_061,0.0,2027
ECFP4+stereo,symmetry_equivalent,B,symmetry_equivalent_062,0.0,2027
ECFP4+stereo,symmetry_equivalent,B,symmetry_equivalent_063,0.0,2027
ECFP4+stereo,symmetry_equivalent,B,symmetry_equivalent_064,0.0,2027
ECFP4+stereo,symmetry_equivalent,B,symmetry_equivalent_065,0.0,2027
ECFP4+stereo,symmetry_equivalent,B,symmetry_equivalent_066,0.0,2027
ECFP4+stereo,symmetry_equivalent,B,symmetry_equivalent_067,0.0,2027
ECFP4+stereo,symmetry_equivalent,B,symmetry_equivalent_068,0.0,2027
ECFP4+stereo,symmetry_equivalent,B,symmetry_equivalent_069,0.0,2027
ECFP4+stereo,symmetry_equivalent,B,symmetry_equivalent_070,0.0,2027
ECFP4+stereo,symmetry_equivalent,B,symmetry_equivalent_071,0.0,2027
ECFP4+stereo,symmetry_equivalent,B,symmetry_equivalent_072,0.0,2027
ECFP4+stereo,symmetry_equivalent,B,symmetry_equivalent_073,0.0,2027
ECFP4+stereo,symmetry_equivalent,B,symmetry_equivalent_074,0.0,2027
ECFP4+stereo,symmetry_equivalent,B,symmetry_equivalent_075,0.0,2027
ECFP4+stereo,symmetry_equivalent,B,symmetry_equivalent_076,0.0,2027
ECFP4+stereo,symmetry_equivalent,B,symmetry_equivalent_077,0.0,2027
ECFP4+stereo,symmetry_equivalent,B,symmetry_equivalent_078,0.0,2027
ECFP4+stereo,symmetry_equivalent,B,symmetry_equivalent_079,0.0,2027
ECFP4+stereo,symmetry_equivalent,B,symmetry_equivalent_080,0.0,2027
ECFP4+stereo,symmetry_equivalent,B,symmetry_equivalent_081,0.0,2027
ECFP4+stereo,symmetry_equivalent,B,symmetry_equivalent_082,0.0,2027
ECFP4+stereo,symmetry_equivalent,B,symmetry_equivalent_083,0.0,2027
ECFP4+stereo,symmetry_equivalent,B,symmetry_equivalent_084,0.0,2027
ECFP4+stereo,symmetry_equivalent,B,symmetry_equivalent_085,0.0,2027
ECFP4+stereo,symmetry_equivalent,B,symmetry_equivalent_086,0.0,2027
ECFP4+stereo,symmetry_equivalent,B,symmetry_equivalent_087,0.0,2027
ECFP4+stereo,symmetry_equivalent,B,symmetry_equivalent_088,0.0,2027
ECFP4+stereo,symmetry_equivalent,B,symmetry_equivalent_089,0.0,2027
ECFP4+stereo,symmetry_equivalent,B,symmetry_equivalent_090,0.0,2027
ECFP4+stereo,symmetry_equivalent,B,symmetry_equivalent_091,0.0,2027
ECFP4+stereo,symmetry_equivalent,B,symmetry_equivalent_092,0.0,2027
ECFP4+stereo,symmetry_equivalent,B,symmetry_equivalent_093,0.0,2027
ECFP4+stereo,symmetry_equivalent,B,symmetry_equivalent_094,0.0,2027
ECFP4+stereo,symmetry_equivalent,B,symmetry_equivalent_095,0.0,2027
ECFP4+stereo,symmetry_equivalent,B,symmetry_equivalent_096,0.0,2027
ECFP4+stereo,symmetry_equivalent,B,symmetry_equivalent_097,0.0,2027
ECFP4+stereo,symmetry_equivalent,B,symmetry_equivalent_098,0.0,2027
ECFP4+stereo,symmetry_equivalent,B,symmetry_equivalent_099,0.0,2027
ECFP4+desc,stereo_flip,A,stereo_flip_000,0.24036479152881712,2233
ECFP4+desc,stereo_flip,A,stereo_flip_001,0.7145304184574554,2233
ECFP4+desc,stereo_flip,A,stereo_flip_002,0.8416822629128125,2233
ECFP4+desc,stereo_flip,A,stereo_flip_003,0.8698635621339424,2233
ECFP4+desc,stereo_flip,A,stereo_flip_004,0.5565614577976232,2233
ECFP4+desc,stereo_flip,A,stereo_flip_005,0.8205641601471119,2233
ECFP4+desc,stereo_flip,A,stereo_flip_006,0.5833329499815868,2233
ECFP4+desc,stereo_flip,A,stereo_flip_007,0.7852155300049632,2233
ECFP4+desc,stereo_flip,A,stereo_flip_008,0.7743116391169161,2233
ECFP4+desc,stereo_flip,A,stereo_flip_009,0.7562340416385698,2233
ECFP4+desc,stereo_flip,A,stereo_flip_010,0.7027120179066154,2233
ECFP4+desc,stereo_flip,A,stereo_flip_011,1.1159953953587325,2233
ECFP4+desc,stereo_flip,A,stereo_flip_012,0.5833329499815868,2233
ECFP4+desc,stereo_flip,A,stereo_flip_013,0.2633977256614816,2233
ECFP4+desc,stereo_flip,A,stereo_flip_014,0.7338147117525665,2233
ECFP4+desc,stereo_flip,A,stereo_flip_015,0.28653868364910823,2233
ECFP4+desc,stereo_flip,A,stereo_flip_016,0.20178373665473792,2233
ECFP4+desc,stereo_flip,A,stereo_flip_017,0.9094192257849631,2233
ECFP4+desc,stereo_flip,A,stereo_flip_018,0.6670585732142409,2233
ECFP4+desc,stereo_flip,A,stereo_flip_019,0.12951837621309945,2233
ECFP4+desc,stereo_flip,A,stereo_flip_020,0.3408564002633008,2233
ECFP4+desc,stereo_flip,A,stereo_flip_021,0.44420897058850817,2233
ECFP4+desc,stereo_flip,A,stereo_flip_022,0.7027317541453236,2233
ECFP4+desc,stereo_flip,A,stereo_flip_023,0.755933389433531,2233
ECFP4+desc,stereo_flip,A,stereo_flip_024,0.9643729455412915,2233
ECFP4+desc,stereo_flip,A,stereo_flip_025,0.5565614577976232,2233
ECFP4+desc,stereo_flip,A,stereo_flip_026,0.6176456251205914,2233
ECFP4+desc,stereo_flip,A,stereo_flip_027,0.5475585497656832,2233
ECFP4+desc,stereo_flip,A,stereo_flip_028,0.7147046185615732,2233
ECFP4+desc,stereo_flip,A,stereo_flip_029,0.6278244161644572,2233
ECFP4+desc,stereo_flip,A,stereo_flip_030,0.29290909949644744,2233
ECFP4+desc,stereo_flip,A,stereo_flip_031,0.6712095628415133,2233
ECFP4+desc,stereo_flip,A,stereo_flip_032,0.6177037795839541,2233
ECFP4+desc,stereo_flip,A,stereo_flip_033,0.3948641829563332,2233
ECFP4+desc,stereo_flip,A,stereo_flip_034,0.0,2233
ECFP4+desc,stereo_flip,A,stereo_flip_035,0.3408564002633008,2233
ECFP4+desc,stereo_flip,A,stereo_flip_036,0.7021616874346837,2233
ECFP4+desc,stereo_flip,A,stereo_flip_037,0.5265955509236881,2233
ECFP4+desc,stereo_flip,A,stereo_flip_038,0.5984918820673997,2233
ECFP4+desc,stereo_flip,A,stereo_flip_039,0.0,2233
ECFP4+desc,stereo_flip,A,stereo_flip_040,0.0,2233
ECFP4+desc,stereo_flip,A,stereo_flip_041,0.27718713022034613,2233
ECFP4+desc,stereo_flip,A,stereo_flip_042,0.895971416125332,2233
ECFP4+desc,stereo_flip,A,stereo_flip_043,0.5833329499815868,2233
ECFP4+desc,stereo_flip,A,stereo_flip_044,0.5442116606875622,2233
ECFP4+desc,stereo_flip,A,stereo_flip_045,0.0,2233
ECFP4+desc,stereo_flip,A,stereo_flip_046,0.1583091665800457,2233
ECFP4+desc,stereo_flip,A,stereo_flip_047,0.39083655493286323,2233
ECFP4+desc,stereo_flip,A,stereo_flip_048,0.6118807429708456,2233
ECFP4+desc,stereo_flip,A,stereo_flip_049,0.0,2233
ECFP4+desc,stereo_flip,A,stereo_flip_050,0.7253991415801665,2233
ECFP4+desc,stereo_flip,A,stereo_flip_051,0.0,2233
ECFP4+desc,stereo_flip,A,stereo_flip_052,0.6957259157644687,2233
ECFP4+desc,stereo_flip,A,stereo_flip_053,0.6082621672695293,2233
ECFP4+desc,stereo_flip,A,stereo_flip_054,0.8630143736371502,2233
ECFP4+desc,stereo_flip,A,stereo_flip_055,0.3906576726228737,2233
ECFP4+desc,stereo_flip,A,stereo_flip_056,0.0,2233
ECFP4+desc,stereo_flip,A,stereo_flip_057,0.48276005374207526,2233
ECFP4+desc,stereo_flip,A,stereo_flip_058,0.8758364531152693,2233
ECFP4+desc,stereo_flip,A,stereo_flip_059,0.6002752736491695,2233
ECFP4+desc,stereo_flip,A,stereo_flip_060,0.7216405737879721,2233
ECFP4+desc,stereo_flip,A,stereo_flip_061,0.6014565236945019,2233
ECFP4+desc,stereo_flip,A,stereo_flip_062,0.0900664598661863,2233
ECFP4+desc,stereo_flip,A,stereo_flip_063,1.0019096920080401,2233
ECFP4+desc,stereo_flip,A,stereo_flip_064,0.5692086862693448,2233
ECFP4+desc,stereo_flip,A,stereo_flip_065,0.6289802819339017,2233
ECFP4+desc,stereo_flip,A,stereo_flip_066,0.49465836483083286,2233
ECFP4+desc,stereo_flip,A,stereo_flip_067,0.6686589717410957,2233
ECFP4+desc,stereo_flip,A,stereo_flip_068,0.729511179259472,2233
ECFP4+desc,stereo_flip,A,stereo_flip_069,0.49249942984429196,2233
ECFP4+desc,stereo_flip,A,stereo_flip_070,0.8259842474697877,2233
ECFP4+desc,stereo_flip,A,stereo_flip_071,0.3520380872783752,2233
ECFP4+desc,stereo_flip,A,stereo_flip_072,0.7356921771027247,2233
ECFP4+desc,stereo_flip,A,stereo_flip_073,0.0,2233
ECFP4+desc,stereo_flip,A,stereo_flip_074,0.5345823582525374,2233
ECFP4+desc,stereo_flip,A,stereo_flip_075,0.5136894580924489,2233
ECFP4+desc,stereo_flip,A,stereo_flip_076,0.6707549129464633,2233
ECFP4+desc,stereo_flip,A,stereo_flip_077,0.0,2233
ECFP4+desc,stereo_flip,A,stereo_flip_078,0.7944374023721341,2233
ECFP4+desc,stereo_flip,A,stereo_flip_079,0.7484421450594627,2233
ECFP4+desc,stereo_flip,A,stereo_flip_080,0.767532548134572,2233
ECFP4+desc,stereo_flip,A,stereo_flip_081,0.8582375780541446,2233
ECFP4+desc,stereo_flip,A,stereo_flip_082,0.6275753396486086,2233
ECFP4+desc,stereo_flip,A,stereo_flip_083,0.845245202727125,2233
ECFP4+desc,stereo_flip,A,stereo_flip_084,0.21174736342472955,2233
ECFP4+desc,stereo_flip,A,stereo_flip_085,0.3298343840995627,2233
ECFP4+desc,stereo_flip,A,stereo_flip_086,0.9911677912884875,2233
ECFP4+desc,stereo_flip,A,stereo_flip_087,0.5833329499815868,2233
ECFP4+desc,stereo_flip,A,stereo_flip_088,0.8086263348939444,2233
ECFP4+desc,stereo_flip,A,stereo_flip_089,0.8555400132663317,2233
ECFP4+desc,stereo_flip,A,stereo_flip_090,0.8808819148033734,2233
ECFP4+desc,stereo_flip,A,stereo_flip_091,0.21994271003490046,2233
ECFP4+desc,stereo_flip,A,stereo_flip_092,0.0,2233
ECFP4+desc,stereo_flip,A,stereo_flip_093,0.8098005759558798,2233
ECFP4+desc,stereo_flip,A,stereo_flip_094,0.0,2233
ECFP4+desc,stereo_flip,A,stereo_flip_095,0.17117163160677407,2233
ECFP4+desc,stereo_flip,A,stereo_flip_096,0.8452592284958428,2233
ECFP4+desc,stereo_flip,A,stereo_flip_097,0.8582603218543965,2233
ECFP4+desc,stereo_flip,A,stereo_flip_098,0.40064787687506426,2233
ECFP4+desc,stereo_flip,A,stereo_flip_099,0.7998283684699004,2233
ECFP4+desc,ez_flip,A,ez_flip_000,0.9624952881489849,2233
ECFP4+desc,ez_flip,A,ez_flip_001,0.897598361940979,2233
ECFP4+desc,ez_flip,A,ez_flip_002,0.4800916269706714,2233
ECFP4+desc,ez_flip,A,ez_flip_003,1.03748542109863,2233
ECFP4+desc,ez_flip,A,ez_flip_004,0.9687171851759108,2233
ECFP4+desc,ez_flip,A,ez_flip_005,0.5545408001295798,2233
ECFP4+desc,ez_flip,A,ez_flip_006,0.4800916269706714,2233
ECFP4+desc,ez_flip,A,ez_flip_007,0.8138022341457505,2233
ECFP4+desc,ez_flip,A,ez_flip_008,0.897598361940979,2233
ECFP4+desc,ez_flip,A,ez_flip_009,0.9341145540376741,2233
ECFP4+desc,ez_flip,A,ez_flip_010,0.6223739928143047,2233
ECFP4+desc,ez_flip,A,ez_flip_011,0.771208283515353,2233
ECFP4+desc,ez_flip,A,ez_flip_012,0.9532957391161729,2233
ECFP4+desc,ez_flip,A,ez_flip_013,0.9060287588474745,2233
ECFP4+desc,ez_flip,A,ez_flip_014,1.1023447266095832,2233
ECFP4+desc,ez_flip,A,ez_flip_015,1.003960372717281,2233
ECFP4+desc,ez_flip,A,ez_flip_016,1.0327417718435186,2233
ECFP4+desc,ez_flip,A,ez_flip_017,0.8037847640733344,2233
ECFP4+desc,ez_flip,A,ez_flip_018,0.8425333756830135,2233
ECFP4+desc,ez_flip,A,ez_flip_019,0.9060287588474745,2233
ECFP4+desc,ez_flip,A,ez_flip_020,1.0609609582045685,2233
ECFP4+desc,ez_flip,A,ez_flip_021,1.0119829426401727,2233
ECFP4+desc,ez_flip,A,ez_flip_022,0.9760707653088053,2233
ECFP4+desc,ez_flip,A,ez_flip_023,0.8789551105577262,2233
ECFP4+desc,ez_flip,A,ez_flip_024,0.9938333108645884,2233
ECFP4+desc,ez_flip,A,ez_flip_025,1.061264219098759,2233
ECFP4+desc,ez_flip,A,ez_flip_026,1.0327417718435186,2233
ECFP4+desc,ez_flip,A,ez_flip_027,0.7786366458833127,2233
ECFP4+desc,ez_flip,A,ez_flip_028,0.9209711479681771,2233
ECFP4+desc,ez_flip,A,ez_flip_029,0.8741867218517636,2233
ECFP4+desc,ez_flip,A,ez_flip_030,0.7894682743973487,2233
ECFP4+desc,ez_flip,A,ez_flip_031,0.8013278825562943,2233
ECFP4+desc,ez_flip,A,ez_flip_032,1.0404964898797733,2233
ECFP4+desc,ez_flip,A,ez_flip_033,0.4800916269706714,2233
ECFP4+desc,ez_flip,A,ez_flip_034,0.8906041368458045,2233
ECFP4+desc,ez_flip,A,ez_flip_035,1.1637159834621398,2233
ECFP4+desc,ez_flip,A,ez_flip_036,0.7333057016307535,2233
ECFP4+desc,ez_flip,A,ez_flip_037,0.9657113183676297,2233
ECFP4+desc,ez_flip,A,ez_flip_038,1.1941478944086272,2233
ECFP4+desc,ez_flip,A,ez_flip_039,0.9196524203426741,2233
ECFP4+desc,ez_flip,A,ez_flip_040,1.1486888424221189,2233
ECFP4+desc,ez_flip,A,ez_flip_041,0.7361290073113808,2233
ECFP4+desc,ez_flip,A,ez_flip_042,0.7779167025045719,2233
ECFP4+desc,ez_flip,A,ez_flip_043,1.0899857887673192,2233
ECFP4+desc,ez_flip,A,ez_flip_044,1.0652339206533734,2233
ECFP4+desc,ez_flip,A,ez_flip_045,0.908582150874601,2233
ECFP4+desc,ez_flip,A,ez_flip_046,0.8227469049376169,2233
ECFP4+desc,ez_flip,A,ez_flip_047,0.8063033742029136,2233
ECFP4+desc,ez_flip,A,ez_flip_048,1.095358694134228,2233
ECFP4+desc,ez_flip,A,ez_flip_049,0.8179710665206537,2233
ECFP4+desc,ez_flip,A,ez_flip_050,0.9119922098016455,2233
ECFP4+desc,ez_flip,A,ez_flip_051,1.1766046580023606,2233
ECFP4+desc,ez_flip,A,ez_flip_052,0.9694966586857162,2233
ECFP4+desc,ez_flip,A,ez_flip_053,0.7174559347697768,2233
ECFP4+desc,ez_flip,A,ez_flip_054,0.9254562374882926,2233
ECFP4+desc,ez_flip,A,ez_flip_055,0.5201577376668362,2233
ECFP4+desc,ez_flip,A,ez_flip_056,0.5070945867895665,2233
ECFP4+desc,ez_flip,A,ez_flip_057,1.0701469249456044,2233
ECFP4+desc,ez_flip,A,ez_flip_058,0.7580441962736864,2233
ECFP4+desc,ez_flip,A,ez_flip_059,0.6166468545665094,2233
ECFP4+desc,ez_flip,A,ez_flip_060,1.1498624771882602,2233
ECFP4+desc,ez_flip,A,ez_flip_061,1.399828628394698,2233
ECFP4+desc,ez_flip,A,ez_flip_062,0.6897406442451128,2233
ECFP4+desc,ez_flip,A,ez_flip_063,0.830636810476894,2233
ECFP4+desc,ez_flip,A,ez_flip_064,1.0712312858208333,2233
ECFP4+desc,ez_flip,A,ez_flip_065,0.8663597206231153,2233
ECFP4+desc,ez_flip,A,ez_flip_066,0.9320324311645556,2233
ECFP4+desc,ez_flip,A,ez_flip_067,0.9772745580995705,2233
ECFP4+desc,ez_flip,A,ez_flip_068,0.8503313249758484,2233
ECFP4+desc,ez_flip,A,ez_flip_069,0.9938333108645884,2233
ECFP4+desc,ez_flip,A,ez_flip_070,0.7839193632784217,2233
ECFP4+desc,ez_flip,A,ez_flip_071,0.8328314118024529,2233
ECFP4+desc,ez_flip,A,ez_flip_072,1.1023447266095832,2233
ECFP4+desc,ez_flip,A,ez_flip_073,0.9660729677382446,2233
ECFP4+desc,ez_flip,A,ez_flip_074,0.8741867218517636,2233
ECFP4+desc,ez_flip,A,ez_flip_075,1.1534105287620298,2233
ECFP4+desc,ez_flip,A,ez_flip_076,1.1023447266095832,2233
ECFP4+desc,ez_flip,A,ez_flip_077,0.6938960427218104,2233
ECFP4+desc,ez_flip,A,ez_flip_078,0.8181336217760156,2233
ECFP4+desc,ez_flip,A,ez_flip_079,0.528227704290066,2233
ECFP4+desc,ez_flip,A,ez_flip_080,0.9254562374882926,2233
ECFP4+desc,ez_flip,A,ez_flip_081,0.8181336217760156,2233
ECFP4+desc,ez_flip,A,ez_flip_082,1.1023447266095832,2233
ECFP4+desc,ez_flip,A,ez_flip_083,0.6979923323953721,2233
ECFP4+desc,ez_flip,A,ez_flip_084,0.7278909596263485,2233
ECFP4+desc,ez_flip,A,ez_flip_085,0.9872615731783877,2233
ECFP4+desc,ez_flip,A,ez_flip_086,0.8005535642731726,2233
ECFP4+desc,ez_flip,A,ez_flip_087,0.9572963364043093,2233
ECFP4+desc,ez_flip,A,ez_flip_088,1.0701469249456044,2233
ECFP4+desc,ez_flip,A,ez_flip_089,0.49253575366948055,2233
ECFP4+desc,ez_flip,A,ez_flip_090,0.8364668194186609,2233
ECFP4+desc,ez_flip,A,ez_flip_091,0.9994761861916296,2233
ECFP4+desc,ez_flip,A,ez_flip_092,0.9616951829429072,2233
ECFP4+desc,ez_flip,A,ez_flip_093,0.4800916269706714,2233
ECFP4+desc,ez_flip,A,ez_flip_094,0.9869850003617523,2233
ECFP4+desc,ez_flip,A,ez_flip_095,0.7754750341537047,2233
ECFP4+desc,ez_flip,A,ez_flip_096,0.4800916269706714,2233
ECFP4+desc,ez_flip,A,ez_flip_097,0.9179254362124862,2233
ECFP4+desc,ez_flip,A,ez_flip_098,0.8741867218517636,2233
ECFP4+desc,ez_flip,A,ez_flip_099,0.528227704290066,2233
ECFP4+desc,c_to_n,A,c_to_n_000,0.9286449721421978,2233
ECFP4+desc,c_to_n,A,c_to_n_001,0.5514623441956884,2233
ECFP4+desc,c_to_n,A,c_to_n_002,0.7409314441792751,2233
ECFP4+desc,c_to_n,A,c_to_n_003,0.6868812515280963,2233
ECFP4+desc,c_to_n,A,c_to_n_004,0.5740744333606189,2233
ECFP4+desc,c_to_n,A,c_to_n_005,0.8503348733440856,2233
ECFP4+desc,c_to_n,A,c_to_n_006,1.075792206906523,2233
ECFP4+desc,c_to_n,A,c_to_n_007,0.6754317624903707,2233
ECFP4+desc,c_to_n,A,c_to_n_008,0.6031109841742319,2233
ECFP4+desc,c_to_n,A,c_to_n_009,0.5015847534084866,2233
ECFP4+desc,c_to_n,A,c_to_n_010,0.5740741690298181,2233
ECFP4+desc,c_to_n,A,c_to_n_011,0.6119258139184838,2233
ECFP4+desc,c_to_n,A,c_to_n_012,0.6563403994282989,2233
ECFP4+desc,c_to_n,A,c_to_n_013,0.4349464862969564,2233
ECFP4+desc,c_to_n,A,c_to_n_014,0.5635092075507485,2233
ECFP4+desc,c_to_n,A,c_to_n_015,0.6184139918805306,2233
ECFP4+desc,c_to_n,A,c_to_n_016,0.8219154605540404,2233
ECFP4+desc,c_to_n,A,c_to_n_017,0.7945916215907008,2233
ECFP4+desc,c_to_n,A,c_to_n_018,0.9156954449660469,2233
ECFP4+desc,c_to_n,A,c_to_n_019,1.0856321662686255,2233
ECFP4+desc,c_to_n,A,c_to_n_020,0.7826703445389166,2233
ECFP4+desc,c_to_n,A,c_to_n_021,0.8471220877716118,2233
ECFP4+desc,c_to_n,A,c_to_n_022,0.9746724588159899,2233
ECFP4+desc,c_to_n,A,c_to_n_023,0.7833346191186683,2233
ECFP4+desc,c_to_n,A,c_to_n_024,0.5717853472915737,2233
ECFP4+desc,c_to_n,A,c_to_n_025,0.695351639691921,2233
ECFP4+desc,c_to_n,A,c_to_n_026,0.6538506093519358,2233
ECFP4+desc,c_to_n,A,c_to_n_027,0.7817518202764939,2233
ECFP4+desc,c_to_n,A,c_to_n_028,0.530430907078958,2233
ECFP4+desc,c_to_n,A,c_to_n_029,0.7365510522995051,2233
ECFP4+desc,c_to_n,A,c_to_n_030,0.7022127717627291,2233
ECFP4+desc,c_to_n,A,c_to_n_031,0.7131067479401381,2233
ECFP4+desc,c_to_n,A,c_to_n_032,0.5611822920074215,2233
ECFP4+desc,c_to_n,A,c_to_n_033,0.6100938699550716,2233
ECFP4+desc,c_to_n,A,c_to_n_034,0.6703967980568378,2233
ECFP4+desc,c_to_n,A,c_to_n_035,0.8068146778629274,2233
ECFP4+desc,c_to_n,A,c_to_n_036,0.8625822000172922,2233
ECFP4+desc,c_to_n,A,c_to_n_037,0.4441861644881486,2233
ECFP4+desc,c_to_n,A,c_to_n_038,0.9732436955357308,2233
ECFP4+desc,c_to_n,A,c_to_n_039,1.0005716581354136,2233
ECFP4+desc,c_to_n,A,c_to_n_040,0.7944862840878097,2233
ECFP4+desc,c_to_n,A,c_to_n_041,0.5225043342559059,2233
ECFP4+desc,c_to_n,A,c_to_n_042,0.7323201445061274,2233
ECFP4+desc,c_to_n,A,c_to_n_043,0.5966624866633159,2233
ECFP4+desc,c_to_n,A,c_to_n_044,0.9737580356309917,2233
ECFP4+desc,c_to_n,A,c_to_n_045,0.6690443572944048,2233
ECFP4+desc,c_to_n,A,c_to_n_046,0.77395117539419,2233
ECFP4+desc,c_to_n,A,c_to_n_047,0.9065786101315815,2233
ECFP4+desc,c_to_n,A,c_to_n_048,0.6884946034147554,2233
ECFP4+desc,c_to_n,A,c_to_n_049,0.6958671020709685,2233
ECFP4+desc,c_to_n,A,c_to_n_050,0.8282506182484763,2233
ECFP4+desc,c_to_n,A,c_to_n_051,0.7248420683390315,2233
ECFP4+desc,c_to_n,A,c_to_n_052,0.77712264508874,2233
ECFP4+desc,c_to_n,A,c_to_n_053,0.6681711875594698,2233
ECFP4+desc,c_to_n,A,c_to_n_054,0.6340220140002982,2233
ECFP4+desc,c_to_n,A,c_to_n_055,0.6890651178283747,2233
ECFP4+desc,c_to_n,A,c_to_n_056,0.6475330070855339,2233
ECFP4+desc,c_to_n,A,c_to_n_057,0.5478676968022852,2233
ECFP4+desc,c_to_n,A,c_to_n_058,0.5095545680461395,2233
ECFP4+desc,c_to_n,A,c_to_n_059,0.7213656290151523,2233
ECFP4+desc,c_to_n,A,c_to_n_060,0.6754633278302892,2233
ECFP4+desc,c_to_n,A,c_to_n_061,1.0398244651587618,2233
ECFP4+desc,c_to_n,A,c_to_n_062,0.7099010373830698,2233
ECFP4+desc,c_to_n,A,c_to_n_063,0.7662884660179023,2233
ECFP4+desc,c_to_n,A,c_to_n_064,0.43282126502667156,2233
ECFP4+desc,c_to_n,A,c_to_n_065,0.5331970127533164,2233
ECFP4+desc,c_to_n,A,c_to_n_066,0.5300350593814857,2233
ECFP4+desc,c_to_n,A,c_to_n_067,0.6183495620342032,2233
ECFP4+desc,c_to_n,A,c_to_n_068,0.9536703941922565,2233
ECFP4+desc,c_to_n,A,c_to_n_069,0.8336792495661133,2233
ECFP4+desc,c_to_n,A,c_to_n_070,0.4929980133466184,2233
ECFP4+desc,c_to_n,A,c_to_n_071,0.6574861475438374,2233
ECFP4+desc,c_to_n,A,c_to_n_072,0.7281274382394204,2233
ECFP4+desc,c_to_n,A,c_to_n_073,0.688020721709548,2233
ECFP4+desc,c_to_n,A,c_to_n_074,0.6067702918708818,2233
ECFP4+desc,c_to_n,A,c_to_n_075,0.8808963283833927,2233
ECFP4+desc,c_to_n,A,c_to_n_076,1.0207733958294647,2233
ECFP4+desc,c_to_n,A,c_to_n_077,0.8922811748832895,2233
ECFP4+desc,c_to_n,A,c_to_n_078,0.8452283137459429,2233
ECFP4+desc,c_to_n,A,c_to_n_079,0.5610914840674784,2233
ECFP4+desc,c_to_n,A,c_to_n_080,0.6420743750917356,2233
ECFP4+desc,c_to_n,A,c_to_n_081,0.7469047175388077,2233
ECFP4+desc,c_to_n,A,c_to_n_082,0.599790029798289,2233
ECFP4+desc,c_to_n,A,c_to_n_083,0.8088316368590938,2233
ECFP4+desc,c_to_n,A,c_to_n_084,0.7730582530002285,2233
ECFP4+desc,c_to_n,A,c_to_n_085,0.4411475671509647,2233
ECFP4+desc,c_to_n,A,c_to_n_086,0.6887873642718437,2233
ECFP4+desc,c_to_n,A,c_to_n_087,0.7511354208950833,2233
ECFP4+desc,c_to_n,A,c_to_n_088,0.7575505174966256,2233
ECFP4+desc,c_to_n,A,c_to_n_089,0.81336298902458,2233
ECFP4+desc,c_to_n,A,c_to_n_090,0.6746315624798298,2233
ECFP4+desc,c_to_n,A,c_to_n_091,0.6649480202028613,2233
ECFP4+desc,c_to_n,A,c_to_n_092,0.6200520829489174,2233
ECFP4+desc,c_to_n,A,c_to_n_093,0.5323844633806003,2233
ECFP4+desc,c_to_n,A,c_to_n_094,0.7196714232098956,2233
ECFP4+desc,c_to_n,A,c_to_n_095,0.6906642701073249,2233
ECFP4+desc,c_to_n,A,c_to_n_096,1.1654048964872894,2233
ECFP4+desc,c_to_n,A,c_to_n_097,0.2754682022421808,2233
ECFP4+desc,c_to_n,A,c_to_n_098,0.671116367923266,2233
ECFP4+desc,c_to_n,A,c_to_n_099,0.5468988561450829,2233
ECFP4+desc,add_methyl,A,add_methyl_000,0.7560068714553395,2233
ECFP4+desc,add_methyl,A,add_methyl_001,0.5732504068619706,2233
ECFP4+desc,add_methyl,A,add_methyl_002,0.7288918523119974,2233
ECFP4+desc,add_methyl,A,add_methyl_003,0.5796757509812532,2233
ECFP4+desc,add_methyl,A,add_methyl_004,0.6332306437922486,2233
ECFP4+desc,add_methyl,A,add_methyl_005,0.7927112519417965,2233
ECFP4+desc,add_methyl,A,add_methyl_006,0.657134153630517,2233
ECFP4+desc,add_methyl,A,add_methyl_007,0.5981100933344726,2233
ECFP4+desc,add_methyl,A,add_methyl_008,0.6742361183537959,2233
ECFP4+desc,add_methyl,A,add_methyl_009,1.0692558194605577,2233
ECFP4+desc,add_methyl,A,add_methyl_010,0.4024493909592826,2233
ECFP4+desc,add_methyl,A,add_methyl_011,0.6746770240664733,2233
ECFP4+desc,add_methyl,A,add_methyl_012,0.5259534723242308,2233
ECFP4+desc,add_methyl,A,add_methyl_013,0.4428673893751408,2233
ECFP4+desc,add_methyl,A,add_methyl_014,0.7443199031867347,2233
ECFP4+desc,add_methyl,A,add_methyl_015,0.7352536985747163,2233
ECFP4+desc,add_methyl,A,add_methyl_016,0.5910736050288676,2233
ECFP4+desc,add_methyl,A,add_methyl_017,0.46810226173953917,2233
ECFP4+desc,add_methyl,A,add_methyl_018,0.46681954712194423,2233
ECFP4+desc,add_methyl,A,add_methyl_019,1.0611411700518103,2233
ECFP4+desc,add_methyl,A,add_methyl_020,0.9551811958573998,2233
ECFP4+desc,add_methyl,A,add_methyl_021,0.4757023251466924,2233
ECFP4+desc,add_methyl,A,add_methyl_022,0.5792296519471534,2233
ECFP4+desc,add_methyl,A,add_methyl_023,0.7999761268741964,2233
ECFP4+desc,add_methyl,A,add_methyl_024,0.6398339061187875,2233
ECFP4+desc,add_methyl,A,add_methyl_025,0.5252443532886312,2233
ECFP4+desc,add_methyl,A,add_methyl_026,0.7610176746329382,2233
ECFP4+desc,add_methyl,A,add_methyl_027,0.80241397778545,2233
ECFP4+desc,add_methyl,A,add_methyl_028,0.534123835652698,2233
ECFP4+desc,add_methyl,A,add_methyl_029,0.8098173438359487,2233
ECFP4+desc,add_methyl,A,add_methyl_030,0.5659979833474725,2233
ECFP4+desc,add_methyl,A,add_methyl_031,0.7801145038219827,2233
ECFP4+desc,add_methyl,A,add_methyl_032,0.6874520934408723,2233
ECFP4+desc,add_methyl,A,add_methyl_033,0.8120883308534761,2233
ECFP4+desc,add_methyl,A,add_methyl_034,0.6392637803983191,2233
ECFP4+desc,add_methyl,A,add_methyl_035,0.7754063541515381,2233
ECFP4+desc,add_methyl,A,add_methyl_036,0.5825330825114075,2233
ECFP4+desc,add_methyl,A,add_methyl_037,0.4172927703756159,2233
ECFP4+desc,add_methyl,A,add_methyl_038,0.5753039590781488,2233
ECFP4+desc,add_methyl,A,add_methyl_039,0.8410864936162941,2233
ECFP4+desc,add_methyl,A,add_methyl_040,0.6054271934148314,2233
ECFP4+desc,add_methyl,A,add_methyl_041,0.679843766920342,2233
ECFP4+desc,add_methyl,A,add_methyl_042,0.8306269237798249,2233
ECFP4+desc,add_methyl,A,add_methyl_043,0.6583781376295829,2233
ECFP4+desc,add_methyl,A,add_methyl_044,1.1455899456016434,2233
ECFP4+desc,add_methyl,A,add_methyl_045,0.6928272077837065,2233
ECFP4+desc,add_methyl,A,add_methyl_046,0.8739257311370006,2233
ECFP4+desc,add_methyl,A,add_methyl_047,0.5695812936001243,2233
ECFP4+desc,add_methyl,A,add_methyl_048,0.7832660721324713,2233
ECFP4+desc,add_methyl,A,add_methyl_049,0.6012529637117774,2233
ECFP4+desc,add_methyl,A,add_methyl_050,0.8183806189070744,2233
ECFP4+desc,add_methyl,A,add_methyl_051,0.8947360466539662,2233
ECFP4+desc,add_methyl,A,add_methyl_052,0.7403239646405038,2233
ECFP4+desc,add_methyl,A,add_methyl_053,0.9797528717612635,2233
ECFP4+desc,add_methyl,A,add_methyl_054,0.8924943952959479,2233
ECFP4+desc,add_methyl,A,add_methyl_055,0.7935999481678392,2233
ECFP4+desc,add_methyl,A,add_methyl_056,0.8738198738877143,2233
ECFP4+desc,add_methyl,A,add_methyl_057,0.6122636036749729,2233
ECFP4+desc,add_methyl,A,add_methyl_058,0.49032793215874965,2233
ECFP4+desc,add_methyl,A,add_methyl_059,0.9903900446266294,2233
ECFP4+desc,add_methyl,A,add_methyl_060,0.6192456735368181,2233
ECFP4+desc,add_methyl,A,add_methyl_061,1.2259210092989108,2233
ECFP4+desc,add_methyl,A,add_methyl_062,0.6940542790223133,2233
ECFP4+desc,add_methyl,A,add_methyl_063,0.7141100600191985,2233
ECFP4+desc,add_methyl,A,add_methyl_064,0.37923912191536946,2233
ECFP4+desc,add_methyl,A,add_methyl_065,0.39996181693547167,2233
ECFP4+desc,add_methyl,A,add_methyl_066,0.725317244345923,2233
ECFP4+desc,add_methyl,A,add_methyl_067,0.6030116890554305,2233
ECFP4+desc,add_methyl,A,add_methyl_068,0.7964042983044479,2233
ECFP4+desc,add_methyl,A,add_methyl_069,0.5751313888408107,2233
ECFP4+desc,add_methyl,A,add_methyl_070,0.6797254210844129,2233
ECFP4+desc,add_methyl,A,add_methyl_071,0.7828880840969847,2233
ECFP4+desc,add_methyl,A,add_methyl_072,0.5449662101941245,2233
ECFP4+desc,add_methyl,A,add_methyl_073,0.7399442786536818,2233
ECFP4+desc,add_methyl,A,add_methyl_074,0.5345845220775597,2233
ECFP4+desc,add_methyl,A,add_methyl_075,0.7921287388698406,2233
ECFP4+desc,add_methyl,A,add_methyl_076,0.6890006963454315,2233
ECFP4+desc,add_methyl,A,add_methyl_077,0.8490866548810341,2233
ECFP4+desc,add_methyl,A,add_methyl_078,0.806631838475708,2233
ECFP4+desc,add_methyl,A,add_methyl_079,0.6829014153545859,2233
ECFP4+desc,add_methyl,A,add_methyl_080,0.7415041169517567,2233
ECFP4+desc,add_methyl,A,add_methyl_081,0.6818196119555096,2233
ECFP4+desc,add_methyl,A,add_methyl_082,0.5035295410316858,2233
ECFP4+desc,add_methyl,A,add_methyl_083,0.8439984368241441,2233
ECFP4+desc,add_methyl,A,add_methyl_084,0.6890107717151694,2233
ECFP4+desc,add_methyl,A,add_methyl_085,0.5470615413842962,2233
ECFP4+desc,add_methyl,A,add_methyl_086,0.7259103712953028,2233
ECFP4+desc,add_methyl,A,add_methyl_087,0.7224286899753825,2233
ECFP4+desc,add_methyl,A,add_methyl_088,0.48683134737753725,2233
ECFP4+desc,add_methyl,A,add_methyl_089,0.8184973173226052,2233
ECFP4+desc,add_methyl,A,add_methyl_090,0.4027826363396707,2233
ECFP4+desc,add_methyl,A,add_methyl_091,0.74447796013767,2233
ECFP4+desc,add_methyl,A,add_methyl_092,0.6464292268808325,2233
ECFP4+desc,add_methyl,A,add_methyl_093,0.4673053936812801,2233
ECFP4+desc,add_methyl,A,add_methyl_094,0.6961873852126678,2233
ECFP4+desc,add_methyl,A,add_methyl_095,0.5632713937583964,2233
ECFP4+desc,add_methyl,A,add_methyl_096,1.0254588373067177,2233
ECFP4+desc,add_methyl,A,add_methyl_097,0.2640653818692226,2233
ECFP4+desc,add_methyl,A,add_methyl_098,0.8960481841706363,2233
ECFP4+desc,add_methyl,A,add_methyl_099,0.38303434916288354,2233
ECFP4+desc,add_fluorine,A,add_fluorine_000,0.8252356595100824,2233
ECFP4+desc,add_fluorine,A,add_fluorine_001,0.46431189080098373,2233
ECFP4+desc,add_fluorine,A,add_fluorine_002,0.6711289237158579,2233
ECFP4+desc,add_fluorine,A,add_fluorine_003,0.655336485089785,2233
ECFP4+desc,add_fluorine,A,add_fluorine_004,0.6200619626365479,2233
ECFP4+desc,add_fluorine,A,add_fluorine_005,0.7450885497151327,2233
ECFP4+desc,add_fluorine,A,add_fluorine_006,0.7161442281621473,2233
ECFP4+desc,add_fluorine,A,add_fluorine_007,0.7676260867900259,2233
ECFP4+desc,add_fluorine,A,add_fluorine_008,0.6322068588415548,2233
ECFP4+desc,add_fluorine,A,add_fluorine_009,1.0696754012325123,2233
ECFP4+desc,add_fluorine,A,add_fluorine_010,0.4533661944427842,2233
ECFP4+desc,add_fluorine,A,add_fluorine_011,0.5800608672064754,2233
ECFP4+desc,add_fluorine,A,add_fluorine_012,0.5359743135493091,2233
ECFP4+desc,add_fluorine,A,add_fluorine_013,0.46646150929191255,2233
ECFP4+desc,add_fluorine,A,add_fluorine_014,0.4969610190544033,2233
ECFP4+desc,add_fluorine,A,add_fluorine_015,0.7757926212729753,2233
ECFP4+desc,add_fluorine,A,add_fluorine_016,0.6398163084488168,2233
ECFP4+desc,add_fluorine,A,add_fluorine_017,0.44135465109502475,2233
ECFP4+desc,add_fluorine,A,add_fluorine_018,0.5232591104408987,2233
ECFP4+desc,add_fluorine,A,add_fluorine_019,1.1383805351337728,2233
ECFP4+desc,add_fluorine,A,add_fluorine_020,0.6711177278670194,2233
ECFP4+desc,add_fluorine,A,add_fluorine_021,0.48118546854343563,2233
ECFP4+desc,add_fluorine,A,add_fluorine_022,0.5765248579062853,2233
ECFP4+desc,add_fluorine,A,add_fluorine_023,0.6156644794189742,2233
ECFP4+desc,add_fluorine,A,add_fluorine_024,0.7773275354420309,2233
ECFP4+desc,add_fluorine,A,add_fluorine_025,0.5848020410227237,2233
ECFP4+desc,add_fluorine,A,add_fluorine_026,0.7086481749274344,2233
ECFP4+desc,add_fluorine,A,add_fluorine_027,0.557655223355017,2233
ECFP4+desc,add_fluorine,A,add_fluorine_028,0.4432922049890081,2233
ECFP4+desc,add_fluorine,A,add_fluorine_029,0.7094034203138314,2233
ECFP4+desc,add_fluorine,A,add_fluorine_030,0.5966788160592733,2233
ECFP4+desc,add_fluorine,A,add_fluorine_031,0.7601305313397054,2233
ECFP4+desc,add_fluorine,A,add_fluorine_032,0.6259495065034627,2233
ECFP4+desc,add_fluorine,A,add_fluorine_033,0.8412517744752556,2233
ECFP4+desc,add_fluorine,A,add_fluorine_034,0.6086764779663537,2233
ECFP4+desc,add_fluorine,A,add_fluorine_035,0.7283773175788304,2233
ECFP4+desc,add_fluorine,A,add_fluorine_036,0.7400876999310372,2233
ECFP4+desc,add_fluorine,A,add_fluorine_037,0.4802105064014633,2233
ECFP4+desc,add_fluorine,A,add_fluorine_038,0.5740390239854073,2233
ECFP4+desc,add_fluorine,A,add_fluorine_039,0.8306770105428735,2233
ECFP4+desc,add_fluorine,A,add_fluorine_040,0.5350736672537011,2233
ECFP4+desc,add_fluorine,A,add_fluorine_041,0.6435432588847769,2233
ECFP4+desc,add_fluorine,A,add_fluorine_042,0.5863472685477416,2233
ECFP4+desc,add_fluorine,A,add_fluorine_043,0.4933965729366077,2233
ECFP4+desc,add_fluorine,A,add_fluorine_044,1.1010613050759672,2233
ECFP4+desc,add_fluorine,A,add_fluorine_045,0.702100218024028,2233
ECFP4+desc,add_fluorine,A,add_fluorine_046,1.088244314299731,2233
ECFP4+desc,add_fluorine,A,add_fluorine_047,0.5737879039131841,2233
ECFP4+desc,add_fluorine,A,add_fluorine_048,0.7175540764962457,2233
ECFP4+desc,add_fluorine,A,add_fluorine_049,0.6640628599227243,2233
ECFP4+desc,add_fluorine,A,add_fluorine_050,0.8467064014025012,2233
ECFP4+desc,add_fluorine,A,add_fluorine_051,0.920851893816181,2233
ECFP4+desc,add_fluorine,A,add_fluorine_052,0.966715211425668,2233
ECFP4+desc,add_fluorine,A,add_fluorine_053,0.6554214668243806,2233
ECFP4+desc,add_fluorine,A,add_fluorine_054,0.606902539078851,2233
ECFP4+desc,add_fluorine,A,add_fluorine_055,0.8598964631125579,2233
ECFP4+desc,add_fluorine,A,add_fluorine_056,0.7292528187250426,2233
ECFP4+desc,add_fluorine,A,add_fluorine_057,0.5326602509025222,2233
ECFP4+desc,add_fluorine,A,add_fluorine_058,0.5758629242060916,2233
ECFP4+desc,add_fluorine,A,add_fluorine_059,1.0570959773177941,2233
ECFP4+desc,add_fluorine,A,add_fluorine_060,0.7527522995466583,2233
ECFP4+desc,add_fluorine,A,add_fluorine_061,1.0365818855500906,2233
ECFP4+desc,add_fluorine,A,add_fluorine_062,0.8286102519959585,2233
ECFP4+desc,add_fluorine,A,add_fluorine_063,0.713245562158423,2233
ECFP4+desc,add_fluorine,A,add_fluorine_064,0.4496638625038331,2233
ECFP4+desc,add_fluorine,A,add_fluorine_065,0.4938753300944523,2233
ECFP4+desc,add_fluorine,A,add_fluorine_066,0.6903587891961258,2233
ECFP4+desc,add_fluorine,A,add_fluorine_067,0.5580366427065078,2233
ECFP4+desc,add_fluorine,A,add_fluorine_068,0.8096062180103919,2233
ECFP4+desc,add_fluorine,A,add_fluorine_069,0.6260094994321402,2233
ECFP4+desc,add_fluorine,A,add_fluorine_070,0.6502107956313992,2233
ECFP4+desc,add_fluorine,A,add_fluorine_071,0.8315315660838164,2233
ECFP4+desc,add_fluorine,A,add_fluorine_072,0.6104222903508958,2233
ECFP4+desc,add_fluorine,A,add_fluorine_073,0.9128427475620255,2233
ECFP4+desc,add_fluorine,A,add_fluorine_074,0.5616776225458762,2233
ECFP4+desc,add_fluorine,A,add_fluorine_075,0.6656458807735642,2233
ECFP4+desc,add_fluorine,A,add_fluorine_076,0.8623510851347075,2233
ECFP4+desc,add_fluorine,A,add_fluorine_077,0.8330296156214804,2233
ECFP4+desc,add_fluorine,A,add_fluorine_078,0.7476778476492172,2233
ECFP4+desc,add_fluorine,A,add_fluorine_079,0.6951702277294108,2233
ECFP4+desc,add_fluorine,A,add_fluorine_080,0.7315401414225459,2233
ECFP4+desc,add_fluorine,A,add_fluorine_081,0.7037548658202524,2233
ECFP4+desc,add_fluorine,A,add_fluorine_082,0.6370603037101661,2233
ECFP4+desc,add_fluorine,A,add_fluorine_083,0.7471176927845912,2233
ECFP4+desc,add_fluorine,A,add_fluorine_084,0.7454079510949378,2233
ECFP4+desc,add_fluorine,A,add_fluorine_085,0.5636025141565227,2233
ECFP4+desc,add_fluorine,A,add_fluorine_086,0.8314252957984903,2233
ECFP4+desc,add_fluorine,A,add_fluorine_087,0.8443740794504371,2233
ECFP4+desc,add_fluorine,A,add_fluorine_088,0.592499438094686,2233
ECFP4+desc,add_fluorine,A,add_fluorine_089,0.836644102006092,2233
ECFP4+desc,add_fluorine,A,add_fluorine_090,0.46916718778979233,2233
ECFP4+desc,add_fluorine,A,add_fluorine_091,0.7000114685251875,2233
ECFP4+desc,add_fluorine,A,add_fluorine_092,0.7442071279774449,2233
ECFP4+desc,add_fluorine,A,add_fluorine_093,0.5143834752852314,2233
ECFP4+desc,add_fluorine,A,add_fluorine_094,0.6154335959695387,2233
ECFP4+desc,add_fluorine,A,add_fluorine_095,0.8518966875246252,2233
ECFP4+desc,add_fluorine,A,add_fluorine_096,1.1089369628408836,2233
ECFP4+desc,add_fluorine,A,add_fluorine_097,0.2229968710423367,2233
ECFP4+desc,add_fluorine,A,add_fluorine_098,0.8457091194490207,2233
ECFP4+desc,add_fluorine,A,add_fluorine_099,0.4168805400035276,2233
ECFP4+desc,isotope_13c,A,isotope_13c_000,0.006143437720296684,2233
ECFP4+desc,isotope_13c,A,isotope_13c_001,0.0002015884659372731,2233
ECFP4+desc,isotope_13c,A,isotope_13c_002,0.009405091573584977,2233
ECFP4+desc,isotope_13c,A,isotope_13c_003,0.009610061540739706,2233
ECFP4+desc,isotope_13c,A,isotope_13c_004,0.004630293471620036,2233
ECFP4+desc,isotope_13c,A,isotope_13c_005,0.0060367264410064545,2233
ECFP4+desc,isotope_13c,A,isotope_13c_006,0.011474915690616738,2233
ECFP4+desc,isotope_13c,A,isotope_13c_007,0.004683892540822086,2233
ECFP4+desc,isotope_13c,A,isotope_13c_008,0.00021617069646025677,2233
ECFP4+desc,isotope_13c,A,isotope_13c_009,0.003549336213909619,2233
ECFP4+desc,isotope_13c,A,isotope_13c_010,0.03165225654778592,2233
ECFP4+desc,isotope_13c,A,isotope_13c_011,0.031808339321341646,2233
ECFP4+desc,isotope_13c,A,isotope_13c_012,0.004572245179556554,2233
ECFP4+desc,isotope_13c,A,isotope_13c_013,0.011451746220116505,2233
ECFP4+desc,isotope_13c,A,isotope_13c_014,0.010795678844977194,2233
ECFP4+desc,isotope_13c,A,isotope_13c_015,0.004866903692304719,2233
ECFP4+desc,isotope_13c,A,isotope_13c_016,0.004499595178214967,2233
ECFP4+desc,isotope_13c,A,isotope_13c_017,0.5345252608191368,2233
ECFP4+desc,isotope_13c,A,isotope_13c_018,0.006310483657167924,2233
ECFP4+desc,isotope_13c,A,isotope_13c_019,0.0017347443294112275,2233
ECFP4+desc,isotope_13c,A,isotope_13c_020,0.004635299889743971,2233
ECFP4+desc,isotope_13c,A,isotope_13c_021,0.6111032456245624,2233
ECFP4+desc,isotope_13c,A,isotope_13c_022,0.002997138971990121,2233
ECFP4+desc,isotope_13c,A,isotope_13c_023,0.004636146805331237,2233
ECFP4+desc,isotope_13c,A,isotope_13c_024,0.002906344166062452,2233
ECFP4+desc,isotope_13c,A,isotope_13c_025,0.014118453706235889,2233
ECFP4+desc,isotope_13c,A,isotope_13c_026,0.03161857259489366,2233
ECFP4+desc,isotope_13c,A,isotope_13c_027,0.010788244236221912,2233
ECFP4+desc,isotope_13c,A,isotope_13c_028,0.003604614625018942,2233
ECFP4+desc,isotope_13c,A,isotope_13c_029,0.7852201816790128,2233
ECFP4+desc,isotope_13c,A,isotope_13c_030,0.005950196854006364,2233
ECFP4+desc,isotope_13c,A,isotope_13c_031,0.015181681999471192,2233
ECFP4+desc,isotope_13c,A,isotope_13c_032,0.005100795448516933,2233
ECFP4+desc,isotope_13c,A,isotope_13c_033,0.0034304441428687628,2233
ECFP4+desc,isotope_13c,A,isotope_13c_034,0.005801660795956368,2233
ECFP4+desc,isotope_13c,A,isotope_13c_035,0.0015282553567182763,2233
ECFP4+desc,isotope_13c,A,isotope_13c_036,0.003483410768414566,2233
ECFP4+desc,isotope_13c,A,isotope_13c_037,0.014254297202434204,2233
ECFP4+desc,isotope_13c,A,isotope_13c_038,0.004862356080525461,2233
ECFP4+desc,isotope_13c,A,isotope_13c_039,0.0060022524519041534,2233
ECFP4+desc,isotope_13c,A,isotope_13c_040,0.005506744747715266,2233
ECFP4+desc,isotope_13c,A,isotope_13c_041,0.005349595938764716,2233
ECFP4+desc,isotope_13c,A,isotope_13c_042,0.0045632081746364165,2233
ECFP4+desc,isotope_13c,A,isotope_13c_043,0.0002173019224163801,2233
ECFP4+desc,isotope_13c,A,isotope_13c_044,0.003794595790087958,2233
ECFP4+desc,isotope_13c,A,isotope_13c_045,0.009707356993535315,2233
ECFP4+desc,isotope_13c,A,isotope_13c_046,0.0041429389553091405,2233
ECFP4+desc,isotope_13c,A,isotope_13c_047,0.011572771676153013,2233
ECFP4+desc,isotope_13c,A,isotope_13c_048,0.018447886848086806,2233
ECFP4+desc,isotope_13c,A,isotope_13c_049,0.006370353762825277,2233
ECFP4+desc,isotope_13c,A,isotope_13c_050,0.0049713315691704354,2233
ECFP4+desc,isotope_13c,A,isotope_13c_051,0.003419861980544548,2233
ECFP4+desc,isotope_13c,A,isotope_13c_052,0.0042419201408761195,2233
ECFP4+desc,isotope_13c,A,isotope_13c_053,0.005122290204825405,2233
ECFP4+desc,isotope_13c,A,isotope_13c_054,0.004729058644628532,2233
ECFP4+desc,isotope_13c,A,isotope_13c_055,0.004726504162447294,2233
ECFP4+desc,isotope_13c,A,isotope_13c_056,0.031657505306092314,2233
ECFP4+desc,isotope_13c,A,isotope_13c_057,0.005382229687211482,2233
ECFP4+desc,isotope_13c,A,isotope_13c_058,0.01196069840417405,2233
ECFP4+desc,isotope_13c,A,isotope_13c_059,0.003997853692431311,2233
ECFP4+desc,isotope_13c,A,isotope_13c_060,0.003044629843041026,2233
ECFP4+desc,isotope_13c,A,isotope_13c_061,0.011069725471244093,2233
ECFP4+desc,isotope_13c,A,isotope_13c_062,0.004178658026821439,2233
ECFP4+desc,isotope_13c,A,isotope_13c_063,0.00022065399947868557,2233
ECFP4+desc,isotope_13c,A,isotope_13c_064,0.03282171243632756,2233
ECFP4+desc,isotope_13c,A,isotope_13c_065,0.0027669007418501244,2233
ECFP4+desc,isotope_13c,A,isotope_13c_066,0.0033507704624152665,2233
ECFP4+desc,isotope_13c,A,isotope_13c_067,0.0002380880303103995,2233
ECFP4+desc,isotope_13c,A,isotope_13c_068,0.009911259211923634,2233
ECFP4+desc,isotope_13c,A,isotope_13c_069,0.00828241541369647,2233
ECFP4+desc,isotope_13c,A,isotope_13c_070,0.006616169202403744,2233
ECFP4+desc,isotope_13c,A,isotope_13c_071,0.015524250459678169,2233
ECFP4+desc,isotope_13c,A,isotope_13c_072,0.004693761546144404,2233
ECFP4+desc,isotope_13c,A,isotope_13c_073,0.00020532365776204095,2233
ECFP4+desc,isotope_13c,A,isotope_13c_074,0.005438100279554858,2233
ECFP4+desc,isotope_13c,A,isotope_13c_075,0.03211407270850173,2233
ECFP4+desc,isotope_13c,A,isotope_13c_076,0.003702730070819389,2233
ECFP4+desc,isotope_13c,A,isotope_13c_077,0.004921150655392704,2233
ECFP4+desc,isotope_13c,A,isotope_13c_078,0.0040396595783765,2233
ECFP4+desc,isotope_13c,A,isotope_13c_079,0.005325325111198785,2233
ECFP4+desc,isotope_13c,A,isotope_13c_080,0.008873630443705646,2233
ECFP4+desc,isotope_13c,A,isotope_13c_081,0.0019922504450932683,2233
ECFP4+desc,isotope_13c,A,isotope_13c_082,0.0034479085501029332,2233
ECFP4+desc,isotope_13c,A,isotope_13c_083,0.0049420850725778835,2233
ECFP4+desc,isotope_13c,A,isotope_13c_084,0.00374083965758546,2233
ECFP4+desc,isotope_13c,A,isotope_13c_085,0.005632026917949681,2233
ECFP4+desc,isotope_13c,A,isotope_13c_086,0.009593140162461291,2233
ECFP4+desc,isotope_13c,A,isotope_13c_087,0.004780091048519904,2233
ECFP4+desc,isotope_13c,A,isotope_13c_088,0.018053794802704776,2233
ECFP4+desc,isotope_13c,A,isotope_13c_089,0.03186961950700552,2233
ECFP4+desc,isotope_13c,A,isotope_13c_090,0.6109108482716086,2233
ECFP4+desc,isotope_13c,A,isotope_13c_091,0.003719341746360127,2233
ECFP4+desc,isotope_13c,A,isotope_13c_092,0.006237909804969915,2233
ECFP4+desc,isotope_13c,A,isotope_13c_093,0.005204642470416764,2233
ECFP4+desc,isotope_13c,A,isotope_13c_094,0.004325353600010674,2233
ECFP4+desc,isotope_13c,A,isotope_13c_095,0.010078842366648811,2233
ECFP4+desc,isotope_13c,A,isotope_13c_096,0.011712811496855925,2233
ECFP4+desc,isotope_13c,A,isotope_13c_097,0.0038095249444489473,2233
ECFP4+desc,isotope_13c,A,isotope_13c_098,0.0050128981755868055,2233
ECFP4+desc,isotope_13c,A,isotope_13c_099,0.009997917938548762,2233
ECFP4+desc,ring_size,A,ring_size_000,0.09459268106330923,2233
ECFP4+desc,ring_size,A,ring_size_001,0.09441076306378757,2233
ECFP4+desc,ring_size,A,ring_size_002,0.09507850719524112,2233
ECFP4+desc,ring_size,A,ring_size_003,0.09537795729107276,2233
ECFP4+desc,ring_size,A,ring_size_004,0.09424286985092083,2233
ECFP4+desc,ring_size,A,ring_size_005,0.094309010686694,2233
ECFP4+desc,ring_size,A,ring_size_006,0.0961571687476063,2233
ECFP4+desc,ring_size,A,ring_size_007,0.028024259555718894,2233
ECFP4+desc,ring_size,A,ring_size_008,0.4125150248818527,2233
ECFP4+desc,ring_size,A,ring_size_009,0.09665611474793794,2233
ECFP4+desc,ring_size,A,ring_size_010,0.09518692914098541,2233
ECFP4+desc,ring_size,A,ring_size_011,0.09557979090168668,2233
ECFP4+desc,ring_size,A,ring_size_012,0.09426642964889723,2233
ECFP4+desc,ring_size,A,ring_size_013,0.09507264768775925,2233
ECFP4+desc,ring_size,A,ring_size_014,0.09665766980965908,2233
ECFP4+desc,ring_size,A,ring_size_015,0.09542667042145472,2233
ECFP4+desc,ring_size,A,ring_size_016,0.09530253275955874,2233
ECFP4+desc,ring_size,A,ring_size_017,0.09459351366780087,2233
ECFP4+desc,ring_size,A,ring_size_018,0.0945894867509569,2233
ECFP4+desc,ring_size,A,ring_size_019,0.0275278623365645,2233
ECFP4+desc,ring_size,A,ring_size_020,0.09490302109933246,2233
ECFP4+desc,ring_size,A,ring_size_021,0.09463802271440394,2233
ECFP4+desc,ring_size,A,ring_size_022,0.09652893217024756,2233
ECFP4+desc,ring_size,A,ring_size_023,0.021723734396970958,2233
ECFP4+desc,ring_size,A,ring_size_024,0.5726541106308546,2233
ECFP4+desc,ring_size,A,ring_size_025,0.09624350273325671,2233
ECFP4+desc,ring_size,A,ring_size_026,0.09615744793345062,2233
ECFP4+desc,ring_size,A,ring_size_027,0.09430180285045266,2233
ECFP4+desc,ring_size,A,ring_size_028,0.09547396673621196,2233
ECFP4+desc,ring_size,A,ring_size_029,0.09536462675741546,2233
ECFP4+desc,ring_size,A,ring_size_030,0.09549279558803614,2233
ECFP4+desc,ring_size,A,ring_size_031,0.09676499852458118,2233
ECFP4+desc,ring_size,A,ring_size_032,0.09668812246046564,2233
ECFP4+desc,ring_size,A,ring_size_033,0.09486970551030789,2233
ECFP4+desc,ring_size,A,ring_size_034,0.09524194343773809,2233
ECFP4+desc,ring_size,A,ring_size_035,0.09465793251416896,2233
ECFP4+desc,ring_size,A,ring_size_036,0.0965480144190145,2233
ECFP4+desc,ring_size,A,ring_size_037,0.0950723852504003,2233
ECFP4+desc,ring_size,A,ring_size_038,0.09501018424475567,2233
ECFP4+desc,ring_size,A,ring_size_039,0.09439037962708627,2233
ECFP4+desc,ring_size,A,ring_size_040,0.09495073971732093,2233
ECFP4+desc,ring_size,A,ring_size_041,0.09650327056923666,2233
ECFP4+desc,ring_size,A,ring_size_042,0.09493522336884753,2233
ECFP4+desc,ring_size,A,ring_size_043,0.0942941011478999,2233
ECFP4+desc,ring_size,A,ring_size_044,0.09459205828255471,2233
ECFP4+desc,ring_size,A,ring_size_045,0.09690780838555912,2233
ECFP4+desc,ring_size,A,ring_size_046,0.09679567877226447,2233
ECFP4+desc,ring_size,A,ring_size_047,0.09514206731695388,2233
ECFP4+desc,ring_size,A,ring_size_048,0.09406651455948331,2233
ECFP4+desc,ring_size,A,ring_size_049,0.09518371567400181,2233
ECFP4+desc,ring_size,A,ring_size_050,0.0969443683429601,2233
ECFP4+desc,ring_size,A,ring_size_051,0.09448568762896709,2233
ECFP4+desc,ring_size,A,ring_size_052,0.09609258224753386,2233
ECFP4+desc,ring_size,A,ring_size_053,0.9767827077378773,2233
ECFP4+desc,ring_size,A,ring_size_054,0.09755237193947168,2233
ECFP4+desc,ring_size,A,ring_size_055,0.09465582465268839,2233
ECFP4+desc,ring_size,A,ring_size_056,0.0951505663469214,2233
ECFP4+desc,ring_size,A,ring_size_057,0.027003391660848905,2233
ECFP4+desc,ring_size,A,ring_size_058,0.0953592945239806,2233
ECFP4+desc,ring_size,A,ring_size_059,0.09514279065453024,2233
ECFP4+desc,ring_size,A,ring_size_060,0.09601909202711754,2233
ECFP4+desc,ring_size,A,ring_size_061,0.09457198620246397,2233
ECFP4+desc,ring_size,A,ring_size_062,0.0965545251319798,2233
ECFP4+desc,ring_size,A,ring_size_063,0.09674732943608874,2233
ECFP4+desc,ring_size,A,ring_size_064,0.09479976346591654,2233
ECFP4+desc,ring_size,A,ring_size_065,0.09462012541706233,2233
ECFP4+desc,ring_size,A,ring_size_066,0.09615843269935571,2233
ECFP4+desc,ring_size,A,ring_size_067,0.09647371983572335,2233
ECFP4+desc,ring_size,A,ring_size_068,0.09745615619575121,2233
ECFP4+desc,ring_size,A,ring_size_069,0.06445156912311226,2233
ECFP4+desc,ring_size,A,ring_size_070,0.09748158129961816,2233
ECFP4+desc,ring_size,A,ring_size_071,0.09575021717485613,2233
ECFP4+desc,ring_size,A,ring_size_072,0.0955202769451392,2233
ECFP4+desc,ring_size,A,ring_size_073,0.0967745900131929,2233
ECFP4+desc,ring_size,A,ring_size_074,0.496203160919922,2233
ECFP4+desc,ring_size,A,ring_size_075,0.09627767175649983,2233
ECFP4+desc,ring_size,A,ring_size_076,0.09620112664769859,2233
ECFP4+desc,ring_size,A,ring_size_077,0.09462361784137073,2233
ECFP4+desc,ring_size,A,ring_size_078,0.09457502302765416,2233
ECFP4+desc,ring_size,A,ring_size_079,0.09424767027050746,2233
ECFP4+desc,ring_size,A,ring_size_080,0.09643797901074548,2233
ECFP4+desc,ring_size,A,ring_size_081,0.09526894856776204,2233
ECFP4+desc,ring_size,A,ring_size_082,0.02475728635567666,2233
ECFP4+desc,ring_size,A,ring_size_083,0.02862819962463711,2233
ECFP4+desc,ring_size,A,ring_size_084,0.09574790182479377,2233
ECFP4+desc,ring_size,A,ring_size_085,0.09586231967401818,2233
ECFP4+desc,ring_size,A,ring_size_086,0.0942506059338478,2233
ECFP4+desc,ring_size,A,ring_size_087,0.09678608242038088,2233
ECFP4+desc,ring_size,A,ring_size_088,0.09796590526154428,2233
ECFP4+desc,ring_size,A,ring_size_089,0.09528567795671651,2233
ECFP4+desc,ring_size,A,ring_size_090,0.09951300886215694,2233
ECFP4+desc,ring_size,A,ring_size_091,0.09464138434517762,2233
ECFP4+desc,ring_size,A,ring_size_092,0.09678227683187596,2233
ECFP4+desc,ring_size,A,ring_size_093,0.09626157486996471,2233
ECFP4+desc,ring_size,A,ring_size_094,0.09573678936412319,2233
ECFP4+desc,ring_size,A,ring_size_095,0.09577795756007741,2233
ECFP4+desc,ring_size,A,ring_size_096,0.0951570439431198,2233
ECFP4+desc,ring_size,A,ring_size_097,0.09739913732620469,2233
ECFP4+desc,ring_size,A,ring_size_098,0.09495212073920893,2233
ECFP4+desc,ring_size,A,ring_size_099,0.0944244426742281,2233
ECFP4+desc,regioisomer,A,regioisomer_000,0.5556667449627636,2233
ECFP4+desc,regioisomer,A,regioisomer_001,0.7615904536887304,2233
ECFP4+desc,regioisomer,A,regioisomer_002,1.0318337002122127,2233
ECFP4+desc,regioisomer,A,regioisomer_003,1.0027734180502335,2233
ECFP4+desc,regioisomer,A,regioisomer_004,0.8244396868478444,2233
ECFP4+desc,regioisomer,A,regioisomer_005,0.5435590507755332,2233
ECFP4+desc,regioisomer,A,regioisomer_006,0.9875267143854164,2233
ECFP4+desc,regioisomer,A,regioisomer_007,0.8022927043484567,2233
ECFP4+desc,regioisomer,A,regioisomer_008,0.767205814555109,2233
ECFP4+desc,regioisomer,A,regioisomer_009,0.9561344305651812,2233
ECFP4+desc,regioisomer,A,regioisomer_010,0.8860574264274481,2233
ECFP4+desc,regioisomer,A,regioisomer_011,0.7421459830214293,2233
ECFP4+desc,regioisomer,A,regioisomer_012,0.7124235633286732,2233
ECFP4+desc,regioisomer,A,regioisomer_013,0.7509780350871644,2233
ECFP4+desc,regioisomer,A,regioisomer_014,0.6431001879479952,2233
ECFP4+desc,regioisomer,A,regioisomer_015,0.610880139022057,2233
ECFP4+desc,regioisomer,A,regioisomer_016,0.5269162870112714,2233
ECFP4+desc,regioisomer,A,regioisomer_017,0.6050475196365552,2233
ECFP4+desc,regioisomer,A,regioisomer_018,0.8416571866258241,2233
ECFP4+desc,regioisomer,A,regioisomer_019,0.6818270613478719,2233
ECFP4+desc,regioisomer,A,regioisomer_020,0.7881157557710883,2233
ECFP4+desc,regioisomer,A,regioisomer_021,0.6207257239976058,2233
ECFP4+desc,regioisomer,A,regioisomer_022,0.5867285890503664,2233
ECFP4+desc,regioisomer,A,regioisomer_023,0.7855909796090477,2233
ECFP4+desc,regioisomer,A,regioisomer_024,0.5127867342923597,2233
ECFP4+desc,regioisomer,A,regioisomer_025,0.6720059902995595,2233
ECFP4+desc,regioisomer,A,regioisomer_026,0.605031309949805,2233
ECFP4+desc,regioisomer,A,regioisomer_027,0.8954137830720151,2233
ECFP4+desc,regioisomer,A,regioisomer_028,0.6850872679424104,2233
ECFP4+desc,regioisomer,A,regioisomer_029,0.6099938203800047,2233
ECFP4+desc,regioisomer,A,regioisomer_030,0.8042414983384286,2233
ECFP4+desc,regioisomer,A,regioisomer_031,0.8962748153148882,2233
ECFP4+desc,regioisomer,A,regioisomer_032,0.7264532860358403,2233
ECFP4+desc,regioisomer,A,regioisomer_033,0.5309331496197068,2233
ECFP4+desc,regioisomer,A,regioisomer_034,0.8783484971520008,2233
ECFP4+desc,regioisomer,A,regioisomer_035,0.6548898614906482,2233
ECFP4+desc,regioisomer,A,regioisomer_036,0.7772463455259241,2233
ECFP4+desc,regioisomer,A,regioisomer_037,0.49616979226886104,2233
ECFP4+desc,regioisomer,A,regioisomer_038,0.6835328236952379,2233
ECFP4+desc,regioisomer,A,regioisomer_039,0.5611102660888379,2233
ECFP4+desc,regioisomer,A,regioisomer_040,0.6022602362672338,2233
ECFP4+desc,regioisomer,A,regioisomer_041,0.6509581031562154,2233
ECFP4+desc,regioisomer,A,regioisomer_042,0.7256796123167967,2233
ECFP4+desc,regioisomer,A,regioisomer_043,0.7263758621648796,2233
ECFP4+desc,regioisomer,A,regioisomer_044,0.6399265564728918,2233
ECFP4+desc,regioisomer,A,regioisomer_045,1.034146373150314,2233
ECFP4+desc,regioisomer,A,regioisomer_046,0.6292681270261811,2233
ECFP4+desc,regioisomer,A,regioisomer_047,0.5645001797278402,2233
ECFP4+desc,regioisomer,A,regioisomer_048,0.7986899106988521,2233
ECFP4+desc,regioisomer,A,regioisomer_049,0.8905539619871798,2233
ECFP4+desc,regioisomer,A,regioisomer_050,0.7597657344843392,2233
ECFP4+desc,regioisomer,A,regioisomer_051,0.8416571866258241,2233
ECFP4+desc,regioisomer,A,regioisomer_052,0.7331486878481683,2233
ECFP4+desc,regioisomer,A,regioisomer_053,0.7701383397853246,2233
ECFP4+desc,regioisomer,A,regioisomer_054,1.0058013312557432,2233
ECFP4+desc,regioisomer,A,regioisomer_055,0.7587282083191007,2233
ECFP4+desc,regioisomer,A,regioisomer_056,0.9739514725846383,2233
ECFP4+desc,regioisomer,A,regioisomer_057,0.8382024209692241,2233
ECFP4+desc,regioisomer,A,regioisomer_058,0.7272004871424187,2233
ECFP4+desc,regioisomer,A,regioisomer_059,0.5660888701084651,2233
ECFP4+desc,regioisomer,A,regioisomer_060,0.7785542067043661,2233
ECFP4+desc,regioisomer,A,regioisomer_061,0.7742511049078805,2233
ECFP4+desc,regioisomer,A,regioisomer_062,0.8269089835756182,2233
ECFP4+desc,regioisomer,A,regioisomer_063,0.4539979477730545,2233
ECFP4+desc,regioisomer,A,regioisomer_064,0.6611694198196776,2233
ECFP4+desc,regioisomer,A,regioisomer_065,0.7564351274752464,2233
ECFP4+desc,regioisomer,A,regioisomer_066,0.6007622210377142,2233
ECFP4+desc,regioisomer,A,regioisomer_067,0.6803553630705503,2233
ECFP4+desc,regioisomer,A,regioisomer_068,0.7484280011894006,2233
ECFP4+desc,regioisomer,A,regioisomer_069,0.8909526554035037,2233
ECFP4+desc,regioisomer,A,regioisomer_070,0.5319946260455454,2233
ECFP4+desc,regioisomer,A,regioisomer_071,0.5539871758786662,2233
ECFP4+desc,regioisomer,A,regioisomer_072,0.7696642724169167,2233
ECFP4+desc,regioisomer,A,regioisomer_073,0.9299017758355134,2233
ECFP4+desc,regioisomer,A,regioisomer_074,0.6513041116777978,2233
ECFP4+desc,regioisomer,A,regioisomer_075,0.5936257443606984,2233
ECFP4+desc,regioisomer,A,regioisomer_076,1.110577635824526,2233
ECFP4+desc,regioisomer,A,regioisomer_077,0.42982306868986747,2233
ECFP4+desc,regioisomer,A,regioisomer_078,0.9650440671692836,2233
ECFP4+desc,regioisomer,A,regioisomer_079,0.7802633084785706,2233
ECFP4+desc,regioisomer,A,regioisomer_080,0.629917684203409,2233
ECFP4+desc,regioisomer,A,regioisomer_081,0.7297815920037395,2233
ECFP4+desc,regioisomer,A,regioisomer_082,0.7495457273399557,2233
ECFP4+desc,regioisomer,A,regioisomer_083,0.8353678997046294,2233
ECFP4+desc,regioisomer,A,regioisomer_084,0.7812194272195593,2233
ECFP4+desc,regioisomer,A,regioisomer_085,0.6999258965558792,2233
ECFP4+desc,regioisomer,A,regioisomer_086,0.6951057395358845,2233
ECFP4+desc,regioisomer,A,regioisomer_087,0.8085619936485108,2233
ECFP4+desc,regioisomer,A,regioisomer_088,0.6472865087095329,2233
ECFP4+desc,regioisomer,A,regioisomer_089,0.6078615978613351,2233
ECFP4+desc,regioisomer,A,regioisomer_090,0.6146860164235138,2233
ECFP4+desc,regioisomer,A,regioisomer_091,0.8079504507885861,2233
ECFP4+desc,regioisomer,A,regioisomer_092,0.8083140889006887,2233
ECFP4+desc,regioisomer,A,regioisomer_093,0.6925709226381767,2233
ECFP4+desc,regioisomer,A,regioisomer_094,0.5761170784833772,2233
ECFP4+desc,regioisomer,A,regioisomer_095,0.6050020288205468,2233
ECFP4+desc,regioisomer,A,regioisomer_096,0.5645001797278402,2233
ECFP4+desc,regioisomer,A,regioisomer_097,0.8212492284373016,2233
ECFP4+desc,regioisomer,A,regioisomer_098,0.6763242674628931,2233
ECFP4+desc,regioisomer,A,regioisomer_099,0.8333795301580952,2233
ECFP4+desc,matched_mw,A,matched_mw_000,0.759886841616505,2233
ECFP4+desc,matched_mw,A,matched_mw_001,0.9911979536361278,2233
ECFP4+desc,matched_mw,A,matched_mw_002,1.061394072914269,2233
ECFP4+desc,matched_mw,A,matched_mw_003,0.6465173563761328,2233
ECFP4+desc,matched_mw,A,matched_mw_004,0.9864193024086139,2233
ECFP4+desc,matched_mw,A,matched_mw_005,0.49565754838180387,2233
ECFP4+desc,matched_mw,A,matched_mw_006,0.5441247109351499,2233
ECFP4+desc,matched_mw,A,matched_mw_007,419.0672910026567,2233
ECFP4+desc,matched_mw,A,matched_mw_008,0.6266762832489758,2233
ECFP4+desc,matched_mw,A,matched_mw_009,0.8165735759817588,2233
ECFP4+desc,matched_mw,A,matched_mw_010,0.7736905134139478,2233
ECFP4+desc,matched_mw,A,matched_mw_011,0.5745431031216286,2233
ECFP4+desc,matched_mw,A,matched_mw_012,0.7275701417594458,2233
ECFP4+desc,matched_mw,A,matched_mw_013,0.6747824749452918,2233
ECFP4+desc,matched_mw,A,matched_mw_014,0.8850451004908485,2233
ECFP4+desc,matched_mw,A,matched_mw_015,0.6033595970648417,2233
ECFP4+desc,matched_mw,A,matched_mw_016,0.9536344005103023,2233
ECFP4+desc,matched_mw,A,matched_mw_017,0.9742343624862813,2233
ECFP4+desc,matched_mw,A,matched_mw_018,0.6852488421480599,2233
ECFP4+desc,matched_mw,A,matched_mw_019,0.9605662020664723,2233
ECFP4+desc,matched_mw,A,matched_mw_020,0.642856064922781,2233
ECFP4+desc,matched_mw,A,matched_mw_021,0.9168590164027491,2233
ECFP4+desc,matched_mw,A,matched_mw_022,1.1892712645425199,2233
ECFP4+desc,matched_mw,A,matched_mw_023,0.843878132668632,2233
ECFP4+desc,matched_mw,A,matched_mw_024,1.3718957745364746,2233
ECFP4+desc,matched_mw,A,matched_mw_025,1.3743918550090228,2233
ECFP4+desc,matched_mw,A,matched_mw_026,0.6656972995780706,2233
ECFP4+desc,matched_mw,A,matched_mw_027,0.9228673473613616,2233
ECFP4+desc,matched_mw,A,matched_mw_028,1.064032600021415,2233
ECFP4+desc,matched_mw,A,matched_mw_029,0.8920436399014647,2233
ECFP4+desc,matched_mw,A,matched_mw_030,0.8050561264761585,2233
ECFP4+desc,matched_mw,A,matched_mw_031,0.7515322313192936,2233
ECFP4+desc,matched_mw,A,matched_mw_032,1.215975883631564,2233
ECFP4+desc,matched_mw,A,matched_mw_033,1.2585757145864234,2233
ECFP4+desc,matched_mw,A,matched_mw_034,0.8603571205825759,2233
ECFP4+desc,matched_mw,A,matched_mw_035,0.7336155131589003,2233
ECFP4+desc,matched_mw,A,matched_mw_036,1.1332035322140344,2233
ECFP4+desc,matched_mw,A,matched_mw_037,0.8430010413933812,2233
ECFP4+desc,matched_mw,A,matched_mw_038,1.104226529198488,2233
ECFP4+desc,matched_mw,A,matched_mw_039,0.9695508553058368,2233
ECFP4+desc,matched_mw,A,matched_mw_040,0.6664040093989497,2233
ECFP4+desc,matched_mw,A,matched_mw_041,0.9728486510774523,2233
ECFP4+desc,matched_mw,A,matched_mw_042,0.9835044035575035,2233
ECFP4+desc,matched_mw,A,matched_mw_043,0.9978854991661644,2233
ECFP4+desc,matched_mw,A,matched_mw_044,1.2334848694826355,2233
ECFP4+desc,matched_mw,A,matched_mw_045,1.2573531979542953,2233
ECFP4+desc,matched_mw,A,matched_mw_046,0.9484679909366237,2233
ECFP4+desc,matched_mw,A,matched_mw_047,1.0657431988585788,2233
ECFP4+desc,matched_mw,A,matched_mw_048,0.9449481394577648,2233
ECFP4+desc,matched_mw,A,matched_mw_049,0.8823681402431802,2233
ECFP4+desc,matched_mw,A,matched_mw_050,0.8509081265380031,2233
ECFP4+desc,matched_mw,A,matched_mw_051,1.0420088684321158,2233
ECFP4+desc,matched_mw,A,matched_mw_052,0.8745128777359041,2233
ECFP4+desc,matched_mw,A,matched_mw_053,0.7432832005686202,2233
ECFP4+desc,matched_mw,A,matched_mw_054,1.0061154772807632,2233
ECFP4+desc,matched_mw,A,matched_mw_055,1.1830096861158708,2233
ECFP4+desc,matched_mw,A,matched_mw_056,0.9324766488089853,2233
ECFP4+desc,matched_mw,A,matched_mw_057,0.7777980398835165,2233
ECFP4+desc,matched_mw,A,matched_mw_058,0.8139048900561964,2233
ECFP4+desc,matched_mw,A,matched_mw_059,0.8480075451697552,2233
ECFP4+desc,matched_mw,A,matched_mw_060,1.1609120336183254,2233
ECFP4+desc,matched_mw,A,matched_mw_061,1.071034697778963,2233
ECFP4+desc,matched_mw,A,matched_mw_062,0.8355585946502061,2233
ECFP4+desc,matched_mw,A,matched_mw_063,1.0723088221677617,2233
ECFP4+desc,matched_mw,A,matched_mw_064,1.100205197029522,2233
ECFP4+desc,matched_mw,A,matched_mw_065,1.0837760122853524,2233
ECFP4+desc,matched_mw,A,matched_mw_066,0.67693450851497,2233
ECFP4+desc,matched_mw,A,matched_mw_067,0.8667503504349966,2233
ECFP4+desc,matched_mw,A,matched_mw_068,0.8971907436127692,2233
ECFP4+desc,matched_mw,A,matched_mw_069,1.151618055343486,2233
ECFP4+desc,matched_mw,A,matched_mw_070,1.1239309008286515,2233
ECFP4+desc,matched_mw,A,matched_mw_071,1.1417143252533886,2233
ECFP4+desc,matched_mw,A,matched_mw_072,2.163758787187033,2233
ECFP4+desc,matched_mw,A,matched_mw_073,0.8130111685599378,2233
ECFP4+desc,matched_mw,A,matched_mw_074,1.0552836897078974,2233
ECFP4+desc,matched_mw,A,matched_mw_075,1.2133305028420966,2233
ECFP4+desc,matched_mw,A,matched_mw_076,1.0438096417131906,2233
ECFP4+desc,matched_mw,A,matched_mw_077,0.8831265999097287,2233
ECFP4+desc,matched_mw,A,matched_mw_078,0.6665743120091898,2233
ECFP4+desc,matched_mw,A,matched_mw_079,0.7821588880221829,2233
ECFP4+desc,matched_mw,A,matched_mw_080,0.8861571082536436,2233
ECFP4+desc,matched_mw,A,matched_mw_081,1.1736238320160208,2233
ECFP4+desc,matched_mw,A,matched_mw_082,1.3741364545225048,2233
ECFP4+desc,matched_mw,A,matched_mw_083,1.320013104052182,2233
ECFP4+desc,matched_mw,A,matched_mw_084,1.1982069134602054,2233
ECFP4+desc,matched_mw,A,matched_mw_085,0.710266905505395,2233
ECFP4+desc,matched_mw,A,matched_mw_086,0.9844169134130869,2233
ECFP4+desc,matched_mw,A,matched_mw_087,1.0830169468932394,2233
ECFP4+desc,matched_mw,A,matched_mw_088,1.0761529868948556,2233
ECFP4+desc,matched_mw,A,matched_mw_089,1.284795766862359,2233
ECFP4+desc,matched_mw,A,matched_mw_090,0.699641467026472,2233
ECFP4+desc,matched_mw,A,matched_mw_091,0.6444238653994517,2233
ECFP4+desc,matched_mw,A,matched_mw_092,1.0506475886170457,2233
ECFP4+desc,matched_mw,A,matched_mw_093,1.0693667728173906,2233
ECFP4+desc,matched_mw,A,matched_mw_094,0.935583687351099,2233
ECFP4+desc,matched_mw,A,matched_mw_095,0.7206797242665681,2233
ECFP4+desc,matched_mw,A,matched_mw_096,1.0744515916953492,2233
ECFP4+desc,matched_mw,A,matched_mw_097,0.6994278680081358,2233
ECFP4+desc,matched_mw,A,matched_mw_098,1.0048846038994246,2233
ECFP4+desc,matched_mw,A,matched_mw_099,1.4103360960121236,2233
ECFP4+desc,matched_descriptors,A,matched_descriptors_000,1.2755921442325149,2233
ECFP4+desc,matched_descriptors,A,matched_descriptors_001,1.2272822380865738,2233
ECFP4+desc,matched_descriptors,A,matched_descriptors_002,1.0999453462519784,2233
ECFP4+desc,matched_descriptors,A,matched_descriptors_003,0.737088684452733,2233
ECFP4+desc,matched_descriptors,A,matched_descriptors_004,0.8861065101253869,2233
ECFP4+desc,matched_descriptors,A,matched_descriptors_005,1.033623448602914,2233
ECFP4+desc,matched_descriptors,A,matched_descriptors_006,1.2115194478573184,2233
ECFP4+desc,matched_descriptors,A,matched_descriptors_007,1.2415605580586284,2233
ECFP4+desc,matched_descriptors,A,matched_descriptors_008,1.219590611771984,2233
ECFP4+desc,matched_descriptors,A,matched_descriptors_009,1.0950388808277518,2233
ECFP4+desc,matched_descriptors,A,matched_descriptors_010,1.2097508870377698,2233
ECFP4+desc,matched_descriptors,A,matched_descriptors_011,0.9664553295935233,2233
ECFP4+desc,matched_descriptors,A,matched_descriptors_012,0.8323554414569181,2233
ECFP4+desc,matched_descriptors,A,matched_descriptors_013,1.2736111803291974,2233
ECFP4+desc,matched_descriptors,A,matched_descriptors_014,0.8126751817439863,2233
ECFP4+desc,matched_descriptors,A,matched_descriptors_015,1.2919576311125296,2233
ECFP4+desc,matched_descriptors,A,matched_descriptors_016,1.235789761933008,2233
ECFP4+desc,matched_descriptors,A,matched_descriptors_017,1.1951482553763604,2233
ECFP4+desc,matched_descriptors,A,matched_descriptors_018,1.3330600248307112,2233
ECFP4+desc,matched_descriptors,A,matched_descriptors_019,0.7359167693680946,2233
ECFP4+desc,matched_descriptors,A,matched_descriptors_020,1.8346329068430831,2233
ECFP4+desc,matched_descriptors,A,matched_descriptors_021,0.9743045955976011,2233
ECFP4+desc,matched_descriptors,A,matched_descriptors_022,1.33675458728914,2233
ECFP4+desc,matched_descriptors,A,matched_descriptors_023,1.0493064422378506,2233
ECFP4+desc,matched_descriptors,A,matched_descriptors_024,1.231555582650052,2233
ECFP4+desc,matched_descriptors,A,matched_descriptors_025,1.1545709434025686,2233
ECFP4+desc,matched_descriptors,A,matched_descriptors_026,1.484843547356851,2233
ECFP4+desc,matched_descriptors,A,matched_descriptors_027,0.882604089633823,2233
ECFP4+desc,matched_descriptors,A,matched_descriptors_028,0.8184113541062117,2233
ECFP4+desc,matched_descriptors,A,matched_descriptors_029,1.0761808165514233,2233
ECFP4+desc,matched_descriptors,A,matched_descriptors_030,1.4207303358432184,2233
ECFP4+desc,matched_descriptors,A,matched_descriptors_031,1.202318045700204,2233
ECFP4+desc,matched_descriptors,A,matched_descriptors_032,1.4971213437642887,2233
ECFP4+desc,matched_descriptors,A,matched_descriptors_033,1.117143065977056,2233
ECFP4+desc,matched_descriptors,A,matched_descriptors_034,1.3524408030795834,2233
ECFP4+desc,matched_descriptors,A,matched_descriptors_035,1.3488097187442443,2233
ECFP4+desc,matched_descriptors,A,matched_descriptors_036,0.7235847741921724,2233
ECFP4+desc,matched_descriptors,A,matched_descriptors_037,1.1994540514848409,2233
ECFP4+desc,matched_descriptors,A,matched_descriptors_038,1.0520277596683827,2233
ECFP4+desc,matched_descriptors,A,matched_descriptors_039,1.2237346430226583,2233
ECFP4+desc,matched_descriptors,A,matched_descriptors_040,1.7441576836907702,2233
ECFP4+desc,matched_descriptors,A,matched_descriptors_041,0.6868045199626874,2233
ECFP4+desc,matched_descriptors,A,matched_descriptors_042,1.1357663760781875,2233
ECFP4+desc,matched_descriptors,A,matched_descriptors_043,0.8263897838012164,2233
ECFP4+desc,matched_descriptors,A,matched_descriptors_044,1.256063170617157,2233
ECFP4+desc,matched_descriptors,A,matched_descriptors_045,1.3749492589921892,2233
ECFP4+desc,matched_descriptors,A,matched_descriptors_046,1.1571150844856672,2233
ECFP4+desc,matched_descriptors,A,matched_descriptors_047,1.0109939223154418,2233
ECFP4+desc,matched_descriptors,A,matched_descriptors_048,1.2573386302660094,2233
ECFP4+desc,matched_descriptors,A,matched_descriptors_049,1.2544426069195622,2233
ECFP4+desc,matched_descriptors,A,matched_descriptors_050,1.5166199412174506,2233
ECFP4+desc,matched_descriptors,A,matched_descriptors_051,1.298933881107151,2233
ECFP4+desc,matched_descriptors,A,matched_descriptors_052,1.2382192854157008,2233
ECFP4+desc,matched_descriptors,A,matched_descriptors_053,1.0438476210187855,2233
ECFP4+desc,matched_descriptors,A,matched_descriptors_054,1.220323097953523,2233
ECFP4+desc,matched_descriptors,A,matched_descriptors_055,1.0287130186311437,2233
ECFP4+desc,matched_descriptors,A,matched_descriptors_056,1.237607355898626,2233
ECFP4+desc,matched_descriptors,A,matched_descriptors_057,1.0619802429597665,2233
ECFP4+desc,matched_descriptors,A,matched_descriptors_058,1.2823868927840496,2233
ECFP4+desc,matched_descriptors,A,matched_descriptors_059,0.8960010913670606,2233
ECFP4+desc,matched_descriptors,A,matched_descriptors_060,1.0814279791881274,2233
ECFP4+desc,matched_descriptors,A,matched_descriptors_061,1.3803082609598634,2233
ECFP4+desc,matched_descriptors,A,matched_descriptors_062,1.4849920313267264,2233
ECFP4+desc,matched_descriptors,A,matched_descriptors_063,1.6027467920625267,2233
ECFP4+desc,matched_descriptors,A,matched_descriptors_064,1.5527937911505565,2233
ECFP4+desc,matched_descriptors,A,matched_descriptors_065,1.1732377208117266,2233
ECFP4+desc,matched_descriptors,A,matched_descriptors_066,1.2566780104088964,2233
ECFP4+desc,matched_descriptors,A,matched_descriptors_067,1.2881307334801646,2233
ECFP4+desc,matched_descriptors,A,matched_descriptors_068,1.0152411335419356,2233
ECFP4+desc,matched_descriptors,A,matched_descriptors_069,1.1293392673679956,2233
ECFP4+desc,matched_descriptors,A,matched_descriptors_070,1.6777376676225277,2233
ECFP4+desc,matched_descriptors,A,matched_descriptors_071,1.149374252232712,2233
ECFP4+desc,matched_descriptors,A,matched_descriptors_072,1.0708363002755816,2233
ECFP4+desc,matched_descriptors,A,matched_descriptors_073,0.9494815433912418,2233
ECFP4+desc,matched_descriptors,A,matched_descriptors_074,1.3707043010429392,2233
ECFP4+desc,matched_descriptors,A,matched_descriptors_075,0.9890874085157055,2233
ECFP4+desc,matched_descriptors,A,matched_descriptors_076,0.4433142558061591,2233
ECFP4+desc,matched_descriptors,A,matched_descriptors_077,0.4752403668886848,2233
ECFP4+desc,matched_descriptors,A,matched_descriptors_078,1.270720910880714,2233
ECFP4+desc,matched_descriptors,A,matched_descriptors_079,1.1166829074886198,2233
ECFP4+desc,matched_descriptors,A,matched_descriptors_080,1.2208563914291501,2233
ECFP4+desc,matched_descriptors,A,matched_descriptors_081,1.3020437213661773,2233
ECFP4+desc,matched_descriptors,A,matched_descriptors_082,1.2270053013414122,2233
ECFP4+desc,matched_descriptors,A,matched_descriptors_083,1.1220866873792967,2233
ECFP4+desc,matched_descriptors,A,matched_descriptors_084,1.1661627318696004,2233
ECFP4+desc,matched_descriptors,A,matched_descriptors_085,1.5047991258880682,2233
ECFP4+desc,matched_descriptors,A,matched_descriptors_086,0.9715519261634827,2233
ECFP4+desc,matched_descriptors,A,matched_descriptors_087,1.3503576045930097,2233
ECFP4+desc,matched_descriptors,A,matched_descriptors_088,0.9281562911113813,2233
ECFP4+desc,matched_descriptors,A,matched_descriptors_089,1.2527747571799661,2233
ECFP4+desc,matched_descriptors,A,matched_descriptors_090,1.390079364524811,2233
ECFP4+desc,matched_descriptors,A,matched_descriptors_091,1.4489157072505845,2233
ECFP4+desc,matched_descriptors,A,matched_descriptors_092,1.3052635990142343,2233
ECFP4+desc,matched_descriptors,A,matched_descriptors_093,0.7923939955477702,2233
ECFP4+desc,matched_descriptors,A,matched_descriptors_094,1.500027056194538,2233
ECFP4+desc,matched_descriptors,A,matched_descriptors_095,1.2817958618913545,2233
ECFP4+desc,matched_descriptors,A,matched_descriptors_096,1.0001076331301857,2233
ECFP4+desc,matched_descriptors,A,matched_descriptors_097,0.826445322917967,2233
ECFP4+desc,matched_descriptors,A,matched_descriptors_098,1.377599387587755,2233
ECFP4+desc,matched_descriptors,A,matched_descriptors_099,1.3032004055123216,2233
ECFP4+desc,smiles_enumeration,B,smiles_enumeration_000,0.0,2233
ECFP4+desc,smiles_enumeration,B,smiles_enumeration_001,0.0,2233
ECFP4+desc,smiles_enumeration,B,smiles_enumeration_002,0.0,2233
ECFP4+desc,smiles_enumeration,B,smiles_enumeration_003,0.0,2233
ECFP4+desc,smiles_enumeration,B,smiles_enumeration_004,0.0,2233
ECFP4+desc,smiles_enumeration,B,smiles_enumeration_005,0.0,2233
ECFP4+desc,smiles_enumeration,B,smiles_enumeration_006,0.0,2233
ECFP4+desc,smiles_enumeration,B,smiles_enumeration_007,0.0,2233
ECFP4+desc,smiles_enumeration,B,smiles_enumeration_008,0.0,2233
ECFP4+desc,smiles_enumeration,B,smiles_enumeration_009,0.0,2233
ECFP4+desc,smiles_enumeration,B,smiles_enumeration_010,0.0,2233
ECFP4+desc,smiles_enumeration,B,smiles_enumeration_011,0.0,2233
ECFP4+desc,smiles_enumeration,B,smiles_enumeration_012,0.0,2233
ECFP4+desc,smiles_enumeration,B,smiles_enumeration_013,0.0,2233
ECFP4+desc,smiles_enumeration,B,smiles_enumeration_014,0.0,2233
ECFP4+desc,smiles_enumeration,B,smiles_enumeration_015,0.0,2233
ECFP4+desc,smiles_enumeration,B,smiles_enumeration_016,0.0,2233
ECFP4+desc,smiles_enumeration,B,smiles_enumeration_017,0.0,2233
ECFP4+desc,smiles_enumeration,B,smiles_enumeration_018,0.0,2233
ECFP4+desc,smiles_enumeration,B,smiles_enumeration_019,0.0,2233
ECFP4+desc,smiles_enumeration,B,smiles_enumeration_020,0.0,2233
ECFP4+desc,smiles_enumeration,B,smiles_enumeration_021,0.0,2233
ECFP4+desc,smiles_enumeration,B,smiles_enumeration_022,0.0,2233
ECFP4+desc,smiles_enumeration,B,smiles_enumeration_023,0.0,2233
ECFP4+desc,smiles_enumeration,B,smiles_enumeration_024,0.0,2233
ECFP4+desc,smiles_enumeration,B,smiles_enumeration_025,0.0,2233
ECFP4+desc,smiles_enumeration,B,smiles_enumeration_026,0.0,2233
ECFP4+desc,smiles_enumeration,B,smiles_enumeration_027,0.0,2233
ECFP4+desc,smiles_enumeration,B,smiles_enumeration_028,0.0,2233
ECFP4+desc,smiles_enumeration,B,smiles_enumeration_029,0.0,2233
ECFP4+desc,smiles_enumeration,B,smiles_enumeration_030,0.0,2233
ECFP4+desc,smiles_enumeration,B,smiles_enumeration_031,0.0,2233
ECFP4+desc,smiles_enumeration,B,smiles_enumeration_032,0.0,2233
ECFP4+desc,smiles_enumeration,B,smiles_enumeration_033,0.0,2233
ECFP4+desc,smiles_enumeration,B,smiles_enumeration_034,0.0,2233
ECFP4+desc,smiles_enumeration,B,smiles_enumeration_035,0.0,2233
ECFP4+desc,smiles_enumeration,B,smiles_enumeration_036,0.0,2233
ECFP4+desc,smiles_enumeration,B,smiles_enumeration_037,0.0,2233
ECFP4+desc,smiles_enumeration,B,smiles_enumeration_038,0.0,2233
ECFP4+desc,smiles_enumeration,B,smiles_enumeration_039,0.0,2233
ECFP4+desc,smiles_enumeration,B,smiles_enumeration_040,0.0,2233
ECFP4+desc,smiles_enumeration,B,smiles_enumeration_041,0.0,2233
ECFP4+desc,smiles_enumeration,B,smiles_enumeration_042,0.0,2233
ECFP4+desc,smiles_enumeration,B,smiles_enumeration_043,0.0,2233
ECFP4+desc,smiles_enumeration,B,smiles_enumeration_044,0.0,2233
ECFP4+desc,smiles_enumeration,B,smiles_enumeration_045,0.0,2233
ECFP4+desc,smiles_enumeration,B,smiles_enumeration_046,0.0,2233
ECFP4+desc,smiles_enumeration,B,smiles_enumeration_047,0.0,2233
ECFP4+desc,smiles_enumeration,B,smiles_enumeration_048,0.0,2233
ECFP4+desc,smiles_enumeration,B,smiles_enumeration_049,0.0,2233
ECFP4+desc,smiles_enumeration,B,smiles_enumeration_050,0.0,2233
ECFP4+desc,smiles_enumeration,B,smiles_enumeration_051,0.0,2233
ECFP4+desc,smiles_enumeration,B,smiles_enumeration_052,0.0,2233
ECFP4+desc,smiles_enumeration,B,smiles_enumeration_053,0.0,2233
ECFP4+desc,smiles_enumeration,B,smiles_enumeration_054,0.0,2233
ECFP4+desc,smiles_enumeration,B,smiles_enumeration_055,0.0,2233
ECFP4+desc,smiles_enumeration,B,smiles_enumeration_056,0.0,2233
ECFP4+desc,smiles_enumeration,B,smiles_enumeration_057,0.0,2233
ECFP4+desc,smiles_enumeration,B,smiles_enumeration_058,0.0,2233
ECFP4+desc,smiles_enumeration,B,smiles_enumeration_059,0.0,2233
ECFP4+desc,smiles_enumeration,B,smiles_enumeration_060,0.0,2233
ECFP4+desc,smiles_enumeration,B,smiles_enumeration_061,0.0,2233
ECFP4+desc,smiles_enumeration,B,smiles_enumeration_062,0.0,2233
ECFP4+desc,smiles_enumeration,B,smiles_enumeration_063,0.0,2233
ECFP4+desc,smiles_enumeration,B,smiles_enumeration_064,0.0,2233
ECFP4+desc,smiles_enumeration,B,smiles_enumeration_065,0.0,2233
ECFP4+desc,smiles_enumeration,B,smiles_enumeration_066,0.0,2233
ECFP4+desc,smiles_enumeration,B,smiles_enumeration_067,0.0,2233
ECFP4+desc,smiles_enumeration,B,smiles_enumeration_068,0.0,2233
ECFP4+desc,smiles_enumeration,B,smiles_enumeration_069,0.0,2233
ECFP4+desc,smiles_enumeration,B,smiles_enumeration_070,0.0,2233
ECFP4+desc,smiles_enumeration,B,smiles_enumeration_071,0.0,2233
ECFP4+desc,smiles_enumeration,B,smiles_enumeration_072,0.0,2233
ECFP4+desc,smiles_enumeration,B,smiles_enumeration_073,0.0,2233
ECFP4+desc,smiles_enumeration,B,smiles_enumeration_074,0.0,2233
ECFP4+desc,smiles_enumeration,B,smiles_enumeration_075,0.0,2233
ECFP4+desc,smiles_enumeration,B,smiles_enumeration_076,0.0,2233
ECFP4+desc,smiles_enumeration,B,smiles_enumeration_077,0.0,2233
ECFP4+desc,smiles_enumeration,B,smiles_enumeration_078,0.0,2233
ECFP4+desc,smiles_enumeration,B,smiles_enumeration_079,0.0,2233
ECFP4+desc,smiles_enumeration,B,smiles_enumeration_080,0.0,2233
ECFP4+desc,smiles_enumeration,B,smiles_enumeration_081,0.0,2233
ECFP4+desc,smiles_enumeration,B,smiles_enumeration_082,0.0,2233
ECFP4+desc,smiles_enumeration,B,smiles_enumeration_083,0.0,2233
ECFP4+desc,smiles_enumeration,B,smiles_enumeration_084,0.0,2233
ECFP4+desc,smiles_enumeration,B,smiles_enumeration_085,0.0,2233
ECFP4+desc,smiles_enumeration,B,smiles_enumeration_086,0.0,2233
ECFP4+desc,smiles_enumeration,B,smiles_enumeration_087,0.0,2233
ECFP4+desc,smiles_enumeration,B,smiles_enumeration_088,0.0,2233
ECFP4+desc,smiles_enumeration,B,smiles_enumeration_089,0.0,2233
ECFP4+desc,smiles_enumeration,B,smiles_enumeration_090,0.0,2233
ECFP4+desc,smiles_enumeration,B,smiles_enumeration_091,0.0,2233
ECFP4+desc,smiles_enumeration,B,smiles_enumeration_092,0.0,2233
ECFP4+desc,smiles_enumeration,B,smiles_enumeration_093,0.0,2233
ECFP4+desc,smiles_enumeration,B,smiles_enumeration_094,0.0,2233
ECFP4+desc,smiles_enumeration,B,smiles_enumeration_095,0.0,2233
ECFP4+desc,smiles_enumeration,B,smiles_enumeration_096,0.0,2233
ECFP4+desc,smiles_enumeration,B,smiles_enumeration_097,0.0,2233
ECFP4+desc,smiles_enumeration,B,smiles_enumeration_098,0.0,2233
ECFP4+desc,smiles_enumeration,B,smiles_enumeration_099,0.0,2233
ECFP4+desc,kekule,B,kekule_000,0.0,2233
ECFP4+desc,kekule,B,kekule_001,0.0,2233
ECFP4+desc,kekule,B,kekule_002,0.0,2233
ECFP4+desc,kekule,B,kekule_003,0.0,2233
ECFP4+desc,kekule,B,kekule_004,0.0,2233
ECFP4+desc,kekule,B,kekule_005,0.0,2233
ECFP4+desc,kekule,B,kekule_006,0.0,2233
ECFP4+desc,kekule,B,kekule_007,0.0,2233
ECFP4+desc,kekule,B,kekule_008,0.0,2233
ECFP4+desc,kekule,B,kekule_009,0.0,2233
ECFP4+desc,kekule,B,kekule_010,0.0,2233
ECFP4+desc,kekule,B,kekule_011,0.0,2233
ECFP4+desc,kekule,B,kekule_012,0.0,2233
ECFP4+desc,kekule,B,kekule_013,0.0,2233
ECFP4+desc,kekule,B,kekule_014,0.0,2233
ECFP4+desc,kekule,B,kekule_015,0.0,2233
ECFP4+desc,kekule,B,kekule_016,0.0,2233
ECFP4+desc,kekule,B,kekule_017,0.0,2233
ECFP4+desc,kekule,B,kekule_018,0.0,2233
ECFP4+desc,kekule,B,kekule_019,0.0,2233
ECFP4+desc,kekule,B,kekule_020,0.0,2233
ECFP4+desc,kekule,B,kekule_021,0.0,2233
ECFP4+desc,kekule,B,kekule_022,0.0,2233
ECFP4+desc,kekule,B,kekule_023,0.0,2233
ECFP4+desc,kekule,B,kekule_024,0.0,2233
ECFP4+desc,kekule,B,kekule_025,0.0,2233
ECFP4+desc,kekule,B,kekule_026,0.0,2233
ECFP4+desc,kekule,B,kekule_027,0.0,2233
ECFP4+desc,kekule,B,kekule_028,0.0,2233
ECFP4+desc,kekule,B,kekule_029,0.0,2233
ECFP4+desc,kekule,B,kekule_030,0.0,2233
ECFP4+desc,kekule,B,kekule_031,0.0,2233
ECFP4+desc,kekule,B,kekule_032,0.0,2233
ECFP4+desc,kekule,B,kekule_033,0.0,2233
ECFP4+desc,kekule,B,kekule_034,0.0,2233
ECFP4+desc,kekule,B,kekule_035,0.0,2233
ECFP4+desc,kekule,B,kekule_036,0.0,2233
ECFP4+desc,kekule,B,kekule_037,0.0,2233
ECFP4+desc,kekule,B,kekule_038,0.0,2233
ECFP4+desc,kekule,B,kekule_039,0.0,2233
ECFP4+desc,kekule,B,kekule_040,0.0,2233
ECFP4+desc,kekule,B,kekule_041,0.0,2233
ECFP4+desc,kekule,B,kekule_042,0.0,2233
ECFP4+desc,kekule,B,kekule_043,0.0,2233
ECFP4+desc,kekule,B,kekule_044,0.0,2233
ECFP4+desc,kekule,B,kekule_045,0.0,2233
ECFP4+desc,kekule,B,kekule_046,0.0,2233
ECFP4+desc,kekule,B,kekule_047,0.0,2233
ECFP4+desc,kekule,B,kekule_048,0.0,2233
ECFP4+desc,kekule,B,kekule_049,0.0,2233
ECFP4+desc,kekule,B,kekule_050,0.0,2233
ECFP4+desc,kekule,B,kekule_051,0.0,2233
ECFP4+desc,kekule,B,kekule_052,0.0,2233
ECFP4+desc,kekule,B,kekule_053,0.0,2233
ECFP4+desc,kekule,B,kekule_054,0.0,2233
ECFP4+desc,kekule,B,kekule_055,0.0,2233
ECFP4+desc,kekule,B,kekule_056,0.0,2233
ECFP4+desc,kekule,B,kekule_057,0.0,2233
ECFP4+desc,kekule,B,kekule_058,0.0,2233
ECFP4+desc,kekule,B,kekule_059,0.0,2233
ECFP4+desc,kekule,B,kekule_060,0.0,2233
ECFP4+desc,kekule,B,kekule_061,0.0,2233
ECFP4+desc,kekule,B,kekule_062,0.0,2233
ECFP4+desc,kekule,B,kekule_063,0.0,2233
ECFP4+desc,kekule,B,kekule_064,0.0,2233
ECFP4+desc,kekule,B,kekule_065,0.0,2233
ECFP4+desc,kekule,B,kekule_066,0.0,2233
ECFP4+desc,kekule,B,kekule_067,0.0,2233
ECFP4+desc,kekule,B,kekule_068,0.0,2233
ECFP4+desc,kekule,B,kekule_069,0.0,2233
ECFP4+desc,kekule,B,kekule_070,0.0,2233
ECFP4+desc,kekule,B,kekule_071,0.0,2233
ECFP4+desc,kekule,B,kekule_072,0.0,2233
ECFP4+desc,kekule,B,kekule_073,0.0,2233
ECFP4+desc,kekule,B,kekule_074,0.0,2233
ECFP4+desc,kekule,B,kekule_075,0.0,2233
ECFP4+desc,kekule,B,kekule_076,0.0,2233
ECFP4+desc,kekule,B,kekule_077,0.0,2233
ECFP4+desc,kekule,B,kekule_078,0.0,2233
ECFP4+desc,kekule,B,kekule_079,0.0,2233
ECFP4+desc,kekule,B,kekule_080,0.0,2233
ECFP4+desc,kekule,B,kekule_081,0.0,2233
ECFP4+desc,kekule,B,kekule_082,0.0,2233
ECFP4+desc,kekule,B,kekule_083,0.0,2233
ECFP4+desc,kekule,B,kekule_084,0.0,2233
ECFP4+desc,kekule,B,kekule_085,0.0,2233
ECFP4+desc,kekule,B,kekule_086,0.0,2233
ECFP4+desc,kekule,B,kekule_087,0.0,2233
ECFP4+desc,kekule,B,kekule_088,0.0,2233
ECFP4+desc,kekule,B,kekule_089,0.0,2233
ECFP4+desc,kekule,B,kekule_090,0.0,2233
ECFP4+desc,kekule,B,kekule_091,0.0,2233
ECFP4+desc,kekule,B,kekule_092,0.0,2233
ECFP4+desc,kekule,B,kekule_093,0.0,2233
ECFP4+desc,kekule,B,kekule_094,0.0,2233
ECFP4+desc,kekule,B,kekule_095,0.0,2233
ECFP4+desc,kekule,B,kekule_096,0.0,2233
ECFP4+desc,kekule,B,kekule_097,0.0,2233
ECFP4+desc,kekule,B,kekule_098,0.0,2233
ECFP4+desc,kekule,B,kekule_099,0.0,2233
ECFP4+desc,symmetry_equivalent,B,symmetry_equivalent_000,0.0,2233
ECFP4+desc,symmetry_equivalent,B,symmetry_equivalent_001,0.0,2233
ECFP4+desc,symmetry_equivalent,B,symmetry_equivalent_002,0.0,2233
ECFP4+desc,symmetry_equivalent,B,symmetry_equivalent_003,0.0,2233
ECFP4+desc,symmetry_equivalent,B,symmetry_equivalent_004,0.0,2233
ECFP4+desc,symmetry_equivalent,B,symmetry_equivalent_005,0.0,2233
ECFP4+desc,symmetry_equivalent,B,symmetry_equivalent_006,0.0,2233
ECFP4+desc,symmetry_equivalent,B,symmetry_equivalent_007,0.0,2233
ECFP4+desc,symmetry_equivalent,B,symmetry_equivalent_008,0.0,2233
ECFP4+desc,symmetry_equivalent,B,symmetry_equivalent_009,0.0,2233
ECFP4+desc,symmetry_equivalent,B,symmetry_equivalent_010,0.0,2233
ECFP4+desc,symmetry_equivalent,B,symmetry_equivalent_011,0.0,2233
ECFP4+desc,symmetry_equivalent,B,symmetry_equivalent_012,0.0,2233
ECFP4+desc,symmetry_equivalent,B,symmetry_equivalent_013,0.0,2233
ECFP4+desc,symmetry_equivalent,B,symmetry_equivalent_014,0.0,2233
ECFP4+desc,symmetry_equivalent,B,symmetry_equivalent_015,0.0,2233
ECFP4+desc,symmetry_equivalent,B,symmetry_equivalent_016,0.0,2233
ECFP4+desc,symmetry_equivalent,B,symmetry_equivalent_017,0.0,2233
ECFP4+desc,symmetry_equivalent,B,symmetry_equivalent_018,0.0,2233
ECFP4+desc,symmetry_equivalent,B,symmetry_equivalent_019,0.0,2233
ECFP4+desc,symmetry_equivalent,B,symmetry_equivalent_020,0.0,2233
ECFP4+desc,symmetry_equivalent,B,symmetry_equivalent_021,0.0,2233
ECFP4+desc,symmetry_equivalent,B,symmetry_equivalent_022,0.0,2233
ECFP4+desc,symmetry_equivalent,B,symmetry_equivalent_023,0.0,2233
ECFP4+desc,symmetry_equivalent,B,symmetry_equivalent_024,0.0,2233
ECFP4+desc,symmetry_equivalent,B,symmetry_equivalent_025,0.0,2233
ECFP4+desc,symmetry_equivalent,B,symmetry_equivalent_026,0.0,2233
ECFP4+desc,symmetry_equivalent,B,symmetry_equivalent_027,0.0,2233
ECFP4+desc,symmetry_equivalent,B,symmetry_equivalent_028,0.0,2233
ECFP4+desc,symmetry_equivalent,B,symmetry_equivalent_029,0.0,2233
ECFP4+desc,symmetry_equivalent,B,symmetry_equivalent_030,0.0,2233
ECFP4+desc,symmetry_equivalent,B,symmetry_equivalent_031,0.0,2233
ECFP4+desc,symmetry_equivalent,B,symmetry_equivalent_032,0.0,2233
ECFP4+desc,symmetry_equivalent,B,symmetry_equivalent_033,0.0,2233
ECFP4+desc,symmetry_equivalent,B,symmetry_equivalent_034,0.0,2233
ECFP4+desc,symmetry_equivalent,B,symmetry_equivalent_035,0.0,2233
ECFP4+desc,symmetry_equivalent,B,symmetry_equivalent_036,0.0,2233
ECFP4+desc,symmetry_equivalent,B,symmetry_equivalent_037,0.0,2233
ECFP4+desc,symmetry_equivalent,B,symmetry_equivalent_038,0.0,2233
ECFP4+desc,symmetry_equivalent,B,symmetry_equivalent_039,0.0,2233
ECFP4+desc,symmetry_equivalent,B,symmetry_equivalent_040,0.0,2233
ECFP4+desc,symmetry_equivalent,B,symmetry_equivalent_041,0.0,2233
ECFP4+desc,symmetry_equivalent,B,symmetry_equivalent_042,0.0,2233
ECFP4+desc,symmetry_equivalent,B,symmetry_equivalent_043,0.0,2233
ECFP4+desc,symmetry_equivalent,B,symmetry_equivalent_044,0.0,2233
ECFP4+desc,symmetry_equivalent,B,symmetry_equivalent_045,0.0,2233
ECFP4+desc,symmetry_equivalent,B,symmetry_equivalent_046,0.0,2233
ECFP4+desc,symmetry_equivalent,B,symmetry_equivalent_047,0.0,2233
ECFP4+desc,symmetry_equivalent,B,symmetry_equivalent_048,0.0,2233
ECFP4+desc,symmetry_equivalent,B,symmetry_equivalent_049,0.0,2233
ECFP4+desc,symmetry_equivalent,B,symmetry_equivalent_050,0.0,2233
ECFP4+desc,symmetry_equivalent,B,symmetry_equivalent_051,0.0,2233
ECFP4+desc,symmetry_equivalent,B,symmetry_equivalent_052,0.0,2233
ECFP4+desc,symmetry_equivalent,B,symmetry_equivalent_053,0.0,2233
ECFP4+desc,symmetry_equivalent,B,symmetry_equivalent_054,0.0,2233
ECFP4+desc,symmetry_equivalent,B,symmetry_equivalent_055,0.0,2233
ECFP4+desc,symmetry_equivalent,B,symmetry_equivalent_056,0.0,2233
ECFP4+desc,symmetry_equivalent,B,symmetry_equivalent_057,0.0,2233
ECFP4+desc,symmetry_equivalent,B,symmetry_equivalent_058,0.0,2233
ECFP4+desc,symmetry_equivalent,B,symmetry_equivalent_059,0.0,2233
ECFP4+desc,symmetry_equivalent,B,symmetry_equivalent_060,0.0,2233
ECFP4+desc,symmetry_equivalent,B,symmetry_equivalent_061,0.0,2233
ECFP4+desc,symmetry_equivalent,B,symmetry_equivalent_062,0.0,2233
ECFP4+desc,symmetry_equivalent,B,symmetry_equivalent_063,0.0,2233
ECFP4+desc,symmetry_equivalent,B,symmetry_equivalent_064,0.0,2233
ECFP4+desc,symmetry_equivalent,B,symmetry_equivalent_065,0.0,2233
ECFP4+desc,symmetry_equivalent,B,symmetry_equivalent_066,0.0,2233
ECFP4+desc,symmetry_equivalent,B,symmetry_equivalent_067,0.0,2233
ECFP4+desc,symmetry_equivalent,B,symmetry_equivalent_068,0.0,2233
ECFP4+desc,symmetry_equivalent,B,symmetry_equivalent_069,0.0,2233
ECFP4+desc,symmetry_equivalent,B,symmetry_equivalent_070,0.0,2233
ECFP4+desc,symmetry_equivalent,B,symmetry_equivalent_071,0.0,2233
ECFP4+desc,symmetry_equivalent,B,symmetry_equivalent_072,0.0,2233
ECFP4+desc,symmetry_equivalent,B,symmetry_equivalent_073,0.0,2233
ECFP4+desc,symmetry_equivalent,B,symmetry_equivalent_074,0.0,2233
ECFP4+desc,symmetry_equivalent,B,symmetry_equivalent_075,0.0,2233
ECFP4+desc,symmetry_equivalent,B,symmetry_equivalent_076,0.0,2233
ECFP4+desc,symmetry_equivalent,B,symmetry_equivalent_077,0.0,2233
ECFP4+desc,symmetry_equivalent,B,symmetry_equivalent_078,0.0,2233
ECFP4+desc,symmetry_equivalent,B,symmetry_equivalent_079,0.0,2233
ECFP4+desc,symmetry_equivalent,B,symmetry_equivalent_080,0.0,2233
ECFP4+desc,symmetry_equivalent,B,symmetry_equivalent_081,0.0,2233
ECFP4+desc,symmetry_equivalent,B,symmetry_equivalent_082,0.0,2233
ECFP4+desc,symmetry_equivalent,B,symmetry_equivalent_083,0.0,2233
ECFP4+desc,symmetry_equivalent,B,symmetry_equivalent_084,0.0,2233
ECFP4+desc,symmetry_equivalent,B,symmetry_equivalent_085,0.0,2233
ECFP4+desc,symmetry_equivalent,B,symmetry_equivalent_086,0.0,2233
ECFP4+desc,symmetry_equivalent,B,symmetry_equivalent_087,0.0,2233
ECFP4+desc,symmetry_equivalent,B,symmetry_equivalent_088,0.0,2233
ECFP4+desc,symmetry_equivalent,B,symmetry_equivalent_089,0.0,2233
ECFP4+desc,symmetry_equivalent,B,symmetry_equivalent_090,0.0,2233
ECFP4+desc,symmetry_equivalent,B,symmetry_equivalent_091,0.0,2233
ECFP4+desc,symmetry_equivalent,B,symmetry_equivalent_092,0.0,2233
ECFP4+desc,symmetry_equivalent,B,symmetry_equivalent_093,0.0,2233
ECFP4+desc,symmetry_equivalent,B,symmetry_equivalent_094,0.0,2233
ECFP4+desc,symmetry_equivalent,B,symmetry_equivalent_095,0.0,2233
ECFP4+desc,symmetry_equivalent,B,symmetry_equivalent_096,0.0,2233
ECFP4+desc,symmetry_equivalent,B,symmetry_equivalent_097,0.0,2233
ECFP4+desc,symmetry_equivalent,B,symmetry_equivalent_098,0.0,2233
ECFP4+desc,symmetry_equivalent,B,symmetry_equivalent_099,0.0,2233
Morgan r3-counts,stereo_flip,A,stereo_flip_000,0.4227308081705214,2048
Morgan r3-counts,stereo_flip,A,stereo_flip_001,0.7342062509170392,2048
Morgan r3-counts,stereo_flip,A,stereo_flip_002,0.769875415969115,2048
Morgan r3-counts,stereo_flip,A,stereo_flip_003,0.8312529560976638,2048
Morgan r3-counts,stereo_flip,A,stereo_flip_004,0.6151399808801932,2048
Morgan r3-counts,stereo_flip,A,stereo_flip_005,0.7320322761095089,2048
Morgan r3-counts,stereo_flip,A,stereo_flip_006,0.6997739243815305,2048
Morgan r3-counts,stereo_flip,A,stereo_flip_007,0.7446821166246886,2048
Morgan r3-counts,stereo_flip,A,stereo_flip_008,0.7157822343160318,2048
Morgan r3-counts,stereo_flip,A,stereo_flip_009,0.9739894934512536,2048
Morgan r3-counts,stereo_flip,A,stereo_flip_010,0.7108219795030699,2048
Morgan r3-counts,stereo_flip,A,stereo_flip_011,0.8943261054176137,2048
Morgan r3-counts,stereo_flip,A,stereo_flip_012,0.6997739243815305,2048
Morgan r3-counts,stereo_flip,A,stereo_flip_013,0.4170453940661969,2048
Morgan r3-counts,stereo_flip,A,stereo_flip_014,0.7613425012217827,2048
Morgan r3-counts,stereo_flip,A,stereo_flip_015,0.5450117274065374,2048
Morgan r3-counts,stereo_flip,A,stereo_flip_016,0.4898331192854022,2048
Morgan r3-counts,stereo_flip,A,stereo_flip_017,0.8016773435654775,2048
Morgan r3-counts,stereo_flip,A,stereo_flip_018,0.7162472434114706,2048
Morgan r3-counts,stereo_flip,A,stereo_flip_019,0.42404012565541765,2048
Morgan r3-counts,stereo_flip,A,stereo_flip_020,0.6726452447874529,2048
Morgan r3-counts,stereo_flip,A,stereo_flip_021,0.6510458695254896,2048
Morgan r3-counts,stereo_flip,A,stereo_flip_022,0.736582436526148,2048
Morgan r3-counts,stereo_flip,A,stereo_flip_023,0.7754952809138649,2048
Morgan r3-counts,stereo_flip,A,stereo_flip_024,0.7762930050850804,2048
Morgan r3-counts,stereo_flip,A,stereo_flip_025,0.5946248345408602,2048
Morgan r3-counts,stereo_flip,A,stereo_flip_026,0.7254847424895461,2048
Morgan r3-counts,stereo_flip,A,stereo_flip_027,0.6180679092171713,2048
Morgan r3-counts,stereo_flip,A,stereo_flip_028,0.7282145811065018,2048
Morgan r3-counts,stereo_flip,A,stereo_flip_029,0.747078866314324,2048
Morgan r3-counts,stereo_flip,A,stereo_flip_030,0.36727617958265146,2048
Morgan r3-counts,stereo_flip,A,stereo_flip_031,0.8532931787849397,2048
Morgan r3-counts,stereo_flip,A,stereo_flip_032,0.7280185179781318,2048
Morgan r3-counts,stereo_flip,A,stereo_flip_033,0.5034698887391944,2048
Morgan r3-counts,stereo_flip,A,stereo_flip_034,0.0,2048
Morgan r3-counts,stereo_flip,A,stereo_flip_035,0.7123347579072614,2048
Morgan r3-counts,stereo_flip,A,stereo_flip_036,0.7739313796551772,2048
Morgan r3-counts,stereo_flip,A,stereo_flip_037,0.7722506642577508,2048
Morgan r3-counts,stereo_flip,A,stereo_flip_038,0.7373983590700129,2048
Morgan r3-counts,stereo_flip,A,stereo_flip_039,0.0,2048
Morgan r3-counts,stereo_flip,A,stereo_flip_040,0.24656050392589457,2048
Morgan r3-counts,stereo_flip,A,stereo_flip_041,0.2987362779036418,2048
Morgan r3-counts,stereo_flip,A,stereo_flip_042,0.8186506700428254,2048
Morgan r3-counts,stereo_flip,A,stereo_flip_043,0.6997739243815305,2048
Morgan r3-counts,stereo_flip,A,stereo_flip_044,0.41109870165698936,2048
Morgan r3-counts,stereo_flip,A,stereo_flip_045,0.18124753564909993,2048
Morgan r3-counts,stereo_flip,A,stereo_flip_046,0.48786024167470626,2048
Morgan r3-counts,stereo_flip,A,stereo_flip_047,0.5383733432434136,2048
Morgan r3-counts,stereo_flip,A,stereo_flip_048,0.6970470365260669,2048
Morgan r3-counts,stereo_flip,A,stereo_flip_049,0.0,2048
Morgan r3-counts,stereo_flip,A,stereo_flip_050,0.8724619625150741,2048
Morgan r3-counts,stereo_flip,A,stereo_flip_051,0.0,2048
Morgan r3-counts,stereo_flip,A,stereo_flip_052,0.9097432344461477,2048
Morgan r3-counts,stereo_flip,A,stereo_flip_053,0.5567985888531721,2048
Morgan r3-counts,stereo_flip,A,stereo_flip_054,0.7306007807855672,2048
Morgan r3-counts,stereo_flip,A,stereo_flip_055,0.5538762353463846,2048
Morgan r3-counts,stereo_flip,A,stereo_flip_056,0.18124753564909993,2048
Morgan r3-counts,stereo_flip,A,stereo_flip_057,0.6192298714870538,2048
Morgan r3-counts,stereo_flip,A,stereo_flip_058,0.6535827089072933,2048
Morgan r3-counts,stereo_flip,A,stereo_flip_059,0.6678192493262203,2048
Morgan r3-counts,stereo_flip,A,stereo_flip_060,0.8767859172597195,2048
Morgan r3-counts,stereo_flip,A,stereo_flip_061,0.5306032801457864,2048
Morgan r3-counts,stereo_flip,A,stereo_flip_062,0.5308926211610753,2048
Morgan r3-counts,stereo_flip,A,stereo_flip_063,0.9350723707396276,2048
Morgan r3-counts,stereo_flip,A,stereo_flip_064,0.6921012771695719,2048
Morgan r3-counts,stereo_flip,A,stereo_flip_065,0.8475508996709151,2048
Morgan r3-counts,stereo_flip,A,stereo_flip_066,0.8546248120765231,2048
Morgan r3-counts,stereo_flip,A,stereo_flip_067,0.6295358833735087,2048
Morgan r3-counts,stereo_flip,A,stereo_flip_068,0.7682625017881651,2048
Morgan r3-counts,stereo_flip,A,stereo_flip_069,0.7205044531549933,2048
Morgan r3-counts,stereo_flip,A,stereo_flip_070,0.6564571815850376,2048
Morgan r3-counts,stereo_flip,A,stereo_flip_071,0.4912771713331686,2048
Morgan r3-counts,stereo_flip,A,stereo_flip_072,0.7441170051180028,2048
Morgan r3-counts,stereo_flip,A,stereo_flip_073,0.2553407466847696,2048
Morgan r3-counts,stereo_flip,A,stereo_flip_074,0.5873297938973566,2048
Morgan r3-counts,stereo_flip,A,stereo_flip_075,0.5641200308843614,2048
Morgan r3-counts,stereo_flip,A,stereo_flip_076,0.7624208803998892,2048
Morgan r3-counts,stereo_flip,A,stereo_flip_077,0.0,2048
Morgan r3-counts,stereo_flip,A,stereo_flip_078,0.7662709292702544,2048
Morgan r3-counts,stereo_flip,A,stereo_flip_079,0.7151079400330455,2048
Morgan r3-counts,stereo_flip,A,stereo_flip_080,0.7681009548591179,2048
Morgan r3-counts,stereo_flip,A,stereo_flip_081,0.9503833687988239,2048
Morgan r3-counts,stereo_flip,A,stereo_flip_082,0.7745399134574376,2048
Morgan r3-counts,stereo_flip,A,stereo_flip_083,0.7742129572998596,2048
Morgan r3-counts,stereo_flip,A,stereo_flip_084,0.44629554879824196,2048
Morgan r3-counts,stereo_flip,A,stereo_flip_085,0.45222536822909853,2048
Morgan r3-counts,stereo_flip,A,stereo_flip_086,0.6976910950394172,2048
Morgan r3-counts,stereo_flip,A,stereo_flip_087,0.6997739243815305,2048
Morgan r3-counts,stereo_flip,A,stereo_flip_088,0.702817430079067,2048
Morgan r3-counts,stereo_flip,A,stereo_flip_089,0.7980193371623632,2048
Morgan r3-counts,stereo_flip,A,stereo_flip_090,0.6542050118510695,2048
Morgan r3-counts,stereo_flip,A,stereo_flip_091,0.4858137983472392,2048
Morgan r3-counts,stereo_flip,A,stereo_flip_092,0.0,2048
Morgan r3-counts,stereo_flip,A,stereo_flip_093,0.8196227800317506,2048
Morgan r3-counts,stereo_flip,A,stereo_flip_094,0.3319875278267532,2048
Morgan r3-counts,stereo_flip,A,stereo_flip_095,0.4514928117039961,2048
Morgan r3-counts,stereo_flip,A,stereo_flip_096,0.6395600101518066,2048
Morgan r3-counts,stereo_flip,A,stereo_flip_097,0.829574517242941,2048
Morgan r3-counts,stereo_flip,A,stereo_flip_098,0.37836263836196266,2048
Morgan r3-counts,stereo_flip,A,stereo_flip_099,0.6553141275245459,2048
Morgan r3-counts,ez_flip,A,ez_flip_000,0.7747353600737659,2048
Morgan r3-counts,ez_flip,A,ez_flip_001,0.8945437345137304,2048
Morgan r3-counts,ez_flip,A,ez_flip_002,0.9335956044179051,2048
Morgan r3-counts,ez_flip,A,ez_flip_003,0.946482756140652,2048
Morgan r3-counts,ez_flip,A,ez_flip_004,0.8816403788896465,2048
Morgan r3-counts,ez_flip,A,ez_flip_005,0.7436675060848813,2048
Morgan r3-counts,ez_flip,A,ez_flip_006,0.8489130873629424,2048
Morgan r3-counts,ez_flip,A,ez_flip_007,0.813056825471728,2048
Morgan r3-counts,ez_flip,A,ez_flip_008,0.8945437345137304,2048
Morgan r3-counts,ez_flip,A,ez_flip_009,0.7897841119252663,2048
Morgan r3-counts,ez_flip,A,ez_flip_010,0.7674788981055456,2048
Morgan r3-counts,ez_flip,A,ez_flip_011,0.7822348055300143,2048
Morgan r3-counts,ez_flip,A,ez_flip_012,0.8554244931126005,2048
Morgan r3-counts,ez_flip,A,ez_flip_013,0.7691931374548707,2048
Morgan r3-counts,ez_flip,A,ez_flip_014,0.7922208307421315,2048
Morgan r3-counts,ez_flip,A,ez_flip_015,0.8209556873712169,2048
Morgan r3-counts,ez_flip,A,ez_flip_016,0.7993997844162019,2048
Morgan r3-counts,ez_flip,A,ez_flip_017,0.6824883859159478,2048
Morgan r3-counts,ez_flip,A,ez_flip_018,0.8414429729957895,2048
Morgan r3-counts,ez_flip,A,ez_flip_019,0.7889861209407413,2048
Morgan r3-counts,ez_flip,A,ez_flip_020,0.8397339284365848,2048
Morgan r3-counts,ez_flip,A,ez_flip_021,0.8311139926100465,2048
Morgan r3-counts,ez_flip,A,ez_flip_022,0.7711007458413259,2048
Morgan r3-counts,ez_flip,A,ez_flip_023,0.5680043355140634,2048
Morgan r3-counts,ez_flip,A,ez_flip_024,0.8871517959264185,2048
Morgan r3-counts,ez_flip,A,ez_flip_025,0.7633892510421033,2048
Morgan r3-counts,ez_flip,A,ez_flip_026,0.7959298037343533,2048
Morgan r3-counts,ez_flip,A,ez_flip_027,0.7389416420564984,2048
Morgan r3-counts,ez_flip,A,ez_flip_028,0.7781255333143108,2048
Morgan r3-counts,ez_flip,A,ez_flip_029,0.8403879066642622,2048
Morgan r3-counts,ez_flip,A,ez_flip_030,0.8473731009867784,2048
Morgan r3-counts,ez_flip,A,ez_flip_031,0.8354923271597818,2048
Morgan r3-counts,ez_flip,A,ez_flip_032,0.8606113947628503,2048
Morgan r3-counts,ez_flip,A,ez_flip_033,1.042171954365164,2048
Morgan r3-counts,ez_flip,A,ez_flip_034,0.901341989728874,2048
Morgan r3-counts,ez_flip,A,ez_flip_035,0.7942782207415954,2048
Morgan r3-counts,ez_flip,A,ez_flip_036,0.6968922972647469,2048
Morgan r3-counts,ez_flip,A,ez_flip_037,0.9109867498296712,2048
Morgan r3-counts,ez_flip,A,ez_flip_038,0.7734920777454085,2048
Morgan r3-counts,ez_flip,A,ez_flip_039,0.7203520447673466,2048
Morgan r3-counts,ez_flip,A,ez_flip_040,0.8530525150866836,2048
Morgan r3-counts,ez_flip,A,ez_flip_041,0.7162036821147431,2048
Morgan r3-counts,ez_flip,A,ez_flip_042,0.722189186540685,2048
Morgan r3-counts,ez_flip,A,ez_flip_043,0.7933281957293822,2048
Morgan r3-counts,ez_flip,A,ez_flip_044,0.7973218510201792,2048
Morgan r3-counts,ez_flip,A,ez_flip_045,0.893540652350862,2048
Morgan r3-counts,ez_flip,A,ez_flip_046,0.8050035173125031,2048
Morgan r3-counts,ez_flip,A,ez_flip_047,0.7648743925867089,2048
Morgan r3-counts,ez_flip,A,ez_flip_048,0.7922208307421315,2048
Morgan r3-counts,ez_flip,A,ez_flip_049,0.8530642334433357,2048
Morgan r3-counts,ez_flip,A,ez_flip_050,0.7393438815330333,2048
Morgan r3-counts,ez_flip,A,ez_flip_051,0.9370170028446752,2048
Morgan r3-counts,ez_flip,A,ez_flip_052,0.7963304999807543,2048
Morgan r3-counts,ez_flip,A,ez_flip_053,0.80978410705098,2048
Morgan r3-counts,ez_flip,A,ez_flip_054,0.8410154711573455,2048
Morgan r3-counts,ez_flip,A,ez_flip_055,0.711413708521043,2048
Morgan r3-counts,ez_flip,A,ez_flip_056,0.928361071862251,2048
Morgan r3-counts,ez_flip,A,ez_flip_057,0.8545476786640198,2048
Morgan r3-counts,ez_flip,A,ez_flip_058,0.6726944629602643,2048
Morgan r3-counts,ez_flip,A,ez_flip_059,0.7110433863815625,2048
Morgan r3-counts,ez_flip,A,ez_flip_060,0.8689948934267049,2048
Morgan r3-counts,ez_flip,A,ez_flip_061,0.9345480735975371,2048
Morgan r3-counts,ez_flip,A,ez_flip_062,1.1698819132492024,2048
Morgan r3-counts,ez_flip,A,ez_flip_063,0.6160116175273571,2048
Morgan r3-counts,ez_flip,A,ez_flip_064,0.9433336638742379,2048
Morgan r3-counts,ez_flip,A,ez_flip_065,0.891802949249791,2048
Morgan r3-counts,ez_flip,A,ez_flip_066,0.8687573651371089,2048
Morgan r3-counts,ez_flip,A,ez_flip_067,0.8302154711277167,2048
Morgan r3-counts,ez_flip,A,ez_flip_068,0.847243196020893,2048
Morgan r3-counts,ez_flip,A,ez_flip_069,0.9190385802153357,2048
Morgan r3-counts,ez_flip,A,ez_flip_070,0.8459893946709639,2048
Morgan r3-counts,ez_flip,A,ez_flip_071,0.7071750864642853,2048
Morgan r3-counts,ez_flip,A,ez_flip_072,0.7922208307421315,2048
Morgan r3-counts,ez_flip,A,ez_flip_073,0.760839274882446,2048
Morgan r3-counts,ez_flip,A,ez_flip_074,0.8904053410009827,2048
Morgan r3-counts,ez_flip,A,ez_flip_075,0.9748979755574799,2048
Morgan r3-counts,ez_flip,A,ez_flip_076,0.7922208307421315,2048
Morgan r3-counts,ez_flip,A,ez_flip_077,0.6424932117124869,2048
Morgan r3-counts,ez_flip,A,ez_flip_078,0.7577691982465666,2048
Morgan r3-counts,ez_flip,A,ez_flip_079,0.9483150892647025,2048
Morgan r3-counts,ez_flip,A,ez_flip_080,0.7859861340089053,2048
Morgan r3-counts,ez_flip,A,ez_flip_081,0.7577691982465666,2048
Morgan r3-counts,ez_flip,A,ez_flip_082,0.7922208307421315,2048
Morgan r3-counts,ez_flip,A,ez_flip_083,0.7191441230956979,2048
Morgan r3-counts,ez_flip,A,ez_flip_084,0.705760460775306,2048
Morgan r3-counts,ez_flip,A,ez_flip_085,0.7754517571632975,2048
Morgan r3-counts,ez_flip,A,ez_flip_086,0.6787828323074019,2048
Morgan r3-counts,ez_flip,A,ez_flip_087,0.9474085152709375,2048
Morgan r3-counts,ez_flip,A,ez_flip_088,0.8545476786640198,2048
Morgan r3-counts,ez_flip,A,ez_flip_089,0.6952284599246261,2048
Morgan r3-counts,ez_flip,A,ez_flip_090,0.7642018332130366,2048
Morgan r3-counts,ez_flip,A,ez_flip_091,0.810483320438316,2048
Morgan r3-counts,ez_flip,A,ez_flip_092,0.8013765685091184,2048
Morgan r3-counts,ez_flip,A,ez_flip_093,0.8489130873629424,2048
Morgan r3-counts,ez_flip,A,ez_flip_094,0.7476779181639329,2048
Morgan r3-counts,ez_flip,A,ez_flip_095,0.8551686276331472,2048
Morgan r3-counts,ez_flip,A,ez_flip_096,1.0241681724035365,2048
Morgan r3-counts,ez_flip,A,ez_flip_097,0.7951746891235295,2048
Morgan r3-counts,ez_flip,A,ez_flip_098,0.8290750386280068,2048
Morgan r3-counts,ez_flip,A,ez_flip_099,0.9483150892647025,2048
Morgan r3-counts,c_to_n,A,c_to_n_000,0.8822108017405015,2048
Morgan r3-counts,c_to_n,A,c_to_n_001,0.7036407602467939,2048
Morgan r3-counts,c_to_n,A,c_to_n_002,0.8367790541896541,2048
Morgan r3-counts,c_to_n,A,c_to_n_003,0.6644837487304268,2048
Morgan r3-counts,c_to_n,A,c_to_n_004,0.7220031600797705,2048
Morgan r3-counts,c_to_n,A,c_to_n_005,0.7604436813130746,2048
Morgan r3-counts,c_to_n,A,c_to_n_006,0.9612406320327502,2048
Morgan r3-counts,c_to_n,A,c_to_n_007,0.7502995014858133,2048
Morgan r3-counts,c_to_n,A,c_to_n_008,0.819243261651736,2048
Morgan r3-counts,c_to_n,A,c_to_n_009,0.7250253081378439,2048
Morgan r3-counts,c_to_n,A,c_to_n_010,0.7035252611852083,2048
Morgan r3-counts,c_to_n,A,c_to_n_011,0.7957012820384971,2048
Morgan r3-counts,c_to_n,A,c_to_n_012,0.6796448902173002,2048
Morgan r3-counts,c_to_n,A,c_to_n_013,0.5780017557245255,2048
Morgan r3-counts,c_to_n,A,c_to_n_014,0.6404118789958615,2048
Morgan r3-counts,c_to_n,A,c_to_n_015,0.8076700410992799,2048
Morgan r3-counts,c_to_n,A,c_to_n_016,0.7851992757486241,2048
Morgan r3-counts,c_to_n,A,c_to_n_017,0.8036809498130254,2048
Morgan r3-counts,c_to_n,A,c_to_n_018,0.7273855256387826,2048
Morgan r3-counts,c_to_n,A,c_to_n_019,0.9881613710024978,2048
Morgan r3-counts,c_to_n,A,c_to_n_020,0.8428122638383879,2048
Morgan r3-counts,c_to_n,A,c_to_n_021,0.7574024714724723,2048
Morgan r3-counts,c_to_n,A,c_to_n_022,0.7669239328672819,2048
Morgan r3-counts,c_to_n,A,c_to_n_023,0.7340501038811378,2048
Morgan r3-counts,c_to_n,A,c_to_n_024,0.780520316993638,2048
Morgan r3-counts,c_to_n,A,c_to_n_025,0.6907293964973369,2048
Morgan r3-counts,c_to_n,A,c_to_n_026,0.7009300364210496,2048
Morgan r3-counts,c_to_n,A,c_to_n_027,0.7817322779620485,2048
Morgan r3-counts,c_to_n,A,c_to_n_028,0.6043300124779287,2048
Morgan r3-counts,c_to_n,A,c_to_n_029,0.8470090707201798,2048
Morgan r3-counts,c_to_n,A,c_to_n_030,0.8999419886679758,2048
Morgan r3-counts,c_to_n,A,c_to_n_031,0.9189973062287923,2048
Morgan r3-counts,c_to_n,A,c_to_n_032,0.7179626592134486,2048
Morgan r3-counts,c_to_n,A,c_to_n_033,0.7216662918966129,2048
Morgan r3-counts,c_to_n,A,c_to_n_034,0.9618138607074563,2048
Morgan r3-counts,c_to_n,A,c_to_n_035,0.923703584594151,2048
Morgan r3-counts,c_to_n,A,c_to_n_036,0.7561780312561278,2048
Morgan r3-counts,c_to_n,A,c_to_n_037,0.48558657229600105,2048
Morgan r3-counts,c_to_n,A,c_to_n_038,0.7669239328672819,2048
Morgan r3-counts,c_to_n,A,c_to_n_039,0.8058347462368912,2048
Morgan r3-counts,c_to_n,A,c_to_n_040,0.7015156368512474,2048
Morgan r3-counts,c_to_n,A,c_to_n_041,0.6721598149795767,2048
Morgan r3-counts,c_to_n,A,c_to_n_042,0.7265578169219007,2048
Morgan r3-counts,c_to_n,A,c_to_n_043,0.7439339578738946,2048
Morgan r3-counts,c_to_n,A,c_to_n_044,0.970481539038092,2048
Morgan r3-counts,c_to_n,A,c_to_n_045,0.8612943625056616,2048
Morgan r3-counts,c_to_n,A,c_to_n_046,0.7356575091315706,2048
Morgan r3-counts,c_to_n,A,c_to_n_047,0.8776917494093724,2048
Morgan r3-counts,c_to_n,A,c_to_n_048,0.6594543145800571,2048
Morgan r3-counts,c_to_n,A,c_to_n_049,0.7111473306992787,2048
Morgan r3-counts,c_to_n,A,c_to_n_050,0.869644226591729,2048
Morgan r3-counts,c_to_n,A,c_to_n_051,0.730415997086751,2048
Morgan r3-counts,c_to_n,A,c_to_n_052,0.8151077114280225,2048
Morgan r3-counts,c_to_n,A,c_to_n_053,0.681306844644925,2048
Morgan r3-counts,c_to_n,A,c_to_n_054,0.7403251216725971,2048
Morgan r3-counts,c_to_n,A,c_to_n_055,0.7934382700056319,2048
Morgan r3-counts,c_to_n,A,c_to_n_056,0.9835888433533206,2048
Morgan r3-counts,c_to_n,A,c_to_n_057,0.591909545526913,2048
Morgan r3-counts,c_to_n,A,c_to_n_058,0.7676382175677606,2048
Morgan r3-counts,c_to_n,A,c_to_n_059,0.8392742046432108,2048
Morgan r3-counts,c_to_n,A,c_to_n_060,0.5981881577778108,2048
Morgan r3-counts,c_to_n,A,c_to_n_061,0.9041854162310695,2048
Morgan r3-counts,c_to_n,A,c_to_n_062,0.7157344516787212,2048
Morgan r3-counts,c_to_n,A,c_to_n_063,0.7803013332271237,2048
Morgan r3-counts,c_to_n,A,c_to_n_064,0.5514692632620036,2048
Morgan r3-counts,c_to_n,A,c_to_n_065,0.706946210175193,2048
Morgan r3-counts,c_to_n,A,c_to_n_066,0.732046025335623,2048
Morgan r3-counts,c_to_n,A,c_to_n_067,0.7839078801363049,2048
Morgan r3-counts,c_to_n,A,c_to_n_068,0.7733623000066313,2048
Morgan r3-counts,c_to_n,A,c_to_n_069,0.8150686260469379,2048
Morgan r3-counts,c_to_n,A,c_to_n_070,0.6721598149795767,2048
Morgan r3-counts,c_to_n,A,c_to_n_071,0.764464624128828,2048
Morgan r3-counts,c_to_n,A,c_to_n_072,0.8395537501858873,2048
Morgan r3-counts,c_to_n,A,c_to_n_073,0.7709067389926448,2048
Morgan r3-counts,c_to_n,A,c_to_n_074,0.7886868631322884,2048
Morgan r3-counts,c_to_n,A,c_to_n_075,0.7861686984743168,2048
Morgan r3-counts,c_to_n,A,c_to_n_076,0.9458736180979077,2048
Morgan r3-counts,c_to_n,A,c_to_n_077,0.795444357641373,2048
Morgan r3-counts,c_to_n,A,c_to_n_078,0.8408623255978733,2048
Morgan r3-counts,c_to_n,A,c_to_n_079,0.6923176970164233,2048
Morgan r3-counts,c_to_n,A,c_to_n_080,0.9314687344645745,2048
Morgan r3-counts,c_to_n,A,c_to_n_081,0.7252247862507369,2048
Morgan r3-counts,c_to_n,A,c_to_n_082,0.6706947813814187,2048
Morgan r3-counts,c_to_n,A,c_to_n_083,0.9982387438688265,2048
Morgan r3-counts,c_to_n,A,c_to_n_084,0.9209214228582057,2048
Morgan r3-counts,c_to_n,A,c_to_n_085,0.6416458789181502,2048
Morgan r3-counts,c_to_n,A,c_to_n_086,0.8806259707224728,2048
Morgan r3-counts,c_to_n,A,c_to_n_087,0.7398376896319218,2048
Morgan r3-counts,c_to_n,A,c_to_n_088,0.6720421710378344,2048
Morgan r3-counts,c_to_n,A,c_to_n_089,0.9075213322263543,2048
Morgan r3-counts,c_to_n,A,c_to_n_090,0.6833802624383855,2048
Morgan r3-counts,c_to_n,A,c_to_n_091,0.528926400201206,2048
Morgan r3-counts,c_to_n,A,c_to_n_092,0.6965994728491064,2048
Morgan r3-counts,c_to_n,A,c_to_n_093,0.7436896050324597,2048
Morgan r3-counts,c_to_n,A,c_to_n_094,0.768935150171784,2048
Morgan r3-counts,c_to_n,A,c_to_n_095,0.7819033091086853,2048
Morgan r3-counts,c_to_n,A,c_to_n_096,0.8591952508097335,2048
Morgan r3-counts,c_to_n,A,c_to_n_097,0.5228209397363489,2048
Morgan r3-counts,c_to_n,A,c_to_n_098,0.7910098685592084,2048
Morgan r3-counts,c_to_n,A,c_to_n_099,0.6919697771847418,2048
Morgan r3-counts,add_methyl,A,add_methyl_000,0.7692419812088125,2048
Morgan r3-counts,add_methyl,A,add_methyl_001,0.6577882093560714,2048
Morgan r3-counts,add_methyl,A,add_methyl_002,0.8513416875469306,2048
Morgan r3-counts,add_methyl,A,add_methyl_003,0.7420785692072337,2048
Morgan r3-counts,add_methyl,A,add_methyl_004,0.7723333570016017,2048
Morgan r3-counts,add_methyl,A,add_methyl_005,0.7179697298895326,2048
Morgan r3-counts,add_methyl,A,add_methyl_006,0.8052984138460976,2048
Morgan r3-counts,add_methyl,A,add_methyl_007,0.7469700770913285,2048
Morgan r3-counts,add_methyl,A,add_methyl_008,0.7554041391122279,2048
Morgan r3-counts,add_methyl,A,add_methyl_009,0.8313251646904,2048
Morgan r3-counts,add_methyl,A,add_methyl_010,0.6877272093064574,2048
Morgan r3-counts,add_methyl,A,add_methyl_011,0.7900848640808544,2048
Morgan r3-counts,add_methyl,A,add_methyl_012,0.7780993396904735,2048
Morgan r3-counts,add_methyl,A,add_methyl_013,0.5580219753119304,2048
Morgan r3-counts,add_methyl,A,add_methyl_014,0.779958535419842,2048
Morgan r3-counts,add_methyl,A,add_methyl_015,0.8358704978334587,2048
Morgan r3-counts,add_methyl,A,add_methyl_016,0.7281978787742704,2048
Morgan r3-counts,add_methyl,A,add_methyl_017,0.6444122122805651,2048
Morgan r3-counts,add_methyl,A,add_methyl_018,0.6443078172590815,2048
Morgan r3-counts,add_methyl,A,add_methyl_019,0.8779463153707834,2048
Morgan r3-counts,add_methyl,A,add_methyl_020,0.7535823251750975,2048
Morgan r3-counts,add_methyl,A,add_methyl_021,0.7101077587966974,2048
Morgan r3-counts,add_methyl,A,add_methyl_022,0.7443567902501402,2048
Morgan r3-counts,add_methyl,A,add_methyl_023,0.7234040628475148,2048
Morgan r3-counts,add_methyl,A,add_methyl_024,0.8668850193867195,2048
Morgan r3-counts,add_methyl,A,add_methyl_025,0.6516148559181438,2048
Morgan r3-counts,add_methyl,A,add_methyl_026,0.7879545390150063,2048
Morgan r3-counts,add_methyl,A,add_methyl_027,0.7459210172442821,2048
Morgan r3-counts,add_methyl,A,add_methyl_028,0.5784358879731367,2048
Morgan r3-counts,add_methyl,A,add_methyl_029,0.8341636961797233,2048
Morgan r3-counts,add_methyl,A,add_methyl_030,0.8325206401521564,2048
Morgan r3-counts,add_methyl,A,add_methyl_031,0.9719711505805233,2048
Morgan r3-counts,add_methyl,A,add_methyl_032,0.7224491855435718,2048
Morgan r3-counts,add_methyl,A,add_methyl_033,0.8705578339543446,2048
Morgan r3-counts,add_methyl,A,add_methyl_034,0.9091917438058158,2048
Morgan r3-counts,add_methyl,A,add_methyl_035,0.9696020450945483,2048
Morgan r3-counts,add_methyl,A,add_methyl_036,0.7603765848709406,2048
Morgan r3-counts,add_methyl,A,add_methyl_037,0.6256897950610373,2048
Morgan r3-counts,add_methyl,A,add_methyl_038,0.7443567902501402,2048
Morgan r3-counts,add_methyl,A,add_methyl_039,0.8962238175877932,2048
Morgan r3-counts,add_methyl,A,add_methyl_040,0.5943649215036163,2048
Morgan r3-counts,add_methyl,A,add_methyl_041,0.6459540810228067,2048
Morgan r3-counts,add_methyl,A,add_methyl_042,0.81099667591072,2048
Morgan r3-counts,add_methyl,A,add_methyl_043,0.6577822666969353,2048
Morgan r3-counts,add_methyl,A,add_methyl_044,1.024577289245995,2048
Morgan r3-counts,add_methyl,A,add_methyl_045,0.9339728808624851,2048
Morgan r3-counts,add_methyl,A,add_methyl_046,0.6313569461724784,2048
Morgan r3-counts,add_methyl,A,add_methyl_047,0.7237162964408624,2048
Morgan r3-counts,add_methyl,A,add_methyl_048,0.6353609523193012,2048
Morgan r3-counts,add_methyl,A,add_methyl_049,0.7203236759859938,2048
Morgan r3-counts,add_methyl,A,add_methyl_050,0.8473468140421228,2048
Morgan r3-counts,add_methyl,A,add_methyl_051,0.7752410472539406,2048
Morgan r3-counts,add_methyl,A,add_methyl_052,0.7977150477940583,2048
Morgan r3-counts,add_methyl,A,add_methyl_053,0.7303042645568023,2048
Morgan r3-counts,add_methyl,A,add_methyl_054,0.7427447776782298,2048
Morgan r3-counts,add_methyl,A,add_methyl_055,0.7502273105833618,2048
Morgan r3-counts,add_methyl,A,add_methyl_056,0.808267219905067,2048
Morgan r3-counts,add_methyl,A,add_methyl_057,0.6417227161921997,2048
Morgan r3-counts,add_methyl,A,add_methyl_058,0.854153603939421,2048
Morgan r3-counts,add_methyl,A,add_methyl_059,0.8933785628312687,2048
Morgan r3-counts,add_methyl,A,add_methyl_060,0.617955007035183,2048
Morgan r3-counts,add_methyl,A,add_methyl_061,0.9641809138101413,2048
Morgan r3-counts,add_methyl,A,add_methyl_062,0.7932441508288911,2048
Morgan r3-counts,add_methyl,A,add_methyl_063,0.7980686382947035,2048
Morgan r3-counts,add_methyl,A,add_methyl_064,0.6150788096623081,2048
Morgan r3-counts,add_methyl,A,add_methyl_065,0.7207125857603186,2048
Morgan r3-counts,add_methyl,A,add_methyl_066,0.7521345895842819,2048
Morgan r3-counts,add_methyl,A,add_methyl_067,0.7956605869297915,2048
Morgan r3-counts,add_methyl,A,add_methyl_068,0.7459846991137963,2048
Morgan r3-counts,add_methyl,A,add_methyl_069,0.6698114423559461,2048
Morgan r3-counts,add_methyl,A,add_methyl_070,0.6459540810228067,2048
Morgan r3-counts,add_methyl,A,add_methyl_071,0.7236506917994905,2048
Morgan r3-counts,add_methyl,A,add_methyl_072,0.7664618794732473,2048
Morgan r3-counts,add_methyl,A,add_methyl_073,0.863067947275827,2048
Morgan r3-counts,add_methyl,A,add_methyl_074,0.772742662046696,2048
Morgan r3-counts,add_methyl,A,add_methyl_075,0.7316380664304463,2048
Morgan r3-counts,add_methyl,A,add_methyl_076,0.9310126974857557,2048
Morgan r3-counts,add_methyl,A,add_methyl_077,0.9114348401155056,2048
Morgan r3-counts,add_methyl,A,add_methyl_078,0.8468865776917635,2048
Morgan r3-counts,add_methyl,A,add_methyl_079,0.7780954682868878,2048
Morgan r3-counts,add_methyl,A,add_methyl_080,0.8409563113791507,2048
Morgan r3-counts,add_methyl,A,add_methyl_081,0.7259119528127925,2048
Morgan r3-counts,add_methyl,A,add_methyl_082,0.6589265961455728,2048
Morgan r3-counts,add_methyl,A,add_methyl_083,0.9824156031337316,2048
Morgan r3-counts,add_methyl,A,add_methyl_084,0.8321183591552395,2048
Morgan r3-counts,add_methyl,A,add_methyl_085,0.6883909999783246,2048
Morgan r3-counts,add_methyl,A,add_methyl_086,0.794970510114372,2048
Morgan r3-counts,add_methyl,A,add_methyl_087,0.716238768546983,2048
Morgan r3-counts,add_methyl,A,add_methyl_088,0.7387006432116369,2048
Morgan r3-counts,add_methyl,A,add_methyl_089,0.9073709444379408,2048
Morgan r3-counts,add_methyl,A,add_methyl_090,0.7221309279914341,2048
Morgan r3-counts,add_methyl,A,add_methyl_091,0.5372278590204191,2048
Morgan r3-counts,add_methyl,A,add_methyl_092,0.736741746719883,2048
Morgan r3-counts,add_methyl,A,add_methyl_093,0.6877664372049671,2048
Morgan r3-counts,add_methyl,A,add_methyl_094,0.6357258253237735,2048
Morgan r3-counts,add_methyl,A,add_methyl_095,0.7121569937026841,2048
Morgan r3-counts,add_methyl,A,add_methyl_096,0.8968885392919502,2048
Morgan r3-counts,add_methyl,A,add_methyl_097,0.6175240089611603,2048
Morgan r3-counts,add_methyl,A,add_methyl_098,0.7410915415130753,2048
Morgan r3-counts,add_methyl,A,add_methyl_099,0.7368250157678548,2048
Morgan r3-counts,add_fluorine,A,add_fluorine_000,0.8159694070507864,2048
Morgan r3-counts,add_fluorine,A,add_fluorine_001,0.5988204698353152,2048
Morgan r3-counts,add_fluorine,A,add_fluorine_002,0.8053044883308825,2048
Morgan r3-counts,add_fluorine,A,add_fluorine_003,0.717733579740009,2048
Morgan r3-counts,add_fluorine,A,add_fluorine_004,0.8128127580945188,2048
Morgan r3-counts,add_fluorine,A,add_fluorine_005,0.698703459375605,2048
Morgan r3-counts,add_fluorine,A,add_fluorine_006,0.7760782470653474,2048
Morgan r3-counts,add_fluorine,A,add_fluorine_007,0.7679988083458607,2048
Morgan r3-counts,add_fluorine,A,add_fluorine_008,0.7813288442646866,2048
Morgan r3-counts,add_fluorine,A,add_fluorine_009,0.868482241960904,2048
Morgan r3-counts,add_fluorine,A,add_fluorine_010,0.7223368968881069,2048
Morgan r3-counts,add_fluorine,A,add_fluorine_011,0.8105768938169202,2048
Morgan r3-counts,add_fluorine,A,add_fluorine_012,0.6923861604115717,2048
Morgan r3-counts,add_fluorine,A,add_fluorine_013,0.5657109145750115,2048
Morgan r3-counts,add_fluorine,A,add_fluorine_014,0.7353867973681067,2048
Morgan r3-counts,add_fluorine,A,add_fluorine_015,0.7416064388306635,2048
Morgan r3-counts,add_fluorine,A,add_fluorine_016,0.7164442318267534,2048
Morgan r3-counts,add_fluorine,A,add_fluorine_017,0.7076218908653914,2048
Morgan r3-counts,add_fluorine,A,add_fluorine_018,0.6656430237716103,2048
Morgan r3-counts,add_fluorine,A,add_fluorine_019,0.8885823158020861,2048
Morgan r3-counts,add_fluorine,A,add_fluorine_020,0.7479574423989397,2048
Morgan r3-counts,add_fluorine,A,add_fluorine_021,0.7899063658110512,2048
Morgan r3-counts,add_fluorine,A,add_fluorine_022,0.6965758429977057,2048
Morgan r3-counts,add_fluorine,A,add_fluorine_023,0.6767027382485805,2048
Morgan r3-counts,add_fluorine,A,add_fluorine_024,0.9075755590826357,2048
Morgan r3-counts,add_fluorine,A,add_fluorine_025,0.6429000573399397,2048
Morgan r3-counts,add_fluorine,A,add_fluorine_026,0.7377955667235302,2048
Morgan r3-counts,add_fluorine,A,add_fluorine_027,0.6483056727788004,2048
Morgan r3-counts,add_fluorine,A,add_fluorine_028,0.5887170587729861,2048
Morgan r3-counts,add_fluorine,A,add_fluorine_029,0.8509105370091812,2048
Morgan r3-counts,add_fluorine,A,add_fluorine_030,0.7347583592383176,2048
Morgan r3-counts,add_fluorine,A,add_fluorine_031,0.956033517702944,2048
Morgan r3-counts,add_fluorine,A,add_fluorine_032,0.744026661504164,2048
Morgan r3-counts,add_fluorine,A,add_fluorine_033,0.7558197414277488,2048
Morgan r3-counts,add_fluorine,A,add_fluorine_034,0.9353778440803066,2048
Morgan r3-counts,add_fluorine,A,add_fluorine_035,0.9347465011794887,2048
Morgan r3-counts,add_fluorine,A,add_fluorine_036,0.7566853462820862,2048
Morgan r3-counts,add_fluorine,A,add_fluorine_037,0.5913198955003159,2048
Morgan r3-counts,add_fluorine,A,add_fluorine_038,0.6965758429977057,2048
Morgan r3-counts,add_fluorine,A,add_fluorine_039,0.8693664409279444,2048
Morgan r3-counts,add_fluorine,A,add_fluorine_040,0.55764390295528,2048
Morgan r3-counts,add_fluorine,A,add_fluorine_041,0.6521836741373023,2048
Morgan r3-counts,add_fluorine,A,add_fluorine_042,0.7448877523790455,2048
Morgan r3-counts,add_fluorine,A,add_fluorine_043,0.7189606314513126,2048
Morgan r3-counts,add_fluorine,A,add_fluorine_044,1.0348709552348303,2048
Morgan r3-counts,add_fluorine,A,add_fluorine_045,0.8484690917541959,2048
Morgan r3-counts,add_fluorine,A,add_fluorine_046,0.7468206875938849,2048
Morgan r3-counts,add_fluorine,A,add_fluorine_047,0.6899396987767185,2048
Morgan r3-counts,add_fluorine,A,add_fluorine_048,0.6029992306638751,2048
Morgan r3-counts,add_fluorine,A,add_fluorine_049,0.7291620473449363,2048
Morgan r3-counts,add_fluorine,A,add_fluorine_050,0.8956588616451239,2048
Morgan r3-counts,add_fluorine,A,add_fluorine_051,0.8072285665089586,2048
Morgan r3-counts,add_fluorine,A,add_fluorine_052,0.7834006245977696,2048
Morgan r3-counts,add_fluorine,A,add_fluorine_053,0.610699914854365,2048
Morgan r3-counts,add_fluorine,A,add_fluorine_054,0.6577602743371546,2048
Morgan r3-counts,add_fluorine,A,add_fluorine_055,0.718387577360167,2048
Morgan r3-counts,add_fluorine,A,add_fluorine_056,0.7596560874593351,2048
Morgan r3-counts,add_fluorine,A,add_fluorine_057,0.6219115784445404,2048
Morgan r3-counts,add_fluorine,A,add_fluorine_058,0.7817526753900647,2048
Morgan r3-counts,add_fluorine,A,add_fluorine_059,0.8797319447412413,2048
Morgan r3-counts,add_fluorine,A,add_fluorine_060,0.6818754485949245,2048
Morgan r3-counts,add_fluorine,A,add_fluorine_061,0.8551831554234848,2048
Morgan r3-counts,add_fluorine,A,add_fluorine_062,0.7654730919129302,2048
Morgan r3-counts,add_fluorine,A,add_fluorine_063,0.9005874688298199,2048
Morgan r3-counts,add_fluorine,A,add_fluorine_064,0.5919914685959424,2048
Morgan r3-counts,add_fluorine,A,add_fluorine_065,0.7295462455359555,2048
Morgan r3-counts,add_fluorine,A,add_fluorine_066,0.6804747705266451,2048
Morgan r3-counts,add_fluorine,A,add_fluorine_067,0.7543109044604989,2048
Morgan r3-counts,add_fluorine,A,add_fluorine_068,0.7198846211169814,2048
Morgan r3-counts,add_fluorine,A,add_fluorine_069,0.6760786508916902,2048
Morgan r3-counts,add_fluorine,A,add_fluorine_070,0.6521836741373023,2048
Morgan r3-counts,add_fluorine,A,add_fluorine_071,0.7386072650687263,2048
Morgan r3-counts,add_fluorine,A,add_fluorine_072,0.7931905995501212,2048
Morgan r3-counts,add_fluorine,A,add_fluorine_073,0.8723443993832789,2048
Morgan r3-counts,add_fluorine,A,add_fluorine_074,0.8046224623909795,2048
Morgan r3-counts,add_fluorine,A,add_fluorine_075,0.831103577530024,2048
Morgan r3-counts,add_fluorine,A,add_fluorine_076,0.9457319576038943,2048
Morgan r3-counts,add_fluorine,A,add_fluorine_077,0.9126189460371524,2048
Morgan r3-counts,add_fluorine,A,add_fluorine_078,0.8402444749298824,2048
Morgan r3-counts,add_fluorine,A,add_fluorine_079,0.7417828443853397,2048
Morgan r3-counts,add_fluorine,A,add_fluorine_080,0.8529969925681593,2048
Morgan r3-counts,add_fluorine,A,add_fluorine_081,0.7061545008977489,2048
Morgan r3-counts,add_fluorine,A,add_fluorine_082,0.6577838051965902,2048
Morgan r3-counts,add_fluorine,A,add_fluorine_083,0.9589643552120969,2048
Morgan r3-counts,add_fluorine,A,add_fluorine_084,0.8860218674036597,2048
Morgan r3-counts,add_fluorine,A,add_fluorine_085,0.6490200491158125,2048
Morgan r3-counts,add_fluorine,A,add_fluorine_086,0.902215405365225,2048
Morgan r3-counts,add_fluorine,A,add_fluorine_087,0.7186196624641349,2048
Morgan r3-counts,add_fluorine,A,add_fluorine_088,0.7084330927939716,2048
Morgan r3-counts,add_fluorine,A,add_fluorine_089,0.8930649656735763,2048
Morgan r3-counts,add_fluorine,A,add_fluorine_090,0.6643264408650564,2048
Morgan r3-counts,add_fluorine,A,add_fluorine_091,0.5253394052958653,2048
Morgan r3-counts,add_fluorine,A,add_fluorine_092,0.7546119623697078,2048
Morgan r3-counts,add_fluorine,A,add_fluorine_093,0.6975726381622124,2048
Morgan r3-counts,add_fluorine,A,add_fluorine_094,0.5902703842060842,2048
Morgan r3-counts,add_fluorine,A,add_fluorine_095,0.7635260279684314,2048
Morgan r3-counts,add_fluorine,A,add_fluorine_096,0.8880110175532779,2048
Morgan r3-counts,add_fluorine,A,add_fluorine_097,0.5138525489222622,2048
Morgan r3-counts,add_fluorine,A,add_fluorine_098,0.7586962296217205,2048
Morgan r3-counts,add_fluorine,A,add_fluorine_099,0.7378403164215271,2048
Morgan r3-counts,isotope_13c,A,isotope_13c_000,0.0,2048
Morgan r3-counts,isotope_13c,A,isotope_13c_001,0.0,2048
Morgan r3-counts,isotope_13c,A,isotope_13c_002,0.0,2048
Morgan r3-counts,isotope_13c,A,isotope_13c_003,0.0,2048
Morgan r3-counts,isotope_13c,A,isotope_13c_004,0.0,2048
Morgan r3-counts,isotope_13c,A,isotope_13c_005,0.0,2048
Morgan r3-counts,isotope_13c,A,isotope_13c_006,0.0,2048
Morgan r3-counts,isotope_13c,A,isotope_13c_007,0.0,2048
Morgan r3-counts,isotope_13c,A,isotope_13c_008,0.0,2048
Morgan r3-counts,isotope_13c,A,isotope_13c_009,0.0,2048
Morgan r3-counts,isotope_13c,A,isotope_13c_010,0.0,2048
Morgan r3-counts,isotope_13c,A,isotope_13c_011,0.0,2048
Morgan r3-counts,isotope_13c,A,isotope_13c_012,0.0,2048
Morgan r3-counts,isotope_13c,A,isotope_13c_013,0.0,2048
Morgan r3-counts,isotope_13c,A,isotope_13c_014,0.0,2048
Morgan r3-counts,isotope_13c,A,isotope_13c_015,0.0,2048
Morgan r3-counts,isotope_13c,A,isotope_13c_016,0.0,2048
Morgan r3-counts,isotope_13c,A,isotope_13c_017,0.8427958717219222,2048
Morgan r3-counts,isotope_13c,A,isotope_13c_018,0.0,2048
Morgan r3-counts,isotope_13c,A,isotope_13c_019,0.0,2048
Morgan r3-counts,isotope_13c,A,isotope_13c_020,0.0,2048
Morgan r3-counts,isotope_13c,A,isotope_13c_021,0.8073670057407623,2048
Morgan r3-counts,isotope_13c,A,isotope_13c_022,0.0,2048
Morgan r3-counts,isotope_13c,A,isotope_13c_023,0.0,2048
Morgan r3-counts,isotope_13c,A,isotope_13c_024,0.0,2048
Morgan r3-counts,isotope_13c,A,isotope_13c_025,0.0,2048
Morgan r3-counts,isotope_13c,A,isotope_13c_026,0.0,2048
Morgan r3-counts,isotope_13c,A,isotope_13c_027,0.0,2048
Morgan r3-counts,isotope_13c,A,isotope_13c_028,0.0,2048
Morgan r3-counts,isotope_13c,A,isotope_13c_029,0.7446821166246886,2048
Morgan r3-counts,isotope_13c,A,isotope_13c_030,0.0,2048
Morgan r3-counts,isotope_13c,A,isotope_13c_031,0.0,2048
Morgan r3-counts,isotope_13c,A,isotope_13c_032,0.0,2048
Morgan r3-counts,isotope_13c,A,isotope_13c_033,0.0,2048
Morgan r3-counts,isotope_13c,A,isotope_13c_034,0.0,2048
Morgan r3-counts,isotope_13c,A,isotope_13c_035,0.0,2048
Morgan r3-counts,isotope_13c,A,isotope_13c_036,0.0,2048
Morgan r3-counts,isotope_13c,A,isotope_13c_037,0.0,2048
Morgan r3-counts,isotope_13c,A,isotope_13c_038,0.0,2048
Morgan r3-counts,isotope_13c,A,isotope_13c_039,0.0,2048
Morgan r3-counts,isotope_13c,A,isotope_13c_040,0.0,2048
Morgan r3-counts,isotope_13c,A,isotope_13c_041,0.0,2048
Morgan r3-counts,isotope_13c,A,isotope_13c_042,0.0,2048
Morgan r3-counts,isotope_13c,A,isotope_13c_043,0.0,2048
Morgan r3-counts,isotope_13c,A,isotope_13c_044,0.0,2048
Morgan r3-counts,isotope_13c,A,isotope_13c_045,0.0,2048
Morgan r3-counts,isotope_13c,A,isotope_13c_046,0.0,2048
Morgan r3-counts,isotope_13c,A,isotope_13c_047,0.0,2048
Morgan r3-counts,isotope_13c,A,isotope_13c_048,0.0,2048
Morgan r3-counts,isotope_13c,A,isotope_13c_049,0.0,2048
Morgan r3-counts,isotope_13c,A,isotope_13c_050,0.0,2048
Morgan r3-counts,isotope_13c,A,isotope_13c_051,0.0,2048
Morgan r3-counts,isotope_13c,A,isotope_13c_052,0.0,2048
Morgan r3-counts,isotope_13c,A,isotope_13c_053,0.0,2048
Morgan r3-counts,isotope_13c,A,isotope_13c_054,0.0,2048
Morgan r3-counts,isotope_13c,A,isotope_13c_055,0.0,2048
Morgan r3-counts,isotope_13c,A,isotope_13c_056,0.0,2048
Morgan r3-counts,isotope_13c,A,isotope_13c_057,0.0,2048
Morgan r3-counts,isotope_13c,A,isotope_13c_058,0.0,2048
Morgan r3-counts,isotope_13c,A,isotope_13c_059,0.0,2048
Morgan r3-counts,isotope_13c,A,isotope_13c_060,0.0,2048
Morgan r3-counts,isotope_13c,A,isotope_13c_061,0.0,2048
Morgan r3-counts,isotope_13c,A,isotope_13c_062,0.0,2048
Morgan r3-counts,isotope_13c,A,isotope_13c_063,0.0,2048
Morgan r3-counts,isotope_13c,A,isotope_13c_064,0.0,2048
Morgan r3-counts,isotope_13c,A,isotope_13c_065,0.0,2048
Morgan r3-counts,isotope_13c,A,isotope_13c_066,0.0,2048
Morgan r3-counts,isotope_13c,A,isotope_13c_067,0.0,2048
Morgan r3-counts,isotope_13c,A,isotope_13c_068,0.0,2048
Morgan r3-counts,isotope_13c,A,isotope_13c_069,0.0,2048
Morgan r3-counts,isotope_13c,A,isotope_13c_070,0.0,2048
Morgan r3-counts,isotope_13c,A,isotope_13c_071,0.0,2048
Morgan r3-counts,isotope_13c,A,isotope_13c_072,0.0,2048
Morgan r3-counts,isotope_13c,A,isotope_13c_073,0.0,2048
Morgan r3-counts,isotope_13c,A,isotope_13c_074,0.0,2048
Morgan r3-counts,isotope_13c,A,isotope_13c_075,0.0,2048
Morgan r3-counts,isotope_13c,A,isotope_13c_076,0.0,2048
Morgan r3-counts,isotope_13c,A,isotope_13c_077,0.0,2048
Morgan r3-counts,isotope_13c,A,isotope_13c_078,0.0,2048
Morgan r3-counts,isotope_13c,A,isotope_13c_079,0.0,2048
Morgan r3-counts,isotope_13c,A,isotope_13c_080,0.0,2048
Morgan r3-counts,isotope_13c,A,isotope_13c_081,0.0,2048
Morgan r3-counts,isotope_13c,A,isotope_13c_082,0.0,2048
Morgan r3-counts,isotope_13c,A,isotope_13c_083,0.0,2048
Morgan r3-counts,isotope_13c,A,isotope_13c_084,0.0,2048
Morgan r3-counts,isotope_13c,A,isotope_13c_085,0.0,2048
Morgan r3-counts,isotope_13c,A,isotope_13c_086,0.0,2048
Morgan r3-counts,isotope_13c,A,isotope_13c_087,0.0,2048
Morgan r3-counts,isotope_13c,A,isotope_13c_088,0.0,2048
Morgan r3-counts,isotope_13c,A,isotope_13c_089,0.0,2048
Morgan r3-counts,isotope_13c,A,isotope_13c_090,0.8358253282864674,2048
Morgan r3-counts,isotope_13c,A,isotope_13c_091,0.0,2048
Morgan r3-counts,isotope_13c,A,isotope_13c_092,0.0,2048
Morgan r3-counts,isotope_13c,A,isotope_13c_093,0.0,2048
Morgan r3-counts,isotope_13c,A,isotope_13c_094,0.0,2048
Morgan r3-counts,isotope_13c,A,isotope_13c_095,0.0,2048
Morgan r3-counts,isotope_13c,A,isotope_13c_096,0.0,2048
Morgan r3-counts,isotope_13c,A,isotope_13c_097,0.0,2048
Morgan r3-counts,isotope_13c,A,isotope_13c_098,0.0,2048
Morgan r3-counts,isotope_13c,A,isotope_13c_099,0.0,2048
Morgan r3-counts,ring_size,A,ring_size_000,0.2881655669649545,2048
Morgan r3-counts,ring_size,A,ring_size_001,0.2949440714021046,2048
Morgan r3-counts,ring_size,A,ring_size_002,0.1825343171364693,2048
Morgan r3-counts,ring_size,A,ring_size_003,0.20835454747679977,2048
Morgan r3-counts,ring_size,A,ring_size_004,0.3088288363597758,2048
Morgan r3-counts,ring_size,A,ring_size_005,0.2949440714021046,2048
Morgan r3-counts,ring_size,A,ring_size_006,0.40372311754893214,2048
Morgan r3-counts,ring_size,A,ring_size_007,0.33244818595840536,2048
Morgan r3-counts,ring_size,A,ring_size_008,0.6765348089067736,2048
Morgan r3-counts,ring_size,A,ring_size_009,0.29833474713350694,2048
Morgan r3-counts,ring_size,A,ring_size_010,0.2881655669649545,2048
Morgan r3-counts,ring_size,A,ring_size_011,0.30953316345490856,2048
Morgan r3-counts,ring_size,A,ring_size_012,0.2949440714021046,2048
Morgan r3-counts,ring_size,A,ring_size_013,0.2949440714021046,2048
Morgan r3-counts,ring_size,A,ring_size_014,0.2938556209915822,2048
Morgan r3-counts,ring_size,A,ring_size_015,0.2938556209915822,2048
Morgan r3-counts,ring_size,A,ring_size_016,0.2881655669649545,2048
Morgan r3-counts,ring_size,A,ring_size_017,0.30953316345490856,2048
Morgan r3-counts,ring_size,A,ring_size_018,0.2881655669649545,2048
Morgan r3-counts,ring_size,A,ring_size_019,0.2696103499660336,2048
Morgan r3-counts,ring_size,A,ring_size_020,0.33111184727016196,2048
Morgan r3-counts,ring_size,A,ring_size_021,0.2938556209915822,2048
Morgan r3-counts,ring_size,A,ring_size_022,0.2881655669649545,2048
Morgan r3-counts,ring_size,A,ring_size_023,0.1825343171364693,2048
Morgan r3-counts,ring_size,A,ring_size_024,0.7507932678457653,2048
Morgan r3-counts,ring_size,A,ring_size_025,0.40372311754893214,2048
Morgan r3-counts,ring_size,A,ring_size_026,0.1825343171364693,2048
Morgan r3-counts,ring_size,A,ring_size_027,0.2949440714021046,2048
Morgan r3-counts,ring_size,A,ring_size_028,0.2949440714021046,2048
Morgan r3-counts,ring_size,A,ring_size_029,0.28525811651059,2048
Morgan r3-counts,ring_size,A,ring_size_030,0.25922507119713434,2048
Morgan r3-counts,ring_size,A,ring_size_031,0.2949440714021046,2048
Morgan r3-counts,ring_size,A,ring_size_032,0.30953316345490856,2048
Morgan r3-counts,ring_size,A,ring_size_033,0.1825343171364693,2048
Morgan r3-counts,ring_size,A,ring_size_034,0.2949440714021046,2048
Morgan r3-counts,ring_size,A,ring_size_035,0.2949440714021046,2048
Morgan r3-counts,ring_size,A,ring_size_036,0.29833474713350694,2048
Morgan r3-counts,ring_size,A,ring_size_037,0.2949440714021046,2048
Morgan r3-counts,ring_size,A,ring_size_038,0.2949440714021046,2048
Morgan r3-counts,ring_size,A,ring_size_039,0.2949440714021046,2048
Morgan r3-counts,ring_size,A,ring_size_040,0.2949440714021046,2048
Morgan r3-counts,ring_size,A,ring_size_041,0.2949440714021046,2048
Morgan r3-counts,ring_size,A,ring_size_042,0.2938556209915822,2048
Morgan r3-counts,ring_size,A,ring_size_043,0.2938556209915822,2048
Morgan r3-counts,ring_size,A,ring_size_044,0.2949440714021046,2048
Morgan r3-counts,ring_size,A,ring_size_045,0.30953316345490856,2048
Morgan r3-counts,ring_size,A,ring_size_046,0.2752197960887699,2048
Morgan r3-counts,ring_size,A,ring_size_047,0.2696103499660336,2048
Morgan r3-counts,ring_size,A,ring_size_048,0.2938556209915822,2048
Morgan r3-counts,ring_size,A,ring_size_049,0.2949440714021046,2048
Morgan r3-counts,ring_size,A,ring_size_050,0.1825343171364693,2048
Morgan r3-counts,ring_size,A,ring_size_051,0.1825343171364693,2048
Morgan r3-counts,ring_size,A,ring_size_052,0.2949440714021046,2048
Morgan r3-counts,ring_size,A,ring_size_053,0.9150137338829872,2048
Morgan r3-counts,ring_size,A,ring_size_054,0.24638482707054693,2048
Morgan r3-counts,ring_size,A,ring_size_055,0.2949440714021046,2048
Morgan r3-counts,ring_size,A,ring_size_056,0.2696103499660336,2048
Morgan r3-counts,ring_size,A,ring_size_057,0.1825343171364693,2048
Morgan r3-counts,ring_size,A,ring_size_058,0.1825343171364693,2048
Morgan r3-counts,ring_size,A,ring_size_059,0.2938556209915822,2048
Morgan r3-counts,ring_size,A,ring_size_060,0.29465194886687573,2048
Morgan r3-counts,ring_size,A,ring_size_061,0.2949440714021046,2048
Morgan r3-counts,ring_size,A,ring_size_062,0.2881655669649545,2048
Morgan r3-counts,ring_size,A,ring_size_063,0.2881655669649545,2048
Morgan r3-counts,ring_size,A,ring_size_064,0.2949440714021046,2048
Morgan r3-counts,ring_size,A,ring_size_065,0.2938556209915822,2048
Morgan r3-counts,ring_size,A,ring_size_066,0.40372311754893214,2048
Morgan r3-counts,ring_size,A,ring_size_067,0.2949440714021046,2048
Morgan r3-counts,ring_size,A,ring_size_068,0.2696103499660336,2048
Morgan r3-counts,ring_size,A,ring_size_069,0.09244671874079963,2048
Morgan r3-counts,ring_size,A,ring_size_070,0.2949440714021046,2048
Morgan r3-counts,ring_size,A,ring_size_071,0.2881655669649545,2048
Morgan r3-counts,ring_size,A,ring_size_072,0.2938556209915822,2048
Morgan r3-counts,ring_size,A,ring_size_073,0.2938556209915822,2048
Morgan r3-counts,ring_size,A,ring_size_074,0.6257976524076987,2048
Morgan r3-counts,ring_size,A,ring_size_075,0.2949440714021046,2048
Morgan r3-counts,ring_size,A,ring_size_076,0.40372311754893214,2048
Morgan r3-counts,ring_size,A,ring_size_077,0.30953316345490856,2048
Morgan r3-counts,ring_size,A,ring_size_078,0.40372311754893214,2048
Morgan r3-counts,ring_size,A,ring_size_079,0.2949440714021046,2048
Morgan r3-counts,ring_size,A,ring_size_080,0.2938556209915822,2048
Morgan r3-counts,ring_size,A,ring_size_081,0.29833474713350694,2048
Morgan r3-counts,ring_size,A,ring_size_082,0.1825343171364693,2048
Morgan r3-counts,ring_size,A,ring_size_083,0.29833474713350694,2048
Morgan r3-counts,ring_size,A,ring_size_084,0.2949440714021046,2048
Morgan r3-counts,ring_size,A,ring_size_085,0.2949440714021046,2048
Morgan r3-counts,ring_size,A,ring_size_086,0.2881655669649545,2048
Morgan r3-counts,ring_size,A,ring_size_087,0.2938556209915822,2048
Morgan r3-counts,ring_size,A,ring_size_088,0.40372311754893214,2048
Morgan r3-counts,ring_size,A,ring_size_089,0.2949440714021046,2048
Morgan r3-counts,ring_size,A,ring_size_090,0.2752197960887699,2048
Morgan r3-counts,ring_size,A,ring_size_091,0.2949440714021046,2048
Morgan r3-counts,ring_size,A,ring_size_092,0.30953316345490856,2048
Morgan r3-counts,ring_size,A,ring_size_093,0.2949440714021046,2048
Morgan r3-counts,ring_size,A,ring_size_094,0.2949440714021046,2048
Morgan r3-counts,ring_size,A,ring_size_095,0.2867542144133833,2048
Morgan r3-counts,ring_size,A,ring_size_096,0.2949440714021046,2048
Morgan r3-counts,ring_size,A,ring_size_097,0.1825343171364693,2048
Morgan r3-counts,ring_size,A,ring_size_098,0.2949440714021046,2048
Morgan r3-counts,ring_size,A,ring_size_099,0.2949440714021046,2048
Morgan r3-counts,regioisomer,A,regioisomer_000,0.53647161919542,2048
Morgan r3-counts,regioisomer,A,regioisomer_001,0.586660739867788,2048
Morgan r3-counts,regioisomer,A,regioisomer_002,0.704374974680163,2048
Morgan r3-counts,regioisomer,A,regioisomer_003,0.7862921867508358,2048
Morgan r3-counts,regioisomer,A,regioisomer_004,0.5704896840647675,2048
Morgan r3-counts,regioisomer,A,regioisomer_005,0.5799138007139394,2048
Morgan r3-counts,regioisomer,A,regioisomer_006,0.7800381480578695,2048
Morgan r3-counts,regioisomer,A,regioisomer_007,0.8418439368820264,2048
Morgan r3-counts,regioisomer,A,regioisomer_008,0.8001656672259654,2048
Morgan r3-counts,regioisomer,A,regioisomer_009,0.6935828453159605,2048
Morgan r3-counts,regioisomer,A,regioisomer_010,0.6360326172584175,2048
Morgan r3-counts,regioisomer,A,regioisomer_011,0.6370774893869138,2048
Morgan r3-counts,regioisomer,A,regioisomer_012,0.6257513577902462,2048
Morgan r3-counts,regioisomer,A,regioisomer_013,0.5697424370874375,2048
Morgan r3-counts,regioisomer,A,regioisomer_014,0.6279058499512732,2048
Morgan r3-counts,regioisomer,A,regioisomer_015,0.6134120818718555,2048
Morgan r3-counts,regioisomer,A,regioisomer_016,0.5443830956925955,2048
Morgan r3-counts,regioisomer,A,regioisomer_017,0.6061515745474183,2048
Morgan r3-counts,regioisomer,A,regioisomer_018,0.6525811523926749,2048
Morgan r3-counts,regioisomer,A,regioisomer_019,0.7328811911927704,2048
Morgan r3-counts,regioisomer,A,regioisomer_020,0.6829127139887264,2048
Morgan r3-counts,regioisomer,A,regioisomer_021,0.9290556934345813,2048
Morgan r3-counts,regioisomer,A,regioisomer_022,0.6714535319710945,2048
Morgan r3-counts,regioisomer,A,regioisomer_023,0.7001217350047652,2048
Morgan r3-counts,regioisomer,A,regioisomer_024,0.6520484522788933,2048
Morgan r3-counts,regioisomer,A,regioisomer_025,0.6240767244643857,2048
Morgan r3-counts,regioisomer,A,regioisomer_026,0.624373736081919,2048
Morgan r3-counts,regioisomer,A,regioisomer_027,0.690451001599733,2048
Morgan r3-counts,regioisomer,A,regioisomer_028,0.7249381859559959,2048
Morgan r3-counts,regioisomer,A,regioisomer_029,0.6292473624387924,2048
Morgan r3-counts,regioisomer,A,regioisomer_030,0.5909088266562152,2048
Morgan r3-counts,regioisomer,A,regioisomer_031,0.6812173219594244,2048
Morgan r3-counts,regioisomer,A,regioisomer_032,0.5821329141778151,2048
Morgan r3-counts,regioisomer,A,regioisomer_033,0.5632922210810475,2048
Morgan r3-counts,regioisomer,A,regioisomer_034,0.668364612107976,2048
Morgan r3-counts,regioisomer,A,regioisomer_035,0.6815531187575583,2048
Morgan r3-counts,regioisomer,A,regioisomer_036,0.5934961119503768,2048
Morgan r3-counts,regioisomer,A,regioisomer_037,0.5760224082435483,2048
Morgan r3-counts,regioisomer,A,regioisomer_038,0.705245672095438,2048
Morgan r3-counts,regioisomer,A,regioisomer_039,0.6310052571767532,2048
Morgan r3-counts,regioisomer,A,regioisomer_040,0.6968951239944022,2048
Morgan r3-counts,regioisomer,A,regioisomer_041,0.7372999081124063,2048
Morgan r3-counts,regioisomer,A,regioisomer_042,0.5810746079538577,2048
Morgan r3-counts,regioisomer,A,regioisomer_043,0.618021320227467,2048
Morgan r3-counts,regioisomer,A,regioisomer_044,0.56043338997171,2048
Morgan r3-counts,regioisomer,A,regioisomer_045,0.7498531505193184,2048
Morgan r3-counts,regioisomer,A,regioisomer_046,0.7778741216098758,2048
Morgan r3-counts,regioisomer,A,regioisomer_047,0.47774688495000656,2048
Morgan r3-counts,regioisomer,A,regioisomer_048,0.4840711445291021,2048
Morgan r3-counts,regioisomer,A,regioisomer_049,0.6571688544398848,2048
Morgan r3-counts,regioisomer,A,regioisomer_050,0.71255692329804,2048
Morgan r3-counts,regioisomer,A,regioisomer_051,0.6525811523926749,2048
Morgan r3-counts,regioisomer,A,regioisomer_052,0.8340958441451013,2048
Morgan r3-counts,regioisomer,A,regioisomer_053,0.7424737107708143,2048
Morgan r3-counts,regioisomer,A,regioisomer_054,0.7048570656667426,2048
Morgan r3-counts,regioisomer,A,regioisomer_055,0.5463329968487932,2048
Morgan r3-counts,regioisomer,A,regioisomer_056,0.7227765781934987,2048
Morgan r3-counts,regioisomer,A,regioisomer_057,0.7135941066376917,2048
Morgan r3-counts,regioisomer,A,regioisomer_058,0.5874239710138494,2048
Morgan r3-counts,regioisomer,A,regioisomer_059,0.728932803313609,2048
Morgan r3-counts,regioisomer,A,regioisomer_060,0.620990780336799,2048
Morgan r3-counts,regioisomer,A,regioisomer_061,0.7465734300169549,2048
Morgan r3-counts,regioisomer,A,regioisomer_062,0.6793334460331816,2048
Morgan r3-counts,regioisomer,A,regioisomer_063,0.45586446467210257,2048
Morgan r3-counts,regioisomer,A,regioisomer_064,0.5149687796266453,2048
Morgan r3-counts,regioisomer,A,regioisomer_065,0.67208528458974,2048
Morgan r3-counts,regioisomer,A,regioisomer_066,0.7443079566103589,2048
Morgan r3-counts,regioisomer,A,regioisomer_067,0.6247317707009817,2048
Morgan r3-counts,regioisomer,A,regioisomer_068,0.6065684342592405,2048
Morgan r3-counts,regioisomer,A,regioisomer_069,0.6844750245654304,2048
Morgan r3-counts,regioisomer,A,regioisomer_070,0.5732958392266001,2048
Morgan r3-counts,regioisomer,A,regioisomer_071,0.6613499040447671,2048
Morgan r3-counts,regioisomer,A,regioisomer_072,0.6812062452602106,2048
Morgan r3-counts,regioisomer,A,regioisomer_073,0.6918388842221357,2048
Morgan r3-counts,regioisomer,A,regioisomer_074,0.694019844038628,2048
Morgan r3-counts,regioisomer,A,regioisomer_075,0.6556610833510521,2048
Morgan r3-counts,regioisomer,A,regioisomer_076,0.6909528352749806,2048
Morgan r3-counts,regioisomer,A,regioisomer_077,0.6835028037075166,2048
Morgan r3-counts,regioisomer,A,regioisomer_078,0.7349500400921537,2048
Morgan r3-counts,regioisomer,A,regioisomer_079,0.7259999356732749,2048
Morgan r3-counts,regioisomer,A,regioisomer_080,0.5479576106749118,2048
Morgan r3-counts,regioisomer,A,regioisomer_081,0.7098590419873421,2048
Morgan r3-counts,regioisomer,A,regioisomer_082,0.608795988848548,2048
Morgan r3-counts,regioisomer,A,regioisomer_083,0.6471600894254499,2048
Morgan r3-counts,regioisomer,A,regioisomer_084,0.6987248860408387,2048
Morgan r3-counts,regioisomer,A,regioisomer_085,0.661469711859685,2048
Morgan r3-counts,regioisomer,A,regioisomer_086,0.7260953902456695,2048
Morgan r3-counts,regioisomer,A,regioisomer_087,0.6428895362704866,2048
Morgan r3-counts,regioisomer,A,regioisomer_088,0.6633729024594757,2048
Morgan r3-counts,regioisomer,A,regioisomer_089,0.5938116165514512,2048
Morgan r3-counts,regioisomer,A,regioisomer_090,0.6233450006978736,2048
Morgan r3-counts,regioisomer,A,regioisomer_091,0.6975502996599713,2048
Morgan r3-counts,regioisomer,A,regioisomer_092,0.7359867064684138,2048
Morgan r3-counts,regioisomer,A,regioisomer_093,0.8494990415816077,2048
Morgan r3-counts,regioisomer,A,regioisomer_094,0.534270720647172,2048
Morgan r3-counts,regioisomer,A,regioisomer_095,0.6969327737390322,2048
Morgan r3-counts,regioisomer,A,regioisomer_096,0.47774688495000656,2048
Morgan r3-counts,regioisomer,A,regioisomer_097,0.6757937000108561,2048
Morgan r3-counts,regioisomer,A,regioisomer_098,0.7713552178246549,2048
Morgan r3-counts,regioisomer,A,regioisomer_099,0.692922035651808,2048
Morgan r3-counts,matched_mw,A,matched_mw_000,0.49644273981499537,2048
Morgan r3-counts,matched_mw,A,matched_mw_001,0.4488781671231473,2048
Morgan r3-counts,matched_mw,A,matched_mw_002,0.5429675604649425,2048
Morgan r3-counts,matched_mw,A,matched_mw_003,0.4373296840168227,2048
Morgan r3-counts,matched_mw,A,matched_mw_004,0.8340604913657467,2048
Morgan r3-counts,matched_mw,A,matched_mw_005,0.5974006742403543,2048
Morgan r3-counts,matched_mw,A,matched_mw_006,0.7969353504152299,2048
Morgan r3-counts,matched_mw,A,matched_mw_007,0.5058269713337398,2048
Morgan r3-counts,matched_mw,A,matched_mw_008,0.8064030111267396,2048
Morgan r3-counts,matched_mw,A,matched_mw_009,0.8958303438215387,2048
Morgan r3-counts,matched_mw,A,matched_mw_010,0.531059459401124,2048
Morgan r3-counts,matched_mw,A,matched_mw_011,0.5238846262667184,2048
Morgan r3-counts,matched_mw,A,matched_mw_012,0.5192033521521989,2048
Morgan r3-counts,matched_mw,A,matched_mw_013,0.6483588698741544,2048
Morgan r3-counts,matched_mw,A,matched_mw_014,0.65003331972813,2048
Morgan r3-counts,matched_mw,A,matched_mw_015,0.5942186867604285,2048
Morgan r3-counts,matched_mw,A,matched_mw_016,0.5134362365292128,2048
Morgan r3-counts,matched_mw,A,matched_mw_017,0.6873384994613629,2048
Morgan r3-counts,matched_mw,A,matched_mw_018,0.6659208500179398,2048
Morgan r3-counts,matched_mw,A,matched_mw_019,0.6336808467970819,2048
Morgan r3-counts,matched_mw,A,matched_mw_020,0.4812632671957113,2048
Morgan r3-counts,matched_mw,A,matched_mw_021,0.6559384086203746,2048
Morgan r3-counts,matched_mw,A,matched_mw_022,0.7981621016328491,2048
Morgan r3-counts,matched_mw,A,matched_mw_023,0.7558750094706937,2048
Morgan r3-counts,matched_mw,A,matched_mw_024,0.86329508097381,2048
Morgan r3-counts,matched_mw,A,matched_mw_025,0.9504674018144483,2048
Morgan r3-counts,matched_mw,A,matched_mw_026,0.763382371475661,2048
Morgan r3-counts,matched_mw,A,matched_mw_027,0.6975050935629917,2048
Morgan r3-counts,matched_mw,A,matched_mw_028,0.7347518361024498,2048
Morgan r3-counts,matched_mw,A,matched_mw_029,0.7037490445230927,2048
Morgan r3-counts,matched_mw,A,matched_mw_030,0.7115024806302173,2048
Morgan r3-counts,matched_mw,A,matched_mw_031,0.5329616070541416,2048
Morgan r3-counts,matched_mw,A,matched_mw_032,0.8225417076796152,2048
Morgan r3-counts,matched_mw,A,matched_mw_033,0.8860131306829864,2048
Morgan r3-counts,matched_mw,A,matched_mw_034,0.6416782570559568,2048
Morgan r3-counts,matched_mw,A,matched_mw_035,0.6660225380881968,2048
Morgan r3-counts,matched_mw,A,matched_mw_036,0.8695013519968571,2048
Morgan r3-counts,matched_mw,A,matched_mw_037,0.49137827153443014,2048
Morgan r3-counts,matched_mw,A,matched_mw_038,0.792685347920492,2048
Morgan r3-counts,matched_mw,A,matched_mw_039,0.6488094415556759,2048
Morgan r3-counts,matched_mw,A,matched_mw_040,0.5425972737669723,2048
Morgan r3-counts,matched_mw,A,matched_mw_041,0.6528080688832585,2048
Morgan r3-counts,matched_mw,A,matched_mw_042,0.8012114591551662,2048
Morgan r3-counts,matched_mw,A,matched_mw_043,0.7413123698734393,2048
Morgan r3-counts,matched_mw,A,matched_mw_044,0.8499985958960147,2048
Morgan r3-counts,matched_mw,A,matched_mw_045,0.8120927117280948,2048
Morgan r3-counts,matched_mw,A,matched_mw_046,0.9325480800832686,2048
Morgan r3-counts,matched_mw,A,matched_mw_047,0.8051772958621668,2048
Morgan r3-counts,matched_mw,A,matched_mw_048,0.7538031071725052,2048
Morgan r3-counts,matched_mw,A,matched_mw_049,0.7772867097343468,2048
Morgan r3-counts,matched_mw,A,matched_mw_050,0.6178200191772149,2048
Morgan r3-counts,matched_mw,A,matched_mw_051,0.8420378641230494,2048
Morgan r3-counts,matched_mw,A,matched_mw_052,0.9918947002928167,2048
Morgan r3-counts,matched_mw,A,matched_mw_053,0.9422493067264256,2048
Morgan r3-counts,matched_mw,A,matched_mw_054,0.6244808472895845,2048
Morgan r3-counts,matched_mw,A,matched_mw_055,0.896905927055645,2048
Morgan r3-counts,matched_mw,A,matched_mw_056,1.1409471396112212,2048
Morgan r3-counts,matched_mw,A,matched_mw_057,0.7659658915591939,2048
Morgan r3-counts,matched_mw,A,matched_mw_058,0.6620078974135079,2048
Morgan r3-counts,matched_mw,A,matched_mw_059,0.7882987279878539,2048
Morgan r3-counts,matched_mw,A,matched_mw_060,0.8885253359412085,2048
Morgan r3-counts,matched_mw,A,matched_mw_061,0.6069624348018898,2048
Morgan r3-counts,matched_mw,A,matched_mw_062,0.7095923649037227,2048
Morgan r3-counts,matched_mw,A,matched_mw_063,0.6335063768899544,2048
Morgan r3-counts,matched_mw,A,matched_mw_064,0.8273469690760941,2048
Morgan r3-counts,matched_mw,A,matched_mw_065,0.8332083346860889,2048
Morgan r3-counts,matched_mw,A,matched_mw_066,0.6626382628738747,2048
Morgan r3-counts,matched_mw,A,matched_mw_067,0.7446595262937852,2048
Morgan r3-counts,matched_mw,A,matched_mw_068,0.9374331194936256,2048
Morgan r3-counts,matched_mw,A,matched_mw_069,0.9392769006281766,2048
Morgan r3-counts,matched_mw,A,matched_mw_070,0.6831055622952228,2048
Morgan r3-counts,matched_mw,A,matched_mw_071,0.8835919663809275,2048
Morgan r3-counts,matched_mw,A,matched_mw_072,0.7880936613565176,2048
Morgan r3-counts,matched_mw,A,matched_mw_073,0.7675444692407104,2048
Morgan r3-counts,matched_mw,A,matched_mw_074,0.7510789828519686,2048
Morgan r3-counts,matched_mw,A,matched_mw_075,0.9493545718821019,2048
Morgan r3-counts,matched_mw,A,matched_mw_076,0.9397005192143887,2048
Morgan r3-counts,matched_mw,A,matched_mw_077,0.7124541574469903,2048
Morgan r3-counts,matched_mw,A,matched_mw_078,0.7113396829264406,2048
Morgan r3-counts,matched_mw,A,matched_mw_079,0.6909275589455325,2048
Morgan r3-counts,matched_mw,A,matched_mw_080,0.8351010741249046,2048
Morgan r3-counts,matched_mw,A,matched_mw_081,0.9620170959374883,2048
Morgan r3-counts,matched_mw,A,matched_mw_082,0.9413611481573668,2048
Morgan r3-counts,matched_mw,A,matched_mw_083,1.171150746453952,2048
Morgan r3-counts,matched_mw,A,matched_mw_084,0.7857460827105055,2048
Morgan r3-counts,matched_mw,A,matched_mw_085,0.6848783802588769,2048
Morgan r3-counts,matched_mw,A,matched_mw_086,0.7158886454999772,2048
Morgan r3-counts,matched_mw,A,matched_mw_087,0.8159913334066101,2048
Morgan r3-counts,matched_mw,A,matched_mw_088,0.8320282727586596,2048
Morgan r3-counts,matched_mw,A,matched_mw_089,0.8999918326440944,2048
Morgan r3-counts,matched_mw,A,matched_mw_090,0.7410686197422189,2048
Morgan r3-counts,matched_mw,A,matched_mw_091,1.053898050451758,2048
Morgan r3-counts,matched_mw,A,matched_mw_092,1.0143912490978682,2048
Morgan r3-counts,matched_mw,A,matched_mw_093,0.6701649727865204,2048
Morgan r3-counts,matched_mw,A,matched_mw_094,0.7943413760285686,2048
Morgan r3-counts,matched_mw,A,matched_mw_095,0.7423120359777171,2048
Morgan r3-counts,matched_mw,A,matched_mw_096,1.0968957385104376,2048
Morgan r3-counts,matched_mw,A,matched_mw_097,0.8096732223581095,2048
Morgan r3-counts,matched_mw,A,matched_mw_098,0.9516384198794756,2048
Morgan r3-counts,matched_mw,A,matched_mw_099,1.159264654782892,2048
Morgan r3-counts,matched_descriptors,A,matched_descriptors_000,1.2021667195490395,2048
Morgan r3-counts,matched_descriptors,A,matched_descriptors_001,1.2370612557714076,2048
Morgan r3-counts,matched_descriptors,A,matched_descriptors_002,1.07857770653097,2048
Morgan r3-counts,matched_descriptors,A,matched_descriptors_003,0.4001659430747506,2048
Morgan r3-counts,matched_descriptors,A,matched_descriptors_004,1.0774911591263578,2048
Morgan r3-counts,matched_descriptors,A,matched_descriptors_005,1.1475900502764942,2048
Morgan r3-counts,matched_descriptors,A,matched_descriptors_006,1.122952934110686,2048
Morgan r3-counts,matched_descriptors,A,matched_descriptors_007,1.3532126918722094,2048
Morgan r3-counts,matched_descriptors,A,matched_descriptors_008,1.2295181175716403,2048
Morgan r3-counts,matched_descriptors,A,matched_descriptors_009,1.3269992424610384,2048
Morgan r3-counts,matched_descriptors,A,matched_descriptors_010,1.229152798856304,2048
Morgan r3-counts,matched_descriptors,A,matched_descriptors_011,1.0251740195910735,2048
Morgan r3-counts,matched_descriptors,A,matched_descriptors_012,0.8507715665048435,2048
Morgan r3-counts,matched_descriptors,A,matched_descriptors_013,1.2769309409478369,2048
Morgan r3-counts,matched_descriptors,A,matched_descriptors_014,0.7233966918927743,2048
Morgan r3-counts,matched_descriptors,A,matched_descriptors_015,1.2988939616383721,2048
Morgan r3-counts,matched_descriptors,A,matched_descriptors_016,1.3531931264526726,2048
Morgan r3-counts,matched_descriptors,A,matched_descriptors_017,1.2573762394908217,2048
Morgan r3-counts,matched_descriptors,A,matched_descriptors_018,1.345489863974259,2048
Morgan r3-counts,matched_descriptors,A,matched_descriptors_019,0.5762655793918041,2048
Morgan r3-counts,matched_descriptors,A,matched_descriptors_020,1.3148636517492605,2048
Morgan r3-counts,matched_descriptors,A,matched_descriptors_021,1.0159112704710112,2048
Morgan r3-counts,matched_descriptors,A,matched_descriptors_022,1.3848034040706794,2048
Morgan r3-counts,matched_descriptors,A,matched_descriptors_023,1.017184394132905,2048
Morgan r3-counts,matched_descriptors,A,matched_descriptors_024,1.1856164207068514,2048
Morgan r3-counts,matched_descriptors,A,matched_descriptors_025,1.0605768485077687,2048
Morgan r3-counts,matched_descriptors,A,matched_descriptors_026,1.1843558158027494,2048
Morgan r3-counts,matched_descriptors,A,matched_descriptors_027,0.8980450997818261,2048
Morgan r3-counts,matched_descriptors,A,matched_descriptors_028,1.0439022178834347,2048
Morgan r3-counts,matched_descriptors,A,matched_descriptors_029,1.154215470269265,2048
Morgan r3-counts,matched_descriptors,A,matched_descriptors_030,1.39933885276393,2048
Morgan r3-counts,matched_descriptors,A,matched_descriptors_031,1.194166706736753,2048
Morgan r3-counts,matched_descriptors,A,matched_descriptors_032,1.2826671880384002,2048
Morgan r3-counts,matched_descriptors,A,matched_descriptors_033,1.1166046468432735,2048
Morgan r3-counts,matched_descriptors,A,matched_descriptors_034,1.4102567600914255,2048
Morgan r3-counts,matched_descriptors,A,matched_descriptors_035,1.2255901701518535,2048
Morgan r3-counts,matched_descriptors,A,matched_descriptors_036,1.1314366595626668,2048
Morgan r3-counts,matched_descriptors,A,matched_descriptors_037,1.2533813305423454,2048
Morgan r3-counts,matched_descriptors,A,matched_descriptors_038,1.163456800275292,2048
Morgan r3-counts,matched_descriptors,A,matched_descriptors_039,1.3589782450662546,2048
Morgan r3-counts,matched_descriptors,A,matched_descriptors_040,1.5407771806975745,2048
Morgan r3-counts,matched_descriptors,A,matched_descriptors_041,0.9612989738480564,2048
Morgan r3-counts,matched_descriptors,A,matched_descriptors_042,1.2404927167637867,2048
Morgan r3-counts,matched_descriptors,A,matched_descriptors_043,0.5930541737876771,2048
Morgan r3-counts,matched_descriptors,A,matched_descriptors_044,1.295308712928104,2048
Morgan r3-counts,matched_descriptors,A,matched_descriptors_045,1.4992044899361463,2048
Morgan r3-counts,matched_descriptors,A,matched_descriptors_046,1.2334677691662943,2048
Morgan r3-counts,matched_descriptors,A,matched_descriptors_047,1.1713207171717401,2048
Morgan r3-counts,matched_descriptors,A,matched_descriptors_048,1.220543522238138,2048
Morgan r3-counts,matched_descriptors,A,matched_descriptors_049,1.2273904759392757,2048
Morgan r3-counts,matched_descriptors,A,matched_descriptors_050,1.269031838084199,2048
Morgan r3-counts,matched_descriptors,A,matched_descriptors_051,1.1744007551952607,2048
Morgan r3-counts,matched_descriptors,A,matched_descriptors_052,1.2788290027993041,2048
Morgan r3-counts,matched_descriptors,A,matched_descriptors_053,1.186809899245014,2048
Morgan r3-counts,matched_descriptors,A,matched_descriptors_054,1.3093741548186508,2048
Morgan r3-counts,matched_descriptors,A,matched_descriptors_055,1.1011953214853973,2048
Morgan r3-counts,matched_descriptors,A,matched_descriptors_056,1.066057113376996,2048
Morgan r3-counts,matched_descriptors,A,matched_descriptors_057,1.168551611122953,2048
Morgan r3-counts,matched_descriptors,A,matched_descriptors_058,1.0995160328904556,2048
Morgan r3-counts,matched_descriptors,A,matched_descriptors_059,1.0464270645033222,2048
Morgan r3-counts,matched_descriptors,A,matched_descriptors_060,1.1917245115615342,2048
Morgan r3-counts,matched_descriptors,A,matched_descriptors_061,1.4498181569458986,2048
Morgan r3-counts,matched_descriptors,A,matched_descriptors_062,1.3176756887151932,2048
Morgan r3-counts,matched_descriptors,A,matched_descriptors_063,1.5418580153619992,2048
Morgan r3-counts,matched_descriptors,A,matched_descriptors_064,1.2645878598259181,2048
Morgan r3-counts,matched_descriptors,A,matched_descriptors_065,1.3231936296089237,2048
Morgan r3-counts,matched_descriptors,A,matched_descriptors_066,1.3163674677973844,2048
Morgan r3-counts,matched_descriptors,A,matched_descriptors_067,1.2766252018436517,2048
Morgan r3-counts,matched_descriptors,A,matched_descriptors_068,1.1179545863548563,2048
Morgan r3-counts,matched_descriptors,A,matched_descriptors_069,1.1755040738863751,2048
Morgan r3-counts,matched_descriptors,A,matched_descriptors_070,1.5659872043580934,2048
Morgan r3-counts,matched_descriptors,A,matched_descriptors_071,1.1911212039559032,2048
Morgan r3-counts,matched_descriptors,A,matched_descriptors_072,1.0573697610082236,2048
Morgan r3-counts,matched_descriptors,A,matched_descriptors_073,1.092180393730846,2048
Morgan r3-counts,matched_descriptors,A,matched_descriptors_074,1.433301080193832,2048
Morgan r3-counts,matched_descriptors,A,matched_descriptors_075,1.2744064544118892,2048
Morgan r3-counts,matched_descriptors,A,matched_descriptors_076,0.5173182677663526,2048
Morgan r3-counts,matched_descriptors,A,matched_descriptors_077,0.7602038680265089,2048
Morgan r3-counts,matched_descriptors,A,matched_descriptors_078,1.3401150088327607,2048
Morgan r3-counts,matched_descriptors,A,matched_descriptors_079,1.2777586860899646,2048
Morgan r3-counts,matched_descriptors,A,matched_descriptors_080,1.433703889035656,2048
Morgan r3-counts,matched_descriptors,A,matched_descriptors_081,1.2669746125030223,2048
Morgan r3-counts,matched_descriptors,A,matched_descriptors_082,1.3320683383523835,2048
Morgan r3-counts,matched_descriptors,A,matched_descriptors_083,1.0707398988935886,2048
Morgan r3-counts,matched_descriptors,A,matched_descriptors_084,1.056001364245169,2048
Morgan r3-counts,matched_descriptors,A,matched_descriptors_085,1.2054914507324017,2048
Morgan r3-counts,matched_descriptors,A,matched_descriptors_086,1.0568803566786669,2048
Morgan r3-counts,matched_descriptors,A,matched_descriptors_087,1.3878195838764027,2048
Morgan r3-counts,matched_descriptors,A,matched_descriptors_088,0.8219196413724875,2048
Morgan r3-counts,matched_descriptors,A,matched_descriptors_089,1.3916876762416626,2048
Morgan r3-counts,matched_descriptors,A,matched_descriptors_090,1.3677387165322477,2048
Morgan r3-counts,matched_descriptors,A,matched_descriptors_091,1.587833062880786,2048
Morgan r3-counts,matched_descriptors,A,matched_descriptors_092,1.1913025131209318,2048
Morgan r3-counts,matched_descriptors,A,matched_descriptors_093,0.7460938808667418,2048
Morgan r3-counts,matched_descriptors,A,matched_descriptors_094,1.387258935739618,2048
Morgan r3-counts,matched_descriptors,A,matched_descriptors_095,1.2863576569898751,2048
Morgan r3-counts,matched_descriptors,A,matched_descriptors_096,1.304610853282324,2048
Morgan r3-counts,matched_descriptors,A,matched_descriptors_097,1.2976518255506186,2048
Morgan r3-counts,matched_descriptors,A,matched_descriptors_098,1.4699532742493966,2048
Morgan r3-counts,matched_descriptors,A,matched_descriptors_099,1.3534186411024407,2048
Morgan r3-counts,smiles_enumeration,B,smiles_enumeration_000,0.0,2048
Morgan r3-counts,smiles_enumeration,B,smiles_enumeration_001,0.0,2048
Morgan r3-counts,smiles_enumeration,B,smiles_enumeration_002,0.0,2048
Morgan r3-counts,smiles_enumeration,B,smiles_enumeration_003,0.0,2048
Morgan r3-counts,smiles_enumeration,B,smiles_enumeration_004,0.0,2048
Morgan r3-counts,smiles_enumeration,B,smiles_enumeration_005,0.0,2048
Morgan r3-counts,smiles_enumeration,B,smiles_enumeration_006,0.0,2048
Morgan r3-counts,smiles_enumeration,B,smiles_enumeration_007,0.0,2048
Morgan r3-counts,smiles_enumeration,B,smiles_enumeration_008,0.0,2048
Morgan r3-counts,smiles_enumeration,B,smiles_enumeration_009,0.0,2048
Morgan r3-counts,smiles_enumeration,B,smiles_enumeration_010,0.0,2048
Morgan r3-counts,smiles_enumeration,B,smiles_enumeration_011,0.0,2048
Morgan r3-counts,smiles_enumeration,B,smiles_enumeration_012,0.0,2048
Morgan r3-counts,smiles_enumeration,B,smiles_enumeration_013,0.0,2048
Morgan r3-counts,smiles_enumeration,B,smiles_enumeration_014,0.0,2048
Morgan r3-counts,smiles_enumeration,B,smiles_enumeration_015,0.0,2048
Morgan r3-counts,smiles_enumeration,B,smiles_enumeration_016,0.0,2048
Morgan r3-counts,smiles_enumeration,B,smiles_enumeration_017,0.0,2048
Morgan r3-counts,smiles_enumeration,B,smiles_enumeration_018,0.0,2048
Morgan r3-counts,smiles_enumeration,B,smiles_enumeration_019,0.0,2048
Morgan r3-counts,smiles_enumeration,B,smiles_enumeration_020,0.0,2048
Morgan r3-counts,smiles_enumeration,B,smiles_enumeration_021,0.0,2048
Morgan r3-counts,smiles_enumeration,B,smiles_enumeration_022,0.0,2048
Morgan r3-counts,smiles_enumeration,B,smiles_enumeration_023,0.0,2048
Morgan r3-counts,smiles_enumeration,B,smiles_enumeration_024,0.0,2048
Morgan r3-counts,smiles_enumeration,B,smiles_enumeration_025,0.0,2048
Morgan r3-counts,smiles_enumeration,B,smiles_enumeration_026,0.0,2048
Morgan r3-counts,smiles_enumeration,B,smiles_enumeration_027,0.0,2048
Morgan r3-counts,smiles_enumeration,B,smiles_enumeration_028,0.0,2048
Morgan r3-counts,smiles_enumeration,B,smiles_enumeration_029,0.0,2048
Morgan r3-counts,smiles_enumeration,B,smiles_enumeration_030,0.0,2048
Morgan r3-counts,smiles_enumeration,B,smiles_enumeration_031,0.0,2048
Morgan r3-counts,smiles_enumeration,B,smiles_enumeration_032,0.0,2048
Morgan r3-counts,smiles_enumeration,B,smiles_enumeration_033,0.0,2048
Morgan r3-counts,smiles_enumeration,B,smiles_enumeration_034,0.0,2048
Morgan r3-counts,smiles_enumeration,B,smiles_enumeration_035,0.0,2048
Morgan r3-counts,smiles_enumeration,B,smiles_enumeration_036,0.0,2048
Morgan r3-counts,smiles_enumeration,B,smiles_enumeration_037,0.0,2048
Morgan r3-counts,smiles_enumeration,B,smiles_enumeration_038,0.0,2048
Morgan r3-counts,smiles_enumeration,B,smiles_enumeration_039,0.0,2048
Morgan r3-counts,smiles_enumeration,B,smiles_enumeration_040,0.0,2048
Morgan r3-counts,smiles_enumeration,B,smiles_enumeration_041,0.0,2048
Morgan r3-counts,smiles_enumeration,B,smiles_enumeration_042,0.0,2048
Morgan r3-counts,smiles_enumeration,B,smiles_enumeration_043,0.0,2048
Morgan r3-counts,smiles_enumeration,B,smiles_enumeration_044,0.0,2048
Morgan r3-counts,smiles_enumeration,B,smiles_enumeration_045,0.0,2048
Morgan r3-counts,smiles_enumeration,B,smiles_enumeration_046,0.0,2048
Morgan r3-counts,smiles_enumeration,B,smiles_enumeration_047,0.0,2048
Morgan r3-counts,smiles_enumeration,B,smiles_enumeration_048,0.0,2048
Morgan r3-counts,smiles_enumeration,B,smiles_enumeration_049,0.0,2048
Morgan r3-counts,smiles_enumeration,B,smiles_enumeration_050,0.0,2048
Morgan r3-counts,smiles_enumeration,B,smiles_enumeration_051,0.0,2048
Morgan r3-counts,smiles_enumeration,B,smiles_enumeration_052,0.0,2048
Morgan r3-counts,smiles_enumeration,B,smiles_enumeration_053,0.0,2048
Morgan r3-counts,smiles_enumeration,B,smiles_enumeration_054,0.0,2048
Morgan r3-counts,smiles_enumeration,B,smiles_enumeration_055,0.0,2048
Morgan r3-counts,smiles_enumeration,B,smiles_enumeration_056,0.0,2048
Morgan r3-counts,smiles_enumeration,B,smiles_enumeration_057,0.0,2048
Morgan r3-counts,smiles_enumeration,B,smiles_enumeration_058,0.0,2048
Morgan r3-counts,smiles_enumeration,B,smiles_enumeration_059,0.0,2048
Morgan r3-counts,smiles_enumeration,B,smiles_enumeration_060,0.0,2048
Morgan r3-counts,smiles_enumeration,B,smiles_enumeration_061,0.0,2048
Morgan r3-counts,smiles_enumeration,B,smiles_enumeration_062,0.0,2048
Morgan r3-counts,smiles_enumeration,B,smiles_enumeration_063,0.0,2048
Morgan r3-counts,smiles_enumeration,B,smiles_enumeration_064,0.0,2048
Morgan r3-counts,smiles_enumeration,B,smiles_enumeration_065,0.0,2048
Morgan r3-counts,smiles_enumeration,B,smiles_enumeration_066,0.0,2048
Morgan r3-counts,smiles_enumeration,B,smiles_enumeration_067,0.0,2048
Morgan r3-counts,smiles_enumeration,B,smiles_enumeration_068,0.0,2048
Morgan r3-counts,smiles_enumeration,B,smiles_enumeration_069,0.0,2048
Morgan r3-counts,smiles_enumeration,B,smiles_enumeration_070,0.0,2048
Morgan r3-counts,smiles_enumeration,B,smiles_enumeration_071,0.0,2048
Morgan r3-counts,smiles_enumeration,B,smiles_enumeration_072,0.0,2048
Morgan r3-counts,smiles_enumeration,B,smiles_enumeration_073,0.0,2048
Morgan r3-counts,smiles_enumeration,B,smiles_enumeration_074,0.0,2048
Morgan r3-counts,smiles_enumeration,B,smiles_enumeration_075,0.0,2048
Morgan r3-counts,smiles_enumeration,B,smiles_enumeration_076,0.0,2048
Morgan r3-counts,smiles_enumeration,B,smiles_enumeration_077,0.0,2048
Morgan r3-counts,smiles_enumeration,B,smiles_enumeration_078,0.0,2048
Morgan r3-counts,smiles_enumeration,B,smiles_enumeration_079,0.0,2048
Morgan r3-counts,smiles_enumeration,B,smiles_enumeration_080,0.0,2048
Morgan r3-counts,smiles_enumeration,B,smiles_enumeration_081,0.0,2048
Morgan r3-counts,smiles_enumeration,B,smiles_enumeration_082,0.0,2048
Morgan r3-counts,smiles_enumeration,B,smiles_enumeration_083,0.0,2048
Morgan r3-counts,smiles_enumeration,B,smiles_enumeration_084,0.0,2048
Morgan r3-counts,smiles_enumeration,B,smiles_enumeration_085,0.0,2048
Morgan r3-counts,smiles_enumeration,B,smiles_enumeration_086,0.0,2048
Morgan r3-counts,smiles_enumeration,B,smiles_enumeration_087,0.0,2048
Morgan r3-counts,smiles_enumeration,B,smiles_enumeration_088,0.0,2048
Morgan r3-counts,smiles_enumeration,B,smiles_enumeration_089,0.0,2048
Morgan r3-counts,smiles_enumeration,B,smiles_enumeration_090,0.0,2048
Morgan r3-counts,smiles_enumeration,B,smiles_enumeration_091,0.0,2048
Morgan r3-counts,smiles_enumeration,B,smiles_enumeration_092,0.0,2048
Morgan r3-counts,smiles_enumeration,B,smiles_enumeration_093,0.0,2048
Morgan r3-counts,smiles_enumeration,B,smiles_enumeration_094,0.0,2048
Morgan r3-counts,smiles_enumeration,B,smiles_enumeration_095,0.0,2048
Morgan r3-counts,smiles_enumeration,B,smiles_enumeration_096,0.0,2048
Morgan r3-counts,smiles_enumeration,B,smiles_enumeration_097,0.0,2048
Morgan r3-counts,smiles_enumeration,B,smiles_enumeration_098,0.0,2048
Morgan r3-counts,smiles_enumeration,B,smiles_enumeration_099,0.0,2048
Morgan r3-counts,kekule,B,kekule_000,0.0,2048
Morgan r3-counts,kekule,B,kekule_001,0.0,2048
Morgan r3-counts,kekule,B,kekule_002,0.0,2048
Morgan r3-counts,kekule,B,kekule_003,0.0,2048
Morgan r3-counts,kekule,B,kekule_004,0.0,2048
Morgan r3-counts,kekule,B,kekule_005,0.0,2048
Morgan r3-counts,kekule,B,kekule_006,0.0,2048
Morgan r3-counts,kekule,B,kekule_007,0.0,2048
Morgan r3-counts,kekule,B,kekule_008,0.0,2048
Morgan r3-counts,kekule,B,kekule_009,0.0,2048
Morgan r3-counts,kekule,B,kekule_010,0.0,2048
Morgan r3-counts,kekule,B,kekule_011,0.0,2048
Morgan r3-counts,kekule,B,kekule_012,0.0,2048
Morgan r3-counts,kekule,B,kekule_013,0.0,2048
Morgan r3-counts,kekule,B,kekule_014,0.0,2048
Morgan r3-counts,kekule,B,kekule_015,0.0,2048
Morgan r3-counts,kekule,B,kekule_016,0.0,2048
Morgan r3-counts,kekule,B,kekule_017,0.0,2048
Morgan r3-counts,kekule,B,kekule_018,0.0,2048
Morgan r3-counts,kekule,B,kekule_019,0.0,2048
Morgan r3-counts,kekule,B,kekule_020,0.0,2048
Morgan r3-counts,kekule,B,kekule_021,0.0,2048
Morgan r3-counts,kekule,B,kekule_022,0.0,2048
Morgan r3-counts,kekule,B,kekule_023,0.0,2048
Morgan r3-counts,kekule,B,kekule_024,0.0,2048
Morgan r3-counts,kekule,B,kekule_025,0.0,2048
Morgan r3-counts,kekule,B,kekule_026,0.0,2048
Morgan r3-counts,kekule,B,kekule_027,0.0,2048
Morgan r3-counts,kekule,B,kekule_028,0.0,2048
Morgan r3-counts,kekule,B,kekule_029,0.0,2048
Morgan r3-counts,kekule,B,kekule_030,0.0,2048
Morgan r3-counts,kekule,B,kekule_031,0.0,2048
Morgan r3-counts,kekule,B,kekule_032,0.0,2048
Morgan r3-counts,kekule,B,kekule_033,0.0,2048
Morgan r3-counts,kekule,B,kekule_034,0.0,2048
Morgan r3-counts,kekule,B,kekule_035,0.0,2048
Morgan r3-counts,kekule,B,kekule_036,0.0,2048
Morgan r3-counts,kekule,B,kekule_037,0.0,2048
Morgan r3-counts,kekule,B,kekule_038,0.0,2048
Morgan r3-counts,kekule,B,kekule_039,0.0,2048
Morgan r3-counts,kekule,B,kekule_040,0.0,2048
Morgan r3-counts,kekule,B,kekule_041,0.0,2048
Morgan r3-counts,kekule,B,kekule_042,0.0,2048
Morgan r3-counts,kekule,B,kekule_043,0.0,2048
Morgan r3-counts,kekule,B,kekule_044,0.0,2048
Morgan r3-counts,kekule,B,kekule_045,0.0,2048
Morgan r3-counts,kekule,B,kekule_046,0.0,2048
Morgan r3-counts,kekule,B,kekule_047,0.0,2048
Morgan r3-counts,kekule,B,kekule_048,0.0,2048
Morgan r3-counts,kekule,B,kekule_049,0.0,2048
Morgan r3-counts,kekule,B,kekule_050,0.0,2048
Morgan r3-counts,kekule,B,kekule_051,0.0,2048
Morgan r3-counts,kekule,B,kekule_052,0.0,2048
Morgan r3-counts,kekule,B,kekule_053,0.0,2048
Morgan r3-counts,kekule,B,kekule_054,0.0,2048
Morgan r3-counts,kekule,B,kekule_055,0.0,2048
Morgan r3-counts,kekule,B,kekule_056,0.0,2048
Morgan r3-counts,kekule,B,kekule_057,0.0,2048
Morgan r3-counts,kekule,B,kekule_058,0.0,2048
Morgan r3-counts,kekule,B,kekule_059,0.0,2048
Morgan r3-counts,kekule,B,kekule_060,0.0,2048
Morgan r3-counts,kekule,B,kekule_061,0.0,2048
Morgan r3-counts,kekule,B,kekule_062,0.0,2048
Morgan r3-counts,kekule,B,kekule_063,0.0,2048
Morgan r3-counts,kekule,B,kekule_064,0.0,2048
Morgan r3-counts,kekule,B,kekule_065,0.0,2048
Morgan r3-counts,kekule,B,kekule_066,0.0,2048
Morgan r3-counts,kekule,B,kekule_067,0.0,2048
Morgan r3-counts,kekule,B,kekule_068,0.0,2048
Morgan r3-counts,kekule,B,kekule_069,0.0,2048
Morgan r3-counts,kekule,B,kekule_070,0.0,2048
Morgan r3-counts,kekule,B,kekule_071,0.0,2048
Morgan r3-counts,kekule,B,kekule_072,0.0,2048
Morgan r3-counts,kekule,B,kekule_073,0.0,2048
Morgan r3-counts,kekule,B,kekule_074,0.0,2048
Morgan r3-counts,kekule,B,kekule_075,0.0,2048
Morgan r3-counts,kekule,B,kekule_076,0.0,2048
Morgan r3-counts,kekule,B,kekule_077,0.0,2048
Morgan r3-counts,kekule,B,kekule_078,0.0,2048
Morgan r3-counts,kekule,B,kekule_079,0.0,2048
Morgan r3-counts,kekule,B,kekule_080,0.0,2048
Morgan r3-counts,kekule,B,kekule_081,0.0,2048
Morgan r3-counts,kekule,B,kekule_082,0.0,2048
Morgan r3-counts,kekule,B,kekule_083,0.0,2048
Morgan r3-counts,kekule,B,kekule_084,0.0,2048
Morgan r3-counts,kekule,B,kekule_085,0.0,2048
Morgan r3-counts,kekule,B,kekule_086,0.0,2048
Morgan r3-counts,kekule,B,kekule_087,0.0,2048
Morgan r3-counts,kekule,B,kekule_088,0.0,2048
Morgan r3-counts,kekule,B,kekule_089,0.0,2048
Morgan r3-counts,kekule,B,kekule_090,0.0,2048
Morgan r3-counts,kekule,B,kekule_091,0.0,2048
Morgan r3-counts,kekule,B,kekule_092,0.0,2048
Morgan r3-counts,kekule,B,kekule_093,0.0,2048
Morgan r3-counts,kekule,B,kekule_094,0.0,2048
Morgan r3-counts,kekule,B,kekule_095,0.0,2048
Morgan r3-counts,kekule,B,kekule_096,0.0,2048
Morgan r3-counts,kekule,B,kekule_097,0.0,2048
Morgan r3-counts,kekule,B,kekule_098,0.0,2048
Morgan r3-counts,kekule,B,kekule_099,0.0,2048
Morgan r3-counts,symmetry_equivalent,B,symmetry_equivalent_000,0.0,2048
Morgan r3-counts,symmetry_equivalent,B,symmetry_equivalent_001,0.0,2048
Morgan r3-counts,symmetry_equivalent,B,symmetry_equivalent_002,0.0,2048
Morgan r3-counts,symmetry_equivalent,B,symmetry_equivalent_003,0.0,2048
Morgan r3-counts,symmetry_equivalent,B,symmetry_equivalent_004,0.0,2048
Morgan r3-counts,symmetry_equivalent,B,symmetry_equivalent_005,0.0,2048
Morgan r3-counts,symmetry_equivalent,B,symmetry_equivalent_006,0.0,2048
Morgan r3-counts,symmetry_equivalent,B,symmetry_equivalent_007,0.0,2048
Morgan r3-counts,symmetry_equivalent,B,symmetry_equivalent_008,0.0,2048
Morgan r3-counts,symmetry_equivalent,B,symmetry_equivalent_009,0.0,2048
Morgan r3-counts,symmetry_equivalent,B,symmetry_equivalent_010,0.0,2048
Morgan r3-counts,symmetry_equivalent,B,symmetry_equivalent_011,0.0,2048
Morgan r3-counts,symmetry_equivalent,B,symmetry_equivalent_012,0.0,2048
Morgan r3-counts,symmetry_equivalent,B,symmetry_equivalent_013,0.0,2048
Morgan r3-counts,symmetry_equivalent,B,symmetry_equivalent_014,0.0,2048
Morgan r3-counts,symmetry_equivalent,B,symmetry_equivalent_015,0.0,2048
Morgan r3-counts,symmetry_equivalent,B,symmetry_equivalent_016,0.0,2048
Morgan r3-counts,symmetry_equivalent,B,symmetry_equivalent_017,0.0,2048
Morgan r3-counts,symmetry_equivalent,B,symmetry_equivalent_018,0.0,2048
Morgan r3-counts,symmetry_equivalent,B,symmetry_equivalent_019,0.0,2048
Morgan r3-counts,symmetry_equivalent,B,symmetry_equivalent_020,0.0,2048
Morgan r3-counts,symmetry_equivalent,B,symmetry_equivalent_021,0.0,2048
Morgan r3-counts,symmetry_equivalent,B,symmetry_equivalent_022,0.0,2048
Morgan r3-counts,symmetry_equivalent,B,symmetry_equivalent_023,0.0,2048
Morgan r3-counts,symmetry_equivalent,B,symmetry_equivalent_024,0.0,2048
Morgan r3-counts,symmetry_equivalent,B,symmetry_equivalent_025,0.0,2048
Morgan r3-counts,symmetry_equivalent,B,symmetry_equivalent_026,0.0,2048
Morgan r3-counts,symmetry_equivalent,B,symmetry_equivalent_027,0.0,2048
Morgan r3-counts,symmetry_equivalent,B,symmetry_equivalent_028,0.0,2048
Morgan r3-counts,symmetry_equivalent,B,symmetry_equivalent_029,0.0,2048
Morgan r3-counts,symmetry_equivalent,B,symmetry_equivalent_030,0.0,2048
Morgan r3-counts,symmetry_equivalent,B,symmetry_equivalent_031,0.0,2048
Morgan r3-counts,symmetry_equivalent,B,symmetry_equivalent_032,0.0,2048
Morgan r3-counts,symmetry_equivalent,B,symmetry_equivalent_033,0.0,2048
Morgan r3-counts,symmetry_equivalent,B,symmetry_equivalent_034,0.0,2048
Morgan r3-counts,symmetry_equivalent,B,symmetry_equivalent_035,0.0,2048
Morgan r3-counts,symmetry_equivalent,B,symmetry_equivalent_036,0.0,2048
Morgan r3-counts,symmetry_equivalent,B,symmetry_equivalent_037,0.0,2048
Morgan r3-counts,symmetry_equivalent,B,symmetry_equivalent_038,0.0,2048
Morgan r3-counts,symmetry_equivalent,B,symmetry_equivalent_039,0.0,2048
Morgan r3-counts,symmetry_equivalent,B,symmetry_equivalent_040,0.0,2048
Morgan r3-counts,symmetry_equivalent,B,symmetry_equivalent_041,0.0,2048
Morgan r3-counts,symmetry_equivalent,B,symmetry_equivalent_042,0.0,2048
Morgan r3-counts,symmetry_equivalent,B,symmetry_equivalent_043,0.0,2048
Morgan r3-counts,symmetry_equivalent,B,symmetry_equivalent_044,0.0,2048
Morgan r3-counts,symmetry_equivalent,B,symmetry_equivalent_045,0.0,2048
Morgan r3-counts,symmetry_equivalent,B,symmetry_equivalent_046,0.0,2048
Morgan r3-counts,symmetry_equivalent,B,symmetry_equivalent_047,0.0,2048
Morgan r3-counts,symmetry_equivalent,B,symmetry_equivalent_048,0.0,2048
Morgan r3-counts,symmetry_equivalent,B,symmetry_equivalent_049,0.0,2048
Morgan r3-counts,symmetry_equivalent,B,symmetry_equivalent_050,0.0,2048
Morgan r3-counts,symmetry_equivalent,B,symmetry_equivalent_051,0.0,2048
Morgan r3-counts,symmetry_equivalent,B,symmetry_equivalent_052,0.0,2048
Morgan r3-counts,symmetry_equivalent,B,symmetry_equivalent_053,0.0,2048
Morgan r3-counts,symmetry_equivalent,B,symmetry_equivalent_054,0.0,2048
Morgan r3-counts,symmetry_equivalent,B,symmetry_equivalent_055,0.0,2048
Morgan r3-counts,symmetry_equivalent,B,symmetry_equivalent_056,0.0,2048
Morgan r3-counts,symmetry_equivalent,B,symmetry_equivalent_057,0.0,2048
Morgan r3-counts,symmetry_equivalent,B,symmetry_equivalent_058,0.0,2048
Morgan r3-counts,symmetry_equivalent,B,symmetry_equivalent_059,0.0,2048
Morgan r3-counts,symmetry_equivalent,B,symmetry_equivalent_060,0.0,2048
Morgan r3-counts,symmetry_equivalent,B,symmetry_equivalent_061,0.0,2048
Morgan r3-counts,symmetry_equivalent,B,symmetry_equivalent_062,0.0,2048
Morgan r3-counts,symmetry_equivalent,B,symmetry_equivalent_063,0.0,2048
Morgan r3-counts,symmetry_equivalent,B,symmetry_equivalent_064,0.0,2048
Morgan r3-counts,symmetry_equivalent,B,symmetry_equivalent_065,0.0,2048
Morgan r3-counts,symmetry_equivalent,B,symmetry_equivalent_066,0.0,2048
Morgan r3-counts,symmetry_equivalent,B,symmetry_equivalent_067,0.0,2048
Morgan r3-counts,symmetry_equivalent,B,symmetry_equivalent_068,0.0,2048
Morgan r3-counts,symmetry_equivalent,B,symmetry_equivalent_069,0.0,2048
Morgan r3-counts,symmetry_equivalent,B,symmetry_equivalent_070,0.0,2048
Morgan r3-counts,symmetry_equivalent,B,symmetry_equivalent_071,0.0,2048
Morgan r3-counts,symmetry_equivalent,B,symmetry_equivalent_072,0.0,2048
Morgan r3-counts,symmetry_equivalent,B,symmetry_equivalent_073,0.0,2048
Morgan r3-counts,symmetry_equivalent,B,symmetry_equivalent_074,0.0,2048
Morgan r3-counts,symmetry_equivalent,B,symmetry_equivalent_075,0.0,2048
Morgan r3-counts,symmetry_equivalent,B,symmetry_equivalent_076,0.0,2048
Morgan r3-counts,symmetry_equivalent,B,symmetry_equivalent_077,0.0,2048
Morgan r3-counts,symmetry_equivalent,B,symmetry_equivalent_078,0.0,2048
Morgan r3-counts,symmetry_equivalent,B,symmetry_equivalent_079,0.0,2048
Morgan r3-counts,symmetry_equivalent,B,symmetry_equivalent_080,0.0,2048
Morgan r3-counts,symmetry_equivalent,B,symmetry_equivalent_081,0.0,2048
Morgan r3-counts,symmetry_equivalent,B,symmetry_equivalent_082,0.0,2048
Morgan r3-counts,symmetry_equivalent,B,symmetry_equivalent_083,0.0,2048
Morgan r3-counts,symmetry_equivalent,B,symmetry_equivalent_084,0.0,2048
Morgan r3-counts,symmetry_equivalent,B,symmetry_equivalent_085,0.0,2048
Morgan r3-counts,symmetry_equivalent,B,symmetry_equivalent_086,0.0,2048
Morgan r3-counts,symmetry_equivalent,B,symmetry_equivalent_087,0.0,2048
Morgan r3-counts,symmetry_equivalent,B,symmetry_equivalent_088,0.0,2048
Morgan r3-counts,symmetry_equivalent,B,symmetry_equivalent_089,0.0,2048
Morgan r3-counts,symmetry_equivalent,B,symmetry_equivalent_090,0.0,2048
Morgan r3-counts,symmetry_equivalent,B,symmetry_equivalent_091,0.0,2048
Morgan r3-counts,symmetry_equivalent,B,symmetry_equivalent_092,0.0,2048
Morgan r3-counts,symmetry_equivalent,B,symmetry_equivalent_093,0.0,2048
Morgan r3-counts,symmetry_equivalent,B,symmetry_equivalent_094,0.0,2048
Morgan r3-counts,symmetry_equivalent,B,symmetry_equivalent_095,0.0,2048
Morgan r3-counts,symmetry_equivalent,B,symmetry_equivalent_096,0.0,2048
Morgan r3-counts,symmetry_equivalent,B,symmetry_equivalent_097,0.0,2048
Morgan r3-counts,symmetry_equivalent,B,symmetry_equivalent_098,0.0,2048
Morgan r3-counts,symmetry_equivalent,B,symmetry_equivalent_099,0.0,2048
CLIMB sup,stereo_flip,A,stereo_flip_000,0.011194209389657395,512
CLIMB sup,stereo_flip,A,stereo_flip_001,0.010504823756452326,512
CLIMB sup,stereo_flip,A,stereo_flip_002,0.008755617301531762,512
CLIMB sup,stereo_flip,A,stereo_flip_003,0.010956225267647161,512
CLIMB sup,stereo_flip,A,stereo_flip_004,0.013391785185809645,512
CLIMB sup,stereo_flip,A,stereo_flip_005,0.009329516119164652,512
CLIMB sup,stereo_flip,A,stereo_flip_006,0.010434876504577195,512
CLIMB sup,stereo_flip,A,stereo_flip_007,0.008648025130900515,512
CLIMB sup,stereo_flip,A,stereo_flip_008,0.01212933312687831,512
CLIMB sup,stereo_flip,A,stereo_flip_009,0.02551271223933116,512
CLIMB sup,stereo_flip,A,stereo_flip_010,0.008996622207442875,512
CLIMB sup,stereo_flip,A,stereo_flip_011,0.022778300123798598,512
CLIMB sup,stereo_flip,A,stereo_flip_012,0.010721792183057936,512
CLIMB sup,stereo_flip,A,stereo_flip_013,0.015608796927084187,512
CLIMB sup,stereo_flip,A,stereo_flip_014,0.009700378918399009,512
CLIMB sup,stereo_flip,A,stereo_flip_015,0.012538939393314725,512
CLIMB sup,stereo_flip,A,stereo_flip_016,0.012252737867785685,512
CLIMB sup,stereo_flip,A,stereo_flip_017,0.008529108881783173,512
CLIMB sup,stereo_flip,A,stereo_flip_018,0.00892472341378809,512
CLIMB sup,stereo_flip,A,stereo_flip_019,0.014116396235088322,512
CLIMB sup,stereo_flip,A,stereo_flip_020,0.009113309175122538,512
CLIMB sup,stereo_flip,A,stereo_flip_021,0.013469288081567363,512
CLIMB sup,stereo_flip,A,stereo_flip_022,0.008251672973096454,512
CLIMB sup,stereo_flip,A,stereo_flip_023,0.013968234785712368,512
CLIMB sup,stereo_flip,A,stereo_flip_024,0.013965795927129402,512
CLIMB sup,stereo_flip,A,stereo_flip_025,0.012231943962897281,512
CLIMB sup,stereo_flip,A,stereo_flip_026,0.022309116009705258,512
CLIMB sup,stereo_flip,A,stereo_flip_027,0.007498124995261905,512
CLIMB sup,stereo_flip,A,stereo_flip_028,0.010320789623967439,512
CLIMB sup,stereo_flip,A,stereo_flip_029,0.013105723060169185,512
CLIMB sup,stereo_flip,A,stereo_flip_030,0.012579791549077443,512
CLIMB sup,stereo_flip,A,stereo_flip_031,0.015535336691245143,512
CLIMB sup,stereo_flip,A,stereo_flip_032,0.01079684403697857,512
CLIMB sup,stereo_flip,A,stereo_flip_033,0.01999035810993438,512
CLIMB sup,stereo_flip,A,stereo_flip_034,0.01188127952043261,512
CLIMB sup,stereo_flip,A,stereo_flip_035,0.010443998080410785,512
CLIMB sup,stereo_flip,A,stereo_flip_036,0.01456265226530547,512
CLIMB sup,stereo_flip,A,stereo_flip_037,0.012788045039004516,512
CLIMB sup,stereo_flip,A,stereo_flip_038,0.009396565542472137,512
CLIMB sup,stereo_flip,A,stereo_flip_039,0.009696959222997969,512
CLIMB sup,stereo_flip,A,stereo_flip_040,0.008070709605496594,512
CLIMB sup,stereo_flip,A,stereo_flip_041,0.013493095781141162,512
CLIMB sup,stereo_flip,A,stereo_flip_042,0.2121368240656976,512
CLIMB sup,stereo_flip,A,stereo_flip_043,0.010113469807688515,512
CLIMB sup,stereo_flip,A,stereo_flip_044,0.010721244573714454,512
CLIMB sup,stereo_flip,A,stereo_flip_045,0.01106697811966518,512
CLIMB sup,stereo_flip,A,stereo_flip_046,0.010973037514928842,512
CLIMB sup,stereo_flip,A,stereo_flip_047,0.012059910307067089,512
CLIMB sup,stereo_flip,A,stereo_flip_048,0.013093914182831259,512
CLIMB sup,stereo_flip,A,stereo_flip_049,0.013409650934330513,512
CLIMB sup,stereo_flip,A,stereo_flip_050,0.014202003404500261,512
CLIMB sup,stereo_flip,A,stereo_flip_051,0.02376363374533361,512
CLIMB sup,stereo_flip,A,stereo_flip_052,0.317381949675977,512
CLIMB sup,stereo_flip,A,stereo_flip_053,0.018697788141724438,512
CLIMB sup,stereo_flip,A,stereo_flip_054,0.012673283828979766,512
CLIMB sup,stereo_flip,A,stereo_flip_055,0.05637309003428103,512
CLIMB sup,stereo_flip,A,stereo_flip_056,0.010151924290110565,512
CLIMB sup,stereo_flip,A,stereo_flip_057,0.014291008806676848,512
CLIMB sup,stereo_flip,A,stereo_flip_058,0.013700975295001448,512
CLIMB sup,stereo_flip,A,stereo_flip_059,0.011478691326188875,512
CLIMB sup,stereo_flip,A,stereo_flip_060,0.012422387982621056,512
CLIMB sup,stereo_flip,A,stereo_flip_061,0.010274211303932034,512
CLIMB sup,stereo_flip,A,stereo_flip_062,0.009755972902225834,512
CLIMB sup,stereo_flip,A,stereo_flip_063,0.01279477024617414,512
CLIMB sup,stereo_flip,A,stereo_flip_064,0.010850797304880765,512
CLIMB sup,stereo_flip,A,stereo_flip_065,0.014451692591884216,512
CLIMB sup,stereo_flip,A,stereo_flip_066,0.011283643321856414,512
CLIMB sup,stereo_flip,A,stereo_flip_067,0.015239369119533193,512
CLIMB sup,stereo_flip,A,stereo_flip_068,0.016042442574445547,512
CLIMB sup,stereo_flip,A,stereo_flip_069,0.014154728647160358,512
CLIMB sup,stereo_flip,A,stereo_flip_070,0.03008259665867701,512
CLIMB sup,stereo_flip,A,stereo_flip_071,0.006592150181007553,512
CLIMB sup,stereo_flip,A,stereo_flip_072,0.0075889076498827455,512
CLIMB sup,stereo_flip,A,stereo_flip_073,0.016131825396195,512
CLIMB sup,stereo_flip,A,stereo_flip_074,0.014399374798601672,512
CLIMB sup,stereo_flip,A,stereo_flip_075,0.011144718425016322,512
CLIMB sup,stereo_flip,A,stereo_flip_076,0.008259806760967266,512
CLIMB sup,stereo_flip,A,stereo_flip_077,0.014013709934463596,512
CLIMB sup,stereo_flip,A,stereo_flip_078,0.01323909343717512,512
CLIMB sup,stereo_flip,A,stereo_flip_079,0.012257119300339549,512
CLIMB sup,stereo_flip,A,stereo_flip_080,0.02235926963910796,512
CLIMB sup,stereo_flip,A,stereo_flip_081,0.013396755208070849,512
CLIMB sup,stereo_flip,A,stereo_flip_082,0.00795941257919618,512
CLIMB sup,stereo_flip,A,stereo_flip_083,0.007607655654069767,512
CLIMB sup,stereo_flip,A,stereo_flip_084,0.13408262835164486,512
CLIMB sup,stereo_flip,A,stereo_flip_085,0.010982305054269757,512
CLIMB sup,stereo_flip,A,stereo_flip_086,0.013510238027127405,512
CLIMB sup,stereo_flip,A,stereo_flip_087,0.010294808264498904,512
CLIMB sup,stereo_flip,A,stereo_flip_088,0.015038544680944,512
CLIMB sup,stereo_flip,A,stereo_flip_089,0.01583625367540258,512
CLIMB sup,stereo_flip,A,stereo_flip_090,0.013458829038501763,512
CLIMB sup,stereo_flip,A,stereo_flip_091,0.009814616507051253,512
CLIMB sup,stereo_flip,A,stereo_flip_092,0.015547517695948022,512
CLIMB sup,stereo_flip,A,stereo_flip_093,0.015056012089320139,512
CLIMB sup,stereo_flip,A,stereo_flip_094,0.009163842422110765,512
CLIMB sup,stereo_flip,A,stereo_flip_095,0.010637983346802526,512
CLIMB sup,stereo_flip,A,stereo_flip_096,0.01744769810457564,512
CLIMB sup,stereo_flip,A,stereo_flip_097,0.022107432254844572,512
CLIMB sup,stereo_flip,A,stereo_flip_098,0.021294375732645435,512
CLIMB sup,stereo_flip,A,stereo_flip_099,0.014193635524705933,512
CLIMB sup,ez_flip,A,ez_flip_000,0.016402811377759924,512
CLIMB sup,ez_flip,A,ez_flip_001,0.012976628581167068,512
CLIMB sup,ez_flip,A,ez_flip_002,0.032407040455501676,512
CLIMB sup,ez_flip,A,ez_flip_003,0.019023986709603997,512
CLIMB sup,ez_flip,A,ez_flip_004,0.015732039497502615,512
CLIMB sup,ez_flip,A,ez_flip_005,0.01333133536710606,512
CLIMB sup,ez_flip,A,ez_flip_006,0.020352822638390194,512
CLIMB sup,ez_flip,A,ez_flip_007,0.030867156357716894,512
CLIMB sup,ez_flip,A,ez_flip_008,0.015305953437951672,512
CLIMB sup,ez_flip,A,ez_flip_009,0.0209511110092656,512
CLIMB sup,ez_flip,A,ez_flip_010,0.03480346887551384,512
CLIMB sup,ez_flip,A,ez_flip_011,0.024876267683453235,512
CLIMB sup,ez_flip,A,ez_flip_012,0.014074979226821044,512
CLIMB sup,ez_flip,A,ez_flip_013,0.01732371040252651,512
CLIMB sup,ez_flip,A,ez_flip_014,0.014434878880844899,512
CLIMB sup,ez_flip,A,ez_flip_015,0.014782248009639825,512
CLIMB sup,ez_flip,A,ez_flip_016,0.01803910267054035,512
CLIMB sup,ez_flip,A,ez_flip_017,0.008394752697293131,512
CLIMB sup,ez_flip,A,ez_flip_018,0.019215990537509782,512
CLIMB sup,ez_flip,A,ez_flip_019,0.01760247323891444,512
CLIMB sup,ez_flip,A,ez_flip_020,0.0074464681117836435,512
CLIMB sup,ez_flip,A,ez_flip_021,0.01806335965494239,512
CLIMB sup,ez_flip,A,ez_flip_022,0.014011054803524188,512
CLIMB sup,ez_flip,A,ez_flip_023,0.013158481776438979,512
CLIMB sup,ez_flip,A,ez_flip_024,0.018468069788495235,512
CLIMB sup,ez_flip,A,ez_flip_025,0.018085198462449843,512
CLIMB sup,ez_flip,A,ez_flip_026,0.01521433641773639,512
CLIMB sup,ez_flip,A,ez_flip_027,0.018036244810164175,512
CLIMB sup,ez_flip,A,ez_flip_028,0.014030045178833809,512
CLIMB sup,ez_flip,A,ez_flip_029,0.01587619573025402,512
CLIMB sup,ez_flip,A,ez_flip_030,0.021536762105522127,512
CLIMB sup,ez_flip,A,ez_flip_031,0.02326586452277059,512
CLIMB sup,ez_flip,A,ez_flip_032,0.023369941930286738,512
CLIMB sup,ez_flip,A,ez_flip_033,0.013614089556589796,512
CLIMB sup,ez_flip,A,ez_flip_034,0.03205534598597445,512
CLIMB sup,ez_flip,A,ez_flip_035,0.030303847286578728,512
CLIMB sup,ez_flip,A,ez_flip_036,0.050390970556904426,512
CLIMB sup,ez_flip,A,ez_flip_037,0.016198559493207226,512
CLIMB sup,ez_flip,A,ez_flip_038,0.01451254737164751,512
CLIMB sup,ez_flip,A,ez_flip_039,0.035331747071272984,512
CLIMB sup,ez_flip,A,ez_flip_040,0.014202707454222826,512
CLIMB sup,ez_flip,A,ez_flip_041,0.021606776018609677,512
CLIMB sup,ez_flip,A,ez_flip_042,0.017246796266011215,512
CLIMB sup,ez_flip,A,ez_flip_043,0.1381009794172685,512
CLIMB sup,ez_flip,A,ez_flip_044,0.029879427407412364,512
CLIMB sup,ez_flip,A,ez_flip_045,0.014312868014460618,512
CLIMB sup,ez_flip,A,ez_flip_046,0.02066952658718207,512
CLIMB sup,ez_flip,A,ez_flip_047,0.3245764074708862,512
CLIMB sup,ez_flip,A,ez_flip_048,0.0141078309650277,512
CLIMB sup,ez_flip,A,ez_flip_049,0.022822181669042096,512
CLIMB sup,ez_flip,A,ez_flip_050,0.0123673182590624,512
CLIMB sup,ez_flip,A,ez_flip_051,0.013908888543935138,512
CLIMB sup,ez_flip,A,ez_flip_052,0.018839370513555456,512
CLIMB sup,ez_flip,A,ez_flip_053,0.02736858069105626,512
CLIMB sup,ez_flip,A,ez_flip_054,0.022741144190292006,512
CLIMB sup,ez_flip,A,ez_flip_055,0.017451584154558133,512
CLIMB sup,ez_flip,A,ez_flip_056,0.015276840023034343,512
CLIMB sup,ez_flip,A,ez_flip_057,0.014790176930166222,512
CLIMB sup,ez_flip,A,ez_flip_058,0.011477281222130776,512
CLIMB sup,ez_flip,A,ez_flip_059,0.01747377252647517,512
CLIMB sup,ez_flip,A,ez_flip_060,0.012920457058348432,512
CLIMB sup,ez_flip,A,ez_flip_061,0.01905861804247968,512
CLIMB sup,ez_flip,A,ez_flip_062,0.02856921292881443,512
CLIMB sup,ez_flip,A,ez_flip_063,0.017158884016468836,512
CLIMB sup,ez_flip,A,ez_flip_064,0.013864641847802853,512
CLIMB sup,ez_flip,A,ez_flip_065,0.021712960500403115,512
CLIMB sup,ez_flip,A,ez_flip_066,0.015757670026461154,512
CLIMB sup,ez_flip,A,ez_flip_067,0.01578344080852325,512
CLIMB sup,ez_flip,A,ez_flip_068,0.027127054877869698,512
CLIMB sup,ez_flip,A,ez_flip_069,0.01044729332243304,512
CLIMB sup,ez_flip,A,ez_flip_070,0.026332594920786222,512
CLIMB sup,ez_flip,A,ez_flip_071,0.012578967113753805,512
CLIMB sup,ez_flip,A,ez_flip_072,0.015698656165832006,512
CLIMB sup,ez_flip,A,ez_flip_073,0.01734042526910518,512
CLIMB sup,ez_flip,A,ez_flip_074,0.07562051510569862,512
CLIMB sup,ez_flip,A,ez_flip_075,0.0174597168631146,512
CLIMB sup,ez_flip,A,ez_flip_076,0.016500520210543424,512
CLIMB sup,ez_flip,A,ez_flip_077,0.019541297938086222,512
CLIMB sup,ez_flip,A,ez_flip_078,0.012274892156071016,512
CLIMB sup,ez_flip,A,ez_flip_079,0.023473571317620283,512
CLIMB sup,ez_flip,A,ez_flip_080,0.03718667421355229,512
CLIMB sup,ez_flip,A,ez_flip_081,0.011090695144202394,512
CLIMB sup,ez_flip,A,ez_flip_082,0.0164397188833167,512
CLIMB sup,ez_flip,A,ez_flip_083,0.04683215823378262,512
CLIMB sup,ez_flip,A,ez_flip_084,0.01722579468325147,512
CLIMB sup,ez_flip,A,ez_flip_085,0.009490332371674305,512
CLIMB sup,ez_flip,A,ez_flip_086,0.016704220618377397,512
CLIMB sup,ez_flip,A,ez_flip_087,0.017765371297936147,512
CLIMB sup,ez_flip,A,ez_flip_088,0.014549620693167044,512
CLIMB sup,ez_flip,A,ez_flip_089,0.09511255214666142,512
CLIMB sup,ez_flip,A,ez_flip_090,0.03080706659107256,512
CLIMB sup,ez_flip,A,ez_flip_091,0.02666215875331395,512
CLIMB sup,ez_flip,A,ez_flip_092,0.018904102865915044,512
CLIMB sup,ez_flip,A,ez_flip_093,0.020500939199588654,512
CLIMB sup,ez_flip,A,ez_flip_094,0.02102336420447663,512
CLIMB sup,ez_flip,A,ez_flip_095,0.032308766252488096,512
CLIMB sup,ez_flip,A,ez_flip_096,0.016249511446124267,512
CLIMB sup,ez_flip,A,ez_flip_097,0.03728508730413237,512
CLIMB sup,ez_flip,A,ez_flip_098,0.017087268309404914,512
CLIMB sup,ez_flip,A,ez_flip_099,0.025262548225788155,512
CLIMB sup,c_to_n,A,c_to_n_000,0.2610881178462843,512
CLIMB sup,c_to_n,A,c_to_n_001,0.09984520409629397,512
CLIMB sup,c_to_n,A,c_to_n_002,0.06603517830499907,512
CLIMB sup,c_to_n,A,c_to_n_003,0.05418212294198903,512
CLIMB sup,c_to_n,A,c_to_n_004,0.049707099331672215,512
CLIMB sup,c_to_n,A,c_to_n_005,0.07755316592565391,512
CLIMB sup,c_to_n,A,c_to_n_006,0.07833199494027326,512
CLIMB sup,c_to_n,A,c_to_n_007,0.1588761219398651,512
CLIMB sup,c_to_n,A,c_to_n_008,0.15507727667152435,512
CLIMB sup,c_to_n,A,c_to_n_009,0.06835362991573393,512
CLIMB sup,c_to_n,A,c_to_n_010,0.05584043691053749,512
CLIMB sup,c_to_n,A,c_to_n_011,0.04767967414843689,512
CLIMB sup,c_to_n,A,c_to_n_012,0.07074159700743125,512
CLIMB sup,c_to_n,A,c_to_n_013,0.06603809317459304,512
CLIMB sup,c_to_n,A,c_to_n_014,0.11345595204297337,512
CLIMB sup,c_to_n,A,c_to_n_015,0.08068105556872518,512
CLIMB sup,c_to_n,A,c_to_n_016,0.18137636637093538,512
CLIMB sup,c_to_n,A,c_to_n_017,0.07180416284397155,512
CLIMB sup,c_to_n,A,c_to_n_018,0.06616494410884857,512
CLIMB sup,c_to_n,A,c_to_n_019,0.08287012916132078,512
CLIMB sup,c_to_n,A,c_to_n_020,0.06272524011657814,512
CLIMB sup,c_to_n,A,c_to_n_021,0.08158020047504576,512
CLIMB sup,c_to_n,A,c_to_n_022,0.12999977210878436,512
CLIMB sup,c_to_n,A,c_to_n_023,0.07555618060419211,512
CLIMB sup,c_to_n,A,c_to_n_024,0.26675087228539207,512
CLIMB sup,c_to_n,A,c_to_n_025,0.035593594249645595,512
CLIMB sup,c_to_n,A,c_to_n_026,0.06738427759515171,512
CLIMB sup,c_to_n,A,c_to_n_027,0.04866760324439062,512
CLIMB sup,c_to_n,A,c_to_n_028,0.11250201173010044,512
CLIMB sup,c_to_n,A,c_to_n_029,0.2127463613497758,512
CLIMB sup,c_to_n,A,c_to_n_030,0.06262964533423439,512
CLIMB sup,c_to_n,A,c_to_n_031,0.06293445030768814,512
CLIMB sup,c_to_n,A,c_to_n_032,0.1578881905793904,512
CLIMB sup,c_to_n,A,c_to_n_033,0.17935283435952065,512
CLIMB sup,c_to_n,A,c_to_n_034,0.07462292845608051,512
CLIMB sup,c_to_n,A,c_to_n_035,0.05937184686602543,512
CLIMB sup,c_to_n,A,c_to_n_036,0.06056101931310316,512
CLIMB sup,c_to_n,A,c_to_n_037,0.07339101202539305,512
CLIMB sup,c_to_n,A,c_to_n_038,0.12001356288116613,512
CLIMB sup,c_to_n,A,c_to_n_039,0.05091003631255951,512
CLIMB sup,c_to_n,A,c_to_n_040,0.14237439090552542,512
CLIMB sup,c_to_n,A,c_to_n_041,0.07015664540967725,512
CLIMB sup,c_to_n,A,c_to_n_042,0.09976000577185151,512
CLIMB sup,c_to_n,A,c_to_n_043,0.16974819228756236,512
CLIMB sup,c_to_n,A,c_to_n_044,0.0707607923443124,512
CLIMB sup,c_to_n,A,c_to_n_045,0.07074738474397145,512
CLIMB sup,c_to_n,A,c_to_n_046,0.08099869841546853,512
CLIMB sup,c_to_n,A,c_to_n_047,0.05196660997076498,512
CLIMB sup,c_to_n,A,c_to_n_048,0.10438952625039231,512
CLIMB sup,c_to_n,A,c_to_n_049,0.05953768904564221,512
CLIMB sup,c_to_n,A,c_to_n_050,0.054242084805642736,512
CLIMB sup,c_to_n,A,c_to_n_051,0.3080542892795794,512
CLIMB sup,c_to_n,A,c_to_n_052,0.09126705517860266,512
CLIMB sup,c_to_n,A,c_to_n_053,0.08471928387386057,512
CLIMB sup,c_to_n,A,c_to_n_054,0.31889481375399426,512
CLIMB sup,c_to_n,A,c_to_n_055,0.05846887065226808,512
CLIMB sup,c_to_n,A,c_to_n_056,0.056225121144172996,512
CLIMB sup,c_to_n,A,c_to_n_057,0.11183144025465457,512
CLIMB sup,c_to_n,A,c_to_n_058,0.13592444685675265,512
CLIMB sup,c_to_n,A,c_to_n_059,0.05442686098973619,512
CLIMB sup,c_to_n,A,c_to_n_060,0.31527627457346846,512
CLIMB sup,c_to_n,A,c_to_n_061,0.14259970075463316,512
CLIMB sup,c_to_n,A,c_to_n_062,0.12844480028078403,512
CLIMB sup,c_to_n,A,c_to_n_063,0.06986550239512145,512
CLIMB sup,c_to_n,A,c_to_n_064,0.10386127071770365,512
CLIMB sup,c_to_n,A,c_to_n_065,0.10562004338116542,512
CLIMB sup,c_to_n,A,c_to_n_066,0.08625079868983969,512
CLIMB sup,c_to_n,A,c_to_n_067,0.042067693187410445,512
CLIMB sup,c_to_n,A,c_to_n_068,0.06563268536693444,512
CLIMB sup,c_to_n,A,c_to_n_069,0.061486286358706795,512
CLIMB sup,c_to_n,A,c_to_n_070,0.08297189638946284,512
CLIMB sup,c_to_n,A,c_to_n_071,0.08756818657270783,512
CLIMB sup,c_to_n,A,c_to_n_072,0.04418294459063402,512
CLIMB sup,c_to_n,A,c_to_n_073,0.08405109093821483,512
CLIMB sup,c_to_n,A,c_to_n_074,0.06320494346636343,512
CLIMB sup,c_to_n,A,c_to_n_075,0.05753699147074481,512
CLIMB sup,c_to_n,A,c_to_n_076,0.07364706217844834,512
CLIMB sup,c_to_n,A,c_to_n_077,0.07300141427489625,512
CLIMB sup,c_to_n,A,c_to_n_078,0.08425469095000147,512
CLIMB sup,c_to_n,A,c_to_n_079,0.07531430077466543,512
CLIMB sup,c_to_n,A,c_to_n_080,0.07808653074023454,512
CLIMB sup,c_to_n,A,c_to_n_081,0.0609287904828953,512
CLIMB sup,c_to_n,A,c_to_n_082,0.07619646984700101,512
CLIMB sup,c_to_n,A,c_to_n_083,0.0371251892742881,512
CLIMB sup,c_to_n,A,c_to_n_084,0.05262403429144389,512
CLIMB sup,c_to_n,A,c_to_n_085,0.10140035208004827,512
CLIMB sup,c_to_n,A,c_to_n_086,0.055643806685371604,512
CLIMB sup,c_to_n,A,c_to_n_087,0.2226369562281092,512
CLIMB sup,c_to_n,A,c_to_n_088,0.04978264312776196,512
CLIMB sup,c_to_n,A,c_to_n_089,0.05019544253772142,512
CLIMB sup,c_to_n,A,c_to_n_090,0.05594425644227233,512
CLIMB sup,c_to_n,A,c_to_n_091,0.3375149152056062,512
CLIMB sup,c_to_n,A,c_to_n_092,0.07571165627260647,512
CLIMB sup,c_to_n,A,c_to_n_093,0.10759561304950653,512
CLIMB sup,c_to_n,A,c_to_n_094,0.06006622496867107,512
CLIMB sup,c_to_n,A,c_to_n_095,0.06543419263784475,512
CLIMB sup,c_to_n,A,c_to_n_096,0.07422591129536597,512
CLIMB sup,c_to_n,A,c_to_n_097,0.3384707075203948,512
CLIMB sup,c_to_n,A,c_to_n_098,0.4441253451796677,512
CLIMB sup,c_to_n,A,c_to_n_099,0.09386280208765611,512
CLIMB sup,add_methyl,A,add_methyl_000,0.25510653446232584,512
CLIMB sup,add_methyl,A,add_methyl_001,0.4156551429473904,512
CLIMB sup,add_methyl,A,add_methyl_002,0.4637615632169585,512
CLIMB sup,add_methyl,A,add_methyl_003,0.1178146219334643,512
CLIMB sup,add_methyl,A,add_methyl_004,0.169478769234602,512
CLIMB sup,add_methyl,A,add_methyl_005,0.42715698175531547,512
CLIMB sup,add_methyl,A,add_methyl_006,0.3566347334787552,512
CLIMB sup,add_methyl,A,add_methyl_007,0.24656832862443906,512
CLIMB sup,add_methyl,A,add_methyl_008,0.37273709999211524,512
CLIMB sup,add_methyl,A,add_methyl_009,0.48828259197265633,512
CLIMB sup,add_methyl,A,add_methyl_010,0.17636075323963746,512
CLIMB sup,add_methyl,A,add_methyl_011,0.4909088133011506,512
CLIMB sup,add_methyl,A,add_methyl_012,0.6540845918970901,512
CLIMB sup,add_methyl,A,add_methyl_013,0.11635247719877714,512
CLIMB sup,add_methyl,A,add_methyl_014,0.2953369946014711,512
CLIMB sup,add_methyl,A,add_methyl_015,0.4072991770020469,512
CLIMB sup,add_methyl,A,add_methyl_016,0.18119786180304417,512
CLIMB sup,add_methyl,A,add_methyl_017,0.49627699197388775,512
CLIMB sup,add_methyl,A,add_methyl_018,0.3424010390795282,512
CLIMB sup,add_methyl,A,add_methyl_019,0.3873662912536748,512
CLIMB sup,add_methyl,A,add_methyl_020,0.1696852622685651,512
CLIMB sup,add_methyl,A,add_methyl_021,0.41463310643850787,512
CLIMB sup,add_methyl,A,add_methyl_022,0.5435844638263543,512
CLIMB sup,add_methyl,A,add_methyl_023,0.13065776894846226,512
CLIMB sup,add_methyl,A,add_methyl_024,0.8623167518958399,512
CLIMB sup,add_methyl,A,add_methyl_025,0.34738514376550067,512
CLIMB sup,add_methyl,A,add_methyl_026,0.6396066780330688,512
CLIMB sup,add_methyl,A,add_methyl_027,0.33580040578187287,512
CLIMB sup,add_methyl,A,add_methyl_028,0.11753517344430506,512
CLIMB sup,add_methyl,A,add_methyl_029,0.4225928278111559,512
CLIMB sup,add_methyl,A,add_methyl_030,0.30099755404438566,512
CLIMB sup,add_methyl,A,add_methyl_031,0.16983751227315588,512
CLIMB sup,add_methyl,A,add_methyl_032,0.44482162856836827,512
CLIMB sup,add_methyl,A,add_methyl_033,0.1845630007099633,512
CLIMB sup,add_methyl,A,add_methyl_034,0.49617923056432106,512
CLIMB sup,add_methyl,A,add_methyl_035,0.14183961065541745,512
CLIMB sup,add_methyl,A,add_methyl_036,0.10219808292217893,512
CLIMB sup,add_methyl,A,add_methyl_037,0.24744571852836547,512
CLIMB sup,add_methyl,A,add_methyl_038,0.12278272370434522,512
CLIMB sup,add_methyl,A,add_methyl_039,0.21562131873249415,512
CLIMB sup,add_methyl,A,add_methyl_040,0.28431090602603104,512
CLIMB sup,add_methyl,A,add_methyl_041,0.2217772009434184,512
CLIMB sup,add_methyl,A,add_methyl_042,0.680754872577734,512
CLIMB sup,add_methyl,A,add_methyl_043,0.7496356413759846,512
CLIMB sup,add_methyl,A,add_methyl_044,0.17112646291462377,512
CLIMB sup,add_methyl,A,add_methyl_045,0.19827597469423752,512
CLIMB sup,add_methyl,A,add_methyl_046,0.3407469730189187,512
CLIMB sup,add_methyl,A,add_methyl_047,0.277217470423784,512
CLIMB sup,add_methyl,A,add_methyl_048,0.11409702273099098,512
CLIMB sup,add_methyl,A,add_methyl_049,0.3351069824748066,512
CLIMB sup,add_methyl,A,add_methyl_050,0.4760057226211605,512
CLIMB sup,add_methyl,A,add_methyl_051,0.3767979566614612,512
CLIMB sup,add_methyl,A,add_methyl_052,0.36843821981393615,512
CLIMB sup,add_methyl,A,add_methyl_053,0.17646978399080301,512
CLIMB sup,add_methyl,A,add_methyl_054,0.14270958187899546,512
CLIMB sup,add_methyl,A,add_methyl_055,0.11884563240588211,512
CLIMB sup,add_methyl,A,add_methyl_056,0.20189031240961391,512
CLIMB sup,add_methyl,A,add_methyl_057,0.7237040309691475,512
CLIMB sup,add_methyl,A,add_methyl_058,0.15827978581291688,512
CLIMB sup,add_methyl,A,add_methyl_059,0.19317407836189332,512
CLIMB sup,add_methyl,A,add_methyl_060,0.2077265469959466,512
CLIMB sup,add_methyl,A,add_methyl_061,0.5613010336429626,512
CLIMB sup,add_methyl,A,add_methyl_062,0.34047153713501976,512
CLIMB sup,add_methyl,A,add_methyl_063,0.16638641668389564,512
CLIMB sup,add_methyl,A,add_methyl_064,0.3137252658885524,512
CLIMB sup,add_methyl,A,add_methyl_065,0.33712421912378576,512
CLIMB sup,add_methyl,A,add_methyl_066,0.4978592734361005,512
CLIMB sup,add_methyl,A,add_methyl_067,0.14702361122407728,512
CLIMB sup,add_methyl,A,add_methyl_068,0.5300598789668463,512
CLIMB sup,add_methyl,A,add_methyl_069,0.1456663411529782,512
CLIMB sup,add_methyl,A,add_methyl_070,0.26514374935660046,512
CLIMB sup,add_methyl,A,add_methyl_071,0.5459464695871594,512
CLIMB sup,add_methyl,A,add_methyl_072,0.2795583846171754,512
CLIMB sup,add_methyl,A,add_methyl_073,0.1241006917691795,512
CLIMB sup,add_methyl,A,add_methyl_074,0.6011124928329702,512
CLIMB sup,add_methyl,A,add_methyl_075,0.18720575879958662,512
CLIMB sup,add_methyl,A,add_methyl_076,0.4008451939587391,512
CLIMB sup,add_methyl,A,add_methyl_077,0.31734166941778413,512
CLIMB sup,add_methyl,A,add_methyl_078,0.10364648616882112,512
CLIMB sup,add_methyl,A,add_methyl_079,0.5135535682676925,512
CLIMB sup,add_methyl,A,add_methyl_080,0.4109104111025358,512
CLIMB sup,add_methyl,A,add_methyl_081,0.1186582946659418,512
CLIMB sup,add_methyl,A,add_methyl_082,0.6493230092008095,512
CLIMB sup,add_methyl,A,add_methyl_083,0.4123064973937275,512
CLIMB sup,add_methyl,A,add_methyl_084,0.44626286630125817,512
CLIMB sup,add_methyl,A,add_methyl_085,0.4599162566546214,512
CLIMB sup,add_methyl,A,add_methyl_086,0.20769242410830555,512
CLIMB sup,add_methyl,A,add_methyl_087,0.31564161693615256,512
CLIMB sup,add_methyl,A,add_methyl_088,0.20432152490165434,512
CLIMB sup,add_methyl,A,add_methyl_089,0.31157812277769165,512
CLIMB sup,add_methyl,A,add_methyl_090,0.11436441007549053,512
CLIMB sup,add_methyl,A,add_methyl_091,0.38381492229434105,512
CLIMB sup,add_methyl,A,add_methyl_092,0.13964480099265983,512
CLIMB sup,add_methyl,A,add_methyl_093,0.5531289779140721,512
CLIMB sup,add_methyl,A,add_methyl_094,0.10112574532055676,512
CLIMB sup,add_methyl,A,add_methyl_095,0.5437124213417289,512
CLIMB sup,add_methyl,A,add_methyl_096,0.1274917253126305,512
CLIMB sup,add_methyl,A,add_methyl_097,0.241702303521911,512
CLIMB sup,add_methyl,A,add_methyl_098,0.35967361879548676,512
CLIMB sup,add_methyl,A,add_methyl_099,0.48485251680256125,512
CLIMB sup,add_fluorine,A,add_fluorine_000,0.28786283217171366,512
CLIMB sup,add_fluorine,A,add_fluorine_001,0.37624842239261114,512
CLIMB sup,add_fluorine,A,add_fluorine_002,0.295298472243719,512
CLIMB sup,add_fluorine,A,add_fluorine_003,0.19402327176982306,512
CLIMB sup,add_fluorine,A,add_fluorine_004,0.19089535494501672,512
CLIMB sup,add_fluorine,A,add_fluorine_005,0.42458576033277073,512
CLIMB sup,add_fluorine,A,add_fluorine_006,0.27548549507727604,512
CLIMB sup,add_fluorine,A,add_fluorine_007,0.2998540410450947,512
CLIMB sup,add_fluorine,A,add_fluorine_008,0.19542010474342839,512
CLIMB sup,add_fluorine,A,add_fluorine_009,0.16027890564743838,512
CLIMB sup,add_fluorine,A,add_fluorine_010,0.2906785115859233,512
CLIMB sup,add_fluorine,A,add_fluorine_011,0.18000895590827637,512
CLIMB sup,add_fluorine,A,add_fluorine_012,0.2260076239296025,512
CLIMB sup,add_fluorine,A,add_fluorine_013,0.2771371134843133,512
CLIMB sup,add_fluorine,A,add_fluorine_014,0.2809183150919384,512
CLIMB sup,add_fluorine,A,add_fluorine_015,0.24449707316274064,512
CLIMB sup,add_fluorine,A,add_fluorine_016,0.2528341120892433,512
CLIMB sup,add_fluorine,A,add_fluorine_017,0.2776502294685113,512
CLIMB sup,add_fluorine,A,add_fluorine_018,0.222903521062536,512
CLIMB sup,add_fluorine,A,add_fluorine_019,0.3279880189233152,512
CLIMB sup,add_fluorine,A,add_fluorine_020,0.16982697846743036,512
CLIMB sup,add_fluorine,A,add_fluorine_021,0.18372174138641328,512
CLIMB sup,add_fluorine,A,add_fluorine_022,0.21906238414123974,512
CLIMB sup,add_fluorine,A,add_fluorine_023,0.27581381339150046,512
CLIMB sup,add_fluorine,A,add_fluorine_024,0.2462269738483753,512
CLIMB sup,add_fluorine,A,add_fluorine_025,0.1252814857022038,512
CLIMB sup,add_fluorine,A,add_fluorine_026,0.31816189351970353,512
CLIMB sup,add_fluorine,A,add_fluorine_027,0.16597526450981945,512
CLIMB sup,add_fluorine,A,add_fluorine_028,0.18207891772334003,512
CLIMB sup,add_fluorine,A,add_fluorine_029,0.24617392312731132,512
CLIMB sup,add_fluorine,A,add_fluorine_030,0.3573141036345106,512
CLIMB sup,add_fluorine,A,add_fluorine_031,0.19428748214577254,512
CLIMB sup,add_fluorine,A,add_fluorine_032,0.32679543554513985,512
CLIMB sup,add_fluorine,A,add_fluorine_033,0.29030982465348376,512
CLIMB sup,add_fluorine,A,add_fluorine_034,0.48942462995388125,512
CLIMB sup,add_fluorine,A,add_fluorine_035,0.152073827135219,512
CLIMB sup,add_fluorine,A,add_fluorine_036,0.2698407314519142,512
CLIMB sup,add_fluorine,A,add_fluorine_037,0.3623189161983102,512
CLIMB sup,add_fluorine,A,add_fluorine_038,0.20992600264384292,512
CLIMB sup,add_fluorine,A,add_fluorine_039,0.21400806050032717,512
CLIMB sup,add_fluorine,A,add_fluorine_040,0.5757231875423419,512
CLIMB sup,add_fluorine,A,add_fluorine_041,0.2129701559587014,512
CLIMB sup,add_fluorine,A,add_fluorine_042,0.4972447677019903,512
CLIMB sup,add_fluorine,A,add_fluorine_043,0.27798448313527774,512
CLIMB sup,add_fluorine,A,add_fluorine_044,0.36049876047542134,512
CLIMB sup,add_fluorine,A,add_fluorine_045,0.16146436643303153,512
CLIMB sup,add_fluorine,A,add_fluorine_046,0.5908518598440752,512
CLIMB sup,add_fluorine,A,add_fluorine_047,0.19390164810142205,512
CLIMB sup,add_fluorine,A,add_fluorine_048,0.3556851068570276,512
CLIMB sup,add_fluorine,A,add_fluorine_049,0.5061931260178518,512
CLIMB sup,add_fluorine,A,add_fluorine_050,0.1830607537818259,512
CLIMB sup,add_fluorine,A,add_fluorine_051,0.5719385162373414,512
CLIMB sup,add_fluorine,A,add_fluorine_052,0.3293676528734086,512
CLIMB sup,add_fluorine,A,add_fluorine_053,0.19753077829978227,512
CLIMB sup,add_fluorine,A,add_fluorine_054,0.3992459093383284,512
CLIMB sup,add_fluorine,A,add_fluorine_055,0.26100653226505643,512
CLIMB sup,add_fluorine,A,add_fluorine_056,0.3252390522201026,512
CLIMB sup,add_fluorine,A,add_fluorine_057,0.6409337023621249,512
CLIMB sup,add_fluorine,A,add_fluorine_058,0.24045943421550164,512
CLIMB sup,add_fluorine,A,add_fluorine_059,0.315236861800328,512
CLIMB sup,add_fluorine,A,add_fluorine_060,0.3394458739552134,512
CLIMB sup,add_fluorine,A,add_fluorine_061,0.565691115307452,512
CLIMB sup,add_fluorine,A,add_fluorine_062,0.4202033077797603,512
CLIMB sup,add_fluorine,A,add_fluorine_063,0.19967163500735757,512
CLIMB sup,add_fluorine,A,add_fluorine_064,0.3172516419037498,512
CLIMB sup,add_fluorine,A,add_fluorine_065,0.4711581612140775,512
CLIMB sup,add_fluorine,A,add_fluorine_066,0.5382663689647237,512
CLIMB sup,add_fluorine,A,add_fluorine_067,0.1741026651745007,512
CLIMB sup,add_fluorine,A,add_fluorine_068,0.2141878905695575,512
CLIMB sup,add_fluorine,A,add_fluorine_069,0.26250492865781666,512
CLIMB sup,add_fluorine,A,add_fluorine_070,0.4308623941542984,512
CLIMB sup,add_fluorine,A,add_fluorine_071,0.5572679511453507,512
CLIMB sup,add_fluorine,A,add_fluorine_072,0.20085460834282393,512
CLIMB sup,add_fluorine,A,add_fluorine_073,0.30597035841385056,512
CLIMB sup,add_fluorine,A,add_fluorine_074,0.210005562886595,512
CLIMB sup,add_fluorine,A,add_fluorine_075,0.3578672136545102,512
CLIMB sup,add_fluorine,A,add_fluorine_076,0.28471276894954245,512
CLIMB sup,add_fluorine,A,add_fluorine_077,0.3626829444785919,512
CLIMB sup,add_fluorine,A,add_fluorine_078,0.45359067441346174,512
CLIMB sup,add_fluorine,A,add_fluorine_079,0.2096705021541775,512
CLIMB sup,add_fluorine,A,add_fluorine_080,0.6214607060333264,512
CLIMB sup,add_fluorine,A,add_fluorine_081,0.26630394381558464,512
CLIMB sup,add_fluorine,A,add_fluorine_082,0.1569367746031987,512
CLIMB sup,add_fluorine,A,add_fluorine_083,0.23448457531101916,512
CLIMB sup,add_fluorine,A,add_fluorine_084,0.37415998102381515,512
CLIMB sup,add_fluorine,A,add_fluorine_085,0.23467519744461496,512
CLIMB sup,add_fluorine,A,add_fluorine_086,0.29286460379355705,512
CLIMB sup,add_fluorine,A,add_fluorine_087,0.34168362906890115,512
CLIMB sup,add_fluorine,A,add_fluorine_088,0.2598816019349815,512
CLIMB sup,add_fluorine,A,add_fluorine_089,0.3453172548921111,512
CLIMB sup,add_fluorine,A,add_fluorine_090,0.22639665870296255,512
CLIMB sup,add_fluorine,A,add_fluorine_091,0.5826731474290406,512
CLIMB sup,add_fluorine,A,add_fluorine_092,0.2913565912716578,512
CLIMB sup,add_fluorine,A,add_fluorine_093,0.2903693113425003,512
CLIMB sup,add_fluorine,A,add_fluorine_094,0.22535205568626576,512
CLIMB sup,add_fluorine,A,add_fluorine_095,0.19979864570455014,512
CLIMB sup,add_fluorine,A,add_fluorine_096,0.28913196244655154,512
CLIMB sup,add_fluorine,A,add_fluorine_097,0.3121698335221449,512
CLIMB sup,add_fluorine,A,add_fluorine_098,0.4161687369552784,512
CLIMB sup,add_fluorine,A,add_fluorine_099,0.618635716805061,512
CLIMB sup,isotope_13c,A,isotope_13c_000,0.5245625851729567,512
CLIMB sup,isotope_13c,A,isotope_13c_001,0.2906875047077299,512
CLIMB sup,isotope_13c,A,isotope_13c_002,0.6806884230673269,512
CLIMB sup,isotope_13c,A,isotope_13c_003,0.28523325891787793,512
CLIMB sup,isotope_13c,A,isotope_13c_004,0.19994005406623613,512
CLIMB sup,isotope_13c,A,isotope_13c_005,0.4518760489844085,512
CLIMB sup,isotope_13c,A,isotope_13c_006,0.2684202042008037,512
CLIMB sup,isotope_13c,A,isotope_13c_007,0.630330425444868,512
CLIMB sup,isotope_13c,A,isotope_13c_008,0.23457432604295633,512
CLIMB sup,isotope_13c,A,isotope_13c_009,0.3017817961252358,512
CLIMB sup,isotope_13c,A,isotope_13c_010,0.1680720672955529,512
CLIMB sup,isotope_13c,A,isotope_13c_011,0.228658987144882,512
CLIMB sup,isotope_13c,A,isotope_13c_012,0.1458939204805466,512
CLIMB sup,isotope_13c,A,isotope_13c_013,0.2989883796665662,512
CLIMB sup,isotope_13c,A,isotope_13c_014,0.2363454475504609,512
CLIMB sup,isotope_13c,A,isotope_13c_015,0.23760881457171046,512
CLIMB sup,isotope_13c,A,isotope_13c_016,0.36676877840278643,512
CLIMB sup,isotope_13c,A,isotope_13c_017,0.6000036239131973,512
CLIMB sup,isotope_13c,A,isotope_13c_018,0.17802066736163955,512
CLIMB sup,isotope_13c,A,isotope_13c_019,0.2566963122559418,512
CLIMB sup,isotope_13c,A,isotope_13c_020,0.2421784866908408,512
CLIMB sup,isotope_13c,A,isotope_13c_021,0.5374308455345375,512
CLIMB sup,isotope_13c,A,isotope_13c_022,0.5447343627667378,512
CLIMB sup,isotope_13c,A,isotope_13c_023,0.17781303566908777,512
CLIMB sup,isotope_13c,A,isotope_13c_024,0.41628100083084396,512
CLIMB sup,isotope_13c,A,isotope_13c_025,0.27316061286716237,512
CLIMB sup,isotope_13c,A,isotope_13c_026,0.276987706449119,512
CLIMB sup,isotope_13c,A,isotope_13c_027,0.2280587452931766,512
CLIMB sup,isotope_13c,A,isotope_13c_028,0.20708186542079757,512
CLIMB sup,isotope_13c,A,isotope_13c_029,0.29875600625524273,512
CLIMB sup,isotope_13c,A,isotope_13c_030,0.44519744677811646,512
CLIMB sup,isotope_13c,A,isotope_13c_031,0.7076174827402152,512
CLIMB sup,isotope_13c,A,isotope_13c_032,0.732999075259054,512
CLIMB sup,isotope_13c,A,isotope_13c_033,0.2943156674781534,512
CLIMB sup,isotope_13c,A,isotope_13c_034,0.3472918004128502,512
CLIMB sup,isotope_13c,A,isotope_13c_035,0.1595426883499785,512
CLIMB sup,isotope_13c,A,isotope_13c_036,0.5252312159482091,512
CLIMB sup,isotope_13c,A,isotope_13c_037,0.3799912408671181,512
CLIMB sup,isotope_13c,A,isotope_13c_038,0.2915613990186019,512
CLIMB sup,isotope_13c,A,isotope_13c_039,0.32303911978706884,512
CLIMB sup,isotope_13c,A,isotope_13c_040,0.3265122969637332,512
CLIMB sup,isotope_13c,A,isotope_13c_041,0.1933046516689975,512
CLIMB sup,isotope_13c,A,isotope_13c_042,0.21231245192134948,512
CLIMB sup,isotope_13c,A,isotope_13c_043,0.17218236216865357,512
CLIMB sup,isotope_13c,A,isotope_13c_044,0.13782082620017194,512
CLIMB sup,isotope_13c,A,isotope_13c_045,0.2378001865448707,512
CLIMB sup,isotope_13c,A,isotope_13c_046,0.5642700783918329,512
CLIMB sup,isotope_13c,A,isotope_13c_047,0.22708227413379126,512
CLIMB sup,isotope_13c,A,isotope_13c_048,0.3374528297691866,512
CLIMB sup,isotope_13c,A,isotope_13c_049,0.5685072915360371,512
CLIMB sup,isotope_13c,A,isotope_13c_050,0.22026143766380726,512
CLIMB sup,isotope_13c,A,isotope_13c_051,0.41398395768320184,512
CLIMB sup,isotope_13c,A,isotope_13c_052,0.43402892096657514,512
CLIMB sup,isotope_13c,A,isotope_13c_053,0.2233067898774142,512
CLIMB sup,isotope_13c,A,isotope_13c_054,0.264202559013898,512
CLIMB sup,isotope_13c,A,isotope_13c_055,0.20251096915716774,512
CLIMB sup,isotope_13c,A,isotope_13c_056,0.13261511097822773,512
CLIMB sup,isotope_13c,A,isotope_13c_057,0.6609899587146343,512
CLIMB sup,isotope_13c,A,isotope_13c_058,0.2725406711987546,512
CLIMB sup,isotope_13c,A,isotope_13c_059,0.16649402747282513,512
CLIMB sup,isotope_13c,A,isotope_13c_060,0.1558076188590407,512
CLIMB sup,isotope_13c,A,isotope_13c_061,0.525567971557133,512
CLIMB sup,isotope_13c,A,isotope_13c_062,0.41462705354291945,512
CLIMB sup,isotope_13c,A,isotope_13c_063,0.3398737170699368,512
CLIMB sup,isotope_13c,A,isotope_13c_064,0.3242314036975722,512
CLIMB sup,isotope_13c,A,isotope_13c_065,0.37493594133007185,512
CLIMB sup,isotope_13c,A,isotope_13c_066,0.5106270988047344,512
CLIMB sup,isotope_13c,A,isotope_13c_067,0.2858440150556848,512
CLIMB sup,isotope_13c,A,isotope_13c_068,0.6278026199582725,512
CLIMB sup,isotope_13c,A,isotope_13c_069,0.3828884700094403,512
CLIMB sup,isotope_13c,A,isotope_13c_070,0.544013324679139,512
CLIMB sup,isotope_13c,A,isotope_13c_071,0.4784172302558234,512
CLIMB sup,isotope_13c,A,isotope_13c_072,0.20288518145157872,512
CLIMB sup,isotope_13c,A,isotope_13c_073,0.2702641511301987,512
CLIMB sup,isotope_13c,A,isotope_13c_074,0.28917688564387384,512
CLIMB sup,isotope_13c,A,isotope_13c_075,0.30271975412855195,512
CLIMB sup,isotope_13c,A,isotope_13c_076,0.3789200663789955,512
CLIMB sup,isotope_13c,A,isotope_13c_077,0.18077895558437568,512
CLIMB sup,isotope_13c,A,isotope_13c_078,0.380907306450314,512
CLIMB sup,isotope_13c,A,isotope_13c_079,0.3231857912963056,512
CLIMB sup,isotope_13c,A,isotope_13c_080,0.27937218835539873,512
CLIMB sup,isotope_13c,A,isotope_13c_081,0.3127004590328498,512
CLIMB sup,isotope_13c,A,isotope_13c_082,0.21776477934688054,512
CLIMB sup,isotope_13c,A,isotope_13c_083,0.5898632839788295,512
CLIMB sup,isotope_13c,A,isotope_13c_084,0.2427375963338974,512
CLIMB sup,isotope_13c,A,isotope_13c_085,0.1748201451128003,512
CLIMB sup,isotope_13c,A,isotope_13c_086,0.4595513903103761,512
CLIMB sup,isotope_13c,A,isotope_13c_087,0.6858374315426425,512
CLIMB sup,isotope_13c,A,isotope_13c_088,0.2190858321846915,512
CLIMB sup,isotope_13c,A,isotope_13c_089,0.20356300098310567,512
CLIMB sup,isotope_13c,A,isotope_13c_090,0.6783936952768064,512
CLIMB sup,isotope_13c,A,isotope_13c_091,0.5531424426585851,512
CLIMB sup,isotope_13c,A,isotope_13c_092,0.6379297608249949,512
CLIMB sup,isotope_13c,A,isotope_13c_093,0.16802991698420564,512
CLIMB sup,isotope_13c,A,isotope_13c_094,0.22636211130082648,512
CLIMB sup,isotope_13c,A,isotope_13c_095,0.1964443519399057,512
CLIMB sup,isotope_13c,A,isotope_13c_096,0.500869753358055,512
CLIMB sup,isotope_13c,A,isotope_13c_097,0.37111275310833086,512
CLIMB sup,isotope_13c,A,isotope_13c_098,0.3599821969317213,512
CLIMB sup,isotope_13c,A,isotope_13c_099,0.35575344843924134,512
CLIMB sup,ring_size,A,ring_size_000,0.12568543581144834,512
CLIMB sup,ring_size,A,ring_size_001,0.05632863940490802,512
CLIMB sup,ring_size,A,ring_size_002,0.1007496392235972,512
CLIMB sup,ring_size,A,ring_size_003,0.17855424805033548,512
CLIMB sup,ring_size,A,ring_size_004,0.07288752199422766,512
CLIMB sup,ring_size,A,ring_size_005,0.044934347333139,512
CLIMB sup,ring_size,A,ring_size_006,0.05614775189702425,512
CLIMB sup,ring_size,A,ring_size_007,0.06434028715507546,512
CLIMB sup,ring_size,A,ring_size_008,0.058101720952442315,512
CLIMB sup,ring_size,A,ring_size_009,0.10626203529798124,512
CLIMB sup,ring_size,A,ring_size_010,0.14222290481066144,512
CLIMB sup,ring_size,A,ring_size_011,0.10589918301400551,512
CLIMB sup,ring_size,A,ring_size_012,0.055050526899954974,512
CLIMB sup,ring_size,A,ring_size_013,0.06106111586329738,512
CLIMB sup,ring_size,A,ring_size_014,0.18011506913025319,512
CLIMB sup,ring_size,A,ring_size_015,0.07272381510955452,512
CLIMB sup,ring_size,A,ring_size_016,0.0895996445020867,512
CLIMB sup,ring_size,A,ring_size_017,0.10333795797903536,512
CLIMB sup,ring_size,A,ring_size_018,0.12313933898590919,512
CLIMB sup,ring_size,A,ring_size_019,0.10719682050374392,512
CLIMB sup,ring_size,A,ring_size_020,0.14503904396087985,512
CLIMB sup,ring_size,A,ring_size_021,0.09987361363455222,512
CLIMB sup,ring_size,A,ring_size_022,0.07478526883442646,512
CLIMB sup,ring_size,A,ring_size_023,0.1614677076122755,512
CLIMB sup,ring_size,A,ring_size_024,0.14299269740062742,512
CLIMB sup,ring_size,A,ring_size_025,0.05626778322058197,512
CLIMB sup,ring_size,A,ring_size_026,0.10139525201396214,512
CLIMB sup,ring_size,A,ring_size_027,0.05513290122388996,512
CLIMB sup,ring_size,A,ring_size_028,0.17801348752384288,512
CLIMB sup,ring_size,A,ring_size_029,0.08948312948437417,512
CLIMB sup,ring_size,A,ring_size_030,0.16067026459715825,512
CLIMB sup,ring_size,A,ring_size_031,0.15754227509592933,512
CLIMB sup,ring_size,A,ring_size_032,0.13287329627041303,512
CLIMB sup,ring_size,A,ring_size_033,0.10693593460070255,512
CLIMB sup,ring_size,A,ring_size_034,0.06056725726004146,512
CLIMB sup,ring_size,A,ring_size_035,0.09810358926273878,512
CLIMB sup,ring_size,A,ring_size_036,0.1467567108201852,512
CLIMB sup,ring_size,A,ring_size_037,0.06168406682803228,512
CLIMB sup,ring_size,A,ring_size_038,0.09776560990289797,512
CLIMB sup,ring_size,A,ring_size_039,0.059166810756467736,512
CLIMB sup,ring_size,A,ring_size_040,0.12177629605986752,512
CLIMB sup,ring_size,A,ring_size_041,0.07708974499192338,512
CLIMB sup,ring_size,A,ring_size_042,0.1856562913885222,512
CLIMB sup,ring_size,A,ring_size_043,0.05616591446944823,512
CLIMB sup,ring_size,A,ring_size_044,0.1566119504866129,512
CLIMB sup,ring_size,A,ring_size_045,0.15330616797337562,512
CLIMB sup,ring_size,A,ring_size_046,0.11954307571606713,512
CLIMB sup,ring_size,A,ring_size_047,0.08483906785176559,512
CLIMB sup,ring_size,A,ring_size_048,0.07652152927171078,512
CLIMB sup,ring_size,A,ring_size_049,0.06188204194962147,512
CLIMB sup,ring_size,A,ring_size_050,0.24435502438086107,512
CLIMB sup,ring_size,A,ring_size_051,0.06486243867282573,512
CLIMB sup,ring_size,A,ring_size_052,0.09340833278904168,512
CLIMB sup,ring_size,A,ring_size_053,0.14062472716135116,512
CLIMB sup,ring_size,A,ring_size_054,0.1810950247689919,512
CLIMB sup,ring_size,A,ring_size_055,0.09602662539711979,512
CLIMB sup,ring_size,A,ring_size_056,0.09107144237318933,512
CLIMB sup,ring_size,A,ring_size_057,0.11173280179530003,512
CLIMB sup,ring_size,A,ring_size_058,0.16284000602367948,512
CLIMB sup,ring_size,A,ring_size_059,0.05400714110423892,512
CLIMB sup,ring_size,A,ring_size_060,0.16976106730737964,512
CLIMB sup,ring_size,A,ring_size_061,0.08764489930549924,512
CLIMB sup,ring_size,A,ring_size_062,0.0703058815679104,512
CLIMB sup,ring_size,A,ring_size_063,0.1033173148275914,512
CLIMB sup,ring_size,A,ring_size_064,0.12964422452889704,512
CLIMB sup,ring_size,A,ring_size_065,0.1472515337958223,512
CLIMB sup,ring_size,A,ring_size_066,0.05195664044428244,512
CLIMB sup,ring_size,A,ring_size_067,0.15464339278321818,512
CLIMB sup,ring_size,A,ring_size_068,0.1983300692080999,512
CLIMB sup,ring_size,A,ring_size_069,0.4191353440401036,512
CLIMB sup,ring_size,A,ring_size_070,0.23411242499459262,512
CLIMB sup,ring_size,A,ring_size_071,0.15235370105306978,512
CLIMB sup,ring_size,A,ring_size_072,0.16572313829152482,512
CLIMB sup,ring_size,A,ring_size_073,0.07021065793763853,512
CLIMB sup,ring_size,A,ring_size_074,0.0719314690576882,512
CLIMB sup,ring_size,A,ring_size_075,0.11602993855133052,512
CLIMB sup,ring_size,A,ring_size_076,0.06278104381400772,512
CLIMB sup,ring_size,A,ring_size_077,0.1356376627939225,512
CLIMB sup,ring_size,A,ring_size_078,0.05415581628066653,512
CLIMB sup,ring_size,A,ring_size_079,0.0731267115239065,512
CLIMB sup,ring_size,A,ring_size_080,0.16670667721910593,512
CLIMB sup,ring_size,A,ring_size_081,0.10623040866741748,512
CLIMB sup,ring_size,A,ring_size_082,0.16729412089906742,512
CLIMB sup,ring_size,A,ring_size_083,0.21074627099629045,512
CLIMB sup,ring_size,A,ring_size_084,0.06102014446250887,512
CLIMB sup,ring_size,A,ring_size_085,0.12640095391979803,512
CLIMB sup,ring_size,A,ring_size_086,0.0937448046125822,512
CLIMB sup,ring_size,A,ring_size_087,0.070674181819532,512
CLIMB sup,ring_size,A,ring_size_088,0.0616215696360647,512
CLIMB sup,ring_size,A,ring_size_089,0.06971117944760276,512
CLIMB sup,ring_size,A,ring_size_090,0.09322185231064371,512
CLIMB sup,ring_size,A,ring_size_091,0.0880358087397203,512
CLIMB sup,ring_size,A,ring_size_092,0.09961562875026261,512
CLIMB sup,ring_size,A,ring_size_093,0.11796600304466232,512
CLIMB sup,ring_size,A,ring_size_094,0.06263966224993271,512
CLIMB sup,ring_size,A,ring_size_095,0.16097441999150708,512
CLIMB sup,ring_size,A,ring_size_096,0.05705315263303743,512
CLIMB sup,ring_size,A,ring_size_097,0.2721071047347036,512
CLIMB sup,ring_size,A,ring_size_098,0.07408070598702818,512
CLIMB sup,ring_size,A,ring_size_099,0.06876108474319519,512
CLIMB sup,regioisomer,A,regioisomer_000,0.4206120462169222,512
CLIMB sup,regioisomer,A,regioisomer_001,0.7077756586413534,512
CLIMB sup,regioisomer,A,regioisomer_002,0.7296959970496142,512
CLIMB sup,regioisomer,A,regioisomer_003,0.3245723953544987,512
CLIMB sup,regioisomer,A,regioisomer_004,0.5189589900290293,512
CLIMB sup,regioisomer,A,regioisomer_005,0.6175135057566985,512
CLIMB sup,regioisomer,A,regioisomer_006,0.3781500485953227,512
CLIMB sup,regioisomer,A,regioisomer_007,0.2379429056607434,512
CLIMB sup,regioisomer,A,regioisomer_008,0.3229833563741174,512
CLIMB sup,regioisomer,A,regioisomer_009,0.3097415824752305,512
CLIMB sup,regioisomer,A,regioisomer_010,0.5758951348900718,512
CLIMB sup,regioisomer,A,regioisomer_011,0.6994053180753707,512
CLIMB sup,regioisomer,A,regioisomer_012,0.4881289838279428,512
CLIMB sup,regioisomer,A,regioisomer_013,0.5084138736551228,512
CLIMB sup,regioisomer,A,regioisomer_014,0.47492757448533024,512
CLIMB sup,regioisomer,A,regioisomer_015,0.541694320375074,512
CLIMB sup,regioisomer,A,regioisomer_016,0.6477639017736783,512
CLIMB sup,regioisomer,A,regioisomer_017,0.6229338928198859,512
CLIMB sup,regioisomer,A,regioisomer_018,0.4823299277010652,512
CLIMB sup,regioisomer,A,regioisomer_019,0.4330966553434957,512
CLIMB sup,regioisomer,A,regioisomer_020,0.6477643890848932,512
CLIMB sup,regioisomer,A,regioisomer_021,0.6859169721208909,512
CLIMB sup,regioisomer,A,regioisomer_022,0.4591359240107159,512
CLIMB sup,regioisomer,A,regioisomer_023,0.2753235963268581,512
CLIMB sup,regioisomer,A,regioisomer_024,0.39202110521608036,512
CLIMB sup,regioisomer,A,regioisomer_025,0.7338048280734676,512
CLIMB sup,regioisomer,A,regioisomer_026,0.47383271043862407,512
CLIMB sup,regioisomer,A,regioisomer_027,0.30044385787801964,512
CLIMB sup,regioisomer,A,regioisomer_028,0.4312073470386502,512
CLIMB sup,regioisomer,A,regioisomer_029,0.5973124938596457,512
CLIMB sup,regioisomer,A,regioisomer_030,0.7700214926628179,512
CLIMB sup,regioisomer,A,regioisomer_031,0.6092552852493306,512
CLIMB sup,regioisomer,A,regioisomer_032,0.7131173270161513,512
CLIMB sup,regioisomer,A,regioisomer_033,0.508691441386216,512
CLIMB sup,regioisomer,A,regioisomer_034,0.527960995620557,512
CLIMB sup,regioisomer,A,regioisomer_035,0.31128774012395616,512
CLIMB sup,regioisomer,A,regioisomer_036,0.5114147207787288,512
CLIMB sup,regioisomer,A,regioisomer_037,0.4920477947278316,512
CLIMB sup,regioisomer,A,regioisomer_038,0.35026644525378525,512
CLIMB sup,regioisomer,A,regioisomer_039,0.534755392253183,512
CLIMB sup,regioisomer,A,regioisomer_040,0.4805471893367598,512
CLIMB sup,regioisomer,A,regioisomer_041,0.35250947297037233,512
CLIMB sup,regioisomer,A,regioisomer_042,0.6879493739207637,512
CLIMB sup,regioisomer,A,regioisomer_043,0.5784758193963498,512
CLIMB sup,regioisomer,A,regioisomer_044,0.4119821027070424,512
CLIMB sup,regioisomer,A,regioisomer_045,0.40132974960252965,512
CLIMB sup,regioisomer,A,regioisomer_046,0.27103054750161115,512
CLIMB sup,regioisomer,A,regioisomer_047,0.5988784364156717,512
CLIMB sup,regioisomer,A,regioisomer_048,0.835911502247563,512
CLIMB sup,regioisomer,A,regioisomer_049,0.26963755213604496,512
CLIMB sup,regioisomer,A,regioisomer_050,0.3366325105060497,512
CLIMB sup,regioisomer,A,regioisomer_051,0.4823299277010652,512
CLIMB sup,regioisomer,A,regioisomer_052,0.3066980301151457,512
CLIMB sup,regioisomer,A,regioisomer_053,0.40972251432836077,512
CLIMB sup,regioisomer,A,regioisomer_054,0.3914837125162704,512
CLIMB sup,regioisomer,A,regioisomer_055,0.7362684426841364,512
CLIMB sup,regioisomer,A,regioisomer_056,0.3853810469775498,512
CLIMB sup,regioisomer,A,regioisomer_057,0.4549421530370894,512
CLIMB sup,regioisomer,A,regioisomer_058,0.7931240962751586,512
CLIMB sup,regioisomer,A,regioisomer_059,0.2690061445268761,512
CLIMB sup,regioisomer,A,regioisomer_060,0.4925043715934413,512
CLIMB sup,regioisomer,A,regioisomer_061,0.3614293951247617,512
CLIMB sup,regioisomer,A,regioisomer_062,0.524522236632055,512
CLIMB sup,regioisomer,A,regioisomer_063,0.6954057398163539,512
CLIMB sup,regioisomer,A,regioisomer_064,0.750639007697887,512
CLIMB sup,regioisomer,A,regioisomer_065,0.3946323930194214,512
CLIMB sup,regioisomer,A,regioisomer_066,0.29807582967154833,512
CLIMB sup,regioisomer,A,regioisomer_067,0.42309103940338105,512
CLIMB sup,regioisomer,A,regioisomer_068,0.7347712637472846,512
CLIMB sup,regioisomer,A,regioisomer_069,0.6292035451139965,512
CLIMB sup,regioisomer,A,regioisomer_070,0.48397232114217253,512
CLIMB sup,regioisomer,A,regioisomer_071,0.3996690013492388,512
CLIMB sup,regioisomer,A,regioisomer_072,0.6283062360972587,512
CLIMB sup,regioisomer,A,regioisomer_073,0.6281861093310311,512
CLIMB sup,regioisomer,A,regioisomer_074,0.3541642321994426,512
CLIMB sup,regioisomer,A,regioisomer_075,0.6269371225108314,512
CLIMB sup,regioisomer,A,regioisomer_076,0.38281021827634226,512
CLIMB sup,regioisomer,A,regioisomer_077,0.7824188038381577,512
CLIMB sup,regioisomer,A,regioisomer_078,0.4722625044438499,512
CLIMB sup,regioisomer,A,regioisomer_079,0.45341780393885994,512
CLIMB sup,regioisomer,A,regioisomer_080,0.6211132369891793,512
CLIMB sup,regioisomer,A,regioisomer_081,0.4041706371053064,512
CLIMB sup,regioisomer,A,regioisomer_082,0.5904909607623673,512
CLIMB sup,regioisomer,A,regioisomer_083,0.506376930642815,512
CLIMB sup,regioisomer,A,regioisomer_084,0.4059755944357085,512
CLIMB sup,regioisomer,A,regioisomer_085,0.37773298853843423,512
CLIMB sup,regioisomer,A,regioisomer_086,0.47745878118836527,512
CLIMB sup,regioisomer,A,regioisomer_087,0.626774540786073,512
CLIMB sup,regioisomer,A,regioisomer_088,0.43218435492690993,512
CLIMB sup,regioisomer,A,regioisomer_089,0.623801993270421,512
CLIMB sup,regioisomer,A,regioisomer_090,0.7412429311362964,512
CLIMB sup,regioisomer,A,regioisomer_091,0.40269137351277584,512
CLIMB sup,regioisomer,A,regioisomer_092,0.3427686362731448,512
CLIMB sup,regioisomer,A,regioisomer_093,0.40444004913482956,512
CLIMB sup,regioisomer,A,regioisomer_094,0.809260062892573,512
CLIMB sup,regioisomer,A,regioisomer_095,0.3229028577095138,512
CLIMB sup,regioisomer,A,regioisomer_096,0.5988784364156717,512
CLIMB sup,regioisomer,A,regioisomer_097,0.37292702682657236,512
CLIMB sup,regioisomer,A,regioisomer_098,0.31502330872786927,512
CLIMB sup,regioisomer,A,regioisomer_099,0.46118910173475763,512
CLIMB sup,matched_mw,A,matched_mw_000,0.8938604792139596,512
CLIMB sup,matched_mw,A,matched_mw_001,2.815666645010046,512
CLIMB sup,matched_mw,A,matched_mw_002,3.0883154626386133,512
CLIMB sup,matched_mw,A,matched_mw_003,2.2935870157093903,512
CLIMB sup,matched_mw,A,matched_mw_004,1.5380661380069505,512
CLIMB sup,matched_mw,A,matched_mw_005,2.312784959242878,512
CLIMB sup,matched_mw,A,matched_mw_006,1.729308624567166,512
CLIMB sup,matched_mw,A,matched_mw_007,1.9785419380702243,512
CLIMB sup,matched_mw,A,matched_mw_008,1.6143665059488703,512
CLIMB sup,matched_mw,A,matched_mw_009,1.6165089474089775,512
CLIMB sup,matched_mw,A,matched_mw_010,0.8637894422852208,512
CLIMB sup,matched_mw,A,matched_mw_011,1.4961553998762596,512
CLIMB sup,matched_mw,A,matched_mw_012,2.342281961919771,512
CLIMB sup,matched_mw,A,matched_mw_013,2.4369173360488556,512
CLIMB sup,matched_mw,A,matched_mw_014,1.2289838620276958,512
CLIMB sup,matched_mw,A,matched_mw_015,2.081998734141046,512
CLIMB sup,matched_mw,A,matched_mw_016,0.5342176655322641,512
CLIMB sup,matched_mw,A,matched_mw_017,1.3952750081987313,512
CLIMB sup,matched_mw,A,matched_mw_018,0.7618365594125691,512
CLIMB sup,matched_mw,A,matched_mw_019,1.2648586370927146,512
CLIMB sup,matched_mw,A,matched_mw_020,2.2242142869242314,512
CLIMB sup,matched_mw,A,matched_mw_021,0.9345293013105733,512
CLIMB sup,matched_mw,A,matched_mw_022,0.47334996931526113,512
CLIMB sup,matched_mw,A,matched_mw_023,0.8857608371963595,512
CLIMB sup,matched_mw,A,matched_mw_024,1.2712050432908584,512
CLIMB sup,matched_mw,A,matched_mw_025,1.3734041964056996,512
CLIMB sup,matched_mw,A,matched_mw_026,1.61347101182877,512
CLIMB sup,matched_mw,A,matched_mw_027,0.7736171254893793,512
CLIMB sup,matched_mw,A,matched_mw_028,1.685559609273316,512
CLIMB sup,matched_mw,A,matched_mw_029,1.590033974398167,512
CLIMB sup,matched_mw,A,matched_mw_030,2.2350966334171622,512
CLIMB sup,matched_mw,A,matched_mw_031,2.228735484898514,512
CLIMB sup,matched_mw,A,matched_mw_032,1.9485422411343376,512
CLIMB sup,matched_mw,A,matched_mw_033,1.911168116045226,512
CLIMB sup,matched_mw,A,matched_mw_034,1.5183461191490168,512
CLIMB sup,matched_mw,A,matched_mw_035,1.0626806613705406,512
CLIMB sup,matched_mw,A,matched_mw_036,1.0245159246940294,512
CLIMB sup,matched_mw,A,matched_mw_037,1.5287785561123788,512
CLIMB sup,matched_mw,A,matched_mw_038,1.1218814417297318,512
CLIMB sup,matched_mw,A,matched_mw_039,1.6793035045088434,512
CLIMB sup,matched_mw,A,matched_mw_040,1.9449039550611,512
CLIMB sup,matched_mw,A,matched_mw_041,0.9121846135525017,512
CLIMB sup,matched_mw,A,matched_mw_042,0.5807392876482669,512
CLIMB sup,matched_mw,A,matched_mw_043,1.218516502314662,512
CLIMB sup,matched_mw,A,matched_mw_044,1.157622284082415,512
CLIMB sup,matched_mw,A,matched_mw_045,1.273454944112733,512
CLIMB sup,matched_mw,A,matched_mw_046,0.9968996569044468,512
CLIMB sup,matched_mw,A,matched_mw_047,1.7673353765046325,512
CLIMB sup,matched_mw,A,matched_mw_048,1.395784240812946,512
CLIMB sup,matched_mw,A,matched_mw_049,1.5331959943938154,512
CLIMB sup,matched_mw,A,matched_mw_050,2.352539602521386,512
CLIMB sup,matched_mw,A,matched_mw_051,2.0316030346299256,512
CLIMB sup,matched_mw,A,matched_mw_052,2.8570346883367206,512
CLIMB sup,matched_mw,A,matched_mw_053,2.90058190698597,512
CLIMB sup,matched_mw,A,matched_mw_054,0.6370287355770056,512
CLIMB sup,matched_mw,A,matched_mw_055,0.6568535129406411,512
CLIMB sup,matched_mw,A,matched_mw_056,0.9360511514647363,512
CLIMB sup,matched_mw,A,matched_mw_057,1.1909978952135762,512
CLIMB sup,matched_mw,A,matched_mw_058,0.9848074667845738,512
CLIMB sup,matched_mw,A,matched_mw_059,0.7943432399142099,512
CLIMB sup,matched_mw,A,matched_mw_060,1.5474247446732265,512
CLIMB sup,matched_mw,A,matched_mw_061,1.9965424207740663,512
CLIMB sup,matched_mw,A,matched_mw_062,0.49469270034807444,512
CLIMB sup,matched_mw,A,matched_mw_063,2.5586426670371942,512
CLIMB sup,matched_mw,A,matched_mw_064,0.7964334376221396,512
CLIMB sup,matched_mw,A,matched_mw_065,0.6619519571804608,512
CLIMB sup,matched_mw,A,matched_mw_066,0.7966755156737028,512
CLIMB sup,matched_mw,A,matched_mw_067,1.2678420123402994,512
CLIMB sup,matched_mw,A,matched_mw_068,1.8945398497050001,512
CLIMB sup,matched_mw,A,matched_mw_069,1.619083640760845,512
CLIMB sup,matched_mw,A,matched_mw_070,1.7732701168416554,512
CLIMB sup,matched_mw,A,matched_mw_071,1.0114059576054355,512
CLIMB sup,matched_mw,A,matched_mw_072,1.9388726685574547,512
CLIMB sup,matched_mw,A,matched_mw_073,2.6048995547534397,512
CLIMB sup,matched_mw,A,matched_mw_074,1.3591510653687433,512
CLIMB sup,matched_mw,A,matched_mw_075,0.727255068223591,512
CLIMB sup,matched_mw,A,matched_mw_076,1.4166964741908001,512
CLIMB sup,matched_mw,A,matched_mw_077,0.41363370170995234,512
CLIMB sup,matched_mw,A,matched_mw_078,0.7190614987467925,512
CLIMB sup,matched_mw,A,matched_mw_079,1.1604943316505167,512
CLIMB sup,matched_mw,A,matched_mw_080,0.8283039068881768,512
CLIMB sup,matched_mw,A,matched_mw_081,1.5877824165294874,512
CLIMB sup,matched_mw,A,matched_mw_082,1.755404212620913,512
CLIMB sup,matched_mw,A,matched_mw_083,1.3458632303750073,512
CLIMB sup,matched_mw,A,matched_mw_084,1.384666971526739,512
CLIMB sup,matched_mw,A,matched_mw_085,0.778565070609027,512
CLIMB sup,matched_mw,A,matched_mw_086,1.993377814513153,512
CLIMB sup,matched_mw,A,matched_mw_087,2.675976780249692,512
CLIMB sup,matched_mw,A,matched_mw_088,0.4910541091823876,512
CLIMB sup,matched_mw,A,matched_mw_089,0.5284088854319783,512
CLIMB sup,matched_mw,A,matched_mw_090,0.9988173873106089,512
CLIMB sup,matched_mw,A,matched_mw_091,1.3336727831709416,512
CLIMB sup,matched_mw,A,matched_mw_092,2.1882707026456685,512
CLIMB sup,matched_mw,A,matched_mw_093,1.4122928475497711,512
CLIMB sup,matched_mw,A,matched_mw_094,1.6308007649295702,512
CLIMB sup,matched_mw,A,matched_mw_095,2.4260592204893676,512
CLIMB sup,matched_mw,A,matched_mw_096,0.6941973939046435,512
CLIMB sup,matched_mw,A,matched_mw_097,0.6074784344656727,512
CLIMB sup,matched_mw,A,matched_mw_098,0.8992206923796988,512
CLIMB sup,matched_mw,A,matched_mw_099,2.1569903286537064,512
CLIMB sup,matched_descriptors,A,matched_descriptors_000,0.5246285553478284,512
CLIMB sup,matched_descriptors,A,matched_descriptors_001,0.6284769931533364,512
CLIMB sup,matched_descriptors,A,matched_descriptors_002,0.6478776352618323,512
CLIMB sup,matched_descriptors,A,matched_descriptors_003,1.2256747991060744,512
CLIMB sup,matched_descriptors,A,matched_descriptors_004,0.49018679993354664,512
CLIMB sup,matched_descriptors,A,matched_descriptors_005,0.6708363598920298,512
CLIMB sup,matched_descriptors,A,matched_descriptors_006,0.8046164098359921,512
CLIMB sup,matched_descriptors,A,matched_descriptors_007,0.7822729168634893,512
CLIMB sup,matched_descriptors,A,matched_descriptors_008,0.7516524498082308,512
CLIMB sup,matched_descriptors,A,matched_descriptors_009,0.6817841722614365,512
CLIMB sup,matched_descriptors,A,matched_descriptors_010,0.7365994841617514,512
CLIMB sup,matched_descriptors,A,matched_descriptors_011,1.1991913087850183,512
CLIMB sup,matched_descriptors,A,matched_descriptors_012,0.6102559312261948,512
CLIMB sup,matched_descriptors,A,matched_descriptors_013,0.640522455619558,512
CLIMB sup,matched_descriptors,A,matched_descriptors_014,0.647996435764584,512
CLIMB sup,matched_descriptors,A,matched_descriptors_015,0.6382004721315647,512
CLIMB sup,matched_descriptors,A,matched_descriptors_016,0.6113981723571469,512
CLIMB sup,matched_descriptors,A,matched_descriptors_017,0.6887941149086225,512
CLIMB sup,matched_descriptors,A,matched_descriptors_018,0.5872014029995365,512
CLIMB sup,matched_descriptors,A,matched_descriptors_019,0.6193363987186615,512
CLIMB sup,matched_descriptors,A,matched_descriptors_020,0.48022018795394533,512
CLIMB sup,matched_descriptors,A,matched_descriptors_021,0.7031814172677978,512
CLIMB sup,matched_descriptors,A,matched_descriptors_022,0.47766205745090307,512
CLIMB sup,matched_descriptors,A,matched_descriptors_023,0.6165329872078419,512
CLIMB sup,matched_descriptors,A,matched_descriptors_024,0.7062317842566753,512
CLIMB sup,matched_descriptors,A,matched_descriptors_025,0.4685042001793153,512
CLIMB sup,matched_descriptors,A,matched_descriptors_026,0.6146288839849713,512
CLIMB sup,matched_descriptors,A,matched_descriptors_027,0.7662097632037294,512
CLIMB sup,matched_descriptors,A,matched_descriptors_028,0.49688753670365243,512
CLIMB sup,matched_descriptors,A,matched_descriptors_029,0.773124207878213,512
CLIMB sup,matched_descriptors,A,matched_descriptors_030,0.5489657627639046,512
CLIMB sup,matched_descriptors,A,matched_descriptors_031,0.7758062021697154,512
CLIMB sup,matched_descriptors,A,matched_descriptors_032,0.47742196582248025,512
CLIMB sup,matched_descriptors,A,matched_descriptors_033,0.5640947231488995,512
CLIMB sup,matched_descriptors,A,matched_descriptors_034,0.7072533021732996,512
CLIMB sup,matched_descriptors,A,matched_descriptors_035,0.6236826150590833,512
CLIMB sup,matched_descriptors,A,matched_descriptors_036,0.9239582783105897,512
CLIMB sup,matched_descriptors,A,matched_descriptors_037,0.5306365941526643,512
CLIMB sup,matched_descriptors,A,matched_descriptors_038,0.4167860445232265,512
CLIMB sup,matched_descriptors,A,matched_descriptors_039,0.699900503835417,512
CLIMB sup,matched_descriptors,A,matched_descriptors_040,0.5469724243931526,512
CLIMB sup,matched_descriptors,A,matched_descriptors_041,1.9028967208806604,512
CLIMB sup,matched_descriptors,A,matched_descriptors_042,0.7341646039967911,512
CLIMB sup,matched_descriptors,A,matched_descriptors_043,0.7504133655643891,512
CLIMB sup,matched_descriptors,A,matched_descriptors_044,0.733403109168405,512
CLIMB sup,matched_descriptors,A,matched_descriptors_045,0.5035781311229225,512
CLIMB sup,matched_descriptors,A,matched_descriptors_046,0.5741503869017888,512
CLIMB sup,matched_descriptors,A,matched_descriptors_047,0.7375326510632517,512
CLIMB sup,matched_descriptors,A,matched_descriptors_048,0.4837639099466011,512
CLIMB sup,matched_descriptors,A,matched_descriptors_049,0.5518212649433086,512
CLIMB sup,matched_descriptors,A,matched_descriptors_050,0.4560058964486127,512
CLIMB sup,matched_descriptors,A,matched_descriptors_051,0.6632655233516854,512
CLIMB sup,matched_descriptors,A,matched_descriptors_052,0.6695860397038005,512
CLIMB sup,matched_descriptors,A,matched_descriptors_053,0.7723055678785841,512
CLIMB sup,matched_descriptors,A,matched_descriptors_054,0.6969399608671536,512
CLIMB sup,matched_descriptors,A,matched_descriptors_055,0.6418696408676228,512
CLIMB sup,matched_descriptors,A,matched_descriptors_056,0.6290478274405062,512
CLIMB sup,matched_descriptors,A,matched_descriptors_057,0.8456365164705915,512
CLIMB sup,matched_descriptors,A,matched_descriptors_058,0.530005694682349,512
CLIMB sup,matched_descriptors,A,matched_descriptors_059,0.5390867156572537,512
CLIMB sup,matched_descriptors,A,matched_descriptors_060,0.5988256285083662,512
CLIMB sup,matched_descriptors,A,matched_descriptors_061,0.7985652088881079,512
CLIMB sup,matched_descriptors,A,matched_descriptors_062,0.6834726642355167,512
CLIMB sup,matched_descriptors,A,matched_descriptors_063,0.5724686910897947,512
CLIMB sup,matched_descriptors,A,matched_descriptors_064,0.8109247856788453,512
CLIMB sup,matched_descriptors,A,matched_descriptors_065,0.9644577119647133,512
CLIMB sup,matched_descriptors,A,matched_descriptors_066,0.7470408307004086,512
CLIMB sup,matched_descriptors,A,matched_descriptors_067,0.5622128758876249,512
CLIMB sup,matched_descriptors,A,matched_descriptors_068,0.598200048505803,512
CLIMB sup,matched_descriptors,A,matched_descriptors_069,0.6276093142738958,512
CLIMB sup,matched_descriptors,A,matched_descriptors_070,0.8712214403539829,512
CLIMB sup,matched_descriptors,A,matched_descriptors_071,0.7824062770253015,512
CLIMB sup,matched_descriptors,A,matched_descriptors_072,0.7928785091713029,512
CLIMB sup,matched_descriptors,A,matched_descriptors_073,0.8749039360919292,512
CLIMB sup,matched_descriptors,A,matched_descriptors_074,0.7398080866995178,512
CLIMB sup,matched_descriptors,A,matched_descriptors_075,0.8442183425802869,512
CLIMB sup,matched_descriptors,A,matched_descriptors_076,0.9973523475469526,512
CLIMB sup,matched_descriptors,A,matched_descriptors_077,1.0716951389478142,512
CLIMB sup,matched_descriptors,A,matched_descriptors_078,0.7590929109326646,512
CLIMB sup,matched_descriptors,A,matched_descriptors_079,0.5739619819484616,512
CLIMB sup,matched_descriptors,A,matched_descriptors_080,0.625558836701646,512
CLIMB sup,matched_descriptors,A,matched_descriptors_081,0.8560549627435217,512
CLIMB sup,matched_descriptors,A,matched_descriptors_082,0.7095934822498131,512
CLIMB sup,matched_descriptors,A,matched_descriptors_083,0.8367066668765191,512
CLIMB sup,matched_descriptors,A,matched_descriptors_084,0.7196212304345505,512
CLIMB sup,matched_descriptors,A,matched_descriptors_085,0.7336313658919521,512
CLIMB sup,matched_descriptors,A,matched_descriptors_086,1.032296549146451,512
CLIMB sup,matched_descriptors,A,matched_descriptors_087,0.4979921112021687,512
CLIMB sup,matched_descriptors,A,matched_descriptors_088,1.0887683673245019,512
CLIMB sup,matched_descriptors,A,matched_descriptors_089,0.5672685511952846,512
CLIMB sup,matched_descriptors,A,matched_descriptors_090,0.8364788298357796,512
CLIMB sup,matched_descriptors,A,matched_descriptors_091,0.722413781592381,512
CLIMB sup,matched_descriptors,A,matched_descriptors_092,0.6784797607250175,512
CLIMB sup,matched_descriptors,A,matched_descriptors_093,1.6663678997189846,512
CLIMB sup,matched_descriptors,A,matched_descriptors_094,0.653880309102111,512
CLIMB sup,matched_descriptors,A,matched_descriptors_095,0.5635614929210362,512
CLIMB sup,matched_descriptors,A,matched_descriptors_096,0.5754403346064831,512
CLIMB sup,matched_descriptors,A,matched_descriptors_097,0.7769630783483383,512
CLIMB sup,matched_descriptors,A,matched_descriptors_098,0.713237227429093,512
CLIMB sup,matched_descriptors,A,matched_descriptors_099,0.6949316688149743,512
CLIMB sup,smiles_enumeration,B,smiles_enumeration_000,0.0,512
CLIMB sup,smiles_enumeration,B,smiles_enumeration_001,0.0,512
CLIMB sup,smiles_enumeration,B,smiles_enumeration_002,0.0,512
CLIMB sup,smiles_enumeration,B,smiles_enumeration_003,0.0,512
CLIMB sup,smiles_enumeration,B,smiles_enumeration_004,0.0,512
CLIMB sup,smiles_enumeration,B,smiles_enumeration_005,0.0,512
CLIMB sup,smiles_enumeration,B,smiles_enumeration_006,0.0,512
CLIMB sup,smiles_enumeration,B,smiles_enumeration_007,0.0,512
CLIMB sup,smiles_enumeration,B,smiles_enumeration_008,0.0,512
CLIMB sup,smiles_enumeration,B,smiles_enumeration_009,0.0,512
CLIMB sup,smiles_enumeration,B,smiles_enumeration_010,0.0,512
CLIMB sup,smiles_enumeration,B,smiles_enumeration_011,0.0,512
CLIMB sup,smiles_enumeration,B,smiles_enumeration_012,0.0,512
CLIMB sup,smiles_enumeration,B,smiles_enumeration_013,0.0,512
CLIMB sup,smiles_enumeration,B,smiles_enumeration_014,0.0,512
CLIMB sup,smiles_enumeration,B,smiles_enumeration_015,0.0,512
CLIMB sup,smiles_enumeration,B,smiles_enumeration_016,0.0,512
CLIMB sup,smiles_enumeration,B,smiles_enumeration_017,0.0,512
CLIMB sup,smiles_enumeration,B,smiles_enumeration_018,0.0,512
CLIMB sup,smiles_enumeration,B,smiles_enumeration_019,0.0,512
CLIMB sup,smiles_enumeration,B,smiles_enumeration_020,0.0,512
CLIMB sup,smiles_enumeration,B,smiles_enumeration_021,0.0,512
CLIMB sup,smiles_enumeration,B,smiles_enumeration_022,0.0,512
CLIMB sup,smiles_enumeration,B,smiles_enumeration_023,0.0,512
CLIMB sup,smiles_enumeration,B,smiles_enumeration_024,0.0,512
CLIMB sup,smiles_enumeration,B,smiles_enumeration_025,0.0,512
CLIMB sup,smiles_enumeration,B,smiles_enumeration_026,0.0,512
CLIMB sup,smiles_enumeration,B,smiles_enumeration_027,0.0,512
CLIMB sup,smiles_enumeration,B,smiles_enumeration_028,0.0,512
CLIMB sup,smiles_enumeration,B,smiles_enumeration_029,0.0,512
CLIMB sup,smiles_enumeration,B,smiles_enumeration_030,0.0,512
CLIMB sup,smiles_enumeration,B,smiles_enumeration_031,0.0,512
CLIMB sup,smiles_enumeration,B,smiles_enumeration_032,0.0,512
CLIMB sup,smiles_enumeration,B,smiles_enumeration_033,0.0,512
CLIMB sup,smiles_enumeration,B,smiles_enumeration_034,0.0,512
CLIMB sup,smiles_enumeration,B,smiles_enumeration_035,0.0,512
CLIMB sup,smiles_enumeration,B,smiles_enumeration_036,0.0,512
CLIMB sup,smiles_enumeration,B,smiles_enumeration_037,0.0,512
CLIMB sup,smiles_enumeration,B,smiles_enumeration_038,0.0,512
CLIMB sup,smiles_enumeration,B,smiles_enumeration_039,0.0,512
CLIMB sup,smiles_enumeration,B,smiles_enumeration_040,0.0,512
CLIMB sup,smiles_enumeration,B,smiles_enumeration_041,0.0,512
CLIMB sup,smiles_enumeration,B,smiles_enumeration_042,0.0,512
CLIMB sup,smiles_enumeration,B,smiles_enumeration_043,0.0,512
CLIMB sup,smiles_enumeration,B,smiles_enumeration_044,0.0,512
CLIMB sup,smiles_enumeration,B,smiles_enumeration_045,0.0,512
CLIMB sup,smiles_enumeration,B,smiles_enumeration_046,0.0,512
CLIMB sup,smiles_enumeration,B,smiles_enumeration_047,0.0,512
CLIMB sup,smiles_enumeration,B,smiles_enumeration_048,0.0,512
CLIMB sup,smiles_enumeration,B,smiles_enumeration_049,0.0,512
CLIMB sup,smiles_enumeration,B,smiles_enumeration_050,0.0,512
CLIMB sup,smiles_enumeration,B,smiles_enumeration_051,0.0,512
CLIMB sup,smiles_enumeration,B,smiles_enumeration_052,0.0,512
CLIMB sup,smiles_enumeration,B,smiles_enumeration_053,0.0,512
CLIMB sup,smiles_enumeration,B,smiles_enumeration_054,0.0,512
CLIMB sup,smiles_enumeration,B,smiles_enumeration_055,0.0,512
CLIMB sup,smiles_enumeration,B,smiles_enumeration_056,0.0,512
CLIMB sup,smiles_enumeration,B,smiles_enumeration_057,0.0,512
CLIMB sup,smiles_enumeration,B,smiles_enumeration_058,0.0,512
CLIMB sup,smiles_enumeration,B,smiles_enumeration_059,0.0,512
CLIMB sup,smiles_enumeration,B,smiles_enumeration_060,0.0,512
CLIMB sup,smiles_enumeration,B,smiles_enumeration_061,0.0,512
CLIMB sup,smiles_enumeration,B,smiles_enumeration_062,0.0,512
CLIMB sup,smiles_enumeration,B,smiles_enumeration_063,0.0,512
CLIMB sup,smiles_enumeration,B,smiles_enumeration_064,0.0,512
CLIMB sup,smiles_enumeration,B,smiles_enumeration_065,0.0,512
CLIMB sup,smiles_enumeration,B,smiles_enumeration_066,0.0,512
CLIMB sup,smiles_enumeration,B,smiles_enumeration_067,0.0,512
CLIMB sup,smiles_enumeration,B,smiles_enumeration_068,0.0,512
CLIMB sup,smiles_enumeration,B,smiles_enumeration_069,0.0,512
CLIMB sup,smiles_enumeration,B,smiles_enumeration_070,0.0,512
CLIMB sup,smiles_enumeration,B,smiles_enumeration_071,0.0,512
CLIMB sup,smiles_enumeration,B,smiles_enumeration_072,0.0,512
CLIMB sup,smiles_enumeration,B,smiles_enumeration_073,0.0,512
CLIMB sup,smiles_enumeration,B,smiles_enumeration_074,0.0,512
CLIMB sup,smiles_enumeration,B,smiles_enumeration_075,0.0,512
CLIMB sup,smiles_enumeration,B,smiles_enumeration_076,0.0,512
CLIMB sup,smiles_enumeration,B,smiles_enumeration_077,0.0,512
CLIMB sup,smiles_enumeration,B,smiles_enumeration_078,0.0,512
CLIMB sup,smiles_enumeration,B,smiles_enumeration_079,0.0,512
CLIMB sup,smiles_enumeration,B,smiles_enumeration_080,0.0,512
CLIMB sup,smiles_enumeration,B,smiles_enumeration_081,0.0,512
CLIMB sup,smiles_enumeration,B,smiles_enumeration_082,0.0,512
CLIMB sup,smiles_enumeration,B,smiles_enumeration_083,0.0,512
CLIMB sup,smiles_enumeration,B,smiles_enumeration_084,0.0,512
CLIMB sup,smiles_enumeration,B,smiles_enumeration_085,0.0,512
CLIMB sup,smiles_enumeration,B,smiles_enumeration_086,0.0,512
CLIMB sup,smiles_enumeration,B,smiles_enumeration_087,0.0,512
CLIMB sup,smiles_enumeration,B,smiles_enumeration_088,0.0,512
CLIMB sup,smiles_enumeration,B,smiles_enumeration_089,0.0,512
CLIMB sup,smiles_enumeration,B,smiles_enumeration_090,0.0,512
CLIMB sup,smiles_enumeration,B,smiles_enumeration_091,0.0,512
CLIMB sup,smiles_enumeration,B,smiles_enumeration_092,0.0,512
CLIMB sup,smiles_enumeration,B,smiles_enumeration_093,0.0,512
CLIMB sup,smiles_enumeration,B,smiles_enumeration_094,0.0,512
CLIMB sup,smiles_enumeration,B,smiles_enumeration_095,0.0,512
CLIMB sup,smiles_enumeration,B,smiles_enumeration_096,0.0,512
CLIMB sup,smiles_enumeration,B,smiles_enumeration_097,0.0,512
CLIMB sup,smiles_enumeration,B,smiles_enumeration_098,0.0,512
CLIMB sup,smiles_enumeration,B,smiles_enumeration_099,0.0,512
CLIMB sup,kekule,B,kekule_000,0.0,512
CLIMB sup,kekule,B,kekule_001,0.0,512
CLIMB sup,kekule,B,kekule_002,0.0,512
CLIMB sup,kekule,B,kekule_003,0.0,512
CLIMB sup,kekule,B,kekule_004,0.0,512
CLIMB sup,kekule,B,kekule_005,0.0,512
CLIMB sup,kekule,B,kekule_006,0.0,512
CLIMB sup,kekule,B,kekule_007,0.0,512
CLIMB sup,kekule,B,kekule_008,0.0,512
CLIMB sup,kekule,B,kekule_009,0.0,512
CLIMB sup,kekule,B,kekule_010,0.0,512
CLIMB sup,kekule,B,kekule_011,0.0,512
CLIMB sup,kekule,B,kekule_012,0.0,512
CLIMB sup,kekule,B,kekule_013,0.0,512
CLIMB sup,kekule,B,kekule_014,0.0,512
CLIMB sup,kekule,B,kekule_015,0.0,512
CLIMB sup,kekule,B,kekule_016,0.0,512
CLIMB sup,kekule,B,kekule_017,0.0,512
CLIMB sup,kekule,B,kekule_018,0.0,512
CLIMB sup,kekule,B,kekule_019,0.0,512
CLIMB sup,kekule,B,kekule_020,0.0,512
CLIMB sup,kekule,B,kekule_021,0.0,512
CLIMB sup,kekule,B,kekule_022,0.0,512
CLIMB sup,kekule,B,kekule_023,0.0,512
CLIMB sup,kekule,B,kekule_024,0.0,512
CLIMB sup,kekule,B,kekule_025,0.0,512
CLIMB sup,kekule,B,kekule_026,0.0,512
CLIMB sup,kekule,B,kekule_027,0.0,512
CLIMB sup,kekule,B,kekule_028,0.0,512
CLIMB sup,kekule,B,kekule_029,0.0,512
CLIMB sup,kekule,B,kekule_030,0.0,512
CLIMB sup,kekule,B,kekule_031,0.0,512
CLIMB sup,kekule,B,kekule_032,0.0,512
CLIMB sup,kekule,B,kekule_033,0.0,512
CLIMB sup,kekule,B,kekule_034,0.0,512
CLIMB sup,kekule,B,kekule_035,0.0,512
CLIMB sup,kekule,B,kekule_036,0.0,512
CLIMB sup,kekule,B,kekule_037,0.0,512
CLIMB sup,kekule,B,kekule_038,0.0,512
CLIMB sup,kekule,B,kekule_039,0.0,512
CLIMB sup,kekule,B,kekule_040,0.0,512
CLIMB sup,kekule,B,kekule_041,0.0,512
CLIMB sup,kekule,B,kekule_042,0.0,512
CLIMB sup,kekule,B,kekule_043,0.0,512
CLIMB sup,kekule,B,kekule_044,0.0,512
CLIMB sup,kekule,B,kekule_045,0.0,512
CLIMB sup,kekule,B,kekule_046,0.0,512
CLIMB sup,kekule,B,kekule_047,0.0,512
CLIMB sup,kekule,B,kekule_048,0.0,512
CLIMB sup,kekule,B,kekule_049,0.0,512
CLIMB sup,kekule,B,kekule_050,0.0,512
CLIMB sup,kekule,B,kekule_051,0.0,512
CLIMB sup,kekule,B,kekule_052,0.0,512
CLIMB sup,kekule,B,kekule_053,0.0,512
CLIMB sup,kekule,B,kekule_054,0.0,512
CLIMB sup,kekule,B,kekule_055,0.0,512
CLIMB sup,kekule,B,kekule_056,0.0,512
CLIMB sup,kekule,B,kekule_057,0.0,512
CLIMB sup,kekule,B,kekule_058,0.0,512
CLIMB sup,kekule,B,kekule_059,0.0,512
CLIMB sup,kekule,B,kekule_060,0.0,512
CLIMB sup,kekule,B,kekule_061,0.0,512
CLIMB sup,kekule,B,kekule_062,0.0,512
CLIMB sup,kekule,B,kekule_063,0.0,512
CLIMB sup,kekule,B,kekule_064,0.0,512
CLIMB sup,kekule,B,kekule_065,0.0,512
CLIMB sup,kekule,B,kekule_066,0.0,512
CLIMB sup,kekule,B,kekule_067,0.0,512
CLIMB sup,kekule,B,kekule_068,0.0,512
CLIMB sup,kekule,B,kekule_069,0.0,512
CLIMB sup,kekule,B,kekule_070,0.0,512
CLIMB sup,kekule,B,kekule_071,0.0,512
CLIMB sup,kekule,B,kekule_072,0.0,512
CLIMB sup,kekule,B,kekule_073,0.0,512
CLIMB sup,kekule,B,kekule_074,0.0,512
CLIMB sup,kekule,B,kekule_075,0.0,512
CLIMB sup,kekule,B,kekule_076,0.0,512
CLIMB sup,kekule,B,kekule_077,0.0,512
CLIMB sup,kekule,B,kekule_078,0.0,512
CLIMB sup,kekule,B,kekule_079,0.0,512
CLIMB sup,kekule,B,kekule_080,0.0,512
CLIMB sup,kekule,B,kekule_081,0.0,512
CLIMB sup,kekule,B,kekule_082,0.0,512
CLIMB sup,kekule,B,kekule_083,0.0,512
CLIMB sup,kekule,B,kekule_084,0.0,512
CLIMB sup,kekule,B,kekule_085,0.0,512
CLIMB sup,kekule,B,kekule_086,0.0,512
CLIMB sup,kekule,B,kekule_087,0.0,512
CLIMB sup,kekule,B,kekule_088,0.0,512
CLIMB sup,kekule,B,kekule_089,0.0,512
CLIMB sup,kekule,B,kekule_090,0.0,512
CLIMB sup,kekule,B,kekule_091,0.0,512
CLIMB sup,kekule,B,kekule_092,0.0,512
CLIMB sup,kekule,B,kekule_093,0.0,512
CLIMB sup,kekule,B,kekule_094,0.0,512
CLIMB sup,kekule,B,kekule_095,0.0,512
CLIMB sup,kekule,B,kekule_096,0.0,512
CLIMB sup,kekule,B,kekule_097,0.0,512
CLIMB sup,kekule,B,kekule_098,0.0,512
CLIMB sup,kekule,B,kekule_099,0.0,512
CLIMB sup,symmetry_equivalent,B,symmetry_equivalent_000,0.0,512
CLIMB sup,symmetry_equivalent,B,symmetry_equivalent_001,0.0,512
CLIMB sup,symmetry_equivalent,B,symmetry_equivalent_002,0.0,512
CLIMB sup,symmetry_equivalent,B,symmetry_equivalent_003,0.0,512
CLIMB sup,symmetry_equivalent,B,symmetry_equivalent_004,0.0,512
CLIMB sup,symmetry_equivalent,B,symmetry_equivalent_005,0.0,512
CLIMB sup,symmetry_equivalent,B,symmetry_equivalent_006,0.0,512
CLIMB sup,symmetry_equivalent,B,symmetry_equivalent_007,0.0,512
CLIMB sup,symmetry_equivalent,B,symmetry_equivalent_008,0.0,512
CLIMB sup,symmetry_equivalent,B,symmetry_equivalent_009,0.0,512
CLIMB sup,symmetry_equivalent,B,symmetry_equivalent_010,0.0,512
CLIMB sup,symmetry_equivalent,B,symmetry_equivalent_011,0.0,512
CLIMB sup,symmetry_equivalent,B,symmetry_equivalent_012,0.0,512
CLIMB sup,symmetry_equivalent,B,symmetry_equivalent_013,0.0,512
CLIMB sup,symmetry_equivalent,B,symmetry_equivalent_014,0.0,512
CLIMB sup,symmetry_equivalent,B,symmetry_equivalent_015,0.0,512
CLIMB sup,symmetry_equivalent,B,symmetry_equivalent_016,0.0,512
CLIMB sup,symmetry_equivalent,B,symmetry_equivalent_017,0.0,512
CLIMB sup,symmetry_equivalent,B,symmetry_equivalent_018,0.0,512
CLIMB sup,symmetry_equivalent,B,symmetry_equivalent_019,0.0,512
CLIMB sup,symmetry_equivalent,B,symmetry_equivalent_020,0.0,512
CLIMB sup,symmetry_equivalent,B,symmetry_equivalent_021,0.0,512
CLIMB sup,symmetry_equivalent,B,symmetry_equivalent_022,0.0,512
CLIMB sup,symmetry_equivalent,B,symmetry_equivalent_023,0.0,512
CLIMB sup,symmetry_equivalent,B,symmetry_equivalent_024,0.0,512
CLIMB sup,symmetry_equivalent,B,symmetry_equivalent_025,0.0,512
CLIMB sup,symmetry_equivalent,B,symmetry_equivalent_026,0.0,512
CLIMB sup,symmetry_equivalent,B,symmetry_equivalent_027,0.0,512
CLIMB sup,symmetry_equivalent,B,symmetry_equivalent_028,0.0,512
CLIMB sup,symmetry_equivalent,B,symmetry_equivalent_029,0.0,512
CLIMB sup,symmetry_equivalent,B,symmetry_equivalent_030,0.0,512
CLIMB sup,symmetry_equivalent,B,symmetry_equivalent_031,0.0,512
CLIMB sup,symmetry_equivalent,B,symmetry_equivalent_032,0.0,512
CLIMB sup,symmetry_equivalent,B,symmetry_equivalent_033,0.0,512
CLIMB sup,symmetry_equivalent,B,symmetry_equivalent_034,0.0,512
CLIMB sup,symmetry_equivalent,B,symmetry_equivalent_035,0.0,512
CLIMB sup,symmetry_equivalent,B,symmetry_equivalent_036,0.0,512
CLIMB sup,symmetry_equivalent,B,symmetry_equivalent_037,0.0,512
CLIMB sup,symmetry_equivalent,B,symmetry_equivalent_038,0.0,512
CLIMB sup,symmetry_equivalent,B,symmetry_equivalent_039,0.0,512
CLIMB sup,symmetry_equivalent,B,symmetry_equivalent_040,0.0,512
CLIMB sup,symmetry_equivalent,B,symmetry_equivalent_041,0.0,512
CLIMB sup,symmetry_equivalent,B,symmetry_equivalent_042,0.0,512
CLIMB sup,symmetry_equivalent,B,symmetry_equivalent_043,0.0,512
CLIMB sup,symmetry_equivalent,B,symmetry_equivalent_044,0.0,512
CLIMB sup,symmetry_equivalent,B,symmetry_equivalent_045,0.0,512
CLIMB sup,symmetry_equivalent,B,symmetry_equivalent_046,0.0,512
CLIMB sup,symmetry_equivalent,B,symmetry_equivalent_047,0.0,512
CLIMB sup,symmetry_equivalent,B,symmetry_equivalent_048,0.0,512
CLIMB sup,symmetry_equivalent,B,symmetry_equivalent_049,0.0,512
CLIMB sup,symmetry_equivalent,B,symmetry_equivalent_050,0.0,512
CLIMB sup,symmetry_equivalent,B,symmetry_equivalent_051,0.0,512
CLIMB sup,symmetry_equivalent,B,symmetry_equivalent_052,0.0,512
CLIMB sup,symmetry_equivalent,B,symmetry_equivalent_053,0.0,512
CLIMB sup,symmetry_equivalent,B,symmetry_equivalent_054,0.0,512
CLIMB sup,symmetry_equivalent,B,symmetry_equivalent_055,0.0,512
CLIMB sup,symmetry_equivalent,B,symmetry_equivalent_056,0.0,512
CLIMB sup,symmetry_equivalent,B,symmetry_equivalent_057,0.0,512
CLIMB sup,symmetry_equivalent,B,symmetry_equivalent_058,0.0,512
CLIMB sup,symmetry_equivalent,B,symmetry_equivalent_059,0.0,512
CLIMB sup,symmetry_equivalent,B,symmetry_equivalent_060,0.0,512
CLIMB sup,symmetry_equivalent,B,symmetry_equivalent_061,0.0,512
CLIMB sup,symmetry_equivalent,B,symmetry_equivalent_062,0.0,512
CLIMB sup,symmetry_equivalent,B,symmetry_equivalent_063,0.0,512
CLIMB sup,symmetry_equivalent,B,symmetry_equivalent_064,0.0,512
CLIMB sup,symmetry_equivalent,B,symmetry_equivalent_065,0.0,512
CLIMB sup,symmetry_equivalent,B,symmetry_equivalent_066,0.0,512
CLIMB sup,symmetry_equivalent,B,symmetry_equivalent_067,0.0,512
CLIMB sup,symmetry_equivalent,B,symmetry_equivalent_068,0.0,512
CLIMB sup,symmetry_equivalent,B,symmetry_equivalent_069,0.0,512
CLIMB sup,symmetry_equivalent,B,symmetry_equivalent_070,0.0,512
CLIMB sup,symmetry_equivalent,B,symmetry_equivalent_071,0.0,512
CLIMB sup,symmetry_equivalent,B,symmetry_equivalent_072,0.0,512
CLIMB sup,symmetry_equivalent,B,symmetry_equivalent_073,0.0,512
CLIMB sup,symmetry_equivalent,B,symmetry_equivalent_074,0.0,512
CLIMB sup,symmetry_equivalent,B,symmetry_equivalent_075,0.0,512
CLIMB sup,symmetry_equivalent,B,symmetry_equivalent_076,0.0,512
CLIMB sup,symmetry_equivalent,B,symmetry_equivalent_077,0.0,512
CLIMB sup,symmetry_equivalent,B,symmetry_equivalent_078,0.0,512
CLIMB sup,symmetry_equivalent,B,symmetry_equivalent_079,0.0,512
CLIMB sup,symmetry_equivalent,B,symmetry_equivalent_080,0.0,512
CLIMB sup,symmetry_equivalent,B,symmetry_equivalent_081,0.0,512
CLIMB sup,symmetry_equivalent,B,symmetry_equivalent_082,0.0,512
CLIMB sup,symmetry_equivalent,B,symmetry_equivalent_083,0.0,512
CLIMB sup,symmetry_equivalent,B,symmetry_equivalent_084,0.0,512
CLIMB sup,symmetry_equivalent,B,symmetry_equivalent_085,0.0,512
CLIMB sup,symmetry_equivalent,B,symmetry_equivalent_086,0.0,512
CLIMB sup,symmetry_equivalent,B,symmetry_equivalent_087,0.0,512
CLIMB sup,symmetry_equivalent,B,symmetry_equivalent_088,0.0,512
CLIMB sup,symmetry_equivalent,B,symmetry_equivalent_089,0.0,512
CLIMB sup,symmetry_equivalent,B,symmetry_equivalent_090,0.0,512
CLIMB sup,symmetry_equivalent,B,symmetry_equivalent_091,0.0,512
CLIMB sup,symmetry_equivalent,B,symmetry_equivalent_092,0.0,512
CLIMB sup,symmetry_equivalent,B,symmetry_equivalent_093,0.0,512
CLIMB sup,symmetry_equivalent,B,symmetry_equivalent_094,0.0,512
CLIMB sup,symmetry_equivalent,B,symmetry_equivalent_095,0.0,512
CLIMB sup,symmetry_equivalent,B,symmetry_equivalent_096,0.0,512
CLIMB sup,symmetry_equivalent,B,symmetry_equivalent_097,0.0,512
CLIMB sup,symmetry_equivalent,B,symmetry_equivalent_098,0.0,512
CLIMB sup,symmetry_equivalent,B,symmetry_equivalent_099,0.0,512
CLIMB unsup,stereo_flip,A,stereo_flip_000,0.06571294519510401,512
CLIMB unsup,stereo_flip,A,stereo_flip_001,0.06448055756064798,512
CLIMB unsup,stereo_flip,A,stereo_flip_002,0.059637733607274784,512
CLIMB unsup,stereo_flip,A,stereo_flip_003,0.07954002909809221,512
CLIMB unsup,stereo_flip,A,stereo_flip_004,0.09215889628076715,512
CLIMB unsup,stereo_flip,A,stereo_flip_005,0.075876148588273,512
CLIMB unsup,stereo_flip,A,stereo_flip_006,0.06853075439482904,512
CLIMB unsup,stereo_flip,A,stereo_flip_007,0.04384626881229074,512
CLIMB unsup,stereo_flip,A,stereo_flip_008,0.047722109379435225,512
CLIMB unsup,stereo_flip,A,stereo_flip_009,0.05745712478067107,512
CLIMB unsup,stereo_flip,A,stereo_flip_010,0.05917477858938811,512
CLIMB unsup,stereo_flip,A,stereo_flip_011,0.10612698891352688,512
CLIMB unsup,stereo_flip,A,stereo_flip_012,0.06042976816177055,512
CLIMB unsup,stereo_flip,A,stereo_flip_013,0.10155432088070855,512
CLIMB unsup,stereo_flip,A,stereo_flip_014,0.04371083997064416,512
CLIMB unsup,stereo_flip,A,stereo_flip_015,0.07470497835317075,512
CLIMB unsup,stereo_flip,A,stereo_flip_016,0.07217069733075399,512
CLIMB unsup,stereo_flip,A,stereo_flip_017,0.06043546775011862,512
CLIMB unsup,stereo_flip,A,stereo_flip_018,0.1023382008146909,512
CLIMB unsup,stereo_flip,A,stereo_flip_019,0.1087675898135486,512
CLIMB unsup,stereo_flip,A,stereo_flip_020,0.07184532531444941,512
CLIMB unsup,stereo_flip,A,stereo_flip_021,0.08510592954096757,512
CLIMB unsup,stereo_flip,A,stereo_flip_022,0.06717342508528955,512
CLIMB unsup,stereo_flip,A,stereo_flip_023,0.08308154400236059,512
CLIMB unsup,stereo_flip,A,stereo_flip_024,0.10793137227620916,512
CLIMB unsup,stereo_flip,A,stereo_flip_025,0.08771322060017725,512
CLIMB unsup,stereo_flip,A,stereo_flip_026,0.052078220144221005,512
CLIMB unsup,stereo_flip,A,stereo_flip_027,0.05917245143639046,512
CLIMB unsup,stereo_flip,A,stereo_flip_028,0.07084412250755957,512
CLIMB unsup,stereo_flip,A,stereo_flip_029,0.09513016074156028,512
CLIMB unsup,stereo_flip,A,stereo_flip_030,0.04186044521972895,512
CLIMB unsup,stereo_flip,A,stereo_flip_031,0.054929259260174744,512
CLIMB unsup,stereo_flip,A,stereo_flip_032,0.09048581516479706,512
CLIMB unsup,stereo_flip,A,stereo_flip_033,0.08280637863515965,512
CLIMB unsup,stereo_flip,A,stereo_flip_034,0.06844028050661044,512
CLIMB unsup,stereo_flip,A,stereo_flip_035,0.06940976960830847,512
CLIMB unsup,stereo_flip,A,stereo_flip_036,0.046209321979293616,512
CLIMB unsup,stereo_flip,A,stereo_flip_037,0.05756572907482662,512
CLIMB unsup,stereo_flip,A,stereo_flip_038,0.06676918382225192,512
CLIMB unsup,stereo_flip,A,stereo_flip_039,0.06122428728208924,512
CLIMB unsup,stereo_flip,A,stereo_flip_040,0.0517340194367454,512
CLIMB unsup,stereo_flip,A,stereo_flip_041,0.06747855873023778,512
CLIMB unsup,stereo_flip,A,stereo_flip_042,0.6803976317911088,512
CLIMB unsup,stereo_flip,A,stereo_flip_043,0.06660905367135762,512
CLIMB unsup,stereo_flip,A,stereo_flip_044,0.05687597907291609,512
CLIMB unsup,stereo_flip,A,stereo_flip_045,0.04776212460354273,512
CLIMB unsup,stereo_flip,A,stereo_flip_046,0.04140069274125122,512
CLIMB unsup,stereo_flip,A,stereo_flip_047,0.12770824174749898,512
CLIMB unsup,stereo_flip,A,stereo_flip_048,0.07202477971659435,512
CLIMB unsup,stereo_flip,A,stereo_flip_049,0.0614397464600407,512
CLIMB unsup,stereo_flip,A,stereo_flip_050,0.0990264245192082,512
CLIMB unsup,stereo_flip,A,stereo_flip_051,0.06591644031218595,512
CLIMB unsup,stereo_flip,A,stereo_flip_052,0.4557816435825892,512
CLIMB unsup,stereo_flip,A,stereo_flip_053,0.07875356393157923,512
CLIMB unsup,stereo_flip,A,stereo_flip_054,0.07608903724323518,512
CLIMB unsup,stereo_flip,A,stereo_flip_055,0.03612834414376863,512
CLIMB unsup,stereo_flip,A,stereo_flip_056,0.04253653968005461,512
CLIMB unsup,stereo_flip,A,stereo_flip_057,0.082997670993991,512
CLIMB unsup,stereo_flip,A,stereo_flip_058,0.14820697987872428,512
CLIMB unsup,stereo_flip,A,stereo_flip_059,0.09988673258860631,512
CLIMB unsup,stereo_flip,A,stereo_flip_060,0.09730324042210797,512
CLIMB unsup,stereo_flip,A,stereo_flip_061,0.09953078777836503,512
CLIMB unsup,stereo_flip,A,stereo_flip_062,0.039507035867712065,512
CLIMB unsup,stereo_flip,A,stereo_flip_063,0.0930822946408655,512
CLIMB unsup,stereo_flip,A,stereo_flip_064,0.06458459732795097,512
CLIMB unsup,stereo_flip,A,stereo_flip_065,0.0544214479495733,512
CLIMB unsup,stereo_flip,A,stereo_flip_066,0.07738081271396612,512
CLIMB unsup,stereo_flip,A,stereo_flip_067,0.07552010772073951,512
CLIMB unsup,stereo_flip,A,stereo_flip_068,0.08163895249298811,512
CLIMB unsup,stereo_flip,A,stereo_flip_069,0.06881974596037832,512
CLIMB unsup,stereo_flip,A,stereo_flip_070,0.06704427170776892,512
CLIMB unsup,stereo_flip,A,stereo_flip_071,0.0474095084457261,512
CLIMB unsup,stereo_flip,A,stereo_flip_072,0.07348100397231451,512
CLIMB unsup,stereo_flip,A,stereo_flip_073,0.06684937098465171,512
CLIMB unsup,stereo_flip,A,stereo_flip_074,0.07438600040021225,512
CLIMB unsup,stereo_flip,A,stereo_flip_075,0.09424688985059793,512
CLIMB unsup,stereo_flip,A,stereo_flip_076,0.06075222001225519,512
CLIMB unsup,stereo_flip,A,stereo_flip_077,0.06367842745023317,512
CLIMB unsup,stereo_flip,A,stereo_flip_078,0.10025423851136628,512
CLIMB unsup,stereo_flip,A,stereo_flip_079,0.08432128804717079,512
CLIMB unsup,stereo_flip,A,stereo_flip_080,0.08949604031635341,512
CLIMB unsup,stereo_flip,A,stereo_flip_081,0.0624136589935074,512
CLIMB unsup,stereo_flip,A,stereo_flip_082,0.046379029209258904,512
CLIMB unsup,stereo_flip,A,stereo_flip_083,0.04663349680192213,512
CLIMB unsup,stereo_flip,A,stereo_flip_084,0.24168349456185226,512
CLIMB unsup,stereo_flip,A,stereo_flip_085,0.06977840139567756,512
CLIMB unsup,stereo_flip,A,stereo_flip_086,0.12413483402896151,512
CLIMB unsup,stereo_flip,A,stereo_flip_087,0.06261280528350237,512
CLIMB unsup,stereo_flip,A,stereo_flip_088,0.08081086322028719,512
CLIMB unsup,stereo_flip,A,stereo_flip_089,0.08547430976328925,512
CLIMB unsup,stereo_flip,A,stereo_flip_090,0.08375105430489278,512
CLIMB unsup,stereo_flip,A,stereo_flip_091,0.05809368557722187,512
CLIMB unsup,stereo_flip,A,stereo_flip_092,0.06425978916702352,512
CLIMB unsup,stereo_flip,A,stereo_flip_093,0.08905081073654926,512
CLIMB unsup,stereo_flip,A,stereo_flip_094,0.05689583630820067,512
CLIMB unsup,stereo_flip,A,stereo_flip_095,0.04168344714859655,512
CLIMB unsup,stereo_flip,A,stereo_flip_096,0.08349655866031716,512
CLIMB unsup,stereo_flip,A,stereo_flip_097,0.07714617544363565,512
CLIMB unsup,stereo_flip,A,stereo_flip_098,0.07450281420216048,512
CLIMB unsup,stereo_flip,A,stereo_flip_099,0.10938880980852246,512
CLIMB unsup,ez_flip,A,ez_flip_000,0.1788236035740167,512
CLIMB unsup,ez_flip,A,ez_flip_001,0.13000055628461074,512
CLIMB unsup,ez_flip,A,ez_flip_002,0.2498425654836101,512
CLIMB unsup,ez_flip,A,ez_flip_003,0.07655257824966426,512
CLIMB unsup,ez_flip,A,ez_flip_004,0.16063127077966025,512
CLIMB unsup,ez_flip,A,ez_flip_005,0.13265534838607176,512
CLIMB unsup,ez_flip,A,ez_flip_006,0.1827457964287205,512
CLIMB unsup,ez_flip,A,ez_flip_007,0.14400811237388467,512
CLIMB unsup,ez_flip,A,ez_flip_008,0.13097271079514408,512
CLIMB unsup,ez_flip,A,ez_flip_009,0.12384486528931778,512
CLIMB unsup,ez_flip,A,ez_flip_010,0.15086339388346337,512
CLIMB unsup,ez_flip,A,ez_flip_011,0.18096893113282816,512
CLIMB unsup,ez_flip,A,ez_flip_012,0.1023071404648388,512
CLIMB unsup,ez_flip,A,ez_flip_013,0.09640865330869207,512
CLIMB unsup,ez_flip,A,ez_flip_014,0.13246001144799238,512
CLIMB unsup,ez_flip,A,ez_flip_015,0.11958282280264095,512
CLIMB unsup,ez_flip,A,ez_flip_016,0.1801365871900719,512
CLIMB unsup,ez_flip,A,ez_flip_017,0.051859411007696504,512
CLIMB unsup,ez_flip,A,ez_flip_018,0.0936256312875925,512
CLIMB unsup,ez_flip,A,ez_flip_019,0.09836226272124268,512
CLIMB unsup,ez_flip,A,ez_flip_020,0.12874693499008413,512
CLIMB unsup,ez_flip,A,ez_flip_021,0.15821478402707725,512
CLIMB unsup,ez_flip,A,ez_flip_022,0.10442288134109093,512
CLIMB unsup,ez_flip,A,ez_flip_023,0.10829160985725438,512
CLIMB unsup,ez_flip,A,ez_flip_024,0.11146004334412564,512
CLIMB unsup,ez_flip,A,ez_flip_025,0.16146998625694173,512
CLIMB unsup,ez_flip,A,ez_flip_026,0.2154989003574774,512
CLIMB unsup,ez_flip,A,ez_flip_027,0.12773125821716524,512
CLIMB unsup,ez_flip,A,ez_flip_028,0.09452632640197871,512
CLIMB unsup,ez_flip,A,ez_flip_029,0.15860079599807636,512
CLIMB unsup,ez_flip,A,ez_flip_030,0.20465658606836407,512
CLIMB unsup,ez_flip,A,ez_flip_031,0.19526081014644084,512
CLIMB unsup,ez_flip,A,ez_flip_032,0.13048428706888213,512
CLIMB unsup,ez_flip,A,ez_flip_033,0.1728684572866826,512
CLIMB unsup,ez_flip,A,ez_flip_034,0.27454614150905415,512
CLIMB unsup,ez_flip,A,ez_flip_035,0.14208130375498806,512
CLIMB unsup,ez_flip,A,ez_flip_036,0.0812509206564668,512
CLIMB unsup,ez_flip,A,ez_flip_037,0.11421212766948334,512
CLIMB unsup,ez_flip,A,ez_flip_038,0.11786263923979845,512
CLIMB unsup,ez_flip,A,ez_flip_039,0.2313090832088171,512
CLIMB unsup,ez_flip,A,ez_flip_040,0.07561588810655397,512
CLIMB unsup,ez_flip,A,ez_flip_041,0.19425231988670433,512
CLIMB unsup,ez_flip,A,ez_flip_042,0.15053457023627922,512
CLIMB unsup,ez_flip,A,ez_flip_043,0.15257610445024386,512
CLIMB unsup,ez_flip,A,ez_flip_044,0.06329044288896267,512
CLIMB unsup,ez_flip,A,ez_flip_045,0.08458573770893493,512
CLIMB unsup,ez_flip,A,ez_flip_046,0.10348327825973538,512
CLIMB unsup,ez_flip,A,ez_flip_047,0.1691888667247633,512
CLIMB unsup,ez_flip,A,ez_flip_048,0.12689446617593025,512
CLIMB unsup,ez_flip,A,ez_flip_049,0.08664780702517652,512
CLIMB unsup,ez_flip,A,ez_flip_050,0.25283343181909596,512
CLIMB unsup,ez_flip,A,ez_flip_051,0.0988531178929518,512
CLIMB unsup,ez_flip,A,ez_flip_052,0.12605210691544794,512
CLIMB unsup,ez_flip,A,ez_flip_053,0.09543272275382622,512
CLIMB unsup,ez_flip,A,ez_flip_054,0.10829651787000238,512
CLIMB unsup,ez_flip,A,ez_flip_055,0.12679180253632885,512
CLIMB unsup,ez_flip,A,ez_flip_056,0.10773637344990723,512
CLIMB unsup,ez_flip,A,ez_flip_057,0.13503504513104755,512
CLIMB unsup,ez_flip,A,ez_flip_058,0.1208933026120068,512
CLIMB unsup,ez_flip,A,ez_flip_059,0.41388272993797515,512
CLIMB unsup,ez_flip,A,ez_flip_060,0.15956239373630526,512
CLIMB unsup,ez_flip,A,ez_flip_061,0.11344386735429784,512
CLIMB unsup,ez_flip,A,ez_flip_062,0.20552755701301642,512
CLIMB unsup,ez_flip,A,ez_flip_063,0.1018010561887165,512
CLIMB unsup,ez_flip,A,ez_flip_064,0.07655871378872545,512
CLIMB unsup,ez_flip,A,ez_flip_065,0.09982518322266659,512
CLIMB unsup,ez_flip,A,ez_flip_066,0.1587650490514008,512
CLIMB unsup,ez_flip,A,ez_flip_067,0.11236668965641777,512
CLIMB unsup,ez_flip,A,ez_flip_068,0.33375272542500234,512
CLIMB unsup,ez_flip,A,ez_flip_069,0.11337407029008538,512
CLIMB unsup,ez_flip,A,ez_flip_070,0.13505149382756107,512
CLIMB unsup,ez_flip,A,ez_flip_071,0.11089920917276966,512
CLIMB unsup,ez_flip,A,ez_flip_072,0.12926625460493704,512
CLIMB unsup,ez_flip,A,ez_flip_073,0.08517606143847423,512
CLIMB unsup,ez_flip,A,ez_flip_074,0.11117459949630024,512
CLIMB unsup,ez_flip,A,ez_flip_075,0.16846262844378054,512
CLIMB unsup,ez_flip,A,ez_flip_076,0.137757859578048,512
CLIMB unsup,ez_flip,A,ez_flip_077,0.14375413527560932,512
CLIMB unsup,ez_flip,A,ez_flip_078,0.12963805752224877,512
CLIMB unsup,ez_flip,A,ez_flip_079,0.15322524626735953,512
CLIMB unsup,ez_flip,A,ez_flip_080,0.10134016223873991,512
CLIMB unsup,ez_flip,A,ez_flip_081,0.13410145223153894,512
CLIMB unsup,ez_flip,A,ez_flip_082,0.13195163140150373,512
CLIMB unsup,ez_flip,A,ez_flip_083,0.29679902282477577,512
CLIMB unsup,ez_flip,A,ez_flip_084,0.16600912209601384,512
CLIMB unsup,ez_flip,A,ez_flip_085,0.1446255273476179,512
CLIMB unsup,ez_flip,A,ez_flip_086,0.12682957594420033,512
CLIMB unsup,ez_flip,A,ez_flip_087,0.08407002067899486,512
CLIMB unsup,ez_flip,A,ez_flip_088,0.13487769010740028,512
CLIMB unsup,ez_flip,A,ez_flip_089,0.2955135878018712,512
CLIMB unsup,ez_flip,A,ez_flip_090,0.37099457466883967,512
CLIMB unsup,ez_flip,A,ez_flip_091,0.14981650303442992,512
CLIMB unsup,ez_flip,A,ez_flip_092,0.1266263603933712,512
CLIMB unsup,ez_flip,A,ez_flip_093,0.17464989882513546,512
CLIMB unsup,ez_flip,A,ez_flip_094,0.39220434751875544,512
CLIMB unsup,ez_flip,A,ez_flip_095,0.0961123348448612,512
CLIMB unsup,ez_flip,A,ez_flip_096,0.19718583480375662,512
CLIMB unsup,ez_flip,A,ez_flip_097,0.32425587709141007,512
CLIMB unsup,ez_flip,A,ez_flip_098,0.1340918267151854,512
CLIMB unsup,ez_flip,A,ez_flip_099,0.1567598785605008,512
CLIMB unsup,c_to_n,A,c_to_n_000,0.5246995856763804,512
CLIMB unsup,c_to_n,A,c_to_n_001,0.08590658266024842,512
CLIMB unsup,c_to_n,A,c_to_n_002,0.04327503945261969,512
CLIMB unsup,c_to_n,A,c_to_n_003,0.06174763685013896,512
CLIMB unsup,c_to_n,A,c_to_n_004,0.03502563326883364,512
CLIMB unsup,c_to_n,A,c_to_n_005,0.05334834165452307,512
CLIMB unsup,c_to_n,A,c_to_n_006,0.0515241774753737,512
CLIMB unsup,c_to_n,A,c_to_n_007,0.5962408556407867,512
CLIMB unsup,c_to_n,A,c_to_n_008,0.4336508148900154,512
CLIMB unsup,c_to_n,A,c_to_n_009,0.1957418962020243,512
CLIMB unsup,c_to_n,A,c_to_n_010,0.06012140090871417,512
CLIMB unsup,c_to_n,A,c_to_n_011,0.03431909117153776,512
CLIMB unsup,c_to_n,A,c_to_n_012,0.062144682759574,512
CLIMB unsup,c_to_n,A,c_to_n_013,0.07217956926159727,512
CLIMB unsup,c_to_n,A,c_to_n_014,0.04800258604565248,512
CLIMB unsup,c_to_n,A,c_to_n_015,0.04271087685577216,512
CLIMB unsup,c_to_n,A,c_to_n_016,0.40349582841487436,512
CLIMB unsup,c_to_n,A,c_to_n_017,0.06600597126112745,512
CLIMB unsup,c_to_n,A,c_to_n_018,0.04704683864094814,512
CLIMB unsup,c_to_n,A,c_to_n_019,0.08370816364066903,512
CLIMB unsup,c_to_n,A,c_to_n_020,0.04015970332578272,512
CLIMB unsup,c_to_n,A,c_to_n_021,0.05383472471182052,512
CLIMB unsup,c_to_n,A,c_to_n_022,0.21030873468051312,512
CLIMB unsup,c_to_n,A,c_to_n_023,0.07190353840436771,512
CLIMB unsup,c_to_n,A,c_to_n_024,0.25887857105380535,512
CLIMB unsup,c_to_n,A,c_to_n_025,0.03589091549095031,512
CLIMB unsup,c_to_n,A,c_to_n_026,0.026035610326133746,512
CLIMB unsup,c_to_n,A,c_to_n_027,0.04295719101575383,512
CLIMB unsup,c_to_n,A,c_to_n_028,0.1569777661575402,512
CLIMB unsup,c_to_n,A,c_to_n_029,0.20057744845475614,512
CLIMB unsup,c_to_n,A,c_to_n_030,0.053861282914893914,512
CLIMB unsup,c_to_n,A,c_to_n_031,0.052586868789000096,512
CLIMB unsup,c_to_n,A,c_to_n_032,0.1057559300934928,512
CLIMB unsup,c_to_n,A,c_to_n_033,0.08254991358609001,512
CLIMB unsup,c_to_n,A,c_to_n_034,0.0881848215538303,512
CLIMB unsup,c_to_n,A,c_to_n_035,0.04985879768172332,512
CLIMB unsup,c_to_n,A,c_to_n_036,0.038788895062690655,512
CLIMB unsup,c_to_n,A,c_to_n_037,0.08810686932249176,512
CLIMB unsup,c_to_n,A,c_to_n_038,0.17372090535302262,512
CLIMB unsup,c_to_n,A,c_to_n_039,0.03367168194997074,512
CLIMB unsup,c_to_n,A,c_to_n_040,0.1371630182079572,512
CLIMB unsup,c_to_n,A,c_to_n_041,0.05427661639302318,512
CLIMB unsup,c_to_n,A,c_to_n_042,0.061690598577367424,512
CLIMB unsup,c_to_n,A,c_to_n_043,0.30802301618401856,512
CLIMB unsup,c_to_n,A,c_to_n_044,0.0403387335757054,512
CLIMB unsup,c_to_n,A,c_to_n_045,0.04921389203396091,512
CLIMB unsup,c_to_n,A,c_to_n_046,0.03993254454370824,512
CLIMB unsup,c_to_n,A,c_to_n_047,0.043546561855081954,512
CLIMB unsup,c_to_n,A,c_to_n_048,0.2825836848520792,512
CLIMB unsup,c_to_n,A,c_to_n_049,0.07260707828188294,512
CLIMB unsup,c_to_n,A,c_to_n_050,0.034381871260807016,512
CLIMB unsup,c_to_n,A,c_to_n_051,0.7650349881804509,512
CLIMB unsup,c_to_n,A,c_to_n_052,0.07175854666531838,512
CLIMB unsup,c_to_n,A,c_to_n_053,0.26038352128560344,512
CLIMB unsup,c_to_n,A,c_to_n_054,0.3392373183588336,512
CLIMB unsup,c_to_n,A,c_to_n_055,0.05627805901147716,512
CLIMB unsup,c_to_n,A,c_to_n_056,0.04407411948345277,512
CLIMB unsup,c_to_n,A,c_to_n_057,0.10679660605441639,512
CLIMB unsup,c_to_n,A,c_to_n_058,0.3056775087981229,512
CLIMB unsup,c_to_n,A,c_to_n_059,0.0806502959001699,512
CLIMB unsup,c_to_n,A,c_to_n_060,1.0034105950792889,512
CLIMB unsup,c_to_n,A,c_to_n_061,0.42148634350685205,512
CLIMB unsup,c_to_n,A,c_to_n_062,0.14263600906010265,512
CLIMB unsup,c_to_n,A,c_to_n_063,0.07812407983107039,512
CLIMB unsup,c_to_n,A,c_to_n_064,0.12928960637841097,512
CLIMB unsup,c_to_n,A,c_to_n_065,0.07236089548561306,512
CLIMB unsup,c_to_n,A,c_to_n_066,0.07142917751399842,512
CLIMB unsup,c_to_n,A,c_to_n_067,0.035539395340259856,512
CLIMB unsup,c_to_n,A,c_to_n_068,0.06487936916762625,512
CLIMB unsup,c_to_n,A,c_to_n_069,0.04482535421040984,512
CLIMB unsup,c_to_n,A,c_to_n_070,0.06117268578445191,512
CLIMB unsup,c_to_n,A,c_to_n_071,0.054231189394982296,512
CLIMB unsup,c_to_n,A,c_to_n_072,0.0331868295063266,512
CLIMB unsup,c_to_n,A,c_to_n_073,0.29428663072230854,512
CLIMB unsup,c_to_n,A,c_to_n_074,0.038914173283505604,512
CLIMB unsup,c_to_n,A,c_to_n_075,0.053834785226700516,512
CLIMB unsup,c_to_n,A,c_to_n_076,0.0782114014649928,512
CLIMB unsup,c_to_n,A,c_to_n_077,0.04650107016948257,512
CLIMB unsup,c_to_n,A,c_to_n_078,0.37187563294503156,512
CLIMB unsup,c_to_n,A,c_to_n_079,0.040583437186111335,512
CLIMB unsup,c_to_n,A,c_to_n_080,0.042985752068190705,512
CLIMB unsup,c_to_n,A,c_to_n_081,0.05009516633168154,512
CLIMB unsup,c_to_n,A,c_to_n_082,0.04590169105129345,512
CLIMB unsup,c_to_n,A,c_to_n_083,0.040266481518184634,512
CLIMB unsup,c_to_n,A,c_to_n_084,0.04110924594944016,512
CLIMB unsup,c_to_n,A,c_to_n_085,0.047276100193076646,512
CLIMB unsup,c_to_n,A,c_to_n_086,0.04108612134141264,512
CLIMB unsup,c_to_n,A,c_to_n_087,0.5181358114801835,512
CLIMB unsup,c_to_n,A,c_to_n_088,0.044494563074758436,512
CLIMB unsup,c_to_n,A,c_to_n_089,0.06173511014616037,512
CLIMB unsup,c_to_n,A,c_to_n_090,0.02863372559054249,512
CLIMB unsup,c_to_n,A,c_to_n_091,0.4922050921523644,512
CLIMB unsup,c_to_n,A,c_to_n_092,0.07119379413102218,512
CLIMB unsup,c_to_n,A,c_to_n_093,0.08062642382901934,512
CLIMB unsup,c_to_n,A,c_to_n_094,0.04677507955576934,512
CLIMB unsup,c_to_n,A,c_to_n_095,0.03720728968907864,512
CLIMB unsup,c_to_n,A,c_to_n_096,0.031275837810924946,512
CLIMB unsup,c_to_n,A,c_to_n_097,0.8026520272946416,512
CLIMB unsup,c_to_n,A,c_to_n_098,0.742757988174961,512
CLIMB unsup,c_to_n,A,c_to_n_099,0.14783285509940267,512
CLIMB unsup,add_methyl,A,add_methyl_000,0.5399276656451176,512
CLIMB unsup,add_methyl,A,add_methyl_001,0.5860960076531547,512
CLIMB unsup,add_methyl,A,add_methyl_002,0.8468817547605876,512
CLIMB unsup,add_methyl,A,add_methyl_003,0.27612341608864666,512
CLIMB unsup,add_methyl,A,add_methyl_004,0.22731730969077232,512
CLIMB unsup,add_methyl,A,add_methyl_005,1.0295058553627612,512
CLIMB unsup,add_methyl,A,add_methyl_006,0.474804245554818,512
CLIMB unsup,add_methyl,A,add_methyl_007,0.4138526278212568,512
CLIMB unsup,add_methyl,A,add_methyl_008,0.6179707581997047,512
CLIMB unsup,add_methyl,A,add_methyl_009,0.5176155185119765,512
CLIMB unsup,add_methyl,A,add_methyl_010,0.34781930248722553,512
CLIMB unsup,add_methyl,A,add_methyl_011,0.5698296544773123,512
CLIMB unsup,add_methyl,A,add_methyl_012,0.7768505321755546,512
CLIMB unsup,add_methyl,A,add_methyl_013,0.29916606103412735,512
CLIMB unsup,add_methyl,A,add_methyl_014,0.31657034420369995,512
CLIMB unsup,add_methyl,A,add_methyl_015,0.6056975092933642,512
CLIMB unsup,add_methyl,A,add_methyl_016,0.49335391152242525,512
CLIMB unsup,add_methyl,A,add_methyl_017,0.819430045393324,512
CLIMB unsup,add_methyl,A,add_methyl_018,0.6115943905221444,512
CLIMB unsup,add_methyl,A,add_methyl_019,0.6121540457905578,512
CLIMB unsup,add_methyl,A,add_methyl_020,0.5000636673391331,512
CLIMB unsup,add_methyl,A,add_methyl_021,0.6393555806253745,512
CLIMB unsup,add_methyl,A,add_methyl_022,0.8257665428224676,512
CLIMB unsup,add_methyl,A,add_methyl_023,0.32099411483250595,512
CLIMB unsup,add_methyl,A,add_methyl_024,0.6296764357312814,512
CLIMB unsup,add_methyl,A,add_methyl_025,0.5126557490842477,512
CLIMB unsup,add_methyl,A,add_methyl_026,0.6516908144626966,512
CLIMB unsup,add_methyl,A,add_methyl_027,0.3612126040969928,512
CLIMB unsup,add_methyl,A,add_methyl_028,0.22704211532255883,512
CLIMB unsup,add_methyl,A,add_methyl_029,0.3838558380475782,512
CLIMB unsup,add_methyl,A,add_methyl_030,0.6282935599846237,512
CLIMB unsup,add_methyl,A,add_methyl_031,0.45463300128997763,512
CLIMB unsup,add_methyl,A,add_methyl_032,1.2238662705982053,512
CLIMB unsup,add_methyl,A,add_methyl_033,0.3869436072441893,512
CLIMB unsup,add_methyl,A,add_methyl_034,0.6930880348604782,512
CLIMB unsup,add_methyl,A,add_methyl_035,0.25377566025225534,512
CLIMB unsup,add_methyl,A,add_methyl_036,0.26969221357175255,512
CLIMB unsup,add_methyl,A,add_methyl_037,0.3678706903987534,512
CLIMB unsup,add_methyl,A,add_methyl_038,0.21594218808450316,512
CLIMB unsup,add_methyl,A,add_methyl_039,0.3652513993753575,512
CLIMB unsup,add_methyl,A,add_methyl_040,0.6846645290452742,512
CLIMB unsup,add_methyl,A,add_methyl_041,0.2720035300742775,512
CLIMB unsup,add_methyl,A,add_methyl_042,0.9585141692509292,512
CLIMB unsup,add_methyl,A,add_methyl_043,0.37149307292405664,512
CLIMB unsup,add_methyl,A,add_methyl_044,0.3283901435007196,512
CLIMB unsup,add_methyl,A,add_methyl_045,0.27541961053702074,512
CLIMB unsup,add_methyl,A,add_methyl_046,0.9139029543990662,512
CLIMB unsup,add_methyl,A,add_methyl_047,0.7950576047704534,512
CLIMB unsup,add_methyl,A,add_methyl_048,0.3027886787303726,512
CLIMB unsup,add_methyl,A,add_methyl_049,0.6047229979804999,512
CLIMB unsup,add_methyl,A,add_methyl_050,0.5587073701003729,512
CLIMB unsup,add_methyl,A,add_methyl_051,0.8680132971042294,512
CLIMB unsup,add_methyl,A,add_methyl_052,0.40670879378648545,512
CLIMB unsup,add_methyl,A,add_methyl_053,0.33247297567831896,512
CLIMB unsup,add_methyl,A,add_methyl_054,0.2884266240292499,512
CLIMB unsup,add_methyl,A,add_methyl_055,0.23446672678870492,512
CLIMB unsup,add_methyl,A,add_methyl_056,0.5008408226915543,512
CLIMB unsup,add_methyl,A,add_methyl_057,1.6102637279746042,512
CLIMB unsup,add_methyl,A,add_methyl_058,0.3248156575267351,512
CLIMB unsup,add_methyl,A,add_methyl_059,0.5593788024342372,512
CLIMB unsup,add_methyl,A,add_methyl_060,0.3579919120491122,512
CLIMB unsup,add_methyl,A,add_methyl_061,0.7433171284666398,512
CLIMB unsup,add_methyl,A,add_methyl_062,0.8414089828179242,512
CLIMB unsup,add_methyl,A,add_methyl_063,0.35495546540082246,512
CLIMB unsup,add_methyl,A,add_methyl_064,0.6283484410091716,512
CLIMB unsup,add_methyl,A,add_methyl_065,0.7057238550681457,512
CLIMB unsup,add_methyl,A,add_methyl_066,0.9722612498209272,512
CLIMB unsup,add_methyl,A,add_methyl_067,0.19556452105297317,512
CLIMB unsup,add_methyl,A,add_methyl_068,0.5959403497846923,512
CLIMB unsup,add_methyl,A,add_methyl_069,0.2385943050461475,512
CLIMB unsup,add_methyl,A,add_methyl_070,0.35331544095298895,512
CLIMB unsup,add_methyl,A,add_methyl_071,0.7547411990122673,512
CLIMB unsup,add_methyl,A,add_methyl_072,0.37293841837344294,512
CLIMB unsup,add_methyl,A,add_methyl_073,0.27503434692613815,512
CLIMB unsup,add_methyl,A,add_methyl_074,0.7095592308248814,512
CLIMB unsup,add_methyl,A,add_methyl_075,0.27133234323531086,512
CLIMB unsup,add_methyl,A,add_methyl_076,0.6309683221198198,512
CLIMB unsup,add_methyl,A,add_methyl_077,0.6900339829782932,512
CLIMB unsup,add_methyl,A,add_methyl_078,0.3399640241329913,512
CLIMB unsup,add_methyl,A,add_methyl_079,0.7764605902190795,512
CLIMB unsup,add_methyl,A,add_methyl_080,0.8630029849650245,512
CLIMB unsup,add_methyl,A,add_methyl_081,0.1983907455260046,512
CLIMB unsup,add_methyl,A,add_methyl_082,0.5662097224857259,512
CLIMB unsup,add_methyl,A,add_methyl_083,0.6300677374290321,512
CLIMB unsup,add_methyl,A,add_methyl_084,0.6349623623716659,512
CLIMB unsup,add_methyl,A,add_methyl_085,0.6980026302455473,512
CLIMB unsup,add_methyl,A,add_methyl_086,0.4513395076729671,512
CLIMB unsup,add_methyl,A,add_methyl_087,0.686673126865759,512
CLIMB unsup,add_methyl,A,add_methyl_088,0.22932427979436917,512
CLIMB unsup,add_methyl,A,add_methyl_089,0.4879668683389006,512
CLIMB unsup,add_methyl,A,add_methyl_090,0.13707324873237928,512
CLIMB unsup,add_methyl,A,add_methyl_091,0.6662599310664954,512
CLIMB unsup,add_methyl,A,add_methyl_092,0.3463306503150847,512
CLIMB unsup,add_methyl,A,add_methyl_093,0.8571083093491002,512
CLIMB unsup,add_methyl,A,add_methyl_094,0.1561378293356294,512
CLIMB unsup,add_methyl,A,add_methyl_095,0.6695674650777813,512
CLIMB unsup,add_methyl,A,add_methyl_096,0.15931767570361935,512
CLIMB unsup,add_methyl,A,add_methyl_097,0.44509806551624076,512
CLIMB unsup,add_methyl,A,add_methyl_098,0.7371687467741878,512
CLIMB unsup,add_methyl,A,add_methyl_099,0.8333135398671531,512
CLIMB unsup,add_fluorine,A,add_fluorine_000,0.6108293777628908,512
CLIMB unsup,add_fluorine,A,add_fluorine_001,0.5052513460740471,512
CLIMB unsup,add_fluorine,A,add_fluorine_002,0.26365165078046876,512
CLIMB unsup,add_fluorine,A,add_fluorine_003,0.42777601059571363,512
CLIMB unsup,add_fluorine,A,add_fluorine_004,0.2557998573010578,512
CLIMB unsup,add_fluorine,A,add_fluorine_005,0.6001980548845008,512
CLIMB unsup,add_fluorine,A,add_fluorine_006,0.4941343281920748,512
CLIMB unsup,add_fluorine,A,add_fluorine_007,0.3605860660568315,512
CLIMB unsup,add_fluorine,A,add_fluorine_008,0.42313372341994715,512
CLIMB unsup,add_fluorine,A,add_fluorine_009,0.26073899971107334,512
CLIMB unsup,add_fluorine,A,add_fluorine_010,0.5204318700368277,512
CLIMB unsup,add_fluorine,A,add_fluorine_011,0.2758556151573066,512
CLIMB unsup,add_fluorine,A,add_fluorine_012,0.40289531146583624,512
CLIMB unsup,add_fluorine,A,add_fluorine_013,0.3015743009165862,512
CLIMB unsup,add_fluorine,A,add_fluorine_014,0.39087404632781786,512
CLIMB unsup,add_fluorine,A,add_fluorine_015,0.3197882535223001,512
CLIMB unsup,add_fluorine,A,add_fluorine_016,0.5906372883311569,512
CLIMB unsup,add_fluorine,A,add_fluorine_017,0.4043295797832257,512
CLIMB unsup,add_fluorine,A,add_fluorine_018,0.43787290432208353,512
CLIMB unsup,add_fluorine,A,add_fluorine_019,0.3248089146022841,512
CLIMB unsup,add_fluorine,A,add_fluorine_020,0.37451556211251313,512
CLIMB unsup,add_fluorine,A,add_fluorine_021,0.3817195556627883,512
CLIMB unsup,add_fluorine,A,add_fluorine_022,0.30927007242856375,512
CLIMB unsup,add_fluorine,A,add_fluorine_023,0.3364670731000865,512
CLIMB unsup,add_fluorine,A,add_fluorine_024,0.2511084596367056,512
CLIMB unsup,add_fluorine,A,add_fluorine_025,0.2681811402372589,512
CLIMB unsup,add_fluorine,A,add_fluorine_026,0.2964877374775337,512
CLIMB unsup,add_fluorine,A,add_fluorine_027,0.32355963570249935,512
CLIMB unsup,add_fluorine,A,add_fluorine_028,0.22484014181503725,512
CLIMB unsup,add_fluorine,A,add_fluorine_029,0.22440220701346011,512
CLIMB unsup,add_fluorine,A,add_fluorine_030,0.7455697394950874,512
CLIMB unsup,add_fluorine,A,add_fluorine_031,0.5094590399255856,512
CLIMB unsup,add_fluorine,A,add_fluorine_032,0.45300155107770645,512
CLIMB unsup,add_fluorine,A,add_fluorine_033,0.4482873831675118,512
CLIMB unsup,add_fluorine,A,add_fluorine_034,0.6708728714506376,512
CLIMB unsup,add_fluorine,A,add_fluorine_035,0.3033657702014088,512
CLIMB unsup,add_fluorine,A,add_fluorine_036,0.39917431903554396,512
CLIMB unsup,add_fluorine,A,add_fluorine_037,0.38837727602210137,512
CLIMB unsup,add_fluorine,A,add_fluorine_038,0.2673954549371685,512
CLIMB unsup,add_fluorine,A,add_fluorine_039,0.4891828625663202,512
CLIMB unsup,add_fluorine,A,add_fluorine_040,0.6625046541818642,512
CLIMB unsup,add_fluorine,A,add_fluorine_041,0.34619354880854486,512
CLIMB unsup,add_fluorine,A,add_fluorine_042,0.4519248487947668,512
CLIMB unsup,add_fluorine,A,add_fluorine_043,0.3931533927446609,512
CLIMB unsup,add_fluorine,A,add_fluorine_044,0.36280819891487875,512
CLIMB unsup,add_fluorine,A,add_fluorine_045,0.3012432717621537,512
CLIMB unsup,add_fluorine,A,add_fluorine_046,0.5154182177972036,512
CLIMB unsup,add_fluorine,A,add_fluorine_047,0.5071373879228752,512
CLIMB unsup,add_fluorine,A,add_fluorine_048,0.5323529714315622,512
CLIMB unsup,add_fluorine,A,add_fluorine_049,0.2984396211614332,512
CLIMB unsup,add_fluorine,A,add_fluorine_050,0.3207889278315622,512
CLIMB unsup,add_fluorine,A,add_fluorine_051,1.0048080407610105,512
CLIMB unsup,add_fluorine,A,add_fluorine_052,0.5726710069755244,512
CLIMB unsup,add_fluorine,A,add_fluorine_053,0.37230232156764353,512
CLIMB unsup,add_fluorine,A,add_fluorine_054,0.3286237305991968,512
CLIMB unsup,add_fluorine,A,add_fluorine_055,0.28401463111290537,512
CLIMB unsup,add_fluorine,A,add_fluorine_056,0.5381469278766429,512
CLIMB unsup,add_fluorine,A,add_fluorine_057,1.705255043316305,512
CLIMB unsup,add_fluorine,A,add_fluorine_058,0.35614886746019275,512
CLIMB unsup,add_fluorine,A,add_fluorine_059,0.5498096684023173,512
CLIMB unsup,add_fluorine,A,add_fluorine_060,0.2584366715579548,512
CLIMB unsup,add_fluorine,A,add_fluorine_061,0.6481742752562349,512
CLIMB unsup,add_fluorine,A,add_fluorine_062,0.6671477400531091,512
CLIMB unsup,add_fluorine,A,add_fluorine_063,0.4209768539044293,512
CLIMB unsup,add_fluorine,A,add_fluorine_064,0.6344993279624295,512
CLIMB unsup,add_fluorine,A,add_fluorine_065,0.43399007206737583,512
CLIMB unsup,add_fluorine,A,add_fluorine_066,0.4054398247290696,512
CLIMB unsup,add_fluorine,A,add_fluorine_067,0.3039747440764654,512
CLIMB unsup,add_fluorine,A,add_fluorine_068,0.3763666261078331,512
CLIMB unsup,add_fluorine,A,add_fluorine_069,0.4123942420628387,512
CLIMB unsup,add_fluorine,A,add_fluorine_070,0.5003891024066879,512
CLIMB unsup,add_fluorine,A,add_fluorine_071,0.43799404623274424,512
CLIMB unsup,add_fluorine,A,add_fluorine_072,0.2519327840884552,512
CLIMB unsup,add_fluorine,A,add_fluorine_073,0.4069765404150155,512
CLIMB unsup,add_fluorine,A,add_fluorine_074,0.2760072531614782,512
CLIMB unsup,add_fluorine,A,add_fluorine_075,0.3637079565157972,512
CLIMB unsup,add_fluorine,A,add_fluorine_076,0.42213229333975644,512
CLIMB unsup,add_fluorine,A,add_fluorine_077,0.6951887316331592,512
CLIMB unsup,add_fluorine,A,add_fluorine_078,0.37680408941007393,512
CLIMB unsup,add_fluorine,A,add_fluorine_079,0.2860384967833485,512
CLIMB unsup,add_fluorine,A,add_fluorine_080,0.4317114187070192,512
CLIMB unsup,add_fluorine,A,add_fluorine_081,0.32874805914671246,512
CLIMB unsup,add_fluorine,A,add_fluorine_082,0.23164626136004587,512
CLIMB unsup,add_fluorine,A,add_fluorine_083,0.472733764559817,512
CLIMB unsup,add_fluorine,A,add_fluorine_084,0.6877566985736708,512
CLIMB unsup,add_fluorine,A,add_fluorine_085,0.5378303784135774,512
CLIMB unsup,add_fluorine,A,add_fluorine_086,0.43547315453536267,512
CLIMB unsup,add_fluorine,A,add_fluorine_087,1.1206450858498334,512
CLIMB unsup,add_fluorine,A,add_fluorine_088,0.3836503554206362,512
CLIMB unsup,add_fluorine,A,add_fluorine_089,0.5127377822834134,512
CLIMB unsup,add_fluorine,A,add_fluorine_090,0.26148462532366823,512
CLIMB unsup,add_fluorine,A,add_fluorine_091,0.8553803781818698,512
CLIMB unsup,add_fluorine,A,add_fluorine_092,0.37675405062454875,512
CLIMB unsup,add_fluorine,A,add_fluorine_093,0.7776172385367376,512
CLIMB unsup,add_fluorine,A,add_fluorine_094,0.2909143339515198,512
CLIMB unsup,add_fluorine,A,add_fluorine_095,0.4472695130537585,512
CLIMB unsup,add_fluorine,A,add_fluorine_096,0.22601845041251056,512
CLIMB unsup,add_fluorine,A,add_fluorine_097,0.2516365284190118,512
CLIMB unsup,add_fluorine,A,add_fluorine_098,0.7079297536799182,512
CLIMB unsup,add_fluorine,A,add_fluorine_099,0.7559848610042803,512
CLIMB unsup,isotope_13c,A,isotope_13c_000,0.9765936181254355,512
CLIMB unsup,isotope_13c,A,isotope_13c_001,0.8520424579425661,512
CLIMB unsup,isotope_13c,A,isotope_13c_002,1.5268920622514792,512
CLIMB unsup,isotope_13c,A,isotope_13c_003,0.4886629404827264,512
CLIMB unsup,isotope_13c,A,isotope_13c_004,0.39985319246418277,512
CLIMB unsup,isotope_13c,A,isotope_13c_005,0.8276610228677743,512
CLIMB unsup,isotope_13c,A,isotope_13c_006,0.7211157073783838,512
CLIMB unsup,isotope_13c,A,isotope_13c_007,0.5603243646988548,512
CLIMB unsup,isotope_13c,A,isotope_13c_008,0.5246042345276549,512
CLIMB unsup,isotope_13c,A,isotope_13c_009,0.3392963379269594,512
CLIMB unsup,isotope_13c,A,isotope_13c_010,0.33095683386217645,512
CLIMB unsup,isotope_13c,A,isotope_13c_011,0.7637369295905632,512
CLIMB unsup,isotope_13c,A,isotope_13c_012,0.2192740508263542,512
CLIMB unsup,isotope_13c,A,isotope_13c_013,0.49836734873560357,512
CLIMB unsup,isotope_13c,A,isotope_13c_014,0.42702598224132304,512
CLIMB unsup,isotope_13c,A,isotope_13c_015,0.4228576460975663,512
CLIMB unsup,isotope_13c,A,isotope_13c_016,0.563075250929163,512
CLIMB unsup,isotope_13c,A,isotope_13c_017,0.7635813742564055,512
CLIMB unsup,isotope_13c,A,isotope_13c_018,0.5429488950989715,512
CLIMB unsup,isotope_13c,A,isotope_13c_019,0.6072418796795838,512
CLIMB unsup,isotope_13c,A,isotope_13c_020,0.6205156832454488,512
CLIMB unsup,isotope_13c,A,isotope_13c_021,0.7334363948125708,512
CLIMB unsup,isotope_13c,A,isotope_13c_022,0.7187812020273614,512
CLIMB unsup,isotope_13c,A,isotope_13c_023,0.5943689353806241,512
CLIMB unsup,isotope_13c,A,isotope_13c_024,0.5258453600111785,512
CLIMB unsup,isotope_13c,A,isotope_13c_025,0.49618160087374197,512
CLIMB unsup,isotope_13c,A,isotope_13c_026,0.5937842775133313,512
CLIMB unsup,isotope_13c,A,isotope_13c_027,0.2913758757512743,512
CLIMB unsup,isotope_13c,A,isotope_13c_028,0.4840668262612018,512
CLIMB unsup,isotope_13c,A,isotope_13c_029,0.4660894683946804,512
CLIMB unsup,isotope_13c,A,isotope_13c_030,0.8420723239587286,512
CLIMB unsup,isotope_13c,A,isotope_13c_031,0.7465734843688978,512
CLIMB unsup,isotope_13c,A,isotope_13c_032,0.594240283715782,512
CLIMB unsup,isotope_13c,A,isotope_13c_033,0.4898632265797758,512
CLIMB unsup,isotope_13c,A,isotope_13c_034,0.5672808298323414,512
CLIMB unsup,isotope_13c,A,isotope_13c_035,0.2885338522634174,512
CLIMB unsup,isotope_13c,A,isotope_13c_036,1.0196157114438802,512
CLIMB unsup,isotope_13c,A,isotope_13c_037,0.716506973422381,512
CLIMB unsup,isotope_13c,A,isotope_13c_038,0.6802186502873947,512
CLIMB unsup,isotope_13c,A,isotope_13c_039,0.5154641041273971,512
CLIMB unsup,isotope_13c,A,isotope_13c_040,0.5773422432663338,512
CLIMB unsup,isotope_13c,A,isotope_13c_041,0.35667827142093045,512
CLIMB unsup,isotope_13c,A,isotope_13c_042,0.5183044950285178,512
CLIMB unsup,isotope_13c,A,isotope_13c_043,0.4062100750450746,512
CLIMB unsup,isotope_13c,A,isotope_13c_044,0.27082030317916644,512
CLIMB unsup,isotope_13c,A,isotope_13c_045,0.6490128763382423,512
CLIMB unsup,isotope_13c,A,isotope_13c_046,1.3975498808159015,512
CLIMB unsup,isotope_13c,A,isotope_13c_047,0.4949886151332163,512
CLIMB unsup,isotope_13c,A,isotope_13c_048,0.613151672203684,512
CLIMB unsup,isotope_13c,A,isotope_13c_049,0.30525654063239716,512
CLIMB unsup,isotope_13c,A,isotope_13c_050,0.3885471879759583,512
CLIMB unsup,isotope_13c,A,isotope_13c_051,0.8632322138074984,512
CLIMB unsup,isotope_13c,A,isotope_13c_052,1.0257508334689276,512
CLIMB unsup,isotope_13c,A,isotope_13c_053,0.6700029086838144,512
CLIMB unsup,isotope_13c,A,isotope_13c_054,0.6201237255297745,512
CLIMB unsup,isotope_13c,A,isotope_13c_055,0.6457558105389766,512
CLIMB unsup,isotope_13c,A,isotope_13c_056,0.2819479583901913,512
CLIMB unsup,isotope_13c,A,isotope_13c_057,1.4218089502527376,512
CLIMB unsup,isotope_13c,A,isotope_13c_058,0.7739276265290483,512
CLIMB unsup,isotope_13c,A,isotope_13c_059,0.3240599443588255,512
CLIMB unsup,isotope_13c,A,isotope_13c_060,0.4555723862748881,512
CLIMB unsup,isotope_13c,A,isotope_13c_061,0.7257530124878736,512
CLIMB unsup,isotope_13c,A,isotope_13c_062,0.8837432612433928,512
CLIMB unsup,isotope_13c,A,isotope_13c_063,0.8442863716209631,512
CLIMB unsup,isotope_13c,A,isotope_13c_064,0.6335556837838155,512
CLIMB unsup,isotope_13c,A,isotope_13c_065,0.8478463432806056,512
CLIMB unsup,isotope_13c,A,isotope_13c_066,0.8671331418236279,512
CLIMB unsup,isotope_13c,A,isotope_13c_067,1.0789249436455683,512
CLIMB unsup,isotope_13c,A,isotope_13c_068,1.7099248753101788,512
CLIMB unsup,isotope_13c,A,isotope_13c_069,0.9772014846581775,512
CLIMB unsup,isotope_13c,A,isotope_13c_070,0.40193137543773716,512
CLIMB unsup,isotope_13c,A,isotope_13c_071,1.0277133149299524,512
CLIMB unsup,isotope_13c,A,isotope_13c_072,0.4547997851879043,512
CLIMB unsup,isotope_13c,A,isotope_13c_073,0.6004661533882203,512
CLIMB unsup,isotope_13c,A,isotope_13c_074,0.6566684468977662,512
CLIMB unsup,isotope_13c,A,isotope_13c_075,0.659635792049451,512
CLIMB unsup,isotope_13c,A,isotope_13c_076,0.828837165248666,512
CLIMB unsup,isotope_13c,A,isotope_13c_077,0.5087777792290051,512
CLIMB unsup,isotope_13c,A,isotope_13c_078,1.029678494358927,512
CLIMB unsup,isotope_13c,A,isotope_13c_079,0.6567824655561004,512
CLIMB unsup,isotope_13c,A,isotope_13c_080,0.554810821965201,512
CLIMB unsup,isotope_13c,A,isotope_13c_081,0.4271782622447419,512
CLIMB unsup,isotope_13c,A,isotope_13c_082,0.45786757874293643,512
CLIMB unsup,isotope_13c,A,isotope_13c_083,0.7132942892837265,512
CLIMB unsup,isotope_13c,A,isotope_13c_084,0.5724580032782459,512
CLIMB unsup,isotope_13c,A,isotope_13c_085,0.3818545155079733,512
CLIMB unsup,isotope_13c,A,isotope_13c_086,1.3386941157141283,512
CLIMB unsup,isotope_13c,A,isotope_13c_087,1.2132605045998444,512
CLIMB unsup,isotope_13c,A,isotope_13c_088,0.46494993997113926,512
CLIMB unsup,isotope_13c,A,isotope_13c_089,0.5846912818022667,512
CLIMB unsup,isotope_13c,A,isotope_13c_090,0.7837730684680285,512
CLIMB unsup,isotope_13c,A,isotope_13c_091,0.6953904872584517,512
CLIMB unsup,isotope_13c,A,isotope_13c_092,0.5253125726205268,512
CLIMB unsup,isotope_13c,A,isotope_13c_093,0.28158560067276484,512
CLIMB unsup,isotope_13c,A,isotope_13c_094,0.4313918389692028,512
CLIMB unsup,isotope_13c,A,isotope_13c_095,0.4673241686999721,512
CLIMB unsup,isotope_13c,A,isotope_13c_096,0.9125082990713751,512
CLIMB unsup,isotope_13c,A,isotope_13c_097,1.2356003339976647,512
CLIMB unsup,isotope_13c,A,isotope_13c_098,0.5443163404424336,512
CLIMB unsup,isotope_13c,A,isotope_13c_099,0.81167532652345,512
CLIMB unsup,ring_size,A,ring_size_000,0.18347365144631345,512
CLIMB unsup,ring_size,A,ring_size_001,0.09890317232647684,512
CLIMB unsup,ring_size,A,ring_size_002,0.10891874906178901,512
CLIMB unsup,ring_size,A,ring_size_003,0.12467803741893799,512
CLIMB unsup,ring_size,A,ring_size_004,0.09325066481857121,512
CLIMB unsup,ring_size,A,ring_size_005,0.09364316709930746,512
CLIMB unsup,ring_size,A,ring_size_006,0.11369527669235102,512
CLIMB unsup,ring_size,A,ring_size_007,0.21944626493351008,512
CLIMB unsup,ring_size,A,ring_size_008,0.23042942691291818,512
CLIMB unsup,ring_size,A,ring_size_009,0.10230714519771152,512
CLIMB unsup,ring_size,A,ring_size_010,0.22276746067667266,512
CLIMB unsup,ring_size,A,ring_size_011,0.2272104681974181,512
CLIMB unsup,ring_size,A,ring_size_012,0.11403921620790583,512
CLIMB unsup,ring_size,A,ring_size_013,0.09052796478568931,512
CLIMB unsup,ring_size,A,ring_size_014,0.17239059118196612,512
CLIMB unsup,ring_size,A,ring_size_015,0.15090960564738873,512
CLIMB unsup,ring_size,A,ring_size_016,0.14461088494635166,512
CLIMB unsup,ring_size,A,ring_size_017,0.16232346005090498,512
CLIMB unsup,ring_size,A,ring_size_018,0.19404749698674606,512
CLIMB unsup,ring_size,A,ring_size_019,0.19011368502165044,512
CLIMB unsup,ring_size,A,ring_size_020,0.15826336203635366,512
CLIMB unsup,ring_size,A,ring_size_021,0.1320193544230152,512
CLIMB unsup,ring_size,A,ring_size_022,0.22489943584211455,512
CLIMB unsup,ring_size,A,ring_size_023,0.21215233546250922,512
CLIMB unsup,ring_size,A,ring_size_024,0.1308017611614737,512
CLIMB unsup,ring_size,A,ring_size_025,0.11490522926786066,512
CLIMB unsup,ring_size,A,ring_size_026,0.14539239417675545,512
CLIMB unsup,ring_size,A,ring_size_027,0.09996944392097089,512
CLIMB unsup,ring_size,A,ring_size_028,0.25760963780490165,512
CLIMB unsup,ring_size,A,ring_size_029,0.2134486900209862,512
CLIMB unsup,ring_size,A,ring_size_030,0.2349089560110417,512
CLIMB unsup,ring_size,A,ring_size_031,0.25796388228224165,512
CLIMB unsup,ring_size,A,ring_size_032,0.09732333960656632,512
CLIMB unsup,ring_size,A,ring_size_033,0.08475864910594705,512
CLIMB unsup,ring_size,A,ring_size_034,0.10787141558121156,512
CLIMB unsup,ring_size,A,ring_size_035,0.11216289907564633,512
CLIMB unsup,ring_size,A,ring_size_036,0.18862149458190197,512
CLIMB unsup,ring_size,A,ring_size_037,0.09840196620465459,512
CLIMB unsup,ring_size,A,ring_size_038,0.10446635998642309,512
CLIMB unsup,ring_size,A,ring_size_039,0.091725393583446,512
CLIMB unsup,ring_size,A,ring_size_040,0.18336851270371415,512
CLIMB unsup,ring_size,A,ring_size_041,0.10179097452584246,512
CLIMB unsup,ring_size,A,ring_size_042,0.19436936094773316,512
CLIMB unsup,ring_size,A,ring_size_043,0.1602383060393045,512
CLIMB unsup,ring_size,A,ring_size_044,0.15881692311156423,512
CLIMB unsup,ring_size,A,ring_size_045,0.15247858515482754,512
CLIMB unsup,ring_size,A,ring_size_046,0.14575560994396733,512
CLIMB unsup,ring_size,A,ring_size_047,0.10681728117326908,512
CLIMB unsup,ring_size,A,ring_size_048,0.08669139796598313,512
CLIMB unsup,ring_size,A,ring_size_049,0.11118254821620971,512
CLIMB unsup,ring_size,A,ring_size_050,0.18588900434723316,512
CLIMB unsup,ring_size,A,ring_size_051,0.07120263613386853,512
CLIMB unsup,ring_size,A,ring_size_052,0.1773249991879862,512
CLIMB unsup,ring_size,A,ring_size_053,0.1411286692493593,512
CLIMB unsup,ring_size,A,ring_size_054,0.14532828274456744,512
CLIMB unsup,ring_size,A,ring_size_055,0.11692143031640126,512
CLIMB unsup,ring_size,A,ring_size_056,0.10764423873941262,512
CLIMB unsup,ring_size,A,ring_size_057,0.2029898190806164,512
CLIMB unsup,ring_size,A,ring_size_058,0.11081384097111638,512
CLIMB unsup,ring_size,A,ring_size_059,0.08423476370127396,512
CLIMB unsup,ring_size,A,ring_size_060,0.31520452192966697,512
CLIMB unsup,ring_size,A,ring_size_061,0.18414457075886714,512
CLIMB unsup,ring_size,A,ring_size_062,0.20771785752224883,512
CLIMB unsup,ring_size,A,ring_size_063,0.14594787481353025,512
CLIMB unsup,ring_size,A,ring_size_064,0.09089835616318942,512
CLIMB unsup,ring_size,A,ring_size_065,0.2053685016106274,512
CLIMB unsup,ring_size,A,ring_size_066,0.10993464727025637,512
CLIMB unsup,ring_size,A,ring_size_067,0.09211011481744819,512
CLIMB unsup,ring_size,A,ring_size_068,0.143183664657517,512
CLIMB unsup,ring_size,A,ring_size_069,0.7364648792180093,512
CLIMB unsup,ring_size,A,ring_size_070,0.41607117470785043,512
CLIMB unsup,ring_size,A,ring_size_071,0.24814670604353925,512
CLIMB unsup,ring_size,A,ring_size_072,0.17241441160438487,512
CLIMB unsup,ring_size,A,ring_size_073,0.09679626778780448,512
CLIMB unsup,ring_size,A,ring_size_074,0.06073599125416575,512
CLIMB unsup,ring_size,A,ring_size_075,0.1179995901991406,512
CLIMB unsup,ring_size,A,ring_size_076,0.12435600530920043,512
CLIMB unsup,ring_size,A,ring_size_077,0.15541214742522358,512
CLIMB unsup,ring_size,A,ring_size_078,0.11245821948530103,512
CLIMB unsup,ring_size,A,ring_size_079,0.1415898406733374,512
CLIMB unsup,ring_size,A,ring_size_080,0.12509312449382565,512
CLIMB unsup,ring_size,A,ring_size_081,0.16119006277448394,512
CLIMB unsup,ring_size,A,ring_size_082,0.2145869885221296,512
CLIMB unsup,ring_size,A,ring_size_083,0.29897198156804466,512
CLIMB unsup,ring_size,A,ring_size_084,0.10463957936931959,512
CLIMB unsup,ring_size,A,ring_size_085,0.11354084219175278,512
CLIMB unsup,ring_size,A,ring_size_086,0.18605384902733937,512
CLIMB unsup,ring_size,A,ring_size_087,0.13472437362493603,512
CLIMB unsup,ring_size,A,ring_size_088,0.11255610105851281,512
CLIMB unsup,ring_size,A,ring_size_089,0.10922215937563325,512
CLIMB unsup,ring_size,A,ring_size_090,0.1728939720285694,512
CLIMB unsup,ring_size,A,ring_size_091,0.10884661284003191,512
CLIMB unsup,ring_size,A,ring_size_092,0.10164425072869702,512
CLIMB unsup,ring_size,A,ring_size_093,0.14651388116365277,512
CLIMB unsup,ring_size,A,ring_size_094,0.11867814595888546,512
CLIMB unsup,ring_size,A,ring_size_095,0.12473690261578242,512
CLIMB unsup,ring_size,A,ring_size_096,0.1724536408697415,512
CLIMB unsup,ring_size,A,ring_size_097,0.2282400760783053,512
CLIMB unsup,ring_size,A,ring_size_098,0.25902288358142067,512
CLIMB unsup,ring_size,A,ring_size_099,0.12949908246088201,512
CLIMB unsup,regioisomer,A,regioisomer_000,1.0409018301511779,512
CLIMB unsup,regioisomer,A,regioisomer_001,1.13355549347225,512
CLIMB unsup,regioisomer,A,regioisomer_002,1.0432288917132178,512
CLIMB unsup,regioisomer,A,regioisomer_003,0.7699567910983638,512
CLIMB unsup,regioisomer,A,regioisomer_004,1.0248356492095818,512
CLIMB unsup,regioisomer,A,regioisomer_005,1.1715038083328662,512
CLIMB unsup,regioisomer,A,regioisomer_006,1.005365113782746,512
CLIMB unsup,regioisomer,A,regioisomer_007,0.6032160103190846,512
CLIMB unsup,regioisomer,A,regioisomer_008,0.5981217757089173,512
CLIMB unsup,regioisomer,A,regioisomer_009,0.7456884889702264,512
CLIMB unsup,regioisomer,A,regioisomer_010,0.9334385428870949,512
CLIMB unsup,regioisomer,A,regioisomer_011,0.9160832248157096,512
CLIMB unsup,regioisomer,A,regioisomer_012,0.8130699171773227,512
CLIMB unsup,regioisomer,A,regioisomer_013,1.039363119154628,512
CLIMB unsup,regioisomer,A,regioisomer_014,1.0796029304932135,512
CLIMB unsup,regioisomer,A,regioisomer_015,0.7434177837474352,512
CLIMB unsup,regioisomer,A,regioisomer_016,1.0457194449204992,512
CLIMB unsup,regioisomer,A,regioisomer_017,1.0857503207933599,512
CLIMB unsup,regioisomer,A,regioisomer_018,1.017354958680802,512
CLIMB unsup,regioisomer,A,regioisomer_019,0.712230038545352,512
CLIMB unsup,regioisomer,A,regioisomer_020,0.8955087508217768,512
CLIMB unsup,regioisomer,A,regioisomer_021,1.1853783023356457,512
CLIMB unsup,regioisomer,A,regioisomer_022,1.140837185001269,512
CLIMB unsup,regioisomer,A,regioisomer_023,0.746739919306317,512
CLIMB unsup,regioisomer,A,regioisomer_024,0.8095673570009799,512
CLIMB unsup,regioisomer,A,regioisomer_025,1.1668380045898803,512
CLIMB unsup,regioisomer,A,regioisomer_026,0.7101254842102122,512
CLIMB unsup,regioisomer,A,regioisomer_027,0.7198771567984433,512
CLIMB unsup,regioisomer,A,regioisomer_028,0.7336328405833233,512
CLIMB unsup,regioisomer,A,regioisomer_029,1.0632309009399072,512
CLIMB unsup,regioisomer,A,regioisomer_030,1.0122190437167877,512
CLIMB unsup,regioisomer,A,regioisomer_031,1.1606009398410775,512
CLIMB unsup,regioisomer,A,regioisomer_032,1.2425214475403552,512
CLIMB unsup,regioisomer,A,regioisomer_033,0.8562773875271987,512
CLIMB unsup,regioisomer,A,regioisomer_034,1.047333061556148,512
CLIMB unsup,regioisomer,A,regioisomer_035,0.7540378929035189,512
CLIMB unsup,regioisomer,A,regioisomer_036,1.1462916926128308,512
CLIMB unsup,regioisomer,A,regioisomer_037,0.9883995224687716,512
CLIMB unsup,regioisomer,A,regioisomer_038,0.7618520274907221,512
CLIMB unsup,regioisomer,A,regioisomer_039,0.7307432933277705,512
CLIMB unsup,regioisomer,A,regioisomer_040,0.9613543357079207,512
CLIMB unsup,regioisomer,A,regioisomer_041,1.0139681941442513,512
CLIMB unsup,regioisomer,A,regioisomer_042,1.133566648253914,512
CLIMB unsup,regioisomer,A,regioisomer_043,1.0548376163211455,512
CLIMB unsup,regioisomer,A,regioisomer_044,1.1344638905919637,512
CLIMB unsup,regioisomer,A,regioisomer_045,0.7959426910447575,512
CLIMB unsup,regioisomer,A,regioisomer_046,0.7409543813257092,512
CLIMB unsup,regioisomer,A,regioisomer_047,1.2358461051793554,512
CLIMB unsup,regioisomer,A,regioisomer_048,1.2594102930769777,512
CLIMB unsup,regioisomer,A,regioisomer_049,0.8069528478967187,512
CLIMB unsup,regioisomer,A,regioisomer_050,0.741820865119152,512
CLIMB unsup,regioisomer,A,regioisomer_051,1.017354958680802,512
CLIMB unsup,regioisomer,A,regioisomer_052,0.7502046264000276,512
CLIMB unsup,regioisomer,A,regioisomer_053,0.898689870671114,512
CLIMB unsup,regioisomer,A,regioisomer_054,0.872156034770033,512
CLIMB unsup,regioisomer,A,regioisomer_055,1.0966418334591943,512
CLIMB unsup,regioisomer,A,regioisomer_056,0.9011949490097736,512
CLIMB unsup,regioisomer,A,regioisomer_057,1.070822165044664,512
CLIMB unsup,regioisomer,A,regioisomer_058,1.0887916429414346,512
CLIMB unsup,regioisomer,A,regioisomer_059,0.8771558713830894,512
CLIMB unsup,regioisomer,A,regioisomer_060,1.0435045772444702,512
CLIMB unsup,regioisomer,A,regioisomer_061,0.7411977082594279,512
CLIMB unsup,regioisomer,A,regioisomer_062,0.9977147017482758,512
CLIMB unsup,regioisomer,A,regioisomer_063,1.1298820995381855,512
CLIMB unsup,regioisomer,A,regioisomer_064,1.0812306615067846,512
CLIMB unsup,regioisomer,A,regioisomer_065,1.1744533064209908,512
CLIMB unsup,regioisomer,A,regioisomer_066,0.7499042952759956,512
CLIMB unsup,regioisomer,A,regioisomer_067,0.8590976319073507,512
CLIMB unsup,regioisomer,A,regioisomer_068,1.3037698540778286,512
CLIMB unsup,regioisomer,A,regioisomer_069,1.0972176662795368,512
CLIMB unsup,regioisomer,A,regioisomer_070,1.1820262924872529,512
CLIMB unsup,regioisomer,A,regioisomer_071,0.9164666131537395,512
CLIMB unsup,regioisomer,A,regioisomer_072,1.122439792290676,512
CLIMB unsup,regioisomer,A,regioisomer_073,0.8809451296116534,512
CLIMB unsup,regioisomer,A,regioisomer_074,0.9590845133898614,512
CLIMB unsup,regioisomer,A,regioisomer_075,1.0815168848786612,512
CLIMB unsup,regioisomer,A,regioisomer_076,0.922448203196662,512
CLIMB unsup,regioisomer,A,regioisomer_077,1.1353182408964189,512
CLIMB unsup,regioisomer,A,regioisomer_078,1.0156973597047185,512
CLIMB unsup,regioisomer,A,regioisomer_079,0.982336754756317,512
CLIMB unsup,regioisomer,A,regioisomer_080,1.1608004163789711,512
CLIMB unsup,regioisomer,A,regioisomer_081,0.7862801745782161,512
CLIMB unsup,regioisomer,A,regioisomer_082,1.0713494784837425,512
CLIMB unsup,regioisomer,A,regioisomer_083,1.0613474500640252,512
CLIMB unsup,regioisomer,A,regioisomer_084,0.8121640129640428,512
CLIMB unsup,regioisomer,A,regioisomer_085,1.0436263051568173,512
CLIMB unsup,regioisomer,A,regioisomer_086,1.1197100953258339,512
CLIMB unsup,regioisomer,A,regioisomer_087,1.145283934861996,512
CLIMB unsup,regioisomer,A,regioisomer_088,1.0982033496489472,512
CLIMB unsup,regioisomer,A,regioisomer_089,1.0627576012225062,512
CLIMB unsup,regioisomer,A,regioisomer_090,1.1411255275001497,512
CLIMB unsup,regioisomer,A,regioisomer_091,0.8834812711503132,512
CLIMB unsup,regioisomer,A,regioisomer_092,0.852259220732068,512
CLIMB unsup,regioisomer,A,regioisomer_093,0.904791008534508,512
CLIMB unsup,regioisomer,A,regioisomer_094,1.3561606392980536,512
CLIMB unsup,regioisomer,A,regioisomer_095,0.7785113089071118,512
CLIMB unsup,regioisomer,A,regioisomer_096,1.2358461051793554,512
CLIMB unsup,regioisomer,A,regioisomer_097,0.9006859629474103,512
CLIMB unsup,regioisomer,A,regioisomer_098,0.7528678111666414,512
CLIMB unsup,regioisomer,A,regioisomer_099,1.020011955326547,512
CLIMB unsup,matched_mw,A,matched_mw_000,1.6496653320251846,512
CLIMB unsup,matched_mw,A,matched_mw_001,2.377465120172519,512
CLIMB unsup,matched_mw,A,matched_mw_002,3.8410196869286297,512
CLIMB unsup,matched_mw,A,matched_mw_003,2.545812134233833,512
CLIMB unsup,matched_mw,A,matched_mw_004,2.9140318099787184,512
CLIMB unsup,matched_mw,A,matched_mw_005,3.9493158988787087,512
CLIMB unsup,matched_mw,A,matched_mw_006,2.3537055469228227,512
CLIMB unsup,matched_mw,A,matched_mw_007,3.6827866327094494,512
CLIMB unsup,matched_mw,A,matched_mw_008,2.414023565475116,512
CLIMB unsup,matched_mw,A,matched_mw_009,3.8139185132677134,512
CLIMB unsup,matched_mw,A,matched_mw_010,3.360582193321734,512
CLIMB unsup,matched_mw,A,matched_mw_011,3.604153772460471,512
CLIMB unsup,matched_mw,A,matched_mw_012,2.4428921539962163,512
CLIMB unsup,matched_mw,A,matched_mw_013,2.6002272769177974,512
CLIMB unsup,matched_mw,A,matched_mw_014,1.8305085437277868,512
CLIMB unsup,matched_mw,A,matched_mw_015,3.4874523843472294,512
CLIMB unsup,matched_mw,A,matched_mw_016,1.571250766589829,512
CLIMB unsup,matched_mw,A,matched_mw_017,3.502638301865628,512
CLIMB unsup,matched_mw,A,matched_mw_018,2.7052420424244543,512
CLIMB unsup,matched_mw,A,matched_mw_019,2.13674646628715,512
CLIMB unsup,matched_mw,A,matched_mw_020,3.549508041064547,512
CLIMB unsup,matched_mw,A,matched_mw_021,1.5039676720661743,512
CLIMB unsup,matched_mw,A,matched_mw_022,1.1415068386096558,512
CLIMB unsup,matched_mw,A,matched_mw_023,1.6921103656038154,512
CLIMB unsup,matched_mw,A,matched_mw_024,2.0799219067303465,512
CLIMB unsup,matched_mw,A,matched_mw_025,1.9515106221874676,512
CLIMB unsup,matched_mw,A,matched_mw_026,3.2803443077811587,512
CLIMB unsup,matched_mw,A,matched_mw_027,1.846671039496702,512
CLIMB unsup,matched_mw,A,matched_mw_028,2.2034004228797444,512
CLIMB unsup,matched_mw,A,matched_mw_029,2.994717225017748,512
CLIMB unsup,matched_mw,A,matched_mw_030,3.3017040896199945,512
CLIMB unsup,matched_mw,A,matched_mw_031,2.098929458400292,512
CLIMB unsup,matched_mw,A,matched_mw_032,2.491617141367053,512
CLIMB unsup,matched_mw,A,matched_mw_033,2.3713302785822608,512
CLIMB unsup,matched_mw,A,matched_mw_034,2.0474587142662166,512
CLIMB unsup,matched_mw,A,matched_mw_035,1.48283307816496,512
CLIMB unsup,matched_mw,A,matched_mw_036,1.74594856877326,512
CLIMB unsup,matched_mw,A,matched_mw_037,2.489794652281474,512
CLIMB unsup,matched_mw,A,matched_mw_038,1.6336294774747018,512
CLIMB unsup,matched_mw,A,matched_mw_039,2.330011388457675,512
CLIMB unsup,matched_mw,A,matched_mw_040,3.5831706942805357,512
CLIMB unsup,matched_mw,A,matched_mw_041,3.106563755754956,512
CLIMB unsup,matched_mw,A,matched_mw_042,1.7575341810947964,512
CLIMB unsup,matched_mw,A,matched_mw_043,2.0056943548787447,512
CLIMB unsup,matched_mw,A,matched_mw_044,1.5264416899443822,512
CLIMB unsup,matched_mw,A,matched_mw_045,2.4509654957844598,512
CLIMB unsup,matched_mw,A,matched_mw_046,1.5904815305989826,512
CLIMB unsup,matched_mw,A,matched_mw_047,2.089485460592438,512
CLIMB unsup,matched_mw,A,matched_mw_048,1.8297669410303972,512
CLIMB unsup,matched_mw,A,matched_mw_049,1.5901605944297785,512
CLIMB unsup,matched_mw,A,matched_mw_050,2.187033532428541,512
CLIMB unsup,matched_mw,A,matched_mw_051,2.035733081424753,512
CLIMB unsup,matched_mw,A,matched_mw_052,2.7302054846728216,512
CLIMB unsup,matched_mw,A,matched_mw_053,2.9061782589650003,512
CLIMB unsup,matched_mw,A,matched_mw_054,1.459754297644157,512
CLIMB unsup,matched_mw,A,matched_mw_055,1.3266206477467732,512
CLIMB unsup,matched_mw,A,matched_mw_056,1.8151249316633646,512
CLIMB unsup,matched_mw,A,matched_mw_057,1.961101164247818,512
CLIMB unsup,matched_mw,A,matched_mw_058,1.3364081312339282,512
CLIMB unsup,matched_mw,A,matched_mw_059,1.2479863397551223,512
CLIMB unsup,matched_mw,A,matched_mw_060,1.6833886753622305,512
CLIMB unsup,matched_mw,A,matched_mw_061,2.1764362016654104,512
CLIMB unsup,matched_mw,A,matched_mw_062,1.2445920358827187,512
CLIMB unsup,matched_mw,A,matched_mw_063,2.725512229148246,512
CLIMB unsup,matched_mw,A,matched_mw_064,1.2031176898552884,512
CLIMB unsup,matched_mw,A,matched_mw_065,0.9126712118917353,512
CLIMB unsup,matched_mw,A,matched_mw_066,1.1178378800486146,512
CLIMB unsup,matched_mw,A,matched_mw_067,1.589195227622234,512
CLIMB unsup,matched_mw,A,matched_mw_068,2.7220371850005076,512
CLIMB unsup,matched_mw,A,matched_mw_069,1.3702666759528734,512
CLIMB unsup,matched_mw,A,matched_mw_070,2.8488955162453777,512
CLIMB unsup,matched_mw,A,matched_mw_071,1.290839824801559,512
CLIMB unsup,matched_mw,A,matched_mw_072,1.7712725045848026,512
CLIMB unsup,matched_mw,A,matched_mw_073,2.8784092611631396,512
CLIMB unsup,matched_mw,A,matched_mw_074,1.780125776360495,512
CLIMB unsup,matched_mw,A,matched_mw_075,1.3243924457881084,512
CLIMB unsup,matched_mw,A,matched_mw_076,2.3291589876350147,512
CLIMB unsup,matched_mw,A,matched_mw_077,0.947801989015107,512
CLIMB unsup,matched_mw,A,matched_mw_078,0.8570577561699665,512
CLIMB unsup,matched_mw,A,matched_mw_079,1.5605159029394036,512
CLIMB unsup,matched_mw,A,matched_mw_080,1.3358318420630515,512
CLIMB unsup,matched_mw,A,matched_mw_081,1.8134295096219417,512
CLIMB unsup,matched_mw,A,matched_mw_082,1.6207253241426627,512
CLIMB unsup,matched_mw,A,matched_mw_083,1.5594393494065057,512
CLIMB unsup,matched_mw,A,matched_mw_084,2.3414640116936276,512
CLIMB unsup,matched_mw,A,matched_mw_085,1.1840246248213888,512
CLIMB unsup,matched_mw,A,matched_mw_086,2.899691503723258,512
CLIMB unsup,matched_mw,A,matched_mw_087,3.3120823296428665,512
CLIMB unsup,matched_mw,A,matched_mw_088,0.8963604757350931,512
CLIMB unsup,matched_mw,A,matched_mw_089,1.074897631386605,512
CLIMB unsup,matched_mw,A,matched_mw_090,3.0534335857392203,512
CLIMB unsup,matched_mw,A,matched_mw_091,3.663374418704683,512
CLIMB unsup,matched_mw,A,matched_mw_092,2.1582928857582315,512
CLIMB unsup,matched_mw,A,matched_mw_093,2.4238247599068905,512
CLIMB unsup,matched_mw,A,matched_mw_094,2.112920145307536,512
CLIMB unsup,matched_mw,A,matched_mw_095,2.993206867983794,512
CLIMB unsup,matched_mw,A,matched_mw_096,1.245667483468412,512
CLIMB unsup,matched_mw,A,matched_mw_097,0.8864109326815841,512
CLIMB unsup,matched_mw,A,matched_mw_098,1.5508638188093675,512
CLIMB unsup,matched_mw,A,matched_mw_099,1.5523551613525808,512
CLIMB unsup,matched_descriptors,A,matched_descriptors_000,1.0977875409585258,512
CLIMB unsup,matched_descriptors,A,matched_descriptors_001,0.6975624692599132,512
CLIMB unsup,matched_descriptors,A,matched_descriptors_002,1.2758064182472812,512
CLIMB unsup,matched_descriptors,A,matched_descriptors_003,1.2569921471842929,512
CLIMB unsup,matched_descriptors,A,matched_descriptors_004,0.6515274856990161,512
CLIMB unsup,matched_descriptors,A,matched_descriptors_005,0.9434186676971194,512
CLIMB unsup,matched_descriptors,A,matched_descriptors_006,1.1263823990556026,512
CLIMB unsup,matched_descriptors,A,matched_descriptors_007,1.5276512158833335,512
CLIMB unsup,matched_descriptors,A,matched_descriptors_008,0.90451325212765,512
CLIMB unsup,matched_descriptors,A,matched_descriptors_009,0.5665063745406588,512
CLIMB unsup,matched_descriptors,A,matched_descriptors_010,1.17511267595262,512
CLIMB unsup,matched_descriptors,A,matched_descriptors_011,1.3018848633473277,512
CLIMB unsup,matched_descriptors,A,matched_descriptors_012,1.1882313572083822,512
CLIMB unsup,matched_descriptors,A,matched_descriptors_013,0.7641608613765161,512
CLIMB unsup,matched_descriptors,A,matched_descriptors_014,0.9691461326172147,512
CLIMB unsup,matched_descriptors,A,matched_descriptors_015,0.7181304694193598,512
CLIMB unsup,matched_descriptors,A,matched_descriptors_016,0.8409445046068028,512
CLIMB unsup,matched_descriptors,A,matched_descriptors_017,1.0025680441384537,512
CLIMB unsup,matched_descriptors,A,matched_descriptors_018,1.349175656700202,512
CLIMB unsup,matched_descriptors,A,matched_descriptors_019,1.4834948931408198,512
CLIMB unsup,matched_descriptors,A,matched_descriptors_020,0.6813904668157122,512
CLIMB unsup,matched_descriptors,A,matched_descriptors_021,0.9227038191359999,512
CLIMB unsup,matched_descriptors,A,matched_descriptors_022,0.7242756157865938,512
CLIMB unsup,matched_descriptors,A,matched_descriptors_023,1.1025102758277776,512
CLIMB unsup,matched_descriptors,A,matched_descriptors_024,0.9803587825901496,512
CLIMB unsup,matched_descriptors,A,matched_descriptors_025,0.948034618567519,512
CLIMB unsup,matched_descriptors,A,matched_descriptors_026,1.1199963238209825,512
CLIMB unsup,matched_descriptors,A,matched_descriptors_027,1.0397136395927633,512
CLIMB unsup,matched_descriptors,A,matched_descriptors_028,0.9263758369704395,512
CLIMB unsup,matched_descriptors,A,matched_descriptors_029,0.8104264433653503,512
CLIMB unsup,matched_descriptors,A,matched_descriptors_030,1.2452723866728157,512
CLIMB unsup,matched_descriptors,A,matched_descriptors_031,0.8784779143800296,512
CLIMB unsup,matched_descriptors,A,matched_descriptors_032,0.9224211198004575,512
CLIMB unsup,matched_descriptors,A,matched_descriptors_033,1.060478424260472,512
CLIMB unsup,matched_descriptors,A,matched_descriptors_034,0.731129243002176,512
CLIMB unsup,matched_descriptors,A,matched_descriptors_035,0.8862529958869827,512
CLIMB unsup,matched_descriptors,A,matched_descriptors_036,1.049880560346296,512
CLIMB unsup,matched_descriptors,A,matched_descriptors_037,0.8489368266581527,512
CLIMB unsup,matched_descriptors,A,matched_descriptors_038,0.5658886391309872,512
CLIMB unsup,matched_descriptors,A,matched_descriptors_039,0.73390100317702,512
CLIMB unsup,matched_descriptors,A,matched_descriptors_040,0.7198711847759092,512
CLIMB unsup,matched_descriptors,A,matched_descriptors_041,3.587073645495999,512
CLIMB unsup,matched_descriptors,A,matched_descriptors_042,0.6979858530990143,512
CLIMB unsup,matched_descriptors,A,matched_descriptors_043,3.2537756350115576,512
CLIMB unsup,matched_descriptors,A,matched_descriptors_044,0.9454850023835114,512
CLIMB unsup,matched_descriptors,A,matched_descriptors_045,0.9921246480649243,512
CLIMB unsup,matched_descriptors,A,matched_descriptors_046,0.6341193556504786,512
CLIMB unsup,matched_descriptors,A,matched_descriptors_047,1.0245469031735586,512
CLIMB unsup,matched_descriptors,A,matched_descriptors_048,0.7144459941772461,512
CLIMB unsup,matched_descriptors,A,matched_descriptors_049,1.1436651352308027,512
CLIMB unsup,matched_descriptors,A,matched_descriptors_050,0.7499033986194956,512
CLIMB unsup,matched_descriptors,A,matched_descriptors_051,1.024216506004768,512
CLIMB unsup,matched_descriptors,A,matched_descriptors_052,0.951602460244303,512
CLIMB unsup,matched_descriptors,A,matched_descriptors_053,1.2158005493940607,512
CLIMB unsup,matched_descriptors,A,matched_descriptors_054,1.0761877571232437,512
CLIMB unsup,matched_descriptors,A,matched_descriptors_055,1.014050690575978,512
CLIMB unsup,matched_descriptors,A,matched_descriptors_056,0.9483860100727389,512
CLIMB unsup,matched_descriptors,A,matched_descriptors_057,1.7501372562635378,512
CLIMB unsup,matched_descriptors,A,matched_descriptors_058,0.767722372476383,512
CLIMB unsup,matched_descriptors,A,matched_descriptors_059,1.2020980919628297,512
CLIMB unsup,matched_descriptors,A,matched_descriptors_060,1.3475251939743467,512
CLIMB unsup,matched_descriptors,A,matched_descriptors_061,1.2460131333637474,512
CLIMB unsup,matched_descriptors,A,matched_descriptors_062,1.2545811696792843,512
CLIMB unsup,matched_descriptors,A,matched_descriptors_063,0.7183720560203105,512
CLIMB unsup,matched_descriptors,A,matched_descriptors_064,1.0401431730290653,512
CLIMB unsup,matched_descriptors,A,matched_descriptors_065,1.266572892845507,512
CLIMB unsup,matched_descriptors,A,matched_descriptors_066,0.7460101716381385,512
CLIMB unsup,matched_descriptors,A,matched_descriptors_067,0.882540459251993,512
CLIMB unsup,matched_descriptors,A,matched_descriptors_068,1.02915027283558,512
CLIMB unsup,matched_descriptors,A,matched_descriptors_069,1.018753985013917,512
CLIMB unsup,matched_descriptors,A,matched_descriptors_070,1.0273318192395868,512
CLIMB unsup,matched_descriptors,A,matched_descriptors_071,1.211724759381026,512
CLIMB unsup,matched_descriptors,A,matched_descriptors_072,1.3084526942071075,512
CLIMB unsup,matched_descriptors,A,matched_descriptors_073,1.1127221217506538,512
CLIMB unsup,matched_descriptors,A,matched_descriptors_074,1.0799453047665666,512
CLIMB unsup,matched_descriptors,A,matched_descriptors_075,1.1711070480264851,512
CLIMB unsup,matched_descriptors,A,matched_descriptors_076,1.2611750274003433,512
CLIMB unsup,matched_descriptors,A,matched_descriptors_077,1.7450293140091233,512
CLIMB unsup,matched_descriptors,A,matched_descriptors_078,1.0390910363062664,512
CLIMB unsup,matched_descriptors,A,matched_descriptors_079,0.7644880851371502,512
CLIMB unsup,matched_descriptors,A,matched_descriptors_080,0.9578358371523625,512
CLIMB unsup,matched_descriptors,A,matched_descriptors_081,0.9801904145256811,512
CLIMB unsup,matched_descriptors,A,matched_descriptors_082,0.8650755441000034,512
CLIMB unsup,matched_descriptors,A,matched_descriptors_083,1.1055529292497634,512
CLIMB unsup,matched_descriptors,A,matched_descriptors_084,1.3310882890424094,512
CLIMB unsup,matched_descriptors,A,matched_descriptors_085,0.8303403115781207,512
CLIMB unsup,matched_descriptors,A,matched_descriptors_086,1.0890524114256224,512
CLIMB unsup,matched_descriptors,A,matched_descriptors_087,0.9580901406641337,512
CLIMB unsup,matched_descriptors,A,matched_descriptors_088,1.4144804073780206,512
CLIMB unsup,matched_descriptors,A,matched_descriptors_089,1.2238032411138622,512
CLIMB unsup,matched_descriptors,A,matched_descriptors_090,1.021604671794237,512
CLIMB unsup,matched_descriptors,A,matched_descriptors_091,1.1485409357993044,512
CLIMB unsup,matched_descriptors,A,matched_descriptors_092,0.9831269807534821,512
CLIMB unsup,matched_descriptors,A,matched_descriptors_093,1.9194778503275272,512
CLIMB unsup,matched_descriptors,A,matched_descriptors_094,0.9655696863001333,512
CLIMB unsup,matched_descriptors,A,matched_descriptors_095,0.6256767101998602,512
CLIMB unsup,matched_descriptors,A,matched_descriptors_096,1.1660782538283005,512
CLIMB unsup,matched_descriptors,A,matched_descriptors_097,1.0483339127483915,512
CLIMB unsup,matched_descriptors,A,matched_descriptors_098,1.2027776995681718,512
CLIMB unsup,matched_descriptors,A,matched_descriptors_099,0.7722848905816899,512
CLIMB unsup,smiles_enumeration,B,smiles_enumeration_000,0.0,512
CLIMB unsup,smiles_enumeration,B,smiles_enumeration_001,0.0,512
CLIMB unsup,smiles_enumeration,B,smiles_enumeration_002,0.0,512
CLIMB unsup,smiles_enumeration,B,smiles_enumeration_003,0.0,512
CLIMB unsup,smiles_enumeration,B,smiles_enumeration_004,0.0,512
CLIMB unsup,smiles_enumeration,B,smiles_enumeration_005,0.0,512
CLIMB unsup,smiles_enumeration,B,smiles_enumeration_006,0.0,512
CLIMB unsup,smiles_enumeration,B,smiles_enumeration_007,0.0,512
CLIMB unsup,smiles_enumeration,B,smiles_enumeration_008,0.0,512
CLIMB unsup,smiles_enumeration,B,smiles_enumeration_009,0.0,512
CLIMB unsup,smiles_enumeration,B,smiles_enumeration_010,0.0,512
CLIMB unsup,smiles_enumeration,B,smiles_enumeration_011,0.0,512
CLIMB unsup,smiles_enumeration,B,smiles_enumeration_012,0.0,512
CLIMB unsup,smiles_enumeration,B,smiles_enumeration_013,0.0,512
CLIMB unsup,smiles_enumeration,B,smiles_enumeration_014,0.0,512
CLIMB unsup,smiles_enumeration,B,smiles_enumeration_015,0.0,512
CLIMB unsup,smiles_enumeration,B,smiles_enumeration_016,0.0,512
CLIMB unsup,smiles_enumeration,B,smiles_enumeration_017,0.0,512
CLIMB unsup,smiles_enumeration,B,smiles_enumeration_018,0.0,512
CLIMB unsup,smiles_enumeration,B,smiles_enumeration_019,0.0,512
CLIMB unsup,smiles_enumeration,B,smiles_enumeration_020,0.0,512
CLIMB unsup,smiles_enumeration,B,smiles_enumeration_021,0.0,512
CLIMB unsup,smiles_enumeration,B,smiles_enumeration_022,0.0,512
CLIMB unsup,smiles_enumeration,B,smiles_enumeration_023,0.0,512
CLIMB unsup,smiles_enumeration,B,smiles_enumeration_024,0.0,512
CLIMB unsup,smiles_enumeration,B,smiles_enumeration_025,0.0,512
CLIMB unsup,smiles_enumeration,B,smiles_enumeration_026,0.0,512
CLIMB unsup,smiles_enumeration,B,smiles_enumeration_027,0.0,512
CLIMB unsup,smiles_enumeration,B,smiles_enumeration_028,0.0,512
CLIMB unsup,smiles_enumeration,B,smiles_enumeration_029,0.0,512
CLIMB unsup,smiles_enumeration,B,smiles_enumeration_030,0.0,512
CLIMB unsup,smiles_enumeration,B,smiles_enumeration_031,0.0,512
CLIMB unsup,smiles_enumeration,B,smiles_enumeration_032,0.0,512
CLIMB unsup,smiles_enumeration,B,smiles_enumeration_033,0.0,512
CLIMB unsup,smiles_enumeration,B,smiles_enumeration_034,0.0,512
CLIMB unsup,smiles_enumeration,B,smiles_enumeration_035,0.0,512
CLIMB unsup,smiles_enumeration,B,smiles_enumeration_036,0.0,512
CLIMB unsup,smiles_enumeration,B,smiles_enumeration_037,0.0,512
CLIMB unsup,smiles_enumeration,B,smiles_enumeration_038,0.0,512
CLIMB unsup,smiles_enumeration,B,smiles_enumeration_039,0.0,512
CLIMB unsup,smiles_enumeration,B,smiles_enumeration_040,0.0,512
CLIMB unsup,smiles_enumeration,B,smiles_enumeration_041,0.0,512
CLIMB unsup,smiles_enumeration,B,smiles_enumeration_042,0.0,512
CLIMB unsup,smiles_enumeration,B,smiles_enumeration_043,0.0,512
CLIMB unsup,smiles_enumeration,B,smiles_enumeration_044,0.0,512
CLIMB unsup,smiles_enumeration,B,smiles_enumeration_045,0.0,512
CLIMB unsup,smiles_enumeration,B,smiles_enumeration_046,0.0,512
CLIMB unsup,smiles_enumeration,B,smiles_enumeration_047,0.0,512
CLIMB unsup,smiles_enumeration,B,smiles_enumeration_048,0.0,512
CLIMB unsup,smiles_enumeration,B,smiles_enumeration_049,0.0,512
CLIMB unsup,smiles_enumeration,B,smiles_enumeration_050,0.0,512
CLIMB unsup,smiles_enumeration,B,smiles_enumeration_051,0.0,512
CLIMB unsup,smiles_enumeration,B,smiles_enumeration_052,0.0,512
CLIMB unsup,smiles_enumeration,B,smiles_enumeration_053,0.0,512
CLIMB unsup,smiles_enumeration,B,smiles_enumeration_054,0.0,512
CLIMB unsup,smiles_enumeration,B,smiles_enumeration_055,0.0,512
CLIMB unsup,smiles_enumeration,B,smiles_enumeration_056,0.0,512
CLIMB unsup,smiles_enumeration,B,smiles_enumeration_057,0.0,512
CLIMB unsup,smiles_enumeration,B,smiles_enumeration_058,0.0,512
CLIMB unsup,smiles_enumeration,B,smiles_enumeration_059,0.0,512
CLIMB unsup,smiles_enumeration,B,smiles_enumeration_060,0.0,512
CLIMB unsup,smiles_enumeration,B,smiles_enumeration_061,0.0,512
CLIMB unsup,smiles_enumeration,B,smiles_enumeration_062,0.0,512
CLIMB unsup,smiles_enumeration,B,smiles_enumeration_063,0.0,512
CLIMB unsup,smiles_enumeration,B,smiles_enumeration_064,0.0,512
CLIMB unsup,smiles_enumeration,B,smiles_enumeration_065,0.0,512
CLIMB unsup,smiles_enumeration,B,smiles_enumeration_066,0.0,512
CLIMB unsup,smiles_enumeration,B,smiles_enumeration_067,0.0,512
CLIMB unsup,smiles_enumeration,B,smiles_enumeration_068,0.0,512
CLIMB unsup,smiles_enumeration,B,smiles_enumeration_069,0.0,512
CLIMB unsup,smiles_enumeration,B,smiles_enumeration_070,0.0,512
CLIMB unsup,smiles_enumeration,B,smiles_enumeration_071,0.0,512
CLIMB unsup,smiles_enumeration,B,smiles_enumeration_072,0.0,512
CLIMB unsup,smiles_enumeration,B,smiles_enumeration_073,0.0,512
CLIMB unsup,smiles_enumeration,B,smiles_enumeration_074,0.0,512
CLIMB unsup,smiles_enumeration,B,smiles_enumeration_075,0.0,512
CLIMB unsup,smiles_enumeration,B,smiles_enumeration_076,0.0,512
CLIMB unsup,smiles_enumeration,B,smiles_enumeration_077,0.0,512
CLIMB unsup,smiles_enumeration,B,smiles_enumeration_078,0.0,512
CLIMB unsup,smiles_enumeration,B,smiles_enumeration_079,0.0,512
CLIMB unsup,smiles_enumeration,B,smiles_enumeration_080,0.0,512
CLIMB unsup,smiles_enumeration,B,smiles_enumeration_081,0.0,512
CLIMB unsup,smiles_enumeration,B,smiles_enumeration_082,0.0,512
CLIMB unsup,smiles_enumeration,B,smiles_enumeration_083,0.0,512
CLIMB unsup,smiles_enumeration,B,smiles_enumeration_084,0.0,512
CLIMB unsup,smiles_enumeration,B,smiles_enumeration_085,0.0,512
CLIMB unsup,smiles_enumeration,B,smiles_enumeration_086,0.0,512
CLIMB unsup,smiles_enumeration,B,smiles_enumeration_087,0.0,512
CLIMB unsup,smiles_enumeration,B,smiles_enumeration_088,0.0,512
CLIMB unsup,smiles_enumeration,B,smiles_enumeration_089,0.0,512
CLIMB unsup,smiles_enumeration,B,smiles_enumeration_090,0.0,512
CLIMB unsup,smiles_enumeration,B,smiles_enumeration_091,0.0,512
CLIMB unsup,smiles_enumeration,B,smiles_enumeration_092,0.0,512
CLIMB unsup,smiles_enumeration,B,smiles_enumeration_093,0.0,512
CLIMB unsup,smiles_enumeration,B,smiles_enumeration_094,0.0,512
CLIMB unsup,smiles_enumeration,B,smiles_enumeration_095,0.0,512
CLIMB unsup,smiles_enumeration,B,smiles_enumeration_096,0.0,512
CLIMB unsup,smiles_enumeration,B,smiles_enumeration_097,0.0,512
CLIMB unsup,smiles_enumeration,B,smiles_enumeration_098,0.0,512
CLIMB unsup,smiles_enumeration,B,smiles_enumeration_099,0.0,512
CLIMB unsup,kekule,B,kekule_000,0.0,512
CLIMB unsup,kekule,B,kekule_001,0.0,512
CLIMB unsup,kekule,B,kekule_002,0.0,512
CLIMB unsup,kekule,B,kekule_003,0.0,512
CLIMB unsup,kekule,B,kekule_004,0.0,512
CLIMB unsup,kekule,B,kekule_005,0.0,512
CLIMB unsup,kekule,B,kekule_006,0.0,512
CLIMB unsup,kekule,B,kekule_007,0.0,512
CLIMB unsup,kekule,B,kekule_008,0.0,512
CLIMB unsup,kekule,B,kekule_009,0.0,512
CLIMB unsup,kekule,B,kekule_010,0.0,512
CLIMB unsup,kekule,B,kekule_011,0.0,512
CLIMB unsup,kekule,B,kekule_012,0.0,512
CLIMB unsup,kekule,B,kekule_013,0.0,512
CLIMB unsup,kekule,B,kekule_014,0.0,512
CLIMB unsup,kekule,B,kekule_015,0.0,512
CLIMB unsup,kekule,B,kekule_016,0.0,512
CLIMB unsup,kekule,B,kekule_017,0.0,512
CLIMB unsup,kekule,B,kekule_018,0.0,512
CLIMB unsup,kekule,B,kekule_019,0.0,512
CLIMB unsup,kekule,B,kekule_020,0.0,512
CLIMB unsup,kekule,B,kekule_021,0.0,512
CLIMB unsup,kekule,B,kekule_022,0.0,512
CLIMB unsup,kekule,B,kekule_023,0.0,512
CLIMB unsup,kekule,B,kekule_024,0.0,512
CLIMB unsup,kekule,B,kekule_025,0.0,512
CLIMB unsup,kekule,B,kekule_026,0.0,512
CLIMB unsup,kekule,B,kekule_027,0.0,512
CLIMB unsup,kekule,B,kekule_028,0.0,512
CLIMB unsup,kekule,B,kekule_029,0.0,512
CLIMB unsup,kekule,B,kekule_030,0.0,512
CLIMB unsup,kekule,B,kekule_031,0.0,512
CLIMB unsup,kekule,B,kekule_032,0.0,512
CLIMB unsup,kekule,B,kekule_033,0.0,512
CLIMB unsup,kekule,B,kekule_034,0.0,512
CLIMB unsup,kekule,B,kekule_035,0.0,512
CLIMB unsup,kekule,B,kekule_036,0.0,512
CLIMB unsup,kekule,B,kekule_037,0.0,512
CLIMB unsup,kekule,B,kekule_038,0.0,512
CLIMB unsup,kekule,B,kekule_039,0.0,512
CLIMB unsup,kekule,B,kekule_040,0.0,512
CLIMB unsup,kekule,B,kekule_041,0.0,512
CLIMB unsup,kekule,B,kekule_042,0.0,512
CLIMB unsup,kekule,B,kekule_043,0.0,512
CLIMB unsup,kekule,B,kekule_044,0.0,512
CLIMB unsup,kekule,B,kekule_045,0.0,512
CLIMB unsup,kekule,B,kekule_046,0.0,512
CLIMB unsup,kekule,B,kekule_047,0.0,512
CLIMB unsup,kekule,B,kekule_048,0.0,512
CLIMB unsup,kekule,B,kekule_049,0.0,512
CLIMB unsup,kekule,B,kekule_050,0.0,512
CLIMB unsup,kekule,B,kekule_051,0.0,512
CLIMB unsup,kekule,B,kekule_052,0.0,512
CLIMB unsup,kekule,B,kekule_053,0.0,512
CLIMB unsup,kekule,B,kekule_054,0.0,512
CLIMB unsup,kekule,B,kekule_055,0.0,512
CLIMB unsup,kekule,B,kekule_056,0.0,512
CLIMB unsup,kekule,B,kekule_057,0.0,512
CLIMB unsup,kekule,B,kekule_058,0.0,512
CLIMB unsup,kekule,B,kekule_059,0.0,512
CLIMB unsup,kekule,B,kekule_060,0.0,512
CLIMB unsup,kekule,B,kekule_061,0.0,512
CLIMB unsup,kekule,B,kekule_062,0.0,512
CLIMB unsup,kekule,B,kekule_063,0.0,512
CLIMB unsup,kekule,B,kekule_064,0.0,512
CLIMB unsup,kekule,B,kekule_065,0.0,512
CLIMB unsup,kekule,B,kekule_066,0.0,512
CLIMB unsup,kekule,B,kekule_067,0.0,512
CLIMB unsup,kekule,B,kekule_068,0.0,512
CLIMB unsup,kekule,B,kekule_069,0.0,512
CLIMB unsup,kekule,B,kekule_070,0.0,512
CLIMB unsup,kekule,B,kekule_071,0.0,512
CLIMB unsup,kekule,B,kekule_072,0.0,512
CLIMB unsup,kekule,B,kekule_073,0.0,512
CLIMB unsup,kekule,B,kekule_074,0.0,512
CLIMB unsup,kekule,B,kekule_075,0.0,512
CLIMB unsup,kekule,B,kekule_076,0.0,512
CLIMB unsup,kekule,B,kekule_077,0.0,512
CLIMB unsup,kekule,B,kekule_078,0.0,512
CLIMB unsup,kekule,B,kekule_079,0.0,512
CLIMB unsup,kekule,B,kekule_080,0.0,512
CLIMB unsup,kekule,B,kekule_081,0.0,512
CLIMB unsup,kekule,B,kekule_082,0.0,512
CLIMB unsup,kekule,B,kekule_083,0.0,512
CLIMB unsup,kekule,B,kekule_084,0.0,512
CLIMB unsup,kekule,B,kekule_085,0.0,512
CLIMB unsup,kekule,B,kekule_086,0.0,512
CLIMB unsup,kekule,B,kekule_087,0.0,512
CLIMB unsup,kekule,B,kekule_088,0.0,512
CLIMB unsup,kekule,B,kekule_089,0.0,512
CLIMB unsup,kekule,B,kekule_090,0.0,512
CLIMB unsup,kekule,B,kekule_091,0.0,512
CLIMB unsup,kekule,B,kekule_092,0.0,512
CLIMB unsup,kekule,B,kekule_093,0.0,512
CLIMB unsup,kekule,B,kekule_094,0.0,512
CLIMB unsup,kekule,B,kekule_095,0.0,512
CLIMB unsup,kekule,B,kekule_096,0.0,512
CLIMB unsup,kekule,B,kekule_097,0.0,512
CLIMB unsup,kekule,B,kekule_098,0.0,512
CLIMB unsup,kekule,B,kekule_099,0.0,512
CLIMB unsup,symmetry_equivalent,B,symmetry_equivalent_000,0.0,512
CLIMB unsup,symmetry_equivalent,B,symmetry_equivalent_001,0.0,512
CLIMB unsup,symmetry_equivalent,B,symmetry_equivalent_002,0.0,512
CLIMB unsup,symmetry_equivalent,B,symmetry_equivalent_003,0.0,512
CLIMB unsup,symmetry_equivalent,B,symmetry_equivalent_004,0.0,512
CLIMB unsup,symmetry_equivalent,B,symmetry_equivalent_005,0.0,512
CLIMB unsup,symmetry_equivalent,B,symmetry_equivalent_006,0.0,512
CLIMB unsup,symmetry_equivalent,B,symmetry_equivalent_007,0.0,512
CLIMB unsup,symmetry_equivalent,B,symmetry_equivalent_008,0.0,512
CLIMB unsup,symmetry_equivalent,B,symmetry_equivalent_009,0.0,512
CLIMB unsup,symmetry_equivalent,B,symmetry_equivalent_010,0.0,512
CLIMB unsup,symmetry_equivalent,B,symmetry_equivalent_011,0.0,512
CLIMB unsup,symmetry_equivalent,B,symmetry_equivalent_012,0.0,512
CLIMB unsup,symmetry_equivalent,B,symmetry_equivalent_013,0.0,512
CLIMB unsup,symmetry_equivalent,B,symmetry_equivalent_014,0.0,512
CLIMB unsup,symmetry_equivalent,B,symmetry_equivalent_015,0.0,512
CLIMB unsup,symmetry_equivalent,B,symmetry_equivalent_016,0.0,512
CLIMB unsup,symmetry_equivalent,B,symmetry_equivalent_017,0.0,512
CLIMB unsup,symmetry_equivalent,B,symmetry_equivalent_018,0.0,512
CLIMB unsup,symmetry_equivalent,B,symmetry_equivalent_019,0.0,512
CLIMB unsup,symmetry_equivalent,B,symmetry_equivalent_020,0.0,512
CLIMB unsup,symmetry_equivalent,B,symmetry_equivalent_021,0.0,512
CLIMB unsup,symmetry_equivalent,B,symmetry_equivalent_022,0.0,512
CLIMB unsup,symmetry_equivalent,B,symmetry_equivalent_023,0.0,512
CLIMB unsup,symmetry_equivalent,B,symmetry_equivalent_024,0.0,512
CLIMB unsup,symmetry_equivalent,B,symmetry_equivalent_025,0.0,512
CLIMB unsup,symmetry_equivalent,B,symmetry_equivalent_026,0.0,512
CLIMB unsup,symmetry_equivalent,B,symmetry_equivalent_027,0.0,512
CLIMB unsup,symmetry_equivalent,B,symmetry_equivalent_028,0.0,512
CLIMB unsup,symmetry_equivalent,B,symmetry_equivalent_029,0.0,512
CLIMB unsup,symmetry_equivalent,B,symmetry_equivalent_030,0.0,512
CLIMB unsup,symmetry_equivalent,B,symmetry_equivalent_031,0.0,512
CLIMB unsup,symmetry_equivalent,B,symmetry_equivalent_032,0.0,512
CLIMB unsup,symmetry_equivalent,B,symmetry_equivalent_033,0.0,512
CLIMB unsup,symmetry_equivalent,B,symmetry_equivalent_034,0.0,512
CLIMB unsup,symmetry_equivalent,B,symmetry_equivalent_035,0.0,512
CLIMB unsup,symmetry_equivalent,B,symmetry_equivalent_036,0.0,512
CLIMB unsup,symmetry_equivalent,B,symmetry_equivalent_037,0.0,512
CLIMB unsup,symmetry_equivalent,B,symmetry_equivalent_038,0.0,512
CLIMB unsup,symmetry_equivalent,B,symmetry_equivalent_039,0.0,512
CLIMB unsup,symmetry_equivalent,B,symmetry_equivalent_040,0.0,512
CLIMB unsup,symmetry_equivalent,B,symmetry_equivalent_041,0.0,512
CLIMB unsup,symmetry_equivalent,B,symmetry_equivalent_042,0.0,512
CLIMB unsup,symmetry_equivalent,B,symmetry_equivalent_043,0.0,512
CLIMB unsup,symmetry_equivalent,B,symmetry_equivalent_044,0.0,512
CLIMB unsup,symmetry_equivalent,B,symmetry_equivalent_045,0.0,512
CLIMB unsup,symmetry_equivalent,B,symmetry_equivalent_046,0.0,512
CLIMB unsup,symmetry_equivalent,B,symmetry_equivalent_047,0.0,512
CLIMB unsup,symmetry_equivalent,B,symmetry_equivalent_048,0.0,512
CLIMB unsup,symmetry_equivalent,B,symmetry_equivalent_049,0.0,512
CLIMB unsup,symmetry_equivalent,B,symmetry_equivalent_050,0.0,512
CLIMB unsup,symmetry_equivalent,B,symmetry_equivalent_051,0.0,512
CLIMB unsup,symmetry_equivalent,B,symmetry_equivalent_052,0.0,512
CLIMB unsup,symmetry_equivalent,B,symmetry_equivalent_053,0.0,512
CLIMB unsup,symmetry_equivalent,B,symmetry_equivalent_054,0.0,512
CLIMB unsup,symmetry_equivalent,B,symmetry_equivalent_055,0.0,512
CLIMB unsup,symmetry_equivalent,B,symmetry_equivalent_056,0.0,512
CLIMB unsup,symmetry_equivalent,B,symmetry_equivalent_057,0.0,512
CLIMB unsup,symmetry_equivalent,B,symmetry_equivalent_058,0.0,512
CLIMB unsup,symmetry_equivalent,B,symmetry_equivalent_059,0.0,512
CLIMB unsup,symmetry_equivalent,B,symmetry_equivalent_060,0.0,512
CLIMB unsup,symmetry_equivalent,B,symmetry_equivalent_061,0.0,512
CLIMB unsup,symmetry_equivalent,B,symmetry_equivalent_062,0.0,512
CLIMB unsup,symmetry_equivalent,B,symmetry_equivalent_063,0.0,512
CLIMB unsup,symmetry_equivalent,B,symmetry_equivalent_064,0.0,512
CLIMB unsup,symmetry_equivalent,B,symmetry_equivalent_065,0.0,512
CLIMB unsup,symmetry_equivalent,B,symmetry_equivalent_066,0.0,512
CLIMB unsup,symmetry_equivalent,B,symmetry_equivalent_067,0.0,512
CLIMB unsup,symmetry_equivalent,B,symmetry_equivalent_068,0.0,512
CLIMB unsup,symmetry_equivalent,B,symmetry_equivalent_069,0.0,512
CLIMB unsup,symmetry_equivalent,B,symmetry_equivalent_070,0.0,512
CLIMB unsup,symmetry_equivalent,B,symmetry_equivalent_071,0.0,512
CLIMB unsup,symmetry_equivalent,B,symmetry_equivalent_072,0.0,512
CLIMB unsup,symmetry_equivalent,B,symmetry_equivalent_073,0.0,512
CLIMB unsup,symmetry_equivalent,B,symmetry_equivalent_074,0.0,512
CLIMB unsup,symmetry_equivalent,B,symmetry_equivalent_075,0.0,512
CLIMB unsup,symmetry_equivalent,B,symmetry_equivalent_076,0.0,512
CLIMB unsup,symmetry_equivalent,B,symmetry_equivalent_077,0.0,512
CLIMB unsup,symmetry_equivalent,B,symmetry_equivalent_078,0.0,512
CLIMB unsup,symmetry_equivalent,B,symmetry_equivalent_079,0.0,512
CLIMB unsup,symmetry_equivalent,B,symmetry_equivalent_080,0.0,512
CLIMB unsup,symmetry_equivalent,B,symmetry_equivalent_081,0.0,512
CLIMB unsup,symmetry_equivalent,B,symmetry_equivalent_082,0.0,512
CLIMB unsup,symmetry_equivalent,B,symmetry_equivalent_083,0.0,512
CLIMB unsup,symmetry_equivalent,B,symmetry_equivalent_084,0.0,512
CLIMB unsup,symmetry_equivalent,B,symmetry_equivalent_085,0.0,512
CLIMB unsup,symmetry_equivalent,B,symmetry_equivalent_086,0.0,512
CLIMB unsup,symmetry_equivalent,B,symmetry_equivalent_087,0.0,512
CLIMB unsup,symmetry_equivalent,B,symmetry_equivalent_088,0.0,512
CLIMB unsup,symmetry_equivalent,B,symmetry_equivalent_089,0.0,512
CLIMB unsup,symmetry_equivalent,B,symmetry_equivalent_090,0.0,512
CLIMB unsup,symmetry_equivalent,B,symmetry_equivalent_091,0.0,512
CLIMB unsup,symmetry_equivalent,B,symmetry_equivalent_092,0.0,512
CLIMB unsup,symmetry_equivalent,B,symmetry_equivalent_093,0.0,512
CLIMB unsup,symmetry_equivalent,B,symmetry_equivalent_094,0.0,512
CLIMB unsup,symmetry_equivalent,B,symmetry_equivalent_095,0.0,512
CLIMB unsup,symmetry_equivalent,B,symmetry_equivalent_096,0.0,512
CLIMB unsup,symmetry_equivalent,B,symmetry_equivalent_097,0.0,512
CLIMB unsup,symmetry_equivalent,B,symmetry_equivalent_098,0.0,512
CLIMB unsup,symmetry_equivalent,B,symmetry_equivalent_099,0.0,512
CheMeleon,stereo_flip,A,stereo_flip_000,0.022195289034031448,1941
CheMeleon,stereo_flip,A,stereo_flip_001,0.010371534735622353,1941
CheMeleon,stereo_flip,A,stereo_flip_002,0.012977280441915293,1941
CheMeleon,stereo_flip,A,stereo_flip_003,0.011325163318983603,1941
CheMeleon,stereo_flip,A,stereo_flip_004,0.013375276608510438,1941
CheMeleon,stereo_flip,A,stereo_flip_005,0.016021547713732428,1941
CheMeleon,stereo_flip,A,stereo_flip_006,0.01650070947052021,1941
CheMeleon,stereo_flip,A,stereo_flip_007,0.021829205105696713,1941
CheMeleon,stereo_flip,A,stereo_flip_008,0.012678070982050338,1941
CheMeleon,stereo_flip,A,stereo_flip_009,0.029731016143191562,1941
CheMeleon,stereo_flip,A,stereo_flip_010,0.014221643662085412,1941
CheMeleon,stereo_flip,A,stereo_flip_011,0.10527446101752465,1941
CheMeleon,stereo_flip,A,stereo_flip_012,0.015157548329513408,1941
CheMeleon,stereo_flip,A,stereo_flip_013,0.008421467980503805,1941
CheMeleon,stereo_flip,A,stereo_flip_014,0.01968183054705327,1941
CheMeleon,stereo_flip,A,stereo_flip_015,0.04903114010764814,1941
CheMeleon,stereo_flip,A,stereo_flip_016,0.00714226046299493,1941
CheMeleon,stereo_flip,A,stereo_flip_017,0.015233159736463421,1941
CheMeleon,stereo_flip,A,stereo_flip_018,0.03174766018698073,1941
CheMeleon,stereo_flip,A,stereo_flip_019,0.005890336411249237,1941
CheMeleon,stereo_flip,A,stereo_flip_020,0.004887650090424559,1941
CheMeleon,stereo_flip,A,stereo_flip_021,0.016819636969175853,1941
CheMeleon,stereo_flip,A,stereo_flip_022,0.013269561622217959,1941
CheMeleon,stereo_flip,A,stereo_flip_023,0.007819209524463622,1941
CheMeleon,stereo_flip,A,stereo_flip_024,0.025968972149615722,1941
CheMeleon,stereo_flip,A,stereo_flip_025,0.012924911616585115,1941
CheMeleon,stereo_flip,A,stereo_flip_026,0.0105873841478032,1941
CheMeleon,stereo_flip,A,stereo_flip_027,0.018238189498139802,1941
CheMeleon,stereo_flip,A,stereo_flip_028,0.020922708446798475,1941
CheMeleon,stereo_flip,A,stereo_flip_029,0.007052367720858478,1941
CheMeleon,stereo_flip,A,stereo_flip_030,0.02461579181372578,1941
CheMeleon,stereo_flip,A,stereo_flip_031,0.056837742135262166,1941
CheMeleon,stereo_flip,A,stereo_flip_032,0.016701307318408246,1941
CheMeleon,stereo_flip,A,stereo_flip_033,0.014290815076218231,1941
CheMeleon,stereo_flip,A,stereo_flip_034,0.008592226996336185,1941
CheMeleon,stereo_flip,A,stereo_flip_035,0.0049397176185713996,1941
CheMeleon,stereo_flip,A,stereo_flip_036,0.007626470536987875,1941
CheMeleon,stereo_flip,A,stereo_flip_037,0.011811577352371552,1941
CheMeleon,stereo_flip,A,stereo_flip_038,0.020983963942606258,1941
CheMeleon,stereo_flip,A,stereo_flip_039,0.007291250335365933,1941
CheMeleon,stereo_flip,A,stereo_flip_040,0.022888996221331927,1941
CheMeleon,stereo_flip,A,stereo_flip_041,0.00916616084087456,1941
CheMeleon,stereo_flip,A,stereo_flip_042,0.04364876326916976,1941
CheMeleon,stereo_flip,A,stereo_flip_043,0.01701509760594109,1941
CheMeleon,stereo_flip,A,stereo_flip_044,0.014643265685204552,1941
CheMeleon,stereo_flip,A,stereo_flip_045,0.013215357399984778,1941
CheMeleon,stereo_flip,A,stereo_flip_046,0.011748108361932538,1941
CheMeleon,stereo_flip,A,stereo_flip_047,0.014327539521272704,1941
CheMeleon,stereo_flip,A,stereo_flip_048,0.010874462605526809,1941
CheMeleon,stereo_flip,A,stereo_flip_049,0.01815874631880382,1941
CheMeleon,stereo_flip,A,stereo_flip_050,0.009454351401804749,1941
CheMeleon,stereo_flip,A,stereo_flip_051,0.012281722730237978,1941
CheMeleon,stereo_flip,A,stereo_flip_052,0.03328095219991495,1941
CheMeleon,stereo_flip,A,stereo_flip_053,0.015565780904771563,1941
CheMeleon,stereo_flip,A,stereo_flip_054,0.009373963145690294,1941
CheMeleon,stereo_flip,A,stereo_flip_055,0.019781138121757955,1941
CheMeleon,stereo_flip,A,stereo_flip_056,0.017283079628621058,1941
CheMeleon,stereo_flip,A,stereo_flip_057,0.010504460037202377,1941
CheMeleon,stereo_flip,A,stereo_flip_058,0.039766706404472926,1941
CheMeleon,stereo_flip,A,stereo_flip_059,0.005604279851748577,1941
CheMeleon,stereo_flip,A,stereo_flip_060,0.015238164391727496,1941
CheMeleon,stereo_flip,A,stereo_flip_061,0.006448042792938794,1941
CheMeleon,stereo_flip,A,stereo_flip_062,0.026984497966193725,1941
CheMeleon,stereo_flip,A,stereo_flip_063,0.035783939921296616,1941
CheMeleon,stereo_flip,A,stereo_flip_064,0.014320033278365962,1941
CheMeleon,stereo_flip,A,stereo_flip_065,0.03584728283289569,1941
CheMeleon,stereo_flip,A,stereo_flip_066,0.016647309736602018,1941
CheMeleon,stereo_flip,A,stereo_flip_067,0.012689557429407977,1941
CheMeleon,stereo_flip,A,stereo_flip_068,0.013217164322181632,1941
CheMeleon,stereo_flip,A,stereo_flip_069,0.02003958785946052,1941
CheMeleon,stereo_flip,A,stereo_flip_070,0.012621258416909906,1941
CheMeleon,stereo_flip,A,stereo_flip_071,0.01451856500511263,1941
CheMeleon,stereo_flip,A,stereo_flip_072,0.00793910262536076,1941
CheMeleon,stereo_flip,A,stereo_flip_073,0.00997368901224711,1941
CheMeleon,stereo_flip,A,stereo_flip_074,0.004818184523992161,1941
CheMeleon,stereo_flip,A,stereo_flip_075,0.01468044223128375,1941
CheMeleon,stereo_flip,A,stereo_flip_076,0.017689239207825665,1941
CheMeleon,stereo_flip,A,stereo_flip_077,0.028114396031394522,1941
CheMeleon,stereo_flip,A,stereo_flip_078,0.010414198365916774,1941
CheMeleon,stereo_flip,A,stereo_flip_079,0.008340613199792703,1941
CheMeleon,stereo_flip,A,stereo_flip_080,0.010530120692111854,1941
CheMeleon,stereo_flip,A,stereo_flip_081,0.008010128755881248,1941
CheMeleon,stereo_flip,A,stereo_flip_082,0.010500054713877731,1941
CheMeleon,stereo_flip,A,stereo_flip_083,0.010827412969631132,1941
CheMeleon,stereo_flip,A,stereo_flip_084,0.04300292434559196,1941
CheMeleon,stereo_flip,A,stereo_flip_085,0.007982825740302962,1941
CheMeleon,stereo_flip,A,stereo_flip_086,0.012083669446592716,1941
CheMeleon,stereo_flip,A,stereo_flip_087,0.015835474264621695,1941
CheMeleon,stereo_flip,A,stereo_flip_088,0.007689418892086609,1941
CheMeleon,stereo_flip,A,stereo_flip_089,0.009182012958677599,1941
CheMeleon,stereo_flip,A,stereo_flip_090,0.004507435233295102,1941
CheMeleon,stereo_flip,A,stereo_flip_091,0.027563852523396725,1941
CheMeleon,stereo_flip,A,stereo_flip_092,0.049412651838787965,1941
CheMeleon,stereo_flip,A,stereo_flip_093,0.017235427352767112,1941
CheMeleon,stereo_flip,A,stereo_flip_094,0.013827992340804578,1941
CheMeleon,stereo_flip,A,stereo_flip_095,0.022306470252193948,1941
CheMeleon,stereo_flip,A,stereo_flip_096,0.01305113376030123,1941
CheMeleon,stereo_flip,A,stereo_flip_097,0.040454596171870603,1941
CheMeleon,stereo_flip,A,stereo_flip_098,0.00923791700196375,1941
CheMeleon,stereo_flip,A,stereo_flip_099,0.021402654158023667,1941
CheMeleon,ez_flip,A,ez_flip_000,0.11604704530788859,1941
CheMeleon,ez_flip,A,ez_flip_001,0.04732574029741418,1941
CheMeleon,ez_flip,A,ez_flip_002,0.033442153615066236,1941
CheMeleon,ez_flip,A,ez_flip_003,0.14326925458835704,1941
CheMeleon,ez_flip,A,ez_flip_004,0.05581945548837576,1941
CheMeleon,ez_flip,A,ez_flip_005,0.026255305953834924,1941
CheMeleon,ez_flip,A,ez_flip_006,0.01756133246262618,1941
CheMeleon,ez_flip,A,ez_flip_007,0.06305061446158686,1941
CheMeleon,ez_flip,A,ez_flip_008,0.04885106777762701,1941
CheMeleon,ez_flip,A,ez_flip_009,0.07803542592020077,1941
CheMeleon,ez_flip,A,ez_flip_010,0.022916867081101296,1941
CheMeleon,ez_flip,A,ez_flip_011,0.01689792913472405,1941
CheMeleon,ez_flip,A,ez_flip_012,0.01968681118565225,1941
CheMeleon,ez_flip,A,ez_flip_013,0.03143812696485475,1941
CheMeleon,ez_flip,A,ez_flip_014,0.01855949027960385,1941
CheMeleon,ez_flip,A,ez_flip_015,0.036212391632705794,1941
CheMeleon,ez_flip,A,ez_flip_016,0.010379205913730313,1941
CheMeleon,ez_flip,A,ez_flip_017,0.04614076049383597,1941
CheMeleon,ez_flip,A,ez_flip_018,0.02123862843158921,1941
CheMeleon,ez_flip,A,ez_flip_019,0.029395750175070352,1941
CheMeleon,ez_flip,A,ez_flip_020,0.08743192576898089,1941
CheMeleon,ez_flip,A,ez_flip_021,0.10236226407105099,1941
CheMeleon,ez_flip,A,ez_flip_022,0.03960925503192297,1941
CheMeleon,ez_flip,A,ez_flip_023,0.08872187837177406,1941
CheMeleon,ez_flip,A,ez_flip_024,0.05655507355798683,1941
CheMeleon,ez_flip,A,ez_flip_025,0.013288103762510571,1941
CheMeleon,ez_flip,A,ez_flip_026,0.01357853566000043,1941
CheMeleon,ez_flip,A,ez_flip_027,0.06289237828068776,1941
CheMeleon,ez_flip,A,ez_flip_028,0.04022021835278936,1941
CheMeleon,ez_flip,A,ez_flip_029,0.10112212523075685,1941
CheMeleon,ez_flip,A,ez_flip_030,0.03278070657702563,1941
CheMeleon,ez_flip,A,ez_flip_031,0.07243736224331253,1941
CheMeleon,ez_flip,A,ez_flip_032,0.4533118855993483,1941
CheMeleon,ez_flip,A,ez_flip_033,0.03288520165232952,1941
CheMeleon,ez_flip,A,ez_flip_034,0.02896275957987368,1941
CheMeleon,ez_flip,A,ez_flip_035,0.07468931149325271,1941
CheMeleon,ez_flip,A,ez_flip_036,0.06731867654046816,1941
CheMeleon,ez_flip,A,ez_flip_037,0.04501420774147604,1941
CheMeleon,ez_flip,A,ez_flip_038,1.1397981516324505,1941
CheMeleon,ez_flip,A,ez_flip_039,0.0853024450226845,1941
CheMeleon,ez_flip,A,ez_flip_040,0.028819104312266943,1941
CheMeleon,ez_flip,A,ez_flip_041,0.020088648662432686,1941
CheMeleon,ez_flip,A,ez_flip_042,0.025179390752021864,1941
CheMeleon,ez_flip,A,ez_flip_043,0.17952427302860338,1941
CheMeleon,ez_flip,A,ez_flip_044,0.050869585534613286,1941
CheMeleon,ez_flip,A,ez_flip_045,0.1540390567290365,1941
CheMeleon,ez_flip,A,ez_flip_046,0.028149562258117246,1941
CheMeleon,ez_flip,A,ez_flip_047,0.07842970384289828,1941
CheMeleon,ez_flip,A,ez_flip_048,0.018053783208976198,1941
CheMeleon,ez_flip,A,ez_flip_049,0.0736787545192508,1941
CheMeleon,ez_flip,A,ez_flip_050,0.1363423856639365,1941
CheMeleon,ez_flip,A,ez_flip_051,0.03983873435502595,1941
CheMeleon,ez_flip,A,ez_flip_052,0.022164919967917408,1941
CheMeleon,ez_flip,A,ez_flip_053,0.10152720048587789,1941
CheMeleon,ez_flip,A,ez_flip_054,0.08350455854887773,1941
CheMeleon,ez_flip,A,ez_flip_055,0.02784957516053443,1941
CheMeleon,ez_flip,A,ez_flip_056,0.11207901683845396,1941
CheMeleon,ez_flip,A,ez_flip_057,0.013930912009576584,1941
CheMeleon,ez_flip,A,ez_flip_058,0.05646295654182287,1941
CheMeleon,ez_flip,A,ez_flip_059,0.09376540579292092,1941
CheMeleon,ez_flip,A,ez_flip_060,0.03001256985432177,1941
CheMeleon,ez_flip,A,ez_flip_061,0.14217178305632344,1941
CheMeleon,ez_flip,A,ez_flip_062,0.03078644328095677,1941
CheMeleon,ez_flip,A,ez_flip_063,0.36571483689462864,1941
CheMeleon,ez_flip,A,ez_flip_064,0.12149048877642701,1941
CheMeleon,ez_flip,A,ez_flip_065,0.02868300829519862,1941
CheMeleon,ez_flip,A,ez_flip_066,0.04050105290845338,1941
CheMeleon,ez_flip,A,ez_flip_067,0.03576659383484699,1941
CheMeleon,ez_flip,A,ez_flip_068,0.08890613157684833,1941
CheMeleon,ez_flip,A,ez_flip_069,0.05914011034623115,1941
CheMeleon,ez_flip,A,ez_flip_070,0.05804873516569495,1941
CheMeleon,ez_flip,A,ez_flip_071,0.035486933918606724,1941
CheMeleon,ez_flip,A,ez_flip_072,0.018835063313292346,1941
CheMeleon,ez_flip,A,ez_flip_073,0.06723117948880616,1941
CheMeleon,ez_flip,A,ez_flip_074,0.11211486105705434,1941
CheMeleon,ez_flip,A,ez_flip_075,0.18970713997094663,1941
CheMeleon,ez_flip,A,ez_flip_076,0.018830132525877483,1941
CheMeleon,ez_flip,A,ez_flip_077,0.050770926909774194,1941
CheMeleon,ez_flip,A,ez_flip_078,0.0324257481074152,1941
CheMeleon,ez_flip,A,ez_flip_079,0.049197683848711975,1941
CheMeleon,ez_flip,A,ez_flip_080,0.08577439389467803,1941
CheMeleon,ez_flip,A,ez_flip_081,0.03011644498553238,1941
CheMeleon,ez_flip,A,ez_flip_082,0.019418577176955405,1941
CheMeleon,ez_flip,A,ez_flip_083,0.05110105055701249,1941
CheMeleon,ez_flip,A,ez_flip_084,0.03341758891473818,1941
CheMeleon,ez_flip,A,ez_flip_085,0.1308061358275193,1941
CheMeleon,ez_flip,A,ez_flip_086,0.07368849824402982,1941
CheMeleon,ez_flip,A,ez_flip_087,0.06415974158800991,1941
CheMeleon,ez_flip,A,ez_flip_088,0.01381130130746191,1941
CheMeleon,ez_flip,A,ez_flip_089,0.12221439257002721,1941
CheMeleon,ez_flip,A,ez_flip_090,0.07625019007988634,1941
CheMeleon,ez_flip,A,ez_flip_091,0.041374029198987104,1941
CheMeleon,ez_flip,A,ez_flip_092,0.015552429642929902,1941
CheMeleon,ez_flip,A,ez_flip_093,0.01467532886115132,1941
CheMeleon,ez_flip,A,ez_flip_094,0.08449770603725994,1941
CheMeleon,ez_flip,A,ez_flip_095,0.21970576065378777,1941
CheMeleon,ez_flip,A,ez_flip_096,0.0223449061348604,1941
CheMeleon,ez_flip,A,ez_flip_097,0.032930323405831116,1941
CheMeleon,ez_flip,A,ez_flip_098,0.11894191172108114,1941
CheMeleon,ez_flip,A,ez_flip_099,0.06052723855032199,1941
CheMeleon,c_to_n,A,c_to_n_000,0.24510541337807612,1941
CheMeleon,c_to_n,A,c_to_n_001,0.3195284635796556,1941
CheMeleon,c_to_n,A,c_to_n_002,0.21617873515615338,1941
CheMeleon,c_to_n,A,c_to_n_003,0.1960800243739668,1941
CheMeleon,c_to_n,A,c_to_n_004,0.23352084365606574,1941
CheMeleon,c_to_n,A,c_to_n_005,0.2246168061957072,1941
CheMeleon,c_to_n,A,c_to_n_006,0.25030365083338857,1941
CheMeleon,c_to_n,A,c_to_n_007,0.21140060003017655,1941
CheMeleon,c_to_n,A,c_to_n_008,0.3710855085572307,1941
CheMeleon,c_to_n,A,c_to_n_009,0.20928091647035418,1941
CheMeleon,c_to_n,A,c_to_n_010,0.19615344166588647,1941
CheMeleon,c_to_n,A,c_to_n_011,0.3769426716495747,1941
CheMeleon,c_to_n,A,c_to_n_012,0.24260573631489257,1941
CheMeleon,c_to_n,A,c_to_n_013,0.17000320450734566,1941
CheMeleon,c_to_n,A,c_to_n_014,0.2131370612438711,1941
CheMeleon,c_to_n,A,c_to_n_015,0.3663310854895779,1941
CheMeleon,c_to_n,A,c_to_n_016,0.24669301904428562,1941
CheMeleon,c_to_n,A,c_to_n_017,0.32841052291779405,1941
CheMeleon,c_to_n,A,c_to_n_018,0.18340135156848,1941
CheMeleon,c_to_n,A,c_to_n_019,0.9574777079390511,1941
CheMeleon,c_to_n,A,c_to_n_020,0.24387537007013513,1941
CheMeleon,c_to_n,A,c_to_n_021,0.1978477219021311,1941
CheMeleon,c_to_n,A,c_to_n_022,0.26329214205367957,1941
CheMeleon,c_to_n,A,c_to_n_023,0.39042521031248806,1941
CheMeleon,c_to_n,A,c_to_n_024,0.3486146271457083,1941
CheMeleon,c_to_n,A,c_to_n_025,0.1094252761637502,1941
CheMeleon,c_to_n,A,c_to_n_026,0.33192400175044806,1941
CheMeleon,c_to_n,A,c_to_n_027,0.20815972972892738,1941
CheMeleon,c_to_n,A,c_to_n_028,0.21432936173979808,1941
CheMeleon,c_to_n,A,c_to_n_029,0.1245270077532491,1941
CheMeleon,c_to_n,A,c_to_n_030,0.37482958524518917,1941
CheMeleon,c_to_n,A,c_to_n_031,0.36738157203865596,1941
CheMeleon,c_to_n,A,c_to_n_032,0.3628665685808005,1941
CheMeleon,c_to_n,A,c_to_n_033,0.566747837792269,1941
CheMeleon,c_to_n,A,c_to_n_034,0.40576677011287876,1941
CheMeleon,c_to_n,A,c_to_n_035,0.2823818483323174,1941
CheMeleon,c_to_n,A,c_to_n_036,0.1949639668587849,1941
CheMeleon,c_to_n,A,c_to_n_037,0.17400060424888614,1941
CheMeleon,c_to_n,A,c_to_n_038,0.23967607825224774,1941
CheMeleon,c_to_n,A,c_to_n_039,0.2786503286115958,1941
CheMeleon,c_to_n,A,c_to_n_040,2.4760347198684154,1941
CheMeleon,c_to_n,A,c_to_n_041,0.14796449206595577,1941
CheMeleon,c_to_n,A,c_to_n_042,0.2837497933323228,1941
CheMeleon,c_to_n,A,c_to_n_043,0.25693433192394455,1941
CheMeleon,c_to_n,A,c_to_n_044,0.35967460512152866,1941
CheMeleon,c_to_n,A,c_to_n_045,0.2905701988739236,1941
CheMeleon,c_to_n,A,c_to_n_046,0.23839688199697348,1941
CheMeleon,c_to_n,A,c_to_n_047,0.22095094204256693,1941
CheMeleon,c_to_n,A,c_to_n_048,0.23696813049172832,1941
CheMeleon,c_to_n,A,c_to_n_049,0.2673055323641605,1941
CheMeleon,c_to_n,A,c_to_n_050,0.2540152329870193,1941
CheMeleon,c_to_n,A,c_to_n_051,0.41815511436702507,1941
CheMeleon,c_to_n,A,c_to_n_052,0.27726293803755914,1941
CheMeleon,c_to_n,A,c_to_n_053,0.2945469453207955,1941
CheMeleon,c_to_n,A,c_to_n_054,0.18492247524738611,1941
CheMeleon,c_to_n,A,c_to_n_055,0.6743180275334552,1941
CheMeleon,c_to_n,A,c_to_n_056,0.2912791559391268,1941
CheMeleon,c_to_n,A,c_to_n_057,0.24088918010594815,1941
CheMeleon,c_to_n,A,c_to_n_058,0.16369563712869095,1941
CheMeleon,c_to_n,A,c_to_n_059,0.2493711944615534,1941
CheMeleon,c_to_n,A,c_to_n_060,0.47040733155318515,1941
CheMeleon,c_to_n,A,c_to_n_061,0.38433208666428054,1941
CheMeleon,c_to_n,A,c_to_n_062,0.3138731575407489,1941
CheMeleon,c_to_n,A,c_to_n_063,0.2339671276136311,1941
CheMeleon,c_to_n,A,c_to_n_064,0.2019976874986034,1941
CheMeleon,c_to_n,A,c_to_n_065,0.288244059671833,1941
CheMeleon,c_to_n,A,c_to_n_066,0.28057090702842025,1941
CheMeleon,c_to_n,A,c_to_n_067,0.22304174391497764,1941
CheMeleon,c_to_n,A,c_to_n_068,0.26893419369237376,1941
CheMeleon,c_to_n,A,c_to_n_069,0.16724288020428602,1941
CheMeleon,c_to_n,A,c_to_n_070,0.1992059322035975,1941
CheMeleon,c_to_n,A,c_to_n_071,0.2864468372077473,1941
CheMeleon,c_to_n,A,c_to_n_072,0.16322189017269018,1941
CheMeleon,c_to_n,A,c_to_n_073,0.25352569831904204,1941
CheMeleon,c_to_n,A,c_to_n_074,0.2692639590426786,1941
CheMeleon,c_to_n,A,c_to_n_075,0.24761153739346453,1941
CheMeleon,c_to_n,A,c_to_n_076,0.29251940508001295,1941
CheMeleon,c_to_n,A,c_to_n_077,0.25353296219017224,1941
CheMeleon,c_to_n,A,c_to_n_078,0.3923436420857291,1941
CheMeleon,c_to_n,A,c_to_n_079,0.1814284459034743,1941
CheMeleon,c_to_n,A,c_to_n_080,0.36244656456878854,1941
CheMeleon,c_to_n,A,c_to_n_081,0.3691674906187124,1941
CheMeleon,c_to_n,A,c_to_n_082,0.18329475823926666,1941
CheMeleon,c_to_n,A,c_to_n_083,1.5276423427434849,1941
CheMeleon,c_to_n,A,c_to_n_084,0.3617122700766523,1941
CheMeleon,c_to_n,A,c_to_n_085,0.1846427803846562,1941
CheMeleon,c_to_n,A,c_to_n_086,0.3101255823149201,1941
CheMeleon,c_to_n,A,c_to_n_087,0.5550339505283574,1941
CheMeleon,c_to_n,A,c_to_n_088,0.2508668661360321,1941
CheMeleon,c_to_n,A,c_to_n_089,0.27515200364734194,1941
CheMeleon,c_to_n,A,c_to_n_090,0.15794708508482574,1941
CheMeleon,c_to_n,A,c_to_n_091,3.4483585938819887,1941
CheMeleon,c_to_n,A,c_to_n_092,0.282100079601596,1941
CheMeleon,c_to_n,A,c_to_n_093,0.41041827577118567,1941
CheMeleon,c_to_n,A,c_to_n_094,0.20262369186991802,1941
CheMeleon,c_to_n,A,c_to_n_095,0.1741943370720887,1941
CheMeleon,c_to_n,A,c_to_n_096,0.418453804588275,1941
CheMeleon,c_to_n,A,c_to_n_097,0.2998426365256111,1941
CheMeleon,c_to_n,A,c_to_n_098,0.5559885114141484,1941
CheMeleon,c_to_n,A,c_to_n_099,0.5454930245533486,1941
CheMeleon,add_methyl,A,add_methyl_000,0.21391565001724322,1941
CheMeleon,add_methyl,A,add_methyl_001,0.33928536518067126,1941
CheMeleon,add_methyl,A,add_methyl_002,0.21108131246150225,1941
CheMeleon,add_methyl,A,add_methyl_003,0.30060587811933154,1941
CheMeleon,add_methyl,A,add_methyl_004,0.22286655507572284,1941
CheMeleon,add_methyl,A,add_methyl_005,0.21397104623284738,1941
CheMeleon,add_methyl,A,add_methyl_006,0.23034407233704704,1941
CheMeleon,add_methyl,A,add_methyl_007,0.23715587086671353,1941
CheMeleon,add_methyl,A,add_methyl_008,0.36650243600745336,1941
CheMeleon,add_methyl,A,add_methyl_009,0.19630211128218802,1941
CheMeleon,add_methyl,A,add_methyl_010,0.22716032403407893,1941
CheMeleon,add_methyl,A,add_methyl_011,0.3924668338316287,1941
CheMeleon,add_methyl,A,add_methyl_012,0.2118057838551035,1941
CheMeleon,add_methyl,A,add_methyl_013,0.1778295432719292,1941
CheMeleon,add_methyl,A,add_methyl_014,0.2550538127515663,1941
CheMeleon,add_methyl,A,add_methyl_015,0.3075293374179557,1941
CheMeleon,add_methyl,A,add_methyl_016,0.23113014523267406,1941
CheMeleon,add_methyl,A,add_methyl_017,0.3022503616620476,1941
CheMeleon,add_methyl,A,add_methyl_018,0.21386322546320594,1941
CheMeleon,add_methyl,A,add_methyl_019,0.3959096333519499,1941
CheMeleon,add_methyl,A,add_methyl_020,0.232376952463743,1941
CheMeleon,add_methyl,A,add_methyl_021,0.22389200866054032,1941
CheMeleon,add_methyl,A,add_methyl_022,0.19230108225276635,1941
CheMeleon,add_methyl,A,add_methyl_023,0.47913765851757106,1941
CheMeleon,add_methyl,A,add_methyl_024,0.3940899238637495,1941
CheMeleon,add_methyl,A,add_methyl_025,0.17890323412826423,1941
CheMeleon,add_methyl,A,add_methyl_026,0.3284293687964947,1941
CheMeleon,add_methyl,A,add_methyl_027,0.22835345721418887,1941
CheMeleon,add_methyl,A,add_methyl_028,0.1585609631397704,1941
CheMeleon,add_methyl,A,add_methyl_029,0.14307100519933205,1941
CheMeleon,add_methyl,A,add_methyl_030,0.2836511739203582,1941
CheMeleon,add_methyl,A,add_methyl_031,0.3496831986468511,1941
CheMeleon,add_methyl,A,add_methyl_032,0.3622805938730866,1941
CheMeleon,add_methyl,A,add_methyl_033,0.42460337542751336,1941
CheMeleon,add_methyl,A,add_methyl_034,0.3873385302830814,1941
CheMeleon,add_methyl,A,add_methyl_035,0.27481186213887465,1941
CheMeleon,add_methyl,A,add_methyl_036,0.2235422491141874,1941
CheMeleon,add_methyl,A,add_methyl_037,0.21444154939578297,1941
CheMeleon,add_methyl,A,add_methyl_038,0.17468059147005455,1941
CheMeleon,add_methyl,A,add_methyl_039,0.2525789074088923,1941
CheMeleon,add_methyl,A,add_methyl_040,1.8501885382962304,1941
CheMeleon,add_methyl,A,add_methyl_041,0.16492977254044497,1941
CheMeleon,add_methyl,A,add_methyl_042,0.27267550745342917,1941
CheMeleon,add_methyl,A,add_methyl_043,0.25379273642148836,1941
CheMeleon,add_methyl,A,add_methyl_044,0.28575147162813797,1941
CheMeleon,add_methyl,A,add_methyl_045,0.24099551911034828,1941
CheMeleon,add_methyl,A,add_methyl_046,0.24434199005120144,1941
CheMeleon,add_methyl,A,add_methyl_047,0.2208985011080375,1941
CheMeleon,add_methyl,A,add_methyl_048,0.3153947177411625,1941
CheMeleon,add_methyl,A,add_methyl_049,0.27941139163173323,1941
CheMeleon,add_methyl,A,add_methyl_050,0.2186653321878927,1941
CheMeleon,add_methyl,A,add_methyl_051,0.3146132284334906,1941
CheMeleon,add_methyl,A,add_methyl_052,0.2820093620826667,1941
CheMeleon,add_methyl,A,add_methyl_053,0.9968410271163823,1941
CheMeleon,add_methyl,A,add_methyl_054,0.23440717822342616,1941
CheMeleon,add_methyl,A,add_methyl_055,0.7039377270076757,1941
CheMeleon,add_methyl,A,add_methyl_056,0.266242321488734,1941
CheMeleon,add_methyl,A,add_methyl_057,0.28719883420642783,1941
CheMeleon,add_methyl,A,add_methyl_058,0.22407329040040788,1941
CheMeleon,add_methyl,A,add_methyl_059,0.3598107537832794,1941
CheMeleon,add_methyl,A,add_methyl_060,0.38242232546261107,1941
CheMeleon,add_methyl,A,add_methyl_061,0.4131735601434331,1941
CheMeleon,add_methyl,A,add_methyl_062,0.33307765827489,1941
CheMeleon,add_methyl,A,add_methyl_063,0.2543882998182216,1941
CheMeleon,add_methyl,A,add_methyl_064,0.23100732179477748,1941
CheMeleon,add_methyl,A,add_methyl_065,0.2995485804575605,1941
CheMeleon,add_methyl,A,add_methyl_066,0.2843612347771547,1941
CheMeleon,add_methyl,A,add_methyl_067,0.22391879709549076,1941
CheMeleon,add_methyl,A,add_methyl_068,0.20353911150917187,1941
CheMeleon,add_methyl,A,add_methyl_069,0.17778204295699965,1941
CheMeleon,add_methyl,A,add_methyl_070,0.20932271431265478,1941
CheMeleon,add_methyl,A,add_methyl_071,0.27707695611462496,1941
CheMeleon,add_methyl,A,add_methyl_072,0.13946798442052977,1941
CheMeleon,add_methyl,A,add_methyl_073,0.23780279875010435,1941
CheMeleon,add_methyl,A,add_methyl_074,0.28847979967156767,1941
CheMeleon,add_methyl,A,add_methyl_075,0.2608747117622417,1941
CheMeleon,add_methyl,A,add_methyl_076,0.3227393021246341,1941
CheMeleon,add_methyl,A,add_methyl_077,0.24087645989315434,1941
CheMeleon,add_methyl,A,add_methyl_078,0.4931836257290777,1941
CheMeleon,add_methyl,A,add_methyl_079,0.19235376500797052,1941
CheMeleon,add_methyl,A,add_methyl_080,0.3024065210547014,1941
CheMeleon,add_methyl,A,add_methyl_081,0.2538597932274066,1941
CheMeleon,add_methyl,A,add_methyl_082,0.16998107193871043,1941
CheMeleon,add_methyl,A,add_methyl_083,0.8916381951784791,1941
CheMeleon,add_methyl,A,add_methyl_084,0.31073458543963606,1941
CheMeleon,add_methyl,A,add_methyl_085,0.19945438357921452,1941
CheMeleon,add_methyl,A,add_methyl_086,0.298632657863765,1941
CheMeleon,add_methyl,A,add_methyl_087,0.7231818085850455,1941
CheMeleon,add_methyl,A,add_methyl_088,0.33541427365561377,1941
CheMeleon,add_methyl,A,add_methyl_089,0.29640928669478234,1941
CheMeleon,add_methyl,A,add_methyl_090,0.1525480731475498,1941
CheMeleon,add_methyl,A,add_methyl_091,1.5877946278299928,1941
CheMeleon,add_methyl,A,add_methyl_092,0.28702779861375394,1941
CheMeleon,add_methyl,A,add_methyl_093,0.42422384353916653,1941
CheMeleon,add_methyl,A,add_methyl_094,0.19610661062249063,1941
CheMeleon,add_methyl,A,add_methyl_095,0.17258127337556212,1941
CheMeleon,add_methyl,A,add_methyl_096,0.4672437561456705,1941
CheMeleon,add_methyl,A,add_methyl_097,0.3375921363250784,1941
CheMeleon,add_methyl,A,add_methyl_098,0.6725015492526389,1941
CheMeleon,add_methyl,A,add_methyl_099,0.5088967710110438,1941
CheMeleon,add_fluorine,A,add_fluorine_000,0.36391793617877033,1941
CheMeleon,add_fluorine,A,add_fluorine_001,0.44158395180345594,1941
CheMeleon,add_fluorine,A,add_fluorine_002,0.3516319173793055,1941
CheMeleon,add_fluorine,A,add_fluorine_003,0.3372646214931599,1941
CheMeleon,add_fluorine,A,add_fluorine_004,0.3531245922024601,1941
CheMeleon,add_fluorine,A,add_fluorine_005,0.29748129659926537,1941
CheMeleon,add_fluorine,A,add_fluorine_006,0.39651565018935175,1941
CheMeleon,add_fluorine,A,add_fluorine_007,0.38307031301257183,1941
CheMeleon,add_fluorine,A,add_fluorine_008,0.49575480181745113,1941
CheMeleon,add_fluorine,A,add_fluorine_009,0.2677133495892887,1941
CheMeleon,add_fluorine,A,add_fluorine_010,0.33403452966441555,1941
CheMeleon,add_fluorine,A,add_fluorine_011,0.5023993941598084,1941
CheMeleon,add_fluorine,A,add_fluorine_012,0.32769619229095315,1941
CheMeleon,add_fluorine,A,add_fluorine_013,0.29048447244586695,1941
CheMeleon,add_fluorine,A,add_fluorine_014,0.32736013561274824,1941
CheMeleon,add_fluorine,A,add_fluorine_015,0.45917258313706333,1941
CheMeleon,add_fluorine,A,add_fluorine_016,0.42531653532690006,1941
CheMeleon,add_fluorine,A,add_fluorine_017,0.43929877748604906,1941
CheMeleon,add_fluorine,A,add_fluorine_018,0.2936636360401345,1941
CheMeleon,add_fluorine,A,add_fluorine_019,0.6052385592731577,1941
CheMeleon,add_fluorine,A,add_fluorine_020,0.3861715230607439,1941
CheMeleon,add_fluorine,A,add_fluorine_021,0.3228311413996191,1941
CheMeleon,add_fluorine,A,add_fluorine_022,0.2896628917244873,1941
CheMeleon,add_fluorine,A,add_fluorine_023,0.5645972342178133,1941
CheMeleon,add_fluorine,A,add_fluorine_024,0.8117159968297284,1941
CheMeleon,add_fluorine,A,add_fluorine_025,0.17350285069737084,1941
CheMeleon,add_fluorine,A,add_fluorine_026,0.4657570150205371,1941
CheMeleon,add_fluorine,A,add_fluorine_027,0.33656344196575966,1941
CheMeleon,add_fluorine,A,add_fluorine_028,0.1755165249233997,1941
CheMeleon,add_fluorine,A,add_fluorine_029,0.2117343760098988,1941
CheMeleon,add_fluorine,A,add_fluorine_030,0.41967705333914357,1941
CheMeleon,add_fluorine,A,add_fluorine_031,0.5088878610561133,1941
CheMeleon,add_fluorine,A,add_fluorine_032,0.5510815152308481,1941
CheMeleon,add_fluorine,A,add_fluorine_033,0.603347439560589,1941
CheMeleon,add_fluorine,A,add_fluorine_034,0.43966145298183684,1941
CheMeleon,add_fluorine,A,add_fluorine_035,0.5015268173965765,1941
CheMeleon,add_fluorine,A,add_fluorine_036,0.29190075248976244,1941
CheMeleon,add_fluorine,A,add_fluorine_037,0.2936243992500565,1941
CheMeleon,add_fluorine,A,add_fluorine_038,0.2668584264298704,1941
CheMeleon,add_fluorine,A,add_fluorine_039,0.30695047085145155,1941
CheMeleon,add_fluorine,A,add_fluorine_040,2.5430209867415074,1941
CheMeleon,add_fluorine,A,add_fluorine_041,0.2373341863796366,1941
CheMeleon,add_fluorine,A,add_fluorine_042,0.3953105410628646,1941
CheMeleon,add_fluorine,A,add_fluorine_043,0.3511757245260581,1941
CheMeleon,add_fluorine,A,add_fluorine_044,0.4132048538212353,1941
CheMeleon,add_fluorine,A,add_fluorine_045,0.33582146504226057,1941
CheMeleon,add_fluorine,A,add_fluorine_046,0.35118510995218316,1941
CheMeleon,add_fluorine,A,add_fluorine_047,0.2866171695714279,1941
CheMeleon,add_fluorine,A,add_fluorine_048,0.37646801555507103,1941
CheMeleon,add_fluorine,A,add_fluorine_049,0.4333347544608505,1941
CheMeleon,add_fluorine,A,add_fluorine_050,0.4663489001105536,1941
CheMeleon,add_fluorine,A,add_fluorine_051,0.45165159748349,1941
CheMeleon,add_fluorine,A,add_fluorine_052,0.4309556939170143,1941
CheMeleon,add_fluorine,A,add_fluorine_053,0.29371442563716826,1941
CheMeleon,add_fluorine,A,add_fluorine_054,0.3517456327070245,1941
CheMeleon,add_fluorine,A,add_fluorine_055,0.9784392736448828,1941
CheMeleon,add_fluorine,A,add_fluorine_056,0.35865605918104465,1941
CheMeleon,add_fluorine,A,add_fluorine_057,0.362715245689512,1941
CheMeleon,add_fluorine,A,add_fluorine_058,0.2536523230354988,1941
CheMeleon,add_fluorine,A,add_fluorine_059,0.39172773892494667,1941
CheMeleon,add_fluorine,A,add_fluorine_060,0.5557869811850705,1941
CheMeleon,add_fluorine,A,add_fluorine_061,0.5597332132487687,1941
CheMeleon,add_fluorine,A,add_fluorine_062,0.49001711979562496,1941
CheMeleon,add_fluorine,A,add_fluorine_063,0.3451385173729789,1941
CheMeleon,add_fluorine,A,add_fluorine_064,0.31691738554428345,1941
CheMeleon,add_fluorine,A,add_fluorine_065,0.4692969147631076,1941
CheMeleon,add_fluorine,A,add_fluorine_066,0.41586856156860463,1941
CheMeleon,add_fluorine,A,add_fluorine_067,0.3465546838901557,1941
CheMeleon,add_fluorine,A,add_fluorine_068,0.3185747376228689,1941
CheMeleon,add_fluorine,A,add_fluorine_069,0.2688221358488945,1941
CheMeleon,add_fluorine,A,add_fluorine_070,0.31682950597200227,1941
CheMeleon,add_fluorine,A,add_fluorine_071,0.3800890398978424,1941
CheMeleon,add_fluorine,A,add_fluorine_072,0.23985394686698644,1941
CheMeleon,add_fluorine,A,add_fluorine_073,0.32872349056653416,1941
CheMeleon,add_fluorine,A,add_fluorine_074,0.41043483507288214,1941
CheMeleon,add_fluorine,A,add_fluorine_075,0.35668486954999457,1941
CheMeleon,add_fluorine,A,add_fluorine_076,0.46956632831167494,1941
CheMeleon,add_fluorine,A,add_fluorine_077,0.37080074276446173,1941
CheMeleon,add_fluorine,A,add_fluorine_078,0.566166952764695,1941
CheMeleon,add_fluorine,A,add_fluorine_079,0.25092267657335415,1941
CheMeleon,add_fluorine,A,add_fluorine_080,0.47034229213765466,1941
CheMeleon,add_fluorine,A,add_fluorine_081,0.3486782569684791,1941
CheMeleon,add_fluorine,A,add_fluorine_082,0.25825870298014963,1941
CheMeleon,add_fluorine,A,add_fluorine_083,1.0141382068144196,1941
CheMeleon,add_fluorine,A,add_fluorine_084,0.42006581981163926,1941
CheMeleon,add_fluorine,A,add_fluorine_085,0.26809641889081537,1941
CheMeleon,add_fluorine,A,add_fluorine_086,0.43252573182802334,1941
CheMeleon,add_fluorine,A,add_fluorine_087,0.74716352481162,1941
CheMeleon,add_fluorine,A,add_fluorine_088,0.4046770777542813,1941
CheMeleon,add_fluorine,A,add_fluorine_089,0.392711942872023,1941
CheMeleon,add_fluorine,A,add_fluorine_090,0.22761790329802845,1941
CheMeleon,add_fluorine,A,add_fluorine_091,1.6466742575343927,1941
CheMeleon,add_fluorine,A,add_fluorine_092,0.4555333950917456,1941
CheMeleon,add_fluorine,A,add_fluorine_093,0.6110080036828047,1941
CheMeleon,add_fluorine,A,add_fluorine_094,0.2856004617595199,1941
CheMeleon,add_fluorine,A,add_fluorine_095,0.23827836557249613,1941
CheMeleon,add_fluorine,A,add_fluorine_096,0.47636300776949486,1941
CheMeleon,add_fluorine,A,add_fluorine_097,0.4912872384961395,1941
CheMeleon,add_fluorine,A,add_fluorine_098,0.8157328449949687,1941
CheMeleon,add_fluorine,A,add_fluorine_099,0.6750671950810854,1941
CheMeleon,isotope_13c,A,isotope_13c_000,0.00048806260587854275,1941
CheMeleon,isotope_13c,A,isotope_13c_001,0.0013391536426998348,1941
CheMeleon,isotope_13c,A,isotope_13c_002,0.010120589728847707,1941
CheMeleon,isotope_13c,A,isotope_13c_003,0.0007890875437335097,1941
CheMeleon,isotope_13c,A,isotope_13c_004,0.0010872021813766676,1941
CheMeleon,isotope_13c,A,isotope_13c_005,0.0003299262169096838,1941
CheMeleon,isotope_13c,A,isotope_13c_006,0.0008679084816680696,1941
CheMeleon,isotope_13c,A,isotope_13c_007,0.0005219862621165926,1941
CheMeleon,isotope_13c,A,isotope_13c_008,0.001071816762088566,1941
CheMeleon,isotope_13c,A,isotope_13c_009,0.0004858009370183724,1941
CheMeleon,isotope_13c,A,isotope_13c_010,0.00042234231117204915,1941
CheMeleon,isotope_13c,A,isotope_13c_011,0.0005107652610464029,1941
CheMeleon,isotope_13c,A,isotope_13c_012,0.0013079203458728295,1941
CheMeleon,isotope_13c,A,isotope_13c_013,0.0006189374942978771,1941
CheMeleon,isotope_13c,A,isotope_13c_014,0.000977672386557248,1941
CheMeleon,isotope_13c,A,isotope_13c_015,0.0005088539479990588,1941
CheMeleon,isotope_13c,A,isotope_13c_016,0.0005336295584907294,1941
CheMeleon,isotope_13c,A,isotope_13c_017,0.025176351474128923,1941
CheMeleon,isotope_13c,A,isotope_13c_018,0.0006124702022753174,1941
CheMeleon,isotope_13c,A,isotope_13c_019,0.006057495464429882,1941
CheMeleon,isotope_13c,A,isotope_13c_020,0.0008220874922695613,1941
CheMeleon,isotope_13c,A,isotope_13c_021,0.013214275983562512,1941
CheMeleon,isotope_13c,A,isotope_13c_022,0.017106972375974756,1941
CheMeleon,isotope_13c,A,isotope_13c_023,0.000727799100276054,1941
CheMeleon,isotope_13c,A,isotope_13c_024,0.0009052276165467248,1941
CheMeleon,isotope_13c,A,isotope_13c_025,0.001284452159644514,1941
CheMeleon,isotope_13c,A,isotope_13c_026,0.0004781819791089722,1941
CheMeleon,isotope_13c,A,isotope_13c_027,0.0025117897899825286,1941
CheMeleon,isotope_13c,A,isotope_13c_028,0.002269577090249626,1941
CheMeleon,isotope_13c,A,isotope_13c_029,0.1450027354175345,1941
CheMeleon,isotope_13c,A,isotope_13c_030,0.0023704645044307126,1941
CheMeleon,isotope_13c,A,isotope_13c_031,0.026573697635349357,1941
CheMeleon,isotope_13c,A,isotope_13c_032,0.031427675849519436,1941
CheMeleon,isotope_13c,A,isotope_13c_033,0.0010429527253283798,1941
CheMeleon,isotope_13c,A,isotope_13c_034,0.02470593883247739,1941
CheMeleon,isotope_13c,A,isotope_13c_035,0.0004455506478656728,1941
CheMeleon,isotope_13c,A,isotope_13c_036,0.000407754924522624,1941
CheMeleon,isotope_13c,A,isotope_13c_037,0.0010870926564961233,1941
CheMeleon,isotope_13c,A,isotope_13c_038,0.0009378245027538183,1941
CheMeleon,isotope_13c,A,isotope_13c_039,0.0008432667889915174,1941
CheMeleon,isotope_13c,A,isotope_13c_040,0.0009734047669542541,1941
CheMeleon,isotope_13c,A,isotope_13c_041,0.0012994680927066835,1941
CheMeleon,isotope_13c,A,isotope_13c_042,0.0004219565458187911,1941
CheMeleon,isotope_13c,A,isotope_13c_043,0.0008237131961386598,1941
CheMeleon,isotope_13c,A,isotope_13c_044,0.00028075644836216484,1941
CheMeleon,isotope_13c,A,isotope_13c_045,0.0004904817670217764,1941
CheMeleon,isotope_13c,A,isotope_13c_046,0.005189825060239942,1941
CheMeleon,isotope_13c,A,isotope_13c_047,0.00042350990539700897,1941
CheMeleon,isotope_13c,A,isotope_13c_048,0.0005914531022662823,1941
CheMeleon,isotope_13c,A,isotope_13c_049,0.0009791543076706182,1941
CheMeleon,isotope_13c,A,isotope_13c_050,0.00025500983487802093,1941
CheMeleon,isotope_13c,A,isotope_13c_051,0.00044933152945253517,1941
CheMeleon,isotope_13c,A,isotope_13c_052,0.008630548285531208,1941
CheMeleon,isotope_13c,A,isotope_13c_053,0.0005637250753035643,1941
CheMeleon,isotope_13c,A,isotope_13c_054,0.00046483414816953124,1941
CheMeleon,isotope_13c,A,isotope_13c_055,0.0006642437270393251,1941
CheMeleon,isotope_13c,A,isotope_13c_056,0.0004721855266869036,1941
CheMeleon,isotope_13c,A,isotope_13c_057,0.000597309222843131,1941
CheMeleon,isotope_13c,A,isotope_13c_058,0.0008016935407315865,1941
CheMeleon,isotope_13c,A,isotope_13c_059,0.0003339295713332259,1941
CheMeleon,isotope_13c,A,isotope_13c_060,0.0004832541358167807,1941
CheMeleon,isotope_13c,A,isotope_13c_061,0.05039064711984876,1941
CheMeleon,isotope_13c,A,isotope_13c_062,0.01417400167958406,1941
CheMeleon,isotope_13c,A,isotope_13c_063,0.0013165111827169544,1941
CheMeleon,isotope_13c,A,isotope_13c_064,0.0028941176837258683,1941
CheMeleon,isotope_13c,A,isotope_13c_065,0.019832467905156612,1941
CheMeleon,isotope_13c,A,isotope_13c_066,0.0005280531179046515,1941
CheMeleon,isotope_13c,A,isotope_13c_067,0.0017944536084830644,1941
CheMeleon,isotope_13c,A,isotope_13c_068,0.004092737759687254,1941
CheMeleon,isotope_13c,A,isotope_13c_069,0.0005663697795530176,1941
CheMeleon,isotope_13c,A,isotope_13c_070,0.0008562364393867883,1941
CheMeleon,isotope_13c,A,isotope_13c_071,0.002374329293866914,1941
CheMeleon,isotope_13c,A,isotope_13c_072,0.0005721131522673184,1941
CheMeleon,isotope_13c,A,isotope_13c_073,0.0009876346215371976,1941
CheMeleon,isotope_13c,A,isotope_13c_074,0.0007971617165562247,1941
CheMeleon,isotope_13c,A,isotope_13c_075,0.0009851227690757269,1941
CheMeleon,isotope_13c,A,isotope_13c_076,0.0004027111077688831,1941
CheMeleon,isotope_13c,A,isotope_13c_077,0.0012649992266354272,1941
CheMeleon,isotope_13c,A,isotope_13c_078,0.0004748155082566718,1941
CheMeleon,isotope_13c,A,isotope_13c_079,0.0005634877072746469,1941
CheMeleon,isotope_13c,A,isotope_13c_080,0.002740357903949022,1941
CheMeleon,isotope_13c,A,isotope_13c_081,0.0004110412028091465,1941
CheMeleon,isotope_13c,A,isotope_13c_082,0.0006133100604829723,1941
CheMeleon,isotope_13c,A,isotope_13c_083,0.03800133714739163,1941
CheMeleon,isotope_13c,A,isotope_13c_084,0.0005653517320695396,1941
CheMeleon,isotope_13c,A,isotope_13c_085,0.001404715879093771,1941
CheMeleon,isotope_13c,A,isotope_13c_086,0.0015664290800796329,1941
CheMeleon,isotope_13c,A,isotope_13c_087,0.0019824017233911213,1941
CheMeleon,isotope_13c,A,isotope_13c_088,0.0005962077335960691,1941
CheMeleon,isotope_13c,A,isotope_13c_089,0.0003342471454117871,1941
CheMeleon,isotope_13c,A,isotope_13c_090,0.012812860504294227,1941
CheMeleon,isotope_13c,A,isotope_13c_091,0.014716746499828699,1941
CheMeleon,isotope_13c,A,isotope_13c_092,0.0016341896672929662,1941
CheMeleon,isotope_13c,A,isotope_13c_093,0.0014557103883716769,1941
CheMeleon,isotope_13c,A,isotope_13c_094,0.0004436311567575467,1941
CheMeleon,isotope_13c,A,isotope_13c_095,0.0010360503641556747,1941
CheMeleon,isotope_13c,A,isotope_13c_096,0.0006865206865475814,1941
CheMeleon,isotope_13c,A,isotope_13c_097,0.0014386833144196987,1941
CheMeleon,isotope_13c,A,isotope_13c_098,0.0005420020771480628,1941
CheMeleon,isotope_13c,A,isotope_13c_099,0.0005391241848766941,1941
CheMeleon,ring_size,A,ring_size_000,0.39540064654040813,1941
CheMeleon,ring_size,A,ring_size_001,0.23860942690573186,1941
CheMeleon,ring_size,A,ring_size_002,0.18601311350907443,1941
CheMeleon,ring_size,A,ring_size_003,0.3514243450316993,1941
CheMeleon,ring_size,A,ring_size_004,0.14078246086153637,1941
CheMeleon,ring_size,A,ring_size_005,0.20856505909242726,1941
CheMeleon,ring_size,A,ring_size_006,0.3969379775535015,1941
CheMeleon,ring_size,A,ring_size_007,0.29457998031165455,1941
CheMeleon,ring_size,A,ring_size_008,0.2527898573769667,1941
CheMeleon,ring_size,A,ring_size_009,0.17667375603548524,1941
CheMeleon,ring_size,A,ring_size_010,0.23951659420224206,1941
CheMeleon,ring_size,A,ring_size_011,0.2755110664104162,1941
CheMeleon,ring_size,A,ring_size_012,0.17065903273210492,1941
CheMeleon,ring_size,A,ring_size_013,0.207480898668656,1941
CheMeleon,ring_size,A,ring_size_014,0.23062101588737394,1941
CheMeleon,ring_size,A,ring_size_015,0.21968952372053338,1941
CheMeleon,ring_size,A,ring_size_016,0.3713604433556186,1941
CheMeleon,ring_size,A,ring_size_017,0.19793484554364293,1941
CheMeleon,ring_size,A,ring_size_018,0.33363199392701287,1941
CheMeleon,ring_size,A,ring_size_019,0.3287236343390646,1941
CheMeleon,ring_size,A,ring_size_020,0.2896161810843124,1941
CheMeleon,ring_size,A,ring_size_021,0.16385403818172345,1941
CheMeleon,ring_size,A,ring_size_022,0.2611803799114295,1941
CheMeleon,ring_size,A,ring_size_023,0.27843472877875725,1941
CheMeleon,ring_size,A,ring_size_024,0.27499265453543675,1941
CheMeleon,ring_size,A,ring_size_025,0.44554978445614757,1941
CheMeleon,ring_size,A,ring_size_026,0.2860276289806579,1941
CheMeleon,ring_size,A,ring_size_027,0.22459011722012245,1941
CheMeleon,ring_size,A,ring_size_028,0.30303824784301375,1941
CheMeleon,ring_size,A,ring_size_029,0.22262135945338482,1941
CheMeleon,ring_size,A,ring_size_030,0.5074431270562486,1941
CheMeleon,ring_size,A,ring_size_031,0.2329686982946519,1941
CheMeleon,ring_size,A,ring_size_032,0.18626833167975188,1941
CheMeleon,ring_size,A,ring_size_033,0.19417159030649123,1941
CheMeleon,ring_size,A,ring_size_034,0.24707307564219733,1941
CheMeleon,ring_size,A,ring_size_035,0.19843843321154106,1941
CheMeleon,ring_size,A,ring_size_036,0.2803311144419198,1941
CheMeleon,ring_size,A,ring_size_037,0.28863958549075697,1941
CheMeleon,ring_size,A,ring_size_038,0.19361659055218503,1941
CheMeleon,ring_size,A,ring_size_039,0.2037814245935897,1941
CheMeleon,ring_size,A,ring_size_040,0.26815915647754235,1941
CheMeleon,ring_size,A,ring_size_041,0.18502732199837976,1941
CheMeleon,ring_size,A,ring_size_042,0.2879418645218578,1941
CheMeleon,ring_size,A,ring_size_043,0.1790880398400694,1941
CheMeleon,ring_size,A,ring_size_044,0.26680590685522065,1941
CheMeleon,ring_size,A,ring_size_045,0.2729193267449605,1941
CheMeleon,ring_size,A,ring_size_046,0.26405925761879145,1941
CheMeleon,ring_size,A,ring_size_047,0.1797781124087423,1941
CheMeleon,ring_size,A,ring_size_048,0.2344694287612257,1941
CheMeleon,ring_size,A,ring_size_049,0.20876887853419857,1941
CheMeleon,ring_size,A,ring_size_050,0.27390335357664525,1941
CheMeleon,ring_size,A,ring_size_051,0.16862019303546788,1941
CheMeleon,ring_size,A,ring_size_052,0.283346231636351,1941
CheMeleon,ring_size,A,ring_size_053,0.26354823886371126,1941
CheMeleon,ring_size,A,ring_size_054,0.2631006210529091,1941
CheMeleon,ring_size,A,ring_size_055,0.22501032192410414,1941
CheMeleon,ring_size,A,ring_size_056,0.18415828500182624,1941
CheMeleon,ring_size,A,ring_size_057,0.31728150642883796,1941
CheMeleon,ring_size,A,ring_size_058,0.1723463227822412,1941
CheMeleon,ring_size,A,ring_size_059,0.21057738591591144,1941
CheMeleon,ring_size,A,ring_size_060,0.824378693518142,1941
CheMeleon,ring_size,A,ring_size_061,0.27204736709141597,1941
CheMeleon,ring_size,A,ring_size_062,0.2586370577488839,1941
CheMeleon,ring_size,A,ring_size_063,0.1842725526859903,1941
CheMeleon,ring_size,A,ring_size_064,0.19675935401522487,1941
CheMeleon,ring_size,A,ring_size_065,0.28146635952032334,1941
CheMeleon,ring_size,A,ring_size_066,0.3980356870430055,1941
CheMeleon,ring_size,A,ring_size_067,0.22764667916866296,1941
CheMeleon,ring_size,A,ring_size_068,0.24642267870636178,1941
CheMeleon,ring_size,A,ring_size_069,5.101075893924715e-07,1941
CheMeleon,ring_size,A,ring_size_070,0.8908223574776748,1941
CheMeleon,ring_size,A,ring_size_071,0.23624541885382144,1941
CheMeleon,ring_size,A,ring_size_072,0.22711373791388295,1941
CheMeleon,ring_size,A,ring_size_073,0.20755457222724755,1941
CheMeleon,ring_size,A,ring_size_074,0.21472394324333616,1941
CheMeleon,ring_size,A,ring_size_075,0.3029324711388556,1941
CheMeleon,ring_size,A,ring_size_076,0.41346071376905774,1941
CheMeleon,ring_size,A,ring_size_077,0.227685283805251,1941
CheMeleon,ring_size,A,ring_size_078,0.33004924335397084,1941
CheMeleon,ring_size,A,ring_size_079,0.15318198069481684,1941
CheMeleon,ring_size,A,ring_size_080,0.23892300507981634,1941
CheMeleon,ring_size,A,ring_size_081,0.2882140825229467,1941
CheMeleon,ring_size,A,ring_size_082,0.26651000503411404,1941
CheMeleon,ring_size,A,ring_size_083,0.5420146040847269,1941
CheMeleon,ring_size,A,ring_size_084,0.22676482571703271,1941
CheMeleon,ring_size,A,ring_size_085,0.19419066962043974,1941
CheMeleon,ring_size,A,ring_size_086,0.3338540872224574,1941
CheMeleon,ring_size,A,ring_size_087,0.19634789496249688,1941
CheMeleon,ring_size,A,ring_size_088,0.4469801011090654,1941
CheMeleon,ring_size,A,ring_size_089,0.15936890693817796,1941
CheMeleon,ring_size,A,ring_size_090,0.33493087506085006,1941
CheMeleon,ring_size,A,ring_size_091,0.21940320878484681,1941
CheMeleon,ring_size,A,ring_size_092,0.19080754833979283,1941
CheMeleon,ring_size,A,ring_size_093,0.32760685510160553,1941
CheMeleon,ring_size,A,ring_size_094,0.2820851339057726,1941
CheMeleon,ring_size,A,ring_size_095,0.20258411741086088,1941
CheMeleon,ring_size,A,ring_size_096,0.3127051785058129,1941
CheMeleon,ring_size,A,ring_size_097,0.3445945613181597,1941
CheMeleon,ring_size,A,ring_size_098,0.23475329929756422,1941
CheMeleon,ring_size,A,ring_size_099,0.22566622881743698,1941
CheMeleon,regioisomer,A,regioisomer_000,1.0926386638482928,1941
CheMeleon,regioisomer,A,regioisomer_001,1.2331017995914437,1941
CheMeleon,regioisomer,A,regioisomer_002,1.0482753794937445,1941
CheMeleon,regioisomer,A,regioisomer_003,0.8555000568752867,1941
CheMeleon,regioisomer,A,regioisomer_004,0.8537611723833004,1941
CheMeleon,regioisomer,A,regioisomer_005,0.7115270456025227,1941
CheMeleon,regioisomer,A,regioisomer_006,0.7961263533826388,1941
CheMeleon,regioisomer,A,regioisomer_007,1.978293883779257,1941
CheMeleon,regioisomer,A,regioisomer_008,1.2087276500257254,1941
CheMeleon,regioisomer,A,regioisomer_009,1.353580916072667,1941
CheMeleon,regioisomer,A,regioisomer_010,1.130078133428497,1941
CheMeleon,regioisomer,A,regioisomer_011,1.5628280336249276,1941
CheMeleon,regioisomer,A,regioisomer_012,0.9697832609754657,1941
CheMeleon,regioisomer,A,regioisomer_013,1.1159661618035872,1941
CheMeleon,regioisomer,A,regioisomer_014,0.7879295049189182,1941
CheMeleon,regioisomer,A,regioisomer_015,1.1943270455895376,1941
CheMeleon,regioisomer,A,regioisomer_016,0.9257357886343172,1941
CheMeleon,regioisomer,A,regioisomer_017,0.9267972359913,1941
CheMeleon,regioisomer,A,regioisomer_018,1.2137112876193783,1941
CheMeleon,regioisomer,A,regioisomer_019,0.7314187541075361,1941
CheMeleon,regioisomer,A,regioisomer_020,1.3000993593016072,1941
CheMeleon,regioisomer,A,regioisomer_021,2.845325539112388,1941
CheMeleon,regioisomer,A,regioisomer_022,0.6399054481895952,1941
CheMeleon,regioisomer,A,regioisomer_023,1.5998840135205867,1941
CheMeleon,regioisomer,A,regioisomer_024,1.354418562066687,1941
CheMeleon,regioisomer,A,regioisomer_025,1.492349800860422,1941
CheMeleon,regioisomer,A,regioisomer_026,1.5464107849892863,1941
CheMeleon,regioisomer,A,regioisomer_027,1.0747959469084236,1941
CheMeleon,regioisomer,A,regioisomer_028,1.048156257691308,1941
CheMeleon,regioisomer,A,regioisomer_029,0.9125031907858403,1941
CheMeleon,regioisomer,A,regioisomer_030,0.9163406984733683,1941
CheMeleon,regioisomer,A,regioisomer_031,1.2077829395530812,1941
CheMeleon,regioisomer,A,regioisomer_032,1.065845334282042,1941
CheMeleon,regioisomer,A,regioisomer_033,0.7986845681532481,1941
CheMeleon,regioisomer,A,regioisomer_034,0.9605346080286599,1941
CheMeleon,regioisomer,A,regioisomer_035,1.869845590933986,1941
CheMeleon,regioisomer,A,regioisomer_036,1.1885787442101943,1941
CheMeleon,regioisomer,A,regioisomer_037,0.8801510566821953,1941
CheMeleon,regioisomer,A,regioisomer_038,0.9402192834083584,1941
CheMeleon,regioisomer,A,regioisomer_039,0.8267856132740729,1941
CheMeleon,regioisomer,A,regioisomer_040,0.7757599310487359,1941
CheMeleon,regioisomer,A,regioisomer_041,0.6419513713098892,1941
CheMeleon,regioisomer,A,regioisomer_042,1.2418245487615576,1941
CheMeleon,regioisomer,A,regioisomer_043,1.1302737544192325,1941
CheMeleon,regioisomer,A,regioisomer_044,1.1371777057609214,1941
CheMeleon,regioisomer,A,regioisomer_045,1.248633063759701,1941
CheMeleon,regioisomer,A,regioisomer_046,1.6111722345502524,1941
CheMeleon,regioisomer,A,regioisomer_047,1.1318474096162627,1941
CheMeleon,regioisomer,A,regioisomer_048,1.0689615580156462,1941
CheMeleon,regioisomer,A,regioisomer_049,1.0800175946922745,1941
CheMeleon,regioisomer,A,regioisomer_050,1.1283643500776772,1941
CheMeleon,regioisomer,A,regioisomer_051,1.2137112876193783,1941
CheMeleon,regioisomer,A,regioisomer_052,1.1747142502557621,1941
CheMeleon,regioisomer,A,regioisomer_053,1.208742706596453,1941
CheMeleon,regioisomer,A,regioisomer_054,0.7703321513730544,1941
CheMeleon,regioisomer,A,regioisomer_055,0.8344652342688642,1941
CheMeleon,regioisomer,A,regioisomer_056,0.9451971170058058,1941
CheMeleon,regioisomer,A,regioisomer_057,0.7777707249894926,1941
CheMeleon,regioisomer,A,regioisomer_058,1.2386411441461476,1941
CheMeleon,regioisomer,A,regioisomer_059,1.0145573901771163,1941
CheMeleon,regioisomer,A,regioisomer_060,0.636822279937174,1941
CheMeleon,regioisomer,A,regioisomer_061,1.0292476241910482,1941
CheMeleon,regioisomer,A,regioisomer_062,1.1770257245136837,1941
CheMeleon,regioisomer,A,regioisomer_063,1.0593372211748875,1941
CheMeleon,regioisomer,A,regioisomer_064,1.0075666559569698,1941
CheMeleon,regioisomer,A,regioisomer_065,0.7607160691119151,1941
CheMeleon,regioisomer,A,regioisomer_066,1.7126519138234029,1941
CheMeleon,regioisomer,A,regioisomer_067,1.0397441644221648,1941
CheMeleon,regioisomer,A,regioisomer_068,1.8823533053227277,1941
CheMeleon,regioisomer,A,regioisomer_069,0.9571564289388865,1941
CheMeleon,regioisomer,A,regioisomer_070,1.0309813353897883,1941
CheMeleon,regioisomer,A,regioisomer_071,0.8242279806132748,1941
CheMeleon,regioisomer,A,regioisomer_072,0.9373035742643945,1941
CheMeleon,regioisomer,A,regioisomer_073,1.3145952231027414,1941
CheMeleon,regioisomer,A,regioisomer_074,0.7390460857477384,1941
CheMeleon,regioisomer,A,regioisomer_075,0.7558905976283357,1941
CheMeleon,regioisomer,A,regioisomer_076,0.8330609602128697,1941
CheMeleon,regioisomer,A,regioisomer_077,2.1938616213728266,1941
CheMeleon,regioisomer,A,regioisomer_078,0.7902425096731988,1941
CheMeleon,regioisomer,A,regioisomer_079,0.9728756727148437,1941
CheMeleon,regioisomer,A,regioisomer_080,1.056270020164168,1941
CheMeleon,regioisomer,A,regioisomer_081,1.1376571936917625,1941
CheMeleon,regioisomer,A,regioisomer_082,1.0619755400900033,1941
CheMeleon,regioisomer,A,regioisomer_083,1.0478608085107242,1941
CheMeleon,regioisomer,A,regioisomer_084,1.192116878024728,1941
CheMeleon,regioisomer,A,regioisomer_085,0.7936880477301073,1941
CheMeleon,regioisomer,A,regioisomer_086,1.0872303952176647,1941
CheMeleon,regioisomer,A,regioisomer_087,0.9472172313034748,1941
CheMeleon,regioisomer,A,regioisomer_088,0.5897613856194059,1941
CheMeleon,regioisomer,A,regioisomer_089,1.0127230572726063,1941
CheMeleon,regioisomer,A,regioisomer_090,1.2219265805267874,1941
CheMeleon,regioisomer,A,regioisomer_091,0.9514418821860221,1941
CheMeleon,regioisomer,A,regioisomer_092,1.0523869943985211,1941
CheMeleon,regioisomer,A,regioisomer_093,0.7270121011328763,1941
CheMeleon,regioisomer,A,regioisomer_094,1.4465195670497937,1941
CheMeleon,regioisomer,A,regioisomer_095,1.7051602361878764,1941
CheMeleon,regioisomer,A,regioisomer_096,1.1318474096162627,1941
CheMeleon,regioisomer,A,regioisomer_097,0.9276582486616466,1941
CheMeleon,regioisomer,A,regioisomer_098,0.8753088839195191,1941
CheMeleon,regioisomer,A,regioisomer_099,1.4219269992115848,1941
CheMeleon,matched_mw,A,matched_mw_000,4.775520182712167,1941
CheMeleon,matched_mw,A,matched_mw_001,4.514773379318074,1941
CheMeleon,matched_mw,A,matched_mw_002,4.788050782921457,1941
CheMeleon,matched_mw,A,matched_mw_003,2.767988541908571,1941
CheMeleon,matched_mw,A,matched_mw_004,5.793798067369515,1941
CheMeleon,matched_mw,A,matched_mw_005,17.85295591819114,1941
CheMeleon,matched_mw,A,matched_mw_006,7.700529729324352,1941
CheMeleon,matched_mw,A,matched_mw_007,9.81998202200446,1941
CheMeleon,matched_mw,A,matched_mw_008,3.831944625970032,1941
CheMeleon,matched_mw,A,matched_mw_009,3.41959882337649,1941
CheMeleon,matched_mw,A,matched_mw_010,1.548381043847543,1941
CheMeleon,matched_mw,A,matched_mw_011,2.2144813505336916,1941
CheMeleon,matched_mw,A,matched_mw_012,3.714527540370421,1941
CheMeleon,matched_mw,A,matched_mw_013,3.2576789719201282,1941
CheMeleon,matched_mw,A,matched_mw_014,16.895083145632864,1941
CheMeleon,matched_mw,A,matched_mw_015,140.88840952941246,1941
CheMeleon,matched_mw,A,matched_mw_016,5.38331473570575,1941
CheMeleon,matched_mw,A,matched_mw_017,1.7197691366510726,1941
CheMeleon,matched_mw,A,matched_mw_018,1.012199544673525,1941
CheMeleon,matched_mw,A,matched_mw_019,2.2013569497182015,1941
CheMeleon,matched_mw,A,matched_mw_020,14.494610658637935,1941
CheMeleon,matched_mw,A,matched_mw_021,1.7326409321143963,1941
CheMeleon,matched_mw,A,matched_mw_022,1.6936238216184916,1941
CheMeleon,matched_mw,A,matched_mw_023,3.12198475276311,1941
CheMeleon,matched_mw,A,matched_mw_024,1.908962618746188,1941
CheMeleon,matched_mw,A,matched_mw_025,2.5527195358633055,1941
CheMeleon,matched_mw,A,matched_mw_026,2.7048035871979232,1941
CheMeleon,matched_mw,A,matched_mw_027,3.415316850523208,1941
CheMeleon,matched_mw,A,matched_mw_028,2.3844481833204605,1941
CheMeleon,matched_mw,A,matched_mw_029,3.534174629918757,1941
CheMeleon,matched_mw,A,matched_mw_030,2.259491766038349,1941
CheMeleon,matched_mw,A,matched_mw_031,2.2560124532965755,1941
CheMeleon,matched_mw,A,matched_mw_032,2.1740459759696074,1941
CheMeleon,matched_mw,A,matched_mw_033,4.531359134720003,1941
CheMeleon,matched_mw,A,matched_mw_034,4.429662633484521,1941
CheMeleon,matched_mw,A,matched_mw_035,1.5930249397638512,1941
CheMeleon,matched_mw,A,matched_mw_036,2.0543159201812187,1941
CheMeleon,matched_mw,A,matched_mw_037,9.624109940299316,1941
CheMeleon,matched_mw,A,matched_mw_038,1.836036636697361,1941
CheMeleon,matched_mw,A,matched_mw_039,2.4378954051393764,1941
CheMeleon,matched_mw,A,matched_mw_040,2.306908785898843,1941
CheMeleon,matched_mw,A,matched_mw_041,2.166406618221987,1941
CheMeleon,matched_mw,A,matched_mw_042,2.0028666532255817,1941
CheMeleon,matched_mw,A,matched_mw_043,5.458936198533177,1941
CheMeleon,matched_mw,A,matched_mw_044,1.911305444402308,1941
CheMeleon,matched_mw,A,matched_mw_045,2.088458527535754,1941
CheMeleon,matched_mw,A,matched_mw_046,2.754636274094508,1941
CheMeleon,matched_mw,A,matched_mw_047,2.540071352637146,1941
CheMeleon,matched_mw,A,matched_mw_048,1.5094449812573671,1941
CheMeleon,matched_mw,A,matched_mw_049,1.2469630555496207,1941
CheMeleon,matched_mw,A,matched_mw_050,2.10835997311341,1941
CheMeleon,matched_mw,A,matched_mw_051,2.903451331668909,1941
CheMeleon,matched_mw,A,matched_mw_052,2.3656136155759433,1941
CheMeleon,matched_mw,A,matched_mw_053,2.146930491192886,1941
CheMeleon,matched_mw,A,matched_mw_054,1.5611919596643964,1941
CheMeleon,matched_mw,A,matched_mw_055,1.8137015819151496,1941
CheMeleon,matched_mw,A,matched_mw_056,3.1766356106863705,1941
CheMeleon,matched_mw,A,matched_mw_057,3.2946428145854836,1941
CheMeleon,matched_mw,A,matched_mw_058,2.271370631947314,1941
CheMeleon,matched_mw,A,matched_mw_059,1.3615157771087711,1941
CheMeleon,matched_mw,A,matched_mw_060,2.272939836601779,1941
CheMeleon,matched_mw,A,matched_mw_061,23.663885293093163,1941
CheMeleon,matched_mw,A,matched_mw_062,0.8641731659146521,1941
CheMeleon,matched_mw,A,matched_mw_063,5.990596562164676,1941
CheMeleon,matched_mw,A,matched_mw_064,1.9506121226813373,1941
CheMeleon,matched_mw,A,matched_mw_065,1.1535131586360046,1941
CheMeleon,matched_mw,A,matched_mw_066,1.8092453866510974,1941
CheMeleon,matched_mw,A,matched_mw_067,1.905883182548637,1941
CheMeleon,matched_mw,A,matched_mw_068,2.0496719193581074,1941
CheMeleon,matched_mw,A,matched_mw_069,2.5553823346200017,1941
CheMeleon,matched_mw,A,matched_mw_070,2.171719444043719,1941
CheMeleon,matched_mw,A,matched_mw_071,1.8521853368434893,1941
CheMeleon,matched_mw,A,matched_mw_072,5.388968442089595,1941
CheMeleon,matched_mw,A,matched_mw_073,2.5778263065906732,1941
CheMeleon,matched_mw,A,matched_mw_074,2.792147700315741,1941
CheMeleon,matched_mw,A,matched_mw_075,2.9710552875159038,1941
CheMeleon,matched_mw,A,matched_mw_076,3.114424446250258,1941
CheMeleon,matched_mw,A,matched_mw_077,1.3487420998199648,1941
CheMeleon,matched_mw,A,matched_mw_078,2.2295799031408308,1941
CheMeleon,matched_mw,A,matched_mw_079,2.551691798421504,1941
CheMeleon,matched_mw,A,matched_mw_080,1.1646287538565672,1941
CheMeleon,matched_mw,A,matched_mw_081,2.1181554024833216,1941
CheMeleon,matched_mw,A,matched_mw_082,2.6713267715360676,1941
CheMeleon,matched_mw,A,matched_mw_083,2.1922856166508495,1941
CheMeleon,matched_mw,A,matched_mw_084,2.120963315448872,1941
CheMeleon,matched_mw,A,matched_mw_085,1.7133150353555484,1941
CheMeleon,matched_mw,A,matched_mw_086,1.9916960060711895,1941
CheMeleon,matched_mw,A,matched_mw_087,3.011449455333827,1941
CheMeleon,matched_mw,A,matched_mw_088,1.8228299416077502,1941
CheMeleon,matched_mw,A,matched_mw_089,1.1381496917624134,1941
CheMeleon,matched_mw,A,matched_mw_090,2.6066203748533048,1941
CheMeleon,matched_mw,A,matched_mw_091,3.492513108852785,1941
CheMeleon,matched_mw,A,matched_mw_092,1.7487012577886352,1941
CheMeleon,matched_mw,A,matched_mw_093,1.78926182567788,1941
CheMeleon,matched_mw,A,matched_mw_094,1.869723082944077,1941
CheMeleon,matched_mw,A,matched_mw_095,1.3291155928313267,1941
CheMeleon,matched_mw,A,matched_mw_096,1.3581483338976124,1941
CheMeleon,matched_mw,A,matched_mw_097,1.9838235163003848,1941
CheMeleon,matched_mw,A,matched_mw_098,2.7374822691363994,1941
CheMeleon,matched_mw,A,matched_mw_099,2.3955374655448822,1941
CheMeleon,matched_descriptors,A,matched_descriptors_000,0.5497836926731972,1941
CheMeleon,matched_descriptors,A,matched_descriptors_001,0.6508186065567033,1941
CheMeleon,matched_descriptors,A,matched_descriptors_002,0.4973987244256605,1941
CheMeleon,matched_descriptors,A,matched_descriptors_003,1.8203949844900353,1941
CheMeleon,matched_descriptors,A,matched_descriptors_004,0.4584328222660377,1941
CheMeleon,matched_descriptors,A,matched_descriptors_005,0.5210813706967966,1941
CheMeleon,matched_descriptors,A,matched_descriptors_006,0.6908784557244149,1941
CheMeleon,matched_descriptors,A,matched_descriptors_007,0.9119449893920257,1941
CheMeleon,matched_descriptors,A,matched_descriptors_008,0.7094853475145727,1941
CheMeleon,matched_descriptors,A,matched_descriptors_009,0.6033051790644011,1941
CheMeleon,matched_descriptors,A,matched_descriptors_010,0.8174448967302976,1941
CheMeleon,matched_descriptors,A,matched_descriptors_011,0.8746354335753155,1941
CheMeleon,matched_descriptors,A,matched_descriptors_012,0.9020273004774366,1941
CheMeleon,matched_descriptors,A,matched_descriptors_013,0.6237862691896472,1941
CheMeleon,matched_descriptors,A,matched_descriptors_014,1.2018931771491135,1941
CheMeleon,matched_descriptors,A,matched_descriptors_015,0.8368096987121663,1941
CheMeleon,matched_descriptors,A,matched_descriptors_016,1.0421562927448242,1941
CheMeleon,matched_descriptors,A,matched_descriptors_017,0.7299167074916472,1941
CheMeleon,matched_descriptors,A,matched_descriptors_018,0.5642126120688532,1941
CheMeleon,matched_descriptors,A,matched_descriptors_019,5.416741977263101,1941
CheMeleon,matched_descriptors,A,matched_descriptors_020,0.9144998543204658,1941
CheMeleon,matched_descriptors,A,matched_descriptors_021,0.6475001359139205,1941
CheMeleon,matched_descriptors,A,matched_descriptors_022,0.5037168829412592,1941
CheMeleon,matched_descriptors,A,matched_descriptors_023,0.6133375254196864,1941
CheMeleon,matched_descriptors,A,matched_descriptors_024,0.5866686351361291,1941
CheMeleon,matched_descriptors,A,matched_descriptors_025,1.374145922633518,1941
CheMeleon,matched_descriptors,A,matched_descriptors_026,0.8109341487239033,1941
CheMeleon,matched_descriptors,A,matched_descriptors_027,0.8686489159013099,1941
CheMeleon,matched_descriptors,A,matched_descriptors_028,0.5567523781785811,1941
CheMeleon,matched_descriptors,A,matched_descriptors_029,0.5637276195347865,1941
CheMeleon,matched_descriptors,A,matched_descriptors_030,0.7008414410994391,1941
CheMeleon,matched_descriptors,A,matched_descriptors_031,0.620259783503683,1941
CheMeleon,matched_descriptors,A,matched_descriptors_032,0.9931509217849143,1941
CheMeleon,matched_descriptors,A,matched_descriptors_033,0.6023309116864086,1941
CheMeleon,matched_descriptors,A,matched_descriptors_034,0.6952709208475395,1941
CheMeleon,matched_descriptors,A,matched_descriptors_035,0.8256911860509523,1941
CheMeleon,matched_descriptors,A,matched_descriptors_036,0.8392064958579758,1941
CheMeleon,matched_descriptors,A,matched_descriptors_037,0.7002535502472024,1941
CheMeleon,matched_descriptors,A,matched_descriptors_038,0.5059710586686158,1941
CheMeleon,matched_descriptors,A,matched_descriptors_039,0.7256746028577482,1941
CheMeleon,matched_descriptors,A,matched_descriptors_040,0.8894188757460681,1941
CheMeleon,matched_descriptors,A,matched_descriptors_041,7.662439443539116,1941
CheMeleon,matched_descriptors,A,matched_descriptors_042,0.8166884111885332,1941
CheMeleon,matched_descriptors,A,matched_descriptors_043,2.1954359473875913,1941
CheMeleon,matched_descriptors,A,matched_descriptors_044,0.6883553838628103,1941
CheMeleon,matched_descriptors,A,matched_descriptors_045,0.8570195224484305,1941
CheMeleon,matched_descriptors,A,matched_descriptors_046,0.9035498563098536,1941
CheMeleon,matched_descriptors,A,matched_descriptors_047,0.6204954640986682,1941
CheMeleon,matched_descriptors,A,matched_descriptors_048,0.5546781393989731,1941
CheMeleon,matched_descriptors,A,matched_descriptors_049,0.63368808149241,1941
CheMeleon,matched_descriptors,A,matched_descriptors_050,0.7867685270033159,1941
CheMeleon,matched_descriptors,A,matched_descriptors_051,0.5856510286692508,1941
CheMeleon,matched_descriptors,A,matched_descriptors_052,0.6619849342067917,1941
CheMeleon,matched_descriptors,A,matched_descriptors_053,0.6580052508390521,1941
CheMeleon,matched_descriptors,A,matched_descriptors_054,0.6046077013135268,1941
CheMeleon,matched_descriptors,A,matched_descriptors_055,1.125593802968793,1941
CheMeleon,matched_descriptors,A,matched_descriptors_056,0.8409793028956869,1941
CheMeleon,matched_descriptors,A,matched_descriptors_057,0.9109328189870046,1941
CheMeleon,matched_descriptors,A,matched_descriptors_058,0.60007771037521,1941
CheMeleon,matched_descriptors,A,matched_descriptors_059,0.9386947930516706,1941
CheMeleon,matched_descriptors,A,matched_descriptors_060,0.5828229099973742,1941
CheMeleon,matched_descriptors,A,matched_descriptors_061,0.9262751950452839,1941
CheMeleon,matched_descriptors,A,matched_descriptors_062,0.5562803507431181,1941
CheMeleon,matched_descriptors,A,matched_descriptors_063,0.6745418701437819,1941
CheMeleon,matched_descriptors,A,matched_descriptors_064,0.8224764252527899,1941
CheMeleon,matched_descriptors,A,matched_descriptors_065,0.7950350338176315,1941
CheMeleon,matched_descriptors,A,matched_descriptors_066,0.9846339003588268,1941
CheMeleon,matched_descriptors,A,matched_descriptors_067,3.713455513502345,1941
CheMeleon,matched_descriptors,A,matched_descriptors_068,0.5139724186144657,1941
CheMeleon,matched_descriptors,A,matched_descriptors_069,0.5139191822546861,1941
CheMeleon,matched_descriptors,A,matched_descriptors_070,0.874012873203003,1941
CheMeleon,matched_descriptors,A,matched_descriptors_071,0.6925909983942506,1941
CheMeleon,matched_descriptors,A,matched_descriptors_072,1.338901524734824,1941
CheMeleon,matched_descriptors,A,matched_descriptors_073,0.7550553938093723,1941
CheMeleon,matched_descriptors,A,matched_descriptors_074,0.6555019436414665,1941
CheMeleon,matched_descriptors,A,matched_descriptors_075,0.5812535739901452,1941
CheMeleon,matched_descriptors,A,matched_descriptors_076,1.6807150099018906,1941
CheMeleon,matched_descriptors,A,matched_descriptors_077,25.46380018987857,1941
CheMeleon,matched_descriptors,A,matched_descriptors_078,0.8648568533272464,1941
CheMeleon,matched_descriptors,A,matched_descriptors_079,0.6235458003387525,1941
CheMeleon,matched_descriptors,A,matched_descriptors_080,0.9520870012831678,1941
CheMeleon,matched_descriptors,A,matched_descriptors_081,0.7465059192032865,1941
CheMeleon,matched_descriptors,A,matched_descriptors_082,0.6126037270504344,1941
CheMeleon,matched_descriptors,A,matched_descriptors_083,1.0050685539524373,1941
CheMeleon,matched_descriptors,A,matched_descriptors_084,1.464991105847439,1941
CheMeleon,matched_descriptors,A,matched_descriptors_085,0.9455864653375999,1941
CheMeleon,matched_descriptors,A,matched_descriptors_086,0.8782516101938237,1941
CheMeleon,matched_descriptors,A,matched_descriptors_087,0.6189776338751825,1941
CheMeleon,matched_descriptors,A,matched_descriptors_088,1.1134273719789187,1941
CheMeleon,matched_descriptors,A,matched_descriptors_089,0.7604880315328691,1941
CheMeleon,matched_descriptors,A,matched_descriptors_090,1.5079155794049228,1941
CheMeleon,matched_descriptors,A,matched_descriptors_091,0.9467264631337203,1941
CheMeleon,matched_descriptors,A,matched_descriptors_092,0.9099952379491827,1941
CheMeleon,matched_descriptors,A,matched_descriptors_093,1.6570014648545053,1941
CheMeleon,matched_descriptors,A,matched_descriptors_094,0.9206798492973819,1941
CheMeleon,matched_descriptors,A,matched_descriptors_095,10.435455232305218,1941
CheMeleon,matched_descriptors,A,matched_descriptors_096,0.7160639460651367,1941
CheMeleon,matched_descriptors,A,matched_descriptors_097,0.8213711486332175,1941
CheMeleon,matched_descriptors,A,matched_descriptors_098,0.6851122166768495,1941
CheMeleon,matched_descriptors,A,matched_descriptors_099,0.7800682012358059,1941
CheMeleon,smiles_enumeration,B,smiles_enumeration_000,0.0,1941
CheMeleon,smiles_enumeration,B,smiles_enumeration_001,0.0,1941
CheMeleon,smiles_enumeration,B,smiles_enumeration_002,0.0,1941
CheMeleon,smiles_enumeration,B,smiles_enumeration_003,0.0,1941
CheMeleon,smiles_enumeration,B,smiles_enumeration_004,0.0,1941
CheMeleon,smiles_enumeration,B,smiles_enumeration_005,0.0,1941
CheMeleon,smiles_enumeration,B,smiles_enumeration_006,0.0,1941
CheMeleon,smiles_enumeration,B,smiles_enumeration_007,0.0,1941
CheMeleon,smiles_enumeration,B,smiles_enumeration_008,0.0,1941
CheMeleon,smiles_enumeration,B,smiles_enumeration_009,0.0,1941
CheMeleon,smiles_enumeration,B,smiles_enumeration_010,0.0,1941
CheMeleon,smiles_enumeration,B,smiles_enumeration_011,0.0,1941
CheMeleon,smiles_enumeration,B,smiles_enumeration_012,0.0,1941
CheMeleon,smiles_enumeration,B,smiles_enumeration_013,0.0,1941
CheMeleon,smiles_enumeration,B,smiles_enumeration_014,0.0,1941
CheMeleon,smiles_enumeration,B,smiles_enumeration_015,0.0,1941
CheMeleon,smiles_enumeration,B,smiles_enumeration_016,0.0,1941
CheMeleon,smiles_enumeration,B,smiles_enumeration_017,0.0,1941
CheMeleon,smiles_enumeration,B,smiles_enumeration_018,0.0,1941
CheMeleon,smiles_enumeration,B,smiles_enumeration_019,0.0,1941
CheMeleon,smiles_enumeration,B,smiles_enumeration_020,0.0,1941
CheMeleon,smiles_enumeration,B,smiles_enumeration_021,0.0,1941
CheMeleon,smiles_enumeration,B,smiles_enumeration_022,0.0,1941
CheMeleon,smiles_enumeration,B,smiles_enumeration_023,0.0,1941
CheMeleon,smiles_enumeration,B,smiles_enumeration_024,0.0,1941
CheMeleon,smiles_enumeration,B,smiles_enumeration_025,0.0,1941
CheMeleon,smiles_enumeration,B,smiles_enumeration_026,0.0,1941
CheMeleon,smiles_enumeration,B,smiles_enumeration_027,0.0,1941
CheMeleon,smiles_enumeration,B,smiles_enumeration_028,0.0,1941
CheMeleon,smiles_enumeration,B,smiles_enumeration_029,0.0,1941
CheMeleon,smiles_enumeration,B,smiles_enumeration_030,0.0,1941
CheMeleon,smiles_enumeration,B,smiles_enumeration_031,0.0,1941
CheMeleon,smiles_enumeration,B,smiles_enumeration_032,0.0,1941
CheMeleon,smiles_enumeration,B,smiles_enumeration_033,0.0,1941
CheMeleon,smiles_enumeration,B,smiles_enumeration_034,0.0,1941
CheMeleon,smiles_enumeration,B,smiles_enumeration_035,0.0,1941
CheMeleon,smiles_enumeration,B,smiles_enumeration_036,0.0,1941
CheMeleon,smiles_enumeration,B,smiles_enumeration_037,0.0,1941
CheMeleon,smiles_enumeration,B,smiles_enumeration_038,0.0,1941
CheMeleon,smiles_enumeration,B,smiles_enumeration_039,0.0,1941
CheMeleon,smiles_enumeration,B,smiles_enumeration_040,0.0,1941
CheMeleon,smiles_enumeration,B,smiles_enumeration_041,0.0,1941
CheMeleon,smiles_enumeration,B,smiles_enumeration_042,0.0,1941
CheMeleon,smiles_enumeration,B,smiles_enumeration_043,0.0,1941
CheMeleon,smiles_enumeration,B,smiles_enumeration_044,0.0,1941
CheMeleon,smiles_enumeration,B,smiles_enumeration_045,0.0,1941
CheMeleon,smiles_enumeration,B,smiles_enumeration_046,0.0,1941
CheMeleon,smiles_enumeration,B,smiles_enumeration_047,0.0,1941
CheMeleon,smiles_enumeration,B,smiles_enumeration_048,0.0,1941
CheMeleon,smiles_enumeration,B,smiles_enumeration_049,0.0,1941
CheMeleon,smiles_enumeration,B,smiles_enumeration_050,0.0,1941
CheMeleon,smiles_enumeration,B,smiles_enumeration_051,0.0,1941
CheMeleon,smiles_enumeration,B,smiles_enumeration_052,0.0,1941
CheMeleon,smiles_enumeration,B,smiles_enumeration_053,0.0,1941
CheMeleon,smiles_enumeration,B,smiles_enumeration_054,0.0,1941
CheMeleon,smiles_enumeration,B,smiles_enumeration_055,0.0,1941
CheMeleon,smiles_enumeration,B,smiles_enumeration_056,0.0,1941
CheMeleon,smiles_enumeration,B,smiles_enumeration_057,0.0,1941
CheMeleon,smiles_enumeration,B,smiles_enumeration_058,0.0,1941
CheMeleon,smiles_enumeration,B,smiles_enumeration_059,0.0,1941
CheMeleon,smiles_enumeration,B,smiles_enumeration_060,0.0,1941
CheMeleon,smiles_enumeration,B,smiles_enumeration_061,0.0,1941
CheMeleon,smiles_enumeration,B,smiles_enumeration_062,0.0,1941
CheMeleon,smiles_enumeration,B,smiles_enumeration_063,0.0,1941
CheMeleon,smiles_enumeration,B,smiles_enumeration_064,0.0,1941
CheMeleon,smiles_enumeration,B,smiles_enumeration_065,0.0,1941
CheMeleon,smiles_enumeration,B,smiles_enumeration_066,0.0,1941
CheMeleon,smiles_enumeration,B,smiles_enumeration_067,0.0,1941
CheMeleon,smiles_enumeration,B,smiles_enumeration_068,0.0,1941
CheMeleon,smiles_enumeration,B,smiles_enumeration_069,0.0,1941
CheMeleon,smiles_enumeration,B,smiles_enumeration_070,0.0,1941
CheMeleon,smiles_enumeration,B,smiles_enumeration_071,0.0,1941
CheMeleon,smiles_enumeration,B,smiles_enumeration_072,0.0,1941
CheMeleon,smiles_enumeration,B,smiles_enumeration_073,0.0,1941
CheMeleon,smiles_enumeration,B,smiles_enumeration_074,0.0,1941
CheMeleon,smiles_enumeration,B,smiles_enumeration_075,0.0,1941
CheMeleon,smiles_enumeration,B,smiles_enumeration_076,0.0,1941
CheMeleon,smiles_enumeration,B,smiles_enumeration_077,0.0,1941
CheMeleon,smiles_enumeration,B,smiles_enumeration_078,0.0,1941
CheMeleon,smiles_enumeration,B,smiles_enumeration_079,0.0,1941
CheMeleon,smiles_enumeration,B,smiles_enumeration_080,0.0,1941
CheMeleon,smiles_enumeration,B,smiles_enumeration_081,0.0,1941
CheMeleon,smiles_enumeration,B,smiles_enumeration_082,0.0,1941
CheMeleon,smiles_enumeration,B,smiles_enumeration_083,0.0,1941
CheMeleon,smiles_enumeration,B,smiles_enumeration_084,0.0,1941
CheMeleon,smiles_enumeration,B,smiles_enumeration_085,0.0,1941
CheMeleon,smiles_enumeration,B,smiles_enumeration_086,0.0,1941
CheMeleon,smiles_enumeration,B,smiles_enumeration_087,0.0,1941
CheMeleon,smiles_enumeration,B,smiles_enumeration_088,0.0,1941
CheMeleon,smiles_enumeration,B,smiles_enumeration_089,0.0,1941
CheMeleon,smiles_enumeration,B,smiles_enumeration_090,0.0,1941
CheMeleon,smiles_enumeration,B,smiles_enumeration_091,0.0,1941
CheMeleon,smiles_enumeration,B,smiles_enumeration_092,0.0,1941
CheMeleon,smiles_enumeration,B,smiles_enumeration_093,0.0,1941
CheMeleon,smiles_enumeration,B,smiles_enumeration_094,0.0,1941
CheMeleon,smiles_enumeration,B,smiles_enumeration_095,0.0,1941
CheMeleon,smiles_enumeration,B,smiles_enumeration_096,0.0,1941
CheMeleon,smiles_enumeration,B,smiles_enumeration_097,0.0,1941
CheMeleon,smiles_enumeration,B,smiles_enumeration_098,0.0,1941
CheMeleon,smiles_enumeration,B,smiles_enumeration_099,0.0,1941
CheMeleon,kekule,B,kekule_000,0.0,1941
CheMeleon,kekule,B,kekule_001,0.0,1941
CheMeleon,kekule,B,kekule_002,0.0,1941
CheMeleon,kekule,B,kekule_003,0.0,1941
CheMeleon,kekule,B,kekule_004,0.0,1941
CheMeleon,kekule,B,kekule_005,0.0,1941
CheMeleon,kekule,B,kekule_006,0.0,1941
CheMeleon,kekule,B,kekule_007,0.0,1941
CheMeleon,kekule,B,kekule_008,0.0,1941
CheMeleon,kekule,B,kekule_009,0.0,1941
CheMeleon,kekule,B,kekule_010,0.0,1941
CheMeleon,kekule,B,kekule_011,0.0,1941
CheMeleon,kekule,B,kekule_012,0.0,1941
CheMeleon,kekule,B,kekule_013,0.0,1941
CheMeleon,kekule,B,kekule_014,0.0,1941
CheMeleon,kekule,B,kekule_015,0.0,1941
CheMeleon,kekule,B,kekule_016,0.0,1941
CheMeleon,kekule,B,kekule_017,0.0,1941
CheMeleon,kekule,B,kekule_018,0.0,1941
CheMeleon,kekule,B,kekule_019,0.0,1941
CheMeleon,kekule,B,kekule_020,0.0,1941
CheMeleon,kekule,B,kekule_021,0.0,1941
CheMeleon,kekule,B,kekule_022,0.0,1941
CheMeleon,kekule,B,kekule_023,0.0,1941
CheMeleon,kekule,B,kekule_024,0.0,1941
CheMeleon,kekule,B,kekule_025,0.0,1941
CheMeleon,kekule,B,kekule_026,0.0,1941
CheMeleon,kekule,B,kekule_027,0.0,1941
CheMeleon,kekule,B,kekule_028,0.0,1941
CheMeleon,kekule,B,kekule_029,0.0,1941
CheMeleon,kekule,B,kekule_030,0.0,1941
CheMeleon,kekule,B,kekule_031,0.0,1941
CheMeleon,kekule,B,kekule_032,0.0,1941
CheMeleon,kekule,B,kekule_033,0.0,1941
CheMeleon,kekule,B,kekule_034,0.0,1941
CheMeleon,kekule,B,kekule_035,0.0,1941
CheMeleon,kekule,B,kekule_036,0.0,1941
CheMeleon,kekule,B,kekule_037,0.0,1941
CheMeleon,kekule,B,kekule_038,0.0,1941
CheMeleon,kekule,B,kekule_039,0.0,1941
CheMeleon,kekule,B,kekule_040,0.0,1941
CheMeleon,kekule,B,kekule_041,0.0,1941
CheMeleon,kekule,B,kekule_042,0.0,1941
CheMeleon,kekule,B,kekule_043,0.0,1941
CheMeleon,kekule,B,kekule_044,0.0,1941
CheMeleon,kekule,B,kekule_045,0.0,1941
CheMeleon,kekule,B,kekule_046,0.0,1941
CheMeleon,kekule,B,kekule_047,0.0,1941
CheMeleon,kekule,B,kekule_048,0.0,1941
CheMeleon,kekule,B,kekule_049,0.0,1941
CheMeleon,kekule,B,kekule_050,0.0,1941
CheMeleon,kekule,B,kekule_051,0.0,1941
CheMeleon,kekule,B,kekule_052,0.0,1941
CheMeleon,kekule,B,kekule_053,0.0,1941
CheMeleon,kekule,B,kekule_054,0.0,1941
CheMeleon,kekule,B,kekule_055,0.0,1941
CheMeleon,kekule,B,kekule_056,0.0,1941
CheMeleon,kekule,B,kekule_057,0.0,1941
CheMeleon,kekule,B,kekule_058,0.0,1941
CheMeleon,kekule,B,kekule_059,0.0,1941
CheMeleon,kekule,B,kekule_060,0.0,1941
CheMeleon,kekule,B,kekule_061,0.0,1941
CheMeleon,kekule,B,kekule_062,0.0,1941
CheMeleon,kekule,B,kekule_063,0.0,1941
CheMeleon,kekule,B,kekule_064,0.0,1941
CheMeleon,kekule,B,kekule_065,0.0,1941
CheMeleon,kekule,B,kekule_066,0.0,1941
CheMeleon,kekule,B,kekule_067,0.0,1941
CheMeleon,kekule,B,kekule_068,0.0,1941
CheMeleon,kekule,B,kekule_069,0.0,1941
CheMeleon,kekule,B,kekule_070,0.0,1941
CheMeleon,kekule,B,kekule_071,0.0,1941
CheMeleon,kekule,B,kekule_072,0.0,1941
CheMeleon,kekule,B,kekule_073,0.0,1941
CheMeleon,kekule,B,kekule_074,0.0,1941
CheMeleon,kekule,B,kekule_075,0.0,1941
CheMeleon,kekule,B,kekule_076,0.0,1941
CheMeleon,kekule,B,kekule_077,0.0,1941
CheMeleon,kekule,B,kekule_078,0.0,1941
CheMeleon,kekule,B,kekule_079,0.0,1941
CheMeleon,kekule,B,kekule_080,0.0,1941
CheMeleon,kekule,B,kekule_081,0.0,1941
CheMeleon,kekule,B,kekule_082,0.0,1941
CheMeleon,kekule,B,kekule_083,0.0,1941
CheMeleon,kekule,B,kekule_084,0.0,1941
CheMeleon,kekule,B,kekule_085,0.0,1941
CheMeleon,kekule,B,kekule_086,0.0,1941
CheMeleon,kekule,B,kekule_087,0.0,1941
CheMeleon,kekule,B,kekule_088,0.0,1941
CheMeleon,kekule,B,kekule_089,0.0,1941
CheMeleon,kekule,B,kekule_090,0.0,1941
CheMeleon,kekule,B,kekule_091,0.0,1941
CheMeleon,kekule,B,kekule_092,0.0,1941
CheMeleon,kekule,B,kekule_093,0.0,1941
CheMeleon,kekule,B,kekule_094,0.0,1941
CheMeleon,kekule,B,kekule_095,0.0,1941
CheMeleon,kekule,B,kekule_096,0.0,1941
CheMeleon,kekule,B,kekule_097,0.0,1941
CheMeleon,kekule,B,kekule_098,0.0,1941
CheMeleon,kekule,B,kekule_099,0.0,1941
CheMeleon,symmetry_equivalent,B,symmetry_equivalent_000,0.0,1941
CheMeleon,symmetry_equivalent,B,symmetry_equivalent_001,0.0,1941
CheMeleon,symmetry_equivalent,B,symmetry_equivalent_002,0.0,1941
CheMeleon,symmetry_equivalent,B,symmetry_equivalent_003,0.0,1941
CheMeleon,symmetry_equivalent,B,symmetry_equivalent_004,0.0,1941
CheMeleon,symmetry_equivalent,B,symmetry_equivalent_005,0.0,1941
CheMeleon,symmetry_equivalent,B,symmetry_equivalent_006,0.0,1941
CheMeleon,symmetry_equivalent,B,symmetry_equivalent_007,0.0,1941
CheMeleon,symmetry_equivalent,B,symmetry_equivalent_008,0.0,1941
CheMeleon,symmetry_equivalent,B,symmetry_equivalent_009,0.0,1941
CheMeleon,symmetry_equivalent,B,symmetry_equivalent_010,0.0,1941
CheMeleon,symmetry_equivalent,B,symmetry_equivalent_011,0.0,1941
CheMeleon,symmetry_equivalent,B,symmetry_equivalent_012,0.0,1941
CheMeleon,symmetry_equivalent,B,symmetry_equivalent_013,0.0,1941
CheMeleon,symmetry_equivalent,B,symmetry_equivalent_014,0.0,1941
CheMeleon,symmetry_equivalent,B,symmetry_equivalent_015,0.0,1941
CheMeleon,symmetry_equivalent,B,symmetry_equivalent_016,0.0,1941
CheMeleon,symmetry_equivalent,B,symmetry_equivalent_017,0.0,1941
CheMeleon,symmetry_equivalent,B,symmetry_equivalent_018,0.0,1941
CheMeleon,symmetry_equivalent,B,symmetry_equivalent_019,0.0,1941
CheMeleon,symmetry_equivalent,B,symmetry_equivalent_020,0.0,1941
CheMeleon,symmetry_equivalent,B,symmetry_equivalent_021,0.0,1941
CheMeleon,symmetry_equivalent,B,symmetry_equivalent_022,0.0,1941
CheMeleon,symmetry_equivalent,B,symmetry_equivalent_023,0.0,1941
CheMeleon,symmetry_equivalent,B,symmetry_equivalent_024,0.0,1941
CheMeleon,symmetry_equivalent,B,symmetry_equivalent_025,0.0,1941
CheMeleon,symmetry_equivalent,B,symmetry_equivalent_026,0.0,1941
CheMeleon,symmetry_equivalent,B,symmetry_equivalent_027,0.0,1941
CheMeleon,symmetry_equivalent,B,symmetry_equivalent_028,0.0,1941
CheMeleon,symmetry_equivalent,B,symmetry_equivalent_029,0.0,1941
CheMeleon,symmetry_equivalent,B,symmetry_equivalent_030,0.0,1941
CheMeleon,symmetry_equivalent,B,symmetry_equivalent_031,0.0,1941
CheMeleon,symmetry_equivalent,B,symmetry_equivalent_032,0.0,1941
CheMeleon,symmetry_equivalent,B,symmetry_equivalent_033,0.0,1941
CheMeleon,symmetry_equivalent,B,symmetry_equivalent_034,0.0,1941
CheMeleon,symmetry_equivalent,B,symmetry_equivalent_035,0.0,1941
CheMeleon,symmetry_equivalent,B,symmetry_equivalent_036,0.0,1941
CheMeleon,symmetry_equivalent,B,symmetry_equivalent_037,0.0,1941
CheMeleon,symmetry_equivalent,B,symmetry_equivalent_038,0.0,1941
CheMeleon,symmetry_equivalent,B,symmetry_equivalent_039,0.0,1941
CheMeleon,symmetry_equivalent,B,symmetry_equivalent_040,0.0,1941
CheMeleon,symmetry_equivalent,B,symmetry_equivalent_041,0.0,1941
CheMeleon,symmetry_equivalent,B,symmetry_equivalent_042,0.0,1941
CheMeleon,symmetry_equivalent,B,symmetry_equivalent_043,0.0,1941
CheMeleon,symmetry_equivalent,B,symmetry_equivalent_044,0.0,1941
CheMeleon,symmetry_equivalent,B,symmetry_equivalent_045,0.0,1941
CheMeleon,symmetry_equivalent,B,symmetry_equivalent_046,0.0,1941
CheMeleon,symmetry_equivalent,B,symmetry_equivalent_047,0.0,1941
CheMeleon,symmetry_equivalent,B,symmetry_equivalent_048,0.0,1941
CheMeleon,symmetry_equivalent,B,symmetry_equivalent_049,0.0,1941
CheMeleon,symmetry_equivalent,B,symmetry_equivalent_050,0.0,1941
CheMeleon,symmetry_equivalent,B,symmetry_equivalent_051,0.0,1941
CheMeleon,symmetry_equivalent,B,symmetry_equivalent_052,0.0,1941
CheMeleon,symmetry_equivalent,B,symmetry_equivalent_053,0.0,1941
CheMeleon,symmetry_equivalent,B,symmetry_equivalent_054,0.0,1941
CheMeleon,symmetry_equivalent,B,symmetry_equivalent_055,0.0,1941
CheMeleon,symmetry_equivalent,B,symmetry_equivalent_056,0.0,1941
CheMeleon,symmetry_equivalent,B,symmetry_equivalent_057,0.0,1941
CheMeleon,symmetry_equivalent,B,symmetry_equivalent_058,0.0,1941
CheMeleon,symmetry_equivalent,B,symmetry_equivalent_059,0.0,1941
CheMeleon,symmetry_equivalent,B,symmetry_equivalent_060,0.0,1941
CheMeleon,symmetry_equivalent,B,symmetry_equivalent_061,0.0,1941
CheMeleon,symmetry_equivalent,B,symmetry_equivalent_062,0.0,1941
CheMeleon,symmetry_equivalent,B,symmetry_equivalent_063,0.0,1941
CheMeleon,symmetry_equivalent,B,symmetry_equivalent_064,0.0,1941
CheMeleon,symmetry_equivalent,B,symmetry_equivalent_065,0.0,1941
CheMeleon,symmetry_equivalent,B,symmetry_equivalent_066,0.0,1941
CheMeleon,symmetry_equivalent,B,symmetry_equivalent_067,0.0,1941
CheMeleon,symmetry_equivalent,B,symmetry_equivalent_068,0.0,1941
CheMeleon,symmetry_equivalent,B,symmetry_equivalent_069,0.0,1941
CheMeleon,symmetry_equivalent,B,symmetry_equivalent_070,0.0,1941
CheMeleon,symmetry_equivalent,B,symmetry_equivalent_071,0.0,1941
CheMeleon,symmetry_equivalent,B,symmetry_equivalent_072,0.0,1941
CheMeleon,symmetry_equivalent,B,symmetry_equivalent_073,0.0,1941
CheMeleon,symmetry_equivalent,B,symmetry_equivalent_074,0.0,1941
CheMeleon,symmetry_equivalent,B,symmetry_equivalent_075,0.0,1941
CheMeleon,symmetry_equivalent,B,symmetry_equivalent_076,0.0,1941
CheMeleon,symmetry_equivalent,B,symmetry_equivalent_077,0.0,1941
CheMeleon,symmetry_equivalent,B,symmetry_equivalent_078,0.0,1941
CheMeleon,symmetry_equivalent,B,symmetry_equivalent_079,0.0,1941
CheMeleon,symmetry_equivalent,B,symmetry_equivalent_080,0.0,1941
CheMeleon,symmetry_equivalent,B,symmetry_equivalent_081,0.0,1941
CheMeleon,symmetry_equivalent,B,symmetry_equivalent_082,0.0,1941
CheMeleon,symmetry_equivalent,B,symmetry_equivalent_083,0.0,1941
CheMeleon,symmetry_equivalent,B,symmetry_equivalent_084,0.0,1941
CheMeleon,symmetry_equivalent,B,symmetry_equivalent_085,0.0,1941
CheMeleon,symmetry_equivalent,B,symmetry_equivalent_086,0.0,1941
CheMeleon,symmetry_equivalent,B,symmetry_equivalent_087,0.0,1941
CheMeleon,symmetry_equivalent,B,symmetry_equivalent_088,0.0,1941
CheMeleon,symmetry_equivalent,B,symmetry_equivalent_089,0.0,1941
CheMeleon,symmetry_equivalent,B,symmetry_equivalent_090,0.0,1941
CheMeleon,symmetry_equivalent,B,symmetry_equivalent_091,0.0,1941
CheMeleon,symmetry_equivalent,B,symmetry_equivalent_092,0.0,1941
CheMeleon,symmetry_equivalent,B,symmetry_equivalent_093,0.0,1941
CheMeleon,symmetry_equivalent,B,symmetry_equivalent_094,0.0,1941
CheMeleon,symmetry_equivalent,B,symmetry_equivalent_095,0.0,1941
CheMeleon,symmetry_equivalent,B,symmetry_equivalent_096,0.0,1941
CheMeleon,symmetry_equivalent,B,symmetry_equivalent_097,0.0,1941
CheMeleon,symmetry_equivalent,B,symmetry_equivalent_098,0.0,1941
CheMeleon,symmetry_equivalent,B,symmetry_equivalent_099,0.0,1941
CLIMB unsup (enum-aug),stereo_flip,A,stereo_flip_000,0.07114025020943322,512
CLIMB unsup (enum-aug),stereo_flip,A,stereo_flip_001,0.0740695224410892,512
CLIMB unsup (enum-aug),stereo_flip,A,stereo_flip_002,0.06418900096566778,512
CLIMB unsup (enum-aug),stereo_flip,A,stereo_flip_003,0.08874614933560154,512
CLIMB unsup (enum-aug),stereo_flip,A,stereo_flip_004,0.10535581288205605,512
CLIMB unsup (enum-aug),stereo_flip,A,stereo_flip_005,0.0768596804485984,512
CLIMB unsup (enum-aug),stereo_flip,A,stereo_flip_006,0.06972575415569546,512
CLIMB unsup (enum-aug),stereo_flip,A,stereo_flip_007,0.04749303463818608,512
CLIMB unsup (enum-aug),stereo_flip,A,stereo_flip_008,0.04827106492029578,512
CLIMB unsup (enum-aug),stereo_flip,A,stereo_flip_009,0.04894066403810019,512
CLIMB unsup (enum-aug),stereo_flip,A,stereo_flip_010,0.05946381706393593,512
CLIMB unsup (enum-aug),stereo_flip,A,stereo_flip_011,0.07708184387922458,512
CLIMB unsup (enum-aug),stereo_flip,A,stereo_flip_012,0.06134582976744874,512
CLIMB unsup (enum-aug),stereo_flip,A,stereo_flip_013,0.09813171609424916,512
CLIMB unsup (enum-aug),stereo_flip,A,stereo_flip_014,0.04984723230275233,512
CLIMB unsup (enum-aug),stereo_flip,A,stereo_flip_015,0.08188028134172108,512
CLIMB unsup (enum-aug),stereo_flip,A,stereo_flip_016,0.06949362596974751,512
CLIMB unsup (enum-aug),stereo_flip,A,stereo_flip_017,0.059201364052992526,512
CLIMB unsup (enum-aug),stereo_flip,A,stereo_flip_018,0.10310263984552702,512
CLIMB unsup (enum-aug),stereo_flip,A,stereo_flip_019,0.11091955109128367,512
CLIMB unsup (enum-aug),stereo_flip,A,stereo_flip_020,0.07539630487992316,512
CLIMB unsup (enum-aug),stereo_flip,A,stereo_flip_021,0.08160839882377063,512
CLIMB unsup (enum-aug),stereo_flip,A,stereo_flip_022,0.07831711815473322,512
CLIMB unsup (enum-aug),stereo_flip,A,stereo_flip_023,0.08823707807153174,512
CLIMB unsup (enum-aug),stereo_flip,A,stereo_flip_024,0.13354346589482097,512
CLIMB unsup (enum-aug),stereo_flip,A,stereo_flip_025,0.09956774733363163,512
CLIMB unsup (enum-aug),stereo_flip,A,stereo_flip_026,0.04828001073091121,512
CLIMB unsup (enum-aug),stereo_flip,A,stereo_flip_027,0.05495117148699733,512
CLIMB unsup (enum-aug),stereo_flip,A,stereo_flip_028,0.06811470665205392,512
CLIMB unsup (enum-aug),stereo_flip,A,stereo_flip_029,0.09851603529639313,512
CLIMB unsup (enum-aug),stereo_flip,A,stereo_flip_030,0.03800011118326682,512
CLIMB unsup (enum-aug),stereo_flip,A,stereo_flip_031,0.06021393765780355,512
CLIMB unsup (enum-aug),stereo_flip,A,stereo_flip_032,0.08641170502083682,512
CLIMB unsup (enum-aug),stereo_flip,A,stereo_flip_033,0.07188329536680305,512
CLIMB unsup (enum-aug),stereo_flip,A,stereo_flip_034,0.07443597135398966,512
CLIMB unsup (enum-aug),stereo_flip,A,stereo_flip_035,0.07080570779817391,512
CLIMB unsup (enum-aug),stereo_flip,A,stereo_flip_036,0.042415139740632775,512
CLIMB unsup (enum-aug),stereo_flip,A,stereo_flip_037,0.048960524593787566,512
CLIMB unsup (enum-aug),stereo_flip,A,stereo_flip_038,0.0672709196566637,512
CLIMB unsup (enum-aug),stereo_flip,A,stereo_flip_039,0.06577318204519163,512
CLIMB unsup (enum-aug),stereo_flip,A,stereo_flip_040,0.05584563652380322,512
CLIMB unsup (enum-aug),stereo_flip,A,stereo_flip_041,0.07416081795960064,512
CLIMB unsup (enum-aug),stereo_flip,A,stereo_flip_042,0.5562922012559408,512
CLIMB unsup (enum-aug),stereo_flip,A,stereo_flip_043,0.06809902010935937,512
CLIMB unsup (enum-aug),stereo_flip,A,stereo_flip_044,0.059087486906256474,512
CLIMB unsup (enum-aug),stereo_flip,A,stereo_flip_045,0.0528049402461115,512
CLIMB unsup (enum-aug),stereo_flip,A,stereo_flip_046,0.045260581571806714,512
CLIMB unsup (enum-aug),stereo_flip,A,stereo_flip_047,0.14188539024297017,512
CLIMB unsup (enum-aug),stereo_flip,A,stereo_flip_048,0.07414630425959323,512
CLIMB unsup (enum-aug),stereo_flip,A,stereo_flip_049,0.06023234633460386,512
CLIMB unsup (enum-aug),stereo_flip,A,stereo_flip_050,0.10157117265738672,512
CLIMB unsup (enum-aug),stereo_flip,A,stereo_flip_051,0.04908896676738415,512
CLIMB unsup (enum-aug),stereo_flip,A,stereo_flip_052,0.29628592212128735,512
CLIMB unsup (enum-aug),stereo_flip,A,stereo_flip_053,0.06625007606772242,512
CLIMB unsup (enum-aug),stereo_flip,A,stereo_flip_054,0.08518156182092448,512
CLIMB unsup (enum-aug),stereo_flip,A,stereo_flip_055,0.029346979939202274,512
CLIMB unsup (enum-aug),stereo_flip,A,stereo_flip_056,0.04639877187196239,512
CLIMB unsup (enum-aug),stereo_flip,A,stereo_flip_057,0.08052249989687364,512
CLIMB unsup (enum-aug),stereo_flip,A,stereo_flip_058,0.14636963024392408,512
CLIMB unsup (enum-aug),stereo_flip,A,stereo_flip_059,0.10175686912190969,512
CLIMB unsup (enum-aug),stereo_flip,A,stereo_flip_060,0.0992388022081033,512
CLIMB unsup (enum-aug),stereo_flip,A,stereo_flip_061,0.09880571754986693,512
CLIMB unsup (enum-aug),stereo_flip,A,stereo_flip_062,0.04718420435500757,512
CLIMB unsup (enum-aug),stereo_flip,A,stereo_flip_063,0.10950816767152519,512
CLIMB unsup (enum-aug),stereo_flip,A,stereo_flip_064,0.06870833478090278,512
CLIMB unsup (enum-aug),stereo_flip,A,stereo_flip_065,0.058071495779639395,512
CLIMB unsup (enum-aug),stereo_flip,A,stereo_flip_066,0.09544736054786628,512
CLIMB unsup (enum-aug),stereo_flip,A,stereo_flip_067,0.07992112633966929,512
CLIMB unsup (enum-aug),stereo_flip,A,stereo_flip_068,0.08770153803772138,512
CLIMB unsup (enum-aug),stereo_flip,A,stereo_flip_069,0.07468110455835268,512
CLIMB unsup (enum-aug),stereo_flip,A,stereo_flip_070,0.047348123010967004,512
CLIMB unsup (enum-aug),stereo_flip,A,stereo_flip_071,0.05182610295894076,512
CLIMB unsup (enum-aug),stereo_flip,A,stereo_flip_072,0.08630416161318284,512
CLIMB unsup (enum-aug),stereo_flip,A,stereo_flip_073,0.06574000999901493,512
CLIMB unsup (enum-aug),stereo_flip,A,stereo_flip_074,0.08679365153896941,512
CLIMB unsup (enum-aug),stereo_flip,A,stereo_flip_075,0.09233538386164104,512
CLIMB unsup (enum-aug),stereo_flip,A,stereo_flip_076,0.06527971138699849,512
CLIMB unsup (enum-aug),stereo_flip,A,stereo_flip_077,0.04988597942708331,512
CLIMB unsup (enum-aug),stereo_flip,A,stereo_flip_078,0.09227325843395798,512
CLIMB unsup (enum-aug),stereo_flip,A,stereo_flip_079,0.08598916431032505,512
CLIMB unsup (enum-aug),stereo_flip,A,stereo_flip_080,0.08808314815297487,512
CLIMB unsup (enum-aug),stereo_flip,A,stereo_flip_081,0.05977473371020235,512
CLIMB unsup (enum-aug),stereo_flip,A,stereo_flip_082,0.053906155194329106,512
CLIMB unsup (enum-aug),stereo_flip,A,stereo_flip_083,0.0501764548629135,512
CLIMB unsup (enum-aug),stereo_flip,A,stereo_flip_084,0.27289793003823953,512
CLIMB unsup (enum-aug),stereo_flip,A,stereo_flip_085,0.07142323207343954,512
CLIMB unsup (enum-aug),stereo_flip,A,stereo_flip_086,0.12201308947281043,512
CLIMB unsup (enum-aug),stereo_flip,A,stereo_flip_087,0.06929170367676007,512
CLIMB unsup (enum-aug),stereo_flip,A,stereo_flip_088,0.09748472386521381,512
CLIMB unsup (enum-aug),stereo_flip,A,stereo_flip_089,0.1024784749804372,512
CLIMB unsup (enum-aug),stereo_flip,A,stereo_flip_090,0.06710399998914353,512
CLIMB unsup (enum-aug),stereo_flip,A,stereo_flip_091,0.04121023803257881,512
CLIMB unsup (enum-aug),stereo_flip,A,stereo_flip_092,0.047900477477141115,512
CLIMB unsup (enum-aug),stereo_flip,A,stereo_flip_093,0.05345209977783597,512
CLIMB unsup (enum-aug),stereo_flip,A,stereo_flip_094,0.06141231666364396,512
CLIMB unsup (enum-aug),stereo_flip,A,stereo_flip_095,0.0363199217137805,512
CLIMB unsup (enum-aug),stereo_flip,A,stereo_flip_096,0.08980244797617913,512
CLIMB unsup (enum-aug),stereo_flip,A,stereo_flip_097,0.04805366992509815,512
CLIMB unsup (enum-aug),stereo_flip,A,stereo_flip_098,0.07886703671779022,512
CLIMB unsup (enum-aug),stereo_flip,A,stereo_flip_099,0.1205690006243212,512
CLIMB unsup (enum-aug),ez_flip,A,ez_flip_000,0.10418545804090923,512
CLIMB unsup (enum-aug),ez_flip,A,ez_flip_001,0.09114907147594664,512
CLIMB unsup (enum-aug),ez_flip,A,ez_flip_002,0.1667954662499425,512
CLIMB unsup (enum-aug),ez_flip,A,ez_flip_003,0.05746479076511482,512
CLIMB unsup (enum-aug),ez_flip,A,ez_flip_004,0.09874761686227757,512
CLIMB unsup (enum-aug),ez_flip,A,ez_flip_005,0.07219760292861722,512
CLIMB unsup (enum-aug),ez_flip,A,ez_flip_006,0.09122742714980392,512
CLIMB unsup (enum-aug),ez_flip,A,ez_flip_007,0.09692287081149198,512
CLIMB unsup (enum-aug),ez_flip,A,ez_flip_008,0.09234169947444518,512
CLIMB unsup (enum-aug),ez_flip,A,ez_flip_009,0.10181530764391085,512
CLIMB unsup (enum-aug),ez_flip,A,ez_flip_010,0.0739101204331923,512
CLIMB unsup (enum-aug),ez_flip,A,ez_flip_011,0.1238869176493356,512
CLIMB unsup (enum-aug),ez_flip,A,ez_flip_012,0.06572520085020256,512
CLIMB unsup (enum-aug),ez_flip,A,ez_flip_013,0.05782834201406361,512
CLIMB unsup (enum-aug),ez_flip,A,ez_flip_014,0.08284802200492364,512
CLIMB unsup (enum-aug),ez_flip,A,ez_flip_015,0.08059837793855025,512
CLIMB unsup (enum-aug),ez_flip,A,ez_flip_016,0.09151085369872539,512
CLIMB unsup (enum-aug),ez_flip,A,ez_flip_017,0.05313833992452448,512
CLIMB unsup (enum-aug),ez_flip,A,ez_flip_018,0.0689929735718891,512
CLIMB unsup (enum-aug),ez_flip,A,ez_flip_019,0.05874310890601976,512
CLIMB unsup (enum-aug),ez_flip,A,ez_flip_020,0.12596481000930818,512
CLIMB unsup (enum-aug),ez_flip,A,ez_flip_021,0.10429538671174828,512
CLIMB unsup (enum-aug),ez_flip,A,ez_flip_022,0.1450546355790514,512
CLIMB unsup (enum-aug),ez_flip,A,ez_flip_023,0.11599771207612668,512
CLIMB unsup (enum-aug),ez_flip,A,ez_flip_024,0.07066216858717982,512
CLIMB unsup (enum-aug),ez_flip,A,ez_flip_025,0.07763224209768968,512
CLIMB unsup (enum-aug),ez_flip,A,ez_flip_026,0.1146974092137774,512
CLIMB unsup (enum-aug),ez_flip,A,ez_flip_027,0.08703418147131547,512
CLIMB unsup (enum-aug),ez_flip,A,ez_flip_028,0.06499916671887909,512
CLIMB unsup (enum-aug),ez_flip,A,ez_flip_029,0.08854266219933367,512
CLIMB unsup (enum-aug),ez_flip,A,ez_flip_030,0.12142019006296052,512
CLIMB unsup (enum-aug),ez_flip,A,ez_flip_031,0.11280230789032168,512
CLIMB unsup (enum-aug),ez_flip,A,ez_flip_032,0.08513266628713853,512
CLIMB unsup (enum-aug),ez_flip,A,ez_flip_033,0.09878397799435047,512
CLIMB unsup (enum-aug),ez_flip,A,ez_flip_034,0.25454917546480516,512
CLIMB unsup (enum-aug),ez_flip,A,ez_flip_035,0.08532975403916254,512
CLIMB unsup (enum-aug),ez_flip,A,ez_flip_036,0.07425552640240936,512
CLIMB unsup (enum-aug),ez_flip,A,ez_flip_037,0.06948647084960127,512
CLIMB unsup (enum-aug),ez_flip,A,ez_flip_038,0.07917800873006006,512
CLIMB unsup (enum-aug),ez_flip,A,ez_flip_039,0.23603950767744206,512
CLIMB unsup (enum-aug),ez_flip,A,ez_flip_040,0.056387112349400935,512
CLIMB unsup (enum-aug),ez_flip,A,ez_flip_041,0.14158486269072035,512
CLIMB unsup (enum-aug),ez_flip,A,ez_flip_042,0.10003077451174305,512
CLIMB unsup (enum-aug),ez_flip,A,ez_flip_043,0.20684281853079667,512
CLIMB unsup (enum-aug),ez_flip,A,ez_flip_044,0.05069756815551797,512
CLIMB unsup (enum-aug),ez_flip,A,ez_flip_045,0.06811462247307842,512
CLIMB unsup (enum-aug),ez_flip,A,ez_flip_046,0.08605039232928755,512
CLIMB unsup (enum-aug),ez_flip,A,ez_flip_047,0.0933504417202126,512
CLIMB unsup (enum-aug),ez_flip,A,ez_flip_048,0.07777750761758549,512
CLIMB unsup (enum-aug),ez_flip,A,ez_flip_049,0.06746401449502148,512
CLIMB unsup (enum-aug),ez_flip,A,ez_flip_050,0.14741747008910894,512
CLIMB unsup (enum-aug),ez_flip,A,ez_flip_051,0.04136483039019899,512
CLIMB unsup (enum-aug),ez_flip,A,ez_flip_052,0.07831282927309183,512
CLIMB unsup (enum-aug),ez_flip,A,ez_flip_053,0.10413371866161172,512
CLIMB unsup (enum-aug),ez_flip,A,ez_flip_054,0.09797658735216443,512
CLIMB unsup (enum-aug),ez_flip,A,ez_flip_055,0.08369978737712128,512
CLIMB unsup (enum-aug),ez_flip,A,ez_flip_056,0.07203052688478262,512
CLIMB unsup (enum-aug),ez_flip,A,ez_flip_057,0.06468361598919109,512
CLIMB unsup (enum-aug),ez_flip,A,ez_flip_058,0.06462141438485786,512
CLIMB unsup (enum-aug),ez_flip,A,ez_flip_059,0.5192847213839252,512
CLIMB unsup (enum-aug),ez_flip,A,ez_flip_060,0.1085735752114771,512
CLIMB unsup (enum-aug),ez_flip,A,ez_flip_061,0.09328114136427121,512
CLIMB unsup (enum-aug),ez_flip,A,ez_flip_062,0.1226803243196238,512
CLIMB unsup (enum-aug),ez_flip,A,ez_flip_063,0.0960127443414635,512
CLIMB unsup (enum-aug),ez_flip,A,ez_flip_064,0.061715593604432385,512
CLIMB unsup (enum-aug),ez_flip,A,ez_flip_065,0.07073783953166181,512
CLIMB unsup (enum-aug),ez_flip,A,ez_flip_066,0.08135741398244309,512
CLIMB unsup (enum-aug),ez_flip,A,ez_flip_067,0.06968464969144257,512
CLIMB unsup (enum-aug),ez_flip,A,ez_flip_068,0.41417618299917563,512
CLIMB unsup (enum-aug),ez_flip,A,ez_flip_069,0.05497121071247067,512
CLIMB unsup (enum-aug),ez_flip,A,ez_flip_070,0.09070741382262279,512
CLIMB unsup (enum-aug),ez_flip,A,ez_flip_071,0.08468239429174704,512
CLIMB unsup (enum-aug),ez_flip,A,ez_flip_072,0.08146830711093371,512
CLIMB unsup (enum-aug),ez_flip,A,ez_flip_073,0.08026085297236882,512
CLIMB unsup (enum-aug),ez_flip,A,ez_flip_074,0.08872168576330118,512
CLIMB unsup (enum-aug),ez_flip,A,ez_flip_075,0.07868561042054859,512
CLIMB unsup (enum-aug),ez_flip,A,ez_flip_076,0.08249295792951736,512
CLIMB unsup (enum-aug),ez_flip,A,ez_flip_077,0.11080004413399802,512
CLIMB unsup (enum-aug),ez_flip,A,ez_flip_078,0.06648534046566021,512
CLIMB unsup (enum-aug),ez_flip,A,ez_flip_079,0.06789406639047973,512
CLIMB unsup (enum-aug),ez_flip,A,ez_flip_080,0.0704208852736391,512
CLIMB unsup (enum-aug),ez_flip,A,ez_flip_081,0.06893512485391437,512
CLIMB unsup (enum-aug),ez_flip,A,ez_flip_082,0.0821531111327395,512
CLIMB unsup (enum-aug),ez_flip,A,ez_flip_083,0.2423573273571811,512
CLIMB unsup (enum-aug),ez_flip,A,ez_flip_084,0.09472534905183297,512
CLIMB unsup (enum-aug),ez_flip,A,ez_flip_085,0.19548012039922755,512
CLIMB unsup (enum-aug),ez_flip,A,ez_flip_086,0.09343395962372858,512
CLIMB unsup (enum-aug),ez_flip,A,ez_flip_087,0.06886131483483528,512
CLIMB unsup (enum-aug),ez_flip,A,ez_flip_088,0.06414706415894084,512
CLIMB unsup (enum-aug),ez_flip,A,ez_flip_089,0.31098327690280736,512
CLIMB unsup (enum-aug),ez_flip,A,ez_flip_090,0.3089380848768018,512
CLIMB unsup (enum-aug),ez_flip,A,ez_flip_091,0.11027997850508346,512
CLIMB unsup (enum-aug),ez_flip,A,ez_flip_092,0.08886865362197133,512
CLIMB unsup (enum-aug),ez_flip,A,ez_flip_093,0.09059104381581376,512
CLIMB unsup (enum-aug),ez_flip,A,ez_flip_094,0.583649846030488,512
CLIMB unsup (enum-aug),ez_flip,A,ez_flip_095,0.14927408954810428,512
CLIMB unsup (enum-aug),ez_flip,A,ez_flip_096,0.11611388791610164,512
CLIMB unsup (enum-aug),ez_flip,A,ez_flip_097,0.2585639201682916,512
CLIMB unsup (enum-aug),ez_flip,A,ez_flip_098,0.07959444645880144,512
CLIMB unsup (enum-aug),ez_flip,A,ez_flip_099,0.07041862064433674,512
CLIMB unsup (enum-aug),c_to_n,A,c_to_n_000,0.4943665150412307,512
CLIMB unsup (enum-aug),c_to_n,A,c_to_n_001,0.3135820927521511,512
CLIMB unsup (enum-aug),c_to_n,A,c_to_n_002,0.15595903493611185,512
CLIMB unsup (enum-aug),c_to_n,A,c_to_n_003,0.12130166387409194,512
CLIMB unsup (enum-aug),c_to_n,A,c_to_n_004,0.18204516264609866,512
CLIMB unsup (enum-aug),c_to_n,A,c_to_n_005,0.1603654043273568,512
CLIMB unsup (enum-aug),c_to_n,A,c_to_n_006,0.24272808994898173,512
CLIMB unsup (enum-aug),c_to_n,A,c_to_n_007,0.3473667211965995,512
CLIMB unsup (enum-aug),c_to_n,A,c_to_n_008,0.1308079262435825,512
CLIMB unsup (enum-aug),c_to_n,A,c_to_n_009,0.1942153693187001,512
CLIMB unsup (enum-aug),c_to_n,A,c_to_n_010,0.2700935591808504,512
CLIMB unsup (enum-aug),c_to_n,A,c_to_n_011,0.2065940816800466,512
CLIMB unsup (enum-aug),c_to_n,A,c_to_n_012,0.21685116064563661,512
CLIMB unsup (enum-aug),c_to_n,A,c_to_n_013,0.17424151759066805,512
CLIMB unsup (enum-aug),c_to_n,A,c_to_n_014,0.23014642458382054,512
CLIMB unsup (enum-aug),c_to_n,A,c_to_n_015,0.2197955887542584,512
CLIMB unsup (enum-aug),c_to_n,A,c_to_n_016,0.2720772626090762,512
CLIMB unsup (enum-aug),c_to_n,A,c_to_n_017,0.20630959114712405,512
CLIMB unsup (enum-aug),c_to_n,A,c_to_n_018,0.17600507341498406,512
CLIMB unsup (enum-aug),c_to_n,A,c_to_n_019,0.24108931199888153,512
CLIMB unsup (enum-aug),c_to_n,A,c_to_n_020,0.1269707170118937,512
CLIMB unsup (enum-aug),c_to_n,A,c_to_n_021,0.164449785569064,512
CLIMB unsup (enum-aug),c_to_n,A,c_to_n_022,0.18197376961096687,512
CLIMB unsup (enum-aug),c_to_n,A,c_to_n_023,0.2703427822198501,512
CLIMB unsup (enum-aug),c_to_n,A,c_to_n_024,0.17188370757328636,512
CLIMB unsup (enum-aug),c_to_n,A,c_to_n_025,0.14718865691003147,512
CLIMB unsup (enum-aug),c_to_n,A,c_to_n_026,0.1765161653474323,512
CLIMB unsup (enum-aug),c_to_n,A,c_to_n_027,0.16783541429487078,512
CLIMB unsup (enum-aug),c_to_n,A,c_to_n_028,0.16359443385762795,512
CLIMB unsup (enum-aug),c_to_n,A,c_to_n_029,0.12712641646558712,512
CLIMB unsup (enum-aug),c_to_n,A,c_to_n_030,0.15785862845511983,512
CLIMB unsup (enum-aug),c_to_n,A,c_to_n_031,0.16484173612986908,512
CLIMB unsup (enum-aug),c_to_n,A,c_to_n_032,0.32451156684007104,512
CLIMB unsup (enum-aug),c_to_n,A,c_to_n_033,0.27597736671590484,512
CLIMB unsup (enum-aug),c_to_n,A,c_to_n_034,0.344737211277705,512
CLIMB unsup (enum-aug),c_to_n,A,c_to_n_035,0.15638169732382354,512
CLIMB unsup (enum-aug),c_to_n,A,c_to_n_036,0.15376724571821598,512
CLIMB unsup (enum-aug),c_to_n,A,c_to_n_037,0.15420198752818548,512
CLIMB unsup (enum-aug),c_to_n,A,c_to_n_038,0.16613320964929093,512
CLIMB unsup (enum-aug),c_to_n,A,c_to_n_039,0.12391216985358076,512
CLIMB unsup (enum-aug),c_to_n,A,c_to_n_040,0.6220173709827992,512
CLIMB unsup (enum-aug),c_to_n,A,c_to_n_041,0.16665233037152297,512
CLIMB unsup (enum-aug),c_to_n,A,c_to_n_042,0.2043644994873426,512
CLIMB unsup (enum-aug),c_to_n,A,c_to_n_043,0.22416561647386352,512
CLIMB unsup (enum-aug),c_to_n,A,c_to_n_044,0.09894606186563762,512
CLIMB unsup (enum-aug),c_to_n,A,c_to_n_045,0.1250006073736756,512
CLIMB unsup (enum-aug),c_to_n,A,c_to_n_046,0.1465203625502679,512
CLIMB unsup (enum-aug),c_to_n,A,c_to_n_047,0.22923479400757407,512
CLIMB unsup (enum-aug),c_to_n,A,c_to_n_048,0.2743129326452689,512
CLIMB unsup (enum-aug),c_to_n,A,c_to_n_049,0.21801503258715296,512
CLIMB unsup (enum-aug),c_to_n,A,c_to_n_050,0.10577191834810853,512
CLIMB unsup (enum-aug),c_to_n,A,c_to_n_051,0.6103785851803698,512
CLIMB unsup (enum-aug),c_to_n,A,c_to_n_052,0.13270660511144025,512
CLIMB unsup (enum-aug),c_to_n,A,c_to_n_053,0.18913865895432216,512
CLIMB unsup (enum-aug),c_to_n,A,c_to_n_054,0.17940473381850972,512
CLIMB unsup (enum-aug),c_to_n,A,c_to_n_055,0.20837153333839906,512
CLIMB unsup (enum-aug),c_to_n,A,c_to_n_056,0.12179618493463717,512
CLIMB unsup (enum-aug),c_to_n,A,c_to_n_057,0.4079964853409762,512
CLIMB unsup (enum-aug),c_to_n,A,c_to_n_058,0.20202851334643293,512
CLIMB unsup (enum-aug),c_to_n,A,c_to_n_059,0.15660264363543158,512
CLIMB unsup (enum-aug),c_to_n,A,c_to_n_060,0.7911523028389394,512
CLIMB unsup (enum-aug),c_to_n,A,c_to_n_061,0.5230715695805098,512
CLIMB unsup (enum-aug),c_to_n,A,c_to_n_062,0.39045080049306446,512
CLIMB unsup (enum-aug),c_to_n,A,c_to_n_063,0.18253330501220416,512
CLIMB unsup (enum-aug),c_to_n,A,c_to_n_064,0.30657969468221624,512
CLIMB unsup (enum-aug),c_to_n,A,c_to_n_065,0.25392393511023587,512
CLIMB unsup (enum-aug),c_to_n,A,c_to_n_066,0.20930001031542578,512
CLIMB unsup (enum-aug),c_to_n,A,c_to_n_067,0.16091945590412712,512
CLIMB unsup (enum-aug),c_to_n,A,c_to_n_068,0.19228381232274014,512
CLIMB unsup (enum-aug),c_to_n,A,c_to_n_069,0.16790424142315033,512
CLIMB unsup (enum-aug),c_to_n,A,c_to_n_070,0.20877974588855758,512
CLIMB unsup (enum-aug),c_to_n,A,c_to_n_071,0.21431632816328605,512
CLIMB unsup (enum-aug),c_to_n,A,c_to_n_072,0.10189885521048908,512
CLIMB unsup (enum-aug),c_to_n,A,c_to_n_073,0.14135121198134085,512
CLIMB unsup (enum-aug),c_to_n,A,c_to_n_074,0.2045994363565511,512
CLIMB unsup (enum-aug),c_to_n,A,c_to_n_075,0.19174039862614692,512
CLIMB unsup (enum-aug),c_to_n,A,c_to_n_076,0.21102009591676707,512
CLIMB unsup (enum-aug),c_to_n,A,c_to_n_077,0.1782576905431561,512
CLIMB unsup (enum-aug),c_to_n,A,c_to_n_078,0.305290080734621,512
CLIMB unsup (enum-aug),c_to_n,A,c_to_n_079,0.18218455206139816,512
CLIMB unsup (enum-aug),c_to_n,A,c_to_n_080,0.23036076306764122,512
CLIMB unsup (enum-aug),c_to_n,A,c_to_n_081,0.1746687184141448,512
CLIMB unsup (enum-aug),c_to_n,A,c_to_n_082,0.1603904039631069,512
CLIMB unsup (enum-aug),c_to_n,A,c_to_n_083,0.2777509822044694,512
CLIMB unsup (enum-aug),c_to_n,A,c_to_n_084,0.19647663845776905,512
CLIMB unsup (enum-aug),c_to_n,A,c_to_n_085,0.1642300996349273,512
CLIMB unsup (enum-aug),c_to_n,A,c_to_n_086,0.16871967705871255,512
CLIMB unsup (enum-aug),c_to_n,A,c_to_n_087,0.771939964421492,512
CLIMB unsup (enum-aug),c_to_n,A,c_to_n_088,0.1742723831178902,512
CLIMB unsup (enum-aug),c_to_n,A,c_to_n_089,0.12814322769618663,512
CLIMB unsup (enum-aug),c_to_n,A,c_to_n_090,0.10781676708602675,512
CLIMB unsup (enum-aug),c_to_n,A,c_to_n_091,0.6567487075580789,512
CLIMB unsup (enum-aug),c_to_n,A,c_to_n_092,0.22927709631419746,512
CLIMB unsup (enum-aug),c_to_n,A,c_to_n_093,0.347546966317306,512
CLIMB unsup (enum-aug),c_to_n,A,c_to_n_094,0.1607091842053071,512
CLIMB unsup (enum-aug),c_to_n,A,c_to_n_095,0.1544168051907559,512
CLIMB unsup (enum-aug),c_to_n,A,c_to_n_096,0.18451060681292974,512
CLIMB unsup (enum-aug),c_to_n,A,c_to_n_097,0.5594283073190215,512
CLIMB unsup (enum-aug),c_to_n,A,c_to_n_098,0.6719138479504765,512
CLIMB unsup (enum-aug),c_to_n,A,c_to_n_099,0.38367041617535597,512
CLIMB unsup (enum-aug),add_methyl,A,add_methyl_000,0.4983318537965802,512
CLIMB unsup (enum-aug),add_methyl,A,add_methyl_001,0.46796615287709836,512
CLIMB unsup (enum-aug),add_methyl,A,add_methyl_002,0.42941751847069604,512
CLIMB unsup (enum-aug),add_methyl,A,add_methyl_003,0.13898327660013482,512
CLIMB unsup (enum-aug),add_methyl,A,add_methyl_004,0.19684568339400302,512
CLIMB unsup (enum-aug),add_methyl,A,add_methyl_005,0.8434440225599931,512
CLIMB unsup (enum-aug),add_methyl,A,add_methyl_006,0.3604262499437222,512
CLIMB unsup (enum-aug),add_methyl,A,add_methyl_007,0.2625956619205939,512
CLIMB unsup (enum-aug),add_methyl,A,add_methyl_008,0.4360546922845902,512
CLIMB unsup (enum-aug),add_methyl,A,add_methyl_009,0.4341105917953998,512
CLIMB unsup (enum-aug),add_methyl,A,add_methyl_010,0.2538504222335291,512
CLIMB unsup (enum-aug),add_methyl,A,add_methyl_011,0.5236949810667755,512
CLIMB unsup (enum-aug),add_methyl,A,add_methyl_012,0.4885807091580417,512
CLIMB unsup (enum-aug),add_methyl,A,add_methyl_013,0.1322621456651288,512
CLIMB unsup (enum-aug),add_methyl,A,add_methyl_014,0.28372533576670084,512
CLIMB unsup (enum-aug),add_methyl,A,add_methyl_015,0.5020088534600748,512
CLIMB unsup (enum-aug),add_methyl,A,add_methyl_016,0.23317911801718882,512
CLIMB unsup (enum-aug),add_methyl,A,add_methyl_017,0.47852372420831824,512
CLIMB unsup (enum-aug),add_methyl,A,add_methyl_018,0.4384059442794257,512
CLIMB unsup (enum-aug),add_methyl,A,add_methyl_019,0.6337187363748081,512
CLIMB unsup (enum-aug),add_methyl,A,add_methyl_020,0.33428757089979694,512
CLIMB unsup (enum-aug),add_methyl,A,add_methyl_021,0.40047597007492813,512
CLIMB unsup (enum-aug),add_methyl,A,add_methyl_022,0.5667910717583028,512
CLIMB unsup (enum-aug),add_methyl,A,add_methyl_023,0.21820911855045366,512
CLIMB unsup (enum-aug),add_methyl,A,add_methyl_024,0.4918036697379702,512
CLIMB unsup (enum-aug),add_methyl,A,add_methyl_025,0.32264301572379916,512
CLIMB unsup (enum-aug),add_methyl,A,add_methyl_026,0.511819060305634,512
CLIMB unsup (enum-aug),add_methyl,A,add_methyl_027,0.2804647155190812,512
CLIMB unsup (enum-aug),add_methyl,A,add_methyl_028,0.14562589073909987,512
CLIMB unsup (enum-aug),add_methyl,A,add_methyl_029,0.2483007225153858,512
CLIMB unsup (enum-aug),add_methyl,A,add_methyl_030,0.5403250285739678,512
CLIMB unsup (enum-aug),add_methyl,A,add_methyl_031,0.22555321604311362,512
CLIMB unsup (enum-aug),add_methyl,A,add_methyl_032,0.8378225243645119,512
CLIMB unsup (enum-aug),add_methyl,A,add_methyl_033,0.37300034815168576,512
CLIMB unsup (enum-aug),add_methyl,A,add_methyl_034,0.6483854289003709,512
CLIMB unsup (enum-aug),add_methyl,A,add_methyl_035,0.21451661007569867,512
CLIMB unsup (enum-aug),add_methyl,A,add_methyl_036,0.18967749889745777,512
CLIMB unsup (enum-aug),add_methyl,A,add_methyl_037,0.22268924584667282,512
CLIMB unsup (enum-aug),add_methyl,A,add_methyl_038,0.15670811816881272,512
CLIMB unsup (enum-aug),add_methyl,A,add_methyl_039,0.2665906616973495,512
CLIMB unsup (enum-aug),add_methyl,A,add_methyl_040,0.6680797550205163,512
CLIMB unsup (enum-aug),add_methyl,A,add_methyl_041,0.24379570864630054,512
CLIMB unsup (enum-aug),add_methyl,A,add_methyl_042,0.7226446714926837,512
CLIMB unsup (enum-aug),add_methyl,A,add_methyl_043,0.23079060132465043,512
CLIMB unsup (enum-aug),add_methyl,A,add_methyl_044,0.15379398997046495,512
CLIMB unsup (enum-aug),add_methyl,A,add_methyl_045,0.20789659111090025,512
CLIMB unsup (enum-aug),add_methyl,A,add_methyl_046,0.7542670979516586,512
CLIMB unsup (enum-aug),add_methyl,A,add_methyl_047,0.544707390953356,512
CLIMB unsup (enum-aug),add_methyl,A,add_methyl_048,0.19703218204638825,512
CLIMB unsup (enum-aug),add_methyl,A,add_methyl_049,0.39445833015771176,512
CLIMB unsup (enum-aug),add_methyl,A,add_methyl_050,0.462825703021347,512
CLIMB unsup (enum-aug),add_methyl,A,add_methyl_051,0.6689787452920396,512
CLIMB unsup (enum-aug),add_methyl,A,add_methyl_052,0.28536151562921264,512
CLIMB unsup (enum-aug),add_methyl,A,add_methyl_053,0.26197074712981383,512
CLIMB unsup (enum-aug),add_methyl,A,add_methyl_054,0.17259271726256578,512
CLIMB unsup (enum-aug),add_methyl,A,add_methyl_055,0.15427166706956605,512
CLIMB unsup (enum-aug),add_methyl,A,add_methyl_056,0.20174346678772337,512
CLIMB unsup (enum-aug),add_methyl,A,add_methyl_057,1.0255330608551176,512
CLIMB unsup (enum-aug),add_methyl,A,add_methyl_058,0.19244197673445046,512
CLIMB unsup (enum-aug),add_methyl,A,add_methyl_059,0.3145779660277349,512
CLIMB unsup (enum-aug),add_methyl,A,add_methyl_060,0.24456182520063946,512
CLIMB unsup (enum-aug),add_methyl,A,add_methyl_061,0.44377538282661466,512
CLIMB unsup (enum-aug),add_methyl,A,add_methyl_062,0.6263974818898481,512
CLIMB unsup (enum-aug),add_methyl,A,add_methyl_063,0.304213351367723,512
CLIMB unsup (enum-aug),add_methyl,A,add_methyl_064,0.4030370944348774,512
CLIMB unsup (enum-aug),add_methyl,A,add_methyl_065,0.4835173978699932,512
CLIMB unsup (enum-aug),add_methyl,A,add_methyl_066,0.732414285734877,512
CLIMB unsup (enum-aug),add_methyl,A,add_methyl_067,0.15809095599571818,512
CLIMB unsup (enum-aug),add_methyl,A,add_methyl_068,0.3849154262976082,512
CLIMB unsup (enum-aug),add_methyl,A,add_methyl_069,0.18627925337186882,512
CLIMB unsup (enum-aug),add_methyl,A,add_methyl_070,0.3334280768013393,512
CLIMB unsup (enum-aug),add_methyl,A,add_methyl_071,0.5286783760769306,512
CLIMB unsup (enum-aug),add_methyl,A,add_methyl_072,0.28006960726422253,512
CLIMB unsup (enum-aug),add_methyl,A,add_methyl_073,0.18445582870374083,512
CLIMB unsup (enum-aug),add_methyl,A,add_methyl_074,0.6693307299897253,512
CLIMB unsup (enum-aug),add_methyl,A,add_methyl_075,0.2637518925146777,512
CLIMB unsup (enum-aug),add_methyl,A,add_methyl_076,0.4332922752877462,512
CLIMB unsup (enum-aug),add_methyl,A,add_methyl_077,0.46074234365924394,512
CLIMB unsup (enum-aug),add_methyl,A,add_methyl_078,0.26240979998400954,512
CLIMB unsup (enum-aug),add_methyl,A,add_methyl_079,0.5539069779235058,512
CLIMB unsup (enum-aug),add_methyl,A,add_methyl_080,0.6923222068526378,512
CLIMB unsup (enum-aug),add_methyl,A,add_methyl_081,0.13445785203087668,512
CLIMB unsup (enum-aug),add_methyl,A,add_methyl_082,0.3957065255413664,512
CLIMB unsup (enum-aug),add_methyl,A,add_methyl_083,0.47680051501493553,512
CLIMB unsup (enum-aug),add_methyl,A,add_methyl_084,0.6209690199820841,512
CLIMB unsup (enum-aug),add_methyl,A,add_methyl_085,0.4644836480917865,512
CLIMB unsup (enum-aug),add_methyl,A,add_methyl_086,0.24077506869945886,512
CLIMB unsup (enum-aug),add_methyl,A,add_methyl_087,0.541502667350481,512
CLIMB unsup (enum-aug),add_methyl,A,add_methyl_088,0.1967493039947199,512
CLIMB unsup (enum-aug),add_methyl,A,add_methyl_089,0.3503830612898552,512
CLIMB unsup (enum-aug),add_methyl,A,add_methyl_090,0.1090958056948631,512
CLIMB unsup (enum-aug),add_methyl,A,add_methyl_091,0.7922615258858561,512
CLIMB unsup (enum-aug),add_methyl,A,add_methyl_092,0.18449261144098847,512
CLIMB unsup (enum-aug),add_methyl,A,add_methyl_093,0.7559087114941305,512
CLIMB unsup (enum-aug),add_methyl,A,add_methyl_094,0.13144916077937097,512
CLIMB unsup (enum-aug),add_methyl,A,add_methyl_095,0.6404820022903641,512
CLIMB unsup (enum-aug),add_methyl,A,add_methyl_096,0.14386146554996987,512
CLIMB unsup (enum-aug),add_methyl,A,add_methyl_097,0.24256516503750034,512
CLIMB unsup (enum-aug),add_methyl,A,add_methyl_098,0.5143969366555909,512
CLIMB unsup (enum-aug),add_methyl,A,add_methyl_099,0.8076247020152975,512
CLIMB unsup (enum-aug),add_fluorine,A,add_fluorine_000,0.4918646956638096,512
CLIMB unsup (enum-aug),add_fluorine,A,add_fluorine_001,0.48774797305292994,512
CLIMB unsup (enum-aug),add_fluorine,A,add_fluorine_002,0.135847014454342,512
CLIMB unsup (enum-aug),add_fluorine,A,add_fluorine_003,0.20433577320809498,512
CLIMB unsup (enum-aug),add_fluorine,A,add_fluorine_004,0.1800474412707587,512
CLIMB unsup (enum-aug),add_fluorine,A,add_fluorine_005,0.34175858968788725,512
CLIMB unsup (enum-aug),add_fluorine,A,add_fluorine_006,0.3079276261244167,512
CLIMB unsup (enum-aug),add_fluorine,A,add_fluorine_007,0.277681163705695,512
CLIMB unsup (enum-aug),add_fluorine,A,add_fluorine_008,0.1470748928970134,512
CLIMB unsup (enum-aug),add_fluorine,A,add_fluorine_009,0.14515291670652442,512
CLIMB unsup (enum-aug),add_fluorine,A,add_fluorine_010,0.309131878897649,512
CLIMB unsup (enum-aug),add_fluorine,A,add_fluorine_011,0.20179574095916497,512
CLIMB unsup (enum-aug),add_fluorine,A,add_fluorine_012,0.2004079796990589,512
CLIMB unsup (enum-aug),add_fluorine,A,add_fluorine_013,0.1474108719105277,512
CLIMB unsup (enum-aug),add_fluorine,A,add_fluorine_014,0.2765730764221152,512
CLIMB unsup (enum-aug),add_fluorine,A,add_fluorine_015,0.2385400444421145,512
CLIMB unsup (enum-aug),add_fluorine,A,add_fluorine_016,0.32126442589395404,512
CLIMB unsup (enum-aug),add_fluorine,A,add_fluorine_017,0.22189223052578946,512
CLIMB unsup (enum-aug),add_fluorine,A,add_fluorine_018,0.2596489145164109,512
CLIMB unsup (enum-aug),add_fluorine,A,add_fluorine_019,0.3445023135802043,512
CLIMB unsup (enum-aug),add_fluorine,A,add_fluorine_020,0.22243981044468786,512
CLIMB unsup (enum-aug),add_fluorine,A,add_fluorine_021,0.17761995005296544,512
CLIMB unsup (enum-aug),add_fluorine,A,add_fluorine_022,0.1770492690657312,512
CLIMB unsup (enum-aug),add_fluorine,A,add_fluorine_023,0.2054148433966525,512
CLIMB unsup (enum-aug),add_fluorine,A,add_fluorine_024,0.1390454631435996,512
CLIMB unsup (enum-aug),add_fluorine,A,add_fluorine_025,0.1238168808330913,512
CLIMB unsup (enum-aug),add_fluorine,A,add_fluorine_026,0.2112596467381019,512
CLIMB unsup (enum-aug),add_fluorine,A,add_fluorine_027,0.2197621864661045,512
CLIMB unsup (enum-aug),add_fluorine,A,add_fluorine_028,0.1603026038807499,512
CLIMB unsup (enum-aug),add_fluorine,A,add_fluorine_029,0.1386682519921047,512
CLIMB unsup (enum-aug),add_fluorine,A,add_fluorine_030,0.5612165090820475,512
CLIMB unsup (enum-aug),add_fluorine,A,add_fluorine_031,0.26203531285677145,512
CLIMB unsup (enum-aug),add_fluorine,A,add_fluorine_032,0.28113310197219177,512
CLIMB unsup (enum-aug),add_fluorine,A,add_fluorine_033,0.3552155616490911,512
CLIMB unsup (enum-aug),add_fluorine,A,add_fluorine_034,0.48646163899924655,512
CLIMB unsup (enum-aug),add_fluorine,A,add_fluorine_035,0.18825066087734943,512
CLIMB unsup (enum-aug),add_fluorine,A,add_fluorine_036,0.28599455406831675,512
CLIMB unsup (enum-aug),add_fluorine,A,add_fluorine_037,0.20150806504377153,512
CLIMB unsup (enum-aug),add_fluorine,A,add_fluorine_038,0.15185915242077141,512
CLIMB unsup (enum-aug),add_fluorine,A,add_fluorine_039,0.1814393583335911,512
CLIMB unsup (enum-aug),add_fluorine,A,add_fluorine_040,0.5351386714293777,512
CLIMB unsup (enum-aug),add_fluorine,A,add_fluorine_041,0.2454529085007426,512
CLIMB unsup (enum-aug),add_fluorine,A,add_fluorine_042,0.2472026453647877,512
CLIMB unsup (enum-aug),add_fluorine,A,add_fluorine_043,0.251003492672256,512
CLIMB unsup (enum-aug),add_fluorine,A,add_fluorine_044,0.1642236507708873,512
CLIMB unsup (enum-aug),add_fluorine,A,add_fluorine_045,0.2033323801591944,512
CLIMB unsup (enum-aug),add_fluorine,A,add_fluorine_046,0.26797738080236533,512
CLIMB unsup (enum-aug),add_fluorine,A,add_fluorine_047,0.29268389580266896,512
CLIMB unsup (enum-aug),add_fluorine,A,add_fluorine_048,0.3074944026321154,512
CLIMB unsup (enum-aug),add_fluorine,A,add_fluorine_049,0.17092926867705027,512
CLIMB unsup (enum-aug),add_fluorine,A,add_fluorine_050,0.13528761326105757,512
CLIMB unsup (enum-aug),add_fluorine,A,add_fluorine_051,0.7389160827327887,512
CLIMB unsup (enum-aug),add_fluorine,A,add_fluorine_052,0.3236138277780754,512
CLIMB unsup (enum-aug),add_fluorine,A,add_fluorine_053,0.1811028411568682,512
CLIMB unsup (enum-aug),add_fluorine,A,add_fluorine_054,0.21701631876212601,512
CLIMB unsup (enum-aug),add_fluorine,A,add_fluorine_055,0.1495833760008968,512
CLIMB unsup (enum-aug),add_fluorine,A,add_fluorine_056,0.22064260443312464,512
CLIMB unsup (enum-aug),add_fluorine,A,add_fluorine_057,1.0284683786539677,512
CLIMB unsup (enum-aug),add_fluorine,A,add_fluorine_058,0.21292952528875864,512
CLIMB unsup (enum-aug),add_fluorine,A,add_fluorine_059,0.3415885040087754,512
CLIMB unsup (enum-aug),add_fluorine,A,add_fluorine_060,0.2980180695363241,512
CLIMB unsup (enum-aug),add_fluorine,A,add_fluorine_061,0.5108177189442762,512
CLIMB unsup (enum-aug),add_fluorine,A,add_fluorine_062,0.3633050712628131,512
CLIMB unsup (enum-aug),add_fluorine,A,add_fluorine_063,0.2895452850197038,512
CLIMB unsup (enum-aug),add_fluorine,A,add_fluorine_064,0.3742360315676203,512
CLIMB unsup (enum-aug),add_fluorine,A,add_fluorine_065,0.20628408663902664,512
CLIMB unsup (enum-aug),add_fluorine,A,add_fluorine_066,0.202790034261837,512
CLIMB unsup (enum-aug),add_fluorine,A,add_fluorine_067,0.19164956723802018,512
CLIMB unsup (enum-aug),add_fluorine,A,add_fluorine_068,0.19535730923554806,512
CLIMB unsup (enum-aug),add_fluorine,A,add_fluorine_069,0.3167488679626463,512
CLIMB unsup (enum-aug),add_fluorine,A,add_fluorine_070,0.338087886541818,512
CLIMB unsup (enum-aug),add_fluorine,A,add_fluorine_071,0.3152044989406348,512
CLIMB unsup (enum-aug),add_fluorine,A,add_fluorine_072,0.15225342724569838,512
CLIMB unsup (enum-aug),add_fluorine,A,add_fluorine_073,0.17273260901014678,512
CLIMB unsup (enum-aug),add_fluorine,A,add_fluorine_074,0.23578224454429375,512
CLIMB unsup (enum-aug),add_fluorine,A,add_fluorine_075,0.2573214734097713,512
CLIMB unsup (enum-aug),add_fluorine,A,add_fluorine_076,0.290097044481136,512
CLIMB unsup (enum-aug),add_fluorine,A,add_fluorine_077,0.4851568731200676,512
CLIMB unsup (enum-aug),add_fluorine,A,add_fluorine_078,0.22165639458563682,512
CLIMB unsup (enum-aug),add_fluorine,A,add_fluorine_079,0.21458919203824192,512
CLIMB unsup (enum-aug),add_fluorine,A,add_fluorine_080,0.25524763752561946,512
CLIMB unsup (enum-aug),add_fluorine,A,add_fluorine_081,0.16998347559690816,512
CLIMB unsup (enum-aug),add_fluorine,A,add_fluorine_082,0.11688774992333495,512
CLIMB unsup (enum-aug),add_fluorine,A,add_fluorine_083,0.2571292625410928,512
CLIMB unsup (enum-aug),add_fluorine,A,add_fluorine_084,0.6103292335044843,512
CLIMB unsup (enum-aug),add_fluorine,A,add_fluorine_085,0.2761326520490829,512
CLIMB unsup (enum-aug),add_fluorine,A,add_fluorine_086,0.24929364950663727,512
CLIMB unsup (enum-aug),add_fluorine,A,add_fluorine_087,0.7033001433191217,512
CLIMB unsup (enum-aug),add_fluorine,A,add_fluorine_088,0.250138039237415,512
CLIMB unsup (enum-aug),add_fluorine,A,add_fluorine_089,0.3734149344385683,512
CLIMB unsup (enum-aug),add_fluorine,A,add_fluorine_090,0.10750343602901358,512
CLIMB unsup (enum-aug),add_fluorine,A,add_fluorine_091,0.661196054915337,512
CLIMB unsup (enum-aug),add_fluorine,A,add_fluorine_092,0.20548256125253642,512
CLIMB unsup (enum-aug),add_fluorine,A,add_fluorine_093,0.44610213296404844,512
CLIMB unsup (enum-aug),add_fluorine,A,add_fluorine_094,0.133458151500419,512
CLIMB unsup (enum-aug),add_fluorine,A,add_fluorine_095,0.2528103041353877,512
CLIMB unsup (enum-aug),add_fluorine,A,add_fluorine_096,0.16193098560653443,512
CLIMB unsup (enum-aug),add_fluorine,A,add_fluorine_097,0.31071553455775247,512
CLIMB unsup (enum-aug),add_fluorine,A,add_fluorine_098,0.5926492077230728,512
CLIMB unsup (enum-aug),add_fluorine,A,add_fluorine_099,0.8241716226065321,512
CLIMB unsup (enum-aug),isotope_13c,A,isotope_13c_000,0.7356729078534175,512
CLIMB unsup (enum-aug),isotope_13c,A,isotope_13c_001,0.8108193476437247,512
CLIMB unsup (enum-aug),isotope_13c,A,isotope_13c_002,1.9367203530615407,512
CLIMB unsup (enum-aug),isotope_13c,A,isotope_13c_003,0.3715208996284689,512
CLIMB unsup (enum-aug),isotope_13c,A,isotope_13c_004,0.3252503428707216,512
CLIMB unsup (enum-aug),isotope_13c,A,isotope_13c_005,0.5461799530463658,512
CLIMB unsup (enum-aug),isotope_13c,A,isotope_13c_006,0.4856988796372643,512
CLIMB unsup (enum-aug),isotope_13c,A,isotope_13c_007,0.44408260434121627,512
CLIMB unsup (enum-aug),isotope_13c,A,isotope_13c_008,0.4674884345785236,512
CLIMB unsup (enum-aug),isotope_13c,A,isotope_13c_009,0.2662824786434324,512
CLIMB unsup (enum-aug),isotope_13c,A,isotope_13c_010,0.30438898454203644,512
CLIMB unsup (enum-aug),isotope_13c,A,isotope_13c_011,0.4885609378666675,512
CLIMB unsup (enum-aug),isotope_13c,A,isotope_13c_012,0.22363824877129082,512
CLIMB unsup (enum-aug),isotope_13c,A,isotope_13c_013,0.566094566358444,512
CLIMB unsup (enum-aug),isotope_13c,A,isotope_13c_014,0.36614431391683777,512
CLIMB unsup (enum-aug),isotope_13c,A,isotope_13c_015,0.3319027391865536,512
CLIMB unsup (enum-aug),isotope_13c,A,isotope_13c_016,0.4602478116995716,512
CLIMB unsup (enum-aug),isotope_13c,A,isotope_13c_017,0.6364547320444758,512
CLIMB unsup (enum-aug),isotope_13c,A,isotope_13c_018,0.4150870410748737,512
CLIMB unsup (enum-aug),isotope_13c,A,isotope_13c_019,0.4489464705967182,512
CLIMB unsup (enum-aug),isotope_13c,A,isotope_13c_020,0.4436682676925723,512
CLIMB unsup (enum-aug),isotope_13c,A,isotope_13c_021,0.6413761869182583,512
CLIMB unsup (enum-aug),isotope_13c,A,isotope_13c_022,0.5452900652431006,512
CLIMB unsup (enum-aug),isotope_13c,A,isotope_13c_023,0.44960905122630795,512
CLIMB unsup (enum-aug),isotope_13c,A,isotope_13c_024,0.37325319201715434,512
CLIMB unsup (enum-aug),isotope_13c,A,isotope_13c_025,0.4405563081498135,512
CLIMB unsup (enum-aug),isotope_13c,A,isotope_13c_026,0.7974121669646366,512
CLIMB unsup (enum-aug),isotope_13c,A,isotope_13c_027,0.2469923353650803,512
CLIMB unsup (enum-aug),isotope_13c,A,isotope_13c_028,0.6207022404743501,512
CLIMB unsup (enum-aug),isotope_13c,A,isotope_13c_029,0.3433013532177456,512
CLIMB unsup (enum-aug),isotope_13c,A,isotope_13c_030,0.6840216745079619,512
CLIMB unsup (enum-aug),isotope_13c,A,isotope_13c_031,0.5686423725704622,512
CLIMB unsup (enum-aug),isotope_13c,A,isotope_13c_032,0.5654664408579879,512
CLIMB unsup (enum-aug),isotope_13c,A,isotope_13c_033,0.3923401680056639,512
CLIMB unsup (enum-aug),isotope_13c,A,isotope_13c_034,0.37523641318201106,512
CLIMB unsup (enum-aug),isotope_13c,A,isotope_13c_035,0.2523695362253015,512
CLIMB unsup (enum-aug),isotope_13c,A,isotope_13c_036,0.7551308181148207,512
CLIMB unsup (enum-aug),isotope_13c,A,isotope_13c_037,0.5071024685154851,512
CLIMB unsup (enum-aug),isotope_13c,A,isotope_13c_038,0.6599462767180757,512
CLIMB unsup (enum-aug),isotope_13c,A,isotope_13c_039,0.5104459580929143,512
CLIMB unsup (enum-aug),isotope_13c,A,isotope_13c_040,0.5932102536236339,512
CLIMB unsup (enum-aug),isotope_13c,A,isotope_13c_041,0.4089811063295983,512
CLIMB unsup (enum-aug),isotope_13c,A,isotope_13c_042,0.3502251951163811,512
CLIMB unsup (enum-aug),isotope_13c,A,isotope_13c_043,0.4418788857759082,512
CLIMB unsup (enum-aug),isotope_13c,A,isotope_13c_044,0.2624726704466471,512
CLIMB unsup (enum-aug),isotope_13c,A,isotope_13c_045,0.3194074989357702,512
CLIMB unsup (enum-aug),isotope_13c,A,isotope_13c_046,1.2074005110301378,512
CLIMB unsup (enum-aug),isotope_13c,A,isotope_13c_047,0.3964005801889034,512
CLIMB unsup (enum-aug),isotope_13c,A,isotope_13c_048,0.5185689501187433,512
CLIMB unsup (enum-aug),isotope_13c,A,isotope_13c_049,0.2735750918447041,512
CLIMB unsup (enum-aug),isotope_13c,A,isotope_13c_050,0.29712842377639215,512
CLIMB unsup (enum-aug),isotope_13c,A,isotope_13c_051,0.6290763056552329,512
CLIMB unsup (enum-aug),isotope_13c,A,isotope_13c_052,0.6132968804017981,512
CLIMB unsup (enum-aug),isotope_13c,A,isotope_13c_053,0.47417637772407,512
CLIMB unsup (enum-aug),isotope_13c,A,isotope_13c_054,0.4042099207614751,512
CLIMB unsup (enum-aug),isotope_13c,A,isotope_13c_055,0.43979598528083014,512
CLIMB unsup (enum-aug),isotope_13c,A,isotope_13c_056,0.22473406340989363,512
CLIMB unsup (enum-aug),isotope_13c,A,isotope_13c_057,1.2935610605447774,512
CLIMB unsup (enum-aug),isotope_13c,A,isotope_13c_058,0.45068443342606684,512
CLIMB unsup (enum-aug),isotope_13c,A,isotope_13c_059,0.2846707884385059,512
CLIMB unsup (enum-aug),isotope_13c,A,isotope_13c_060,0.3306341192216435,512
CLIMB unsup (enum-aug),isotope_13c,A,isotope_13c_061,0.6657001964557572,512
CLIMB unsup (enum-aug),isotope_13c,A,isotope_13c_062,0.574568165451035,512
CLIMB unsup (enum-aug),isotope_13c,A,isotope_13c_063,0.8941599492740141,512
CLIMB unsup (enum-aug),isotope_13c,A,isotope_13c_064,0.679982270608761,512
CLIMB unsup (enum-aug),isotope_13c,A,isotope_13c_065,0.6777351013756481,512
CLIMB unsup (enum-aug),isotope_13c,A,isotope_13c_066,0.6474789603926543,512
CLIMB unsup (enum-aug),isotope_13c,A,isotope_13c_067,1.0981880244161686,512
CLIMB unsup (enum-aug),isotope_13c,A,isotope_13c_068,2.1245632477539407,512
CLIMB unsup (enum-aug),isotope_13c,A,isotope_13c_069,0.8030088124906871,512
CLIMB unsup (enum-aug),isotope_13c,A,isotope_13c_070,0.5068879137488217,512
CLIMB unsup (enum-aug),isotope_13c,A,isotope_13c_071,0.8299324460461166,512
CLIMB unsup (enum-aug),isotope_13c,A,isotope_13c_072,0.4650049340555932,512
CLIMB unsup (enum-aug),isotope_13c,A,isotope_13c_073,0.7241726901010994,512
CLIMB unsup (enum-aug),isotope_13c,A,isotope_13c_074,0.47875221845994187,512
CLIMB unsup (enum-aug),isotope_13c,A,isotope_13c_075,0.49612445891550566,512
CLIMB unsup (enum-aug),isotope_13c,A,isotope_13c_076,0.6066088950846915,512
CLIMB unsup (enum-aug),isotope_13c,A,isotope_13c_077,0.3984002329060865,512
CLIMB unsup (enum-aug),isotope_13c,A,isotope_13c_078,0.7739701291325879,512
CLIMB unsup (enum-aug),isotope_13c,A,isotope_13c_079,0.50306415274496,512
CLIMB unsup (enum-aug),isotope_13c,A,isotope_13c_080,0.3980014951110391,512
CLIMB unsup (enum-aug),isotope_13c,A,isotope_13c_081,0.22307130511382797,512
CLIMB unsup (enum-aug),isotope_13c,A,isotope_13c_082,0.282874224013474,512
CLIMB unsup (enum-aug),isotope_13c,A,isotope_13c_083,0.5447090371098469,512
CLIMB unsup (enum-aug),isotope_13c,A,isotope_13c_084,0.44859614565469524,512
CLIMB unsup (enum-aug),isotope_13c,A,isotope_13c_085,0.3813886262340094,512
CLIMB unsup (enum-aug),isotope_13c,A,isotope_13c_086,1.3854466022720369,512
CLIMB unsup (enum-aug),isotope_13c,A,isotope_13c_087,1.0887215209152319,512
CLIMB unsup (enum-aug),isotope_13c,A,isotope_13c_088,0.5976087549369794,512
CLIMB unsup (enum-aug),isotope_13c,A,isotope_13c_089,0.44157521508887193,512
CLIMB unsup (enum-aug),isotope_13c,A,isotope_13c_090,0.6350097162282476,512
CLIMB unsup (enum-aug),isotope_13c,A,isotope_13c_091,0.5332367066115766,512
CLIMB unsup (enum-aug),isotope_13c,A,isotope_13c_092,0.3799283167233111,512
CLIMB unsup (enum-aug),isotope_13c,A,isotope_13c_093,0.2838172778347069,512
CLIMB unsup (enum-aug),isotope_13c,A,isotope_13c_094,0.34084330712415983,512
CLIMB unsup (enum-aug),isotope_13c,A,isotope_13c_095,0.3544777033391316,512
CLIMB unsup (enum-aug),isotope_13c,A,isotope_13c_096,0.6649512450636035,512
CLIMB unsup (enum-aug),isotope_13c,A,isotope_13c_097,1.0864284049935613,512
CLIMB unsup (enum-aug),isotope_13c,A,isotope_13c_098,0.3423193967893527,512
CLIMB unsup (enum-aug),isotope_13c,A,isotope_13c_099,0.48279831829310427,512
CLIMB unsup (enum-aug),ring_size,A,ring_size_000,0.15971310529202556,512
CLIMB unsup (enum-aug),ring_size,A,ring_size_001,0.10934760757197684,512
CLIMB unsup (enum-aug),ring_size,A,ring_size_002,0.0677879185813711,512
CLIMB unsup (enum-aug),ring_size,A,ring_size_003,0.11858992892510306,512
CLIMB unsup (enum-aug),ring_size,A,ring_size_004,0.05891504402146388,512
CLIMB unsup (enum-aug),ring_size,A,ring_size_005,0.07898717937079865,512
CLIMB unsup (enum-aug),ring_size,A,ring_size_006,0.08825056031856696,512
CLIMB unsup (enum-aug),ring_size,A,ring_size_007,0.24296027902963363,512
CLIMB unsup (enum-aug),ring_size,A,ring_size_008,0.14846359884968827,512
CLIMB unsup (enum-aug),ring_size,A,ring_size_009,0.06781322664854546,512
CLIMB unsup (enum-aug),ring_size,A,ring_size_010,0.1024020616065762,512
CLIMB unsup (enum-aug),ring_size,A,ring_size_011,0.14128296914369204,512
CLIMB unsup (enum-aug),ring_size,A,ring_size_012,0.06922171534093707,512
CLIMB unsup (enum-aug),ring_size,A,ring_size_013,0.07958502631311355,512
CLIMB unsup (enum-aug),ring_size,A,ring_size_014,0.09703579552492365,512
CLIMB unsup (enum-aug),ring_size,A,ring_size_015,0.08544618629473814,512
CLIMB unsup (enum-aug),ring_size,A,ring_size_016,0.13264179772191687,512
CLIMB unsup (enum-aug),ring_size,A,ring_size_017,0.08324272132513201,512
CLIMB unsup (enum-aug),ring_size,A,ring_size_018,0.16064785644760793,512
CLIMB unsup (enum-aug),ring_size,A,ring_size_019,0.1736829772329562,512
CLIMB unsup (enum-aug),ring_size,A,ring_size_020,0.1016774921558246,512
CLIMB unsup (enum-aug),ring_size,A,ring_size_021,0.07636446493212251,512
CLIMB unsup (enum-aug),ring_size,A,ring_size_022,0.16195840101050257,512
CLIMB unsup (enum-aug),ring_size,A,ring_size_023,0.14871644513458035,512
CLIMB unsup (enum-aug),ring_size,A,ring_size_024,0.10147129032435714,512
CLIMB unsup (enum-aug),ring_size,A,ring_size_025,0.08714009356517598,512
CLIMB unsup (enum-aug),ring_size,A,ring_size_026,0.1258805584929611,512
CLIMB unsup (enum-aug),ring_size,A,ring_size_027,0.08723210302771202,512
CLIMB unsup (enum-aug),ring_size,A,ring_size_028,0.11320902015184973,512
CLIMB unsup (enum-aug),ring_size,A,ring_size_029,0.08184931198490936,512
CLIMB unsup (enum-aug),ring_size,A,ring_size_030,0.18257344990899063,512
CLIMB unsup (enum-aug),ring_size,A,ring_size_031,0.10558716550542743,512
CLIMB unsup (enum-aug),ring_size,A,ring_size_032,0.08113427020058718,512
CLIMB unsup (enum-aug),ring_size,A,ring_size_033,0.06518706507998721,512
CLIMB unsup (enum-aug),ring_size,A,ring_size_034,0.09057887213341498,512
CLIMB unsup (enum-aug),ring_size,A,ring_size_035,0.06169050546842299,512
CLIMB unsup (enum-aug),ring_size,A,ring_size_036,0.09959406869638762,512
CLIMB unsup (enum-aug),ring_size,A,ring_size_037,0.08547938578164672,512
CLIMB unsup (enum-aug),ring_size,A,ring_size_038,0.0615298784763868,512
CLIMB unsup (enum-aug),ring_size,A,ring_size_039,0.09351931083829118,512
CLIMB unsup (enum-aug),ring_size,A,ring_size_040,0.1274455523909194,512
CLIMB unsup (enum-aug),ring_size,A,ring_size_041,0.0799970353507932,512
CLIMB unsup (enum-aug),ring_size,A,ring_size_042,0.16895551566465192,512
CLIMB unsup (enum-aug),ring_size,A,ring_size_043,0.07592497446690442,512
CLIMB unsup (enum-aug),ring_size,A,ring_size_044,0.1273373076105937,512
CLIMB unsup (enum-aug),ring_size,A,ring_size_045,0.13564883930047045,512
CLIMB unsup (enum-aug),ring_size,A,ring_size_046,0.11210670876611342,512
CLIMB unsup (enum-aug),ring_size,A,ring_size_047,0.09105765513101105,512
CLIMB unsup (enum-aug),ring_size,A,ring_size_048,0.0637952244036115,512
CLIMB unsup (enum-aug),ring_size,A,ring_size_049,0.09015811913472185,512
CLIMB unsup (enum-aug),ring_size,A,ring_size_050,0.11472668561924088,512
CLIMB unsup (enum-aug),ring_size,A,ring_size_051,0.07159468915931758,512
CLIMB unsup (enum-aug),ring_size,A,ring_size_052,0.10273555537235869,512
CLIMB unsup (enum-aug),ring_size,A,ring_size_053,0.12449075602866885,512
CLIMB unsup (enum-aug),ring_size,A,ring_size_054,0.08995000135077313,512
CLIMB unsup (enum-aug),ring_size,A,ring_size_055,0.07479951115585001,512
CLIMB unsup (enum-aug),ring_size,A,ring_size_056,0.09047224097624552,512
CLIMB unsup (enum-aug),ring_size,A,ring_size_057,0.23050050194704697,512
CLIMB unsup (enum-aug),ring_size,A,ring_size_058,0.0651413741391796,512
CLIMB unsup (enum-aug),ring_size,A,ring_size_059,0.08001540002259092,512
CLIMB unsup (enum-aug),ring_size,A,ring_size_060,0.28683809231040974,512
CLIMB unsup (enum-aug),ring_size,A,ring_size_061,0.13815838306650585,512
CLIMB unsup (enum-aug),ring_size,A,ring_size_062,0.16240159312975644,512
CLIMB unsup (enum-aug),ring_size,A,ring_size_063,0.09535205496492476,512
CLIMB unsup (enum-aug),ring_size,A,ring_size_064,0.06663421040465774,512
CLIMB unsup (enum-aug),ring_size,A,ring_size_065,0.15466373310908202,512
CLIMB unsup (enum-aug),ring_size,A,ring_size_066,0.08839822266862356,512
CLIMB unsup (enum-aug),ring_size,A,ring_size_067,0.0835687246641287,512
CLIMB unsup (enum-aug),ring_size,A,ring_size_068,0.09456495569694139,512
CLIMB unsup (enum-aug),ring_size,A,ring_size_069,0.9268435329859087,512
CLIMB unsup (enum-aug),ring_size,A,ring_size_070,0.5291003718739848,512
CLIMB unsup (enum-aug),ring_size,A,ring_size_071,0.08132657452662706,512
CLIMB unsup (enum-aug),ring_size,A,ring_size_072,0.08949071746758391,512
CLIMB unsup (enum-aug),ring_size,A,ring_size_073,0.08454455030736553,512
CLIMB unsup (enum-aug),ring_size,A,ring_size_074,0.05222256907943532,512
CLIMB unsup (enum-aug),ring_size,A,ring_size_075,0.09565823397934571,512
CLIMB unsup (enum-aug),ring_size,A,ring_size_076,0.09536644064708492,512
CLIMB unsup (enum-aug),ring_size,A,ring_size_077,0.08915849060697233,512
CLIMB unsup (enum-aug),ring_size,A,ring_size_078,0.08768471637637888,512
CLIMB unsup (enum-aug),ring_size,A,ring_size_079,0.057002009541611554,512
CLIMB unsup (enum-aug),ring_size,A,ring_size_080,0.12791478784453467,512
CLIMB unsup (enum-aug),ring_size,A,ring_size_081,0.1087087810068731,512
CLIMB unsup (enum-aug),ring_size,A,ring_size_082,0.14881286342037997,512
CLIMB unsup (enum-aug),ring_size,A,ring_size_083,0.22171399730857091,512
CLIMB unsup (enum-aug),ring_size,A,ring_size_084,0.08817020270543828,512
CLIMB unsup (enum-aug),ring_size,A,ring_size_085,0.1261665984634355,512
CLIMB unsup (enum-aug),ring_size,A,ring_size_086,0.08227251682752765,512
CLIMB unsup (enum-aug),ring_size,A,ring_size_087,0.08477755350525294,512
CLIMB unsup (enum-aug),ring_size,A,ring_size_088,0.0874929038929086,512
CLIMB unsup (enum-aug),ring_size,A,ring_size_089,0.07590283954051122,512
CLIMB unsup (enum-aug),ring_size,A,ring_size_090,0.1836781622075878,512
CLIMB unsup (enum-aug),ring_size,A,ring_size_091,0.07011924891703122,512
CLIMB unsup (enum-aug),ring_size,A,ring_size_092,0.08318391307320364,512
CLIMB unsup (enum-aug),ring_size,A,ring_size_093,0.15665069263423126,512
CLIMB unsup (enum-aug),ring_size,A,ring_size_094,0.09809928559082526,512
CLIMB unsup (enum-aug),ring_size,A,ring_size_095,0.08751729900038564,512
CLIMB unsup (enum-aug),ring_size,A,ring_size_096,0.1687438104481284,512
CLIMB unsup (enum-aug),ring_size,A,ring_size_097,0.10702992521807436,512
CLIMB unsup (enum-aug),ring_size,A,ring_size_098,0.1205880160866373,512
CLIMB unsup (enum-aug),ring_size,A,ring_size_099,0.08427462926174388,512
CLIMB unsup (enum-aug),regioisomer,A,regioisomer_000,1.0604366504889036,512
CLIMB unsup (enum-aug),regioisomer,A,regioisomer_001,1.0736730889932986,512
CLIMB unsup (enum-aug),regioisomer,A,regioisomer_002,1.058806272780188,512
CLIMB unsup (enum-aug),regioisomer,A,regioisomer_003,0.849486527335482,512
CLIMB unsup (enum-aug),regioisomer,A,regioisomer_004,0.8094966564800212,512
CLIMB unsup (enum-aug),regioisomer,A,regioisomer_005,1.0016934017233847,512
CLIMB unsup (enum-aug),regioisomer,A,regioisomer_006,1.0011852531864005,512
CLIMB unsup (enum-aug),regioisomer,A,regioisomer_007,0.5298374256280632,512
CLIMB unsup (enum-aug),regioisomer,A,regioisomer_008,0.6427187599229661,512
CLIMB unsup (enum-aug),regioisomer,A,regioisomer_009,0.8104049451957246,512
CLIMB unsup (enum-aug),regioisomer,A,regioisomer_010,0.8240915662677046,512
CLIMB unsup (enum-aug),regioisomer,A,regioisomer_011,0.8075545835329857,512
CLIMB unsup (enum-aug),regioisomer,A,regioisomer_012,0.7147500551202065,512
CLIMB unsup (enum-aug),regioisomer,A,regioisomer_013,1.0997163744277985,512
CLIMB unsup (enum-aug),regioisomer,A,regioisomer_014,1.0389116675201935,512
CLIMB unsup (enum-aug),regioisomer,A,regioisomer_015,0.623689369561867,512
CLIMB unsup (enum-aug),regioisomer,A,regioisomer_016,1.0401937864129105,512
CLIMB unsup (enum-aug),regioisomer,A,regioisomer_017,1.0389751325887142,512
CLIMB unsup (enum-aug),regioisomer,A,regioisomer_018,1.0393783201075415,512
CLIMB unsup (enum-aug),regioisomer,A,regioisomer_019,0.878462219465076,512
CLIMB unsup (enum-aug),regioisomer,A,regioisomer_020,0.6164220880055984,512
CLIMB unsup (enum-aug),regioisomer,A,regioisomer_021,1.0608859231615235,512
CLIMB unsup (enum-aug),regioisomer,A,regioisomer_022,1.0060500384071362,512
CLIMB unsup (enum-aug),regioisomer,A,regioisomer_023,0.7663865220787557,512
CLIMB unsup (enum-aug),regioisomer,A,regioisomer_024,0.6341552274021844,512
CLIMB unsup (enum-aug),regioisomer,A,regioisomer_025,1.0658390282869106,512
CLIMB unsup (enum-aug),regioisomer,A,regioisomer_026,0.5268981066126227,512
CLIMB unsup (enum-aug),regioisomer,A,regioisomer_027,0.7110543059130535,512
CLIMB unsup (enum-aug),regioisomer,A,regioisomer_028,0.5980465046982896,512
CLIMB unsup (enum-aug),regioisomer,A,regioisomer_029,1.0367742692198492,512
CLIMB unsup (enum-aug),regioisomer,A,regioisomer_030,1.0118269091448973,512
CLIMB unsup (enum-aug),regioisomer,A,regioisomer_031,1.0640680829035387,512
CLIMB unsup (enum-aug),regioisomer,A,regioisomer_032,1.0262316519127723,512
CLIMB unsup (enum-aug),regioisomer,A,regioisomer_033,0.6924822942754778,512
CLIMB unsup (enum-aug),regioisomer,A,regioisomer_034,1.0088995198963,512
CLIMB unsup (enum-aug),regioisomer,A,regioisomer_035,0.7919914826087175,512
CLIMB unsup (enum-aug),regioisomer,A,regioisomer_036,1.0876048908459353,512
CLIMB unsup (enum-aug),regioisomer,A,regioisomer_037,0.821095123060605,512
CLIMB unsup (enum-aug),regioisomer,A,regioisomer_038,0.7532534550101189,512
CLIMB unsup (enum-aug),regioisomer,A,regioisomer_039,0.5690951130649483,512
CLIMB unsup (enum-aug),regioisomer,A,regioisomer_040,0.5386619250257971,512
CLIMB unsup (enum-aug),regioisomer,A,regioisomer_041,0.9398794683622375,512
CLIMB unsup (enum-aug),regioisomer,A,regioisomer_042,1.0416710738492532,512
CLIMB unsup (enum-aug),regioisomer,A,regioisomer_043,0.8021560724052744,512
CLIMB unsup (enum-aug),regioisomer,A,regioisomer_044,1.0131790460976913,512
CLIMB unsup (enum-aug),regioisomer,A,regioisomer_045,0.8837172013750666,512
CLIMB unsup (enum-aug),regioisomer,A,regioisomer_046,0.7832110852088561,512
CLIMB unsup (enum-aug),regioisomer,A,regioisomer_047,1.0667120161716492,512
CLIMB unsup (enum-aug),regioisomer,A,regioisomer_048,1.0275803578159162,512
CLIMB unsup (enum-aug),regioisomer,A,regioisomer_049,0.7009894138759805,512
CLIMB unsup (enum-aug),regioisomer,A,regioisomer_050,0.789991263148115,512
CLIMB unsup (enum-aug),regioisomer,A,regioisomer_051,1.0393783201075415,512
CLIMB unsup (enum-aug),regioisomer,A,regioisomer_052,0.8547230688576826,512
CLIMB unsup (enum-aug),regioisomer,A,regioisomer_053,0.6405537226871878,512
CLIMB unsup (enum-aug),regioisomer,A,regioisomer_054,1.0485797823532432,512
CLIMB unsup (enum-aug),regioisomer,A,regioisomer_055,0.9933125188947493,512
CLIMB unsup (enum-aug),regioisomer,A,regioisomer_056,1.060738029188036,512
CLIMB unsup (enum-aug),regioisomer,A,regioisomer_057,1.0061449923437362,512
CLIMB unsup (enum-aug),regioisomer,A,regioisomer_058,1.0503129994732083,512
CLIMB unsup (enum-aug),regioisomer,A,regioisomer_059,0.8076379207124602,512
CLIMB unsup (enum-aug),regioisomer,A,regioisomer_060,1.008385288726892,512
CLIMB unsup (enum-aug),regioisomer,A,regioisomer_061,0.6214000499233426,512
CLIMB unsup (enum-aug),regioisomer,A,regioisomer_062,0.8725158585573517,512
CLIMB unsup (enum-aug),regioisomer,A,regioisomer_063,1.0040251061234775,512
CLIMB unsup (enum-aug),regioisomer,A,regioisomer_064,1.0920935401606433,512
CLIMB unsup (enum-aug),regioisomer,A,regioisomer_065,1.0742743817680738,512
CLIMB unsup (enum-aug),regioisomer,A,regioisomer_066,0.7508933579623976,512
CLIMB unsup (enum-aug),regioisomer,A,regioisomer_067,0.8440672364999683,512
CLIMB unsup (enum-aug),regioisomer,A,regioisomer_068,1.033147347128638,512
CLIMB unsup (enum-aug),regioisomer,A,regioisomer_069,1.0161120439831364,512
CLIMB unsup (enum-aug),regioisomer,A,regioisomer_070,1.0937462931178237,512
CLIMB unsup (enum-aug),regioisomer,A,regioisomer_071,1.0558357266814784,512
CLIMB unsup (enum-aug),regioisomer,A,regioisomer_072,1.0192328655574223,512
CLIMB unsup (enum-aug),regioisomer,A,regioisomer_073,0.6108303708954209,512
CLIMB unsup (enum-aug),regioisomer,A,regioisomer_074,1.0003052989661956,512
CLIMB unsup (enum-aug),regioisomer,A,regioisomer_075,1.009201956623963,512
CLIMB unsup (enum-aug),regioisomer,A,regioisomer_076,1.0311781705259284,512
CLIMB unsup (enum-aug),regioisomer,A,regioisomer_077,1.0187981198880478,512
CLIMB unsup (enum-aug),regioisomer,A,regioisomer_078,1.0034646482982807,512
CLIMB unsup (enum-aug),regioisomer,A,regioisomer_079,0.5896709491467745,512
CLIMB unsup (enum-aug),regioisomer,A,regioisomer_080,1.149648565221386,512
CLIMB unsup (enum-aug),regioisomer,A,regioisomer_081,0.6181092275519996,512
CLIMB unsup (enum-aug),regioisomer,A,regioisomer_082,1.0180999129701902,512
CLIMB unsup (enum-aug),regioisomer,A,regioisomer_083,0.9819903616913346,512
CLIMB unsup (enum-aug),regioisomer,A,regioisomer_084,0.9497867896218766,512
CLIMB unsup (enum-aug),regioisomer,A,regioisomer_085,1.0127101052234486,512
CLIMB unsup (enum-aug),regioisomer,A,regioisomer_086,1.0563541307715352,512
CLIMB unsup (enum-aug),regioisomer,A,regioisomer_087,1.0320824899044425,512
CLIMB unsup (enum-aug),regioisomer,A,regioisomer_088,1.0140517790810437,512
CLIMB unsup (enum-aug),regioisomer,A,regioisomer_089,1.0672228595118578,512
CLIMB unsup (enum-aug),regioisomer,A,regioisomer_090,1.050920102693349,512
CLIMB unsup (enum-aug),regioisomer,A,regioisomer_091,0.8091108753130319,512
CLIMB unsup (enum-aug),regioisomer,A,regioisomer_092,0.9203478735795713,512
CLIMB unsup (enum-aug),regioisomer,A,regioisomer_093,0.7587816624730438,512
CLIMB unsup (enum-aug),regioisomer,A,regioisomer_094,0.997524138147209,512
CLIMB unsup (enum-aug),regioisomer,A,regioisomer_095,0.7682258357579246,512
CLIMB unsup (enum-aug),regioisomer,A,regioisomer_096,1.0667120161716492,512
CLIMB unsup (enum-aug),regioisomer,A,regioisomer_097,0.9972914605825552,512
CLIMB unsup (enum-aug),regioisomer,A,regioisomer_098,0.8613997227499479,512
CLIMB unsup (enum-aug),regioisomer,A,regioisomer_099,0.8647012168421264,512
CLIMB unsup (enum-aug),matched_mw,A,matched_mw_000,2.1908973089819597,512
CLIMB unsup (enum-aug),matched_mw,A,matched_mw_001,3.6893444592277254,512
CLIMB unsup (enum-aug),matched_mw,A,matched_mw_002,4.600928687365428,512
CLIMB unsup (enum-aug),matched_mw,A,matched_mw_003,3.5564200520083467,512
CLIMB unsup (enum-aug),matched_mw,A,matched_mw_004,4.077222800297047,512
CLIMB unsup (enum-aug),matched_mw,A,matched_mw_005,4.951422720051515,512
CLIMB unsup (enum-aug),matched_mw,A,matched_mw_006,3.3059893350986993,512
CLIMB unsup (enum-aug),matched_mw,A,matched_mw_007,4.464385484959333,512
CLIMB unsup (enum-aug),matched_mw,A,matched_mw_008,3.367976082866545,512
CLIMB unsup (enum-aug),matched_mw,A,matched_mw_009,5.282941922647135,512
CLIMB unsup (enum-aug),matched_mw,A,matched_mw_010,4.745047296519976,512
CLIMB unsup (enum-aug),matched_mw,A,matched_mw_011,4.910152558745703,512
CLIMB unsup (enum-aug),matched_mw,A,matched_mw_012,3.3364383003607117,512
CLIMB unsup (enum-aug),matched_mw,A,matched_mw_013,2.9389541920685915,512
CLIMB unsup (enum-aug),matched_mw,A,matched_mw_014,2.5876093148369805,512
CLIMB unsup (enum-aug),matched_mw,A,matched_mw_015,5.59556519665673,512
CLIMB unsup (enum-aug),matched_mw,A,matched_mw_016,1.7285954175336726,512
CLIMB unsup (enum-aug),matched_mw,A,matched_mw_017,4.895786494463261,512
CLIMB unsup (enum-aug),matched_mw,A,matched_mw_018,4.319464985785775,512
CLIMB unsup (enum-aug),matched_mw,A,matched_mw_019,3.507706919230969,512
CLIMB unsup (enum-aug),matched_mw,A,matched_mw_020,4.922224080143697,512
CLIMB unsup (enum-aug),matched_mw,A,matched_mw_021,1.4739246952701872,512
CLIMB unsup (enum-aug),matched_mw,A,matched_mw_022,1.1318978373601178,512
CLIMB unsup (enum-aug),matched_mw,A,matched_mw_023,2.072660391890444,512
CLIMB unsup (enum-aug),matched_mw,A,matched_mw_024,2.857418787308909,512
CLIMB unsup (enum-aug),matched_mw,A,matched_mw_025,2.7219229481400546,512
CLIMB unsup (enum-aug),matched_mw,A,matched_mw_026,4.663435651638637,512
CLIMB unsup (enum-aug),matched_mw,A,matched_mw_027,2.066292568036459,512
CLIMB unsup (enum-aug),matched_mw,A,matched_mw_028,2.8929624287919298,512
CLIMB unsup (enum-aug),matched_mw,A,matched_mw_029,5.501344470557756,512
CLIMB unsup (enum-aug),matched_mw,A,matched_mw_030,4.839880177938081,512
CLIMB unsup (enum-aug),matched_mw,A,matched_mw_031,2.84038742402769,512
CLIMB unsup (enum-aug),matched_mw,A,matched_mw_032,3.1748281273412515,512
CLIMB unsup (enum-aug),matched_mw,A,matched_mw_033,3.1823400773001804,512
CLIMB unsup (enum-aug),matched_mw,A,matched_mw_034,2.6693819299862507,512
CLIMB unsup (enum-aug),matched_mw,A,matched_mw_035,1.558936497083129,512
CLIMB unsup (enum-aug),matched_mw,A,matched_mw_036,1.9934639466305242,512
CLIMB unsup (enum-aug),matched_mw,A,matched_mw_037,3.4576005199073365,512
CLIMB unsup (enum-aug),matched_mw,A,matched_mw_038,2.0996720241127367,512
CLIMB unsup (enum-aug),matched_mw,A,matched_mw_039,3.0865787917675753,512
CLIMB unsup (enum-aug),matched_mw,A,matched_mw_040,5.141426615660857,512
CLIMB unsup (enum-aug),matched_mw,A,matched_mw_041,4.547261240068552,512
CLIMB unsup (enum-aug),matched_mw,A,matched_mw_042,1.9894243290080011,512
CLIMB unsup (enum-aug),matched_mw,A,matched_mw_043,2.8224188548625175,512
CLIMB unsup (enum-aug),matched_mw,A,matched_mw_044,2.296548292587608,512
CLIMB unsup (enum-aug),matched_mw,A,matched_mw_045,3.06289026073511,512
CLIMB unsup (enum-aug),matched_mw,A,matched_mw_046,2.1815390682568023,512
CLIMB unsup (enum-aug),matched_mw,A,matched_mw_047,2.4615979424105627,512
CLIMB unsup (enum-aug),matched_mw,A,matched_mw_048,2.1815935440710588,512
CLIMB unsup (enum-aug),matched_mw,A,matched_mw_049,2.374496359364029,512
CLIMB unsup (enum-aug),matched_mw,A,matched_mw_050,2.94783210994988,512
CLIMB unsup (enum-aug),matched_mw,A,matched_mw_051,2.396700212796644,512
CLIMB unsup (enum-aug),matched_mw,A,matched_mw_052,3.188267454551585,512
CLIMB unsup (enum-aug),matched_mw,A,matched_mw_053,3.36914336004343,512
CLIMB unsup (enum-aug),matched_mw,A,matched_mw_054,2.3020257714365466,512
CLIMB unsup (enum-aug),matched_mw,A,matched_mw_055,1.5953240069584531,512
CLIMB unsup (enum-aug),matched_mw,A,matched_mw_056,2.552550104878047,512
CLIMB unsup (enum-aug),matched_mw,A,matched_mw_057,2.5099800756844997,512
CLIMB unsup (enum-aug),matched_mw,A,matched_mw_058,1.1970532173023585,512
CLIMB unsup (enum-aug),matched_mw,A,matched_mw_059,1.2317728672808577,512
CLIMB unsup (enum-aug),matched_mw,A,matched_mw_060,1.934307309887247,512
CLIMB unsup (enum-aug),matched_mw,A,matched_mw_061,3.140250425438267,512
CLIMB unsup (enum-aug),matched_mw,A,matched_mw_062,0.7470315006771736,512
CLIMB unsup (enum-aug),matched_mw,A,matched_mw_063,3.408964420137791,512
CLIMB unsup (enum-aug),matched_mw,A,matched_mw_064,1.471976527844111,512
CLIMB unsup (enum-aug),matched_mw,A,matched_mw_065,1.5134436117358363,512
CLIMB unsup (enum-aug),matched_mw,A,matched_mw_066,1.2991068437324842,512
CLIMB unsup (enum-aug),matched_mw,A,matched_mw_067,1.9969797054252914,512
CLIMB unsup (enum-aug),matched_mw,A,matched_mw_068,3.3694991161907564,512
CLIMB unsup (enum-aug),matched_mw,A,matched_mw_069,2.098759338977525,512
CLIMB unsup (enum-aug),matched_mw,A,matched_mw_070,4.80711236932722,512
CLIMB unsup (enum-aug),matched_mw,A,matched_mw_071,1.6682777945457166,512
CLIMB unsup (enum-aug),matched_mw,A,matched_mw_072,2.4824581066209266,512
CLIMB unsup (enum-aug),matched_mw,A,matched_mw_073,3.35887933728193,512
CLIMB unsup (enum-aug),matched_mw,A,matched_mw_074,2.50234684605253,512
CLIMB unsup (enum-aug),matched_mw,A,matched_mw_075,1.4550464581838458,512
CLIMB unsup (enum-aug),matched_mw,A,matched_mw_076,2.875146688688779,512
CLIMB unsup (enum-aug),matched_mw,A,matched_mw_077,0.8510289393620528,512
CLIMB unsup (enum-aug),matched_mw,A,matched_mw_078,0.8230388400889316,512
CLIMB unsup (enum-aug),matched_mw,A,matched_mw_079,1.492775818093887,512
CLIMB unsup (enum-aug),matched_mw,A,matched_mw_080,1.2871980772009182,512
CLIMB unsup (enum-aug),matched_mw,A,matched_mw_081,2.345117630919774,512
CLIMB unsup (enum-aug),matched_mw,A,matched_mw_082,1.8729719521008787,512
CLIMB unsup (enum-aug),matched_mw,A,matched_mw_083,2.125589374634161,512
CLIMB unsup (enum-aug),matched_mw,A,matched_mw_084,2.99441525007255,512
CLIMB unsup (enum-aug),matched_mw,A,matched_mw_085,1.34919864530096,512
CLIMB unsup (enum-aug),matched_mw,A,matched_mw_086,3.849851487729837,512
CLIMB unsup (enum-aug),matched_mw,A,matched_mw_087,3.9858633712565785,512
CLIMB unsup (enum-aug),matched_mw,A,matched_mw_088,1.1254043859169944,512
CLIMB unsup (enum-aug),matched_mw,A,matched_mw_089,1.3538024539523799,512
CLIMB unsup (enum-aug),matched_mw,A,matched_mw_090,3.769359390955115,512
CLIMB unsup (enum-aug),matched_mw,A,matched_mw_091,4.368555948809983,512
CLIMB unsup (enum-aug),matched_mw,A,matched_mw_092,2.5349446224052894,512
CLIMB unsup (enum-aug),matched_mw,A,matched_mw_093,3.411029789255749,512
CLIMB unsup (enum-aug),matched_mw,A,matched_mw_094,2.210120607203355,512
CLIMB unsup (enum-aug),matched_mw,A,matched_mw_095,3.3111033808751986,512
CLIMB unsup (enum-aug),matched_mw,A,matched_mw_096,1.2790675300770096,512
CLIMB unsup (enum-aug),matched_mw,A,matched_mw_097,0.7215140502651618,512
CLIMB unsup (enum-aug),matched_mw,A,matched_mw_098,1.6938650984845076,512
CLIMB unsup (enum-aug),matched_mw,A,matched_mw_099,1.9217515159888738,512
CLIMB unsup (enum-aug),matched_descriptors,A,matched_descriptors_000,0.9563508305980924,512
CLIMB unsup (enum-aug),matched_descriptors,A,matched_descriptors_001,0.35495210193534804,512
CLIMB unsup (enum-aug),matched_descriptors,A,matched_descriptors_002,1.0476247447169178,512
CLIMB unsup (enum-aug),matched_descriptors,A,matched_descriptors_003,0.7158959713468379,512
CLIMB unsup (enum-aug),matched_descriptors,A,matched_descriptors_004,0.37685823150311226,512
CLIMB unsup (enum-aug),matched_descriptors,A,matched_descriptors_005,0.5248635403489634,512
CLIMB unsup (enum-aug),matched_descriptors,A,matched_descriptors_006,0.8860060111047583,512
CLIMB unsup (enum-aug),matched_descriptors,A,matched_descriptors_007,1.171440198263996,512
CLIMB unsup (enum-aug),matched_descriptors,A,matched_descriptors_008,0.6119376467165191,512
CLIMB unsup (enum-aug),matched_descriptors,A,matched_descriptors_009,0.5208882262429855,512
CLIMB unsup (enum-aug),matched_descriptors,A,matched_descriptors_010,0.9685869079154718,512
CLIMB unsup (enum-aug),matched_descriptors,A,matched_descriptors_011,0.8945164959217438,512
CLIMB unsup (enum-aug),matched_descriptors,A,matched_descriptors_012,1.121206386946955,512
CLIMB unsup (enum-aug),matched_descriptors,A,matched_descriptors_013,0.8017139352274228,512
CLIMB unsup (enum-aug),matched_descriptors,A,matched_descriptors_014,1.1501955183432737,512
CLIMB unsup (enum-aug),matched_descriptors,A,matched_descriptors_015,0.7227546995070466,512
CLIMB unsup (enum-aug),matched_descriptors,A,matched_descriptors_016,0.6412229036109958,512
CLIMB unsup (enum-aug),matched_descriptors,A,matched_descriptors_017,0.7720071814566066,512
CLIMB unsup (enum-aug),matched_descriptors,A,matched_descriptors_018,0.7620814470021419,512
CLIMB unsup (enum-aug),matched_descriptors,A,matched_descriptors_019,2.1108780633667026,512
CLIMB unsup (enum-aug),matched_descriptors,A,matched_descriptors_020,0.9353512777631752,512
CLIMB unsup (enum-aug),matched_descriptors,A,matched_descriptors_021,0.6855708886647636,512
CLIMB unsup (enum-aug),matched_descriptors,A,matched_descriptors_022,0.5989203836729755,512
CLIMB unsup (enum-aug),matched_descriptors,A,matched_descriptors_023,0.7421828214330706,512
CLIMB unsup (enum-aug),matched_descriptors,A,matched_descriptors_024,0.8575415521447162,512
CLIMB unsup (enum-aug),matched_descriptors,A,matched_descriptors_025,0.780583958377232,512
CLIMB unsup (enum-aug),matched_descriptors,A,matched_descriptors_026,0.8671114414689721,512
CLIMB unsup (enum-aug),matched_descriptors,A,matched_descriptors_027,1.116486279318029,512
CLIMB unsup (enum-aug),matched_descriptors,A,matched_descriptors_028,0.6780901842575097,512
CLIMB unsup (enum-aug),matched_descriptors,A,matched_descriptors_029,0.5000734915117032,512
CLIMB unsup (enum-aug),matched_descriptors,A,matched_descriptors_030,0.7858582629536334,512
CLIMB unsup (enum-aug),matched_descriptors,A,matched_descriptors_031,0.8477956407244904,512
CLIMB unsup (enum-aug),matched_descriptors,A,matched_descriptors_032,0.7620772084285263,512
CLIMB unsup (enum-aug),matched_descriptors,A,matched_descriptors_033,0.6607036415078605,512
CLIMB unsup (enum-aug),matched_descriptors,A,matched_descriptors_034,0.45068978585622094,512
CLIMB unsup (enum-aug),matched_descriptors,A,matched_descriptors_035,0.8923926887936623,512
CLIMB unsup (enum-aug),matched_descriptors,A,matched_descriptors_036,0.6305089833959906,512
CLIMB unsup (enum-aug),matched_descriptors,A,matched_descriptors_037,0.6265295251604001,512
CLIMB unsup (enum-aug),matched_descriptors,A,matched_descriptors_038,0.491507680616996,512
CLIMB unsup (enum-aug),matched_descriptors,A,matched_descriptors_039,0.6094039172465864,512
CLIMB unsup (enum-aug),matched_descriptors,A,matched_descriptors_040,0.6354560383511537,512
CLIMB unsup (enum-aug),matched_descriptors,A,matched_descriptors_041,5.475328828144687,512
CLIMB unsup (enum-aug),matched_descriptors,A,matched_descriptors_042,0.7206063840167676,512
CLIMB unsup (enum-aug),matched_descriptors,A,matched_descriptors_043,4.774075135013176,512
CLIMB unsup (enum-aug),matched_descriptors,A,matched_descriptors_044,0.6498731603120776,512
CLIMB unsup (enum-aug),matched_descriptors,A,matched_descriptors_045,0.7701883557101356,512
CLIMB unsup (enum-aug),matched_descriptors,A,matched_descriptors_046,0.6647603963448764,512
CLIMB unsup (enum-aug),matched_descriptors,A,matched_descriptors_047,0.8005847468934706,512
CLIMB unsup (enum-aug),matched_descriptors,A,matched_descriptors_048,0.563767389857179,512
CLIMB unsup (enum-aug),matched_descriptors,A,matched_descriptors_049,0.711239264582141,512
CLIMB unsup (enum-aug),matched_descriptors,A,matched_descriptors_050,0.8234231247437399,512
CLIMB unsup (enum-aug),matched_descriptors,A,matched_descriptors_051,0.6790389884675393,512
CLIMB unsup (enum-aug),matched_descriptors,A,matched_descriptors_052,0.7609263745870922,512
CLIMB unsup (enum-aug),matched_descriptors,A,matched_descriptors_053,1.0895870707623927,512
CLIMB unsup (enum-aug),matched_descriptors,A,matched_descriptors_054,0.9347997078646668,512
CLIMB unsup (enum-aug),matched_descriptors,A,matched_descriptors_055,0.8846357980014342,512
CLIMB unsup (enum-aug),matched_descriptors,A,matched_descriptors_056,0.8067719977257014,512
CLIMB unsup (enum-aug),matched_descriptors,A,matched_descriptors_057,1.3164728195190205,512
CLIMB unsup (enum-aug),matched_descriptors,A,matched_descriptors_058,0.8489970622508266,512
CLIMB unsup (enum-aug),matched_descriptors,A,matched_descriptors_059,0.7957381574010611,512
CLIMB unsup (enum-aug),matched_descriptors,A,matched_descriptors_060,1.021987323420847,512
CLIMB unsup (enum-aug),matched_descriptors,A,matched_descriptors_061,1.0135812687248928,512
CLIMB unsup (enum-aug),matched_descriptors,A,matched_descriptors_062,0.7439357053801088,512
CLIMB unsup (enum-aug),matched_descriptors,A,matched_descriptors_063,0.8083734085113036,512
CLIMB unsup (enum-aug),matched_descriptors,A,matched_descriptors_064,0.8526156039655965,512
CLIMB unsup (enum-aug),matched_descriptors,A,matched_descriptors_065,1.1133595925563715,512
CLIMB unsup (enum-aug),matched_descriptors,A,matched_descriptors_066,0.6408648103089255,512
CLIMB unsup (enum-aug),matched_descriptors,A,matched_descriptors_067,0.7641119271105542,512
CLIMB unsup (enum-aug),matched_descriptors,A,matched_descriptors_068,0.6061814565450658,512
CLIMB unsup (enum-aug),matched_descriptors,A,matched_descriptors_069,0.9367389868866552,512
CLIMB unsup (enum-aug),matched_descriptors,A,matched_descriptors_070,0.8504444997915357,512
CLIMB unsup (enum-aug),matched_descriptors,A,matched_descriptors_071,0.8886641214008075,512
CLIMB unsup (enum-aug),matched_descriptors,A,matched_descriptors_072,1.2039749300516658,512
CLIMB unsup (enum-aug),matched_descriptors,A,matched_descriptors_073,0.7343716565789402,512
CLIMB unsup (enum-aug),matched_descriptors,A,matched_descriptors_074,0.8655254949126429,512
CLIMB unsup (enum-aug),matched_descriptors,A,matched_descriptors_075,0.9493931520285421,512
CLIMB unsup (enum-aug),matched_descriptors,A,matched_descriptors_076,1.3312045869256708,512
CLIMB unsup (enum-aug),matched_descriptors,A,matched_descriptors_077,0.9702504739240686,512
CLIMB unsup (enum-aug),matched_descriptors,A,matched_descriptors_078,0.7873977275087785,512
CLIMB unsup (enum-aug),matched_descriptors,A,matched_descriptors_079,0.8167211598286054,512
CLIMB unsup (enum-aug),matched_descriptors,A,matched_descriptors_080,0.6569339503421469,512
CLIMB unsup (enum-aug),matched_descriptors,A,matched_descriptors_081,0.8447761194095463,512
CLIMB unsup (enum-aug),matched_descriptors,A,matched_descriptors_082,0.6692613632710379,512
CLIMB unsup (enum-aug),matched_descriptors,A,matched_descriptors_083,1.0650966020904349,512
CLIMB unsup (enum-aug),matched_descriptors,A,matched_descriptors_084,1.2968792534407076,512
CLIMB unsup (enum-aug),matched_descriptors,A,matched_descriptors_085,0.8709937709838463,512
CLIMB unsup (enum-aug),matched_descriptors,A,matched_descriptors_086,1.1086147252838963,512
CLIMB unsup (enum-aug),matched_descriptors,A,matched_descriptors_087,0.4572866646212853,512
CLIMB unsup (enum-aug),matched_descriptors,A,matched_descriptors_088,1.332503332331397,512
CLIMB unsup (enum-aug),matched_descriptors,A,matched_descriptors_089,0.7758403795409555,512
CLIMB unsup (enum-aug),matched_descriptors,A,matched_descriptors_090,1.0604356077211716,512
CLIMB unsup (enum-aug),matched_descriptors,A,matched_descriptors_091,0.9603756059094939,512
CLIMB unsup (enum-aug),matched_descriptors,A,matched_descriptors_092,0.9758223303550903,512
CLIMB unsup (enum-aug),matched_descriptors,A,matched_descriptors_093,2.575438526630729,512
CLIMB unsup (enum-aug),matched_descriptors,A,matched_descriptors_094,0.9590694687980281,512
CLIMB unsup (enum-aug),matched_descriptors,A,matched_descriptors_095,0.4690262268449778,512
CLIMB unsup (enum-aug),matched_descriptors,A,matched_descriptors_096,0.9422935148138697,512
CLIMB unsup (enum-aug),matched_descriptors,A,matched_descriptors_097,1.0127032329638443,512
CLIMB unsup (enum-aug),matched_descriptors,A,matched_descriptors_098,0.7469281018140569,512
CLIMB unsup (enum-aug),matched_descriptors,A,matched_descriptors_099,0.5642226091729684,512
CLIMB unsup (enum-aug),smiles_enumeration,B,smiles_enumeration_000,0.0,512
CLIMB unsup (enum-aug),smiles_enumeration,B,smiles_enumeration_001,0.0,512
CLIMB unsup (enum-aug),smiles_enumeration,B,smiles_enumeration_002,0.0,512
CLIMB unsup (enum-aug),smiles_enumeration,B,smiles_enumeration_003,0.0,512
CLIMB unsup (enum-aug),smiles_enumeration,B,smiles_enumeration_004,0.0,512
CLIMB unsup (enum-aug),smiles_enumeration,B,smiles_enumeration_005,0.0,512
CLIMB unsup (enum-aug),smiles_enumeration,B,smiles_enumeration_006,0.0,512
CLIMB unsup (enum-aug),smiles_enumeration,B,smiles_enumeration_007,0.0,512
CLIMB unsup (enum-aug),smiles_enumeration,B,smiles_enumeration_008,0.0,512
CLIMB unsup (enum-aug),smiles_enumeration,B,smiles_enumeration_009,0.0,512
CLIMB unsup (enum-aug),smiles_enumeration,B,smiles_enumeration_010,0.0,512
CLIMB unsup (enum-aug),smiles_enumeration,B,smiles_enumeration_011,0.0,512
CLIMB unsup (enum-aug),smiles_enumeration,B,smiles_enumeration_012,0.0,512
CLIMB unsup (enum-aug),smiles_enumeration,B,smiles_enumeration_013,0.0,512
CLIMB unsup (enum-aug),smiles_enumeration,B,smiles_enumeration_014,0.0,512
CLIMB unsup (enum-aug),smiles_enumeration,B,smiles_enumeration_015,0.0,512
CLIMB unsup (enum-aug),smiles_enumeration,B,smiles_enumeration_016,0.0,512
CLIMB unsup (enum-aug),smiles_enumeration,B,smiles_enumeration_017,0.0,512
CLIMB unsup (enum-aug),smiles_enumeration,B,smiles_enumeration_018,0.0,512
CLIMB unsup (enum-aug),smiles_enumeration,B,smiles_enumeration_019,0.0,512
CLIMB unsup (enum-aug),smiles_enumeration,B,smiles_enumeration_020,0.0,512
CLIMB unsup (enum-aug),smiles_enumeration,B,smiles_enumeration_021,0.0,512
CLIMB unsup (enum-aug),smiles_enumeration,B,smiles_enumeration_022,0.0,512
CLIMB unsup (enum-aug),smiles_enumeration,B,smiles_enumeration_023,0.0,512
CLIMB unsup (enum-aug),smiles_enumeration,B,smiles_enumeration_024,0.0,512
CLIMB unsup (enum-aug),smiles_enumeration,B,smiles_enumeration_025,0.0,512
CLIMB unsup (enum-aug),smiles_enumeration,B,smiles_enumeration_026,0.0,512
CLIMB unsup (enum-aug),smiles_enumeration,B,smiles_enumeration_027,0.0,512
CLIMB unsup (enum-aug),smiles_enumeration,B,smiles_enumeration_028,0.0,512
CLIMB unsup (enum-aug),smiles_enumeration,B,smiles_enumeration_029,0.0,512
CLIMB unsup (enum-aug),smiles_enumeration,B,smiles_enumeration_030,0.0,512
CLIMB unsup (enum-aug),smiles_enumeration,B,smiles_enumeration_031,0.0,512
CLIMB unsup (enum-aug),smiles_enumeration,B,smiles_enumeration_032,0.0,512
CLIMB unsup (enum-aug),smiles_enumeration,B,smiles_enumeration_033,0.0,512
CLIMB unsup (enum-aug),smiles_enumeration,B,smiles_enumeration_034,0.0,512
CLIMB unsup (enum-aug),smiles_enumeration,B,smiles_enumeration_035,0.0,512
CLIMB unsup (enum-aug),smiles_enumeration,B,smiles_enumeration_036,0.0,512
CLIMB unsup (enum-aug),smiles_enumeration,B,smiles_enumeration_037,0.0,512
CLIMB unsup (enum-aug),smiles_enumeration,B,smiles_enumeration_038,0.0,512
CLIMB unsup (enum-aug),smiles_enumeration,B,smiles_enumeration_039,0.0,512
CLIMB unsup (enum-aug),smiles_enumeration,B,smiles_enumeration_040,0.0,512
CLIMB unsup (enum-aug),smiles_enumeration,B,smiles_enumeration_041,0.0,512
CLIMB unsup (enum-aug),smiles_enumeration,B,smiles_enumeration_042,0.0,512
CLIMB unsup (enum-aug),smiles_enumeration,B,smiles_enumeration_043,0.0,512
CLIMB unsup (enum-aug),smiles_enumeration,B,smiles_enumeration_044,0.0,512
CLIMB unsup (enum-aug),smiles_enumeration,B,smiles_enumeration_045,0.0,512
CLIMB unsup (enum-aug),smiles_enumeration,B,smiles_enumeration_046,0.0,512
CLIMB unsup (enum-aug),smiles_enumeration,B,smiles_enumeration_047,0.0,512
CLIMB unsup (enum-aug),smiles_enumeration,B,smiles_enumeration_048,0.0,512
CLIMB unsup (enum-aug),smiles_enumeration,B,smiles_enumeration_049,0.0,512
CLIMB unsup (enum-aug),smiles_enumeration,B,smiles_enumeration_050,0.0,512
CLIMB unsup (enum-aug),smiles_enumeration,B,smiles_enumeration_051,0.0,512
CLIMB unsup (enum-aug),smiles_enumeration,B,smiles_enumeration_052,0.0,512
CLIMB unsup (enum-aug),smiles_enumeration,B,smiles_enumeration_053,0.0,512
CLIMB unsup (enum-aug),smiles_enumeration,B,smiles_enumeration_054,0.0,512
CLIMB unsup (enum-aug),smiles_enumeration,B,smiles_enumeration_055,0.0,512
CLIMB unsup (enum-aug),smiles_enumeration,B,smiles_enumeration_056,0.0,512
CLIMB unsup (enum-aug),smiles_enumeration,B,smiles_enumeration_057,0.0,512
CLIMB unsup (enum-aug),smiles_enumeration,B,smiles_enumeration_058,0.0,512
CLIMB unsup (enum-aug),smiles_enumeration,B,smiles_enumeration_059,0.0,512
CLIMB unsup (enum-aug),smiles_enumeration,B,smiles_enumeration_060,0.0,512
CLIMB unsup (enum-aug),smiles_enumeration,B,smiles_enumeration_061,0.0,512
CLIMB unsup (enum-aug),smiles_enumeration,B,smiles_enumeration_062,0.0,512
CLIMB unsup (enum-aug),smiles_enumeration,B,smiles_enumeration_063,0.0,512
CLIMB unsup (enum-aug),smiles_enumeration,B,smiles_enumeration_064,0.0,512
CLIMB unsup (enum-aug),smiles_enumeration,B,smiles_enumeration_065,0.0,512
CLIMB unsup (enum-aug),smiles_enumeration,B,smiles_enumeration_066,0.0,512
CLIMB unsup (enum-aug),smiles_enumeration,B,smiles_enumeration_067,0.0,512
CLIMB unsup (enum-aug),smiles_enumeration,B,smiles_enumeration_068,0.0,512
CLIMB unsup (enum-aug),smiles_enumeration,B,smiles_enumeration_069,0.0,512
CLIMB unsup (enum-aug),smiles_enumeration,B,smiles_enumeration_070,0.0,512
CLIMB unsup (enum-aug),smiles_enumeration,B,smiles_enumeration_071,0.0,512
CLIMB unsup (enum-aug),smiles_enumeration,B,smiles_enumeration_072,0.0,512
CLIMB unsup (enum-aug),smiles_enumeration,B,smiles_enumeration_073,0.0,512
CLIMB unsup (enum-aug),smiles_enumeration,B,smiles_enumeration_074,0.0,512
CLIMB unsup (enum-aug),smiles_enumeration,B,smiles_enumeration_075,0.0,512
CLIMB unsup (enum-aug),smiles_enumeration,B,smiles_enumeration_076,0.0,512
CLIMB unsup (enum-aug),smiles_enumeration,B,smiles_enumeration_077,0.0,512
CLIMB unsup (enum-aug),smiles_enumeration,B,smiles_enumeration_078,0.0,512
CLIMB unsup (enum-aug),smiles_enumeration,B,smiles_enumeration_079,0.0,512
CLIMB unsup (enum-aug),smiles_enumeration,B,smiles_enumeration_080,0.0,512
CLIMB unsup (enum-aug),smiles_enumeration,B,smiles_enumeration_081,0.0,512
CLIMB unsup (enum-aug),smiles_enumeration,B,smiles_enumeration_082,0.0,512
CLIMB unsup (enum-aug),smiles_enumeration,B,smiles_enumeration_083,0.0,512
CLIMB unsup (enum-aug),smiles_enumeration,B,smiles_enumeration_084,0.0,512
CLIMB unsup (enum-aug),smiles_enumeration,B,smiles_enumeration_085,0.0,512
CLIMB unsup (enum-aug),smiles_enumeration,B,smiles_enumeration_086,0.0,512
CLIMB unsup (enum-aug),smiles_enumeration,B,smiles_enumeration_087,0.0,512
CLIMB unsup (enum-aug),smiles_enumeration,B,smiles_enumeration_088,0.0,512
CLIMB unsup (enum-aug),smiles_enumeration,B,smiles_enumeration_089,0.0,512
CLIMB unsup (enum-aug),smiles_enumeration,B,smiles_enumeration_090,0.0,512
CLIMB unsup (enum-aug),smiles_enumeration,B,smiles_enumeration_091,0.0,512
CLIMB unsup (enum-aug),smiles_enumeration,B,smiles_enumeration_092,0.0,512
CLIMB unsup (enum-aug),smiles_enumeration,B,smiles_enumeration_093,0.0,512
CLIMB unsup (enum-aug),smiles_enumeration,B,smiles_enumeration_094,0.0,512
CLIMB unsup (enum-aug),smiles_enumeration,B,smiles_enumeration_095,0.0,512
CLIMB unsup (enum-aug),smiles_enumeration,B,smiles_enumeration_096,0.0,512
CLIMB unsup (enum-aug),smiles_enumeration,B,smiles_enumeration_097,0.0,512
CLIMB unsup (enum-aug),smiles_enumeration,B,smiles_enumeration_098,0.0,512
CLIMB unsup (enum-aug),smiles_enumeration,B,smiles_enumeration_099,0.0,512
CLIMB unsup (enum-aug),kekule,B,kekule_000,0.0,512
CLIMB unsup (enum-aug),kekule,B,kekule_001,0.0,512
CLIMB unsup (enum-aug),kekule,B,kekule_002,0.0,512
CLIMB unsup (enum-aug),kekule,B,kekule_003,0.0,512
CLIMB unsup (enum-aug),kekule,B,kekule_004,0.0,512
CLIMB unsup (enum-aug),kekule,B,kekule_005,0.0,512
CLIMB unsup (enum-aug),kekule,B,kekule_006,0.0,512
CLIMB unsup (enum-aug),kekule,B,kekule_007,0.0,512
CLIMB unsup (enum-aug),kekule,B,kekule_008,0.0,512
CLIMB unsup (enum-aug),kekule,B,kekule_009,0.0,512
CLIMB unsup (enum-aug),kekule,B,kekule_010,0.0,512
CLIMB unsup (enum-aug),kekule,B,kekule_011,0.0,512
CLIMB unsup (enum-aug),kekule,B,kekule_012,0.0,512
CLIMB unsup (enum-aug),kekule,B,kekule_013,0.0,512
CLIMB unsup (enum-aug),kekule,B,kekule_014,0.0,512
CLIMB unsup (enum-aug),kekule,B,kekule_015,0.0,512
CLIMB unsup (enum-aug),kekule,B,kekule_016,0.0,512
CLIMB unsup (enum-aug),kekule,B,kekule_017,0.0,512
CLIMB unsup (enum-aug),kekule,B,kekule_018,0.0,512
CLIMB unsup (enum-aug),kekule,B,kekule_019,0.0,512
CLIMB unsup (enum-aug),kekule,B,kekule_020,0.0,512
CLIMB unsup (enum-aug),kekule,B,kekule_021,0.0,512
CLIMB unsup (enum-aug),kekule,B,kekule_022,0.0,512
CLIMB unsup (enum-aug),kekule,B,kekule_023,0.0,512
CLIMB unsup (enum-aug),kekule,B,kekule_024,0.0,512
CLIMB unsup (enum-aug),kekule,B,kekule_025,0.0,512
CLIMB unsup (enum-aug),kekule,B,kekule_026,0.0,512
CLIMB unsup (enum-aug),kekule,B,kekule_027,0.0,512
CLIMB unsup (enum-aug),kekule,B,kekule_028,0.0,512
CLIMB unsup (enum-aug),kekule,B,kekule_029,0.0,512
CLIMB unsup (enum-aug),kekule,B,kekule_030,0.0,512
CLIMB unsup (enum-aug),kekule,B,kekule_031,0.0,512
CLIMB unsup (enum-aug),kekule,B,kekule_032,0.0,512
CLIMB unsup (enum-aug),kekule,B,kekule_033,0.0,512
CLIMB unsup (enum-aug),kekule,B,kekule_034,0.0,512
CLIMB unsup (enum-aug),kekule,B,kekule_035,0.0,512
CLIMB unsup (enum-aug),kekule,B,kekule_036,0.0,512
CLIMB unsup (enum-aug),kekule,B,kekule_037,0.0,512
CLIMB unsup (enum-aug),kekule,B,kekule_038,0.0,512
CLIMB unsup (enum-aug),kekule,B,kekule_039,0.0,512
CLIMB unsup (enum-aug),kekule,B,kekule_040,0.0,512
CLIMB unsup (enum-aug),kekule,B,kekule_041,0.0,512
CLIMB unsup (enum-aug),kekule,B,kekule_042,0.0,512
CLIMB unsup (enum-aug),kekule,B,kekule_043,0.0,512
CLIMB unsup (enum-aug),kekule,B,kekule_044,0.0,512
CLIMB unsup (enum-aug),kekule,B,kekule_045,0.0,512
CLIMB unsup (enum-aug),kekule,B,kekule_046,0.0,512
CLIMB unsup (enum-aug),kekule,B,kekule_047,0.0,512
CLIMB unsup (enum-aug),kekule,B,kekule_048,0.0,512
CLIMB unsup (enum-aug),kekule,B,kekule_049,0.0,512
CLIMB unsup (enum-aug),kekule,B,kekule_050,0.0,512
CLIMB unsup (enum-aug),kekule,B,kekule_051,0.0,512
CLIMB unsup (enum-aug),kekule,B,kekule_052,0.0,512
CLIMB unsup (enum-aug),kekule,B,kekule_053,0.0,512
CLIMB unsup (enum-aug),kekule,B,kekule_054,0.0,512
CLIMB unsup (enum-aug),kekule,B,kekule_055,0.0,512
CLIMB unsup (enum-aug),kekule,B,kekule_056,0.0,512
CLIMB unsup (enum-aug),kekule,B,kekule_057,0.0,512
CLIMB unsup (enum-aug),kekule,B,kekule_058,0.0,512
CLIMB unsup (enum-aug),kekule,B,kekule_059,0.0,512
CLIMB unsup (enum-aug),kekule,B,kekule_060,0.0,512
CLIMB unsup (enum-aug),kekule,B,kekule_061,0.0,512
CLIMB unsup (enum-aug),kekule,B,kekule_062,0.0,512
CLIMB unsup (enum-aug),kekule,B,kekule_063,0.0,512
CLIMB unsup (enum-aug),kekule,B,kekule_064,0.0,512
CLIMB unsup (enum-aug),kekule,B,kekule_065,0.0,512
CLIMB unsup (enum-aug),kekule,B,kekule_066,0.0,512
CLIMB unsup (enum-aug),kekule,B,kekule_067,0.0,512
CLIMB unsup (enum-aug),kekule,B,kekule_068,0.0,512
CLIMB unsup (enum-aug),kekule,B,kekule_069,0.0,512
CLIMB unsup (enum-aug),kekule,B,kekule_070,0.0,512
CLIMB unsup (enum-aug),kekule,B,kekule_071,0.0,512
CLIMB unsup (enum-aug),kekule,B,kekule_072,0.0,512
CLIMB unsup (enum-aug),kekule,B,kekule_073,0.0,512
CLIMB unsup (enum-aug),kekule,B,kekule_074,0.0,512
CLIMB unsup (enum-aug),kekule,B,kekule_075,0.0,512
CLIMB unsup (enum-aug),kekule,B,kekule_076,0.0,512
CLIMB unsup (enum-aug),kekule,B,kekule_077,0.0,512
CLIMB unsup (enum-aug),kekule,B,kekule_078,0.0,512
CLIMB unsup (enum-aug),kekule,B,kekule_079,0.0,512
CLIMB unsup (enum-aug),kekule,B,kekule_080,0.0,512
CLIMB unsup (enum-aug),kekule,B,kekule_081,0.0,512
CLIMB unsup (enum-aug),kekule,B,kekule_082,0.0,512
CLIMB unsup (enum-aug),kekule,B,kekule_083,0.0,512
CLIMB unsup (enum-aug),kekule,B,kekule_084,0.0,512
CLIMB unsup (enum-aug),kekule,B,kekule_085,0.0,512
CLIMB unsup (enum-aug),kekule,B,kekule_086,0.0,512
CLIMB unsup (enum-aug),kekule,B,kekule_087,0.0,512
CLIMB unsup (enum-aug),kekule,B,kekule_088,0.0,512
CLIMB unsup (enum-aug),kekule,B,kekule_089,0.0,512
CLIMB unsup (enum-aug),kekule,B,kekule_090,0.0,512
CLIMB unsup (enum-aug),kekule,B,kekule_091,0.0,512
CLIMB unsup (enum-aug),kekule,B,kekule_092,0.0,512
CLIMB unsup (enum-aug),kekule,B,kekule_093,0.0,512
CLIMB unsup (enum-aug),kekule,B,kekule_094,0.0,512
CLIMB unsup (enum-aug),kekule,B,kekule_095,0.0,512
CLIMB unsup (enum-aug),kekule,B,kekule_096,0.0,512
CLIMB unsup (enum-aug),kekule,B,kekule_097,0.0,512
CLIMB unsup (enum-aug),kekule,B,kekule_098,0.0,512
CLIMB unsup (enum-aug),kekule,B,kekule_099,0.0,512
CLIMB unsup (enum-aug),symmetry_equivalent,B,symmetry_equivalent_000,0.0,512
CLIMB unsup (enum-aug),symmetry_equivalent,B,symmetry_equivalent_001,0.0,512
CLIMB unsup (enum-aug),symmetry_equivalent,B,symmetry_equivalent_002,0.0,512
CLIMB unsup (enum-aug),symmetry_equivalent,B,symmetry_equivalent_003,0.0,512
CLIMB unsup (enum-aug),symmetry_equivalent,B,symmetry_equivalent_004,0.0,512
CLIMB unsup (enum-aug),symmetry_equivalent,B,symmetry_equivalent_005,0.0,512
CLIMB unsup (enum-aug),symmetry_equivalent,B,symmetry_equivalent_006,0.0,512
CLIMB unsup (enum-aug),symmetry_equivalent,B,symmetry_equivalent_007,0.0,512
CLIMB unsup (enum-aug),symmetry_equivalent,B,symmetry_equivalent_008,0.0,512
CLIMB unsup (enum-aug),symmetry_equivalent,B,symmetry_equivalent_009,0.0,512
CLIMB unsup (enum-aug),symmetry_equivalent,B,symmetry_equivalent_010,0.0,512
CLIMB unsup (enum-aug),symmetry_equivalent,B,symmetry_equivalent_011,0.0,512
CLIMB unsup (enum-aug),symmetry_equivalent,B,symmetry_equivalent_012,0.0,512
CLIMB unsup (enum-aug),symmetry_equivalent,B,symmetry_equivalent_013,0.0,512
CLIMB unsup (enum-aug),symmetry_equivalent,B,symmetry_equivalent_014,0.0,512
CLIMB unsup (enum-aug),symmetry_equivalent,B,symmetry_equivalent_015,0.0,512
CLIMB unsup (enum-aug),symmetry_equivalent,B,symmetry_equivalent_016,0.0,512
CLIMB unsup (enum-aug),symmetry_equivalent,B,symmetry_equivalent_017,0.0,512
CLIMB unsup (enum-aug),symmetry_equivalent,B,symmetry_equivalent_018,0.0,512
CLIMB unsup (enum-aug),symmetry_equivalent,B,symmetry_equivalent_019,0.0,512
CLIMB unsup (enum-aug),symmetry_equivalent,B,symmetry_equivalent_020,0.0,512
CLIMB unsup (enum-aug),symmetry_equivalent,B,symmetry_equivalent_021,0.0,512
CLIMB unsup (enum-aug),symmetry_equivalent,B,symmetry_equivalent_022,0.0,512
CLIMB unsup (enum-aug),symmetry_equivalent,B,symmetry_equivalent_023,0.0,512
CLIMB unsup (enum-aug),symmetry_equivalent,B,symmetry_equivalent_024,0.0,512
CLIMB unsup (enum-aug),symmetry_equivalent,B,symmetry_equivalent_025,0.0,512
CLIMB unsup (enum-aug),symmetry_equivalent,B,symmetry_equivalent_026,0.0,512
CLIMB unsup (enum-aug),symmetry_equivalent,B,symmetry_equivalent_027,0.0,512
CLIMB unsup (enum-aug),symmetry_equivalent,B,symmetry_equivalent_028,0.0,512
CLIMB unsup (enum-aug),symmetry_equivalent,B,symmetry_equivalent_029,0.0,512
CLIMB unsup (enum-aug),symmetry_equivalent,B,symmetry_equivalent_030,0.0,512
CLIMB unsup (enum-aug),symmetry_equivalent,B,symmetry_equivalent_031,0.0,512
CLIMB unsup (enum-aug),symmetry_equivalent,B,symmetry_equivalent_032,0.0,512
CLIMB unsup (enum-aug),symmetry_equivalent,B,symmetry_equivalent_033,0.0,512
CLIMB unsup (enum-aug),symmetry_equivalent,B,symmetry_equivalent_034,0.0,512
CLIMB unsup (enum-aug),symmetry_equivalent,B,symmetry_equivalent_035,0.0,512
CLIMB unsup (enum-aug),symmetry_equivalent,B,symmetry_equivalent_036,0.0,512
CLIMB unsup (enum-aug),symmetry_equivalent,B,symmetry_equivalent_037,0.0,512
CLIMB unsup (enum-aug),symmetry_equivalent,B,symmetry_equivalent_038,0.0,512
CLIMB unsup (enum-aug),symmetry_equivalent,B,symmetry_equivalent_039,0.0,512
CLIMB unsup (enum-aug),symmetry_equivalent,B,symmetry_equivalent_040,0.0,512
CLIMB unsup (enum-aug),symmetry_equivalent,B,symmetry_equivalent_041,0.0,512
CLIMB unsup (enum-aug),symmetry_equivalent,B,symmetry_equivalent_042,0.0,512
CLIMB unsup (enum-aug),symmetry_equivalent,B,symmetry_equivalent_043,0.0,512
CLIMB unsup (enum-aug),symmetry_equivalent,B,symmetry_equivalent_044,0.0,512
CLIMB unsup (enum-aug),symmetry_equivalent,B,symmetry_equivalent_045,0.0,512
CLIMB unsup (enum-aug),symmetry_equivalent,B,symmetry_equivalent_046,0.0,512
CLIMB unsup (enum-aug),symmetry_equivalent,B,symmetry_equivalent_047,0.0,512
CLIMB unsup (enum-aug),symmetry_equivalent,B,symmetry_equivalent_048,0.0,512
CLIMB unsup (enum-aug),symmetry_equivalent,B,symmetry_equivalent_049,0.0,512
CLIMB unsup (enum-aug),symmetry_equivalent,B,symmetry_equivalent_050,0.0,512
CLIMB unsup (enum-aug),symmetry_equivalent,B,symmetry_equivalent_051,0.0,512
CLIMB unsup (enum-aug),symmetry_equivalent,B,symmetry_equivalent_052,0.0,512
CLIMB unsup (enum-aug),symmetry_equivalent,B,symmetry_equivalent_053,0.0,512
CLIMB unsup (enum-aug),symmetry_equivalent,B,symmetry_equivalent_054,0.0,512
CLIMB unsup (enum-aug),symmetry_equivalent,B,symmetry_equivalent_055,0.0,512
CLIMB unsup (enum-aug),symmetry_equivalent,B,symmetry_equivalent_056,0.0,512
CLIMB unsup (enum-aug),symmetry_equivalent,B,symmetry_equivalent_057,0.0,512
CLIMB unsup (enum-aug),symmetry_equivalent,B,symmetry_equivalent_058,0.0,512
CLIMB unsup (enum-aug),symmetry_equivalent,B,symmetry_equivalent_059,0.0,512
CLIMB unsup (enum-aug),symmetry_equivalent,B,symmetry_equivalent_060,0.0,512
CLIMB unsup (enum-aug),symmetry_equivalent,B,symmetry_equivalent_061,0.0,512
CLIMB unsup (enum-aug),symmetry_equivalent,B,symmetry_equivalent_062,0.0,512
CLIMB unsup (enum-aug),symmetry_equivalent,B,symmetry_equivalent_063,0.0,512
CLIMB unsup (enum-aug),symmetry_equivalent,B,symmetry_equivalent_064,0.0,512
CLIMB unsup (enum-aug),symmetry_equivalent,B,symmetry_equivalent_065,0.0,512
CLIMB unsup (enum-aug),symmetry_equivalent,B,symmetry_equivalent_066,0.0,512
CLIMB unsup (enum-aug),symmetry_equivalent,B,symmetry_equivalent_067,0.0,512
CLIMB unsup (enum-aug),symmetry_equivalent,B,symmetry_equivalent_068,0.0,512
CLIMB unsup (enum-aug),symmetry_equivalent,B,symmetry_equivalent_069,0.0,512
CLIMB unsup (enum-aug),symmetry_equivalent,B,symmetry_equivalent_070,0.0,512
CLIMB unsup (enum-aug),symmetry_equivalent,B,symmetry_equivalent_071,0.0,512
CLIMB unsup (enum-aug),symmetry_equivalent,B,symmetry_equivalent_072,0.0,512
CLIMB unsup (enum-aug),symmetry_equivalent,B,symmetry_equivalent_073,0.0,512
CLIMB unsup (enum-aug),symmetry_equivalent,B,symmetry_equivalent_074,0.0,512
CLIMB unsup (enum-aug),symmetry_equivalent,B,symmetry_equivalent_075,0.0,512
CLIMB unsup (enum-aug),symmetry_equivalent,B,symmetry_equivalent_076,0.0,512
CLIMB unsup (enum-aug),symmetry_equivalent,B,symmetry_equivalent_077,0.0,512
CLIMB unsup (enum-aug),symmetry_equivalent,B,symmetry_equivalent_078,0.0,512
CLIMB unsup (enum-aug),symmetry_equivalent,B,symmetry_equivalent_079,0.0,512
CLIMB unsup (enum-aug),symmetry_equivalent,B,symmetry_equivalent_080,0.0,512
CLIMB unsup (enum-aug),symmetry_equivalent,B,symmetry_equivalent_081,0.0,512
CLIMB unsup (enum-aug),symmetry_equivalent,B,symmetry_equivalent_082,0.0,512
CLIMB unsup (enum-aug),symmetry_equivalent,B,symmetry_equivalent_083,0.0,512
CLIMB unsup (enum-aug),symmetry_equivalent,B,symmetry_equivalent_084,0.0,512
CLIMB unsup (enum-aug),symmetry_equivalent,B,symmetry_equivalent_085,0.0,512
CLIMB unsup (enum-aug),symmetry_equivalent,B,symmetry_equivalent_086,0.0,512
CLIMB unsup (enum-aug),symmetry_equivalent,B,symmetry_equivalent_087,0.0,512
CLIMB unsup (enum-aug),symmetry_equivalent,B,symmetry_equivalent_088,0.0,512
CLIMB unsup (enum-aug),symmetry_equivalent,B,symmetry_equivalent_089,0.0,512
CLIMB unsup (enum-aug),symmetry_equivalent,B,symmetry_equivalent_090,0.0,512
CLIMB unsup (enum-aug),symmetry_equivalent,B,symmetry_equivalent_091,0.0,512
CLIMB unsup (enum-aug),symmetry_equivalent,B,symmetry_equivalent_092,0.0,512
CLIMB unsup (enum-aug),symmetry_equivalent,B,symmetry_equivalent_093,0.0,512
CLIMB unsup (enum-aug),symmetry_equivalent,B,symmetry_equivalent_094,0.0,512
CLIMB unsup (enum-aug),symmetry_equivalent,B,symmetry_equivalent_095,0.0,512
CLIMB unsup (enum-aug),symmetry_equivalent,B,symmetry_equivalent_096,0.0,512
CLIMB unsup (enum-aug),symmetry_equivalent,B,symmetry_equivalent_097,0.0,512
CLIMB unsup (enum-aug),symmetry_equivalent,B,symmetry_equivalent_098,0.0,512
CLIMB unsup (enum-aug),symmetry_equivalent,B,symmetry_equivalent_099,0.0,512
CLIMB unsup (canon-ctrl),stereo_flip,A,stereo_flip_000,0.06201927779745673,512
CLIMB unsup (canon-ctrl),stereo_flip,A,stereo_flip_001,0.055008148557276315,512
CLIMB unsup (canon-ctrl),stereo_flip,A,stereo_flip_002,0.05301046104073567,512
CLIMB unsup (canon-ctrl),stereo_flip,A,stereo_flip_003,0.07204195836127841,512
CLIMB unsup (canon-ctrl),stereo_flip,A,stereo_flip_004,0.08399731660443259,512
CLIMB unsup (canon-ctrl),stereo_flip,A,stereo_flip_005,0.07013935715769354,512
CLIMB unsup (canon-ctrl),stereo_flip,A,stereo_flip_006,0.05947931996988802,512
CLIMB unsup (canon-ctrl),stereo_flip,A,stereo_flip_007,0.03655587586081058,512
CLIMB unsup (canon-ctrl),stereo_flip,A,stereo_flip_008,0.03848414051092315,512
CLIMB unsup (canon-ctrl),stereo_flip,A,stereo_flip_009,0.047443470333124335,512
CLIMB unsup (canon-ctrl),stereo_flip,A,stereo_flip_010,0.051359352113451544,512
CLIMB unsup (canon-ctrl),stereo_flip,A,stereo_flip_011,0.08976126911741689,512
CLIMB unsup (canon-ctrl),stereo_flip,A,stereo_flip_012,0.05202384372984234,512
CLIMB unsup (canon-ctrl),stereo_flip,A,stereo_flip_013,0.09167424763131865,512
CLIMB unsup (canon-ctrl),stereo_flip,A,stereo_flip_014,0.039685129003208995,512
CLIMB unsup (canon-ctrl),stereo_flip,A,stereo_flip_015,0.06662922871832713,512
CLIMB unsup (canon-ctrl),stereo_flip,A,stereo_flip_016,0.06153136277792915,512
CLIMB unsup (canon-ctrl),stereo_flip,A,stereo_flip_017,0.05663520445337902,512
CLIMB unsup (canon-ctrl),stereo_flip,A,stereo_flip_018,0.08596529093514715,512
CLIMB unsup (canon-ctrl),stereo_flip,A,stereo_flip_019,0.09780584541853839,512
CLIMB unsup (canon-ctrl),stereo_flip,A,stereo_flip_020,0.06151640582547781,512
CLIMB unsup (canon-ctrl),stereo_flip,A,stereo_flip_021,0.07257981875482145,512
CLIMB unsup (canon-ctrl),stereo_flip,A,stereo_flip_022,0.06457809147982599,512
CLIMB unsup (canon-ctrl),stereo_flip,A,stereo_flip_023,0.07984665352147197,512
CLIMB unsup (canon-ctrl),stereo_flip,A,stereo_flip_024,0.10490511982688913,512
CLIMB unsup (canon-ctrl),stereo_flip,A,stereo_flip_025,0.07826014231150713,512
CLIMB unsup (canon-ctrl),stereo_flip,A,stereo_flip_026,0.03690180750200409,512
CLIMB unsup (canon-ctrl),stereo_flip,A,stereo_flip_027,0.04705309092652006,512
CLIMB unsup (canon-ctrl),stereo_flip,A,stereo_flip_028,0.05785734169361472,512
CLIMB unsup (canon-ctrl),stereo_flip,A,stereo_flip_029,0.07844006494645968,512
CLIMB unsup (canon-ctrl),stereo_flip,A,stereo_flip_030,0.04199893354880989,512
CLIMB unsup (canon-ctrl),stereo_flip,A,stereo_flip_031,0.04968343148175551,512
CLIMB unsup (canon-ctrl),stereo_flip,A,stereo_flip_032,0.07466497693221222,512
CLIMB unsup (canon-ctrl),stereo_flip,A,stereo_flip_033,0.07334269521228677,512
CLIMB unsup (canon-ctrl),stereo_flip,A,stereo_flip_034,0.06387657289667002,512
CLIMB unsup (canon-ctrl),stereo_flip,A,stereo_flip_035,0.06164049347615936,512
CLIMB unsup (canon-ctrl),stereo_flip,A,stereo_flip_036,0.033844760329761546,512
CLIMB unsup (canon-ctrl),stereo_flip,A,stereo_flip_037,0.04359788447472342,512
CLIMB unsup (canon-ctrl),stereo_flip,A,stereo_flip_038,0.05859225355645499,512
CLIMB unsup (canon-ctrl),stereo_flip,A,stereo_flip_039,0.05549089586799149,512
CLIMB unsup (canon-ctrl),stereo_flip,A,stereo_flip_040,0.04837562533940458,512
CLIMB unsup (canon-ctrl),stereo_flip,A,stereo_flip_041,0.06395872922781148,512
CLIMB unsup (canon-ctrl),stereo_flip,A,stereo_flip_042,0.7379310378106004,512
CLIMB unsup (canon-ctrl),stereo_flip,A,stereo_flip_043,0.0575539869122631,512
CLIMB unsup (canon-ctrl),stereo_flip,A,stereo_flip_044,0.05457968042329556,512
CLIMB unsup (canon-ctrl),stereo_flip,A,stereo_flip_045,0.050001448549578574,512
CLIMB unsup (canon-ctrl),stereo_flip,A,stereo_flip_046,0.03604563928566345,512
CLIMB unsup (canon-ctrl),stereo_flip,A,stereo_flip_047,0.12099501413243705,512
CLIMB unsup (canon-ctrl),stereo_flip,A,stereo_flip_048,0.06562869437380832,512
CLIMB unsup (canon-ctrl),stereo_flip,A,stereo_flip_049,0.0558505536277087,512
CLIMB unsup (canon-ctrl),stereo_flip,A,stereo_flip_050,0.09175558927491158,512
CLIMB unsup (canon-ctrl),stereo_flip,A,stereo_flip_051,0.05094767606928861,512
CLIMB unsup (canon-ctrl),stereo_flip,A,stereo_flip_052,0.40867107833207106,512
CLIMB unsup (canon-ctrl),stereo_flip,A,stereo_flip_053,0.07763515772904568,512
CLIMB unsup (canon-ctrl),stereo_flip,A,stereo_flip_054,0.06849225501665501,512
CLIMB unsup (canon-ctrl),stereo_flip,A,stereo_flip_055,0.024314677561565752,512
CLIMB unsup (canon-ctrl),stereo_flip,A,stereo_flip_056,0.0417513617321417,512
CLIMB unsup (canon-ctrl),stereo_flip,A,stereo_flip_057,0.07233854230842879,512
CLIMB unsup (canon-ctrl),stereo_flip,A,stereo_flip_058,0.1320769639219597,512
CLIMB unsup (canon-ctrl),stereo_flip,A,stereo_flip_059,0.08894677748631788,512
CLIMB unsup (canon-ctrl),stereo_flip,A,stereo_flip_060,0.09021489359870914,512
CLIMB unsup (canon-ctrl),stereo_flip,A,stereo_flip_061,0.08918087161433835,512
CLIMB unsup (canon-ctrl),stereo_flip,A,stereo_flip_062,0.037297634425840456,512
CLIMB unsup (canon-ctrl),stereo_flip,A,stereo_flip_063,0.07832807364914487,512
CLIMB unsup (canon-ctrl),stereo_flip,A,stereo_flip_064,0.05455886215957548,512
CLIMB unsup (canon-ctrl),stereo_flip,A,stereo_flip_065,0.04799371128761124,512
CLIMB unsup (canon-ctrl),stereo_flip,A,stereo_flip_066,0.08084872990074038,512
CLIMB unsup (canon-ctrl),stereo_flip,A,stereo_flip_067,0.07145604703448541,512
CLIMB unsup (canon-ctrl),stereo_flip,A,stereo_flip_068,0.07287740863096895,512
CLIMB unsup (canon-ctrl),stereo_flip,A,stereo_flip_069,0.0648530021190685,512
CLIMB unsup (canon-ctrl),stereo_flip,A,stereo_flip_070,0.05065161441895085,512
CLIMB unsup (canon-ctrl),stereo_flip,A,stereo_flip_071,0.04238520388100415,512
CLIMB unsup (canon-ctrl),stereo_flip,A,stereo_flip_072,0.06193856967814102,512
CLIMB unsup (canon-ctrl),stereo_flip,A,stereo_flip_073,0.057071155869006476,512
CLIMB unsup (canon-ctrl),stereo_flip,A,stereo_flip_074,0.07303681587287986,512
CLIMB unsup (canon-ctrl),stereo_flip,A,stereo_flip_075,0.07988191066340959,512
CLIMB unsup (canon-ctrl),stereo_flip,A,stereo_flip_076,0.05105747011430732,512
CLIMB unsup (canon-ctrl),stereo_flip,A,stereo_flip_077,0.05471089113245237,512
CLIMB unsup (canon-ctrl),stereo_flip,A,stereo_flip_078,0.07551371830024439,512
CLIMB unsup (canon-ctrl),stereo_flip,A,stereo_flip_079,0.07678257511562116,512
CLIMB unsup (canon-ctrl),stereo_flip,A,stereo_flip_080,0.07167808392136206,512
CLIMB unsup (canon-ctrl),stereo_flip,A,stereo_flip_081,0.054902743210806806,512
CLIMB unsup (canon-ctrl),stereo_flip,A,stereo_flip_082,0.03767964439126273,512
CLIMB unsup (canon-ctrl),stereo_flip,A,stereo_flip_083,0.03980367332306343,512
CLIMB unsup (canon-ctrl),stereo_flip,A,stereo_flip_084,0.2865090405143613,512
CLIMB unsup (canon-ctrl),stereo_flip,A,stereo_flip_085,0.06208466252231756,512
CLIMB unsup (canon-ctrl),stereo_flip,A,stereo_flip_086,0.09528589252334725,512
CLIMB unsup (canon-ctrl),stereo_flip,A,stereo_flip_087,0.05378514798934325,512
CLIMB unsup (canon-ctrl),stereo_flip,A,stereo_flip_088,0.07526501872637557,512
CLIMB unsup (canon-ctrl),stereo_flip,A,stereo_flip_089,0.07859041346582814,512
CLIMB unsup (canon-ctrl),stereo_flip,A,stereo_flip_090,0.0814273904143405,512
CLIMB unsup (canon-ctrl),stereo_flip,A,stereo_flip_091,0.04278514184385879,512
CLIMB unsup (canon-ctrl),stereo_flip,A,stereo_flip_092,0.05695335214760306,512
CLIMB unsup (canon-ctrl),stereo_flip,A,stereo_flip_093,0.05598553295638322,512
CLIMB unsup (canon-ctrl),stereo_flip,A,stereo_flip_094,0.05203368057714443,512
CLIMB unsup (canon-ctrl),stereo_flip,A,stereo_flip_095,0.04158869776068796,512
CLIMB unsup (canon-ctrl),stereo_flip,A,stereo_flip_096,0.07552449207826545,512
CLIMB unsup (canon-ctrl),stereo_flip,A,stereo_flip_097,0.06345789978903293,512
CLIMB unsup (canon-ctrl),stereo_flip,A,stereo_flip_098,0.07136895619912352,512
CLIMB unsup (canon-ctrl),stereo_flip,A,stereo_flip_099,0.10007213070440171,512
CLIMB unsup (canon-ctrl),ez_flip,A,ez_flip_000,0.15519999738734672,512
CLIMB unsup (canon-ctrl),ez_flip,A,ez_flip_001,0.11542711957422806,512
CLIMB unsup (canon-ctrl),ez_flip,A,ez_flip_002,0.23141512078580473,512
CLIMB unsup (canon-ctrl),ez_flip,A,ez_flip_003,0.08409084908218216,512
CLIMB unsup (canon-ctrl),ez_flip,A,ez_flip_004,0.11162426897227352,512
CLIMB unsup (canon-ctrl),ez_flip,A,ez_flip_005,0.12208634452205457,512
CLIMB unsup (canon-ctrl),ez_flip,A,ez_flip_006,0.16493031768852828,512
CLIMB unsup (canon-ctrl),ez_flip,A,ez_flip_007,0.16496739099820085,512
CLIMB unsup (canon-ctrl),ez_flip,A,ez_flip_008,0.11791120118716675,512
CLIMB unsup (canon-ctrl),ez_flip,A,ez_flip_009,0.12739036957664804,512
CLIMB unsup (canon-ctrl),ez_flip,A,ez_flip_010,0.15242283916884927,512
CLIMB unsup (canon-ctrl),ez_flip,A,ez_flip_011,0.18735405705590663,512
CLIMB unsup (canon-ctrl),ez_flip,A,ez_flip_012,0.08577615904092996,512
CLIMB unsup (canon-ctrl),ez_flip,A,ez_flip_013,0.07470578589990277,512
CLIMB unsup (canon-ctrl),ez_flip,A,ez_flip_014,0.10465963250008588,512
CLIMB unsup (canon-ctrl),ez_flip,A,ez_flip_015,0.11488857828204564,512
CLIMB unsup (canon-ctrl),ez_flip,A,ez_flip_016,0.12644883387702635,512
CLIMB unsup (canon-ctrl),ez_flip,A,ez_flip_017,0.0619705352320793,512
CLIMB unsup (canon-ctrl),ez_flip,A,ez_flip_018,0.08955368786666654,512
CLIMB unsup (canon-ctrl),ez_flip,A,ez_flip_019,0.07562751199233321,512
CLIMB unsup (canon-ctrl),ez_flip,A,ez_flip_020,0.11565076408044563,512
CLIMB unsup (canon-ctrl),ez_flip,A,ez_flip_021,0.11909723150934613,512
CLIMB unsup (canon-ctrl),ez_flip,A,ez_flip_022,0.0983171860893311,512
CLIMB unsup (canon-ctrl),ez_flip,A,ez_flip_023,0.1056922589354002,512
CLIMB unsup (canon-ctrl),ez_flip,A,ez_flip_024,0.1304924079242788,512
CLIMB unsup (canon-ctrl),ez_flip,A,ez_flip_025,0.13127008225970496,512
CLIMB unsup (canon-ctrl),ez_flip,A,ez_flip_026,0.17296209318882308,512
CLIMB unsup (canon-ctrl),ez_flip,A,ez_flip_027,0.12595178813314736,512
CLIMB unsup (canon-ctrl),ez_flip,A,ez_flip_028,0.0810211442609939,512
CLIMB unsup (canon-ctrl),ez_flip,A,ez_flip_029,0.14381760926897483,512
CLIMB unsup (canon-ctrl),ez_flip,A,ez_flip_030,0.16729388797419997,512
CLIMB unsup (canon-ctrl),ez_flip,A,ez_flip_031,0.17742154183539519,512
CLIMB unsup (canon-ctrl),ez_flip,A,ez_flip_032,0.15912500606825622,512
CLIMB unsup (canon-ctrl),ez_flip,A,ez_flip_033,0.1462593584429346,512
CLIMB unsup (canon-ctrl),ez_flip,A,ez_flip_034,0.2302603721979641,512
CLIMB unsup (canon-ctrl),ez_flip,A,ez_flip_035,0.15107864227427598,512
CLIMB unsup (canon-ctrl),ez_flip,A,ez_flip_036,0.08562423450614337,512
CLIMB unsup (canon-ctrl),ez_flip,A,ez_flip_037,0.10387191379906023,512
CLIMB unsup (canon-ctrl),ez_flip,A,ez_flip_038,0.08568687742679877,512
CLIMB unsup (canon-ctrl),ez_flip,A,ez_flip_039,0.23764011064751797,512
CLIMB unsup (canon-ctrl),ez_flip,A,ez_flip_040,0.061343972311357055,512
CLIMB unsup (canon-ctrl),ez_flip,A,ez_flip_041,0.1819706769527349,512
CLIMB unsup (canon-ctrl),ez_flip,A,ez_flip_042,0.134323651714148,512
CLIMB unsup (canon-ctrl),ez_flip,A,ez_flip_043,0.2144719402966589,512
CLIMB unsup (canon-ctrl),ez_flip,A,ez_flip_044,0.06128532075728013,512
CLIMB unsup (canon-ctrl),ez_flip,A,ez_flip_045,0.08649475627382675,512
CLIMB unsup (canon-ctrl),ez_flip,A,ez_flip_046,0.13322267978360636,512
CLIMB unsup (canon-ctrl),ez_flip,A,ez_flip_047,0.17708596215421124,512
CLIMB unsup (canon-ctrl),ez_flip,A,ez_flip_048,0.10413216150253196,512
CLIMB unsup (canon-ctrl),ez_flip,A,ez_flip_049,0.0828427700061849,512
CLIMB unsup (canon-ctrl),ez_flip,A,ez_flip_050,0.1720935377411088,512
CLIMB unsup (canon-ctrl),ez_flip,A,ez_flip_051,0.07464347876030625,512
CLIMB unsup (canon-ctrl),ez_flip,A,ez_flip_052,0.10395506407389768,512
CLIMB unsup (canon-ctrl),ez_flip,A,ez_flip_053,0.09496313275765572,512
CLIMB unsup (canon-ctrl),ez_flip,A,ez_flip_054,0.16205167162391676,512
CLIMB unsup (canon-ctrl),ez_flip,A,ez_flip_055,0.12154460549639469,512
CLIMB unsup (canon-ctrl),ez_flip,A,ez_flip_056,0.1047680215631545,512
CLIMB unsup (canon-ctrl),ez_flip,A,ez_flip_057,0.11420041778958251,512
CLIMB unsup (canon-ctrl),ez_flip,A,ez_flip_058,0.11249956148905389,512
CLIMB unsup (canon-ctrl),ez_flip,A,ez_flip_059,0.36750697774847585,512
CLIMB unsup (canon-ctrl),ez_flip,A,ez_flip_060,0.1266802039199868,512
CLIMB unsup (canon-ctrl),ez_flip,A,ez_flip_061,0.12463632904366077,512
CLIMB unsup (canon-ctrl),ez_flip,A,ez_flip_062,0.31772064753763196,512
CLIMB unsup (canon-ctrl),ez_flip,A,ez_flip_063,0.08613904301116881,512
CLIMB unsup (canon-ctrl),ez_flip,A,ez_flip_064,0.07181312070148803,512
CLIMB unsup (canon-ctrl),ez_flip,A,ez_flip_065,0.08962535672626054,512
CLIMB unsup (canon-ctrl),ez_flip,A,ez_flip_066,0.1255512491197419,512
CLIMB unsup (canon-ctrl),ez_flip,A,ez_flip_067,0.1091312636918476,512
CLIMB unsup (canon-ctrl),ez_flip,A,ez_flip_068,0.27261002839204435,512
CLIMB unsup (canon-ctrl),ez_flip,A,ez_flip_069,0.09120740853233761,512
CLIMB unsup (canon-ctrl),ez_flip,A,ez_flip_070,0.1474087005572033,512
CLIMB unsup (canon-ctrl),ez_flip,A,ez_flip_071,0.07844018974949568,512
CLIMB unsup (canon-ctrl),ez_flip,A,ez_flip_072,0.11002390738681624,512
CLIMB unsup (canon-ctrl),ez_flip,A,ez_flip_073,0.09055879464800329,512
CLIMB unsup (canon-ctrl),ez_flip,A,ez_flip_074,0.10721489970713549,512
CLIMB unsup (canon-ctrl),ez_flip,A,ez_flip_075,0.1336650972183565,512
CLIMB unsup (canon-ctrl),ez_flip,A,ez_flip_076,0.11497475424700403,512
CLIMB unsup (canon-ctrl),ez_flip,A,ez_flip_077,0.12628385214865437,512
CLIMB unsup (canon-ctrl),ez_flip,A,ez_flip_078,0.08207914187411741,512
CLIMB unsup (canon-ctrl),ez_flip,A,ez_flip_079,0.09301141318800679,512
CLIMB unsup (canon-ctrl),ez_flip,A,ez_flip_080,0.13512120110187995,512
CLIMB unsup (canon-ctrl),ez_flip,A,ez_flip_081,0.08453441147804756,512
CLIMB unsup (canon-ctrl),ez_flip,A,ez_flip_082,0.1096593482883667,512
CLIMB unsup (canon-ctrl),ez_flip,A,ez_flip_083,0.2586568520702657,512
CLIMB unsup (canon-ctrl),ez_flip,A,ez_flip_084,0.13261224465344681,512
CLIMB unsup (canon-ctrl),ez_flip,A,ez_flip_085,0.15235178015867415,512
CLIMB unsup (canon-ctrl),ez_flip,A,ez_flip_086,0.12490487295154444,512
CLIMB unsup (canon-ctrl),ez_flip,A,ez_flip_087,0.08551262586912649,512
CLIMB unsup (canon-ctrl),ez_flip,A,ez_flip_088,0.11580512893654368,512
CLIMB unsup (canon-ctrl),ez_flip,A,ez_flip_089,0.3961272012767413,512
CLIMB unsup (canon-ctrl),ez_flip,A,ez_flip_090,0.311896633779883,512
CLIMB unsup (canon-ctrl),ez_flip,A,ez_flip_091,0.13855321852498856,512
CLIMB unsup (canon-ctrl),ez_flip,A,ez_flip_092,0.10847503053447619,512
CLIMB unsup (canon-ctrl),ez_flip,A,ez_flip_093,0.16273428702983997,512
CLIMB unsup (canon-ctrl),ez_flip,A,ez_flip_094,0.37554552022111937,512
CLIMB unsup (canon-ctrl),ez_flip,A,ez_flip_095,0.11185215713057298,512
CLIMB unsup (canon-ctrl),ez_flip,A,ez_flip_096,0.18136116641921143,512
CLIMB unsup (canon-ctrl),ez_flip,A,ez_flip_097,0.27081566035138216,512
CLIMB unsup (canon-ctrl),ez_flip,A,ez_flip_098,0.1466360892726517,512
CLIMB unsup (canon-ctrl),ez_flip,A,ez_flip_099,0.10115204911630168,512
CLIMB unsup (canon-ctrl),c_to_n,A,c_to_n_000,0.5307563157466453,512
CLIMB unsup (canon-ctrl),c_to_n,A,c_to_n_001,0.09479044999860774,512
CLIMB unsup (canon-ctrl),c_to_n,A,c_to_n_002,0.0490411569003797,512
CLIMB unsup (canon-ctrl),c_to_n,A,c_to_n_003,0.046519522729662165,512
CLIMB unsup (canon-ctrl),c_to_n,A,c_to_n_004,0.0486481535191294,512
CLIMB unsup (canon-ctrl),c_to_n,A,c_to_n_005,0.07694123471192736,512
CLIMB unsup (canon-ctrl),c_to_n,A,c_to_n_006,0.07085938599698863,512
CLIMB unsup (canon-ctrl),c_to_n,A,c_to_n_007,0.2790633483311961,512
CLIMB unsup (canon-ctrl),c_to_n,A,c_to_n_008,0.22152617955929593,512
CLIMB unsup (canon-ctrl),c_to_n,A,c_to_n_009,0.11570333964642136,512
CLIMB unsup (canon-ctrl),c_to_n,A,c_to_n_010,0.06157920355131482,512
CLIMB unsup (canon-ctrl),c_to_n,A,c_to_n_011,0.03735555231011128,512
CLIMB unsup (canon-ctrl),c_to_n,A,c_to_n_012,0.0587013786822069,512
CLIMB unsup (canon-ctrl),c_to_n,A,c_to_n_013,0.05242957365908085,512
CLIMB unsup (canon-ctrl),c_to_n,A,c_to_n_014,0.08113576551458437,512
CLIMB unsup (canon-ctrl),c_to_n,A,c_to_n_015,0.04788171568931425,512
CLIMB unsup (canon-ctrl),c_to_n,A,c_to_n_016,0.34955019579670543,512
CLIMB unsup (canon-ctrl),c_to_n,A,c_to_n_017,0.07066054316640581,512
CLIMB unsup (canon-ctrl),c_to_n,A,c_to_n_018,0.06527609756982465,512
CLIMB unsup (canon-ctrl),c_to_n,A,c_to_n_019,0.06078798400247349,512
CLIMB unsup (canon-ctrl),c_to_n,A,c_to_n_020,0.05584294518098092,512
CLIMB unsup (canon-ctrl),c_to_n,A,c_to_n_021,0.0670857304677517,512
CLIMB unsup (canon-ctrl),c_to_n,A,c_to_n_022,0.15203072189231223,512
CLIMB unsup (canon-ctrl),c_to_n,A,c_to_n_023,0.07476864501377832,512
CLIMB unsup (canon-ctrl),c_to_n,A,c_to_n_024,0.2530431269781341,512
CLIMB unsup (canon-ctrl),c_to_n,A,c_to_n_025,0.03158005903750461,512
CLIMB unsup (canon-ctrl),c_to_n,A,c_to_n_026,0.0413002235987026,512
CLIMB unsup (canon-ctrl),c_to_n,A,c_to_n_027,0.05047703634793026,512
CLIMB unsup (canon-ctrl),c_to_n,A,c_to_n_028,0.1187073812869731,512
CLIMB unsup (canon-ctrl),c_to_n,A,c_to_n_029,0.1973213486995705,512
CLIMB unsup (canon-ctrl),c_to_n,A,c_to_n_030,0.05370160751289067,512
CLIMB unsup (canon-ctrl),c_to_n,A,c_to_n_031,0.05723020317851725,512
CLIMB unsup (canon-ctrl),c_to_n,A,c_to_n_032,0.10213234635895567,512
CLIMB unsup (canon-ctrl),c_to_n,A,c_to_n_033,0.08026580343898838,512
CLIMB unsup (canon-ctrl),c_to_n,A,c_to_n_034,0.09265157681895927,512
CLIMB unsup (canon-ctrl),c_to_n,A,c_to_n_035,0.044810747969508125,512
CLIMB unsup (canon-ctrl),c_to_n,A,c_to_n_036,0.0576810622520462,512
CLIMB unsup (canon-ctrl),c_to_n,A,c_to_n_037,0.06942112544222669,512
CLIMB unsup (canon-ctrl),c_to_n,A,c_to_n_038,0.11696874244218965,512
CLIMB unsup (canon-ctrl),c_to_n,A,c_to_n_039,0.054393059784778014,512
CLIMB unsup (canon-ctrl),c_to_n,A,c_to_n_040,0.19732361678427973,512
CLIMB unsup (canon-ctrl),c_to_n,A,c_to_n_041,0.07045388098067436,512
CLIMB unsup (canon-ctrl),c_to_n,A,c_to_n_042,0.07735358383458128,512
CLIMB unsup (canon-ctrl),c_to_n,A,c_to_n_043,0.18232074463428938,512
CLIMB unsup (canon-ctrl),c_to_n,A,c_to_n_044,0.04126257466587576,512
CLIMB unsup (canon-ctrl),c_to_n,A,c_to_n_045,0.06388979816916923,512
CLIMB unsup (canon-ctrl),c_to_n,A,c_to_n_046,0.056521602546684584,512
CLIMB unsup (canon-ctrl),c_to_n,A,c_to_n_047,0.08918839838936257,512
CLIMB unsup (canon-ctrl),c_to_n,A,c_to_n_048,0.24740191511357879,512
CLIMB unsup (canon-ctrl),c_to_n,A,c_to_n_049,0.06117330109897806,512
CLIMB unsup (canon-ctrl),c_to_n,A,c_to_n_050,0.030743011348053167,512
CLIMB unsup (canon-ctrl),c_to_n,A,c_to_n_051,0.6491510128195656,512
CLIMB unsup (canon-ctrl),c_to_n,A,c_to_n_052,0.06818499954932696,512
CLIMB unsup (canon-ctrl),c_to_n,A,c_to_n_053,0.21818248202936857,512
CLIMB unsup (canon-ctrl),c_to_n,A,c_to_n_054,0.2283988599788634,512
CLIMB unsup (canon-ctrl),c_to_n,A,c_to_n_055,0.05890115468469076,512
CLIMB unsup (canon-ctrl),c_to_n,A,c_to_n_056,0.047679177755550216,512
CLIMB unsup (canon-ctrl),c_to_n,A,c_to_n_057,0.12257379781043724,512
CLIMB unsup (canon-ctrl),c_to_n,A,c_to_n_058,0.2207005285623486,512
CLIMB unsup (canon-ctrl),c_to_n,A,c_to_n_059,0.059250986069947394,512
CLIMB unsup (canon-ctrl),c_to_n,A,c_to_n_060,1.0677937453568607,512
CLIMB unsup (canon-ctrl),c_to_n,A,c_to_n_061,0.3445661245791971,512
CLIMB unsup (canon-ctrl),c_to_n,A,c_to_n_062,0.13291195280501256,512
CLIMB unsup (canon-ctrl),c_to_n,A,c_to_n_063,0.0795432419312807,512
CLIMB unsup (canon-ctrl),c_to_n,A,c_to_n_064,0.10379801096367813,512
CLIMB unsup (canon-ctrl),c_to_n,A,c_to_n_065,0.06252536339545879,512
CLIMB unsup (canon-ctrl),c_to_n,A,c_to_n_066,0.06997861576519852,512
CLIMB unsup (canon-ctrl),c_to_n,A,c_to_n_067,0.04602703912583426,512
CLIMB unsup (canon-ctrl),c_to_n,A,c_to_n_068,0.08478546907937541,512
CLIMB unsup (canon-ctrl),c_to_n,A,c_to_n_069,0.05802982722051039,512
CLIMB unsup (canon-ctrl),c_to_n,A,c_to_n_070,0.0792620777269676,512
CLIMB unsup (canon-ctrl),c_to_n,A,c_to_n_071,0.07627129615903389,512
CLIMB unsup (canon-ctrl),c_to_n,A,c_to_n_072,0.04043602146768911,512
CLIMB unsup (canon-ctrl),c_to_n,A,c_to_n_073,0.13588269185015692,512
CLIMB unsup (canon-ctrl),c_to_n,A,c_to_n_074,0.04458845891089531,512
CLIMB unsup (canon-ctrl),c_to_n,A,c_to_n_075,0.08189651427578437,512
CLIMB unsup (canon-ctrl),c_to_n,A,c_to_n_076,0.058926499608661025,512
CLIMB unsup (canon-ctrl),c_to_n,A,c_to_n_077,0.05901868287593177,512
CLIMB unsup (canon-ctrl),c_to_n,A,c_to_n_078,0.20953597680698496,512
CLIMB unsup (canon-ctrl),c_to_n,A,c_to_n_079,0.060584549860442816,512
CLIMB unsup (canon-ctrl),c_to_n,A,c_to_n_080,0.05384151327404387,512
CLIMB unsup (canon-ctrl),c_to_n,A,c_to_n_081,0.05947241193797706,512
CLIMB unsup (canon-ctrl),c_to_n,A,c_to_n_082,0.044861742187796656,512
CLIMB unsup (canon-ctrl),c_to_n,A,c_to_n_083,0.04072941272786486,512
CLIMB unsup (canon-ctrl),c_to_n,A,c_to_n_084,0.056301366912732964,512
CLIMB unsup (canon-ctrl),c_to_n,A,c_to_n_085,0.0579414079624604,512
CLIMB unsup (canon-ctrl),c_to_n,A,c_to_n_086,0.06719144222400203,512
CLIMB unsup (canon-ctrl),c_to_n,A,c_to_n_087,0.41184914066700196,512
CLIMB unsup (canon-ctrl),c_to_n,A,c_to_n_088,0.055437764465509035,512
CLIMB unsup (canon-ctrl),c_to_n,A,c_to_n_089,0.05619798237587595,512
CLIMB unsup (canon-ctrl),c_to_n,A,c_to_n_090,0.032683011588547625,512
CLIMB unsup (canon-ctrl),c_to_n,A,c_to_n_091,0.38191385375504106,512
CLIMB unsup (canon-ctrl),c_to_n,A,c_to_n_092,0.06769847511743184,512
CLIMB unsup (canon-ctrl),c_to_n,A,c_to_n_093,0.09865931633263088,512
CLIMB unsup (canon-ctrl),c_to_n,A,c_to_n_094,0.04004425417615364,512
CLIMB unsup (canon-ctrl),c_to_n,A,c_to_n_095,0.05397267936376409,512
CLIMB unsup (canon-ctrl),c_to_n,A,c_to_n_096,0.0326823322669583,512
CLIMB unsup (canon-ctrl),c_to_n,A,c_to_n_097,0.7357515518523856,512
CLIMB unsup (canon-ctrl),c_to_n,A,c_to_n_098,0.5685267980359164,512
CLIMB unsup (canon-ctrl),c_to_n,A,c_to_n_099,0.09453364678576488,512
CLIMB unsup (canon-ctrl),add_methyl,A,add_methyl_000,0.534002510885789,512
CLIMB unsup (canon-ctrl),add_methyl,A,add_methyl_001,0.49186918342959524,512
CLIMB unsup (canon-ctrl),add_methyl,A,add_methyl_002,0.7878408322116286,512
CLIMB unsup (canon-ctrl),add_methyl,A,add_methyl_003,0.16152997074178874,512
CLIMB unsup (canon-ctrl),add_methyl,A,add_methyl_004,0.2670966843505729,512
CLIMB unsup (canon-ctrl),add_methyl,A,add_methyl_005,1.0908427408590817,512
CLIMB unsup (canon-ctrl),add_methyl,A,add_methyl_006,0.4252289100144883,512
CLIMB unsup (canon-ctrl),add_methyl,A,add_methyl_007,0.3370599345546971,512
CLIMB unsup (canon-ctrl),add_methyl,A,add_methyl_008,0.49999875652542514,512
CLIMB unsup (canon-ctrl),add_methyl,A,add_methyl_009,0.47766430669186494,512
CLIMB unsup (canon-ctrl),add_methyl,A,add_methyl_010,0.2729937445254624,512
CLIMB unsup (canon-ctrl),add_methyl,A,add_methyl_011,0.5913271720509887,512
CLIMB unsup (canon-ctrl),add_methyl,A,add_methyl_012,0.8306692023377805,512
CLIMB unsup (canon-ctrl),add_methyl,A,add_methyl_013,0.11734439322758282,512
CLIMB unsup (canon-ctrl),add_methyl,A,add_methyl_014,0.35568565473314,512
CLIMB unsup (canon-ctrl),add_methyl,A,add_methyl_015,0.5561301474858771,512
CLIMB unsup (canon-ctrl),add_methyl,A,add_methyl_016,0.33731329491290324,512
CLIMB unsup (canon-ctrl),add_methyl,A,add_methyl_017,0.8280817353739142,512
CLIMB unsup (canon-ctrl),add_methyl,A,add_methyl_018,0.5323856197960813,512
CLIMB unsup (canon-ctrl),add_methyl,A,add_methyl_019,0.6380011575993425,512
CLIMB unsup (canon-ctrl),add_methyl,A,add_methyl_020,0.49112491057866337,512
CLIMB unsup (canon-ctrl),add_methyl,A,add_methyl_021,0.6197896212362102,512
CLIMB unsup (canon-ctrl),add_methyl,A,add_methyl_022,0.7976124284868713,512
CLIMB unsup (canon-ctrl),add_methyl,A,add_methyl_023,0.1412218955625883,512
CLIMB unsup (canon-ctrl),add_methyl,A,add_methyl_024,0.6590476030180489,512
CLIMB unsup (canon-ctrl),add_methyl,A,add_methyl_025,0.4846589659627082,512
CLIMB unsup (canon-ctrl),add_methyl,A,add_methyl_026,0.750717243020046,512
CLIMB unsup (canon-ctrl),add_methyl,A,add_methyl_027,0.3198081535051864,512
CLIMB unsup (canon-ctrl),add_methyl,A,add_methyl_028,0.1417886428878647,512
CLIMB unsup (canon-ctrl),add_methyl,A,add_methyl_029,0.32144884062060275,512
CLIMB unsup (canon-ctrl),add_methyl,A,add_methyl_030,0.7000018491588221,512
CLIMB unsup (canon-ctrl),add_methyl,A,add_methyl_031,0.25733657746146416,512
CLIMB unsup (canon-ctrl),add_methyl,A,add_methyl_032,1.1743084696070192,512
CLIMB unsup (canon-ctrl),add_methyl,A,add_methyl_033,0.3794565251569175,512
CLIMB unsup (canon-ctrl),add_methyl,A,add_methyl_034,0.7191977826553587,512
CLIMB unsup (canon-ctrl),add_methyl,A,add_methyl_035,0.2738302131534174,512
CLIMB unsup (canon-ctrl),add_methyl,A,add_methyl_036,0.20555784575456096,512
CLIMB unsup (canon-ctrl),add_methyl,A,add_methyl_037,0.24940043789464733,512
CLIMB unsup (canon-ctrl),add_methyl,A,add_methyl_038,0.17377615890523948,512
CLIMB unsup (canon-ctrl),add_methyl,A,add_methyl_039,0.37570560348177273,512
CLIMB unsup (canon-ctrl),add_methyl,A,add_methyl_040,0.47380474828882463,512
CLIMB unsup (canon-ctrl),add_methyl,A,add_methyl_041,0.3146828346949316,512
CLIMB unsup (canon-ctrl),add_methyl,A,add_methyl_042,0.9791589120948215,512
CLIMB unsup (canon-ctrl),add_methyl,A,add_methyl_043,0.38406170892647684,512
CLIMB unsup (canon-ctrl),add_methyl,A,add_methyl_044,0.28935610073372015,512
CLIMB unsup (canon-ctrl),add_methyl,A,add_methyl_045,0.250576028200519,512
CLIMB unsup (canon-ctrl),add_methyl,A,add_methyl_046,0.8216025679999431,512
CLIMB unsup (canon-ctrl),add_methyl,A,add_methyl_047,0.7814255419899026,512
CLIMB unsup (canon-ctrl),add_methyl,A,add_methyl_048,0.24458586379861108,512
CLIMB unsup (canon-ctrl),add_methyl,A,add_methyl_049,0.5745960125475692,512
CLIMB unsup (canon-ctrl),add_methyl,A,add_methyl_050,0.5251593474431041,512
CLIMB unsup (canon-ctrl),add_methyl,A,add_methyl_051,0.8232725914070403,512
CLIMB unsup (canon-ctrl),add_methyl,A,add_methyl_052,0.4465377552894225,512
CLIMB unsup (canon-ctrl),add_methyl,A,add_methyl_053,0.32520746906125003,512
CLIMB unsup (canon-ctrl),add_methyl,A,add_methyl_054,0.19000170302160205,512
CLIMB unsup (canon-ctrl),add_methyl,A,add_methyl_055,0.14572976274910138,512
CLIMB unsup (canon-ctrl),add_methyl,A,add_methyl_056,0.3252815367805355,512
CLIMB unsup (canon-ctrl),add_methyl,A,add_methyl_057,1.2876233997036823,512
CLIMB unsup (canon-ctrl),add_methyl,A,add_methyl_058,0.2365617891395443,512
CLIMB unsup (canon-ctrl),add_methyl,A,add_methyl_059,0.40397302382148664,512
CLIMB unsup (canon-ctrl),add_methyl,A,add_methyl_060,0.2828681369968487,512
CLIMB unsup (canon-ctrl),add_methyl,A,add_methyl_061,0.492924207292125,512
CLIMB unsup (canon-ctrl),add_methyl,A,add_methyl_062,0.8862316446402209,512
CLIMB unsup (canon-ctrl),add_methyl,A,add_methyl_063,0.28587132138458315,512
CLIMB unsup (canon-ctrl),add_methyl,A,add_methyl_064,0.484802867920558,512
CLIMB unsup (canon-ctrl),add_methyl,A,add_methyl_065,0.6309949480405059,512
CLIMB unsup (canon-ctrl),add_methyl,A,add_methyl_066,0.985679430458537,512
CLIMB unsup (canon-ctrl),add_methyl,A,add_methyl_067,0.2645679882210201,512
CLIMB unsup (canon-ctrl),add_methyl,A,add_methyl_068,0.5260543606926608,512
CLIMB unsup (canon-ctrl),add_methyl,A,add_methyl_069,0.19129851352464672,512
CLIMB unsup (canon-ctrl),add_methyl,A,add_methyl_070,0.37064139950503777,512
CLIMB unsup (canon-ctrl),add_methyl,A,add_methyl_071,0.745777355817346,512
CLIMB unsup (canon-ctrl),add_methyl,A,add_methyl_072,0.4120325832001764,512
CLIMB unsup (canon-ctrl),add_methyl,A,add_methyl_073,0.13150291310642848,512
CLIMB unsup (canon-ctrl),add_methyl,A,add_methyl_074,0.6733125592069665,512
CLIMB unsup (canon-ctrl),add_methyl,A,add_methyl_075,0.3193163334751288,512
CLIMB unsup (canon-ctrl),add_methyl,A,add_methyl_076,0.48502979586044914,512
CLIMB unsup (canon-ctrl),add_methyl,A,add_methyl_077,0.714156743801355,512
CLIMB unsup (canon-ctrl),add_methyl,A,add_methyl_078,0.2068887414882598,512
CLIMB unsup (canon-ctrl),add_methyl,A,add_methyl_079,0.7176136074835262,512
CLIMB unsup (canon-ctrl),add_methyl,A,add_methyl_080,0.7699310173621715,512
CLIMB unsup (canon-ctrl),add_methyl,A,add_methyl_081,0.14654686708955011,512
CLIMB unsup (canon-ctrl),add_methyl,A,add_methyl_082,0.5398396873858216,512
CLIMB unsup (canon-ctrl),add_methyl,A,add_methyl_083,0.6748014018044494,512
CLIMB unsup (canon-ctrl),add_methyl,A,add_methyl_084,0.609275632787443,512
CLIMB unsup (canon-ctrl),add_methyl,A,add_methyl_085,0.6396569064552926,512
CLIMB unsup (canon-ctrl),add_methyl,A,add_methyl_086,0.29530026344466676,512
CLIMB unsup (canon-ctrl),add_methyl,A,add_methyl_087,0.5254420593785903,512
CLIMB unsup (canon-ctrl),add_methyl,A,add_methyl_088,0.25321434227750217,512
CLIMB unsup (canon-ctrl),add_methyl,A,add_methyl_089,0.4895877189465607,512
CLIMB unsup (canon-ctrl),add_methyl,A,add_methyl_090,0.11232033673631837,512
CLIMB unsup (canon-ctrl),add_methyl,A,add_methyl_091,0.6076505277002393,512
CLIMB unsup (canon-ctrl),add_methyl,A,add_methyl_092,0.14733541666988423,512
CLIMB unsup (canon-ctrl),add_methyl,A,add_methyl_093,0.9246110417088027,512
CLIMB unsup (canon-ctrl),add_methyl,A,add_methyl_094,0.12970866751269416,512
CLIMB unsup (canon-ctrl),add_methyl,A,add_methyl_095,0.7620157230962824,512
CLIMB unsup (canon-ctrl),add_methyl,A,add_methyl_096,0.16573266231623987,512
CLIMB unsup (canon-ctrl),add_methyl,A,add_methyl_097,0.35456771032994006,512
CLIMB unsup (canon-ctrl),add_methyl,A,add_methyl_098,0.5315285071372854,512
CLIMB unsup (canon-ctrl),add_methyl,A,add_methyl_099,0.798281138360192,512
CLIMB unsup (canon-ctrl),add_fluorine,A,add_fluorine_000,0.5352980302286398,512
CLIMB unsup (canon-ctrl),add_fluorine,A,add_fluorine_001,0.5002975228379544,512
CLIMB unsup (canon-ctrl),add_fluorine,A,add_fluorine_002,0.20942364118990328,512
CLIMB unsup (canon-ctrl),add_fluorine,A,add_fluorine_003,0.25587307925837405,512
CLIMB unsup (canon-ctrl),add_fluorine,A,add_fluorine_004,0.29168436082021865,512
CLIMB unsup (canon-ctrl),add_fluorine,A,add_fluorine_005,0.4980127026337874,512
CLIMB unsup (canon-ctrl),add_fluorine,A,add_fluorine_006,0.44898833333566346,512
CLIMB unsup (canon-ctrl),add_fluorine,A,add_fluorine_007,0.3416766746498313,512
CLIMB unsup (canon-ctrl),add_fluorine,A,add_fluorine_008,0.286755227009883,512
CLIMB unsup (canon-ctrl),add_fluorine,A,add_fluorine_009,0.19556215275873823,512
CLIMB unsup (canon-ctrl),add_fluorine,A,add_fluorine_010,0.36701024276724553,512
CLIMB unsup (canon-ctrl),add_fluorine,A,add_fluorine_011,0.2685596052424632,512
CLIMB unsup (canon-ctrl),add_fluorine,A,add_fluorine_012,0.28763179381510673,512
CLIMB unsup (canon-ctrl),add_fluorine,A,add_fluorine_013,0.1815045116928397,512
CLIMB unsup (canon-ctrl),add_fluorine,A,add_fluorine_014,0.38762676654599687,512
CLIMB unsup (canon-ctrl),add_fluorine,A,add_fluorine_015,0.332182722779834,512
CLIMB unsup (canon-ctrl),add_fluorine,A,add_fluorine_016,0.42523926305099685,512
CLIMB unsup (canon-ctrl),add_fluorine,A,add_fluorine_017,0.3201348113832522,512
CLIMB unsup (canon-ctrl),add_fluorine,A,add_fluorine_018,0.4242759566481265,512
CLIMB unsup (canon-ctrl),add_fluorine,A,add_fluorine_019,0.3756080711752278,512
CLIMB unsup (canon-ctrl),add_fluorine,A,add_fluorine_020,0.31169191572210875,512
CLIMB unsup (canon-ctrl),add_fluorine,A,add_fluorine_021,0.2976215676523123,512
CLIMB unsup (canon-ctrl),add_fluorine,A,add_fluorine_022,0.2593329377563961,512
CLIMB unsup (canon-ctrl),add_fluorine,A,add_fluorine_023,0.23958029099678402,512
CLIMB unsup (canon-ctrl),add_fluorine,A,add_fluorine_024,0.2513266879070896,512
CLIMB unsup (canon-ctrl),add_fluorine,A,add_fluorine_025,0.17513956611210135,512
CLIMB unsup (canon-ctrl),add_fluorine,A,add_fluorine_026,0.26217293539648245,512
CLIMB unsup (canon-ctrl),add_fluorine,A,add_fluorine_027,0.262345947773648,512
CLIMB unsup (canon-ctrl),add_fluorine,A,add_fluorine_028,0.1629309309834585,512
CLIMB unsup (canon-ctrl),add_fluorine,A,add_fluorine_029,0.22456421733122142,512
CLIMB unsup (canon-ctrl),add_fluorine,A,add_fluorine_030,0.7292251661677931,512
CLIMB unsup (canon-ctrl),add_fluorine,A,add_fluorine_031,0.3884614408763113,512
CLIMB unsup (canon-ctrl),add_fluorine,A,add_fluorine_032,0.3869886810888454,512
CLIMB unsup (canon-ctrl),add_fluorine,A,add_fluorine_033,0.4989083352645392,512
CLIMB unsup (canon-ctrl),add_fluorine,A,add_fluorine_034,0.4883081043830921,512
CLIMB unsup (canon-ctrl),add_fluorine,A,add_fluorine_035,0.3317984809036654,512
CLIMB unsup (canon-ctrl),add_fluorine,A,add_fluorine_036,0.27678832924428404,512
CLIMB unsup (canon-ctrl),add_fluorine,A,add_fluorine_037,0.25924003757063196,512
CLIMB unsup (canon-ctrl),add_fluorine,A,add_fluorine_038,0.23996903906642456,512
CLIMB unsup (canon-ctrl),add_fluorine,A,add_fluorine_039,0.32315060597377854,512
CLIMB unsup (canon-ctrl),add_fluorine,A,add_fluorine_040,0.5433582408063425,512
CLIMB unsup (canon-ctrl),add_fluorine,A,add_fluorine_041,0.36893588052233955,512
CLIMB unsup (canon-ctrl),add_fluorine,A,add_fluorine_042,0.33808495186237586,512
CLIMB unsup (canon-ctrl),add_fluorine,A,add_fluorine_043,0.3237607879634242,512
CLIMB unsup (canon-ctrl),add_fluorine,A,add_fluorine_044,0.28254790829467863,512
CLIMB unsup (canon-ctrl),add_fluorine,A,add_fluorine_045,0.3183713958533485,512
CLIMB unsup (canon-ctrl),add_fluorine,A,add_fluorine_046,0.4472649401889522,512
CLIMB unsup (canon-ctrl),add_fluorine,A,add_fluorine_047,0.3711465330175713,512
CLIMB unsup (canon-ctrl),add_fluorine,A,add_fluorine_048,0.3650464818242305,512
CLIMB unsup (canon-ctrl),add_fluorine,A,add_fluorine_049,0.25005685794149435,512
CLIMB unsup (canon-ctrl),add_fluorine,A,add_fluorine_050,0.24544258325321341,512
CLIMB unsup (canon-ctrl),add_fluorine,A,add_fluorine_051,0.9283016622748176,512
CLIMB unsup (canon-ctrl),add_fluorine,A,add_fluorine_052,0.5101728755220508,512
CLIMB unsup (canon-ctrl),add_fluorine,A,add_fluorine_053,0.28434591351105354,512
CLIMB unsup (canon-ctrl),add_fluorine,A,add_fluorine_054,0.3180160088742851,512
CLIMB unsup (canon-ctrl),add_fluorine,A,add_fluorine_055,0.2190808777584973,512
CLIMB unsup (canon-ctrl),add_fluorine,A,add_fluorine_056,0.38443325334522316,512
CLIMB unsup (canon-ctrl),add_fluorine,A,add_fluorine_057,1.270473254998016,512
CLIMB unsup (canon-ctrl),add_fluorine,A,add_fluorine_058,0.2721745198034951,512
CLIMB unsup (canon-ctrl),add_fluorine,A,add_fluorine_059,0.4632334349653252,512
CLIMB unsup (canon-ctrl),add_fluorine,A,add_fluorine_060,0.2706630555524491,512
CLIMB unsup (canon-ctrl),add_fluorine,A,add_fluorine_061,0.5860693841097777,512
CLIMB unsup (canon-ctrl),add_fluorine,A,add_fluorine_062,0.42619952524423094,512
CLIMB unsup (canon-ctrl),add_fluorine,A,add_fluorine_063,0.4428509330984644,512
CLIMB unsup (canon-ctrl),add_fluorine,A,add_fluorine_064,0.4713049257734315,512
CLIMB unsup (canon-ctrl),add_fluorine,A,add_fluorine_065,0.3406973736220148,512
CLIMB unsup (canon-ctrl),add_fluorine,A,add_fluorine_066,0.32630379039717045,512
CLIMB unsup (canon-ctrl),add_fluorine,A,add_fluorine_067,0.3177033259700245,512
CLIMB unsup (canon-ctrl),add_fluorine,A,add_fluorine_068,0.27176661515073575,512
CLIMB unsup (canon-ctrl),add_fluorine,A,add_fluorine_069,0.22752408027313184,512
CLIMB unsup (canon-ctrl),add_fluorine,A,add_fluorine_070,0.45519068695839265,512
CLIMB unsup (canon-ctrl),add_fluorine,A,add_fluorine_071,0.4554736082832002,512
CLIMB unsup (canon-ctrl),add_fluorine,A,add_fluorine_072,0.23930847557582102,512
CLIMB unsup (canon-ctrl),add_fluorine,A,add_fluorine_073,0.24787486515315377,512
CLIMB unsup (canon-ctrl),add_fluorine,A,add_fluorine_074,0.32091914513499936,512
CLIMB unsup (canon-ctrl),add_fluorine,A,add_fluorine_075,0.3744597236668768,512
CLIMB unsup (canon-ctrl),add_fluorine,A,add_fluorine_076,0.3580065688998571,512
CLIMB unsup (canon-ctrl),add_fluorine,A,add_fluorine_077,0.7408773704123184,512
CLIMB unsup (canon-ctrl),add_fluorine,A,add_fluorine_078,0.31174580770463484,512
CLIMB unsup (canon-ctrl),add_fluorine,A,add_fluorine_079,0.4103687155969258,512
CLIMB unsup (canon-ctrl),add_fluorine,A,add_fluorine_080,0.3847481872311105,512
CLIMB unsup (canon-ctrl),add_fluorine,A,add_fluorine_081,0.20212220815160672,512
CLIMB unsup (canon-ctrl),add_fluorine,A,add_fluorine_082,0.1552003986711182,512
CLIMB unsup (canon-ctrl),add_fluorine,A,add_fluorine_083,0.32923555196027077,512
CLIMB unsup (canon-ctrl),add_fluorine,A,add_fluorine_084,0.6731650590546067,512
CLIMB unsup (canon-ctrl),add_fluorine,A,add_fluorine_085,0.4508731216016305,512
CLIMB unsup (canon-ctrl),add_fluorine,A,add_fluorine_086,0.30570184455011556,512
CLIMB unsup (canon-ctrl),add_fluorine,A,add_fluorine_087,0.9041346103218144,512
CLIMB unsup (canon-ctrl),add_fluorine,A,add_fluorine_088,0.36991354876225063,512
CLIMB unsup (canon-ctrl),add_fluorine,A,add_fluorine_089,0.5163044528111815,512
CLIMB unsup (canon-ctrl),add_fluorine,A,add_fluorine_090,0.16221857960414368,512
CLIMB unsup (canon-ctrl),add_fluorine,A,add_fluorine_091,0.6672482484313303,512
CLIMB unsup (canon-ctrl),add_fluorine,A,add_fluorine_092,0.24696716856442877,512
CLIMB unsup (canon-ctrl),add_fluorine,A,add_fluorine_093,0.5846391318237215,512
CLIMB unsup (canon-ctrl),add_fluorine,A,add_fluorine_094,0.20758078155266535,512
CLIMB unsup (canon-ctrl),add_fluorine,A,add_fluorine_095,0.3694839770314257,512
CLIMB unsup (canon-ctrl),add_fluorine,A,add_fluorine_096,0.273113782499618,512
CLIMB unsup (canon-ctrl),add_fluorine,A,add_fluorine_097,0.32372948819083774,512
CLIMB unsup (canon-ctrl),add_fluorine,A,add_fluorine_098,0.5524685291822368,512
CLIMB unsup (canon-ctrl),add_fluorine,A,add_fluorine_099,0.7908210034551665,512
CLIMB unsup (canon-ctrl),isotope_13c,A,isotope_13c_000,0.9676966024792405,512
CLIMB unsup (canon-ctrl),isotope_13c,A,isotope_13c_001,0.6192881379433853,512
CLIMB unsup (canon-ctrl),isotope_13c,A,isotope_13c_002,1.6957082094153388,512
CLIMB unsup (canon-ctrl),isotope_13c,A,isotope_13c_003,0.39595627104698716,512
CLIMB unsup (canon-ctrl),isotope_13c,A,isotope_13c_004,0.35847199172934374,512
CLIMB unsup (canon-ctrl),isotope_13c,A,isotope_13c_005,0.7191374861821205,512
CLIMB unsup (canon-ctrl),isotope_13c,A,isotope_13c_006,0.60269388107317,512
CLIMB unsup (canon-ctrl),isotope_13c,A,isotope_13c_007,0.554633588857075,512
CLIMB unsup (canon-ctrl),isotope_13c,A,isotope_13c_008,0.3622365064613035,512
CLIMB unsup (canon-ctrl),isotope_13c,A,isotope_13c_009,0.2826519098194699,512
CLIMB unsup (canon-ctrl),isotope_13c,A,isotope_13c_010,0.3145831403176279,512
CLIMB unsup (canon-ctrl),isotope_13c,A,isotope_13c_011,0.7285494092629476,512
CLIMB unsup (canon-ctrl),isotope_13c,A,isotope_13c_012,0.21294659222227805,512
CLIMB unsup (canon-ctrl),isotope_13c,A,isotope_13c_013,0.5748878166122783,512
CLIMB unsup (canon-ctrl),isotope_13c,A,isotope_13c_014,0.4518463527395912,512
CLIMB unsup (canon-ctrl),isotope_13c,A,isotope_13c_015,0.3935054882308825,512
CLIMB unsup (canon-ctrl),isotope_13c,A,isotope_13c_016,0.5484709545121981,512
CLIMB unsup (canon-ctrl),isotope_13c,A,isotope_13c_017,0.67394280501628,512
CLIMB unsup (canon-ctrl),isotope_13c,A,isotope_13c_018,0.46318424818129655,512
CLIMB unsup (canon-ctrl),isotope_13c,A,isotope_13c_019,0.43287153035535153,512
CLIMB unsup (canon-ctrl),isotope_13c,A,isotope_13c_020,0.5373566138290061,512
CLIMB unsup (canon-ctrl),isotope_13c,A,isotope_13c_021,0.7048766389402907,512
CLIMB unsup (canon-ctrl),isotope_13c,A,isotope_13c_022,0.6361366948996192,512
CLIMB unsup (canon-ctrl),isotope_13c,A,isotope_13c_023,0.4571145669677709,512
CLIMB unsup (canon-ctrl),isotope_13c,A,isotope_13c_024,0.42014194795064097,512
CLIMB unsup (canon-ctrl),isotope_13c,A,isotope_13c_025,0.44634268793302145,512
CLIMB unsup (canon-ctrl),isotope_13c,A,isotope_13c_026,0.5957596462607831,512
CLIMB unsup (canon-ctrl),isotope_13c,A,isotope_13c_027,0.24747511101490482,512
CLIMB unsup (canon-ctrl),isotope_13c,A,isotope_13c_028,0.49144087289470445,512
CLIMB unsup (canon-ctrl),isotope_13c,A,isotope_13c_029,0.4554132957603283,512
CLIMB unsup (canon-ctrl),isotope_13c,A,isotope_13c_030,0.7055326763432823,512
CLIMB unsup (canon-ctrl),isotope_13c,A,isotope_13c_031,0.7338480756284825,512
CLIMB unsup (canon-ctrl),isotope_13c,A,isotope_13c_032,0.7986371168021242,512
CLIMB unsup (canon-ctrl),isotope_13c,A,isotope_13c_033,0.3066270879299813,512
CLIMB unsup (canon-ctrl),isotope_13c,A,isotope_13c_034,0.46775905323908545,512
CLIMB unsup (canon-ctrl),isotope_13c,A,isotope_13c_035,0.27163761792294744,512
CLIMB unsup (canon-ctrl),isotope_13c,A,isotope_13c_036,1.0715416908671926,512
CLIMB unsup (canon-ctrl),isotope_13c,A,isotope_13c_037,0.7004107200127607,512
CLIMB unsup (canon-ctrl),isotope_13c,A,isotope_13c_038,0.6907306984040384,512
CLIMB unsup (canon-ctrl),isotope_13c,A,isotope_13c_039,0.4335382293796618,512
CLIMB unsup (canon-ctrl),isotope_13c,A,isotope_13c_040,0.5318236714877548,512
CLIMB unsup (canon-ctrl),isotope_13c,A,isotope_13c_041,0.29505787747910006,512
CLIMB unsup (canon-ctrl),isotope_13c,A,isotope_13c_042,0.39503759654118253,512
CLIMB unsup (canon-ctrl),isotope_13c,A,isotope_13c_043,0.3051215386782294,512
CLIMB unsup (canon-ctrl),isotope_13c,A,isotope_13c_044,0.26248362847806817,512
CLIMB unsup (canon-ctrl),isotope_13c,A,isotope_13c_045,0.6180406044774421,512
CLIMB unsup (canon-ctrl),isotope_13c,A,isotope_13c_046,1.2337612350247324,512
CLIMB unsup (canon-ctrl),isotope_13c,A,isotope_13c_047,0.4781258630367497,512
CLIMB unsup (canon-ctrl),isotope_13c,A,isotope_13c_048,0.5566471059671194,512
CLIMB unsup (canon-ctrl),isotope_13c,A,isotope_13c_049,0.2510196837479764,512
CLIMB unsup (canon-ctrl),isotope_13c,A,isotope_13c_050,0.30464893701960577,512
CLIMB unsup (canon-ctrl),isotope_13c,A,isotope_13c_051,0.8541397510847726,512
CLIMB unsup (canon-ctrl),isotope_13c,A,isotope_13c_052,1.0061661961182178,512
CLIMB unsup (canon-ctrl),isotope_13c,A,isotope_13c_053,0.523153871852277,512
CLIMB unsup (canon-ctrl),isotope_13c,A,isotope_13c_054,0.5490198642134584,512
CLIMB unsup (canon-ctrl),isotope_13c,A,isotope_13c_055,0.6989439664787133,512
CLIMB unsup (canon-ctrl),isotope_13c,A,isotope_13c_056,0.18932501985024713,512
CLIMB unsup (canon-ctrl),isotope_13c,A,isotope_13c_057,1.4122971038142524,512
CLIMB unsup (canon-ctrl),isotope_13c,A,isotope_13c_058,0.6227957479063396,512
CLIMB unsup (canon-ctrl),isotope_13c,A,isotope_13c_059,0.30210195190074896,512
CLIMB unsup (canon-ctrl),isotope_13c,A,isotope_13c_060,0.35835859482112187,512
CLIMB unsup (canon-ctrl),isotope_13c,A,isotope_13c_061,0.6732833027226244,512
CLIMB unsup (canon-ctrl),isotope_13c,A,isotope_13c_062,0.7869032917065747,512
CLIMB unsup (canon-ctrl),isotope_13c,A,isotope_13c_063,0.6843677099306352,512
CLIMB unsup (canon-ctrl),isotope_13c,A,isotope_13c_064,0.627919591229695,512
CLIMB unsup (canon-ctrl),isotope_13c,A,isotope_13c_065,0.7697689938437317,512
CLIMB unsup (canon-ctrl),isotope_13c,A,isotope_13c_066,0.8792723768874289,512
CLIMB unsup (canon-ctrl),isotope_13c,A,isotope_13c_067,1.0818477273253355,512
CLIMB unsup (canon-ctrl),isotope_13c,A,isotope_13c_068,1.7695283609683579,512
CLIMB unsup (canon-ctrl),isotope_13c,A,isotope_13c_069,0.7215823768146629,512
CLIMB unsup (canon-ctrl),isotope_13c,A,isotope_13c_070,0.3521694642759907,512
CLIMB unsup (canon-ctrl),isotope_13c,A,isotope_13c_071,0.8667739227858806,512
CLIMB unsup (canon-ctrl),isotope_13c,A,isotope_13c_072,0.4269237335294069,512
CLIMB unsup (canon-ctrl),isotope_13c,A,isotope_13c_073,0.47562199598965743,512
CLIMB unsup (canon-ctrl),isotope_13c,A,isotope_13c_074,0.5558277499710351,512
CLIMB unsup (canon-ctrl),isotope_13c,A,isotope_13c_075,0.6614916371865511,512
CLIMB unsup (canon-ctrl),isotope_13c,A,isotope_13c_076,0.6200960733894916,512
CLIMB unsup (canon-ctrl),isotope_13c,A,isotope_13c_077,0.4164725685232652,512
CLIMB unsup (canon-ctrl),isotope_13c,A,isotope_13c_078,1.074867894173261,512
CLIMB unsup (canon-ctrl),isotope_13c,A,isotope_13c_079,0.5645345328216974,512
CLIMB unsup (canon-ctrl),isotope_13c,A,isotope_13c_080,0.355559848786782,512
CLIMB unsup (canon-ctrl),isotope_13c,A,isotope_13c_081,0.3038974000938526,512
CLIMB unsup (canon-ctrl),isotope_13c,A,isotope_13c_082,0.3940251190658426,512
CLIMB unsup (canon-ctrl),isotope_13c,A,isotope_13c_083,0.6301829201788777,512
CLIMB unsup (canon-ctrl),isotope_13c,A,isotope_13c_084,0.5365658509033957,512
CLIMB unsup (canon-ctrl),isotope_13c,A,isotope_13c_085,0.2908235767936174,512
CLIMB unsup (canon-ctrl),isotope_13c,A,isotope_13c_086,1.1180804018453963,512
CLIMB unsup (canon-ctrl),isotope_13c,A,isotope_13c_087,1.1190332227775859,512
CLIMB unsup (canon-ctrl),isotope_13c,A,isotope_13c_088,0.3947934951991183,512
CLIMB unsup (canon-ctrl),isotope_13c,A,isotope_13c_089,0.6486717331292384,512
CLIMB unsup (canon-ctrl),isotope_13c,A,isotope_13c_090,0.782391468544106,512
CLIMB unsup (canon-ctrl),isotope_13c,A,isotope_13c_091,0.721913313006546,512
CLIMB unsup (canon-ctrl),isotope_13c,A,isotope_13c_092,0.4994000742614134,512
CLIMB unsup (canon-ctrl),isotope_13c,A,isotope_13c_093,0.2656846614350441,512
CLIMB unsup (canon-ctrl),isotope_13c,A,isotope_13c_094,0.41097662905213367,512
CLIMB unsup (canon-ctrl),isotope_13c,A,isotope_13c_095,0.42126614567390647,512
CLIMB unsup (canon-ctrl),isotope_13c,A,isotope_13c_096,0.8865831445446418,512
CLIMB unsup (canon-ctrl),isotope_13c,A,isotope_13c_097,1.2314414029913083,512
CLIMB unsup (canon-ctrl),isotope_13c,A,isotope_13c_098,0.41875828121569825,512
CLIMB unsup (canon-ctrl),isotope_13c,A,isotope_13c_099,0.7587084722297381,512
CLIMB unsup (canon-ctrl),ring_size,A,ring_size_000,0.17756151710536738,512
CLIMB unsup (canon-ctrl),ring_size,A,ring_size_001,0.09592196759723587,512
CLIMB unsup (canon-ctrl),ring_size,A,ring_size_002,0.09151431441480563,512
CLIMB unsup (canon-ctrl),ring_size,A,ring_size_003,0.10620152632990787,512
CLIMB unsup (canon-ctrl),ring_size,A,ring_size_004,0.08624780714559115,512
CLIMB unsup (canon-ctrl),ring_size,A,ring_size_005,0.08755018904701387,512
CLIMB unsup (canon-ctrl),ring_size,A,ring_size_006,0.09582521343987095,512
CLIMB unsup (canon-ctrl),ring_size,A,ring_size_007,0.20009552845498196,512
CLIMB unsup (canon-ctrl),ring_size,A,ring_size_008,0.14428424511032784,512
CLIMB unsup (canon-ctrl),ring_size,A,ring_size_009,0.10301163507591239,512
CLIMB unsup (canon-ctrl),ring_size,A,ring_size_010,0.12327069868139795,512
CLIMB unsup (canon-ctrl),ring_size,A,ring_size_011,0.14526983832222135,512
CLIMB unsup (canon-ctrl),ring_size,A,ring_size_012,0.0749514747894579,512
CLIMB unsup (canon-ctrl),ring_size,A,ring_size_013,0.08488893151151228,512
CLIMB unsup (canon-ctrl),ring_size,A,ring_size_014,0.13301119825531849,512
CLIMB unsup (canon-ctrl),ring_size,A,ring_size_015,0.11374514379121738,512
CLIMB unsup (canon-ctrl),ring_size,A,ring_size_016,0.13768779434809095,512
CLIMB unsup (canon-ctrl),ring_size,A,ring_size_017,0.09487207273399759,512
CLIMB unsup (canon-ctrl),ring_size,A,ring_size_018,0.17286438441034083,512
CLIMB unsup (canon-ctrl),ring_size,A,ring_size_019,0.15482846365711597,512
CLIMB unsup (canon-ctrl),ring_size,A,ring_size_020,0.12513449735666424,512
CLIMB unsup (canon-ctrl),ring_size,A,ring_size_021,0.096947713601534,512
CLIMB unsup (canon-ctrl),ring_size,A,ring_size_022,0.17202905246409494,512
CLIMB unsup (canon-ctrl),ring_size,A,ring_size_023,0.12891068171622527,512
CLIMB unsup (canon-ctrl),ring_size,A,ring_size_024,0.11500347927581595,512
CLIMB unsup (canon-ctrl),ring_size,A,ring_size_025,0.10220373184857807,512
CLIMB unsup (canon-ctrl),ring_size,A,ring_size_026,0.13377032653543874,512
CLIMB unsup (canon-ctrl),ring_size,A,ring_size_027,0.09352924374067415,512
CLIMB unsup (canon-ctrl),ring_size,A,ring_size_028,0.12811654585050614,512
CLIMB unsup (canon-ctrl),ring_size,A,ring_size_029,0.10790435764333743,512
CLIMB unsup (canon-ctrl),ring_size,A,ring_size_030,0.17510301812015985,512
CLIMB unsup (canon-ctrl),ring_size,A,ring_size_031,0.1327565346875777,512
CLIMB unsup (canon-ctrl),ring_size,A,ring_size_032,0.09746439496087841,512
CLIMB unsup (canon-ctrl),ring_size,A,ring_size_033,0.08359995943432548,512
CLIMB unsup (canon-ctrl),ring_size,A,ring_size_034,0.09133557240536774,512
CLIMB unsup (canon-ctrl),ring_size,A,ring_size_035,0.09686878218940019,512
CLIMB unsup (canon-ctrl),ring_size,A,ring_size_036,0.1475761600074413,512
CLIMB unsup (canon-ctrl),ring_size,A,ring_size_037,0.09110819398071798,512
CLIMB unsup (canon-ctrl),ring_size,A,ring_size_038,0.09600453286176451,512
CLIMB unsup (canon-ctrl),ring_size,A,ring_size_039,0.07850564459839315,512
CLIMB unsup (canon-ctrl),ring_size,A,ring_size_040,0.14491117766012754,512
CLIMB unsup (canon-ctrl),ring_size,A,ring_size_041,0.08553155664247235,512
CLIMB unsup (canon-ctrl),ring_size,A,ring_size_042,0.17199475202745657,512
CLIMB unsup (canon-ctrl),ring_size,A,ring_size_043,0.09005296789821013,512
CLIMB unsup (canon-ctrl),ring_size,A,ring_size_044,0.12691873943885534,512
CLIMB unsup (canon-ctrl),ring_size,A,ring_size_045,0.1326474239421652,512
CLIMB unsup (canon-ctrl),ring_size,A,ring_size_046,0.11439114930565134,512
CLIMB unsup (canon-ctrl),ring_size,A,ring_size_047,0.08818440014798434,512
CLIMB unsup (canon-ctrl),ring_size,A,ring_size_048,0.07595173063592747,512
CLIMB unsup (canon-ctrl),ring_size,A,ring_size_049,0.08423496960353477,512
CLIMB unsup (canon-ctrl),ring_size,A,ring_size_050,0.130498160082431,512
CLIMB unsup (canon-ctrl),ring_size,A,ring_size_051,0.07713703037950775,512
CLIMB unsup (canon-ctrl),ring_size,A,ring_size_052,0.11171526308598735,512
CLIMB unsup (canon-ctrl),ring_size,A,ring_size_053,0.13035673175966184,512
CLIMB unsup (canon-ctrl),ring_size,A,ring_size_054,0.1065728322395349,512
CLIMB unsup (canon-ctrl),ring_size,A,ring_size_055,0.09801244150289097,512
CLIMB unsup (canon-ctrl),ring_size,A,ring_size_056,0.08787260870683535,512
CLIMB unsup (canon-ctrl),ring_size,A,ring_size_057,0.17545563965730082,512
CLIMB unsup (canon-ctrl),ring_size,A,ring_size_058,0.09273550997035228,512
CLIMB unsup (canon-ctrl),ring_size,A,ring_size_059,0.08222837438310139,512
CLIMB unsup (canon-ctrl),ring_size,A,ring_size_060,0.28820055857986365,512
CLIMB unsup (canon-ctrl),ring_size,A,ring_size_061,0.12278129260003562,512
CLIMB unsup (canon-ctrl),ring_size,A,ring_size_062,0.16887658134554676,512
CLIMB unsup (canon-ctrl),ring_size,A,ring_size_063,0.10970034628906744,512
CLIMB unsup (canon-ctrl),ring_size,A,ring_size_064,0.07052176590144466,512
CLIMB unsup (canon-ctrl),ring_size,A,ring_size_065,0.14862438928478716,512
CLIMB unsup (canon-ctrl),ring_size,A,ring_size_066,0.08658754558773674,512
CLIMB unsup (canon-ctrl),ring_size,A,ring_size_067,0.08948612747575194,512
CLIMB unsup (canon-ctrl),ring_size,A,ring_size_068,0.12766400711388606,512
CLIMB unsup (canon-ctrl),ring_size,A,ring_size_069,0.8268553543527684,512
CLIMB unsup (canon-ctrl),ring_size,A,ring_size_070,0.41572958744424765,512
CLIMB unsup (canon-ctrl),ring_size,A,ring_size_071,0.143652301400874,512
CLIMB unsup (canon-ctrl),ring_size,A,ring_size_072,0.11762431211410763,512
CLIMB unsup (canon-ctrl),ring_size,A,ring_size_073,0.09633346893629659,512
CLIMB unsup (canon-ctrl),ring_size,A,ring_size_074,0.05121860996506058,512
CLIMB unsup (canon-ctrl),ring_size,A,ring_size_075,0.11152734940968423,512
CLIMB unsup (canon-ctrl),ring_size,A,ring_size_076,0.10097805534432067,512
CLIMB unsup (canon-ctrl),ring_size,A,ring_size_077,0.11308468417394084,512
CLIMB unsup (canon-ctrl),ring_size,A,ring_size_078,0.10368768181071099,512
CLIMB unsup (canon-ctrl),ring_size,A,ring_size_079,0.07441907528469287,512
CLIMB unsup (canon-ctrl),ring_size,A,ring_size_080,0.12650908815110734,512
CLIMB unsup (canon-ctrl),ring_size,A,ring_size_081,0.1411926630755831,512
CLIMB unsup (canon-ctrl),ring_size,A,ring_size_082,0.13368006167885044,512
CLIMB unsup (canon-ctrl),ring_size,A,ring_size_083,0.23273947278889656,512
CLIMB unsup (canon-ctrl),ring_size,A,ring_size_084,0.09524265643790916,512
CLIMB unsup (canon-ctrl),ring_size,A,ring_size_085,0.10911833465105157,512
CLIMB unsup (canon-ctrl),ring_size,A,ring_size_086,0.12614534640315328,512
CLIMB unsup (canon-ctrl),ring_size,A,ring_size_087,0.10695426610899196,512
CLIMB unsup (canon-ctrl),ring_size,A,ring_size_088,0.1090513784321624,512
CLIMB unsup (canon-ctrl),ring_size,A,ring_size_089,0.0985691729832084,512
CLIMB unsup (canon-ctrl),ring_size,A,ring_size_090,0.1701928637583427,512
CLIMB unsup (canon-ctrl),ring_size,A,ring_size_091,0.09826545957083949,512
CLIMB unsup (canon-ctrl),ring_size,A,ring_size_092,0.10073335774099747,512
CLIMB unsup (canon-ctrl),ring_size,A,ring_size_093,0.15293390308176646,512
CLIMB unsup (canon-ctrl),ring_size,A,ring_size_094,0.10090603658969206,512
CLIMB unsup (canon-ctrl),ring_size,A,ring_size_095,0.09909370378404447,512
CLIMB unsup (canon-ctrl),ring_size,A,ring_size_096,0.16171776755243925,512
CLIMB unsup (canon-ctrl),ring_size,A,ring_size_097,0.14854892137969464,512
CLIMB unsup (canon-ctrl),ring_size,A,ring_size_098,0.13207086812767485,512
CLIMB unsup (canon-ctrl),ring_size,A,ring_size_099,0.07853188321251904,512
CLIMB unsup (canon-ctrl),regioisomer,A,regioisomer_000,0.9990494709788774,512
CLIMB unsup (canon-ctrl),regioisomer,A,regioisomer_001,0.9509485160422719,512
CLIMB unsup (canon-ctrl),regioisomer,A,regioisomer_002,1.1001074521843102,512
CLIMB unsup (canon-ctrl),regioisomer,A,regioisomer_003,0.7200987779875846,512
CLIMB unsup (canon-ctrl),regioisomer,A,regioisomer_004,0.8244434635553659,512
CLIMB unsup (canon-ctrl),regioisomer,A,regioisomer_005,0.9981269475679542,512
CLIMB unsup (canon-ctrl),regioisomer,A,regioisomer_006,0.9449621549871551,512
CLIMB unsup (canon-ctrl),regioisomer,A,regioisomer_007,0.4947913839941528,512
CLIMB unsup (canon-ctrl),regioisomer,A,regioisomer_008,0.5202002224327439,512
CLIMB unsup (canon-ctrl),regioisomer,A,regioisomer_009,0.6637056672531407,512
CLIMB unsup (canon-ctrl),regioisomer,A,regioisomer_010,0.8825122132473912,512
CLIMB unsup (canon-ctrl),regioisomer,A,regioisomer_011,0.9302612462734728,512
CLIMB unsup (canon-ctrl),regioisomer,A,regioisomer_012,0.7880951762449865,512
CLIMB unsup (canon-ctrl),regioisomer,A,regioisomer_013,1.000954097175957,512
CLIMB unsup (canon-ctrl),regioisomer,A,regioisomer_014,1.044228263144702,512
CLIMB unsup (canon-ctrl),regioisomer,A,regioisomer_015,0.5836781124889006,512
CLIMB unsup (canon-ctrl),regioisomer,A,regioisomer_016,1.0944331420785731,512
CLIMB unsup (canon-ctrl),regioisomer,A,regioisomer_017,1.141746161298162,512
CLIMB unsup (canon-ctrl),regioisomer,A,regioisomer_018,0.9876292078009271,512
CLIMB unsup (canon-ctrl),regioisomer,A,regioisomer_019,0.6474428142328212,512
CLIMB unsup (canon-ctrl),regioisomer,A,regioisomer_020,0.6941855463913711,512
CLIMB unsup (canon-ctrl),regioisomer,A,regioisomer_021,0.9684287353910839,512
CLIMB unsup (canon-ctrl),regioisomer,A,regioisomer_022,1.0240870400965432,512
CLIMB unsup (canon-ctrl),regioisomer,A,regioisomer_023,0.6512545856234735,512
CLIMB unsup (canon-ctrl),regioisomer,A,regioisomer_024,0.6661636550656467,512
CLIMB unsup (canon-ctrl),regioisomer,A,regioisomer_025,1.028093511486974,512
CLIMB unsup (canon-ctrl),regioisomer,A,regioisomer_026,0.608048309392456,512
CLIMB unsup (canon-ctrl),regioisomer,A,regioisomer_027,0.5420104311546527,512
CLIMB unsup (canon-ctrl),regioisomer,A,regioisomer_028,0.672057192063079,512
CLIMB unsup (canon-ctrl),regioisomer,A,regioisomer_029,1.0572066461711953,512
CLIMB unsup (canon-ctrl),regioisomer,A,regioisomer_030,1.1682969271332,512
CLIMB unsup (canon-ctrl),regioisomer,A,regioisomer_031,1.0587532946419909,512
CLIMB unsup (canon-ctrl),regioisomer,A,regioisomer_032,1.0488273124109124,512
CLIMB unsup (canon-ctrl),regioisomer,A,regioisomer_033,0.747741255201769,512
CLIMB unsup (canon-ctrl),regioisomer,A,regioisomer_034,1.0259867600436556,512
CLIMB unsup (canon-ctrl),regioisomer,A,regioisomer_035,0.5875650306345812,512
CLIMB unsup (canon-ctrl),regioisomer,A,regioisomer_036,0.8515832145548062,512
CLIMB unsup (canon-ctrl),regioisomer,A,regioisomer_037,0.812456460662718,512
CLIMB unsup (canon-ctrl),regioisomer,A,regioisomer_038,0.6211196600813487,512
CLIMB unsup (canon-ctrl),regioisomer,A,regioisomer_039,0.639314460137992,512
CLIMB unsup (canon-ctrl),regioisomer,A,regioisomer_040,0.6658388109907679,512
CLIMB unsup (canon-ctrl),regioisomer,A,regioisomer_041,0.9814232806016226,512
CLIMB unsup (canon-ctrl),regioisomer,A,regioisomer_042,0.9693477772747614,512
CLIMB unsup (canon-ctrl),regioisomer,A,regioisomer_043,0.871653999433522,512
CLIMB unsup (canon-ctrl),regioisomer,A,regioisomer_044,0.9692929604517028,512
CLIMB unsup (canon-ctrl),regioisomer,A,regioisomer_045,0.7787916887219699,512
CLIMB unsup (canon-ctrl),regioisomer,A,regioisomer_046,0.6464351146097107,512
CLIMB unsup (canon-ctrl),regioisomer,A,regioisomer_047,0.9164385962415116,512
CLIMB unsup (canon-ctrl),regioisomer,A,regioisomer_048,1.0000615330757274,512
CLIMB unsup (canon-ctrl),regioisomer,A,regioisomer_049,0.6794324496082171,512
CLIMB unsup (canon-ctrl),regioisomer,A,regioisomer_050,0.6583123755250394,512
CLIMB unsup (canon-ctrl),regioisomer,A,regioisomer_051,0.9876292078009271,512
CLIMB unsup (canon-ctrl),regioisomer,A,regioisomer_052,0.7408694777215481,512
CLIMB unsup (canon-ctrl),regioisomer,A,regioisomer_053,0.6708671580804413,512
CLIMB unsup (canon-ctrl),regioisomer,A,regioisomer_054,0.8592380747407345,512
CLIMB unsup (canon-ctrl),regioisomer,A,regioisomer_055,1.0741905115823527,512
CLIMB unsup (canon-ctrl),regioisomer,A,regioisomer_056,0.9008612756070647,512
CLIMB unsup (canon-ctrl),regioisomer,A,regioisomer_057,1.0804257596421178,512
CLIMB unsup (canon-ctrl),regioisomer,A,regioisomer_058,1.067905702824458,512
CLIMB unsup (canon-ctrl),regioisomer,A,regioisomer_059,0.7262499832704719,512
CLIMB unsup (canon-ctrl),regioisomer,A,regioisomer_060,1.0740008501198144,512
CLIMB unsup (canon-ctrl),regioisomer,A,regioisomer_061,0.6507740586894558,512
CLIMB unsup (canon-ctrl),regioisomer,A,regioisomer_062,0.7893784589124103,512
CLIMB unsup (canon-ctrl),regioisomer,A,regioisomer_063,0.9189265042951593,512
CLIMB unsup (canon-ctrl),regioisomer,A,regioisomer_064,1.0321620146643113,512
CLIMB unsup (canon-ctrl),regioisomer,A,regioisomer_065,0.9923221079887969,512
CLIMB unsup (canon-ctrl),regioisomer,A,regioisomer_066,0.6293630800381189,512
CLIMB unsup (canon-ctrl),regioisomer,A,regioisomer_067,0.7212412751163024,512
CLIMB unsup (canon-ctrl),regioisomer,A,regioisomer_068,0.9936530638928651,512
CLIMB unsup (canon-ctrl),regioisomer,A,regioisomer_069,1.0278265586034723,512
CLIMB unsup (canon-ctrl),regioisomer,A,regioisomer_070,0.9860580434038682,512
CLIMB unsup (canon-ctrl),regioisomer,A,regioisomer_071,0.849690431930417,512
CLIMB unsup (canon-ctrl),regioisomer,A,regioisomer_072,0.9265046169598035,512
CLIMB unsup (canon-ctrl),regioisomer,A,regioisomer_073,0.6285145876999726,512
CLIMB unsup (canon-ctrl),regioisomer,A,regioisomer_074,0.9087205499894756,512
CLIMB unsup (canon-ctrl),regioisomer,A,regioisomer_075,0.9159724461758278,512
CLIMB unsup (canon-ctrl),regioisomer,A,regioisomer_076,0.912003128244514,512
CLIMB unsup (canon-ctrl),regioisomer,A,regioisomer_077,0.9925586304270998,512
CLIMB unsup (canon-ctrl),regioisomer,A,regioisomer_078,1.0558796909456487,512
CLIMB unsup (canon-ctrl),regioisomer,A,regioisomer_079,0.5938953292004197,512
CLIMB unsup (canon-ctrl),regioisomer,A,regioisomer_080,0.8489700872754714,512
CLIMB unsup (canon-ctrl),regioisomer,A,regioisomer_081,0.6956142745167729,512
CLIMB unsup (canon-ctrl),regioisomer,A,regioisomer_082,0.9272163321058596,512
CLIMB unsup (canon-ctrl),regioisomer,A,regioisomer_083,0.8734195261752346,512
CLIMB unsup (canon-ctrl),regioisomer,A,regioisomer_084,0.777099613959511,512
CLIMB unsup (canon-ctrl),regioisomer,A,regioisomer_085,0.9670558647300401,512
CLIMB unsup (canon-ctrl),regioisomer,A,regioisomer_086,1.0956075510260554,512
CLIMB unsup (canon-ctrl),regioisomer,A,regioisomer_087,1.0328256125836566,512
CLIMB unsup (canon-ctrl),regioisomer,A,regioisomer_088,1.021069826793781,512
CLIMB unsup (canon-ctrl),regioisomer,A,regioisomer_089,0.8934449343904752,512
CLIMB unsup (canon-ctrl),regioisomer,A,regioisomer_090,0.923196266392745,512
CLIMB unsup (canon-ctrl),regioisomer,A,regioisomer_091,0.7644341708554574,512
CLIMB unsup (canon-ctrl),regioisomer,A,regioisomer_092,0.8171822294161958,512
CLIMB unsup (canon-ctrl),regioisomer,A,regioisomer_093,0.7767768507802286,512
CLIMB unsup (canon-ctrl),regioisomer,A,regioisomer_094,0.952831771788944,512
CLIMB unsup (canon-ctrl),regioisomer,A,regioisomer_095,0.6336546982596533,512
CLIMB unsup (canon-ctrl),regioisomer,A,regioisomer_096,0.9164385962415116,512
CLIMB unsup (canon-ctrl),regioisomer,A,regioisomer_097,0.9005883228547081,512
CLIMB unsup (canon-ctrl),regioisomer,A,regioisomer_098,0.7474155274043908,512
CLIMB unsup (canon-ctrl),regioisomer,A,regioisomer_099,0.9281973632342416,512
CLIMB unsup (canon-ctrl),matched_mw,A,matched_mw_000,1.6450003203103691,512
CLIMB unsup (canon-ctrl),matched_mw,A,matched_mw_001,2.7578880735524423,512
CLIMB unsup (canon-ctrl),matched_mw,A,matched_mw_002,4.07692795295798,512
CLIMB unsup (canon-ctrl),matched_mw,A,matched_mw_003,2.930712456681369,512
CLIMB unsup (canon-ctrl),matched_mw,A,matched_mw_004,3.3652748197577353,512
CLIMB unsup (canon-ctrl),matched_mw,A,matched_mw_005,4.15208285207371,512
CLIMB unsup (canon-ctrl),matched_mw,A,matched_mw_006,2.855227555697481,512
CLIMB unsup (canon-ctrl),matched_mw,A,matched_mw_007,3.795539749735905,512
CLIMB unsup (canon-ctrl),matched_mw,A,matched_mw_008,2.814146719857217,512
CLIMB unsup (canon-ctrl),matched_mw,A,matched_mw_009,4.190508300943401,512
CLIMB unsup (canon-ctrl),matched_mw,A,matched_mw_010,3.3127932146223227,512
CLIMB unsup (canon-ctrl),matched_mw,A,matched_mw_011,3.6062162353270235,512
CLIMB unsup (canon-ctrl),matched_mw,A,matched_mw_012,2.6214359865121466,512
CLIMB unsup (canon-ctrl),matched_mw,A,matched_mw_013,2.2163295661362605,512
CLIMB unsup (canon-ctrl),matched_mw,A,matched_mw_014,2.0528152778334974,512
CLIMB unsup (canon-ctrl),matched_mw,A,matched_mw_015,4.149642294388645,512
CLIMB unsup (canon-ctrl),matched_mw,A,matched_mw_016,1.3848742673175032,512
CLIMB unsup (canon-ctrl),matched_mw,A,matched_mw_017,3.8463192768038437,512
CLIMB unsup (canon-ctrl),matched_mw,A,matched_mw_018,3.7015234027205284,512
CLIMB unsup (canon-ctrl),matched_mw,A,matched_mw_019,2.3471808318683345,512
CLIMB unsup (canon-ctrl),matched_mw,A,matched_mw_020,3.6243260297628814,512
CLIMB unsup (canon-ctrl),matched_mw,A,matched_mw_021,1.3141262211367273,512
CLIMB unsup (canon-ctrl),matched_mw,A,matched_mw_022,0.976309248132181,512
CLIMB unsup (canon-ctrl),matched_mw,A,matched_mw_023,1.7678268240237065,512
CLIMB unsup (canon-ctrl),matched_mw,A,matched_mw_024,2.5722955638539924,512
CLIMB unsup (canon-ctrl),matched_mw,A,matched_mw_025,2.015443817527238,512
CLIMB unsup (canon-ctrl),matched_mw,A,matched_mw_026,3.5164120975941366,512
CLIMB unsup (canon-ctrl),matched_mw,A,matched_mw_027,1.6406013855296542,512
CLIMB unsup (canon-ctrl),matched_mw,A,matched_mw_028,2.103608490908036,512
CLIMB unsup (canon-ctrl),matched_mw,A,matched_mw_029,4.20522351329498,512
CLIMB unsup (canon-ctrl),matched_mw,A,matched_mw_030,3.4222893587834613,512
CLIMB unsup (canon-ctrl),matched_mw,A,matched_mw_031,2.4977875697699203,512
CLIMB unsup (canon-ctrl),matched_mw,A,matched_mw_032,2.8627404573051605,512
CLIMB unsup (canon-ctrl),matched_mw,A,matched_mw_033,2.8688595920674795,512
CLIMB unsup (canon-ctrl),matched_mw,A,matched_mw_034,2.1015058571942253,512
CLIMB unsup (canon-ctrl),matched_mw,A,matched_mw_035,1.376960616677264,512
CLIMB unsup (canon-ctrl),matched_mw,A,matched_mw_036,1.7984538032127664,512
CLIMB unsup (canon-ctrl),matched_mw,A,matched_mw_037,2.8530222389057736,512
CLIMB unsup (canon-ctrl),matched_mw,A,matched_mw_038,1.7313071581402426,512
CLIMB unsup (canon-ctrl),matched_mw,A,matched_mw_039,2.5583328630798103,512
CLIMB unsup (canon-ctrl),matched_mw,A,matched_mw_040,4.066213938423846,512
CLIMB unsup (canon-ctrl),matched_mw,A,matched_mw_041,3.507354181950917,512
CLIMB unsup (canon-ctrl),matched_mw,A,matched_mw_042,1.7958111389231821,512
CLIMB unsup (canon-ctrl),matched_mw,A,matched_mw_043,2.0538749402265744,512
CLIMB unsup (canon-ctrl),matched_mw,A,matched_mw_044,1.404336525979875,512
CLIMB unsup (canon-ctrl),matched_mw,A,matched_mw_045,2.391103063725373,512
CLIMB unsup (canon-ctrl),matched_mw,A,matched_mw_046,1.7155139473906604,512
CLIMB unsup (canon-ctrl),matched_mw,A,matched_mw_047,1.934160888416701,512
CLIMB unsup (canon-ctrl),matched_mw,A,matched_mw_048,1.8846543776060618,512
CLIMB unsup (canon-ctrl),matched_mw,A,matched_mw_049,1.8877427926562869,512
CLIMB unsup (canon-ctrl),matched_mw,A,matched_mw_050,2.632906192084182,512
CLIMB unsup (canon-ctrl),matched_mw,A,matched_mw_051,1.8488415400401632,512
CLIMB unsup (canon-ctrl),matched_mw,A,matched_mw_052,2.770179434843869,512
CLIMB unsup (canon-ctrl),matched_mw,A,matched_mw_053,2.7822046806869607,512
CLIMB unsup (canon-ctrl),matched_mw,A,matched_mw_054,1.6230460397459776,512
CLIMB unsup (canon-ctrl),matched_mw,A,matched_mw_055,1.4121957087376602,512
CLIMB unsup (canon-ctrl),matched_mw,A,matched_mw_056,1.953435160575442,512
CLIMB unsup (canon-ctrl),matched_mw,A,matched_mw_057,1.9404056562547107,512
CLIMB unsup (canon-ctrl),matched_mw,A,matched_mw_058,1.1511352224513494,512
CLIMB unsup (canon-ctrl),matched_mw,A,matched_mw_059,1.0272726896512314,512
CLIMB unsup (canon-ctrl),matched_mw,A,matched_mw_060,1.7560519840347908,512
CLIMB unsup (canon-ctrl),matched_mw,A,matched_mw_061,2.337364871043528,512
CLIMB unsup (canon-ctrl),matched_mw,A,matched_mw_062,1.3099711470465907,512
CLIMB unsup (canon-ctrl),matched_mw,A,matched_mw_063,2.9127304829495775,512
CLIMB unsup (canon-ctrl),matched_mw,A,matched_mw_064,1.2401006170241857,512
CLIMB unsup (canon-ctrl),matched_mw,A,matched_mw_065,1.1542865976097056,512
CLIMB unsup (canon-ctrl),matched_mw,A,matched_mw_066,1.2555168614243535,512
CLIMB unsup (canon-ctrl),matched_mw,A,matched_mw_067,1.691950861636702,512
CLIMB unsup (canon-ctrl),matched_mw,A,matched_mw_068,2.636554133288026,512
CLIMB unsup (canon-ctrl),matched_mw,A,matched_mw_069,1.593577999930742,512
CLIMB unsup (canon-ctrl),matched_mw,A,matched_mw_070,3.3689792449113605,512
CLIMB unsup (canon-ctrl),matched_mw,A,matched_mw_071,1.5540994214690187,512
CLIMB unsup (canon-ctrl),matched_mw,A,matched_mw_072,1.9788394101642905,512
CLIMB unsup (canon-ctrl),matched_mw,A,matched_mw_073,2.8813082401238606,512
CLIMB unsup (canon-ctrl),matched_mw,A,matched_mw_074,1.9409334952649953,512
CLIMB unsup (canon-ctrl),matched_mw,A,matched_mw_075,1.129115298231332,512
CLIMB unsup (canon-ctrl),matched_mw,A,matched_mw_076,2.430228964184177,512
CLIMB unsup (canon-ctrl),matched_mw,A,matched_mw_077,0.8888899262617371,512
CLIMB unsup (canon-ctrl),matched_mw,A,matched_mw_078,0.799050914791626,512
CLIMB unsup (canon-ctrl),matched_mw,A,matched_mw_079,1.6607427882301389,512
CLIMB unsup (canon-ctrl),matched_mw,A,matched_mw_080,1.2378893259603305,512
CLIMB unsup (canon-ctrl),matched_mw,A,matched_mw_081,1.8570880259392948,512
CLIMB unsup (canon-ctrl),matched_mw,A,matched_mw_082,1.4740650292988722,512
CLIMB unsup (canon-ctrl),matched_mw,A,matched_mw_083,1.700537563110122,512
CLIMB unsup (canon-ctrl),matched_mw,A,matched_mw_084,2.6144382887702924,512
CLIMB unsup (canon-ctrl),matched_mw,A,matched_mw_085,1.2225181047748443,512
CLIMB unsup (canon-ctrl),matched_mw,A,matched_mw_086,2.9143925752002406,512
CLIMB unsup (canon-ctrl),matched_mw,A,matched_mw_087,3.2460860873249233,512
CLIMB unsup (canon-ctrl),matched_mw,A,matched_mw_088,0.8775998737613786,512
CLIMB unsup (canon-ctrl),matched_mw,A,matched_mw_089,1.203790515762811,512
CLIMB unsup (canon-ctrl),matched_mw,A,matched_mw_090,3.0790654129148685,512
CLIMB unsup (canon-ctrl),matched_mw,A,matched_mw_091,3.576473859080605,512
CLIMB unsup (canon-ctrl),matched_mw,A,matched_mw_092,2.1166931152986526,512
CLIMB unsup (canon-ctrl),matched_mw,A,matched_mw_093,2.843104043527627,512
CLIMB unsup (canon-ctrl),matched_mw,A,matched_mw_094,1.848411616528136,512
CLIMB unsup (canon-ctrl),matched_mw,A,matched_mw_095,2.908030394689371,512
CLIMB unsup (canon-ctrl),matched_mw,A,matched_mw_096,1.2461165247941086,512
CLIMB unsup (canon-ctrl),matched_mw,A,matched_mw_097,0.6908980153483013,512
CLIMB unsup (canon-ctrl),matched_mw,A,matched_mw_098,1.6751816840269396,512
CLIMB unsup (canon-ctrl),matched_mw,A,matched_mw_099,1.4175092456583964,512
CLIMB unsup (canon-ctrl),matched_descriptors,A,matched_descriptors_000,1.0387237307825372,512
CLIMB unsup (canon-ctrl),matched_descriptors,A,matched_descriptors_001,0.5218960272918428,512
CLIMB unsup (canon-ctrl),matched_descriptors,A,matched_descriptors_002,1.3241825195806476,512
CLIMB unsup (canon-ctrl),matched_descriptors,A,matched_descriptors_003,1.4928628052071065,512
CLIMB unsup (canon-ctrl),matched_descriptors,A,matched_descriptors_004,0.6985611772483908,512
CLIMB unsup (canon-ctrl),matched_descriptors,A,matched_descriptors_005,0.7308036289432146,512
CLIMB unsup (canon-ctrl),matched_descriptors,A,matched_descriptors_006,0.9958249008149789,512
CLIMB unsup (canon-ctrl),matched_descriptors,A,matched_descriptors_007,1.2973872016684205,512
CLIMB unsup (canon-ctrl),matched_descriptors,A,matched_descriptors_008,0.7627886068366593,512
CLIMB unsup (canon-ctrl),matched_descriptors,A,matched_descriptors_009,0.7206840645058379,512
CLIMB unsup (canon-ctrl),matched_descriptors,A,matched_descriptors_010,1.01335492464546,512
CLIMB unsup (canon-ctrl),matched_descriptors,A,matched_descriptors_011,1.222135630927027,512
CLIMB unsup (canon-ctrl),matched_descriptors,A,matched_descriptors_012,1.264270894368336,512
CLIMB unsup (canon-ctrl),matched_descriptors,A,matched_descriptors_013,0.8124487421422921,512
CLIMB unsup (canon-ctrl),matched_descriptors,A,matched_descriptors_014,1.0684901835104714,512
CLIMB unsup (canon-ctrl),matched_descriptors,A,matched_descriptors_015,0.7788390516907245,512
CLIMB unsup (canon-ctrl),matched_descriptors,A,matched_descriptors_016,0.8754000287633457,512
CLIMB unsup (canon-ctrl),matched_descriptors,A,matched_descriptors_017,0.9947730963263736,512
CLIMB unsup (canon-ctrl),matched_descriptors,A,matched_descriptors_018,1.0892255456554676,512
CLIMB unsup (canon-ctrl),matched_descriptors,A,matched_descriptors_019,1.7809049038743905,512
CLIMB unsup (canon-ctrl),matched_descriptors,A,matched_descriptors_020,0.68715112605828,512
CLIMB unsup (canon-ctrl),matched_descriptors,A,matched_descriptors_021,0.8030767377446572,512
CLIMB unsup (canon-ctrl),matched_descriptors,A,matched_descriptors_022,0.8634527234088265,512
CLIMB unsup (canon-ctrl),matched_descriptors,A,matched_descriptors_023,1.118131730382599,512
CLIMB unsup (canon-ctrl),matched_descriptors,A,matched_descriptors_024,1.1067902087758072,512
CLIMB unsup (canon-ctrl),matched_descriptors,A,matched_descriptors_025,0.807488452827228,512
CLIMB unsup (canon-ctrl),matched_descriptors,A,matched_descriptors_026,1.0333604458348333,512
CLIMB unsup (canon-ctrl),matched_descriptors,A,matched_descriptors_027,1.073185278418315,512
CLIMB unsup (canon-ctrl),matched_descriptors,A,matched_descriptors_028,0.8392147537774045,512
CLIMB unsup (canon-ctrl),matched_descriptors,A,matched_descriptors_029,0.8246314617826321,512
CLIMB unsup (canon-ctrl),matched_descriptors,A,matched_descriptors_030,1.046783265516445,512
CLIMB unsup (canon-ctrl),matched_descriptors,A,matched_descriptors_031,0.8648537707545645,512
CLIMB unsup (canon-ctrl),matched_descriptors,A,matched_descriptors_032,0.836272012306166,512
CLIMB unsup (canon-ctrl),matched_descriptors,A,matched_descriptors_033,1.1160035817724152,512
CLIMB unsup (canon-ctrl),matched_descriptors,A,matched_descriptors_034,0.6419657256393498,512
CLIMB unsup (canon-ctrl),matched_descriptors,A,matched_descriptors_035,1.0052298090405387,512
CLIMB unsup (canon-ctrl),matched_descriptors,A,matched_descriptors_036,1.0035813898775776,512
CLIMB unsup (canon-ctrl),matched_descriptors,A,matched_descriptors_037,0.7494109183265061,512
CLIMB unsup (canon-ctrl),matched_descriptors,A,matched_descriptors_038,0.6041798471400128,512
CLIMB unsup (canon-ctrl),matched_descriptors,A,matched_descriptors_039,0.6905877249288143,512
CLIMB unsup (canon-ctrl),matched_descriptors,A,matched_descriptors_040,0.6423882040850777,512
CLIMB unsup (canon-ctrl),matched_descriptors,A,matched_descriptors_041,4.095238382478071,512
CLIMB unsup (canon-ctrl),matched_descriptors,A,matched_descriptors_042,0.6267164794674558,512
CLIMB unsup (canon-ctrl),matched_descriptors,A,matched_descriptors_043,3.574375888332371,512
CLIMB unsup (canon-ctrl),matched_descriptors,A,matched_descriptors_044,0.8081248703337832,512
CLIMB unsup (canon-ctrl),matched_descriptors,A,matched_descriptors_045,0.9773050951573304,512
CLIMB unsup (canon-ctrl),matched_descriptors,A,matched_descriptors_046,0.6218438362309705,512
CLIMB unsup (canon-ctrl),matched_descriptors,A,matched_descriptors_047,0.9257179344644868,512
CLIMB unsup (canon-ctrl),matched_descriptors,A,matched_descriptors_048,0.7360499441979059,512
CLIMB unsup (canon-ctrl),matched_descriptors,A,matched_descriptors_049,0.7753678171913942,512
CLIMB unsup (canon-ctrl),matched_descriptors,A,matched_descriptors_050,0.7098672723953715,512
CLIMB unsup (canon-ctrl),matched_descriptors,A,matched_descriptors_051,0.9952999044580242,512
CLIMB unsup (canon-ctrl),matched_descriptors,A,matched_descriptors_052,0.9116568476565319,512
CLIMB unsup (canon-ctrl),matched_descriptors,A,matched_descriptors_053,1.2796065489351192,512
CLIMB unsup (canon-ctrl),matched_descriptors,A,matched_descriptors_054,0.9584177716083332,512
CLIMB unsup (canon-ctrl),matched_descriptors,A,matched_descriptors_055,1.2114316957824633,512
CLIMB unsup (canon-ctrl),matched_descriptors,A,matched_descriptors_056,0.9794211882548087,512
CLIMB unsup (canon-ctrl),matched_descriptors,A,matched_descriptors_057,1.4882469833340466,512
CLIMB unsup (canon-ctrl),matched_descriptors,A,matched_descriptors_058,0.7025646493729725,512
CLIMB unsup (canon-ctrl),matched_descriptors,A,matched_descriptors_059,0.8434081383388885,512
CLIMB unsup (canon-ctrl),matched_descriptors,A,matched_descriptors_060,1.3503592094764392,512
CLIMB unsup (canon-ctrl),matched_descriptors,A,matched_descriptors_061,1.1367786734950291,512
CLIMB unsup (canon-ctrl),matched_descriptors,A,matched_descriptors_062,1.1705463973889423,512
CLIMB unsup (canon-ctrl),matched_descriptors,A,matched_descriptors_063,0.9159112741537268,512
CLIMB unsup (canon-ctrl),matched_descriptors,A,matched_descriptors_064,0.928123395029395,512
CLIMB unsup (canon-ctrl),matched_descriptors,A,matched_descriptors_065,1.218617581725623,512
CLIMB unsup (canon-ctrl),matched_descriptors,A,matched_descriptors_066,0.5977535821265798,512
CLIMB unsup (canon-ctrl),matched_descriptors,A,matched_descriptors_067,0.7887345465228521,512
CLIMB unsup (canon-ctrl),matched_descriptors,A,matched_descriptors_068,0.8759865213549404,512
CLIMB unsup (canon-ctrl),matched_descriptors,A,matched_descriptors_069,1.0754303754064443,512
CLIMB unsup (canon-ctrl),matched_descriptors,A,matched_descriptors_070,0.9161043089040614,512
CLIMB unsup (canon-ctrl),matched_descriptors,A,matched_descriptors_071,1.180880382758077,512
CLIMB unsup (canon-ctrl),matched_descriptors,A,matched_descriptors_072,1.0697387503634745,512
CLIMB unsup (canon-ctrl),matched_descriptors,A,matched_descriptors_073,0.9987422097797722,512
CLIMB unsup (canon-ctrl),matched_descriptors,A,matched_descriptors_074,1.0560835129630262,512
CLIMB unsup (canon-ctrl),matched_descriptors,A,matched_descriptors_075,1.125085909178751,512
CLIMB unsup (canon-ctrl),matched_descriptors,A,matched_descriptors_076,1.1612016891269477,512
CLIMB unsup (canon-ctrl),matched_descriptors,A,matched_descriptors_077,1.168620649719111,512
CLIMB unsup (canon-ctrl),matched_descriptors,A,matched_descriptors_078,1.0954633593390293,512
CLIMB unsup (canon-ctrl),matched_descriptors,A,matched_descriptors_079,0.8047537898103392,512
CLIMB unsup (canon-ctrl),matched_descriptors,A,matched_descriptors_080,0.767704142597159,512
CLIMB unsup (canon-ctrl),matched_descriptors,A,matched_descriptors_081,1.2091592669216236,512
CLIMB unsup (canon-ctrl),matched_descriptors,A,matched_descriptors_082,0.8294070315508432,512
CLIMB unsup (canon-ctrl),matched_descriptors,A,matched_descriptors_083,1.0888759877540792,512
CLIMB unsup (canon-ctrl),matched_descriptors,A,matched_descriptors_084,1.2911092476514499,512
CLIMB unsup (canon-ctrl),matched_descriptors,A,matched_descriptors_085,0.8021385089259534,512
CLIMB unsup (canon-ctrl),matched_descriptors,A,matched_descriptors_086,1.1101050576913647,512
CLIMB unsup (canon-ctrl),matched_descriptors,A,matched_descriptors_087,0.7433943495730306,512
CLIMB unsup (canon-ctrl),matched_descriptors,A,matched_descriptors_088,1.6043127529000631,512
CLIMB unsup (canon-ctrl),matched_descriptors,A,matched_descriptors_089,1.1301595790527006,512
CLIMB unsup (canon-ctrl),matched_descriptors,A,matched_descriptors_090,1.116712311707193,512
CLIMB unsup (canon-ctrl),matched_descriptors,A,matched_descriptors_091,1.2329686803940314,512
CLIMB unsup (canon-ctrl),matched_descriptors,A,matched_descriptors_092,1.1507073781158503,512
CLIMB unsup (canon-ctrl),matched_descriptors,A,matched_descriptors_093,2.143339797860918,512
CLIMB unsup (canon-ctrl),matched_descriptors,A,matched_descriptors_094,0.953740866299236,512
CLIMB unsup (canon-ctrl),matched_descriptors,A,matched_descriptors_095,0.6156877980499073,512
CLIMB unsup (canon-ctrl),matched_descriptors,A,matched_descriptors_096,1.0429718008058304,512
CLIMB unsup (canon-ctrl),matched_descriptors,A,matched_descriptors_097,1.0742556374557384,512
CLIMB unsup (canon-ctrl),matched_descriptors,A,matched_descriptors_098,1.1225139981071572,512
CLIMB unsup (canon-ctrl),matched_descriptors,A,matched_descriptors_099,0.7176691724983769,512
CLIMB unsup (canon-ctrl),smiles_enumeration,B,smiles_enumeration_000,0.0,512
CLIMB unsup (canon-ctrl),smiles_enumeration,B,smiles_enumeration_001,0.0,512
CLIMB unsup (canon-ctrl),smiles_enumeration,B,smiles_enumeration_002,0.0,512
CLIMB unsup (canon-ctrl),smiles_enumeration,B,smiles_enumeration_003,0.0,512
CLIMB unsup (canon-ctrl),smiles_enumeration,B,smiles_enumeration_004,0.0,512
CLIMB unsup (canon-ctrl),smiles_enumeration,B,smiles_enumeration_005,0.0,512
CLIMB unsup (canon-ctrl),smiles_enumeration,B,smiles_enumeration_006,0.0,512
CLIMB unsup (canon-ctrl),smiles_enumeration,B,smiles_enumeration_007,0.0,512
CLIMB unsup (canon-ctrl),smiles_enumeration,B,smiles_enumeration_008,0.0,512
CLIMB unsup (canon-ctrl),smiles_enumeration,B,smiles_enumeration_009,0.0,512
CLIMB unsup (canon-ctrl),smiles_enumeration,B,smiles_enumeration_010,0.0,512
CLIMB unsup (canon-ctrl),smiles_enumeration,B,smiles_enumeration_011,0.0,512
CLIMB unsup (canon-ctrl),smiles_enumeration,B,smiles_enumeration_012,0.0,512
CLIMB unsup (canon-ctrl),smiles_enumeration,B,smiles_enumeration_013,0.0,512
CLIMB unsup (canon-ctrl),smiles_enumeration,B,smiles_enumeration_014,0.0,512
CLIMB unsup (canon-ctrl),smiles_enumeration,B,smiles_enumeration_015,0.0,512
CLIMB unsup (canon-ctrl),smiles_enumeration,B,smiles_enumeration_016,0.0,512
CLIMB unsup (canon-ctrl),smiles_enumeration,B,smiles_enumeration_017,0.0,512
CLIMB unsup (canon-ctrl),smiles_enumeration,B,smiles_enumeration_018,0.0,512
CLIMB unsup (canon-ctrl),smiles_enumeration,B,smiles_enumeration_019,0.0,512
CLIMB unsup (canon-ctrl),smiles_enumeration,B,smiles_enumeration_020,0.0,512
CLIMB unsup (canon-ctrl),smiles_enumeration,B,smiles_enumeration_021,0.0,512
CLIMB unsup (canon-ctrl),smiles_enumeration,B,smiles_enumeration_022,0.0,512
CLIMB unsup (canon-ctrl),smiles_enumeration,B,smiles_enumeration_023,0.0,512
CLIMB unsup (canon-ctrl),smiles_enumeration,B,smiles_enumeration_024,0.0,512
CLIMB unsup (canon-ctrl),smiles_enumeration,B,smiles_enumeration_025,0.0,512
CLIMB unsup (canon-ctrl),smiles_enumeration,B,smiles_enumeration_026,0.0,512
CLIMB unsup (canon-ctrl),smiles_enumeration,B,smiles_enumeration_027,0.0,512
CLIMB unsup (canon-ctrl),smiles_enumeration,B,smiles_enumeration_028,0.0,512
CLIMB unsup (canon-ctrl),smiles_enumeration,B,smiles_enumeration_029,0.0,512
CLIMB unsup (canon-ctrl),smiles_enumeration,B,smiles_enumeration_030,0.0,512
CLIMB unsup (canon-ctrl),smiles_enumeration,B,smiles_enumeration_031,0.0,512
CLIMB unsup (canon-ctrl),smiles_enumeration,B,smiles_enumeration_032,0.0,512
CLIMB unsup (canon-ctrl),smiles_enumeration,B,smiles_enumeration_033,0.0,512
CLIMB unsup (canon-ctrl),smiles_enumeration,B,smiles_enumeration_034,0.0,512
CLIMB unsup (canon-ctrl),smiles_enumeration,B,smiles_enumeration_035,0.0,512
CLIMB unsup (canon-ctrl),smiles_enumeration,B,smiles_enumeration_036,0.0,512
CLIMB unsup (canon-ctrl),smiles_enumeration,B,smiles_enumeration_037,0.0,512
CLIMB unsup (canon-ctrl),smiles_enumeration,B,smiles_enumeration_038,0.0,512
CLIMB unsup (canon-ctrl),smiles_enumeration,B,smiles_enumeration_039,0.0,512
CLIMB unsup (canon-ctrl),smiles_enumeration,B,smiles_enumeration_040,0.0,512
CLIMB unsup (canon-ctrl),smiles_enumeration,B,smiles_enumeration_041,0.0,512
CLIMB unsup (canon-ctrl),smiles_enumeration,B,smiles_enumeration_042,0.0,512
CLIMB unsup (canon-ctrl),smiles_enumeration,B,smiles_enumeration_043,0.0,512
CLIMB unsup (canon-ctrl),smiles_enumeration,B,smiles_enumeration_044,0.0,512
CLIMB unsup (canon-ctrl),smiles_enumeration,B,smiles_enumeration_045,0.0,512
CLIMB unsup (canon-ctrl),smiles_enumeration,B,smiles_enumeration_046,0.0,512
CLIMB unsup (canon-ctrl),smiles_enumeration,B,smiles_enumeration_047,0.0,512
CLIMB unsup (canon-ctrl),smiles_enumeration,B,smiles_enumeration_048,0.0,512
CLIMB unsup (canon-ctrl),smiles_enumeration,B,smiles_enumeration_049,0.0,512
CLIMB unsup (canon-ctrl),smiles_enumeration,B,smiles_enumeration_050,0.0,512
CLIMB unsup (canon-ctrl),smiles_enumeration,B,smiles_enumeration_051,0.0,512
CLIMB unsup (canon-ctrl),smiles_enumeration,B,smiles_enumeration_052,0.0,512
CLIMB unsup (canon-ctrl),smiles_enumeration,B,smiles_enumeration_053,0.0,512
CLIMB unsup (canon-ctrl),smiles_enumeration,B,smiles_enumeration_054,0.0,512
CLIMB unsup (canon-ctrl),smiles_enumeration,B,smiles_enumeration_055,0.0,512
CLIMB unsup (canon-ctrl),smiles_enumeration,B,smiles_enumeration_056,0.0,512
CLIMB unsup (canon-ctrl),smiles_enumeration,B,smiles_enumeration_057,0.0,512
CLIMB unsup (canon-ctrl),smiles_enumeration,B,smiles_enumeration_058,0.0,512
CLIMB unsup (canon-ctrl),smiles_enumeration,B,smiles_enumeration_059,0.0,512
CLIMB unsup (canon-ctrl),smiles_enumeration,B,smiles_enumeration_060,0.0,512
CLIMB unsup (canon-ctrl),smiles_enumeration,B,smiles_enumeration_061,0.0,512
CLIMB unsup (canon-ctrl),smiles_enumeration,B,smiles_enumeration_062,0.0,512
CLIMB unsup (canon-ctrl),smiles_enumeration,B,smiles_enumeration_063,0.0,512
CLIMB unsup (canon-ctrl),smiles_enumeration,B,smiles_enumeration_064,0.0,512
CLIMB unsup (canon-ctrl),smiles_enumeration,B,smiles_enumeration_065,0.0,512
CLIMB unsup (canon-ctrl),smiles_enumeration,B,smiles_enumeration_066,0.0,512
CLIMB unsup (canon-ctrl),smiles_enumeration,B,smiles_enumeration_067,0.0,512
CLIMB unsup (canon-ctrl),smiles_enumeration,B,smiles_enumeration_068,0.0,512
CLIMB unsup (canon-ctrl),smiles_enumeration,B,smiles_enumeration_069,0.0,512
CLIMB unsup (canon-ctrl),smiles_enumeration,B,smiles_enumeration_070,0.0,512
CLIMB unsup (canon-ctrl),smiles_enumeration,B,smiles_enumeration_071,0.0,512
CLIMB unsup (canon-ctrl),smiles_enumeration,B,smiles_enumeration_072,0.0,512
CLIMB unsup (canon-ctrl),smiles_enumeration,B,smiles_enumeration_073,0.0,512
CLIMB unsup (canon-ctrl),smiles_enumeration,B,smiles_enumeration_074,0.0,512
CLIMB unsup (canon-ctrl),smiles_enumeration,B,smiles_enumeration_075,0.0,512
CLIMB unsup (canon-ctrl),smiles_enumeration,B,smiles_enumeration_076,0.0,512
CLIMB unsup (canon-ctrl),smiles_enumeration,B,smiles_enumeration_077,0.0,512
CLIMB unsup (canon-ctrl),smiles_enumeration,B,smiles_enumeration_078,0.0,512
CLIMB unsup (canon-ctrl),smiles_enumeration,B,smiles_enumeration_079,0.0,512
CLIMB unsup (canon-ctrl),smiles_enumeration,B,smiles_enumeration_080,0.0,512
CLIMB unsup (canon-ctrl),smiles_enumeration,B,smiles_enumeration_081,0.0,512
CLIMB unsup (canon-ctrl),smiles_enumeration,B,smiles_enumeration_082,0.0,512
CLIMB unsup (canon-ctrl),smiles_enumeration,B,smiles_enumeration_083,0.0,512
CLIMB unsup (canon-ctrl),smiles_enumeration,B,smiles_enumeration_084,0.0,512
CLIMB unsup (canon-ctrl),smiles_enumeration,B,smiles_enumeration_085,0.0,512
CLIMB unsup (canon-ctrl),smiles_enumeration,B,smiles_enumeration_086,0.0,512
CLIMB unsup (canon-ctrl),smiles_enumeration,B,smiles_enumeration_087,0.0,512
CLIMB unsup (canon-ctrl),smiles_enumeration,B,smiles_enumeration_088,0.0,512
CLIMB unsup (canon-ctrl),smiles_enumeration,B,smiles_enumeration_089,0.0,512
CLIMB unsup (canon-ctrl),smiles_enumeration,B,smiles_enumeration_090,0.0,512
CLIMB unsup (canon-ctrl),smiles_enumeration,B,smiles_enumeration_091,0.0,512
CLIMB unsup (canon-ctrl),smiles_enumeration,B,smiles_enumeration_092,0.0,512
CLIMB unsup (canon-ctrl),smiles_enumeration,B,smiles_enumeration_093,0.0,512
CLIMB unsup (canon-ctrl),smiles_enumeration,B,smiles_enumeration_094,0.0,512
CLIMB unsup (canon-ctrl),smiles_enumeration,B,smiles_enumeration_095,0.0,512
CLIMB unsup (canon-ctrl),smiles_enumeration,B,smiles_enumeration_096,0.0,512
CLIMB unsup (canon-ctrl),smiles_enumeration,B,smiles_enumeration_097,0.0,512
CLIMB unsup (canon-ctrl),smiles_enumeration,B,smiles_enumeration_098,0.0,512
CLIMB unsup (canon-ctrl),smiles_enumeration,B,smiles_enumeration_099,0.0,512
CLIMB unsup (canon-ctrl),kekule,B,kekule_000,0.0,512
CLIMB unsup (canon-ctrl),kekule,B,kekule_001,0.0,512
CLIMB unsup (canon-ctrl),kekule,B,kekule_002,0.0,512
CLIMB unsup (canon-ctrl),kekule,B,kekule_003,0.0,512
CLIMB unsup (canon-ctrl),kekule,B,kekule_004,0.0,512
CLIMB unsup (canon-ctrl),kekule,B,kekule_005,0.0,512
CLIMB unsup (canon-ctrl),kekule,B,kekule_006,0.0,512
CLIMB unsup (canon-ctrl),kekule,B,kekule_007,0.0,512
CLIMB unsup (canon-ctrl),kekule,B,kekule_008,0.0,512
CLIMB unsup (canon-ctrl),kekule,B,kekule_009,0.0,512
CLIMB unsup (canon-ctrl),kekule,B,kekule_010,0.0,512
CLIMB unsup (canon-ctrl),kekule,B,kekule_011,0.0,512
CLIMB unsup (canon-ctrl),kekule,B,kekule_012,0.0,512
CLIMB unsup (canon-ctrl),kekule,B,kekule_013,0.0,512
CLIMB unsup (canon-ctrl),kekule,B,kekule_014,0.0,512
CLIMB unsup (canon-ctrl),kekule,B,kekule_015,0.0,512
CLIMB unsup (canon-ctrl),kekule,B,kekule_016,0.0,512
CLIMB unsup (canon-ctrl),kekule,B,kekule_017,0.0,512
CLIMB unsup (canon-ctrl),kekule,B,kekule_018,0.0,512
CLIMB unsup (canon-ctrl),kekule,B,kekule_019,0.0,512
CLIMB unsup (canon-ctrl),kekule,B,kekule_020,0.0,512
CLIMB unsup (canon-ctrl),kekule,B,kekule_021,0.0,512
CLIMB unsup (canon-ctrl),kekule,B,kekule_022,0.0,512
CLIMB unsup (canon-ctrl),kekule,B,kekule_023,0.0,512
CLIMB unsup (canon-ctrl),kekule,B,kekule_024,0.0,512
CLIMB unsup (canon-ctrl),kekule,B,kekule_025,0.0,512
CLIMB unsup (canon-ctrl),kekule,B,kekule_026,0.0,512
CLIMB unsup (canon-ctrl),kekule,B,kekule_027,0.0,512
CLIMB unsup (canon-ctrl),kekule,B,kekule_028,0.0,512
CLIMB unsup (canon-ctrl),kekule,B,kekule_029,0.0,512
CLIMB unsup (canon-ctrl),kekule,B,kekule_030,0.0,512
CLIMB unsup (canon-ctrl),kekule,B,kekule_031,0.0,512
CLIMB unsup (canon-ctrl),kekule,B,kekule_032,0.0,512
CLIMB unsup (canon-ctrl),kekule,B,kekule_033,0.0,512
CLIMB unsup (canon-ctrl),kekule,B,kekule_034,0.0,512
CLIMB unsup (canon-ctrl),kekule,B,kekule_035,0.0,512
CLIMB unsup (canon-ctrl),kekule,B,kekule_036,0.0,512
CLIMB unsup (canon-ctrl),kekule,B,kekule_037,0.0,512
CLIMB unsup (canon-ctrl),kekule,B,kekule_038,0.0,512
CLIMB unsup (canon-ctrl),kekule,B,kekule_039,0.0,512
CLIMB unsup (canon-ctrl),kekule,B,kekule_040,0.0,512
CLIMB unsup (canon-ctrl),kekule,B,kekule_041,0.0,512
CLIMB unsup (canon-ctrl),kekule,B,kekule_042,0.0,512
CLIMB unsup (canon-ctrl),kekule,B,kekule_043,0.0,512
CLIMB unsup (canon-ctrl),kekule,B,kekule_044,0.0,512
CLIMB unsup (canon-ctrl),kekule,B,kekule_045,0.0,512
CLIMB unsup (canon-ctrl),kekule,B,kekule_046,0.0,512
CLIMB unsup (canon-ctrl),kekule,B,kekule_047,0.0,512
CLIMB unsup (canon-ctrl),kekule,B,kekule_048,0.0,512
CLIMB unsup (canon-ctrl),kekule,B,kekule_049,0.0,512
CLIMB unsup (canon-ctrl),kekule,B,kekule_050,0.0,512
CLIMB unsup (canon-ctrl),kekule,B,kekule_051,0.0,512
CLIMB unsup (canon-ctrl),kekule,B,kekule_052,0.0,512
CLIMB unsup (canon-ctrl),kekule,B,kekule_053,0.0,512
CLIMB unsup (canon-ctrl),kekule,B,kekule_054,0.0,512
CLIMB unsup (canon-ctrl),kekule,B,kekule_055,0.0,512
CLIMB unsup (canon-ctrl),kekule,B,kekule_056,0.0,512
CLIMB unsup (canon-ctrl),kekule,B,kekule_057,0.0,512
CLIMB unsup (canon-ctrl),kekule,B,kekule_058,0.0,512
CLIMB unsup (canon-ctrl),kekule,B,kekule_059,0.0,512
CLIMB unsup (canon-ctrl),kekule,B,kekule_060,0.0,512
CLIMB unsup (canon-ctrl),kekule,B,kekule_061,0.0,512
CLIMB unsup (canon-ctrl),kekule,B,kekule_062,0.0,512
CLIMB unsup (canon-ctrl),kekule,B,kekule_063,0.0,512
CLIMB unsup (canon-ctrl),kekule,B,kekule_064,0.0,512
CLIMB unsup (canon-ctrl),kekule,B,kekule_065,0.0,512
CLIMB unsup (canon-ctrl),kekule,B,kekule_066,0.0,512
CLIMB unsup (canon-ctrl),kekule,B,kekule_067,0.0,512
CLIMB unsup (canon-ctrl),kekule,B,kekule_068,0.0,512
CLIMB unsup (canon-ctrl),kekule,B,kekule_069,0.0,512
CLIMB unsup (canon-ctrl),kekule,B,kekule_070,0.0,512
CLIMB unsup (canon-ctrl),kekule,B,kekule_071,0.0,512
CLIMB unsup (canon-ctrl),kekule,B,kekule_072,0.0,512
CLIMB unsup (canon-ctrl),kekule,B,kekule_073,0.0,512
CLIMB unsup (canon-ctrl),kekule,B,kekule_074,0.0,512
CLIMB unsup (canon-ctrl),kekule,B,kekule_075,0.0,512
CLIMB unsup (canon-ctrl),kekule,B,kekule_076,0.0,512
CLIMB unsup (canon-ctrl),kekule,B,kekule_077,0.0,512
CLIMB unsup (canon-ctrl),kekule,B,kekule_078,0.0,512
CLIMB unsup (canon-ctrl),kekule,B,kekule_079,0.0,512
CLIMB unsup (canon-ctrl),kekule,B,kekule_080,0.0,512
CLIMB unsup (canon-ctrl),kekule,B,kekule_081,0.0,512
CLIMB unsup (canon-ctrl),kekule,B,kekule_082,0.0,512
CLIMB unsup (canon-ctrl),kekule,B,kekule_083,0.0,512
CLIMB unsup (canon-ctrl),kekule,B,kekule_084,0.0,512
CLIMB unsup (canon-ctrl),kekule,B,kekule_085,0.0,512
CLIMB unsup (canon-ctrl),kekule,B,kekule_086,0.0,512
CLIMB unsup (canon-ctrl),kekule,B,kekule_087,0.0,512
CLIMB unsup (canon-ctrl),kekule,B,kekule_088,0.0,512
CLIMB unsup (canon-ctrl),kekule,B,kekule_089,0.0,512
CLIMB unsup (canon-ctrl),kekule,B,kekule_090,0.0,512
CLIMB unsup (canon-ctrl),kekule,B,kekule_091,0.0,512
CLIMB unsup (canon-ctrl),kekule,B,kekule_092,0.0,512
CLIMB unsup (canon-ctrl),kekule,B,kekule_093,0.0,512
CLIMB unsup (canon-ctrl),kekule,B,kekule_094,0.0,512
CLIMB unsup (canon-ctrl),kekule,B,kekule_095,0.0,512
CLIMB unsup (canon-ctrl),kekule,B,kekule_096,0.0,512
CLIMB unsup (canon-ctrl),kekule,B,kekule_097,0.0,512
CLIMB unsup (canon-ctrl),kekule,B,kekule_098,0.0,512
CLIMB unsup (canon-ctrl),kekule,B,kekule_099,0.0,512
CLIMB unsup (canon-ctrl),symmetry_equivalent,B,symmetry_equivalent_000,0.0,512
CLIMB unsup (canon-ctrl),symmetry_equivalent,B,symmetry_equivalent_001,0.0,512
CLIMB unsup (canon-ctrl),symmetry_equivalent,B,symmetry_equivalent_002,0.0,512
CLIMB unsup (canon-ctrl),symmetry_equivalent,B,symmetry_equivalent_003,0.0,512
CLIMB unsup (canon-ctrl),symmetry_equivalent,B,symmetry_equivalent_004,0.0,512
CLIMB unsup (canon-ctrl),symmetry_equivalent,B,symmetry_equivalent_005,0.0,512
CLIMB unsup (canon-ctrl),symmetry_equivalent,B,symmetry_equivalent_006,0.0,512
CLIMB unsup (canon-ctrl),symmetry_equivalent,B,symmetry_equivalent_007,0.0,512
CLIMB unsup (canon-ctrl),symmetry_equivalent,B,symmetry_equivalent_008,0.0,512
CLIMB unsup (canon-ctrl),symmetry_equivalent,B,symmetry_equivalent_009,0.0,512
CLIMB unsup (canon-ctrl),symmetry_equivalent,B,symmetry_equivalent_010,0.0,512
CLIMB unsup (canon-ctrl),symmetry_equivalent,B,symmetry_equivalent_011,0.0,512
CLIMB unsup (canon-ctrl),symmetry_equivalent,B,symmetry_equivalent_012,0.0,512
CLIMB unsup (canon-ctrl),symmetry_equivalent,B,symmetry_equivalent_013,0.0,512
CLIMB unsup (canon-ctrl),symmetry_equivalent,B,symmetry_equivalent_014,0.0,512
CLIMB unsup (canon-ctrl),symmetry_equivalent,B,symmetry_equivalent_015,0.0,512
CLIMB unsup (canon-ctrl),symmetry_equivalent,B,symmetry_equivalent_016,0.0,512
CLIMB unsup (canon-ctrl),symmetry_equivalent,B,symmetry_equivalent_017,0.0,512
CLIMB unsup (canon-ctrl),symmetry_equivalent,B,symmetry_equivalent_018,0.0,512
CLIMB unsup (canon-ctrl),symmetry_equivalent,B,symmetry_equivalent_019,0.0,512
CLIMB unsup (canon-ctrl),symmetry_equivalent,B,symmetry_equivalent_020,0.0,512
CLIMB unsup (canon-ctrl),symmetry_equivalent,B,symmetry_equivalent_021,0.0,512
CLIMB unsup (canon-ctrl),symmetry_equivalent,B,symmetry_equivalent_022,0.0,512
CLIMB unsup (canon-ctrl),symmetry_equivalent,B,symmetry_equivalent_023,0.0,512
CLIMB unsup (canon-ctrl),symmetry_equivalent,B,symmetry_equivalent_024,0.0,512
CLIMB unsup (canon-ctrl),symmetry_equivalent,B,symmetry_equivalent_025,0.0,512
CLIMB unsup (canon-ctrl),symmetry_equivalent,B,symmetry_equivalent_026,0.0,512
CLIMB unsup (canon-ctrl),symmetry_equivalent,B,symmetry_equivalent_027,0.0,512
CLIMB unsup (canon-ctrl),symmetry_equivalent,B,symmetry_equivalent_028,0.0,512
CLIMB unsup (canon-ctrl),symmetry_equivalent,B,symmetry_equivalent_029,0.0,512
CLIMB unsup (canon-ctrl),symmetry_equivalent,B,symmetry_equivalent_030,0.0,512
CLIMB unsup (canon-ctrl),symmetry_equivalent,B,symmetry_equivalent_031,0.0,512
CLIMB unsup (canon-ctrl),symmetry_equivalent,B,symmetry_equivalent_032,0.0,512
CLIMB unsup (canon-ctrl),symmetry_equivalent,B,symmetry_equivalent_033,0.0,512
CLIMB unsup (canon-ctrl),symmetry_equivalent,B,symmetry_equivalent_034,0.0,512
CLIMB unsup (canon-ctrl),symmetry_equivalent,B,symmetry_equivalent_035,0.0,512
CLIMB unsup (canon-ctrl),symmetry_equivalent,B,symmetry_equivalent_036,0.0,512
CLIMB unsup (canon-ctrl),symmetry_equivalent,B,symmetry_equivalent_037,0.0,512
CLIMB unsup (canon-ctrl),symmetry_equivalent,B,symmetry_equivalent_038,0.0,512
CLIMB unsup (canon-ctrl),symmetry_equivalent,B,symmetry_equivalent_039,0.0,512
CLIMB unsup (canon-ctrl),symmetry_equivalent,B,symmetry_equivalent_040,0.0,512
CLIMB unsup (canon-ctrl),symmetry_equivalent,B,symmetry_equivalent_041,0.0,512
CLIMB unsup (canon-ctrl),symmetry_equivalent,B,symmetry_equivalent_042,0.0,512
CLIMB unsup (canon-ctrl),symmetry_equivalent,B,symmetry_equivalent_043,0.0,512
CLIMB unsup (canon-ctrl),symmetry_equivalent,B,symmetry_equivalent_044,0.0,512
CLIMB unsup (canon-ctrl),symmetry_equivalent,B,symmetry_equivalent_045,0.0,512
CLIMB unsup (canon-ctrl),symmetry_equivalent,B,symmetry_equivalent_046,0.0,512
CLIMB unsup (canon-ctrl),symmetry_equivalent,B,symmetry_equivalent_047,0.0,512
CLIMB unsup (canon-ctrl),symmetry_equivalent,B,symmetry_equivalent_048,0.0,512
CLIMB unsup (canon-ctrl),symmetry_equivalent,B,symmetry_equivalent_049,0.0,512
CLIMB unsup (canon-ctrl),symmetry_equivalent,B,symmetry_equivalent_050,0.0,512
CLIMB unsup (canon-ctrl),symmetry_equivalent,B,symmetry_equivalent_051,0.0,512
CLIMB unsup (canon-ctrl),symmetry_equivalent,B,symmetry_equivalent_052,0.0,512
CLIMB unsup (canon-ctrl),symmetry_equivalent,B,symmetry_equivalent_053,0.0,512
CLIMB unsup (canon-ctrl),symmetry_equivalent,B,symmetry_equivalent_054,0.0,512
CLIMB unsup (canon-ctrl),symmetry_equivalent,B,symmetry_equivalent_055,0.0,512
CLIMB unsup (canon-ctrl),symmetry_equivalent,B,symmetry_equivalent_056,0.0,512
CLIMB unsup (canon-ctrl),symmetry_equivalent,B,symmetry_equivalent_057,0.0,512
CLIMB unsup (canon-ctrl),symmetry_equivalent,B,symmetry_equivalent_058,0.0,512
CLIMB unsup (canon-ctrl),symmetry_equivalent,B,symmetry_equivalent_059,0.0,512
CLIMB unsup (canon-ctrl),symmetry_equivalent,B,symmetry_equivalent_060,0.0,512
CLIMB unsup (canon-ctrl),symmetry_equivalent,B,symmetry_equivalent_061,0.0,512
CLIMB unsup (canon-ctrl),symmetry_equivalent,B,symmetry_equivalent_062,0.0,512
CLIMB unsup (canon-ctrl),symmetry_equivalent,B,symmetry_equivalent_063,0.0,512
CLIMB unsup (canon-ctrl),symmetry_equivalent,B,symmetry_equivalent_064,0.0,512
CLIMB unsup (canon-ctrl),symmetry_equivalent,B,symmetry_equivalent_065,0.0,512
CLIMB unsup (canon-ctrl),symmetry_equivalent,B,symmetry_equivalent_066,0.0,512
CLIMB unsup (canon-ctrl),symmetry_equivalent,B,symmetry_equivalent_067,0.0,512
CLIMB unsup (canon-ctrl),symmetry_equivalent,B,symmetry_equivalent_068,0.0,512
CLIMB unsup (canon-ctrl),symmetry_equivalent,B,symmetry_equivalent_069,0.0,512
CLIMB unsup (canon-ctrl),symmetry_equivalent,B,symmetry_equivalent_070,0.0,512
CLIMB unsup (canon-ctrl),symmetry_equivalent,B,symmetry_equivalent_071,0.0,512
CLIMB unsup (canon-ctrl),symmetry_equivalent,B,symmetry_equivalent_072,0.0,512
CLIMB unsup (canon-ctrl),symmetry_equivalent,B,symmetry_equivalent_073,0.0,512
CLIMB unsup (canon-ctrl),symmetry_equivalent,B,symmetry_equivalent_074,0.0,512
CLIMB unsup (canon-ctrl),symmetry_equivalent,B,symmetry_equivalent_075,0.0,512
CLIMB unsup (canon-ctrl),symmetry_equivalent,B,symmetry_equivalent_076,0.0,512
CLIMB unsup (canon-ctrl),symmetry_equivalent,B,symmetry_equivalent_077,0.0,512
CLIMB unsup (canon-ctrl),symmetry_equivalent,B,symmetry_equivalent_078,0.0,512
CLIMB unsup (canon-ctrl),symmetry_equivalent,B,symmetry_equivalent_079,0.0,512
CLIMB unsup (canon-ctrl),symmetry_equivalent,B,symmetry_equivalent_080,0.0,512
CLIMB unsup (canon-ctrl),symmetry_equivalent,B,symmetry_equivalent_081,0.0,512
CLIMB unsup (canon-ctrl),symmetry_equivalent,B,symmetry_equivalent_082,0.0,512
CLIMB unsup (canon-ctrl),symmetry_equivalent,B,symmetry_equivalent_083,0.0,512
CLIMB unsup (canon-ctrl),symmetry_equivalent,B,symmetry_equivalent_084,0.0,512
CLIMB unsup (canon-ctrl),symmetry_equivalent,B,symmetry_equivalent_085,0.0,512
CLIMB unsup (canon-ctrl),symmetry_equivalent,B,symmetry_equivalent_086,0.0,512
CLIMB unsup (canon-ctrl),symmetry_equivalent,B,symmetry_equivalent_087,0.0,512
CLIMB unsup (canon-ctrl),symmetry_equivalent,B,symmetry_equivalent_088,0.0,512
CLIMB unsup (canon-ctrl),symmetry_equivalent,B,symmetry_equivalent_089,0.0,512
CLIMB unsup (canon-ctrl),symmetry_equivalent,B,symmetry_equivalent_090,0.0,512
CLIMB unsup (canon-ctrl),symmetry_equivalent,B,symmetry_equivalent_091,0.0,512
CLIMB unsup (canon-ctrl),symmetry_equivalent,B,symmetry_equivalent_092,0.0,512
CLIMB unsup (canon-ctrl),symmetry_equivalent,B,symmetry_equivalent_093,0.0,512
CLIMB unsup (canon-ctrl),symmetry_equivalent,B,symmetry_equivalent_094,0.0,512
CLIMB unsup (canon-ctrl),symmetry_equivalent,B,symmetry_equivalent_095,0.0,512
CLIMB unsup (canon-ctrl),symmetry_equivalent,B,symmetry_equivalent_096,0.0,512
CLIMB unsup (canon-ctrl),symmetry_equivalent,B,symmetry_equivalent_097,0.0,512
CLIMB unsup (canon-ctrl),symmetry_equivalent,B,symmetry_equivalent_098,0.0,512
CLIMB unsup (canon-ctrl),symmetry_equivalent,B,symmetry_equivalent_099,0.0,512
random encoder,stereo_flip,A,stereo_flip_000,0.15554298218473364,512
random encoder,stereo_flip,A,stereo_flip_001,0.1309173991261725,512
random encoder,stereo_flip,A,stereo_flip_002,0.12689546842021768,512
random encoder,stereo_flip,A,stereo_flip_003,0.1756548417167459,512
random encoder,stereo_flip,A,stereo_flip_004,0.20118031972758896,512
random encoder,stereo_flip,A,stereo_flip_005,0.1586018230908126,512
random encoder,stereo_flip,A,stereo_flip_006,0.1421234884601834,512
random encoder,stereo_flip,A,stereo_flip_007,0.09258079399635663,512
random encoder,stereo_flip,A,stereo_flip_008,0.1307733061138285,512
random encoder,stereo_flip,A,stereo_flip_009,0.13989042305061425,512
random encoder,stereo_flip,A,stereo_flip_010,0.11296248915298371,512
random encoder,stereo_flip,A,stereo_flip_011,0.2616683072346619,512
random encoder,stereo_flip,A,stereo_flip_012,0.12302606169009264,512
random encoder,stereo_flip,A,stereo_flip_013,0.19620248938158075,512
random encoder,stereo_flip,A,stereo_flip_014,0.09271098566892837,512
random encoder,stereo_flip,A,stereo_flip_015,0.1650419239841632,512
random encoder,stereo_flip,A,stereo_flip_016,0.14731909311893499,512
random encoder,stereo_flip,A,stereo_flip_017,0.13091957624685202,512
random encoder,stereo_flip,A,stereo_flip_018,0.20132806623941366,512
random encoder,stereo_flip,A,stereo_flip_019,0.2575966718624808,512
random encoder,stereo_flip,A,stereo_flip_020,0.1421265636810891,512
random encoder,stereo_flip,A,stereo_flip_021,0.17529163984603377,512
random encoder,stereo_flip,A,stereo_flip_022,0.15267535369690374,512
random encoder,stereo_flip,A,stereo_flip_023,0.17935338709159426,512
random encoder,stereo_flip,A,stereo_flip_024,0.2581395993211063,512
random encoder,stereo_flip,A,stereo_flip_025,0.19623953728532434,512
random encoder,stereo_flip,A,stereo_flip_026,0.15507961177262444,512
random encoder,stereo_flip,A,stereo_flip_027,0.11144096160275904,512
random encoder,stereo_flip,A,stereo_flip_028,0.1352391273251708,512
random encoder,stereo_flip,A,stereo_flip_029,0.19168143897261697,512
random encoder,stereo_flip,A,stereo_flip_030,0.11107654594281162,512
random encoder,stereo_flip,A,stereo_flip_031,0.11774957540075477,512
random encoder,stereo_flip,A,stereo_flip_032,0.17190830841856009,512
random encoder,stereo_flip,A,stereo_flip_033,0.21372244850624766,512
random encoder,stereo_flip,A,stereo_flip_034,0.15276917927163808,512
random encoder,stereo_flip,A,stereo_flip_035,0.1499399051515683,512
random encoder,stereo_flip,A,stereo_flip_036,0.11927575203311143,512
random encoder,stereo_flip,A,stereo_flip_037,0.13086958930313236,512
random encoder,stereo_flip,A,stereo_flip_038,0.13305298380321143,512
random encoder,stereo_flip,A,stereo_flip_039,0.1330391767392832,512
random encoder,stereo_flip,A,stereo_flip_040,0.10995706928562345,512
random encoder,stereo_flip,A,stereo_flip_041,0.15296578703358044,512
random encoder,stereo_flip,A,stereo_flip_042,0.5981105736465321,512
random encoder,stereo_flip,A,stereo_flip_043,0.13735101991791931,512
random encoder,stereo_flip,A,stereo_flip_044,0.12309632302545254,512
random encoder,stereo_flip,A,stereo_flip_045,0.11299363113211673,512
random encoder,stereo_flip,A,stereo_flip_046,0.08330841468371146,512
random encoder,stereo_flip,A,stereo_flip_047,0.30527818292302944,512
random encoder,stereo_flip,A,stereo_flip_048,0.15274611697849202,512
random encoder,stereo_flip,A,stereo_flip_049,0.13296288200924533,512
random encoder,stereo_flip,A,stereo_flip_050,0.21713442189248838,512
random encoder,stereo_flip,A,stereo_flip_051,0.1352720619339783,512
random encoder,stereo_flip,A,stereo_flip_052,0.30922907106644315,512
random encoder,stereo_flip,A,stereo_flip_053,0.2134266407488764,512
random encoder,stereo_flip,A,stereo_flip_054,0.17185091368641656,512
random encoder,stereo_flip,A,stereo_flip_055,0.0788753373385278,512
random encoder,stereo_flip,A,stereo_flip_056,0.0981937788769003,512
random encoder,stereo_flip,A,stereo_flip_057,0.1650981469039748,512
random encoder,stereo_flip,A,stereo_flip_058,0.32983954498753637,512
random encoder,stereo_flip,A,stereo_flip_059,0.206236870689457,512
random encoder,stereo_flip,A,stereo_flip_060,0.20111511291947062,512
random encoder,stereo_flip,A,stereo_flip_061,0.20143132738546002,512
random encoder,stereo_flip,A,stereo_flip_062,0.08865761652578612,512
random encoder,stereo_flip,A,stereo_flip_063,0.20637316770941785,512
random encoder,stereo_flip,A,stereo_flip_064,0.13974579292062372,512
random encoder,stereo_flip,A,stereo_flip_065,0.11294318230958397,512
random encoder,stereo_flip,A,stereo_flip_066,0.18742186878916223,512
random encoder,stereo_flip,A,stereo_flip_067,0.16489662890440604,512
random encoder,stereo_flip,A,stereo_flip_068,0.17179043677930225,512
random encoder,stereo_flip,A,stereo_flip_069,0.15555630723601913,512
random encoder,stereo_flip,A,stereo_flip_070,0.1832961924193938,512
random encoder,stereo_flip,A,stereo_flip_071,0.10309249507686205,512
random encoder,stereo_flip,A,stereo_flip_072,0.16492999769460667,512
random encoder,stereo_flip,A,stereo_flip_073,0.13077237241062667,512
random encoder,stereo_flip,A,stereo_flip_074,0.17540761922954534,512
random encoder,stereo_flip,A,stereo_flip_075,0.18325798762514184,512
random encoder,stereo_flip,A,stereo_flip_076,0.12496307348140619,512
random encoder,stereo_flip,A,stereo_flip_077,0.13752514396892163,512
random encoder,stereo_flip,A,stereo_flip_078,0.19187546851251588,512
random encoder,stereo_flip,A,stereo_flip_079,0.1755904175024702,512
random encoder,stereo_flip,A,stereo_flip_080,0.17175115266329521,512
random encoder,stereo_flip,A,stereo_flip_081,0.11935660915428518,512
random encoder,stereo_flip,A,stereo_flip_082,0.10190540731888076,512
random encoder,stereo_flip,A,stereo_flip_083,0.09476885186329313,512
random encoder,stereo_flip,A,stereo_flip_084,0.37034103587619055,512
random encoder,stereo_flip,A,stereo_flip_085,0.14457361335299568,512
random encoder,stereo_flip,A,stereo_flip_086,0.24282730864456623,512
random encoder,stereo_flip,A,stereo_flip_087,0.13746302927223386,512
random encoder,stereo_flip,A,stereo_flip_088,0.1917712233200091,512
random encoder,stereo_flip,A,stereo_flip_089,0.2010920395291971,512
random encoder,stereo_flip,A,stereo_flip_090,0.1915696389016994,512
random encoder,stereo_flip,A,stereo_flip_091,0.1127619584684638,512
random encoder,stereo_flip,A,stereo_flip_092,0.1655276947207496,512
random encoder,stereo_flip,A,stereo_flip_093,0.1531099075297741,512
random encoder,stereo_flip,A,stereo_flip_094,0.12317256895980913,512
random encoder,stereo_flip,A,stereo_flip_095,0.11107132595282442,512
random encoder,stereo_flip,A,stereo_flip_096,0.19630315665738754,512
random encoder,stereo_flip,A,stereo_flip_097,0.16901369155038462,512
random encoder,stereo_flip,A,stereo_flip_098,0.16494592214049483,512
random encoder,stereo_flip,A,stereo_flip_099,0.24286164396994092,512
random encoder,ez_flip,A,ez_flip_000,0.24085695345375657,512
random encoder,ez_flip,A,ez_flip_001,0.16907719106167668,512
random encoder,ez_flip,A,ez_flip_002,0.37721421312044784,512
random encoder,ez_flip,A,ez_flip_003,0.1168217919875547,512
random encoder,ez_flip,A,ez_flip_004,0.19833279758615566,512
random encoder,ez_flip,A,ez_flip_005,0.13927314278967606,512
random encoder,ez_flip,A,ez_flip_006,0.18035141857909906,512
random encoder,ez_flip,A,ez_flip_007,0.20890350598941104,512
random encoder,ez_flip,A,ez_flip_008,0.16560433284838988,512
random encoder,ez_flip,A,ez_flip_009,0.2203865993564574,512
random encoder,ez_flip,A,ez_flip_010,0.16171295301245525,512
random encoder,ez_flip,A,ez_flip_011,0.273780315067512,512
random encoder,ez_flip,A,ez_flip_012,0.11192062181047523,512
random encoder,ez_flip,A,ez_flip_013,0.11321433790425069,512
random encoder,ez_flip,A,ez_flip_014,0.15567778644681493,512
random encoder,ez_flip,A,ez_flip_015,0.15288874027052443,512
random encoder,ez_flip,A,ez_flip_016,0.19357664654558804,512
random encoder,ez_flip,A,ez_flip_017,0.0824387850948882,512
random encoder,ez_flip,A,ez_flip_018,0.12804983397368538,512
random encoder,ez_flip,A,ez_flip_019,0.11652018665384235,512
random encoder,ez_flip,A,ez_flip_020,0.17274382928329815,512
random encoder,ez_flip,A,ez_flip_021,0.22683185305179812,512
random encoder,ez_flip,A,ez_flip_022,0.1891231451591894,512
random encoder,ez_flip,A,ez_flip_023,0.16543948194396554,512
random encoder,ez_flip,A,ez_flip_024,0.14336067531144545,512
random encoder,ez_flip,A,ez_flip_025,0.1936434563803015,512
random encoder,ez_flip,A,ez_flip_026,0.22676632047678585,512
random encoder,ez_flip,A,ez_flip_027,0.16556536734293187,512
random encoder,ez_flip,A,ez_flip_028,0.12604344818830313,512
random encoder,ez_flip,A,ez_flip_029,0.20355267116814144,512
random encoder,ez_flip,A,ez_flip_030,0.2402705425084259,512
random encoder,ez_flip,A,ez_flip_031,0.2833445148923963,512
random encoder,ez_flip,A,ez_flip_032,0.1810842265888587,512
random encoder,ez_flip,A,ez_flip_033,0.1892883690184201,512
random encoder,ez_flip,A,ez_flip_034,0.49501348276030105,512
random encoder,ez_flip,A,ez_flip_035,0.18903528479674353,512
random encoder,ez_flip,A,ez_flip_036,0.16202290293184332,512
random encoder,ez_flip,A,ez_flip_037,0.1260789849966706,512
random encoder,ez_flip,A,ez_flip_038,0.14194557709209185,512
random encoder,ez_flip,A,ez_flip_039,0.44080151032881043,512
random encoder,ez_flip,A,ez_flip_040,0.0924726862146763,512
random encoder,ez_flip,A,ez_flip_041,0.24046092145681938,512
random encoder,ez_flip,A,ez_flip_042,0.17258941459470808,512
random encoder,ez_flip,A,ez_flip_043,0.20787972836017687,512
random encoder,ez_flip,A,ez_flip_044,0.09800203474359336,512
random encoder,ez_flip,A,ez_flip_045,0.12029355632280966,512
random encoder,ez_flip,A,ez_flip_046,0.148673031792013,512
random encoder,ez_flip,A,ez_flip_047,0.20896073350380806,512
random encoder,ez_flip,A,ez_flip_048,0.1417705103545,512
random encoder,ez_flip,A,ez_flip_049,0.14712021327952646,512
random encoder,ez_flip,A,ez_flip_050,0.264543001144087,512
random encoder,ez_flip,A,ez_flip_051,0.10168030495633841,512
random encoder,ez_flip,A,ez_flip_052,0.14980170460274123,512
random encoder,ez_flip,A,ez_flip_053,0.2206179476166394,512
random encoder,ez_flip,A,ez_flip_054,0.1809260210110068,512
random encoder,ez_flip,A,ez_flip_055,0.16884220062931937,512
random encoder,ez_flip,A,ez_flip_056,0.1556174210042499,512
random encoder,ez_flip,A,ez_flip_057,0.1689895348206621,512
random encoder,ez_flip,A,ez_flip_058,0.11255041060769885,512
random encoder,ez_flip,A,ez_flip_059,0.6077822602801403,512
random encoder,ez_flip,A,ez_flip_060,0.16216737370838222,512
random encoder,ez_flip,A,ez_flip_061,0.1662959287586273,512
random encoder,ez_flip,A,ez_flip_062,0.2682442514746044,512
random encoder,ez_flip,A,ez_flip_063,0.14993896351182742,512
random encoder,ez_flip,A,ez_flip_064,0.11186588562232419,512
random encoder,ez_flip,A,ez_flip_065,0.13012420269475605,512
random encoder,ez_flip,A,ez_flip_066,0.14982630526396587,512
random encoder,ez_flip,A,ez_flip_067,0.13025388829180398,512
random encoder,ez_flip,A,ez_flip_068,0.6106018841026776,512
random encoder,ez_flip,A,ez_flip_069,0.12393414701711429,512
random encoder,ez_flip,A,ez_flip_070,0.16625646875748265,512
random encoder,ez_flip,A,ez_flip_071,0.14181461894711056,512
random encoder,ez_flip,A,ez_flip_072,0.1497751724408038,512
random encoder,ez_flip,A,ez_flip_073,0.15879285166778734,512
random encoder,ez_flip,A,ez_flip_074,0.1985094741570865,512
random encoder,ez_flip,A,ez_flip_075,0.1888919898168107,512
random encoder,ez_flip,A,ez_flip_076,0.14979926079290995,512
random encoder,ez_flip,A,ez_flip_077,0.20918495588786815,512
random encoder,ez_flip,A,ez_flip_078,0.13695660340518956,512
random encoder,ez_flip,A,ez_flip_079,0.12011788425968775,512
random encoder,ez_flip,A,ez_flip_080,0.14097800252718284,512
random encoder,ez_flip,A,ez_flip_081,0.14446151734748822,512
random encoder,ez_flip,A,ez_flip_082,0.14975700464992345,512
random encoder,ez_flip,A,ez_flip_083,0.31753485679072224,512
random encoder,ez_flip,A,ez_flip_084,0.17642882108051777,512
random encoder,ez_flip,A,ez_flip_085,0.22690628127255114,512
random encoder,ez_flip,A,ez_flip_086,0.18922954735229872,512
random encoder,ez_flip,A,ez_flip_087,0.124093561408715,512
random encoder,ez_flip,A,ez_flip_088,0.16899656085855505,512
random encoder,ez_flip,A,ez_flip_089,0.5540338797404358,512
random encoder,ez_flip,A,ez_flip_090,0.49569769081371173,512
random encoder,ez_flip,A,ez_flip_091,0.20409820297450854,512
random encoder,ez_flip,A,ez_flip_092,0.15286510961341881,512
random encoder,ez_flip,A,ez_flip_093,0.18032217492778643,512
random encoder,ez_flip,A,ez_flip_094,0.721175268715979,512
random encoder,ez_flip,A,ez_flip_095,0.1849279955509019,512
random encoder,ez_flip,A,ez_flip_096,0.22055505620772173,512
random encoder,ez_flip,A,ez_flip_097,0.3654559925063222,512
random encoder,ez_flip,A,ez_flip_098,0.1803367284475516,512
random encoder,ez_flip,A,ez_flip_099,0.12784498992607324,512
random encoder,c_to_n,A,c_to_n_000,0.4295609648733956,512
random encoder,c_to_n,A,c_to_n_001,0.29515454469118674,512
random encoder,c_to_n,A,c_to_n_002,0.17181983872081547,512
random encoder,c_to_n,A,c_to_n_003,0.1394328241737501,512
random encoder,c_to_n,A,c_to_n_004,0.14207375985848517,512
random encoder,c_to_n,A,c_to_n_005,0.2306605839569737,512
random encoder,c_to_n,A,c_to_n_006,0.2237946983151439,512
random encoder,c_to_n,A,c_to_n_007,0.2306786765678766,512
random encoder,c_to_n,A,c_to_n_008,0.12537857953385556,512
random encoder,c_to_n,A,c_to_n_009,0.11742351280914926,512
random encoder,c_to_n,A,c_to_n_010,0.1891602407002036,512
random encoder,c_to_n,A,c_to_n_011,0.11371319648163931,512
random encoder,c_to_n,A,c_to_n_012,0.1942844145210949,512
random encoder,c_to_n,A,c_to_n_013,0.16429915955565502,512
random encoder,c_to_n,A,c_to_n_014,0.21082006564574352,512
random encoder,c_to_n,A,c_to_n_015,0.15727834070174926,512
random encoder,c_to_n,A,c_to_n_016,0.1802986582263184,512
random encoder,c_to_n,A,c_to_n_017,0.21093055094511814,512
random encoder,c_to_n,A,c_to_n_018,0.18929930896452474,512
random encoder,c_to_n,A,c_to_n_019,0.1802777603304977,512
random encoder,c_to_n,A,c_to_n_020,0.14216360445904094,512
random encoder,c_to_n,A,c_to_n_021,0.19980765686240679,512
random encoder,c_to_n,A,c_to_n_022,0.12749444960433876,512
random encoder,c_to_n,A,c_to_n_023,0.22399336810916987,512
random encoder,c_to_n,A,c_to_n_024,0.14482766794466606,512
random encoder,c_to_n,A,c_to_n_025,0.08313214165021217,512
random encoder,c_to_n,A,c_to_n_026,0.12745572042477604,512
random encoder,c_to_n,A,c_to_n_027,0.1368407511640566,512
random encoder,c_to_n,A,c_to_n_028,0.10123254877526143,512
random encoder,c_to_n,A,c_to_n_029,0.10550993705153379,512
random encoder,c_to_n,A,c_to_n_030,0.16071604332474157,512
random encoder,c_to_n,A,c_to_n_031,0.1720286346213587,512
random encoder,c_to_n,A,c_to_n_032,0.35182657614711804,512
random encoder,c_to_n,A,c_to_n_033,0.2385409746740767,512
random encoder,c_to_n,A,c_to_n_034,0.2844102386963884,512
random encoder,c_to_n,A,c_to_n_035,0.15731544949039633,512
random encoder,c_to_n,A,c_to_n_036,0.16421370810092129,512
random encoder,c_to_n,A,c_to_n_037,0.18938615361854716,512
random encoder,c_to_n,A,c_to_n_038,0.11038382998828622,512
random encoder,c_to_n,A,c_to_n_039,0.14485747911629665,512
random encoder,c_to_n,A,c_to_n_040,0.6149403505832544,512
random encoder,c_to_n,A,c_to_n_041,0.18013623736884676,512
random encoder,c_to_n,A,c_to_n_042,0.25478830310756323,512
random encoder,c_to_n,A,c_to_n_043,0.13202939700661392,512
random encoder,c_to_n,A,c_to_n_044,0.12751797972075926,512
random encoder,c_to_n,A,c_to_n_045,0.16065298981191561,512
random encoder,c_to_n,A,c_to_n_046,0.17586454566247456,512
random encoder,c_to_n,A,c_to_n_047,0.1995471956423377,512
random encoder,c_to_n,A,c_to_n_048,0.18926291413544766,512
random encoder,c_to_n,A,c_to_n_049,0.18933532128126393,512
random encoder,c_to_n,A,c_to_n_050,0.083149019762642,512
random encoder,c_to_n,A,c_to_n_051,0.4615657425039574,512
random encoder,c_to_n,A,c_to_n_052,0.20494112000036785,512
random encoder,c_to_n,A,c_to_n_053,0.12747880465416175,512
random encoder,c_to_n,A,c_to_n_054,0.13936851262139988,512
random encoder,c_to_n,A,c_to_n_055,0.14787287184703082,512
random encoder,c_to_n,A,c_to_n_056,0.131947833971912,512
random encoder,c_to_n,A,c_to_n_057,0.38758930238694855,512
random encoder,c_to_n,A,c_to_n_058,0.19281728487336516,512
random encoder,c_to_n,A,c_to_n_059,0.16785998395831886,512
random encoder,c_to_n,A,c_to_n_060,0.8946125209845005,512
random encoder,c_to_n,A,c_to_n_061,0.43384141821162925,512
random encoder,c_to_n,A,c_to_n_062,0.4343348343037028,512
random encoder,c_to_n,A,c_to_n_063,0.21746902379201422,512
random encoder,c_to_n,A,c_to_n_064,0.3360649856796403,512
random encoder,c_to_n,A,c_to_n_065,0.21104482433115257,512
random encoder,c_to_n,A,c_to_n_066,0.2309663183397718,512
random encoder,c_to_n,A,c_to_n_067,0.12740359856376907,512
random encoder,c_to_n,A,c_to_n_068,0.19437201062544476,512
random encoder,c_to_n,A,c_to_n_069,0.15721314702373443,512
random encoder,c_to_n,A,c_to_n_070,0.23060354776343633,512
random encoder,c_to_n,A,c_to_n_071,0.21715927627580192,512
random encoder,c_to_n,A,c_to_n_072,0.1071003256674673,512
random encoder,c_to_n,A,c_to_n_073,0.13685116687910634,512
random encoder,c_to_n,A,c_to_n_074,0.1369296439392798,512
random encoder,c_to_n,A,c_to_n_075,0.19433958942718813,512
random encoder,c_to_n,A,c_to_n_076,0.16061634840122038,512
random encoder,c_to_n,A,c_to_n_077,0.189272541272836,512
random encoder,c_to_n,A,c_to_n_078,0.23106996556296033,512
random encoder,c_to_n,A,c_to_n_079,0.18946015450747156,512
random encoder,c_to_n,A,c_to_n_080,0.1758438052738826,512
random encoder,c_to_n,A,c_to_n_081,0.14210067465319,512
random encoder,c_to_n,A,c_to_n_082,0.12745637026531145,512
random encoder,c_to_n,A,c_to_n_083,0.12726754664948386,512
random encoder,c_to_n,A,c_to_n_084,0.1641362628404646,512
random encoder,c_to_n,A,c_to_n_085,0.18928429930082077,512
random encoder,c_to_n,A,c_to_n_086,0.1717910459701587,512
random encoder,c_to_n,A,c_to_n_087,0.461504371091827,512
random encoder,c_to_n,A,c_to_n_088,0.15073162364124246,512
random encoder,c_to_n,A,c_to_n_089,0.14494217791095243,512
random encoder,c_to_n,A,c_to_n_090,0.09994492832466682,512
random encoder,c_to_n,A,c_to_n_091,0.6706885639443849,512
random encoder,c_to_n,A,c_to_n_092,0.2053612649514572,512
random encoder,c_to_n,A,c_to_n_093,0.32146067651455396,512
random encoder,c_to_n,A,c_to_n_094,0.12115238980368573,512
random encoder,c_to_n,A,c_to_n_095,0.17182232532997796,512
random encoder,c_to_n,A,c_to_n_096,0.10130041523821338,512
random encoder,c_to_n,A,c_to_n_097,0.7032219553858927,512
random encoder,c_to_n,A,c_to_n_098,0.7601011199218156,512
random encoder,c_to_n,A,c_to_n_099,0.3508401327042485,512
random encoder,add_methyl,A,add_methyl_000,0.4069802340706182,512
random encoder,add_methyl,A,add_methyl_001,0.36138910867796264,512
random encoder,add_methyl,A,add_methyl_002,0.41274113887713715,512
random encoder,add_methyl,A,add_methyl_003,0.09054564090356977,512
random encoder,add_methyl,A,add_methyl_004,0.14584214917866184,512
random encoder,add_methyl,A,add_methyl_005,0.9930569719495964,512
random encoder,add_methyl,A,add_methyl_006,0.2660012666729709,512
random encoder,add_methyl,A,add_methyl_007,0.16881931759230623,512
random encoder,add_methyl,A,add_methyl_008,0.3293804430563169,512
random encoder,add_methyl,A,add_methyl_009,0.4747688700971947,512
random encoder,add_methyl,A,add_methyl_010,0.23134489850115353,512
random encoder,add_methyl,A,add_methyl_011,0.4759386060672717,512
random encoder,add_methyl,A,add_methyl_012,0.566283130550974,512
random encoder,add_methyl,A,add_methyl_013,0.11422967477404207,512
random encoder,add_methyl,A,add_methyl_014,0.2557899640383753,512
random encoder,add_methyl,A,add_methyl_015,0.48923318928196846,512
random encoder,add_methyl,A,add_methyl_016,0.12027085187853934,512
random encoder,add_methyl,A,add_methyl_017,0.5832477157698343,512
random encoder,add_methyl,A,add_methyl_018,0.45629098503104326,512
random encoder,add_methyl,A,add_methyl_019,0.535602708554633,512
random encoder,add_methyl,A,add_methyl_020,0.3323807295269695,512
random encoder,add_methyl,A,add_methyl_021,0.47348728708080434,512
random encoder,add_methyl,A,add_methyl_022,0.5485891978948726,512
random encoder,add_methyl,A,add_methyl_023,0.134671948936451,512
random encoder,add_methyl,A,add_methyl_024,0.5393322275789337,512
random encoder,add_methyl,A,add_methyl_025,0.41290355895367065,512
random encoder,add_methyl,A,add_methyl_026,0.5563820582639891,512
random encoder,add_methyl,A,add_methyl_027,0.22469191781314332,512
random encoder,add_methyl,A,add_methyl_028,0.06811941580751145,512
random encoder,add_methyl,A,add_methyl_029,0.22247352880314675,512
random encoder,add_methyl,A,add_methyl_030,0.47272716320322716,512
random encoder,add_methyl,A,add_methyl_031,0.1745498549974892,512
random encoder,add_methyl,A,add_methyl_032,1.0839086074355648,512
random encoder,add_methyl,A,add_methyl_033,0.23932233352481155,512
random encoder,add_methyl,A,add_methyl_034,0.5105785916146984,512
random encoder,add_methyl,A,add_methyl_035,0.1637286081653229,512
random encoder,add_methyl,A,add_methyl_036,0.11704877513167505,512
random encoder,add_methyl,A,add_methyl_037,0.13411649209564563,512
random encoder,add_methyl,A,add_methyl_038,0.07666231919379111,512
random encoder,add_methyl,A,add_methyl_039,0.26384823000034385,512
random encoder,add_methyl,A,add_methyl_040,0.43224497622952823,512
random encoder,add_methyl,A,add_methyl_041,0.20500467264377448,512
random encoder,add_methyl,A,add_methyl_042,0.7212249366275959,512
random encoder,add_methyl,A,add_methyl_043,0.20782152367056037,512
random encoder,add_methyl,A,add_methyl_044,0.09358107873451045,512
random encoder,add_methyl,A,add_methyl_045,0.16912223253637232,512
random encoder,add_methyl,A,add_methyl_046,0.7226815807905143,512
random encoder,add_methyl,A,add_methyl_047,0.46944791187080365,512
random encoder,add_methyl,A,add_methyl_048,0.13365845690273354,512
random encoder,add_methyl,A,add_methyl_049,0.5287997790261629,512
random encoder,add_methyl,A,add_methyl_050,0.44789528378022037,512
random encoder,add_methyl,A,add_methyl_051,0.4821538569835938,512
random encoder,add_methyl,A,add_methyl_052,0.25271140068900844,512
random encoder,add_methyl,A,add_methyl_053,0.2713880547607712,512
random encoder,add_methyl,A,add_methyl_054,0.09934350524587077,512
random encoder,add_methyl,A,add_methyl_055,0.09226509697208315,512
random encoder,add_methyl,A,add_methyl_056,0.0868217223920045,512
random encoder,add_methyl,A,add_methyl_057,0.9869109880409722,512
random encoder,add_methyl,A,add_methyl_058,0.18445623099762568,512
random encoder,add_methyl,A,add_methyl_059,0.2337809107589989,512
random encoder,add_methyl,A,add_methyl_060,0.22577810330563447,512
random encoder,add_methyl,A,add_methyl_061,0.31311029719402383,512
random encoder,add_methyl,A,add_methyl_062,0.5644341938303991,512
random encoder,add_methyl,A,add_methyl_063,0.2131275405027096,512
random encoder,add_methyl,A,add_methyl_064,0.24252553657042142,512
random encoder,add_methyl,A,add_methyl_065,0.5767867260942386,512
random encoder,add_methyl,A,add_methyl_066,0.8968258870940629,512
random encoder,add_methyl,A,add_methyl_067,0.12511715741128301,512
random encoder,add_methyl,A,add_methyl_068,0.34635592962948997,512
random encoder,add_methyl,A,add_methyl_069,0.10225720032682926,512
random encoder,add_methyl,A,add_methyl_070,0.2825239253932902,512
random encoder,add_methyl,A,add_methyl_071,0.5696660293090177,512
random encoder,add_methyl,A,add_methyl_072,0.25145144630889615,512
random encoder,add_methyl,A,add_methyl_073,0.09906314802469197,512
random encoder,add_methyl,A,add_methyl_074,0.6687752806971203,512
random encoder,add_methyl,A,add_methyl_075,0.21786721432403666,512
random encoder,add_methyl,A,add_methyl_076,0.38071275044402375,512
random encoder,add_methyl,A,add_methyl_077,0.3609109481365922,512
random encoder,add_methyl,A,add_methyl_078,0.1536237991899041,512
random encoder,add_methyl,A,add_methyl_079,0.5749075178350658,512
random encoder,add_methyl,A,add_methyl_080,0.665520363650214,512
random encoder,add_methyl,A,add_methyl_081,0.08657410567858506,512
random encoder,add_methyl,A,add_methyl_082,0.3779341610876437,512
random encoder,add_methyl,A,add_methyl_083,0.5844931188531057,512
random encoder,add_methyl,A,add_methyl_084,0.6817083627831946,512
random encoder,add_methyl,A,add_methyl_085,0.5255898343727349,512
random encoder,add_methyl,A,add_methyl_086,0.1246138356831333,512
random encoder,add_methyl,A,add_methyl_087,0.38614527918069685,512
random encoder,add_methyl,A,add_methyl_088,0.1469097367656773,512
random encoder,add_methyl,A,add_methyl_089,0.33974379762611767,512
random encoder,add_methyl,A,add_methyl_090,0.06401139919601342,512
random encoder,add_methyl,A,add_methyl_091,0.4341711251713116,512
random encoder,add_methyl,A,add_methyl_092,0.1419999255527542,512
random encoder,add_methyl,A,add_methyl_093,0.5167988947610561,512
random encoder,add_methyl,A,add_methyl_094,0.0767300816950438,512
random encoder,add_methyl,A,add_methyl_095,0.6464030887125547,512
random encoder,add_methyl,A,add_methyl_096,0.09292494078349815,512
random encoder,add_methyl,A,add_methyl_097,0.2156184826592318,512
random encoder,add_methyl,A,add_methyl_098,0.5067725648433551,512
random encoder,add_methyl,A,add_methyl_099,0.5782231450005036,512
random encoder,add_fluorine,A,add_fluorine_000,0.41061062501224604,512
random encoder,add_fluorine,A,add_fluorine_001,0.39194190477323376,512
random encoder,add_fluorine,A,add_fluorine_002,0.13730886660719266,512
random encoder,add_fluorine,A,add_fluorine_003,0.10878404957830996,512
random encoder,add_fluorine,A,add_fluorine_004,0.15078936120071332,512
random encoder,add_fluorine,A,add_fluorine_005,0.2972960853331895,512
random encoder,add_fluorine,A,add_fluorine_006,0.2712340280966886,512
random encoder,add_fluorine,A,add_fluorine_007,0.189337203588243,512
random encoder,add_fluorine,A,add_fluorine_008,0.09592628867531121,512
random encoder,add_fluorine,A,add_fluorine_009,0.09309256354434217,512
random encoder,add_fluorine,A,add_fluorine_010,0.260685193729956,512
random encoder,add_fluorine,A,add_fluorine_011,0.1357006438109506,512
random encoder,add_fluorine,A,add_fluorine_012,0.15989273896444353,512
random encoder,add_fluorine,A,add_fluorine_013,0.12958238931158483,512
random encoder,add_fluorine,A,add_fluorine_014,0.2652161238212111,512
random encoder,add_fluorine,A,add_fluorine_015,0.18746593963223862,512
random encoder,add_fluorine,A,add_fluorine_016,0.14610211291431718,512
random encoder,add_fluorine,A,add_fluorine_017,0.1738945370652279,512
random encoder,add_fluorine,A,add_fluorine_018,0.23824496084582805,512
random encoder,add_fluorine,A,add_fluorine_019,0.26518642811780574,512
random encoder,add_fluorine,A,add_fluorine_020,0.1673328617675438,512
random encoder,add_fluorine,A,add_fluorine_021,0.1591169834391885,512
random encoder,add_fluorine,A,add_fluorine_022,0.10243703635833604,512
random encoder,add_fluorine,A,add_fluorine_023,0.17526618524377216,512
random encoder,add_fluorine,A,add_fluorine_024,0.10836908428295525,512
random encoder,add_fluorine,A,add_fluorine_025,0.06689907648333551,512
random encoder,add_fluorine,A,add_fluorine_026,0.15168320711802089,512
random encoder,add_fluorine,A,add_fluorine_027,0.16346689159387853,512
random encoder,add_fluorine,A,add_fluorine_028,0.07931136859572664,512
random encoder,add_fluorine,A,add_fluorine_029,0.08280138853252263,512
random encoder,add_fluorine,A,add_fluorine_030,0.4786628061235387,512
random encoder,add_fluorine,A,add_fluorine_031,0.1926053147708449,512
random encoder,add_fluorine,A,add_fluorine_032,0.2769462692068718,512
random encoder,add_fluorine,A,add_fluorine_033,0.268481824551975,512
random encoder,add_fluorine,A,add_fluorine_034,0.3024981429237276,512
random encoder,add_fluorine,A,add_fluorine_035,0.16812102321242964,512
random encoder,add_fluorine,A,add_fluorine_036,0.13270396358794725,512
random encoder,add_fluorine,A,add_fluorine_037,0.1530825156247257,512
random encoder,add_fluorine,A,add_fluorine_038,0.08908100836075877,512
random encoder,add_fluorine,A,add_fluorine_039,0.11622218044472385,512
random encoder,add_fluorine,A,add_fluorine_040,0.4865324375504366,512
random encoder,add_fluorine,A,add_fluorine_041,0.22053369500175352,512
random encoder,add_fluorine,A,add_fluorine_042,0.20344104326986365,512
random encoder,add_fluorine,A,add_fluorine_043,0.1080620859074982,512
random encoder,add_fluorine,A,add_fluorine_044,0.09911216371479925,512
random encoder,add_fluorine,A,add_fluorine_045,0.17703478913537474,512
random encoder,add_fluorine,A,add_fluorine_046,0.22335659720570772,512
random encoder,add_fluorine,A,add_fluorine_047,0.251105111201828,512
random encoder,add_fluorine,A,add_fluorine_048,0.15708919303080712,512
random encoder,add_fluorine,A,add_fluorine_049,0.15375789311991656,512
random encoder,add_fluorine,A,add_fluorine_050,0.09704120619437703,512
random encoder,add_fluorine,A,add_fluorine_051,0.5378885869887745,512
random encoder,add_fluorine,A,add_fluorine_052,0.27353996045131607,512
random encoder,add_fluorine,A,add_fluorine_053,0.09997806885051012,512
random encoder,add_fluorine,A,add_fluorine_054,0.11435005051648979,512
random encoder,add_fluorine,A,add_fluorine_055,0.11602770698919992,512
random encoder,add_fluorine,A,add_fluorine_056,0.10490431336325785,512
random encoder,add_fluorine,A,add_fluorine_057,1.0056271308545008,512
random encoder,add_fluorine,A,add_fluorine_058,0.18068730559562246,512
random encoder,add_fluorine,A,add_fluorine_059,0.2575318810431218,512
random encoder,add_fluorine,A,add_fluorine_060,0.2492802671797606,512
random encoder,add_fluorine,A,add_fluorine_061,0.35161473870381343,512
random encoder,add_fluorine,A,add_fluorine_062,0.3417364840437019,512
random encoder,add_fluorine,A,add_fluorine_063,0.22810594618248256,512
random encoder,add_fluorine,A,add_fluorine_064,0.26454047842548667,512
random encoder,add_fluorine,A,add_fluorine_065,0.172850407128379,512
random encoder,add_fluorine,A,add_fluorine_066,0.18324594141405598,512
random encoder,add_fluorine,A,add_fluorine_067,0.15136814619145206,512
random encoder,add_fluorine,A,add_fluorine_068,0.15574720514580204,512
random encoder,add_fluorine,A,add_fluorine_069,0.12577851017281907,512
random encoder,add_fluorine,A,add_fluorine_070,0.3046197559225731,512
random encoder,add_fluorine,A,add_fluorine_071,0.275465129874541,512
random encoder,add_fluorine,A,add_fluorine_072,0.12189899821561805,512
random encoder,add_fluorine,A,add_fluorine_073,0.10944388595810736,512
random encoder,add_fluorine,A,add_fluorine_074,0.15605072759109914,512
random encoder,add_fluorine,A,add_fluorine_075,0.23721009495413395,512
random encoder,add_fluorine,A,add_fluorine_076,0.18392326899335212,512
random encoder,add_fluorine,A,add_fluorine_077,0.37612410007162494,512
random encoder,add_fluorine,A,add_fluorine_078,0.180957159908766,512
random encoder,add_fluorine,A,add_fluorine_079,0.19540200859863638,512
random encoder,add_fluorine,A,add_fluorine_080,0.22237627433664314,512
random encoder,add_fluorine,A,add_fluorine_081,0.11009427377656857,512
random encoder,add_fluorine,A,add_fluorine_082,0.10232523361575695,512
random encoder,add_fluorine,A,add_fluorine_083,0.16737183757412197,512
random encoder,add_fluorine,A,add_fluorine_084,0.6835044635061956,512
random encoder,add_fluorine,A,add_fluorine_085,0.2371308841432291,512
random encoder,add_fluorine,A,add_fluorine_086,0.13772650374850537,512
random encoder,add_fluorine,A,add_fluorine_087,0.5178034754546603,512
random encoder,add_fluorine,A,add_fluorine_088,0.17775973862160363,512
random encoder,add_fluorine,A,add_fluorine_089,0.35010381884280084,512
random encoder,add_fluorine,A,add_fluorine_090,0.07991763339234355,512
random encoder,add_fluorine,A,add_fluorine_091,0.5078627940655398,512
random encoder,add_fluorine,A,add_fluorine_092,0.16492665564561043,512
random encoder,add_fluorine,A,add_fluorine_093,0.3474893363552714,512
random encoder,add_fluorine,A,add_fluorine_094,0.09657492873058192,512
random encoder,add_fluorine,A,add_fluorine_095,0.2169147873278944,512
random encoder,add_fluorine,A,add_fluorine_096,0.11844183124229149,512
random encoder,add_fluorine,A,add_fluorine_097,0.24261592673868557,512
random encoder,add_fluorine,A,add_fluorine_098,0.7068775032344178,512
random encoder,add_fluorine,A,add_fluorine_099,0.6229469973298125,512
random encoder,isotope_13c,A,isotope_13c_000,0.5923385990430862,512
random encoder,isotope_13c,A,isotope_13c_001,0.4082819825334831,512
random encoder,isotope_13c,A,isotope_13c_002,1.7797545559448804,512
random encoder,isotope_13c,A,isotope_13c_003,0.3296732297223002,512
random encoder,isotope_13c,A,isotope_13c_004,0.26473786626344364,512
random encoder,isotope_13c,A,isotope_13c_005,0.50569261969324,512
random encoder,isotope_13c,A,isotope_13c_006,0.5207025510804218,512
random encoder,isotope_13c,A,isotope_13c_007,0.4681036499543899,512
random encoder,isotope_13c,A,isotope_13c_008,0.3221719848769348,512
random encoder,isotope_13c,A,isotope_13c_009,0.26083642623313624,512
random encoder,isotope_13c,A,isotope_13c_010,0.2669937335007097,512
random encoder,isotope_13c,A,isotope_13c_011,0.4181668074846347,512
random encoder,isotope_13c,A,isotope_13c_012,0.19648756747108792,512
random encoder,isotope_13c,A,isotope_13c_013,0.47781667692687946,512
random encoder,isotope_13c,A,isotope_13c_014,0.3377616392323684,512
random encoder,isotope_13c,A,isotope_13c_015,0.3014158437083004,512
random encoder,isotope_13c,A,isotope_13c_016,0.4375934270863738,512
random encoder,isotope_13c,A,isotope_13c_017,0.695366245412246,512
random encoder,isotope_13c,A,isotope_13c_018,0.3562996233680413,512
random encoder,isotope_13c,A,isotope_13c_019,0.3265721313393301,512
random encoder,isotope_13c,A,isotope_13c_020,0.3848380971062683,512
random encoder,isotope_13c,A,isotope_13c_021,0.7278633918434003,512
random encoder,isotope_13c,A,isotope_13c_022,0.5138019434439619,512
random encoder,isotope_13c,A,isotope_13c_023,0.36990923927672903,512
random encoder,isotope_13c,A,isotope_13c_024,0.3741179115413769,512
random encoder,isotope_13c,A,isotope_13c_025,0.4267766721766998,512
random encoder,isotope_13c,A,isotope_13c_026,0.728490482860975,512
random encoder,isotope_13c,A,isotope_13c_027,0.2700965789551634,512
random encoder,isotope_13c,A,isotope_13c_028,0.6176929363784013,512
random encoder,isotope_13c,A,isotope_13c_029,0.3617629108128214,512
random encoder,isotope_13c,A,isotope_13c_030,0.5208822019419665,512
random encoder,isotope_13c,A,isotope_13c_031,0.48607054674541844,512
random encoder,isotope_13c,A,isotope_13c_032,0.5605468126110446,512
random encoder,isotope_13c,A,isotope_13c_033,0.22186803669438496,512
random encoder,isotope_13c,A,isotope_13c_034,0.38941894739992583,512
random encoder,isotope_13c,A,isotope_13c_035,0.2382841031651155,512
random encoder,isotope_13c,A,isotope_13c_036,0.71672536782061,512
random encoder,isotope_13c,A,isotope_13c_037,0.6360284177635076,512
random encoder,isotope_13c,A,isotope_13c_038,0.6936825765567851,512
random encoder,isotope_13c,A,isotope_13c_039,0.42431445728849276,512
random encoder,isotope_13c,A,isotope_13c_040,0.5852701008682167,512
random encoder,isotope_13c,A,isotope_13c_041,0.3319641681750263,512
random encoder,isotope_13c,A,isotope_13c_042,0.3105704033443473,512
random encoder,isotope_13c,A,isotope_13c_043,0.2531475645187484,512
random encoder,isotope_13c,A,isotope_13c_044,0.22685039372056146,512
random encoder,isotope_13c,A,isotope_13c_045,0.3283994392308216,512
random encoder,isotope_13c,A,isotope_13c_046,1.1485422664133647,512
random encoder,isotope_13c,A,isotope_13c_047,0.3483174261876102,512
random encoder,isotope_13c,A,isotope_13c_048,0.5088256309022935,512
random encoder,isotope_13c,A,isotope_13c_049,0.23084110527502874,512
random encoder,isotope_13c,A,isotope_13c_050,0.2661543111157633,512
random encoder,isotope_13c,A,isotope_13c_051,0.6645414221865805,512
random encoder,isotope_13c,A,isotope_13c_052,0.6917798689154824,512
random encoder,isotope_13c,A,isotope_13c_053,0.38299474744696893,512
random encoder,isotope_13c,A,isotope_13c_054,0.38625848013324,512
random encoder,isotope_13c,A,isotope_13c_055,0.4307553125657201,512
random encoder,isotope_13c,A,isotope_13c_056,0.18968383467717384,512
random encoder,isotope_13c,A,isotope_13c_057,1.1297445800684012,512
random encoder,isotope_13c,A,isotope_13c_058,0.4164228858047209,512
random encoder,isotope_13c,A,isotope_13c_059,0.2934088716526572,512
random encoder,isotope_13c,A,isotope_13c_060,0.2797319038037559,512
random encoder,isotope_13c,A,isotope_13c_061,0.6951479830996337,512
random encoder,isotope_13c,A,isotope_13c_062,0.6279038207696019,512
random encoder,isotope_13c,A,isotope_13c_063,0.582031495425359,512
random encoder,isotope_13c,A,isotope_13c_064,0.6940286478942922,512
random encoder,isotope_13c,A,isotope_13c_065,0.5918396033612652,512
random encoder,isotope_13c,A,isotope_13c_066,0.6022665886683707,512
random encoder,isotope_13c,A,isotope_13c_067,0.8608831575213688,512
random encoder,isotope_13c,A,isotope_13c_068,2.039148130528262,512
random encoder,isotope_13c,A,isotope_13c_069,0.9078860452500561,512
random encoder,isotope_13c,A,isotope_13c_070,0.37983332593017277,512
random encoder,isotope_13c,A,isotope_13c_071,0.7819424904652705,512
random encoder,isotope_13c,A,isotope_13c_072,0.4125563939076163,512
random encoder,isotope_13c,A,isotope_13c_073,0.41567143361334263,512
random encoder,isotope_13c,A,isotope_13c_074,0.5330668430668861,512
random encoder,isotope_13c,A,isotope_13c_075,0.5103881371235341,512
random encoder,isotope_13c,A,isotope_13c_076,0.4084160779708232,512
random encoder,isotope_13c,A,isotope_13c_077,0.3336253262414405,512
random encoder,isotope_13c,A,isotope_13c_078,0.6776823181564402,512
random encoder,isotope_13c,A,isotope_13c_079,0.4609171136053506,512
random encoder,isotope_13c,A,isotope_13c_080,0.36998250055199633,512
random encoder,isotope_13c,A,isotope_13c_081,0.23232123334396873,512
random encoder,isotope_13c,A,isotope_13c_082,0.2776281622984082,512
random encoder,isotope_13c,A,isotope_13c_083,0.6719216359011688,512
random encoder,isotope_13c,A,isotope_13c_084,0.3974724664150612,512
random encoder,isotope_13c,A,isotope_13c_085,0.32453324587977145,512
random encoder,isotope_13c,A,isotope_13c_086,1.3878599661423985,512
random encoder,isotope_13c,A,isotope_13c_087,0.8789444034589312,512
random encoder,isotope_13c,A,isotope_13c_088,0.4225431842146471,512
random encoder,isotope_13c,A,isotope_13c_089,0.42956824763801993,512
random encoder,isotope_13c,A,isotope_13c_090,0.7154625937289129,512
random encoder,isotope_13c,A,isotope_13c_091,0.5496252509073147,512
random encoder,isotope_13c,A,isotope_13c_092,0.31780064867845215,512
random encoder,isotope_13c,A,isotope_13c_093,0.22256570262658842,512
random encoder,isotope_13c,A,isotope_13c_094,0.32382605075142257,512
random encoder,isotope_13c,A,isotope_13c_095,0.32876861975427324,512
random encoder,isotope_13c,A,isotope_13c_096,0.6124332333584117,512
random encoder,isotope_13c,A,isotope_13c_097,1.0227403054063458,512
random encoder,isotope_13c,A,isotope_13c_098,0.31090710981877057,512
random encoder,isotope_13c,A,isotope_13c_099,0.48528262157843904,512
random encoder,ring_size,A,ring_size_000,0.3637656051479735,512
random encoder,ring_size,A,ring_size_001,0.20384902614027225,512
random encoder,ring_size,A,ring_size_002,0.14404017847762576,512
random encoder,ring_size,A,ring_size_003,0.21988466133444412,512
random encoder,ring_size,A,ring_size_004,0.12292662894288264,512
random encoder,ring_size,A,ring_size_005,0.1347452230587996,512
random encoder,ring_size,A,ring_size_006,0.1577240021576102,512
random encoder,ring_size,A,ring_size_007,0.4654104293979644,512
random encoder,ring_size,A,ring_size_008,0.2968131418244489,512
random encoder,ring_size,A,ring_size_009,0.14154733504276582,512
random encoder,ring_size,A,ring_size_010,0.22576361771008838,512
random encoder,ring_size,A,ring_size_011,0.278572441085898,512
random encoder,ring_size,A,ring_size_012,0.1266148633718502,512
random encoder,ring_size,A,ring_size_013,0.14924290885783628,512
random encoder,ring_size,A,ring_size_014,0.20376585203872155,512
random encoder,ring_size,A,ring_size_015,0.1636691027825598,512
random encoder,ring_size,A,ring_size_016,0.2882036371994396,512
random encoder,ring_size,A,ring_size_017,0.1636660910143884,512
random encoder,ring_size,A,ring_size_018,0.3637815613062523,512
random encoder,ring_size,A,ring_size_019,0.334534415205965,512
random encoder,ring_size,A,ring_size_020,0.1854542851730208,512
random encoder,ring_size,A,ring_size_021,0.1489871377945206,512
random encoder,ring_size,A,ring_size_022,0.3637593866449101,512
random encoder,ring_size,A,ring_size_023,0.30993606116817457,512
random encoder,ring_size,A,ring_size_024,0.19434771013280996,512
random encoder,ring_size,A,ring_size_025,0.16075492669017044,512
random encoder,ring_size,A,ring_size_026,0.27868566025226515,512
random encoder,ring_size,A,ring_size_027,0.163903939533767,512
random encoder,ring_size,A,ring_size_028,0.21406448315813736,512
random encoder,ring_size,A,ring_size_029,0.16719874246074432,512
random encoder,ring_size,A,ring_size_030,0.3795389687782982,512
random encoder,ring_size,A,ring_size_031,0.20354341847125232,512
random encoder,ring_size,A,ring_size_032,0.14903563495657693,512
random encoder,ring_size,A,ring_size_033,0.13474783600469414,512
random encoder,ring_size,A,ring_size_034,0.16717490701862256,512
random encoder,ring_size,A,ring_size_035,0.13694620918427325,512
random encoder,ring_size,A,ring_size_036,0.21403356325995623,512
random encoder,ring_size,A,ring_size_037,0.1607086781145415,512
random encoder,ring_size,A,ring_size_038,0.13695966400804488,512
random encoder,ring_size,A,ring_size_039,0.1779646887869397,512
random encoder,ring_size,A,ring_size_040,0.26132086859590126,512
random encoder,ring_size,A,ring_size_041,0.1439948824736013,512
random encoder,ring_size,A,ring_size_042,0.34858173977393936,512
random encoder,ring_size,A,ring_size_043,0.14896352500840895,512
random encoder,ring_size,A,ring_size_044,0.2534142782523681,512
random encoder,ring_size,A,ring_size_045,0.26115814341300775,512
random encoder,ring_size,A,ring_size_046,0.21978325832475615,512
random encoder,ring_size,A,ring_size_047,0.17783333495730602,512
random encoder,ring_size,A,ring_size_048,0.11763892238324106,512
random encoder,ring_size,A,ring_size_049,0.17788234264538885,512
random encoder,ring_size,A,ring_size_050,0.23855130723116735,512
random encoder,ring_size,A,ring_size_051,0.1305048783579141,512
random encoder,ring_size,A,ring_size_052,0.20877352982896413,512
random encoder,ring_size,A,ring_size_053,0.25802101712031894,512
random encoder,ring_size,A,ring_size_054,0.17758383044023324,512
random encoder,ring_size,A,ring_size_055,0.16383303779482852,512
random encoder,ring_size,A,ring_size_056,0.17785639925651003,512
random encoder,ring_size,A,ring_size_057,0.46570012459342486,512
random encoder,ring_size,A,ring_size_058,0.13682589560663644,512
random encoder,ring_size,A,ring_size_059,0.14664352089038213,512
random encoder,ring_size,A,ring_size_060,0.6443148558515767,512
random encoder,ring_size,A,ring_size_061,0.26134518188945294,512
random encoder,ring_size,A,ring_size_062,0.36367979585559673,512
random encoder,ring_size,A,ring_size_063,0.2141740004509221,512
random encoder,ring_size,A,ring_size_064,0.12285752466258332,512
random encoder,ring_size,A,ring_size_065,0.30981642259455017,512
random encoder,ring_size,A,ring_size_066,0.15773729836637346,512
random encoder,ring_size,A,ring_size_067,0.16381388879848743,512
random encoder,ring_size,A,ring_size_068,0.20342269141735547,512
random encoder,ring_size,A,ring_size_069,2.0921478280644945,512
random encoder,ring_size,A,ring_size_070,1.0473643493870872,512
random encoder,ring_size,A,ring_size_071,0.1814333108974843,512
random encoder,ring_size,A,ring_size_072,0.17034862959704644,512
random encoder,ring_size,A,ring_size_073,0.1575403518246641,512
random encoder,ring_size,A,ring_size_074,0.09377056661345999,512
random encoder,ring_size,A,ring_size_075,0.19893275115396536,512
random encoder,ring_size,A,ring_size_076,0.1670827348450564,512
random encoder,ring_size,A,ring_size_077,0.1740401848274474,512
random encoder,ring_size,A,ring_size_078,0.15772088900636702,512
random encoder,ring_size,A,ring_size_079,0.1144468981520277,512
random encoder,ring_size,A,ring_size_080,0.27903560505406483,512
random encoder,ring_size,A,ring_size_081,0.23195625404118358,512
random encoder,ring_size,A,ring_size_082,0.3098056527487933,512
random encoder,ring_size,A,ring_size_083,0.4644232622040241,512
random encoder,ring_size,A,ring_size_084,0.16714131029267526,512
random encoder,ring_size,A,ring_size_085,0.22009846391383478,512
random encoder,ring_size,A,ring_size_086,0.17398531414806256,512
random encoder,ring_size,A,ring_size_087,0.15752136395218885,512
random encoder,ring_size,A,ring_size_088,0.16071513090389758,512
random encoder,ring_size,A,ring_size_089,0.14652413254544305,512
random encoder,ring_size,A,ring_size_090,0.3638474945486517,512
random encoder,ring_size,A,ring_size_091,0.1519101044745086,512
random encoder,ring_size,A,ring_size_092,0.16053787209298617,512
random encoder,ring_size,A,ring_size_093,0.29855751472542696,512
random encoder,ring_size,A,ring_size_094,0.18169051592476443,512
random encoder,ring_size,A,ring_size_095,0.18167350199830132,512
random encoder,ring_size,A,ring_size_096,0.34872264118258955,512
random encoder,ring_size,A,ring_size_097,0.22553782601204653,512
random encoder,ring_size,A,ring_size_098,0.23875648805709246,512
random encoder,ring_size,A,ring_size_099,0.16383232063003533,512
random encoder,regioisomer,A,regioisomer_000,0.8316074558878666,512
random encoder,regioisomer,A,regioisomer_001,0.8156276586282454,512
random encoder,regioisomer,A,regioisomer_002,0.8242692563588878,512
random encoder,regioisomer,A,regioisomer_003,0.48410271398551824,512
random encoder,regioisomer,A,regioisomer_004,0.6524252776101472,512
random encoder,regioisomer,A,regioisomer_005,0.8145479932523394,512
random encoder,regioisomer,A,regioisomer_006,0.6642080623998348,512
random encoder,regioisomer,A,regioisomer_007,0.320727906128639,512
random encoder,regioisomer,A,regioisomer_008,0.35694731991150996,512
random encoder,regioisomer,A,regioisomer_009,0.709387397325748,512
random encoder,regioisomer,A,regioisomer_010,0.6570412204045152,512
random encoder,regioisomer,A,regioisomer_011,0.6791652681418748,512
random encoder,regioisomer,A,regioisomer_012,0.5793036298768164,512
random encoder,regioisomer,A,regioisomer_013,0.8287995997339093,512
random encoder,regioisomer,A,regioisomer_014,0.808581226428727,512
random encoder,regioisomer,A,regioisomer_015,0.5050837844359889,512
random encoder,regioisomer,A,regioisomer_016,0.8258059299879662,512
random encoder,regioisomer,A,regioisomer_017,0.8186075435033494,512
random encoder,regioisomer,A,regioisomer_018,0.8177771027372815,512
random encoder,regioisomer,A,regioisomer_019,0.48699603935903557,512
random encoder,regioisomer,A,regioisomer_020,0.5276092175686701,512
random encoder,regioisomer,A,regioisomer_021,0.8224047923844051,512
random encoder,regioisomer,A,regioisomer_022,0.8014322464714206,512
random encoder,regioisomer,A,regioisomer_023,0.4652769060394107,512
random encoder,regioisomer,A,regioisomer_024,0.46587884086790315,512
random encoder,regioisomer,A,regioisomer_025,0.81175450072683,512
random encoder,regioisomer,A,regioisomer_026,0.46471640041147816,512
random encoder,regioisomer,A,regioisomer_027,0.6303749749253312,512
random encoder,regioisomer,A,regioisomer_028,0.4704707457930541,512
random encoder,regioisomer,A,regioisomer_029,0.8189566238740916,512
random encoder,regioisomer,A,regioisomer_030,0.826077442175986,512
random encoder,regioisomer,A,regioisomer_031,0.8159888394061015,512
random encoder,regioisomer,A,regioisomer_032,0.8199373432100764,512
random encoder,regioisomer,A,regioisomer_033,0.5813500832943751,512
random encoder,regioisomer,A,regioisomer_034,0.8149776793162277,512
random encoder,regioisomer,A,regioisomer_035,0.47121787700998463,512
random encoder,regioisomer,A,regioisomer_036,0.830552685637353,512
random encoder,regioisomer,A,regioisomer_037,0.6613184100715711,512
random encoder,regioisomer,A,regioisomer_038,0.4689485607056747,512
random encoder,regioisomer,A,regioisomer_039,0.4992780972752451,512
random encoder,regioisomer,A,regioisomer_040,0.4603737655493593,512
random encoder,regioisomer,A,regioisomer_041,0.6606363589849027,512
random encoder,regioisomer,A,regioisomer_042,0.8212303566516194,512
random encoder,regioisomer,A,regioisomer_043,0.6754909354113137,512
random encoder,regioisomer,A,regioisomer_044,0.817460202432222,512
random encoder,regioisomer,A,regioisomer_045,0.5643171957417332,512
random encoder,regioisomer,A,regioisomer_046,0.46568375878042073,512
random encoder,regioisomer,A,regioisomer_047,0.8299660989709251,512
random encoder,regioisomer,A,regioisomer_048,0.8148173434385613,512
random encoder,regioisomer,A,regioisomer_049,0.4688897777879375,512
random encoder,regioisomer,A,regioisomer_050,0.4700673731792886,512
random encoder,regioisomer,A,regioisomer_051,0.8177771027372815,512
random encoder,regioisomer,A,regioisomer_052,0.4823037450710943,512
random encoder,regioisomer,A,regioisomer_053,0.5255093831822907,512
random encoder,regioisomer,A,regioisomer_054,0.6633188643139114,512
random encoder,regioisomer,A,regioisomer_055,0.8229056419819214,512
random encoder,regioisomer,A,regioisomer_056,0.6612614228268682,512
random encoder,regioisomer,A,regioisomer_057,0.8051424974505357,512
random encoder,regioisomer,A,regioisomer_058,0.8207729728680405,512
random encoder,regioisomer,A,regioisomer_059,0.5457982185201021,512
random encoder,regioisomer,A,regioisomer_060,0.8129697203671222,512
random encoder,regioisomer,A,regioisomer_061,0.44243177452207144,512
random encoder,regioisomer,A,regioisomer_062,0.6716816698864412,512
random encoder,regioisomer,A,regioisomer_063,0.8025699647151535,512
random encoder,regioisomer,A,regioisomer_064,0.8342516002546632,512
random encoder,regioisomer,A,regioisomer_065,0.8243085090834781,512
random encoder,regioisomer,A,regioisomer_066,0.4646285297488422,512
random encoder,regioisomer,A,regioisomer_067,0.5465365920381052,512
random encoder,regioisomer,A,regioisomer_068,0.815722438102366,512
random encoder,regioisomer,A,regioisomer_069,0.8128606026252777,512
random encoder,regioisomer,A,regioisomer_070,0.8175178479653816,512
random encoder,regioisomer,A,regioisomer_071,0.6707095576393083,512
random encoder,regioisomer,A,regioisomer_072,0.8108000201642521,512
random encoder,regioisomer,A,regioisomer_073,0.533193020110846,512
random encoder,regioisomer,A,regioisomer_074,0.667212532481965,512
random encoder,regioisomer,A,regioisomer_075,0.8100587064396175,512
random encoder,regioisomer,A,regioisomer_076,0.6617253542877665,512
random encoder,regioisomer,A,regioisomer_077,0.8388556521111963,512
random encoder,regioisomer,A,regioisomer_078,0.8293112784801849,512
random encoder,regioisomer,A,regioisomer_079,0.4656343330408684,512
random encoder,regioisomer,A,regioisomer_080,0.8252224736334375,512
random encoder,regioisomer,A,regioisomer_081,0.4940175343158496,512
random encoder,regioisomer,A,regioisomer_082,0.8150728982567212,512
random encoder,regioisomer,A,regioisomer_083,0.8196972428834365,512
random encoder,regioisomer,A,regioisomer_084,0.6883358524907157,512
random encoder,regioisomer,A,regioisomer_085,0.8240159537657783,512
random encoder,regioisomer,A,regioisomer_086,0.8071530340437083,512
random encoder,regioisomer,A,regioisomer_087,0.8031971455309849,512
random encoder,regioisomer,A,regioisomer_088,0.8190031202862429,512
random encoder,regioisomer,A,regioisomer_089,0.8186496845167189,512
random encoder,regioisomer,A,regioisomer_090,0.8135825287079459,512
random encoder,regioisomer,A,regioisomer_091,0.5406591394154836,512
random encoder,regioisomer,A,regioisomer_092,0.6772256770777485,512
random encoder,regioisomer,A,regioisomer_093,0.5774434562077299,512
random encoder,regioisomer,A,regioisomer_094,0.8302426567311258,512
random encoder,regioisomer,A,regioisomer_095,0.4637726106841696,512
random encoder,regioisomer,A,regioisomer_096,0.8299660989709251,512
random encoder,regioisomer,A,regioisomer_097,0.6519019240100246,512
random encoder,regioisomer,A,regioisomer_098,0.4795723057314495,512
random encoder,regioisomer,A,regioisomer_099,0.6656686278920313,512
random encoder,matched_mw,A,matched_mw_000,2.2900361463905865,512
random encoder,matched_mw,A,matched_mw_001,3.799969890260235,512
random encoder,matched_mw,A,matched_mw_002,6.750848996498141,512
random encoder,matched_mw,A,matched_mw_003,4.106043958112721,512
random encoder,matched_mw,A,matched_mw_004,4.139441384909248,512
random encoder,matched_mw,A,matched_mw_005,5.165266014648724,512
random encoder,matched_mw,A,matched_mw_006,3.763529760298865,512
random encoder,matched_mw,A,matched_mw_007,4.795708777209506,512
random encoder,matched_mw,A,matched_mw_008,3.6257354696842135,512
random encoder,matched_mw,A,matched_mw_009,6.451111349126798,512
random encoder,matched_mw,A,matched_mw_010,6.162914587492138,512
random encoder,matched_mw,A,matched_mw_011,6.332219481448793,512
random encoder,matched_mw,A,matched_mw_012,3.741290351983067,512
random encoder,matched_mw,A,matched_mw_013,3.578171789600771,512
random encoder,matched_mw,A,matched_mw_014,2.678526146442577,512
random encoder,matched_mw,A,matched_mw_015,6.807777995225048,512
random encoder,matched_mw,A,matched_mw_016,1.7333965847777006,512
random encoder,matched_mw,A,matched_mw_017,6.168888526750875,512
random encoder,matched_mw,A,matched_mw_018,8.068523215048085,512
random encoder,matched_mw,A,matched_mw_019,3.143325187750258,512
random encoder,matched_mw,A,matched_mw_020,6.462814885091967,512
random encoder,matched_mw,A,matched_mw_021,1.313527324307977,512
random encoder,matched_mw,A,matched_mw_022,1.144454502064591,512
random encoder,matched_mw,A,matched_mw_023,2.4806117731414523,512
random encoder,matched_mw,A,matched_mw_024,3.4195884439384976,512
random encoder,matched_mw,A,matched_mw_025,2.6293375753326758,512
random encoder,matched_mw,A,matched_mw_026,5.991646469706348,512
random encoder,matched_mw,A,matched_mw_027,1.8357751925003383,512
random encoder,matched_mw,A,matched_mw_028,2.854286765092366,512
random encoder,matched_mw,A,matched_mw_029,6.787935217832246,512
random encoder,matched_mw,A,matched_mw_030,6.384652460745185,512
random encoder,matched_mw,A,matched_mw_031,3.4501703756369033,512
random encoder,matched_mw,A,matched_mw_032,3.5910623312847556,512
random encoder,matched_mw,A,matched_mw_033,2.8833447613388863,512
random encoder,matched_mw,A,matched_mw_034,2.764356522583646,512
random encoder,matched_mw,A,matched_mw_035,1.5229559609242103,512
random encoder,matched_mw,A,matched_mw_036,1.8836795476070871,512
random encoder,matched_mw,A,matched_mw_037,3.716142612703687,512
random encoder,matched_mw,A,matched_mw_038,2.196962908778421,512
random encoder,matched_mw,A,matched_mw_039,3.469751704035246,512
random encoder,matched_mw,A,matched_mw_040,5.222594945440721,512
random encoder,matched_mw,A,matched_mw_041,4.73689200954844,512
random encoder,matched_mw,A,matched_mw_042,2.324799307031066,512
random encoder,matched_mw,A,matched_mw_043,2.5066224231152074,512
random encoder,matched_mw,A,matched_mw_044,2.1966477763901984,512
random encoder,matched_mw,A,matched_mw_045,2.835277695775216,512
random encoder,matched_mw,A,matched_mw_046,1.9714164572124877,512
random encoder,matched_mw,A,matched_mw_047,2.430358355660382,512
random encoder,matched_mw,A,matched_mw_048,2.6497185713215563,512
random encoder,matched_mw,A,matched_mw_049,2.471510598791841,512
random encoder,matched_mw,A,matched_mw_050,2.880150663356742,512
random encoder,matched_mw,A,matched_mw_051,2.5078036371294368,512
random encoder,matched_mw,A,matched_mw_052,3.5293878327160724,512
random encoder,matched_mw,A,matched_mw_053,3.6568251640417024,512
random encoder,matched_mw,A,matched_mw_054,2.346085909340971,512
random encoder,matched_mw,A,matched_mw_055,1.9493387695816717,512
random encoder,matched_mw,A,matched_mw_056,2.2185027287351544,512
random encoder,matched_mw,A,matched_mw_057,2.631209338041043,512
random encoder,matched_mw,A,matched_mw_058,0.9800550962620068,512
random encoder,matched_mw,A,matched_mw_059,0.8917583956007128,512
random encoder,matched_mw,A,matched_mw_060,2.096243045590046,512
random encoder,matched_mw,A,matched_mw_061,3.637537587545056,512
random encoder,matched_mw,A,matched_mw_062,0.9467656655826795,512
random encoder,matched_mw,A,matched_mw_063,3.559483041966262,512
random encoder,matched_mw,A,matched_mw_064,1.1521659862231273,512
random encoder,matched_mw,A,matched_mw_065,1.2189333849934039,512
random encoder,matched_mw,A,matched_mw_066,1.1368599846484742,512
random encoder,matched_mw,A,matched_mw_067,1.6465350462708035,512
random encoder,matched_mw,A,matched_mw_068,3.3022456132400317,512
random encoder,matched_mw,A,matched_mw_069,1.6336760465213602,512
random encoder,matched_mw,A,matched_mw_070,6.1144245895813985,512
random encoder,matched_mw,A,matched_mw_071,1.8014168687234111,512
random encoder,matched_mw,A,matched_mw_072,2.4597662874207225,512
random encoder,matched_mw,A,matched_mw_073,3.993926348926914,512
random encoder,matched_mw,A,matched_mw_074,2.611740224587501,512
random encoder,matched_mw,A,matched_mw_075,1.0102258717682895,512
random encoder,matched_mw,A,matched_mw_076,3.061722046487859,512
random encoder,matched_mw,A,matched_mw_077,0.8921558074369238,512
random encoder,matched_mw,A,matched_mw_078,0.729373915358663,512
random encoder,matched_mw,A,matched_mw_079,1.405543728529989,512
random encoder,matched_mw,A,matched_mw_080,1.1914654649258152,512
random encoder,matched_mw,A,matched_mw_081,2.678288497424786,512
random encoder,matched_mw,A,matched_mw_082,1.9806540583094272,512
random encoder,matched_mw,A,matched_mw_083,1.6571284036002052,512
random encoder,matched_mw,A,matched_mw_084,2.983154385273646,512
random encoder,matched_mw,A,matched_mw_085,1.324842675100708,512
random encoder,matched_mw,A,matched_mw_086,3.882946289154033,512
random encoder,matched_mw,A,matched_mw_087,4.034198923721056,512
random encoder,matched_mw,A,matched_mw_088,0.6811579721044538,512
random encoder,matched_mw,A,matched_mw_089,1.2917379721703377,512
random encoder,matched_mw,A,matched_mw_090,4.2578599485159225,512
random encoder,matched_mw,A,matched_mw_091,4.623711795361772,512
random encoder,matched_mw,A,matched_mw_092,3.047406612996561,512
random encoder,matched_mw,A,matched_mw_093,3.7781145943709076,512
random encoder,matched_mw,A,matched_mw_094,2.664002061834825,512
random encoder,matched_mw,A,matched_mw_095,4.016359415411886,512
random encoder,matched_mw,A,matched_mw_096,1.1985810169029694,512
random encoder,matched_mw,A,matched_mw_097,0.5450570351246286,512
random encoder,matched_mw,A,matched_mw_098,1.363640284623571,512
random encoder,matched_mw,A,matched_mw_099,2.092547116176433,512
random encoder,matched_descriptors,A,matched_descriptors_000,0.9528276003310046,512
random encoder,matched_descriptors,A,matched_descriptors_001,0.4721871979335237,512
random encoder,matched_descriptors,A,matched_descriptors_002,0.9589307916678369,512
random encoder,matched_descriptors,A,matched_descriptors_003,0.6474301067432808,512
random encoder,matched_descriptors,A,matched_descriptors_004,0.3646186941082293,512
random encoder,matched_descriptors,A,matched_descriptors_005,0.5620124346437033,512
random encoder,matched_descriptors,A,matched_descriptors_006,0.8715201648909147,512
random encoder,matched_descriptors,A,matched_descriptors_007,1.2580341761253384,512
random encoder,matched_descriptors,A,matched_descriptors_008,0.6946439222904099,512
random encoder,matched_descriptors,A,matched_descriptors_009,0.6282787036219929,512
random encoder,matched_descriptors,A,matched_descriptors_010,0.8772363689538263,512
random encoder,matched_descriptors,A,matched_descriptors_011,0.9448655093218017,512
random encoder,matched_descriptors,A,matched_descriptors_012,1.1658882484184228,512
random encoder,matched_descriptors,A,matched_descriptors_013,0.5428379770690518,512
random encoder,matched_descriptors,A,matched_descriptors_014,1.1083719913766117,512
random encoder,matched_descriptors,A,matched_descriptors_015,0.6709998728587706,512
random encoder,matched_descriptors,A,matched_descriptors_016,0.5505305228132595,512
random encoder,matched_descriptors,A,matched_descriptors_017,0.7270159414753923,512
random encoder,matched_descriptors,A,matched_descriptors_018,0.5982376614270319,512
random encoder,matched_descriptors,A,matched_descriptors_019,2.2947237088464365,512
random encoder,matched_descriptors,A,matched_descriptors_020,0.5924595847210079,512
random encoder,matched_descriptors,A,matched_descriptors_021,0.5519509162273444,512
random encoder,matched_descriptors,A,matched_descriptors_022,0.8058717648780634,512
random encoder,matched_descriptors,A,matched_descriptors_023,0.7767926320762145,512
random encoder,matched_descriptors,A,matched_descriptors_024,0.8771223876470274,512
random encoder,matched_descriptors,A,matched_descriptors_025,0.9132869911509132,512
random encoder,matched_descriptors,A,matched_descriptors_026,0.830522357802618,512
random encoder,matched_descriptors,A,matched_descriptors_027,0.935745966407036,512
random encoder,matched_descriptors,A,matched_descriptors_028,0.6784861267227554,512
random encoder,matched_descriptors,A,matched_descriptors_029,0.3442097882594168,512
random encoder,matched_descriptors,A,matched_descriptors_030,0.6769375369908116,512
random encoder,matched_descriptors,A,matched_descriptors_031,0.6198451802278903,512
random encoder,matched_descriptors,A,matched_descriptors_032,0.8324630829513124,512
random encoder,matched_descriptors,A,matched_descriptors_033,0.5015486963337695,512
random encoder,matched_descriptors,A,matched_descriptors_034,0.5548712609671447,512
random encoder,matched_descriptors,A,matched_descriptors_035,0.9034143143071356,512
random encoder,matched_descriptors,A,matched_descriptors_036,0.7081656868178645,512
random encoder,matched_descriptors,A,matched_descriptors_037,0.5775722000684346,512
random encoder,matched_descriptors,A,matched_descriptors_038,0.5277302366603667,512
random encoder,matched_descriptors,A,matched_descriptors_039,0.6391878697760116,512
random encoder,matched_descriptors,A,matched_descriptors_040,0.6166822311272379,512
random encoder,matched_descriptors,A,matched_descriptors_041,6.696262640995963,512
random encoder,matched_descriptors,A,matched_descriptors_042,0.4117577526076843,512
random encoder,matched_descriptors,A,matched_descriptors_043,6.39026805330534,512
random encoder,matched_descriptors,A,matched_descriptors_044,0.7422513420428133,512
random encoder,matched_descriptors,A,matched_descriptors_045,0.7331526870027087,512
random encoder,matched_descriptors,A,matched_descriptors_046,0.5337524634537413,512
random encoder,matched_descriptors,A,matched_descriptors_047,0.5863243730202258,512
random encoder,matched_descriptors,A,matched_descriptors_048,0.5537900821964686,512
random encoder,matched_descriptors,A,matched_descriptors_049,0.5759353846748012,512
random encoder,matched_descriptors,A,matched_descriptors_050,0.6444039701432382,512
random encoder,matched_descriptors,A,matched_descriptors_051,0.7845158460886104,512
random encoder,matched_descriptors,A,matched_descriptors_052,0.837797397327083,512
random encoder,matched_descriptors,A,matched_descriptors_053,1.114907285204279,512
random encoder,matched_descriptors,A,matched_descriptors_054,0.7731169067997867,512
random encoder,matched_descriptors,A,matched_descriptors_055,0.715864368588574,512
random encoder,matched_descriptors,A,matched_descriptors_056,0.8207095751045134,512
random encoder,matched_descriptors,A,matched_descriptors_057,1.3700059214271139,512
random encoder,matched_descriptors,A,matched_descriptors_058,0.7747234440293468,512
random encoder,matched_descriptors,A,matched_descriptors_059,0.6765406627973728,512
random encoder,matched_descriptors,A,matched_descriptors_060,1.028973316638806,512
random encoder,matched_descriptors,A,matched_descriptors_061,1.0419429629821741,512
random encoder,matched_descriptors,A,matched_descriptors_062,0.7770622671975003,512
random encoder,matched_descriptors,A,matched_descriptors_063,0.7131182539388904,512
random encoder,matched_descriptors,A,matched_descriptors_064,1.0630844089911307,512
random encoder,matched_descriptors,A,matched_descriptors_065,1.4027771148561192,512
random encoder,matched_descriptors,A,matched_descriptors_066,0.5100897059817997,512
random encoder,matched_descriptors,A,matched_descriptors_067,0.8145619149542521,512
random encoder,matched_descriptors,A,matched_descriptors_068,0.6017023012390013,512
random encoder,matched_descriptors,A,matched_descriptors_069,0.9009977050419941,512
random encoder,matched_descriptors,A,matched_descriptors_070,0.7571014639918684,512
random encoder,matched_descriptors,A,matched_descriptors_071,0.977797437350936,512
random encoder,matched_descriptors,A,matched_descriptors_072,0.9020050861744785,512
random encoder,matched_descriptors,A,matched_descriptors_073,0.5446375911653444,512
random encoder,matched_descriptors,A,matched_descriptors_074,0.8773529949195643,512
random encoder,matched_descriptors,A,matched_descriptors_075,0.8514153353634134,512
random encoder,matched_descriptors,A,matched_descriptors_076,1.046313366627156,512
random encoder,matched_descriptors,A,matched_descriptors_077,0.6645644271145321,512
random encoder,matched_descriptors,A,matched_descriptors_078,0.7405035068158757,512
random encoder,matched_descriptors,A,matched_descriptors_079,0.6800545614733406,512
random encoder,matched_descriptors,A,matched_descriptors_080,0.8216050796858713,512
random encoder,matched_descriptors,A,matched_descriptors_081,0.8825918554671477,512
random encoder,matched_descriptors,A,matched_descriptors_082,0.6414681658960734,512
random encoder,matched_descriptors,A,matched_descriptors_083,0.633917606128877,512
random encoder,matched_descriptors,A,matched_descriptors_084,1.3255701553311325,512
random encoder,matched_descriptors,A,matched_descriptors_085,0.6217594843034844,512
random encoder,matched_descriptors,A,matched_descriptors_086,1.09346650181757,512
random encoder,matched_descriptors,A,matched_descriptors_087,0.5595445019437093,512
random encoder,matched_descriptors,A,matched_descriptors_088,1.5208043553728074,512
random encoder,matched_descriptors,A,matched_descriptors_089,0.9778983748276959,512
random encoder,matched_descriptors,A,matched_descriptors_090,1.185032192481128,512
random encoder,matched_descriptors,A,matched_descriptors_091,0.6778554241759056,512
random encoder,matched_descriptors,A,matched_descriptors_092,1.1349987219383306,512
random encoder,matched_descriptors,A,matched_descriptors_093,2.770490511572908,512
random encoder,matched_descriptors,A,matched_descriptors_094,0.8198503988762614,512
random encoder,matched_descriptors,A,matched_descriptors_095,0.41855466627553317,512
random encoder,matched_descriptors,A,matched_descriptors_096,0.7181770184169978,512
random encoder,matched_descriptors,A,matched_descriptors_097,0.916648404651529,512
random encoder,matched_descriptors,A,matched_descriptors_098,0.7146690731838545,512
random encoder,matched_descriptors,A,matched_descriptors_099,0.6245775000516581,512
random encoder,smiles_enumeration,B,smiles_enumeration_000,0.0,512
random encoder,smiles_enumeration,B,smiles_enumeration_001,0.0,512
random encoder,smiles_enumeration,B,smiles_enumeration_002,0.0,512
random encoder,smiles_enumeration,B,smiles_enumeration_003,0.0,512
random encoder,smiles_enumeration,B,smiles_enumeration_004,0.0,512
random encoder,smiles_enumeration,B,smiles_enumeration_005,0.0,512
random encoder,smiles_enumeration,B,smiles_enumeration_006,0.0,512
random encoder,smiles_enumeration,B,smiles_enumeration_007,0.0,512
random encoder,smiles_enumeration,B,smiles_enumeration_008,0.0,512
random encoder,smiles_enumeration,B,smiles_enumeration_009,0.0,512
random encoder,smiles_enumeration,B,smiles_enumeration_010,0.0,512
random encoder,smiles_enumeration,B,smiles_enumeration_011,0.0,512
random encoder,smiles_enumeration,B,smiles_enumeration_012,0.0,512
random encoder,smiles_enumeration,B,smiles_enumeration_013,0.0,512
random encoder,smiles_enumeration,B,smiles_enumeration_014,0.0,512
random encoder,smiles_enumeration,B,smiles_enumeration_015,0.0,512
random encoder,smiles_enumeration,B,smiles_enumeration_016,0.0,512
random encoder,smiles_enumeration,B,smiles_enumeration_017,0.0,512
random encoder,smiles_enumeration,B,smiles_enumeration_018,0.0,512
random encoder,smiles_enumeration,B,smiles_enumeration_019,0.0,512
random encoder,smiles_enumeration,B,smiles_enumeration_020,0.0,512
random encoder,smiles_enumeration,B,smiles_enumeration_021,0.0,512
random encoder,smiles_enumeration,B,smiles_enumeration_022,0.0,512
random encoder,smiles_enumeration,B,smiles_enumeration_023,0.0,512
random encoder,smiles_enumeration,B,smiles_enumeration_024,0.0,512
random encoder,smiles_enumeration,B,smiles_enumeration_025,0.0,512
random encoder,smiles_enumeration,B,smiles_enumeration_026,0.0,512
random encoder,smiles_enumeration,B,smiles_enumeration_027,0.0,512
random encoder,smiles_enumeration,B,smiles_enumeration_028,0.0,512
random encoder,smiles_enumeration,B,smiles_enumeration_029,0.0,512
random encoder,smiles_enumeration,B,smiles_enumeration_030,0.0,512
random encoder,smiles_enumeration,B,smiles_enumeration_031,0.0,512
random encoder,smiles_enumeration,B,smiles_enumeration_032,0.0,512
random encoder,smiles_enumeration,B,smiles_enumeration_033,0.0,512
random encoder,smiles_enumeration,B,smiles_enumeration_034,0.0,512
random encoder,smiles_enumeration,B,smiles_enumeration_035,0.0,512
random encoder,smiles_enumeration,B,smiles_enumeration_036,0.0,512
random encoder,smiles_enumeration,B,smiles_enumeration_037,0.0,512
random encoder,smiles_enumeration,B,smiles_enumeration_038,0.0,512
random encoder,smiles_enumeration,B,smiles_enumeration_039,0.0,512
random encoder,smiles_enumeration,B,smiles_enumeration_040,0.0,512
random encoder,smiles_enumeration,B,smiles_enumeration_041,0.0,512
random encoder,smiles_enumeration,B,smiles_enumeration_042,0.0,512
random encoder,smiles_enumeration,B,smiles_enumeration_043,0.0,512
random encoder,smiles_enumeration,B,smiles_enumeration_044,0.0,512
random encoder,smiles_enumeration,B,smiles_enumeration_045,0.0,512
random encoder,smiles_enumeration,B,smiles_enumeration_046,0.0,512
random encoder,smiles_enumeration,B,smiles_enumeration_047,0.0,512
random encoder,smiles_enumeration,B,smiles_enumeration_048,0.0,512
random encoder,smiles_enumeration,B,smiles_enumeration_049,0.0,512
random encoder,smiles_enumeration,B,smiles_enumeration_050,0.0,512
random encoder,smiles_enumeration,B,smiles_enumeration_051,0.0,512
random encoder,smiles_enumeration,B,smiles_enumeration_052,0.0,512
random encoder,smiles_enumeration,B,smiles_enumeration_053,0.0,512
random encoder,smiles_enumeration,B,smiles_enumeration_054,0.0,512
random encoder,smiles_enumeration,B,smiles_enumeration_055,0.0,512
random encoder,smiles_enumeration,B,smiles_enumeration_056,0.0,512
random encoder,smiles_enumeration,B,smiles_enumeration_057,0.0,512
random encoder,smiles_enumeration,B,smiles_enumeration_058,0.0,512
random encoder,smiles_enumeration,B,smiles_enumeration_059,0.0,512
random encoder,smiles_enumeration,B,smiles_enumeration_060,0.0,512
random encoder,smiles_enumeration,B,smiles_enumeration_061,0.0,512
random encoder,smiles_enumeration,B,smiles_enumeration_062,0.0,512
random encoder,smiles_enumeration,B,smiles_enumeration_063,0.0,512
random encoder,smiles_enumeration,B,smiles_enumeration_064,0.0,512
random encoder,smiles_enumeration,B,smiles_enumeration_065,0.0,512
random encoder,smiles_enumeration,B,smiles_enumeration_066,0.0,512
random encoder,smiles_enumeration,B,smiles_enumeration_067,0.0,512
random encoder,smiles_enumeration,B,smiles_enumeration_068,0.0,512
random encoder,smiles_enumeration,B,smiles_enumeration_069,0.0,512
random encoder,smiles_enumeration,B,smiles_enumeration_070,0.0,512
random encoder,smiles_enumeration,B,smiles_enumeration_071,0.0,512
random encoder,smiles_enumeration,B,smiles_enumeration_072,0.0,512
random encoder,smiles_enumeration,B,smiles_enumeration_073,0.0,512
random encoder,smiles_enumeration,B,smiles_enumeration_074,0.0,512
random encoder,smiles_enumeration,B,smiles_enumeration_075,0.0,512
random encoder,smiles_enumeration,B,smiles_enumeration_076,0.0,512
random encoder,smiles_enumeration,B,smiles_enumeration_077,0.0,512
random encoder,smiles_enumeration,B,smiles_enumeration_078,0.0,512
random encoder,smiles_enumeration,B,smiles_enumeration_079,0.0,512
random encoder,smiles_enumeration,B,smiles_enumeration_080,0.0,512
random encoder,smiles_enumeration,B,smiles_enumeration_081,0.0,512
random encoder,smiles_enumeration,B,smiles_enumeration_082,0.0,512
random encoder,smiles_enumeration,B,smiles_enumeration_083,0.0,512
random encoder,smiles_enumeration,B,smiles_enumeration_084,0.0,512
random encoder,smiles_enumeration,B,smiles_enumeration_085,0.0,512
random encoder,smiles_enumeration,B,smiles_enumeration_086,0.0,512
random encoder,smiles_enumeration,B,smiles_enumeration_087,0.0,512
random encoder,smiles_enumeration,B,smiles_enumeration_088,0.0,512
random encoder,smiles_enumeration,B,smiles_enumeration_089,0.0,512
random encoder,smiles_enumeration,B,smiles_enumeration_090,0.0,512
random encoder,smiles_enumeration,B,smiles_enumeration_091,0.0,512
random encoder,smiles_enumeration,B,smiles_enumeration_092,0.0,512
random encoder,smiles_enumeration,B,smiles_enumeration_093,0.0,512
random encoder,smiles_enumeration,B,smiles_enumeration_094,0.0,512
random encoder,smiles_enumeration,B,smiles_enumeration_095,0.0,512
random encoder,smiles_enumeration,B,smiles_enumeration_096,0.0,512
random encoder,smiles_enumeration,B,smiles_enumeration_097,0.0,512
random encoder,smiles_enumeration,B,smiles_enumeration_098,0.0,512
random encoder,smiles_enumeration,B,smiles_enumeration_099,0.0,512
random encoder,kekule,B,kekule_000,0.0,512
random encoder,kekule,B,kekule_001,0.0,512
random encoder,kekule,B,kekule_002,0.0,512
random encoder,kekule,B,kekule_003,0.0,512
random encoder,kekule,B,kekule_004,0.0,512
random encoder,kekule,B,kekule_005,0.0,512
random encoder,kekule,B,kekule_006,0.0,512
random encoder,kekule,B,kekule_007,0.0,512
random encoder,kekule,B,kekule_008,0.0,512
random encoder,kekule,B,kekule_009,0.0,512
random encoder,kekule,B,kekule_010,0.0,512
random encoder,kekule,B,kekule_011,0.0,512
random encoder,kekule,B,kekule_012,0.0,512
random encoder,kekule,B,kekule_013,0.0,512
random encoder,kekule,B,kekule_014,0.0,512
random encoder,kekule,B,kekule_015,0.0,512
random encoder,kekule,B,kekule_016,0.0,512
random encoder,kekule,B,kekule_017,0.0,512
random encoder,kekule,B,kekule_018,0.0,512
random encoder,kekule,B,kekule_019,0.0,512
random encoder,kekule,B,kekule_020,0.0,512
random encoder,kekule,B,kekule_021,0.0,512
random encoder,kekule,B,kekule_022,0.0,512
random encoder,kekule,B,kekule_023,0.0,512
random encoder,kekule,B,kekule_024,0.0,512
random encoder,kekule,B,kekule_025,0.0,512
random encoder,kekule,B,kekule_026,0.0,512
random encoder,kekule,B,kekule_027,0.0,512
random encoder,kekule,B,kekule_028,0.0,512
random encoder,kekule,B,kekule_029,0.0,512
random encoder,kekule,B,kekule_030,0.0,512
random encoder,kekule,B,kekule_031,0.0,512
random encoder,kekule,B,kekule_032,0.0,512
random encoder,kekule,B,kekule_033,0.0,512
random encoder,kekule,B,kekule_034,0.0,512
random encoder,kekule,B,kekule_035,0.0,512
random encoder,kekule,B,kekule_036,0.0,512
random encoder,kekule,B,kekule_037,0.0,512
random encoder,kekule,B,kekule_038,0.0,512
random encoder,kekule,B,kekule_039,0.0,512
random encoder,kekule,B,kekule_040,0.0,512
random encoder,kekule,B,kekule_041,0.0,512
random encoder,kekule,B,kekule_042,0.0,512
random encoder,kekule,B,kekule_043,0.0,512
random encoder,kekule,B,kekule_044,0.0,512
random encoder,kekule,B,kekule_045,0.0,512
random encoder,kekule,B,kekule_046,0.0,512
random encoder,kekule,B,kekule_047,0.0,512
random encoder,kekule,B,kekule_048,0.0,512
random encoder,kekule,B,kekule_049,0.0,512
random encoder,kekule,B,kekule_050,0.0,512
random encoder,kekule,B,kekule_051,0.0,512
random encoder,kekule,B,kekule_052,0.0,512
random encoder,kekule,B,kekule_053,0.0,512
random encoder,kekule,B,kekule_054,0.0,512
random encoder,kekule,B,kekule_055,0.0,512
random encoder,kekule,B,kekule_056,0.0,512
random encoder,kekule,B,kekule_057,0.0,512
random encoder,kekule,B,kekule_058,0.0,512
random encoder,kekule,B,kekule_059,0.0,512
random encoder,kekule,B,kekule_060,0.0,512
random encoder,kekule,B,kekule_061,0.0,512
random encoder,kekule,B,kekule_062,0.0,512
random encoder,kekule,B,kekule_063,0.0,512
random encoder,kekule,B,kekule_064,0.0,512
random encoder,kekule,B,kekule_065,0.0,512
random encoder,kekule,B,kekule_066,0.0,512
random encoder,kekule,B,kekule_067,0.0,512
random encoder,kekule,B,kekule_068,0.0,512
random encoder,kekule,B,kekule_069,0.0,512
random encoder,kekule,B,kekule_070,0.0,512
random encoder,kekule,B,kekule_071,0.0,512
random encoder,kekule,B,kekule_072,0.0,512
random encoder,kekule,B,kekule_073,0.0,512
random encoder,kekule,B,kekule_074,0.0,512
random encoder,kekule,B,kekule_075,0.0,512
random encoder,kekule,B,kekule_076,0.0,512
random encoder,kekule,B,kekule_077,0.0,512
random encoder,kekule,B,kekule_078,0.0,512
random encoder,kekule,B,kekule_079,0.0,512
random encoder,kekule,B,kekule_080,0.0,512
random encoder,kekule,B,kekule_081,0.0,512
random encoder,kekule,B,kekule_082,0.0,512
random encoder,kekule,B,kekule_083,0.0,512
random encoder,kekule,B,kekule_084,0.0,512
random encoder,kekule,B,kekule_085,0.0,512
random encoder,kekule,B,kekule_086,0.0,512
random encoder,kekule,B,kekule_087,0.0,512
random encoder,kekule,B,kekule_088,0.0,512
random encoder,kekule,B,kekule_089,0.0,512
random encoder,kekule,B,kekule_090,0.0,512
random encoder,kekule,B,kekule_091,0.0,512
random encoder,kekule,B,kekule_092,0.0,512
random encoder,kekule,B,kekule_093,0.0,512
random encoder,kekule,B,kekule_094,0.0,512
random encoder,kekule,B,kekule_095,0.0,512
random encoder,kekule,B,kekule_096,0.0,512
random encoder,kekule,B,kekule_097,0.0,512
random encoder,kekule,B,kekule_098,0.0,512
random encoder,kekule,B,kekule_099,0.0,512
random encoder,symmetry_equivalent,B,symmetry_equivalent_000,0.0,512
random encoder,symmetry_equivalent,B,symmetry_equivalent_001,0.0,512
random encoder,symmetry_equivalent,B,symmetry_equivalent_002,0.0,512
random encoder,symmetry_equivalent,B,symmetry_equivalent_003,0.0,512
random encoder,symmetry_equivalent,B,symmetry_equivalent_004,0.0,512
random encoder,symmetry_equivalent,B,symmetry_equivalent_005,0.0,512
random encoder,symmetry_equivalent,B,symmetry_equivalent_006,0.0,512
random encoder,symmetry_equivalent,B,symmetry_equivalent_007,0.0,512
random encoder,symmetry_equivalent,B,symmetry_equivalent_008,0.0,512
random encoder,symmetry_equivalent,B,symmetry_equivalent_009,0.0,512
random encoder,symmetry_equivalent,B,symmetry_equivalent_010,0.0,512
random encoder,symmetry_equivalent,B,symmetry_equivalent_011,0.0,512
random encoder,symmetry_equivalent,B,symmetry_equivalent_012,0.0,512
random encoder,symmetry_equivalent,B,symmetry_equivalent_013,0.0,512
random encoder,symmetry_equivalent,B,symmetry_equivalent_014,0.0,512
random encoder,symmetry_equivalent,B,symmetry_equivalent_015,0.0,512
random encoder,symmetry_equivalent,B,symmetry_equivalent_016,0.0,512
random encoder,symmetry_equivalent,B,symmetry_equivalent_017,0.0,512
random encoder,symmetry_equivalent,B,symmetry_equivalent_018,0.0,512
random encoder,symmetry_equivalent,B,symmetry_equivalent_019,0.0,512
random encoder,symmetry_equivalent,B,symmetry_equivalent_020,0.0,512
random encoder,symmetry_equivalent,B,symmetry_equivalent_021,0.0,512
random encoder,symmetry_equivalent,B,symmetry_equivalent_022,0.0,512
random encoder,symmetry_equivalent,B,symmetry_equivalent_023,0.0,512
random encoder,symmetry_equivalent,B,symmetry_equivalent_024,0.0,512
random encoder,symmetry_equivalent,B,symmetry_equivalent_025,0.0,512
random encoder,symmetry_equivalent,B,symmetry_equivalent_026,0.0,512
random encoder,symmetry_equivalent,B,symmetry_equivalent_027,0.0,512
random encoder,symmetry_equivalent,B,symmetry_equivalent_028,0.0,512
random encoder,symmetry_equivalent,B,symmetry_equivalent_029,0.0,512
random encoder,symmetry_equivalent,B,symmetry_equivalent_030,0.0,512
random encoder,symmetry_equivalent,B,symmetry_equivalent_031,0.0,512
random encoder,symmetry_equivalent,B,symmetry_equivalent_032,0.0,512
random encoder,symmetry_equivalent,B,symmetry_equivalent_033,0.0,512
random encoder,symmetry_equivalent,B,symmetry_equivalent_034,0.0,512
random encoder,symmetry_equivalent,B,symmetry_equivalent_035,0.0,512
random encoder,symmetry_equivalent,B,symmetry_equivalent_036,0.0,512
random encoder,symmetry_equivalent,B,symmetry_equivalent_037,0.0,512
random encoder,symmetry_equivalent,B,symmetry_equivalent_038,0.0,512
random encoder,symmetry_equivalent,B,symmetry_equivalent_039,0.0,512
random encoder,symmetry_equivalent,B,symmetry_equivalent_040,0.0,512
random encoder,symmetry_equivalent,B,symmetry_equivalent_041,0.0,512
random encoder,symmetry_equivalent,B,symmetry_equivalent_042,0.0,512
random encoder,symmetry_equivalent,B,symmetry_equivalent_043,0.0,512
random encoder,symmetry_equivalent,B,symmetry_equivalent_044,0.0,512
random encoder,symmetry_equivalent,B,symmetry_equivalent_045,0.0,512
random encoder,symmetry_equivalent,B,symmetry_equivalent_046,0.0,512
random encoder,symmetry_equivalent,B,symmetry_equivalent_047,0.0,512
random encoder,symmetry_equivalent,B,symmetry_equivalent_048,0.0,512
random encoder,symmetry_equivalent,B,symmetry_equivalent_049,0.0,512
random encoder,symmetry_equivalent,B,symmetry_equivalent_050,0.0,512
random encoder,symmetry_equivalent,B,symmetry_equivalent_051,0.0,512
random encoder,symmetry_equivalent,B,symmetry_equivalent_052,0.0,512
random encoder,symmetry_equivalent,B,symmetry_equivalent_053,0.0,512
random encoder,symmetry_equivalent,B,symmetry_equivalent_054,0.0,512
random encoder,symmetry_equivalent,B,symmetry_equivalent_055,0.0,512
random encoder,symmetry_equivalent,B,symmetry_equivalent_056,0.0,512
random encoder,symmetry_equivalent,B,symmetry_equivalent_057,0.0,512
random encoder,symmetry_equivalent,B,symmetry_equivalent_058,0.0,512
random encoder,symmetry_equivalent,B,symmetry_equivalent_059,0.0,512
random encoder,symmetry_equivalent,B,symmetry_equivalent_060,0.0,512
random encoder,symmetry_equivalent,B,symmetry_equivalent_061,0.0,512
random encoder,symmetry_equivalent,B,symmetry_equivalent_062,0.0,512
random encoder,symmetry_equivalent,B,symmetry_equivalent_063,0.0,512
random encoder,symmetry_equivalent,B,symmetry_equivalent_064,0.0,512
random encoder,symmetry_equivalent,B,symmetry_equivalent_065,0.0,512
random encoder,symmetry_equivalent,B,symmetry_equivalent_066,0.0,512
random encoder,symmetry_equivalent,B,symmetry_equivalent_067,0.0,512
random encoder,symmetry_equivalent,B,symmetry_equivalent_068,0.0,512
random encoder,symmetry_equivalent,B,symmetry_equivalent_069,0.0,512
random encoder,symmetry_equivalent,B,symmetry_equivalent_070,0.0,512
random encoder,symmetry_equivalent,B,symmetry_equivalent_071,0.0,512
random encoder,symmetry_equivalent,B,symmetry_equivalent_072,0.0,512
random encoder,symmetry_equivalent,B,symmetry_equivalent_073,0.0,512
random encoder,symmetry_equivalent,B,symmetry_equivalent_074,0.0,512
random encoder,symmetry_equivalent,B,symmetry_equivalent_075,0.0,512
random encoder,symmetry_equivalent,B,symmetry_equivalent_076,0.0,512
random encoder,symmetry_equivalent,B,symmetry_equivalent_077,0.0,512
random encoder,symmetry_equivalent,B,symmetry_equivalent_078,0.0,512
random encoder,symmetry_equivalent,B,symmetry_equivalent_079,0.0,512
random encoder,symmetry_equivalent,B,symmetry_equivalent_080,0.0,512
random encoder,symmetry_equivalent,B,symmetry_equivalent_081,0.0,512
random encoder,symmetry_equivalent,B,symmetry_equivalent_082,0.0,512
random encoder,symmetry_equivalent,B,symmetry_equivalent_083,0.0,512
random encoder,symmetry_equivalent,B,symmetry_equivalent_084,0.0,512
random encoder,symmetry_equivalent,B,symmetry_equivalent_085,0.0,512
random encoder,symmetry_equivalent,B,symmetry_equivalent_086,0.0,512
random encoder,symmetry_equivalent,B,symmetry_equivalent_087,0.0,512
random encoder,symmetry_equivalent,B,symmetry_equivalent_088,0.0,512
random encoder,symmetry_equivalent,B,symmetry_equivalent_089,0.0,512
random encoder,symmetry_equivalent,B,symmetry_equivalent_090,0.0,512
random encoder,symmetry_equivalent,B,symmetry_equivalent_091,0.0,512
random encoder,symmetry_equivalent,B,symmetry_equivalent_092,0.0,512
random encoder,symmetry_equivalent,B,symmetry_equivalent_093,0.0,512
random encoder,symmetry_equivalent,B,symmetry_equivalent_094,0.0,512
random encoder,symmetry_equivalent,B,symmetry_equivalent_095,0.0,512
random encoder,symmetry_equivalent,B,symmetry_equivalent_096,0.0,512
random encoder,symmetry_equivalent,B,symmetry_equivalent_097,0.0,512
random encoder,symmetry_equivalent,B,symmetry_equivalent_098,0.0,512
random encoder,symmetry_equivalent,B,symmetry_equivalent_099,0.0,512
ECFP4 stereo-blind,stereo_flip,A,stereo_flip_000,0.0,2027
ECFP4 stereo-blind,stereo_flip,A,stereo_flip_001,0.0,2027
ECFP4 stereo-blind,stereo_flip,A,stereo_flip_002,0.0,2027
ECFP4 stereo-blind,stereo_flip,A,stereo_flip_003,0.0,2027
ECFP4 stereo-blind,stereo_flip,A,stereo_flip_004,0.0,2027
ECFP4 stereo-blind,stereo_flip,A,stereo_flip_005,0.0,2027
ECFP4 stereo-blind,stereo_flip,A,stereo_flip_006,0.0,2027
ECFP4 stereo-blind,stereo_flip,A,stereo_flip_007,0.0,2027
ECFP4 stereo-blind,stereo_flip,A,stereo_flip_008,0.0,2027
ECFP4 stereo-blind,stereo_flip,A,stereo_flip_009,0.0,2027
ECFP4 stereo-blind,stereo_flip,A,stereo_flip_010,0.0,2027
ECFP4 stereo-blind,stereo_flip,A,stereo_flip_011,0.0,2027
ECFP4 stereo-blind,stereo_flip,A,stereo_flip_012,0.0,2027
ECFP4 stereo-blind,stereo_flip,A,stereo_flip_013,0.0,2027
ECFP4 stereo-blind,stereo_flip,A,stereo_flip_014,0.0,2027
ECFP4 stereo-blind,stereo_flip,A,stereo_flip_015,0.0,2027
ECFP4 stereo-blind,stereo_flip,A,stereo_flip_016,0.0,2027
ECFP4 stereo-blind,stereo_flip,A,stereo_flip_017,0.0,2027
ECFP4 stereo-blind,stereo_flip,A,stereo_flip_018,0.0,2027
ECFP4 stereo-blind,stereo_flip,A,stereo_flip_019,0.0,2027
ECFP4 stereo-blind,stereo_flip,A,stereo_flip_020,0.0,2027
ECFP4 stereo-blind,stereo_flip,A,stereo_flip_021,0.0,2027
ECFP4 stereo-blind,stereo_flip,A,stereo_flip_022,0.0,2027
ECFP4 stereo-blind,stereo_flip,A,stereo_flip_023,0.0,2027
ECFP4 stereo-blind,stereo_flip,A,stereo_flip_024,0.0,2027
ECFP4 stereo-blind,stereo_flip,A,stereo_flip_025,0.0,2027
ECFP4 stereo-blind,stereo_flip,A,stereo_flip_026,0.0,2027
ECFP4 stereo-blind,stereo_flip,A,stereo_flip_027,0.0,2027
ECFP4 stereo-blind,stereo_flip,A,stereo_flip_028,0.0,2027
ECFP4 stereo-blind,stereo_flip,A,stereo_flip_029,0.0,2027
ECFP4 stereo-blind,stereo_flip,A,stereo_flip_030,0.0,2027
ECFP4 stereo-blind,stereo_flip,A,stereo_flip_031,0.0,2027
ECFP4 stereo-blind,stereo_flip,A,stereo_flip_032,0.0,2027
ECFP4 stereo-blind,stereo_flip,A,stereo_flip_033,0.0,2027
ECFP4 stereo-blind,stereo_flip,A,stereo_flip_034,0.0,2027
ECFP4 stereo-blind,stereo_flip,A,stereo_flip_035,0.0,2027
ECFP4 stereo-blind,stereo_flip,A,stereo_flip_036,0.0,2027
ECFP4 stereo-blind,stereo_flip,A,stereo_flip_037,0.0,2027
ECFP4 stereo-blind,stereo_flip,A,stereo_flip_038,0.0,2027
ECFP4 stereo-blind,stereo_flip,A,stereo_flip_039,0.0,2027
ECFP4 stereo-blind,stereo_flip,A,stereo_flip_040,0.0,2027
ECFP4 stereo-blind,stereo_flip,A,stereo_flip_041,0.0,2027
ECFP4 stereo-blind,stereo_flip,A,stereo_flip_042,0.0,2027
ECFP4 stereo-blind,stereo_flip,A,stereo_flip_043,0.0,2027
ECFP4 stereo-blind,stereo_flip,A,stereo_flip_044,0.0,2027
ECFP4 stereo-blind,stereo_flip,A,stereo_flip_045,0.0,2027
ECFP4 stereo-blind,stereo_flip,A,stereo_flip_046,0.0,2027
ECFP4 stereo-blind,stereo_flip,A,stereo_flip_047,0.0,2027
ECFP4 stereo-blind,stereo_flip,A,stereo_flip_048,0.0,2027
ECFP4 stereo-blind,stereo_flip,A,stereo_flip_049,0.0,2027
ECFP4 stereo-blind,stereo_flip,A,stereo_flip_050,0.0,2027
ECFP4 stereo-blind,stereo_flip,A,stereo_flip_051,0.0,2027
ECFP4 stereo-blind,stereo_flip,A,stereo_flip_052,0.0,2027
ECFP4 stereo-blind,stereo_flip,A,stereo_flip_053,0.0,2027
ECFP4 stereo-blind,stereo_flip,A,stereo_flip_054,0.0,2027
ECFP4 stereo-blind,stereo_flip,A,stereo_flip_055,0.0,2027
ECFP4 stereo-blind,stereo_flip,A,stereo_flip_056,0.0,2027
ECFP4 stereo-blind,stereo_flip,A,stereo_flip_057,0.0,2027
ECFP4 stereo-blind,stereo_flip,A,stereo_flip_058,0.0,2027
ECFP4 stereo-blind,stereo_flip,A,stereo_flip_059,0.0,2027
ECFP4 stereo-blind,stereo_flip,A,stereo_flip_060,0.0,2027
ECFP4 stereo-blind,stereo_flip,A,stereo_flip_061,0.0,2027
ECFP4 stereo-blind,stereo_flip,A,stereo_flip_062,0.0,2027
ECFP4 stereo-blind,stereo_flip,A,stereo_flip_063,0.0,2027
ECFP4 stereo-blind,stereo_flip,A,stereo_flip_064,0.0,2027
ECFP4 stereo-blind,stereo_flip,A,stereo_flip_065,0.0,2027
ECFP4 stereo-blind,stereo_flip,A,stereo_flip_066,0.0,2027
ECFP4 stereo-blind,stereo_flip,A,stereo_flip_067,0.0,2027
ECFP4 stereo-blind,stereo_flip,A,stereo_flip_068,0.0,2027
ECFP4 stereo-blind,stereo_flip,A,stereo_flip_069,0.0,2027
ECFP4 stereo-blind,stereo_flip,A,stereo_flip_070,0.0,2027
ECFP4 stereo-blind,stereo_flip,A,stereo_flip_071,0.0,2027
ECFP4 stereo-blind,stereo_flip,A,stereo_flip_072,0.0,2027
ECFP4 stereo-blind,stereo_flip,A,stereo_flip_073,0.0,2027
ECFP4 stereo-blind,stereo_flip,A,stereo_flip_074,0.0,2027
ECFP4 stereo-blind,stereo_flip,A,stereo_flip_075,0.0,2027
ECFP4 stereo-blind,stereo_flip,A,stereo_flip_076,0.0,2027
ECFP4 stereo-blind,stereo_flip,A,stereo_flip_077,0.0,2027
ECFP4 stereo-blind,stereo_flip,A,stereo_flip_078,0.0,2027
ECFP4 stereo-blind,stereo_flip,A,stereo_flip_079,0.0,2027
ECFP4 stereo-blind,stereo_flip,A,stereo_flip_080,0.0,2027
ECFP4 stereo-blind,stereo_flip,A,stereo_flip_081,0.0,2027
ECFP4 stereo-blind,stereo_flip,A,stereo_flip_082,0.0,2027
ECFP4 stereo-blind,stereo_flip,A,stereo_flip_083,0.0,2027
ECFP4 stereo-blind,stereo_flip,A,stereo_flip_084,0.0,2027
ECFP4 stereo-blind,stereo_flip,A,stereo_flip_085,0.0,2027
ECFP4 stereo-blind,stereo_flip,A,stereo_flip_086,0.0,2027
ECFP4 stereo-blind,stereo_flip,A,stereo_flip_087,0.0,2027
ECFP4 stereo-blind,stereo_flip,A,stereo_flip_088,0.0,2027
ECFP4 stereo-blind,stereo_flip,A,stereo_flip_089,0.0,2027
ECFP4 stereo-blind,stereo_flip,A,stereo_flip_090,0.0,2027
ECFP4 stereo-blind,stereo_flip,A,stereo_flip_091,0.0,2027
ECFP4 stereo-blind,stereo_flip,A,stereo_flip_092,0.0,2027
ECFP4 stereo-blind,stereo_flip,A,stereo_flip_093,0.0,2027
ECFP4 stereo-blind,stereo_flip,A,stereo_flip_094,0.0,2027
ECFP4 stereo-blind,stereo_flip,A,stereo_flip_095,0.0,2027
ECFP4 stereo-blind,stereo_flip,A,stereo_flip_096,0.0,2027
ECFP4 stereo-blind,stereo_flip,A,stereo_flip_097,0.0,2027
ECFP4 stereo-blind,stereo_flip,A,stereo_flip_098,0.0,2027
ECFP4 stereo-blind,stereo_flip,A,stereo_flip_099,0.0,2027
ECFP4 stereo-blind,ez_flip,A,ez_flip_000,0.0,2027
ECFP4 stereo-blind,ez_flip,A,ez_flip_001,0.0,2027
ECFP4 stereo-blind,ez_flip,A,ez_flip_002,0.0,2027
ECFP4 stereo-blind,ez_flip,A,ez_flip_003,0.0,2027
ECFP4 stereo-blind,ez_flip,A,ez_flip_004,0.0,2027
ECFP4 stereo-blind,ez_flip,A,ez_flip_005,0.0,2027
ECFP4 stereo-blind,ez_flip,A,ez_flip_006,0.0,2027
ECFP4 stereo-blind,ez_flip,A,ez_flip_007,0.0,2027
ECFP4 stereo-blind,ez_flip,A,ez_flip_008,0.0,2027
ECFP4 stereo-blind,ez_flip,A,ez_flip_009,0.0,2027
ECFP4 stereo-blind,ez_flip,A,ez_flip_010,0.0,2027
ECFP4 stereo-blind,ez_flip,A,ez_flip_011,0.0,2027
ECFP4 stereo-blind,ez_flip,A,ez_flip_012,0.0,2027
ECFP4 stereo-blind,ez_flip,A,ez_flip_013,0.0,2027
ECFP4 stereo-blind,ez_flip,A,ez_flip_014,0.0,2027
ECFP4 stereo-blind,ez_flip,A,ez_flip_015,0.0,2027
ECFP4 stereo-blind,ez_flip,A,ez_flip_016,0.0,2027
ECFP4 stereo-blind,ez_flip,A,ez_flip_017,0.0,2027
ECFP4 stereo-blind,ez_flip,A,ez_flip_018,0.0,2027
ECFP4 stereo-blind,ez_flip,A,ez_flip_019,0.0,2027
ECFP4 stereo-blind,ez_flip,A,ez_flip_020,0.0,2027
ECFP4 stereo-blind,ez_flip,A,ez_flip_021,0.0,2027
ECFP4 stereo-blind,ez_flip,A,ez_flip_022,0.0,2027
ECFP4 stereo-blind,ez_flip,A,ez_flip_023,0.0,2027
ECFP4 stereo-blind,ez_flip,A,ez_flip_024,0.0,2027
ECFP4 stereo-blind,ez_flip,A,ez_flip_025,0.0,2027
ECFP4 stereo-blind,ez_flip,A,ez_flip_026,0.0,2027
ECFP4 stereo-blind,ez_flip,A,ez_flip_027,0.0,2027
ECFP4 stereo-blind,ez_flip,A,ez_flip_028,0.0,2027
ECFP4 stereo-blind,ez_flip,A,ez_flip_029,0.0,2027
ECFP4 stereo-blind,ez_flip,A,ez_flip_030,0.0,2027
ECFP4 stereo-blind,ez_flip,A,ez_flip_031,0.0,2027
ECFP4 stereo-blind,ez_flip,A,ez_flip_032,0.0,2027
ECFP4 stereo-blind,ez_flip,A,ez_flip_033,0.0,2027
ECFP4 stereo-blind,ez_flip,A,ez_flip_034,0.0,2027
ECFP4 stereo-blind,ez_flip,A,ez_flip_035,0.0,2027
ECFP4 stereo-blind,ez_flip,A,ez_flip_036,0.0,2027
ECFP4 stereo-blind,ez_flip,A,ez_flip_037,0.0,2027
ECFP4 stereo-blind,ez_flip,A,ez_flip_038,0.0,2027
ECFP4 stereo-blind,ez_flip,A,ez_flip_039,0.0,2027
ECFP4 stereo-blind,ez_flip,A,ez_flip_040,0.0,2027
ECFP4 stereo-blind,ez_flip,A,ez_flip_041,0.0,2027
ECFP4 stereo-blind,ez_flip,A,ez_flip_042,0.0,2027
ECFP4 stereo-blind,ez_flip,A,ez_flip_043,0.0,2027
ECFP4 stereo-blind,ez_flip,A,ez_flip_044,0.0,2027
ECFP4 stereo-blind,ez_flip,A,ez_flip_045,0.0,2027
ECFP4 stereo-blind,ez_flip,A,ez_flip_046,0.0,2027
ECFP4 stereo-blind,ez_flip,A,ez_flip_047,0.0,2027
ECFP4 stereo-blind,ez_flip,A,ez_flip_048,0.0,2027
ECFP4 stereo-blind,ez_flip,A,ez_flip_049,0.0,2027
ECFP4 stereo-blind,ez_flip,A,ez_flip_050,0.0,2027
ECFP4 stereo-blind,ez_flip,A,ez_flip_051,0.0,2027
ECFP4 stereo-blind,ez_flip,A,ez_flip_052,0.0,2027
ECFP4 stereo-blind,ez_flip,A,ez_flip_053,0.0,2027
ECFP4 stereo-blind,ez_flip,A,ez_flip_054,0.0,2027
ECFP4 stereo-blind,ez_flip,A,ez_flip_055,0.0,2027
ECFP4 stereo-blind,ez_flip,A,ez_flip_056,0.0,2027
ECFP4 stereo-blind,ez_flip,A,ez_flip_057,0.0,2027
ECFP4 stereo-blind,ez_flip,A,ez_flip_058,0.0,2027
ECFP4 stereo-blind,ez_flip,A,ez_flip_059,0.0,2027
ECFP4 stereo-blind,ez_flip,A,ez_flip_060,0.0,2027
ECFP4 stereo-blind,ez_flip,A,ez_flip_061,0.0,2027
ECFP4 stereo-blind,ez_flip,A,ez_flip_062,0.0,2027
ECFP4 stereo-blind,ez_flip,A,ez_flip_063,0.0,2027
ECFP4 stereo-blind,ez_flip,A,ez_flip_064,0.0,2027
ECFP4 stereo-blind,ez_flip,A,ez_flip_065,0.0,2027
ECFP4 stereo-blind,ez_flip,A,ez_flip_066,0.0,2027
ECFP4 stereo-blind,ez_flip,A,ez_flip_067,0.0,2027
ECFP4 stereo-blind,ez_flip,A,ez_flip_068,0.0,2027
ECFP4 stereo-blind,ez_flip,A,ez_flip_069,0.0,2027
ECFP4 stereo-blind,ez_flip,A,ez_flip_070,0.0,2027
ECFP4 stereo-blind,ez_flip,A,ez_flip_071,0.0,2027
ECFP4 stereo-blind,ez_flip,A,ez_flip_072,0.0,2027
ECFP4 stereo-blind,ez_flip,A,ez_flip_073,0.0,2027
ECFP4 stereo-blind,ez_flip,A,ez_flip_074,0.0,2027
ECFP4 stereo-blind,ez_flip,A,ez_flip_075,0.0,2027
ECFP4 stereo-blind,ez_flip,A,ez_flip_076,0.0,2027
ECFP4 stereo-blind,ez_flip,A,ez_flip_077,0.0,2027
ECFP4 stereo-blind,ez_flip,A,ez_flip_078,0.0,2027
ECFP4 stereo-blind,ez_flip,A,ez_flip_079,0.0,2027
ECFP4 stereo-blind,ez_flip,A,ez_flip_080,0.0,2027
ECFP4 stereo-blind,ez_flip,A,ez_flip_081,0.0,2027
ECFP4 stereo-blind,ez_flip,A,ez_flip_082,0.0,2027
ECFP4 stereo-blind,ez_flip,A,ez_flip_083,0.0,2027
ECFP4 stereo-blind,ez_flip,A,ez_flip_084,0.0,2027
ECFP4 stereo-blind,ez_flip,A,ez_flip_085,0.0,2027
ECFP4 stereo-blind,ez_flip,A,ez_flip_086,0.0,2027
ECFP4 stereo-blind,ez_flip,A,ez_flip_087,0.0,2027
ECFP4 stereo-blind,ez_flip,A,ez_flip_088,0.0,2027
ECFP4 stereo-blind,ez_flip,A,ez_flip_089,0.0,2027
ECFP4 stereo-blind,ez_flip,A,ez_flip_090,0.0,2027
ECFP4 stereo-blind,ez_flip,A,ez_flip_091,0.0,2027
ECFP4 stereo-blind,ez_flip,A,ez_flip_092,0.0,2027
ECFP4 stereo-blind,ez_flip,A,ez_flip_093,0.0,2027
ECFP4 stereo-blind,ez_flip,A,ez_flip_094,0.0,2027
ECFP4 stereo-blind,ez_flip,A,ez_flip_095,0.0,2027
ECFP4 stereo-blind,ez_flip,A,ez_flip_096,0.0,2027
ECFP4 stereo-blind,ez_flip,A,ez_flip_097,0.0,2027
ECFP4 stereo-blind,ez_flip,A,ez_flip_098,0.0,2027
ECFP4 stereo-blind,ez_flip,A,ez_flip_099,0.0,2027
ECFP4 stereo-blind,c_to_n,A,c_to_n_000,0.7699295672882116,2027
ECFP4 stereo-blind,c_to_n,A,c_to_n_001,0.547256728437037,2027
ECFP4 stereo-blind,c_to_n,A,c_to_n_002,0.7990258412442709,2027
ECFP4 stereo-blind,c_to_n,A,c_to_n_003,0.7136254564156161,2027
ECFP4 stereo-blind,c_to_n,A,c_to_n_004,0.603989988005475,2027
ECFP4 stereo-blind,c_to_n,A,c_to_n_005,1.0470141575318845,2027
ECFP4 stereo-blind,c_to_n,A,c_to_n_006,0.9021336428982208,2027
ECFP4 stereo-blind,c_to_n,A,c_to_n_007,0.7953944376378386,2027
ECFP4 stereo-blind,c_to_n,A,c_to_n_008,0.661040714398583,2027
ECFP4 stereo-blind,c_to_n,A,c_to_n_009,0.6221377011833319,2027
ECFP4 stereo-blind,c_to_n,A,c_to_n_010,0.48196578448468974,2027
ECFP4 stereo-blind,c_to_n,A,c_to_n_011,0.7617030784184788,2027
ECFP4 stereo-blind,c_to_n,A,c_to_n_012,0.6992185404689037,2027
ECFP4 stereo-blind,c_to_n,A,c_to_n_013,0.44701055083436914,2027
ECFP4 stereo-blind,c_to_n,A,c_to_n_014,0.6530417709061771,2027
ECFP4 stereo-blind,c_to_n,A,c_to_n_015,0.6303202079229295,2027
ECFP4 stereo-blind,c_to_n,A,c_to_n_016,0.8602382922427108,2027
ECFP4 stereo-blind,c_to_n,A,c_to_n_017,0.9085758575851356,2027
ECFP4 stereo-blind,c_to_n,A,c_to_n_018,0.849240777793654,2027
ECFP4 stereo-blind,c_to_n,A,c_to_n_019,1.09918922957219,2027
ECFP4 stereo-blind,c_to_n,A,c_to_n_020,0.8757067376428296,2027
ECFP4 stereo-blind,c_to_n,A,c_to_n_021,0.9141548906147164,2027
ECFP4 stereo-blind,c_to_n,A,c_to_n_022,0.8070392981917411,2027
ECFP4 stereo-blind,c_to_n,A,c_to_n_023,1.0857064099874618,2027
ECFP4 stereo-blind,c_to_n,A,c_to_n_024,0.6065532253821292,2027
ECFP4 stereo-blind,c_to_n,A,c_to_n_025,0.6464522736414839,2027
ECFP4 stereo-blind,c_to_n,A,c_to_n_026,0.6487507698092622,2027
ECFP4 stereo-blind,c_to_n,A,c_to_n_027,0.7890492117737145,2027
ECFP4 stereo-blind,c_to_n,A,c_to_n_028,0.5483482482184442,2027
ECFP4 stereo-blind,c_to_n,A,c_to_n_029,0.799926519503678,2027
ECFP4 stereo-blind,c_to_n,A,c_to_n_030,0.8209569078060627,2027
ECFP4 stereo-blind,c_to_n,A,c_to_n_031,0.8334494114954756,2027
ECFP4 stereo-blind,c_to_n,A,c_to_n_032,0.5527018685318579,2027
ECFP4 stereo-blind,c_to_n,A,c_to_n_033,0.6932634874682292,2027
ECFP4 stereo-blind,c_to_n,A,c_to_n_034,0.9533837498434969,2027
ECFP4 stereo-blind,c_to_n,A,c_to_n_035,0.7962878089001554,2027
ECFP4 stereo-blind,c_to_n,A,c_to_n_036,0.8435550893578477,2027
ECFP4 stereo-blind,c_to_n,A,c_to_n_037,0.4457730486225937,2027
ECFP4 stereo-blind,c_to_n,A,c_to_n_038,0.8054832856440917,2027
ECFP4 stereo-blind,c_to_n,A,c_to_n_039,0.9211134697555846,2027
ECFP4 stereo-blind,c_to_n,A,c_to_n_040,0.9861641045846423,2027
ECFP4 stereo-blind,c_to_n,A,c_to_n_041,0.6117233116211944,2027
ECFP4 stereo-blind,c_to_n,A,c_to_n_042,0.8548270931973974,2027
ECFP4 stereo-blind,c_to_n,A,c_to_n_043,0.5784876655947788,2027
ECFP4 stereo-blind,c_to_n,A,c_to_n_044,1.23853118552425,2027
ECFP4 stereo-blind,c_to_n,A,c_to_n_045,0.782157665127307,2027
ECFP4 stereo-blind,c_to_n,A,c_to_n_046,0.8242133087377765,2027
ECFP4 stereo-blind,c_to_n,A,c_to_n_047,0.9459954753765876,2027
ECFP4 stereo-blind,c_to_n,A,c_to_n_048,0.8876147169921746,2027
ECFP4 stereo-blind,c_to_n,A,c_to_n_049,0.7532542522862069,2027
ECFP4 stereo-blind,c_to_n,A,c_to_n_050,0.8849773436438868,2027
ECFP4 stereo-blind,c_to_n,A,c_to_n_051,0.8473623494835251,2027
ECFP4 stereo-blind,c_to_n,A,c_to_n_052,0.8938187831746643,2027
ECFP4 stereo-blind,c_to_n,A,c_to_n_053,0.7190221549071971,2027
ECFP4 stereo-blind,c_to_n,A,c_to_n_054,0.7027630740800804,2027
ECFP4 stereo-blind,c_to_n,A,c_to_n_055,0.9412061455435927,2027
ECFP4 stereo-blind,c_to_n,A,c_to_n_056,0.9697004482335408,2027
ECFP4 stereo-blind,c_to_n,A,c_to_n_057,0.5857119970307814,2027
ECFP4 stereo-blind,c_to_n,A,c_to_n_058,0.5244675135027511,2027
ECFP4 stereo-blind,c_to_n,A,c_to_n_059,0.728420481784868,2027
ECFP4 stereo-blind,c_to_n,A,c_to_n_060,0.6798284301904531,2027
ECFP4 stereo-blind,c_to_n,A,c_to_n_061,1.2073646429609894,2027
ECFP4 stereo-blind,c_to_n,A,c_to_n_062,0.7681311721997193,2027
ECFP4 stereo-blind,c_to_n,A,c_to_n_063,0.7894766771746317,2027
ECFP4 stereo-blind,c_to_n,A,c_to_n_064,0.41876886228504384,2027
ECFP4 stereo-blind,c_to_n,A,c_to_n_065,0.5913553327329041,2027
ECFP4 stereo-blind,c_to_n,A,c_to_n_066,0.612879830568206,2027
ECFP4 stereo-blind,c_to_n,A,c_to_n_067,0.7002117869059491,2027
ECFP4 stereo-blind,c_to_n,A,c_to_n_068,0.9766806151578672,2027
ECFP4 stereo-blind,c_to_n,A,c_to_n_069,0.8306525508912276,2027
ECFP4 stereo-blind,c_to_n,A,c_to_n_070,0.5838922454972105,2027
ECFP4 stereo-blind,c_to_n,A,c_to_n_071,0.7315381259201686,2027
ECFP4 stereo-blind,c_to_n,A,c_to_n_072,0.9143884299221533,2027
ECFP4 stereo-blind,c_to_n,A,c_to_n_073,0.6987846209221024,2027
ECFP4 stereo-blind,c_to_n,A,c_to_n_074,0.7625913748071336,2027
ECFP4 stereo-blind,c_to_n,A,c_to_n_075,0.971700680427432,2027
ECFP4 stereo-blind,c_to_n,A,c_to_n_076,1.1820073855962463,2027
ECFP4 stereo-blind,c_to_n,A,c_to_n_077,1.1308912665467277,2027
ECFP4 stereo-blind,c_to_n,A,c_to_n_078,0.8949636726863321,2027
ECFP4 stereo-blind,c_to_n,A,c_to_n_079,0.5885108588011597,2027
ECFP4 stereo-blind,c_to_n,A,c_to_n_080,0.6300739102113525,2027
ECFP4 stereo-blind,c_to_n,A,c_to_n_081,0.9616990346861681,2027
ECFP4 stereo-blind,c_to_n,A,c_to_n_082,0.6220538855516052,2027
ECFP4 stereo-blind,c_to_n,A,c_to_n_083,0.8883663242150687,2027
ECFP4 stereo-blind,c_to_n,A,c_to_n_084,0.8499645545194889,2027
ECFP4 stereo-blind,c_to_n,A,c_to_n_085,0.450558212036516,2027
ECFP4 stereo-blind,c_to_n,A,c_to_n_086,0.759252602236041,2027
ECFP4 stereo-blind,c_to_n,A,c_to_n_087,0.7201919398956511,2027
ECFP4 stereo-blind,c_to_n,A,c_to_n_088,0.8016682860653738,2027
ECFP4 stereo-blind,c_to_n,A,c_to_n_089,1.1729702151799053,2027
ECFP4 stereo-blind,c_to_n,A,c_to_n_090,0.8331347341976916,2027
ECFP4 stereo-blind,c_to_n,A,c_to_n_091,0.6771247972479175,2027
ECFP4 stereo-blind,c_to_n,A,c_to_n_092,0.6919033588158543,2027
ECFP4 stereo-blind,c_to_n,A,c_to_n_093,0.6448851154096914,2027
ECFP4 stereo-blind,c_to_n,A,c_to_n_094,0.8737776547239283,2027
ECFP4 stereo-blind,c_to_n,A,c_to_n_095,0.8018341957840599,2027
ECFP4 stereo-blind,c_to_n,A,c_to_n_096,1.1655059064260815,2027
ECFP4 stereo-blind,c_to_n,A,c_to_n_097,0.2793520180955311,2027
ECFP4 stereo-blind,c_to_n,A,c_to_n_098,0.7523472759715811,2027
ECFP4 stereo-blind,c_to_n,A,c_to_n_099,0.6797571736398212,2027
ECFP4 stereo-blind,add_methyl,A,add_methyl_000,0.8047006266600422,2027
ECFP4 stereo-blind,add_methyl,A,add_methyl_001,0.5560034060847047,2027
ECFP4 stereo-blind,add_methyl,A,add_methyl_002,0.7426299784185925,2027
ECFP4 stereo-blind,add_methyl,A,add_methyl_003,0.6173633766017761,2027
ECFP4 stereo-blind,add_methyl,A,add_methyl_004,0.6792618557941449,2027
ECFP4 stereo-blind,add_methyl,A,add_methyl_005,0.7737012426063404,2027
ECFP4 stereo-blind,add_methyl,A,add_methyl_006,0.6897939875580755,2027
ECFP4 stereo-blind,add_methyl,A,add_methyl_007,0.7221769109863948,2027
ECFP4 stereo-blind,add_methyl,A,add_methyl_008,0.6184392590027159,2027
ECFP4 stereo-blind,add_methyl,A,add_methyl_009,0.9529975604699935,2027
ECFP4 stereo-blind,add_methyl,A,add_methyl_010,0.4663542724323487,2027
ECFP4 stereo-blind,add_methyl,A,add_methyl_011,1.2074672229810026,2027
ECFP4 stereo-blind,add_methyl,A,add_methyl_012,0.5543098475465644,2027
ECFP4 stereo-blind,add_methyl,A,add_methyl_013,0.4665255965658627,2027
ECFP4 stereo-blind,add_methyl,A,add_methyl_014,0.7721445081183179,2027
ECFP4 stereo-blind,add_methyl,A,add_methyl_015,0.6598140744366779,2027
ECFP4 stereo-blind,add_methyl,A,add_methyl_016,0.6244097491059615,2027
ECFP4 stereo-blind,add_methyl,A,add_methyl_017,0.4849100328297953,2027
ECFP4 stereo-blind,add_methyl,A,add_methyl_018,0.5428294802708773,2027
ECFP4 stereo-blind,add_methyl,A,add_methyl_019,1.3946497395142217,2027
ECFP4 stereo-blind,add_methyl,A,add_methyl_020,0.9982632682264235,2027
ECFP4 stereo-blind,add_methyl,A,add_methyl_021,0.5177751237336675,2027
ECFP4 stereo-blind,add_methyl,A,add_methyl_022,0.550190495910421,2027
ECFP4 stereo-blind,add_methyl,A,add_methyl_023,0.8669829749104258,2027
ECFP4 stereo-blind,add_methyl,A,add_methyl_024,0.6824722489563158,2027
ECFP4 stereo-blind,add_methyl,A,add_methyl_025,0.46988599461827935,2027
ECFP4 stereo-blind,add_methyl,A,add_methyl_026,0.8046384347473867,2027
ECFP4 stereo-blind,add_methyl,A,add_methyl_027,0.9175917309819164,2027
ECFP4 stereo-blind,add_methyl,A,add_methyl_028,0.618362818226087,2027
ECFP4 stereo-blind,add_methyl,A,add_methyl_029,1.007103313689686,2027
ECFP4 stereo-blind,add_methyl,A,add_methyl_030,0.5452750863881728,2027
ECFP4 stereo-blind,add_methyl,A,add_methyl_031,0.8317514744294797,2027
ECFP4 stereo-blind,add_methyl,A,add_methyl_032,0.6674595518617097,2027
ECFP4 stereo-blind,add_methyl,A,add_methyl_033,0.614699681309462,2027
ECFP4 stereo-blind,add_methyl,A,add_methyl_034,0.661581336134443,2027
ECFP4 stereo-blind,add_methyl,A,add_methyl_035,0.9804667836257168,2027
ECFP4 stereo-blind,add_methyl,A,add_methyl_036,0.619473663853348,2027
ECFP4 stereo-blind,add_methyl,A,add_methyl_037,0.4317619935163951,2027
ECFP4 stereo-blind,add_methyl,A,add_methyl_038,0.5456632339350627,2027
ECFP4 stereo-blind,add_methyl,A,add_methyl_039,0.8972817102608339,2027
ECFP4 stereo-blind,add_methyl,A,add_methyl_040,0.639366408190802,2027
ECFP4 stereo-blind,add_methyl,A,add_methyl_041,0.7503311885059903,2027
ECFP4 stereo-blind,add_methyl,A,add_methyl_042,0.9165563756726296,2027
ECFP4 stereo-blind,add_methyl,A,add_methyl_043,0.6575105216873509,2027
ECFP4 stereo-blind,add_methyl,A,add_methyl_044,1.2048894859019557,2027
ECFP4 stereo-blind,add_methyl,A,add_methyl_045,0.7761439045659992,2027
ECFP4 stereo-blind,add_methyl,A,add_methyl_046,0.8853765969118156,2027
ECFP4 stereo-blind,add_methyl,A,add_methyl_047,0.6554924668869117,2027
ECFP4 stereo-blind,add_methyl,A,add_methyl_048,0.9031138596166226,2027
ECFP4 stereo-blind,add_methyl,A,add_methyl_049,0.631849518036514,2027
ECFP4 stereo-blind,add_methyl,A,add_methyl_050,0.77269315707632,2027
ECFP4 stereo-blind,add_methyl,A,add_methyl_051,0.6017272948859395,2027
ECFP4 stereo-blind,add_methyl,A,add_methyl_052,0.8230073326767839,2027
ECFP4 stereo-blind,add_methyl,A,add_methyl_053,0.8663814392878381,2027
ECFP4 stereo-blind,add_methyl,A,add_methyl_054,0.9059484765280741,2027
ECFP4 stereo-blind,add_methyl,A,add_methyl_055,0.8732406158768794,2027
ECFP4 stereo-blind,add_methyl,A,add_methyl_056,0.926101187269899,2027
ECFP4 stereo-blind,add_methyl,A,add_methyl_057,0.6657861784319051,2027
ECFP4 stereo-blind,add_methyl,A,add_methyl_058,0.46795298983397166,2027
ECFP4 stereo-blind,add_methyl,A,add_methyl_059,1.0077312779009673,2027
ECFP4 stereo-blind,add_methyl,A,add_methyl_060,0.649890138175492,2027
ECFP4 stereo-blind,add_methyl,A,add_methyl_061,1.07819782079098,2027
ECFP4 stereo-blind,add_methyl,A,add_methyl_062,0.7527208162058061,2027
ECFP4 stereo-blind,add_methyl,A,add_methyl_063,0.7533113882342077,2027
ECFP4 stereo-blind,add_methyl,A,add_methyl_064,0.3853015285916133,2027
ECFP4 stereo-blind,add_methyl,A,add_methyl_065,0.4260786012080002,2027
ECFP4 stereo-blind,add_methyl,A,add_methyl_066,0.7283450175093368,2027
ECFP4 stereo-blind,add_methyl,A,add_methyl_067,0.6428739529377013,2027
ECFP4 stereo-blind,add_methyl,A,add_methyl_068,0.8180497071149936,2027
ECFP4 stereo-blind,add_methyl,A,add_methyl_069,0.6084241198200638,2027
ECFP4 stereo-blind,add_methyl,A,add_methyl_070,0.7503311885059903,2027
ECFP4 stereo-blind,add_methyl,A,add_methyl_071,0.8169569366622317,2027
ECFP4 stereo-blind,add_methyl,A,add_methyl_072,0.5747125863272483,2027
ECFP4 stereo-blind,add_methyl,A,add_methyl_073,0.8362852440580999,2027
ECFP4 stereo-blind,add_methyl,A,add_methyl_074,0.6765977755653123,2027
ECFP4 stereo-blind,add_methyl,A,add_methyl_075,1.0215048173230077,2027
ECFP4 stereo-blind,add_methyl,A,add_methyl_076,0.844634750518245,2027
ECFP4 stereo-blind,add_methyl,A,add_methyl_077,0.86221545560936,2027
ECFP4 stereo-blind,add_methyl,A,add_methyl_078,0.7625392853417978,2027
ECFP4 stereo-blind,add_methyl,A,add_methyl_079,0.7281098490202074,2027
ECFP4 stereo-blind,add_methyl,A,add_methyl_080,0.7051280752153319,2027
ECFP4 stereo-blind,add_methyl,A,add_methyl_081,0.8610427102685911,2027
ECFP4 stereo-blind,add_methyl,A,add_methyl_082,0.5752565969251765,2027
ECFP4 stereo-blind,add_methyl,A,add_methyl_083,1.067245329629732,2027
ECFP4 stereo-blind,add_methyl,A,add_methyl_084,0.7139646227777401,2027
ECFP4 stereo-blind,add_methyl,A,add_methyl_085,0.5929134714721628,2027
ECFP4 stereo-blind,add_methyl,A,add_methyl_086,0.7991249272728621,2027
ECFP4 stereo-blind,add_methyl,A,add_methyl_087,0.7456412140831151,2027
ECFP4 stereo-blind,add_methyl,A,add_methyl_088,0.5368909713577277,2027
ECFP4 stereo-blind,add_methyl,A,add_methyl_089,0.7529939133438255,2027
ECFP4 stereo-blind,add_methyl,A,add_methyl_090,0.4475339657278655,2027
ECFP4 stereo-blind,add_methyl,A,add_methyl_091,0.7519807518595931,2027
ECFP4 stereo-blind,add_methyl,A,add_methyl_092,0.7931763054094054,2027
ECFP4 stereo-blind,add_methyl,A,add_methyl_093,0.4781956360152061,2027
ECFP4 stereo-blind,add_methyl,A,add_methyl_094,0.7288292208607244,2027
ECFP4 stereo-blind,add_methyl,A,add_methyl_095,0.6556003221792555,2027
ECFP4 stereo-blind,add_methyl,A,add_methyl_096,1.3413569491208541,2027
ECFP4 stereo-blind,add_methyl,A,add_methyl_097,0.2853423899188342,2027
ECFP4 stereo-blind,add_methyl,A,add_methyl_098,0.9359333334945061,2027
ECFP4 stereo-blind,add_methyl,A,add_methyl_099,0.501950313523529,2027
ECFP4 stereo-blind,add_fluorine,A,add_fluorine_000,0.8512048391289508,2027
ECFP4 stereo-blind,add_fluorine,A,add_fluorine_001,0.46260319150260804,2027
ECFP4 stereo-blind,add_fluorine,A,add_fluorine_002,0.6491715012162356,2027
ECFP4 stereo-blind,add_fluorine,A,add_fluorine_003,0.7538315184710151,2027
ECFP4 stereo-blind,add_fluorine,A,add_fluorine_004,0.7114611653978636,2027
ECFP4 stereo-blind,add_fluorine,A,add_fluorine_005,0.6542593611285329,2027
ECFP4 stereo-blind,add_fluorine,A,add_fluorine_006,0.7772724920594912,2027
ECFP4 stereo-blind,add_fluorine,A,add_fluorine_007,0.9068746121306421,2027
ECFP4 stereo-blind,add_fluorine,A,add_fluorine_008,0.5882411016188729,2027
ECFP4 stereo-blind,add_fluorine,A,add_fluorine_009,0.9756527076407406,2027
ECFP4 stereo-blind,add_fluorine,A,add_fluorine_010,0.48507205571652884,2027
ECFP4 stereo-blind,add_fluorine,A,add_fluorine_011,1.0801875615833985,2027
ECFP4 stereo-blind,add_fluorine,A,add_fluorine_012,0.5683211458659675,2027
ECFP4 stereo-blind,add_fluorine,A,add_fluorine_013,0.4711658764129401,2027
ECFP4 stereo-blind,add_fluorine,A,add_fluorine_014,0.6094951980500101,2027
ECFP4 stereo-blind,add_fluorine,A,add_fluorine_015,0.6953847622577235,2027
ECFP4 stereo-blind,add_fluorine,A,add_fluorine_016,0.6169965760726446,2027
ECFP4 stereo-blind,add_fluorine,A,add_fluorine_017,0.656429948178714,2027
ECFP4 stereo-blind,add_fluorine,A,add_fluorine_018,0.5821859350222739,2027
ECFP4 stereo-blind,add_fluorine,A,add_fluorine_019,1.3550545269130065,2027
ECFP4 stereo-blind,add_fluorine,A,add_fluorine_020,0.6853403909683787,2027
ECFP4 stereo-blind,add_fluorine,A,add_fluorine_021,0.5200764588808438,2027
ECFP4 stereo-blind,add_fluorine,A,add_fluorine_022,0.6788733322288948,2027
ECFP4 stereo-blind,add_fluorine,A,add_fluorine_023,0.6720929360313153,2027
ECFP4 stereo-blind,add_fluorine,A,add_fluorine_024,0.6174242540775042,2027
ECFP4 stereo-blind,add_fluorine,A,add_fluorine_025,0.5517283460138998,2027
ECFP4 stereo-blind,add_fluorine,A,add_fluorine_026,0.7307291224384747,2027
ECFP4 stereo-blind,add_fluorine,A,add_fluorine_027,0.6345970828852553,2027
ECFP4 stereo-blind,add_fluorine,A,add_fluorine_028,0.47023480564946313,2027
ECFP4 stereo-blind,add_fluorine,A,add_fluorine_029,0.7884063046631629,2027
ECFP4 stereo-blind,add_fluorine,A,add_fluorine_030,0.6543891982712613,2027
ECFP4 stereo-blind,add_fluorine,A,add_fluorine_031,0.8608728760977579,2027
ECFP4 stereo-blind,add_fluorine,A,add_fluorine_032,0.5909224625759595,2027
ECFP4 stereo-blind,add_fluorine,A,add_fluorine_033,0.6228975720113262,2027
ECFP4 stereo-blind,add_fluorine,A,add_fluorine_034,0.6213312287646942,2027
ECFP4 stereo-blind,add_fluorine,A,add_fluorine_035,0.7373409412220888,2027
ECFP4 stereo-blind,add_fluorine,A,add_fluorine_036,0.8061528578474448,2027
ECFP4 stereo-blind,add_fluorine,A,add_fluorine_037,0.5012655107707845,2027
ECFP4 stereo-blind,add_fluorine,A,add_fluorine_038,0.6770228178117386,2027
ECFP4 stereo-blind,add_fluorine,A,add_fluorine_039,0.9013384406827526,2027
ECFP4 stereo-blind,add_fluorine,A,add_fluorine_040,0.5469577423567458,2027
ECFP4 stereo-blind,add_fluorine,A,add_fluorine_041,0.6901461563997535,2027
ECFP4 stereo-blind,add_fluorine,A,add_fluorine_042,0.6046877564094999,2027
ECFP4 stereo-blind,add_fluorine,A,add_fluorine_043,0.5029177452336049,2027
ECFP4 stereo-blind,add_fluorine,A,add_fluorine_044,1.1857857583614944,2027
ECFP4 stereo-blind,add_fluorine,A,add_fluorine_045,0.699353105068556,2027
ECFP4 stereo-blind,add_fluorine,A,add_fluorine_046,0.9749479475365452,2027
ECFP4 stereo-blind,add_fluorine,A,add_fluorine_047,0.6419474553780757,2027
ECFP4 stereo-blind,add_fluorine,A,add_fluorine_048,0.8625340689005243,2027
ECFP4 stereo-blind,add_fluorine,A,add_fluorine_049,0.6454695688168587,2027
ECFP4 stereo-blind,add_fluorine,A,add_fluorine_050,0.8008947646855792,2027
ECFP4 stereo-blind,add_fluorine,A,add_fluorine_051,0.618428093362464,2027
ECFP4 stereo-blind,add_fluorine,A,add_fluorine_052,1.020829384757659,2027
ECFP4 stereo-blind,add_fluorine,A,add_fluorine_053,0.6762871656959091,2027
ECFP4 stereo-blind,add_fluorine,A,add_fluorine_054,0.6192200462047828,2027
ECFP4 stereo-blind,add_fluorine,A,add_fluorine_055,0.9426445628078522,2027
ECFP4 stereo-blind,add_fluorine,A,add_fluorine_056,0.7788367384840794,2027
ECFP4 stereo-blind,add_fluorine,A,add_fluorine_057,0.5583868031014028,2027
ECFP4 stereo-blind,add_fluorine,A,add_fluorine_058,0.5804897978264134,2027
ECFP4 stereo-blind,add_fluorine,A,add_fluorine_059,1.1234275641453706,2027
ECFP4 stereo-blind,add_fluorine,A,add_fluorine_060,0.795674187436687,2027
ECFP4 stereo-blind,add_fluorine,A,add_fluorine_061,0.997371171095522,2027
ECFP4 stereo-blind,add_fluorine,A,add_fluorine_062,0.8397852243229986,2027
ECFP4 stereo-blind,add_fluorine,A,add_fluorine_063,0.7256470542673664,2027
ECFP4 stereo-blind,add_fluorine,A,add_fluorine_064,0.47368403717473784,2027
ECFP4 stereo-blind,add_fluorine,A,add_fluorine_065,0.4460270454053346,2027
ECFP4 stereo-blind,add_fluorine,A,add_fluorine_066,0.5861861165839951,2027
ECFP4 stereo-blind,add_fluorine,A,add_fluorine_067,0.703304553687568,2027
ECFP4 stereo-blind,add_fluorine,A,add_fluorine_068,0.8267283516596148,2027
ECFP4 stereo-blind,add_fluorine,A,add_fluorine_069,0.6259902506524453,2027
ECFP4 stereo-blind,add_fluorine,A,add_fluorine_070,0.6901461563997535,2027
ECFP4 stereo-blind,add_fluorine,A,add_fluorine_071,0.8571562687745978,2027
ECFP4 stereo-blind,add_fluorine,A,add_fluorine_072,0.6216702634954694,2027
ECFP4 stereo-blind,add_fluorine,A,add_fluorine_073,0.9578962356906302,2027
ECFP4 stereo-blind,add_fluorine,A,add_fluorine_074,0.6945333146456305,2027
ECFP4 stereo-blind,add_fluorine,A,add_fluorine_075,0.7764978694538004,2027
ECFP4 stereo-blind,add_fluorine,A,add_fluorine_076,1.0258573843955552,2027
ECFP4 stereo-blind,add_fluorine,A,add_fluorine_077,0.8513727182656458,2027
ECFP4 stereo-blind,add_fluorine,A,add_fluorine_078,0.7163339155035375,2027
ECFP4 stereo-blind,add_fluorine,A,add_fluorine_079,0.7014606622921454,2027
ECFP4 stereo-blind,add_fluorine,A,add_fluorine_080,0.7030057699942182,2027
ECFP4 stereo-blind,add_fluorine,A,add_fluorine_081,0.7637363553414084,2027
ECFP4 stereo-blind,add_fluorine,A,add_fluorine_082,0.6803791795442773,2027
ECFP4 stereo-blind,add_fluorine,A,add_fluorine_083,0.7660950499428181,2027
ECFP4 stereo-blind,add_fluorine,A,add_fluorine_084,0.8074773927519763,2027
ECFP4 stereo-blind,add_fluorine,A,add_fluorine_085,0.6011571457028503,2027
ECFP4 stereo-blind,add_fluorine,A,add_fluorine_086,0.8595907636265958,2027
ECFP4 stereo-blind,add_fluorine,A,add_fluorine_087,0.9712985749500168,2027
ECFP4 stereo-blind,add_fluorine,A,add_fluorine_088,0.7442186653711618,2027
ECFP4 stereo-blind,add_fluorine,A,add_fluorine_089,0.877997269413869,2027
ECFP4 stereo-blind,add_fluorine,A,add_fluorine_090,0.5662513957873723,2027
ECFP4 stereo-blind,add_fluorine,A,add_fluorine_091,0.7157070938128174,2027
ECFP4 stereo-blind,add_fluorine,A,add_fluorine_092,0.730047607934845,2027
ECFP4 stereo-blind,add_fluorine,A,add_fluorine_093,0.5775763600517277,2027
ECFP4 stereo-blind,add_fluorine,A,add_fluorine_094,0.6858708134127137,2027
ECFP4 stereo-blind,add_fluorine,A,add_fluorine_095,0.7300147114013121,2027
ECFP4 stereo-blind,add_fluorine,A,add_fluorine_096,1.3447695594990026,2027
ECFP4 stereo-blind,add_fluorine,A,add_fluorine_097,0.1920639053230933,2027
ECFP4 stereo-blind,add_fluorine,A,add_fluorine_098,0.8886070056115367,2027
ECFP4 stereo-blind,add_fluorine,A,add_fluorine_099,0.3954086473547219,2027
ECFP4 stereo-blind,isotope_13c,A,isotope_13c_000,0.0,2027
ECFP4 stereo-blind,isotope_13c,A,isotope_13c_001,0.0,2027
ECFP4 stereo-blind,isotope_13c,A,isotope_13c_002,0.0,2027
ECFP4 stereo-blind,isotope_13c,A,isotope_13c_003,0.0,2027
ECFP4 stereo-blind,isotope_13c,A,isotope_13c_004,0.0,2027
ECFP4 stereo-blind,isotope_13c,A,isotope_13c_005,0.0,2027
ECFP4 stereo-blind,isotope_13c,A,isotope_13c_006,0.0,2027
ECFP4 stereo-blind,isotope_13c,A,isotope_13c_007,0.0,2027
ECFP4 stereo-blind,isotope_13c,A,isotope_13c_008,0.0,2027
ECFP4 stereo-blind,isotope_13c,A,isotope_13c_009,0.0,2027
ECFP4 stereo-blind,isotope_13c,A,isotope_13c_010,0.0,2027
ECFP4 stereo-blind,isotope_13c,A,isotope_13c_011,0.0,2027
ECFP4 stereo-blind,isotope_13c,A,isotope_13c_012,0.0,2027
ECFP4 stereo-blind,isotope_13c,A,isotope_13c_013,0.0,2027
ECFP4 stereo-blind,isotope_13c,A,isotope_13c_014,0.0,2027
ECFP4 stereo-blind,isotope_13c,A,isotope_13c_015,0.0,2027
ECFP4 stereo-blind,isotope_13c,A,isotope_13c_016,0.0,2027
ECFP4 stereo-blind,isotope_13c,A,isotope_13c_017,0.0,2027
ECFP4 stereo-blind,isotope_13c,A,isotope_13c_018,0.0,2027
ECFP4 stereo-blind,isotope_13c,A,isotope_13c_019,0.0,2027
ECFP4 stereo-blind,isotope_13c,A,isotope_13c_020,0.0,2027
ECFP4 stereo-blind,isotope_13c,A,isotope_13c_021,0.0,2027
ECFP4 stereo-blind,isotope_13c,A,isotope_13c_022,0.0,2027
ECFP4 stereo-blind,isotope_13c,A,isotope_13c_023,0.0,2027
ECFP4 stereo-blind,isotope_13c,A,isotope_13c_024,0.0,2027
ECFP4 stereo-blind,isotope_13c,A,isotope_13c_025,0.0,2027
ECFP4 stereo-blind,isotope_13c,A,isotope_13c_026,0.0,2027
ECFP4 stereo-blind,isotope_13c,A,isotope_13c_027,0.0,2027
ECFP4 stereo-blind,isotope_13c,A,isotope_13c_028,0.0,2027
ECFP4 stereo-blind,isotope_13c,A,isotope_13c_029,0.0,2027
ECFP4 stereo-blind,isotope_13c,A,isotope_13c_030,0.0,2027
ECFP4 stereo-blind,isotope_13c,A,isotope_13c_031,0.0,2027
ECFP4 stereo-blind,isotope_13c,A,isotope_13c_032,0.0,2027
ECFP4 stereo-blind,isotope_13c,A,isotope_13c_033,0.0,2027
ECFP4 stereo-blind,isotope_13c,A,isotope_13c_034,0.0,2027
ECFP4 stereo-blind,isotope_13c,A,isotope_13c_035,0.0,2027
ECFP4 stereo-blind,isotope_13c,A,isotope_13c_036,0.0,2027
ECFP4 stereo-blind,isotope_13c,A,isotope_13c_037,0.0,2027
ECFP4 stereo-blind,isotope_13c,A,isotope_13c_038,0.0,2027
ECFP4 stereo-blind,isotope_13c,A,isotope_13c_039,0.0,2027
ECFP4 stereo-blind,isotope_13c,A,isotope_13c_040,0.0,2027
ECFP4 stereo-blind,isotope_13c,A,isotope_13c_041,0.0,2027
ECFP4 stereo-blind,isotope_13c,A,isotope_13c_042,0.0,2027
ECFP4 stereo-blind,isotope_13c,A,isotope_13c_043,0.0,2027
ECFP4 stereo-blind,isotope_13c,A,isotope_13c_044,0.0,2027
ECFP4 stereo-blind,isotope_13c,A,isotope_13c_045,0.0,2027
ECFP4 stereo-blind,isotope_13c,A,isotope_13c_046,0.0,2027
ECFP4 stereo-blind,isotope_13c,A,isotope_13c_047,0.0,2027
ECFP4 stereo-blind,isotope_13c,A,isotope_13c_048,0.0,2027
ECFP4 stereo-blind,isotope_13c,A,isotope_13c_049,0.0,2027
ECFP4 stereo-blind,isotope_13c,A,isotope_13c_050,0.0,2027
ECFP4 stereo-blind,isotope_13c,A,isotope_13c_051,0.0,2027
ECFP4 stereo-blind,isotope_13c,A,isotope_13c_052,0.0,2027
ECFP4 stereo-blind,isotope_13c,A,isotope_13c_053,0.0,2027
ECFP4 stereo-blind,isotope_13c,A,isotope_13c_054,0.0,2027
ECFP4 stereo-blind,isotope_13c,A,isotope_13c_055,0.0,2027
ECFP4 stereo-blind,isotope_13c,A,isotope_13c_056,0.0,2027
ECFP4 stereo-blind,isotope_13c,A,isotope_13c_057,0.0,2027
ECFP4 stereo-blind,isotope_13c,A,isotope_13c_058,0.0,2027
ECFP4 stereo-blind,isotope_13c,A,isotope_13c_059,0.0,2027
ECFP4 stereo-blind,isotope_13c,A,isotope_13c_060,0.0,2027
ECFP4 stereo-blind,isotope_13c,A,isotope_13c_061,0.0,2027
ECFP4 stereo-blind,isotope_13c,A,isotope_13c_062,0.0,2027
ECFP4 stereo-blind,isotope_13c,A,isotope_13c_063,0.0,2027
ECFP4 stereo-blind,isotope_13c,A,isotope_13c_064,0.0,2027
ECFP4 stereo-blind,isotope_13c,A,isotope_13c_065,0.0,2027
ECFP4 stereo-blind,isotope_13c,A,isotope_13c_066,0.0,2027
ECFP4 stereo-blind,isotope_13c,A,isotope_13c_067,0.0,2027
ECFP4 stereo-blind,isotope_13c,A,isotope_13c_068,0.0,2027
ECFP4 stereo-blind,isotope_13c,A,isotope_13c_069,0.0,2027
ECFP4 stereo-blind,isotope_13c,A,isotope_13c_070,0.0,2027
ECFP4 stereo-blind,isotope_13c,A,isotope_13c_071,0.0,2027
ECFP4 stereo-blind,isotope_13c,A,isotope_13c_072,0.0,2027
ECFP4 stereo-blind,isotope_13c,A,isotope_13c_073,0.0,2027
ECFP4 stereo-blind,isotope_13c,A,isotope_13c_074,0.0,2027
ECFP4 stereo-blind,isotope_13c,A,isotope_13c_075,0.0,2027
ECFP4 stereo-blind,isotope_13c,A,isotope_13c_076,0.0,2027
ECFP4 stereo-blind,isotope_13c,A,isotope_13c_077,0.0,2027
ECFP4 stereo-blind,isotope_13c,A,isotope_13c_078,0.0,2027
ECFP4 stereo-blind,isotope_13c,A,isotope_13c_079,0.0,2027
ECFP4 stereo-blind,isotope_13c,A,isotope_13c_080,0.0,2027
ECFP4 stereo-blind,isotope_13c,A,isotope_13c_081,0.0,2027
ECFP4 stereo-blind,isotope_13c,A,isotope_13c_082,0.0,2027
ECFP4 stereo-blind,isotope_13c,A,isotope_13c_083,0.0,2027
ECFP4 stereo-blind,isotope_13c,A,isotope_13c_084,0.0,2027
ECFP4 stereo-blind,isotope_13c,A,isotope_13c_085,0.0,2027
ECFP4 stereo-blind,isotope_13c,A,isotope_13c_086,0.0,2027
ECFP4 stereo-blind,isotope_13c,A,isotope_13c_087,0.0,2027
ECFP4 stereo-blind,isotope_13c,A,isotope_13c_088,0.0,2027
ECFP4 stereo-blind,isotope_13c,A,isotope_13c_089,0.0,2027
ECFP4 stereo-blind,isotope_13c,A,isotope_13c_090,0.0,2027
ECFP4 stereo-blind,isotope_13c,A,isotope_13c_091,0.0,2027
ECFP4 stereo-blind,isotope_13c,A,isotope_13c_092,0.0,2027
ECFP4 stereo-blind,isotope_13c,A,isotope_13c_093,0.0,2027
ECFP4 stereo-blind,isotope_13c,A,isotope_13c_094,0.0,2027
ECFP4 stereo-blind,isotope_13c,A,isotope_13c_095,0.0,2027
ECFP4 stereo-blind,isotope_13c,A,isotope_13c_096,0.0,2027
ECFP4 stereo-blind,isotope_13c,A,isotope_13c_097,0.0,2027
ECFP4 stereo-blind,isotope_13c,A,isotope_13c_098,0.0,2027
ECFP4 stereo-blind,isotope_13c,A,isotope_13c_099,0.0,2027
ECFP4 stereo-blind,ring_size,A,ring_size_000,0.10235462003836351,2027
ECFP4 stereo-blind,ring_size,A,ring_size_001,0.10235462003836351,2027
ECFP4 stereo-blind,ring_size,A,ring_size_002,0.10235462003836351,2027
ECFP4 stereo-blind,ring_size,A,ring_size_003,0.10235462003836351,2027
ECFP4 stereo-blind,ring_size,A,ring_size_004,0.10235462003836351,2027
ECFP4 stereo-blind,ring_size,A,ring_size_005,0.10235462003836351,2027
ECFP4 stereo-blind,ring_size,A,ring_size_006,0.10235462003836351,2027
ECFP4 stereo-blind,ring_size,A,ring_size_007,0.0,2027
ECFP4 stereo-blind,ring_size,A,ring_size_008,0.10235462003836351,2027
ECFP4 stereo-blind,ring_size,A,ring_size_009,0.10235462003836351,2027
ECFP4 stereo-blind,ring_size,A,ring_size_010,0.10235462003836351,2027
ECFP4 stereo-blind,ring_size,A,ring_size_011,0.10235462003836351,2027
ECFP4 stereo-blind,ring_size,A,ring_size_012,0.10235462003836351,2027
ECFP4 stereo-blind,ring_size,A,ring_size_013,0.10235462003836351,2027
ECFP4 stereo-blind,ring_size,A,ring_size_014,0.10235462003836351,2027
ECFP4 stereo-blind,ring_size,A,ring_size_015,0.10235462003836351,2027
ECFP4 stereo-blind,ring_size,A,ring_size_016,0.10235462003836351,2027
ECFP4 stereo-blind,ring_size,A,ring_size_017,0.10235462003836351,2027
ECFP4 stereo-blind,ring_size,A,ring_size_018,0.10235462003836351,2027
ECFP4 stereo-blind,ring_size,A,ring_size_019,0.0,2027
ECFP4 stereo-blind,ring_size,A,ring_size_020,0.10235462003836351,2027
ECFP4 stereo-blind,ring_size,A,ring_size_021,0.10235462003836351,2027
ECFP4 stereo-blind,ring_size,A,ring_size_022,0.10235462003836351,2027
ECFP4 stereo-blind,ring_size,A,ring_size_023,0.0,2027
ECFP4 stereo-blind,ring_size,A,ring_size_024,0.10235462003836351,2027
ECFP4 stereo-blind,ring_size,A,ring_size_025,0.10235462003836351,2027
ECFP4 stereo-blind,ring_size,A,ring_size_026,0.10235462003836351,2027
ECFP4 stereo-blind,ring_size,A,ring_size_027,0.10235462003836351,2027
ECFP4 stereo-blind,ring_size,A,ring_size_028,0.10235462003836351,2027
ECFP4 stereo-blind,ring_size,A,ring_size_029,0.10235462003836351,2027
ECFP4 stereo-blind,ring_size,A,ring_size_030,0.10235462003836351,2027
ECFP4 stereo-blind,ring_size,A,ring_size_031,0.10235462003836351,2027
ECFP4 stereo-blind,ring_size,A,ring_size_032,0.10235462003836351,2027
ECFP4 stereo-blind,ring_size,A,ring_size_033,0.10235462003836351,2027
ECFP4 stereo-blind,ring_size,A,ring_size_034,0.10235462003836351,2027
ECFP4 stereo-blind,ring_size,A,ring_size_035,0.10235462003836351,2027
ECFP4 stereo-blind,ring_size,A,ring_size_036,0.10235462003836351,2027
ECFP4 stereo-blind,ring_size,A,ring_size_037,0.10235462003836351,2027
ECFP4 stereo-blind,ring_size,A,ring_size_038,0.10235462003836351,2027
ECFP4 stereo-blind,ring_size,A,ring_size_039,0.10235462003836351,2027
ECFP4 stereo-blind,ring_size,A,ring_size_040,0.10235462003836351,2027
ECFP4 stereo-blind,ring_size,A,ring_size_041,0.10235462003836351,2027
ECFP4 stereo-blind,ring_size,A,ring_size_042,0.10235462003836351,2027
ECFP4 stereo-blind,ring_size,A,ring_size_043,0.10235462003836351,2027
ECFP4 stereo-blind,ring_size,A,ring_size_044,0.10235462003836351,2027
ECFP4 stereo-blind,ring_size,A,ring_size_045,0.10235462003836351,2027
ECFP4 stereo-blind,ring_size,A,ring_size_046,0.10235462003836351,2027
ECFP4 stereo-blind,ring_size,A,ring_size_047,0.10235462003836351,2027
ECFP4 stereo-blind,ring_size,A,ring_size_048,0.10235462003836351,2027
ECFP4 stereo-blind,ring_size,A,ring_size_049,0.10235462003836351,2027
ECFP4 stereo-blind,ring_size,A,ring_size_050,0.10235462003836351,2027
ECFP4 stereo-blind,ring_size,A,ring_size_051,0.10235462003836351,2027
ECFP4 stereo-blind,ring_size,A,ring_size_052,0.10235462003836351,2027
ECFP4 stereo-blind,ring_size,A,ring_size_053,0.10235462003836351,2027
ECFP4 stereo-blind,ring_size,A,ring_size_054,0.10235462003836351,2027
ECFP4 stereo-blind,ring_size,A,ring_size_055,0.10235462003836351,2027
ECFP4 stereo-blind,ring_size,A,ring_size_056,0.10235462003836351,2027
ECFP4 stereo-blind,ring_size,A,ring_size_057,0.0,2027
ECFP4 stereo-blind,ring_size,A,ring_size_058,0.10235462003836351,2027
ECFP4 stereo-blind,ring_size,A,ring_size_059,0.10235462003836351,2027
ECFP4 stereo-blind,ring_size,A,ring_size_060,0.10235462003836351,2027
ECFP4 stereo-blind,ring_size,A,ring_size_061,0.10235462003836351,2027
ECFP4 stereo-blind,ring_size,A,ring_size_062,0.10235462003836351,2027
ECFP4 stereo-blind,ring_size,A,ring_size_063,0.10235462003836351,2027
ECFP4 stereo-blind,ring_size,A,ring_size_064,0.10235462003836351,2027
ECFP4 stereo-blind,ring_size,A,ring_size_065,0.10235462003836351,2027
ECFP4 stereo-blind,ring_size,A,ring_size_066,0.10235462003836351,2027
ECFP4 stereo-blind,ring_size,A,ring_size_067,0.10235462003836351,2027
ECFP4 stereo-blind,ring_size,A,ring_size_068,0.10235462003836351,2027
ECFP4 stereo-blind,ring_size,A,ring_size_069,0.0,2027
ECFP4 stereo-blind,ring_size,A,ring_size_070,0.10235462003836351,2027
ECFP4 stereo-blind,ring_size,A,ring_size_071,0.10235462003836351,2027
ECFP4 stereo-blind,ring_size,A,ring_size_072,0.10235462003836351,2027
ECFP4 stereo-blind,ring_size,A,ring_size_073,0.10235462003836351,2027
ECFP4 stereo-blind,ring_size,A,ring_size_074,0.10235462003836351,2027
ECFP4 stereo-blind,ring_size,A,ring_size_075,0.10235462003836351,2027
ECFP4 stereo-blind,ring_size,A,ring_size_076,0.10235462003836351,2027
ECFP4 stereo-blind,ring_size,A,ring_size_077,0.10235462003836351,2027
ECFP4 stereo-blind,ring_size,A,ring_size_078,0.10235462003836351,2027
ECFP4 stereo-blind,ring_size,A,ring_size_079,0.10235462003836351,2027
ECFP4 stereo-blind,ring_size,A,ring_size_080,0.10235462003836351,2027
ECFP4 stereo-blind,ring_size,A,ring_size_081,0.10235462003836351,2027
ECFP4 stereo-blind,ring_size,A,ring_size_082,0.0,2027
ECFP4 stereo-blind,ring_size,A,ring_size_083,0.0,2027
ECFP4 stereo-blind,ring_size,A,ring_size_084,0.10235462003836351,2027
ECFP4 stereo-blind,ring_size,A,ring_size_085,0.10235462003836351,2027
ECFP4 stereo-blind,ring_size,A,ring_size_086,0.10235462003836351,2027
ECFP4 stereo-blind,ring_size,A,ring_size_087,0.10235462003836351,2027
ECFP4 stereo-blind,ring_size,A,ring_size_088,0.10235462003836351,2027
ECFP4 stereo-blind,ring_size,A,ring_size_089,0.10235462003836351,2027
ECFP4 stereo-blind,ring_size,A,ring_size_090,0.10235462003836351,2027
ECFP4 stereo-blind,ring_size,A,ring_size_091,0.10235462003836351,2027
ECFP4 stereo-blind,ring_size,A,ring_size_092,0.10235462003836351,2027
ECFP4 stereo-blind,ring_size,A,ring_size_093,0.10235462003836351,2027
ECFP4 stereo-blind,ring_size,A,ring_size_094,0.10235462003836351,2027
ECFP4 stereo-blind,ring_size,A,ring_size_095,0.10235462003836351,2027
ECFP4 stereo-blind,ring_size,A,ring_size_096,0.10235462003836351,2027
ECFP4 stereo-blind,ring_size,A,ring_size_097,0.10235462003836351,2027
ECFP4 stereo-blind,ring_size,A,ring_size_098,0.10235462003836351,2027
ECFP4 stereo-blind,ring_size,A,ring_size_099,0.10235462003836351,2027
ECFP4 stereo-blind,regioisomer,A,regioisomer_000,0.5894479667839124,2027
ECFP4 stereo-blind,regioisomer,A,regioisomer_001,0.8560227692569582,2027
ECFP4 stereo-blind,regioisomer,A,regioisomer_002,1.051629548931193,2027
ECFP4 stereo-blind,regioisomer,A,regioisomer_003,1.0520881416241055,2027
ECFP4 stereo-blind,regioisomer,A,regioisomer_004,0.8565092378091097,2027
ECFP4 stereo-blind,regioisomer,A,regioisomer_005,0.5446294231838775,2027
ECFP4 stereo-blind,regioisomer,A,regioisomer_006,1.0218501567015683,2027
ECFP4 stereo-blind,regioisomer,A,regioisomer_007,0.8607311636150795,2027
ECFP4 stereo-blind,regioisomer,A,regioisomer_008,0.8098717516015491,2027
ECFP4 stereo-blind,regioisomer,A,regioisomer_009,0.8741312944676667,2027
ECFP4 stereo-blind,regioisomer,A,regioisomer_010,0.9872985902611136,2027
ECFP4 stereo-blind,regioisomer,A,regioisomer_011,0.7784862237610979,2027
ECFP4 stereo-blind,regioisomer,A,regioisomer_012,0.7358779202763456,2027
ECFP4 stereo-blind,regioisomer,A,regioisomer_013,0.7033463397268471,2027
ECFP4 stereo-blind,regioisomer,A,regioisomer_014,0.6418771950139557,2027
ECFP4 stereo-blind,regioisomer,A,regioisomer_015,0.6609285688358024,2027
ECFP4 stereo-blind,regioisomer,A,regioisomer_016,0.6377349339961117,2027
ECFP4 stereo-blind,regioisomer,A,regioisomer_017,0.7091641094522583,2027
ECFP4 stereo-blind,regioisomer,A,regioisomer_018,0.9922763757861799,2027
ECFP4 stereo-blind,regioisomer,A,regioisomer_019,0.750729692207605,2027
ECFP4 stereo-blind,regioisomer,A,regioisomer_020,0.7492751651855392,2027
ECFP4 stereo-blind,regioisomer,A,regioisomer_021,0.654838106349747,2027
ECFP4 stereo-blind,regioisomer,A,regioisomer_022,0.5899224482903616,2027
ECFP4 stereo-blind,regioisomer,A,regioisomer_023,0.7592157746658357,2027
ECFP4 stereo-blind,regioisomer,A,regioisomer_024,0.5175799003606507,2027
ECFP4 stereo-blind,regioisomer,A,regioisomer_025,0.7122011430175417,2027
ECFP4 stereo-blind,regioisomer,A,regioisomer_026,0.6196562274036224,2027
ECFP4 stereo-blind,regioisomer,A,regioisomer_027,0.8660713942193476,2027
ECFP4 stereo-blind,regioisomer,A,regioisomer_028,0.7273277732185708,2027
ECFP4 stereo-blind,regioisomer,A,regioisomer_029,0.666532232041503,2027
ECFP4 stereo-blind,regioisomer,A,regioisomer_030,0.8387537391133537,2027
ECFP4 stereo-blind,regioisomer,A,regioisomer_031,0.9179471773080027,2027
ECFP4 stereo-blind,regioisomer,A,regioisomer_032,0.7484499973887178,2027
ECFP4 stereo-blind,regioisomer,A,regioisomer_033,0.5183086608412376,2027
ECFP4 stereo-blind,regioisomer,A,regioisomer_034,0.905821819905873,2027
ECFP4 stereo-blind,regioisomer,A,regioisomer_035,0.7197495511407598,2027
ECFP4 stereo-blind,regioisomer,A,regioisomer_036,0.8460925933237856,2027
ECFP4 stereo-blind,regioisomer,A,regioisomer_037,0.5019827612883475,2027
ECFP4 stereo-blind,regioisomer,A,regioisomer_038,0.6685777093307882,2027
ECFP4 stereo-blind,regioisomer,A,regioisomer_039,0.5828473825364711,2027
ECFP4 stereo-blind,regioisomer,A,regioisomer_040,0.6389649503527703,2027
ECFP4 stereo-blind,regioisomer,A,regioisomer_041,0.6375679899260618,2027
ECFP4 stereo-blind,regioisomer,A,regioisomer_042,0.8341863702431686,2027
ECFP4 stereo-blind,regioisomer,A,regioisomer_043,0.6651168532847649,2027
ECFP4 stereo-blind,regioisomer,A,regioisomer_044,0.6997927163858871,2027
ECFP4 stereo-blind,regioisomer,A,regioisomer_045,1.0480711440416748,2027
ECFP4 stereo-blind,regioisomer,A,regioisomer_046,0.6643872325409621,2027
ECFP4 stereo-blind,regioisomer,A,regioisomer_047,0.5053094402618243,2027
ECFP4 stereo-blind,regioisomer,A,regioisomer_048,0.8781111584784943,2027
ECFP4 stereo-blind,regioisomer,A,regioisomer_049,0.9229875907971207,2027
ECFP4 stereo-blind,regioisomer,A,regioisomer_050,0.8217437014446272,2027
ECFP4 stereo-blind,regioisomer,A,regioisomer_051,0.9922763757861799,2027
ECFP4 stereo-blind,regioisomer,A,regioisomer_052,0.8025614634731301,2027
ECFP4 stereo-blind,regioisomer,A,regioisomer_053,0.7203379711165417,2027
ECFP4 stereo-blind,regioisomer,A,regioisomer_054,1.142201281093869,2027
ECFP4 stereo-blind,regioisomer,A,regioisomer_055,0.7496208242269469,2027
ECFP4 stereo-blind,regioisomer,A,regioisomer_056,1.0175154051471502,2027
ECFP4 stereo-blind,regioisomer,A,regioisomer_057,0.8595371297131529,2027
ECFP4 stereo-blind,regioisomer,A,regioisomer_058,0.6674782730135682,2027
ECFP4 stereo-blind,regioisomer,A,regioisomer_059,0.5930098873437465,2027
ECFP4 stereo-blind,regioisomer,A,regioisomer_060,0.7063220125085349,2027
ECFP4 stereo-blind,regioisomer,A,regioisomer_061,0.7209702532275706,2027
ECFP4 stereo-blind,regioisomer,A,regioisomer_062,0.9130695329370051,2027
ECFP4 stereo-blind,regioisomer,A,regioisomer_063,0.47394131878239637,2027
ECFP4 stereo-blind,regioisomer,A,regioisomer_064,0.7010296066572403,2027
ECFP4 stereo-blind,regioisomer,A,regioisomer_065,0.7099912126174543,2027
ECFP4 stereo-blind,regioisomer,A,regioisomer_066,0.6182856889521868,2027
ECFP4 stereo-blind,regioisomer,A,regioisomer_067,0.6536777883957666,2027
ECFP4 stereo-blind,regioisomer,A,regioisomer_068,0.9391872342675366,2027
ECFP4 stereo-blind,regioisomer,A,regioisomer_069,1.0521811935647176,2027
ECFP4 stereo-blind,regioisomer,A,regioisomer_070,0.5362989417741256,2027
ECFP4 stereo-blind,regioisomer,A,regioisomer_071,0.5650752849358952,2027
ECFP4 stereo-blind,regioisomer,A,regioisomer_072,0.8265422015485031,2027
ECFP4 stereo-blind,regioisomer,A,regioisomer_073,0.8073645817599655,2027
ECFP4 stereo-blind,regioisomer,A,regioisomer_074,0.6633907528110463,2027
ECFP4 stereo-blind,regioisomer,A,regioisomer_075,0.5925405410692073,2027
ECFP4 stereo-blind,regioisomer,A,regioisomer_076,1.1668137961331453,2027
ECFP4 stereo-blind,regioisomer,A,regioisomer_077,0.39331479236954375,2027
ECFP4 stereo-blind,regioisomer,A,regioisomer_078,0.950208575400007,2027
ECFP4 stereo-blind,regioisomer,A,regioisomer_079,0.9616925270761072,2027
ECFP4 stereo-blind,regioisomer,A,regioisomer_080,0.6718162484904344,2027
ECFP4 stereo-blind,regioisomer,A,regioisomer_081,0.7150616011702184,2027
ECFP4 stereo-blind,regioisomer,A,regioisomer_082,0.7898137585479492,2027
ECFP4 stereo-blind,regioisomer,A,regioisomer_083,0.8836889813825726,2027
ECFP4 stereo-blind,regioisomer,A,regioisomer_084,0.8037762117700565,2027
ECFP4 stereo-blind,regioisomer,A,regioisomer_085,0.7414786100826081,2027
ECFP4 stereo-blind,regioisomer,A,regioisomer_086,1.0031315631366022,2027
ECFP4 stereo-blind,regioisomer,A,regioisomer_087,0.8502835540663188,2027
ECFP4 stereo-blind,regioisomer,A,regioisomer_088,0.6299596593018968,2027
ECFP4 stereo-blind,regioisomer,A,regioisomer_089,0.6648992000262522,2027
ECFP4 stereo-blind,regioisomer,A,regioisomer_090,0.6489107374274788,2027
ECFP4 stereo-blind,regioisomer,A,regioisomer_091,0.7661588776425197,2027
ECFP4 stereo-blind,regioisomer,A,regioisomer_092,0.7704127768299294,2027
ECFP4 stereo-blind,regioisomer,A,regioisomer_093,0.7105724899396088,2027
ECFP4 stereo-blind,regioisomer,A,regioisomer_094,0.7872684343209879,2027
ECFP4 stereo-blind,regioisomer,A,regioisomer_095,0.6424711776312686,2027
ECFP4 stereo-blind,regioisomer,A,regioisomer_096,0.5053094402618243,2027
ECFP4 stereo-blind,regioisomer,A,regioisomer_097,0.85416780976916,2027
ECFP4 stereo-blind,regioisomer,A,regioisomer_098,0.768635338552209,2027
ECFP4 stereo-blind,regioisomer,A,regioisomer_099,0.7759934511310775,2027
ECFP4 stereo-blind,matched_mw,A,matched_mw_000,0.6465535472757675,2027
ECFP4 stereo-blind,matched_mw,A,matched_mw_001,1.0573682967630187,2027
ECFP4 stereo-blind,matched_mw,A,matched_mw_002,1.0692793635297684,2027
ECFP4 stereo-blind,matched_mw,A,matched_mw_003,0.7071851641622832,2027
ECFP4 stereo-blind,matched_mw,A,matched_mw_004,0.9918542550559052,2027
ECFP4 stereo-blind,matched_mw,A,matched_mw_005,0.43253170629625537,2027
ECFP4 stereo-blind,matched_mw,A,matched_mw_006,0.5339711834104,2027
ECFP4 stereo-blind,matched_mw,A,matched_mw_007,0.781972832675259,2027
ECFP4 stereo-blind,matched_mw,A,matched_mw_008,0.83849493460358,2027
ECFP4 stereo-blind,matched_mw,A,matched_mw_009,0.9110132874363589,2027
ECFP4 stereo-blind,matched_mw,A,matched_mw_010,0.6858256369032225,2027
ECFP4 stereo-blind,matched_mw,A,matched_mw_011,0.5695498015794088,2027
ECFP4 stereo-blind,matched_mw,A,matched_mw_012,0.5797860437406275,2027
ECFP4 stereo-blind,matched_mw,A,matched_mw_013,0.7418654388411655,2027
ECFP4 stereo-blind,matched_mw,A,matched_mw_014,0.9404578057559128,2027
ECFP4 stereo-blind,matched_mw,A,matched_mw_015,0.6721794679554142,2027
ECFP4 stereo-blind,matched_mw,A,matched_mw_016,0.9744360325167746,2027
ECFP4 stereo-blind,matched_mw,A,matched_mw_017,0.9553067234619965,2027
ECFP4 stereo-blind,matched_mw,A,matched_mw_018,0.638965177878293,2027
ECFP4 stereo-blind,matched_mw,A,matched_mw_019,0.9986572374365331,2027
ECFP4 stereo-blind,matched_mw,A,matched_mw_020,0.6537768885621733,2027
ECFP4 stereo-blind,matched_mw,A,matched_mw_021,1.1678471773171777,2027
ECFP4 stereo-blind,matched_mw,A,matched_mw_022,1.2305271059201277,2027
ECFP4 stereo-blind,matched_mw,A,matched_mw_023,0.9243020796497542,2027
ECFP4 stereo-blind,matched_mw,A,matched_mw_024,1.3923448830306706,2027
ECFP4 stereo-blind,matched_mw,A,matched_mw_025,1.3852370672158636,2027
ECFP4 stereo-blind,matched_mw,A,matched_mw_026,0.6459515504949374,2027
ECFP4 stereo-blind,matched_mw,A,matched_mw_027,0.7975602753801738,2027
ECFP4 stereo-blind,matched_mw,A,matched_mw_028,0.9943159535690121,2027
ECFP4 stereo-blind,matched_mw,A,matched_mw_029,0.7378545190506975,2027
ECFP4 stereo-blind,matched_mw,A,matched_mw_030,0.6621650723315214,2027
ECFP4 stereo-blind,matched_mw,A,matched_mw_031,0.7390572717102176,2027
ECFP4 stereo-blind,matched_mw,A,matched_mw_032,1.3442833497201252,2027
ECFP4 stereo-blind,matched_mw,A,matched_mw_033,1.3157670544828823,2027
ECFP4 stereo-blind,matched_mw,A,matched_mw_034,0.7585256985031481,2027
ECFP4 stereo-blind,matched_mw,A,matched_mw_035,0.7138719857986286,2027
ECFP4 stereo-blind,matched_mw,A,matched_mw_036,0.9087228556484012,2027
ECFP4 stereo-blind,matched_mw,A,matched_mw_037,0.9910176284530017,2027
ECFP4 stereo-blind,matched_mw,A,matched_mw_038,1.1231822560581723,2027
ECFP4 stereo-blind,matched_mw,A,matched_mw_039,0.8274391188698649,2027
ECFP4 stereo-blind,matched_mw,A,matched_mw_040,0.6156709190705492,2027
ECFP4 stereo-blind,matched_mw,A,matched_mw_041,1.0974232568437565,2027
ECFP4 stereo-blind,matched_mw,A,matched_mw_042,1.0801388366036937,2027
ECFP4 stereo-blind,matched_mw,A,matched_mw_043,0.8169558550287656,2027
ECFP4 stereo-blind,matched_mw,A,matched_mw_044,0.9913269464657906,2027
ECFP4 stereo-blind,matched_mw,A,matched_mw_045,1.1818867411076857,2027
ECFP4 stereo-blind,matched_mw,A,matched_mw_046,0.9048669279954031,2027
ECFP4 stereo-blind,matched_mw,A,matched_mw_047,1.0977524328488941,2027
ECFP4 stereo-blind,matched_mw,A,matched_mw_048,1.0379708096365514,2027
ECFP4 stereo-blind,matched_mw,A,matched_mw_049,0.9580492646972623,2027
ECFP4 stereo-blind,matched_mw,A,matched_mw_050,0.9513975005408485,2027
ECFP4 stereo-blind,matched_mw,A,matched_mw_051,1.0387282896689753,2027
ECFP4 stereo-blind,matched_mw,A,matched_mw_052,0.8628077521340547,2027
ECFP4 stereo-blind,matched_mw,A,matched_mw_053,0.7482925353887215,2027
ECFP4 stereo-blind,matched_mw,A,matched_mw_054,1.0569413373943262,2027
ECFP4 stereo-blind,matched_mw,A,matched_mw_055,1.1683070385848577,2027
ECFP4 stereo-blind,matched_mw,A,matched_mw_056,1.0708050518267294,2027
ECFP4 stereo-blind,matched_mw,A,matched_mw_057,0.8831465797539845,2027
ECFP4 stereo-blind,matched_mw,A,matched_mw_058,0.7002966630300013,2027
ECFP4 stereo-blind,matched_mw,A,matched_mw_059,0.7487582487620016,2027
ECFP4 stereo-blind,matched_mw,A,matched_mw_060,0.9401262896201577,2027
ECFP4 stereo-blind,matched_mw,A,matched_mw_061,1.1260688582970368,2027
ECFP4 stereo-blind,matched_mw,A,matched_mw_062,0.6918889642946185,2027
ECFP4 stereo-blind,matched_mw,A,matched_mw_063,0.46928425373704136,2027
ECFP4 stereo-blind,matched_mw,A,matched_mw_064,0.9721084163010745,2027
ECFP4 stereo-blind,matched_mw,A,matched_mw_065,0.9625608512151077,2027
ECFP4 stereo-blind,matched_mw,A,matched_mw_066,0.6157723588267988,2027
ECFP4 stereo-blind,matched_mw,A,matched_mw_067,0.798695756692851,2027
ECFP4 stereo-blind,matched_mw,A,matched_mw_068,0.8359510691770125,2027
ECFP4 stereo-blind,matched_mw,A,matched_mw_069,0.9643772763490458,2027
ECFP4 stereo-blind,matched_mw,A,matched_mw_070,1.143172879332738,2027
ECFP4 stereo-blind,matched_mw,A,matched_mw_071,1.1075830805884297,2027
ECFP4 stereo-blind,matched_mw,A,matched_mw_072,0.9764292252428146,2027
ECFP4 stereo-blind,matched_mw,A,matched_mw_073,0.859737021366716,2027
ECFP4 stereo-blind,matched_mw,A,matched_mw_074,1.0764671384841193,2027
ECFP4 stereo-blind,matched_mw,A,matched_mw_075,1.0280052159728632,2027
ECFP4 stereo-blind,matched_mw,A,matched_mw_076,1.182352991853724,2027
ECFP4 stereo-blind,matched_mw,A,matched_mw_077,0.8213135721594643,2027
ECFP4 stereo-blind,matched_mw,A,matched_mw_078,0.6691997006620222,2027
ECFP4 stereo-blind,matched_mw,A,matched_mw_079,0.8298418821505963,2027
ECFP4 stereo-blind,matched_mw,A,matched_mw_080,0.8117888575293352,2027
ECFP4 stereo-blind,matched_mw,A,matched_mw_081,1.1267549885422037,2027
ECFP4 stereo-blind,matched_mw,A,matched_mw_082,1.181052347893767,2027
ECFP4 stereo-blind,matched_mw,A,matched_mw_083,1.2049878870442556,2027
ECFP4 stereo-blind,matched_mw,A,matched_mw_084,0.9837288351184034,2027
ECFP4 stereo-blind,matched_mw,A,matched_mw_085,0.7442056506555831,2027
ECFP4 stereo-blind,matched_mw,A,matched_mw_086,0.8019595441594946,2027
ECFP4 stereo-blind,matched_mw,A,matched_mw_087,0.9385040885011998,2027
ECFP4 stereo-blind,matched_mw,A,matched_mw_088,1.19065529153289,2027
ECFP4 stereo-blind,matched_mw,A,matched_mw_089,1.1235308894343776,2027
ECFP4 stereo-blind,matched_mw,A,matched_mw_090,0.6245636107093729,2027
ECFP4 stereo-blind,matched_mw,A,matched_mw_091,0.5835111835411729,2027
ECFP4 stereo-blind,matched_mw,A,matched_mw_092,0.9017712136903412,2027
ECFP4 stereo-blind,matched_mw,A,matched_mw_093,0.9194538312559581,2027
ECFP4 stereo-blind,matched_mw,A,matched_mw_094,1.0355031229279317,2027
ECFP4 stereo-blind,matched_mw,A,matched_mw_095,0.6975997690337064,2027
ECFP4 stereo-blind,matched_mw,A,matched_mw_096,0.9881568273148311,2027
ECFP4 stereo-blind,matched_mw,A,matched_mw_097,0.9173226139023901,2027
ECFP4 stereo-blind,matched_mw,A,matched_mw_098,1.1464661624757522,2027
ECFP4 stereo-blind,matched_mw,A,matched_mw_099,1.5773996168694908,2027
ECFP4 stereo-blind,matched_descriptors,A,matched_descriptors_000,1.2538372706860827,2027
ECFP4 stereo-blind,matched_descriptors,A,matched_descriptors_001,1.258682614207545,2027
ECFP4 stereo-blind,matched_descriptors,A,matched_descriptors_002,1.2399494355077112,2027
ECFP4 stereo-blind,matched_descriptors,A,matched_descriptors_003,0.5852198140767684,2027
ECFP4 stereo-blind,matched_descriptors,A,matched_descriptors_004,0.9635188520115313,2027
ECFP4 stereo-blind,matched_descriptors,A,matched_descriptors_005,1.2051294901835814,2027
ECFP4 stereo-blind,matched_descriptors,A,matched_descriptors_006,1.3460694399589497,2027
ECFP4 stereo-blind,matched_descriptors,A,matched_descriptors_007,1.3232489899787243,2027
ECFP4 stereo-blind,matched_descriptors,A,matched_descriptors_008,1.280132346928173,2027
ECFP4 stereo-blind,matched_descriptors,A,matched_descriptors_009,1.1968615929576278,2027
ECFP4 stereo-blind,matched_descriptors,A,matched_descriptors_010,1.2482039305445782,2027
ECFP4 stereo-blind,matched_descriptors,A,matched_descriptors_011,1.0223510856990885,2027
ECFP4 stereo-blind,matched_descriptors,A,matched_descriptors_012,0.8804647995261017,2027
ECFP4 stereo-blind,matched_descriptors,A,matched_descriptors_013,1.34119103494871,2027
ECFP4 stereo-blind,matched_descriptors,A,matched_descriptors_014,0.729541019025665,2027
ECFP4 stereo-blind,matched_descriptors,A,matched_descriptors_015,1.3365601617104752,2027
ECFP4 stereo-blind,matched_descriptors,A,matched_descriptors_016,1.52396804263729,2027
ECFP4 stereo-blind,matched_descriptors,A,matched_descriptors_017,1.178322046250908,2027
ECFP4 stereo-blind,matched_descriptors,A,matched_descriptors_018,1.410298875414012,2027
ECFP4 stereo-blind,matched_descriptors,A,matched_descriptors_019,0.7605776115110031,2027
ECFP4 stereo-blind,matched_descriptors,A,matched_descriptors_020,1.9064158116403105,2027
ECFP4 stereo-blind,matched_descriptors,A,matched_descriptors_021,1.0415333117551957,2027
ECFP4 stereo-blind,matched_descriptors,A,matched_descriptors_022,1.4806757136618647,2027
ECFP4 stereo-blind,matched_descriptors,A,matched_descriptors_023,1.1474297949983026,2027
ECFP4 stereo-blind,matched_descriptors,A,matched_descriptors_024,1.2950987937468266,2027
ECFP4 stereo-blind,matched_descriptors,A,matched_descriptors_025,1.133381921069703,2027
ECFP4 stereo-blind,matched_descriptors,A,matched_descriptors_026,1.48073020402018,2027
ECFP4 stereo-blind,matched_descriptors,A,matched_descriptors_027,0.8721641907528861,2027
ECFP4 stereo-blind,matched_descriptors,A,matched_descriptors_028,0.9202382288384066,2027
ECFP4 stereo-blind,matched_descriptors,A,matched_descriptors_029,1.154986825343053,2027
ECFP4 stereo-blind,matched_descriptors,A,matched_descriptors_030,1.3938007937000663,2027
ECFP4 stereo-blind,matched_descriptors,A,matched_descriptors_031,1.290567774547026,2027
ECFP4 stereo-blind,matched_descriptors,A,matched_descriptors_032,1.353386224843192,2027
ECFP4 stereo-blind,matched_descriptors,A,matched_descriptors_033,1.0493220119616058,2027
ECFP4 stereo-blind,matched_descriptors,A,matched_descriptors_034,1.3375019157593175,2027
ECFP4 stereo-blind,matched_descriptors,A,matched_descriptors_035,1.3893069115110788,2027
ECFP4 stereo-blind,matched_descriptors,A,matched_descriptors_036,0.7755539097594062,2027
ECFP4 stereo-blind,matched_descriptors,A,matched_descriptors_037,1.2648626983432143,2027
ECFP4 stereo-blind,matched_descriptors,A,matched_descriptors_038,1.107797800677598,2027
ECFP4 stereo-blind,matched_descriptors,A,matched_descriptors_039,1.2992306528150985,2027
ECFP4 stereo-blind,matched_descriptors,A,matched_descriptors_040,1.693547035055338,2027
ECFP4 stereo-blind,matched_descriptors,A,matched_descriptors_041,0.6453099321889251,2027
ECFP4 stereo-blind,matched_descriptors,A,matched_descriptors_042,1.1736319836950366,2027
ECFP4 stereo-blind,matched_descriptors,A,matched_descriptors_043,0.8170734397432978,2027
ECFP4 stereo-blind,matched_descriptors,A,matched_descriptors_044,1.126619689546697,2027
ECFP4 stereo-blind,matched_descriptors,A,matched_descriptors_045,1.3885238060699223,2027
ECFP4 stereo-blind,matched_descriptors,A,matched_descriptors_046,1.238757138319595,2027
ECFP4 stereo-blind,matched_descriptors,A,matched_descriptors_047,1.2603747606262399,2027
ECFP4 stereo-blind,matched_descriptors,A,matched_descriptors_048,1.4476414705913414,2027
ECFP4 stereo-blind,matched_descriptors,A,matched_descriptors_049,1.2211160211262473,2027
ECFP4 stereo-blind,matched_descriptors,A,matched_descriptors_050,1.4059439602994137,2027
ECFP4 stereo-blind,matched_descriptors,A,matched_descriptors_051,1.4345510841820333,2027
ECFP4 stereo-blind,matched_descriptors,A,matched_descriptors_052,1.423945250800775,2027
ECFP4 stereo-blind,matched_descriptors,A,matched_descriptors_053,1.0832736818376105,2027
ECFP4 stereo-blind,matched_descriptors,A,matched_descriptors_054,1.3126802622101963,2027
ECFP4 stereo-blind,matched_descriptors,A,matched_descriptors_055,1.0907998739356395,2027
ECFP4 stereo-blind,matched_descriptors,A,matched_descriptors_056,1.3350704719504294,2027
ECFP4 stereo-blind,matched_descriptors,A,matched_descriptors_057,1.1748451563129247,2027
ECFP4 stereo-blind,matched_descriptors,A,matched_descriptors_058,1.3739105064110173,2027
ECFP4 stereo-blind,matched_descriptors,A,matched_descriptors_059,1.0013111708772011,2027
ECFP4 stereo-blind,matched_descriptors,A,matched_descriptors_060,1.0941290277582127,2027
ECFP4 stereo-blind,matched_descriptors,A,matched_descriptors_061,1.332675980089156,2027
ECFP4 stereo-blind,matched_descriptors,A,matched_descriptors_062,1.6768452285867719,2027
ECFP4 stereo-blind,matched_descriptors,A,matched_descriptors_063,1.6178908071312432,2027
ECFP4 stereo-blind,matched_descriptors,A,matched_descriptors_064,1.359223692407452,2027
ECFP4 stereo-blind,matched_descriptors,A,matched_descriptors_065,1.2518902515937436,2027
ECFP4 stereo-blind,matched_descriptors,A,matched_descriptors_066,1.301439619407222,2027
ECFP4 stereo-blind,matched_descriptors,A,matched_descriptors_067,1.32028711184648,2027
ECFP4 stereo-blind,matched_descriptors,A,matched_descriptors_068,1.1062373590877268,2027
ECFP4 stereo-blind,matched_descriptors,A,matched_descriptors_069,1.1675551106580084,2027
ECFP4 stereo-blind,matched_descriptors,A,matched_descriptors_070,1.6971123230545961,2027
ECFP4 stereo-blind,matched_descriptors,A,matched_descriptors_071,1.1880277349166097,2027
ECFP4 stereo-blind,matched_descriptors,A,matched_descriptors_072,1.2042399190971156,2027
ECFP4 stereo-blind,matched_descriptors,A,matched_descriptors_073,1.000402216876935,2027
ECFP4 stereo-blind,matched_descriptors,A,matched_descriptors_074,1.4583130889828744,2027
ECFP4 stereo-blind,matched_descriptors,A,matched_descriptors_075,1.0932137019865917,2027
ECFP4 stereo-blind,matched_descriptors,A,matched_descriptors_076,0.44524172634995,2027
ECFP4 stereo-blind,matched_descriptors,A,matched_descriptors_077,0.4652391799708846,2027
ECFP4 stereo-blind,matched_descriptors,A,matched_descriptors_078,1.4040575269225215,2027
ECFP4 stereo-blind,matched_descriptors,A,matched_descriptors_079,1.1922945824482927,2027
ECFP4 stereo-blind,matched_descriptors,A,matched_descriptors_080,1.2607562488297681,2027
ECFP4 stereo-blind,matched_descriptors,A,matched_descriptors_081,1.2938911423994328,2027
ECFP4 stereo-blind,matched_descriptors,A,matched_descriptors_082,1.3581744147423875,2027
ECFP4 stereo-blind,matched_descriptors,A,matched_descriptors_083,1.2304548051199722,2027
ECFP4 stereo-blind,matched_descriptors,A,matched_descriptors_084,1.1965455364650115,2027
ECFP4 stereo-blind,matched_descriptors,A,matched_descriptors_085,1.3977427242723903,2027
ECFP4 stereo-blind,matched_descriptors,A,matched_descriptors_086,0.9945555808601195,2027
ECFP4 stereo-blind,matched_descriptors,A,matched_descriptors_087,1.422505666829871,2027
ECFP4 stereo-blind,matched_descriptors,A,matched_descriptors_088,0.9205226804443322,2027
ECFP4 stereo-blind,matched_descriptors,A,matched_descriptors_089,1.3608190387435066,2027
ECFP4 stereo-blind,matched_descriptors,A,matched_descriptors_090,1.4862577874248686,2027
ECFP4 stereo-blind,matched_descriptors,A,matched_descriptors_091,1.4879275561550527,2027
ECFP4 stereo-blind,matched_descriptors,A,matched_descriptors_092,1.5381902114703745,2027
ECFP4 stereo-blind,matched_descriptors,A,matched_descriptors_093,0.8192774938156119,2027
ECFP4 stereo-blind,matched_descriptors,A,matched_descriptors_094,1.6094886273519455,2027
ECFP4 stereo-blind,matched_descriptors,A,matched_descriptors_095,1.3935985451864241,2027
ECFP4 stereo-blind,matched_descriptors,A,matched_descriptors_096,1.0431888239318867,2027
ECFP4 stereo-blind,matched_descriptors,A,matched_descriptors_097,0.9058070673987673,2027
ECFP4 stereo-blind,matched_descriptors,A,matched_descriptors_098,1.4528053686109206,2027
ECFP4 stereo-blind,matched_descriptors,A,matched_descriptors_099,1.321708543914181,2027
ECFP4 stereo-blind,smiles_enumeration,B,smiles_enumeration_000,0.0,2027
ECFP4 stereo-blind,smiles_enumeration,B,smiles_enumeration_001,0.0,2027
ECFP4 stereo-blind,smiles_enumeration,B,smiles_enumeration_002,0.0,2027
ECFP4 stereo-blind,smiles_enumeration,B,smiles_enumeration_003,0.0,2027
ECFP4 stereo-blind,smiles_enumeration,B,smiles_enumeration_004,0.0,2027
ECFP4 stereo-blind,smiles_enumeration,B,smiles_enumeration_005,0.0,2027
ECFP4 stereo-blind,smiles_enumeration,B,smiles_enumeration_006,0.0,2027
ECFP4 stereo-blind,smiles_enumeration,B,smiles_enumeration_007,0.0,2027
ECFP4 stereo-blind,smiles_enumeration,B,smiles_enumeration_008,0.0,2027
ECFP4 stereo-blind,smiles_enumeration,B,smiles_enumeration_009,0.0,2027
ECFP4 stereo-blind,smiles_enumeration,B,smiles_enumeration_010,0.0,2027
ECFP4 stereo-blind,smiles_enumeration,B,smiles_enumeration_011,0.0,2027
ECFP4 stereo-blind,smiles_enumeration,B,smiles_enumeration_012,0.0,2027
ECFP4 stereo-blind,smiles_enumeration,B,smiles_enumeration_013,0.0,2027
ECFP4 stereo-blind,smiles_enumeration,B,smiles_enumeration_014,0.0,2027
ECFP4 stereo-blind,smiles_enumeration,B,smiles_enumeration_015,0.0,2027
ECFP4 stereo-blind,smiles_enumeration,B,smiles_enumeration_016,0.0,2027
ECFP4 stereo-blind,smiles_enumeration,B,smiles_enumeration_017,0.0,2027
ECFP4 stereo-blind,smiles_enumeration,B,smiles_enumeration_018,0.0,2027
ECFP4 stereo-blind,smiles_enumeration,B,smiles_enumeration_019,0.0,2027
ECFP4 stereo-blind,smiles_enumeration,B,smiles_enumeration_020,0.0,2027
ECFP4 stereo-blind,smiles_enumeration,B,smiles_enumeration_021,0.0,2027
ECFP4 stereo-blind,smiles_enumeration,B,smiles_enumeration_022,0.0,2027
ECFP4 stereo-blind,smiles_enumeration,B,smiles_enumeration_023,0.0,2027
ECFP4 stereo-blind,smiles_enumeration,B,smiles_enumeration_024,0.0,2027
ECFP4 stereo-blind,smiles_enumeration,B,smiles_enumeration_025,0.0,2027
ECFP4 stereo-blind,smiles_enumeration,B,smiles_enumeration_026,0.0,2027
ECFP4 stereo-blind,smiles_enumeration,B,smiles_enumeration_027,0.0,2027
ECFP4 stereo-blind,smiles_enumeration,B,smiles_enumeration_028,0.0,2027
ECFP4 stereo-blind,smiles_enumeration,B,smiles_enumeration_029,0.0,2027
ECFP4 stereo-blind,smiles_enumeration,B,smiles_enumeration_030,0.0,2027
ECFP4 stereo-blind,smiles_enumeration,B,smiles_enumeration_031,0.0,2027
ECFP4 stereo-blind,smiles_enumeration,B,smiles_enumeration_032,0.0,2027
ECFP4 stereo-blind,smiles_enumeration,B,smiles_enumeration_033,0.0,2027
ECFP4 stereo-blind,smiles_enumeration,B,smiles_enumeration_034,0.0,2027
ECFP4 stereo-blind,smiles_enumeration,B,smiles_enumeration_035,0.0,2027
ECFP4 stereo-blind,smiles_enumeration,B,smiles_enumeration_036,0.0,2027
ECFP4 stereo-blind,smiles_enumeration,B,smiles_enumeration_037,0.0,2027
ECFP4 stereo-blind,smiles_enumeration,B,smiles_enumeration_038,0.0,2027
ECFP4 stereo-blind,smiles_enumeration,B,smiles_enumeration_039,0.0,2027
ECFP4 stereo-blind,smiles_enumeration,B,smiles_enumeration_040,0.0,2027
ECFP4 stereo-blind,smiles_enumeration,B,smiles_enumeration_041,0.0,2027
ECFP4 stereo-blind,smiles_enumeration,B,smiles_enumeration_042,0.0,2027
ECFP4 stereo-blind,smiles_enumeration,B,smiles_enumeration_043,0.0,2027
ECFP4 stereo-blind,smiles_enumeration,B,smiles_enumeration_044,0.0,2027
ECFP4 stereo-blind,smiles_enumeration,B,smiles_enumeration_045,0.0,2027
ECFP4 stereo-blind,smiles_enumeration,B,smiles_enumeration_046,0.0,2027
ECFP4 stereo-blind,smiles_enumeration,B,smiles_enumeration_047,0.0,2027
ECFP4 stereo-blind,smiles_enumeration,B,smiles_enumeration_048,0.0,2027
ECFP4 stereo-blind,smiles_enumeration,B,smiles_enumeration_049,0.0,2027
ECFP4 stereo-blind,smiles_enumeration,B,smiles_enumeration_050,0.0,2027
ECFP4 stereo-blind,smiles_enumeration,B,smiles_enumeration_051,0.0,2027
ECFP4 stereo-blind,smiles_enumeration,B,smiles_enumeration_052,0.0,2027
ECFP4 stereo-blind,smiles_enumeration,B,smiles_enumeration_053,0.0,2027
ECFP4 stereo-blind,smiles_enumeration,B,smiles_enumeration_054,0.0,2027
ECFP4 stereo-blind,smiles_enumeration,B,smiles_enumeration_055,0.0,2027
ECFP4 stereo-blind,smiles_enumeration,B,smiles_enumeration_056,0.0,2027
ECFP4 stereo-blind,smiles_enumeration,B,smiles_enumeration_057,0.0,2027
ECFP4 stereo-blind,smiles_enumeration,B,smiles_enumeration_058,0.0,2027
ECFP4 stereo-blind,smiles_enumeration,B,smiles_enumeration_059,0.0,2027
ECFP4 stereo-blind,smiles_enumeration,B,smiles_enumeration_060,0.0,2027
ECFP4 stereo-blind,smiles_enumeration,B,smiles_enumeration_061,0.0,2027
ECFP4 stereo-blind,smiles_enumeration,B,smiles_enumeration_062,0.0,2027
ECFP4 stereo-blind,smiles_enumeration,B,smiles_enumeration_063,0.0,2027
ECFP4 stereo-blind,smiles_enumeration,B,smiles_enumeration_064,0.0,2027
ECFP4 stereo-blind,smiles_enumeration,B,smiles_enumeration_065,0.0,2027
ECFP4 stereo-blind,smiles_enumeration,B,smiles_enumeration_066,0.0,2027
ECFP4 stereo-blind,smiles_enumeration,B,smiles_enumeration_067,0.0,2027
ECFP4 stereo-blind,smiles_enumeration,B,smiles_enumeration_068,0.0,2027
ECFP4 stereo-blind,smiles_enumeration,B,smiles_enumeration_069,0.0,2027
ECFP4 stereo-blind,smiles_enumeration,B,smiles_enumeration_070,0.0,2027
ECFP4 stereo-blind,smiles_enumeration,B,smiles_enumeration_071,0.0,2027
ECFP4 stereo-blind,smiles_enumeration,B,smiles_enumeration_072,0.0,2027
ECFP4 stereo-blind,smiles_enumeration,B,smiles_enumeration_073,0.0,2027
ECFP4 stereo-blind,smiles_enumeration,B,smiles_enumeration_074,0.0,2027
ECFP4 stereo-blind,smiles_enumeration,B,smiles_enumeration_075,0.0,2027
ECFP4 stereo-blind,smiles_enumeration,B,smiles_enumeration_076,0.0,2027
ECFP4 stereo-blind,smiles_enumeration,B,smiles_enumeration_077,0.0,2027
ECFP4 stereo-blind,smiles_enumeration,B,smiles_enumeration_078,0.0,2027
ECFP4 stereo-blind,smiles_enumeration,B,smiles_enumeration_079,0.0,2027
ECFP4 stereo-blind,smiles_enumeration,B,smiles_enumeration_080,0.0,2027
ECFP4 stereo-blind,smiles_enumeration,B,smiles_enumeration_081,0.0,2027
ECFP4 stereo-blind,smiles_enumeration,B,smiles_enumeration_082,0.0,2027
ECFP4 stereo-blind,smiles_enumeration,B,smiles_enumeration_083,0.0,2027
ECFP4 stereo-blind,smiles_enumeration,B,smiles_enumeration_084,0.0,2027
ECFP4 stereo-blind,smiles_enumeration,B,smiles_enumeration_085,0.0,2027
ECFP4 stereo-blind,smiles_enumeration,B,smiles_enumeration_086,0.0,2027
ECFP4 stereo-blind,smiles_enumeration,B,smiles_enumeration_087,0.0,2027
ECFP4 stereo-blind,smiles_enumeration,B,smiles_enumeration_088,0.0,2027
ECFP4 stereo-blind,smiles_enumeration,B,smiles_enumeration_089,0.0,2027
ECFP4 stereo-blind,smiles_enumeration,B,smiles_enumeration_090,0.0,2027
ECFP4 stereo-blind,smiles_enumeration,B,smiles_enumeration_091,0.0,2027
ECFP4 stereo-blind,smiles_enumeration,B,smiles_enumeration_092,0.0,2027
ECFP4 stereo-blind,smiles_enumeration,B,smiles_enumeration_093,0.0,2027
ECFP4 stereo-blind,smiles_enumeration,B,smiles_enumeration_094,0.0,2027
ECFP4 stereo-blind,smiles_enumeration,B,smiles_enumeration_095,0.0,2027
ECFP4 stereo-blind,smiles_enumeration,B,smiles_enumeration_096,0.0,2027
ECFP4 stereo-blind,smiles_enumeration,B,smiles_enumeration_097,0.0,2027
ECFP4 stereo-blind,smiles_enumeration,B,smiles_enumeration_098,0.0,2027
ECFP4 stereo-blind,smiles_enumeration,B,smiles_enumeration_099,0.0,2027
ECFP4 stereo-blind,kekule,B,kekule_000,0.0,2027
ECFP4 stereo-blind,kekule,B,kekule_001,0.0,2027
ECFP4 stereo-blind,kekule,B,kekule_002,0.0,2027
ECFP4 stereo-blind,kekule,B,kekule_003,0.0,2027
ECFP4 stereo-blind,kekule,B,kekule_004,0.0,2027
ECFP4 stereo-blind,kekule,B,kekule_005,0.0,2027
ECFP4 stereo-blind,kekule,B,kekule_006,0.0,2027
ECFP4 stereo-blind,kekule,B,kekule_007,0.0,2027
ECFP4 stereo-blind,kekule,B,kekule_008,0.0,2027
ECFP4 stereo-blind,kekule,B,kekule_009,0.0,2027
ECFP4 stereo-blind,kekule,B,kekule_010,0.0,2027
ECFP4 stereo-blind,kekule,B,kekule_011,0.0,2027
ECFP4 stereo-blind,kekule,B,kekule_012,0.0,2027
ECFP4 stereo-blind,kekule,B,kekule_013,0.0,2027
ECFP4 stereo-blind,kekule,B,kekule_014,0.0,2027
ECFP4 stereo-blind,kekule,B,kekule_015,0.0,2027
ECFP4 stereo-blind,kekule,B,kekule_016,0.0,2027
ECFP4 stereo-blind,kekule,B,kekule_017,0.0,2027
ECFP4 stereo-blind,kekule,B,kekule_018,0.0,2027
ECFP4 stereo-blind,kekule,B,kekule_019,0.0,2027
ECFP4 stereo-blind,kekule,B,kekule_020,0.0,2027
ECFP4 stereo-blind,kekule,B,kekule_021,0.0,2027
ECFP4 stereo-blind,kekule,B,kekule_022,0.0,2027
ECFP4 stereo-blind,kekule,B,kekule_023,0.0,2027
ECFP4 stereo-blind,kekule,B,kekule_024,0.0,2027
ECFP4 stereo-blind,kekule,B,kekule_025,0.0,2027
ECFP4 stereo-blind,kekule,B,kekule_026,0.0,2027
ECFP4 stereo-blind,kekule,B,kekule_027,0.0,2027
ECFP4 stereo-blind,kekule,B,kekule_028,0.0,2027
ECFP4 stereo-blind,kekule,B,kekule_029,0.0,2027
ECFP4 stereo-blind,kekule,B,kekule_030,0.0,2027
ECFP4 stereo-blind,kekule,B,kekule_031,0.0,2027
ECFP4 stereo-blind,kekule,B,kekule_032,0.0,2027
ECFP4 stereo-blind,kekule,B,kekule_033,0.0,2027
ECFP4 stereo-blind,kekule,B,kekule_034,0.0,2027
ECFP4 stereo-blind,kekule,B,kekule_035,0.0,2027
ECFP4 stereo-blind,kekule,B,kekule_036,0.0,2027
ECFP4 stereo-blind,kekule,B,kekule_037,0.0,2027
ECFP4 stereo-blind,kekule,B,kekule_038,0.0,2027
ECFP4 stereo-blind,kekule,B,kekule_039,0.0,2027
ECFP4 stereo-blind,kekule,B,kekule_040,0.0,2027
ECFP4 stereo-blind,kekule,B,kekule_041,0.0,2027
ECFP4 stereo-blind,kekule,B,kekule_042,0.0,2027
ECFP4 stereo-blind,kekule,B,kekule_043,0.0,2027
ECFP4 stereo-blind,kekule,B,kekule_044,0.0,2027
ECFP4 stereo-blind,kekule,B,kekule_045,0.0,2027
ECFP4 stereo-blind,kekule,B,kekule_046,0.0,2027
ECFP4 stereo-blind,kekule,B,kekule_047,0.0,2027
ECFP4 stereo-blind,kekule,B,kekule_048,0.0,2027
ECFP4 stereo-blind,kekule,B,kekule_049,0.0,2027
ECFP4 stereo-blind,kekule,B,kekule_050,0.0,2027
ECFP4 stereo-blind,kekule,B,kekule_051,0.0,2027
ECFP4 stereo-blind,kekule,B,kekule_052,0.0,2027
ECFP4 stereo-blind,kekule,B,kekule_053,0.0,2027
ECFP4 stereo-blind,kekule,B,kekule_054,0.0,2027
ECFP4 stereo-blind,kekule,B,kekule_055,0.0,2027
ECFP4 stereo-blind,kekule,B,kekule_056,0.0,2027
ECFP4 stereo-blind,kekule,B,kekule_057,0.0,2027
ECFP4 stereo-blind,kekule,B,kekule_058,0.0,2027
ECFP4 stereo-blind,kekule,B,kekule_059,0.0,2027
ECFP4 stereo-blind,kekule,B,kekule_060,0.0,2027
ECFP4 stereo-blind,kekule,B,kekule_061,0.0,2027
ECFP4 stereo-blind,kekule,B,kekule_062,0.0,2027
ECFP4 stereo-blind,kekule,B,kekule_063,0.0,2027
ECFP4 stereo-blind,kekule,B,kekule_064,0.0,2027
ECFP4 stereo-blind,kekule,B,kekule_065,0.0,2027
ECFP4 stereo-blind,kekule,B,kekule_066,0.0,2027
ECFP4 stereo-blind,kekule,B,kekule_067,0.0,2027
ECFP4 stereo-blind,kekule,B,kekule_068,0.0,2027
ECFP4 stereo-blind,kekule,B,kekule_069,0.0,2027
ECFP4 stereo-blind,kekule,B,kekule_070,0.0,2027
ECFP4 stereo-blind,kekule,B,kekule_071,0.0,2027
ECFP4 stereo-blind,kekule,B,kekule_072,0.0,2027
ECFP4 stereo-blind,kekule,B,kekule_073,0.0,2027
ECFP4 stereo-blind,kekule,B,kekule_074,0.0,2027
ECFP4 stereo-blind,kekule,B,kekule_075,0.0,2027
ECFP4 stereo-blind,kekule,B,kekule_076,0.0,2027
ECFP4 stereo-blind,kekule,B,kekule_077,0.0,2027
ECFP4 stereo-blind,kekule,B,kekule_078,0.0,2027
ECFP4 stereo-blind,kekule,B,kekule_079,0.0,2027
ECFP4 stereo-blind,kekule,B,kekule_080,0.0,2027
ECFP4 stereo-blind,kekule,B,kekule_081,0.0,2027
ECFP4 stereo-blind,kekule,B,kekule_082,0.0,2027
ECFP4 stereo-blind,kekule,B,kekule_083,0.0,2027
ECFP4 stereo-blind,kekule,B,kekule_084,0.0,2027
ECFP4 stereo-blind,kekule,B,kekule_085,0.0,2027
ECFP4 stereo-blind,kekule,B,kekule_086,0.0,2027
ECFP4 stereo-blind,kekule,B,kekule_087,0.0,2027
ECFP4 stereo-blind,kekule,B,kekule_088,0.0,2027
ECFP4 stereo-blind,kekule,B,kekule_089,0.0,2027
ECFP4 stereo-blind,kekule,B,kekule_090,0.0,2027
ECFP4 stereo-blind,kekule,B,kekule_091,0.0,2027
ECFP4 stereo-blind,kekule,B,kekule_092,0.0,2027
ECFP4 stereo-blind,kekule,B,kekule_093,0.0,2027
ECFP4 stereo-blind,kekule,B,kekule_094,0.0,2027
ECFP4 stereo-blind,kekule,B,kekule_095,0.0,2027
ECFP4 stereo-blind,kekule,B,kekule_096,0.0,2027
ECFP4 stereo-blind,kekule,B,kekule_097,0.0,2027
ECFP4 stereo-blind,kekule,B,kekule_098,0.0,2027
ECFP4 stereo-blind,kekule,B,kekule_099,0.0,2027
ECFP4 stereo-blind,symmetry_equivalent,B,symmetry_equivalent_000,0.0,2027
ECFP4 stereo-blind,symmetry_equivalent,B,symmetry_equivalent_001,0.0,2027
ECFP4 stereo-blind,symmetry_equivalent,B,symmetry_equivalent_002,0.0,2027
ECFP4 stereo-blind,symmetry_equivalent,B,symmetry_equivalent_003,0.0,2027
ECFP4 stereo-blind,symmetry_equivalent,B,symmetry_equivalent_004,0.0,2027
ECFP4 stereo-blind,symmetry_equivalent,B,symmetry_equivalent_005,0.0,2027
ECFP4 stereo-blind,symmetry_equivalent,B,symmetry_equivalent_006,0.0,2027
ECFP4 stereo-blind,symmetry_equivalent,B,symmetry_equivalent_007,0.0,2027
ECFP4 stereo-blind,symmetry_equivalent,B,symmetry_equivalent_008,0.0,2027
ECFP4 stereo-blind,symmetry_equivalent,B,symmetry_equivalent_009,0.0,2027
ECFP4 stereo-blind,symmetry_equivalent,B,symmetry_equivalent_010,0.0,2027
ECFP4 stereo-blind,symmetry_equivalent,B,symmetry_equivalent_011,0.0,2027
ECFP4 stereo-blind,symmetry_equivalent,B,symmetry_equivalent_012,0.0,2027
ECFP4 stereo-blind,symmetry_equivalent,B,symmetry_equivalent_013,0.0,2027
ECFP4 stereo-blind,symmetry_equivalent,B,symmetry_equivalent_014,0.0,2027
ECFP4 stereo-blind,symmetry_equivalent,B,symmetry_equivalent_015,0.0,2027
ECFP4 stereo-blind,symmetry_equivalent,B,symmetry_equivalent_016,0.0,2027
ECFP4 stereo-blind,symmetry_equivalent,B,symmetry_equivalent_017,0.0,2027
ECFP4 stereo-blind,symmetry_equivalent,B,symmetry_equivalent_018,0.0,2027
ECFP4 stereo-blind,symmetry_equivalent,B,symmetry_equivalent_019,0.0,2027
ECFP4 stereo-blind,symmetry_equivalent,B,symmetry_equivalent_020,0.0,2027
ECFP4 stereo-blind,symmetry_equivalent,B,symmetry_equivalent_021,0.0,2027
ECFP4 stereo-blind,symmetry_equivalent,B,symmetry_equivalent_022,0.0,2027
ECFP4 stereo-blind,symmetry_equivalent,B,symmetry_equivalent_023,0.0,2027
ECFP4 stereo-blind,symmetry_equivalent,B,symmetry_equivalent_024,0.0,2027
ECFP4 stereo-blind,symmetry_equivalent,B,symmetry_equivalent_025,0.0,2027
ECFP4 stereo-blind,symmetry_equivalent,B,symmetry_equivalent_026,0.0,2027
ECFP4 stereo-blind,symmetry_equivalent,B,symmetry_equivalent_027,0.0,2027
ECFP4 stereo-blind,symmetry_equivalent,B,symmetry_equivalent_028,0.0,2027
ECFP4 stereo-blind,symmetry_equivalent,B,symmetry_equivalent_029,0.0,2027
ECFP4 stereo-blind,symmetry_equivalent,B,symmetry_equivalent_030,0.0,2027
ECFP4 stereo-blind,symmetry_equivalent,B,symmetry_equivalent_031,0.0,2027
ECFP4 stereo-blind,symmetry_equivalent,B,symmetry_equivalent_032,0.0,2027
ECFP4 stereo-blind,symmetry_equivalent,B,symmetry_equivalent_033,0.0,2027
ECFP4 stereo-blind,symmetry_equivalent,B,symmetry_equivalent_034,0.0,2027
ECFP4 stereo-blind,symmetry_equivalent,B,symmetry_equivalent_035,0.0,2027
ECFP4 stereo-blind,symmetry_equivalent,B,symmetry_equivalent_036,0.0,2027
ECFP4 stereo-blind,symmetry_equivalent,B,symmetry_equivalent_037,0.0,2027
ECFP4 stereo-blind,symmetry_equivalent,B,symmetry_equivalent_038,0.0,2027
ECFP4 stereo-blind,symmetry_equivalent,B,symmetry_equivalent_039,0.0,2027
ECFP4 stereo-blind,symmetry_equivalent,B,symmetry_equivalent_040,0.0,2027
ECFP4 stereo-blind,symmetry_equivalent,B,symmetry_equivalent_041,0.0,2027
ECFP4 stereo-blind,symmetry_equivalent,B,symmetry_equivalent_042,0.0,2027
ECFP4 stereo-blind,symmetry_equivalent,B,symmetry_equivalent_043,0.0,2027
ECFP4 stereo-blind,symmetry_equivalent,B,symmetry_equivalent_044,0.0,2027
ECFP4 stereo-blind,symmetry_equivalent,B,symmetry_equivalent_045,0.0,2027
ECFP4 stereo-blind,symmetry_equivalent,B,symmetry_equivalent_046,0.0,2027
ECFP4 stereo-blind,symmetry_equivalent,B,symmetry_equivalent_047,0.0,2027
ECFP4 stereo-blind,symmetry_equivalent,B,symmetry_equivalent_048,0.0,2027
ECFP4 stereo-blind,symmetry_equivalent,B,symmetry_equivalent_049,0.0,2027
ECFP4 stereo-blind,symmetry_equivalent,B,symmetry_equivalent_050,0.0,2027
ECFP4 stereo-blind,symmetry_equivalent,B,symmetry_equivalent_051,0.0,2027
ECFP4 stereo-blind,symmetry_equivalent,B,symmetry_equivalent_052,0.0,2027
ECFP4 stereo-blind,symmetry_equivalent,B,symmetry_equivalent_053,0.0,2027
ECFP4 stereo-blind,symmetry_equivalent,B,symmetry_equivalent_054,0.0,2027
ECFP4 stereo-blind,symmetry_equivalent,B,symmetry_equivalent_055,0.0,2027
ECFP4 stereo-blind,symmetry_equivalent,B,symmetry_equivalent_056,0.0,2027
ECFP4 stereo-blind,symmetry_equivalent,B,symmetry_equivalent_057,0.0,2027
ECFP4 stereo-blind,symmetry_equivalent,B,symmetry_equivalent_058,0.0,2027
ECFP4 stereo-blind,symmetry_equivalent,B,symmetry_equivalent_059,0.0,2027
ECFP4 stereo-blind,symmetry_equivalent,B,symmetry_equivalent_060,0.0,2027
ECFP4 stereo-blind,symmetry_equivalent,B,symmetry_equivalent_061,0.0,2027
ECFP4 stereo-blind,symmetry_equivalent,B,symmetry_equivalent_062,0.0,2027
ECFP4 stereo-blind,symmetry_equivalent,B,symmetry_equivalent_063,0.0,2027
ECFP4 stereo-blind,symmetry_equivalent,B,symmetry_equivalent_064,0.0,2027
ECFP4 stereo-blind,symmetry_equivalent,B,symmetry_equivalent_065,0.0,2027
ECFP4 stereo-blind,symmetry_equivalent,B,symmetry_equivalent_066,0.0,2027
ECFP4 stereo-blind,symmetry_equivalent,B,symmetry_equivalent_067,0.0,2027
ECFP4 stereo-blind,symmetry_equivalent,B,symmetry_equivalent_068,0.0,2027
ECFP4 stereo-blind,symmetry_equivalent,B,symmetry_equivalent_069,0.0,2027
ECFP4 stereo-blind,symmetry_equivalent,B,symmetry_equivalent_070,0.0,2027
ECFP4 stereo-blind,symmetry_equivalent,B,symmetry_equivalent_071,0.0,2027
ECFP4 stereo-blind,symmetry_equivalent,B,symmetry_equivalent_072,0.0,2027
ECFP4 stereo-blind,symmetry_equivalent,B,symmetry_equivalent_073,0.0,2027
ECFP4 stereo-blind,symmetry_equivalent,B,symmetry_equivalent_074,0.0,2027
ECFP4 stereo-blind,symmetry_equivalent,B,symmetry_equivalent_075,0.0,2027
ECFP4 stereo-blind,symmetry_equivalent,B,symmetry_equivalent_076,0.0,2027
ECFP4 stereo-blind,symmetry_equivalent,B,symmetry_equivalent_077,0.0,2027
ECFP4 stereo-blind,symmetry_equivalent,B,symmetry_equivalent_078,0.0,2027
ECFP4 stereo-blind,symmetry_equivalent,B,symmetry_equivalent_079,0.0,2027
ECFP4 stereo-blind,symmetry_equivalent,B,symmetry_equivalent_080,0.0,2027
ECFP4 stereo-blind,symmetry_equivalent,B,symmetry_equivalent_081,0.0,2027
ECFP4 stereo-blind,symmetry_equivalent,B,symmetry_equivalent_082,0.0,2027
ECFP4 stereo-blind,symmetry_equivalent,B,symmetry_equivalent_083,0.0,2027
ECFP4 stereo-blind,symmetry_equivalent,B,symmetry_equivalent_084,0.0,2027
ECFP4 stereo-blind,symmetry_equivalent,B,symmetry_equivalent_085,0.0,2027
ECFP4 stereo-blind,symmetry_equivalent,B,symmetry_equivalent_086,0.0,2027
ECFP4 stereo-blind,symmetry_equivalent,B,symmetry_equivalent_087,0.0,2027
ECFP4 stereo-blind,symmetry_equivalent,B,symmetry_equivalent_088,0.0,2027
ECFP4 stereo-blind,symmetry_equivalent,B,symmetry_equivalent_089,0.0,2027
ECFP4 stereo-blind,symmetry_equivalent,B,symmetry_equivalent_090,0.0,2027
ECFP4 stereo-blind,symmetry_equivalent,B,symmetry_equivalent_091,0.0,2027
ECFP4 stereo-blind,symmetry_equivalent,B,symmetry_equivalent_092,0.0,2027
ECFP4 stereo-blind,symmetry_equivalent,B,symmetry_equivalent_093,0.0,2027
ECFP4 stereo-blind,symmetry_equivalent,B,symmetry_equivalent_094,0.0,2027
ECFP4 stereo-blind,symmetry_equivalent,B,symmetry_equivalent_095,0.0,2027
ECFP4 stereo-blind,symmetry_equivalent,B,symmetry_equivalent_096,0.0,2027
ECFP4 stereo-blind,symmetry_equivalent,B,symmetry_equivalent_097,0.0,2027
ECFP4 stereo-blind,symmetry_equivalent,B,symmetry_equivalent_098,0.0,2027
ECFP4 stereo-blind,symmetry_equivalent,B,symmetry_equivalent_099,0.0,2027
