embedding,mode,klass,pair_id,effect,n_live_dims
ECFP4+stereo,stereo_flip,A,stereo_flip_000,0.25228320522940134,2027
ECFP4+stereo,stereo_flip,A,stereo_flip_001,0.7499601878286759,2027
ECFP4+stereo,stereo_flip,A,stereo_flip_002,0.8834168170878822,2027
ECFP4+stereo,stereo_flip,A,stereo_flip_003,0.9129954772977039,2027
ECFP4+stereo,stereo_flip,A,stereo_flip_004,0.584158385208005,2027
ECFP4+stereo,stereo_flip,A,stereo_flip_005,0.8612515797408972,2027
ECFP4+stereo,stereo_flip,A,stereo_flip_006,0.6122573335356117,2027
ECFP4+stereo,stereo_flip,A,stereo_flip_007,0.824150198727444,2027
ECFP4+stereo,stereo_flip,A,stereo_flip_008,0.8127056417887527,2027
ECFP4+stereo,stereo_flip,A,stereo_flip_009,0.7937316722415639,2027
ECFP4+stereo,stereo_flip,A,stereo_flip_010,0.7375557755489626,2027
ECFP4+stereo,stereo_flip,A,stereo_flip_011,1.171331681198407,2027
ECFP4+stereo,stereo_flip,A,stereo_flip_012,0.6122573335356117,2027
ECFP4+stereo,stereo_flip,A,stereo_flip_013,0.2764582202632884,2027
ECFP4+stereo,stereo_flip,A,stereo_flip_014,0.7702006868307572,2027
ECFP4+stereo,stereo_flip,A,stereo_flip_015,0.30074661548151,2027
ECFP4+stereo,stereo_flip,A,stereo_flip_016,0.2117891207053907,2027
ECFP4+stereo,stereo_flip,A,stereo_flip_017,0.9545124962728363,2027
ECFP4+stereo,stereo_flip,A,stereo_flip_018,0.7001344658502703,2027
ECFP4+stereo,stereo_flip,A,stereo_flip_019,0.13594050476078465,2027
ECFP4+stereo,stereo_flip,A,stereo_flip_020,0.35775765924133573,2027
ECFP4+stereo,stereo_flip,A,stereo_flip_021,0.46623493473787797,2027
ECFP4+stereo,stereo_flip,A,stereo_flip_022,0.7375764904029509,2027
ECFP4+stereo,stereo_flip,A,stereo_flip_023,0.7934161122901083,2027
ECFP4+stereo,stereo_flip,A,stereo_flip_024,1.0121910791935078,2027
ECFP4+stereo,stereo_flip,A,stereo_flip_025,0.584158385208005,2027
ECFP4+stereo,stereo_flip,A,stereo_flip_026,0.6482713920381252,2027
ECFP4+stereo,stereo_flip,A,stereo_flip_027,0.5747090707712396,2027
ECFP4+stereo,stereo_flip,A,stereo_flip_028,0.7501430255909731,2027
ECFP4+stereo,stereo_flip,A,stereo_flip_029,0.6589548952815647,2027
ECFP4+stereo,stereo_flip,A,stereo_flip_030,0.3074329064244921,2027
ECFP4+stereo,stereo_flip,A,stereo_flip_031,0.7044912810118484,2027
ECFP4+stereo,stereo_flip,A,stereo_flip_032,0.6483324300725319,2027
ECFP4+stereo,stereo_flip,A,stereo_flip_033,0.4144434011025671,2027
ECFP4+stereo,stereo_flip,A,stereo_flip_034,0.0,2027
ECFP4+stereo,stereo_flip,A,stereo_flip_035,0.35775765924133573,2027
ECFP4+stereo,stereo_flip,A,stereo_flip_036,0.7369781571111236,2027
ECFP4+stereo,stereo_flip,A,stereo_flip_037,0.5527066281279515,2027
ECFP4+stereo,stereo_flip,A,stereo_flip_038,0.6281679165712523,2027
ECFP4+stereo,stereo_flip,A,stereo_flip_039,0.0,2027
ECFP4+stereo,stereo_flip,A,stereo_flip_040,0.0,2027
ECFP4+stereo,stereo_flip,A,stereo_flip_041,0.29093136817396387,2027
ECFP4+stereo,stereo_flip,A,stereo_flip_042,0.9403978811386148,2027
ECFP4+stereo,stereo_flip,A,stereo_flip_043,0.6122573335356117,2027
ECFP4+stereo,stereo_flip,A,stereo_flip_044,0.5711962272353576,2027
ECFP4+stereo,stereo_flip,A,stereo_flip_045,0.0,2027
ECFP4+stereo,stereo_flip,A,stereo_flip_046,0.16615887754601086,2027
ECFP4+stereo,stereo_flip,A,stereo_flip_047,0.41021606439168723,2027
ECFP4+stereo,stereo_flip,A,stereo_flip_048,0.6422206599934811,2027
ECFP4+stereo,stereo_flip,A,stereo_flip_049,0.0,2027
ECFP4+stereo,stereo_flip,A,stereo_flip_050,0.7613678332192853,2027
ECFP4+stereo,stereo_flip,A,stereo_flip_051,0.0,2027
ECFP4+stereo,stereo_flip,A,stereo_flip_052,0.7302232696970418,2027
ECFP4+stereo,stereo_flip,A,stereo_flip_053,0.6384226583373863,2027
ECFP4+stereo,stereo_flip,A,stereo_flip_054,0.9058066739118138,2027
ECFP4+stereo,stereo_flip,A,stereo_flip_055,0.41002831225779124,2027
ECFP4+stereo,stereo_flip,A,stereo_flip_056,0.0,2027
ECFP4+stereo,stereo_flip,A,stereo_flip_057,0.5066975614029029,2027
ECFP4+stereo,stereo_flip,A,stereo_flip_058,0.9192645322273826,2027
ECFP4+stereo,stereo_flip,A,stereo_flip_059,0.6300397370719436,2027
ECFP4+stereo,stereo_flip,A,stereo_flip_060,0.7574228980078688,2027
ECFP4+stereo,stereo_flip,A,stereo_flip_061,0.6312795590347126,2027
ECFP4+stereo,stereo_flip,A,stereo_flip_062,0.09453237736768351,2027
ECFP4+stereo,stereo_flip,A,stereo_flip_063,1.0515890736014342,2027
ECFP4+stereo,stereo_flip,A,stereo_flip_064,0.597432722584209,2027
ECFP4+stereo,stereo_flip,A,stereo_flip_065,0.6601680742969923,2027
ECFP4+stereo,stereo_flip,A,stereo_flip_066,0.519185846559793,2027
ECFP4+stereo,stereo_flip,A,stereo_flip_067,0.7018142196421269,2027
ECFP4+stereo,stereo_flip,A,stereo_flip_068,0.7656837650126271,2027
ECFP4+stereo,stereo_flip,A,stereo_flip_069,0.5169198614509833,2027
ECFP4+stereo,stereo_flip,A,stereo_flip_070,0.8669404204138206,2027
ECFP4+stereo,stereo_flip,A,stereo_flip_071,0.3694937867419259,2027
ECFP4+stereo,stereo_flip,A,stereo_flip_072,0.7721712457184896,2027
ECFP4+stereo,stereo_flip,A,stereo_flip_073,0.0,2027
ECFP4+stereo,stereo_flip,A,stereo_flip_074,0.5610894588231458,2027
ECFP4+stereo,stereo_flip,A,stereo_flip_075,0.5391605906831832,2027
ECFP4+stereo,stereo_flip,A,stereo_flip_076,0.7040140874426449,2027
ECFP4+stereo,stereo_flip,A,stereo_flip_077,0.0,2027
ECFP4+stereo,stereo_flip,A,stereo_flip_078,0.833829334778147,2027
ECFP4+stereo,stereo_flip,A,stereo_flip_079,0.7855534168852363,2027
ECFP4+stereo,stereo_flip,A,stereo_flip_080,0.8055904116808421,2027
ECFP4+stereo,stereo_flip,A,stereo_flip_081,0.9007930224001206,2027
ECFP4+stereo,stereo_flip,A,stereo_flip_082,0.6586934683838649,2027
ECFP4+stereo,stereo_flip,A,stereo_flip_083,0.8871564241687573,2027
ECFP4+stereo,stereo_flip,A,stereo_flip_084,0.22201282924991425,2027
ECFP4+stereo,stereo_flip,A,stereo_flip_085,0.3461891198217647,2027
ECFP4+stereo,stereo_flip,A,stereo_flip_086,1.0403145390635427,2027
ECFP4+stereo,stereo_flip,A,stereo_flip_087,0.6122573335356117,2027
ECFP4+stereo,stereo_flip,A,stereo_flip_088,0.848721821122,2027
ECFP4+stereo,stereo_flip,A,stereo_flip_089,0.8979616996982607,2027
ECFP4+stereo,stereo_flip,A,stereo_flip_090,0.924560171569738,2027
ECFP4+stereo,stereo_flip,A,stereo_flip_091,0.23084850115326938,2027
ECFP4+stereo,stereo_flip,A,stereo_flip_092,0.0,2027
ECFP4+stereo,stereo_flip,A,stereo_flip_093,0.8499542865631027,2027
ECFP4+stereo,stereo_flip,A,stereo_flip_094,0.0,2027
ECFP4+stereo,stereo_flip,A,stereo_flip_095,0.17965912391510136,2027
ECFP4+stereo,stereo_flip,A,stereo_flip_096,0.8871711454008705,2027
ECFP4+stereo,stereo_flip,A,stereo_flip_097,0.9008168939446599,2027
ECFP4+stereo,stereo_flip,A,stereo_flip_098,0.42051387769193205,2027
ECFP4+stereo,stereo_flip,A,stereo_flip_099,0.8394876102592483,2027
ECFP4+stereo,ez_flip,A,ez_flip_000,1.0102203187412764,2027
ECFP4+stereo,ez_flip,A,ez_flip_001,0.9421054985583512,2027
ECFP4+stereo,ez_flip,A,ez_flip_002,0.5038968215169659,2027
ECFP4+stereo,ez_flip,A,ez_flip_003,1.0889288141943108,2027
ECFP4+stereo,ez_flip,A,ez_flip_004,1.01675072660416,2027
ECFP4+stereo,ez_flip,A,ez_flip_005,0.5820375338556794,2027
ECFP4+stereo,ez_flip,A,ez_flip_006,0.5038968215169659,2027
ECFP4+stereo,ez_flip,A,ez_flip_007,0.854154365734232,2027
ECFP4+stereo,ez_flip,A,ez_flip_008,0.9421054985583512,2027
ECFP4+stereo,ez_flip,A,ez_flip_009,0.9804323347240479,2027
ECFP4+stereo,ez_flip,A,ez_flip_010,0.6532342143786432,2027
ECFP4+stereo,ez_flip,A,ez_flip_011,0.8094484072613944,2027
ECFP4+stereo,ez_flip,A,ez_flip_012,1.0005646129205485,2027
ECFP4+stereo,ez_flip,A,ez_flip_013,0.9509539140829343,2027
ECFP4+stereo,ez_flip,A,ez_flip_014,1.157004148269578,2027
ECFP4+stereo,ez_flip,A,ez_flip_015,1.053741436678151,2027
ECFP4+stereo,ez_flip,A,ez_flip_016,1.0839499525609086,2027
ECFP4+stereo,ez_flip,A,ez_flip_017,0.8436401825126192,2027
ECFP4+stereo,ez_flip,A,ez_flip_018,0.8843101320210398,2027
ECFP4+stereo,ez_flip,A,ez_flip_019,0.9509539140829343,2027
ECFP4+stereo,ez_flip,A,ez_flip_020,1.113568378532742,2027
ECFP4+stereo,ez_flip,A,ez_flip_021,1.062161803244531,2027
ECFP4+stereo,ez_flip,A,ez_flip_022,1.024468931729121,2027
ECFP4+stereo,ez_flip,A,ez_flip_023,0.9225378273326735,2027
ECFP4+stereo,ez_flip,A,ez_flip_024,1.0431122276017986,2027
ECFP4+stereo,ez_flip,A,ez_flip_025,1.1138866765243922,2027
ECFP4+stereo,ez_flip,A,ez_flip_026,1.0839499525609086,2027
ECFP4+stereo,ez_flip,A,ez_flip_027,0.8172451026753718,2027
ECFP4+stereo,ez_flip,A,ez_flip_028,0.9666372169376448,2027
ECFP4+stereo,ez_flip,A,ez_flip_029,0.9175329995504162,2027
ECFP4+stereo,ez_flip,A,ez_flip_030,0.82861381413263,2027
ECFP4+stereo,ez_flip,A,ez_flip_031,0.841061477286927,2027
ECFP4+stereo,ez_flip,A,ez_flip_032,1.0920891858878576,2027
ECFP4+stereo,ez_flip,A,ez_flip_033,0.5038968215169659,2027
ECFP4+stereo,ez_flip,A,ez_flip_034,0.9347644669792943,2027
ECFP4+stereo,ez_flip,A,ez_flip_035,1.2214184798746444,2027
ECFP4+stereo,ez_flip,A,ez_flip_036,0.7696664375997928,2027
ECFP4+stereo,ez_flip,A,ez_flip_037,1.0135958148216877,2027
ECFP4+stereo,ez_flip,A,ez_flip_038,1.2533593476947764,2027
ECFP4+stereo,ez_flip,A,ez_flip_039,0.9652531006114956,2027
ECFP4+stereo,ez_flip,A,ez_flip_040,1.20564622270296,2027
ECFP4+stereo,ez_flip,A,ez_flip_041,0.7726297360176713,2027
ECFP4+stereo,ez_flip,A,ez_flip_042,0.8164894611273015,2027
ECFP4+stereo,ez_flip,A,ez_flip_043,1.1440323963243542,2027
ECFP4+stereo,ez_flip,A,ez_flip_044,1.1180532145004098,2027
ECFP4+stereo,ez_flip,A,ez_flip_045,0.9536339152624476,2027
ECFP4+stereo,ez_flip,A,ez_flip_046,0.863542555255422,2027
ECFP4+stereo,ez_flip,A,ez_flip_047,0.846283677144974,2027
ECFP4+stereo,ez_flip,A,ez_flip_048,1.1496717155388552,2027
ECFP4+stereo,ez_flip,A,ez_flip_049,0.8585299083705525,2027
ECFP4+stereo,ez_flip,A,ez_flip_050,0.957213060904636,2027
ECFP4+stereo,ez_flip,A,ez_flip_051,1.2349462353478318,2027
ECFP4+stereo,ez_flip,A,ez_flip_052,1.0175688500663957,2027
ECFP4+stereo,ez_flip,A,ez_flip_053,0.7530307649607467,2027
ECFP4+stereo,ez_flip,A,ez_flip_054,0.9713446982317172,2027
ECFP4+stereo,ez_flip,A,ez_flip_055,0.5459495978957918,2027
ECFP4+stereo,ez_flip,A,ez_flip_056,0.532238714730452,2027
ECFP4+stereo,ez_flip,A,ez_flip_057,1.123209828587965,2027
ECFP4+stereo,ez_flip,A,ez_flip_058,0.7956315828333085,2027
ECFP4+stereo,ez_flip,A,ez_flip_059,0.647223097755631,2027
ECFP4+stereo,ez_flip,A,ez_flip_060,1.2068780517852795,2027
ECFP4+stereo,ez_flip,A,ez_flip_061,1.4692386971365219,2027
ECFP4+stereo,ez_flip,A,ez_flip_062,0.7239412203441924,2027
ECFP4+stereo,ez_flip,A,ez_flip_063,0.8718236793158374,2027
ECFP4+stereo,ez_flip,A,ez_flip_064,1.1243479571611563,2027
ECFP4+stereo,ez_flip,A,ez_flip_065,0.9093178988913785,2027
ECFP4+stereo,ez_flip,A,ez_flip_066,0.9782469704335012,2027
ECFP4+stereo,ez_flip,A,ez_flip_067,1.0257324142123694,2027
ECFP4+stereo,ez_flip,A,ez_flip_068,0.8924947402130299,2027
ECFP4+stereo,ez_flip,A,ez_flip_069,1.0431122276017986,2027
ECFP4+stereo,ez_flip,A,ez_flip_070,0.8227897619754398,2027
ECFP4+stereo,ez_flip,A,ez_flip_071,0.8741270992680326,2027
ECFP4+stereo,ez_flip,A,ez_flip_072,1.157004148269578,2027
ECFP4+stereo,ez_flip,A,ez_flip_073,1.0139753964642717,2027
ECFP4+stereo,ez_flip,A,ez_flip_074,0.9175329995504162,2027
ECFP4+stereo,ez_flip,A,ez_flip_075,1.2106020323968179,2027
ECFP4+stereo,ez_flip,A,ez_flip_076,1.157004148269578,2027
ECFP4+stereo,ez_flip,A,ez_flip_077,0.728302662966628,2027
ECFP4+stereo,ez_flip,A,ez_flip_078,0.8587005238778769,2027
ECFP4+stereo,ez_flip,A,ez_flip_079,0.5544197113132082,2027
ECFP4+stereo,ez_flip,A,ez_flip_080,0.9713446982317172,2027
ECFP4+stereo,ez_flip,A,ez_flip_081,0.8587005238778769,2027
ECFP4+stereo,ez_flip,A,ez_flip_082,1.157004148269578,2027
ECFP4+stereo,ez_flip,A,ez_flip_083,0.7326020658942417,2027
ECFP4+stereo,ez_flip,A,ez_flip_084,0.7639832072910903,2027
ECFP4+stereo,ez_flip,A,ez_flip_085,1.0362146323389634,2027
ECFP4+stereo,ez_flip,A,ez_flip_086,0.8402487646716927,2027
ECFP4+stereo,ez_flip,A,ez_flip_087,1.00476357858546,2027
ECFP4+stereo,ez_flip,A,ez_flip_088,1.123209828587965,2027
ECFP4+stereo,ez_flip,A,ez_flip_089,0.5169579863817874,2027
ECFP4+stereo,ez_flip,A,ez_flip_090,0.8779427674443027,2027
ECFP4+stereo,ez_flip,A,ez_flip_091,1.0490349031532433,2027
ECFP4+stereo,ez_flip,A,ez_flip_092,1.0093805405665024,2027
ECFP4+stereo,ez_flip,A,ez_flip_093,0.5038968215169659,2027
ECFP4+stereo,ez_flip,A,ez_flip_094,1.035924345744923,2027
ECFP4+stereo,ez_flip,A,ez_flip_095,0.8139267234079125,2027
ECFP4+stereo,ez_flip,A,ez_flip_096,0.5038968215169659,2027
ECFP4+stereo,ez_flip,A,ez_flip_097,0.9634404845083927,2027
ECFP4+stereo,ez_flip,A,ez_flip_098,0.9175329995504162,2027
ECFP4+stereo,ez_flip,A,ez_flip_099,0.5544197113132082,2027
ECFP4+stereo,c_to_n,A,c_to_n_000,0.971764729318587,2027
ECFP4+stereo,c_to_n,A,c_to_n_001,0.5723325646420591,2027
ECFP4+stereo,c_to_n,A,c_to_n_002,0.7735093986383854,2027
ECFP4+stereo,c_to_n,A,c_to_n_003,0.7183597024192023,2027
ECFP4+stereo,c_to_n,A,c_to_n_004,0.596855434310041,2027
ECFP4+stereo,c_to_n,A,c_to_n_005,0.8879341464859165,2027
ECFP4+stereo,c_to_n,A,c_to_n_006,1.1260119687254464,2027
ECFP4+stereo,c_to_n,A,c_to_n_007,0.704426764836877,2027
ECFP4+stereo,c_to_n,A,c_to_n_008,0.6256809587150978,2027
ECFP4+stereo,c_to_n,A,c_to_n_009,0.51644063753618,2027
ECFP4+stereo,c_to_n,A,c_to_n_010,0.5955481592340031,2027
ECFP4+stereo,c_to_n,A,c_to_n_011,0.6301233021349008,2027
ECFP4+stereo,c_to_n,A,c_to_n_012,0.6825765707106233,2027
ECFP4+stereo,c_to_n,A,c_to_n_013,0.44927205280309673,2027
ECFP4+stereo,c_to_n,A,c_to_n_014,0.5768411613787425,2027
ECFP4+stereo,c_to_n,A,c_to_n_015,0.6446695232131625,2027
ECFP4+stereo,c_to_n,A,c_to_n_016,0.8590834254435126,2027
ECFP4+stereo,c_to_n,A,c_to_n_017,0.8297848724910037,2027
ECFP4+stereo,c_to_n,A,c_to_n_018,0.9572977063696793,2027
ECFP4+stereo,c_to_n,A,c_to_n_019,1.1187202114350678,2027
ECFP4+stereo,c_to_n,A,c_to_n_020,0.818963765584056,2027
ECFP4+stereo,c_to_n,A,c_to_n_021,0.8849106964722234,2027
ECFP4+stereo,c_to_n,A,c_to_n_022,1.0197903750327768,2027
ECFP4+stereo,c_to_n,A,c_to_n_023,0.8177425131931759,2027
ECFP4+stereo,c_to_n,A,c_to_n_024,0.5952942018308307,2027
ECFP4+stereo,c_to_n,A,c_to_n_025,0.7196515983307278,2027
ECFP4+stereo,c_to_n,A,c_to_n_026,0.6737063734117443,2027
ECFP4+stereo,c_to_n,A,c_to_n_027,0.8168891065202195,2027
ECFP4+stereo,c_to_n,A,c_to_n_028,0.5501169372306722,2027
ECFP4+stereo,c_to_n,A,c_to_n_029,0.7693513501564092,2027
ECFP4+stereo,c_to_n,A,c_to_n_030,0.7332611638832747,2027
ECFP4+stereo,c_to_n,A,c_to_n_031,0.7458996474614601,2027
ECFP4+stereo,c_to_n,A,c_to_n_032,0.5822148738289384,2027
ECFP4+stereo,c_to_n,A,c_to_n_033,0.6278619766672503,2027
ECFP4+stereo,c_to_n,A,c_to_n_034,0.6978232066207487,2027
ECFP4+stereo,c_to_n,A,c_to_n_035,0.8432301977017903,2027
ECFP4+stereo,c_to_n,A,c_to_n_036,0.9028259469245279,2027
ECFP4+stereo,c_to_n,A,c_to_n_037,0.4594046866578791,2027
ECFP4+stereo,c_to_n,A,c_to_n_038,1.0185594256771056,2027
ECFP4+stereo,c_to_n,A,c_to_n_039,1.0475361505031482,2027
ECFP4+stereo,c_to_n,A,c_to_n_040,0.8249257221056779,2027
ECFP4+stereo,c_to_n,A,c_to_n_041,0.5376108860908535,2027
ECFP4+stereo,c_to_n,A,c_to_n_042,0.7628823985486065,2027
ECFP4+stereo,c_to_n,A,c_to_n_043,0.6141858638432097,2027
ECFP4+stereo,c_to_n,A,c_to_n_044,1.020208494720324,2027
ECFP4+stereo,c_to_n,A,c_to_n_045,0.6999275870128727,2027
ECFP4+stereo,c_to_n,A,c_to_n_046,0.8007626293047978,2027
ECFP4+stereo,c_to_n,A,c_to_n_047,0.9487696302522513,2027
ECFP4+stereo,c_to_n,A,c_to_n_048,0.7178733194239637,2027
ECFP4+stereo,c_to_n,A,c_to_n_049,0.7244204735393046,2027
ECFP4+stereo,c_to_n,A,c_to_n_050,0.8659872251914135,2027
ECFP4+stereo,c_to_n,A,c_to_n_051,0.7563235497240232,2027
ECFP4+stereo,c_to_n,A,c_to_n_052,0.8125518494579839,2027
ECFP4+stereo,c_to_n,A,c_to_n_053,0.6971664980180844,2027
ECFP4+stereo,c_to_n,A,c_to_n_054,0.6614549080369659,2027
ECFP4+stereo,c_to_n,A,c_to_n_055,0.7190116040305027,2027
ECFP4+stereo,c_to_n,A,c_to_n_056,0.6752180277104414,2027
ECFP4+stereo,c_to_n,A,c_to_n_057,0.5657486226566787,2027
ECFP4+stereo,c_to_n,A,c_to_n_058,0.529343044267601,2027
ECFP4+stereo,c_to_n,A,c_to_n_059,0.7482673160216311,2027
ECFP4+stereo,c_to_n,A,c_to_n_060,0.7012094239880864,2027
ECFP4+stereo,c_to_n,A,c_to_n_061,1.088970818720964,2027
ECFP4+stereo,c_to_n,A,c_to_n_062,0.740716805150675,2027
ECFP4+stereo,c_to_n,A,c_to_n_063,0.8008375152363244,2027
ECFP4+stereo,c_to_n,A,c_to_n_064,0.44629621470919134,2027
ECFP4+stereo,c_to_n,A,c_to_n_065,0.5487038227045133,2027
ECFP4+stereo,c_to_n,A,c_to_n_066,0.5498003450250534,2027
ECFP4+stereo,c_to_n,A,c_to_n_067,0.6446440742306517,2027
ECFP4+stereo,c_to_n,A,c_to_n_068,0.9986674719550326,2027
ECFP4+stereo,c_to_n,A,c_to_n_069,0.8722905454582703,2027
ECFP4+stereo,c_to_n,A,c_to_n_070,0.5053126813864999,2027
ECFP4+stereo,c_to_n,A,c_to_n_071,0.68464718451708,2027
ECFP4+stereo,c_to_n,A,c_to_n_072,0.7605933222975265,2027
ECFP4+stereo,c_to_n,A,c_to_n_073,0.719278065796204,2027
ECFP4+stereo,c_to_n,A,c_to_n_074,0.6252334692098402,2027
ECFP4+stereo,c_to_n,A,c_to_n_075,0.9213452800802286,2027
ECFP4+stereo,c_to_n,A,c_to_n_076,1.0680043872277456,2027
ECFP4+stereo,c_to_n,A,c_to_n_077,0.9348191681001331,2027
ECFP4+stereo,c_to_n,A,c_to_n_078,0.884029146215109,2027
ECFP4+stereo,c_to_n,A,c_to_n_079,0.5826494426346013,2027
ECFP4+stereo,c_to_n,A,c_to_n_080,0.6686898876940276,2027
ECFP4+stereo,c_to_n,A,c_to_n_081,0.7678396327262216,2027
ECFP4+stereo,c_to_n,A,c_to_n_082,0.6245951239411406,2027
ECFP4+stereo,c_to_n,A,c_to_n_083,0.8405458067017069,2027
ECFP4+stereo,c_to_n,A,c_to_n_084,0.8078197043581953,2027
ECFP4+stereo,c_to_n,A,c_to_n_085,0.45465072321668576,2027
ECFP4+stereo,c_to_n,A,c_to_n_086,0.7179532663285108,2027
ECFP4+stereo,c_to_n,A,c_to_n_087,0.7768962697308708,2027
ECFP4+stereo,c_to_n,A,c_to_n_088,0.7905404898712951,2027
ECFP4+stereo,c_to_n,A,c_to_n_089,0.8499600336317144,2027
ECFP4+stereo,c_to_n,A,c_to_n_090,0.7020664422728088,2027
ECFP4+stereo,c_to_n,A,c_to_n_091,0.6959392257166999,2027
ECFP4+stereo,c_to_n,A,c_to_n_092,0.6454753071736654,2027
ECFP4+stereo,c_to_n,A,c_to_n_093,0.5515074694297917,2027
ECFP4+stereo,c_to_n,A,c_to_n_094,0.750426188656761,2027
ECFP4+stereo,c_to_n,A,c_to_n_095,0.7208271622068277,2027
ECFP4+stereo,c_to_n,A,c_to_n_096,1.2171061419732112,2027
ECFP4+stereo,c_to_n,A,c_to_n_097,0.2753994623228148,2027
ECFP4+stereo,c_to_n,A,c_to_n_098,0.7002233734489808,2027
ECFP4+stereo,c_to_n,A,c_to_n_099,0.5565870926453649,2027
ECFP4+stereo,add_methyl,A,add_methyl_000,0.7920435920864144,2027
ECFP4+stereo,add_methyl,A,add_methyl_001,0.5996139469440807,2027
ECFP4+stereo,add_methyl,A,add_methyl_002,0.7636405524839043,2027
ECFP4+stereo,add_methyl,A,add_methyl_003,0.606402551473471,2027
ECFP4+stereo,add_methyl,A,add_methyl_004,0.6626999766426027,2027
ECFP4+stereo,add_methyl,A,add_methyl_005,0.8305150787829081,2027
ECFP4+stereo,add_methyl,A,add_methyl_006,0.6890104409917545,2027
ECFP4+stereo,add_methyl,A,add_methyl_007,0.6254132102262491,2027
ECFP4+stereo,add_methyl,A,add_methyl_008,0.7058207918935703,2027
ECFP4+stereo,add_methyl,A,add_methyl_009,1.1213254106294874,2027
ECFP4+stereo,add_methyl,A,add_methyl_010,0.4192533033685495,2027
ECFP4+stereo,add_methyl,A,add_methyl_011,0.7064784261643138,2027
ECFP4+stereo,add_methyl,A,add_methyl_012,0.5483322007324766,2027
ECFP4+stereo,add_methyl,A,add_methyl_013,0.4620870342375774,2027
ECFP4+stereo,add_methyl,A,add_methyl_014,0.779650556581682,2027
ECFP4+stereo,add_methyl,A,add_methyl_015,0.7702844576764705,2027
ECFP4+stereo,add_methyl,A,add_methyl_016,0.6194958102465367,2027
ECFP4+stereo,add_methyl,A,add_methyl_017,0.4884033120244454,2027
ECFP4+stereo,add_methyl,A,add_methyl_018,0.4877945618142878,2027
ECFP4+stereo,add_methyl,A,add_methyl_019,1.113328702948391,2027
ECFP4+stereo,add_methyl,A,add_methyl_020,1.0020823551619233,2027
ECFP4+stereo,add_methyl,A,add_methyl_021,0.4970898496402214,2027
ECFP4+stereo,add_methyl,A,add_methyl_022,0.6056671791177708,2027
ECFP4+stereo,add_methyl,A,add_methyl_023,0.8381898704694012,2027
ECFP4+stereo,add_methyl,A,add_methyl_024,0.6697805919355839,2027
ECFP4+stereo,add_methyl,A,add_methyl_025,0.5490281300127023,2027
ECFP4+stereo,add_methyl,A,add_methyl_026,0.7974260665651641,2027
ECFP4+stereo,add_methyl,A,add_methyl_027,0.8409534732433112,2027
ECFP4+stereo,add_methyl,A,add_methyl_028,0.5587302685914495,2027
ECFP4+stereo,add_methyl,A,add_methyl_029,0.8484577200257357,2027
ECFP4+stereo,add_methyl,A,add_methyl_030,0.592259388809224,2027
ECFP4+stereo,add_methyl,A,add_methyl_031,0.8181435319019059,2027
ECFP4+stereo,add_methyl,A,add_methyl_032,0.7194571432622239,2027
ECFP4+stereo,add_methyl,A,add_methyl_033,0.8510925937382152,2027
ECFP4+stereo,add_methyl,A,add_methyl_034,0.6689228193628208,2027
ECFP4+stereo,add_methyl,A,add_methyl_035,0.8125729264441531,2027
ECFP4+stereo,add_methyl,A,add_methyl_036,0.6096182291751435,2027
ECFP4+stereo,add_methyl,A,add_methyl_037,0.435238731510872,2027
ECFP4+stereo,add_methyl,A,add_methyl_038,0.6015575740848035,2027
ECFP4+stereo,add_methyl,A,add_methyl_039,0.8812045077846701,2027
ECFP4+stereo,add_methyl,A,add_methyl_040,0.6320826156541073,2027
ECFP4+stereo,add_methyl,A,add_methyl_041,0.7106944905821214,2027
ECFP4+stereo,add_methyl,A,add_methyl_042,0.8705556212759149,2027
ECFP4+stereo,add_methyl,A,add_methyl_043,0.6894134416682824,2027
ECFP4+stereo,add_methyl,A,add_methyl_044,1.2017300505007655,2027
ECFP4+stereo,add_methyl,A,add_methyl_045,0.72569478588267,2027
ECFP4+stereo,add_methyl,A,add_methyl_046,0.9159233580654421,2027
ECFP4+stereo,add_methyl,A,add_methyl_047,0.5960176890203596,2027
ECFP4+stereo,add_methyl,A,add_methyl_048,0.8206248794113064,2027
ECFP4+stereo,add_methyl,A,add_methyl_049,0.6292824661923255,2027
ECFP4+stereo,add_methyl,A,add_methyl_050,0.8574959031265917,2027
ECFP4+stereo,add_methyl,A,add_methyl_051,0.9377550006014751,2027
ECFP4+stereo,add_methyl,A,add_methyl_052,0.7751775826381684,2027
ECFP4+stereo,add_methyl,A,add_methyl_053,1.0270893999556254,2027
ECFP4+stereo,add_methyl,A,add_methyl_054,0.9353892210802335,2027
ECFP4+stereo,add_methyl,A,add_methyl_055,0.831501073949373,2027
ECFP4+stereo,add_methyl,A,add_methyl_056,0.916014154470057,2027
ECFP4+stereo,add_methyl,A,add_methyl_057,0.6396220970590282,2027
ECFP4+stereo,add_methyl,A,add_methyl_058,0.512290159751591,2027
ECFP4+stereo,add_methyl,A,add_methyl_059,1.0384833089976937,2027
ECFP4+stereo,add_methyl,A,add_methyl_060,0.648022487679191,2027
ECFP4+stereo,add_methyl,A,add_methyl_061,1.2858148191398928,2027
ECFP4+stereo,add_methyl,A,add_methyl_062,0.7266728927677005,2027
ECFP4+stereo,add_methyl,A,add_methyl_063,0.7480957192929935,2027
ECFP4+stereo,add_methyl,A,add_methyl_064,0.39491396043379307,2027
ECFP4+stereo,add_methyl,A,add_methyl_065,0.4150750351740406,2027
ECFP4+stereo,add_methyl,A,add_methyl_066,0.7598137410715622,2027
ECFP4+stereo,add_methyl,A,add_methyl_067,0.6312619721714138,2027
ECFP4+stereo,add_methyl,A,add_methyl_068,0.8344486096033836,2027
ECFP4+stereo,add_methyl,A,add_methyl_069,0.6018617488230388,2027
ECFP4+stereo,add_methyl,A,add_methyl_070,0.7106944905821214,2027
ECFP4+stereo,add_methyl,A,add_methyl_071,0.8202397489007095,2027
ECFP4+stereo,add_methyl,A,add_methyl_072,0.5700200687707854,2027
ECFP4+stereo,add_methyl,A,add_methyl_073,0.7757167104417099,2027
ECFP4+stereo,add_methyl,A,add_methyl_074,0.5592307567105317,2027
ECFP4+stereo,add_methyl,A,add_methyl_075,0.830203129276246,2027
ECFP4+stereo,add_methyl,A,add_methyl_076,0.7223408320690299,2027
ECFP4+stereo,add_methyl,A,add_methyl_077,0.8899671114962435,2027
ECFP4+stereo,add_methyl,A,add_methyl_078,0.8452164900637479,2027
ECFP4+stereo,add_methyl,A,add_methyl_079,0.7141201932181362,2027
ECFP4+stereo,add_methyl,A,add_methyl_080,0.7768204893383093,2027
ECFP4+stereo,add_methyl,A,add_methyl_081,0.7141974858884611,2027
ECFP4+stereo,add_methyl,A,add_methyl_082,0.5265290312637849,2027
ECFP4+stereo,add_methyl,A,add_methyl_083,0.8850064006938797,2027
ECFP4+stereo,add_methyl,A,add_methyl_084,0.7224899373332315,2027
ECFP4+stereo,add_methyl,A,add_methyl_085,0.5720650701860562,2027
ECFP4+stereo,add_methyl,A,add_methyl_086,0.7604399134201515,2027
ECFP4+stereo,add_methyl,A,add_methyl_087,0.7571249430229963,2027
ECFP4+stereo,add_methyl,A,add_methyl_088,0.5086372524960092,2027
ECFP4+stereo,add_methyl,A,add_methyl_089,0.8585127643464824,2027
ECFP4+stereo,add_methyl,A,add_methyl_090,0.4200618756631648,2027
ECFP4+stereo,add_methyl,A,add_methyl_091,0.7777312280966335,2027
ECFP4+stereo,add_methyl,A,add_methyl_092,0.6768834589262689,2027
ECFP4+stereo,add_methyl,A,add_methyl_093,0.4875920450720266,2027
ECFP4+stereo,add_methyl,A,add_methyl_094,0.7291440022699645,2027
ECFP4+stereo,add_methyl,A,add_methyl_095,0.5890837309892851,2027
ECFP4+stereo,add_methyl,A,add_methyl_096,1.0758112733815763,2027
ECFP4+stereo,add_methyl,A,add_methyl_097,0.27296352851911515,2027
ECFP4+stereo,add_methyl,A,add_methyl_098,0.9397247810854203,2027
ECFP4+stereo,add_methyl,A,add_methyl_099,0.38892073431279206,2027
ECFP4+stereo,add_fluorine,A,add_fluorine_000,0.8569343685785645,2027
ECFP4+stereo,add_fluorine,A,add_fluorine_001,0.4775249289040074,2027
ECFP4+stereo,add_fluorine,A,add_fluorine_002,0.6976705967194015,2027
ECFP4+stereo,add_fluorine,A,add_fluorine_003,0.6849773165474206,2027
ECFP4+stereo,add_fluorine,A,add_fluorine_004,0.642015856927974,2027
ECFP4+stereo,add_fluorine,A,add_fluorine_005,0.7741729312165345,2027
ECFP4+stereo,add_fluorine,A,add_fluorine_006,0.7490144135069131,2027
ECFP4+stereo,add_fluorine,A,add_fluorine_007,0.7985173196295698,2027
ECFP4+stereo,add_fluorine,A,add_fluorine_008,0.6577033855105912,2027
ECFP4+stereo,add_fluorine,A,add_fluorine_009,1.1213872833868357,2027
ECFP4+stereo,add_fluorine,A,add_fluorine_010,0.4646364313964613,2027
ECFP4+stereo,add_fluorine,A,add_fluorine_011,0.6008206774359962,2027
ECFP4+stereo,add_fluorine,A,add_fluorine_012,0.5540119035542829,2027
ECFP4+stereo,add_fluorine,A,add_fluorine_013,0.48435594031107887,2027
ECFP4+stereo,add_fluorine,A,add_fluorine_014,0.5177991826439733,2027
ECFP4+stereo,add_fluorine,A,add_fluorine_015,0.8116625705746584,2027
ECFP4+stereo,add_fluorine,A,add_fluorine_016,0.6669228577712019,2027
ECFP4+stereo,add_fluorine,A,add_fluorine_017,0.45719253136358934,2027
ECFP4+stereo,add_fluorine,A,add_fluorine_018,0.5444662520316614,2027
ECFP4+stereo,add_fluorine,A,add_fluorine_019,1.1929381509374817,2027
ECFP4+stereo,add_fluorine,A,add_fluorine_020,0.7008605644339436,2027
ECFP4+stereo,add_fluorine,A,add_fluorine_021,0.4992828792213512,2027
ECFP4+stereo,add_fluorine,A,add_fluorine_022,0.6011989206042465,2027
ECFP4+stereo,add_fluorine,A,add_fluorine_023,0.6408499124745584,2027
ECFP4+stereo,add_fluorine,A,add_fluorine_024,0.8110086465218,2027
ECFP4+stereo,add_fluorine,A,add_fluorine_025,0.6097210911314874,2027
ECFP4+stereo,add_fluorine,A,add_fluorine_026,0.7414566704810294,2027
ECFP4+stereo,add_fluorine,A,add_fluorine_027,0.5819870667275722,2027
ECFP4+stereo,add_fluorine,A,add_fluorine_028,0.45889057826530244,2027
ECFP4+stereo,add_fluorine,A,add_fluorine_029,0.7421813856356858,2027
ECFP4+stereo,add_fluorine,A,add_fluorine_030,0.6152654358775218,2027
ECFP4+stereo,add_fluorine,A,add_fluorine_031,0.7940230185853387,2027
ECFP4+stereo,add_fluorine,A,add_fluorine_032,0.6502128222129417,2027
ECFP4+stereo,add_fluorine,A,add_fluorine_033,0.8786247130390578,2027
ECFP4+stereo,add_fluorine,A,add_fluorine_034,0.6260444038793604,2027
ECFP4+stereo,add_fluorine,A,add_fluorine_035,0.7587473916974682,2027
ECFP4+stereo,add_fluorine,A,add_fluorine_036,0.773532093862717,2027
ECFP4+stereo,add_fluorine,A,add_fluorine_037,0.49267148834248187,2027
ECFP4+stereo,add_fluorine,A,add_fluorine_038,0.5991085350434379,2027
ECFP4+stereo,add_fluorine,A,add_fluorine_039,0.8680601142526408,2027
ECFP4+stereo,add_fluorine,A,add_fluorine_040,0.5393719137138722,2027
ECFP4+stereo,add_fluorine,A,add_fluorine_041,0.6706237616227074,2027
ECFP4+stereo,add_fluorine,A,add_fluorine_042,0.6071159158010464,2027
ECFP4+stereo,add_fluorine,A,add_fluorine_043,0.5133565301999834,2027
ECFP4+stereo,add_fluorine,A,add_fluorine_044,1.1501769019058667,2027
ECFP4+stereo,add_fluorine,A,add_fluorine_045,0.7332495702921149,2027
ECFP4+stereo,add_fluorine,A,add_fluorine_046,1.1367523155714419,2027
ECFP4+stereo,add_fluorine,A,add_fluorine_047,0.5993421599007392,2027
ECFP4+stereo,add_fluorine,A,add_fluorine_048,0.7470065515547019,2027
ECFP4+stereo,add_fluorine,A,add_fluorine_049,0.6826528764560944,2027
ECFP4+stereo,add_fluorine,A,add_fluorine_050,0.8843242747278214,2027
ECFP4+stereo,add_fluorine,A,add_fluorine_051,0.9597337685945323,2027
ECFP4+stereo,add_fluorine,A,add_fluorine_052,1.009613034066775,2027
ECFP4+stereo,add_fluorine,A,add_fluorine_053,0.6845675279769281,2027
ECFP4+stereo,add_fluorine,A,add_fluorine_054,0.6345707618892567,2027
ECFP4+stereo,add_fluorine,A,add_fluorine_055,0.9001804256563961,2027
ECFP4+stereo,add_fluorine,A,add_fluorine_056,0.761800902437389,2027
ECFP4+stereo,add_fluorine,A,add_fluorine_057,0.5475282664896037,2027
ECFP4+stereo,add_fluorine,A,add_fluorine_058,0.6014392021489563,2027
ECFP4+stereo,add_fluorine,A,add_fluorine_059,1.1046290848169293,2027
ECFP4+stereo,add_fluorine,A,add_fluorine_060,0.780047650059446,2027
ECFP4+stereo,add_fluorine,A,add_fluorine_061,1.0739124544920917,2027
ECFP4+stereo,add_fluorine,A,add_fluorine_062,0.865228410914789,2027
ECFP4+stereo,add_fluorine,A,add_fluorine_063,0.7452793303899014,2027
ECFP4+stereo,add_fluorine,A,add_fluorine_064,0.45872301507532376,2027
ECFP4+stereo,add_fluorine,A,add_fluorine_065,0.4922456828672196,2027
ECFP4+stereo,add_fluorine,A,add_fluorine_066,0.7128257737772057,2027
ECFP4+stereo,add_fluorine,A,add_fluorine_067,0.5798179027044289,2027
ECFP4+stereo,add_fluorine,A,add_fluorine_068,0.8472761767414889,2027
ECFP4+stereo,add_fluorine,A,add_fluorine_069,0.6525507754844634,2027
ECFP4+stereo,add_fluorine,A,add_fluorine_070,0.6706237616227074,2027
ECFP4+stereo,add_fluorine,A,add_fluorine_071,0.8696858637713338,2027
ECFP4+stereo,add_fluorine,A,add_fluorine_072,0.6330501985363347,2027
ECFP4+stereo,add_fluorine,A,add_fluorine_073,0.9546971649064986,2027
ECFP4+stereo,add_fluorine,A,add_fluorine_074,0.5864138416099793,2027
ECFP4+stereo,add_fluorine,A,add_fluorine_075,0.6885718208246728,2027
ECFP4+stereo,add_fluorine,A,add_fluorine_076,0.9021751126521256,2027
ECFP4+stereo,add_fluorine,A,add_fluorine_077,0.8649208639031271,2027
ECFP4+stereo,add_fluorine,A,add_fluorine_078,0.7776834776523719,2027
ECFP4+stereo,add_fluorine,A,add_fluorine_079,0.7247506039576391,2027
ECFP4+stereo,add_fluorine,A,add_fluorine_080,0.7508443607402912,2027
ECFP4+stereo,add_fluorine,A,add_fluorine_081,0.7363084072562488,2027
ECFP4+stereo,add_fluorine,A,add_fluorine_082,0.6641837497585867,2027
ECFP4+stereo,add_fluorine,A,add_fluorine_083,0.7753043393274816,2027
ECFP4+stereo,add_fluorine,A,add_fluorine_084,0.7743668853156342,2027
ECFP4+stereo,add_fluorine,A,add_fluorine_085,0.5881443953359826,2027
ECFP4+stereo,add_fluorine,A,add_fluorine_086,0.864696078880818,2027
ECFP4+stereo,add_fluorine,A,add_fluorine_087,0.8811655106869872,2027
ECFP4+stereo,add_fluorine,A,add_fluorine_088,0.6158837060952264,2027
ECFP4+stereo,add_fluorine,A,add_fluorine_089,0.8738452764860697,2027
ECFP4+stereo,add_fluorine,A,add_fluorine_090,0.4868006665140328,2027
ECFP4+stereo,add_fluorine,A,add_fluorine_091,0.7223977132162798,2027
ECFP4+stereo,add_fluorine,A,add_fluorine_092,0.7782483375949873,2027
ECFP4+stereo,add_fluorine,A,add_fluorine_093,0.5350396018849045,2027
ECFP4+stereo,add_fluorine,A,add_fluorine_094,0.6429245872052158,2027
ECFP4+stereo,add_fluorine,A,add_fluorine_095,0.8915810523750136,2027
ECFP4+stereo,add_fluorine,A,add_fluorine_096,1.1600343657542938,2027
ECFP4+stereo,add_fluorine,A,add_fluorine_097,0.19194786717730017,2027
ECFP4+stereo,add_fluorine,A,add_fluorine_098,0.8807640778213948,2027
ECFP4+stereo,add_fluorine,A,add_fluorine_099,0.3927107127544845,2027
ECFP4+stereo,isotope_13c,A,isotope_13c_000,0.0,2027
ECFP4+stereo,isotope_13c,A,isotope_13c_001,0.0,2027
ECFP4+stereo,isotope_13c,A,isotope_13c_002,0.0,2027
ECFP4+stereo,isotope_13c,A,isotope_13c_003,0.0,2027
ECFP4+stereo,isotope_13c,A,isotope_13c_004,0.0,2027
ECFP4+stereo,isotope_13c,A,isotope_13c_005,0.0,2027
ECFP4+stereo,isotope_13c,A,isotope_13c_006,0.0,2027
ECFP4+stereo,isotope_13c,A,isotope_13c_007,0.0,2027
ECFP4+stereo,isotope_13c,A,isotope_13c_008,0.0,2027
ECFP4+stereo,isotope_13c,A,isotope_13c_009,0.0,2027
ECFP4+stereo,isotope_13c,A,isotope_13c_010,0.0,2027
ECFP4+stereo,isotope_13c,A,isotope_13c_011,0.0,2027
ECFP4+stereo,isotope_13c,A,isotope_13c_012,0.0,2027
ECFP4+stereo,isotope_13c,A,isotope_13c_013,0.0,2027
ECFP4+stereo,isotope_13c,A,isotope_13c_014,0.0,2027
ECFP4+stereo,isotope_13c,A,isotope_13c_015,0.0,2027
ECFP4+stereo,isotope_13c,A,isotope_13c_016,0.0,2027
ECFP4+stereo,isotope_13c,A,isotope_13c_017,0.5609917912777639,2027
ECFP4+stereo,isotope_13c,A,isotope_13c_018,0.0,2027
ECFP4+stereo,isotope_13c,A,isotope_13c_019,0.0,2027
ECFP4+stereo,isotope_13c,A,isotope_13c_020,0.0,2027
ECFP4+stereo,isotope_13c,A,isotope_13c_021,0.6411784618878517,2027
ECFP4+stereo,isotope_13c,A,isotope_13c_022,0.0,2027
ECFP4+stereo,isotope_13c,A,isotope_13c_023,0.0,2027
ECFP4+stereo,isotope_13c,A,isotope_13c_024,0.0,2027
ECFP4+stereo,isotope_13c,A,isotope_13c_025,0.0,2027
ECFP4+stereo,isotope_13c,A,isotope_13c_026,0.0,2027
ECFP4+stereo,isotope_13c,A,isotope_13c_027,0.0,2027
ECFP4+stereo,isotope_13c,A,isotope_13c_028,0.0,2027
ECFP4+stereo,isotope_13c,A,isotope_13c_029,0.824150198727444,2027
ECFP4+stereo,isotope_13c,A,isotope_13c_030,0.0,2027
ECFP4+stereo,isotope_13c,A,isotope_13c_031,0.0,2027
ECFP4+stereo,isotope_13c,A,isotope_13c_032,0.0,2027
ECFP4+stereo,isotope_13c,A,isotope_13c_033,0.0,2027
ECFP4+stereo,isotope_13c,A,isotope_13c_034,0.0,2027
ECFP4+stereo,isotope_13c,A,isotope_13c_035,0.0,2027
ECFP4+stereo,isotope_13c,A,isotope_13c_036,0.0,2027
ECFP4+stereo,isotope_13c,A,isotope_13c_037,0.0,2027
ECFP4+stereo,isotope_13c,A,isotope_13c_038,0.0,2027
ECFP4+stereo,isotope_13c,A,isotope_13c_039,0.0,2027
ECFP4+stereo,isotope_13c,A,isotope_13c_040,0.0,2027
ECFP4+stereo,isotope_13c,A,isotope_13c_041,0.0,2027
ECFP4+stereo,isotope_13c,A,isotope_13c_042,0.0,2027
ECFP4+stereo,isotope_13c,A,isotope_13c_043,0.0,2027
ECFP4+stereo,isotope_13c,A,isotope_13c_044,0.0,2027
ECFP4+stereo,isotope_13c,A,isotope_13c_045,0.0,2027
ECFP4+stereo,isotope_13c,A,isotope_13c_046,0.0,2027
ECFP4+stereo,isotope_13c,A,isotope_13c_047,0.0,2027
ECFP4+stereo,isotope_13c,A,isotope_13c_048,0.0,2027
ECFP4+stereo,isotope_13c,A,isotope_13c_049,0.0,2027
ECFP4+stereo,isotope_13c,A,isotope_13c_050,0.0,2027
ECFP4+stereo,isotope_13c,A,isotope_13c_051,0.0,2027
ECFP4+stereo,isotope_13c,A,isotope_13c_052,0.0,2027
ECFP4+stereo,isotope_13c,A,isotope_13c_053,0.0,2027
ECFP4+stereo,isotope_13c,A,isotope_13c_054,0.0,2027
ECFP4+stereo,isotope_13c,A,isotope_13c_055,0.0,2027
ECFP4+stereo,isotope_13c,A,isotope_13c_056,0.0,2027
ECFP4+stereo,isotope_13c,A,isotope_13c_057,0.0,2027
ECFP4+stereo,isotope_13c,A,isotope_13c_058,0.0,2027
ECFP4+stereo,isotope_13c,A,isotope_13c_059,0.0,2027
ECFP4+stereo,isotope_13c,A,isotope_13c_060,0.0,2027
ECFP4+stereo,isotope_13c,A,isotope_13c_061,0.0,2027
ECFP4+stereo,isotope_13c,A,isotope_13c_062,0.0,2027
ECFP4+stereo,isotope_13c,A,isotope_13c_063,0.0,2027
ECFP4+stereo,isotope_13c,A,isotope_13c_064,0.0,2027
ECFP4+stereo,isotope_13c,A,isotope_13c_065,0.0,2027
ECFP4+stereo,isotope_13c,A,isotope_13c_066,0.0,2027
ECFP4+stereo,isotope_13c,A,isotope_13c_067,0.0,2027
ECFP4+stereo,isotope_13c,A,isotope_13c_068,0.0,2027
ECFP4+stereo,isotope_13c,A,isotope_13c_069,0.0,2027
ECFP4+stereo,isotope_13c,A,isotope_13c_070,0.0,2027
ECFP4+stereo,isotope_13c,A,isotope_13c_071,0.0,2027
ECFP4+stereo,isotope_13c,A,isotope_13c_072,0.0,2027
ECFP4+stereo,isotope_13c,A,isotope_13c_073,0.0,2027
ECFP4+stereo,isotope_13c,A,isotope_13c_074,0.0,2027
ECFP4+stereo,isotope_13c,A,isotope_13c_075,0.0,2027
ECFP4+stereo,isotope_13c,A,isotope_13c_076,0.0,2027
ECFP4+stereo,isotope_13c,A,isotope_13c_077,0.0,2027
ECFP4+stereo,isotope_13c,A,isotope_13c_078,0.0,2027
ECFP4+stereo,isotope_13c,A,isotope_13c_079,0.0,2027
ECFP4+stereo,isotope_13c,A,isotope_13c_080,0.0,2027
ECFP4+stereo,isotope_13c,A,isotope_13c_081,0.0,2027
ECFP4+stereo,isotope_13c,A,isotope_13c_082,0.0,2027
ECFP4+stereo,isotope_13c,A,isotope_13c_083,0.0,2027
ECFP4+stereo,isotope_13c,A,isotope_13c_084,0.0,2027
ECFP4+stereo,isotope_13c,A,isotope_13c_085,0.0,2027
ECFP4+stereo,isotope_13c,A,isotope_13c_086,0.0,2027
ECFP4+stereo,isotope_13c,A,isotope_13c_087,0.0,2027
ECFP4+stereo,isotope_13c,A,isotope_13c_088,0.0,2027
ECFP4+stereo,isotope_13c,A,isotope_13c_089,0.0,2027
ECFP4+stereo,isotope_13c,A,isotope_13c_090,0.6411784618878517,2027
ECFP4+stereo,isotope_13c,A,isotope_13c_091,0.0,2027
ECFP4+stereo,isotope_13c,A,isotope_13c_092,0.0,2027
ECFP4+stereo,isotope_13c,A,isotope_13c_093,0.0,2027
ECFP4+stereo,isotope_13c,A,isotope_13c_094,0.0,2027
ECFP4+stereo,isotope_13c,A,isotope_13c_095,0.0,2027
ECFP4+stereo,isotope_13c,A,isotope_13c_096,0.0,2027
ECFP4+stereo,isotope_13c,A,isotope_13c_097,0.0,2027
ECFP4+stereo,isotope_13c,A,isotope_13c_098,0.0,2027
ECFP4+stereo,isotope_13c,A,isotope_13c_099,0.0,2027
ECFP4+stereo,ring_size,A,ring_size_000,0.09692027425489953,2027
ECFP4+stereo,ring_size,A,ring_size_001,0.09692027425489953,2027
ECFP4+stereo,ring_size,A,ring_size_002,0.09692027425489953,2027
ECFP4+stereo,ring_size,A,ring_size_003,0.09692027425489953,2027
ECFP4+stereo,ring_size,A,ring_size_004,0.09692027425489953,2027
ECFP4+stereo,ring_size,A,ring_size_005,0.09692027425489953,2027
ECFP4+stereo,ring_size,A,ring_size_006,0.09692027425489953,2027
ECFP4+stereo,ring_size,A,ring_size_007,0.0,2027
ECFP4+stereo,ring_size,A,ring_size_008,0.4319463174951135,2027
ECFP4+stereo,ring_size,A,ring_size_009,0.09692027425489953,2027
ECFP4+stereo,ring_size,A,ring_size_010,0.09692027425489953,2027
ECFP4+stereo,ring_size,A,ring_size_011,0.09692027425489953,2027
ECFP4+stereo,ring_size,A,ring_size_012,0.09692027425489953,2027
ECFP4+stereo,ring_size,A,ring_size_013,0.09692027425489953,2027
ECFP4+stereo,ring_size,A,ring_size_014,0.09692027425489953,2027
ECFP4+stereo,ring_size,A,ring_size_015,0.09692027425489953,2027
ECFP4+stereo,ring_size,A,ring_size_016,0.09692027425489953,2027
ECFP4+stereo,ring_size,A,ring_size_017,0.09692027425489953,2027
ECFP4+stereo,ring_size,A,ring_size_018,0.09692027425489953,2027
ECFP4+stereo,ring_size,A,ring_size_019,0.0,2027
ECFP4+stereo,ring_size,A,ring_size_020,0.09692027425489953,2027
ECFP4+stereo,ring_size,A,ring_size_021,0.09692027425489953,2027
ECFP4+stereo,ring_size,A,ring_size_022,0.09692027425489953,2027
ECFP4+stereo,ring_size,A,ring_size_023,0.0,2027
ECFP4+stereo,ring_size,A,ring_size_024,0.6005692898032672,2027
ECFP4+stereo,ring_size,A,ring_size_025,0.09692027425489953,2027
ECFP4+stereo,ring_size,A,ring_size_026,0.09692027425489953,2027
ECFP4+stereo,ring_size,A,ring_size_027,0.09692027425489953,2027
ECFP4+stereo,ring_size,A,ring_size_028,0.09692027425489953,2027
ECFP4+stereo,ring_size,A,ring_size_029,0.09692027425489953,2027
ECFP4+stereo,ring_size,A,ring_size_030,0.09692027425489953,2027
ECFP4+stereo,ring_size,A,ring_size_031,0.09692027425489953,2027
ECFP4+stereo,ring_size,A,ring_size_032,0.09692027425489953,2027
ECFP4+stereo,ring_size,A,ring_size_033,0.09692027425489953,2027
ECFP4+stereo,ring_size,A,ring_size_034,0.09692027425489953,2027
ECFP4+stereo,ring_size,A,ring_size_035,0.09692027425489953,2027
ECFP4+stereo,ring_size,A,ring_size_036,0.09692027425489953,2027
ECFP4+stereo,ring_size,A,ring_size_037,0.09692027425489953,2027
ECFP4+stereo,ring_size,A,ring_size_038,0.09692027425489953,2027
ECFP4+stereo,ring_size,A,ring_size_039,0.09692027425489953,2027
ECFP4+stereo,ring_size,A,ring_size_040,0.09692027425489953,2027
ECFP4+stereo,ring_size,A,ring_size_041,0.09692027425489953,2027
ECFP4+stereo,ring_size,A,ring_size_042,0.09692027425489953,2027
ECFP4+stereo,ring_size,A,ring_size_043,0.09692027425489953,2027
ECFP4+stereo,ring_size,A,ring_size_044,0.09692027425489953,2027
ECFP4+stereo,ring_size,A,ring_size_045,0.09692027425489953,2027
ECFP4+stereo,ring_size,A,ring_size_046,0.09692027425489953,2027
ECFP4+stereo,ring_size,A,ring_size_047,0.09692027425489953,2027
ECFP4+stereo,ring_size,A,ring_size_048,0.09692027425489953,2027
ECFP4+stereo,ring_size,A,ring_size_049,0.09692027425489953,2027
ECFP4+stereo,ring_size,A,ring_size_050,0.09692027425489953,2027
ECFP4+stereo,ring_size,A,ring_size_051,0.09692027425489953,2027
ECFP4+stereo,ring_size,A,ring_size_052,0.09692027425489953,2027
ECFP4+stereo,ring_size,A,ring_size_053,1.0248012808779592,2027
ECFP4+stereo,ring_size,A,ring_size_054,0.09692027425489953,2027
ECFP4+stereo,ring_size,A,ring_size_055,0.09692027425489953,2027
ECFP4+stereo,ring_size,A,ring_size_056,0.09692027425489953,2027
ECFP4+stereo,ring_size,A,ring_size_057,0.0,2027
ECFP4+stereo,ring_size,A,ring_size_058,0.09692027425489953,2027
ECFP4+stereo,ring_size,A,ring_size_059,0.09692027425489953,2027
ECFP4+stereo,ring_size,A,ring_size_060,0.09692027425489953,2027
ECFP4+stereo,ring_size,A,ring_size_061,0.09692027425489953,2027
ECFP4+stereo,ring_size,A,ring_size_062,0.09692027425489953,2027
ECFP4+stereo,ring_size,A,ring_size_063,0.09692027425489953,2027
ECFP4+stereo,ring_size,A,ring_size_064,0.09692027425489953,2027
ECFP4+stereo,ring_size,A,ring_size_065,0.09692027425489953,2027
ECFP4+stereo,ring_size,A,ring_size_066,0.09692027425489953,2027
ECFP4+stereo,ring_size,A,ring_size_067,0.09692027425489953,2027
ECFP4+stereo,ring_size,A,ring_size_068,0.09692027425489953,2027
ECFP4+stereo,ring_size,A,ring_size_069,0.0,2027
ECFP4+stereo,ring_size,A,ring_size_070,0.09692027425489953,2027
ECFP4+stereo,ring_size,A,ring_size_071,0.09692027425489953,2027
ECFP4+stereo,ring_size,A,ring_size_072,0.09692027425489953,2027
ECFP4+stereo,ring_size,A,ring_size_073,0.09692027425489953,2027
ECFP4+stereo,ring_size,A,ring_size_074,0.5201966798437054,2027
ECFP4+stereo,ring_size,A,ring_size_075,0.09692027425489953,2027
ECFP4+stereo,ring_size,A,ring_size_076,0.09692027425489953,2027
ECFP4+stereo,ring_size,A,ring_size_077,0.09692027425489953,2027
ECFP4+stereo,ring_size,A,ring_size_078,0.09692027425489953,2027
ECFP4+stereo,ring_size,A,ring_size_079,0.09692027425489953,2027
ECFP4+stereo,ring_size,A,ring_size_080,0.09692027425489953,2027
ECFP4+stereo,ring_size,A,ring_size_081,0.09692027425489953,2027
ECFP4+stereo,ring_size,A,ring_size_082,0.0,2027
ECFP4+stereo,ring_size,A,ring_size_083,0.0,2027
ECFP4+stereo,ring_size,A,ring_size_084,0.09692027425489953,2027
ECFP4+stereo,ring_size,A,ring_size_085,0.09692027425489953,2027
ECFP4+stereo,ring_size,A,ring_size_086,0.09692027425489953,2027
ECFP4+stereo,ring_size,A,ring_size_087,0.09692027425489953,2027
ECFP4+stereo,ring_size,A,ring_size_088,0.09692027425489953,2027
ECFP4+stereo,ring_size,A,ring_size_089,0.09692027425489953,2027
ECFP4+stereo,ring_size,A,ring_size_090,0.09692027425489953,2027
ECFP4+stereo,ring_size,A,ring_size_091,0.09692027425489953,2027
ECFP4+stereo,ring_size,A,ring_size_092,0.09692027425489953,2027
ECFP4+stereo,ring_size,A,ring_size_093,0.09692027425489953,2027
ECFP4+stereo,ring_size,A,ring_size_094,0.09692027425489953,2027
ECFP4+stereo,ring_size,A,ring_size_095,0.09692027425489953,2027
ECFP4+stereo,ring_size,A,ring_size_096,0.09692027425489953,2027
ECFP4+stereo,ring_size,A,ring_size_097,0.09692027425489953,2027
ECFP4+stereo,ring_size,A,ring_size_098,0.09692027425489953,2027
ECFP4+stereo,ring_size,A,ring_size_099,0.09692027425489953,2027
ECFP4+stereo,regioisomer,A,regioisomer_000,0.58256572617927,2027
ECFP4+stereo,regioisomer,A,regioisomer_001,0.7946169101614607,2027
ECFP4+stereo,regioisomer,A,regioisomer_002,1.0816732907412758,2027
ECFP4+stereo,regioisomer,A,regioisomer_003,1.049271688311272,2027
ECFP4+stereo,regioisomer,A,regioisomer_004,0.8639779489977385,2027
ECFP4+stereo,regioisomer,A,regioisomer_005,0.5683501485219702,2027
ECFP4+stereo,regioisomer,A,regioisomer_006,1.0328802437136742,2027
ECFP4+stereo,regioisomer,A,regioisomer_007,0.8404024059284334,2027
ECFP4+stereo,regioisomer,A,regioisomer_008,0.8038326107706587,2027
ECFP4+stereo,regioisomer,A,regioisomer_009,0.9711427479740282,2027
ECFP4+stereo,regioisomer,A,regioisomer_010,0.927387346255103,2027
ECFP4+stereo,regioisomer,A,regioisomer_011,0.7777730413983641,2027
ECFP4+stereo,regioisomer,A,regioisomer_012,0.7471109047743106,2027
ECFP4+stereo,regioisomer,A,regioisomer_013,0.7877389881874465,2027
ECFP4+stereo,regioisomer,A,regioisomer_014,0.6741559975750497,2027
ECFP4+stereo,regioisomer,A,regioisomer_015,0.6392586132398896,2027
ECFP4+stereo,regioisomer,A,regioisomer_016,0.5523307072635545,2027
ECFP4+stereo,regioisomer,A,regioisomer_017,0.6343194758931013,2027
ECFP4+stereo,regioisomer,A,regioisomer_018,0.8829496325586486,2027
ECFP4+stereo,regioisomer,A,regioisomer_019,0.7139777108156833,2027
ECFP4+stereo,regioisomer,A,regioisomer_020,0.7873125390305492,2027
ECFP4+stereo,regioisomer,A,regioisomer_021,0.6497744605273785,2027
ECFP4+stereo,regioisomer,A,regioisomer_022,0.614135687644881,2027
ECFP4+stereo,regioisomer,A,regioisomer_023,0.8238861605258596,2027
ECFP4+stereo,regioisomer,A,regioisomer_024,0.5373954861318039,2027
ECFP4+stereo,regioisomer,A,regioisomer_025,0.7032804781432437,2027
ECFP4+stereo,regioisomer,A,regioisomer_026,0.6343315150980373,2027
ECFP4+stereo,regioisomer,A,regioisomer_027,0.9026404423998675,2027
ECFP4+stereo,regioisomer,A,regioisomer_028,0.7184766002294714,2027
ECFP4+stereo,regioisomer,A,regioisomer_029,0.6364241831223328,2027
ECFP4+stereo,regioisomer,A,regioisomer_030,0.8434182866085231,2027
ECFP4+stereo,regioisomer,A,regioisomer_031,0.9393443885058318,2027
ECFP4+stereo,regioisomer,A,regioisomer_032,0.7602828155433573,2027
ECFP4+stereo,regioisomer,A,regioisomer_033,0.5559087657156357,2027
ECFP4+stereo,regioisomer,A,regioisomer_034,0.9206034084185276,2027
ECFP4+stereo,regioisomer,A,regioisomer_035,0.686314722114869,2027
ECFP4+stereo,regioisomer,A,regioisomer_036,0.8142319706327911,2027
ECFP4+stereo,regioisomer,A,regioisomer_037,0.5179971032168245,2027
ECFP4+stereo,regioisomer,A,regioisomer_038,0.7167740145736592,2027
ECFP4+stereo,regioisomer,A,regioisomer_039,0.5881100705705202,2027
ECFP4+stereo,regioisomer,A,regioisomer_040,0.629789333958982,2027
ECFP4+stereo,regioisomer,A,regioisomer_041,0.677782918094187,2027
ECFP4+stereo,regioisomer,A,regioisomer_042,0.760726465579941,2027
ECFP4+stereo,regioisomer,A,regioisomer_043,0.7617586141616254,2027
ECFP4+stereo,regioisomer,A,regioisomer_044,0.6699784216164414,2027
ECFP4+stereo,regioisomer,A,regioisomer_045,1.0842733545001864,2027
ECFP4+stereo,regioisomer,A,regioisomer_046,0.6598201031189764,2027
ECFP4+stereo,regioisomer,A,regioisomer_047,0.5916001779789519,2027
ECFP4+stereo,regioisomer,A,regioisomer_048,0.8366197250266396,2027
ECFP4+stereo,regioisomer,A,regioisomer_049,0.9331904366739667,2027
ECFP4+stereo,regioisomer,A,regioisomer_050,0.7958809124328449,2027
ECFP4+stereo,regioisomer,A,regioisomer_051,0.8829496325586486,2027
ECFP4+stereo,regioisomer,A,regioisomer_052,0.7652940079666507,2027
ECFP4+stereo,regioisomer,A,regioisomer_053,0.7677743092036907,2027
ECFP4+stereo,regioisomer,A,regioisomer_054,1.0544932433672947,2027
ECFP4+stereo,regioisomer,A,regioisomer_055,0.7958644314381493,2027
ECFP4+stereo,regioisomer,A,regioisomer_056,1.0185456138000162,2027
ECFP4+stereo,regioisomer,A,regioisomer_057,0.8783602967711458,2027
ECFP4+stereo,regioisomer,A,regioisomer_058,0.7597247974716663,2027
ECFP4+stereo,regioisomer,A,regioisomer_059,0.5934318755487832,2027
ECFP4+stereo,regioisomer,A,regioisomer_060,0.8158092910953177,2027
ECFP4+stereo,regioisomer,A,regioisomer_061,0.8112334161216975,2027
ECFP4+stereo,regioisomer,A,regioisomer_062,0.8663336700196914,2027
ECFP4+stereo,regioisomer,A,regioisomer_063,0.46645507809491393,2027
ECFP4+stereo,regioisomer,A,regioisomer_064,0.6928395483682561,2027
ECFP4+stereo,regioisomer,A,regioisomer_065,0.7934864368536165,2027
ECFP4+stereo,regioisomer,A,regioisomer_066,0.6297929638074342,2027
ECFP4+stereo,regioisomer,A,regioisomer_067,0.7136928678448067,2027
ECFP4+stereo,regioisomer,A,regioisomer_068,0.7847166221602929,2027
ECFP4+stereo,regioisomer,A,regioisomer_069,0.9347159661425936,2027
ECFP4+stereo,regioisomer,A,regioisomer_070,0.557616221228169,2027
ECFP4+stereo,regioisomer,A,regioisomer_071,0.5796231952809405,2027
ECFP4+stereo,regioisomer,A,regioisomer_072,0.8064965226509478,2027
ECFP4+stereo,regioisomer,A,regioisomer_073,0.9391255568829451,2027
ECFP4+stereo,regioisomer,A,regioisomer_074,0.6820861463425507,2027
ECFP4+stereo,regioisomer,A,regioisomer_075,0.6156584213995224,2027
ECFP4+stereo,regioisomer,A,regioisomer_076,1.1624299635820754,2027
ECFP4+stereo,regioisomer,A,regioisomer_077,0.4467563029333444,2027
ECFP4+stereo,regioisomer,A,regioisomer_078,1.0117444831865436,2027
ECFP4+stereo,regioisomer,A,regioisomer_079,0.814746300526918,2027
ECFP4+stereo,regioisomer,A,regioisomer_080,0.6592076202675397,2027
ECFP4+stereo,regioisomer,A,regioisomer_081,0.7654546312742185,2027
ECFP4+stereo,regioisomer,A,regioisomer_082,0.7821760758240592,2027
ECFP4+stereo,regioisomer,A,regioisomer_083,0.8724738341121212,2027
ECFP4+stereo,regioisomer,A,regioisomer_084,0.8194122596753608,2027
ECFP4+stereo,regioisomer,A,regioisomer_085,0.7329029521094519,2027
ECFP4+stereo,regioisomer,A,regioisomer_086,0.7279265499552027,2027
ECFP4+stereo,regioisomer,A,regioisomer_087,0.84716478275903,2027
ECFP4+stereo,regioisomer,A,regioisomer_088,0.677899863041661,2027
ECFP4+stereo,regioisomer,A,regioisomer_089,0.6358827294374522,2027
ECFP4+stereo,regioisomer,A,regioisomer_090,0.6395430023621334,2027
ECFP4+stereo,regioisomer,A,regioisomer_091,0.8475737158857717,2027
ECFP4+stereo,regioisomer,A,regioisomer_092,0.8478415162973492,2027
ECFP4+stereo,regioisomer,A,regioisomer_093,0.7265486369094816,2027
ECFP4+stereo,regioisomer,A,regioisomer_094,0.603208408419857,2027
ECFP4+stereo,regioisomer,A,regioisomer_095,0.6328642081379195,2027
ECFP4+stereo,regioisomer,A,regioisomer_096,0.5916001779789519,2027
ECFP4+stereo,regioisomer,A,regioisomer_097,0.8565461362652208,2027
ECFP4+stereo,regioisomer,A,regioisomer_098,0.705265387531934,2027
ECFP4+stereo,regioisomer,A,regioisomer_099,0.8741500469705649,2027
ECFP4+stereo,matched_mw,A,matched_mw_000,0.7075358068880442,2027
ECFP4+stereo,matched_mw,A,matched_mw_001,0.9827508933498055,2027
ECFP4+stereo,matched_mw,A,matched_mw_002,1.0668081185675637,2027
ECFP4+stereo,matched_mw,A,matched_mw_003,0.6470634612473228,2027
ECFP4+stereo,matched_mw,A,matched_mw_004,0.7807472237026475,2027
ECFP4+stereo,matched_mw,A,matched_mw_005,0.4253965605186805,2027
ECFP4+stereo,matched_mw,A,matched_mw_006,0.5338321863778139,2027
ECFP4+stereo,matched_mw,A,matched_mw_007,0.74622290394089,2027
ECFP4+stereo,matched_mw,A,matched_mw_008,0.5983934787945092,2027
ECFP4+stereo,matched_mw,A,matched_mw_009,0.8237580042685332,2027
ECFP4+stereo,matched_mw,A,matched_mw_010,0.806157861380623,2027
ECFP4+stereo,matched_mw,A,matched_mw_011,0.560168714980385,2027
ECFP4+stereo,matched_mw,A,matched_mw_012,0.7227645118649293,2027
ECFP4+stereo,matched_mw,A,matched_mw_013,0.6706663530649312,2027
ECFP4+stereo,matched_mw,A,matched_mw_014,0.9013899580056438,2027
ECFP4+stereo,matched_mw,A,matched_mw_015,0.5967404443289281,2027
ECFP4+stereo,matched_mw,A,matched_mw_016,0.9915138131271843,2027
ECFP4+stereo,matched_mw,A,matched_mw_017,1.0010247989274028,2027
ECFP4+stereo,matched_mw,A,matched_mw_018,0.707707164552385,2027
ECFP4+stereo,matched_mw,A,matched_mw_019,0.9620482002160576,2027
ECFP4+stereo,matched_mw,A,matched_mw_020,0.5877539904503841,2027
ECFP4+stereo,matched_mw,A,matched_mw_021,0.939847541245899,2027
ECFP4+stereo,matched_mw,A,matched_mw_022,1.2435139871986918,2027
ECFP4+stereo,matched_mw,A,matched_mw_023,0.8326703737728888,2027
ECFP4+stereo,matched_mw,A,matched_mw_024,1.4276540018550574,2027
ECFP4+stereo,matched_mw,A,matched_mw_025,1.4104791768379885,2027
ECFP4+stereo,matched_mw,A,matched_mw_026,0.6314485633229017,2027
ECFP4+stereo,matched_mw,A,matched_mw_027,0.9328838742292221,2027
ECFP4+stereo,matched_mw,A,matched_mw_028,1.0871771953935458,2027
ECFP4+stereo,matched_mw,A,matched_mw_029,0.8871537646660603,2027
ECFP4+stereo,matched_mw,A,matched_mw_030,0.8009826573993566,2027
ECFP4+stereo,matched_mw,A,matched_mw_031,0.7286827894212974,2027
ECFP4+stereo,matched_mw,A,matched_mw_032,1.20712950509574,2027
ECFP4+stereo,matched_mw,A,matched_mw_033,1.16016931170535,2027
ECFP4+stereo,matched_mw,A,matched_mw_034,0.7235587510926138,2027
ECFP4+stereo,matched_mw,A,matched_mw_035,0.7320082118145611,2027
ECFP4+stereo,matched_mw,A,matched_mw_036,1.1072506141075242,2027
ECFP4+stereo,matched_mw,A,matched_mw_037,0.8375592940925091,2027
ECFP4+stereo,matched_mw,A,matched_mw_038,1.130493620387091,2027
ECFP4+stereo,matched_mw,A,matched_mw_039,0.9840889694133991,2027
ECFP4+stereo,matched_mw,A,matched_mw_040,0.6284140146892201,2027
ECFP4+stereo,matched_mw,A,matched_mw_041,1.003257858561093,2027
ECFP4+stereo,matched_mw,A,matched_mw_042,1.018033691616405,2027
ECFP4+stereo,matched_mw,A,matched_mw_043,1.0170145585045167,2027
ECFP4+stereo,matched_mw,A,matched_mw_044,1.18117993629131,2027
ECFP4+stereo,matched_mw,A,matched_mw_045,1.2875999473071786,2027
ECFP4+stereo,matched_mw,A,matched_mw_046,0.9115049660625734,2027
ECFP4+stereo,matched_mw,A,matched_mw_047,1.0848816315984642,2027
ECFP4+stereo,matched_mw,A,matched_mw_048,0.96589407297635,2027
ECFP4+stereo,matched_mw,A,matched_mw_049,0.883762659467024,2027
ECFP4+stereo,matched_mw,A,matched_mw_050,0.8624316407770468,2027
ECFP4+stereo,matched_mw,A,matched_mw_051,1.0611861042117172,2027
ECFP4+stereo,matched_mw,A,matched_mw_052,0.8714744831106481,2027
ECFP4+stereo,matched_mw,A,matched_mw_053,0.731196751494375,2027
ECFP4+stereo,matched_mw,A,matched_mw_054,1.0481216915087732,2027
ECFP4+stereo,matched_mw,A,matched_mw_055,1.226613550980706,2027
ECFP4+stereo,matched_mw,A,matched_mw_056,0.9278118470983767,2027
ECFP4+stereo,matched_mw,A,matched_mw_057,0.7673235891648806,2027
ECFP4+stereo,matched_mw,A,matched_mw_058,0.8235725171211463,2027
ECFP4+stereo,matched_mw,A,matched_mw_059,0.8830012441642919,2027
ECFP4+stereo,matched_mw,A,matched_mw_060,1.1768989710991484,2027
ECFP4+stereo,matched_mw,A,matched_mw_061,1.0895302029180352,2027
ECFP4+stereo,matched_mw,A,matched_mw_062,0.8627172787737648,2027
ECFP4+stereo,matched_mw,A,matched_mw_063,0.49345676937153116,2027
ECFP4+stereo,matched_mw,A,matched_mw_064,1.1102071551801402,2027
ECFP4+stereo,matched_mw,A,matched_mw_065,1.1117618476396303,2027
ECFP4+stereo,matched_mw,A,matched_mw_066,0.6792930718433665,2027
ECFP4+stereo,matched_mw,A,matched_mw_067,0.8621908592172519,2027
ECFP4+stereo,matched_mw,A,matched_mw_068,0.8697725614756582,2027
ECFP4+stereo,matched_mw,A,matched_mw_069,1.1252673072922545,2027
ECFP4+stereo,matched_mw,A,matched_mw_070,1.156509746487754,2027
ECFP4+stereo,matched_mw,A,matched_mw_071,1.1466625489450937,2027
ECFP4+stereo,matched_mw,A,matched_mw_072,1.0177797072405437,2027
ECFP4+stereo,matched_mw,A,matched_mw_073,0.804889049270882,2027
ECFP4+stereo,matched_mw,A,matched_mw_074,0.9738269152716186,2027
ECFP4+stereo,matched_mw,A,matched_mw_075,1.1638441912022324,2027
ECFP4+stereo,matched_mw,A,matched_mw_076,1.0193127219957059,2027
ECFP4+stereo,matched_mw,A,matched_mw_077,0.8666767412680467,2027
ECFP4+stereo,matched_mw,A,matched_mw_078,0.6809370477596572,2027
ECFP4+stereo,matched_mw,A,matched_mw_079,0.7957444775605017,2027
ECFP4+stereo,matched_mw,A,matched_mw_080,0.9064184894463224,2027
ECFP4+stereo,matched_mw,A,matched_mw_081,1.1988403714696627,2027
ECFP4+stereo,matched_mw,A,matched_mw_082,1.3293015192647784,2027
ECFP4+stereo,matched_mw,A,matched_mw_083,1.3275938734098724,2027
ECFP4+stereo,matched_mw,A,matched_mw_084,1.218760887805684,2027
ECFP4+stereo,matched_mw,A,matched_mw_085,0.6728934434359729,2027
ECFP4+stereo,matched_mw,A,matched_mw_086,0.9800274518325063,2027
ECFP4+stereo,matched_mw,A,matched_mw_087,1.089014807489939,2027
ECFP4+stereo,matched_mw,A,matched_mw_088,1.1158485230739996,2027
ECFP4+stereo,matched_mw,A,matched_mw_089,1.3379135583899784,2027
ECFP4+stereo,matched_mw,A,matched_mw_090,0.6962668934528352,2027
ECFP4+stereo,matched_mw,A,matched_mw_091,0.561425758167253,2027
ECFP4+stereo,matched_mw,A,matched_mw_092,1.0600677389346929,2027
ECFP4+stereo,matched_mw,A,matched_mw_093,1.0502651944435983,2027
ECFP4+stereo,matched_mw,A,matched_mw_094,0.9366411417377472,2027
ECFP4+stereo,matched_mw,A,matched_mw_095,0.7213224693791125,2027
ECFP4+stereo,matched_mw,A,matched_mw_096,1.1045896356166713,2027
ECFP4+stereo,matched_mw,A,matched_mw_097,0.7310500815494215,2027
ECFP4+stereo,matched_mw,A,matched_mw_098,1.0243171394042199,2027
ECFP4+stereo,matched_mw,A,matched_mw_099,1.4266291377616556,2027
ECFP4+stereo,matched_descriptors,A,matched_descriptors_000,1.3354139018849562,2027
ECFP4+stereo,matched_descriptors,A,matched_descriptors_001,1.2844543006244609,2027
ECFP4+stereo,matched_descriptors,A,matched_descriptors_002,1.149568875286251,2027
ECFP4+stereo,matched_descriptors,A,matched_descriptors_003,0.765746543268222,2027
ECFP4+stereo,matched_descriptors,A,matched_descriptors_004,0.9231662499771474,2027
ECFP4+stereo,matched_descriptors,A,matched_descriptors_005,1.079012292956783,2027
ECFP4+stereo,matched_descriptors,A,matched_descriptors_006,1.266554697025019,2027
ECFP4+stereo,matched_descriptors,A,matched_descriptors_007,1.2980501165824923,2027
ECFP4+stereo,matched_descriptors,A,matched_descriptors_008,1.2748574317326813,2027
ECFP4+stereo,matched_descriptors,A,matched_descriptors_009,1.1436653013300875,2027
ECFP4+stereo,matched_descriptors,A,matched_descriptors_010,1.2641448276745124,2027
ECFP4+stereo,matched_descriptors,A,matched_descriptors_011,1.0075433201014417,2027
ECFP4+stereo,matched_descriptors,A,matched_descriptors_012,0.8656302503538623,2027
ECFP4+stereo,matched_descriptors,A,matched_descriptors_013,1.331245520889221,2027
ECFP4+stereo,matched_descriptors,A,matched_descriptors_014,0.844160847146142,2027
ECFP4+stereo,matched_descriptors,A,matched_descriptors_015,1.3509973134600113,2027
ECFP4+stereo,matched_descriptors,A,matched_descriptors_016,1.2912286885999011,2027
ECFP4+stereo,matched_descriptors,A,matched_descriptors_017,1.2487904100632536,2027
ECFP4+stereo,matched_descriptors,A,matched_descriptors_018,1.3935311600598448,2027
ECFP4+stereo,matched_descriptors,A,matched_descriptors_019,0.7622648147141857,2027
ECFP4+stereo,matched_descriptors,A,matched_descriptors_020,1.9217111122057744,2027
ECFP4+stereo,matched_descriptors,A,matched_descriptors_021,1.0150942286468478,2027
ECFP4+stereo,matched_descriptors,A,matched_descriptors_022,1.3967138929888323,2027
ECFP4+stereo,matched_descriptors,A,matched_descriptors_023,1.0943477596789648,2027
ECFP4+stereo,matched_descriptors,A,matched_descriptors_024,1.286652807092822,2027
ECFP4+stereo,matched_descriptors,A,matched_descriptors_025,1.203442922236643,2027
ECFP4+stereo,matched_descriptors,A,matched_descriptors_026,1.5524861281154838,2027
ECFP4+stereo,matched_descriptors,A,matched_descriptors_027,0.917280919084557,2027
ECFP4+stereo,matched_descriptors,A,matched_descriptors_028,0.8499641589272245,2027
ECFP4+stereo,matched_descriptors,A,matched_descriptors_029,1.1224051947105407,2027
ECFP4+stereo,matched_descriptors,A,matched_descriptors_030,1.4857988938802877,2027
ECFP4+stereo,matched_descriptors,A,matched_descriptors_031,1.2547987434468815,2027
ECFP4+stereo,matched_descriptors,A,matched_descriptors_032,1.5656493179043238,2027
ECFP4+stereo,matched_descriptors,A,matched_descriptors_033,1.1648123078435435,2027
ECFP4+stereo,matched_descriptors,A,matched_descriptors_034,1.4132446371704623,2027
ECFP4+stereo,matched_descriptors,A,matched_descriptors_035,1.409157407349346,2027
ECFP4+stereo,matched_descriptors,A,matched_descriptors_036,0.7473068645722982,2027
ECFP4+stereo,matched_descriptors,A,matched_descriptors_037,1.2516760883215603,2027
ECFP4+stereo,matched_descriptors,A,matched_descriptors_038,1.0959658089673245,2027
ECFP4+stereo,matched_descriptors,A,matched_descriptors_039,1.2772001871694378,2027
ECFP4+stereo,matched_descriptors,A,matched_descriptors_040,1.8247323007460086,2027
ECFP4+stereo,matched_descriptors,A,matched_descriptors_041,0.7077523173360609,2027
ECFP4+stereo,matched_descriptors,A,matched_descriptors_042,1.183782783670587,2027
ECFP4+stereo,matched_descriptors,A,matched_descriptors_043,0.854858960498011,2027
ECFP4+stereo,matched_descriptors,A,matched_descriptors_044,1.3115130148599412,2027
ECFP4+stereo,matched_descriptors,A,matched_descriptors_045,1.4366185389829527,2027
ECFP4+stereo,matched_descriptors,A,matched_descriptors_046,1.2068766557992272,2027
ECFP4+stereo,matched_descriptors,A,matched_descriptors_047,1.0517794190007328,2027
ECFP4+stereo,matched_descriptors,A,matched_descriptors_048,1.311586063370414,2027
ECFP4+stereo,matched_descriptors,A,matched_descriptors_049,1.309143852692433,2027
ECFP4+stereo,matched_descriptors,A,matched_descriptors_050,1.585483066760942,2027
ECFP4+stereo,matched_descriptors,A,matched_descriptors_051,1.3557966693589178,2027
ECFP4+stereo,matched_descriptors,A,matched_descriptors_052,1.2921863943107903,2027
ECFP4+stereo,matched_descriptors,A,matched_descriptors_053,1.0861039665619494,2027
ECFP4+stereo,matched_descriptors,A,matched_descriptors_054,1.2721599961615437,2027
ECFP4+stereo,matched_descriptors,A,matched_descriptors_055,1.0706518759182995,2027
ECFP4+stereo,matched_descriptors,A,matched_descriptors_056,1.2908097650501411,2027
ECFP4+stereo,matched_descriptors,A,matched_descriptors_057,1.1072075443142204,2027
ECFP4+stereo,matched_descriptors,A,matched_descriptors_058,1.3379776769955303,2027
ECFP4+stereo,matched_descriptors,A,matched_descriptors_059,0.9293036241015881,2027
ECFP4+stereo,matched_descriptors,A,matched_descriptors_060,1.1254212789453997,2027
ECFP4+stereo,matched_descriptors,A,matched_descriptors_061,1.4408507583287182,2027
ECFP4+stereo,matched_descriptors,A,matched_descriptors_062,1.552162514126775,2027
ECFP4+stereo,matched_descriptors,A,matched_descriptors_063,1.675594050592609,2027
ECFP4+stereo,matched_descriptors,A,matched_descriptors_064,1.6227103000962868,2027
ECFP4+stereo,matched_descriptors,A,matched_descriptors_065,1.2234230000324684,2027
ECFP4+stereo,matched_descriptors,A,matched_descriptors_066,1.310343875854569,2027
ECFP4+stereo,matched_descriptors,A,matched_descriptors_067,1.343942903802889,2027
ECFP4+stereo,matched_descriptors,A,matched_descriptors_068,1.0534866284503084,2027
ECFP4+stereo,matched_descriptors,A,matched_descriptors_069,1.1759947322160231,2027
ECFP4+stereo,matched_descriptors,A,matched_descriptors_070,1.7545381517919543,2027
ECFP4+stereo,matched_descriptors,A,matched_descriptors_071,1.197073036092584,2027
ECFP4+stereo,matched_descriptors,A,matched_descriptors_072,1.1120379801197307,2027
ECFP4+stereo,matched_descriptors,A,matched_descriptors_073,0.9864214974725833,2027
ECFP4+stereo,matched_descriptors,A,matched_descriptors_074,1.4305759808777632,2027
ECFP4+stereo,matched_descriptors,A,matched_descriptors_075,1.0274480611079821,2027
ECFP4+stereo,matched_descriptors,A,matched_descriptors_076,0.4383370332479654,2027
ECFP4+stereo,matched_descriptors,A,matched_descriptors_077,0.4762699624039645,2027
ECFP4+stereo,matched_descriptors,A,matched_descriptors_078,1.3249160858525935,2027
ECFP4+stereo,matched_descriptors,A,matched_descriptors_079,1.1619612493631069,2027
ECFP4+stereo,matched_descriptors,A,matched_descriptors_080,1.2716256702327136,2027
ECFP4+stereo,matched_descriptors,A,matched_descriptors_081,1.3579516775131781,2027
ECFP4+stereo,matched_descriptors,A,matched_descriptors_082,1.2785877436705726,2027
ECFP4+stereo,matched_descriptors,A,matched_descriptors_083,1.168374284615878,2027
ECFP4+stereo,matched_descriptors,A,matched_descriptors_084,1.214109750979144,2027
ECFP4+stereo,matched_descriptors,A,matched_descriptors_085,1.5713603485474452,2027
ECFP4+stereo,matched_descriptors,A,matched_descriptors_086,1.0074404867755262,2027
ECFP4+stereo,matched_descriptors,A,matched_descriptors_087,1.4088958106463194,2027
ECFP4+stereo,matched_descriptors,A,matched_descriptors_088,0.962288777606342,2027
ECFP4+stereo,matched_descriptors,A,matched_descriptors_089,1.3054323451864482,2027
ECFP4+stereo,matched_descriptors,A,matched_descriptors_090,1.4505543280332824,2027
ECFP4+stereo,matched_descriptors,A,matched_descriptors_091,1.5125695458702364,2027
ECFP4+stereo,matched_descriptors,A,matched_descriptors_092,1.3616889310181677,2027
ECFP4+stereo,matched_descriptors,A,matched_descriptors_093,0.8175058675085132,2027
ECFP4+stereo,matched_descriptors,A,matched_descriptors_094,1.5660570073404931,2027
ECFP4+stereo,matched_descriptors,A,matched_descriptors_095,1.3362545698548616,2027
ECFP4+stereo,matched_descriptors,A,matched_descriptors_096,1.037255531846571,2027
ECFP4+stereo,matched_descriptors,A,matched_descriptors_097,0.8536000763658987,2027
ECFP4+stereo,matched_descriptors,A,matched_descriptors_098,1.4374776946530539,2027
ECFP4+stereo,matched_descriptors,A,matched_descriptors_099,1.3587022207175492,2027
ECFP4+stereo,smiles_enumeration,B,smiles_enumeration_000,0.0,2027
ECFP4+stereo,smiles_enumeration,B,smiles_enumeration_001,0.0,2027
ECFP4+stereo,smiles_enumeration,B,smiles_enumeration_002,0.0,2027
ECFP4+stereo,smiles_enumeration,B,smiles_enumeration_003,0.0,2027
ECFP4+stereo,smiles_enumeration,B,smiles_enumeration_004,0.0,2027
ECFP4+stereo,smiles_enumeration,B,smiles_enumeration_005,0.0,2027
ECFP4+stereo,smiles_enumeration,B,smiles_enumeration_006,0.0,2027
ECFP4+stereo,smiles_enumeration,B,smiles_enumeration_007,0.0,2027
ECFP4+stereo,smiles_enumeration,B,smiles_enumeration_008,0.0,2027
ECFP4+stereo,smiles_enumeration,B,smiles_enumeration_009,0.0,2027
ECFP4+stereo,smiles_enumeration,B,smiles_enumeration_010,0.0,2027
ECFP4+stereo,smiles_enumeration,B,smiles_enumeration_011,0.0,2027
ECFP4+stereo,smiles_enumeration,B,smiles_enumeration_012,0.0,2027
ECFP4+stereo,smiles_enumeration,B,smiles_enumeration_013,0.0,2027
ECFP4+stereo,smiles_enumeration,B,smiles_enumeration_014,0.0,2027
ECFP4+stereo,smiles_enumeration,B,smiles_enumeration_015,0.0,2027
ECFP4+stereo,smiles_enumeration,B,smiles_enumeration_016,0.0,2027
ECFP4+stereo,smiles_enumeration,B,smiles_enumeration_017,0.0,2027
ECFP4+stereo,smiles_enumeration,B,smiles_enumeration_018,0.0,2027
ECFP4+stereo,smiles_enumeration,B,smiles_enumeration_019,0.0,2027
ECFP4+stereo,smiles_enumeration,B,smiles_enumeration_020,0.0,2027
ECFP4+stereo,smiles_enumeration,B,smiles_enumeration_021,0.0,2027
ECFP4+stereo,smiles_enumeration,B,smiles_enumeration_022,0.0,2027
ECFP4+stereo,smiles_enumeration,B,smiles_enumeration_023,0.0,2027
ECFP4+stereo,smiles_enumeration,B,smiles_enumeration_024,0.0,2027
ECFP4+stereo,smiles_enumeration,B,smiles_enumeration_025,0.0,2027
ECFP4+stereo,smiles_enumeration,B,smiles_enumeration_026,0.0,2027
ECFP4+stereo,smiles_enumeration,B,smiles_enumeration_027,0.0,2027
ECFP4+stereo,smiles_enumeration,B,smiles_enumeration_028,0.0,2027
ECFP4+stereo,smiles_enumeration,B,smiles_enumeration_029,0.0,2027
ECFP4+stereo,smiles_enumeration,B,smiles_enumeration_030,0.0,2027
ECFP4+stereo,smiles_enumeration,B,smiles_enumeration_031,0.0,2027
ECFP4+stereo,smiles_enumeration,B,smiles_enumeration_032,0.0,2027
ECFP4+stereo,smiles_enumeration,B,smiles_enumeration_033,0.0,2027
ECFP4+stereo,smiles_enumeration,B,smiles_enumeration_034,0.0,2027
ECFP4+stereo,smiles_enumeration,B,smiles_enumeration_035,0.0,2027
ECFP4+stereo,smiles_enumeration,B,smiles_enumeration_036,0.0,2027
ECFP4+stereo,smiles_enumeration,B,smiles_enumeration_037,0.0,2027
ECFP4+stereo,smiles_enumeration,B,smiles_enumeration_038,0.0,2027
ECFP4+stereo,smiles_enumeration,B,smiles_enumeration_039,0.0,2027
ECFP4+stereo,smiles_enumeration,B,smiles_enumeration_040,0.0,2027
ECFP4+stereo,smiles_enumeration,B,smiles_enumeration_041,0.0,2027
ECFP4+stereo,smiles_enumeration,B,smiles_enumeration_042,0.0,2027
ECFP4+stereo,smiles_enumeration,B,smiles_enumeration_043,0.0,2027
ECFP4+stereo,smiles_enumeration,B,smiles_enumeration_044,0.0,2027
ECFP4+stereo,smiles_enumeration,B,smiles_enumeration_045,0.0,2027
ECFP4+stereo,smiles_enumeration,B,smiles_enumeration_046,0.0,2027
ECFP4+stereo,smiles_enumeration,B,smiles_enumeration_047,0.0,2027
ECFP4+stereo,smiles_enumeration,B,smiles_enumeration_048,0.0,2027
ECFP4+stereo,smiles_enumeration,B,smiles_enumeration_049,0.0,2027
ECFP4+stereo,smiles_enumeration,B,smiles_enumeration_050,0.0,2027
ECFP4+stereo,smiles_enumeration,B,smiles_enumeration_051,0.0,2027
ECFP4+stereo,smiles_enumeration,B,smiles_enumeration_052,0.0,2027
ECFP4+stereo,smiles_enumeration,B,smiles_enumeration_053,0.0,2027
ECFP4+stereo,smiles_enumeration,B,smiles_enumeration_054,0.0,2027
ECFP4+stereo,smiles_enumeration,B,smiles_enumeration_055,0.0,2027
ECFP4+stereo,smiles_enumeration,B,smiles_enumeration_056,0.0,2027
ECFP4+stereo,smiles_enumeration,B,smiles_enumeration_057,0.0,2027
ECFP4+stereo,smiles_enumeration,B,smiles_enumeration_058,0.0,2027
ECFP4+stereo,smiles_enumeration,B,smiles_enumeration_059,0.0,2027
ECFP4+stereo,smiles_enumeration,B,smiles_enumeration_060,0.0,2027
ECFP4+stereo,smiles_enumeration,B,smiles_enumeration_061,0.0,2027
ECFP4+stereo,smiles_enumeration,B,smiles_enumeration_062,0.0,2027
ECFP4+stereo,smiles_enumeration,B,smiles_enumeration_063,0.0,2027
ECFP4+stereo,smiles_enumeration,B,smiles_enumeration_064,0.0,2027
ECFP4+stereo,smiles_enumeration,B,smiles_enumeration_065,0.0,2027
ECFP4+stereo,smiles_enumeration,B,smiles_enumeration_066,0.0,2027
ECFP4+stereo,smiles_enumeration,B,smiles_enumeration_067,0.0,2027
ECFP4+stereo,smiles_enumeration,B,smiles_enumeration_068,0.0,2027
ECFP4+stereo,smiles_enumeration,B,smiles_enumeration_069,0.0,2027
ECFP4+stereo,smiles_enumeration,B,smiles_enumeration_070,0.0,2027
ECFP4+stereo,smiles_enumeration,B,smiles_enumeration_071,0.0,2027
ECFP4+stereo,smiles_enumeration,B,smiles_enumeration_072,0.0,2027
ECFP4+stereo,smiles_enumeration,B,smiles_enumeration_073,0.0,2027
ECFP4+stereo,smiles_enumeration,B,smiles_enumeration_074,0.0,2027
ECFP4+stereo,smiles_enumeration,B,smiles_enumeration_075,0.0,2027
ECFP4+stereo,smiles_enumeration,B,smiles_enumeration_076,0.0,2027
ECFP4+stereo,smiles_enumeration,B,smiles_enumeration_077,0.0,2027
ECFP4+stereo,smiles_enumeration,B,smiles_enumeration_078,0.0,2027
ECFP4+stereo,smiles_enumeration,B,smiles_enumeration_079,0.0,2027
ECFP4+stereo,smiles_enumeration,B,smiles_enumeration_080,0.0,2027
ECFP4+stereo,smiles_enumeration,B,smiles_enumeration_081,0.0,2027
ECFP4+stereo,smiles_enumeration,B,smiles_enumeration_082,0.0,2027
ECFP4+stereo,smiles_enumeration,B,smiles_enumeration_083,0.0,2027
ECFP4+stereo,smiles_enumeration,B,smiles_enumeration_084,0.0,2027
ECFP4+stereo,smiles_enumeration,B,smiles_enumeration_085,0.0,2027
ECFP4+stereo,smiles_enumeration,B,smiles_enumeration_086,0.0,2027
ECFP4+stereo,smiles_enumeration,B,smiles_enumeration_087,0.0,2027
ECFP4+stereo,smiles_enumeration,B,smiles_enumeration_088,0.0,2027
ECFP4+stereo,smiles_enumeration,B,smiles_enumeration_089,0.0,2027
ECFP4+stereo,smiles_enumeration,B,smiles_enumeration_090,0.0,2027
ECFP4+stereo,smiles_enumeration,B,smiles_enumeration_091,0.0,2027
ECFP4+stereo,smiles_enumeration,B,smiles_enumeration_092,0.0,2027
ECFP4+stereo,smiles_enumeration,B,smiles_enumeration_093,0.0,2027
ECFP4+stereo,smiles_enumeration,B,smiles_enumeration_094,0.0,2027
ECFP4+stereo,smiles_enumeration,B,smiles_enumeration_095,0.0,2027
ECFP4+stereo,smiles_enumeration,B,smiles_enumeration_096,0.0,2027
ECFP4+stereo,smiles_enumeration,B,smiles_enumeration_097,0.0,2027
ECFP4+stereo,smiles_enumeration,B,smiles_enumeration_098,0.0,2027
ECFP4+stereo,smiles_enumeration,B,smiles_enumeration_099,0.0,2027
ECFP4+stereo,kekule,B,kekule_000,0.0,2027
ECFP4+stereo,kekule,B,kekule_001,0.0,2027
ECFP4+stereo,kekule,B,kekule_002,0.0,2027
ECFP4+stereo,kekule,B,kekule_003,0.0,2027
ECFP4+stereo,kekule,B,kekule_004,0.0,2027
ECFP4+stereo,kekule,B,kekule_005,0.0,2027
ECFP4+stereo,kekule,B,kekule_006,0.0,2027
ECFP4+stereo,kekule,B,kekule_007,0.0,2027
ECFP4+stereo,kekule,B,kekule_008,0.0,2027
ECFP4+stereo,kekule,B,kekule_009,0.0,2027
ECFP4+stereo,kekule,B,kekule_010,0.0,2027
ECFP4+stereo,kekule,B,kekule_011,0.0,2027
ECFP4+stereo,kekule,B,kekule_012,0.0,2027
ECFP4+stereo,kekule,B,kekule_013,0.0,2027
ECFP4+stereo,kekule,B,kekule_014,0.0,2027
ECFP4+stereo,kekule,B,kekule_015,0.0,2027
ECFP4+stereo,kekule,B,kekule_016,0.0,2027
ECFP4+stereo,kekule,B,kekule_017,0.0,2027
ECFP4+stereo,kekule,B,kekule_018,0.0,2027
ECFP4+stereo,kekule,B,kekule_019,0.0,2027
ECFP4+stereo,kekule,B,kekule_020,0.0,2027
ECFP4+stereo,kekule,B,kekule_021,0.0,2027
ECFP4+stereo,kekule,B,kekule_022,0.0,2027
ECFP4+stereo,kekule,B,kekule_023,0.0,2027
ECFP4+stereo,kekule,B,kekule_024,0.0,2027
ECFP4+stereo,kekule,B,kekule_025,0.0,2027
ECFP4+stereo,kekule,B,kekule_026,0.0,2027
ECFP4+stereo,kekule,B,kekule_027,0.0,2027
ECFP4+stereo,kekule,B,kekule_028,0.0,2027
ECFP4+stereo,kekule,B,kekule_029,0.0,2027
ECFP4+stereo,kekule,B,kekule_030,0.0,2027
ECFP4+stereo,kekule,B,kekule_031,0.0,2027
ECFP4+stereo,kekule,B,kekule_032,0.0,2027
ECFP4+stereo,kekule,B,kekule_033,0.0,2027
ECFP4+stereo,kekule,B,kekule_034,0.0,2027
ECFP4+stereo,kekule,B,kekule_035,0.0,2027
ECFP4+stereo,kekule,B,kekule_036,0.0,2027
ECFP4+stereo,kekule,B,kekule_037,0.0,2027
ECFP4+stereo,kekule,B,kekule_038,0.0,2027
ECFP4+stereo,kekule,B,kekule_039,0.0,2027
ECFP4+stereo,kekule,B,kekule_040,0.0,2027
ECFP4+stereo,kekule,B,kekule_041,0.0,2027
ECFP4+stereo,kekule,B,kekule_042,0.0,2027
ECFP4+stereo,kekule,B,kekule_043,0.0,2027
ECFP4+stereo,kekule,B,kekule_044,0.0,2027
ECFP4+stereo,kekule,B,kekule_045,0.0,2027
ECFP4+stereo,kekule,B,kekule_046,0.0,2027
ECFP4+stereo,kekule,B,kekule_047,0.0,2027
ECFP4+stereo,kekule,B,kekule_048,0.0,2027
ECFP4+stereo,kekule,B,kekule_049,0.0,2027
ECFP4+stereo,kekule,B,kekule_050,0.0,2027
ECFP4+stereo,kekule,B,kekule_051,0.0,2027
ECFP4+stereo,kekule,B,kekule_052,0.0,2027
ECFP4+stereo,kekule,B,kekule_053,0.0,2027
ECFP4+stereo,kekule,B,kekule_054,0.0,2027
ECFP4+stereo,kekule,B,kekule_055,0.0,2027
ECFP4+stereo,kekule,B,kekule_056,0.0,2027
ECFP4+stereo,kekule,B,kekule_057,0.0,2027
ECFP4+stereo,kekule,B,kekule_058,0.0,2027
ECFP4+stereo,kekule,B,kekule_059,0.0,2027
ECFP4+stereo,kekule,B,kekule_060,0.0,2027
ECFP4+stereo,kekule,B,kekule_061,0.0,2027
ECFP4+stereo,kekule,B,kekule_062,0.0,2027
ECFP4+stereo,kekule,B,kekule_063,0.0,2027
ECFP4+stereo,kekule,B,kekule_064,0.0,2027
ECFP4+stereo,kekule,B,kekule_065,0.0,2027
ECFP4+stereo,kekule,B,kekule_066,0.0,2027
ECFP4+stereo,kekule,B,kekule_067,0.0,2027
ECFP4+stereo,kekule,B,kekule_068,0.0,2027
ECFP4+stereo,kekule,B,kekule_069,0.0,2027
ECFP4+stereo,kekule,B,kekule_070,0.0,2027
ECFP4+stereo,kekule,B,kekule_071,0.0,2027
ECFP4+stereo,kekule,B,kekule_072,0.0,2027
ECFP4+stereo,kekule,B,kekule_073,0.0,2027
ECFP4+stereo,kekule,B,kekule_074,0.0,2027
ECFP4+stereo,kekule,B,kekule_075,0.0,2027
ECFP4+stereo,kekule,B,kekule_076,0.0,2027
ECFP4+stereo,kekule,B,kekule_077,0.0,2027
ECFP4+stereo,kekule,B,kekule_078,0.0,2027
ECFP4+stereo,kekule,B,kekule_079,0.0,2027
ECFP4+stereo,kekule,B,kekule_080,0.0,2027
ECFP4+stereo,kekule,B,kekule_081,0.0,2027
ECFP4+stereo,kekule,B,kekule_082,0.0,2027
ECFP4+stereo,kekule,B,kekule_083,0.0,2027
ECFP4+stereo,kekule,B,kekule_084,0.0,2027
ECFP4+stereo,kekule,B,kekule_085,0.0,2027
ECFP4+stereo,kekule,B,kekule_086,0.0,2027
ECFP4+stereo,kekule,B,kekule_087,0.0,2027
ECFP4+stereo,kekule,B,kekule_088,0.0,2027
ECFP4+stereo,kekule,B,kekule_089,0.0,2027
ECFP4+stereo,kekule,B,kekule_090,0.0,2027
ECFP4+stereo,kekule,B,kekule_091,0.0,2027
ECFP4+stereo,kekule,B,kekule_092,0.0,2027
ECFP4+stereo,kekule,B,kekule_093,0.0,2027
ECFP4+stereo,kekule,B,kekule_094,0.0,2027
ECFP4+stereo,kekule,B,kekule_095,0.0,2027
ECFP4+stereo,kekule,B,kekule_096,0.0,2027
ECFP4+stereo,kekule,B,kekule_097,0.0,2027
ECFP4+stereo,kekule,B,kekule_098,0.0,2027
ECFP4+stereo,kekule,B,kekule_099,0.0,2027
ECFP4+stereo,symmetry_equivalent,B,symmetry_equivalent_000,0.0,2027
ECFP4+stereo,symmetry_equivalent,B,symmetry_equivalent_001,0.0,2027
ECFP4+stereo,symmetry_equivalent,B,symmetry_equivalent_002,0.0,2027
ECFP4+stereo,symmetry_equivalent,B,symmetry_equivalent_003,0.0,2027
ECFP4+stereo,symmetry_equivalent,B,symmetry_equivalent_004,0.0,2027
ECFP4+stereo,symmetry_equivalent,B,symmetry_equivalent_005,0.0,2027
ECFP4+stereo,symmetry_equivalent,B,symmetry_equivalent_006,0.0,2027
ECFP4+stereo,symmetry_equivalent,B,symmetry_equivalent_007,0.0,2027
ECFP4+stereo,symmetry_equivalent,B,symmetry_equivalent_008,0.0,2027
ECFP4+stereo,symmetry_equivalent,B,symmetry_equivalent_009,0.0,2027
ECFP4+stereo,symmetry_equivalent,B,symmetry_equivalent_010,0.0,2027
ECFP4+stereo,symmetry_equivalent,B,symmetry_equivalent_011,0.0,2027
ECFP4+stereo,symmetry_equivalent,B,symmetry_equivalent_012,0.0,2027
ECFP4+stereo,symmetry_equivalent,B,symmetry_equivalent_013,0.0,2027
ECFP4+stereo,symmetry_equivalent,B,symmetry_equivalent_014,0.0,2027
ECFP4+stereo,symmetry_equivalent,B,symmetry_equivalent_015,0.0,2027
ECFP4+stereo,symmetry_equivalent,B,symmetry_equivalent_016,0.0,2027
ECFP4+stereo,symmetry_equivalent,B,symmetry_equivalent_017,0.0,2027
ECFP4+stereo,symmetry_equivalent,B,symmetry_equivalent_018,0.0,2027
ECFP4+stereo,symmetry_equivalent,B,symmetry_equivalent_019,0.0,2027
ECFP4+stereo,symmetry_equivalent,B,symmetry_equivalent_020,0.0,2027
ECFP4+stereo,symmetry_equivalent,B,symmetry_equivalent_021,0.0,2027
ECFP4+stereo,symmetry_equivalent,B,symmetry_equivalent_022,0.0,2027
ECFP4+stereo,symmetry_equivalent,B,symmetry_equivalent_023,0.0,2027
ECFP4+stereo,symmetry_equivalent,B,symmetry_equivalent_024,0.0,2027
ECFP4+stereo,symmetry_equivalent,B,symmetry_equivalent_025,0.0,2027
ECFP4+stereo,symmetry_equivalent,B,symmetry_equivalent_026,0.0,2027
ECFP4+stereo,symmetry_equivalent,B,symmetry_equivalent_027,0.0,2027
ECFP4+stereo,symmetry_equivalent,B,symmetry_equivalent_028,0.0,2027
ECFP4+stereo,symmetry_equivalent,B,symmetry_equivalent_029,0.0,2027
ECFP4+stereo,symmetry_equivalent,B,symmetry_equivalent_030,0.0,2027
ECFP4+stereo,symmetry_equivalent,B,symmetry_equivalent_031,0.0,2027
ECFP4+stereo,symmetry_equivalent,B,symmetry_equivalent_032,0.0,2027
ECFP4+stereo,symmetry_equivalent,B,symmetry_equivalent_033,0.0,2027
ECFP4+stereo,symmetry_equivalent,B,symmetry_equivalent_034,0.0,2027
ECFP4+stereo,symmetry_equivalent,B,symmetry_equivalent_035,0.0,2027
ECFP4+stereo,symmetry_equivalent,B,symmetry_equivalent_036,0.0,2027
ECFP4+stereo,symmetry_equivalent,B,symmetry_equivalent_037,0.0,2027
ECFP4+stereo,symmetry_equivalent,B,symmetry_equivalent_038,0.0,2027
ECFP4+stereo,symmetry_equivalent,B,symmetry_equivalent_039,0.0,2027
ECFP4+stereo,symmetry_equivalent,B,symmetry_equivalent_040,0.0,2027
ECFP4+stereo,symmetry_equivalent,B,symmetry_equivalent_041,0.0,2027
ECFP4+stereo,symmetry_equivalent,B,symmetry_equivalent_042,0.0,2027
ECFP4+stereo,symmetry_equivalent,B,symmetry_equivalent_043,0.0,2027
ECFP4+stereo,symmetry_equivalent,B,symmetry_equivalent_044,0.0,2027
ECFP4+stereo,symmetry_equivalent,B,symmetry_equivalent_045,0.0,2027
ECFP4+stereo,symmetry_equivalent,B,symmetry_equivalent_046,0.0,2027
ECFP4+stereo,symmetry_equivalent,B,symmetry_equivalent_047,0.0,2027
ECFP4+stereo,symmetry_equivalent,B,symmetry_equivalent_048,0.0,2027
ECFP4+stereo,symmetry_equivalent,B,symmetry_equivalent_049,0.0,2027
ECFP4+stereo,symmetry_equivalent,B,symmetry_equivalent_050,0.0,2027
ECFP4+stereo,symmetry_equivalent,B,symmetry_equivalent_051,0.0,2027
ECFP4+stereo,symmetry_equivalent,B,symmetry_equivalent_052,0.0,2027
ECFP4+stereo,symmetry_equivalent,B,symmetry_equivalent_053,0.0,2027
ECFP4+stereo,symmetry_equivalent,B,symmetry_equivalent_054,0.0,2027
ECFP4+stereo,symmetry_equivalent,B,symmetry_equivalent_055,0.0,2027
ECFP4+stereo,symmetry_equivalent,B,symmetry_equivalent_056,0.0,2027
ECFP4+stereo,symmetry_equivalent,B,symmetry_equivalent_057,0.0,2027
ECFP4+stereo,symmetry_equivalent,B,symmetry_equivalent_058,0.0,2027
ECFP4+stereo,symmetry_equivalent,B,symmetry_equivalent_059,0.0,2027
ECFP4+stereo,symmetry_equivalent,B,symmetry_equivalent_060,0.0,2027
ECFP4+stereo,symmetry_equivalent,B,symmetry_equivalent_061,0.0,2027
ECFP4+stereo,symmetry_equivalent,B,symmetry_equivalent_062,0.0,2027
ECFP4+stereo,symmetry_equivalent,B,symmetry_equivalent_063,0.0,2027
ECFP4+stereo,symmetry_equivalent,B,symmetry_equivalent_064,0.0,2027
ECFP4+stereo,symmetry_equivalent,B,symmetry_equivalent_065,0.0,2027
ECFP4+stereo,symmetry_equivalent,B,symmetry_equivalent_066,0.0,2027
ECFP4+stereo,symmetry_equivalent,B,symmetry_equivalent_067,0.0,2027
ECFP4+stereo,symmetry_equivalent,B,symmetry_equivalent_068,0.0,2027
ECFP4+stereo,symmetry_equivalent,B,symmetry_equivalent_069,0.0,2027
ECFP4+stereo,symmetry_equivalent,B,symmetry_equivalent_070,0.0,2027
ECFP4+stereo,symmetry_equivalent,B,symmetry_equivalent_071,0.0,2027
ECFP4+stereo,symmetry_equivalent,B,symmetry_equivalent_072,0.0,2027
ECFP4+stereo,symmetry_equivalent,B,symmetry_equivalent_073,0.0,2027
ECFP4+stereo,symmetry_equivalent,B,symmetry_equivalent_074,0.0,2027
ECFP4+stereo,symmetry_equivalent,B,symmetry_equivalent_075,0.0,2027
ECFP4+stereo,symmetry_equivalent,B,symmetry_equivalent_076,0.0,2027
ECFP4+stereo,symmetry_equivalent,B,symmetry_equivalent_077,0.0,2027
ECFP4+stereo,symmetry_equivalent,B,symmetry_equivalent_078,0.0,2027
ECFP4+stereo,symmetry_equivalent,B,symmetry_equivalent_079,0.0,2027
ECFP4+stereo,symmetry_equivalent,B,symmetry_equivalent_080,0.0,2027
ECFP4+stereo,symmetry_equivalent,B,symmetry_equivalent_081,0.0,2027
ECFP4+stereo,symmetry_equivalent,B,symmetry_equivalent_082,0.0,2027
ECFP4+stereo,symmetry_equivalent,B,symmetry_equivalent_083,0.0,2027
ECFP4+stereo,symmetry_equivalent,B,symmetry_equivalent_084,0.0,2027
ECFP4+stereo,symmetry_equivalent,B,symmetry_equivalent_085,0.0,2027
ECFP4+stereo,symmetry_equivalent,B,symmetry_equivalent_086,0.0,2027
ECFP4+stereo,symmetry_equivalent,B,symmetry_equivalent_087,0.0,2027
ECFP4+stereo,symmetry_equivalent,B,symmetry_equivalent_088,0.0,2027
ECFP4+stereo,symmetry_equivalent,B,symmetry_equivalent_089,0.0,2027
ECFP4+stereo,symmetry_equivalent,B,symmetry_equivalent_090,0.0,2027
ECFP4+stereo,symmetry_equivalent,B,symmetry_equivalent_091,0.0,2027
ECFP4+stereo,symmetry_equivalent,B,symmetry_equivalent_092,0.0,2027
ECFP4+stereo,symmetry_equivalent,B,symmetry_equivalent_093,0.0,2027
ECFP4+stereo,symmetry_equivalent,B,symmetry_equivalent_094,0.0,2027
ECFP4+stereo,symmetry_equivalent,B,symmetry_equivalent_095,0.0,2027
ECFP4+stereo,symmetry_equivalent,B,symmetry_equivalent_096,0.0,2027
ECFP4+stereo,symmetry_equivalent,B,symmetry_equivalent_097,0.0,2027
ECFP4+stereo,symmetry_equivalent,B,symmetry_equivalent_098,0.0,2027
ECFP4+stereo,symmetry_equivalent,B,symmetry_equivalent_099,0.0,2027
ECFP4+desc,stereo_flip,A,stereo_flip_000,0.24036479152881712,2233
ECFP4+desc,stereo_flip,A,stereo_flip_001,0.7145304184574554,2233
ECFP4+desc,stereo_flip,A,stereo_flip_002,0.8416822629128125,2233
ECFP4+desc,stereo_flip,A,stereo_flip_003,0.8698635621339424,2233
ECFP4+desc,stereo_flip,A,stereo_flip_004,0.5565614577976232,2233
ECFP4+desc,stereo_flip,A,stereo_flip_005,0.8205641601471119,2233
ECFP4+desc,stereo_flip,A,stereo_flip_006,0.5833329499815868,2233
ECFP4+desc,stereo_flip,A,stereo_flip_007,0.7852155300049632,2233
ECFP4+desc,stereo_flip,A,stereo_flip_008,0.7743116391169161,2233
ECFP4+desc,stereo_flip,A,stereo_flip_009,0.7562340416385698,2233
ECFP4+desc,stereo_flip,A,stereo_flip_010,0.7027120179066154,2233
ECFP4+desc,stereo_flip,A,stereo_flip_011,1.1159953953587325,2233
ECFP4+desc,stereo_flip,A,stereo_flip_012,0.5833329499815868,2233
ECFP4+desc,stereo_flip,A,stereo_flip_013,0.2633977256614816,2233
ECFP4+desc,stereo_flip,A,stereo_flip_014,0.7338147117525665,2233
ECFP4+desc,stereo_flip,A,stereo_flip_015,0.28653868364910823,2233
ECFP4+desc,stereo_flip,A,stereo_flip_016,0.20178373665473792,2233
ECFP4+desc,stereo_flip,A,stereo_flip_017,0.9094192257849631,2233
ECFP4+desc,stereo_flip,A,stereo_flip_018,0.6670585732142409,2233
ECFP4+desc,stereo_flip,A,stereo_flip_019,0.12951837621309945,2233
ECFP4+desc,stereo_flip,A,stereo_flip_020,0.3408564002633008,2233
ECFP4+desc,stereo_flip,A,stereo_flip_021,0.44420897058850817,2233
ECFP4+desc,stereo_flip,A,stereo_flip_022,0.7027317541453236,2233
ECFP4+desc,stereo_flip,A,stereo_flip_023,0.755933389433531,2233
ECFP4+desc,stereo_flip,A,stereo_flip_024,0.9643729455412915,2233
ECFP4+desc,stereo_flip,A,stereo_flip_025,0.5565614577976232,2233
ECFP4+desc,stereo_flip,A,stereo_flip_026,0.6176456251205914,2233
ECFP4+desc,stereo_flip,A,stereo_flip_027,0.5475585497656832,2233
ECFP4+desc,stereo_flip,A,stereo_flip_028,0.7147046185615732,2233
ECFP4+desc,stereo_flip,A,stereo_flip_029,0.6278244161644572,2233
ECFP4+desc,stereo_flip,A,stereo_flip_030,0.29290909949644744,2233
ECFP4+desc,stereo_flip,A,stereo_flip_031,0.6712095628415133,2233
ECFP4+desc,stereo_flip,A,stereo_flip_032,0.6177037795839541,2233
ECFP4+desc,stereo_flip,A,stereo_flip_033,0.3948641829563332,2233
ECFP4+desc,stereo_flip,A,stereo_flip_034,0.0,2233
ECFP4+desc,stereo_flip,A,stereo_flip_035,0.3408564002633008,2233
ECFP4+desc,stereo_flip,A,stereo_flip_036,0.7021616874346837,2233
ECFP4+desc,stereo_flip,A,stereo_flip_037,0.5265955509236881,2233
ECFP4+desc,stereo_flip,A,stereo_flip_038,0.5984918820673997,2233
ECFP4+desc,stereo_flip,A,stereo_flip_039,0.0,2233
ECFP4+desc,stereo_flip,A,stereo_flip_040,0.0,2233
ECFP4+desc,stereo_flip,A,stereo_flip_041,0.27718713022034613,2233
ECFP4+desc,stereo_flip,A,stereo_flip_042,0.895971416125332,2233
ECFP4+desc,stereo_flip,A,stereo_flip_043,0.5833329499815868,2233
ECFP4+desc,stereo_flip,A,stereo_flip_044,0.5442116606875622,2233
ECFP4+desc,stereo_flip,A,stereo_flip_045,0.0,2233
ECFP4+desc,stereo_flip,A,stereo_flip_046,0.1583091665800457,2233
ECFP4+desc,stereo_flip,A,stereo_flip_047,0.39083655493286323,2233
ECFP4+desc,stereo_flip,A,stereo_flip_048,0.6118807429708456,2233
ECFP4+desc,stereo_flip,A,stereo_flip_049,0.0,2233
ECFP4+desc,stereo_flip,A,stereo_flip_050,0.7253991415801665,2233
ECFP4+desc,stereo_flip,A,stereo_flip_051,0.0,2233
ECFP4+desc,stereo_flip,A,stereo_flip_052,0.6957259157644687,2233
ECFP4+desc,stereo_flip,A,stereo_flip_053,0.6082621672695293,2233
ECFP4+desc,stereo_flip,A,stereo_flip_054,0.8630143736371502,2233
ECFP4+desc,stereo_flip,A,stereo_flip_055,0.3906576726228737,2233
ECFP4+desc,stereo_flip,A,stereo_flip_056,0.0,2233
ECFP4+desc,stereo_flip,A,stereo_flip_057,0.48276005374207526,2233
ECFP4+desc,stereo_flip,A,stereo_flip_058,0.8758364531152693,2233
ECFP4+desc,stereo_flip,A,stereo_flip_059,0.6002752736491695,2233
ECFP4+desc,stereo_flip,A,stereo_flip_060,0.7216405737879721,2233
ECFP4+desc,stereo_flip,A,stereo_flip_061,0.6014565236945019,2233
ECFP4+desc,stereo_flip,A,stereo_flip_062,0.0900664598661863,2233
ECFP4+desc,stereo_flip,A,stereo_flip_063,1.0019096920080401,2233
ECFP4+desc,stereo_flip,A,stereo_flip_064,0.5692086862693448,2233
ECFP4+desc,stereo_flip,A,stereo_flip_065,0.6289802819339017,2233
ECFP4+desc,stereo_flip,A,stereo_flip_066,0.49465836483083286,2233
ECFP4+desc,stereo_flip,A,stereo_flip_067,0.6686589717410957,2233
ECFP4+desc,stereo_flip,A,stereo_flip_068,0.729511179259472,2233
ECFP4+desc,stereo_flip,A,stereo_flip_069,0.49249942984429196,2233
ECFP4+desc,stereo_flip,A,stereo_flip_070,0.8259842474697877,2233
ECFP4+desc,stereo_flip,A,stereo_flip_071,0.3520380872783752,2233
ECFP4+desc,stereo_flip,A,stereo_flip_072,0.7356921771027247,2233
ECFP4+desc,stereo_flip,A,stereo_flip_073,0.0,2233
ECFP4+desc,stereo_flip,A,stereo_flip_074,0.5345823582525374,2233
ECFP4+desc,stereo_flip,A,stereo_flip_075,0.5136894580924489,2233
ECFP4+desc,stereo_flip,A,stereo_flip_076,0.6707549129464633,2233
ECFP4+desc,stereo_flip,A,stereo_flip_077,0.0,2233
ECFP4+desc,stereo_flip,A,stereo_flip_078,0.7944374023721341,2233
ECFP4+desc,stereo_flip,A,stereo_flip_079,0.7484421450594627,2233
ECFP4+desc,stereo_flip,A,stereo_flip_080,0.767532548134572,2233
ECFP4+desc,stereo_flip,A,stereo_flip_081,0.8582375780541446,2233
ECFP4+desc,stereo_flip,A,stereo_flip_082,0.6275753396486086,2233
ECFP4+desc,stereo_flip,A,stereo_flip_083,0.845245202727125,2233
ECFP4+desc,stereo_flip,A,stereo_flip_084,0.2117473633772379,2233
ECFP4+desc,stereo_flip,A,stereo_flip_085,0.3298343840995627,2233
ECFP4+desc,stereo_flip,A,stereo_flip_086,0.9911677912884875,2233
ECFP4+desc,stereo_flip,A,stereo_flip_087,0.5833329499815868,2233
ECFP4+desc,stereo_flip,A,stereo_flip_088,0.8086263348939444,2233
ECFP4+desc,stereo_flip,A,stereo_flip_089,0.8555400132663317,2233
ECFP4+desc,stereo_flip,A,stereo_flip_090,0.8808819148033734,2233
ECFP4+desc,stereo_flip,A,stereo_flip_091,0.21994271003490046,2233
ECFP4+desc,stereo_flip,A,stereo_flip_092,0.0,2233
ECFP4+desc,stereo_flip,A,stereo_flip_093,0.8098005759558798,2233
ECFP4+desc,stereo_flip,A,stereo_flip_094,0.0,2233
ECFP4+desc,stereo_flip,A,stereo_flip_095,0.17117163160677407,2233
ECFP4+desc,stereo_flip,A,stereo_flip_096,0.8452592284958428,2233
ECFP4+desc,stereo_flip,A,stereo_flip_097,0.8582603218543965,2233
ECFP4+desc,stereo_flip,A,stereo_flip_098,0.40064787687506426,2233
ECFP4+desc,stereo_flip,A,stereo_flip_099,0.7998283684699004,2233
ECFP4+desc,ez_flip,A,ez_flip_000,0.9624952881489849,2233
ECFP4+desc,ez_flip,A,ez_flip_001,0.897598361940979,2233
ECFP4+desc,ez_flip,A,ez_flip_002,0.4800916269706714,2233
ECFP4+desc,ez_flip,A,ez_flip_003,1.03748542109863,2233
ECFP4+desc,ez_flip,A,ez_flip_004,0.9687171851759108,2233
ECFP4+desc,ez_flip,A,ez_flip_005,0.5545408001295798,2233
ECFP4+desc,ez_flip,A,ez_flip_006,0.4800916269706714,2233
ECFP4+desc,ez_flip,A,ez_flip_007,0.8138022341457505,2233
ECFP4+desc,ez_flip,A,ez_flip_008,0.897598361940979,2233
ECFP4+desc,ez_flip,A,ez_flip_009,0.9341145540376741,2233
ECFP4+desc,ez_flip,A,ez_flip_010,0.6223739928143047,2233
ECFP4+desc,ez_flip,A,ez_flip_011,0.771208283515353,2233
ECFP4+desc,ez_flip,A,ez_flip_012,0.9532957391161729,2233
ECFP4+desc,ez_flip,A,ez_flip_013,0.9060287588474745,2233
ECFP4+desc,ez_flip,A,ez_flip_014,1.1023447266095832,2233
ECFP4+desc,ez_flip,A,ez_flip_015,1.003960372717281,2233
ECFP4+desc,ez_flip,A,ez_flip_016,1.0327417718435186,2233
ECFP4+desc,ez_flip,A,ez_flip_017,0.8037847640733344,2233
ECFP4+desc,ez_flip,A,ez_flip_018,0.8425333756830135,2233
ECFP4+desc,ez_flip,A,ez_flip_019,0.9060287588474745,2233
ECFP4+desc,ez_flip,A,ez_flip_020,1.0609609582045685,2233
ECFP4+desc,ez_flip,A,ez_flip_021,1.0119829426401727,2233
ECFP4+desc,ez_flip,A,ez_flip_022,0.9760707653088053,2233
ECFP4+desc,ez_flip,A,ez_flip_023,0.8789551105577262,2233
ECFP4+desc,ez_flip,A,ez_flip_024,0.9938333108645884,2233
ECFP4+desc,ez_flip,A,ez_flip_025,1.061264219098759,2233
ECFP4+desc,ez_flip,A,ez_flip_026,1.0327417718435186,2233
ECFP4+desc,ez_flip,A,ez_flip_027,0.7786366458833127,2233
ECFP4+desc,ez_flip,A,ez_flip_028,0.9209711479681771,2233
ECFP4+desc,ez_flip,A,ez_flip_029,0.8741867218517636,2233
ECFP4+desc,ez_flip,A,ez_flip_030,0.7894682743973487,2233
ECFP4+desc,ez_flip,A,ez_flip_031,0.8013278825562943,2233
ECFP4+desc,ez_flip,A,ez_flip_032,1.0404964898797733,2233
ECFP4+desc,ez_flip,A,ez_flip_033,0.4800916269706714,2233
ECFP4+desc,ez_flip,A,ez_flip_034,0.8906041368458045,2233
ECFP4+desc,ez_flip,A,ez_flip_035,1.1637159834621398,2233
ECFP4+desc,ez_flip,A,ez_flip_036,0.7333057016307535,2233
ECFP4+desc,ez_flip,A,ez_flip_037,0.9657113183676297,2233
ECFP4+desc,ez_flip,A,ez_flip_038,1.1941478944086272,2233
ECFP4+desc,ez_flip,A,ez_flip_039,0.9196524203426741,2233
ECFP4+desc,ez_flip,A,ez_flip_040,1.1486888424221189,2233
ECFP4+desc,ez_flip,A,ez_flip_041,0.7361290073113808,2233
ECFP4+desc,ez_flip,A,ez_flip_042,0.7779167025045719,2233
ECFP4+desc,ez_flip,A,ez_flip_043,1.0899857887673192,2233
ECFP4+desc,ez_flip,A,ez_flip_044,1.0652339206533734,2233
ECFP4+desc,ez_flip,A,ez_flip_045,0.908582150874601,2233
ECFP4+desc,ez_flip,A,ez_flip_046,0.8227469049376169,2233
ECFP4+desc,ez_flip,A,ez_flip_047,0.8063033742029136,2233
ECFP4+desc,ez_flip,A,ez_flip_048,1.095358694134228,2233
ECFP4+desc,ez_flip,A,ez_flip_049,0.8179710665206537,2233
ECFP4+desc,ez_flip,A,ez_flip_050,0.9119922098016455,2233
ECFP4+desc,ez_flip,A,ez_flip_051,1.1766046580023606,2233
ECFP4+desc,ez_flip,A,ez_flip_052,0.9694966586857162,2233
ECFP4+desc,ez_flip,A,ez_flip_053,0.7174559347697768,2233
ECFP4+desc,ez_flip,A,ez_flip_054,0.9254562374882926,2233
ECFP4+desc,ez_flip,A,ez_flip_055,0.5201577376668362,2233
ECFP4+desc,ez_flip,A,ez_flip_056,0.5070945867895665,2233
ECFP4+desc,ez_flip,A,ez_flip_057,1.0701469249456044,2233
ECFP4+desc,ez_flip,A,ez_flip_058,0.7580441962736864,2233
ECFP4+desc,ez_flip,A,ez_flip_059,0.6166468545665094,2233
ECFP4+desc,ez_flip,A,ez_flip_060,1.1498624771882602,2233
ECFP4+desc,ez_flip,A,ez_flip_061,1.399828628394698,2233
ECFP4+desc,ez_flip,A,ez_flip_062,0.6897406442451128,2233
ECFP4+desc,ez_flip,A,ez_flip_063,0.830636810476894,2233
ECFP4+desc,ez_flip,A,ez_flip_064,1.0712312858208333,2233
ECFP4+desc,ez_flip,A,ez_flip_065,0.8663597206231153,2233
ECFP4+desc,ez_flip,A,ez_flip_066,0.9320324311645556,2233
ECFP4+desc,ez_flip,A,ez_flip_067,0.9772745580995705,2233
ECFP4+desc,ez_flip,A,ez_flip_068,0.8503313249758484,2233
ECFP4+desc,ez_flip,A,ez_flip_069,0.9938333108645884,2233
ECFP4+desc,ez_flip,A,ez_flip_070,0.7839193632784217,2233
ECFP4+desc,ez_flip,A,ez_flip_071,0.8328314118024529,2233
ECFP4+desc,ez_flip,A,ez_flip_072,1.1023447266095832,2233
ECFP4+desc,ez_flip,A,ez_flip_073,0.9660729677382446,2233
ECFP4+desc,ez_flip,A,ez_flip_074,0.8741867218517636,2233
ECFP4+desc,ez_flip,A,ez_flip_075,1.1534105287620298,2233
ECFP4+desc,ez_flip,A,ez_flip_076,1.1023447266095832,2233
ECFP4+desc,ez_flip,A,ez_flip_077,0.6938960427218104,2233
ECFP4+desc,ez_flip,A,ez_flip_078,0.8181336217760156,2233
ECFP4+desc,ez_flip,A,ez_flip_079,0.528227704290066,2233
ECFP4+desc,ez_flip,A,ez_flip_080,0.9254562374882926,2233
ECFP4+desc,ez_flip,A,ez_flip_081,0.8181336217760156,2233
ECFP4+desc,ez_flip,A,ez_flip_082,1.1023447266095832,2233
ECFP4+desc,ez_flip,A,ez_flip_083,0.6979923323953721,2233
ECFP4+desc,ez_flip,A,ez_flip_084,0.7278909596263485,2233
ECFP4+desc,ez_flip,A,ez_flip_085,0.9872615731783877,2233
ECFP4+desc,ez_flip,A,ez_flip_086,0.8005535642731726,2233
ECFP4+desc,ez_flip,A,ez_flip_087,0.9572963364043093,2233
ECFP4+desc,ez_flip,A,ez_flip_088,1.0701469249456044,2233
ECFP4+desc,ez_flip,A,ez_flip_089,0.49253575366948055,2233
ECFP4+desc,ez_flip,A,ez_flip_090,0.8364668194186609,2233
ECFP4+desc,ez_flip,A,ez_flip_091,0.9994761861916296,2233
ECFP4+desc,ez_flip,A,ez_flip_092,0.9616951829429072,2233
ECFP4+desc,ez_flip,A,ez_flip_093,0.4800916269706714,2233
ECFP4+desc,ez_flip,A,ez_flip_094,0.9869850003617523,2233
ECFP4+desc,ez_flip,A,ez_flip_095,0.7754750341537047,2233
ECFP4+desc,ez_flip,A,ez_flip_096,0.4800916269706714,2233
ECFP4+desc,ez_flip,A,ez_flip_097,0.9179254362124862,2233
ECFP4+desc,ez_flip,A,ez_flip_098,0.8741867218517636,2233
ECFP4+desc,ez_flip,A,ez_flip_099,0.528227704290066,2233
ECFP4+desc,c_to_n,A,c_to_n_000,0.9286449720402792,2233
ECFP4+desc,c_to_n,A,c_to_n_001,0.5514623442326284,2233
ECFP4+desc,c_to_n,A,c_to_n_002,0.740931444199477,2233
ECFP4+desc,c_to_n,A,c_to_n_003,0.6868812514353011,2233
ECFP4+desc,c_to_n,A,c_to_n_004,0.5740744333093183,2233
ECFP4+desc,c_to_n,A,c_to_n_005,0.8503348734438403,2233
ECFP4+desc,c_to_n,A,c_to_n_006,1.0757922069461208,2233
ECFP4+desc,c_to_n,A,c_to_n_007,0.675431762402235,2233
ECFP4+desc,c_to_n,A,c_to_n_008,0.6031109841073818,2233
ECFP4+desc,c_to_n,A,c_to_n_009,0.5015847533717521,2233
ECFP4+desc,c_to_n,A,c_to_n_010,0.5740741690700361,2233
ECFP4+desc,c_to_n,A,c_to_n_011,0.6119258138220087,2233
ECFP4+desc,c_to_n,A,c_to_n_012,0.6563403995400324,2233
ECFP4+desc,c_to_n,A,c_to_n_013,0.43494648630573945,2233
ECFP4+desc,c_to_n,A,c_to_n_014,0.5635092070234098,2233
ECFP4+desc,c_to_n,A,c_to_n_015,0.6184139919498044,2233
ECFP4+desc,c_to_n,A,c_to_n_016,0.821915460437863,2233
ECFP4+desc,c_to_n,A,c_to_n_017,0.7945916214963784,2233
ECFP4+desc,c_to_n,A,c_to_n_018,0.915695445108423,2233
ECFP4+desc,c_to_n,A,c_to_n_019,1.085632166120979,2233
ECFP4+desc,c_to_n,A,c_to_n_020,0.7826703444937161,2233
ECFP4+desc,c_to_n,A,c_to_n_021,0.8471220877937817,2233
ECFP4+desc,c_to_n,A,c_to_n_022,0.9746724588671212,2233
ECFP4+desc,c_to_n,A,c_to_n_023,0.7833346192083351,2233
ECFP4+desc,c_to_n,A,c_to_n_024,0.5717853471143027,2233
ECFP4+desc,c_to_n,A,c_to_n_025,0.6953516395240914,2233
ECFP4+desc,c_to_n,A,c_to_n_026,0.6538506090606111,2233
ECFP4+desc,c_to_n,A,c_to_n_027,0.781751820277802,2233
ECFP4+desc,c_to_n,A,c_to_n_028,0.5304309071112393,2233
ECFP4+desc,c_to_n,A,c_to_n_029,0.7365510522461558,2233
ECFP4+desc,c_to_n,A,c_to_n_030,0.7022127717717087,2233
ECFP4+desc,c_to_n,A,c_to_n_031,0.7131067478264281,2233
ECFP4+desc,c_to_n,A,c_to_n_032,0.5611822921465115,2233
ECFP4+desc,c_to_n,A,c_to_n_033,0.6100938700477829,2233
ECFP4+desc,c_to_n,A,c_to_n_034,0.6703967981239831,2233
ECFP4+desc,c_to_n,A,c_to_n_035,0.8068146779418834,2233
ECFP4+desc,c_to_n,A,c_to_n_036,0.862582200080555,2233
ECFP4+desc,c_to_n,A,c_to_n_037,0.44418616469852124,2233
ECFP4+desc,c_to_n,A,c_to_n_038,0.973243695623103,2233
ECFP4+desc,c_to_n,A,c_to_n_039,1.0005716582194837,2233
ECFP4+desc,c_to_n,A,c_to_n_040,0.79448628414204,2233
ECFP4+desc,c_to_n,A,c_to_n_041,0.5225043340850029,2233
ECFP4+desc,c_to_n,A,c_to_n_042,0.7323201445313646,2233
ECFP4+desc,c_to_n,A,c_to_n_043,0.5966624867715921,2233
ECFP4+desc,c_to_n,A,c_to_n_044,0.9737580355469624,2233
ECFP4+desc,c_to_n,A,c_to_n_045,0.6690443572983361,2233
ECFP4+desc,c_to_n,A,c_to_n_046,0.773951175802368,2233
ECFP4+desc,c_to_n,A,c_to_n_047,0.9065786100807817,2233
ECFP4+desc,c_to_n,A,c_to_n_048,0.6884946037913631,2233
ECFP4+desc,c_to_n,A,c_to_n_049,0.6958671022523626,2233
ECFP4+desc,c_to_n,A,c_to_n_050,0.8282506184078394,2233
ECFP4+desc,c_to_n,A,c_to_n_051,0.7248420683676388,2233
ECFP4+desc,c_to_n,A,c_to_n_052,0.7771226451746014,2233
ECFP4+desc,c_to_n,A,c_to_n_053,0.6681711876613636,2233
ECFP4+desc,c_to_n,A,c_to_n_054,0.6340220140479353,2233
ECFP4+desc,c_to_n,A,c_to_n_055,0.6890651178184285,2233
ECFP4+desc,c_to_n,A,c_to_n_056,0.6475330070682089,2233
ECFP4+desc,c_to_n,A,c_to_n_057,0.5478676969315446,2233
ECFP4+desc,c_to_n,A,c_to_n_058,0.5095545680652601,2233
ECFP4+desc,c_to_n,A,c_to_n_059,0.7213656288670017,2233
ECFP4+desc,c_to_n,A,c_to_n_060,0.6754633278459116,2233
ECFP4+desc,c_to_n,A,c_to_n_061,1.0398244651800677,2233
ECFP4+desc,c_to_n,A,c_to_n_062,0.7099010373911016,2233
ECFP4+desc,c_to_n,A,c_to_n_063,0.7662884661098177,2233
ECFP4+desc,c_to_n,A,c_to_n_064,0.4328212650564434,2233
ECFP4+desc,c_to_n,A,c_to_n_065,0.533197012459382,2233
ECFP4+desc,c_to_n,A,c_to_n_066,0.5300350596103441,2233
ECFP4+desc,c_to_n,A,c_to_n_067,0.6183495619726885,2233
ECFP4+desc,c_to_n,A,c_to_n_068,0.9536703942733087,2233
ECFP4+desc,c_to_n,A,c_to_n_069,0.8336792495323769,2233
ECFP4+desc,c_to_n,A,c_to_n_070,0.49299801331384085,2233
ECFP4+desc,c_to_n,A,c_to_n_071,0.6574861475807017,2233
ECFP4+desc,c_to_n,A,c_to_n_072,0.7281274381041906,2233
ECFP4+desc,c_to_n,A,c_to_n_073,0.6880207216442037,2233
ECFP4+desc,c_to_n,A,c_to_n_074,0.6067702918007956,2233
ECFP4+desc,c_to_n,A,c_to_n_075,0.8808963284108514,2233
ECFP4+desc,c_to_n,A,c_to_n_076,1.0207733958200058,2233
ECFP4+desc,c_to_n,A,c_to_n_077,0.8922811748896796,2233
ECFP4+desc,c_to_n,A,c_to_n_078,0.8452283137865501,2233
ECFP4+desc,c_to_n,A,c_to_n_079,0.5610914839415322,2233
ECFP4+desc,c_to_n,A,c_to_n_080,0.6420743751978142,2233
ECFP4+desc,c_to_n,A,c_to_n_081,0.7469047176896962,2233
ECFP4+desc,c_to_n,A,c_to_n_082,0.5997900299053209,2233
ECFP4+desc,c_to_n,A,c_to_n_083,0.8088316368054091,2233
ECFP4+desc,c_to_n,A,c_to_n_084,0.7730582528087071,2233
ECFP4+desc,c_to_n,A,c_to_n_085,0.4411475670667746,2233
ECFP4+desc,c_to_n,A,c_to_n_086,0.6887873642315111,2233
ECFP4+desc,c_to_n,A,c_to_n_087,0.7511354209334314,2233
ECFP4+desc,c_to_n,A,c_to_n_088,0.7575505174283799,2233
ECFP4+desc,c_to_n,A,c_to_n_089,0.8133629886288484,2233
ECFP4+desc,c_to_n,A,c_to_n_090,0.6746315625639467,2233
ECFP4+desc,c_to_n,A,c_to_n_091,0.6649480201435102,2233
ECFP4+desc,c_to_n,A,c_to_n_092,0.6200520830442451,2233
ECFP4+desc,c_to_n,A,c_to_n_093,0.5323844634703356,2233
ECFP4+desc,c_to_n,A,c_to_n_094,0.7196714233699705,2233
ECFP4+desc,c_to_n,A,c_to_n_095,0.6906642702987947,2233
ECFP4+desc,c_to_n,A,c_to_n_096,1.1654048964978927,2233
ECFP4+desc,c_to_n,A,c_to_n_097,0.27546820259695637,2233
ECFP4+desc,c_to_n,A,c_to_n_098,0.6711163679240394,2233
ECFP4+desc,c_to_n,A,c_to_n_099,0.5468988560490322,2233
ECFP4+desc,add_methyl,A,add_methyl_000,0.7560068714655062,2233
ECFP4+desc,add_methyl,A,add_methyl_001,0.573250406952665,2233
ECFP4+desc,add_methyl,A,add_methyl_002,0.7288918524286279,2233
ECFP4+desc,add_methyl,A,add_methyl_003,0.5796757508146633,2233
ECFP4+desc,add_methyl,A,add_methyl_004,0.6332306436986608,2233
ECFP4+desc,add_methyl,A,add_methyl_005,0.7927112520515559,2233
ECFP4+desc,add_methyl,A,add_methyl_006,0.6571341536157834,2233
ECFP4+desc,add_methyl,A,add_methyl_007,0.5981100935635162,2233
ECFP4+desc,add_methyl,A,add_methyl_008,0.6742361183649987,2233
ECFP4+desc,add_methyl,A,add_methyl_009,1.0692558194726782,2233
ECFP4+desc,add_methyl,A,add_methyl_010,0.40244939089471404,2233
ECFP4+desc,add_methyl,A,add_methyl_011,0.6746770241402232,2233
ECFP4+desc,add_methyl,A,add_methyl_012,0.5259534724352476,2233
ECFP4+desc,add_methyl,A,add_methyl_013,0.4428673894216529,2233
ECFP4+desc,add_methyl,A,add_methyl_014,0.7443199031885172,2233
ECFP4+desc,add_methyl,A,add_methyl_015,0.7352536986024332,2233
ECFP4+desc,add_methyl,A,add_methyl_016,0.5910736049835906,2233
ECFP4+desc,add_methyl,A,add_methyl_017,0.4681022617786859,2233
ECFP4+desc,add_methyl,A,add_methyl_018,0.46681954711585516,2233
ECFP4+desc,add_methyl,A,add_methyl_019,1.0611411700169242,2233
ECFP4+desc,add_methyl,A,add_methyl_020,0.9551811959075561,2233
ECFP4+desc,add_methyl,A,add_methyl_021,0.4757023250215027,2233
ECFP4+desc,add_methyl,A,add_methyl_022,0.5792296521231529,2233
ECFP4+desc,add_methyl,A,add_methyl_023,0.7999761269266447,2233
ECFP4+desc,add_methyl,A,add_methyl_024,0.639833906055276,2233
ECFP4+desc,add_methyl,A,add_methyl_025,0.5252443534205906,2233
ECFP4+desc,add_methyl,A,add_methyl_026,0.7610176746990656,2233
ECFP4+desc,add_methyl,A,add_methyl_027,0.8024139777860445,2233
ECFP4+desc,add_methyl,A,add_methyl_028,0.5341238358255239,2233
ECFP4+desc,add_methyl,A,add_methyl_029,0.8098173438631452,2233
ECFP4+desc,add_methyl,A,add_methyl_030,0.5659979832647158,2233
ECFP4+desc,add_methyl,A,add_methyl_031,0.780114503873143,2233
ECFP4+desc,add_methyl,A,add_methyl_032,0.6874520934900429,2233
ECFP4+desc,add_methyl,A,add_methyl_033,0.8120883309116569,2233
ECFP4+desc,add_methyl,A,add_methyl_034,0.6392637805268705,2233
ECFP4+desc,add_methyl,A,add_methyl_035,0.7754063541940238,2233
ECFP4+desc,add_methyl,A,add_methyl_036,0.5825330824985356,2233
ECFP4+desc,add_methyl,A,add_methyl_037,0.4172927705627939,2233
ECFP4+desc,add_methyl,A,add_methyl_038,0.5753039591463971,2233
ECFP4+desc,add_methyl,A,add_methyl_039,0.841086493589952,2233
ECFP4+desc,add_methyl,A,add_methyl_040,0.6054271932016421,2233
ECFP4+desc,add_methyl,A,add_methyl_041,0.6798437670074502,2233
ECFP4+desc,add_methyl,A,add_methyl_042,0.8306269238460668,2233
ECFP4+desc,add_methyl,A,add_methyl_043,0.6583781376250292,2233
ECFP4+desc,add_methyl,A,add_methyl_044,1.1455899455838063,2233
ECFP4+desc,add_methyl,A,add_methyl_045,0.6928272076567268,2233
ECFP4+desc,add_methyl,A,add_methyl_046,0.8739257312317558,2233
ECFP4+desc,add_methyl,A,add_methyl_047,0.5695812935202541,2233
ECFP4+desc,add_methyl,A,add_methyl_048,0.7832660720255769,2233
ECFP4+desc,add_methyl,A,add_methyl_049,0.601252963775823,2233
ECFP4+desc,add_methyl,A,add_methyl_050,0.8183806189444325,2233
ECFP4+desc,add_methyl,A,add_methyl_051,0.8947360467420178,2233
ECFP4+desc,add_methyl,A,add_methyl_052,0.7403239646219457,2233
ECFP4+desc,add_methyl,A,add_methyl_053,0.9797528718496089,2233
ECFP4+desc,add_methyl,A,add_methyl_054,0.8924943952118268,2233
ECFP4+desc,add_methyl,A,add_methyl_055,0.7935999481932207,2233
ECFP4+desc,add_methyl,A,add_methyl_056,0.8738198739024781,2233
ECFP4+desc,add_methyl,A,add_methyl_057,0.6122636038287146,2233
ECFP4+desc,add_methyl,A,add_methyl_058,0.4903279320198359,2233
ECFP4+desc,add_methyl,A,add_methyl_059,0.9903900446689196,2233
ECFP4+desc,add_methyl,A,add_methyl_060,0.619245673543129,2233
ECFP4+desc,add_methyl,A,add_methyl_061,1.2259210092703519,2233
ECFP4+desc,add_methyl,A,add_methyl_062,0.6940542790944341,2233
ECFP4+desc,add_methyl,A,add_methyl_063,0.714110060171037,2233
ECFP4+desc,add_methyl,A,add_methyl_064,0.3792391220648813,2233
ECFP4+desc,add_methyl,A,add_methyl_065,0.3999618166300618,2233
ECFP4+desc,add_methyl,A,add_methyl_066,0.7253172444335914,2233
ECFP4+desc,add_methyl,A,add_methyl_067,0.6030116890816335,2233
ECFP4+desc,add_methyl,A,add_methyl_068,0.796404298379969,2233
ECFP4+desc,add_methyl,A,add_methyl_069,0.5751313886845022,2233
ECFP4+desc,add_methyl,A,add_methyl_070,0.6797254212263454,2233
ECFP4+desc,add_methyl,A,add_methyl_071,0.7828880842123537,2233
ECFP4+desc,add_methyl,A,add_methyl_072,0.5449662102176442,2233
ECFP4+desc,add_methyl,A,add_methyl_073,0.7399442786369218,2233
ECFP4+desc,add_methyl,A,add_methyl_074,0.5345845221710379,2233
ECFP4+desc,add_methyl,A,add_methyl_075,0.7921287389190976,2233
ECFP4+desc,add_methyl,A,add_methyl_076,0.6890006963434187,2233
ECFP4+desc,add_methyl,A,add_methyl_077,0.849086654955849,2233
ECFP4+desc,add_methyl,A,add_methyl_078,0.8066318385783495,2233
ECFP4+desc,add_methyl,A,add_methyl_079,0.6829014152705786,2233
ECFP4+desc,add_methyl,A,add_methyl_080,0.7415041169618377,2233
ECFP4+desc,add_methyl,A,add_methyl_081,0.6818196117768148,2233
ECFP4+desc,add_methyl,A,add_methyl_082,0.5035295411177649,2233
ECFP4+desc,add_methyl,A,add_methyl_083,0.8439984367081663,2233
ECFP4+desc,add_methyl,A,add_methyl_084,0.6890107717034399,2233
ECFP4+desc,add_methyl,A,add_methyl_085,0.5470615415098282,2233
ECFP4+desc,add_methyl,A,add_methyl_086,0.7259103712488439,2233
ECFP4+desc,add_methyl,A,add_methyl_087,0.7224286899322739,2233
ECFP4+desc,add_methyl,A,add_methyl_088,0.4868313473341055,2233
ECFP4+desc,add_methyl,A,add_methyl_089,0.818497317352701,2233
ECFP4+desc,add_methyl,A,add_methyl_090,0.40278263652225266,2233
ECFP4+desc,add_methyl,A,add_methyl_091,0.7444779599808204,2233
ECFP4+desc,add_methyl,A,add_methyl_092,0.6464292270232553,2233
ECFP4+desc,add_methyl,A,add_methyl_093,0.46730539383455383,2233
ECFP4+desc,add_methyl,A,add_methyl_094,0.696187385344365,2233
ECFP4+desc,add_methyl,A,add_methyl_095,0.5632713938296681,2233
ECFP4+desc,add_methyl,A,add_methyl_096,1.0254588372010276,2233
ECFP4+desc,add_methyl,A,add_methyl_097,0.2640653821273057,2233
ECFP4+desc,add_methyl,A,add_methyl_098,0.8960481841502969,2233
ECFP4+desc,add_methyl,A,add_methyl_099,0.3830343494444983,2233
ECFP4+desc,add_fluorine,A,add_fluorine_000,0.8252356601964848,2233
ECFP4+desc,add_fluorine,A,add_fluorine_001,0.46431189152516505,2233
ECFP4+desc,add_fluorine,A,add_fluorine_002,0.6711289237215436,2233
ECFP4+desc,add_fluorine,A,add_fluorine_003,0.6553364850677544,2233
ECFP4+desc,add_fluorine,A,add_fluorine_004,0.6200619631845214,2233
ECFP4+desc,add_fluorine,A,add_fluorine_005,0.7450885497512588,2233
ECFP4+desc,add_fluorine,A,add_fluorine_006,0.7161442281284479,2233
ECFP4+desc,add_fluorine,A,add_fluorine_007,0.7676260869849915,2233
ECFP4+desc,add_fluorine,A,add_fluorine_008,0.632206859301753,2233
ECFP4+desc,add_fluorine,A,add_fluorine_009,1.0696754012604124,2233
ECFP4+desc,add_fluorine,A,add_fluorine_010,0.45336619470037887,2233
ECFP4+desc,add_fluorine,A,add_fluorine_011,0.5800608677616814,2233
ECFP4+desc,add_fluorine,A,add_fluorine_012,0.535974313704048,2233
ECFP4+desc,add_fluorine,A,add_fluorine_013,0.4664615096578995,2233
ECFP4+desc,add_fluorine,A,add_fluorine_014,0.4969610190548396,2233
ECFP4+desc,add_fluorine,A,add_fluorine_015,0.7757926213953656,2233
ECFP4+desc,add_fluorine,A,add_fluorine_016,0.6398163083862588,2233
ECFP4+desc,add_fluorine,A,add_fluorine_017,0.44135465130231655,2233
ECFP4+desc,add_fluorine,A,add_fluorine_018,0.5232591107423767,2233
ECFP4+desc,add_fluorine,A,add_fluorine_019,1.1383805350615117,2233
ECFP4+desc,add_fluorine,A,add_fluorine_020,0.6711177278373268,2233
ECFP4+desc,add_fluorine,A,add_fluorine_021,0.4811854685812145,2233
ECFP4+desc,add_fluorine,A,add_fluorine_022,0.5765248580284551,2233
ECFP4+desc,add_fluorine,A,add_fluorine_023,0.6156644793872299,2233
ECFP4+desc,add_fluorine,A,add_fluorine_024,0.777327535714604,2233
ECFP4+desc,add_fluorine,A,add_fluorine_025,0.5848020408463938,2233
ECFP4+desc,add_fluorine,A,add_fluorine_026,0.7086481749520455,2233
ECFP4+desc,add_fluorine,A,add_fluorine_027,0.5576552231796519,2233
ECFP4+desc,add_fluorine,A,add_fluorine_028,0.4432922053383107,2233
ECFP4+desc,add_fluorine,A,add_fluorine_029,0.7094034203431856,2233
ECFP4+desc,add_fluorine,A,add_fluorine_030,0.5966788158973706,2233
ECFP4+desc,add_fluorine,A,add_fluorine_031,0.7601305314011418,2233
ECFP4+desc,add_fluorine,A,add_fluorine_032,0.6259495066921815,2233
ECFP4+desc,add_fluorine,A,add_fluorine_033,0.8412517746480477,2233
ECFP4+desc,add_fluorine,A,add_fluorine_034,0.6086764784368243,2233
ECFP4+desc,add_fluorine,A,add_fluorine_035,0.7283773181569891,2233
ECFP4+desc,add_fluorine,A,add_fluorine_036,0.7400876999439994,2233
ECFP4+desc,add_fluorine,A,add_fluorine_037,0.4802105059858635,2233
ECFP4+desc,add_fluorine,A,add_fluorine_038,0.5740390244120619,2233
ECFP4+desc,add_fluorine,A,add_fluorine_039,0.8306770105612877,2233
ECFP4+desc,add_fluorine,A,add_fluorine_040,0.5350736673673411,2233
ECFP4+desc,add_fluorine,A,add_fluorine_041,0.6435432590661769,2233
ECFP4+desc,add_fluorine,A,add_fluorine_042,0.5863472682173929,2233
ECFP4+desc,add_fluorine,A,add_fluorine_043,0.4933965733029584,2233
ECFP4+desc,add_fluorine,A,add_fluorine_044,1.1010613049848426,2233
ECFP4+desc,add_fluorine,A,add_fluorine_045,0.7021002177592963,2233
ECFP4+desc,add_fluorine,A,add_fluorine_046,1.0882443139041362,2233
ECFP4+desc,add_fluorine,A,add_fluorine_047,0.5737879038441371,2233
ECFP4+desc,add_fluorine,A,add_fluorine_048,0.7175540765967701,2233
ECFP4+desc,add_fluorine,A,add_fluorine_049,0.6640628608515057,2233
ECFP4+desc,add_fluorine,A,add_fluorine_050,0.8467064019087293,2233
ECFP4+desc,add_fluorine,A,add_fluorine_051,0.9208518941994525,2233
ECFP4+desc,add_fluorine,A,add_fluorine_052,0.9667152117360787,2233
ECFP4+desc,add_fluorine,A,add_fluorine_053,0.6554214669490838,2233
ECFP4+desc,add_fluorine,A,add_fluorine_054,0.6069025389595841,2233
ECFP4+desc,add_fluorine,A,add_fluorine_055,0.8598964632625675,2233
ECFP4+desc,add_fluorine,A,add_fluorine_056,0.7292528186470517,2233
ECFP4+desc,add_fluorine,A,add_fluorine_057,0.5326602507795666,2233
ECFP4+desc,add_fluorine,A,add_fluorine_058,0.5758629241818314,2233
ECFP4+desc,add_fluorine,A,add_fluorine_059,1.057095977342424,2233
ECFP4+desc,add_fluorine,A,add_fluorine_060,0.7527522991566559,2233
ECFP4+desc,add_fluorine,A,add_fluorine_061,1.036581886115992,2233
ECFP4+desc,add_fluorine,A,add_fluorine_062,0.8286102519885983,2233
ECFP4+desc,add_fluorine,A,add_fluorine_063,0.7132455621514971,2233
ECFP4+desc,add_fluorine,A,add_fluorine_064,0.4496638629476322,2233
ECFP4+desc,add_fluorine,A,add_fluorine_065,0.49387533015824164,2233
ECFP4+desc,add_fluorine,A,add_fluorine_066,0.6903587901788157,2233
ECFP4+desc,add_fluorine,A,add_fluorine_067,0.5580366429054832,2233
ECFP4+desc,add_fluorine,A,add_fluorine_068,0.8096062181329048,2233
ECFP4+desc,add_fluorine,A,add_fluorine_069,0.6260094994811775,2233
ECFP4+desc,add_fluorine,A,add_fluorine_070,0.6502107964852235,2233
ECFP4+desc,add_fluorine,A,add_fluorine_071,0.8315315661840259,2233
ECFP4+desc,add_fluorine,A,add_fluorine_072,0.6104222907789866,2233
ECFP4+desc,add_fluorine,A,add_fluorine_073,0.9128427475837827,2233
ECFP4+desc,add_fluorine,A,add_fluorine_074,0.5616776224801101,2233
ECFP4+desc,add_fluorine,A,add_fluorine_075,0.6656458805238002,2233
ECFP4+desc,add_fluorine,A,add_fluorine_076,0.8623510849209405,2233
ECFP4+desc,add_fluorine,A,add_fluorine_077,0.8330296157275296,2233
ECFP4+desc,add_fluorine,A,add_fluorine_078,0.7476778479283454,2233
ECFP4+desc,add_fluorine,A,add_fluorine_079,0.6951702281024159,2233
ECFP4+desc,add_fluorine,A,add_fluorine_080,0.7315401414679826,2233
ECFP4+desc,add_fluorine,A,add_fluorine_081,0.7037548659259573,2233
ECFP4+desc,add_fluorine,A,add_fluorine_082,0.6370603037144241,2233
ECFP4+desc,add_fluorine,A,add_fluorine_083,0.7471176930257423,2233
ECFP4+desc,add_fluorine,A,add_fluorine_084,0.7454079518832099,2233
ECFP4+desc,add_fluorine,A,add_fluorine_085,0.5636025141719293,2233
ECFP4+desc,add_fluorine,A,add_fluorine_086,0.831425295970485,2233
ECFP4+desc,add_fluorine,A,add_fluorine_087,0.8443740796022409,2233
ECFP4+desc,add_fluorine,A,add_fluorine_088,0.5924994376792924,2233
ECFP4+desc,add_fluorine,A,add_fluorine_089,0.8366441020196336,2233
ECFP4+desc,add_fluorine,A,add_fluorine_090,0.469167187727096,2233
ECFP4+desc,add_fluorine,A,add_fluorine_091,0.7000114683522755,2233
ECFP4+desc,add_fluorine,A,add_fluorine_092,0.7442071279660143,2233
ECFP4+desc,add_fluorine,A,add_fluorine_093,0.5143834755058081,2233
ECFP4+desc,add_fluorine,A,add_fluorine_094,0.6154335959887157,2233
ECFP4+desc,add_fluorine,A,add_fluorine_095,0.8518966875596504,2233
ECFP4+desc,add_fluorine,A,add_fluorine_096,1.108936963218544,2233
ECFP4+desc,add_fluorine,A,add_fluorine_097,0.222996873222518,2233
ECFP4+desc,add_fluorine,A,add_fluorine_098,0.845709119248568,2233
ECFP4+desc,add_fluorine,A,add_fluorine_099,0.4168805405909638,2233
ECFP4+desc,isotope_13c,A,isotope_13c_000,0.006143436573491104,2233
ECFP4+desc,isotope_13c,A,isotope_13c_001,0.00020158748533355232,2233
ECFP4+desc,isotope_13c,A,isotope_13c_002,0.009405091171235183,2233
ECFP4+desc,isotope_13c,A,isotope_13c_003,0.009610061871837224,2233
ECFP4+desc,isotope_13c,A,isotope_13c_004,0.004630293546109581,2233
ECFP4+desc,isotope_13c,A,isotope_13c_005,0.00603672995520977,2233
ECFP4+desc,isotope_13c,A,isotope_13c_006,0.011474915737679059,2233
ECFP4+desc,isotope_13c,A,isotope_13c_007,0.0046838911937942505,2233
ECFP4+desc,isotope_13c,A,isotope_13c_008,0.00021617066028603482,2233
ECFP4+desc,isotope_13c,A,isotope_13c_009,0.003549336367640788,2233
ECFP4+desc,isotope_13c,A,isotope_13c_010,0.03165225594874677,2233
ECFP4+desc,isotope_13c,A,isotope_13c_011,0.031808339166408454,2233
ECFP4+desc,isotope_13c,A,isotope_13c_012,0.004572245216491717,2233
ECFP4+desc,isotope_13c,A,isotope_13c_013,0.011451745966348004,2233
ECFP4+desc,isotope_13c,A,isotope_13c_014,0.010795678399963978,2233
ECFP4+desc,isotope_13c,A,isotope_13c_015,0.004866902816463662,2233
ECFP4+desc,isotope_13c,A,isotope_13c_016,0.004499595100375085,2233
ECFP4+desc,isotope_13c,A,isotope_13c_017,0.5345252608360407,2233
ECFP4+desc,isotope_13c,A,isotope_13c_018,0.0063104844612434305,2233
ECFP4+desc,isotope_13c,A,isotope_13c_019,0.0017347441511367748,2233
ECFP4+desc,isotope_13c,A,isotope_13c_020,0.004635299718247347,2233
ECFP4+desc,isotope_13c,A,isotope_13c_021,0.6111032456460939,2233
ECFP4+desc,isotope_13c,A,isotope_13c_022,0.0029971387618917397,2233
ECFP4+desc,isotope_13c,A,isotope_13c_023,0.004636146688379865,2233
ECFP4+desc,isotope_13c,A,isotope_13c_024,0.0029063449366772,2233
ECFP4+desc,isotope_13c,A,isotope_13c_025,0.014118453820838832,2233
ECFP4+desc,isotope_13c,A,isotope_13c_026,0.03161857030610895,2233
ECFP4+desc,isotope_13c,A,isotope_13c_027,0.010788243305132525,2233
ECFP4+desc,isotope_13c,A,isotope_13c_028,0.0036046153619684975,2233
ECFP4+desc,isotope_13c,A,isotope_13c_029,0.7852201816786546,2233
ECFP4+desc,isotope_13c,A,isotope_13c_030,0.005950196899030676,2233
ECFP4+desc,isotope_13c,A,isotope_13c_031,0.0151816824866174,2233
ECFP4+desc,isotope_13c,A,isotope_13c_032,0.005100795947312126,2233
ECFP4+desc,isotope_13c,A,isotope_13c_033,0.003430443690677907,2233
ECFP4+desc,isotope_13c,A,isotope_13c_034,0.005801661341620222,2233
ECFP4+desc,isotope_13c,A,isotope_13c_035,0.0015282534753522487,2233
ECFP4+desc,isotope_13c,A,isotope_13c_036,0.0034834111616567943,2233
ECFP4+desc,isotope_13c,A,isotope_13c_037,0.014254297466781585,2233
ECFP4+desc,isotope_13c,A,isotope_13c_038,0.004862355864735492,2233
ECFP4+desc,isotope_13c,A,isotope_13c_039,0.006002253827585105,2233
ECFP4+desc,isotope_13c,A,isotope_13c_040,0.005506747289732019,2233
ECFP4+desc,isotope_13c,A,isotope_13c_041,0.005349594080267269,2233
ECFP4+desc,isotope_13c,A,isotope_13c_042,0.004563207559568107,2233
ECFP4+desc,isotope_13c,A,isotope_13c_043,0.00021730206343684375,2233
ECFP4+desc,isotope_13c,A,isotope_13c_044,0.003794598364757789,2233
ECFP4+desc,isotope_13c,A,isotope_13c_045,0.009707356613938385,2233
ECFP4+desc,isotope_13c,A,isotope_13c_046,0.004142939319492479,2233
ECFP4+desc,isotope_13c,A,isotope_13c_047,0.011572771502641795,2233
ECFP4+desc,isotope_13c,A,isotope_13c_048,0.01844788811968167,2233
ECFP4+desc,isotope_13c,A,isotope_13c_049,0.0063703545800255085,2233
ECFP4+desc,isotope_13c,A,isotope_13c_050,0.004971331196872556,2233
ECFP4+desc,isotope_13c,A,isotope_13c_051,0.0034198617886388627,2233
ECFP4+desc,isotope_13c,A,isotope_13c_052,0.004241919868840925,2233
ECFP4+desc,isotope_13c,A,isotope_13c_053,0.005122289692558291,2233
ECFP4+desc,isotope_13c,A,isotope_13c_054,0.004729058955527909,2233
ECFP4+desc,isotope_13c,A,isotope_13c_055,0.004726503977076345,2233
ECFP4+desc,isotope_13c,A,isotope_13c_056,0.031657502886403024,2233
ECFP4+desc,isotope_13c,A,isotope_13c_057,0.00538222913799139,2233
ECFP4+desc,isotope_13c,A,isotope_13c_058,0.011960698487859632,2233
ECFP4+desc,isotope_13c,A,isotope_13c_059,0.003997853698710694,2233
ECFP4+desc,isotope_13c,A,isotope_13c_060,0.0030446300065499667,2233
ECFP4+desc,isotope_13c,A,isotope_13c_061,0.011069725408822163,2233
ECFP4+desc,isotope_13c,A,isotope_13c_062,0.0041786580212613,2233
ECFP4+desc,isotope_13c,A,isotope_13c_063,0.00022065422976836073,2233
ECFP4+desc,isotope_13c,A,isotope_13c_064,0.03282171210026575,2233
ECFP4+desc,isotope_13c,A,isotope_13c_065,0.002766900774116755,2233
ECFP4+desc,isotope_13c,A,isotope_13c_066,0.0033507706887918264,2233
ECFP4+desc,isotope_13c,A,isotope_13c_067,0.00023808918622416202,2233
ECFP4+desc,isotope_13c,A,isotope_13c_068,0.009911258929779473,2233
ECFP4+desc,isotope_13c,A,isotope_13c_069,0.008282415143954686,2233
ECFP4+desc,isotope_13c,A,isotope_13c_070,0.006616169177003103,2233
ECFP4+desc,isotope_13c,A,isotope_13c_071,0.015524250616378209,2233
ECFP4+desc,isotope_13c,A,isotope_13c_072,0.004693761340180085,2233
ECFP4+desc,isotope_13c,A,isotope_13c_073,0.00020532359565027163,2233
ECFP4+desc,isotope_13c,A,isotope_13c_074,0.005438099043159257,2233
ECFP4+desc,isotope_13c,A,isotope_13c_075,0.03211407268420443,2233
ECFP4+desc,isotope_13c,A,isotope_13c_076,0.003702730021655411,2233
ECFP4+desc,isotope_13c,A,isotope_13c_077,0.004921150864594159,2233
ECFP4+desc,isotope_13c,A,isotope_13c_078,0.004039659603994095,2233
ECFP4+desc,isotope_13c,A,isotope_13c_079,0.005325322742355933,2233
ECFP4+desc,isotope_13c,A,isotope_13c_080,0.008873630867849418,2233
ECFP4+desc,isotope_13c,A,isotope_13c_081,0.001992251140243506,2233
ECFP4+desc,isotope_13c,A,isotope_13c_082,0.003447908357005581,2233
ECFP4+desc,isotope_13c,A,isotope_13c_083,0.004942084948883157,2233
ECFP4+desc,isotope_13c,A,isotope_13c_084,0.0037408396285304878,2233
ECFP4+desc,isotope_13c,A,isotope_13c_085,0.005632025123551034,2233
ECFP4+desc,isotope_13c,A,isotope_13c_086,0.009593140977102938,2233
ECFP4+desc,isotope_13c,A,isotope_13c_087,0.004780090083701266,2233
ECFP4+desc,isotope_13c,A,isotope_13c_088,0.018053793572105178,2233
ECFP4+desc,isotope_13c,A,isotope_13c_089,0.03186961913796603,2233
ECFP4+desc,isotope_13c,A,isotope_13c_090,0.6109108482643592,2233
ECFP4+desc,isotope_13c,A,isotope_13c_091,0.003719341859319593,2233
ECFP4+desc,isotope_13c,A,isotope_13c_092,0.0062379085887676764,2233
ECFP4+desc,isotope_13c,A,isotope_13c_093,0.005204643294030185,2233
ECFP4+desc,isotope_13c,A,isotope_13c_094,0.004325353251211044,2233
ECFP4+desc,isotope_13c,A,isotope_13c_095,0.010078843069833894,2233
ECFP4+desc,isotope_13c,A,isotope_13c_096,0.011712811550446166,2233
ECFP4+desc,isotope_13c,A,isotope_13c_097,0.003809524971763366,2233
ECFP4+desc,isotope_13c,A,isotope_13c_098,0.005012897684649647,2233
ECFP4+desc,isotope_13c,A,isotope_13c_099,0.00999791833580544,2233
ECFP4+desc,ring_size,A,ring_size_000,0.09459268076737784,2233
ECFP4+desc,ring_size,A,ring_size_001,0.09441076303791565,2233
ECFP4+desc,ring_size,A,ring_size_002,0.09507850739390737,2233
ECFP4+desc,ring_size,A,ring_size_003,0.09537795660801243,2233
ECFP4+desc,ring_size,A,ring_size_004,0.09424286993954623,2233
ECFP4+desc,ring_size,A,ring_size_005,0.09430900960340195,2233
ECFP4+desc,ring_size,A,ring_size_006,0.0961571686746932,2233
ECFP4+desc,ring_size,A,ring_size_007,0.02802426089047784,2233
ECFP4+desc,ring_size,A,ring_size_008,0.41251502505965093,2233
ECFP4+desc,ring_size,A,ring_size_009,0.09665611468393752,2233
ECFP4+desc,ring_size,A,ring_size_010,0.09518692910655036,2233
ECFP4+desc,ring_size,A,ring_size_011,0.09557979085045823,2233
ECFP4+desc,ring_size,A,ring_size_012,0.09426642947633017,2233
ECFP4+desc,ring_size,A,ring_size_013,0.0950726475250469,2233
ECFP4+desc,ring_size,A,ring_size_014,0.09665766956119613,2233
ECFP4+desc,ring_size,A,ring_size_015,0.09542667065683501,2233
ECFP4+desc,ring_size,A,ring_size_016,0.09530253254070133,2233
ECFP4+desc,ring_size,A,ring_size_017,0.0945935132392385,2233
ECFP4+desc,ring_size,A,ring_size_018,0.0945894874062552,2233
ECFP4+desc,ring_size,A,ring_size_019,0.027527863085998288,2233
ECFP4+desc,ring_size,A,ring_size_020,0.09490302129756788,2233
ECFP4+desc,ring_size,A,ring_size_021,0.09463802243915632,2233
ECFP4+desc,ring_size,A,ring_size_022,0.09652893363485188,2233
ECFP4+desc,ring_size,A,ring_size_023,0.021723733760252717,2233
ECFP4+desc,ring_size,A,ring_size_024,0.5726541106133423,2233
ECFP4+desc,ring_size,A,ring_size_025,0.09624350259099637,2233
ECFP4+desc,ring_size,A,ring_size_026,0.09615744825315786,2233
ECFP4+desc,ring_size,A,ring_size_027,0.0943018037279042,2233
ECFP4+desc,ring_size,A,ring_size_028,0.0954739664580783,2233
ECFP4+desc,ring_size,A,ring_size_029,0.09536462679776071,2233
ECFP4+desc,ring_size,A,ring_size_030,0.09549279521031538,2233
ECFP4+desc,ring_size,A,ring_size_031,0.09676499824152814,2233
ECFP4+desc,ring_size,A,ring_size_032,0.09668812238065312,2233
ECFP4+desc,ring_size,A,ring_size_033,0.09486970545964611,2233
ECFP4+desc,ring_size,A,ring_size_034,0.09524194294028636,2233
ECFP4+desc,ring_size,A,ring_size_035,0.09465793240648876,2233
ECFP4+desc,ring_size,A,ring_size_036,0.09654801468469618,2233
ECFP4+desc,ring_size,A,ring_size_037,0.0950723856759242,2233
ECFP4+desc,ring_size,A,ring_size_038,0.0950101843226714,2233
ECFP4+desc,ring_size,A,ring_size_039,0.09439037959050972,2233
ECFP4+desc,ring_size,A,ring_size_040,0.09495073937146564,2233
ECFP4+desc,ring_size,A,ring_size_041,0.09650327066294045,2233
ECFP4+desc,ring_size,A,ring_size_042,0.09493522317885295,2233
ECFP4+desc,ring_size,A,ring_size_043,0.09429410098017568,2233
ECFP4+desc,ring_size,A,ring_size_044,0.09459205756206383,2233
ECFP4+desc,ring_size,A,ring_size_045,0.09690780927073123,2233
ECFP4+desc,ring_size,A,ring_size_046,0.09679567875819498,2233
ECFP4+desc,ring_size,A,ring_size_047,0.0951420675053631,2233
ECFP4+desc,ring_size,A,ring_size_048,0.09406651462065338,2233
ECFP4+desc,ring_size,A,ring_size_049,0.09518371580785294,2233
ECFP4+desc,ring_size,A,ring_size_050,0.0969443683266776,2233
ECFP4+desc,ring_size,A,ring_size_051,0.09448568754415211,2233
ECFP4+desc,ring_size,A,ring_size_052,0.09609258180351363,2233
ECFP4+desc,ring_size,A,ring_size_053,0.9767827077347326,2233
ECFP4+desc,ring_size,A,ring_size_054,0.09755237182377113,2233
ECFP4+desc,ring_size,A,ring_size_055,0.09465582508978244,2233
ECFP4+desc,ring_size,A,ring_size_056,0.09515056686102397,2233
ECFP4+desc,ring_size,A,ring_size_057,0.027003394488253223,2233
ECFP4+desc,ring_size,A,ring_size_058,0.0953592939267143,2233
ECFP4+desc,ring_size,A,ring_size_059,0.09514279083053309,2233
ECFP4+desc,ring_size,A,ring_size_060,0.0960190921391455,2233
ECFP4+desc,ring_size,A,ring_size_061,0.09457198653009279,2233
ECFP4+desc,ring_size,A,ring_size_062,0.0965545253608303,2233
ECFP4+desc,ring_size,A,ring_size_063,0.09674733004750842,2233
ECFP4+desc,ring_size,A,ring_size_064,0.09479976389787564,2233
ECFP4+desc,ring_size,A,ring_size_065,0.09462012543462026,2233
ECFP4+desc,ring_size,A,ring_size_066,0.0961584322352875,2233
ECFP4+desc,ring_size,A,ring_size_067,0.09647371973089733,2233
ECFP4+desc,ring_size,A,ring_size_068,0.09745615654108662,2233
ECFP4+desc,ring_size,A,ring_size_069,0.06445157304569414,2233
ECFP4+desc,ring_size,A,ring_size_070,0.09748158185028478,2233
ECFP4+desc,ring_size,A,ring_size_071,0.09575021666931655,2233
ECFP4+desc,ring_size,A,ring_size_072,0.09552027696555397,2233
ECFP4+desc,ring_size,A,ring_size_073,0.09677458958402159,2233
ECFP4+desc,ring_size,A,ring_size_074,0.49620316092010736,2233
ECFP4+desc,ring_size,A,ring_size_075,0.09627767227123729,2233
ECFP4+desc,ring_size,A,ring_size_076,0.09620112701363874,2233
ECFP4+desc,ring_size,A,ring_size_077,0.09462361804744547,2233
ECFP4+desc,ring_size,A,ring_size_078,0.09457502301642265,2233
ECFP4+desc,ring_size,A,ring_size_079,0.09424767030850714,2233
ECFP4+desc,ring_size,A,ring_size_080,0.09643797859820179,2233
ECFP4+desc,ring_size,A,ring_size_081,0.09526894827047616,2233
ECFP4+desc,ring_size,A,ring_size_082,0.0247572826900973,2233
ECFP4+desc,ring_size,A,ring_size_083,0.0286281998041103,2233
ECFP4+desc,ring_size,A,ring_size_084,0.09574790159710594,2233
ECFP4+desc,ring_size,A,ring_size_085,0.09586231896234233,2233
ECFP4+desc,ring_size,A,ring_size_086,0.09425060600556562,2233
ECFP4+desc,ring_size,A,ring_size_087,0.09678608257131727,2233
ECFP4+desc,ring_size,A,ring_size_088,0.09796590490117948,2233
ECFP4+desc,ring_size,A,ring_size_089,0.09528567796708375,2233
ECFP4+desc,ring_size,A,ring_size_090,0.09951300835946059,2233
ECFP4+desc,ring_size,A,ring_size_091,0.0946413842452949,2233
ECFP4+desc,ring_size,A,ring_size_092,0.09678227684862649,2233
ECFP4+desc,ring_size,A,ring_size_093,0.09626157523264593,2233
ECFP4+desc,ring_size,A,ring_size_094,0.09573679051533099,2233
ECFP4+desc,ring_size,A,ring_size_095,0.09577795792526582,2233
ECFP4+desc,ring_size,A,ring_size_096,0.09515704504743085,2233
ECFP4+desc,ring_size,A,ring_size_097,0.09739913729022398,2233
ECFP4+desc,ring_size,A,ring_size_098,0.0949521208933055,2233
ECFP4+desc,ring_size,A,ring_size_099,0.09442444251124209,2233
ECFP4+desc,regioisomer,A,regioisomer_000,0.5556667449190422,2233
ECFP4+desc,regioisomer,A,regioisomer_001,0.7615904536688577,2233
ECFP4+desc,regioisomer,A,regioisomer_002,1.031833700169543,2233
ECFP4+desc,regioisomer,A,regioisomer_003,1.0027734180654428,2233
ECFP4+desc,regioisomer,A,regioisomer_004,0.8244396867906207,2233
ECFP4+desc,regioisomer,A,regioisomer_005,0.5435590507119478,2233
ECFP4+desc,regioisomer,A,regioisomer_006,0.9875267144168854,2233
ECFP4+desc,regioisomer,A,regioisomer_007,0.8022927042182894,2233
ECFP4+desc,regioisomer,A,regioisomer_008,0.7672058144288137,2233
ECFP4+desc,regioisomer,A,regioisomer_009,0.9561344304534697,2233
ECFP4+desc,regioisomer,A,regioisomer_010,0.8860574265241754,2233
ECFP4+desc,regioisomer,A,regioisomer_011,0.7421459829923402,2233
ECFP4+desc,regioisomer,A,regioisomer_012,0.7124235633406771,2233
ECFP4+desc,regioisomer,A,regioisomer_013,0.7509780351145723,2233
ECFP4+desc,regioisomer,A,regioisomer_014,0.6431001879546988,2233
ECFP4+desc,regioisomer,A,regioisomer_015,0.6108801388826527,2233
ECFP4+desc,regioisomer,A,regioisomer_016,0.5269162870429281,2233
ECFP4+desc,regioisomer,A,regioisomer_017,0.6050475195877898,2233
ECFP4+desc,regioisomer,A,regioisomer_018,0.841657186650264,2233
ECFP4+desc,regioisomer,A,regioisomer_019,0.6818270612454187,2233
ECFP4+desc,regioisomer,A,regioisomer_020,0.7881157556198793,2233
ECFP4+desc,regioisomer,A,regioisomer_021,0.6207257238114758,2233
ECFP4+desc,regioisomer,A,regioisomer_022,0.5867285888644858,2233
ECFP4+desc,regioisomer,A,regioisomer_023,0.7855909795826188,2233
ECFP4+desc,regioisomer,A,regioisomer_024,0.5127867344179715,2233
ECFP4+desc,regioisomer,A,regioisomer_025,0.6720059902299841,2233
ECFP4+desc,regioisomer,A,regioisomer_026,0.6050313100275558,2233
ECFP4+desc,regioisomer,A,regioisomer_027,0.8954137830387445,2233
ECFP4+desc,regioisomer,A,regioisomer_028,0.6850872679627991,2233
ECFP4+desc,regioisomer,A,regioisomer_029,0.6099938205269688,2233
ECFP4+desc,regioisomer,A,regioisomer_030,0.8042414983486788,2233
ECFP4+desc,regioisomer,A,regioisomer_031,0.8962748152696554,2233
ECFP4+desc,regioisomer,A,regioisomer_032,0.7264532859919495,2233
ECFP4+desc,regioisomer,A,regioisomer_033,0.5309331496284848,2233
ECFP4+desc,regioisomer,A,regioisomer_034,0.8783484970699827,2233
ECFP4+desc,regioisomer,A,regioisomer_035,0.6548898616378471,2233
ECFP4+desc,regioisomer,A,regioisomer_036,0.7772463454628717,2233
ECFP4+desc,regioisomer,A,regioisomer_037,0.4961697922496255,2233
ECFP4+desc,regioisomer,A,regioisomer_038,0.6835328236562661,2233
ECFP4+desc,regioisomer,A,regioisomer_039,0.5611102660368754,2233
ECFP4+desc,regioisomer,A,regioisomer_040,0.6022602361946258,2233
ECFP4+desc,regioisomer,A,regioisomer_041,0.650958102954704,2233
ECFP4+desc,regioisomer,A,regioisomer_042,0.7256796123330407,2233
ECFP4+desc,regioisomer,A,regioisomer_043,0.7263758621806394,2233
ECFP4+desc,regioisomer,A,regioisomer_044,0.6399265563062007,2233
ECFP4+desc,regioisomer,A,regioisomer_045,1.0341463730429505,2233
ECFP4+desc,regioisomer,A,regioisomer_046,0.629268126982152,2233
ECFP4+desc,regioisomer,A,regioisomer_047,0.5645001797596669,2233
ECFP4+desc,regioisomer,A,regioisomer_048,0.7986899106416606,2233
ECFP4+desc,regioisomer,A,regioisomer_049,0.8905539619438926,2233
ECFP4+desc,regioisomer,A,regioisomer_050,0.7597657343162717,2233
ECFP4+desc,regioisomer,A,regioisomer_051,0.841657186650264,2233
ECFP4+desc,regioisomer,A,regioisomer_052,0.7331486877609462,2233
ECFP4+desc,regioisomer,A,regioisomer_053,0.7701383397124743,2233
ECFP4+desc,regioisomer,A,regioisomer_054,1.0058013311524547,2233
ECFP4+desc,regioisomer,A,regioisomer_055,0.7587282083432134,2233
ECFP4+desc,regioisomer,A,regioisomer_056,0.9739514725770423,2233
ECFP4+desc,regioisomer,A,regioisomer_057,0.8382024209116667,2233
ECFP4+desc,regioisomer,A,regioisomer_058,0.7272004872603184,2233
ECFP4+desc,regioisomer,A,regioisomer_059,0.5660888700784418,2233
ECFP4+desc,regioisomer,A,regioisomer_060,0.778554206568335,2233
ECFP4+desc,regioisomer,A,regioisomer_061,0.7742511048108183,2233
ECFP4+desc,regioisomer,A,regioisomer_062,0.8269089834773155,2233
ECFP4+desc,regioisomer,A,regioisomer_063,0.45399794792980946,2233
ECFP4+desc,regioisomer,A,regioisomer_064,0.6611694197903203,2233
ECFP4+desc,regioisomer,A,regioisomer_065,0.7564351274354778,2233
ECFP4+desc,regioisomer,A,regioisomer_066,0.6007622210057829,2233
ECFP4+desc,regioisomer,A,regioisomer_067,0.6803553630718792,2233
ECFP4+desc,regioisomer,A,regioisomer_068,0.7484280012677106,2233
ECFP4+desc,regioisomer,A,regioisomer_069,0.8909526554247073,2233
ECFP4+desc,regioisomer,A,regioisomer_070,0.5319946260851396,2233
ECFP4+desc,regioisomer,A,regioisomer_071,0.5539871757765342,2233
ECFP4+desc,regioisomer,A,regioisomer_072,0.7696642722808684,2233
ECFP4+desc,regioisomer,A,regioisomer_073,0.929901775785641,2233
ECFP4+desc,regioisomer,A,regioisomer_074,0.651304111506899,2233
ECFP4+desc,regioisomer,A,regioisomer_075,0.5936257445145019,2233
ECFP4+desc,regioisomer,A,regioisomer_076,1.1105776357940942,2233
ECFP4+desc,regioisomer,A,regioisomer_077,0.42982306855261976,2233
ECFP4+desc,regioisomer,A,regioisomer_078,0.9650440671326961,2233
ECFP4+desc,regioisomer,A,regioisomer_079,0.7802633084439746,2233
ECFP4+desc,regioisomer,A,regioisomer_080,0.6299176840746767,2233
ECFP4+desc,regioisomer,A,regioisomer_081,0.7297815919675481,2233
ECFP4+desc,regioisomer,A,regioisomer_082,0.7495457273707468,2233
ECFP4+desc,regioisomer,A,regioisomer_083,0.8353678997743151,2233
ECFP4+desc,regioisomer,A,regioisomer_084,0.781219427257912,2233
ECFP4+desc,regioisomer,A,regioisomer_085,0.6999258963989972,2233
ECFP4+desc,regioisomer,A,regioisomer_086,0.6951057394273469,2233
ECFP4+desc,regioisomer,A,regioisomer_087,0.8085619935622582,2233
ECFP4+desc,regioisomer,A,regioisomer_088,0.6472865086384185,2233
ECFP4+desc,regioisomer,A,regioisomer_089,0.6078615976947365,2233
ECFP4+desc,regioisomer,A,regioisomer_090,0.6146860162732054,2233
ECFP4+desc,regioisomer,A,regioisomer_091,0.8079504508432094,2233
ECFP4+desc,regioisomer,A,regioisomer_092,0.8083140889492587,2233
ECFP4+desc,regioisomer,A,regioisomer_093,0.6925709226710175,2233
ECFP4+desc,regioisomer,A,regioisomer_094,0.5761170782696651,2233
ECFP4+desc,regioisomer,A,regioisomer_095,0.605002028759696,2233
ECFP4+desc,regioisomer,A,regioisomer_096,0.5645001797596669,2233
ECFP4+desc,regioisomer,A,regioisomer_097,0.821249228449446,2233
ECFP4+desc,regioisomer,A,regioisomer_098,0.6763242674770134,2233
ECFP4+desc,regioisomer,A,regioisomer_099,0.8333795302250557,2233
ECFP4+desc,matched_mw,A,matched_mw_000,0.7598868413885563,2233
ECFP4+desc,matched_mw,A,matched_mw_001,0.9911979534226156,2233
ECFP4+desc,matched_mw,A,matched_mw_002,1.0613940732498188,2233
ECFP4+desc,matched_mw,A,matched_mw_003,0.6465173565744851,2233
ECFP4+desc,matched_mw,A,matched_mw_004,0.9864193066860747,2233
ECFP4+desc,matched_mw,A,matched_mw_005,0.49565754798219414,2233
ECFP4+desc,matched_mw,A,matched_mw_006,0.544124711529021,2233
ECFP4+desc,matched_mw,A,matched_mw_007,419.0673011327609,2233
ECFP4+desc,matched_mw,A,matched_mw_008,0.6266762815850876,2233
ECFP4+desc,matched_mw,A,matched_mw_009,0.8165735760365828,2233
ECFP4+desc,matched_mw,A,matched_mw_010,0.7736905135473734,2233
ECFP4+desc,matched_mw,A,matched_mw_011,0.5745431038434607,2233
ECFP4+desc,matched_mw,A,matched_mw_012,0.7275701411503086,2233
ECFP4+desc,matched_mw,A,matched_mw_013,0.6747824741449188,2233
ECFP4+desc,matched_mw,A,matched_mw_014,0.8850451004081186,2233
ECFP4+desc,matched_mw,A,matched_mw_015,0.6033595980970033,2233
ECFP4+desc,matched_mw,A,matched_mw_016,0.9536344003835615,2233
ECFP4+desc,matched_mw,A,matched_mw_017,0.9742343626302288,2233
ECFP4+desc,matched_mw,A,matched_mw_018,0.6852488414606913,2233
ECFP4+desc,matched_mw,A,matched_mw_019,0.9605662014096042,2233
ECFP4+desc,matched_mw,A,matched_mw_020,0.642856065865459,2233
ECFP4+desc,matched_mw,A,matched_mw_021,0.9168590163592857,2233
ECFP4+desc,matched_mw,A,matched_mw_022,1.1892712648240895,2233
ECFP4+desc,matched_mw,A,matched_mw_023,0.843878131528205,2233
ECFP4+desc,matched_mw,A,matched_mw_024,1.3718957745193032,2233
ECFP4+desc,matched_mw,A,matched_mw_025,1.374391854899069,2233
ECFP4+desc,matched_mw,A,matched_mw_026,0.6656972995373293,2233
ECFP4+desc,matched_mw,A,matched_mw_027,0.9228673476494331,2233
ECFP4+desc,matched_mw,A,matched_mw_028,1.0640326006834164,2233
ECFP4+desc,matched_mw,A,matched_mw_029,0.892043640368266,2233
ECFP4+desc,matched_mw,A,matched_mw_030,0.8050561265682221,2233
ECFP4+desc,matched_mw,A,matched_mw_031,0.7515322313355675,2233
ECFP4+desc,matched_mw,A,matched_mw_032,1.2159758847704811,2233
ECFP4+desc,matched_mw,A,matched_mw_033,1.2585757165620772,2233
ECFP4+desc,matched_mw,A,matched_mw_034,0.8603571208285448,2233
ECFP4+desc,matched_mw,A,matched_mw_035,0.7336155135810118,2233
ECFP4+desc,matched_mw,A,matched_mw_036,1.1332035322755747,2233
ECFP4+desc,matched_mw,A,matched_mw_037,0.8430010420321051,2233
ECFP4+desc,matched_mw,A,matched_mw_038,1.104226529538378,2233
ECFP4+desc,matched_mw,A,matched_mw_039,0.9695508550873031,2233
ECFP4+desc,matched_mw,A,matched_mw_040,0.6664040108992983,2233
ECFP4+desc,matched_mw,A,matched_mw_041,0.9728486519765119,2233
ECFP4+desc,matched_mw,A,matched_mw_042,0.9835044033066881,2233
ECFP4+desc,matched_mw,A,matched_mw_043,0.9978854999226152,2233
ECFP4+desc,matched_mw,A,matched_mw_044,1.2334848695338996,2233
ECFP4+desc,matched_mw,A,matched_mw_045,1.257353197822198,2233
ECFP4+desc,matched_mw,A,matched_mw_046,0.9484679897177712,2233
ECFP4+desc,matched_mw,A,matched_mw_047,1.0657432000650462,2233
ECFP4+desc,matched_mw,A,matched_mw_048,0.9449481393639778,2233
ECFP4+desc,matched_mw,A,matched_mw_049,0.8823681406688655,2233
ECFP4+desc,matched_mw,A,matched_mw_050,0.8509081260454154,2233
ECFP4+desc,matched_mw,A,matched_mw_051,1.0420088706577935,2233
ECFP4+desc,matched_mw,A,matched_mw_052,0.8745128786001574,2233
ECFP4+desc,matched_mw,A,matched_mw_053,0.7432832003438323,2233
ECFP4+desc,matched_mw,A,matched_mw_054,1.006115477351052,2233
ECFP4+desc,matched_mw,A,matched_mw_055,1.1830096854935521,2233
ECFP4+desc,matched_mw,A,matched_mw_056,0.9324766491502657,2233
ECFP4+desc,matched_mw,A,matched_mw_057,0.7777980397189197,2233
ECFP4+desc,matched_mw,A,matched_mw_058,0.813904889800737,2233
ECFP4+desc,matched_mw,A,matched_mw_059,0.8480075450561282,2233
ECFP4+desc,matched_mw,A,matched_mw_060,1.1609120339669412,2233
ECFP4+desc,matched_mw,A,matched_mw_061,1.0710346977286385,2233
ECFP4+desc,matched_mw,A,matched_mw_062,0.8355585945749384,2233
ECFP4+desc,matched_mw,A,matched_mw_063,1.0723088305326982,2233
ECFP4+desc,matched_mw,A,matched_mw_064,1.1002051967498723,2233
ECFP4+desc,matched_mw,A,matched_mw_065,1.0837760122198472,2233
ECFP4+desc,matched_mw,A,matched_mw_066,0.676934508622306,2233
ECFP4+desc,matched_mw,A,matched_mw_067,0.8667503497954173,2233
ECFP4+desc,matched_mw,A,matched_mw_068,0.8971907451362805,2233
ECFP4+desc,matched_mw,A,matched_mw_069,1.1516180570552315,2233
ECFP4+desc,matched_mw,A,matched_mw_070,1.1239309002662237,2233
ECFP4+desc,matched_mw,A,matched_mw_071,1.141714325496116,2233
ECFP4+desc,matched_mw,A,matched_mw_072,2.1637590807997644,2233
ECFP4+desc,matched_mw,A,matched_mw_073,0.8130111686201069,2233
ECFP4+desc,matched_mw,A,matched_mw_074,1.0552836896442441,2233
ECFP4+desc,matched_mw,A,matched_mw_075,1.2133305028014718,2233
ECFP4+desc,matched_mw,A,matched_mw_076,1.0438096445360991,2233
ECFP4+desc,matched_mw,A,matched_mw_077,0.8831266000239483,2233
ECFP4+desc,matched_mw,A,matched_mw_078,0.6665743118968396,2233
ECFP4+desc,matched_mw,A,matched_mw_079,0.7821588874400497,2233
ECFP4+desc,matched_mw,A,matched_mw_080,0.8861571077909592,2233
ECFP4+desc,matched_mw,A,matched_mw_081,1.1736238316981986,2233
ECFP4+desc,matched_mw,A,matched_mw_082,1.3741364544816115,2233
ECFP4+desc,matched_mw,A,matched_mw_083,1.3200131042876428,2233
ECFP4+desc,matched_mw,A,matched_mw_084,1.1982069128562198,2233
ECFP4+desc,matched_mw,A,matched_mw_085,0.7102669057334864,2233
ECFP4+desc,matched_mw,A,matched_mw_086,0.9844169149210729,2233
ECFP4+desc,matched_mw,A,matched_mw_087,1.0830169483153493,2233
ECFP4+desc,matched_mw,A,matched_mw_088,1.076152987059939,2233
ECFP4+desc,matched_mw,A,matched_mw_089,1.2847957668959458,2233
ECFP4+desc,matched_mw,A,matched_mw_090,0.6996414679900188,2233
ECFP4+desc,matched_mw,A,matched_mw_091,0.6444238673479867,2233
ECFP4+desc,matched_mw,A,matched_mw_092,1.0506475885722624,2233
ECFP4+desc,matched_mw,A,matched_mw_093,1.0693667730656238,2233
ECFP4+desc,matched_mw,A,matched_mw_094,0.9355836872131329,2233
ECFP4+desc,matched_mw,A,matched_mw_095,0.7206797240895884,2233
ECFP4+desc,matched_mw,A,matched_mw_096,1.0744515913539774,2233
ECFP4+desc,matched_mw,A,matched_mw_097,0.6994278678591269,2233
ECFP4+desc,matched_mw,A,matched_mw_098,1.0048846036807135,2233
ECFP4+desc,matched_mw,A,matched_mw_099,1.4103360955073425,2233
ECFP4+desc,matched_descriptors,A,matched_descriptors_000,1.2755921442299694,2233
ECFP4+desc,matched_descriptors,A,matched_descriptors_001,1.227282237923863,2233
ECFP4+desc,matched_descriptors,A,matched_descriptors_002,1.0999453461347783,2233
ECFP4+desc,matched_descriptors,A,matched_descriptors_003,0.7370886847508353,2233
ECFP4+desc,matched_descriptors,A,matched_descriptors_004,0.8861065104953797,2233
ECFP4+desc,matched_descriptors,A,matched_descriptors_005,1.0336234484200821,2233
ECFP4+desc,matched_descriptors,A,matched_descriptors_006,1.2115194478296545,2233
ECFP4+desc,matched_descriptors,A,matched_descriptors_007,1.2415605581901203,2233
ECFP4+desc,matched_descriptors,A,matched_descriptors_008,1.2195906118482303,2233
ECFP4+desc,matched_descriptors,A,matched_descriptors_009,1.095038880795385,2233
ECFP4+desc,matched_descriptors,A,matched_descriptors_010,1.2097508869792286,2233
ECFP4+desc,matched_descriptors,A,matched_descriptors_011,0.9664553295974774,2233
ECFP4+desc,matched_descriptors,A,matched_descriptors_012,0.8323554412161052,2233
ECFP4+desc,matched_descriptors,A,matched_descriptors_013,1.2736111802634,2233
ECFP4+desc,matched_descriptors,A,matched_descriptors_014,0.8126751818093922,2233
ECFP4+desc,matched_descriptors,A,matched_descriptors_015,1.2919576310704066,2233
ECFP4+desc,matched_descriptors,A,matched_descriptors_016,1.2357897620450198,2233
ECFP4+desc,matched_descriptors,A,matched_descriptors_017,1.1951482553510722,2233
ECFP4+desc,matched_descriptors,A,matched_descriptors_018,1.3330600248197149,2233
ECFP4+desc,matched_descriptors,A,matched_descriptors_019,0.735916769084208,2233
ECFP4+desc,matched_descriptors,A,matched_descriptors_020,1.834632906780142,2233
ECFP4+desc,matched_descriptors,A,matched_descriptors_021,0.97430459570167,2233
ECFP4+desc,matched_descriptors,A,matched_descriptors_022,1.3367545873877473,2233
ECFP4+desc,matched_descriptors,A,matched_descriptors_023,1.0493064420945517,2233
ECFP4+desc,matched_descriptors,A,matched_descriptors_024,1.231555582462155,2233
ECFP4+desc,matched_descriptors,A,matched_descriptors_025,1.1545709435649811,2233
ECFP4+desc,matched_descriptors,A,matched_descriptors_026,1.4848435473233466,2233
ECFP4+desc,matched_descriptors,A,matched_descriptors_027,0.882604089568836,2233
ECFP4+desc,matched_descriptors,A,matched_descriptors_028,0.818411354274377,2233
ECFP4+desc,matched_descriptors,A,matched_descriptors_029,1.0761808166001188,2233
ECFP4+desc,matched_descriptors,A,matched_descriptors_030,1.4207303357580012,2233
ECFP4+desc,matched_descriptors,A,matched_descriptors_031,1.2023180456134068,2233
ECFP4+desc,matched_descriptors,A,matched_descriptors_032,1.4971213439098312,2233
ECFP4+desc,matched_descriptors,A,matched_descriptors_033,1.1171430659149666,2233
ECFP4+desc,matched_descriptors,A,matched_descriptors_034,1.3524408031462054,2233
ECFP4+desc,matched_descriptors,A,matched_descriptors_035,1.348809718820689,2233
ECFP4+desc,matched_descriptors,A,matched_descriptors_036,0.723584773892613,2233
ECFP4+desc,matched_descriptors,A,matched_descriptors_037,1.1994540515305716,2233
ECFP4+desc,matched_descriptors,A,matched_descriptors_038,1.052027759816535,2233
ECFP4+desc,matched_descriptors,A,matched_descriptors_039,1.2237346431502427,2233
ECFP4+desc,matched_descriptors,A,matched_descriptors_040,1.7441576837185964,2233
ECFP4+desc,matched_descriptors,A,matched_descriptors_041,0.6868045208452752,2233
ECFP4+desc,matched_descriptors,A,matched_descriptors_042,1.1357663767845707,2233
ECFP4+desc,matched_descriptors,A,matched_descriptors_043,0.8263897840361315,2233
ECFP4+desc,matched_descriptors,A,matched_descriptors_044,1.2560631706250278,2233
ECFP4+desc,matched_descriptors,A,matched_descriptors_045,1.3749492589626453,2233
ECFP4+desc,matched_descriptors,A,matched_descriptors_046,1.1571150842459133,2233
ECFP4+desc,matched_descriptors,A,matched_descriptors_047,1.0109939218824873,2233
ECFP4+desc,matched_descriptors,A,matched_descriptors_048,1.2573386302669145,2233
ECFP4+desc,matched_descriptors,A,matched_descriptors_049,1.2544426070080739,2233
ECFP4+desc,matched_descriptors,A,matched_descriptors_050,1.5166199411167947,2233
ECFP4+desc,matched_descriptors,A,matched_descriptors_051,1.2989338812518434,2233
ECFP4+desc,matched_descriptors,A,matched_descriptors_052,1.2382192856893515,2233
ECFP4+desc,matched_descriptors,A,matched_descriptors_053,1.0438476210653311,2233
ECFP4+desc,matched_descriptors,A,matched_descriptors_054,1.220323097771745,2233
ECFP4+desc,matched_descriptors,A,matched_descriptors_055,1.0287130184539548,2233
ECFP4+desc,matched_descriptors,A,matched_descriptors_056,1.2376073558599854,2233
ECFP4+desc,matched_descriptors,A,matched_descriptors_057,1.0619802429380667,2233
ECFP4+desc,matched_descriptors,A,matched_descriptors_058,1.2823868927377875,2233
ECFP4+desc,matched_descriptors,A,matched_descriptors_059,0.896001091231799,2233
ECFP4+desc,matched_descriptors,A,matched_descriptors_060,1.0814279790954386,2233
ECFP4+desc,matched_descriptors,A,matched_descriptors_061,1.3803082609751827,2233
ECFP4+desc,matched_descriptors,A,matched_descriptors_062,1.484992031288558,2233
ECFP4+desc,matched_descriptors,A,matched_descriptors_063,1.602746792053642,2233
ECFP4+desc,matched_descriptors,A,matched_descriptors_064,1.5527937915315775,2233
ECFP4+desc,matched_descriptors,A,matched_descriptors_065,1.173237720931128,2233
ECFP4+desc,matched_descriptors,A,matched_descriptors_066,1.256678010408209,2233
ECFP4+desc,matched_descriptors,A,matched_descriptors_067,1.2881307334220766,2233
ECFP4+desc,matched_descriptors,A,matched_descriptors_068,1.0152411336118978,2233
ECFP4+desc,matched_descriptors,A,matched_descriptors_069,1.1293392674168587,2233
ECFP4+desc,matched_descriptors,A,matched_descriptors_070,1.6777376676933442,2233
ECFP4+desc,matched_descriptors,A,matched_descriptors_071,1.149374252203474,2233
ECFP4+desc,matched_descriptors,A,matched_descriptors_072,1.0708363000172036,2233
ECFP4+desc,matched_descriptors,A,matched_descriptors_073,0.9494815436786262,2233
ECFP4+desc,matched_descriptors,A,matched_descriptors_074,1.3707043006906263,2233
ECFP4+desc,matched_descriptors,A,matched_descriptors_075,0.9890874084474872,2233
ECFP4+desc,matched_descriptors,A,matched_descriptors_076,0.4433142559324728,2233
ECFP4+desc,matched_descriptors,A,matched_descriptors_077,0.4752403670455623,2233
ECFP4+desc,matched_descriptors,A,matched_descriptors_078,1.2707209108268187,2233
ECFP4+desc,matched_descriptors,A,matched_descriptors_079,1.1166829075782791,2233
ECFP4+desc,matched_descriptors,A,matched_descriptors_080,1.2208563912518722,2233
ECFP4+desc,matched_descriptors,A,matched_descriptors_081,1.3020437215624698,2233
ECFP4+desc,matched_descriptors,A,matched_descriptors_082,1.227005301287113,2233
ECFP4+desc,matched_descriptors,A,matched_descriptors_083,1.122086687377423,2233
ECFP4+desc,matched_descriptors,A,matched_descriptors_084,1.1661627315480225,2233
ECFP4+desc,matched_descriptors,A,matched_descriptors_085,1.5047991256893345,2233
ECFP4+desc,matched_descriptors,A,matched_descriptors_086,0.9715519261196106,2233
ECFP4+desc,matched_descriptors,A,matched_descriptors_087,1.3503576047095647,2233
ECFP4+desc,matched_descriptors,A,matched_descriptors_088,0.9281562909507395,2233
ECFP4+desc,matched_descriptors,A,matched_descriptors_089,1.252774756857731,2233
ECFP4+desc,matched_descriptors,A,matched_descriptors_090,1.3900793645186773,2233
ECFP4+desc,matched_descriptors,A,matched_descriptors_091,1.448915707210304,2233
ECFP4+desc,matched_descriptors,A,matched_descriptors_092,1.3052635990537038,2233
ECFP4+desc,matched_descriptors,A,matched_descriptors_093,0.7923939955132512,2233
ECFP4+desc,matched_descriptors,A,matched_descriptors_094,1.500027056160282,2233
ECFP4+desc,matched_descriptors,A,matched_descriptors_095,1.2817958617684955,2233
ECFP4+desc,matched_descriptors,A,matched_descriptors_096,1.0001076329145338,2233
ECFP4+desc,matched_descriptors,A,matched_descriptors_097,0.8264453233150386,2233
ECFP4+desc,matched_descriptors,A,matched_descriptors_098,1.377599387529526,2233
ECFP4+desc,matched_descriptors,A,matched_descriptors_099,1.3032004052737942,2233
ECFP4+desc,smiles_enumeration,B,smiles_enumeration_000,0.0,2233
ECFP4+desc,smiles_enumeration,B,smiles_enumeration_001,0.0,2233
ECFP4+desc,smiles_enumeration,B,smiles_enumeration_002,0.0,2233
ECFP4+desc,smiles_enumeration,B,smiles_enumeration_003,0.0,2233
ECFP4+desc,smiles_enumeration,B,smiles_enumeration_004,0.0,2233
ECFP4+desc,smiles_enumeration,B,smiles_enumeration_005,0.0,2233
ECFP4+desc,smiles_enumeration,B,smiles_enumeration_006,0.0,2233
ECFP4+desc,smiles_enumeration,B,smiles_enumeration_007,0.0,2233
ECFP4+desc,smiles_enumeration,B,smiles_enumeration_008,0.0,2233
ECFP4+desc,smiles_enumeration,B,smiles_enumeration_009,0.0,2233
ECFP4+desc,smiles_enumeration,B,smiles_enumeration_010,0.0,2233
ECFP4+desc,smiles_enumeration,B,smiles_enumeration_011,0.0,2233
ECFP4+desc,smiles_enumeration,B,smiles_enumeration_012,0.0,2233
ECFP4+desc,smiles_enumeration,B,smiles_enumeration_013,0.0,2233
ECFP4+desc,smiles_enumeration,B,smiles_enumeration_014,0.0,2233
ECFP4+desc,smiles_enumeration,B,smiles_enumeration_015,0.0,2233
ECFP4+desc,smiles_enumeration,B,smiles_enumeration_016,0.0,2233
ECFP4+desc,smiles_enumeration,B,smiles_enumeration_017,0.0,2233
ECFP4+desc,smiles_enumeration,B,smiles_enumeration_018,0.0,2233
ECFP4+desc,smiles_enumeration,B,smiles_enumeration_019,0.0,2233
ECFP4+desc,smiles_enumeration,B,smiles_enumeration_020,0.0,2233
ECFP4+desc,smiles_enumeration,B,smiles_enumeration_021,0.0,2233
ECFP4+desc,smiles_enumeration,B,smiles_enumeration_022,0.0,2233
ECFP4+desc,smiles_enumeration,B,smiles_enumeration_023,0.0,2233
ECFP4+desc,smiles_enumeration,B,smiles_enumeration_024,0.0,2233
ECFP4+desc,smiles_enumeration,B,smiles_enumeration_025,0.0,2233
ECFP4+desc,smiles_enumeration,B,smiles_enumeration_026,0.0,2233
ECFP4+desc,smiles_enumeration,B,smiles_enumeration_027,0.0,2233
ECFP4+desc,smiles_enumeration,B,smiles_enumeration_028,0.0,2233
ECFP4+desc,smiles_enumeration,B,smiles_enumeration_029,0.0,2233
ECFP4+desc,smiles_enumeration,B,smiles_enumeration_030,0.0,2233
ECFP4+desc,smiles_enumeration,B,smiles_enumeration_031,0.0,2233
ECFP4+desc,smiles_enumeration,B,smiles_enumeration_032,0.0,2233
ECFP4+desc,smiles_enumeration,B,smiles_enumeration_033,0.0,2233
ECFP4+desc,smiles_enumeration,B,smiles_enumeration_034,0.0,2233
ECFP4+desc,smiles_enumeration,B,smiles_enumeration_035,0.0,2233
ECFP4+desc,smiles_enumeration,B,smiles_enumeration_036,0.0,2233
ECFP4+desc,smiles_enumeration,B,smiles_enumeration_037,0.0,2233
ECFP4+desc,smiles_enumeration,B,smiles_enumeration_038,0.0,2233
ECFP4+desc,smiles_enumeration,B,smiles_enumeration_039,0.0,2233
ECFP4+desc,smiles_enumeration,B,smiles_enumeration_040,0.0,2233
ECFP4+desc,smiles_enumeration,B,smiles_enumeration_041,0.0,2233
ECFP4+desc,smiles_enumeration,B,smiles_enumeration_042,0.0,2233
ECFP4+desc,smiles_enumeration,B,smiles_enumeration_043,0.0,2233
ECFP4+desc,smiles_enumeration,B,smiles_enumeration_044,0.0,2233
ECFP4+desc,smiles_enumeration,B,smiles_enumeration_045,0.0,2233
ECFP4+desc,smiles_enumeration,B,smiles_enumeration_046,0.0,2233
ECFP4+desc,smiles_enumeration,B,smiles_enumeration_047,0.0,2233
ECFP4+desc,smiles_enumeration,B,smiles_enumeration_048,0.0,2233
ECFP4+desc,smiles_enumeration,B,smiles_enumeration_049,0.0,2233
ECFP4+desc,smiles_enumeration,B,smiles_enumeration_050,0.0,2233
ECFP4+desc,smiles_enumeration,B,smiles_enumeration_051,0.0,2233
ECFP4+desc,smiles_enumeration,B,smiles_enumeration_052,0.0,2233
ECFP4+desc,smiles_enumeration,B,smiles_enumeration_053,0.0,2233
ECFP4+desc,smiles_enumeration,B,smiles_enumeration_054,0.0,2233
ECFP4+desc,smiles_enumeration,B,smiles_enumeration_055,0.0,2233
ECFP4+desc,smiles_enumeration,B,smiles_enumeration_056,0.0,2233
ECFP4+desc,smiles_enumeration,B,smiles_enumeration_057,0.0,2233
ECFP4+desc,smiles_enumeration,B,smiles_enumeration_058,0.0,2233
ECFP4+desc,smiles_enumeration,B,smiles_enumeration_059,0.0,2233
ECFP4+desc,smiles_enumeration,B,smiles_enumeration_060,0.0,2233
ECFP4+desc,smiles_enumeration,B,smiles_enumeration_061,0.0,2233
ECFP4+desc,smiles_enumeration,B,smiles_enumeration_062,0.0,2233
ECFP4+desc,smiles_enumeration,B,smiles_enumeration_063,0.0,2233
ECFP4+desc,smiles_enumeration,B,smiles_enumeration_064,0.0,2233
ECFP4+desc,smiles_enumeration,B,smiles_enumeration_065,0.0,2233
ECFP4+desc,smiles_enumeration,B,smiles_enumeration_066,0.0,2233
ECFP4+desc,smiles_enumeration,B,smiles_enumeration_067,0.0,2233
ECFP4+desc,smiles_enumeration,B,smiles_enumeration_068,0.0,2233
ECFP4+desc,smiles_enumeration,B,smiles_enumeration_069,0.0,2233
ECFP4+desc,smiles_enumeration,B,smiles_enumeration_070,0.0,2233
ECFP4+desc,smiles_enumeration,B,smiles_enumeration_071,0.0,2233
ECFP4+desc,smiles_enumeration,B,smiles_enumeration_072,0.0,2233
ECFP4+desc,smiles_enumeration,B,smiles_enumeration_073,0.0,2233
ECFP4+desc,smiles_enumeration,B,smiles_enumeration_074,0.0,2233
ECFP4+desc,smiles_enumeration,B,smiles_enumeration_075,0.0,2233
ECFP4+desc,smiles_enumeration,B,smiles_enumeration_076,0.0,2233
ECFP4+desc,smiles_enumeration,B,smiles_enumeration_077,0.0,2233
ECFP4+desc,smiles_enumeration,B,smiles_enumeration_078,0.0,2233
ECFP4+desc,smiles_enumeration,B,smiles_enumeration_079,0.0,2233
ECFP4+desc,smiles_enumeration,B,smiles_enumeration_080,0.0,2233
ECFP4+desc,smiles_enumeration,B,smiles_enumeration_081,0.0,2233
ECFP4+desc,smiles_enumeration,B,smiles_enumeration_082,0.0,2233
ECFP4+desc,smiles_enumeration,B,smiles_enumeration_083,0.0,2233
ECFP4+desc,smiles_enumeration,B,smiles_enumeration_084,0.0,2233
ECFP4+desc,smiles_enumeration,B,smiles_enumeration_085,0.0,2233
ECFP4+desc,smiles_enumeration,B,smiles_enumeration_086,0.0,2233
ECFP4+desc,smiles_enumeration,B,smiles_enumeration_087,0.0,2233
ECFP4+desc,smiles_enumeration,B,smiles_enumeration_088,0.0,2233
ECFP4+desc,smiles_enumeration,B,smiles_enumeration_089,0.0,2233
ECFP4+desc,smiles_enumeration,B,smiles_enumeration_090,0.0,2233
ECFP4+desc,smiles_enumeration,B,smiles_enumeration_091,0.0,2233
ECFP4+desc,smiles_enumeration,B,smiles_enumeration_092,0.0,2233
ECFP4+desc,smiles_enumeration,B,smiles_enumeration_093,0.0,2233
ECFP4+desc,smiles_enumeration,B,smiles_enumeration_094,0.0,2233
ECFP4+desc,smiles_enumeration,B,smiles_enumeration_095,0.0,2233
ECFP4+desc,smiles_enumeration,B,smiles_enumeration_096,0.0,2233
ECFP4+desc,smiles_enumeration,B,smiles_enumeration_097,0.0,2233
ECFP4+desc,smiles_enumeration,B,smiles_enumeration_098,0.0,2233
ECFP4+desc,smiles_enumeration,B,smiles_enumeration_099,0.0,2233
ECFP4+desc,kekule,B,kekule_000,0.0,2233
ECFP4+desc,kekule,B,kekule_001,0.0,2233
ECFP4+desc,kekule,B,kekule_002,0.0,2233
ECFP4+desc,kekule,B,kekule_003,0.0,2233
ECFP4+desc,kekule,B,kekule_004,0.0,2233
ECFP4+desc,kekule,B,kekule_005,0.0,2233
ECFP4+desc,kekule,B,kekule_006,0.0,2233
ECFP4+desc,kekule,B,kekule_007,0.0,2233
ECFP4+desc,kekule,B,kekule_008,0.0,2233
ECFP4+desc,kekule,B,kekule_009,0.0,2233
ECFP4+desc,kekule,B,kekule_010,0.0,2233
ECFP4+desc,kekule,B,kekule_011,0.0,2233
ECFP4+desc,kekule,B,kekule_012,0.0,2233
ECFP4+desc,kekule,B,kekule_013,0.0,2233
ECFP4+desc,kekule,B,kekule_014,0.0,2233
ECFP4+desc,kekule,B,kekule_015,0.0,2233
ECFP4+desc,kekule,B,kekule_016,0.0,2233
ECFP4+desc,kekule,B,kekule_017,0.0,2233
ECFP4+desc,kekule,B,kekule_018,0.0,2233
ECFP4+desc,kekule,B,kekule_019,0.0,2233
ECFP4+desc,kekule,B,kekule_020,0.0,2233
ECFP4+desc,kekule,B,kekule_021,0.0,2233
ECFP4+desc,kekule,B,kekule_022,0.0,2233
ECFP4+desc,kekule,B,kekule_023,0.0,2233
ECFP4+desc,kekule,B,kekule_024,0.0,2233
ECFP4+desc,kekule,B,kekule_025,0.0,2233
ECFP4+desc,kekule,B,kekule_026,0.0,2233
ECFP4+desc,kekule,B,kekule_027,0.0,2233
ECFP4+desc,kekule,B,kekule_028,0.0,2233
ECFP4+desc,kekule,B,kekule_029,0.0,2233
ECFP4+desc,kekule,B,kekule_030,0.0,2233
ECFP4+desc,kekule,B,kekule_031,0.0,2233
ECFP4+desc,kekule,B,kekule_032,0.0,2233
ECFP4+desc,kekule,B,kekule_033,0.0,2233
ECFP4+desc,kekule,B,kekule_034,0.0,2233
ECFP4+desc,kekule,B,kekule_035,0.0,2233
ECFP4+desc,kekule,B,kekule_036,0.0,2233
ECFP4+desc,kekule,B,kekule_037,0.0,2233
ECFP4+desc,kekule,B,kekule_038,0.0,2233
ECFP4+desc,kekule,B,kekule_039,0.0,2233
ECFP4+desc,kekule,B,kekule_040,0.0,2233
ECFP4+desc,kekule,B,kekule_041,0.0,2233
ECFP4+desc,kekule,B,kekule_042,0.0,2233
ECFP4+desc,kekule,B,kekule_043,0.0,2233
ECFP4+desc,kekule,B,kekule_044,0.0,2233
ECFP4+desc,kekule,B,kekule_045,0.0,2233
ECFP4+desc,kekule,B,kekule_046,0.0,2233
ECFP4+desc,kekule,B,kekule_047,0.0,2233
ECFP4+desc,kekule,B,kekule_048,0.0,2233
ECFP4+desc,kekule,B,kekule_049,0.0,2233
ECFP4+desc,kekule,B,kekule_050,0.0,2233
ECFP4+desc,kekule,B,kekule_051,0.0,2233
ECFP4+desc,kekule,B,kekule_052,0.0,2233
ECFP4+desc,kekule,B,kekule_053,0.0,2233
ECFP4+desc,kekule,B,kekule_054,0.0,2233
ECFP4+desc,kekule,B,kekule_055,0.0,2233
ECFP4+desc,kekule,B,kekule_056,0.0,2233
ECFP4+desc,kekule,B,kekule_057,0.0,2233
ECFP4+desc,kekule,B,kekule_058,0.0,2233
ECFP4+desc,kekule,B,kekule_059,0.0,2233
ECFP4+desc,kekule,B,kekule_060,0.0,2233
ECFP4+desc,kekule,B,kekule_061,0.0,2233
ECFP4+desc,kekule,B,kekule_062,0.0,2233
ECFP4+desc,kekule,B,kekule_063,0.0,2233
ECFP4+desc,kekule,B,kekule_064,0.0,2233
ECFP4+desc,kekule,B,kekule_065,0.0,2233
ECFP4+desc,kekule,B,kekule_066,0.0,2233
ECFP4+desc,kekule,B,kekule_067,0.0,2233
ECFP4+desc,kekule,B,kekule_068,0.0,2233
ECFP4+desc,kekule,B,kekule_069,0.0,2233
ECFP4+desc,kekule,B,kekule_070,0.0,2233
ECFP4+desc,kekule,B,kekule_071,0.0,2233
ECFP4+desc,kekule,B,kekule_072,0.0,2233
ECFP4+desc,kekule,B,kekule_073,0.0,2233
ECFP4+desc,kekule,B,kekule_074,0.0,2233
ECFP4+desc,kekule,B,kekule_075,0.0,2233
ECFP4+desc,kekule,B,kekule_076,0.0,2233
ECFP4+desc,kekule,B,kekule_077,0.0,2233
ECFP4+desc,kekule,B,kekule_078,0.0,2233
ECFP4+desc,kekule,B,kekule_079,0.0,2233
ECFP4+desc,kekule,B,kekule_080,0.0,2233
ECFP4+desc,kekule,B,kekule_081,0.0,2233
ECFP4+desc,kekule,B,kekule_082,0.0,2233
ECFP4+desc,kekule,B,kekule_083,0.0,2233
ECFP4+desc,kekule,B,kekule_084,0.0,2233
ECFP4+desc,kekule,B,kekule_085,0.0,2233
ECFP4+desc,kekule,B,kekule_086,0.0,2233
ECFP4+desc,kekule,B,kekule_087,0.0,2233
ECFP4+desc,kekule,B,kekule_088,0.0,2233
ECFP4+desc,kekule,B,kekule_089,0.0,2233
ECFP4+desc,kekule,B,kekule_090,0.0,2233
ECFP4+desc,kekule,B,kekule_091,0.0,2233
ECFP4+desc,kekule,B,kekule_092,0.0,2233
ECFP4+desc,kekule,B,kekule_093,0.0,2233
ECFP4+desc,kekule,B,kekule_094,0.0,2233
ECFP4+desc,kekule,B,kekule_095,0.0,2233
ECFP4+desc,kekule,B,kekule_096,0.0,2233
ECFP4+desc,kekule,B,kekule_097,0.0,2233
ECFP4+desc,kekule,B,kekule_098,0.0,2233
ECFP4+desc,kekule,B,kekule_099,0.0,2233
ECFP4+desc,symmetry_equivalent,B,symmetry_equivalent_000,0.0,2233
ECFP4+desc,symmetry_equivalent,B,symmetry_equivalent_001,0.0,2233
ECFP4+desc,symmetry_equivalent,B,symmetry_equivalent_002,0.0,2233
ECFP4+desc,symmetry_equivalent,B,symmetry_equivalent_003,0.0,2233
ECFP4+desc,symmetry_equivalent,B,symmetry_equivalent_004,0.0,2233
ECFP4+desc,symmetry_equivalent,B,symmetry_equivalent_005,0.0,2233
ECFP4+desc,symmetry_equivalent,B,symmetry_equivalent_006,0.0,2233
ECFP4+desc,symmetry_equivalent,B,symmetry_equivalent_007,0.0,2233
ECFP4+desc,symmetry_equivalent,B,symmetry_equivalent_008,0.0,2233
ECFP4+desc,symmetry_equivalent,B,symmetry_equivalent_009,0.0,2233
ECFP4+desc,symmetry_equivalent,B,symmetry_equivalent_010,0.0,2233
ECFP4+desc,symmetry_equivalent,B,symmetry_equivalent_011,0.0,2233
ECFP4+desc,symmetry_equivalent,B,symmetry_equivalent_012,0.0,2233
ECFP4+desc,symmetry_equivalent,B,symmetry_equivalent_013,0.0,2233
ECFP4+desc,symmetry_equivalent,B,symmetry_equivalent_014,0.0,2233
ECFP4+desc,symmetry_equivalent,B,symmetry_equivalent_015,0.0,2233
ECFP4+desc,symmetry_equivalent,B,symmetry_equivalent_016,0.0,2233
ECFP4+desc,symmetry_equivalent,B,symmetry_equivalent_017,0.0,2233
ECFP4+desc,symmetry_equivalent,B,symmetry_equivalent_018,0.0,2233
ECFP4+desc,symmetry_equivalent,B,symmetry_equivalent_019,0.0,2233
ECFP4+desc,symmetry_equivalent,B,symmetry_equivalent_020,0.0,2233
ECFP4+desc,symmetry_equivalent,B,symmetry_equivalent_021,0.0,2233
ECFP4+desc,symmetry_equivalent,B,symmetry_equivalent_022,0.0,2233
ECFP4+desc,symmetry_equivalent,B,symmetry_equivalent_023,0.0,2233
ECFP4+desc,symmetry_equivalent,B,symmetry_equivalent_024,0.0,2233
ECFP4+desc,symmetry_equivalent,B,symmetry_equivalent_025,0.0,2233
ECFP4+desc,symmetry_equivalent,B,symmetry_equivalent_026,0.0,2233
ECFP4+desc,symmetry_equivalent,B,symmetry_equivalent_027,0.0,2233
ECFP4+desc,symmetry_equivalent,B,symmetry_equivalent_028,0.0,2233
ECFP4+desc,symmetry_equivalent,B,symmetry_equivalent_029,0.0,2233
ECFP4+desc,symmetry_equivalent,B,symmetry_equivalent_030,0.0,2233
ECFP4+desc,symmetry_equivalent,B,symmetry_equivalent_031,0.0,2233
ECFP4+desc,symmetry_equivalent,B,symmetry_equivalent_032,0.0,2233
ECFP4+desc,symmetry_equivalent,B,symmetry_equivalent_033,0.0,2233
ECFP4+desc,symmetry_equivalent,B,symmetry_equivalent_034,0.0,2233
ECFP4+desc,symmetry_equivalent,B,symmetry_equivalent_035,0.0,2233
ECFP4+desc,symmetry_equivalent,B,symmetry_equivalent_036,0.0,2233
ECFP4+desc,symmetry_equivalent,B,symmetry_equivalent_037,0.0,2233
ECFP4+desc,symmetry_equivalent,B,symmetry_equivalent_038,0.0,2233
ECFP4+desc,symmetry_equivalent,B,symmetry_equivalent_039,0.0,2233
ECFP4+desc,symmetry_equivalent,B,symmetry_equivalent_040,0.0,2233
ECFP4+desc,symmetry_equivalent,B,symmetry_equivalent_041,0.0,2233
ECFP4+desc,symmetry_equivalent,B,symmetry_equivalent_042,0.0,2233
ECFP4+desc,symmetry_equivalent,B,symmetry_equivalent_043,0.0,2233
ECFP4+desc,symmetry_equivalent,B,symmetry_equivalent_044,0.0,2233
ECFP4+desc,symmetry_equivalent,B,symmetry_equivalent_045,0.0,2233
ECFP4+desc,symmetry_equivalent,B,symmetry_equivalent_046,0.0,2233
ECFP4+desc,symmetry_equivalent,B,symmetry_equivalent_047,0.0,2233
ECFP4+desc,symmetry_equivalent,B,symmetry_equivalent_048,0.0,2233
ECFP4+desc,symmetry_equivalent,B,symmetry_equivalent_049,0.0,2233
ECFP4+desc,symmetry_equivalent,B,symmetry_equivalent_050,0.0,2233
ECFP4+desc,symmetry_equivalent,B,symmetry_equivalent_051,0.0,2233
ECFP4+desc,symmetry_equivalent,B,symmetry_equivalent_052,0.0,2233
ECFP4+desc,symmetry_equivalent,B,symmetry_equivalent_053,0.0,2233
ECFP4+desc,symmetry_equivalent,B,symmetry_equivalent_054,0.0,2233
ECFP4+desc,symmetry_equivalent,B,symmetry_equivalent_055,0.0,2233
ECFP4+desc,symmetry_equivalent,B,symmetry_equivalent_056,0.0,2233
ECFP4+desc,symmetry_equivalent,B,symmetry_equivalent_057,0.0,2233
ECFP4+desc,symmetry_equivalent,B,symmetry_equivalent_058,0.0,2233
ECFP4+desc,symmetry_equivalent,B,symmetry_equivalent_059,0.0,2233
ECFP4+desc,symmetry_equivalent,B,symmetry_equivalent_060,0.0,2233
ECFP4+desc,symmetry_equivalent,B,symmetry_equivalent_061,0.0,2233
ECFP4+desc,symmetry_equivalent,B,symmetry_equivalent_062,0.0,2233
ECFP4+desc,symmetry_equivalent,B,symmetry_equivalent_063,0.0,2233
ECFP4+desc,symmetry_equivalent,B,symmetry_equivalent_064,0.0,2233
ECFP4+desc,symmetry_equivalent,B,symmetry_equivalent_065,0.0,2233
ECFP4+desc,symmetry_equivalent,B,symmetry_equivalent_066,0.0,2233
ECFP4+desc,symmetry_equivalent,B,symmetry_equivalent_067,0.0,2233
ECFP4+desc,symmetry_equivalent,B,symmetry_equivalent_068,0.0,2233
ECFP4+desc,symmetry_equivalent,B,symmetry_equivalent_069,0.0,2233
ECFP4+desc,symmetry_equivalent,B,symmetry_equivalent_070,0.0,2233
ECFP4+desc,symmetry_equivalent,B,symmetry_equivalent_071,0.0,2233
ECFP4+desc,symmetry_equivalent,B,symmetry_equivalent_072,0.0,2233
ECFP4+desc,symmetry_equivalent,B,symmetry_equivalent_073,0.0,2233
ECFP4+desc,symmetry_equivalent,B,symmetry_equivalent_074,0.0,2233
ECFP4+desc,symmetry_equivalent,B,symmetry_equivalent_075,0.0,2233
ECFP4+desc,symmetry_equivalent,B,symmetry_equivalent_076,0.0,2233
ECFP4+desc,symmetry_equivalent,B,symmetry_equivalent_077,0.0,2233
ECFP4+desc,symmetry_equivalent,B,symmetry_equivalent_078,0.0,2233
ECFP4+desc,symmetry_equivalent,B,symmetry_equivalent_079,0.0,2233
ECFP4+desc,symmetry_equivalent,B,symmetry_equivalent_080,0.0,2233
ECFP4+desc,symmetry_equivalent,B,symmetry_equivalent_081,0.0,2233
ECFP4+desc,symmetry_equivalent,B,symmetry_equivalent_082,0.0,2233
ECFP4+desc,symmetry_equivalent,B,symmetry_equivalent_083,0.0,2233
ECFP4+desc,symmetry_equivalent,B,symmetry_equivalent_084,0.0,2233
ECFP4+desc,symmetry_equivalent,B,symmetry_equivalent_085,0.0,2233
ECFP4+desc,symmetry_equivalent,B,symmetry_equivalent_086,0.0,2233
ECFP4+desc,symmetry_equivalent,B,symmetry_equivalent_087,0.0,2233
ECFP4+desc,symmetry_equivalent,B,symmetry_equivalent_088,0.0,2233
ECFP4+desc,symmetry_equivalent,B,symmetry_equivalent_089,0.0,2233
ECFP4+desc,symmetry_equivalent,B,symmetry_equivalent_090,0.0,2233
ECFP4+desc,symmetry_equivalent,B,symmetry_equivalent_091,0.0,2233
ECFP4+desc,symmetry_equivalent,B,symmetry_equivalent_092,0.0,2233
ECFP4+desc,symmetry_equivalent,B,symmetry_equivalent_093,0.0,2233
ECFP4+desc,symmetry_equivalent,B,symmetry_equivalent_094,0.0,2233
ECFP4+desc,symmetry_equivalent,B,symmetry_equivalent_095,0.0,2233
ECFP4+desc,symmetry_equivalent,B,symmetry_equivalent_096,0.0,2233
ECFP4+desc,symmetry_equivalent,B,symmetry_equivalent_097,0.0,2233
ECFP4+desc,symmetry_equivalent,B,symmetry_equivalent_098,0.0,2233
ECFP4+desc,symmetry_equivalent,B,symmetry_equivalent_099,0.0,2233
Morgan r3-counts,stereo_flip,A,stereo_flip_000,0.4227308081705214,2048
Morgan r3-counts,stereo_flip,A,stereo_flip_001,0.7342062509170392,2048
Morgan r3-counts,stereo_flip,A,stereo_flip_002,0.769875415969115,2048
Morgan r3-counts,stereo_flip,A,stereo_flip_003,0.8312529560976638,2048
Morgan r3-counts,stereo_flip,A,stereo_flip_004,0.6151399808801932,2048
Morgan r3-counts,stereo_flip,A,stereo_flip_005,0.7320322761095089,2048
Morgan r3-counts,stereo_flip,A,stereo_flip_006,0.6997739243815305,2048
Morgan r3-counts,stereo_flip,A,stereo_flip_007,0.7446821166246886,2048
Morgan r3-counts,stereo_flip,A,stereo_flip_008,0.7157822343160318,2048
Morgan r3-counts,stereo_flip,A,stereo_flip_009,0.9739894934512536,2048
Morgan r3-counts,stereo_flip,A,stereo_flip_010,0.7108219795030699,2048
Morgan r3-counts,stereo_flip,A,stereo_flip_011,0.8943261054176137,2048
Morgan r3-counts,stereo_flip,A,stereo_flip_012,0.6997739243815305,2048
Morgan r3-counts,stereo_flip,A,stereo_flip_013,0.4170453940661969,2048
Morgan r3-counts,stereo_flip,A,stereo_flip_014,0.7613425012217827,2048
Morgan r3-counts,stereo_flip,A,stereo_flip_015,0.5450117274065374,2048
Morgan r3-counts,stereo_flip,A,stereo_flip_016,0.4898331192854022,2048
Morgan r3-counts,stereo_flip,A,stereo_flip_017,0.8016773435654775,2048
Morgan r3-counts,stereo_flip,A,stereo_flip_018,0.7162472434114706,2048
Morgan r3-counts,stereo_flip,A,stereo_flip_019,0.42404012565541765,2048
Morgan r3-counts,stereo_flip,A,stereo_flip_020,0.6726452447874529,2048
Morgan r3-counts,stereo_flip,A,stereo_flip_021,0.6510458695254896,2048
Morgan r3-counts,stereo_flip,A,stereo_flip_022,0.736582436526148,2048
Morgan r3-counts,stereo_flip,A,stereo_flip_023,0.7754952809138649,2048
Morgan r3-counts,stereo_flip,A,stereo_flip_024,0.7762930050850804,2048
Morgan r3-counts,stereo_flip,A,stereo_flip_025,0.5946248345408602,2048
Morgan r3-counts,stereo_flip,A,stereo_flip_026,0.7254847424895461,2048
Morgan r3-counts,stereo_flip,A,stereo_flip_027,0.6180679092171713,2048
Morgan r3-counts,stereo_flip,A,stereo_flip_028,0.7282145811065018,2048
Morgan r3-counts,stereo_flip,A,stereo_flip_029,0.747078866314324,2048
Morgan r3-counts,stereo_flip,A,stereo_flip_030,0.36727617958265146,2048
Morgan r3-counts,stereo_flip,A,stereo_flip_031,0.8532931787849397,2048
Morgan r3-counts,stereo_flip,A,stereo_flip_032,0.7280185179781318,2048
Morgan r3-counts,stereo_flip,A,stereo_flip_033,0.5034698887391944,2048
Morgan r3-counts,stereo_flip,A,stereo_flip_034,0.0,2048
Morgan r3-counts,stereo_flip,A,stereo_flip_035,0.7123347579072614,2048
Morgan r3-counts,stereo_flip,A,stereo_flip_036,0.7739313796551772,2048
Morgan r3-counts,stereo_flip,A,stereo_flip_037,0.7722506642577508,2048
Morgan r3-counts,stereo_flip,A,stereo_flip_038,0.7373983590700129,2048
Morgan r3-counts,stereo_flip,A,stereo_flip_039,0.0,2048
Morgan r3-counts,stereo_flip,A,stereo_flip_040,0.24656050392589457,2048
Morgan r3-counts,stereo_flip,A,stereo_flip_041,0.2987362779036418,2048
Morgan r3-counts,stereo_flip,A,stereo_flip_042,0.8186506700428254,2048
Morgan r3-counts,stereo_flip,A,stereo_flip_043,0.6997739243815305,2048
Morgan r3-counts,stereo_flip,A,stereo_flip_044,0.41109870165698936,2048
Morgan r3-counts,stereo_flip,A,stereo_flip_045,0.18124753564909993,2048
Morgan r3-counts,stereo_flip,A,stereo_flip_046,0.48786024167470626,2048
Morgan r3-counts,stereo_flip,A,stereo_flip_047,0.5383733432434136,2048
Morgan r3-counts,stereo_flip,A,stereo_flip_048,0.6970470365260669,2048
Morgan r3-counts,stereo_flip,A,stereo_flip_049,0.0,2048
Morgan r3-counts,stereo_flip,A,stereo_flip_050,0.8724619625150741,2048
Morgan r3-counts,stereo_flip,A,stereo_flip_051,0.0,2048
Morgan r3-counts,stereo_flip,A,stereo_flip_052,0.9097432344461477,2048
Morgan r3-counts,stereo_flip,A,stereo_flip_053,0.5567985888531721,2048
Morgan r3-counts,stereo_flip,A,stereo_flip_054,0.7306007807855672,2048
Morgan r3-counts,stereo_flip,A,stereo_flip_055,0.5538762353463846,2048
Morgan r3-counts,stereo_flip,A,stereo_flip_056,0.18124753564909993,2048
Morgan r3-counts,stereo_flip,A,stereo_flip_057,0.6192298714870538,2048
Morgan r3-counts,stereo_flip,A,stereo_flip_058,0.6535827089072933,2048
Morgan r3-counts,stereo_flip,A,stereo_flip_059,0.6678192493262203,2048
Morgan r3-counts,stereo_flip,A,stereo_flip_060,0.8767859172597195,2048
Morgan r3-counts,stereo_flip,A,stereo_flip_061,0.5306032801457864,2048
Morgan r3-counts,stereo_flip,A,stereo_flip_062,0.5308926211610753,2048
Morgan r3-counts,stereo_flip,A,stereo_flip_063,0.9350723707396276,2048
Morgan r3-counts,stereo_flip,A,stereo_flip_064,0.6921012771695719,2048
Morgan r3-counts,stereo_flip,A,stereo_flip_065,0.8475508996709151,2048
Morgan r3-counts,stereo_flip,A,stereo_flip_066,0.8546248120765231,2048
Morgan r3-counts,stereo_flip,A,stereo_flip_067,0.6295358833735087,2048
Morgan r3-counts,stereo_flip,A,stereo_flip_068,0.7682625017881651,2048
Morgan r3-counts,stereo_flip,A,stereo_flip_069,0.7205044531549933,2048
Morgan r3-counts,stereo_flip,A,stereo_flip_070,0.6564571815850376,2048
Morgan r3-counts,stereo_flip,A,stereo_flip_071,0.4912771713331686,2048
Morgan r3-counts,stereo_flip,A,stereo_flip_072,0.7441170051180028,2048
Morgan r3-counts,stereo_flip,A,stereo_flip_073,0.2553407466847696,2048
Morgan r3-counts,stereo_flip,A,stereo_flip_074,0.5873297938973566,2048
Morgan r3-counts,stereo_flip,A,stereo_flip_075,0.5641200308843614,2048
Morgan r3-counts,stereo_flip,A,stereo_flip_076,0.7624208803998892,2048
Morgan r3-counts,stereo_flip,A,stereo_flip_077,0.0,2048
Morgan r3-counts,stereo_flip,A,stereo_flip_078,0.7662709292702544,2048
Morgan r3-counts,stereo_flip,A,stereo_flip_079,0.7151079400330455,2048
Morgan r3-counts,stereo_flip,A,stereo_flip_080,0.7681009548591179,2048
Morgan r3-counts,stereo_flip,A,stereo_flip_081,0.9503833687988239,2048
Morgan r3-counts,stereo_flip,A,stereo_flip_082,0.7745399134574376,2048
Morgan r3-counts,stereo_flip,A,stereo_flip_083,0.7742129572998596,2048
Morgan r3-counts,stereo_flip,A,stereo_flip_084,0.44629554879824196,2048
Morgan r3-counts,stereo_flip,A,stereo_flip_085,0.45222536822909853,2048
Morgan r3-counts,stereo_flip,A,stereo_flip_086,0.6976910950394172,2048
Morgan r3-counts,stereo_flip,A,stereo_flip_087,0.6997739243815305,2048
Morgan r3-counts,stereo_flip,A,stereo_flip_088,0.702817430079067,2048
Morgan r3-counts,stereo_flip,A,stereo_flip_089,0.7980193371623632,2048
Morgan r3-counts,stereo_flip,A,stereo_flip_090,0.6542050118510695,2048
Morgan r3-counts,stereo_flip,A,stereo_flip_091,0.4858137983472392,2048
Morgan r3-counts,stereo_flip,A,stereo_flip_092,0.0,2048
Morgan r3-counts,stereo_flip,A,stereo_flip_093,0.8196227800317506,2048
Morgan r3-counts,stereo_flip,A,stereo_flip_094,0.3319875278267532,2048
Morgan r3-counts,stereo_flip,A,stereo_flip_095,0.4514928117039961,2048
Morgan r3-counts,stereo_flip,A,stereo_flip_096,0.6395600101518066,2048
Morgan r3-counts,stereo_flip,A,stereo_flip_097,0.829574517242941,2048
Morgan r3-counts,stereo_flip,A,stereo_flip_098,0.37836263836196266,2048
Morgan r3-counts,stereo_flip,A,stereo_flip_099,0.6553141275245459,2048
Morgan r3-counts,ez_flip,A,ez_flip_000,0.7747353600737659,2048
Morgan r3-counts,ez_flip,A,ez_flip_001,0.8945437345137304,2048
Morgan r3-counts,ez_flip,A,ez_flip_002,0.9335956044179051,2048
Morgan r3-counts,ez_flip,A,ez_flip_003,0.946482756140652,2048
Morgan r3-counts,ez_flip,A,ez_flip_004,0.8816403788896465,2048
Morgan r3-counts,ez_flip,A,ez_flip_005,0.7436675060848813,2048
Morgan r3-counts,ez_flip,A,ez_flip_006,0.8489130873629424,2048
Morgan r3-counts,ez_flip,A,ez_flip_007,0.813056825471728,2048
Morgan r3-counts,ez_flip,A,ez_flip_008,0.8945437345137304,2048
Morgan r3-counts,ez_flip,A,ez_flip_009,0.7897841119252663,2048
Morgan r3-counts,ez_flip,A,ez_flip_010,0.7674788981055456,2048
Morgan r3-counts,ez_flip,A,ez_flip_011,0.7822348055300143,2048
Morgan r3-counts,ez_flip,A,ez_flip_012,0.8554244931126005,2048
Morgan r3-counts,ez_flip,A,ez_flip_013,0.7691931374548707,2048
Morgan r3-counts,ez_flip,A,ez_flip_014,0.7922208307421315,2048
Morgan r3-counts,ez_flip,A,ez_flip_015,0.8209556873712169,2048
Morgan r3-counts,ez_flip,A,ez_flip_016,0.7993997844162019,2048
Morgan r3-counts,ez_flip,A,ez_flip_017,0.6824883859159478,2048
Morgan r3-counts,ez_flip,A,ez_flip_018,0.8414429729957895,2048
Morgan r3-counts,ez_flip,A,ez_flip_019,0.7889861209407413,2048
Morgan r3-counts,ez_flip,A,ez_flip_020,0.8397339284365848,2048
Morgan r3-counts,ez_flip,A,ez_flip_021,0.8311139926100465,2048
Morgan r3-counts,ez_flip,A,ez_flip_022,0.7711007458413259,2048
Morgan r3-counts,ez_flip,A,ez_flip_023,0.5680043355140634,2048
Morgan r3-counts,ez_flip,A,ez_flip_024,0.8871517959264185,2048
Morgan r3-counts,ez_flip,A,ez_flip_025,0.7633892510421033,2048
Morgan r3-counts,ez_flip,A,ez_flip_026,0.7959298037343533,2048
Morgan r3-counts,ez_flip,A,ez_flip_027,0.7389416420564984,2048
Morgan r3-counts,ez_flip,A,ez_flip_028,0.7781255333143108,2048
Morgan r3-counts,ez_flip,A,ez_flip_029,0.8403879066642622,2048
Morgan r3-counts,ez_flip,A,ez_flip_030,0.8473731009867784,2048
Morgan r3-counts,ez_flip,A,ez_flip_031,0.8354923271597818,2048
Morgan r3-counts,ez_flip,A,ez_flip_032,0.8606113947628503,2048
Morgan r3-counts,ez_flip,A,ez_flip_033,1.042171954365164,2048
Morgan r3-counts,ez_flip,A,ez_flip_034,0.901341989728874,2048
Morgan r3-counts,ez_flip,A,ez_flip_035,0.7942782207415954,2048
Morgan r3-counts,ez_flip,A,ez_flip_036,0.6968922972647469,2048
Morgan r3-counts,ez_flip,A,ez_flip_037,0.9109867498296712,2048
Morgan r3-counts,ez_flip,A,ez_flip_038,0.7734920777454085,2048
Morgan r3-counts,ez_flip,A,ez_flip_039,0.7203520447673466,2048
Morgan r3-counts,ez_flip,A,ez_flip_040,0.8530525150866836,2048
Morgan r3-counts,ez_flip,A,ez_flip_041,0.7162036821147431,2048
Morgan r3-counts,ez_flip,A,ez_flip_042,0.722189186540685,2048
Morgan r3-counts,ez_flip,A,ez_flip_043,0.7933281957293822,2048
Morgan r3-counts,ez_flip,A,ez_flip_044,0.7973218510201792,2048
Morgan r3-counts,ez_flip,A,ez_flip_045,0.893540652350862,2048
Morgan r3-counts,ez_flip,A,ez_flip_046,0.8050035173125031,2048
Morgan r3-counts,ez_flip,A,ez_flip_047,0.7648743925867089,2048
Morgan r3-counts,ez_flip,A,ez_flip_048,0.7922208307421315,2048
Morgan r3-counts,ez_flip,A,ez_flip_049,0.8530642334433357,2048
Morgan r3-counts,ez_flip,A,ez_flip_050,0.7393438815330333,2048
Morgan r3-counts,ez_flip,A,ez_flip_051,0.9370170028446752,2048
Morgan r3-counts,ez_flip,A,ez_flip_052,0.7963304999807543,2048
Morgan r3-counts,ez_flip,A,ez_flip_053,0.80978410705098,2048
Morgan r3-counts,ez_flip,A,ez_flip_054,0.8410154711573455,2048
Morgan r3-counts,ez_flip,A,ez_flip_055,0.711413708521043,2048
Morgan r3-counts,ez_flip,A,ez_flip_056,0.928361071862251,2048
Morgan r3-counts,ez_flip,A,ez_flip_057,0.8545476786640198,2048
Morgan r3-counts,ez_flip,A,ez_flip_058,0.6726944629602643,2048
Morgan r3-counts,ez_flip,A,ez_flip_059,0.7110433863815625,2048
Morgan r3-counts,ez_flip,A,ez_flip_060,0.8689948934267049,2048
Morgan r3-counts,ez_flip,A,ez_flip_061,0.9345480735975371,2048
Morgan r3-counts,ez_flip,A,ez_flip_062,1.1698819132492024,2048
Morgan r3-counts,ez_flip,A,ez_flip_063,0.6160116175273571,2048
Morgan r3-counts,ez_flip,A,ez_flip_064,0.9433336638742379,2048
Morgan r3-counts,ez_flip,A,ez_flip_065,0.891802949249791,2048
Morgan r3-counts,ez_flip,A,ez_flip_066,0.8687573651371089,2048
Morgan r3-counts,ez_flip,A,ez_flip_067,0.8302154711277167,2048
Morgan r3-counts,ez_flip,A,ez_flip_068,0.847243196020893,2048
Morgan r3-counts,ez_flip,A,ez_flip_069,0.9190385802153357,2048
Morgan r3-counts,ez_flip,A,ez_flip_070,0.8459893946709639,2048
Morgan r3-counts,ez_flip,A,ez_flip_071,0.7071750864642853,2048
Morgan r3-counts,ez_flip,A,ez_flip_072,0.7922208307421315,2048
Morgan r3-counts,ez_flip,A,ez_flip_073,0.760839274882446,2048
Morgan r3-counts,ez_flip,A,ez_flip_074,0.8904053410009827,2048
Morgan r3-counts,ez_flip,A,ez_flip_075,0.9748979755574799,2048
Morgan r3-counts,ez_flip,A,ez_flip_076,0.7922208307421315,2048
Morgan r3-counts,ez_flip,A,ez_flip_077,0.6424932117124869,2048
Morgan r3-counts,ez_flip,A,ez_flip_078,0.7577691982465666,2048
Morgan r3-counts,ez_flip,A,ez_flip_079,0.9483150892647025,2048
Morgan r3-counts,ez_flip,A,ez_flip_080,0.7859861340089053,2048
Morgan r3-counts,ez_flip,A,ez_flip_081,0.7577691982465666,2048
Morgan r3-counts,ez_flip,A,ez_flip_082,0.7922208307421315,2048
Morgan r3-counts,ez_flip,A,ez_flip_083,0.7191441230956979,2048
Morgan r3-counts,ez_flip,A,ez_flip_084,0.705760460775306,2048
Morgan r3-counts,ez_flip,A,ez_flip_085,0.7754517571632975,2048
Morgan r3-counts,ez_flip,A,ez_flip_086,0.6787828323074019,2048
Morgan r3-counts,ez_flip,A,ez_flip_087,0.9474085152709375,2048
Morgan r3-counts,ez_flip,A,ez_flip_088,0.8545476786640198,2048
Morgan r3-counts,ez_flip,A,ez_flip_089,0.6952284599246261,2048
Morgan r3-counts,ez_flip,A,ez_flip_090,0.7642018332130366,2048
Morgan r3-counts,ez_flip,A,ez_flip_091,0.810483320438316,2048
Morgan r3-counts,ez_flip,A,ez_flip_092,0.8013765685091184,2048
Morgan r3-counts,ez_flip,A,ez_flip_093,0.8489130873629424,2048
Morgan r3-counts,ez_flip,A,ez_flip_094,0.7476779181639329,2048
Morgan r3-counts,ez_flip,A,ez_flip_095,0.8551686276331472,2048
Morgan r3-counts,ez_flip,A,ez_flip_096,1.0241681724035365,2048
Morgan r3-counts,ez_flip,A,ez_flip_097,0.7951746891235295,2048
Morgan r3-counts,ez_flip,A,ez_flip_098,0.8290750386280068,2048
Morgan r3-counts,ez_flip,A,ez_flip_099,0.9483150892647025,2048
Morgan r3-counts,c_to_n,A,c_to_n_000,0.8822108017405015,2048
Morgan r3-counts,c_to_n,A,c_to_n_001,0.7036407602467939,2048
Morgan r3-counts,c_to_n,A,c_to_n_002,0.8367790541896541,2048
Morgan r3-counts,c_to_n,A,c_to_n_003,0.6644837487304268,2048
Morgan r3-counts,c_to_n,A,c_to_n_004,0.7220031600797705,2048
Morgan r3-counts,c_to_n,A,c_to_n_005,0.7604436813130746,2048
Morgan r3-counts,c_to_n,A,c_to_n_006,0.9612406320327502,2048
Morgan r3-counts,c_to_n,A,c_to_n_007,0.7502995014858133,2048
Morgan r3-counts,c_to_n,A,c_to_n_008,0.819243261651736,2048
Morgan r3-counts,c_to_n,A,c_to_n_009,0.7250253081378439,2048
Morgan r3-counts,c_to_n,A,c_to_n_010,0.7035252611852083,2048
Morgan r3-counts,c_to_n,A,c_to_n_011,0.7957012820384971,2048
Morgan r3-counts,c_to_n,A,c_to_n_012,0.6796448902173002,2048
Morgan r3-counts,c_to_n,A,c_to_n_013,0.5780017557245255,2048
Morgan r3-counts,c_to_n,A,c_to_n_014,0.6404118789958615,2048
Morgan r3-counts,c_to_n,A,c_to_n_015,0.8076700410992799,2048
Morgan r3-counts,c_to_n,A,c_to_n_016,0.7851992757486241,2048
Morgan r3-counts,c_to_n,A,c_to_n_017,0.8036809498130254,2048
Morgan r3-counts,c_to_n,A,c_to_n_018,0.7273855256387826,2048
Morgan r3-counts,c_to_n,A,c_to_n_019,0.9881613710024978,2048
Morgan r3-counts,c_to_n,A,c_to_n_020,0.8428122638383879,2048
Morgan r3-counts,c_to_n,A,c_to_n_021,0.7574024714724723,2048
Morgan r3-counts,c_to_n,A,c_to_n_022,0.7669239328672819,2048
Morgan r3-counts,c_to_n,A,c_to_n_023,0.7340501038811378,2048
Morgan r3-counts,c_to_n,A,c_to_n_024,0.780520316993638,2048
Morgan r3-counts,c_to_n,A,c_to_n_025,0.6907293964973369,2048
Morgan r3-counts,c_to_n,A,c_to_n_026,0.7009300364210496,2048
Morgan r3-counts,c_to_n,A,c_to_n_027,0.7817322779620485,2048
Morgan r3-counts,c_to_n,A,c_to_n_028,0.6043300124779287,2048
Morgan r3-counts,c_to_n,A,c_to_n_029,0.8470090707201798,2048
Morgan r3-counts,c_to_n,A,c_to_n_030,0.8999419886679758,2048
Morgan r3-counts,c_to_n,A,c_to_n_031,0.9189973062287923,2048
Morgan r3-counts,c_to_n,A,c_to_n_032,0.7179626592134486,2048
Morgan r3-counts,c_to_n,A,c_to_n_033,0.7216662918966129,2048
Morgan r3-counts,c_to_n,A,c_to_n_034,0.9618138607074563,2048
Morgan r3-counts,c_to_n,A,c_to_n_035,0.923703584594151,2048
Morgan r3-counts,c_to_n,A,c_to_n_036,0.7561780312561278,2048
Morgan r3-counts,c_to_n,A,c_to_n_037,0.48558657229600105,2048
Morgan r3-counts,c_to_n,A,c_to_n_038,0.7669239328672819,2048
Morgan r3-counts,c_to_n,A,c_to_n_039,0.8058347462368912,2048
Morgan r3-counts,c_to_n,A,c_to_n_040,0.7015156368512474,2048
Morgan r3-counts,c_to_n,A,c_to_n_041,0.6721598149795767,2048
Morgan r3-counts,c_to_n,A,c_to_n_042,0.7265578169219007,2048
Morgan r3-counts,c_to_n,A,c_to_n_043,0.7439339578738946,2048
Morgan r3-counts,c_to_n,A,c_to_n_044,0.970481539038092,2048
Morgan r3-counts,c_to_n,A,c_to_n_045,0.8612943625056616,2048
Morgan r3-counts,c_to_n,A,c_to_n_046,0.7356575091315706,2048
Morgan r3-counts,c_to_n,A,c_to_n_047,0.8776917494093724,2048
Morgan r3-counts,c_to_n,A,c_to_n_048,0.6594543145800571,2048
Morgan r3-counts,c_to_n,A,c_to_n_049,0.7111473306992787,2048
Morgan r3-counts,c_to_n,A,c_to_n_050,0.869644226591729,2048
Morgan r3-counts,c_to_n,A,c_to_n_051,0.730415997086751,2048
Morgan r3-counts,c_to_n,A,c_to_n_052,0.8151077114280225,2048
Morgan r3-counts,c_to_n,A,c_to_n_053,0.681306844644925,2048
Morgan r3-counts,c_to_n,A,c_to_n_054,0.7403251216725971,2048
Morgan r3-counts,c_to_n,A,c_to_n_055,0.7934382700056319,2048
Morgan r3-counts,c_to_n,A,c_to_n_056,0.9835888433533206,2048
Morgan r3-counts,c_to_n,A,c_to_n_057,0.591909545526913,2048
Morgan r3-counts,c_to_n,A,c_to_n_058,0.7676382175677606,2048
Morgan r3-counts,c_to_n,A,c_to_n_059,0.8392742046432108,2048
Morgan r3-counts,c_to_n,A,c_to_n_060,0.5981881577778108,2048
Morgan r3-counts,c_to_n,A,c_to_n_061,0.9041854162310695,2048
Morgan r3-counts,c_to_n,A,c_to_n_062,0.7157344516787212,2048
Morgan r3-counts,c_to_n,A,c_to_n_063,0.7803013332271237,2048
Morgan r3-counts,c_to_n,A,c_to_n_064,0.5514692632620036,2048
Morgan r3-counts,c_to_n,A,c_to_n_065,0.706946210175193,2048
Morgan r3-counts,c_to_n,A,c_to_n_066,0.732046025335623,2048
Morgan r3-counts,c_to_n,A,c_to_n_067,0.7839078801363049,2048
Morgan r3-counts,c_to_n,A,c_to_n_068,0.7733623000066313,2048
Morgan r3-counts,c_to_n,A,c_to_n_069,0.8150686260469379,2048
Morgan r3-counts,c_to_n,A,c_to_n_070,0.6721598149795767,2048
Morgan r3-counts,c_to_n,A,c_to_n_071,0.764464624128828,2048
Morgan r3-counts,c_to_n,A,c_to_n_072,0.8395537501858873,2048
Morgan r3-counts,c_to_n,A,c_to_n_073,0.7709067389926448,2048
Morgan r3-counts,c_to_n,A,c_to_n_074,0.7886868631322884,2048
Morgan r3-counts,c_to_n,A,c_to_n_075,0.7861686984743168,2048
Morgan r3-counts,c_to_n,A,c_to_n_076,0.9458736180979077,2048
Morgan r3-counts,c_to_n,A,c_to_n_077,0.795444357641373,2048
Morgan r3-counts,c_to_n,A,c_to_n_078,0.8408623255978733,2048
Morgan r3-counts,c_to_n,A,c_to_n_079,0.6923176970164233,2048
Morgan r3-counts,c_to_n,A,c_to_n_080,0.9314687344645745,2048
Morgan r3-counts,c_to_n,A,c_to_n_081,0.7252247862507369,2048
Morgan r3-counts,c_to_n,A,c_to_n_082,0.6706947813814187,2048
Morgan r3-counts,c_to_n,A,c_to_n_083,0.9982387438688265,2048
Morgan r3-counts,c_to_n,A,c_to_n_084,0.9209214228582057,2048
Morgan r3-counts,c_to_n,A,c_to_n_085,0.6416458789181502,2048
Morgan r3-counts,c_to_n,A,c_to_n_086,0.8806259707224728,2048
Morgan r3-counts,c_to_n,A,c_to_n_087,0.7398376896319218,2048
Morgan r3-counts,c_to_n,A,c_to_n_088,0.6720421710378344,2048
Morgan r3-counts,c_to_n,A,c_to_n_089,0.9075213322263543,2048
Morgan r3-counts,c_to_n,A,c_to_n_090,0.6833802624383855,2048
Morgan r3-counts,c_to_n,A,c_to_n_091,0.528926400201206,2048
Morgan r3-counts,c_to_n,A,c_to_n_092,0.6965994728491064,2048
Morgan r3-counts,c_to_n,A,c_to_n_093,0.7436896050324597,2048
Morgan r3-counts,c_to_n,A,c_to_n_094,0.768935150171784,2048
Morgan r3-counts,c_to_n,A,c_to_n_095,0.7819033091086853,2048
Morgan r3-counts,c_to_n,A,c_to_n_096,0.8591952508097335,2048
Morgan r3-counts,c_to_n,A,c_to_n_097,0.5228209397363489,2048
Morgan r3-counts,c_to_n,A,c_to_n_098,0.7910098685592084,2048
Morgan r3-counts,c_to_n,A,c_to_n_099,0.6919697771847418,2048
Morgan r3-counts,add_methyl,A,add_methyl_000,0.7692419812088125,2048
Morgan r3-counts,add_methyl,A,add_methyl_001,0.6577882093560714,2048
Morgan r3-counts,add_methyl,A,add_methyl_002,0.8513416875469306,2048
Morgan r3-counts,add_methyl,A,add_methyl_003,0.7420785692072337,2048
Morgan r3-counts,add_methyl,A,add_methyl_004,0.7723333570016017,2048
Morgan r3-counts,add_methyl,A,add_methyl_005,0.7179697298895326,2048
Morgan r3-counts,add_methyl,A,add_methyl_006,0.8052984138460976,2048
Morgan r3-counts,add_methyl,A,add_methyl_007,0.7469700770913285,2048
Morgan r3-counts,add_methyl,A,add_methyl_008,0.7554041391122279,2048
Morgan r3-counts,add_methyl,A,add_methyl_009,0.8313251646904,2048
Morgan r3-counts,add_methyl,A,add_methyl_010,0.6877272093064574,2048
Morgan r3-counts,add_methyl,A,add_methyl_011,0.7900848640808544,2048
Morgan r3-counts,add_methyl,A,add_methyl_012,0.7780993396904735,2048
Morgan r3-counts,add_methyl,A,add_methyl_013,0.5580219753119304,2048
Morgan r3-counts,add_methyl,A,add_methyl_014,0.779958535419842,2048
Morgan r3-counts,add_methyl,A,add_methyl_015,0.8358704978334587,2048
Morgan r3-counts,add_methyl,A,add_methyl_016,0.7281978787742704,2048
Morgan r3-counts,add_methyl,A,add_methyl_017,0.6444122122805651,2048
Morgan r3-counts,add_methyl,A,add_methyl_018,0.6443078172590815,2048
Morgan r3-counts,add_methyl,A,add_methyl_019,0.8779463153707834,2048
Morgan r3-counts,add_methyl,A,add_methyl_020,0.7535823251750975,2048
Morgan r3-counts,add_methyl,A,add_methyl_021,0.7101077587966974,2048
Morgan r3-counts,add_methyl,A,add_methyl_022,0.7443567902501402,2048
Morgan r3-counts,add_methyl,A,add_methyl_023,0.7234040628475148,2048
Morgan r3-counts,add_methyl,A,add_methyl_024,0.8668850193867195,2048
Morgan r3-counts,add_methyl,A,add_methyl_025,0.6516148559181438,2048
Morgan r3-counts,add_methyl,A,add_methyl_026,0.7879545390150063,2048
Morgan r3-counts,add_methyl,A,add_methyl_027,0.7459210172442821,2048
Morgan r3-counts,add_methyl,A,add_methyl_028,0.5784358879731367,2048
Morgan r3-counts,add_methyl,A,add_methyl_029,0.8341636961797233,2048
Morgan r3-counts,add_methyl,A,add_methyl_030,0.8325206401521564,2048
Morgan r3-counts,add_methyl,A,add_methyl_031,0.9719711505805233,2048
Morgan r3-counts,add_methyl,A,add_methyl_032,0.7224491855435718,2048
Morgan r3-counts,add_methyl,A,add_methyl_033,0.8705578339543446,2048
Morgan r3-counts,add_methyl,A,add_methyl_034,0.9091917438058158,2048
Morgan r3-counts,add_methyl,A,add_methyl_035,0.9696020450945483,2048
Morgan r3-counts,add_methyl,A,add_methyl_036,0.7603765848709406,2048
Morgan r3-counts,add_methyl,A,add_methyl_037,0.6256897950610373,2048
Morgan r3-counts,add_methyl,A,add_methyl_038,0.7443567902501402,2048
Morgan r3-counts,add_methyl,A,add_methyl_039,0.8962238175877932,2048
Morgan r3-counts,add_methyl,A,add_methyl_040,0.5943649215036163,2048
Morgan r3-counts,add_methyl,A,add_methyl_041,0.6459540810228067,2048
Morgan r3-counts,add_methyl,A,add_methyl_042,0.81099667591072,2048
Morgan r3-counts,add_methyl,A,add_methyl_043,0.6577822666969353,2048
Morgan r3-counts,add_methyl,A,add_methyl_044,1.024577289245995,2048
Morgan r3-counts,add_methyl,A,add_methyl_045,0.9339728808624851,2048
Morgan r3-counts,add_methyl,A,add_methyl_046,0.6313569461724784,2048
Morgan r3-counts,add_methyl,A,add_methyl_047,0.7237162964408624,2048
Morgan r3-counts,add_methyl,A,add_methyl_048,0.6353609523193012,2048
Morgan r3-counts,add_methyl,A,add_methyl_049,0.7203236759859938,2048
Morgan r3-counts,add_methyl,A,add_methyl_050,0.8473468140421228,2048
Morgan r3-counts,add_methyl,A,add_methyl_051,0.7752410472539406,2048
Morgan r3-counts,add_methyl,A,add_methyl_052,0.7977150477940583,2048
Morgan r3-counts,add_methyl,A,add_methyl_053,0.7303042645568023,2048
Morgan r3-counts,add_methyl,A,add_methyl_054,0.7427447776782298,2048
Morgan r3-counts,add_methyl,A,add_methyl_055,0.7502273105833618,2048
Morgan r3-counts,add_methyl,A,add_methyl_056,0.808267219905067,2048
Morgan r3-counts,add_methyl,A,add_methyl_057,0.6417227161921997,2048
Morgan r3-counts,add_methyl,A,add_methyl_058,0.854153603939421,2048
Morgan r3-counts,add_methyl,A,add_methyl_059,0.8933785628312687,2048
Morgan r3-counts,add_methyl,A,add_methyl_060,0.617955007035183,2048
Morgan r3-counts,add_methyl,A,add_methyl_061,0.9641809138101413,2048
Morgan r3-counts,add_methyl,A,add_methyl_062,0.7932441508288911,2048
Morgan r3-counts,add_methyl,A,add_methyl_063,0.7980686382947035,2048
Morgan r3-counts,add_methyl,A,add_methyl_064,0.6150788096623081,2048
Morgan r3-counts,add_methyl,A,add_methyl_065,0.7207125857603186,2048
Morgan r3-counts,add_methyl,A,add_methyl_066,0.7521345895842819,2048
Morgan r3-counts,add_methyl,A,add_methyl_067,0.7956605869297915,2048
Morgan r3-counts,add_methyl,A,add_methyl_068,0.7459846991137963,2048
Morgan r3-counts,add_methyl,A,add_methyl_069,0.6698114423559461,2048
Morgan r3-counts,add_methyl,A,add_methyl_070,0.6459540810228067,2048
Morgan r3-counts,add_methyl,A,add_methyl_071,0.7236506917994905,2048
Morgan r3-counts,add_methyl,A,add_methyl_072,0.7664618794732473,2048
Morgan r3-counts,add_methyl,A,add_methyl_073,0.863067947275827,2048
Morgan r3-counts,add_methyl,A,add_methyl_074,0.772742662046696,2048
Morgan r3-counts,add_methyl,A,add_methyl_075,0.7316380664304463,2048
Morgan r3-counts,add_methyl,A,add_methyl_076,0.9310126974857557,2048
Morgan r3-counts,add_methyl,A,add_methyl_077,0.9114348401155056,2048
Morgan r3-counts,add_methyl,A,add_methyl_078,0.8468865776917635,2048
Morgan r3-counts,add_methyl,A,add_methyl_079,0.7780954682868878,2048
Morgan r3-counts,add_methyl,A,add_methyl_080,0.8409563113791507,2048
Morgan r3-counts,add_methyl,A,add_methyl_081,0.7259119528127925,2048
Morgan r3-counts,add_methyl,A,add_methyl_082,0.6589265961455728,2048
Morgan r3-counts,add_methyl,A,add_methyl_083,0.9824156031337316,2048
Morgan r3-counts,add_methyl,A,add_methyl_084,0.8321183591552395,2048
Morgan r3-counts,add_methyl,A,add_methyl_085,0.6883909999783246,2048
Morgan r3-counts,add_methyl,A,add_methyl_086,0.794970510114372,2048
Morgan r3-counts,add_methyl,A,add_methyl_087,0.716238768546983,2048
Morgan r3-counts,add_methyl,A,add_methyl_088,0.7387006432116369,2048
Morgan r3-counts,add_methyl,A,add_methyl_089,0.9073709444379408,2048
Morgan r3-counts,add_methyl,A,add_methyl_090,0.7221309279914341,2048
Morgan r3-counts,add_methyl,A,add_methyl_091,0.5372278590204191,2048
Morgan r3-counts,add_methyl,A,add_methyl_092,0.736741746719883,2048
Morgan r3-counts,add_methyl,A,add_methyl_093,0.6877664372049671,2048
Morgan r3-counts,add_methyl,A,add_methyl_094,0.6357258253237735,2048
Morgan r3-counts,add_methyl,A,add_methyl_095,0.7121569937026841,2048
Morgan r3-counts,add_methyl,A,add_methyl_096,0.8968885392919502,2048
Morgan r3-counts,add_methyl,A,add_methyl_097,0.6175240089611603,2048
Morgan r3-counts,add_methyl,A,add_methyl_098,0.7410915415130753,2048
Morgan r3-counts,add_methyl,A,add_methyl_099,0.7368250157678548,2048
Morgan r3-counts,add_fluorine,A,add_fluorine_000,0.8159694070507864,2048
Morgan r3-counts,add_fluorine,A,add_fluorine_001,0.5988204698353152,2048
Morgan r3-counts,add_fluorine,A,add_fluorine_002,0.8053044883308825,2048
Morgan r3-counts,add_fluorine,A,add_fluorine_003,0.717733579740009,2048
Morgan r3-counts,add_fluorine,A,add_fluorine_004,0.8128127580945188,2048
Morgan r3-counts,add_fluorine,A,add_fluorine_005,0.698703459375605,2048
Morgan r3-counts,add_fluorine,A,add_fluorine_006,0.7760782470653474,2048
Morgan r3-counts,add_fluorine,A,add_fluorine_007,0.7679988083458607,2048
Morgan r3-counts,add_fluorine,A,add_fluorine_008,0.7813288442646866,2048
Morgan r3-counts,add_fluorine,A,add_fluorine_009,0.868482241960904,2048
Morgan r3-counts,add_fluorine,A,add_fluorine_010,0.7223368968881069,2048
Morgan r3-counts,add_fluorine,A,add_fluorine_011,0.8105768938169202,2048
Morgan r3-counts,add_fluorine,A,add_fluorine_012,0.6923861604115717,2048
Morgan r3-counts,add_fluorine,A,add_fluorine_013,0.5657109145750115,2048
Morgan r3-counts,add_fluorine,A,add_fluorine_014,0.7353867973681067,2048
Morgan r3-counts,add_fluorine,A,add_fluorine_015,0.7416064388306635,2048
Morgan r3-counts,add_fluorine,A,add_fluorine_016,0.7164442318267534,2048
Morgan r3-counts,add_fluorine,A,add_fluorine_017,0.7076218908653914,2048
Morgan r3-counts,add_fluorine,A,add_fluorine_018,0.6656430237716103,2048
Morgan r3-counts,add_fluorine,A,add_fluorine_019,0.8885823158020861,2048
Morgan r3-counts,add_fluorine,A,add_fluorine_020,0.7479574423989397,2048
Morgan r3-counts,add_fluorine,A,add_fluorine_021,0.7899063658110512,2048
Morgan r3-counts,add_fluorine,A,add_fluorine_022,0.6965758429977057,2048
Morgan r3-counts,add_fluorine,A,add_fluorine_023,0.6767027382485805,2048
Morgan r3-counts,add_fluorine,A,add_fluorine_024,0.9075755590826357,2048
Morgan r3-counts,add_fluorine,A,add_fluorine_025,0.6429000573399397,2048
Morgan r3-counts,add_fluorine,A,add_fluorine_026,0.7377955667235302,2048
Morgan r3-counts,add_fluorine,A,add_fluorine_027,0.6483056727788004,2048
Morgan r3-counts,add_fluorine,A,add_fluorine_028,0.5887170587729861,2048
Morgan r3-counts,add_fluorine,A,add_fluorine_029,0.8509105370091812,2048
Morgan r3-counts,add_fluorine,A,add_fluorine_030,0.7347583592383176,2048
Morgan r3-counts,add_fluorine,A,add_fluorine_031,0.956033517702944,2048
Morgan r3-counts,add_fluorine,A,add_fluorine_032,0.744026661504164,2048
Morgan r3-counts,add_fluorine,A,add_fluorine_033,0.7558197414277488,2048
Morgan r3-counts,add_fluorine,A,add_fluorine_034,0.9353778440803066,2048
Morgan r3-counts,add_fluorine,A,add_fluorine_035,0.9347465011794887,2048
Morgan r3-counts,add_fluorine,A,add_fluorine_036,0.7566853462820862,2048
Morgan r3-counts,add_fluorine,A,add_fluorine_037,0.5913198955003159,2048
Morgan r3-counts,add_fluorine,A,add_fluorine_038,0.6965758429977057,2048
Morgan r3-counts,add_fluorine,A,add_fluorine_039,0.8693664409279444,2048
Morgan r3-counts,add_fluorine,A,add_fluorine_040,0.55764390295528,2048
Morgan r3-counts,add_fluorine,A,add_fluorine_041,0.6521836741373023,2048
Morgan r3-counts,add_fluorine,A,add_fluorine_042,0.7448877523790455,2048
Morgan r3-counts,add_fluorine,A,add_fluorine_043,0.7189606314513126,2048
Morgan r3-counts,add_fluorine,A,add_fluorine_044,1.0348709552348303,2048
Morgan r3-counts,add_fluorine,A,add_fluorine_045,0.8484690917541959,2048
Morgan r3-counts,add_fluorine,A,add_fluorine_046,0.7468206875938849,2048
Morgan r3-counts,add_fluorine,A,add_fluorine_047,0.6899396987767185,2048
Morgan r3-counts,add_fluorine,A,add_fluorine_048,0.6029992306638751,2048
Morgan r3-counts,add_fluorine,A,add_fluorine_049,0.7291620473449363,2048
Morgan r3-counts,add_fluorine,A,add_fluorine_050,0.8956588616451239,2048
Morgan r3-counts,add_fluorine,A,add_fluorine_051,0.8072285665089586,2048
Morgan r3-counts,add_fluorine,A,add_fluorine_052,0.7834006245977696,2048
Morgan r3-counts,add_fluorine,A,add_fluorine_053,0.610699914854365,2048
Morgan r3-counts,add_fluorine,A,add_fluorine_054,0.6577602743371546,2048
Morgan r3-counts,add_fluorine,A,add_fluorine_055,0.718387577360167,2048
Morgan r3-counts,add_fluorine,A,add_fluorine_056,0.7596560874593351,2048
Morgan r3-counts,add_fluorine,A,add_fluorine_057,0.6219115784445404,2048
Morgan r3-counts,add_fluorine,A,add_fluorine_058,0.7817526753900647,2048
Morgan r3-counts,add_fluorine,A,add_fluorine_059,0.8797319447412413,2048
Morgan r3-counts,add_fluorine,A,add_fluorine_060,0.6818754485949245,2048
Morgan r3-counts,add_fluorine,A,add_fluorine_061,0.8551831554234848,2048
Morgan r3-counts,add_fluorine,A,add_fluorine_062,0.7654730919129302,2048
Morgan r3-counts,add_fluorine,A,add_fluorine_063,0.9005874688298199,2048
Morgan r3-counts,add_fluorine,A,add_fluorine_064,0.5919914685959424,2048
Morgan r3-counts,add_fluorine,A,add_fluorine_065,0.7295462455359555,2048
Morgan r3-counts,add_fluorine,A,add_fluorine_066,0.6804747705266451,2048
Morgan r3-counts,add_fluorine,A,add_fluorine_067,0.7543109044604989,2048
Morgan r3-counts,add_fluorine,A,add_fluorine_068,0.7198846211169814,2048
Morgan r3-counts,add_fluorine,A,add_fluorine_069,0.6760786508916902,2048
Morgan r3-counts,add_fluorine,A,add_fluorine_070,0.6521836741373023,2048
Morgan r3-counts,add_fluorine,A,add_fluorine_071,0.7386072650687263,2048
Morgan r3-counts,add_fluorine,A,add_fluorine_072,0.7931905995501212,2048
Morgan r3-counts,add_fluorine,A,add_fluorine_073,0.8723443993832789,2048
Morgan r3-counts,add_fluorine,A,add_fluorine_074,0.8046224623909795,2048
Morgan r3-counts,add_fluorine,A,add_fluorine_075,0.831103577530024,2048
Morgan r3-counts,add_fluorine,A,add_fluorine_076,0.9457319576038943,2048
Morgan r3-counts,add_fluorine,A,add_fluorine_077,0.9126189460371524,2048
Morgan r3-counts,add_fluorine,A,add_fluorine_078,0.8402444749298824,2048
Morgan r3-counts,add_fluorine,A,add_fluorine_079,0.7417828443853397,2048
Morgan r3-counts,add_fluorine,A,add_fluorine_080,0.8529969925681593,2048
Morgan r3-counts,add_fluorine,A,add_fluorine_081,0.7061545008977489,2048
Morgan r3-counts,add_fluorine,A,add_fluorine_082,0.6577838051965902,2048
Morgan r3-counts,add_fluorine,A,add_fluorine_083,0.9589643552120969,2048
Morgan r3-counts,add_fluorine,A,add_fluorine_084,0.8860218674036597,2048
Morgan r3-counts,add_fluorine,A,add_fluorine_085,0.6490200491158125,2048
Morgan r3-counts,add_fluorine,A,add_fluorine_086,0.902215405365225,2048
Morgan r3-counts,add_fluorine,A,add_fluorine_087,0.7186196624641349,2048
Morgan r3-counts,add_fluorine,A,add_fluorine_088,0.7084330927939716,2048
Morgan r3-counts,add_fluorine,A,add_fluorine_089,0.8930649656735763,2048
Morgan r3-counts,add_fluorine,A,add_fluorine_090,0.6643264408650564,2048
Morgan r3-counts,add_fluorine,A,add_fluorine_091,0.5253394052958653,2048
Morgan r3-counts,add_fluorine,A,add_fluorine_092,0.7546119623697078,2048
Morgan r3-counts,add_fluorine,A,add_fluorine_093,0.6975726381622124,2048
Morgan r3-counts,add_fluorine,A,add_fluorine_094,0.5902703842060842,2048
Morgan r3-counts,add_fluorine,A,add_fluorine_095,0.7635260279684314,2048
Morgan r3-counts,add_fluorine,A,add_fluorine_096,0.8880110175532779,2048
Morgan r3-counts,add_fluorine,A,add_fluorine_097,0.5138525489222622,2048
Morgan r3-counts,add_fluorine,A,add_fluorine_098,0.7586962296217205,2048
Morgan r3-counts,add_fluorine,A,add_fluorine_099,0.7378403164215271,2048
Morgan r3-counts,isotope_13c,A,isotope_13c_000,0.0,2048
Morgan r3-counts,isotope_13c,A,isotope_13c_001,0.0,2048
Morgan r3-counts,isotope_13c,A,isotope_13c_002,0.0,2048
Morgan r3-counts,isotope_13c,A,isotope_13c_003,0.0,2048
Morgan r3-counts,isotope_13c,A,isotope_13c_004,0.0,2048
Morgan r3-counts,isotope_13c,A,isotope_13c_005,0.0,2048
Morgan r3-counts,isotope_13c,A,isotope_13c_006,0.0,2048
Morgan r3-counts,isotope_13c,A,isotope_13c_007,0.0,2048
Morgan r3-counts,isotope_13c,A,isotope_13c_008,0.0,2048
Morgan r3-counts,isotope_13c,A,isotope_13c_009,0.0,2048
Morgan r3-counts,isotope_13c,A,isotope_13c_010,0.0,2048
Morgan r3-counts,isotope_13c,A,isotope_13c_011,0.0,2048
Morgan r3-counts,isotope_13c,A,isotope_13c_012,0.0,2048
Morgan r3-counts,isotope_13c,A,isotope_13c_013,0.0,2048
Morgan r3-counts,isotope_13c,A,isotope_13c_014,0.0,2048
Morgan r3-counts,isotope_13c,A,isotope_13c_015,0.0,2048
Morgan r3-counts,isotope_13c,A,isotope_13c_016,0.0,2048
Morgan r3-counts,isotope_13c,A,isotope_13c_017,0.8427958717219222,2048
Morgan r3-counts,isotope_13c,A,isotope_13c_018,0.0,2048
Morgan r3-counts,isotope_13c,A,isotope_13c_019,0.0,2048
Morgan r3-counts,isotope_13c,A,isotope_13c_020,0.0,2048
Morgan r3-counts,isotope_13c,A,isotope_13c_021,0.8073670057407623,2048
Morgan r3-counts,isotope_13c,A,isotope_13c_022,0.0,2048
Morgan r3-counts,isotope_13c,A,isotope_13c_023,0.0,2048
Morgan r3-counts,isotope_13c,A,isotope_13c_024,0.0,2048
Morgan r3-counts,isotope_13c,A,isotope_13c_025,0.0,2048
Morgan r3-counts,isotope_13c,A,isotope_13c_026,0.0,2048
Morgan r3-counts,isotope_13c,A,isotope_13c_027,0.0,2048
Morgan r3-counts,isotope_13c,A,isotope_13c_028,0.0,2048
Morgan r3-counts,isotope_13c,A,isotope_13c_029,0.7446821166246886,2048
Morgan r3-counts,isotope_13c,A,isotope_13c_030,0.0,2048
Morgan r3-counts,isotope_13c,A,isotope_13c_031,0.0,2048
Morgan r3-counts,isotope_13c,A,isotope_13c_032,0.0,2048
Morgan r3-counts,isotope_13c,A,isotope_13c_033,0.0,2048
Morgan r3-counts,isotope_13c,A,isotope_13c_034,0.0,2048
Morgan r3-counts,isotope_13c,A,isotope_13c_035,0.0,2048
Morgan r3-counts,isotope_13c,A,isotope_13c_036,0.0,2048
Morgan r3-counts,isotope_13c,A,isotope_13c_037,0.0,2048
Morgan r3-counts,isotope_13c,A,isotope_13c_038,0.0,2048
Morgan r3-counts,isotope_13c,A,isotope_13c_039,0.0,2048
Morgan r3-counts,isotope_13c,A,isotope_13c_040,0.0,2048
Morgan r3-counts,isotope_13c,A,isotope_13c_041,0.0,2048
Morgan r3-counts,isotope_13c,A,isotope_13c_042,0.0,2048
Morgan r3-counts,isotope_13c,A,isotope_13c_043,0.0,2048
Morgan r3-counts,isotope_13c,A,isotope_13c_044,0.0,2048
Morgan r3-counts,isotope_13c,A,isotope_13c_045,0.0,2048
Morgan r3-counts,isotope_13c,A,isotope_13c_046,0.0,2048
Morgan r3-counts,isotope_13c,A,isotope_13c_047,0.0,2048
Morgan r3-counts,isotope_13c,A,isotope_13c_048,0.0,2048
Morgan r3-counts,isotope_13c,A,isotope_13c_049,0.0,2048
Morgan r3-counts,isotope_13c,A,isotope_13c_050,0.0,2048
Morgan r3-counts,isotope_13c,A,isotope_13c_051,0.0,2048
Morgan r3-counts,isotope_13c,A,isotope_13c_052,0.0,2048
Morgan r3-counts,isotope_13c,A,isotope_13c_053,0.0,2048
Morgan r3-counts,isotope_13c,A,isotope_13c_054,0.0,2048
Morgan r3-counts,isotope_13c,A,isotope_13c_055,0.0,2048
Morgan r3-counts,isotope_13c,A,isotope_13c_056,0.0,2048
Morgan r3-counts,isotope_13c,A,isotope_13c_057,0.0,2048
Morgan r3-counts,isotope_13c,A,isotope_13c_058,0.0,2048
Morgan r3-counts,isotope_13c,A,isotope_13c_059,0.0,2048
Morgan r3-counts,isotope_13c,A,isotope_13c_060,0.0,2048
Morgan r3-counts,isotope_13c,A,isotope_13c_061,0.0,2048
Morgan r3-counts,isotope_13c,A,isotope_13c_062,0.0,2048
Morgan r3-counts,isotope_13c,A,isotope_13c_063,0.0,2048
Morgan r3-counts,isotope_13c,A,isotope_13c_064,0.0,2048
Morgan r3-counts,isotope_13c,A,isotope_13c_065,0.0,2048
Morgan r3-counts,isotope_13c,A,isotope_13c_066,0.0,2048
Morgan r3-counts,isotope_13c,A,isotope_13c_067,0.0,2048
Morgan r3-counts,isotope_13c,A,isotope_13c_068,0.0,2048
Morgan r3-counts,isotope_13c,A,isotope_13c_069,0.0,2048
Morgan r3-counts,isotope_13c,A,isotope_13c_070,0.0,2048
Morgan r3-counts,isotope_13c,A,isotope_13c_071,0.0,2048
Morgan r3-counts,isotope_13c,A,isotope_13c_072,0.0,2048
Morgan r3-counts,isotope_13c,A,isotope_13c_073,0.0,2048
Morgan r3-counts,isotope_13c,A,isotope_13c_074,0.0,2048
Morgan r3-counts,isotope_13c,A,isotope_13c_075,0.0,2048
Morgan r3-counts,isotope_13c,A,isotope_13c_076,0.0,2048
Morgan r3-counts,isotope_13c,A,isotope_13c_077,0.0,2048
Morgan r3-counts,isotope_13c,A,isotope_13c_078,0.0,2048
Morgan r3-counts,isotope_13c,A,isotope_13c_079,0.0,2048
Morgan r3-counts,isotope_13c,A,isotope_13c_080,0.0,2048
Morgan r3-counts,isotope_13c,A,isotope_13c_081,0.0,2048
Morgan r3-counts,isotope_13c,A,isotope_13c_082,0.0,2048
Morgan r3-counts,isotope_13c,A,isotope_13c_083,0.0,2048
Morgan r3-counts,isotope_13c,A,isotope_13c_084,0.0,2048
Morgan r3-counts,isotope_13c,A,isotope_13c_085,0.0,2048
Morgan r3-counts,isotope_13c,A,isotope_13c_086,0.0,2048
Morgan r3-counts,isotope_13c,A,isotope_13c_087,0.0,2048
Morgan r3-counts,isotope_13c,A,isotope_13c_088,0.0,2048
Morgan r3-counts,isotope_13c,A,isotope_13c_089,0.0,2048
Morgan r3-counts,isotope_13c,A,isotope_13c_090,0.8358253282864674,2048
Morgan r3-counts,isotope_13c,A,isotope_13c_091,0.0,2048
Morgan r3-counts,isotope_13c,A,isotope_13c_092,0.0,2048
Morgan r3-counts,isotope_13c,A,isotope_13c_093,0.0,2048
Morgan r3-counts,isotope_13c,A,isotope_13c_094,0.0,2048
Morgan r3-counts,isotope_13c,A,isotope_13c_095,0.0,2048
Morgan r3-counts,isotope_13c,A,isotope_13c_096,0.0,2048
Morgan r3-counts,isotope_13c,A,isotope_13c_097,0.0,2048
Morgan r3-counts,isotope_13c,A,isotope_13c_098,0.0,2048
Morgan r3-counts,isotope_13c,A,isotope_13c_099,0.0,2048
Morgan r3-counts,ring_size,A,ring_size_000,0.2881655669649545,2048
Morgan r3-counts,ring_size,A,ring_size_001,0.2949440714021046,2048
Morgan r3-counts,ring_size,A,ring_size_002,0.1825343171364693,2048
Morgan r3-counts,ring_size,A,ring_size_003,0.20835454747679977,2048
Morgan r3-counts,ring_size,A,ring_size_004,0.3088288363597758,2048
Morgan r3-counts,ring_size,A,ring_size_005,0.2949440714021046,2048
Morgan r3-counts,ring_size,A,ring_size_006,0.40372311754893214,2048
Morgan r3-counts,ring_size,A,ring_size_007,0.33244818595840536,2048
Morgan r3-counts,ring_size,A,ring_size_008,0.6765348089067736,2048
Morgan r3-counts,ring_size,A,ring_size_009,0.29833474713350694,2048
Morgan r3-counts,ring_size,A,ring_size_010,0.2881655669649545,2048
Morgan r3-counts,ring_size,A,ring_size_011,0.30953316345490856,2048
Morgan r3-counts,ring_size,A,ring_size_012,0.2949440714021046,2048
Morgan r3-counts,ring_size,A,ring_size_013,0.2949440714021046,2048
Morgan r3-counts,ring_size,A,ring_size_014,0.2938556209915822,2048
Morgan r3-counts,ring_size,A,ring_size_015,0.2938556209915822,2048
Morgan r3-counts,ring_size,A,ring_size_016,0.2881655669649545,2048
Morgan r3-counts,ring_size,A,ring_size_017,0.30953316345490856,2048
Morgan r3-counts,ring_size,A,ring_size_018,0.2881655669649545,2048
Morgan r3-counts,ring_size,A,ring_size_019,0.2696103499660336,2048
Morgan r3-counts,ring_size,A,ring_size_020,0.33111184727016196,2048
Morgan r3-counts,ring_size,A,ring_size_021,0.2938556209915822,2048
Morgan r3-counts,ring_size,A,ring_size_022,0.2881655669649545,2048
Morgan r3-counts,ring_size,A,ring_size_023,0.1825343171364693,2048
Morgan r3-counts,ring_size,A,ring_size_024,0.7507932678457653,2048
Morgan r3-counts,ring_size,A,ring_size_025,0.40372311754893214,2048
Morgan r3-counts,ring_size,A,ring_size_026,0.1825343171364693,2048
Morgan r3-counts,ring_size,A,ring_size_027,0.2949440714021046,2048
Morgan r3-counts,ring_size,A,ring_size_028,0.2949440714021046,2048
Morgan r3-counts,ring_size,A,ring_size_029,0.28525811651059,2048
Morgan r3-counts,ring_size,A,ring_size_030,0.25922507119713434,2048
Morgan r3-counts,ring_size,A,ring_size_031,0.2949440714021046,2048
Morgan r3-counts,ring_size,A,ring_size_032,0.30953316345490856,2048
Morgan r3-counts,ring_size,A,ring_size_033,0.1825343171364693,2048
Morgan r3-counts,ring_size,A,ring_size_034,0.2949440714021046,2048
Morgan r3-counts,ring_size,A,ring_size_035,0.2949440714021046,2048
Morgan r3-counts,ring_size,A,ring_size_036,0.29833474713350694,2048
Morgan r3-counts,ring_size,A,ring_size_037,0.2949440714021046,2048
Morgan r3-counts,ring_size,A,ring_size_038,0.2949440714021046,2048
Morgan r3-counts,ring_size,A,ring_size_039,0.2949440714021046,2048
Morgan r3-counts,ring_size,A,ring_size_040,0.2949440714021046,2048
Morgan r3-counts,ring_size,A,ring_size_041,0.2949440714021046,2048
Morgan r3-counts,ring_size,A,ring_size_042,0.2938556209915822,2048
Morgan r3-counts,ring_size,A,ring_size_043,0.2938556209915822,2048
Morgan r3-counts,ring_size,A,ring_size_044,0.2949440714021046,2048
Morgan r3-counts,ring_size,A,ring_size_045,0.30953316345490856,2048
Morgan r3-counts,ring_size,A,ring_size_046,0.2752197960887699,2048
Morgan r3-counts,ring_size,A,ring_size_047,0.2696103499660336,2048
Morgan r3-counts,ring_size,A,ring_size_048,0.2938556209915822,2048
Morgan r3-counts,ring_size,A,ring_size_049,0.2949440714021046,2048
Morgan r3-counts,ring_size,A,ring_size_050,0.1825343171364693,2048
Morgan r3-counts,ring_size,A,ring_size_051,0.1825343171364693,2048
Morgan r3-counts,ring_size,A,ring_size_052,0.2949440714021046,2048
Morgan r3-counts,ring_size,A,ring_size_053,0.9150137338829872,2048
Morgan r3-counts,ring_size,A,ring_size_054,0.24638482707054693,2048
Morgan r3-counts,ring_size,A,ring_size_055,0.2949440714021046,2048
Morgan r3-counts,ring_size,A,ring_size_056,0.2696103499660336,2048
Morgan r3-counts,ring_size,A,ring_size_057,0.1825343171364693,2048
Morgan r3-counts,ring_size,A,ring_size_058,0.1825343171364693,2048
Morgan r3-counts,ring_size,A,ring_size_059,0.2938556209915822,2048
Morgan r3-counts,ring_size,A,ring_size_060,0.29465194886687573,2048
Morgan r3-counts,ring_size,A,ring_size_061,0.2949440714021046,2048
Morgan r3-counts,ring_size,A,ring_size_062,0.2881655669649545,2048
Morgan r3-counts,ring_size,A,ring_size_063,0.2881655669649545,2048
Morgan r3-counts,ring_size,A,ring_size_064,0.2949440714021046,2048
Morgan r3-counts,ring_size,A,ring_size_065,0.2938556209915822,2048
Morgan r3-counts,ring_size,A,ring_size_066,0.40372311754893214,2048
Morgan r3-counts,ring_size,A,ring_size_067,0.2949440714021046,2048
Morgan r3-counts,ring_size,A,ring_size_068,0.2696103499660336,2048
Morgan r3-counts,ring_size,A,ring_size_069,0.09244671874079963,2048
Morgan r3-counts,ring_size,A,ring_size_070,0.2949440714021046,2048
Morgan r3-counts,ring_size,A,ring_size_071,0.2881655669649545,2048
Morgan r3-counts,ring_size,A,ring_size_072,0.2938556209915822,2048
Morgan r3-counts,ring_size,A,ring_size_073,0.2938556209915822,2048
Morgan r3-counts,ring_size,A,ring_size_074,0.6257976524076987,2048
Morgan r3-counts,ring_size,A,ring_size_075,0.2949440714021046,2048
Morgan r3-counts,ring_size,A,ring_size_076,0.40372311754893214,2048
Morgan r3-counts,ring_size,A,ring_size_077,0.30953316345490856,2048
Morgan r3-counts,ring_size,A,ring_size_078,0.40372311754893214,2048
Morgan r3-counts,ring_size,A,ring_size_079,0.2949440714021046,2048
Morgan r3-counts,ring_size,A,ring_size_080,0.2938556209915822,2048
Morgan r3-counts,ring_size,A,ring_size_081,0.29833474713350694,2048
Morgan r3-counts,ring_size,A,ring_size_082,0.1825343171364693,2048
Morgan r3-counts,ring_size,A,ring_size_083,0.29833474713350694,2048
Morgan r3-counts,ring_size,A,ring_size_084,0.2949440714021046,2048
Morgan r3-counts,ring_size,A,ring_size_085,0.2949440714021046,2048
Morgan r3-counts,ring_size,A,ring_size_086,0.2881655669649545,2048
Morgan r3-counts,ring_size,A,ring_size_087,0.2938556209915822,2048
Morgan r3-counts,ring_size,A,ring_size_088,0.40372311754893214,2048
Morgan r3-counts,ring_size,A,ring_size_089,0.2949440714021046,2048
Morgan r3-counts,ring_size,A,ring_size_090,0.2752197960887699,2048
Morgan r3-counts,ring_size,A,ring_size_091,0.2949440714021046,2048
Morgan r3-counts,ring_size,A,ring_size_092,0.30953316345490856,2048
Morgan r3-counts,ring_size,A,ring_size_093,0.2949440714021046,2048
Morgan r3-counts,ring_size,A,ring_size_094,0.2949440714021046,2048
Morgan r3-counts,ring_size,A,ring_size_095,0.2867542144133833,2048
Morgan r3-counts,ring_size,A,ring_size_096,0.2949440714021046,2048
Morgan r3-counts,ring_size,A,ring_size_097,0.1825343171364693,2048
Morgan r3-counts,ring_size,A,ring_size_098,0.2949440714021046,2048
Morgan r3-counts,ring_size,A,ring_size_099,0.2949440714021046,2048
Morgan r3-counts,regioisomer,A,regioisomer_000,0.53647161919542,2048
Morgan r3-counts,regioisomer,A,regioisomer_001,0.586660739867788,2048
Morgan r3-counts,regioisomer,A,regioisomer_002,0.704374974680163,2048
Morgan r3-counts,regioisomer,A,regioisomer_003,0.7862921867508358,2048
Morgan r3-counts,regioisomer,A,regioisomer_004,0.5704896840647675,2048
Morgan r3-counts,regioisomer,A,regioisomer_005,0.5799138007139394,2048
Morgan r3-counts,regioisomer,A,regioisomer_006,0.7800381480578695,2048
Morgan r3-counts,regioisomer,A,regioisomer_007,0.8418439368820264,2048
Morgan r3-counts,regioisomer,A,regioisomer_008,0.8001656672259654,2048
Morgan r3-counts,regioisomer,A,regioisomer_009,0.6935828453159605,2048
Morgan r3-counts,regioisomer,A,regioisomer_010,0.6360326172584175,2048
Morgan r3-counts,regioisomer,A,regioisomer_011,0.6370774893869138,2048
Morgan r3-counts,regioisomer,A,regioisomer_012,0.6257513577902462,2048
Morgan r3-counts,regioisomer,A,regioisomer_013,0.5697424370874375,2048
Morgan r3-counts,regioisomer,A,regioisomer_014,0.6279058499512732,2048
Morgan r3-counts,regioisomer,A,regioisomer_015,0.6134120818718555,2048
Morgan r3-counts,regioisomer,A,regioisomer_016,0.5443830956925955,2048
Morgan r3-counts,regioisomer,A,regioisomer_017,0.6061515745474183,2048
Morgan r3-counts,regioisomer,A,regioisomer_018,0.6525811523926749,2048
Morgan r3-counts,regioisomer,A,regioisomer_019,0.7328811911927704,2048
Morgan r3-counts,regioisomer,A,regioisomer_020,0.6829127139887264,2048
Morgan r3-counts,regioisomer,A,regioisomer_021,0.9290556934345813,2048
Morgan r3-counts,regioisomer,A,regioisomer_022,0.6714535319710945,2048
Morgan r3-counts,regioisomer,A,regioisomer_023,0.7001217350047652,2048
Morgan r3-counts,regioisomer,A,regioisomer_024,0.6520484522788933,2048
Morgan r3-counts,regioisomer,A,regioisomer_025,0.6240767244643857,2048
Morgan r3-counts,regioisomer,A,regioisomer_026,0.624373736081919,2048
Morgan r3-counts,regioisomer,A,regioisomer_027,0.690451001599733,2048
Morgan r3-counts,regioisomer,A,regioisomer_028,0.7249381859559959,2048
Morgan r3-counts,regioisomer,A,regioisomer_029,0.6292473624387924,2048
Morgan r3-counts,regioisomer,A,regioisomer_030,0.5909088266562152,2048
Morgan r3-counts,regioisomer,A,regioisomer_031,0.6812173219594244,2048
Morgan r3-counts,regioisomer,A,regioisomer_032,0.5821329141778151,2048
Morgan r3-counts,regioisomer,A,regioisomer_033,0.5632922210810475,2048
Morgan r3-counts,regioisomer,A,regioisomer_034,0.668364612107976,2048
Morgan r3-counts,regioisomer,A,regioisomer_035,0.6815531187575583,2048
Morgan r3-counts,regioisomer,A,regioisomer_036,0.5934961119503768,2048
Morgan r3-counts,regioisomer,A,regioisomer_037,0.5760224082435483,2048
Morgan r3-counts,regioisomer,A,regioisomer_038,0.705245672095438,2048
Morgan r3-counts,regioisomer,A,regioisomer_039,0.6310052571767532,2048
Morgan r3-counts,regioisomer,A,regioisomer_040,0.6968951239944022,2048
Morgan r3-counts,regioisomer,A,regioisomer_041,0.7372999081124063,2048
Morgan r3-counts,regioisomer,A,regioisomer_042,0.5810746079538577,2048
Morgan r3-counts,regioisomer,A,regioisomer_043,0.618021320227467,2048
Morgan r3-counts,regioisomer,A,regioisomer_044,0.56043338997171,2048
Morgan r3-counts,regioisomer,A,regioisomer_045,0.7498531505193184,2048
Morgan r3-counts,regioisomer,A,regioisomer_046,0.7778741216098758,2048
Morgan r3-counts,regioisomer,A,regioisomer_047,0.47774688495000656,2048
Morgan r3-counts,regioisomer,A,regioisomer_048,0.4840711445291021,2048
Morgan r3-counts,regioisomer,A,regioisomer_049,0.6571688544398848,2048
Morgan r3-counts,regioisomer,A,regioisomer_050,0.71255692329804,2048
Morgan r3-counts,regioisomer,A,regioisomer_051,0.6525811523926749,2048
Morgan r3-counts,regioisomer,A,regioisomer_052,0.8340958441451013,2048
Morgan r3-counts,regioisomer,A,regioisomer_053,0.7424737107708143,2048
Morgan r3-counts,regioisomer,A,regioisomer_054,0.7048570656667426,2048
Morgan r3-counts,regioisomer,A,regioisomer_055,0.5463329968487932,2048
Morgan r3-counts,regioisomer,A,regioisomer_056,0.7227765781934987,2048
Morgan r3-counts,regioisomer,A,regioisomer_057,0.7135941066376917,2048
Morgan r3-counts,regioisomer,A,regioisomer_058,0.5874239710138494,2048
Morgan r3-counts,regioisomer,A,regioisomer_059,0.728932803313609,2048
Morgan r3-counts,regioisomer,A,regioisomer_060,0.620990780336799,2048
Morgan r3-counts,regioisomer,A,regioisomer_061,0.7465734300169549,2048
Morgan r3-counts,regioisomer,A,regioisomer_062,0.6793334460331816,2048
Morgan r3-counts,regioisomer,A,regioisomer_063,0.45586446467210257,2048
Morgan r3-counts,regioisomer,A,regioisomer_064,0.5149687796266453,2048
Morgan r3-counts,regioisomer,A,regioisomer_065,0.67208528458974,2048
Morgan r3-counts,regioisomer,A,regioisomer_066,0.7443079566103589,2048
Morgan r3-counts,regioisomer,A,regioisomer_067,0.6247317707009817,2048
Morgan r3-counts,regioisomer,A,regioisomer_068,0.6065684342592405,2048
Morgan r3-counts,regioisomer,A,regioisomer_069,0.6844750245654304,2048
Morgan r3-counts,regioisomer,A,regioisomer_070,0.5732958392266001,2048
Morgan r3-counts,regioisomer,A,regioisomer_071,0.6613499040447671,2048
Morgan r3-counts,regioisomer,A,regioisomer_072,0.6812062452602106,2048
Morgan r3-counts,regioisomer,A,regioisomer_073,0.6918388842221357,2048
Morgan r3-counts,regioisomer,A,regioisomer_074,0.694019844038628,2048
Morgan r3-counts,regioisomer,A,regioisomer_075,0.6556610833510521,2048
Morgan r3-counts,regioisomer,A,regioisomer_076,0.6909528352749806,2048
Morgan r3-counts,regioisomer,A,regioisomer_077,0.6835028037075166,2048
Morgan r3-counts,regioisomer,A,regioisomer_078,0.7349500400921537,2048
Morgan r3-counts,regioisomer,A,regioisomer_079,0.7259999356732749,2048
Morgan r3-counts,regioisomer,A,regioisomer_080,0.5479576106749118,2048
Morgan r3-counts,regioisomer,A,regioisomer_081,0.7098590419873421,2048
Morgan r3-counts,regioisomer,A,regioisomer_082,0.608795988848548,2048
Morgan r3-counts,regioisomer,A,regioisomer_083,0.6471600894254499,2048
Morgan r3-counts,regioisomer,A,regioisomer_084,0.6987248860408387,2048
Morgan r3-counts,regioisomer,A,regioisomer_085,0.661469711859685,2048
Morgan r3-counts,regioisomer,A,regioisomer_086,0.7260953902456695,2048
Morgan r3-counts,regioisomer,A,regioisomer_087,0.6428895362704866,2048
Morgan r3-counts,regioisomer,A,regioisomer_088,0.6633729024594757,2048
Morgan r3-counts,regioisomer,A,regioisomer_089,0.5938116165514512,2048
Morgan r3-counts,regioisomer,A,regioisomer_090,0.6233450006978736,2048
Morgan r3-counts,regioisomer,A,regioisomer_091,0.6975502996599713,2048
Morgan r3-counts,regioisomer,A,regioisomer_092,0.7359867064684138,2048
Morgan r3-counts,regioisomer,A,regioisomer_093,0.8494990415816077,2048
Morgan r3-counts,regioisomer,A,regioisomer_094,0.534270720647172,2048
Morgan r3-counts,regioisomer,A,regioisomer_095,0.6969327737390322,2048
Morgan r3-counts,regioisomer,A,regioisomer_096,0.47774688495000656,2048
Morgan r3-counts,regioisomer,A,regioisomer_097,0.6757937000108561,2048
Morgan r3-counts,regioisomer,A,regioisomer_098,0.7713552178246549,2048
Morgan r3-counts,regioisomer,A,regioisomer_099,0.692922035651808,2048
Morgan r3-counts,matched_mw,A,matched_mw_000,0.49644273981499537,2048
Morgan r3-counts,matched_mw,A,matched_mw_001,0.4488781671231473,2048
Morgan r3-counts,matched_mw,A,matched_mw_002,0.5429675604649425,2048
Morgan r3-counts,matched_mw,A,matched_mw_003,0.4373296840168227,2048
Morgan r3-counts,matched_mw,A,matched_mw_004,0.8340604913657467,2048
Morgan r3-counts,matched_mw,A,matched_mw_005,0.5974006742403543,2048
Morgan r3-counts,matched_mw,A,matched_mw_006,0.7969353504152299,2048
Morgan r3-counts,matched_mw,A,matched_mw_007,0.5058269713337398,2048
Morgan r3-counts,matched_mw,A,matched_mw_008,0.8064030111267396,2048
Morgan r3-counts,matched_mw,A,matched_mw_009,0.8958303438215387,2048
Morgan r3-counts,matched_mw,A,matched_mw_010,0.531059459401124,2048
Morgan r3-counts,matched_mw,A,matched_mw_011,0.5238846262667184,2048
Morgan r3-counts,matched_mw,A,matched_mw_012,0.5192033521521989,2048
Morgan r3-counts,matched_mw,A,matched_mw_013,0.6483588698741544,2048
Morgan r3-counts,matched_mw,A,matched_mw_014,0.65003331972813,2048
Morgan r3-counts,matched_mw,A,matched_mw_015,0.5942186867604285,2048
Morgan r3-counts,matched_mw,A,matched_mw_016,0.5134362365292128,2048
Morgan r3-counts,matched_mw,A,matched_mw_017,0.6873384994613629,2048
Morgan r3-counts,matched_mw,A,matched_mw_018,0.6659208500179398,2048
Morgan r3-counts,matched_mw,A,matched_mw_019,0.6336808467970819,2048
Morgan r3-counts,matched_mw,A,matched_mw_020,0.4812632671957113,2048
Morgan r3-counts,matched_mw,A,matched_mw_021,0.6559384086203746,2048
Morgan r3-counts,matched_mw,A,matched_mw_022,0.7981621016328491,2048
Morgan r3-counts,matched_mw,A,matched_mw_023,0.7558750094706937,2048
Morgan r3-counts,matched_mw,A,matched_mw_024,0.86329508097381,2048
Morgan r3-counts,matched_mw,A,matched_mw_025,0.9504674018144483,2048
Morgan r3-counts,matched_mw,A,matched_mw_026,0.763382371475661,2048
Morgan r3-counts,matched_mw,A,matched_mw_027,0.6975050935629917,2048
Morgan r3-counts,matched_mw,A,matched_mw_028,0.7347518361024498,2048
Morgan r3-counts,matched_mw,A,matched_mw_029,0.7037490445230927,2048
Morgan r3-counts,matched_mw,A,matched_mw_030,0.7115024806302173,2048
Morgan r3-counts,matched_mw,A,matched_mw_031,0.5329616070541416,2048
Morgan r3-counts,matched_mw,A,matched_mw_032,0.8225417076796152,2048
Morgan r3-counts,matched_mw,A,matched_mw_033,0.8860131306829864,2048
Morgan r3-counts,matched_mw,A,matched_mw_034,0.6416782570559568,2048
Morgan r3-counts,matched_mw,A,matched_mw_035,0.6660225380881968,2048
Morgan r3-counts,matched_mw,A,matched_mw_036,0.8695013519968571,2048
Morgan r3-counts,matched_mw,A,matched_mw_037,0.49137827153443014,2048
Morgan r3-counts,matched_mw,A,matched_mw_038,0.792685347920492,2048
Morgan r3-counts,matched_mw,A,matched_mw_039,0.6488094415556759,2048
Morgan r3-counts,matched_mw,A,matched_mw_040,0.5425972737669723,2048
Morgan r3-counts,matched_mw,A,matched_mw_041,0.6528080688832585,2048
Morgan r3-counts,matched_mw,A,matched_mw_042,0.8012114591551662,2048
Morgan r3-counts,matched_mw,A,matched_mw_043,0.7413123698734393,2048
Morgan r3-counts,matched_mw,A,matched_mw_044,0.8499985958960147,2048
Morgan r3-counts,matched_mw,A,matched_mw_045,0.8120927117280948,2048
Morgan r3-counts,matched_mw,A,matched_mw_046,0.9325480800832686,2048
Morgan r3-counts,matched_mw,A,matched_mw_047,0.8051772958621668,2048
Morgan r3-counts,matched_mw,A,matched_mw_048,0.7538031071725052,2048
Morgan r3-counts,matched_mw,A,matched_mw_049,0.7772867097343468,2048
Morgan r3-counts,matched_mw,A,matched_mw_050,0.6178200191772149,2048
Morgan r3-counts,matched_mw,A,matched_mw_051,0.8420378641230494,2048
Morgan r3-counts,matched_mw,A,matched_mw_052,0.9918947002928167,2048
Morgan r3-counts,matched_mw,A,matched_mw_053,0.9422493067264256,2048
Morgan r3-counts,matched_mw,A,matched_mw_054,0.6244808472895845,2048
Morgan r3-counts,matched_mw,A,matched_mw_055,0.896905927055645,2048
Morgan r3-counts,matched_mw,A,matched_mw_056,1.1409471396112212,2048
Morgan r3-counts,matched_mw,A,matched_mw_057,0.7659658915591939,2048
Morgan r3-counts,matched_mw,A,matched_mw_058,0.6620078974135079,2048
Morgan r3-counts,matched_mw,A,matched_mw_059,0.7882987279878539,2048
Morgan r3-counts,matched_mw,A,matched_mw_060,0.8885253359412085,2048
Morgan r3-counts,matched_mw,A,matched_mw_061,0.6069624348018898,2048
Morgan r3-counts,matched_mw,A,matched_mw_062,0.7095923649037227,2048
Morgan r3-counts,matched_mw,A,matched_mw_063,0.6335063768899544,2048
Morgan r3-counts,matched_mw,A,matched_mw_064,0.8273469690760941,2048
Morgan r3-counts,matched_mw,A,matched_mw_065,0.8332083346860889,2048
Morgan r3-counts,matched_mw,A,matched_mw_066,0.6626382628738747,2048
Morgan r3-counts,matched_mw,A,matched_mw_067,0.7446595262937852,2048
Morgan r3-counts,matched_mw,A,matched_mw_068,0.9374331194936256,2048
Morgan r3-counts,matched_mw,A,matched_mw_069,0.9392769006281766,2048
Morgan r3-counts,matched_mw,A,matched_mw_070,0.6831055622952228,2048
Morgan r3-counts,matched_mw,A,matched_mw_071,0.8835919663809275,2048
Morgan r3-counts,matched_mw,A,matched_mw_072,0.7880936613565176,2048
Morgan r3-counts,matched_mw,A,matched_mw_073,0.7675444692407104,2048
Morgan r3-counts,matched_mw,A,matched_mw_074,0.7510789828519686,2048
Morgan r3-counts,matched_mw,A,matched_mw_075,0.9493545718821019,2048
Morgan r3-counts,matched_mw,A,matched_mw_076,0.9397005192143887,2048
Morgan r3-counts,matched_mw,A,matched_mw_077,0.7124541574469903,2048
Morgan r3-counts,matched_mw,A,matched_mw_078,0.7113396829264406,2048
Morgan r3-counts,matched_mw,A,matched_mw_079,0.6909275589455325,2048
Morgan r3-counts,matched_mw,A,matched_mw_080,0.8351010741249046,2048
Morgan r3-counts,matched_mw,A,matched_mw_081,0.9620170959374883,2048
Morgan r3-counts,matched_mw,A,matched_mw_082,0.9413611481573668,2048
Morgan r3-counts,matched_mw,A,matched_mw_083,1.171150746453952,2048
Morgan r3-counts,matched_mw,A,matched_mw_084,0.7857460827105055,2048
Morgan r3-counts,matched_mw,A,matched_mw_085,0.6848783802588769,2048
Morgan r3-counts,matched_mw,A,matched_mw_086,0.7158886454999772,2048
Morgan r3-counts,matched_mw,A,matched_mw_087,0.8159913334066101,2048
Morgan r3-counts,matched_mw,A,matched_mw_088,0.8320282727586596,2048
Morgan r3-counts,matched_mw,A,matched_mw_089,0.8999918326440944,2048
Morgan r3-counts,matched_mw,A,matched_mw_090,0.7410686197422189,2048
Morgan r3-counts,matched_mw,A,matched_mw_091,1.053898050451758,2048
Morgan r3-counts,matched_mw,A,matched_mw_092,1.0143912490978682,2048
Morgan r3-counts,matched_mw,A,matched_mw_093,0.6701649727865204,2048
Morgan r3-counts,matched_mw,A,matched_mw_094,0.7943413760285686,2048
Morgan r3-counts,matched_mw,A,matched_mw_095,0.7423120359777171,2048
Morgan r3-counts,matched_mw,A,matched_mw_096,1.0968957385104376,2048
Morgan r3-counts,matched_mw,A,matched_mw_097,0.8096732223581095,2048
Morgan r3-counts,matched_mw,A,matched_mw_098,0.9516384198794756,2048
Morgan r3-counts,matched_mw,A,matched_mw_099,1.159264654782892,2048
Morgan r3-counts,matched_descriptors,A,matched_descriptors_000,1.2021667195490395,2048
Morgan r3-counts,matched_descriptors,A,matched_descriptors_001,1.2370612557714076,2048
Morgan r3-counts,matched_descriptors,A,matched_descriptors_002,1.07857770653097,2048
Morgan r3-counts,matched_descriptors,A,matched_descriptors_003,0.4001659430747506,2048
Morgan r3-counts,matched_descriptors,A,matched_descriptors_004,1.0774911591263578,2048
Morgan r3-counts,matched_descriptors,A,matched_descriptors_005,1.1475900502764942,2048
Morgan r3-counts,matched_descriptors,A,matched_descriptors_006,1.122952934110686,2048
Morgan r3-counts,matched_descriptors,A,matched_descriptors_007,1.3532126918722094,2048
Morgan r3-counts,matched_descriptors,A,matched_descriptors_008,1.2295181175716403,2048
Morgan r3-counts,matched_descriptors,A,matched_descriptors_009,1.3269992424610384,2048
Morgan r3-counts,matched_descriptors,A,matched_descriptors_010,1.229152798856304,2048
Morgan r3-counts,matched_descriptors,A,matched_descriptors_011,1.0251740195910735,2048
Morgan r3-counts,matched_descriptors,A,matched_descriptors_012,0.8507715665048435,2048
Morgan r3-counts,matched_descriptors,A,matched_descriptors_013,1.2769309409478369,2048
Morgan r3-counts,matched_descriptors,A,matched_descriptors_014,0.7233966918927743,2048
Morgan r3-counts,matched_descriptors,A,matched_descriptors_015,1.2988939616383721,2048
Morgan r3-counts,matched_descriptors,A,matched_descriptors_016,1.3531931264526726,2048
Morgan r3-counts,matched_descriptors,A,matched_descriptors_017,1.2573762394908217,2048
Morgan r3-counts,matched_descriptors,A,matched_descriptors_018,1.345489863974259,2048
Morgan r3-counts,matched_descriptors,A,matched_descriptors_019,0.5762655793918041,2048
Morgan r3-counts,matched_descriptors,A,matched_descriptors_020,1.3148636517492605,2048
Morgan r3-counts,matched_descriptors,A,matched_descriptors_021,1.0159112704710112,2048
Morgan r3-counts,matched_descriptors,A,matched_descriptors_022,1.3848034040706794,2048
Morgan r3-counts,matched_descriptors,A,matched_descriptors_023,1.017184394132905,2048
Morgan r3-counts,matched_descriptors,A,matched_descriptors_024,1.1856164207068514,2048
Morgan r3-counts,matched_descriptors,A,matched_descriptors_025,1.0605768485077687,2048
Morgan r3-counts,matched_descriptors,A,matched_descriptors_026,1.1843558158027494,2048
Morgan r3-counts,matched_descriptors,A,matched_descriptors_027,0.8980450997818261,2048
Morgan r3-counts,matched_descriptors,A,matched_descriptors_028,1.0439022178834347,2048
Morgan r3-counts,matched_descriptors,A,matched_descriptors_029,1.154215470269265,2048
Morgan r3-counts,matched_descriptors,A,matched_descriptors_030,1.39933885276393,2048
Morgan r3-counts,matched_descriptors,A,matched_descriptors_031,1.194166706736753,2048
Morgan r3-counts,matched_descriptors,A,matched_descriptors_032,1.2826671880384002,2048
Morgan r3-counts,matched_descriptors,A,matched_descriptors_033,1.1166046468432735,2048
Morgan r3-counts,matched_descriptors,A,matched_descriptors_034,1.4102567600914255,2048
Morgan r3-counts,matched_descriptors,A,matched_descriptors_035,1.2255901701518535,2048
Morgan r3-counts,matched_descriptors,A,matched_descriptors_036,1.1314366595626668,2048
Morgan r3-counts,matched_descriptors,A,matched_descriptors_037,1.2533813305423454,2048
Morgan r3-counts,matched_descriptors,A,matched_descriptors_038,1.163456800275292,2048
Morgan r3-counts,matched_descriptors,A,matched_descriptors_039,1.3589782450662546,2048
Morgan r3-counts,matched_descriptors,A,matched_descriptors_040,1.5407771806975745,2048
Morgan r3-counts,matched_descriptors,A,matched_descriptors_041,0.9612989738480564,2048
Morgan r3-counts,matched_descriptors,A,matched_descriptors_042,1.2404927167637867,2048
Morgan r3-counts,matched_descriptors,A,matched_descriptors_043,0.5930541737876771,2048
Morgan r3-counts,matched_descriptors,A,matched_descriptors_044,1.295308712928104,2048
Morgan r3-counts,matched_descriptors,A,matched_descriptors_045,1.4992044899361463,2048
Morgan r3-counts,matched_descriptors,A,matched_descriptors_046,1.2334677691662943,2048
Morgan r3-counts,matched_descriptors,A,matched_descriptors_047,1.1713207171717401,2048
Morgan r3-counts,matched_descriptors,A,matched_descriptors_048,1.220543522238138,2048
Morgan r3-counts,matched_descriptors,A,matched_descriptors_049,1.2273904759392757,2048
Morgan r3-counts,matched_descriptors,A,matched_descriptors_050,1.269031838084199,2048
Morgan r3-counts,matched_descriptors,A,matched_descriptors_051,1.1744007551952607,2048
Morgan r3-counts,matched_descriptors,A,matched_descriptors_052,1.2788290027993041,2048
Morgan r3-counts,matched_descriptors,A,matched_descriptors_053,1.186809899245014,2048
Morgan r3-counts,matched_descriptors,A,matched_descriptors_054,1.3093741548186508,2048
Morgan r3-counts,matched_descriptors,A,matched_descriptors_055,1.1011953214853973,2048
Morgan r3-counts,matched_descriptors,A,matched_descriptors_056,1.066057113376996,2048
Morgan r3-counts,matched_descriptors,A,matched_descriptors_057,1.168551611122953,2048
Morgan r3-counts,matched_descriptors,A,matched_descriptors_058,1.0995160328904556,2048
Morgan r3-counts,matched_descriptors,A,matched_descriptors_059,1.0464270645033222,2048
Morgan r3-counts,matched_descriptors,A,matched_descriptors_060,1.1917245115615342,2048
Morgan r3-counts,matched_descriptors,A,matched_descriptors_061,1.4498181569458986,2048
Morgan r3-counts,matched_descriptors,A,matched_descriptors_062,1.3176756887151932,2048
Morgan r3-counts,matched_descriptors,A,matched_descriptors_063,1.5418580153619992,2048
Morgan r3-counts,matched_descriptors,A,matched_descriptors_064,1.2645878598259181,2048
Morgan r3-counts,matched_descriptors,A,matched_descriptors_065,1.3231936296089237,2048
Morgan r3-counts,matched_descriptors,A,matched_descriptors_066,1.3163674677973844,2048
Morgan r3-counts,matched_descriptors,A,matched_descriptors_067,1.2766252018436517,2048
Morgan r3-counts,matched_descriptors,A,matched_descriptors_068,1.1179545863548563,2048
Morgan r3-counts,matched_descriptors,A,matched_descriptors_069,1.1755040738863751,2048
Morgan r3-counts,matched_descriptors,A,matched_descriptors_070,1.5659872043580934,2048
Morgan r3-counts,matched_descriptors,A,matched_descriptors_071,1.1911212039559032,2048
Morgan r3-counts,matched_descriptors,A,matched_descriptors_072,1.0573697610082236,2048
Morgan r3-counts,matched_descriptors,A,matched_descriptors_073,1.092180393730846,2048
Morgan r3-counts,matched_descriptors,A,matched_descriptors_074,1.433301080193832,2048
Morgan r3-counts,matched_descriptors,A,matched_descriptors_075,1.2744064544118892,2048
Morgan r3-counts,matched_descriptors,A,matched_descriptors_076,0.5173182677663526,2048
Morgan r3-counts,matched_descriptors,A,matched_descriptors_077,0.7602038680265089,2048
Morgan r3-counts,matched_descriptors,A,matched_descriptors_078,1.3401150088327607,2048
Morgan r3-counts,matched_descriptors,A,matched_descriptors_079,1.2777586860899646,2048
Morgan r3-counts,matched_descriptors,A,matched_descriptors_080,1.433703889035656,2048
Morgan r3-counts,matched_descriptors,A,matched_descriptors_081,1.2669746125030223,2048
Morgan r3-counts,matched_descriptors,A,matched_descriptors_082,1.3320683383523835,2048
Morgan r3-counts,matched_descriptors,A,matched_descriptors_083,1.0707398988935886,2048
Morgan r3-counts,matched_descriptors,A,matched_descriptors_084,1.056001364245169,2048
Morgan r3-counts,matched_descriptors,A,matched_descriptors_085,1.2054914507324017,2048
Morgan r3-counts,matched_descriptors,A,matched_descriptors_086,1.0568803566786669,2048
Morgan r3-counts,matched_descriptors,A,matched_descriptors_087,1.3878195838764027,2048
Morgan r3-counts,matched_descriptors,A,matched_descriptors_088,0.8219196413724875,2048
Morgan r3-counts,matched_descriptors,A,matched_descriptors_089,1.3916876762416626,2048
Morgan r3-counts,matched_descriptors,A,matched_descriptors_090,1.3677387165322477,2048
Morgan r3-counts,matched_descriptors,A,matched_descriptors_091,1.587833062880786,2048
Morgan r3-counts,matched_descriptors,A,matched_descriptors_092,1.1913025131209318,2048
Morgan r3-counts,matched_descriptors,A,matched_descriptors_093,0.7460938808667418,2048
Morgan r3-counts,matched_descriptors,A,matched_descriptors_094,1.387258935739618,2048
Morgan r3-counts,matched_descriptors,A,matched_descriptors_095,1.2863576569898751,2048
Morgan r3-counts,matched_descriptors,A,matched_descriptors_096,1.304610853282324,2048
Morgan r3-counts,matched_descriptors,A,matched_descriptors_097,1.2976518255506186,2048
Morgan r3-counts,matched_descriptors,A,matched_descriptors_098,1.4699532742493966,2048
Morgan r3-counts,matched_descriptors,A,matched_descriptors_099,1.3534186411024407,2048
Morgan r3-counts,smiles_enumeration,B,smiles_enumeration_000,0.0,2048
Morgan r3-counts,smiles_enumeration,B,smiles_enumeration_001,0.0,2048
Morgan r3-counts,smiles_enumeration,B,smiles_enumeration_002,0.0,2048
Morgan r3-counts,smiles_enumeration,B,smiles_enumeration_003,0.0,2048
Morgan r3-counts,smiles_enumeration,B,smiles_enumeration_004,0.0,2048
Morgan r3-counts,smiles_enumeration,B,smiles_enumeration_005,0.0,2048
Morgan r3-counts,smiles_enumeration,B,smiles_enumeration_006,0.0,2048
Morgan r3-counts,smiles_enumeration,B,smiles_enumeration_007,0.0,2048
Morgan r3-counts,smiles_enumeration,B,smiles_enumeration_008,0.0,2048
Morgan r3-counts,smiles_enumeration,B,smiles_enumeration_009,0.0,2048
Morgan r3-counts,smiles_enumeration,B,smiles_enumeration_010,0.0,2048
Morgan r3-counts,smiles_enumeration,B,smiles_enumeration_011,0.0,2048
Morgan r3-counts,smiles_enumeration,B,smiles_enumeration_012,0.0,2048
Morgan r3-counts,smiles_enumeration,B,smiles_enumeration_013,0.0,2048
Morgan r3-counts,smiles_enumeration,B,smiles_enumeration_014,0.0,2048
Morgan r3-counts,smiles_enumeration,B,smiles_enumeration_015,0.0,2048
Morgan r3-counts,smiles_enumeration,B,smiles_enumeration_016,0.0,2048
Morgan r3-counts,smiles_enumeration,B,smiles_enumeration_017,0.0,2048
Morgan r3-counts,smiles_enumeration,B,smiles_enumeration_018,0.0,2048
Morgan r3-counts,smiles_enumeration,B,smiles_enumeration_019,0.0,2048
Morgan r3-counts,smiles_enumeration,B,smiles_enumeration_020,0.0,2048
Morgan r3-counts,smiles_enumeration,B,smiles_enumeration_021,0.0,2048
Morgan r3-counts,smiles_enumeration,B,smiles_enumeration_022,0.0,2048
Morgan r3-counts,smiles_enumeration,B,smiles_enumeration_023,0.0,2048
Morgan r3-counts,smiles_enumeration,B,smiles_enumeration_024,0.0,2048
Morgan r3-counts,smiles_enumeration,B,smiles_enumeration_025,0.0,2048
Morgan r3-counts,smiles_enumeration,B,smiles_enumeration_026,0.0,2048
Morgan r3-counts,smiles_enumeration,B,smiles_enumeration_027,0.0,2048
Morgan r3-counts,smiles_enumeration,B,smiles_enumeration_028,0.0,2048
Morgan r3-counts,smiles_enumeration,B,smiles_enumeration_029,0.0,2048
Morgan r3-counts,smiles_enumeration,B,smiles_enumeration_030,0.0,2048
Morgan r3-counts,smiles_enumeration,B,smiles_enumeration_031,0.0,2048
Morgan r3-counts,smiles_enumeration,B,smiles_enumeration_032,0.0,2048
Morgan r3-counts,smiles_enumeration,B,smiles_enumeration_033,0.0,2048
Morgan r3-counts,smiles_enumeration,B,smiles_enumeration_034,0.0,2048
Morgan r3-counts,smiles_enumeration,B,smiles_enumeration_035,0.0,2048
Morgan r3-counts,smiles_enumeration,B,smiles_enumeration_036,0.0,2048
Morgan r3-counts,smiles_enumeration,B,smiles_enumeration_037,0.0,2048
Morgan r3-counts,smiles_enumeration,B,smiles_enumeration_038,0.0,2048
Morgan r3-counts,smiles_enumeration,B,smiles_enumeration_039,0.0,2048
Morgan r3-counts,smiles_enumeration,B,smiles_enumeration_040,0.0,2048
Morgan r3-counts,smiles_enumeration,B,smiles_enumeration_041,0.0,2048
Morgan r3-counts,smiles_enumeration,B,smiles_enumeration_042,0.0,2048
Morgan r3-counts,smiles_enumeration,B,smiles_enumeration_043,0.0,2048
Morgan r3-counts,smiles_enumeration,B,smiles_enumeration_044,0.0,2048
Morgan r3-counts,smiles_enumeration,B,smiles_enumeration_045,0.0,2048
Morgan r3-counts,smiles_enumeration,B,smiles_enumeration_046,0.0,2048
Morgan r3-counts,smiles_enumeration,B,smiles_enumeration_047,0.0,2048
Morgan r3-counts,smiles_enumeration,B,smiles_enumeration_048,0.0,2048
Morgan r3-counts,smiles_enumeration,B,smiles_enumeration_049,0.0,2048
Morgan r3-counts,smiles_enumeration,B,smiles_enumeration_050,0.0,2048
Morgan r3-counts,smiles_enumeration,B,smiles_enumeration_051,0.0,2048
Morgan r3-counts,smiles_enumeration,B,smiles_enumeration_052,0.0,2048
Morgan r3-counts,smiles_enumeration,B,smiles_enumeration_053,0.0,2048
Morgan r3-counts,smiles_enumeration,B,smiles_enumeration_054,0.0,2048
Morgan r3-counts,smiles_enumeration,B,smiles_enumeration_055,0.0,2048
Morgan r3-counts,smiles_enumeration,B,smiles_enumeration_056,0.0,2048
Morgan r3-counts,smiles_enumeration,B,smiles_enumeration_057,0.0,2048
Morgan r3-counts,smiles_enumeration,B,smiles_enumeration_058,0.0,2048
Morgan r3-counts,smiles_enumeration,B,smiles_enumeration_059,0.0,2048
Morgan r3-counts,smiles_enumeration,B,smiles_enumeration_060,0.0,2048
Morgan r3-counts,smiles_enumeration,B,smiles_enumeration_061,0.0,2048
Morgan r3-counts,smiles_enumeration,B,smiles_enumeration_062,0.0,2048
Morgan r3-counts,smiles_enumeration,B,smiles_enumeration_063,0.0,2048
Morgan r3-counts,smiles_enumeration,B,smiles_enumeration_064,0.0,2048
Morgan r3-counts,smiles_enumeration,B,smiles_enumeration_065,0.0,2048
Morgan r3-counts,smiles_enumeration,B,smiles_enumeration_066,0.0,2048
Morgan r3-counts,smiles_enumeration,B,smiles_enumeration_067,0.0,2048
Morgan r3-counts,smiles_enumeration,B,smiles_enumeration_068,0.0,2048
Morgan r3-counts,smiles_enumeration,B,smiles_enumeration_069,0.0,2048
Morgan r3-counts,smiles_enumeration,B,smiles_enumeration_070,0.0,2048
Morgan r3-counts,smiles_enumeration,B,smiles_enumeration_071,0.0,2048
Morgan r3-counts,smiles_enumeration,B,smiles_enumeration_072,0.0,2048
Morgan r3-counts,smiles_enumeration,B,smiles_enumeration_073,0.0,2048
Morgan r3-counts,smiles_enumeration,B,smiles_enumeration_074,0.0,2048
Morgan r3-counts,smiles_enumeration,B,smiles_enumeration_075,0.0,2048
Morgan r3-counts,smiles_enumeration,B,smiles_enumeration_076,0.0,2048
Morgan r3-counts,smiles_enumeration,B,smiles_enumeration_077,0.0,2048
Morgan r3-counts,smiles_enumeration,B,smiles_enumeration_078,0.0,2048
Morgan r3-counts,smiles_enumeration,B,smiles_enumeration_079,0.0,2048
Morgan r3-counts,smiles_enumeration,B,smiles_enumeration_080,0.0,2048
Morgan r3-counts,smiles_enumeration,B,smiles_enumeration_081,0.0,2048
Morgan r3-counts,smiles_enumeration,B,smiles_enumeration_082,0.0,2048
Morgan r3-counts,smiles_enumeration,B,smiles_enumeration_083,0.0,2048
Morgan r3-counts,smiles_enumeration,B,smiles_enumeration_084,0.0,2048
Morgan r3-counts,smiles_enumeration,B,smiles_enumeration_085,0.0,2048
Morgan r3-counts,smiles_enumeration,B,smiles_enumeration_086,0.0,2048
Morgan r3-counts,smiles_enumeration,B,smiles_enumeration_087,0.0,2048
Morgan r3-counts,smiles_enumeration,B,smiles_enumeration_088,0.0,2048
Morgan r3-counts,smiles_enumeration,B,smiles_enumeration_089,0.0,2048
Morgan r3-counts,smiles_enumeration,B,smiles_enumeration_090,0.0,2048
Morgan r3-counts,smiles_enumeration,B,smiles_enumeration_091,0.0,2048
Morgan r3-counts,smiles_enumeration,B,smiles_enumeration_092,0.0,2048
Morgan r3-counts,smiles_enumeration,B,smiles_enumeration_093,0.0,2048
Morgan r3-counts,smiles_enumeration,B,smiles_enumeration_094,0.0,2048
Morgan r3-counts,smiles_enumeration,B,smiles_enumeration_095,0.0,2048
Morgan r3-counts,smiles_enumeration,B,smiles_enumeration_096,0.0,2048
Morgan r3-counts,smiles_enumeration,B,smiles_enumeration_097,0.0,2048
Morgan r3-counts,smiles_enumeration,B,smiles_enumeration_098,0.0,2048
Morgan r3-counts,smiles_enumeration,B,smiles_enumeration_099,0.0,2048
Morgan r3-counts,kekule,B,kekule_000,0.0,2048
Morgan r3-counts,kekule,B,kekule_001,0.0,2048
Morgan r3-counts,kekule,B,kekule_002,0.0,2048
Morgan r3-counts,kekule,B,kekule_003,0.0,2048
Morgan r3-counts,kekule,B,kekule_004,0.0,2048
Morgan r3-counts,kekule,B,kekule_005,0.0,2048
Morgan r3-counts,kekule,B,kekule_006,0.0,2048
Morgan r3-counts,kekule,B,kekule_007,0.0,2048
Morgan r3-counts,kekule,B,kekule_008,0.0,2048
Morgan r3-counts,kekule,B,kekule_009,0.0,2048
Morgan r3-counts,kekule,B,kekule_010,0.0,2048
Morgan r3-counts,kekule,B,kekule_011,0.0,2048
Morgan r3-counts,kekule,B,kekule_012,0.0,2048
Morgan r3-counts,kekule,B,kekule_013,0.0,2048
Morgan r3-counts,kekule,B,kekule_014,0.0,2048
Morgan r3-counts,kekule,B,kekule_015,0.0,2048
Morgan r3-counts,kekule,B,kekule_016,0.0,2048
Morgan r3-counts,kekule,B,kekule_017,0.0,2048
Morgan r3-counts,kekule,B,kekule_018,0.0,2048
Morgan r3-counts,kekule,B,kekule_019,0.0,2048
Morgan r3-counts,kekule,B,kekule_020,0.0,2048
Morgan r3-counts,kekule,B,kekule_021,0.0,2048
Morgan r3-counts,kekule,B,kekule_022,0.0,2048
Morgan r3-counts,kekule,B,kekule_023,0.0,2048
Morgan r3-counts,kekule,B,kekule_024,0.0,2048
Morgan r3-counts,kekule,B,kekule_025,0.0,2048
Morgan r3-counts,kekule,B,kekule_026,0.0,2048
Morgan r3-counts,kekule,B,kekule_027,0.0,2048
Morgan r3-counts,kekule,B,kekule_028,0.0,2048
Morgan r3-counts,kekule,B,kekule_029,0.0,2048
Morgan r3-counts,kekule,B,kekule_030,0.0,2048
Morgan r3-counts,kekule,B,kekule_031,0.0,2048
Morgan r3-counts,kekule,B,kekule_032,0.0,2048
Morgan r3-counts,kekule,B,kekule_033,0.0,2048
Morgan r3-counts,kekule,B,kekule_034,0.0,2048
Morgan r3-counts,kekule,B,kekule_035,0.0,2048
Morgan r3-counts,kekule,B,kekule_036,0.0,2048
Morgan r3-counts,kekule,B,kekule_037,0.0,2048
Morgan r3-counts,kekule,B,kekule_038,0.0,2048
Morgan r3-counts,kekule,B,kekule_039,0.0,2048
Morgan r3-counts,kekule,B,kekule_040,0.0,2048
Morgan r3-counts,kekule,B,kekule_041,0.0,2048
Morgan r3-counts,kekule,B,kekule_042,0.0,2048
Morgan r3-counts,kekule,B,kekule_043,0.0,2048
Morgan r3-counts,kekule,B,kekule_044,0.0,2048
Morgan r3-counts,kekule,B,kekule_045,0.0,2048
Morgan r3-counts,kekule,B,kekule_046,0.0,2048
Morgan r3-counts,kekule,B,kekule_047,0.0,2048
Morgan r3-counts,kekule,B,kekule_048,0.0,2048
Morgan r3-counts,kekule,B,kekule_049,0.0,2048
Morgan r3-counts,kekule,B,kekule_050,0.0,2048
Morgan r3-counts,kekule,B,kekule_051,0.0,2048
Morgan r3-counts,kekule,B,kekule_052,0.0,2048
Morgan r3-counts,kekule,B,kekule_053,0.0,2048
Morgan r3-counts,kekule,B,kekule_054,0.0,2048
Morgan r3-counts,kekule,B,kekule_055,0.0,2048
Morgan r3-counts,kekule,B,kekule_056,0.0,2048
Morgan r3-counts,kekule,B,kekule_057,0.0,2048
Morgan r3-counts,kekule,B,kekule_058,0.0,2048
Morgan r3-counts,kekule,B,kekule_059,0.0,2048
Morgan r3-counts,kekule,B,kekule_060,0.0,2048
Morgan r3-counts,kekule,B,kekule_061,0.0,2048
Morgan r3-counts,kekule,B,kekule_062,0.0,2048
Morgan r3-counts,kekule,B,kekule_063,0.0,2048
Morgan r3-counts,kekule,B,kekule_064,0.0,2048
Morgan r3-counts,kekule,B,kekule_065,0.0,2048
Morgan r3-counts,kekule,B,kekule_066,0.0,2048
Morgan r3-counts,kekule,B,kekule_067,0.0,2048
Morgan r3-counts,kekule,B,kekule_068,0.0,2048
Morgan r3-counts,kekule,B,kekule_069,0.0,2048
Morgan r3-counts,kekule,B,kekule_070,0.0,2048
Morgan r3-counts,kekule,B,kekule_071,0.0,2048
Morgan r3-counts,kekule,B,kekule_072,0.0,2048
Morgan r3-counts,kekule,B,kekule_073,0.0,2048
Morgan r3-counts,kekule,B,kekule_074,0.0,2048
Morgan r3-counts,kekule,B,kekule_075,0.0,2048
Morgan r3-counts,kekule,B,kekule_076,0.0,2048
Morgan r3-counts,kekule,B,kekule_077,0.0,2048
Morgan r3-counts,kekule,B,kekule_078,0.0,2048
Morgan r3-counts,kekule,B,kekule_079,0.0,2048
Morgan r3-counts,kekule,B,kekule_080,0.0,2048
Morgan r3-counts,kekule,B,kekule_081,0.0,2048
Morgan r3-counts,kekule,B,kekule_082,0.0,2048
Morgan r3-counts,kekule,B,kekule_083,0.0,2048
Morgan r3-counts,kekule,B,kekule_084,0.0,2048
Morgan r3-counts,kekule,B,kekule_085,0.0,2048
Morgan r3-counts,kekule,B,kekule_086,0.0,2048
Morgan r3-counts,kekule,B,kekule_087,0.0,2048
Morgan r3-counts,kekule,B,kekule_088,0.0,2048
Morgan r3-counts,kekule,B,kekule_089,0.0,2048
Morgan r3-counts,kekule,B,kekule_090,0.0,2048
Morgan r3-counts,kekule,B,kekule_091,0.0,2048
Morgan r3-counts,kekule,B,kekule_092,0.0,2048
Morgan r3-counts,kekule,B,kekule_093,0.0,2048
Morgan r3-counts,kekule,B,kekule_094,0.0,2048
Morgan r3-counts,kekule,B,kekule_095,0.0,2048
Morgan r3-counts,kekule,B,kekule_096,0.0,2048
Morgan r3-counts,kekule,B,kekule_097,0.0,2048
Morgan r3-counts,kekule,B,kekule_098,0.0,2048
Morgan r3-counts,kekule,B,kekule_099,0.0,2048
Morgan r3-counts,symmetry_equivalent,B,symmetry_equivalent_000,0.0,2048
Morgan r3-counts,symmetry_equivalent,B,symmetry_equivalent_001,0.0,2048
Morgan r3-counts,symmetry_equivalent,B,symmetry_equivalent_002,0.0,2048
Morgan r3-counts,symmetry_equivalent,B,symmetry_equivalent_003,0.0,2048
Morgan r3-counts,symmetry_equivalent,B,symmetry_equivalent_004,0.0,2048
Morgan r3-counts,symmetry_equivalent,B,symmetry_equivalent_005,0.0,2048
Morgan r3-counts,symmetry_equivalent,B,symmetry_equivalent_006,0.0,2048
Morgan r3-counts,symmetry_equivalent,B,symmetry_equivalent_007,0.0,2048
Morgan r3-counts,symmetry_equivalent,B,symmetry_equivalent_008,0.0,2048
Morgan r3-counts,symmetry_equivalent,B,symmetry_equivalent_009,0.0,2048
Morgan r3-counts,symmetry_equivalent,B,symmetry_equivalent_010,0.0,2048
Morgan r3-counts,symmetry_equivalent,B,symmetry_equivalent_011,0.0,2048
Morgan r3-counts,symmetry_equivalent,B,symmetry_equivalent_012,0.0,2048
Morgan r3-counts,symmetry_equivalent,B,symmetry_equivalent_013,0.0,2048
Morgan r3-counts,symmetry_equivalent,B,symmetry_equivalent_014,0.0,2048
Morgan r3-counts,symmetry_equivalent,B,symmetry_equivalent_015,0.0,2048
Morgan r3-counts,symmetry_equivalent,B,symmetry_equivalent_016,0.0,2048
Morgan r3-counts,symmetry_equivalent,B,symmetry_equivalent_017,0.0,2048
Morgan r3-counts,symmetry_equivalent,B,symmetry_equivalent_018,0.0,2048
Morgan r3-counts,symmetry_equivalent,B,symmetry_equivalent_019,0.0,2048
Morgan r3-counts,symmetry_equivalent,B,symmetry_equivalent_020,0.0,2048
Morgan r3-counts,symmetry_equivalent,B,symmetry_equivalent_021,0.0,2048
Morgan r3-counts,symmetry_equivalent,B,symmetry_equivalent_022,0.0,2048
Morgan r3-counts,symmetry_equivalent,B,symmetry_equivalent_023,0.0,2048
Morgan r3-counts,symmetry_equivalent,B,symmetry_equivalent_024,0.0,2048
Morgan r3-counts,symmetry_equivalent,B,symmetry_equivalent_025,0.0,2048
Morgan r3-counts,symmetry_equivalent,B,symmetry_equivalent_026,0.0,2048
Morgan r3-counts,symmetry_equivalent,B,symmetry_equivalent_027,0.0,2048
Morgan r3-counts,symmetry_equivalent,B,symmetry_equivalent_028,0.0,2048
Morgan r3-counts,symmetry_equivalent,B,symmetry_equivalent_029,0.0,2048
Morgan r3-counts,symmetry_equivalent,B,symmetry_equivalent_030,0.0,2048
Morgan r3-counts,symmetry_equivalent,B,symmetry_equivalent_031,0.0,2048
Morgan r3-counts,symmetry_equivalent,B,symmetry_equivalent_032,0.0,2048
Morgan r3-counts,symmetry_equivalent,B,symmetry_equivalent_033,0.0,2048
Morgan r3-counts,symmetry_equivalent,B,symmetry_equivalent_034,0.0,2048
Morgan r3-counts,symmetry_equivalent,B,symmetry_equivalent_035,0.0,2048
Morgan r3-counts,symmetry_equivalent,B,symmetry_equivalent_036,0.0,2048
Morgan r3-counts,symmetry_equivalent,B,symmetry_equivalent_037,0.0,2048
Morgan r3-counts,symmetry_equivalent,B,symmetry_equivalent_038,0.0,2048
Morgan r3-counts,symmetry_equivalent,B,symmetry_equivalent_039,0.0,2048
Morgan r3-counts,symmetry_equivalent,B,symmetry_equivalent_040,0.0,2048
Morgan r3-counts,symmetry_equivalent,B,symmetry_equivalent_041,0.0,2048
Morgan r3-counts,symmetry_equivalent,B,symmetry_equivalent_042,0.0,2048
Morgan r3-counts,symmetry_equivalent,B,symmetry_equivalent_043,0.0,2048
Morgan r3-counts,symmetry_equivalent,B,symmetry_equivalent_044,0.0,2048
Morgan r3-counts,symmetry_equivalent,B,symmetry_equivalent_045,0.0,2048
Morgan r3-counts,symmetry_equivalent,B,symmetry_equivalent_046,0.0,2048
Morgan r3-counts,symmetry_equivalent,B,symmetry_equivalent_047,0.0,2048
Morgan r3-counts,symmetry_equivalent,B,symmetry_equivalent_048,0.0,2048
Morgan r3-counts,symmetry_equivalent,B,symmetry_equivalent_049,0.0,2048
Morgan r3-counts,symmetry_equivalent,B,symmetry_equivalent_050,0.0,2048
Morgan r3-counts,symmetry_equivalent,B,symmetry_equivalent_051,0.0,2048
Morgan r3-counts,symmetry_equivalent,B,symmetry_equivalent_052,0.0,2048
Morgan r3-counts,symmetry_equivalent,B,symmetry_equivalent_053,0.0,2048
Morgan r3-counts,symmetry_equivalent,B,symmetry_equivalent_054,0.0,2048
Morgan r3-counts,symmetry_equivalent,B,symmetry_equivalent_055,0.0,2048
Morgan r3-counts,symmetry_equivalent,B,symmetry_equivalent_056,0.0,2048
Morgan r3-counts,symmetry_equivalent,B,symmetry_equivalent_057,0.0,2048
Morgan r3-counts,symmetry_equivalent,B,symmetry_equivalent_058,0.0,2048
Morgan r3-counts,symmetry_equivalent,B,symmetry_equivalent_059,0.0,2048
Morgan r3-counts,symmetry_equivalent,B,symmetry_equivalent_060,0.0,2048
Morgan r3-counts,symmetry_equivalent,B,symmetry_equivalent_061,0.0,2048
Morgan r3-counts,symmetry_equivalent,B,symmetry_equivalent_062,0.0,2048
Morgan r3-counts,symmetry_equivalent,B,symmetry_equivalent_063,0.0,2048
Morgan r3-counts,symmetry_equivalent,B,symmetry_equivalent_064,0.0,2048
Morgan r3-counts,symmetry_equivalent,B,symmetry_equivalent_065,0.0,2048
Morgan r3-counts,symmetry_equivalent,B,symmetry_equivalent_066,0.0,2048
Morgan r3-counts,symmetry_equivalent,B,symmetry_equivalent_067,0.0,2048
Morgan r3-counts,symmetry_equivalent,B,symmetry_equivalent_068,0.0,2048
Morgan r3-counts,symmetry_equivalent,B,symmetry_equivalent_069,0.0,2048
Morgan r3-counts,symmetry_equivalent,B,symmetry_equivalent_070,0.0,2048
Morgan r3-counts,symmetry_equivalent,B,symmetry_equivalent_071,0.0,2048
Morgan r3-counts,symmetry_equivalent,B,symmetry_equivalent_072,0.0,2048
Morgan r3-counts,symmetry_equivalent,B,symmetry_equivalent_073,0.0,2048
Morgan r3-counts,symmetry_equivalent,B,symmetry_equivalent_074,0.0,2048
Morgan r3-counts,symmetry_equivalent,B,symmetry_equivalent_075,0.0,2048
Morgan r3-counts,symmetry_equivalent,B,symmetry_equivalent_076,0.0,2048
Morgan r3-counts,symmetry_equivalent,B,symmetry_equivalent_077,0.0,2048
Morgan r3-counts,symmetry_equivalent,B,symmetry_equivalent_078,0.0,2048
Morgan r3-counts,symmetry_equivalent,B,symmetry_equivalent_079,0.0,2048
Morgan r3-counts,symmetry_equivalent,B,symmetry_equivalent_080,0.0,2048
Morgan r3-counts,symmetry_equivalent,B,symmetry_equivalent_081,0.0,2048
Morgan r3-counts,symmetry_equivalent,B,symmetry_equivalent_082,0.0,2048
Morgan r3-counts,symmetry_equivalent,B,symmetry_equivalent_083,0.0,2048
Morgan r3-counts,symmetry_equivalent,B,symmetry_equivalent_084,0.0,2048
Morgan r3-counts,symmetry_equivalent,B,symmetry_equivalent_085,0.0,2048
Morgan r3-counts,symmetry_equivalent,B,symmetry_equivalent_086,0.0,2048
Morgan r3-counts,symmetry_equivalent,B,symmetry_equivalent_087,0.0,2048
Morgan r3-counts,symmetry_equivalent,B,symmetry_equivalent_088,0.0,2048
Morgan r3-counts,symmetry_equivalent,B,symmetry_equivalent_089,0.0,2048
Morgan r3-counts,symmetry_equivalent,B,symmetry_equivalent_090,0.0,2048
Morgan r3-counts,symmetry_equivalent,B,symmetry_equivalent_091,0.0,2048
Morgan r3-counts,symmetry_equivalent,B,symmetry_equivalent_092,0.0,2048
Morgan r3-counts,symmetry_equivalent,B,symmetry_equivalent_093,0.0,2048
Morgan r3-counts,symmetry_equivalent,B,symmetry_equivalent_094,0.0,2048
Morgan r3-counts,symmetry_equivalent,B,symmetry_equivalent_095,0.0,2048
Morgan r3-counts,symmetry_equivalent,B,symmetry_equivalent_096,0.0,2048
Morgan r3-counts,symmetry_equivalent,B,symmetry_equivalent_097,0.0,2048
Morgan r3-counts,symmetry_equivalent,B,symmetry_equivalent_098,0.0,2048
Morgan r3-counts,symmetry_equivalent,B,symmetry_equivalent_099,0.0,2048
Morgan r3-cnt+desc,stereo_flip,A,stereo_flip_000,0.40295070523222826,2254
Morgan r3-cnt+desc,stereo_flip,A,stereo_flip_001,0.6998518226606081,2254
Morgan r3-cnt+desc,stereo_flip,A,stereo_flip_002,0.7338519828925564,2254
Morgan r3-cnt+desc,stereo_flip,A,stereo_flip_003,0.792357591195043,2254
Morgan r3-cnt+desc,stereo_flip,A,stereo_flip_004,0.5863568122345768,2254
Morgan r3-cnt+desc,stereo_flip,A,stereo_flip_005,0.6977795708518446,2254
Morgan r3-cnt+desc,stereo_flip,A,stereo_flip_006,0.6670306277249581,2254
Morgan r3-cnt+desc,stereo_flip,A,stereo_flip_007,0.7098375095167048,2254
Morgan r3-cnt+desc,stereo_flip,A,stereo_flip_008,0.6822898888268396,2254
Morgan r3-cnt+desc,stereo_flip,A,stereo_flip_009,0.9284153075416468,2254
Morgan r3-cnt+desc,stereo_flip,A,stereo_flip_010,0.6775617305370177,2254
Morgan r3-cnt+desc,stereo_flip,A,stereo_flip_011,0.8524794690153116,2254
Morgan r3-cnt+desc,stereo_flip,A,stereo_flip_012,0.6670306277249581,2254
Morgan r3-cnt+desc,stereo_flip,A,stereo_flip_013,0.3975313187607538,2254
Morgan r3-cnt+desc,stereo_flip,A,stereo_flip_014,0.7257183338926068,2254
Morgan r3-cnt+desc,stereo_flip,A,stereo_flip_015,0.5195099474030094,2254
Morgan r3-cnt+desc,stereo_flip,A,stereo_flip_016,0.46691321533049074,2254
Morgan r3-cnt+desc,stereo_flip,A,stereo_flip_017,0.7641658585434868,2254
Morgan r3-cnt+desc,stereo_flip,A,stereo_flip_018,0.6827331395654299,2254
Morgan r3-cnt+desc,stereo_flip,A,stereo_flip_019,0.4041987581153269,2254
Morgan r3-cnt+desc,stereo_flip,A,stereo_flip_020,0.6411713329606096,2254
Morgan r3-cnt+desc,stereo_flip,A,stereo_flip_021,0.6205826194669084,2254
Morgan r3-cnt+desc,stereo_flip,A,stereo_flip_022,0.7021168235747758,2254
Morgan r3-cnt+desc,stereo_flip,A,stereo_flip_023,0.7392088873315709,2254
Morgan r3-cnt+desc,stereo_flip,A,stereo_flip_024,0.7399692849916402,2254
Morgan r3-cnt+desc,stereo_flip,A,stereo_flip_025,0.5668015952369029,2254
Morgan r3-cnt+desc,stereo_flip,A,stereo_flip_026,0.6915384045145392,2254
Morgan r3-cnt+desc,stereo_flip,A,stereo_flip_027,0.5891477391446845,2254
Morgan r3-cnt+desc,stereo_flip,A,stereo_flip_028,0.6941405105702417,2254
Morgan r3-cnt+desc,stereo_flip,A,stereo_flip_029,0.7121221122923655,2254
Morgan r3-cnt+desc,stereo_flip,A,stereo_flip_030,0.3500908680356459,2254
Morgan r3-cnt+desc,stereo_flip,A,stereo_flip_031,0.8133665243119563,2254
Morgan r3-cnt+desc,stereo_flip,A,stereo_flip_032,0.6939536214807318,2254
Morgan r3-cnt+desc,stereo_flip,A,stereo_flip_033,0.47991190329523997,2254
Morgan r3-cnt+desc,stereo_flip,A,stereo_flip_034,0.0,2254
Morgan r3-cnt+desc,stereo_flip,A,stereo_flip_035,0.6790037241486666,2254
Morgan r3-cnt+desc,stereo_flip,A,stereo_flip_036,0.7377181629676925,2254
Morgan r3-cnt+desc,stereo_flip,A,stereo_flip_037,0.7361160903446478,2254
Morgan r3-cnt+desc,stereo_flip,A,stereo_flip_038,0.70289456808289,2254
Morgan r3-cnt+desc,stereo_flip,A,stereo_flip_039,0.0,2254
Morgan r3-cnt+desc,stereo_flip,A,stereo_flip_040,0.23502362974045707,2254
Morgan r3-cnt+desc,stereo_flip,A,stereo_flip_041,0.28475803403277405,2254
Morgan r3-cnt+desc,stereo_flip,A,stereo_flip_042,0.7803449818578807,2254
Morgan r3-cnt+desc,stereo_flip,A,stereo_flip_043,0.6670306277249581,2254
Morgan r3-cnt+desc,stereo_flip,A,stereo_flip_044,0.39186287952288607,2254
Morgan r3-cnt+desc,stereo_flip,A,stereo_flip_045,0.17276673689216385,2254
Morgan r3-cnt+desc,stereo_flip,A,stereo_flip_046,0.4650326511293452,2254
Morgan r3-cnt+desc,stereo_flip,A,stereo_flip_047,0.513182181533023,2254
Morgan r3-cnt+desc,stereo_flip,A,stereo_flip_048,0.664431334360929,2254
Morgan r3-cnt+desc,stereo_flip,A,stereo_flip_049,0.0,2254
Morgan r3-cnt+desc,stereo_flip,A,stereo_flip_050,0.8316383766899026,2254
Morgan r3-cnt+desc,stereo_flip,A,stereo_flip_051,0.0,2254
Morgan r3-cnt+desc,stereo_flip,A,stereo_flip_052,0.8671752113048068,2254
Morgan r3-cnt+desc,stereo_flip,A,stereo_flip_053,0.5307452868686869,2254
Morgan r3-cnt+desc,stereo_flip,A,stereo_flip_054,0.696415056983515,2254
Morgan r3-cnt+desc,stereo_flip,A,stereo_flip_055,0.5279596739354964,2254
Morgan r3-cnt+desc,stereo_flip,A,stereo_flip_056,0.17276673689216385,2254
Morgan r3-cnt+desc,stereo_flip,A,stereo_flip_057,0.5902553317474775,2254
Morgan r3-cnt+desc,stereo_flip,A,stereo_flip_058,0.6230007569629253,2254
Morgan r3-cnt+desc,stereo_flip,A,stereo_flip_059,0.6365711518596222,2254
Morgan r3-cnt+desc,stereo_flip,A,stereo_flip_060,0.8357600081869955,2254
Morgan r3-cnt+desc,stereo_flip,A,stereo_flip_061,0.5057756894005053,2254
Morgan r3-cnt+desc,stereo_flip,A,stereo_flip_062,0.5060514917880053,2254
Morgan r3-cnt+desc,stereo_flip,A,stereo_flip_063,0.8913191656490661,2254
Morgan r3-cnt+desc,stereo_flip,A,stereo_flip_064,0.6597169932670464,2254
Morgan r3-cnt+desc,stereo_flip,A,stereo_flip_065,0.8078929336156682,2254
Morgan r3-cnt+desc,stereo_flip,A,stereo_flip_066,0.8146358488172518,2254
Morgan r3-cnt+desc,stereo_flip,A,stereo_flip_067,0.6000791124549949,2254
Morgan r3-cnt+desc,stereo_flip,A,stereo_flip_068,0.7323145389823159,2254
Morgan r3-cnt+desc,stereo_flip,A,stereo_flip_069,0.6867911491434355,2254
Morgan r3-cnt+desc,stereo_flip,A,stereo_flip_070,0.6257407294709159,2254
Morgan r3-cnt+desc,stereo_flip,A,stereo_flip_071,0.4682896983778413,2254
Morgan r3-cnt+desc,stereo_flip,A,stereo_flip_072,0.7092988402838202,2254
Morgan r3-cnt+desc,stereo_flip,A,stereo_flip_073,0.24339303396512313,2254
Morgan r3-cnt+desc,stereo_flip,A,stereo_flip_074,0.5598478986640905,2254
Morgan r3-cnt+desc,stereo_flip,A,stereo_flip_075,0.5377241494752527,2254
Morgan r3-cnt+desc,stereo_flip,A,stereo_flip_076,0.726746254360969,2254
Morgan r3-cnt+desc,stereo_flip,A,stereo_flip_077,0.0,2254
Morgan r3-cnt+desc,stereo_flip,A,stereo_flip_078,0.7304161546320334,2254
Morgan r3-cnt+desc,stereo_flip,A,stereo_flip_079,0.6816471456162387,2254
Morgan r3-cnt+desc,stereo_flip,A,stereo_flip_080,0.7321605510360165,2254
Morgan r3-cnt+desc,stereo_flip,A,stereo_flip_081,0.9059137429699454,2254
Morgan r3-cnt+desc,stereo_flip,A,stereo_flip_082,0.7382982227126628,2254
Morgan r3-cnt+desc,stereo_flip,A,stereo_flip_083,0.7379865652424011,2254
Morgan r3-cnt+desc,stereo_flip,A,stereo_flip_084,0.4255226682477073,2254
Morgan r3-cnt+desc,stereo_flip,A,stereo_flip_085,0.43106517795673305,2254
Morgan r3-cnt+desc,stereo_flip,A,stereo_flip_086,0.6650452565713505,2254
Morgan r3-cnt+desc,stereo_flip,A,stereo_flip_087,0.6670306277249581,2254
Morgan r3-cnt+desc,stereo_flip,A,stereo_flip_088,0.6699317239864493,2254
Morgan r3-cnt+desc,stereo_flip,A,stereo_flip_089,0.760679014832573,2254
Morgan r3-cnt+desc,stereo_flip,A,stereo_flip_090,0.6235939415740681,2254
Morgan r3-cnt+desc,stereo_flip,A,stereo_flip_091,0.46308196344327524,2254
Morgan r3-cnt+desc,stereo_flip,A,stereo_flip_092,0.0,2254
Morgan r3-cnt+desc,stereo_flip,A,stereo_flip_093,0.7812716056052624,2254
Morgan r3-cnt+desc,stereo_flip,A,stereo_flip_094,0.316453416407096,2254
Morgan r3-cnt+desc,stereo_flip,A,stereo_flip_095,0.43036689866715394,2254
Morgan r3-cnt+desc,stereo_flip,A,stereo_flip_096,0.6096341978109291,2254
Morgan r3-cnt+desc,stereo_flip,A,stereo_flip_097,0.7907576885924229,2254
Morgan r3-cnt+desc,stereo_flip,A,stereo_flip_098,0.36065857755032465,2254
Morgan r3-cnt+desc,stereo_flip,A,stereo_flip_099,0.6246511603387604,2254
Morgan r3-cnt+desc,ez_flip,A,ez_flip_000,0.7384845241375,2254
Morgan r3-cnt+desc,ez_flip,A,ez_flip_001,0.8526869149739792,2254
Morgan r3-cnt+desc,ez_flip,A,ez_flip_002,0.8899114990695317,2254
Morgan r3-cnt+desc,ez_flip,A,ez_flip_003,0.902195644853912,2254
Morgan r3-cnt+desc,ez_flip,A,ez_flip_004,0.8403873234890608,2254
Morgan r3-cnt+desc,ez_flip,A,ez_flip_005,0.7088703738723434,2254
Morgan r3-cnt+desc,ez_flip,A,ez_flip_006,0.8091913828428171,2254
Morgan r3-cnt+desc,ez_flip,A,ez_flip_007,0.7750128802667093,2254
Morgan r3-cnt+desc,ez_flip,A,ez_flip_008,0.8526869149739792,2254
Morgan r3-cnt+desc,ez_flip,A,ez_flip_009,0.7528291260785558,2254
Morgan r3-cnt+desc,ez_flip,A,ez_flip_010,0.7315676010955302,2254
Morgan r3-cnt+desc,ez_flip,A,ez_flip_011,0.7456330611663579,2254
Morgan r3-cnt+desc,ez_flip,A,ez_flip_012,0.8153981117780301,2254
Morgan r3-cnt+desc,ez_flip,A,ez_flip_013,0.7332016290428587,2254
Morgan r3-cnt+desc,ez_flip,A,ez_flip_014,0.7551518277760209,2254
Morgan r3-cnt+desc,ez_flip,A,ez_flip_015,0.7825421445441479,2254
Morgan r3-cnt+desc,ez_flip,A,ez_flip_016,0.7619948692338112,2254
Morgan r3-cnt+desc,ez_flip,A,ez_flip_017,0.6505539012115318,2254
Morgan r3-cnt+desc,ez_flip,A,ez_flip_018,0.8020708044647316,2254
Morgan r3-cnt+desc,ez_flip,A,ez_flip_019,0.7520684740897051,2254
Morgan r3-cnt+desc,ez_flip,A,ez_flip_020,0.8004417282368002,2254
Morgan r3-cnt+desc,ez_flip,A,ez_flip_021,0.7922251299827191,2254
Morgan r3-cnt+desc,ez_flip,A,ez_flip_022,0.735019978048354,2254
Morgan r3-cnt+desc,ez_flip,A,ez_flip_023,0.5414267026358538,2254
Morgan r3-cnt+desc,ez_flip,A,ez_flip_024,0.8456408544332742,2254
Morgan r3-cnt+desc,ez_flip,A,ez_flip_025,0.7276693137303466,2254
Morgan r3-cnt+desc,ez_flip,A,ez_flip_026,0.7586872532856284,2254
Morgan r3-cnt+desc,ez_flip,A,ez_flip_027,0.7043656389292957,2254
Morgan r3-cnt+desc,ez_flip,A,ez_flip_028,0.7417160669343192,2254
Morgan r3-cnt+desc,ez_flip,A,ez_flip_029,0.8010651060057156,2254
Morgan r3-cnt+desc,ez_flip,A,ez_flip_030,0.807723454354215,2254
Morgan r3-cnt+desc,ez_flip,A,ez_flip_031,0.7963985967858457,2254
Morgan r3-cnt+desc,ez_flip,A,ez_flip_032,0.820342311816309,2254
Morgan r3-cnt+desc,ez_flip,A,ez_flip_033,0.9934074258796279,2254
Morgan r3-cnt+desc,ez_flip,A,ez_flip_034,0.8591670713296186,2254
Morgan r3-cnt+desc,ez_flip,A,ez_flip_035,0.7571129499256213,2254
Morgan r3-cnt+desc,ez_flip,A,ez_flip_036,0.6642838355430741,2254
Morgan r3-cnt+desc,ez_flip,A,ez_flip_037,0.8683605410491102,2254
Morgan r3-cnt+desc,ez_flip,A,ez_flip_038,0.7372994165434202,2254
Morgan r3-cnt+desc,ez_flip,A,ez_flip_039,0.686645872134761,2254
Morgan r3-cnt+desc,ez_flip,A,ez_flip_040,0.8131371215689771,2254
Morgan r3-cnt+desc,ez_flip,A,ez_flip_041,0.6826916165562289,2254
Morgan r3-cnt+desc,ez_flip,A,ez_flip_042,0.688397051748052,2254
Morgan r3-cnt+desc,ez_flip,A,ez_flip_043,0.7562073777712843,2254
Morgan r3-cnt+desc,ez_flip,A,ez_flip_044,0.7600141649388569,2254
Morgan r3-cnt+desc,ez_flip,A,ez_flip_045,0.851730768279389,2254
Morgan r3-cnt+desc,ez_flip,A,ez_flip_046,0.7673363964630894,2254
Morgan r3-cnt+desc,ez_flip,A,ez_flip_047,0.7290849636456164,2254
Morgan r3-cnt+desc,ez_flip,A,ez_flip_048,0.7551518277760209,2254
Morgan r3-cnt+desc,ez_flip,A,ez_flip_049,0.8131482916090733,2254
Morgan r3-cnt+desc,ez_flip,A,ez_flip_050,0.7047490571179142,2254
Morgan r3-cnt+desc,ez_flip,A,ez_flip_051,0.8931728059870803,2254
Morgan r3-cnt+desc,ez_flip,A,ez_flip_052,0.75906920045378,2254
Morgan r3-cnt+desc,ez_flip,A,ez_flip_053,0.7718932964318473,2254
Morgan r3-cnt+desc,ez_flip,A,ez_flip_054,0.8016633059716962,2254
Morgan r3-cnt+desc,ez_flip,A,ez_flip_055,0.678125771814564,2254
Morgan r3-cnt+desc,ez_flip,A,ez_flip_056,0.8849218968354522,2254
Morgan r3-cnt+desc,ez_flip,A,ez_flip_057,0.8145623245735383,2254
Morgan r3-cnt+desc,ez_flip,A,ez_flip_058,0.6412182481535912,2254
Morgan r3-cnt+desc,ez_flip,A,ez_flip_059,0.6777727775109015,2254
Morgan r3-cnt+desc,ez_flip,A,ez_flip_060,0.8283335360981005,2254
Morgan r3-cnt+desc,ez_flip,A,ez_flip_061,0.8908194010256385,2254
Morgan r3-cnt+desc,ez_flip,A,ez_flip_062,1.1151416761468664,2254
Morgan r3-cnt+desc,ez_flip,A,ez_flip_063,0.5871876639134523,2254
Morgan r3-cnt+desc,ez_flip,A,ez_flip_064,0.8991939025510867,2254
Morgan r3-cnt+desc,ez_flip,A,ez_flip_065,0.850074374478589,2254
Morgan r3-cnt+desc,ez_flip,A,ez_flip_066,0.828107122054091,2254
Morgan r3-cnt+desc,ez_flip,A,ez_flip_067,0.7913686514437217,2254
Morgan r3-cnt+desc,ez_flip,A,ez_flip_068,0.807599627804068,2254
Morgan r3-cnt+desc,ez_flip,A,ez_flip_069,0.8760356162260418,2254
Morgan r3-cnt+desc,ez_flip,A,ez_flip_070,0.8064044933865846,2254
Morgan r3-cnt+desc,ez_flip,A,ez_flip_071,0.6740854801822246,2254
Morgan r3-cnt+desc,ez_flip,A,ez_flip_072,0.7551518277760209,2254
Morgan r3-cnt+desc,ez_flip,A,ez_flip_073,0.7252386541427331,2254
Morgan r3-cnt+desc,ez_flip,A,ez_flip_074,0.8487421620667874,2254
Morgan r3-cnt+desc,ez_flip,A,ez_flip_075,0.9292812806344974,2254
Morgan r3-cnt+desc,ez_flip,A,ez_flip_076,0.7551518277760209,2254
Morgan r3-cnt+desc,ez_flip,A,ez_flip_077,0.6124301512040103,2254
Morgan r3-cnt+desc,ez_flip,A,ez_flip_078,0.7223122302303184,2254
Morgan r3-cnt+desc,ez_flip,A,ez_flip_079,0.9039422408206262,2254
Morgan r3-cnt+desc,ez_flip,A,ez_flip_080,0.7492088602964677,2254
Morgan r3-cnt+desc,ez_flip,A,ez_flip_081,0.7223122302303184,2254
Morgan r3-cnt+desc,ez_flip,A,ez_flip_082,0.7551518277760209,2254
Morgan r3-cnt+desc,ez_flip,A,ez_flip_083,0.6854944706280607,2254
Morgan r3-cnt+desc,ez_flip,A,ez_flip_084,0.6727370465975498,2254
Morgan r3-cnt+desc,ez_flip,A,ez_flip_085,0.7391674001116983,2254
Morgan r3-cnt+desc,ez_flip,A,ez_flip_086,0.6470217350883636,2254
Morgan r3-cnt+desc,ez_flip,A,ez_flip_087,0.9030780865572694,2254
Morgan r3-cnt+desc,ez_flip,A,ez_flip_088,0.8145623245735383,2254
Morgan r3-cnt+desc,ez_flip,A,ez_flip_089,0.6626978512319355,2254
Morgan r3-cnt+desc,ez_flip,A,ez_flip_090,0.7284438741657542,2254
Morgan r3-cnt+desc,ez_flip,A,ez_flip_091,0.7725597927507557,2254
Morgan r3-cnt+desc,ez_flip,A,ez_flip_092,0.7638791571279909,2254
Morgan r3-cnt+desc,ez_flip,A,ez_flip_093,0.8091913828428171,2254
Morgan r3-cnt+desc,ez_flip,A,ez_flip_094,0.7126931337571016,2254
Morgan r3-cnt+desc,ez_flip,A,ez_flip_095,0.8151542185641986,2254
Morgan r3-cnt+desc,ez_flip,A,ez_flip_096,0.9762460633811592,2254
Morgan r3-cnt+desc,ez_flip,A,ez_flip_097,0.757967471431357,2254
Morgan r3-cnt+desc,ez_flip,A,ez_flip_098,0.7902815812062421,2254
Morgan r3-cnt+desc,ez_flip,A,ez_flip_099,0.9039422408206262,2254
Morgan r3-cnt+desc,c_to_n,A,c_to_n_000,0.8439716958768688,2254
Morgan r3-cnt+desc,c_to_n,A,c_to_n_001,0.6756940607497434,2254
Morgan r3-cnt+desc,c_to_n,A,c_to_n_002,0.801255340067905,2254
Morgan r3-cnt+desc,c_to_n,A,c_to_n_003,0.6360227491562456,2254
Morgan r3-cnt+desc,c_to_n,A,c_to_n_004,0.6926597350665556,2254
Morgan r3-cnt+desc,c_to_n,A,c_to_n_005,0.7298851575271127,2254
Morgan r3-cnt+desc,c_to_n,A,c_to_n_006,0.9197127365464555,2254
Morgan r3-cnt+desc,c_to_n,A,c_to_n_007,0.7191760752230714,2254
Morgan r3-cnt+desc,c_to_n,A,c_to_n_008,0.7862080072109497,2254
Morgan r3-cnt+desc,c_to_n,A,c_to_n_009,0.6978628992450205,2254
Morgan r3-cnt+desc,c_to_n,A,c_to_n_010,0.6761993900441339,2254
Morgan r3-cnt+desc,c_to_n,A,c_to_n_011,0.767575654951771,2254
Morgan r3-cnt+desc,c_to_n,A,c_to_n_012,0.6538206093590998,2254
Morgan r3-cnt+desc,c_to_n,A,c_to_n_013,0.5562834103774758,2254
Morgan r3-cnt+desc,c_to_n,A,c_to_n_014,0.6228914610855213,2254
Morgan r3-cnt+desc,c_to_n,A,c_to_n_015,0.7732019544342142,2254
Morgan r3-cnt+desc,c_to_n,A,c_to_n_016,0.7521593707745958,2254
Morgan r3-cnt+desc,c_to_n,A,c_to_n_017,0.7701724356683448,2254
Morgan r3-cnt+desc,c_to_n,A,c_to_n_018,0.6980645600346125,2254
Morgan r3-cnt+desc,c_to_n,A,c_to_n_019,0.9640251066183994,2254
Morgan r3-cnt+desc,c_to_n,A,c_to_n_020,0.8056818955483985,2254
Morgan r3-cnt+desc,c_to_n,A,c_to_n_021,0.7266055803845318,2254
Morgan r3-cnt+desc,c_to_n,A,c_to_n_022,0.7350619648294165,2254
Morgan r3-cnt+desc,c_to_n,A,c_to_n_023,0.7043597363187585,2254
Morgan r3-cnt+desc,c_to_n,A,c_to_n_024,0.747489508501699,2254
Morgan r3-cnt+desc,c_to_n,A,c_to_n_025,0.6684092878960907,2254
Morgan r3-cnt+desc,c_to_n,A,c_to_n_026,0.6795356312122763,2254
Morgan r3-cnt+desc,c_to_n,A,c_to_n_027,0.7487277922985248,2254
Morgan r3-cnt+desc,c_to_n,A,c_to_n_028,0.5817399005913709,2254
Morgan r3-cnt+desc,c_to_n,A,c_to_n_029,0.8105668326873172,2254
Morgan r3-cnt+desc,c_to_n,A,c_to_n_030,0.8607335874361237,2254
Morgan r3-cnt+desc,c_to_n,A,c_to_n_031,0.8779625333554357,2254
Morgan r3-cnt+desc,c_to_n,A,c_to_n_032,0.6895761799281248,2254
Morgan r3-cnt+desc,c_to_n,A,c_to_n_033,0.6981700684400461,2254
Morgan r3-cnt+desc,c_to_n,A,c_to_n_034,0.9207976045031346,2254
Morgan r3-cnt+desc,c_to_n,A,c_to_n_035,0.8835754652643506,2254
Morgan r3-cnt+desc,c_to_n,A,c_to_n_036,0.7236404327148115,2254
Morgan r3-cnt+desc,c_to_n,A,c_to_n_037,0.46894552347772356,2254
Morgan r3-cnt+desc,c_to_n,A,c_to_n_038,0.7347212563215011,2254
Morgan r3-cnt+desc,c_to_n,A,c_to_n_039,0.771374174985139,2254
Morgan r3-cnt+desc,c_to_n,A,c_to_n_040,0.6786058703442811,2254
Morgan r3-cnt+desc,c_to_n,A,c_to_n_041,0.6488890340401202,2254
Morgan r3-cnt+desc,c_to_n,A,c_to_n_042,0.698254906257687,2254
Morgan r3-cnt+desc,c_to_n,A,c_to_n_043,0.7185489375042329,2254
Morgan r3-cnt+desc,c_to_n,A,c_to_n_044,0.9268892977557961,2254
Morgan r3-cnt+desc,c_to_n,A,c_to_n_045,0.8227508746159375,2254
Morgan r3-cnt+desc,c_to_n,A,c_to_n_046,0.7130967002189869,2254
Morgan r3-cnt+desc,c_to_n,A,c_to_n_047,0.8394389918432761,2254
Morgan r3-cnt+desc,c_to_n,A,c_to_n_048,0.6334834909517892,2254
Morgan r3-cnt+desc,c_to_n,A,c_to_n_049,0.6835903809038927,2254
Morgan r3-cnt+desc,c_to_n,A,c_to_n_050,0.8320828495433632,2254
Morgan r3-cnt+desc,c_to_n,A,c_to_n_051,0.7005947003485549,2254
Morgan r3-cnt+desc,c_to_n,A,c_to_n_052,0.7798873032839888,2254
Morgan r3-cnt+desc,c_to_n,A,c_to_n_053,0.6534198558690039,2254
Morgan r3-cnt+desc,c_to_n,A,c_to_n_054,0.7090623465613948,2254
Morgan r3-cnt+desc,c_to_n,A,c_to_n_055,0.7599226208302011,2254
Morgan r3-cnt+desc,c_to_n,A,c_to_n_056,0.94043485789092,2254
Morgan r3-cnt+desc,c_to_n,A,c_to_n_057,0.5725924056273207,2254
Morgan r3-cnt+desc,c_to_n,A,c_to_n_058,0.7352927468924282,2254
Morgan r3-cnt+desc,c_to_n,A,c_to_n_059,0.8074711831116538,2254
Morgan r3-cnt+desc,c_to_n,A,c_to_n_060,0.5787484203995213,2254
Morgan r3-cnt+desc,c_to_n,A,c_to_n_061,0.864617904535311,2254
Morgan r3-cnt+desc,c_to_n,A,c_to_n_062,0.6865244134957718,2254
Morgan r3-cnt+desc,c_to_n,A,c_to_n_063,0.7471274839959289,2254
Morgan r3-cnt+desc,c_to_n,A,c_to_n_064,0.5317819490072216,2254
Morgan r3-cnt+desc,c_to_n,A,c_to_n_065,0.6819038663898075,2254
Morgan r3-cnt+desc,c_to_n,A,c_to_n_066,0.7024219196273315,2254
Morgan r3-cnt+desc,c_to_n,A,c_to_n_067,0.7506190256615901,2254
Morgan r3-cnt+desc,c_to_n,A,c_to_n_068,0.739963970618748,2254
Morgan r3-cnt+desc,c_to_n,A,c_to_n_069,0.779682765276253,2254
Morgan r3-cnt+desc,c_to_n,A,c_to_n_070,0.6493570649361937,2254
Morgan r3-cnt+desc,c_to_n,A,c_to_n_071,0.7332947118794411,2254
Morgan r3-cnt+desc,c_to_n,A,c_to_n_072,0.8033808609708689,2254
Morgan r3-cnt+desc,c_to_n,A,c_to_n_073,0.7373514532746348,2254
Morgan r3-cnt+desc,c_to_n,A,c_to_n_074,0.7605066261115777,2254
Morgan r3-cnt+desc,c_to_n,A,c_to_n_075,0.7529519214247091,2254
Morgan r3-cnt+desc,c_to_n,A,c_to_n_076,0.9052180518182018,2254
Morgan r3-cnt+desc,c_to_n,A,c_to_n_077,0.7601148375503249,2254
Morgan r3-cnt+desc,c_to_n,A,c_to_n_078,0.8046010805388849,2254
Morgan r3-cnt+desc,c_to_n,A,c_to_n_079,0.6649044307425933,2254
Morgan r3-cnt+desc,c_to_n,A,c_to_n_080,0.8914273349839934,2254
Morgan r3-cnt+desc,c_to_n,A,c_to_n_081,0.7073545305210988,2254
Morgan r3-cnt+desc,c_to_n,A,c_to_n_082,0.6436506493572123,2254
Morgan r3-cnt+desc,c_to_n,A,c_to_n_083,0.9582059584028916,2254
Morgan r3-cnt+desc,c_to_n,A,c_to_n_084,0.8807866606788118,2254
Morgan r3-cnt+desc,c_to_n,A,c_to_n_085,0.6172440751684884,2254
Morgan r3-cnt+desc,c_to_n,A,c_to_n_086,0.8432610302022558,2254
Morgan r3-cnt+desc,c_to_n,A,c_to_n_087,0.7165892660122026,2254
Morgan r3-cnt+desc,c_to_n,A,c_to_n_088,0.645666077409727,2254
Morgan r3-cnt+desc,c_to_n,A,c_to_n_089,0.8683569589630272,2254
Morgan r3-cnt+desc,c_to_n,A,c_to_n_090,0.657234339997734,2254
Morgan r3-cnt+desc,c_to_n,A,c_to_n_091,0.5066326718449545,2254
Morgan r3-cnt+desc,c_to_n,A,c_to_n_092,0.6686599221522879,2254
Morgan r3-cnt+desc,c_to_n,A,c_to_n_093,0.7139965510363291,2254
Morgan r3-cnt+desc,c_to_n,A,c_to_n_094,0.737495664232825,2254
Morgan r3-cnt+desc,c_to_n,A,c_to_n_095,0.748870237523342,2254
Morgan r3-cnt+desc,c_to_n,A,c_to_n_096,0.8271047931149426,2254
Morgan r3-cnt+desc,c_to_n,A,c_to_n_097,0.5053012981189929,2254
Morgan r3-cnt+desc,c_to_n,A,c_to_n_098,0.7574825128089991,2254
Morgan r3-cnt+desc,c_to_n,A,c_to_n_099,0.6728911494831675,2254
Morgan r3-cnt+desc,add_methyl,A,add_methyl_000,0.7346563093181607,2254
Morgan r3-cnt+desc,add_methyl,A,add_methyl_001,0.6287823893478566,2254
Morgan r3-cnt+desc,add_methyl,A,add_methyl_002,0.8126855353401875,2254
Morgan r3-cnt+desc,add_methyl,A,add_methyl_003,0.7089110695922839,2254
Morgan r3-cnt+desc,add_methyl,A,add_methyl_004,0.7377572521822107,2254
Morgan r3-cnt+desc,add_methyl,A,add_methyl_005,0.6860142776240783,2254
Morgan r3-cnt+desc,add_methyl,A,add_methyl_006,0.7681886734673433,2254
Morgan r3-cnt+desc,add_methyl,A,add_methyl_007,0.7138789115702535,2254
Morgan r3-cnt+desc,add_methyl,A,add_methyl_008,0.7216863735760103,2254
Morgan r3-cnt+desc,add_methyl,A,add_methyl_009,0.7936338179236441,2254
Morgan r3-cnt+desc,add_methyl,A,add_methyl_010,0.6573643871808262,2254
Morgan r3-cnt+desc,add_methyl,A,add_methyl_011,0.7545099837813144,2254
Morgan r3-cnt+desc,add_methyl,A,add_methyl_012,0.7441555735619912,2254
Morgan r3-cnt+desc,add_methyl,A,add_methyl_013,0.5340538987767985,2254
Morgan r3-cnt+desc,add_methyl,A,add_methyl_014,0.744949788923828,2254
Morgan r3-cnt+desc,add_methyl,A,add_methyl_015,0.7979995255681734,2254
Morgan r3-cnt+desc,add_methyl,A,add_methyl_016,0.6948358371388551,2254
Morgan r3-cnt+desc,add_methyl,A,add_methyl_017,0.6163425265604056,2254
Morgan r3-cnt+desc,add_methyl,A,add_methyl_018,0.6157127720109217,2254
Morgan r3-cnt+desc,add_methyl,A,add_methyl_019,0.8373790846125859,2254
Morgan r3-cnt+desc,add_methyl,A,add_methyl_020,0.7188997656990118,2254
Morgan r3-cnt+desc,add_methyl,A,add_methyl_021,0.6783355312113474,2254
Morgan r3-cnt+desc,add_methyl,A,add_methyl_022,0.7112813963992802,2254
Morgan r3-cnt+desc,add_methyl,A,add_methyl_023,0.6911427627711672,2254
Morgan r3-cnt+desc,add_methyl,A,add_methyl_024,0.8276200512870128,2254
Morgan r3-cnt+desc,add_methyl,A,add_methyl_025,0.6229228050361484,2254
Morgan r3-cnt+desc,add_methyl,A,add_methyl_026,0.7523515926478472,2254
Morgan r3-cnt+desc,add_methyl,A,add_methyl_027,0.7123455481222701,2254
Morgan r3-cnt+desc,add_methyl,A,add_methyl_028,0.553081718514843,2254
Morgan r3-cnt+desc,add_methyl,A,add_methyl_029,0.7965850983477012,2254
Morgan r3-cnt+desc,add_methyl,A,add_methyl_030,0.7947772740277791,2254
Morgan r3-cnt+desc,add_methyl,A,add_methyl_031,0.9270097977427936,2254
Morgan r3-cnt+desc,add_methyl,A,add_methyl_032,0.6906010793731375,2254
Morgan r3-cnt+desc,add_methyl,A,add_methyl_033,0.8309882009069107,2254
Morgan r3-cnt+desc,add_methyl,A,add_methyl_034,0.8680655908514231,2254
Morgan r3-cnt+desc,add_methyl,A,add_methyl_035,0.925246773519818,2254
Morgan r3-cnt+desc,add_methyl,A,add_methyl_036,0.7261595097038492,2254
Morgan r3-cnt+desc,add_methyl,A,add_methyl_037,0.5982176351567696,2254
Morgan r3-cnt+desc,add_methyl,A,add_methyl_038,0.711261330806334,2254
Morgan r3-cnt+desc,add_methyl,A,add_methyl_039,0.8557605805034451,2254
Morgan r3-cnt+desc,add_methyl,A,add_methyl_040,0.5699283911901818,2254
Morgan r3-cnt+desc,add_methyl,A,add_methyl_041,0.618695641834527,2254
Morgan r3-cnt+desc,add_methyl,A,add_methyl_042,0.774322677202585,2254
Morgan r3-cnt+desc,add_methyl,A,add_methyl_043,0.6285957918533547,2254
Morgan r3-cnt+desc,add_methyl,A,add_methyl_044,0.9773702948688667,2254
Morgan r3-cnt+desc,add_methyl,A,add_methyl_045,0.8913609101632053,2254
Morgan r3-cnt+desc,add_methyl,A,add_methyl_046,0.6036416603734297,2254
Morgan r3-cnt+desc,add_methyl,A,add_methyl_047,0.6912566967627644,2254
Morgan r3-cnt+desc,add_methyl,A,add_methyl_048,0.6074330107726053,2254
Morgan r3-cnt+desc,add_methyl,A,add_methyl_049,0.688089240375098,2254
Morgan r3-cnt+desc,add_methyl,A,add_methyl_050,0.8090959839943614,2254
Morgan r3-cnt+desc,add_methyl,A,add_methyl_051,0.7405024128748914,2254
Morgan r3-cnt+desc,add_methyl,A,add_methyl_052,0.7620898303021142,2254
Morgan r3-cnt+desc,add_methyl,A,add_methyl_053,0.6977823244328883,2254
Morgan r3-cnt+desc,add_methyl,A,add_methyl_054,0.7096051008356795,2254
Morgan r3-cnt+desc,add_methyl,A,add_methyl_055,0.7166383779872344,2254
Morgan r3-cnt+desc,add_methyl,A,add_methyl_056,0.7716594499519988,2254
Morgan r3-cnt+desc,add_methyl,A,add_methyl_057,0.6145172409655942,2254
Morgan r3-cnt+desc,add_methyl,A,add_methyl_058,0.8155186696864265,2254
Morgan r3-cnt+desc,add_methyl,A,add_methyl_059,0.8526891108394546,2254
Morgan r3-cnt+desc,add_methyl,A,add_methyl_060,0.5909476024613226,2254
Morgan r3-cnt+desc,add_methyl,A,add_methyl_061,0.9201890436034371,2254
Morgan r3-cnt+desc,add_methyl,A,add_methyl_062,0.7576796714611106,2254
Morgan r3-cnt+desc,add_methyl,A,add_methyl_063,0.7619848442016285,2254
Morgan r3-cnt+desc,add_methyl,A,add_methyl_064,0.588198657499078,2254
Morgan r3-cnt+desc,add_methyl,A,add_methyl_065,0.689563216752954,2254
Morgan r3-cnt+desc,add_methyl,A,add_methyl_066,0.7183404884853939,2254
Morgan r3-cnt+desc,add_methyl,A,add_methyl_067,0.7596661696755215,2254
Morgan r3-cnt+desc,add_methyl,A,add_methyl_068,0.7126039137345257,2254
Morgan r3-cnt+desc,add_methyl,A,add_methyl_069,0.6399857646563164,2254
Morgan r3-cnt+desc,add_methyl,A,add_methyl_070,0.6185668088485524,2254
Morgan r3-cnt+desc,add_methyl,A,add_methyl_071,0.6913591808353471,2254
Morgan r3-cnt+desc,add_methyl,A,add_methyl_072,0.7319801507685804,2254
Morgan r3-cnt+desc,add_methyl,A,add_methyl_073,0.8234619845540297,2254
Morgan r3-cnt+desc,add_methyl,A,add_methyl_074,0.7378566812902719,2254
Morgan r3-cnt+desc,add_methyl,A,add_methyl_075,0.69869147431588,2254
Morgan r3-cnt+desc,add_methyl,A,add_methyl_076,0.8880525560284042,2254
Morgan r3-cnt+desc,add_methyl,A,add_methyl_077,0.8699127324060877,2254
Morgan r3-cnt+desc,add_methyl,A,add_methyl_078,0.8085891563556056,2254
Morgan r3-cnt+desc,add_methyl,A,add_methyl_079,0.743976312610588,2254
Morgan r3-cnt+desc,add_methyl,A,add_methyl_080,0.8028715148241129,2254
Morgan r3-cnt+desc,add_methyl,A,add_methyl_081,0.6932729652308963,2254
Morgan r3-cnt+desc,add_methyl,A,add_methyl_082,0.6295791323316409,2254
Morgan r3-cnt+desc,add_methyl,A,add_methyl_083,0.9371623451440654,2254
Morgan r3-cnt+desc,add_methyl,A,add_methyl_084,0.7937438600606889,2254
Morgan r3-cnt+desc,add_methyl,A,add_methyl_085,0.6578452430744405,2254
Morgan r3-cnt+desc,add_methyl,A,add_methyl_086,0.7590946106609425,2254
Morgan r3-cnt+desc,add_methyl,A,add_methyl_087,0.6838470737205855,2254
Morgan r3-cnt+desc,add_methyl,A,add_methyl_088,0.7056536036211554,2254
Morgan r3-cnt+desc,add_methyl,A,add_methyl_089,0.8654222883458585,2254
Morgan r3-cnt+desc,add_methyl,A,add_methyl_090,0.689822351513056,2254
Morgan r3-cnt+desc,add_methyl,A,add_methyl_091,0.5170785190137303,2254
Morgan r3-cnt+desc,add_methyl,A,add_methyl_092,0.7036547272327208,2254
Morgan r3-cnt+desc,add_methyl,A,add_methyl_093,0.6575171655464664,2254
Morgan r3-cnt+desc,add_methyl,A,add_methyl_094,0.6076708176306984,2254
Morgan r3-cnt+desc,add_methyl,A,add_methyl_095,0.6804875592790313,2254
Morgan r3-cnt+desc,add_methyl,A,add_methyl_096,0.8554816849355992,2254
Morgan r3-cnt+desc,add_methyl,A,add_methyl_097,0.590389713091241,2254
Morgan r3-cnt+desc,add_methyl,A,add_methyl_098,0.7073163503826762,2254
Morgan r3-cnt+desc,add_methyl,A,add_methyl_099,0.7089535626304649,2254
Morgan r3-cnt+desc,add_fluorine,A,add_fluorine_000,0.7869202363820677,2254
Morgan r3-cnt+desc,add_fluorine,A,add_fluorine_001,0.5782088440372604,2254
Morgan r3-cnt+desc,add_fluorine,A,add_fluorine_002,0.7731357028540228,2254
Morgan r3-cnt+desc,add_fluorine,A,add_fluorine_003,0.6867199743028586,2254
Morgan r3-cnt+desc,add_fluorine,A,add_fluorine_004,0.7813487247619307,2254
Morgan r3-cnt+desc,add_fluorine,A,add_fluorine_005,0.6742183776954306,2254
Morgan r3-cnt+desc,add_fluorine,A,add_fluorine_006,0.7421683565157052,2254
Morgan r3-cnt+desc,add_fluorine,A,add_fluorine_007,0.7390954688924949,2254
Morgan r3-cnt+desc,add_fluorine,A,add_fluorine_008,0.7494224594111654,2254
Morgan r3-cnt+desc,add_fluorine,A,add_fluorine_009,0.829461538470057,2254
Morgan r3-cnt+desc,add_fluorine,A,add_fluorine_010,0.695388550315862,2254
Morgan r3-cnt+desc,add_fluorine,A,add_fluorine_011,0.7782618817758477,2254
Morgan r3-cnt+desc,add_fluorine,A,add_fluorine_012,0.6664522002526425,2254
Morgan r3-cnt+desc,add_fluorine,A,add_fluorine_013,0.5434753700602494,2254
Morgan r3-cnt+desc,add_fluorine,A,add_fluorine_014,0.7035084602715057,2254
Morgan r3-cnt+desc,add_fluorine,A,add_fluorine_015,0.7095870059092434,2254
Morgan r3-cnt+desc,add_fluorine,A,add_fluorine_016,0.6869790117184196,2254
Morgan r3-cnt+desc,add_fluorine,A,add_fluorine_017,0.6782112824514301,2254
Morgan r3-cnt+desc,add_fluorine,A,add_fluorine_018,0.6381587392988817,2254
Morgan r3-cnt+desc,add_fluorine,A,add_fluorine_019,0.849395056561989,2254
Morgan r3-cnt+desc,add_fluorine,A,add_fluorine_020,0.7160850547218112,2254
Morgan r3-cnt+desc,add_fluorine,A,add_fluorine_021,0.756393628338334,2254
Morgan r3-cnt+desc,add_fluorine,A,add_fluorine_022,0.6671708792700658,2254
Morgan r3-cnt+desc,add_fluorine,A,add_fluorine_023,0.6498140880737112,2254
Morgan r3-cnt+desc,add_fluorine,A,add_fluorine_024,0.8692108148113586,2254
Morgan r3-cnt+desc,add_fluorine,A,add_fluorine_025,0.6164682232243455,2254
Morgan r3-cnt+desc,add_fluorine,A,add_fluorine_026,0.7054819271044991,2254
Morgan r3-cnt+desc,add_fluorine,A,add_fluorine_027,0.620783470840899,2254
Morgan r3-cnt+desc,add_fluorine,A,add_fluorine_028,0.565876474948368,2254
Morgan r3-cnt+desc,add_fluorine,A,add_fluorine_029,0.8130690847809939,2254
Morgan r3-cnt+desc,add_fluorine,A,add_fluorine_030,0.7090912445465266,2254
Morgan r3-cnt+desc,add_fluorine,A,add_fluorine_031,0.9142779972449443,2254
Morgan r3-cnt+desc,add_fluorine,A,add_fluorine_032,0.7148049440397227,2254
Morgan r3-cnt+desc,add_fluorine,A,add_fluorine_033,0.7252101236004496,2254
Morgan r3-cnt+desc,add_fluorine,A,add_fluorine_034,0.8997466849719492,2254
Morgan r3-cnt+desc,add_fluorine,A,add_fluorine_035,0.8954148192875436,2254
Morgan r3-cnt+desc,add_fluorine,A,add_fluorine_036,0.7244158269673874,2254
Morgan r3-cnt+desc,add_fluorine,A,add_fluorine_037,0.5726046381386033,2254
Morgan r3-cnt+desc,add_fluorine,A,add_fluorine_038,0.6667382788699047,2254
Morgan r3-cnt+desc,add_fluorine,A,add_fluorine_039,0.8322728911384859,2254
Morgan r3-cnt+desc,add_fluorine,A,add_fluorine_040,0.5518691642138361,2254
Morgan r3-cnt+desc,add_fluorine,A,add_fluorine_041,0.6263514445290018,2254
Morgan r3-cnt+desc,add_fluorine,A,add_fluorine_042,0.7164345538479246,2254
Morgan r3-cnt+desc,add_fluorine,A,add_fluorine_043,0.6883608384315625,2254
Morgan r3-cnt+desc,add_fluorine,A,add_fluorine_044,0.9921912846372014,2254
Morgan r3-cnt+desc,add_fluorine,A,add_fluorine_045,0.8117574874105754,2254
Morgan r3-cnt+desc,add_fluorine,A,add_fluorine_046,0.7196815606279142,2254
Morgan r3-cnt+desc,add_fluorine,A,add_fluorine_047,0.660032109854755,2254
Morgan r3-cnt+desc,add_fluorine,A,add_fluorine_048,0.5819302442254518,2254
Morgan r3-cnt+desc,add_fluorine,A,add_fluorine_049,0.7077245162054435,2254
Morgan r3-cnt+desc,add_fluorine,A,add_fluorine_050,0.8578169394828457,2254
Morgan r3-cnt+desc,add_fluorine,A,add_fluorine_051,0.7770497354767455,2254
Morgan r3-cnt+desc,add_fluorine,A,add_fluorine_052,0.7528581859994131,2254
Morgan r3-cnt+desc,add_fluorine,A,add_fluorine_053,0.5856681576764122,2254
Morgan r3-cnt+desc,add_fluorine,A,add_fluorine_054,0.6291902157676219,2254
Morgan r3-cnt+desc,add_fluorine,A,add_fluorine_055,0.6875538516928101,2254
Morgan r3-cnt+desc,add_fluorine,A,add_fluorine_056,0.7275278821361796,2254
Morgan r3-cnt+desc,add_fluorine,A,add_fluorine_057,0.6024229320195351,2254
Morgan r3-cnt+desc,add_fluorine,A,add_fluorine_058,0.7473370051758157,2254
Morgan r3-cnt+desc,add_fluorine,A,add_fluorine_059,0.8443451639193025,2254
Morgan r3-cnt+desc,add_fluorine,A,add_fluorine_060,0.6607740662686652,2254
Morgan r3-cnt+desc,add_fluorine,A,add_fluorine_061,0.8317749645794286,2254
Morgan r3-cnt+desc,add_fluorine,A,add_fluorine_062,0.7344172473817328,2254
Morgan r3-cnt+desc,add_fluorine,A,add_fluorine_063,0.861051368651481,2254
Morgan r3-cnt+desc,add_fluorine,A,add_fluorine_064,0.5740242559209401,2254
Morgan r3-cnt+desc,add_fluorine,A,add_fluorine_065,0.712272427764002,2254
Morgan r3-cnt+desc,add_fluorine,A,add_fluorine_066,0.660252842370613,2254
Morgan r3-cnt+desc,add_fluorine,A,add_fluorine_067,0.7232952267466833,2254
Morgan r3-cnt+desc,add_fluorine,A,add_fluorine_068,0.6889460595969034,2254
Morgan r3-cnt+desc,add_fluorine,A,add_fluorine_069,0.6485421730468829,2254
Morgan r3-cnt+desc,add_fluorine,A,add_fluorine_070,0.6331365711673397,2254
Morgan r3-cnt+desc,add_fluorine,A,add_fluorine_071,0.7074627252733962,2254
Morgan r3-cnt+desc,add_fluorine,A,add_fluorine_072,0.761841339745585,2254
Morgan r3-cnt+desc,add_fluorine,A,add_fluorine_073,0.8350445367434133,2254
Morgan r3-cnt+desc,add_fluorine,A,add_fluorine_074,0.769117257668855,2254
Morgan r3-cnt+desc,add_fluorine,A,add_fluorine_075,0.8001123505097746,2254
Morgan r3-cnt+desc,add_fluorine,A,add_fluorine_076,0.9041221998105022,2254
Morgan r3-cnt+desc,add_fluorine,A,add_fluorine_077,0.8783389421400833,2254
Morgan r3-cnt+desc,add_fluorine,A,add_fluorine_078,0.8071041077039085,2254
Morgan r3-cnt+desc,add_fluorine,A,add_fluorine_079,0.7115816671539167,2254
Morgan r3-cnt+desc,add_fluorine,A,add_fluorine_080,0.8272125920208904,2254
Morgan r3-cnt+desc,add_fluorine,A,add_fluorine_081,0.6754161721878329,2254
Morgan r3-cnt+desc,add_fluorine,A,add_fluorine_082,0.6312585623614655,2254
Morgan r3-cnt+desc,add_fluorine,A,add_fluorine_083,0.9208639004059044,2254
Morgan r3-cnt+desc,add_fluorine,A,add_fluorine_084,0.8511699638487635,2254
Morgan r3-cnt+desc,add_fluorine,A,add_fluorine_085,0.6215635380290715,2254
Morgan r3-cnt+desc,add_fluorine,A,add_fluorine_086,0.8671956858235946,2254
Morgan r3-cnt+desc,add_fluorine,A,add_fluorine_087,0.690859130120187,2254
Morgan r3-cnt+desc,add_fluorine,A,add_fluorine_088,0.6802073144375708,2254
Morgan r3-cnt+desc,add_fluorine,A,add_fluorine_089,0.8552321355659795,2254
Morgan r3-cnt+desc,add_fluorine,A,add_fluorine_090,0.637144431218071,2254
Morgan r3-cnt+desc,add_fluorine,A,add_fluorine_091,0.5166306337737335,2254
Morgan r3-cnt+desc,add_fluorine,A,add_fluorine_092,0.7220852634206454,2254
Morgan r3-cnt+desc,add_fluorine,A,add_fluorine_093,0.6684480689983848,2254
Morgan r3-cnt+desc,add_fluorine,A,add_fluorine_094,0.5657581904266786,2254
Morgan r3-cnt+desc,add_fluorine,A,add_fluorine_095,0.7306148716740564,2254
Morgan r3-cnt+desc,add_fluorine,A,add_fluorine_096,0.8512471792212181,2254
Morgan r3-cnt+desc,add_fluorine,A,add_fluorine_097,0.5060073918576163,2254
Morgan r3-cnt+desc,add_fluorine,A,add_fluorine_098,0.7307205092227509,2254
Morgan r3-cnt+desc,add_fluorine,A,add_fluorine_099,0.7267278368111001,2254
Morgan r3-cnt+desc,isotope_13c,A,isotope_13c_000,0.0061147511098163495,2254
Morgan r3-cnt+desc,isotope_13c,A,isotope_13c_001,0.0002006462156681711,2254
Morgan r3-cnt+desc,isotope_13c,A,isotope_13c_002,0.009361176108725323,2254
Morgan r3-cnt+desc,isotope_13c,A,isotope_13c_003,0.009565189742461584,2254
Morgan r3-cnt+desc,isotope_13c,A,isotope_13c_004,0.004608673380306371,2254
Morgan r3-cnt+desc,isotope_13c,A,isotope_13c_005,0.006008542735276273,2254
Morgan r3-cnt+desc,isotope_13c,A,isotope_13c_006,0.011421336071863936,2254
Morgan r3-cnt+desc,isotope_13c,A,isotope_13c_007,0.0046620207652338175,2254
Morgan r3-cnt+desc,isotope_13c,A,isotope_13c_008,0.0002151612976029496,2254
Morgan r3-cnt+desc,isotope_13c,A,isotope_13c_009,0.003532763500284629,2254
Morgan r3-cnt+desc,isotope_13c,A,isotope_13c_010,0.03150446250652916,2254
Morgan r3-cnt+desc,isotope_13c,A,isotope_13c_011,0.031659816926975,2254
Morgan r3-cnt+desc,isotope_13c,A,isotope_13c_012,0.004550896094953507,2254
Morgan r3-cnt+desc,isotope_13c,A,isotope_13c_013,0.011398274486826645,2254
Morgan r3-cnt+desc,isotope_13c,A,isotope_13c_014,0.01074527028768318,2254
Morgan r3-cnt+desc,isotope_13c,A,isotope_13c_015,0.004844177854257225,2254
Morgan r3-cnt+desc,isotope_13c,A,isotope_13c_016,0.0044785852030222156,2254
Morgan r3-cnt+desc,isotope_13c,A,isotope_13c_017,0.8033840991410627,2254
Morgan r3-cnt+desc,isotope_13c,A,isotope_13c_018,0.006281019003169981,2254
Morgan r3-cnt+desc,isotope_13c,A,isotope_13c_019,0.0017266441341939533,2254
Morgan r3-cnt+desc,isotope_13c,A,isotope_13c_020,0.0046136561771936094,2254
Morgan r3-cnt+desc,isotope_13c,A,isotope_13c_021,0.7697587448069609,2254
Morgan r3-cnt+desc,isotope_13c,A,isotope_13c_022,0.0029831442632013124,2254
Morgan r3-cnt+desc,isotope_13c,A,isotope_13c_023,0.004614499192580168,2254
Morgan r3-cnt+desc,isotope_13c,A,isotope_13c_024,0.0028927743803428027,2254
Morgan r3-cnt+desc,isotope_13c,A,isotope_13c_025,0.01405253071910634,2254
Morgan r3-cnt+desc,isotope_13c,A,isotope_13c_026,0.03147093415179798,2254
Morgan r3-cnt+desc,isotope_13c,A,isotope_13c_027,0.010737869909437493,2254
Morgan r3-cnt+desc,isotope_13c,A,isotope_13c_028,0.0035877843811664197,2254
Morgan r3-cnt+desc,isotope_13c,A,isotope_13c_029,0.7098426072101591,2254
Morgan r3-cnt+desc,isotope_13c,A,isotope_13c_030,0.005922413726703109,2254
Morgan r3-cnt+desc,isotope_13c,A,isotope_13c_031,0.015110794865937685,2254
Morgan r3-cnt+desc,isotope_13c,A,isotope_13c_032,0.0050769788711352,2254
Morgan r3-cnt+desc,isotope_13c,A,isotope_13c_033,0.003414425967258763,2254
Morgan r3-cnt+desc,isotope_13c,A,isotope_13c_034,0.00577457172432257,2254
Morgan r3-cnt+desc,isotope_13c,A,isotope_13c_035,0.0015211176224743663,2254
Morgan r3-cnt+desc,isotope_13c,A,isotope_13c_036,0.003467146117955829,2254
Morgan r3-cnt+desc,isotope_13c,A,isotope_13c_037,0.014187740072186372,2254
Morgan r3-cnt+desc,isotope_13c,A,isotope_13c_038,0.004839652133548057,2254
Morgan r3-cnt+desc,isotope_13c,A,isotope_13c_039,0.005974227586558903,2254
Morgan r3-cnt+desc,isotope_13c,A,isotope_13c_040,0.00548103471054999,2254
Morgan r3-cnt+desc,isotope_13c,A,isotope_13c_041,0.005324615294399054,2254
Morgan r3-cnt+desc,isotope_13c,A,isotope_13c_042,0.004541900637436741,2254
Morgan r3-cnt+desc,isotope_13c,A,isotope_13c_043,0.0002162874179086285,2254
Morgan r3-cnt+desc,isotope_13c,A,isotope_13c_044,0.0037768802989406485,2254
Morgan r3-cnt+desc,isotope_13c,A,isotope_13c_045,0.009662030187565144,2254
Morgan r3-cnt+desc,isotope_13c,A,isotope_13c_046,0.00412359475005901,2254
Morgan r3-cnt+desc,isotope_13c,A,isotope_13c_047,0.01151873492025276,2254
Morgan r3-cnt+desc,isotope_13c,A,isotope_13c_048,0.01836174965008039,2254
Morgan r3-cnt+desc,isotope_13c,A,isotope_13c_049,0.006340609571232037,2254
Morgan r3-cnt+desc,isotope_13c,A,isotope_13c_050,0.004948118628669541,2254
Morgan r3-cnt+desc,isotope_13c,A,isotope_13c_051,0.003403893475148986,2254
Morgan r3-cnt+desc,isotope_13c,A,isotope_13c_052,0.004222113130893321,2254
Morgan r3-cnt+desc,isotope_13c,A,isotope_13c_053,0.005098372255933084,2254
Morgan r3-cnt+desc,isotope_13c,A,isotope_13c_054,0.004706977625760476,2254
Morgan r3-cnt+desc,isotope_13c,A,isotope_13c_055,0.004704434577234563,2254
Morgan r3-cnt+desc,isotope_13c,A,isotope_13c_056,0.03150968494473177,2254
Morgan r3-cnt+desc,isotope_13c,A,isotope_13c_057,0.005357097969698181,2254
Morgan r3-cnt+desc,isotope_13c,A,isotope_13c_058,0.011904850563348023,2254
Morgan r3-cnt+desc,isotope_13c,A,isotope_13c_059,0.003979186575565614,2254
Morgan r3-cnt+desc,isotope_13c,A,isotope_13c_060,0.00303041375764576,2254
Morgan r3-cnt+desc,isotope_13c,A,isotope_13c_061,0.011018037692622006,2254
Morgan r3-cnt+desc,isotope_13c,A,isotope_13c_062,0.004159146670986221,2254
Morgan r3-cnt+desc,isotope_13c,A,isotope_13c_063,0.00021962393201612002,2254
Morgan r3-cnt+desc,isotope_13c,A,isotope_13c_064,0.03266845813256662,2254
Morgan r3-cnt+desc,isotope_13c,A,isotope_13c_065,0.002753981322487669,2254
Morgan r3-cnt+desc,isotope_13c,A,isotope_13c_066,0.003335124981421701,2254
Morgan r3-cnt+desc,isotope_13c,A,isotope_13c_067,0.00023697747967016985,2254
Morgan r3-cnt+desc,isotope_13c,A,isotope_13c_068,0.009864980425134682,2254
Morgan r3-cnt+desc,isotope_13c,A,isotope_13c_069,0.008243742177137331,2254
Morgan r3-cnt+desc,isotope_13c,A,isotope_13c_070,0.006585276389501742,2254
Morgan r3-cnt+desc,isotope_13c,A,isotope_13c_071,0.015451763447054206,2254
Morgan r3-cnt+desc,isotope_13c,A,isotope_13c_072,0.004671844825081242,2254
Morgan r3-cnt+desc,isotope_13c,A,isotope_13c_073,0.00020436488101650943,2254
Morgan r3-cnt+desc,isotope_13c,A,isotope_13c_074,0.005412707002288293,2254
Morgan r3-cnt+desc,isotope_13c,A,isotope_13c_075,0.03196412288747239,2254
Morgan r3-cnt+desc,isotope_13c,A,isotope_13c_076,0.003685440915425856,2254
Morgan r3-cnt+desc,isotope_13c,A,isotope_13c_077,0.004898172602724665,2254
Morgan r3-cnt+desc,isotope_13c,A,isotope_13c_078,0.004020797277111978,2254
Morgan r3-cnt+desc,isotope_13c,A,isotope_13c_079,0.005300457286311128,2254
Morgan r3-cnt+desc,isotope_13c,A,isotope_13c_080,0.00883219734560533,2254
Morgan r3-cnt+desc,isotope_13c,A,isotope_13c_081,0.001982948749467464,2254
Morgan r3-cnt+desc,isotope_13c,A,isotope_13c_082,0.0034318090860607905,2254
Morgan r3-cnt+desc,isotope_13c,A,isotope_13c_083,0.004919008939782573,2254
Morgan r3-cnt+desc,isotope_13c,A,isotope_13c_084,0.003723372577639082,2254
Morgan r3-cnt+desc,isotope_13c,A,isotope_13c_085,0.005605727586307133,2254
Morgan r3-cnt+desc,isotope_13c,A,isotope_13c_086,0.009548347856227744,2254
Morgan r3-cnt+desc,isotope_13c,A,isotope_13c_087,0.004757770474990772,2254
Morgan r3-cnt+desc,isotope_13c,A,isotope_13c_088,0.01796949524274034,2254
Morgan r3-cnt+desc,isotope_13c,A,isotope_13c_089,0.03172081076480643,2254
Morgan r3-cnt+desc,isotope_13c,A,isotope_13c_090,0.796733539024465,2254
Morgan r3-cnt+desc,isotope_13c,A,isotope_13c_091,0.00370197518766551,2254
Morgan r3-cnt+desc,isotope_13c,A,isotope_13c_092,0.006208782008214758,2254
Morgan r3-cnt+desc,isotope_13c,A,isotope_13c_093,0.00518034132486928,2254
Morgan r3-cnt+desc,isotope_13c,A,isotope_13c_094,0.004305156938921684,2254
Morgan r3-cnt+desc,isotope_13c,A,isotope_13c_095,0.01003178206687493,2254
Morgan r3-cnt+desc,isotope_13c,A,isotope_13c_096,0.011658121080993067,2254
Morgan r3-cnt+desc,isotope_13c,A,isotope_13c_097,0.003791737209345972,2254
Morgan r3-cnt+desc,isotope_13c,A,isotope_13c_098,0.004989491030618455,2254
Morgan r3-cnt+desc,isotope_13c,A,isotope_13c_099,0.009951235193591125,2254
Morgan r3-cnt+desc,ring_size,A,ring_size_000,0.275439759969113,2254
Morgan r3-cnt+desc,ring_size,A,ring_size_001,0.2818232932010742,2254
Morgan r3-cnt+desc,ring_size,A,ring_size_002,0.1754475802025245,2254
Morgan r3-cnt+desc,ring_size,A,ring_size_003,0.2000219458807726,2254
Morgan r3-cnt+desc,ring_size,A,ring_size_004,0.29497468432323865,2254
Morgan r3-cnt+desc,ring_size,A,ring_size_005,0.2817895395761497,2254
Morgan r3-cnt+desc,ring_size,A,ring_size_006,0.38575707532078896,2254
Morgan r3-cnt+desc,ring_size,A,ring_size_007,0.3181177632148134,2254
Morgan r3-cnt+desc,ring_size,A,ring_size_008,0.6454956248180569,2254
Morgan r3-cnt+desc,ring_size,A,ring_size_009,0.2857921486210443,2254
Morgan r3-cnt+desc,ring_size,A,ring_size_010,0.27564249831931503,2254
Morgan r3-cnt+desc,ring_size,A,ring_size_011,0.2960695908913449,2254
Morgan r3-cnt+desc,ring_size,A,ring_size_012,0.2817754245103756,2254
Morgan r3-cnt+desc,ring_size,A,ring_size_013,0.282043642451763,2254
Morgan r3-cnt+desc,ring_size,A,ring_size_014,0.2815446223090572,2254
Morgan r3-cnt+desc,ring_size,A,ring_size_015,0.28112830121031196,2254
Morgan r3-cnt+desc,ring_size,A,ring_size_016,0.27568206860232164,2254
Morgan r3-cnt+desc,ring_size,A,ring_size_017,0.29575561950049406,2254
Morgan r3-cnt+desc,ring_size,A,ring_size_018,0.2754386735252947,2254
Morgan r3-cnt+desc,ring_size,A,ring_size_019,0.25845139724991506,2254
Morgan r3-cnt+desc,ring_size,A,ring_size_020,0.3163705480922168,2254
Morgan r3-cnt+desc,ring_size,A,ring_size_021,0.2808640669248791,2254
Morgan r3-cnt+desc,ring_size,A,ring_size_022,0.2761044609996302,2254
Morgan r3-cnt+desc,ring_size,A,ring_size_023,0.17533167184998377,2254
Morgan r3-cnt+desc,ring_size,A,ring_size_024,0.71602477647751,2254
Morgan r3-cnt+desc,ring_size,A,ring_size_025,0.3857784041459448,2254
Morgan r3-cnt+desc,ring_size,A,ring_size_026,0.17602915478616935,2254
Morgan r3-cnt+desc,ring_size,A,ring_size_027,0.28178715047173225,2254
Morgan r3-cnt+desc,ring_size,A,ring_size_028,0.2821779115348956,2254
Morgan r3-cnt+desc,ring_size,A,ring_size_029,0.27294230463419283,2254
Morgan r3-cnt+desc,ring_size,A,ring_size_030,0.2482793515739649,2254
Morgan r3-cnt+desc,ring_size,A,ring_size_031,0.28261324822803197,2254
Morgan r3-cnt+desc,ring_size,A,ring_size_032,0.29642589945732845,2254
Morgan r3-cnt+desc,ring_size,A,ring_size_033,0.17533556787558588,2254
Morgan r3-cnt+desc,ring_size,A,ring_size_034,0.2821002223580245,2254
Morgan r3-cnt+desc,ring_size,A,ring_size_035,0.28190541887228193,2254
Morgan r3-cnt+desc,ring_size,A,ring_size_036,0.28575594732455245,2254
Morgan r3-cnt+desc,ring_size,A,ring_size_037,0.2820435550088379,2254
Morgan r3-cnt+desc,ring_size,A,ring_size_038,0.28202278930039654,2254
Morgan r3-cnt+desc,ring_size,A,ring_size_039,0.2818165290173117,2254
Morgan r3-cnt+desc,ring_size,A,ring_size_040,0.28200295508014517,2254
Morgan r3-cnt+desc,ring_size,A,ring_size_041,0.28252457541614534,2254
Morgan r3-cnt+desc,ring_size,A,ring_size_042,0.28096341484147186,2254
Morgan r3-cnt+desc,ring_size,A,ring_size_043,0.28074944641331984,2254
Morgan r3-cnt+desc,ring_size,A,ring_size_044,0.2818835123350563,2254
Morgan r3-cnt+desc,ring_size,A,ring_size_045,0.2964969613848654,2254
Morgan r3-cnt+desc,ring_size,A,ring_size_046,0.2639277838206006,2254
Morgan r3-cnt+desc,ring_size,A,ring_size_047,0.2580049640251725,2254
Morgan r3-cnt+desc,ring_size,A,ring_size_048,0.28067380132240016,2254
Morgan r3-cnt+desc,ring_size,A,ring_size_049,0.2820807523000914,2254
Morgan r3-cnt+desc,ring_size,A,ring_size_050,0.1764562362007578,2254
Morgan r3-cnt+desc,ring_size,A,ring_size_051,0.17513001734692046,2254
Morgan r3-cnt+desc,ring_size,A,ring_size_052,0.282385863087008,2254
Morgan r3-cnt+desc,ring_size,A,ring_size_053,0.872637467208964,2254
Morgan r3-cnt+desc,ring_size,A,ring_size_054,0.23693397166138477,2254
Morgan r3-cnt+desc,ring_size,A,ring_size_055,0.28190471787890103,2254
Morgan r3-cnt+desc,ring_size,A,ring_size_056,0.2580080691718647,2254
Morgan r3-cnt+desc,ring_size,A,ring_size_057,0.17605698225747402,2254
Morgan r3-cnt+desc,ring_size,A,ring_size_058,0.17559848398857927,2254
Morgan r3-cnt+desc,ring_size,A,ring_size_059,0.28103296415562373,2254
Morgan r3-cnt+desc,ring_size,A,ring_size_060,0.2820838451994811,2254
Morgan r3-cnt+desc,ring_size,A,ring_size_061,0.2818768404497188,2254
Morgan r3-cnt+desc,ring_size,A,ring_size_062,0.27611332580219716,2254
Morgan r3-cnt+desc,ring_size,A,ring_size_063,0.27618017843034276,2254
Morgan r3-cnt+desc,ring_size,A,ring_size_064,0.2819526306059523,2254
Morgan r3-cnt+desc,ring_size,A,ring_size_065,0.28085809315913746,2254
Morgan r3-cnt+desc,ring_size,A,ring_size_066,0.38575738735436577,2254
Morgan r3-cnt+desc,ring_size,A,ring_size_067,0.2825145769591775,2254
Morgan r3-cnt+desc,ring_size,A,ring_size_068,0.2588592252830149,2254
Morgan r3-cnt+desc,ring_size,A,ring_size_069,0.10899824647563024,2254
Morgan r3-cnt+desc,ring_size,A,ring_size_070,0.2828571108380155,2254
Morgan r3-cnt+desc,ring_size,A,ring_size_071,0.275835707182903,2254
Morgan r3-cnt+desc,ring_size,A,ring_size_072,0.2811597927404883,2254
Morgan r3-cnt+desc,ring_size,A,ring_size_073,0.2815844096292605,2254
Morgan r3-cnt+desc,ring_size,A,ring_size_074,0.5969947092448334,2254
Morgan r3-cnt+desc,ring_size,A,ring_size_075,0.28244831357207084,2254
Morgan r3-cnt+desc,ring_size,A,ring_size_076,0.38576793299977563,2254
Morgan r3-cnt+desc,ring_size,A,ring_size_077,0.2957651597805706,2254
Morgan r3-cnt+desc,ring_size,A,ring_size_078,0.38536938972440415,2254
Morgan r3-cnt+desc,ring_size,A,ring_size_079,0.2817692077532463,2254
Morgan r3-cnt+desc,ring_size,A,ring_size_080,0.2814699774618964,2254
Morgan r3-cnt+desc,ring_size,A,ring_size_081,0.2853303359872079,2254
Morgan r3-cnt+desc,ring_size,A,ring_size_082,0.17572957606536688,2254
Morgan r3-cnt+desc,ring_size,A,ring_size_083,0.28579930789944646,2254
Morgan r3-cnt+desc,ring_size,A,ring_size_084,0.28226984981135683,2254
Morgan r3-cnt+desc,ring_size,A,ring_size_085,0.2823083197367067,2254
Morgan r3-cnt+desc,ring_size,A,ring_size_086,0.27532356364664273,2254
Morgan r3-cnt+desc,ring_size,A,ring_size_087,0.28158832293013886,2254
Morgan r3-cnt+desc,ring_size,A,ring_size_088,0.38620767381703686,2254
Morgan r3-cnt+desc,ring_size,A,ring_size_089,0.2821148534744614,2254
Morgan r3-cnt+desc,ring_size,A,ring_size_090,0.264927047663791,2254
Morgan r3-cnt+desc,ring_size,A,ring_size_091,0.28189991454282415,2254
Morgan r3-cnt+desc,ring_size,A,ring_size_092,0.2964563378582982,2254
Morgan r3-cnt+desc,ring_size,A,ring_size_093,0.28244287812508967,2254
Morgan r3-cnt+desc,ring_size,A,ring_size_094,0.2822661161613855,2254
Morgan r3-cnt+desc,ring_size,A,ring_size_095,0.27450563611000467,2254
Morgan r3-cnt+desc,ring_size,A,ring_size_096,0.2820718376269491,2254
Morgan r3-cnt+desc,ring_size,A,ring_size_097,0.17670416310776768,2254
Morgan r3-cnt+desc,ring_size,A,ring_size_098,0.28200341590942213,2254
Morgan r3-cnt+desc,ring_size,A,ring_size_099,0.2818278334197859,2254
Morgan r3-cnt+desc,regioisomer,A,regioisomer_000,0.5120389706536461,2254
Morgan r3-cnt+desc,regioisomer,A,regioisomer_001,0.5652485099020114,2254
Morgan r3-cnt+desc,regioisomer,A,regioisomer_002,0.6733323880130585,2254
Morgan r3-cnt+desc,regioisomer,A,regioisomer_003,0.7535547098249255,2254
Morgan r3-cnt+desc,regioisomer,A,regioisomer_004,0.5457103388399127,2254
Morgan r3-cnt+desc,regioisomer,A,regioisomer_005,0.5547773055775169,2254
Morgan r3-cnt+desc,regioisomer,A,regioisomer_006,0.7480465200358631,2254
Morgan r3-cnt+desc,regioisomer,A,regioisomer_007,0.8040274985968235,2254
Morgan r3-cnt+desc,regioisomer,A,regioisomer_008,0.7640658677750327,2254
Morgan r3-cnt+desc,regioisomer,A,regioisomer_009,0.7032998286588368,2254
Morgan r3-cnt+desc,regioisomer,A,regioisomer_010,0.6098497306237123,2254
Morgan r3-cnt+desc,regioisomer,A,regioisomer_011,0.6086172735072822,2254
Morgan r3-cnt+desc,regioisomer,A,regioisomer_012,0.5971901460439955,2254
Morgan r3-cnt+desc,regioisomer,A,regioisomer_013,0.5437042886948429,2254
Morgan r3-cnt+desc,regioisomer,A,regioisomer_014,0.5993681468886488,2254
Morgan r3-cnt+desc,regioisomer,A,regioisomer_015,0.5865892381468926,2254
Morgan r3-cnt+desc,regioisomer,A,regioisomer_016,0.519592790646015,2254
Morgan r3-cnt+desc,regioisomer,A,regioisomer_017,0.5785088099966793,2254
Morgan r3-cnt+desc,regioisomer,A,regioisomer_018,0.6226087047273935,2254
Morgan r3-cnt+desc,regioisomer,A,regioisomer_019,0.700112311082379,2254
Morgan r3-cnt+desc,regioisomer,A,regioisomer_020,0.6940111197277384,2254
Morgan r3-cnt+desc,regioisomer,A,regioisomer_021,0.8867261454453254,2254
Morgan r3-cnt+desc,regioisomer,A,regioisomer_022,0.6414902765169482,2254
Morgan r3-cnt+desc,regioisomer,A,regioisomer_023,0.6680926903903817,2254
Morgan r3-cnt+desc,regioisomer,A,regioisomer_024,0.6221741851118945,2254
Morgan r3-cnt+desc,regioisomer,A,regioisomer_025,0.5970505945180655,2254
Morgan r3-cnt+desc,regioisomer,A,regioisomer_026,0.5958295185810444,2254
Morgan r3-cnt+desc,regioisomer,A,regioisomer_027,0.7033803953447633,2254
Morgan r3-cnt+desc,regioisomer,A,regioisomer_028,0.6915602175759421,2254
Morgan r3-cnt+desc,regioisomer,A,regioisomer_029,0.6034451567013519,2254
Morgan r3-cnt+desc,regioisomer,A,regioisomer_030,0.5642033962870838,2254
Morgan r3-cnt+desc,regioisomer,A,regioisomer_031,0.6511259458408932,2254
Morgan r3-cnt+desc,regioisomer,A,regioisomer_032,0.5575917023316068,2254
Morgan r3-cnt+desc,regioisomer,A,regioisomer_033,0.5381925735757616,2254
Morgan r3-cnt+desc,regioisomer,A,regioisomer_034,0.6387763309820699,2254
Morgan r3-cnt+desc,regioisomer,A,regioisomer_035,0.6506576885532387,2254
Morgan r3-cnt+desc,regioisomer,A,regioisomer_036,0.5677352749377311,2254
Morgan r3-cnt+desc,regioisomer,A,regioisomer_037,0.5514252554992405,2254
Morgan r3-cnt+desc,regioisomer,A,regioisomer_038,0.6728711035659048,2254
Morgan r3-cnt+desc,regioisomer,A,regioisomer_039,0.6022031812854906,2254
Morgan r3-cnt+desc,regioisomer,A,regioisomer_040,0.6662769976166059,2254
Morgan r3-cnt+desc,regioisomer,A,regioisomer_041,0.7075328561622852,2254
Morgan r3-cnt+desc,regioisomer,A,regioisomer_042,0.5550406627583169,2254
Morgan r3-cnt+desc,regioisomer,A,regioisomer_043,0.5898408562664194,2254
Morgan r3-cnt+desc,regioisomer,A,regioisomer_044,0.5361023354075557,2254
Morgan r3-cnt+desc,regioisomer,A,regioisomer_045,0.7163356660361807,2254
Morgan r3-cnt+desc,regioisomer,A,regioisomer_046,0.7419967293118482,2254
Morgan r3-cnt+desc,regioisomer,A,regioisomer_047,0.4564325283656464,2254
Morgan r3-cnt+desc,regioisomer,A,regioisomer_048,0.46414339782726105,2254
Morgan r3-cnt+desc,regioisomer,A,regioisomer_049,0.6284556178724936,2254
Morgan r3-cnt+desc,regioisomer,A,regioisomer_050,0.6808564182140144,2254
Morgan r3-cnt+desc,regioisomer,A,regioisomer_051,0.6226087047273935,2254
Morgan r3-cnt+desc,regioisomer,A,regioisomer_052,0.7987113022745127,2254
Morgan r3-cnt+desc,regioisomer,A,regioisomer_053,0.7472356768526929,2254
Morgan r3-cnt+desc,regioisomer,A,regioisomer_054,0.6735408752396083,2254
Morgan r3-cnt+desc,regioisomer,A,regioisomer_055,0.5214358334847337,2254
Morgan r3-cnt+desc,regioisomer,A,regioisomer_056,0.6938661383962895,2254
Morgan r3-cnt+desc,regioisomer,A,regioisomer_057,0.6818340727420025,2254
Morgan r3-cnt+desc,regioisomer,A,regioisomer_058,0.5642428230219899,2254
Morgan r3-cnt+desc,regioisomer,A,regioisomer_059,0.6953831130924227,2254
Morgan r3-cnt+desc,regioisomer,A,regioisomer_060,0.5936051868365767,2254
Morgan r3-cnt+desc,regioisomer,A,regioisomer_061,0.7130842257029409,2254
Morgan r3-cnt+desc,regioisomer,A,regioisomer_062,0.6494432851810844,2254
Morgan r3-cnt+desc,regioisomer,A,regioisomer_063,0.444236149077959,2254
Morgan r3-cnt+desc,regioisomer,A,regioisomer_064,0.492285533308602,2254
Morgan r3-cnt+desc,regioisomer,A,regioisomer_065,0.6411457596418799,2254
Morgan r3-cnt+desc,regioisomer,A,regioisomer_066,0.710085954349642,2254
Morgan r3-cnt+desc,regioisomer,A,regioisomer_067,0.5959283934434769,2254
Morgan r3-cnt+desc,regioisomer,A,regioisomer_068,0.579189200528837,2254
Morgan r3-cnt+desc,regioisomer,A,regioisomer_069,0.6529812467859983,2254
Morgan r3-cnt+desc,regioisomer,A,regioisomer_070,0.5471654650801632,2254
Morgan r3-cnt+desc,regioisomer,A,regioisomer_071,0.6319209205654436,2254
Morgan r3-cnt+desc,regioisomer,A,regioisomer_072,0.6508182972090937,2254
Morgan r3-cnt+desc,regioisomer,A,regioisomer_073,0.7059903888837477,2254
Morgan r3-cnt+desc,regioisomer,A,regioisomer_074,0.6629484295595733,2254
Morgan r3-cnt+desc,regioisomer,A,regioisomer_075,0.6315441562873045,2254
Morgan r3-cnt+desc,regioisomer,A,regioisomer_076,0.663713011528715,2254
Morgan r3-cnt+desc,regioisomer,A,regioisomer_077,0.6542290453048684,2254
Morgan r3-cnt+desc,regioisomer,A,regioisomer_078,0.7020549182694313,2254
Morgan r3-cnt+desc,regioisomer,A,regioisomer_079,0.6964799507591608,2254
Morgan r3-cnt+desc,regioisomer,A,regioisomer_080,0.5245233654921004,2254
Morgan r3-cnt+desc,regioisomer,A,regioisomer_081,0.6771656647561627,2254
Morgan r3-cnt+desc,regioisomer,A,regioisomer_082,0.5857973877019635,2254
Morgan r3-cnt+desc,regioisomer,A,regioisomer_083,0.6223568197431295,2254
Morgan r3-cnt+desc,regioisomer,A,regioisomer_084,0.6666321369894717,2254
Morgan r3-cnt+desc,regioisomer,A,regioisomer_085,0.6323251473489065,2254
Morgan r3-cnt+desc,regioisomer,A,regioisomer_086,0.6936771016380837,2254
Morgan r3-cnt+desc,regioisomer,A,regioisomer_087,0.6146585296092382,2254
Morgan r3-cnt+desc,regioisomer,A,regioisomer_088,0.6337617322260052,2254
Morgan r3-cnt+desc,regioisomer,A,regioisomer_089,0.5681672266869984,2254
Morgan r3-cnt+desc,regioisomer,A,regioisomer_090,0.5996187624743682,2254
Morgan r3-cnt+desc,regioisomer,A,regioisomer_091,0.6654138977323275,2254
Morgan r3-cnt+desc,regioisomer,A,regioisomer_092,0.7021494565973344,2254
Morgan r3-cnt+desc,regioisomer,A,regioisomer_093,0.8100430019800234,2254
Morgan r3-cnt+desc,regioisomer,A,regioisomer_094,0.5108424197081307,2254
Morgan r3-cnt+desc,regioisomer,A,regioisomer_095,0.6661534715521619,2254
Morgan r3-cnt+desc,regioisomer,A,regioisomer_096,0.4564325283656464,2254
Morgan r3-cnt+desc,regioisomer,A,regioisomer_097,0.6506469135701263,2254
Morgan r3-cnt+desc,regioisomer,A,regioisomer_098,0.7392277282698289,2254
Morgan r3-cnt+desc,regioisomer,A,regioisomer_099,0.6611566240116052,2254
Morgan r3-cnt+desc,matched_mw,A,matched_mw_000,0.5880377993295068,2254
Morgan r3-cnt+desc,matched_mw,A,matched_mw_001,0.536528433385282,2254
Morgan r3-cnt+desc,matched_mw,A,matched_mw_002,0.6003895361243996,2254
Morgan r3-cnt+desc,matched_mw,A,matched_mw_003,0.4597208776183531,2254
Morgan r3-cnt+desc,matched_mw,A,matched_mw_004,1.0236500324425952,2254
Morgan r3-cnt+desc,matched_mw,A,matched_mw_005,0.6363336011426844,2254
Morgan r3-cnt+desc,matched_mw,A,matched_mw_006,0.783644116670855,2254
Morgan r3-cnt+desc,matched_mw,A,matched_mw_007,417.1102343552359,2254
Morgan r3-cnt+desc,matched_mw,A,matched_mw_008,0.8111136436946477,2254
Morgan r3-cnt+desc,matched_mw,A,matched_mw_009,0.8828987360985564,2254
Morgan r3-cnt+desc,matched_mw,A,matched_mw_010,0.514615381165644,2254
Morgan r3-cnt+desc,matched_mw,A,matched_mw_011,0.5424101508949869,2254
Morgan r3-cnt+desc,matched_mw,A,matched_mw_012,0.5473414169767958,2254
Morgan r3-cnt+desc,matched_mw,A,matched_mw_013,0.6546333477441508,2254
Morgan r3-cnt+desc,matched_mw,A,matched_mw_014,0.6551763313300406,2254
Morgan r3-cnt+desc,matched_mw,A,matched_mw_015,0.6010324176355105,2254
Morgan r3-cnt+desc,matched_mw,A,matched_mw_016,0.5063377544353971,2254
Morgan r3-cnt+desc,matched_mw,A,matched_mw_017,0.6844066482341974,2254
Morgan r3-cnt+desc,matched_mw,A,matched_mw_018,0.646300581047187,2254
Morgan r3-cnt+desc,matched_mw,A,matched_mw_019,0.6682943077917675,2254
Morgan r3-cnt+desc,matched_mw,A,matched_mw_020,0.5560539224090174,2254
Morgan r3-cnt+desc,matched_mw,A,matched_mw_021,0.6552681149594545,2254
Morgan r3-cnt+desc,matched_mw,A,matched_mw_022,0.7677445918996821,2254
Morgan r3-cnt+desc,matched_mw,A,matched_mw_023,0.7753138866211258,2254
Morgan r3-cnt+desc,matched_mw,A,matched_mw_024,0.8419017213907911,2254
Morgan r3-cnt+desc,matched_mw,A,matched_mw_025,0.9503077019707379,2254
Morgan r3-cnt+desc,matched_mw,A,matched_mw_026,0.7809902076348254,2254
Morgan r3-cnt+desc,matched_mw,A,matched_mw_027,0.7093456629325392,2254
Morgan r3-cnt+desc,matched_mw,A,matched_mw_028,0.7410925720776125,2254
Morgan r3-cnt+desc,matched_mw,A,matched_mw_029,0.7283874685450145,2254
Morgan r3-cnt+desc,matched_mw,A,matched_mw_030,0.7246280996652673,2254
Morgan r3-cnt+desc,matched_mw,A,matched_mw_031,0.583200472240275,2254
Morgan r3-cnt+desc,matched_mw,A,matched_mw_032,0.8770125933500164,2254
Morgan r3-cnt+desc,matched_mw,A,matched_mw_033,1.0354181734057986,2254
Morgan r3-cnt+desc,matched_mw,A,matched_mw_034,0.7978883732743501,2254
Morgan r3-cnt+desc,matched_mw,A,matched_mw_035,0.674055476167768,2254
Morgan r3-cnt+desc,matched_mw,A,matched_mw_036,0.925521104242431,2254
Morgan r3-cnt+desc,matched_mw,A,matched_mw_037,0.5408865360543113,2254
Morgan r3-cnt+desc,matched_mw,A,matched_mw_038,0.7934559274616783,2254
Morgan r3-cnt+desc,matched_mw,A,matched_mw_039,0.6654710478108652,2254
Morgan r3-cnt+desc,matched_mw,A,matched_mw_040,0.5935721923682962,2254
Morgan r3-cnt+desc,matched_mw,A,matched_mw_041,0.6478178909996176,2254
Morgan r3-cnt+desc,matched_mw,A,matched_mw_042,0.78071907205885,2254
Morgan r3-cnt+desc,matched_mw,A,matched_mw_043,0.7454294250713585,2254
Morgan r3-cnt+desc,matched_mw,A,matched_mw_044,0.9534667605880299,2254
Morgan r3-cnt+desc,matched_mw,A,matched_mw_045,0.8212696124808212,2254
Morgan r3-cnt+desc,matched_mw,A,matched_mw_046,0.9665449510627772,2254
Morgan r3-cnt+desc,matched_mw,A,matched_mw_047,0.8098456759695866,2254
Morgan r3-cnt+desc,matched_mw,A,matched_mw_048,0.7496009939876493,2254
Morgan r3-cnt+desc,matched_mw,A,matched_mw_049,0.786065275989138,2254
Morgan r3-cnt+desc,matched_mw,A,matched_mw_050,0.6286764281277817,2254
Morgan r3-cnt+desc,matched_mw,A,matched_mw_051,0.840945333671852,2254
Morgan r3-cnt+desc,matched_mw,A,matched_mw_052,0.984176418590318,2254
Morgan r3-cnt+desc,matched_mw,A,matched_mw_053,0.9344572090717321,2254
Morgan r3-cnt+desc,matched_mw,A,matched_mw_054,0.6076587137740732,2254
Morgan r3-cnt+desc,matched_mw,A,matched_mw_055,0.8742644101256003,2254
Morgan r3-cnt+desc,matched_mw,A,matched_mw_056,1.1269693249671764,2254
Morgan r3-cnt+desc,matched_mw,A,matched_mw_057,0.7764840749643618,2254
Morgan r3-cnt+desc,matched_mw,A,matched_mw_058,0.6667138354183263,2254
Morgan r3-cnt+desc,matched_mw,A,matched_mw_059,0.7588611211120845,2254
Morgan r3-cnt+desc,matched_mw,A,matched_mw_060,0.8982683528386005,2254
Morgan r3-cnt+desc,matched_mw,A,matched_mw_061,0.63532352274339,2254
Morgan r3-cnt+desc,matched_mw,A,matched_mw_062,0.6926989825973446,2254
Morgan r3-cnt+desc,matched_mw,A,matched_mw_063,1.1334937640316833,2254
Morgan r3-cnt+desc,matched_mw,A,matched_mw_064,0.8442091823347221,2254
Morgan r3-cnt+desc,matched_mw,A,matched_mw_065,0.8263651807134208,2254
Morgan r3-cnt+desc,matched_mw,A,matched_mw_066,0.6617878214449326,2254
Morgan r3-cnt+desc,matched_mw,A,matched_mw_067,0.7613064564888259,2254
Morgan r3-cnt+desc,matched_mw,A,matched_mw_068,0.9568705132914639,2254
Morgan r3-cnt+desc,matched_mw,A,matched_mw_069,0.9883184496201989,2254
Morgan r3-cnt+desc,matched_mw,A,matched_mw_070,0.6874764103630747,2254
Morgan r3-cnt+desc,matched_mw,A,matched_mw_071,0.9046158995387187,2254
Morgan r3-cnt+desc,matched_mw,A,matched_mw_072,2.066641983454106,2254
Morgan r3-cnt+desc,matched_mw,A,matched_mw_073,0.7794290434394809,2254
Morgan r3-cnt+desc,matched_mw,A,matched_mw_074,0.8734869778079098,2254
Morgan r3-cnt+desc,matched_mw,A,matched_mw_075,1.029194083703489,2254
Morgan r3-cnt+desc,matched_mw,A,matched_mw_076,0.9733242689368564,2254
Morgan r3-cnt+desc,matched_mw,A,matched_mw_077,0.7472378641635693,2254
Morgan r3-cnt+desc,matched_mw,A,matched_mw_078,0.694954634683222,2254
Morgan r3-cnt+desc,matched_mw,A,matched_mw_079,0.6858465573369293,2254
Morgan r3-cnt+desc,matched_mw,A,matched_mw_080,0.8202214416406102,2254
Morgan r3-cnt+desc,matched_mw,A,matched_mw_081,0.9554991108704847,2254
Morgan r3-cnt+desc,matched_mw,A,matched_mw_082,1.0424713418860798,2254
Morgan r3-cnt+desc,matched_mw,A,matched_mw_083,1.1778950581757825,2254
Morgan r3-cnt+desc,matched_mw,A,matched_mw_084,0.8046793933260005,2254
Morgan r3-cnt+desc,matched_mw,A,matched_mw_085,0.7202659566879989,2254
Morgan r3-cnt+desc,matched_mw,A,matched_mw_086,0.7496527624693734,2254
Morgan r3-cnt+desc,matched_mw,A,matched_mw_087,0.8369410206073529,2254
Morgan r3-cnt+desc,matched_mw,A,matched_mw_088,0.8103057616842788,2254
Morgan r3-cnt+desc,matched_mw,A,matched_mw_089,0.8726616957703799,2254
Morgan r3-cnt+desc,matched_mw,A,matched_mw_090,0.7402460002272442,2254
Morgan r3-cnt+desc,matched_mw,A,matched_mw_091,1.066371647212493,2254
Morgan r3-cnt+desc,matched_mw,A,matched_mw_092,1.0089358049274066,2254
Morgan r3-cnt+desc,matched_mw,A,matched_mw_093,0.7409435884943592,2254
Morgan r3-cnt+desc,matched_mw,A,matched_mw_094,0.807173260164792,2254
Morgan r3-cnt+desc,matched_mw,A,matched_mw_095,0.739798122523219,2254
Morgan r3-cnt+desc,matched_mw,A,matched_mw_096,1.067552381701543,2254
Morgan r3-cnt+desc,matched_mw,A,matched_mw_097,0.7743941195487198,2254
Morgan r3-cnt+desc,matched_mw,A,matched_mw_098,0.937910168111538,2254
Morgan r3-cnt+desc,matched_mw,A,matched_mw_099,1.1667430686601765,2254
Morgan r3-cnt+desc,matched_descriptors,A,matched_descriptors_000,1.149507464477701,2254
Morgan r3-cnt+desc,matched_descriptors,A,matched_descriptors_001,1.1827844155997345,2254
Morgan r3-cnt+desc,matched_descriptors,A,matched_descriptors_002,1.0330525135937538,2254
Morgan r3-cnt+desc,matched_descriptors,A,matched_descriptors_003,0.3955008539388272,2254
Morgan r3-cnt+desc,matched_descriptors,A,matched_descriptors_004,1.0326388486701596,2254
Morgan r3-cnt+desc,matched_descriptors,A,matched_descriptors_005,1.0990954971881672,2254
Morgan r3-cnt+desc,matched_descriptors,A,matched_descriptors_006,1.0757661883331187,2254
Morgan r3-cnt+desc,matched_descriptors,A,matched_descriptors_007,1.2944857741856162,2254
Morgan r3-cnt+desc,matched_descriptors,A,matched_descriptors_008,1.1770795989919345,2254
Morgan r3-cnt+desc,matched_descriptors,A,matched_descriptors_009,1.269521145607241,2254
Morgan r3-cnt+desc,matched_descriptors,A,matched_descriptors_010,1.1770637261782801,2254
Morgan r3-cnt+desc,matched_descriptors,A,matched_descriptors_011,0.9835417773735247,2254
Morgan r3-cnt+desc,matched_descriptors,A,matched_descriptors_012,0.8186387165930266,2254
Morgan r3-cnt+desc,matched_descriptors,A,matched_descriptors_013,1.2226074905561268,2254
Morgan r3-cnt+desc,matched_descriptors,A,matched_descriptors_014,0.6992305472884712,2254
Morgan r3-cnt+desc,matched_descriptors,A,matched_descriptors_015,1.2430440716799622,2254
Morgan r3-cnt+desc,matched_descriptors,A,matched_descriptors_016,1.295131654233768,2254
Morgan r3-cnt+desc,matched_descriptors,A,matched_descriptors_017,1.2038071816103846,2254
Morgan r3-cnt+desc,matched_descriptors,A,matched_descriptors_018,1.2880314903355283,2254
Morgan r3-cnt+desc,matched_descriptors,A,matched_descriptors_019,0.5618980053070421,2254
Morgan r3-cnt+desc,matched_descriptors,A,matched_descriptors_020,1.2586993303555072,2254
Morgan r3-cnt+desc,matched_descriptors,A,matched_descriptors_021,0.9754656472671265,2254
Morgan r3-cnt+desc,matched_descriptors,A,matched_descriptors_022,1.3260235170878456,2254
Morgan r3-cnt+desc,matched_descriptors,A,matched_descriptors_023,0.9766788551419923,2254
Morgan r3-cnt+desc,matched_descriptors,A,matched_descriptors_024,1.1362489474092152,2254
Morgan r3-cnt+desc,matched_descriptors,A,matched_descriptors_025,1.0199104663412633,2254
Morgan r3-cnt+desc,matched_descriptors,A,matched_descriptors_026,1.1363273681236024,2254
Morgan r3-cnt+desc,matched_descriptors,A,matched_descriptors_027,0.8647794957124199,2254
Morgan r3-cnt+desc,matched_descriptors,A,matched_descriptors_028,1.0020041664248607,2254
Morgan r3-cnt+desc,matched_descriptors,A,matched_descriptors_029,1.106757989587107,2254
Morgan r3-cnt+desc,matched_descriptors,A,matched_descriptors_030,1.3392481115718136,2254
Morgan r3-cnt+desc,matched_descriptors,A,matched_descriptors_031,1.145362344208942,2254
Morgan r3-cnt+desc,matched_descriptors,A,matched_descriptors_032,1.2292151948856185,2254
Morgan r3-cnt+desc,matched_descriptors,A,matched_descriptors_033,1.0719570408123777,2254
Morgan r3-cnt+desc,matched_descriptors,A,matched_descriptors_034,1.3501842896436322,2254
Morgan r3-cnt+desc,matched_descriptors,A,matched_descriptors_035,1.175324442911654,2254
Morgan r3-cnt+desc,matched_descriptors,A,matched_descriptors_036,1.0861052869679273,2254
Morgan r3-cnt+desc,matched_descriptors,A,matched_descriptors_037,1.2015672763076972,2254
Morgan r3-cnt+desc,matched_descriptors,A,matched_descriptors_038,1.1163313984974812,2254
Morgan r3-cnt+desc,matched_descriptors,A,matched_descriptors_039,1.30178767415624,2254
Morgan r3-cnt+desc,matched_descriptors,A,matched_descriptors_040,1.4752801953483279,2254
Morgan r3-cnt+desc,matched_descriptors,A,matched_descriptors_041,0.9254615356266012,2254
Morgan r3-cnt+desc,matched_descriptors,A,matched_descriptors_042,1.1899238068944102,2254
Morgan r3-cnt+desc,matched_descriptors,A,matched_descriptors_043,0.5821854085123686,2254
Morgan r3-cnt+desc,matched_descriptors,A,matched_descriptors_044,1.2412252044169088,2254
Morgan r3-cnt+desc,matched_descriptors,A,matched_descriptors_045,1.4349388384402066,2254
Morgan r3-cnt+desc,matched_descriptors,A,matched_descriptors_046,1.1827815304537692,2254
Morgan r3-cnt+desc,matched_descriptors,A,matched_descriptors_047,1.12443625828634,2254
Morgan r3-cnt+desc,matched_descriptors,A,matched_descriptors_048,1.1716382830661118,2254
Morgan r3-cnt+desc,matched_descriptors,A,matched_descriptors_049,1.1775035950940378,2254
Morgan r3-cnt+desc,matched_descriptors,A,matched_descriptors_050,1.2171147301109149,2254
Morgan r3-cnt+desc,matched_descriptors,A,matched_descriptors_051,1.1276589113232562,2254
Morgan r3-cnt+desc,matched_descriptors,A,matched_descriptors_052,1.226073347139427,2254
Morgan r3-cnt+desc,matched_descriptors,A,matched_descriptors_053,1.1394879600178118,2254
Morgan r3-cnt+desc,matched_descriptors,A,matched_descriptors_054,1.2560580148989438,2254
Morgan r3-cnt+desc,matched_descriptors,A,matched_descriptors_055,1.0579904735551051,2254
Morgan r3-cnt+desc,matched_descriptors,A,matched_descriptors_056,1.025487775118608,2254
Morgan r3-cnt+desc,matched_descriptors,A,matched_descriptors_057,1.1205184179980574,2254
Morgan r3-cnt+desc,matched_descriptors,A,matched_descriptors_058,1.0572353830262198,2254
Morgan r3-cnt+desc,matched_descriptors,A,matched_descriptors_059,1.0067968582108793,2254
Morgan r3-cnt+desc,matched_descriptors,A,matched_descriptors_060,1.1445453927062008,2254
Morgan r3-cnt+desc,matched_descriptors,A,matched_descriptors_061,1.3893865224938595,2254
Morgan r3-cnt+desc,matched_descriptors,A,matched_descriptors_062,1.2631962479992598,2254
Morgan r3-cnt+desc,matched_descriptors,A,matched_descriptors_063,1.4765021072637854,2254
Morgan r3-cnt+desc,matched_descriptors,A,matched_descriptors_064,1.2139735676825607,2254
Morgan r3-cnt+desc,matched_descriptors,A,matched_descriptors_065,1.2682523247139006,2254
Morgan r3-cnt+desc,matched_descriptors,A,matched_descriptors_066,1.2628932290294275,2254
Morgan r3-cnt+desc,matched_descriptors,A,matched_descriptors_067,1.224892453822505,2254
Morgan r3-cnt+desc,matched_descriptors,A,matched_descriptors_068,1.0764042500001805,2254
Morgan r3-cnt+desc,matched_descriptors,A,matched_descriptors_069,1.1293187879070405,2254
Morgan r3-cnt+desc,matched_descriptors,A,matched_descriptors_070,1.499463741794485,2254
Morgan r3-cnt+desc,matched_descriptors,A,matched_descriptors_071,1.144197916239712,2254
Morgan r3-cnt+desc,matched_descriptors,A,matched_descriptors_072,1.019690963622985,2254
Morgan r3-cnt+desc,matched_descriptors,A,matched_descriptors_073,1.049724300375863,2254
Morgan r3-cnt+desc,matched_descriptors,A,matched_descriptors_074,1.373857325162252,2254
Morgan r3-cnt+desc,matched_descriptors,A,matched_descriptors_075,1.2229159331736374,2254
Morgan r3-cnt+desc,matched_descriptors,A,matched_descriptors_076,0.5148468103972947,2254
Morgan r3-cnt+desc,matched_descriptors,A,matched_descriptors_077,0.7381418454422025,2254
Morgan r3-cnt+desc,matched_descriptors,A,matched_descriptors_078,1.2856305469448168,2254
Morgan r3-cnt+desc,matched_descriptors,A,matched_descriptors_079,1.2266358508142583,2254
Morgan r3-cnt+desc,matched_descriptors,A,matched_descriptors_080,1.374798422525181,2254
Morgan r3-cnt+desc,matched_descriptors,A,matched_descriptors_081,1.2164377141182425,2254
Morgan r3-cnt+desc,matched_descriptors,A,matched_descriptors_082,1.2781257140815105,2254
Morgan r3-cnt+desc,matched_descriptors,A,matched_descriptors_083,1.0302580333166285,2254
Morgan r3-cnt+desc,matched_descriptors,A,matched_descriptors_084,1.0172897023744585,2254
Morgan r3-cnt+desc,matched_descriptors,A,matched_descriptors_085,1.1589721260035093,2254
Morgan r3-cnt+desc,matched_descriptors,A,matched_descriptors_086,1.018482719866229,2254
Morgan r3-cnt+desc,matched_descriptors,A,matched_descriptors_087,1.330944554198453,2254
Morgan r3-cnt+desc,matched_descriptors,A,matched_descriptors_088,0.7965655471926657,2254
Morgan r3-cnt+desc,matched_descriptors,A,matched_descriptors_089,1.334945260759282,2254
Morgan r3-cnt+desc,matched_descriptors,A,matched_descriptors_090,1.3121941556651635,2254
Morgan r3-cnt+desc,matched_descriptors,A,matched_descriptors_091,1.5208990482787133,2254
Morgan r3-cnt+desc,matched_descriptors,A,matched_descriptors_092,1.1444979494627112,2254
Morgan r3-cnt+desc,matched_descriptors,A,matched_descriptors_093,0.7258168254412946,2254
Morgan r3-cnt+desc,matched_descriptors,A,matched_descriptors_094,1.3312325283062392,2254
Morgan r3-cnt+desc,matched_descriptors,A,matched_descriptors_095,1.235082363044165,2254
Morgan r3-cnt+desc,matched_descriptors,A,matched_descriptors_096,1.2529200632424775,2254
Morgan r3-cnt+desc,matched_descriptors,A,matched_descriptors_097,1.2455517961574643,2254
Morgan r3-cnt+desc,matched_descriptors,A,matched_descriptors_098,1.408950549703005,2254
Morgan r3-cnt+desc,matched_descriptors,A,matched_descriptors_099,1.2987254095542127,2254
Morgan r3-cnt+desc,smiles_enumeration,B,smiles_enumeration_000,0.0,2254
Morgan r3-cnt+desc,smiles_enumeration,B,smiles_enumeration_001,0.0,2254
Morgan r3-cnt+desc,smiles_enumeration,B,smiles_enumeration_002,0.0,2254
Morgan r3-cnt+desc,smiles_enumeration,B,smiles_enumeration_003,0.0,2254
Morgan r3-cnt+desc,smiles_enumeration,B,smiles_enumeration_004,0.0,2254
Morgan r3-cnt+desc,smiles_enumeration,B,smiles_enumeration_005,0.0,2254
Morgan r3-cnt+desc,smiles_enumeration,B,smiles_enumeration_006,0.0,2254
Morgan r3-cnt+desc,smiles_enumeration,B,smiles_enumeration_007,0.0,2254
Morgan r3-cnt+desc,smiles_enumeration,B,smiles_enumeration_008,0.0,2254
Morgan r3-cnt+desc,smiles_enumeration,B,smiles_enumeration_009,0.0,2254
Morgan r3-cnt+desc,smiles_enumeration,B,smiles_enumeration_010,0.0,2254
Morgan r3-cnt+desc,smiles_enumeration,B,smiles_enumeration_011,0.0,2254
Morgan r3-cnt+desc,smiles_enumeration,B,smiles_enumeration_012,0.0,2254
Morgan r3-cnt+desc,smiles_enumeration,B,smiles_enumeration_013,0.0,2254
Morgan r3-cnt+desc,smiles_enumeration,B,smiles_enumeration_014,0.0,2254
Morgan r3-cnt+desc,smiles_enumeration,B,smiles_enumeration_015,0.0,2254
Morgan r3-cnt+desc,smiles_enumeration,B,smiles_enumeration_016,0.0,2254
Morgan r3-cnt+desc,smiles_enumeration,B,smiles_enumeration_017,0.0,2254
Morgan r3-cnt+desc,smiles_enumeration,B,smiles_enumeration_018,0.0,2254
Morgan r3-cnt+desc,smiles_enumeration,B,smiles_enumeration_019,0.0,2254
Morgan r3-cnt+desc,smiles_enumeration,B,smiles_enumeration_020,0.0,2254
Morgan r3-cnt+desc,smiles_enumeration,B,smiles_enumeration_021,0.0,2254
Morgan r3-cnt+desc,smiles_enumeration,B,smiles_enumeration_022,0.0,2254
Morgan r3-cnt+desc,smiles_enumeration,B,smiles_enumeration_023,0.0,2254
Morgan r3-cnt+desc,smiles_enumeration,B,smiles_enumeration_024,0.0,2254
Morgan r3-cnt+desc,smiles_enumeration,B,smiles_enumeration_025,0.0,2254
Morgan r3-cnt+desc,smiles_enumeration,B,smiles_enumeration_026,0.0,2254
Morgan r3-cnt+desc,smiles_enumeration,B,smiles_enumeration_027,0.0,2254
Morgan r3-cnt+desc,smiles_enumeration,B,smiles_enumeration_028,0.0,2254
Morgan r3-cnt+desc,smiles_enumeration,B,smiles_enumeration_029,0.0,2254
Morgan r3-cnt+desc,smiles_enumeration,B,smiles_enumeration_030,0.0,2254
Morgan r3-cnt+desc,smiles_enumeration,B,smiles_enumeration_031,0.0,2254
Morgan r3-cnt+desc,smiles_enumeration,B,smiles_enumeration_032,0.0,2254
Morgan r3-cnt+desc,smiles_enumeration,B,smiles_enumeration_033,0.0,2254
Morgan r3-cnt+desc,smiles_enumeration,B,smiles_enumeration_034,0.0,2254
Morgan r3-cnt+desc,smiles_enumeration,B,smiles_enumeration_035,0.0,2254
Morgan r3-cnt+desc,smiles_enumeration,B,smiles_enumeration_036,0.0,2254
Morgan r3-cnt+desc,smiles_enumeration,B,smiles_enumeration_037,0.0,2254
Morgan r3-cnt+desc,smiles_enumeration,B,smiles_enumeration_038,0.0,2254
Morgan r3-cnt+desc,smiles_enumeration,B,smiles_enumeration_039,0.0,2254
Morgan r3-cnt+desc,smiles_enumeration,B,smiles_enumeration_040,0.0,2254
Morgan r3-cnt+desc,smiles_enumeration,B,smiles_enumeration_041,0.0,2254
Morgan r3-cnt+desc,smiles_enumeration,B,smiles_enumeration_042,0.0,2254
Morgan r3-cnt+desc,smiles_enumeration,B,smiles_enumeration_043,0.0,2254
Morgan r3-cnt+desc,smiles_enumeration,B,smiles_enumeration_044,0.0,2254
Morgan r3-cnt+desc,smiles_enumeration,B,smiles_enumeration_045,0.0,2254
Morgan r3-cnt+desc,smiles_enumeration,B,smiles_enumeration_046,0.0,2254
Morgan r3-cnt+desc,smiles_enumeration,B,smiles_enumeration_047,0.0,2254
Morgan r3-cnt+desc,smiles_enumeration,B,smiles_enumeration_048,0.0,2254
Morgan r3-cnt+desc,smiles_enumeration,B,smiles_enumeration_049,0.0,2254
Morgan r3-cnt+desc,smiles_enumeration,B,smiles_enumeration_050,0.0,2254
Morgan r3-cnt+desc,smiles_enumeration,B,smiles_enumeration_051,0.0,2254
Morgan r3-cnt+desc,smiles_enumeration,B,smiles_enumeration_052,0.0,2254
Morgan r3-cnt+desc,smiles_enumeration,B,smiles_enumeration_053,0.0,2254
Morgan r3-cnt+desc,smiles_enumeration,B,smiles_enumeration_054,0.0,2254
Morgan r3-cnt+desc,smiles_enumeration,B,smiles_enumeration_055,0.0,2254
Morgan r3-cnt+desc,smiles_enumeration,B,smiles_enumeration_056,0.0,2254
Morgan r3-cnt+desc,smiles_enumeration,B,smiles_enumeration_057,0.0,2254
Morgan r3-cnt+desc,smiles_enumeration,B,smiles_enumeration_058,0.0,2254
Morgan r3-cnt+desc,smiles_enumeration,B,smiles_enumeration_059,0.0,2254
Morgan r3-cnt+desc,smiles_enumeration,B,smiles_enumeration_060,0.0,2254
Morgan r3-cnt+desc,smiles_enumeration,B,smiles_enumeration_061,0.0,2254
Morgan r3-cnt+desc,smiles_enumeration,B,smiles_enumeration_062,0.0,2254
Morgan r3-cnt+desc,smiles_enumeration,B,smiles_enumeration_063,0.0,2254
Morgan r3-cnt+desc,smiles_enumeration,B,smiles_enumeration_064,0.0,2254
Morgan r3-cnt+desc,smiles_enumeration,B,smiles_enumeration_065,0.0,2254
Morgan r3-cnt+desc,smiles_enumeration,B,smiles_enumeration_066,0.0,2254
Morgan r3-cnt+desc,smiles_enumeration,B,smiles_enumeration_067,0.0,2254
Morgan r3-cnt+desc,smiles_enumeration,B,smiles_enumeration_068,0.0,2254
Morgan r3-cnt+desc,smiles_enumeration,B,smiles_enumeration_069,0.0,2254
Morgan r3-cnt+desc,smiles_enumeration,B,smiles_enumeration_070,0.0,2254
Morgan r3-cnt+desc,smiles_enumeration,B,smiles_enumeration_071,0.0,2254
Morgan r3-cnt+desc,smiles_enumeration,B,smiles_enumeration_072,0.0,2254
Morgan r3-cnt+desc,smiles_enumeration,B,smiles_enumeration_073,0.0,2254
Morgan r3-cnt+desc,smiles_enumeration,B,smiles_enumeration_074,0.0,2254
Morgan r3-cnt+desc,smiles_enumeration,B,smiles_enumeration_075,0.0,2254
Morgan r3-cnt+desc,smiles_enumeration,B,smiles_enumeration_076,0.0,2254
Morgan r3-cnt+desc,smiles_enumeration,B,smiles_enumeration_077,0.0,2254
Morgan r3-cnt+desc,smiles_enumeration,B,smiles_enumeration_078,0.0,2254
Morgan r3-cnt+desc,smiles_enumeration,B,smiles_enumeration_079,0.0,2254
Morgan r3-cnt+desc,smiles_enumeration,B,smiles_enumeration_080,0.0,2254
Morgan r3-cnt+desc,smiles_enumeration,B,smiles_enumeration_081,0.0,2254
Morgan r3-cnt+desc,smiles_enumeration,B,smiles_enumeration_082,0.0,2254
Morgan r3-cnt+desc,smiles_enumeration,B,smiles_enumeration_083,0.0,2254
Morgan r3-cnt+desc,smiles_enumeration,B,smiles_enumeration_084,0.0,2254
Morgan r3-cnt+desc,smiles_enumeration,B,smiles_enumeration_085,0.0,2254
Morgan r3-cnt+desc,smiles_enumeration,B,smiles_enumeration_086,0.0,2254
Morgan r3-cnt+desc,smiles_enumeration,B,smiles_enumeration_087,0.0,2254
Morgan r3-cnt+desc,smiles_enumeration,B,smiles_enumeration_088,0.0,2254
Morgan r3-cnt+desc,smiles_enumeration,B,smiles_enumeration_089,0.0,2254
Morgan r3-cnt+desc,smiles_enumeration,B,smiles_enumeration_090,0.0,2254
Morgan r3-cnt+desc,smiles_enumeration,B,smiles_enumeration_091,0.0,2254
Morgan r3-cnt+desc,smiles_enumeration,B,smiles_enumeration_092,0.0,2254
Morgan r3-cnt+desc,smiles_enumeration,B,smiles_enumeration_093,0.0,2254
Morgan r3-cnt+desc,smiles_enumeration,B,smiles_enumeration_094,0.0,2254
Morgan r3-cnt+desc,smiles_enumeration,B,smiles_enumeration_095,0.0,2254
Morgan r3-cnt+desc,smiles_enumeration,B,smiles_enumeration_096,0.0,2254
Morgan r3-cnt+desc,smiles_enumeration,B,smiles_enumeration_097,0.0,2254
Morgan r3-cnt+desc,smiles_enumeration,B,smiles_enumeration_098,0.0,2254
Morgan r3-cnt+desc,smiles_enumeration,B,smiles_enumeration_099,0.0,2254
Morgan r3-cnt+desc,kekule,B,kekule_000,0.0,2254
Morgan r3-cnt+desc,kekule,B,kekule_001,0.0,2254
Morgan r3-cnt+desc,kekule,B,kekule_002,0.0,2254
Morgan r3-cnt+desc,kekule,B,kekule_003,0.0,2254
Morgan r3-cnt+desc,kekule,B,kekule_004,0.0,2254
Morgan r3-cnt+desc,kekule,B,kekule_005,0.0,2254
Morgan r3-cnt+desc,kekule,B,kekule_006,0.0,2254
Morgan r3-cnt+desc,kekule,B,kekule_007,0.0,2254
Morgan r3-cnt+desc,kekule,B,kekule_008,0.0,2254
Morgan r3-cnt+desc,kekule,B,kekule_009,0.0,2254
Morgan r3-cnt+desc,kekule,B,kekule_010,0.0,2254
Morgan r3-cnt+desc,kekule,B,kekule_011,0.0,2254
Morgan r3-cnt+desc,kekule,B,kekule_012,0.0,2254
Morgan r3-cnt+desc,kekule,B,kekule_013,0.0,2254
Morgan r3-cnt+desc,kekule,B,kekule_014,0.0,2254
Morgan r3-cnt+desc,kekule,B,kekule_015,0.0,2254
Morgan r3-cnt+desc,kekule,B,kekule_016,0.0,2254
Morgan r3-cnt+desc,kekule,B,kekule_017,0.0,2254
Morgan r3-cnt+desc,kekule,B,kekule_018,0.0,2254
Morgan r3-cnt+desc,kekule,B,kekule_019,0.0,2254
Morgan r3-cnt+desc,kekule,B,kekule_020,0.0,2254
Morgan r3-cnt+desc,kekule,B,kekule_021,0.0,2254
Morgan r3-cnt+desc,kekule,B,kekule_022,0.0,2254
Morgan r3-cnt+desc,kekule,B,kekule_023,0.0,2254
Morgan r3-cnt+desc,kekule,B,kekule_024,0.0,2254
Morgan r3-cnt+desc,kekule,B,kekule_025,0.0,2254
Morgan r3-cnt+desc,kekule,B,kekule_026,0.0,2254
Morgan r3-cnt+desc,kekule,B,kekule_027,0.0,2254
Morgan r3-cnt+desc,kekule,B,kekule_028,0.0,2254
Morgan r3-cnt+desc,kekule,B,kekule_029,0.0,2254
Morgan r3-cnt+desc,kekule,B,kekule_030,0.0,2254
Morgan r3-cnt+desc,kekule,B,kekule_031,0.0,2254
Morgan r3-cnt+desc,kekule,B,kekule_032,0.0,2254
Morgan r3-cnt+desc,kekule,B,kekule_033,0.0,2254
Morgan r3-cnt+desc,kekule,B,kekule_034,0.0,2254
Morgan r3-cnt+desc,kekule,B,kekule_035,0.0,2254
Morgan r3-cnt+desc,kekule,B,kekule_036,0.0,2254
Morgan r3-cnt+desc,kekule,B,kekule_037,0.0,2254
Morgan r3-cnt+desc,kekule,B,kekule_038,0.0,2254
Morgan r3-cnt+desc,kekule,B,kekule_039,0.0,2254
Morgan r3-cnt+desc,kekule,B,kekule_040,0.0,2254
Morgan r3-cnt+desc,kekule,B,kekule_041,0.0,2254
Morgan r3-cnt+desc,kekule,B,kekule_042,0.0,2254
Morgan r3-cnt+desc,kekule,B,kekule_043,0.0,2254
Morgan r3-cnt+desc,kekule,B,kekule_044,0.0,2254
Morgan r3-cnt+desc,kekule,B,kekule_045,0.0,2254
Morgan r3-cnt+desc,kekule,B,kekule_046,0.0,2254
Morgan r3-cnt+desc,kekule,B,kekule_047,0.0,2254
Morgan r3-cnt+desc,kekule,B,kekule_048,0.0,2254
Morgan r3-cnt+desc,kekule,B,kekule_049,0.0,2254
Morgan r3-cnt+desc,kekule,B,kekule_050,0.0,2254
Morgan r3-cnt+desc,kekule,B,kekule_051,0.0,2254
Morgan r3-cnt+desc,kekule,B,kekule_052,0.0,2254
Morgan r3-cnt+desc,kekule,B,kekule_053,0.0,2254
Morgan r3-cnt+desc,kekule,B,kekule_054,0.0,2254
Morgan r3-cnt+desc,kekule,B,kekule_055,0.0,2254
Morgan r3-cnt+desc,kekule,B,kekule_056,0.0,2254
Morgan r3-cnt+desc,kekule,B,kekule_057,0.0,2254
Morgan r3-cnt+desc,kekule,B,kekule_058,0.0,2254
Morgan r3-cnt+desc,kekule,B,kekule_059,0.0,2254
Morgan r3-cnt+desc,kekule,B,kekule_060,0.0,2254
Morgan r3-cnt+desc,kekule,B,kekule_061,0.0,2254
Morgan r3-cnt+desc,kekule,B,kekule_062,0.0,2254
Morgan r3-cnt+desc,kekule,B,kekule_063,0.0,2254
Morgan r3-cnt+desc,kekule,B,kekule_064,0.0,2254
Morgan r3-cnt+desc,kekule,B,kekule_065,0.0,2254
Morgan r3-cnt+desc,kekule,B,kekule_066,0.0,2254
Morgan r3-cnt+desc,kekule,B,kekule_067,0.0,2254
Morgan r3-cnt+desc,kekule,B,kekule_068,0.0,2254
Morgan r3-cnt+desc,kekule,B,kekule_069,0.0,2254
Morgan r3-cnt+desc,kekule,B,kekule_070,0.0,2254
Morgan r3-cnt+desc,kekule,B,kekule_071,0.0,2254
Morgan r3-cnt+desc,kekule,B,kekule_072,0.0,2254
Morgan r3-cnt+desc,kekule,B,kekule_073,0.0,2254
Morgan r3-cnt+desc,kekule,B,kekule_074,0.0,2254
Morgan r3-cnt+desc,kekule,B,kekule_075,0.0,2254
Morgan r3-cnt+desc,kekule,B,kekule_076,0.0,2254
Morgan r3-cnt+desc,kekule,B,kekule_077,0.0,2254
Morgan r3-cnt+desc,kekule,B,kekule_078,0.0,2254
Morgan r3-cnt+desc,kekule,B,kekule_079,0.0,2254
Morgan r3-cnt+desc,kekule,B,kekule_080,0.0,2254
Morgan r3-cnt+desc,kekule,B,kekule_081,0.0,2254
Morgan r3-cnt+desc,kekule,B,kekule_082,0.0,2254
Morgan r3-cnt+desc,kekule,B,kekule_083,0.0,2254
Morgan r3-cnt+desc,kekule,B,kekule_084,0.0,2254
Morgan r3-cnt+desc,kekule,B,kekule_085,0.0,2254
Morgan r3-cnt+desc,kekule,B,kekule_086,0.0,2254
Morgan r3-cnt+desc,kekule,B,kekule_087,0.0,2254
Morgan r3-cnt+desc,kekule,B,kekule_088,0.0,2254
Morgan r3-cnt+desc,kekule,B,kekule_089,0.0,2254
Morgan r3-cnt+desc,kekule,B,kekule_090,0.0,2254
Morgan r3-cnt+desc,kekule,B,kekule_091,0.0,2254
Morgan r3-cnt+desc,kekule,B,kekule_092,0.0,2254
Morgan r3-cnt+desc,kekule,B,kekule_093,0.0,2254
Morgan r3-cnt+desc,kekule,B,kekule_094,0.0,2254
Morgan r3-cnt+desc,kekule,B,kekule_095,0.0,2254
Morgan r3-cnt+desc,kekule,B,kekule_096,0.0,2254
Morgan r3-cnt+desc,kekule,B,kekule_097,0.0,2254
Morgan r3-cnt+desc,kekule,B,kekule_098,0.0,2254
Morgan r3-cnt+desc,kekule,B,kekule_099,0.0,2254
Morgan r3-cnt+desc,symmetry_equivalent,B,symmetry_equivalent_000,0.0,2254
Morgan r3-cnt+desc,symmetry_equivalent,B,symmetry_equivalent_001,0.0,2254
Morgan r3-cnt+desc,symmetry_equivalent,B,symmetry_equivalent_002,0.0,2254
Morgan r3-cnt+desc,symmetry_equivalent,B,symmetry_equivalent_003,0.0,2254
Morgan r3-cnt+desc,symmetry_equivalent,B,symmetry_equivalent_004,0.0,2254
Morgan r3-cnt+desc,symmetry_equivalent,B,symmetry_equivalent_005,0.0,2254
Morgan r3-cnt+desc,symmetry_equivalent,B,symmetry_equivalent_006,0.0,2254
Morgan r3-cnt+desc,symmetry_equivalent,B,symmetry_equivalent_007,0.0,2254
Morgan r3-cnt+desc,symmetry_equivalent,B,symmetry_equivalent_008,0.0,2254
Morgan r3-cnt+desc,symmetry_equivalent,B,symmetry_equivalent_009,0.0,2254
Morgan r3-cnt+desc,symmetry_equivalent,B,symmetry_equivalent_010,0.0,2254
Morgan r3-cnt+desc,symmetry_equivalent,B,symmetry_equivalent_011,0.0,2254
Morgan r3-cnt+desc,symmetry_equivalent,B,symmetry_equivalent_012,0.0,2254
Morgan r3-cnt+desc,symmetry_equivalent,B,symmetry_equivalent_013,0.0,2254
Morgan r3-cnt+desc,symmetry_equivalent,B,symmetry_equivalent_014,0.0,2254
Morgan r3-cnt+desc,symmetry_equivalent,B,symmetry_equivalent_015,0.0,2254
Morgan r3-cnt+desc,symmetry_equivalent,B,symmetry_equivalent_016,0.0,2254
Morgan r3-cnt+desc,symmetry_equivalent,B,symmetry_equivalent_017,0.0,2254
Morgan r3-cnt+desc,symmetry_equivalent,B,symmetry_equivalent_018,0.0,2254
Morgan r3-cnt+desc,symmetry_equivalent,B,symmetry_equivalent_019,0.0,2254
Morgan r3-cnt+desc,symmetry_equivalent,B,symmetry_equivalent_020,0.0,2254
Morgan r3-cnt+desc,symmetry_equivalent,B,symmetry_equivalent_021,0.0,2254
Morgan r3-cnt+desc,symmetry_equivalent,B,symmetry_equivalent_022,0.0,2254
Morgan r3-cnt+desc,symmetry_equivalent,B,symmetry_equivalent_023,0.0,2254
Morgan r3-cnt+desc,symmetry_equivalent,B,symmetry_equivalent_024,0.0,2254
Morgan r3-cnt+desc,symmetry_equivalent,B,symmetry_equivalent_025,0.0,2254
Morgan r3-cnt+desc,symmetry_equivalent,B,symmetry_equivalent_026,0.0,2254
Morgan r3-cnt+desc,symmetry_equivalent,B,symmetry_equivalent_027,0.0,2254
Morgan r3-cnt+desc,symmetry_equivalent,B,symmetry_equivalent_028,0.0,2254
Morgan r3-cnt+desc,symmetry_equivalent,B,symmetry_equivalent_029,0.0,2254
Morgan r3-cnt+desc,symmetry_equivalent,B,symmetry_equivalent_030,0.0,2254
Morgan r3-cnt+desc,symmetry_equivalent,B,symmetry_equivalent_031,0.0,2254
Morgan r3-cnt+desc,symmetry_equivalent,B,symmetry_equivalent_032,0.0,2254
Morgan r3-cnt+desc,symmetry_equivalent,B,symmetry_equivalent_033,0.0,2254
Morgan r3-cnt+desc,symmetry_equivalent,B,symmetry_equivalent_034,0.0,2254
Morgan r3-cnt+desc,symmetry_equivalent,B,symmetry_equivalent_035,0.0,2254
Morgan r3-cnt+desc,symmetry_equivalent,B,symmetry_equivalent_036,0.0,2254
Morgan r3-cnt+desc,symmetry_equivalent,B,symmetry_equivalent_037,0.0,2254
Morgan r3-cnt+desc,symmetry_equivalent,B,symmetry_equivalent_038,0.0,2254
Morgan r3-cnt+desc,symmetry_equivalent,B,symmetry_equivalent_039,0.0,2254
Morgan r3-cnt+desc,symmetry_equivalent,B,symmetry_equivalent_040,0.0,2254
Morgan r3-cnt+desc,symmetry_equivalent,B,symmetry_equivalent_041,0.0,2254
Morgan r3-cnt+desc,symmetry_equivalent,B,symmetry_equivalent_042,0.0,2254
Morgan r3-cnt+desc,symmetry_equivalent,B,symmetry_equivalent_043,0.0,2254
Morgan r3-cnt+desc,symmetry_equivalent,B,symmetry_equivalent_044,0.0,2254
Morgan r3-cnt+desc,symmetry_equivalent,B,symmetry_equivalent_045,0.0,2254
Morgan r3-cnt+desc,symmetry_equivalent,B,symmetry_equivalent_046,0.0,2254
Morgan r3-cnt+desc,symmetry_equivalent,B,symmetry_equivalent_047,0.0,2254
Morgan r3-cnt+desc,symmetry_equivalent,B,symmetry_equivalent_048,0.0,2254
Morgan r3-cnt+desc,symmetry_equivalent,B,symmetry_equivalent_049,0.0,2254
Morgan r3-cnt+desc,symmetry_equivalent,B,symmetry_equivalent_050,0.0,2254
Morgan r3-cnt+desc,symmetry_equivalent,B,symmetry_equivalent_051,0.0,2254
Morgan r3-cnt+desc,symmetry_equivalent,B,symmetry_equivalent_052,0.0,2254
Morgan r3-cnt+desc,symmetry_equivalent,B,symmetry_equivalent_053,0.0,2254
Morgan r3-cnt+desc,symmetry_equivalent,B,symmetry_equivalent_054,0.0,2254
Morgan r3-cnt+desc,symmetry_equivalent,B,symmetry_equivalent_055,0.0,2254
Morgan r3-cnt+desc,symmetry_equivalent,B,symmetry_equivalent_056,0.0,2254
Morgan r3-cnt+desc,symmetry_equivalent,B,symmetry_equivalent_057,0.0,2254
Morgan r3-cnt+desc,symmetry_equivalent,B,symmetry_equivalent_058,0.0,2254
Morgan r3-cnt+desc,symmetry_equivalent,B,symmetry_equivalent_059,0.0,2254
Morgan r3-cnt+desc,symmetry_equivalent,B,symmetry_equivalent_060,0.0,2254
Morgan r3-cnt+desc,symmetry_equivalent,B,symmetry_equivalent_061,0.0,2254
Morgan r3-cnt+desc,symmetry_equivalent,B,symmetry_equivalent_062,0.0,2254
Morgan r3-cnt+desc,symmetry_equivalent,B,symmetry_equivalent_063,0.0,2254
Morgan r3-cnt+desc,symmetry_equivalent,B,symmetry_equivalent_064,0.0,2254
Morgan r3-cnt+desc,symmetry_equivalent,B,symmetry_equivalent_065,0.0,2254
Morgan r3-cnt+desc,symmetry_equivalent,B,symmetry_equivalent_066,0.0,2254
Morgan r3-cnt+desc,symmetry_equivalent,B,symmetry_equivalent_067,0.0,2254
Morgan r3-cnt+desc,symmetry_equivalent,B,symmetry_equivalent_068,0.0,2254
Morgan r3-cnt+desc,symmetry_equivalent,B,symmetry_equivalent_069,0.0,2254
Morgan r3-cnt+desc,symmetry_equivalent,B,symmetry_equivalent_070,0.0,2254
Morgan r3-cnt+desc,symmetry_equivalent,B,symmetry_equivalent_071,0.0,2254
Morgan r3-cnt+desc,symmetry_equivalent,B,symmetry_equivalent_072,0.0,2254
Morgan r3-cnt+desc,symmetry_equivalent,B,symmetry_equivalent_073,0.0,2254
Morgan r3-cnt+desc,symmetry_equivalent,B,symmetry_equivalent_074,0.0,2254
Morgan r3-cnt+desc,symmetry_equivalent,B,symmetry_equivalent_075,0.0,2254
Morgan r3-cnt+desc,symmetry_equivalent,B,symmetry_equivalent_076,0.0,2254
Morgan r3-cnt+desc,symmetry_equivalent,B,symmetry_equivalent_077,0.0,2254
Morgan r3-cnt+desc,symmetry_equivalent,B,symmetry_equivalent_078,0.0,2254
Morgan r3-cnt+desc,symmetry_equivalent,B,symmetry_equivalent_079,0.0,2254
Morgan r3-cnt+desc,symmetry_equivalent,B,symmetry_equivalent_080,0.0,2254
Morgan r3-cnt+desc,symmetry_equivalent,B,symmetry_equivalent_081,0.0,2254
Morgan r3-cnt+desc,symmetry_equivalent,B,symmetry_equivalent_082,0.0,2254
Morgan r3-cnt+desc,symmetry_equivalent,B,symmetry_equivalent_083,0.0,2254
Morgan r3-cnt+desc,symmetry_equivalent,B,symmetry_equivalent_084,0.0,2254
Morgan r3-cnt+desc,symmetry_equivalent,B,symmetry_equivalent_085,0.0,2254
Morgan r3-cnt+desc,symmetry_equivalent,B,symmetry_equivalent_086,0.0,2254
Morgan r3-cnt+desc,symmetry_equivalent,B,symmetry_equivalent_087,0.0,2254
Morgan r3-cnt+desc,symmetry_equivalent,B,symmetry_equivalent_088,0.0,2254
Morgan r3-cnt+desc,symmetry_equivalent,B,symmetry_equivalent_089,0.0,2254
Morgan r3-cnt+desc,symmetry_equivalent,B,symmetry_equivalent_090,0.0,2254
Morgan r3-cnt+desc,symmetry_equivalent,B,symmetry_equivalent_091,0.0,2254
Morgan r3-cnt+desc,symmetry_equivalent,B,symmetry_equivalent_092,0.0,2254
Morgan r3-cnt+desc,symmetry_equivalent,B,symmetry_equivalent_093,0.0,2254
Morgan r3-cnt+desc,symmetry_equivalent,B,symmetry_equivalent_094,0.0,2254
Morgan r3-cnt+desc,symmetry_equivalent,B,symmetry_equivalent_095,0.0,2254
Morgan r3-cnt+desc,symmetry_equivalent,B,symmetry_equivalent_096,0.0,2254
Morgan r3-cnt+desc,symmetry_equivalent,B,symmetry_equivalent_097,0.0,2254
Morgan r3-cnt+desc,symmetry_equivalent,B,symmetry_equivalent_098,0.0,2254
Morgan r3-cnt+desc,symmetry_equivalent,B,symmetry_equivalent_099,0.0,2254
CLIMB sup,stereo_flip,A,stereo_flip_000,0.011194209390326997,512
CLIMB sup,stereo_flip,A,stereo_flip_001,0.010504823757054726,512
CLIMB sup,stereo_flip,A,stereo_flip_002,0.008755617302492913,512
CLIMB sup,stereo_flip,A,stereo_flip_003,0.01095622526651936,512
CLIMB sup,stereo_flip,A,stereo_flip_004,0.013391785186409128,512
CLIMB sup,stereo_flip,A,stereo_flip_005,0.009329516119671314,512
CLIMB sup,stereo_flip,A,stereo_flip_006,0.01043487650441851,512
CLIMB sup,stereo_flip,A,stereo_flip_007,0.008648025131371704,512
CLIMB sup,stereo_flip,A,stereo_flip_008,0.012129333128131999,512
CLIMB sup,stereo_flip,A,stereo_flip_009,0.02551271224189109,512
CLIMB sup,stereo_flip,A,stereo_flip_010,0.008996622208487364,512
CLIMB sup,stereo_flip,A,stereo_flip_011,0.02277830012352698,512
CLIMB sup,stereo_flip,A,stereo_flip_012,0.010721792183239487,512
CLIMB sup,stereo_flip,A,stereo_flip_013,0.015608796926881835,512
CLIMB sup,stereo_flip,A,stereo_flip_014,0.009700378919695045,512
CLIMB sup,stereo_flip,A,stereo_flip_015,0.012538939393916192,512
CLIMB sup,stereo_flip,A,stereo_flip_016,0.012252737869844182,512
CLIMB sup,stereo_flip,A,stereo_flip_017,0.008529108882734449,512
CLIMB sup,stereo_flip,A,stereo_flip_018,0.008924723414331872,512
CLIMB sup,stereo_flip,A,stereo_flip_019,0.014116396235164455,512
CLIMB sup,stereo_flip,A,stereo_flip_020,0.009113309175657518,512
CLIMB sup,stereo_flip,A,stereo_flip_021,0.013469288082191047,512
CLIMB sup,stereo_flip,A,stereo_flip_022,0.00825167297304258,512
CLIMB sup,stereo_flip,A,stereo_flip_023,0.01396823478965639,512
CLIMB sup,stereo_flip,A,stereo_flip_024,0.013965795927861997,512
CLIMB sup,stereo_flip,A,stereo_flip_025,0.012231943962582122,512
CLIMB sup,stereo_flip,A,stereo_flip_026,0.022309116009414952,512
CLIMB sup,stereo_flip,A,stereo_flip_027,0.007498124995862126,512
CLIMB sup,stereo_flip,A,stereo_flip_028,0.010320789625356552,512
CLIMB sup,stereo_flip,A,stereo_flip_029,0.013105723061815682,512
CLIMB sup,stereo_flip,A,stereo_flip_030,0.012579791548967262,512
CLIMB sup,stereo_flip,A,stereo_flip_031,0.01553533669080726,512
CLIMB sup,stereo_flip,A,stereo_flip_032,0.010796844037445625,512
CLIMB sup,stereo_flip,A,stereo_flip_033,0.019990358108811373,512
CLIMB sup,stereo_flip,A,stereo_flip_034,0.011881279521968846,512
CLIMB sup,stereo_flip,A,stereo_flip_035,0.01044399808275691,512
CLIMB sup,stereo_flip,A,stereo_flip_036,0.014562652269353955,512
CLIMB sup,stereo_flip,A,stereo_flip_037,0.012788045039965822,512
CLIMB sup,stereo_flip,A,stereo_flip_038,0.00939656554347976,512
CLIMB sup,stereo_flip,A,stereo_flip_039,0.009696959224284506,512
CLIMB sup,stereo_flip,A,stereo_flip_040,0.008070709605988458,512
CLIMB sup,stereo_flip,A,stereo_flip_041,0.013493095781415863,512
CLIMB sup,stereo_flip,A,stereo_flip_042,0.21213682405135087,512
CLIMB sup,stereo_flip,A,stereo_flip_043,0.010113469807672186,512
CLIMB sup,stereo_flip,A,stereo_flip_044,0.01072124457412107,512
CLIMB sup,stereo_flip,A,stereo_flip_045,0.011066978121587372,512
CLIMB sup,stereo_flip,A,stereo_flip_046,0.010973037516715916,512
CLIMB sup,stereo_flip,A,stereo_flip_047,0.012059910306547673,512
CLIMB sup,stereo_flip,A,stereo_flip_048,0.013093914184356813,512
CLIMB sup,stereo_flip,A,stereo_flip_049,0.01340965093689628,512
CLIMB sup,stereo_flip,A,stereo_flip_050,0.014202003405894907,512
CLIMB sup,stereo_flip,A,stereo_flip_051,0.023763633753005498,512
CLIMB sup,stereo_flip,A,stereo_flip_052,0.31738194973639305,512
CLIMB sup,stereo_flip,A,stereo_flip_053,0.018697788142120638,512
CLIMB sup,stereo_flip,A,stereo_flip_054,0.012673283829203248,512
CLIMB sup,stereo_flip,A,stereo_flip_055,0.05637394788878985,512
CLIMB sup,stereo_flip,A,stereo_flip_056,0.01015192429216772,512
CLIMB sup,stereo_flip,A,stereo_flip_057,0.014291008807654052,512
CLIMB sup,stereo_flip,A,stereo_flip_058,0.013700975296832745,512
CLIMB sup,stereo_flip,A,stereo_flip_059,0.011478691327636553,512
CLIMB sup,stereo_flip,A,stereo_flip_060,0.012422387982623056,512
CLIMB sup,stereo_flip,A,stereo_flip_061,0.010274211304076993,512
CLIMB sup,stereo_flip,A,stereo_flip_062,0.009755972902269466,512
CLIMB sup,stereo_flip,A,stereo_flip_063,0.012794770248199113,512
CLIMB sup,stereo_flip,A,stereo_flip_064,0.010850797306835953,512
CLIMB sup,stereo_flip,A,stereo_flip_065,0.014451799370245683,512
CLIMB sup,stereo_flip,A,stereo_flip_066,0.011283643322347724,512
CLIMB sup,stereo_flip,A,stereo_flip_067,0.015239369120613768,512
CLIMB sup,stereo_flip,A,stereo_flip_068,0.016042442574949953,512
CLIMB sup,stereo_flip,A,stereo_flip_069,0.01415472865013356,512
CLIMB sup,stereo_flip,A,stereo_flip_070,0.03008259665847345,512
CLIMB sup,stereo_flip,A,stereo_flip_071,0.006592150181191977,512
CLIMB sup,stereo_flip,A,stereo_flip_072,0.007588907650615742,512
CLIMB sup,stereo_flip,A,stereo_flip_073,0.016131825395525812,512
CLIMB sup,stereo_flip,A,stereo_flip_074,0.014399374799241232,512
CLIMB sup,stereo_flip,A,stereo_flip_075,0.011144718426598048,512
CLIMB sup,stereo_flip,A,stereo_flip_076,0.008259806762249728,512
CLIMB sup,stereo_flip,A,stereo_flip_077,0.014013709934345874,512
CLIMB sup,stereo_flip,A,stereo_flip_078,0.013239093438113586,512
CLIMB sup,stereo_flip,A,stereo_flip_079,0.01225711930063511,512
CLIMB sup,stereo_flip,A,stereo_flip_080,0.02235926964545824,512
CLIMB sup,stereo_flip,A,stereo_flip_081,0.013396755208407435,512
CLIMB sup,stereo_flip,A,stereo_flip_082,0.007959412579513,512
CLIMB sup,stereo_flip,A,stereo_flip_083,0.007607655655520088,512
CLIMB sup,stereo_flip,A,stereo_flip_084,0.01943247759089273,512
CLIMB sup,stereo_flip,A,stereo_flip_085,0.010982305054898984,512
CLIMB sup,stereo_flip,A,stereo_flip_086,0.013510238026926859,512
CLIMB sup,stereo_flip,A,stereo_flip_087,0.010294808266668622,512
CLIMB sup,stereo_flip,A,stereo_flip_088,0.015038544684108694,512
CLIMB sup,stereo_flip,A,stereo_flip_089,0.01583625367813883,512
CLIMB sup,stereo_flip,A,stereo_flip_090,0.013458829039357837,512
CLIMB sup,stereo_flip,A,stereo_flip_091,0.009814616507746118,512
CLIMB sup,stereo_flip,A,stereo_flip_092,0.015547517697790288,512
CLIMB sup,stereo_flip,A,stereo_flip_093,0.015056012091661946,512
CLIMB sup,stereo_flip,A,stereo_flip_094,0.00916384242386936,512
CLIMB sup,stereo_flip,A,stereo_flip_095,0.010637983346638723,512
CLIMB sup,stereo_flip,A,stereo_flip_096,0.017447698104943312,512
CLIMB sup,stereo_flip,A,stereo_flip_097,0.022107432257887014,512
CLIMB sup,stereo_flip,A,stereo_flip_098,0.02129437573453405,512
CLIMB sup,stereo_flip,A,stereo_flip_099,0.014193635526856152,512
CLIMB sup,ez_flip,A,ez_flip_000,0.01640281138019862,512
CLIMB sup,ez_flip,A,ez_flip_001,0.012976628582351435,512
CLIMB sup,ez_flip,A,ez_flip_002,0.03240704045983577,512
CLIMB sup,ez_flip,A,ez_flip_003,0.019023986714503976,512
CLIMB sup,ez_flip,A,ez_flip_004,0.015732039499959632,512
CLIMB sup,ez_flip,A,ez_flip_005,0.01333133536790528,512
CLIMB sup,ez_flip,A,ez_flip_006,0.02035282263787644,512
CLIMB sup,ez_flip,A,ez_flip_007,0.030867156368979916,512
CLIMB sup,ez_flip,A,ez_flip_008,0.015305953439845647,512
CLIMB sup,ez_flip,A,ez_flip_009,0.020951111010494114,512
CLIMB sup,ez_flip,A,ez_flip_010,0.034803468873466865,512
CLIMB sup,ez_flip,A,ez_flip_011,0.024876267686096413,512
CLIMB sup,ez_flip,A,ez_flip_012,0.014074949122932749,512
CLIMB sup,ez_flip,A,ez_flip_013,0.017323710399370095,512
CLIMB sup,ez_flip,A,ez_flip_014,0.014434878883433984,512
CLIMB sup,ez_flip,A,ez_flip_015,0.014782248008877797,512
CLIMB sup,ez_flip,A,ez_flip_016,0.01803910267208093,512
CLIMB sup,ez_flip,A,ez_flip_017,0.0083947529162945,512
CLIMB sup,ez_flip,A,ez_flip_018,0.019215990541278982,512
CLIMB sup,ez_flip,A,ez_flip_019,0.017602473235682488,512
CLIMB sup,ez_flip,A,ez_flip_020,0.007446468112380263,512
CLIMB sup,ez_flip,A,ez_flip_021,0.018063359659655588,512
CLIMB sup,ez_flip,A,ez_flip_022,0.014011054804906869,512
CLIMB sup,ez_flip,A,ez_flip_023,0.013158481775889375,512
CLIMB sup,ez_flip,A,ez_flip_024,0.01846806978635282,512
CLIMB sup,ez_flip,A,ez_flip_025,0.018085198464835105,512
CLIMB sup,ez_flip,A,ez_flip_026,0.01521433641884947,512
CLIMB sup,ez_flip,A,ez_flip_027,0.018036244810702932,512
CLIMB sup,ez_flip,A,ez_flip_028,0.014030045180444933,512
CLIMB sup,ez_flip,A,ez_flip_029,0.015876195732637738,512
CLIMB sup,ez_flip,A,ez_flip_030,0.021536762104304937,512
CLIMB sup,ez_flip,A,ez_flip_031,0.023265864526087452,512
CLIMB sup,ez_flip,A,ez_flip_032,0.023369941930418348,512
CLIMB sup,ez_flip,A,ez_flip_033,0.013614089556314631,512
CLIMB sup,ez_flip,A,ez_flip_034,0.03205534598935338,512
CLIMB sup,ez_flip,A,ez_flip_035,0.030303847286379592,512
CLIMB sup,ez_flip,A,ez_flip_036,0.050390970549987465,512
CLIMB sup,ez_flip,A,ez_flip_037,0.016198559494228788,512
CLIMB sup,ez_flip,A,ez_flip_038,0.014512547370568204,512
CLIMB sup,ez_flip,A,ez_flip_039,0.03533174707816636,512
CLIMB sup,ez_flip,A,ez_flip_040,0.01420269467816635,512
CLIMB sup,ez_flip,A,ez_flip_041,0.02160677601675264,512
CLIMB sup,ez_flip,A,ez_flip_042,0.01724679626963241,512
CLIMB sup,ez_flip,A,ez_flip_043,0.13810097942636113,512
CLIMB sup,ez_flip,A,ez_flip_044,0.02987942740813152,512
CLIMB sup,ez_flip,A,ez_flip_045,0.014312868015363744,512
CLIMB sup,ez_flip,A,ez_flip_046,0.020669526587646307,512
CLIMB sup,ez_flip,A,ez_flip_047,0.32457640749580546,512
CLIMB sup,ez_flip,A,ez_flip_048,0.014107830966625172,512
CLIMB sup,ez_flip,A,ez_flip_049,0.022822181673887096,512
CLIMB sup,ez_flip,A,ez_flip_050,0.012367318260399503,512
CLIMB sup,ez_flip,A,ez_flip_051,0.013908888545300176,512
CLIMB sup,ez_flip,A,ez_flip_052,0.01883937051519667,512
CLIMB sup,ez_flip,A,ez_flip_053,0.027368580695792115,512
CLIMB sup,ez_flip,A,ez_flip_054,0.02274114418999915,512
CLIMB sup,ez_flip,A,ez_flip_055,0.01745158415576273,512
CLIMB sup,ez_flip,A,ez_flip_056,0.015276840025428087,512
CLIMB sup,ez_flip,A,ez_flip_057,0.01479017693138618,512
CLIMB sup,ez_flip,A,ez_flip_058,0.011477281221467643,512
CLIMB sup,ez_flip,A,ez_flip_059,0.017473772528722935,512
CLIMB sup,ez_flip,A,ez_flip_060,0.012920457060864091,512
CLIMB sup,ez_flip,A,ez_flip_061,0.019058618043768513,512
CLIMB sup,ez_flip,A,ez_flip_062,0.028569212928918456,512
CLIMB sup,ez_flip,A,ez_flip_063,0.017158884016156388,512
CLIMB sup,ez_flip,A,ez_flip_064,0.013864641849908477,512
CLIMB sup,ez_flip,A,ez_flip_065,0.02171296050415891,512
CLIMB sup,ez_flip,A,ez_flip_066,0.015757670026783726,512
CLIMB sup,ez_flip,A,ez_flip_067,0.015783440809774958,512
CLIMB sup,ez_flip,A,ez_flip_068,0.02712705487996831,512
CLIMB sup,ez_flip,A,ez_flip_069,0.010447293322523093,512
CLIMB sup,ez_flip,A,ez_flip_070,0.02633259492211383,512
CLIMB sup,ez_flip,A,ez_flip_071,0.012578967115199485,512
CLIMB sup,ez_flip,A,ez_flip_072,0.0156986561683367,512
CLIMB sup,ez_flip,A,ez_flip_073,0.017340425272832232,512
CLIMB sup,ez_flip,A,ez_flip_074,0.07562051512900772,512
CLIMB sup,ez_flip,A,ez_flip_075,0.017459716864875047,512
CLIMB sup,ez_flip,A,ez_flip_076,0.016500520213345995,512
CLIMB sup,ez_flip,A,ez_flip_077,0.019541297940740374,512
CLIMB sup,ez_flip,A,ez_flip_078,0.012274892158036422,512
CLIMB sup,ez_flip,A,ez_flip_079,0.02347354085781726,512
CLIMB sup,ez_flip,A,ez_flip_080,0.037186674210400186,512
CLIMB sup,ez_flip,A,ez_flip_081,0.011090695146008262,512
CLIMB sup,ez_flip,A,ez_flip_082,0.016439718886277196,512
CLIMB sup,ez_flip,A,ez_flip_083,0.046832158233008625,512
CLIMB sup,ez_flip,A,ez_flip_084,0.01722579468204869,512
CLIMB sup,ez_flip,A,ez_flip_085,0.009490332372410877,512
CLIMB sup,ez_flip,A,ez_flip_086,0.016704220620997075,512
CLIMB sup,ez_flip,A,ez_flip_087,0.017765371299296125,512
CLIMB sup,ez_flip,A,ez_flip_088,0.014549620694340858,512
CLIMB sup,ez_flip,A,ez_flip_089,0.09511255214779026,512
CLIMB sup,ez_flip,A,ez_flip_090,0.030807066591538996,512
CLIMB sup,ez_flip,A,ez_flip_091,0.026662158751000337,512
CLIMB sup,ez_flip,A,ez_flip_092,0.018904102867507527,512
CLIMB sup,ez_flip,A,ez_flip_093,0.02050093919929311,512
CLIMB sup,ez_flip,A,ez_flip_094,0.021023364204490306,512
CLIMB sup,ez_flip,A,ez_flip_095,0.032308766251645755,512
CLIMB sup,ez_flip,A,ez_flip_096,0.016249511446311392,512
CLIMB sup,ez_flip,A,ez_flip_097,0.03728508730791921,512
CLIMB sup,ez_flip,A,ez_flip_098,0.017087268312631833,512
CLIMB sup,ez_flip,A,ez_flip_099,0.025262548225384714,512
CLIMB sup,c_to_n,A,c_to_n_000,0.2610881179354146,512
CLIMB sup,c_to_n,A,c_to_n_001,0.09984520410470303,512
CLIMB sup,c_to_n,A,c_to_n_002,0.06603517831819665,512
CLIMB sup,c_to_n,A,c_to_n_003,0.05418212294584791,512
CLIMB sup,c_to_n,A,c_to_n_004,0.04970709933557439,512
CLIMB sup,c_to_n,A,c_to_n_005,0.07755316592827363,512
CLIMB sup,c_to_n,A,c_to_n_006,0.078331994950026,512
CLIMB sup,c_to_n,A,c_to_n_007,0.1588761219393896,512
CLIMB sup,c_to_n,A,c_to_n_008,0.15507727668135773,512
CLIMB sup,c_to_n,A,c_to_n_009,0.06835362990925292,512
CLIMB sup,c_to_n,A,c_to_n_010,0.05584043691700045,512
CLIMB sup,c_to_n,A,c_to_n_011,0.047679674148412336,512
CLIMB sup,c_to_n,A,c_to_n_012,0.0707415970123359,512
CLIMB sup,c_to_n,A,c_to_n_013,0.06603809317774145,512
CLIMB sup,c_to_n,A,c_to_n_014,0.11345595204968391,512
CLIMB sup,c_to_n,A,c_to_n_015,0.0806810555736945,512
CLIMB sup,c_to_n,A,c_to_n_016,0.18137636635992546,512
CLIMB sup,c_to_n,A,c_to_n_017,0.07180416285304766,512
CLIMB sup,c_to_n,A,c_to_n_018,0.06616494411852436,512
CLIMB sup,c_to_n,A,c_to_n_019,0.08287012916345006,512
CLIMB sup,c_to_n,A,c_to_n_020,0.0627252401255379,512
CLIMB sup,c_to_n,A,c_to_n_021,0.0815802004714978,512
CLIMB sup,c_to_n,A,c_to_n_022,0.12999977210797556,512
CLIMB sup,c_to_n,A,c_to_n_023,0.0755561806092511,512
CLIMB sup,c_to_n,A,c_to_n_024,0.2667508723057025,512
CLIMB sup,c_to_n,A,c_to_n_025,0.035593594247189296,512
CLIMB sup,c_to_n,A,c_to_n_026,0.06738427759169432,512
CLIMB sup,c_to_n,A,c_to_n_027,0.04866760324658405,512
CLIMB sup,c_to_n,A,c_to_n_028,0.11250201173971257,512
CLIMB sup,c_to_n,A,c_to_n_029,0.2127464906498265,512
CLIMB sup,c_to_n,A,c_to_n_030,0.06262964533379477,512
CLIMB sup,c_to_n,A,c_to_n_031,0.06293445030714725,512
CLIMB sup,c_to_n,A,c_to_n_032,0.1578881905898051,512
CLIMB sup,c_to_n,A,c_to_n_033,0.17935283438925095,512
CLIMB sup,c_to_n,A,c_to_n_034,0.07462292846575166,512
CLIMB sup,c_to_n,A,c_to_n_035,0.05937184687195727,512
CLIMB sup,c_to_n,A,c_to_n_036,0.06056101931498228,512
CLIMB sup,c_to_n,A,c_to_n_037,0.07339101203767874,512
CLIMB sup,c_to_n,A,c_to_n_038,0.12001356287656757,512
CLIMB sup,c_to_n,A,c_to_n_039,0.05091003631098408,512
CLIMB sup,c_to_n,A,c_to_n_040,0.14237439090209994,512
CLIMB sup,c_to_n,A,c_to_n_041,0.0701566454100416,512
CLIMB sup,c_to_n,A,c_to_n_042,0.09976000579358131,512
CLIMB sup,c_to_n,A,c_to_n_043,0.16974819228259372,512
CLIMB sup,c_to_n,A,c_to_n_044,0.07076079234966512,512
CLIMB sup,c_to_n,A,c_to_n_045,0.07074738473581034,512
CLIMB sup,c_to_n,A,c_to_n_046,0.08099869842293811,512
CLIMB sup,c_to_n,A,c_to_n_047,0.05196660996920667,512
CLIMB sup,c_to_n,A,c_to_n_048,0.10438952625872437,512
CLIMB sup,c_to_n,A,c_to_n_049,0.05953768905226572,512
CLIMB sup,c_to_n,A,c_to_n_050,0.054242084810048434,512
CLIMB sup,c_to_n,A,c_to_n_051,0.3080542892664899,512
CLIMB sup,c_to_n,A,c_to_n_052,0.09126705518503885,512
CLIMB sup,c_to_n,A,c_to_n_053,0.08471928388683887,512
CLIMB sup,c_to_n,A,c_to_n_054,0.31889481378412793,512
CLIMB sup,c_to_n,A,c_to_n_055,0.0584688706531369,512
CLIMB sup,c_to_n,A,c_to_n_056,0.056225121146936285,512
CLIMB sup,c_to_n,A,c_to_n_057,0.11183144026254012,512
CLIMB sup,c_to_n,A,c_to_n_058,0.13592444686083213,512
CLIMB sup,c_to_n,A,c_to_n_059,0.054426860994933324,512
CLIMB sup,c_to_n,A,c_to_n_060,0.3152762745748551,512
CLIMB sup,c_to_n,A,c_to_n_061,0.14259970076250436,512
CLIMB sup,c_to_n,A,c_to_n_062,0.1284448003054445,512
CLIMB sup,c_to_n,A,c_to_n_063,0.06986550239921381,512
CLIMB sup,c_to_n,A,c_to_n_064,0.10386127072228965,512
CLIMB sup,c_to_n,A,c_to_n_065,0.10562004339281142,512
CLIMB sup,c_to_n,A,c_to_n_066,0.0862507986988952,512
CLIMB sup,c_to_n,A,c_to_n_067,0.04206769318607713,512
CLIMB sup,c_to_n,A,c_to_n_068,0.06563268537201324,512
CLIMB sup,c_to_n,A,c_to_n_069,0.06148628635778031,512
CLIMB sup,c_to_n,A,c_to_n_070,0.08297189639113552,512
CLIMB sup,c_to_n,A,c_to_n_071,0.08756818658062819,512
CLIMB sup,c_to_n,A,c_to_n_072,0.044182944591840884,512
CLIMB sup,c_to_n,A,c_to_n_073,0.08405109093853755,512
CLIMB sup,c_to_n,A,c_to_n_074,0.06320494346938206,512
CLIMB sup,c_to_n,A,c_to_n_075,0.057536991475938916,512
CLIMB sup,c_to_n,A,c_to_n_076,0.07364706217820233,512
CLIMB sup,c_to_n,A,c_to_n_077,0.07300141426758089,512
CLIMB sup,c_to_n,A,c_to_n_078,0.08425469095044928,512
CLIMB sup,c_to_n,A,c_to_n_079,0.07531430077411393,512
CLIMB sup,c_to_n,A,c_to_n_080,0.0780865307434523,512
CLIMB sup,c_to_n,A,c_to_n_081,0.060928790488945644,512
CLIMB sup,c_to_n,A,c_to_n_082,0.07619646984662454,512
CLIMB sup,c_to_n,A,c_to_n_083,0.03712518927505658,512
CLIMB sup,c_to_n,A,c_to_n_084,0.05262403430446351,512
CLIMB sup,c_to_n,A,c_to_n_085,0.10140035207737262,512
CLIMB sup,c_to_n,A,c_to_n_086,0.05564380669032154,512
CLIMB sup,c_to_n,A,c_to_n_087,0.22263695623631433,512
CLIMB sup,c_to_n,A,c_to_n_088,0.04978264313219113,512
CLIMB sup,c_to_n,A,c_to_n_089,0.05019544254290331,512
CLIMB sup,c_to_n,A,c_to_n_090,0.05594425644568691,512
CLIMB sup,c_to_n,A,c_to_n_091,0.3375149152102611,512
CLIMB sup,c_to_n,A,c_to_n_092,0.07571165628140292,512
CLIMB sup,c_to_n,A,c_to_n_093,0.1075956130654005,512
CLIMB sup,c_to_n,A,c_to_n_094,0.06006622496918602,512
CLIMB sup,c_to_n,A,c_to_n_095,0.06543419263228668,512
CLIMB sup,c_to_n,A,c_to_n_096,0.0742259113060168,512
CLIMB sup,c_to_n,A,c_to_n_097,0.3384707076076471,512
CLIMB sup,c_to_n,A,c_to_n_098,0.44412534515855234,512
CLIMB sup,c_to_n,A,c_to_n_099,0.09386280210470949,512
CLIMB sup,add_methyl,A,add_methyl_000,0.25510653454775467,512
CLIMB sup,add_methyl,A,add_methyl_001,0.41565514294954464,512
CLIMB sup,add_methyl,A,add_methyl_002,0.46376156328264856,512
CLIMB sup,add_methyl,A,add_methyl_003,0.11781462194428337,512
CLIMB sup,add_methyl,A,add_methyl_004,0.16947876924168612,512
CLIMB sup,add_methyl,A,add_methyl_005,0.42715698178423384,512
CLIMB sup,add_methyl,A,add_methyl_006,0.3566347334996947,512
CLIMB sup,add_methyl,A,add_methyl_007,0.24656832863344502,512
CLIMB sup,add_methyl,A,add_methyl_008,0.3727371000435975,512
CLIMB sup,add_methyl,A,add_methyl_009,0.48828259203070956,512
CLIMB sup,add_methyl,A,add_methyl_010,0.17636075325307157,512
CLIMB sup,add_methyl,A,add_methyl_011,0.4909088133495263,512
CLIMB sup,add_methyl,A,add_methyl_012,0.6540845920335366,512
CLIMB sup,add_methyl,A,add_methyl_013,0.11635247719675708,512
CLIMB sup,add_methyl,A,add_methyl_014,0.2953369946314271,512
CLIMB sup,add_methyl,A,add_methyl_015,0.4072991770372535,512
CLIMB sup,add_methyl,A,add_methyl_016,0.18119786179570954,512
CLIMB sup,add_methyl,A,add_methyl_017,0.496276991992399,512
CLIMB sup,add_methyl,A,add_methyl_018,0.3424010391257846,512
CLIMB sup,add_methyl,A,add_methyl_019,0.38736629132947914,512
CLIMB sup,add_methyl,A,add_methyl_020,0.16968526229578185,512
CLIMB sup,add_methyl,A,add_methyl_021,0.4146331065129677,512
CLIMB sup,add_methyl,A,add_methyl_022,0.543584463906153,512
CLIMB sup,add_methyl,A,add_methyl_023,0.13065776896115136,512
CLIMB sup,add_methyl,A,add_methyl_024,0.8623167518724488,512
CLIMB sup,add_methyl,A,add_methyl_025,0.34738514381048746,512
CLIMB sup,add_methyl,A,add_methyl_026,0.6396066781142116,512
CLIMB sup,add_methyl,A,add_methyl_027,0.3358004057833926,512
CLIMB sup,add_methyl,A,add_methyl_028,0.1175351734722513,512
CLIMB sup,add_methyl,A,add_methyl_029,0.4225928305573038,512
CLIMB sup,add_methyl,A,add_methyl_030,0.3009975540121421,512
CLIMB sup,add_methyl,A,add_methyl_031,0.16983751227050223,512
CLIMB sup,add_methyl,A,add_methyl_032,0.44482162860375374,512
CLIMB sup,add_methyl,A,add_methyl_033,0.18456300071734172,512
CLIMB sup,add_methyl,A,add_methyl_034,0.4961792305456134,512
CLIMB sup,add_methyl,A,add_methyl_035,0.14183961065659204,512
CLIMB sup,add_methyl,A,add_methyl_036,0.10219808292706274,512
CLIMB sup,add_methyl,A,add_methyl_037,0.2474457185585843,512
CLIMB sup,add_methyl,A,add_methyl_038,0.12278272370602343,512
CLIMB sup,add_methyl,A,add_methyl_039,0.2156213187580441,512
CLIMB sup,add_methyl,A,add_methyl_040,0.28431090603586145,512
CLIMB sup,add_methyl,A,add_methyl_041,0.2217772009582348,512
CLIMB sup,add_methyl,A,add_methyl_042,0.6807548726331348,512
CLIMB sup,add_methyl,A,add_methyl_043,0.7496356413013295,512
CLIMB sup,add_methyl,A,add_methyl_044,0.1711264629182393,512
CLIMB sup,add_methyl,A,add_methyl_045,0.19827597469344535,512
CLIMB sup,add_methyl,A,add_methyl_046,0.3407469730028739,512
CLIMB sup,add_methyl,A,add_methyl_047,0.27721747044487405,512
CLIMB sup,add_methyl,A,add_methyl_048,0.11409702274317983,512
CLIMB sup,add_methyl,A,add_methyl_049,0.33510698253616394,512
CLIMB sup,add_methyl,A,add_methyl_050,0.47600572272303066,512
CLIMB sup,add_methyl,A,add_methyl_051,0.37679795662479865,512
CLIMB sup,add_methyl,A,add_methyl_052,0.36843821982882446,512
CLIMB sup,add_methyl,A,add_methyl_053,0.17646978404962496,512
CLIMB sup,add_methyl,A,add_methyl_054,0.14270958190894112,512
CLIMB sup,add_methyl,A,add_methyl_055,0.11884563241284361,512
CLIMB sup,add_methyl,A,add_methyl_056,0.2018903124295349,512
CLIMB sup,add_methyl,A,add_methyl_057,0.7237040309610909,512
CLIMB sup,add_methyl,A,add_methyl_058,0.15827978582023317,512
CLIMB sup,add_methyl,A,add_methyl_059,0.19317407836376738,512
CLIMB sup,add_methyl,A,add_methyl_060,0.20772654699755788,512
CLIMB sup,add_methyl,A,add_methyl_061,0.5613010336794209,512
CLIMB sup,add_methyl,A,add_methyl_062,0.34047153718156137,512
CLIMB sup,add_methyl,A,add_methyl_063,0.1663864166755321,512
CLIMB sup,add_methyl,A,add_methyl_064,0.3137252659169247,512
CLIMB sup,add_methyl,A,add_methyl_065,0.3371242191703368,512
CLIMB sup,add_methyl,A,add_methyl_066,0.49785927349233583,512
CLIMB sup,add_methyl,A,add_methyl_067,0.14702361123075205,512
CLIMB sup,add_methyl,A,add_methyl_068,0.5300598790555463,512
CLIMB sup,add_methyl,A,add_methyl_069,0.1456663411379384,512
CLIMB sup,add_methyl,A,add_methyl_070,0.26514374936962076,512
CLIMB sup,add_methyl,A,add_methyl_071,0.545946469651762,512
CLIMB sup,add_methyl,A,add_methyl_072,0.2795583846519477,512
CLIMB sup,add_methyl,A,add_methyl_073,0.12410069177770948,512
CLIMB sup,add_methyl,A,add_methyl_074,0.6011124929063475,512
CLIMB sup,add_methyl,A,add_methyl_075,0.18720575880964968,512
CLIMB sup,add_methyl,A,add_methyl_076,0.4008451939281719,512
CLIMB sup,add_methyl,A,add_methyl_077,0.3173416694039435,512
CLIMB sup,add_methyl,A,add_methyl_078,0.10364648616297224,512
CLIMB sup,add_methyl,A,add_methyl_079,0.5135535682593843,512
CLIMB sup,add_methyl,A,add_methyl_080,0.41091041108945625,512
CLIMB sup,add_methyl,A,add_methyl_081,0.11865829467626147,512
CLIMB sup,add_methyl,A,add_methyl_082,0.6493230092350947,512
CLIMB sup,add_methyl,A,add_methyl_083,0.41230649754092363,512
CLIMB sup,add_methyl,A,add_methyl_084,0.4462628663994883,512
CLIMB sup,add_methyl,A,add_methyl_085,0.45991625668875763,512
CLIMB sup,add_methyl,A,add_methyl_086,0.20769242413636613,512
CLIMB sup,add_methyl,A,add_methyl_087,0.3156416169320293,512
CLIMB sup,add_methyl,A,add_methyl_088,0.20432152491903788,512
CLIMB sup,add_methyl,A,add_methyl_089,0.31157812277754776,512
CLIMB sup,add_methyl,A,add_methyl_090,0.11436441008990308,512
CLIMB sup,add_methyl,A,add_methyl_091,0.38381492233083,512
CLIMB sup,add_methyl,A,add_methyl_092,0.13964480099696605,512
CLIMB sup,add_methyl,A,add_methyl_093,0.553128977999338,512
CLIMB sup,add_methyl,A,add_methyl_094,0.10112574532556634,512
CLIMB sup,add_methyl,A,add_methyl_095,0.5437124214197345,512
CLIMB sup,add_methyl,A,add_methyl_096,0.12749172529823033,512
CLIMB sup,add_methyl,A,add_methyl_097,0.2417023034801895,512
CLIMB sup,add_methyl,A,add_methyl_098,0.35967361881981214,512
CLIMB sup,add_methyl,A,add_methyl_099,0.4848525168858929,512
CLIMB sup,add_fluorine,A,add_fluorine_000,0.2878628321765802,512
CLIMB sup,add_fluorine,A,add_fluorine_001,0.37624842240508166,512
CLIMB sup,add_fluorine,A,add_fluorine_002,0.29529847221325084,512
CLIMB sup,add_fluorine,A,add_fluorine_003,0.1940232717602936,512
CLIMB sup,add_fluorine,A,add_fluorine_004,0.19089535495925597,512
CLIMB sup,add_fluorine,A,add_fluorine_005,0.42458576036060697,512
CLIMB sup,add_fluorine,A,add_fluorine_006,0.2754854950852656,512
CLIMB sup,add_fluorine,A,add_fluorine_007,0.29985404105259206,512
CLIMB sup,add_fluorine,A,add_fluorine_008,0.19542010475975546,512
CLIMB sup,add_fluorine,A,add_fluorine_009,0.16027890564565944,512
CLIMB sup,add_fluorine,A,add_fluorine_010,0.29067851158941155,512
CLIMB sup,add_fluorine,A,add_fluorine_011,0.1800089559512885,512
CLIMB sup,add_fluorine,A,add_fluorine_012,0.22600762390353707,512
CLIMB sup,add_fluorine,A,add_fluorine_013,0.2771371134723144,512
CLIMB sup,add_fluorine,A,add_fluorine_014,0.2809183151138347,512
CLIMB sup,add_fluorine,A,add_fluorine_015,0.2444970731794421,512
CLIMB sup,add_fluorine,A,add_fluorine_016,0.25283411206788325,512
CLIMB sup,add_fluorine,A,add_fluorine_017,0.2776502294328337,512
CLIMB sup,add_fluorine,A,add_fluorine_018,0.22290352108123074,512
CLIMB sup,add_fluorine,A,add_fluorine_019,0.3279880189434974,512
CLIMB sup,add_fluorine,A,add_fluorine_020,0.1698269784541043,512
CLIMB sup,add_fluorine,A,add_fluorine_021,0.18372174136480207,512
CLIMB sup,add_fluorine,A,add_fluorine_022,0.21906238415694354,512
CLIMB sup,add_fluorine,A,add_fluorine_023,0.2758138133815729,512
CLIMB sup,add_fluorine,A,add_fluorine_024,0.24622697385140682,512
CLIMB sup,add_fluorine,A,add_fluorine_025,0.12528148569133007,512
CLIMB sup,add_fluorine,A,add_fluorine_026,0.31816189354159735,512
CLIMB sup,add_fluorine,A,add_fluorine_027,0.16597526449131203,512
CLIMB sup,add_fluorine,A,add_fluorine_028,0.18207891772218793,512
CLIMB sup,add_fluorine,A,add_fluorine_029,0.2461739202758497,512
CLIMB sup,add_fluorine,A,add_fluorine_030,0.35731410357179444,512
CLIMB sup,add_fluorine,A,add_fluorine_031,0.1942874821530905,512
CLIMB sup,add_fluorine,A,add_fluorine_032,0.326795435516655,512
CLIMB sup,add_fluorine,A,add_fluorine_033,0.2903098246357537,512
CLIMB sup,add_fluorine,A,add_fluorine_034,0.48942463000383174,512
CLIMB sup,add_fluorine,A,add_fluorine_035,0.15207382715356135,512
CLIMB sup,add_fluorine,A,add_fluorine_036,0.2698407314398753,512
CLIMB sup,add_fluorine,A,add_fluorine_037,0.3623189162281265,512
CLIMB sup,add_fluorine,A,add_fluorine_038,0.20992600263841754,512
CLIMB sup,add_fluorine,A,add_fluorine_039,0.2140080604917638,512
CLIMB sup,add_fluorine,A,add_fluorine_040,0.5757231875122271,512
CLIMB sup,add_fluorine,A,add_fluorine_041,0.21297015594739663,512
CLIMB sup,add_fluorine,A,add_fluorine_042,0.49724476765570513,512
CLIMB sup,add_fluorine,A,add_fluorine_043,0.27798448312207996,512
CLIMB sup,add_fluorine,A,add_fluorine_044,0.360498760418687,512
CLIMB sup,add_fluorine,A,add_fluorine_045,0.16146436641954723,512
CLIMB sup,add_fluorine,A,add_fluorine_046,0.5908518598150012,512
CLIMB sup,add_fluorine,A,add_fluorine_047,0.1939016480784575,512
CLIMB sup,add_fluorine,A,add_fluorine_048,0.3556851068532933,512
CLIMB sup,add_fluorine,A,add_fluorine_049,0.5061931260132899,512
CLIMB sup,add_fluorine,A,add_fluorine_050,0.18306075376836306,512
CLIMB sup,add_fluorine,A,add_fluorine_051,0.5719385161832373,512
CLIMB sup,add_fluorine,A,add_fluorine_052,0.3293676528746757,512
CLIMB sup,add_fluorine,A,add_fluorine_053,0.1975307783027045,512
CLIMB sup,add_fluorine,A,add_fluorine_054,0.3992459093744814,512
CLIMB sup,add_fluorine,A,add_fluorine_055,0.2610065322506602,512
CLIMB sup,add_fluorine,A,add_fluorine_056,0.3252390521739914,512
CLIMB sup,add_fluorine,A,add_fluorine_057,0.6409337023988706,512
CLIMB sup,add_fluorine,A,add_fluorine_058,0.24045943419988386,512
CLIMB sup,add_fluorine,A,add_fluorine_059,0.3152368617453861,512
CLIMB sup,add_fluorine,A,add_fluorine_060,0.33944587399148757,512
CLIMB sup,add_fluorine,A,add_fluorine_061,0.565691115274174,512
CLIMB sup,add_fluorine,A,add_fluorine_062,0.4202033077864786,512
CLIMB sup,add_fluorine,A,add_fluorine_063,0.1996716349996715,512
CLIMB sup,add_fluorine,A,add_fluorine_064,0.31725164191842803,512
CLIMB sup,add_fluorine,A,add_fluorine_065,0.4711581611922972,512
CLIMB sup,add_fluorine,A,add_fluorine_066,0.5382663689403381,512
CLIMB sup,add_fluorine,A,add_fluorine_067,0.17410266517582212,512
CLIMB sup,add_fluorine,A,add_fluorine_068,0.21418789054703535,512
CLIMB sup,add_fluorine,A,add_fluorine_069,0.26250492863389135,512
CLIMB sup,add_fluorine,A,add_fluorine_070,0.43086239415526006,512
CLIMB sup,add_fluorine,A,add_fluorine_071,0.5572679512371721,512
CLIMB sup,add_fluorine,A,add_fluorine_072,0.2008546083339084,512
CLIMB sup,add_fluorine,A,add_fluorine_073,0.30597035840647263,512
CLIMB sup,add_fluorine,A,add_fluorine_074,0.2100055629473274,512
CLIMB sup,add_fluorine,A,add_fluorine_075,0.35786721366524177,512
CLIMB sup,add_fluorine,A,add_fluorine_076,0.2847127690504182,512
CLIMB sup,add_fluorine,A,add_fluorine_077,0.3626829445033375,512
CLIMB sup,add_fluorine,A,add_fluorine_078,0.453590674415641,512
CLIMB sup,add_fluorine,A,add_fluorine_079,0.20967050220561173,512
CLIMB sup,add_fluorine,A,add_fluorine_080,0.6214607060739794,512
CLIMB sup,add_fluorine,A,add_fluorine_081,0.26630394382469846,512
CLIMB sup,add_fluorine,A,add_fluorine_082,0.1569367746058358,512
CLIMB sup,add_fluorine,A,add_fluorine_083,0.2344845753748642,512
CLIMB sup,add_fluorine,A,add_fluorine_084,0.3741599809734322,512
CLIMB sup,add_fluorine,A,add_fluorine_085,0.23467519742549242,512
CLIMB sup,add_fluorine,A,add_fluorine_086,0.2928646037690057,512
CLIMB sup,add_fluorine,A,add_fluorine_087,0.3416836290868657,512
CLIMB sup,add_fluorine,A,add_fluorine_088,0.2598816019328015,512
CLIMB sup,add_fluorine,A,add_fluorine_089,0.34531725488996096,512
CLIMB sup,add_fluorine,A,add_fluorine_090,0.22639665870192335,512
CLIMB sup,add_fluorine,A,add_fluorine_091,0.5826731473613708,512
CLIMB sup,add_fluorine,A,add_fluorine_092,0.2913565912361229,512
CLIMB sup,add_fluorine,A,add_fluorine_093,0.2903693113124799,512
CLIMB sup,add_fluorine,A,add_fluorine_094,0.22535205567154037,512
CLIMB sup,add_fluorine,A,add_fluorine_095,0.19979864568639474,512
CLIMB sup,add_fluorine,A,add_fluorine_096,0.28913196244691614,512
CLIMB sup,add_fluorine,A,add_fluorine_097,0.31216983354395883,512
CLIMB sup,add_fluorine,A,add_fluorine_098,0.4161687369573699,512
CLIMB sup,add_fluorine,A,add_fluorine_099,0.6186357168088608,512
CLIMB sup,isotope_13c,A,isotope_13c_000,0.5245625852838195,512
CLIMB sup,isotope_13c,A,isotope_13c_001,0.29068750469835414,512
CLIMB sup,isotope_13c,A,isotope_13c_002,0.6806884230822456,512
CLIMB sup,isotope_13c,A,isotope_13c_003,0.2852332588862044,512
CLIMB sup,isotope_13c,A,isotope_13c_004,0.19994005406102766,512
CLIMB sup,isotope_13c,A,isotope_13c_005,0.4518760489956553,512
CLIMB sup,isotope_13c,A,isotope_13c_006,0.26842020418953216,512
CLIMB sup,isotope_13c,A,isotope_13c_007,0.6303304254206946,512
CLIMB sup,isotope_13c,A,isotope_13c_008,0.23457432604089637,512
CLIMB sup,isotope_13c,A,isotope_13c_009,0.30178179618059936,512
CLIMB sup,isotope_13c,A,isotope_13c_010,0.16807206729790025,512
CLIMB sup,isotope_13c,A,isotope_13c_011,0.22865898713868654,512
CLIMB sup,isotope_13c,A,isotope_13c_012,0.1458939204899918,512
CLIMB sup,isotope_13c,A,isotope_13c_013,0.2989883796731093,512
CLIMB sup,isotope_13c,A,isotope_13c_014,0.23634544755834683,512
CLIMB sup,isotope_13c,A,isotope_13c_015,0.2376088145540205,512
CLIMB sup,isotope_13c,A,isotope_13c_016,0.3667687784047871,512
CLIMB sup,isotope_13c,A,isotope_13c_017,0.6000036239516365,512
CLIMB sup,isotope_13c,A,isotope_13c_018,0.17802066735098698,512
CLIMB sup,isotope_13c,A,isotope_13c_019,0.2566963122468556,512
CLIMB sup,isotope_13c,A,isotope_13c_020,0.24217848668899453,512
CLIMB sup,isotope_13c,A,isotope_13c_021,0.5374308456582803,512
CLIMB sup,isotope_13c,A,isotope_13c_022,0.5447343628200481,512
CLIMB sup,isotope_13c,A,isotope_13c_023,0.17781303565942438,512
CLIMB sup,isotope_13c,A,isotope_13c_024,0.4162810008459483,512
CLIMB sup,isotope_13c,A,isotope_13c_025,0.27316061285392074,512
CLIMB sup,isotope_13c,A,isotope_13c_026,0.27698770646317683,512
CLIMB sup,isotope_13c,A,isotope_13c_027,0.22805874530134923,512
CLIMB sup,isotope_13c,A,isotope_13c_028,0.2070818654423128,512
CLIMB sup,isotope_13c,A,isotope_13c_029,0.29875600623133175,512
CLIMB sup,isotope_13c,A,isotope_13c_030,0.4451974468187605,512
CLIMB sup,isotope_13c,A,isotope_13c_031,0.7076174828557967,512
CLIMB sup,isotope_13c,A,isotope_13c_032,0.7329990754486371,512
CLIMB sup,isotope_13c,A,isotope_13c_033,0.29431566748822147,512
CLIMB sup,isotope_13c,A,isotope_13c_034,0.34729180046426006,512
CLIMB sup,isotope_13c,A,isotope_13c_035,0.159542618785415,512
CLIMB sup,isotope_13c,A,isotope_13c_036,0.525231215976436,512
CLIMB sup,isotope_13c,A,isotope_13c_037,0.3799912408998045,512
CLIMB sup,isotope_13c,A,isotope_13c_038,0.29156139898062977,512
CLIMB sup,isotope_13c,A,isotope_13c_039,0.3230391197860023,512
CLIMB sup,isotope_13c,A,isotope_13c_040,0.3265122970080608,512
CLIMB sup,isotope_13c,A,isotope_13c_041,0.1933046516752857,512
CLIMB sup,isotope_13c,A,isotope_13c_042,0.21231245192263917,512
CLIMB sup,isotope_13c,A,isotope_13c_043,0.17218236214933252,512
CLIMB sup,isotope_13c,A,isotope_13c_044,0.13782082620385214,512
CLIMB sup,isotope_13c,A,isotope_13c_045,0.2378001865444665,512
CLIMB sup,isotope_13c,A,isotope_13c_046,0.5642700784384618,512
CLIMB sup,isotope_13c,A,isotope_13c_047,0.22708227415167925,512
CLIMB sup,isotope_13c,A,isotope_13c_048,0.33745282974065305,512
CLIMB sup,isotope_13c,A,isotope_13c_049,0.5685072914661592,512
CLIMB sup,isotope_13c,A,isotope_13c_050,0.22026143762361172,512
CLIMB sup,isotope_13c,A,isotope_13c_051,0.4139839576106584,512
CLIMB sup,isotope_13c,A,isotope_13c_052,0.4340289209800479,512
CLIMB sup,isotope_13c,A,isotope_13c_053,0.22330678988724156,512
CLIMB sup,isotope_13c,A,isotope_13c_054,0.26420255898326644,512
CLIMB sup,isotope_13c,A,isotope_13c_055,0.20251096917150732,512
CLIMB sup,isotope_13c,A,isotope_13c_056,0.1326151109698367,512
CLIMB sup,isotope_13c,A,isotope_13c_057,0.6609899587383725,512
CLIMB sup,isotope_13c,A,isotope_13c_058,0.27254067121702,512
CLIMB sup,isotope_13c,A,isotope_13c_059,0.1664940274504654,512
CLIMB sup,isotope_13c,A,isotope_13c_060,0.1558076188326794,512
CLIMB sup,isotope_13c,A,isotope_13c_061,0.5255679715493569,512
CLIMB sup,isotope_13c,A,isotope_13c_062,0.4146270536221215,512
CLIMB sup,isotope_13c,A,isotope_13c_063,0.33987371705230063,512
CLIMB sup,isotope_13c,A,isotope_13c_064,0.3242314037066613,512
CLIMB sup,isotope_13c,A,isotope_13c_065,0.3749359413490794,512
CLIMB sup,isotope_13c,A,isotope_13c_066,0.5106270988166347,512
CLIMB sup,isotope_13c,A,isotope_13c_067,0.28584401504219115,512
CLIMB sup,isotope_13c,A,isotope_13c_068,0.6278026199623509,512
CLIMB sup,isotope_13c,A,isotope_13c_069,0.3828884700031658,512
CLIMB sup,isotope_13c,A,isotope_13c_070,0.5440133247184754,512
CLIMB sup,isotope_13c,A,isotope_13c_071,0.4784172302397604,512
CLIMB sup,isotope_13c,A,isotope_13c_072,0.20288518146958168,512
CLIMB sup,isotope_13c,A,isotope_13c_073,0.2702641511431033,512
CLIMB sup,isotope_13c,A,isotope_13c_074,0.2891768856798233,512
CLIMB sup,isotope_13c,A,isotope_13c_075,0.3027197541227756,512
CLIMB sup,isotope_13c,A,isotope_13c_076,0.37892006649460175,512
CLIMB sup,isotope_13c,A,isotope_13c_077,0.1807789555924866,512
CLIMB sup,isotope_13c,A,isotope_13c_078,0.38090730644971726,512
CLIMB sup,isotope_13c,A,isotope_13c_079,0.3231857912920445,512
CLIMB sup,isotope_13c,A,isotope_13c_080,0.27937218837199224,512
CLIMB sup,isotope_13c,A,isotope_13c_081,0.31270055227053584,512
CLIMB sup,isotope_13c,A,isotope_13c_082,0.21776477933003913,512
CLIMB sup,isotope_13c,A,isotope_13c_083,0.5898632840655837,512
CLIMB sup,isotope_13c,A,isotope_13c_084,0.24273759634644243,512
CLIMB sup,isotope_13c,A,isotope_13c_085,0.17482014512116395,512
CLIMB sup,isotope_13c,A,isotope_13c_086,0.4595513903203423,512
CLIMB sup,isotope_13c,A,isotope_13c_087,0.6858374315171522,512
CLIMB sup,isotope_13c,A,isotope_13c_088,0.2190858321811566,512
CLIMB sup,isotope_13c,A,isotope_13c_089,0.20356300097988247,512
CLIMB sup,isotope_13c,A,isotope_13c_090,0.678393695350393,512
CLIMB sup,isotope_13c,A,isotope_13c_091,0.5531424427026906,512
CLIMB sup,isotope_13c,A,isotope_13c_092,0.6379297608615557,512
CLIMB sup,isotope_13c,A,isotope_13c_093,0.16802991700299066,512
CLIMB sup,isotope_13c,A,isotope_13c_094,0.22636211128702802,512
CLIMB sup,isotope_13c,A,isotope_13c_095,0.19644435193320461,512
CLIMB sup,isotope_13c,A,isotope_13c_096,0.5008697533953553,512
CLIMB sup,isotope_13c,A,isotope_13c_097,0.37111275312631964,512
CLIMB sup,isotope_13c,A,isotope_13c_098,0.35998219691516675,512
CLIMB sup,isotope_13c,A,isotope_13c_099,0.3557534484274621,512
CLIMB sup,ring_size,A,ring_size_000,0.12568543580009672,512
CLIMB sup,ring_size,A,ring_size_001,0.056328639413342325,512
CLIMB sup,ring_size,A,ring_size_002,0.10074963922998231,512
CLIMB sup,ring_size,A,ring_size_003,0.17855424805808867,512
CLIMB sup,ring_size,A,ring_size_004,0.07288752199918241,512
CLIMB sup,ring_size,A,ring_size_005,0.04493434734017025,512
CLIMB sup,ring_size,A,ring_size_006,0.05614775189994312,512
CLIMB sup,ring_size,A,ring_size_007,0.06434028716122561,512
CLIMB sup,ring_size,A,ring_size_008,0.05810172095793527,512
CLIMB sup,ring_size,A,ring_size_009,0.10626203530034112,512
CLIMB sup,ring_size,A,ring_size_010,0.14222290483674138,512
CLIMB sup,ring_size,A,ring_size_011,0.10589918302769866,512
CLIMB sup,ring_size,A,ring_size_012,0.0550505269059921,512
CLIMB sup,ring_size,A,ring_size_013,0.06106111586676495,512
CLIMB sup,ring_size,A,ring_size_014,0.1801150691486288,512
CLIMB sup,ring_size,A,ring_size_015,0.07272381512077468,512
CLIMB sup,ring_size,A,ring_size_016,0.08959964451929517,512
CLIMB sup,ring_size,A,ring_size_017,0.10333795799497351,512
CLIMB sup,ring_size,A,ring_size_018,0.12313933897451323,512
CLIMB sup,ring_size,A,ring_size_019,0.10719682051752703,512
CLIMB sup,ring_size,A,ring_size_020,0.14503904398379214,512
CLIMB sup,ring_size,A,ring_size_021,0.09987361365323684,512
CLIMB sup,ring_size,A,ring_size_022,0.07478526884214548,512
CLIMB sup,ring_size,A,ring_size_023,0.1614677076325193,512
CLIMB sup,ring_size,A,ring_size_024,0.1429926974200393,512
CLIMB sup,ring_size,A,ring_size_025,0.056267783225004114,512
CLIMB sup,ring_size,A,ring_size_026,0.10139525202057281,512
CLIMB sup,ring_size,A,ring_size_027,0.055132901227988994,512
CLIMB sup,ring_size,A,ring_size_028,0.1780134875530297,512
CLIMB sup,ring_size,A,ring_size_029,0.08948312949618104,512
CLIMB sup,ring_size,A,ring_size_030,0.1606702646219216,512
CLIMB sup,ring_size,A,ring_size_031,0.15754227510429689,512
CLIMB sup,ring_size,A,ring_size_032,0.13287329627730796,512
CLIMB sup,ring_size,A,ring_size_033,0.10693593460420811,512
CLIMB sup,ring_size,A,ring_size_034,0.06056725726294441,512
CLIMB sup,ring_size,A,ring_size_035,0.09810358926929873,512
CLIMB sup,ring_size,A,ring_size_036,0.1467567108131463,512
CLIMB sup,ring_size,A,ring_size_037,0.06168406683343823,512
CLIMB sup,ring_size,A,ring_size_038,0.09776560990956014,512
CLIMB sup,ring_size,A,ring_size_039,0.05916681075692952,512
CLIMB sup,ring_size,A,ring_size_040,0.12177629605869826,512
CLIMB sup,ring_size,A,ring_size_041,0.07708974500214415,512
CLIMB sup,ring_size,A,ring_size_042,0.18565629139054268,512
CLIMB sup,ring_size,A,ring_size_043,0.05616591447717438,512
CLIMB sup,ring_size,A,ring_size_044,0.1566119504970745,512
CLIMB sup,ring_size,A,ring_size_045,0.15330616799227156,512
CLIMB sup,ring_size,A,ring_size_046,0.11954307573171313,512
CLIMB sup,ring_size,A,ring_size_047,0.08483906785664093,512
CLIMB sup,ring_size,A,ring_size_048,0.07652152927438546,512
CLIMB sup,ring_size,A,ring_size_049,0.06188204195259693,512
CLIMB sup,ring_size,A,ring_size_050,0.24435502441359724,512
CLIMB sup,ring_size,A,ring_size_051,0.06486243867818758,512
CLIMB sup,ring_size,A,ring_size_052,0.09340833280620982,512
CLIMB sup,ring_size,A,ring_size_053,0.14062472715774144,512
CLIMB sup,ring_size,A,ring_size_054,0.1810950247897838,512
CLIMB sup,ring_size,A,ring_size_055,0.09602662540071265,512
CLIMB sup,ring_size,A,ring_size_056,0.09107144237967679,512
CLIMB sup,ring_size,A,ring_size_057,0.11173280179242856,512
CLIMB sup,ring_size,A,ring_size_058,0.16284000604292326,512
CLIMB sup,ring_size,A,ring_size_059,0.054007141108678325,512
CLIMB sup,ring_size,A,ring_size_060,0.16976106730881171,512
CLIMB sup,ring_size,A,ring_size_061,0.08764489931608835,512
CLIMB sup,ring_size,A,ring_size_062,0.07030588157548669,512
CLIMB sup,ring_size,A,ring_size_063,0.10331731482105429,512
CLIMB sup,ring_size,A,ring_size_064,0.12964422453111224,512
CLIMB sup,ring_size,A,ring_size_065,0.14725153381858996,512
CLIMB sup,ring_size,A,ring_size_066,0.051956640445344496,512
CLIMB sup,ring_size,A,ring_size_067,0.15464339279230083,512
CLIMB sup,ring_size,A,ring_size_068,0.1983300692323331,512
CLIMB sup,ring_size,A,ring_size_069,0.41913534404803254,512
CLIMB sup,ring_size,A,ring_size_070,0.23411242499720109,512
CLIMB sup,ring_size,A,ring_size_071,0.15235370107219873,512
CLIMB sup,ring_size,A,ring_size_072,0.16572313831191418,512
CLIMB sup,ring_size,A,ring_size_073,0.07021065794493997,512
CLIMB sup,ring_size,A,ring_size_074,0.07193146905997491,512
CLIMB sup,ring_size,A,ring_size_075,0.11602993854570405,512
CLIMB sup,ring_size,A,ring_size_076,0.06278104382181289,512
CLIMB sup,ring_size,A,ring_size_077,0.13563766281218628,512
CLIMB sup,ring_size,A,ring_size_078,0.054155816282306916,512
CLIMB sup,ring_size,A,ring_size_079,0.07312671152822371,512
CLIMB sup,ring_size,A,ring_size_080,0.16670667720984375,512
CLIMB sup,ring_size,A,ring_size_081,0.10623040866409354,512
CLIMB sup,ring_size,A,ring_size_082,0.1672941209214536,512
CLIMB sup,ring_size,A,ring_size_083,0.21074627099415053,512
CLIMB sup,ring_size,A,ring_size_084,0.0610201444658625,512
CLIMB sup,ring_size,A,ring_size_085,0.12640095391259942,512
CLIMB sup,ring_size,A,ring_size_086,0.09374480462866519,512
CLIMB sup,ring_size,A,ring_size_087,0.07067418182773383,512
CLIMB sup,ring_size,A,ring_size_088,0.06162156964255799,512
CLIMB sup,ring_size,A,ring_size_089,0.06971117945648542,512
CLIMB sup,ring_size,A,ring_size_090,0.09322185231502625,512
CLIMB sup,ring_size,A,ring_size_091,0.08803580874137348,512
CLIMB sup,ring_size,A,ring_size_092,0.09961562876692755,512
CLIMB sup,ring_size,A,ring_size_093,0.11796600305101096,512
CLIMB sup,ring_size,A,ring_size_094,0.06263966225627168,512
CLIMB sup,ring_size,A,ring_size_095,0.16097441999490908,512
CLIMB sup,ring_size,A,ring_size_096,0.05705315264018362,512
CLIMB sup,ring_size,A,ring_size_097,0.2721071047640981,512
CLIMB sup,ring_size,A,ring_size_098,0.07408070600411414,512
CLIMB sup,ring_size,A,ring_size_099,0.06876108475441362,512
CLIMB sup,regioisomer,A,regioisomer_000,0.4206120462602311,512
CLIMB sup,regioisomer,A,regioisomer_001,0.7077756586725559,512
CLIMB sup,regioisomer,A,regioisomer_002,0.7296959970639867,512
CLIMB sup,regioisomer,A,regioisomer_003,0.3245723954056482,512
CLIMB sup,regioisomer,A,regioisomer_004,0.5189589900419855,512
CLIMB sup,regioisomer,A,regioisomer_005,0.6175135057754298,512
CLIMB sup,regioisomer,A,regioisomer_006,0.378150048616061,512
CLIMB sup,regioisomer,A,regioisomer_007,0.23794290566609164,512
CLIMB sup,regioisomer,A,regioisomer_008,0.32298335635546266,512
CLIMB sup,regioisomer,A,regioisomer_009,0.3097415824885896,512
CLIMB sup,regioisomer,A,regioisomer_010,0.5758951349021607,512
CLIMB sup,regioisomer,A,regioisomer_011,0.69940531807411,512
CLIMB sup,regioisomer,A,regioisomer_012,0.48812898380035874,512
CLIMB sup,regioisomer,A,regioisomer_013,0.50841387369884,512
CLIMB sup,regioisomer,A,regioisomer_014,0.47492757451721335,512
CLIMB sup,regioisomer,A,regioisomer_015,0.5416943203669213,512
CLIMB sup,regioisomer,A,regioisomer_016,0.6477639018274232,512
CLIMB sup,regioisomer,A,regioisomer_017,0.6229338928609197,512
CLIMB sup,regioisomer,A,regioisomer_018,0.4823299277303465,512
CLIMB sup,regioisomer,A,regioisomer_019,0.43309665536528125,512
CLIMB sup,regioisomer,A,regioisomer_020,0.6477643890533543,512
CLIMB sup,regioisomer,A,regioisomer_021,0.685916972095824,512
CLIMB sup,regioisomer,A,regioisomer_022,0.4591359240656886,512
CLIMB sup,regioisomer,A,regioisomer_023,0.2753235963285675,512
CLIMB sup,regioisomer,A,regioisomer_024,0.39202110519097866,512
CLIMB sup,regioisomer,A,regioisomer_025,0.7338048280239318,512
CLIMB sup,regioisomer,A,regioisomer_026,0.4738327104592531,512
CLIMB sup,regioisomer,A,regioisomer_027,0.30044385787355504,512
CLIMB sup,regioisomer,A,regioisomer_028,0.4312073470037306,512
CLIMB sup,regioisomer,A,regioisomer_029,0.5973124939001906,512
CLIMB sup,regioisomer,A,regioisomer_030,0.7700214926735538,512
CLIMB sup,regioisomer,A,regioisomer_031,0.6092552852209611,512
CLIMB sup,regioisomer,A,regioisomer_032,0.7131173269934796,512
CLIMB sup,regioisomer,A,regioisomer_033,0.5086914413684077,512
CLIMB sup,regioisomer,A,regioisomer_034,0.5279609956158458,512
CLIMB sup,regioisomer,A,regioisomer_035,0.3112877401257082,512
CLIMB sup,regioisomer,A,regioisomer_036,0.5114147208146388,512
CLIMB sup,regioisomer,A,regioisomer_037,0.4920477947080124,512
CLIMB sup,regioisomer,A,regioisomer_038,0.35026644529143586,512
CLIMB sup,regioisomer,A,regioisomer_039,0.5347553922210845,512
CLIMB sup,regioisomer,A,regioisomer_040,0.48054718931670065,512
CLIMB sup,regioisomer,A,regioisomer_041,0.35250947301713487,512
CLIMB sup,regioisomer,A,regioisomer_042,0.6879493738976875,512
CLIMB sup,regioisomer,A,regioisomer_043,0.5784758193613171,512
CLIMB sup,regioisomer,A,regioisomer_044,0.41198210275188857,512
CLIMB sup,regioisomer,A,regioisomer_045,0.4013297496314479,512
CLIMB sup,regioisomer,A,regioisomer_046,0.2710305475159837,512
CLIMB sup,regioisomer,A,regioisomer_047,0.59887843644264,512
CLIMB sup,regioisomer,A,regioisomer_048,0.8359115021993102,512
CLIMB sup,regioisomer,A,regioisomer_049,0.2696375521368524,512
CLIMB sup,regioisomer,A,regioisomer_050,0.33663251058139354,512
CLIMB sup,regioisomer,A,regioisomer_051,0.4823299277303465,512
CLIMB sup,regioisomer,A,regioisomer_052,0.3066980301655823,512
CLIMB sup,regioisomer,A,regioisomer_053,0.40972251435948137,512
CLIMB sup,regioisomer,A,regioisomer_054,0.3914837125268,512
CLIMB sup,regioisomer,A,regioisomer_055,0.7362684426593713,512
CLIMB sup,regioisomer,A,regioisomer_056,0.38538104700451176,512
CLIMB sup,regioisomer,A,regioisomer_057,0.4549421530880469,512
CLIMB sup,regioisomer,A,regioisomer_058,0.7931240962700691,512
CLIMB sup,regioisomer,A,regioisomer_059,0.2690061445313938,512
CLIMB sup,regioisomer,A,regioisomer_060,0.49250437166595745,512
CLIMB sup,regioisomer,A,regioisomer_061,0.3614293951243881,512
CLIMB sup,regioisomer,A,regioisomer_062,0.5245222366614127,512
CLIMB sup,regioisomer,A,regioisomer_063,0.6954057398861488,512
CLIMB sup,regioisomer,A,regioisomer_064,0.750639007729321,512
CLIMB sup,regioisomer,A,regioisomer_065,0.39463239303657854,512
CLIMB sup,regioisomer,A,regioisomer_066,0.29807582967840646,512
CLIMB sup,regioisomer,A,regioisomer_067,0.4230910394352727,512
CLIMB sup,regioisomer,A,regioisomer_068,0.7347712637008716,512
CLIMB sup,regioisomer,A,regioisomer_069,0.629203545129917,512
CLIMB sup,regioisomer,A,regioisomer_070,0.48397232117147143,512
CLIMB sup,regioisomer,A,regioisomer_071,0.3996690013624073,512
CLIMB sup,regioisomer,A,regioisomer_072,0.6283062361507079,512
CLIMB sup,regioisomer,A,regioisomer_073,0.6281861093631654,512
CLIMB sup,regioisomer,A,regioisomer_074,0.3541642322223509,512
CLIMB sup,regioisomer,A,regioisomer_075,0.6269371225744957,512
CLIMB sup,regioisomer,A,regioisomer_076,0.3828102182820027,512
CLIMB sup,regioisomer,A,regioisomer_077,0.7824188038444204,512
CLIMB sup,regioisomer,A,regioisomer_078,0.47226250452072627,512
CLIMB sup,regioisomer,A,regioisomer_079,0.4534178039813306,512
CLIMB sup,regioisomer,A,regioisomer_080,0.6211132370398382,512
CLIMB sup,regioisomer,A,regioisomer_081,0.4041706371077914,512
CLIMB sup,regioisomer,A,regioisomer_082,0.5904909608064554,512
CLIMB sup,regioisomer,A,regioisomer_083,0.5063769306769067,512
CLIMB sup,regioisomer,A,regioisomer_084,0.40597559445343917,512
CLIMB sup,regioisomer,A,regioisomer_085,0.3777329885861854,512
CLIMB sup,regioisomer,A,regioisomer_086,0.47745878124558105,512
CLIMB sup,regioisomer,A,regioisomer_087,0.6267745408021762,512
CLIMB sup,regioisomer,A,regioisomer_088,0.4321843549738278,512
CLIMB sup,regioisomer,A,regioisomer_089,0.6238019933142436,512
CLIMB sup,regioisomer,A,regioisomer_090,0.7412429311729651,512
CLIMB sup,regioisomer,A,regioisomer_091,0.40269137351806106,512
CLIMB sup,regioisomer,A,regioisomer_092,0.3427686363110303,512
CLIMB sup,regioisomer,A,regioisomer_093,0.40444004915807324,512
CLIMB sup,regioisomer,A,regioisomer_094,0.8092600628372315,512
CLIMB sup,regioisomer,A,regioisomer_095,0.3229028576826811,512
CLIMB sup,regioisomer,A,regioisomer_096,0.59887843644264,512
CLIMB sup,regioisomer,A,regioisomer_097,0.3729270268676832,512
CLIMB sup,regioisomer,A,regioisomer_098,0.31502330878212476,512
CLIMB sup,regioisomer,A,regioisomer_099,0.46118910176849287,512
CLIMB sup,matched_mw,A,matched_mw_000,0.8938604792809656,512
CLIMB sup,matched_mw,A,matched_mw_001,2.815666645458123,512
CLIMB sup,matched_mw,A,matched_mw_002,3.0883154632305407,512
CLIMB sup,matched_mw,A,matched_mw_003,2.293587015645555,512
CLIMB sup,matched_mw,A,matched_mw_004,1.5380661379181075,512
CLIMB sup,matched_mw,A,matched_mw_005,2.312784959012688,512
CLIMB sup,matched_mw,A,matched_mw_006,1.7293086245384366,512
CLIMB sup,matched_mw,A,matched_mw_007,1.9785419381880232,512
CLIMB sup,matched_mw,A,matched_mw_008,1.6143665059027572,512
CLIMB sup,matched_mw,A,matched_mw_009,1.616508947418716,512
CLIMB sup,matched_mw,A,matched_mw_010,0.8637894424461897,512
CLIMB sup,matched_mw,A,matched_mw_011,1.4961554000678652,512
CLIMB sup,matched_mw,A,matched_mw_012,2.342281962087165,512
CLIMB sup,matched_mw,A,matched_mw_013,2.4369173361053797,512
CLIMB sup,matched_mw,A,matched_mw_014,1.2289838619810052,512
CLIMB sup,matched_mw,A,matched_mw_015,2.0819987342396065,512
CLIMB sup,matched_mw,A,matched_mw_016,0.5342176655836851,512
CLIMB sup,matched_mw,A,matched_mw_017,1.3952750084281327,512
CLIMB sup,matched_mw,A,matched_mw_018,0.7618365594277368,512
CLIMB sup,matched_mw,A,matched_mw_019,1.2648586370598347,512
CLIMB sup,matched_mw,A,matched_mw_020,2.224214287081304,512
CLIMB sup,matched_mw,A,matched_mw_021,0.9345293014418211,512
CLIMB sup,matched_mw,A,matched_mw_022,0.47334996939122104,512
CLIMB sup,matched_mw,A,matched_mw_023,0.8857608372306727,512
CLIMB sup,matched_mw,A,matched_mw_024,1.2712050432670636,512
CLIMB sup,matched_mw,A,matched_mw_025,1.3734041964839172,512
CLIMB sup,matched_mw,A,matched_mw_026,1.6134710117529043,512
CLIMB sup,matched_mw,A,matched_mw_027,0.7736171255128329,512
CLIMB sup,matched_mw,A,matched_mw_028,1.6855596093239513,512
CLIMB sup,matched_mw,A,matched_mw_029,1.59003397469875,512
CLIMB sup,matched_mw,A,matched_mw_030,2.235096633712376,512
CLIMB sup,matched_mw,A,matched_mw_031,2.2287354848645253,512
CLIMB sup,matched_mw,A,matched_mw_032,1.948542240880528,512
CLIMB sup,matched_mw,A,matched_mw_033,1.9111681158541898,512
CLIMB sup,matched_mw,A,matched_mw_034,1.5183461190210261,512
CLIMB sup,matched_mw,A,matched_mw_035,1.0626806614970477,512
CLIMB sup,matched_mw,A,matched_mw_036,1.0245159247059676,512
CLIMB sup,matched_mw,A,matched_mw_037,1.5287785563128469,512
CLIMB sup,matched_mw,A,matched_mw_038,1.121881441661354,512
CLIMB sup,matched_mw,A,matched_mw_039,1.6793035046460072,512
CLIMB sup,matched_mw,A,matched_mw_040,1.9449039551335046,512
CLIMB sup,matched_mw,A,matched_mw_041,0.9121846135994385,512
CLIMB sup,matched_mw,A,matched_mw_042,0.5807392877028472,512
CLIMB sup,matched_mw,A,matched_mw_043,1.218516502404507,512
CLIMB sup,matched_mw,A,matched_mw_044,1.1576222843004644,512
CLIMB sup,matched_mw,A,matched_mw_045,1.2734549442901226,512
CLIMB sup,matched_mw,A,matched_mw_046,0.996899656878122,512
CLIMB sup,matched_mw,A,matched_mw_047,1.7673353768082616,512
CLIMB sup,matched_mw,A,matched_mw_048,1.395784240840186,512
CLIMB sup,matched_mw,A,matched_mw_049,1.5331959944881701,512
CLIMB sup,matched_mw,A,matched_mw_050,2.3525396028456056,512
CLIMB sup,matched_mw,A,matched_mw_051,2.0316030348658343,512
CLIMB sup,matched_mw,A,matched_mw_052,2.8570346885389126,512
CLIMB sup,matched_mw,A,matched_mw_053,2.9005819071361287,512
CLIMB sup,matched_mw,A,matched_mw_054,0.6370287356502896,512
CLIMB sup,matched_mw,A,matched_mw_055,0.6568535129332238,512
CLIMB sup,matched_mw,A,matched_mw_056,0.9360511514931456,512
CLIMB sup,matched_mw,A,matched_mw_057,1.190997895225637,512
CLIMB sup,matched_mw,A,matched_mw_058,0.9848074668882315,512
CLIMB sup,matched_mw,A,matched_mw_059,0.7943432400628938,512
CLIMB sup,matched_mw,A,matched_mw_060,1.5474247448071,512
CLIMB sup,matched_mw,A,matched_mw_061,1.9965424210146143,512
CLIMB sup,matched_mw,A,matched_mw_062,0.49469270037245994,512
CLIMB sup,matched_mw,A,matched_mw_063,2.558642667229738,512
CLIMB sup,matched_mw,A,matched_mw_064,0.7964334376864909,512
CLIMB sup,matched_mw,A,matched_mw_065,0.6619519572220827,512
CLIMB sup,matched_mw,A,matched_mw_066,0.7966755158214772,512
CLIMB sup,matched_mw,A,matched_mw_067,1.2678420123409995,512
CLIMB sup,matched_mw,A,matched_mw_068,1.8945398496941803,512
CLIMB sup,matched_mw,A,matched_mw_069,1.6190836405749074,512
CLIMB sup,matched_mw,A,matched_mw_070,1.7732701170382483,512
CLIMB sup,matched_mw,A,matched_mw_071,1.011405957609347,512
CLIMB sup,matched_mw,A,matched_mw_072,1.938872668423442,512
CLIMB sup,matched_mw,A,matched_mw_073,2.6048995548715768,512
CLIMB sup,matched_mw,A,matched_mw_074,1.3591510653856629,512
CLIMB sup,matched_mw,A,matched_mw_075,0.7272550682619232,512
CLIMB sup,matched_mw,A,matched_mw_076,1.4166964739968193,512
CLIMB sup,matched_mw,A,matched_mw_077,0.4136337016449108,512
CLIMB sup,matched_mw,A,matched_mw_078,0.7190614988492436,512
CLIMB sup,matched_mw,A,matched_mw_079,1.1604943316366059,512
CLIMB sup,matched_mw,A,matched_mw_080,0.8283039069603197,512
CLIMB sup,matched_mw,A,matched_mw_081,1.587782416742164,512
CLIMB sup,matched_mw,A,matched_mw_082,1.755404212813202,512
CLIMB sup,matched_mw,A,matched_mw_083,1.3458632304060196,512
CLIMB sup,matched_mw,A,matched_mw_084,1.3846669714982545,512
CLIMB sup,matched_mw,A,matched_mw_085,0.7785650707097883,512
CLIMB sup,matched_mw,A,matched_mw_086,1.9933778147226566,512
CLIMB sup,matched_mw,A,matched_mw_087,2.675976780539795,512
CLIMB sup,matched_mw,A,matched_mw_088,0.491054109196076,512
CLIMB sup,matched_mw,A,matched_mw_089,0.528408885431327,512
CLIMB sup,matched_mw,A,matched_mw_090,0.9988173873889944,512
CLIMB sup,matched_mw,A,matched_mw_091,1.3336727833015978,512
CLIMB sup,matched_mw,A,matched_mw_092,2.1882707029195734,512
CLIMB sup,matched_mw,A,matched_mw_093,1.4122928474491259,512
CLIMB sup,matched_mw,A,matched_mw_094,1.6308007650819436,512
CLIMB sup,matched_mw,A,matched_mw_095,2.4260592206917915,512
CLIMB sup,matched_mw,A,matched_mw_096,0.6941973940530719,512
CLIMB sup,matched_mw,A,matched_mw_097,0.6074784344255798,512
CLIMB sup,matched_mw,A,matched_mw_098,0.899220692402316,512
CLIMB sup,matched_mw,A,matched_mw_099,2.156990328870663,512
CLIMB sup,matched_descriptors,A,matched_descriptors_000,0.524628555318595,512
CLIMB sup,matched_descriptors,A,matched_descriptors_001,0.6284769932019134,512
CLIMB sup,matched_descriptors,A,matched_descriptors_002,0.6478776353369791,512
CLIMB sup,matched_descriptors,A,matched_descriptors_003,1.225674799316292,512
CLIMB sup,matched_descriptors,A,matched_descriptors_004,0.4901867999869532,512
CLIMB sup,matched_descriptors,A,matched_descriptors_005,0.6708363600381372,512
CLIMB sup,matched_descriptors,A,matched_descriptors_006,0.8046164099837025,512
CLIMB sup,matched_descriptors,A,matched_descriptors_007,0.7822729168503093,512
CLIMB sup,matched_descriptors,A,matched_descriptors_008,0.751652449686148,512
CLIMB sup,matched_descriptors,A,matched_descriptors_009,0.681784172396206,512
CLIMB sup,matched_descriptors,A,matched_descriptors_010,0.7365994844790528,512
CLIMB sup,matched_descriptors,A,matched_descriptors_011,1.1991913088907564,512
CLIMB sup,matched_descriptors,A,matched_descriptors_012,0.6102559312489565,512
CLIMB sup,matched_descriptors,A,matched_descriptors_013,0.6405224557806448,512
CLIMB sup,matched_descriptors,A,matched_descriptors_014,0.647996435830356,512
CLIMB sup,matched_descriptors,A,matched_descriptors_015,0.6382004722467934,512
CLIMB sup,matched_descriptors,A,matched_descriptors_016,0.611398172462356,512
CLIMB sup,matched_descriptors,A,matched_descriptors_017,0.6887941149371354,512
CLIMB sup,matched_descriptors,A,matched_descriptors_018,0.5872014029784915,512
CLIMB sup,matched_descriptors,A,matched_descriptors_019,0.6193363987735786,512
CLIMB sup,matched_descriptors,A,matched_descriptors_020,0.48022018797280247,512
CLIMB sup,matched_descriptors,A,matched_descriptors_021,0.7031814173284312,512
CLIMB sup,matched_descriptors,A,matched_descriptors_022,0.4776620574862315,512
CLIMB sup,matched_descriptors,A,matched_descriptors_023,0.6165329872640563,512
CLIMB sup,matched_descriptors,A,matched_descriptors_024,0.7062317843110438,512
CLIMB sup,matched_descriptors,A,matched_descriptors_025,0.46850420023670647,512
CLIMB sup,matched_descriptors,A,matched_descriptors_026,0.6146288839928181,512
CLIMB sup,matched_descriptors,A,matched_descriptors_027,0.766209763250633,512
CLIMB sup,matched_descriptors,A,matched_descriptors_028,0.4968875367172429,512
CLIMB sup,matched_descriptors,A,matched_descriptors_029,0.773124207979039,512
CLIMB sup,matched_descriptors,A,matched_descriptors_030,0.5489657627988205,512
CLIMB sup,matched_descriptors,A,matched_descriptors_031,0.7758062024271511,512
CLIMB sup,matched_descriptors,A,matched_descriptors_032,0.47742196572323825,512
CLIMB sup,matched_descriptors,A,matched_descriptors_033,0.5640947231543479,512
CLIMB sup,matched_descriptors,A,matched_descriptors_034,0.7072533021269459,512
CLIMB sup,matched_descriptors,A,matched_descriptors_035,0.6236826150299406,512
CLIMB sup,matched_descriptors,A,matched_descriptors_036,0.9239582785773991,512
CLIMB sup,matched_descriptors,A,matched_descriptors_037,0.5306365941225323,512
CLIMB sup,matched_descriptors,A,matched_descriptors_038,0.4167860445723125,512
CLIMB sup,matched_descriptors,A,matched_descriptors_039,0.6999005039215285,512
CLIMB sup,matched_descriptors,A,matched_descriptors_040,0.5469724243188349,512
CLIMB sup,matched_descriptors,A,matched_descriptors_041,1.9028967209178098,512
CLIMB sup,matched_descriptors,A,matched_descriptors_042,0.7341646040155861,512
CLIMB sup,matched_descriptors,A,matched_descriptors_043,0.7504133656604725,512
CLIMB sup,matched_descriptors,A,matched_descriptors_044,0.7334031091288913,512
CLIMB sup,matched_descriptors,A,matched_descriptors_045,0.503578131100928,512
CLIMB sup,matched_descriptors,A,matched_descriptors_046,0.5741503869756828,512
CLIMB sup,matched_descriptors,A,matched_descriptors_047,0.7375326511620764,512
CLIMB sup,matched_descriptors,A,matched_descriptors_048,0.48376391001927677,512
CLIMB sup,matched_descriptors,A,matched_descriptors_049,0.5518212650024832,512
CLIMB sup,matched_descriptors,A,matched_descriptors_050,0.4560058965046644,512
CLIMB sup,matched_descriptors,A,matched_descriptors_051,0.6632655234495003,512
CLIMB sup,matched_descriptors,A,matched_descriptors_052,0.669586039866877,512
CLIMB sup,matched_descriptors,A,matched_descriptors_053,0.7723055679082541,512
CLIMB sup,matched_descriptors,A,matched_descriptors_054,0.6969399608651153,512
CLIMB sup,matched_descriptors,A,matched_descriptors_055,0.6418696408864302,512
CLIMB sup,matched_descriptors,A,matched_descriptors_056,0.629047827527834,512
CLIMB sup,matched_descriptors,A,matched_descriptors_057,0.8456365165250246,512
CLIMB sup,matched_descriptors,A,matched_descriptors_058,0.5300056946499775,512
CLIMB sup,matched_descriptors,A,matched_descriptors_059,0.5390867156272448,512
CLIMB sup,matched_descriptors,A,matched_descriptors_060,0.5988256285087135,512
CLIMB sup,matched_descriptors,A,matched_descriptors_061,0.7985652088534219,512
CLIMB sup,matched_descriptors,A,matched_descriptors_062,0.6834726643280323,512
CLIMB sup,matched_descriptors,A,matched_descriptors_063,0.5724686911798417,512
CLIMB sup,matched_descriptors,A,matched_descriptors_064,0.8109247858506606,512
CLIMB sup,matched_descriptors,A,matched_descriptors_065,0.9644577119636606,512
CLIMB sup,matched_descriptors,A,matched_descriptors_066,0.7470408310117688,512
CLIMB sup,matched_descriptors,A,matched_descriptors_067,0.5622128759642111,512
CLIMB sup,matched_descriptors,A,matched_descriptors_068,0.5982000484534928,512
CLIMB sup,matched_descriptors,A,matched_descriptors_069,0.6276093142601765,512
CLIMB sup,matched_descriptors,A,matched_descriptors_070,0.8712214402082838,512
CLIMB sup,matched_descriptors,A,matched_descriptors_071,0.7824062770339028,512
CLIMB sup,matched_descriptors,A,matched_descriptors_072,0.7928785093728521,512
CLIMB sup,matched_descriptors,A,matched_descriptors_073,0.8749039362198779,512
CLIMB sup,matched_descriptors,A,matched_descriptors_074,0.7398080867582517,512
CLIMB sup,matched_descriptors,A,matched_descriptors_075,0.8442183426969478,512
CLIMB sup,matched_descriptors,A,matched_descriptors_076,0.9973523477382469,512
CLIMB sup,matched_descriptors,A,matched_descriptors_077,1.071695138942498,512
CLIMB sup,matched_descriptors,A,matched_descriptors_078,0.7590929109787399,512
CLIMB sup,matched_descriptors,A,matched_descriptors_079,0.5739619820019021,512
CLIMB sup,matched_descriptors,A,matched_descriptors_080,0.6255588367481549,512
CLIMB sup,matched_descriptors,A,matched_descriptors_081,0.8560549627981046,512
CLIMB sup,matched_descriptors,A,matched_descriptors_082,0.7095934822283295,512
CLIMB sup,matched_descriptors,A,matched_descriptors_083,0.8367066670248445,512
CLIMB sup,matched_descriptors,A,matched_descriptors_084,0.7196212305085375,512
CLIMB sup,matched_descriptors,A,matched_descriptors_085,0.733631365976202,512
CLIMB sup,matched_descriptors,A,matched_descriptors_086,1.0322965493543288,512
CLIMB sup,matched_descriptors,A,matched_descriptors_087,0.4979921112148954,512
CLIMB sup,matched_descriptors,A,matched_descriptors_088,1.0887683673306618,512
CLIMB sup,matched_descriptors,A,matched_descriptors_089,0.5672685512735984,512
CLIMB sup,matched_descriptors,A,matched_descriptors_090,0.8364788299221683,512
CLIMB sup,matched_descriptors,A,matched_descriptors_091,0.722413781783756,512
CLIMB sup,matched_descriptors,A,matched_descriptors_092,0.6784797608336733,512
CLIMB sup,matched_descriptors,A,matched_descriptors_093,1.666367899941934,512
CLIMB sup,matched_descriptors,A,matched_descriptors_094,0.653880309125008,512
CLIMB sup,matched_descriptors,A,matched_descriptors_095,0.5635614930456034,512
CLIMB sup,matched_descriptors,A,matched_descriptors_096,0.5754403347612174,512
CLIMB sup,matched_descriptors,A,matched_descriptors_097,0.7769630784683884,512
CLIMB sup,matched_descriptors,A,matched_descriptors_098,0.7132372273738052,512
CLIMB sup,matched_descriptors,A,matched_descriptors_099,0.6949316688237182,512
CLIMB sup,smiles_enumeration,B,smiles_enumeration_000,0.5704963610474556,512
CLIMB sup,smiles_enumeration,B,smiles_enumeration_001,0.5082707790182613,512
CLIMB sup,smiles_enumeration,B,smiles_enumeration_002,0.3832074932492759,512
CLIMB sup,smiles_enumeration,B,smiles_enumeration_003,0.3602847917306261,512
CLIMB sup,smiles_enumeration,B,smiles_enumeration_004,0.5618799680588302,512
CLIMB sup,smiles_enumeration,B,smiles_enumeration_005,0.5624351619462716,512
CLIMB sup,smiles_enumeration,B,smiles_enumeration_006,0.4824167366314357,512
CLIMB sup,smiles_enumeration,B,smiles_enumeration_007,0.7588688805189879,512
CLIMB sup,smiles_enumeration,B,smiles_enumeration_008,0.519184142311637,512
CLIMB sup,smiles_enumeration,B,smiles_enumeration_009,0.5375015597615826,512
CLIMB sup,smiles_enumeration,B,smiles_enumeration_010,0.5266670445147622,512
CLIMB sup,smiles_enumeration,B,smiles_enumeration_011,0.8778412160084531,512
CLIMB sup,smiles_enumeration,B,smiles_enumeration_012,0.30051404450432323,512
CLIMB sup,smiles_enumeration,B,smiles_enumeration_013,0.9478399128974804,512
CLIMB sup,smiles_enumeration,B,smiles_enumeration_014,0.64643811892549,512
CLIMB sup,smiles_enumeration,B,smiles_enumeration_015,0.6113032683231312,512
CLIMB sup,smiles_enumeration,B,smiles_enumeration_016,0.3776344842071995,512
CLIMB sup,smiles_enumeration,B,smiles_enumeration_017,0.3719942092459881,512
CLIMB sup,smiles_enumeration,B,smiles_enumeration_018,1.2432986012348421,512
CLIMB sup,smiles_enumeration,B,smiles_enumeration_019,0.39775282417956187,512
CLIMB sup,smiles_enumeration,B,smiles_enumeration_020,0.5217805624803057,512
CLIMB sup,smiles_enumeration,B,smiles_enumeration_021,0.3702184921748034,512
CLIMB sup,smiles_enumeration,B,smiles_enumeration_022,0.5213777886217081,512
CLIMB sup,smiles_enumeration,B,smiles_enumeration_023,0.45550081409098087,512
CLIMB sup,smiles_enumeration,B,smiles_enumeration_024,0.9094366324079037,512
CLIMB sup,smiles_enumeration,B,smiles_enumeration_025,0.4447361880513236,512
CLIMB sup,smiles_enumeration,B,smiles_enumeration_026,0.23684830074771687,512
CLIMB sup,smiles_enumeration,B,smiles_enumeration_027,0.8535495440627843,512
CLIMB sup,smiles_enumeration,B,smiles_enumeration_028,0.26257953784460286,512
CLIMB sup,smiles_enumeration,B,smiles_enumeration_029,0.7484738910041144,512
CLIMB sup,smiles_enumeration,B,smiles_enumeration_030,0.47900032834386597,512
CLIMB sup,smiles_enumeration,B,smiles_enumeration_031,0.4688778064898382,512
CLIMB sup,smiles_enumeration,B,smiles_enumeration_032,0.6432597282717071,512
CLIMB sup,smiles_enumeration,B,smiles_enumeration_033,0.42322721789996687,512
CLIMB sup,smiles_enumeration,B,smiles_enumeration_034,0.6179568610697436,512
CLIMB sup,smiles_enumeration,B,smiles_enumeration_035,0.576159330273421,512
CLIMB sup,smiles_enumeration,B,smiles_enumeration_036,0.593291058045672,512
CLIMB sup,smiles_enumeration,B,smiles_enumeration_037,0.7242981390791695,512
CLIMB sup,smiles_enumeration,B,smiles_enumeration_038,0.5286345982385472,512
CLIMB sup,smiles_enumeration,B,smiles_enumeration_039,0.8463164613631049,512
CLIMB sup,smiles_enumeration,B,smiles_enumeration_040,0.3830551335372421,512
CLIMB sup,smiles_enumeration,B,smiles_enumeration_041,0.6328185759575709,512
CLIMB sup,smiles_enumeration,B,smiles_enumeration_042,0.552742891320458,512
CLIMB sup,smiles_enumeration,B,smiles_enumeration_043,0.5037717228987848,512
CLIMB sup,smiles_enumeration,B,smiles_enumeration_044,0.8750671572116838,512
CLIMB sup,smiles_enumeration,B,smiles_enumeration_045,0.5439784739755598,512
CLIMB sup,smiles_enumeration,B,smiles_enumeration_046,0.4581421970661832,512
CLIMB sup,smiles_enumeration,B,smiles_enumeration_047,0.5506605341049942,512
CLIMB sup,smiles_enumeration,B,smiles_enumeration_048,0.5092780118084841,512
CLIMB sup,smiles_enumeration,B,smiles_enumeration_049,1.0233010240403597,512
CLIMB sup,smiles_enumeration,B,smiles_enumeration_050,0.5656333777983662,512
CLIMB sup,smiles_enumeration,B,smiles_enumeration_051,0.6384764755294099,512
CLIMB sup,smiles_enumeration,B,smiles_enumeration_052,0.4734884777321377,512
CLIMB sup,smiles_enumeration,B,smiles_enumeration_053,0.4565632119608258,512
CLIMB sup,smiles_enumeration,B,smiles_enumeration_054,0.5767869766595327,512
CLIMB sup,smiles_enumeration,B,smiles_enumeration_055,0.5117281242387702,512
CLIMB sup,smiles_enumeration,B,smiles_enumeration_056,0.4932869420389308,512
CLIMB sup,smiles_enumeration,B,smiles_enumeration_057,0.45070010695507184,512
CLIMB sup,smiles_enumeration,B,smiles_enumeration_058,0.57346285968174,512
CLIMB sup,smiles_enumeration,B,smiles_enumeration_059,0.5287100194702865,512
CLIMB sup,smiles_enumeration,B,smiles_enumeration_060,0.6438589317906873,512
CLIMB sup,smiles_enumeration,B,smiles_enumeration_061,0.4226397408722897,512
CLIMB sup,smiles_enumeration,B,smiles_enumeration_062,0.45509976054087126,512
CLIMB sup,smiles_enumeration,B,smiles_enumeration_063,0.7178201402812747,512
CLIMB sup,smiles_enumeration,B,smiles_enumeration_064,0.3444272618912603,512
CLIMB sup,smiles_enumeration,B,smiles_enumeration_065,0.6063122862248783,512
CLIMB sup,smiles_enumeration,B,smiles_enumeration_066,0.5211373747199087,512
CLIMB sup,smiles_enumeration,B,smiles_enumeration_067,0.4519308427865108,512
CLIMB sup,smiles_enumeration,B,smiles_enumeration_068,1.1453005893811878,512
CLIMB sup,smiles_enumeration,B,smiles_enumeration_069,0.5250311753735207,512
CLIMB sup,smiles_enumeration,B,smiles_enumeration_070,0.5757440028239926,512
CLIMB sup,smiles_enumeration,B,smiles_enumeration_071,0.5112950596194792,512
CLIMB sup,smiles_enumeration,B,smiles_enumeration_072,0.43360814539418147,512
CLIMB sup,smiles_enumeration,B,smiles_enumeration_073,0.4893155188769734,512
CLIMB sup,smiles_enumeration,B,smiles_enumeration_074,0.43644210637385433,512
CLIMB sup,smiles_enumeration,B,smiles_enumeration_075,0.44280617587814386,512
CLIMB sup,smiles_enumeration,B,smiles_enumeration_076,0.4823730843696951,512
CLIMB sup,smiles_enumeration,B,smiles_enumeration_077,0.46488752442735237,512
CLIMB sup,smiles_enumeration,B,smiles_enumeration_078,0.40434528686167726,512
CLIMB sup,smiles_enumeration,B,smiles_enumeration_079,0.39423489952764934,512
CLIMB sup,smiles_enumeration,B,smiles_enumeration_080,0.6922990596504924,512
CLIMB sup,smiles_enumeration,B,smiles_enumeration_081,0.46201858504725163,512
CLIMB sup,smiles_enumeration,B,smiles_enumeration_082,0.922266565926051,512
CLIMB sup,smiles_enumeration,B,smiles_enumeration_083,0.6591655636793684,512
CLIMB sup,smiles_enumeration,B,smiles_enumeration_084,0.3661257973904371,512
CLIMB sup,smiles_enumeration,B,smiles_enumeration_085,0.44511137625261377,512
CLIMB sup,smiles_enumeration,B,smiles_enumeration_086,0.5233581144691934,512
CLIMB sup,smiles_enumeration,B,smiles_enumeration_087,0.41509021095915405,512
CLIMB sup,smiles_enumeration,B,smiles_enumeration_088,0.4684529454882485,512
CLIMB sup,smiles_enumeration,B,smiles_enumeration_089,0.4536604989363487,512
CLIMB sup,smiles_enumeration,B,smiles_enumeration_090,0.41519820576921557,512
CLIMB sup,smiles_enumeration,B,smiles_enumeration_091,0.5297277402846262,512
CLIMB sup,smiles_enumeration,B,smiles_enumeration_092,1.063390790556637,512
CLIMB sup,smiles_enumeration,B,smiles_enumeration_093,0.5339142528005137,512
CLIMB sup,smiles_enumeration,B,smiles_enumeration_094,0.37779874461771656,512
CLIMB sup,smiles_enumeration,B,smiles_enumeration_095,0.6890633037157724,512
CLIMB sup,smiles_enumeration,B,smiles_enumeration_096,0.33833877091976877,512
CLIMB sup,smiles_enumeration,B,smiles_enumeration_097,0.4878000149769577,512
CLIMB sup,smiles_enumeration,B,smiles_enumeration_098,0.6984412310117963,512
CLIMB sup,smiles_enumeration,B,smiles_enumeration_099,0.3057658351213299,512
CLIMB sup,kekule,B,kekule_000,1.847054959745563,512
CLIMB sup,kekule,B,kekule_001,1.8794929035443402,512
CLIMB sup,kekule,B,kekule_002,2.0954748343849916,512
CLIMB sup,kekule,B,kekule_003,1.9634523266032873,512
CLIMB sup,kekule,B,kekule_004,2.033298238667032,512
CLIMB sup,kekule,B,kekule_005,1.7605120425335892,512
CLIMB sup,kekule,B,kekule_006,2.103397822265907,512
CLIMB sup,kekule,B,kekule_007,2.0621464794321405,512
CLIMB sup,kekule,B,kekule_008,2.0646790043912224,512
CLIMB sup,kekule,B,kekule_009,1.5897921326527205,512
CLIMB sup,kekule,B,kekule_010,2.1307680747651037,512
CLIMB sup,kekule,B,kekule_011,1.7261296532036974,512
CLIMB sup,kekule,B,kekule_012,1.9028547323364893,512
CLIMB sup,kekule,B,kekule_013,1.5492461415155925,512
CLIMB sup,kekule,B,kekule_014,2.1573977337986734,512
CLIMB sup,kekule,B,kekule_015,1.3785176013532043,512
CLIMB sup,kekule,B,kekule_016,1.655363787080094,512
CLIMB sup,kekule,B,kekule_017,2.24522068670716,512
CLIMB sup,kekule,B,kekule_018,2.044393708684325,512
CLIMB sup,kekule,B,kekule_019,1.3144697802918601,512
CLIMB sup,kekule,B,kekule_020,1.6065482682867438,512
CLIMB sup,kekule,B,kekule_021,1.6745236114049347,512
CLIMB sup,kekule,B,kekule_022,1.7519121025620568,512
CLIMB sup,kekule,B,kekule_023,1.3481849854318455,512
CLIMB sup,kekule,B,kekule_024,1.9272627770904511,512
CLIMB sup,kekule,B,kekule_025,1.8583664347761952,512
CLIMB sup,kekule,B,kekule_026,1.772601404839668,512
CLIMB sup,kekule,B,kekule_027,1.6883367122395327,512
CLIMB sup,kekule,B,kekule_028,2.1663809674669334,512
CLIMB sup,kekule,B,kekule_029,1.8900474976222397,512
CLIMB sup,kekule,B,kekule_030,1.9520712479024966,512
CLIMB sup,kekule,B,kekule_031,1.999344989764148,512
CLIMB sup,kekule,B,kekule_032,1.9297079411536384,512
CLIMB sup,kekule,B,kekule_033,1.3224340196357816,512
CLIMB sup,kekule,B,kekule_034,1.3957099367956047,512
CLIMB sup,kekule,B,kekule_035,1.3425149125180496,512
CLIMB sup,kekule,B,kekule_036,1.8094175531542331,512
CLIMB sup,kekule,B,kekule_037,2.0095795836397023,512
CLIMB sup,kekule,B,kekule_038,1.9864983794389475,512
CLIMB sup,kekule,B,kekule_039,1.8828460329707748,512
CLIMB sup,kekule,B,kekule_040,2.3081282434359083,512
CLIMB sup,kekule,B,kekule_041,1.803098365075879,512
CLIMB sup,kekule,B,kekule_042,1.8045137545040135,512
CLIMB sup,kekule,B,kekule_043,1.9334186639972442,512
CLIMB sup,kekule,B,kekule_044,2.15131734643558,512
CLIMB sup,kekule,B,kekule_045,2.037122047268048,512
CLIMB sup,kekule,B,kekule_046,1.8934973851949797,512
CLIMB sup,kekule,B,kekule_047,1.82154681038019,512
CLIMB sup,kekule,B,kekule_048,1.9463918360195949,512
CLIMB sup,kekule,B,kekule_049,2.0548988818085863,512
CLIMB sup,kekule,B,kekule_050,1.7382408095294157,512
CLIMB sup,kekule,B,kekule_051,1.5893859058690758,512
CLIMB sup,kekule,B,kekule_052,1.6176872556073556,512
CLIMB sup,kekule,B,kekule_053,2.321907741810044,512
CLIMB sup,kekule,B,kekule_054,1.7120069018640176,512
CLIMB sup,kekule,B,kekule_055,2.205231033126803,512
CLIMB sup,kekule,B,kekule_056,1.2643013989736551,512
CLIMB sup,kekule,B,kekule_057,1.9399435012282262,512
CLIMB sup,kekule,B,kekule_058,1.7462654140517053,512
CLIMB sup,kekule,B,kekule_059,1.6906007232448825,512
CLIMB sup,kekule,B,kekule_060,2.2642102775694184,512
CLIMB sup,kekule,B,kekule_061,1.072181558669506,512
CLIMB sup,kekule,B,kekule_062,1.75693441505872,512
CLIMB sup,kekule,B,kekule_063,1.5087889658104239,512
CLIMB sup,kekule,B,kekule_064,1.4608019621926789,512
CLIMB sup,kekule,B,kekule_065,1.4140361806757136,512
CLIMB sup,kekule,B,kekule_066,1.6986293107517458,512
CLIMB sup,kekule,B,kekule_067,1.6385524085704875,512
CLIMB sup,kekule,B,kekule_068,1.9607079195853083,512
CLIMB sup,kekule,B,kekule_069,1.9646179199578855,512
CLIMB sup,kekule,B,kekule_070,1.8864791912286794,512
CLIMB sup,kekule,B,kekule_071,1.9990251766091152,512
CLIMB sup,kekule,B,kekule_072,1.8775293770383288,512
CLIMB sup,kekule,B,kekule_073,2.3984776180603364,512
CLIMB sup,kekule,B,kekule_074,2.081581032677916,512
CLIMB sup,kekule,B,kekule_075,1.446932983637656,512
CLIMB sup,kekule,B,kekule_076,2.0041761845103996,512
CLIMB sup,kekule,B,kekule_077,1.7734778640550117,512
CLIMB sup,kekule,B,kekule_078,1.7587312677717588,512
CLIMB sup,kekule,B,kekule_079,1.302574531854619,512
CLIMB sup,kekule,B,kekule_080,1.7974393235871688,512
CLIMB sup,kekule,B,kekule_081,1.7787367632809281,512
CLIMB sup,kekule,B,kekule_082,2.0008455417889808,512
CLIMB sup,kekule,B,kekule_083,1.9149858164092397,512
CLIMB sup,kekule,B,kekule_084,2.290495235342698,512
CLIMB sup,kekule,B,kekule_085,2.116686069716936,512
CLIMB sup,kekule,B,kekule_086,1.9735459282702197,512
CLIMB sup,kekule,B,kekule_087,2.2052888715056125,512
CLIMB sup,kekule,B,kekule_088,1.586942377442874,512
CLIMB sup,kekule,B,kekule_089,1.9468508683340398,512
CLIMB sup,kekule,B,kekule_090,2.3061688012599424,512
CLIMB sup,kekule,B,kekule_091,1.4939353567312907,512
CLIMB sup,kekule,B,kekule_092,1.7876027753884691,512
CLIMB sup,kekule,B,kekule_093,1.3404703290612598,512
CLIMB sup,kekule,B,kekule_094,1.7345135168448207,512
CLIMB sup,kekule,B,kekule_095,1.382001686499493,512
CLIMB sup,kekule,B,kekule_096,1.5463427098687121,512
CLIMB sup,kekule,B,kekule_097,1.8975153821092423,512
CLIMB sup,kekule,B,kekule_098,1.3880062129422066,512
CLIMB sup,kekule,B,kekule_099,1.979765072747816,512
CLIMB sup,symmetry_equivalent,B,symmetry_equivalent_000,0.0,512
CLIMB sup,symmetry_equivalent,B,symmetry_equivalent_001,0.0,512
CLIMB sup,symmetry_equivalent,B,symmetry_equivalent_002,0.0,512
CLIMB sup,symmetry_equivalent,B,symmetry_equivalent_003,0.0,512
CLIMB sup,symmetry_equivalent,B,symmetry_equivalent_004,0.0,512
CLIMB sup,symmetry_equivalent,B,symmetry_equivalent_005,0.0,512
CLIMB sup,symmetry_equivalent,B,symmetry_equivalent_006,0.0,512
CLIMB sup,symmetry_equivalent,B,symmetry_equivalent_007,0.0,512
CLIMB sup,symmetry_equivalent,B,symmetry_equivalent_008,0.0,512
CLIMB sup,symmetry_equivalent,B,symmetry_equivalent_009,0.0,512
CLIMB sup,symmetry_equivalent,B,symmetry_equivalent_010,0.0,512
CLIMB sup,symmetry_equivalent,B,symmetry_equivalent_011,0.0,512
CLIMB sup,symmetry_equivalent,B,symmetry_equivalent_012,0.0,512
CLIMB sup,symmetry_equivalent,B,symmetry_equivalent_013,0.0,512
CLIMB sup,symmetry_equivalent,B,symmetry_equivalent_014,0.0,512
CLIMB sup,symmetry_equivalent,B,symmetry_equivalent_015,0.0,512
CLIMB sup,symmetry_equivalent,B,symmetry_equivalent_016,0.0,512
CLIMB sup,symmetry_equivalent,B,symmetry_equivalent_017,0.0,512
CLIMB sup,symmetry_equivalent,B,symmetry_equivalent_018,0.0,512
CLIMB sup,symmetry_equivalent,B,symmetry_equivalent_019,0.0,512
CLIMB sup,symmetry_equivalent,B,symmetry_equivalent_020,0.0,512
CLIMB sup,symmetry_equivalent,B,symmetry_equivalent_021,0.0,512
CLIMB sup,symmetry_equivalent,B,symmetry_equivalent_022,0.0,512
CLIMB sup,symmetry_equivalent,B,symmetry_equivalent_023,0.0,512
CLIMB sup,symmetry_equivalent,B,symmetry_equivalent_024,0.0,512
CLIMB sup,symmetry_equivalent,B,symmetry_equivalent_025,0.0,512
CLIMB sup,symmetry_equivalent,B,symmetry_equivalent_026,0.0,512
CLIMB sup,symmetry_equivalent,B,symmetry_equivalent_027,0.0,512
CLIMB sup,symmetry_equivalent,B,symmetry_equivalent_028,0.0,512
CLIMB sup,symmetry_equivalent,B,symmetry_equivalent_029,0.0,512
CLIMB sup,symmetry_equivalent,B,symmetry_equivalent_030,0.0,512
CLIMB sup,symmetry_equivalent,B,symmetry_equivalent_031,0.0,512
CLIMB sup,symmetry_equivalent,B,symmetry_equivalent_032,0.0,512
CLIMB sup,symmetry_equivalent,B,symmetry_equivalent_033,0.0,512
CLIMB sup,symmetry_equivalent,B,symmetry_equivalent_034,0.0,512
CLIMB sup,symmetry_equivalent,B,symmetry_equivalent_035,0.0,512
CLIMB sup,symmetry_equivalent,B,symmetry_equivalent_036,0.0,512
CLIMB sup,symmetry_equivalent,B,symmetry_equivalent_037,0.0,512
CLIMB sup,symmetry_equivalent,B,symmetry_equivalent_038,0.0,512
CLIMB sup,symmetry_equivalent,B,symmetry_equivalent_039,0.0,512
CLIMB sup,symmetry_equivalent,B,symmetry_equivalent_040,0.0,512
CLIMB sup,symmetry_equivalent,B,symmetry_equivalent_041,0.0,512
CLIMB sup,symmetry_equivalent,B,symmetry_equivalent_042,0.0,512
CLIMB sup,symmetry_equivalent,B,symmetry_equivalent_043,0.0,512
CLIMB sup,symmetry_equivalent,B,symmetry_equivalent_044,0.0,512
CLIMB sup,symmetry_equivalent,B,symmetry_equivalent_045,0.0,512
CLIMB sup,symmetry_equivalent,B,symmetry_equivalent_046,0.0,512
CLIMB sup,symmetry_equivalent,B,symmetry_equivalent_047,0.0,512
CLIMB sup,symmetry_equivalent,B,symmetry_equivalent_048,0.0,512
CLIMB sup,symmetry_equivalent,B,symmetry_equivalent_049,0.0,512
CLIMB sup,symmetry_equivalent,B,symmetry_equivalent_050,0.0,512
CLIMB sup,symmetry_equivalent,B,symmetry_equivalent_051,0.0,512
CLIMB sup,symmetry_equivalent,B,symmetry_equivalent_052,0.0,512
CLIMB sup,symmetry_equivalent,B,symmetry_equivalent_053,0.0,512
CLIMB sup,symmetry_equivalent,B,symmetry_equivalent_054,0.0,512
CLIMB sup,symmetry_equivalent,B,symmetry_equivalent_055,0.0,512
CLIMB sup,symmetry_equivalent,B,symmetry_equivalent_056,0.0,512
CLIMB sup,symmetry_equivalent,B,symmetry_equivalent_057,0.0,512
CLIMB sup,symmetry_equivalent,B,symmetry_equivalent_058,0.0,512
CLIMB sup,symmetry_equivalent,B,symmetry_equivalent_059,0.0,512
CLIMB sup,symmetry_equivalent,B,symmetry_equivalent_060,0.0,512
CLIMB sup,symmetry_equivalent,B,symmetry_equivalent_061,0.0,512
CLIMB sup,symmetry_equivalent,B,symmetry_equivalent_062,0.0,512
CLIMB sup,symmetry_equivalent,B,symmetry_equivalent_063,0.0,512
CLIMB sup,symmetry_equivalent,B,symmetry_equivalent_064,0.0,512
CLIMB sup,symmetry_equivalent,B,symmetry_equivalent_065,0.0,512
CLIMB sup,symmetry_equivalent,B,symmetry_equivalent_066,0.0,512
CLIMB sup,symmetry_equivalent,B,symmetry_equivalent_067,0.0,512
CLIMB sup,symmetry_equivalent,B,symmetry_equivalent_068,0.0,512
CLIMB sup,symmetry_equivalent,B,symmetry_equivalent_069,0.0,512
CLIMB sup,symmetry_equivalent,B,symmetry_equivalent_070,0.0,512
CLIMB sup,symmetry_equivalent,B,symmetry_equivalent_071,0.0,512
CLIMB sup,symmetry_equivalent,B,symmetry_equivalent_072,0.0,512
CLIMB sup,symmetry_equivalent,B,symmetry_equivalent_073,0.0,512
CLIMB sup,symmetry_equivalent,B,symmetry_equivalent_074,0.0,512
CLIMB sup,symmetry_equivalent,B,symmetry_equivalent_075,0.0,512
CLIMB sup,symmetry_equivalent,B,symmetry_equivalent_076,0.0,512
CLIMB sup,symmetry_equivalent,B,symmetry_equivalent_077,0.0,512
CLIMB sup,symmetry_equivalent,B,symmetry_equivalent_078,0.0,512
CLIMB sup,symmetry_equivalent,B,symmetry_equivalent_079,0.0,512
CLIMB sup,symmetry_equivalent,B,symmetry_equivalent_080,0.0,512
CLIMB sup,symmetry_equivalent,B,symmetry_equivalent_081,0.0,512
CLIMB sup,symmetry_equivalent,B,symmetry_equivalent_082,0.0,512
CLIMB sup,symmetry_equivalent,B,symmetry_equivalent_083,0.0,512
CLIMB sup,symmetry_equivalent,B,symmetry_equivalent_084,0.0,512
CLIMB sup,symmetry_equivalent,B,symmetry_equivalent_085,0.0,512
CLIMB sup,symmetry_equivalent,B,symmetry_equivalent_086,0.0,512
CLIMB sup,symmetry_equivalent,B,symmetry_equivalent_087,0.0,512
CLIMB sup,symmetry_equivalent,B,symmetry_equivalent_088,0.0,512
CLIMB sup,symmetry_equivalent,B,symmetry_equivalent_089,0.0,512
CLIMB sup,symmetry_equivalent,B,symmetry_equivalent_090,0.0,512
CLIMB sup,symmetry_equivalent,B,symmetry_equivalent_091,0.0,512
CLIMB sup,symmetry_equivalent,B,symmetry_equivalent_092,0.0,512
CLIMB sup,symmetry_equivalent,B,symmetry_equivalent_093,0.0,512
CLIMB sup,symmetry_equivalent,B,symmetry_equivalent_094,0.0,512
CLIMB sup,symmetry_equivalent,B,symmetry_equivalent_095,0.0,512
CLIMB sup,symmetry_equivalent,B,symmetry_equivalent_096,0.0,512
CLIMB sup,symmetry_equivalent,B,symmetry_equivalent_097,0.0,512
CLIMB sup,symmetry_equivalent,B,symmetry_equivalent_098,0.0,512
CLIMB sup,symmetry_equivalent,B,symmetry_equivalent_099,0.0,512
CLIMB unsup,stereo_flip,A,stereo_flip_000,0.06571294517256016,512
CLIMB unsup,stereo_flip,A,stereo_flip_001,0.06448055753508188,512
CLIMB unsup,stereo_flip,A,stereo_flip_002,0.05963773358416814,512
CLIMB unsup,stereo_flip,A,stereo_flip_003,0.07954002906518483,512
CLIMB unsup,stereo_flip,A,stereo_flip_004,0.09215889624363949,512
CLIMB unsup,stereo_flip,A,stereo_flip_005,0.07587614855658638,512
CLIMB unsup,stereo_flip,A,stereo_flip_006,0.06853075437142615,512
CLIMB unsup,stereo_flip,A,stereo_flip_007,0.043846268793811025,512
CLIMB unsup,stereo_flip,A,stereo_flip_008,0.047722109366616236,512
CLIMB unsup,stereo_flip,A,stereo_flip_009,0.057457124764032724,512
CLIMB unsup,stereo_flip,A,stereo_flip_010,0.059174778568398735,512
CLIMB unsup,stereo_flip,A,stereo_flip_011,0.1061269888863683,512
CLIMB unsup,stereo_flip,A,stereo_flip_012,0.06042976814069897,512
CLIMB unsup,stereo_flip,A,stereo_flip_013,0.10155432084283383,512
CLIMB unsup,stereo_flip,A,stereo_flip_014,0.043710839953997216,512
CLIMB unsup,stereo_flip,A,stereo_flip_015,0.0747049783205996,512
CLIMB unsup,stereo_flip,A,stereo_flip_016,0.07217069730544211,512
CLIMB unsup,stereo_flip,A,stereo_flip_017,0.06043546772550791,512
CLIMB unsup,stereo_flip,A,stereo_flip_018,0.10233820077742585,512
CLIMB unsup,stereo_flip,A,stereo_flip_019,0.1087675897722981,512
CLIMB unsup,stereo_flip,A,stereo_flip_020,0.07184532528747208,512
CLIMB unsup,stereo_flip,A,stereo_flip_021,0.08510592950837656,512
CLIMB unsup,stereo_flip,A,stereo_flip_022,0.06717342505762235,512
CLIMB unsup,stereo_flip,A,stereo_flip_023,0.08308154397117766,512
CLIMB unsup,stereo_flip,A,stereo_flip_024,0.10793137223368887,512
CLIMB unsup,stereo_flip,A,stereo_flip_025,0.08771322056493443,512
CLIMB unsup,stereo_flip,A,stereo_flip_026,0.05207822013924131,512
CLIMB unsup,stereo_flip,A,stereo_flip_027,0.05917245141366341,512
CLIMB unsup,stereo_flip,A,stereo_flip_028,0.07084412247912214,512
CLIMB unsup,stereo_flip,A,stereo_flip_029,0.09513016070381314,512
CLIMB unsup,stereo_flip,A,stereo_flip_030,0.04186044520750041,512
CLIMB unsup,stereo_flip,A,stereo_flip_031,0.05492925923776078,512
CLIMB unsup,stereo_flip,A,stereo_flip_032,0.09048581513200141,512
CLIMB unsup,stereo_flip,A,stereo_flip_033,0.08280637860576481,512
CLIMB unsup,stereo_flip,A,stereo_flip_034,0.06844028047678707,512
CLIMB unsup,stereo_flip,A,stereo_flip_035,0.06940976958035396,512
CLIMB unsup,stereo_flip,A,stereo_flip_036,0.046209321967925536,512
CLIMB unsup,stereo_flip,A,stereo_flip_037,0.05756572905916629,512
CLIMB unsup,stereo_flip,A,stereo_flip_038,0.06676918379884793,512
CLIMB unsup,stereo_flip,A,stereo_flip_039,0.061224287256232995,512
CLIMB unsup,stereo_flip,A,stereo_flip_040,0.05173401941652732,512
CLIMB unsup,stereo_flip,A,stereo_flip_041,0.0674785587030758,512
CLIMB unsup,stereo_flip,A,stereo_flip_042,0.6803976316484155,512
CLIMB unsup,stereo_flip,A,stereo_flip_043,0.06660905364868829,512
CLIMB unsup,stereo_flip,A,stereo_flip_044,0.056875979048913686,512
CLIMB unsup,stereo_flip,A,stereo_flip_045,0.047762124585690076,512
CLIMB unsup,stereo_flip,A,stereo_flip_046,0.04140069272435402,512
CLIMB unsup,stereo_flip,A,stereo_flip_047,0.12770824169309813,512
CLIMB unsup,stereo_flip,A,stereo_flip_048,0.07202477968503637,512
CLIMB unsup,stereo_flip,A,stereo_flip_049,0.061439746437172794,512
CLIMB unsup,stereo_flip,A,stereo_flip_050,0.09902642448438834,512
CLIMB unsup,stereo_flip,A,stereo_flip_051,0.06591644029383548,512
CLIMB unsup,stereo_flip,A,stereo_flip_052,0.4557816434813167,512
CLIMB unsup,stereo_flip,A,stereo_flip_053,0.07875356391669579,512
CLIMB unsup,stereo_flip,A,stereo_flip_054,0.07608903721047505,512
CLIMB unsup,stereo_flip,A,stereo_flip_055,0.03612834535370376,512
CLIMB unsup,stereo_flip,A,stereo_flip_056,0.04253653966278507,512
CLIMB unsup,stereo_flip,A,stereo_flip_057,0.0829976709620173,512
CLIMB unsup,stereo_flip,A,stereo_flip_058,0.14820697981387343,512
CLIMB unsup,stereo_flip,A,stereo_flip_059,0.09988673255450534,512
CLIMB unsup,stereo_flip,A,stereo_flip_060,0.09730324038285419,512
CLIMB unsup,stereo_flip,A,stereo_flip_061,0.09953078774243963,512
CLIMB unsup,stereo_flip,A,stereo_flip_062,0.03950703585087262,512
CLIMB unsup,stereo_flip,A,stereo_flip_063,0.09308229460470088,512
CLIMB unsup,stereo_flip,A,stereo_flip_064,0.06458459730247211,512
CLIMB unsup,stereo_flip,A,stereo_flip_065,0.054421399668630036,512
CLIMB unsup,stereo_flip,A,stereo_flip_066,0.07738081268240309,512
CLIMB unsup,stereo_flip,A,stereo_flip_067,0.07552010768869183,512
CLIMB unsup,stereo_flip,A,stereo_flip_068,0.08163895245650268,512
CLIMB unsup,stereo_flip,A,stereo_flip_069,0.06881974593356488,512
CLIMB unsup,stereo_flip,A,stereo_flip_070,0.06704427169527792,512
CLIMB unsup,stereo_flip,A,stereo_flip_071,0.047409508425272015,512
CLIMB unsup,stereo_flip,A,stereo_flip_072,0.07348100394252008,512
CLIMB unsup,stereo_flip,A,stereo_flip_073,0.06684937096223177,512
CLIMB unsup,stereo_flip,A,stereo_flip_074,0.07438600036915702,512
CLIMB unsup,stereo_flip,A,stereo_flip_075,0.09424688981470787,512
CLIMB unsup,stereo_flip,A,stereo_flip_076,0.06075221998969753,512
CLIMB unsup,stereo_flip,A,stereo_flip_077,0.06367842743643605,512
CLIMB unsup,stereo_flip,A,stereo_flip_078,0.10025423848181489,512
CLIMB unsup,stereo_flip,A,stereo_flip_079,0.08432128800944606,512
CLIMB unsup,stereo_flip,A,stereo_flip_080,0.0894960402772986,512
CLIMB unsup,stereo_flip,A,stereo_flip_081,0.06241365896782892,512
CLIMB unsup,stereo_flip,A,stereo_flip_082,0.04637902919002978,512
CLIMB unsup,stereo_flip,A,stereo_flip_083,0.04663349678391778,512
CLIMB unsup,stereo_flip,A,stereo_flip_084,0.13873689817860627,512
CLIMB unsup,stereo_flip,A,stereo_flip_085,0.06977840136932735,512
CLIMB unsup,stereo_flip,A,stereo_flip_086,0.12413483398978063,512
CLIMB unsup,stereo_flip,A,stereo_flip_087,0.06261280525842272,512
CLIMB unsup,stereo_flip,A,stereo_flip_088,0.08081086318932333,512
CLIMB unsup,stereo_flip,A,stereo_flip_089,0.08547430972852857,512
CLIMB unsup,stereo_flip,A,stereo_flip_090,0.083751054275833,512
CLIMB unsup,stereo_flip,A,stereo_flip_091,0.05809368556323116,512
CLIMB unsup,stereo_flip,A,stereo_flip_092,0.06425978915084156,512
CLIMB unsup,stereo_flip,A,stereo_flip_093,0.08905081071439112,512
CLIMB unsup,stereo_flip,A,stereo_flip_094,0.05689583628657904,512
CLIMB unsup,stereo_flip,A,stereo_flip_095,0.04168344713718311,512
CLIMB unsup,stereo_flip,A,stereo_flip_096,0.0834965586303201,512
CLIMB unsup,stereo_flip,A,stereo_flip_097,0.07714617542686934,512
CLIMB unsup,stereo_flip,A,stereo_flip_098,0.07450281417339846,512
CLIMB unsup,stereo_flip,A,stereo_flip_099,0.10938880976104828,512
CLIMB unsup,ez_flip,A,ez_flip_000,0.17882360353844454,512
CLIMB unsup,ez_flip,A,ez_flip_001,0.1300005562602965,512
CLIMB unsup,ez_flip,A,ez_flip_002,0.24984256544741953,512
CLIMB unsup,ez_flip,A,ez_flip_003,0.07655257824265836,512
CLIMB unsup,ez_flip,A,ez_flip_004,0.16063127075330635,512
CLIMB unsup,ez_flip,A,ez_flip_005,0.13265534835704718,512
CLIMB unsup,ez_flip,A,ez_flip_006,0.18274579638677718,512
CLIMB unsup,ez_flip,A,ez_flip_007,0.1440081123370241,512
CLIMB unsup,ez_flip,A,ez_flip_008,0.13097271077500444,512
CLIMB unsup,ez_flip,A,ez_flip_009,0.12384486526344485,512
CLIMB unsup,ez_flip,A,ez_flip_010,0.15086339385766823,512
CLIMB unsup,ez_flip,A,ez_flip_011,0.18096893110768222,512
CLIMB unsup,ez_flip,A,ez_flip_012,0.10230723142422464,512
CLIMB unsup,ez_flip,A,ez_flip_013,0.09640865328325433,512
CLIMB unsup,ez_flip,A,ez_flip_014,0.13246001141750563,512
CLIMB unsup,ez_flip,A,ez_flip_015,0.11958282278538011,512
CLIMB unsup,ez_flip,A,ez_flip_016,0.1801365871684332,512
CLIMB unsup,ez_flip,A,ez_flip_017,0.05185946271733593,512
CLIMB unsup,ez_flip,A,ez_flip_018,0.09362563127644807,512
CLIMB unsup,ez_flip,A,ez_flip_019,0.09836226269922897,512
CLIMB unsup,ez_flip,A,ez_flip_020,0.1287469349706302,512
CLIMB unsup,ez_flip,A,ez_flip_021,0.15821478399317054,512
CLIMB unsup,ez_flip,A,ez_flip_022,0.1044228813220571,512
CLIMB unsup,ez_flip,A,ez_flip_023,0.10829160982986327,512
CLIMB unsup,ez_flip,A,ez_flip_024,0.11146004333009743,512
CLIMB unsup,ez_flip,A,ez_flip_025,0.16146998622391123,512
CLIMB unsup,ez_flip,A,ez_flip_026,0.21549890031358188,512
CLIMB unsup,ez_flip,A,ez_flip_027,0.12773125817952968,512
CLIMB unsup,ez_flip,A,ez_flip_028,0.09452632638735635,512
CLIMB unsup,ez_flip,A,ez_flip_029,0.15860079595747592,512
CLIMB unsup,ez_flip,A,ez_flip_030,0.204656586046872,512
CLIMB unsup,ez_flip,A,ez_flip_031,0.1952608101099666,512
CLIMB unsup,ez_flip,A,ez_flip_032,0.13048428704885937,512
CLIMB unsup,ez_flip,A,ez_flip_033,0.1728684572363989,512
CLIMB unsup,ez_flip,A,ez_flip_034,0.274546141484152,512
CLIMB unsup,ez_flip,A,ez_flip_035,0.14208130371276514,512
CLIMB unsup,ez_flip,A,ez_flip_036,0.08125092063633355,512
CLIMB unsup,ez_flip,A,ez_flip_037,0.11421212764419428,512
CLIMB unsup,ez_flip,A,ez_flip_038,0.11786263921413401,512
CLIMB unsup,ez_flip,A,ez_flip_039,0.23130908317035814,512
CLIMB unsup,ez_flip,A,ez_flip_040,0.07561586165209444,512
CLIMB unsup,ez_flip,A,ez_flip_041,0.1942523198632023,512
CLIMB unsup,ez_flip,A,ez_flip_042,0.15053457020618105,512
CLIMB unsup,ez_flip,A,ez_flip_043,0.1525761044303308,512
CLIMB unsup,ez_flip,A,ez_flip_044,0.06329044287703535,512
CLIMB unsup,ez_flip,A,ez_flip_045,0.0845857376931807,512
CLIMB unsup,ez_flip,A,ez_flip_046,0.1034832782456522,512
CLIMB unsup,ez_flip,A,ez_flip_047,0.16918886668347835,512
CLIMB unsup,ez_flip,A,ez_flip_048,0.12689446614455172,512
CLIMB unsup,ez_flip,A,ez_flip_049,0.08664780700879071,512
CLIMB unsup,ez_flip,A,ez_flip_050,0.25283343176785594,512
CLIMB unsup,ez_flip,A,ez_flip_051,0.09885311786350073,512
CLIMB unsup,ez_flip,A,ez_flip_052,0.12605210689390656,512
CLIMB unsup,ez_flip,A,ez_flip_053,0.0954327227325738,512
CLIMB unsup,ez_flip,A,ez_flip_054,0.10829651785552956,512
CLIMB unsup,ez_flip,A,ez_flip_055,0.12679180250619,512
CLIMB unsup,ez_flip,A,ez_flip_056,0.1077363734291871,512
CLIMB unsup,ez_flip,A,ez_flip_057,0.13503504509490252,512
CLIMB unsup,ez_flip,A,ez_flip_058,0.12089330258648028,512
CLIMB unsup,ez_flip,A,ez_flip_059,0.41388272988024166,512
CLIMB unsup,ez_flip,A,ez_flip_060,0.15956239370065173,512
CLIMB unsup,ez_flip,A,ez_flip_061,0.11344386733374505,512
CLIMB unsup,ez_flip,A,ez_flip_062,0.20552755698724837,512
CLIMB unsup,ez_flip,A,ez_flip_063,0.10180105616802891,512
CLIMB unsup,ez_flip,A,ez_flip_064,0.07655871377765969,512
CLIMB unsup,ez_flip,A,ez_flip_065,0.09982518320962018,512
CLIMB unsup,ez_flip,A,ez_flip_066,0.1587650490150966,512
CLIMB unsup,ez_flip,A,ez_flip_067,0.11236668963452712,512
CLIMB unsup,ez_flip,A,ez_flip_068,0.33375272537951267,512
CLIMB unsup,ez_flip,A,ez_flip_069,0.1133740702648238,512
CLIMB unsup,ez_flip,A,ez_flip_070,0.13505149379992337,512
CLIMB unsup,ez_flip,A,ez_flip_071,0.11089920914281653,512
CLIMB unsup,ez_flip,A,ez_flip_072,0.12926625457700802,512
CLIMB unsup,ez_flip,A,ez_flip_073,0.08517606141922957,512
CLIMB unsup,ez_flip,A,ez_flip_074,0.11117459947708534,512
CLIMB unsup,ez_flip,A,ez_flip_075,0.16846262840707768,512
CLIMB unsup,ez_flip,A,ez_flip_076,0.13775785954688582,512
CLIMB unsup,ez_flip,A,ez_flip_077,0.14375413523972597,512
CLIMB unsup,ez_flip,A,ez_flip_078,0.12963805749610746,512
CLIMB unsup,ez_flip,A,ez_flip_079,0.1532253117435712,512
CLIMB unsup,ez_flip,A,ez_flip_080,0.10134016222007586,512
CLIMB unsup,ez_flip,A,ez_flip_081,0.13410145220832267,512
CLIMB unsup,ez_flip,A,ez_flip_082,0.13195163137230184,512
CLIMB unsup,ez_flip,A,ez_flip_083,0.29679902277819725,512
CLIMB unsup,ez_flip,A,ez_flip_084,0.16600912206572246,512
CLIMB unsup,ez_flip,A,ez_flip_085,0.14462552732842102,512
CLIMB unsup,ez_flip,A,ez_flip_086,0.12682957591240085,512
CLIMB unsup,ez_flip,A,ez_flip_087,0.0840700206635459,512
CLIMB unsup,ez_flip,A,ez_flip_088,0.1348776900716379,512
CLIMB unsup,ez_flip,A,ez_flip_089,0.2955135877603471,512
CLIMB unsup,ez_flip,A,ez_flip_090,0.37099457460765684,512
CLIMB unsup,ez_flip,A,ez_flip_091,0.14981650300182897,512
CLIMB unsup,ez_flip,A,ez_flip_092,0.12662636036026406,512
CLIMB unsup,ez_flip,A,ez_flip_093,0.17464989878405116,512
CLIMB unsup,ez_flip,A,ez_flip_094,0.3922043474695828,512
CLIMB unsup,ez_flip,A,ez_flip_095,0.0961123348303179,512
CLIMB unsup,ez_flip,A,ez_flip_096,0.19718583475042226,512
CLIMB unsup,ez_flip,A,ez_flip_097,0.3242558770108305,512
CLIMB unsup,ez_flip,A,ez_flip_098,0.13409182669298095,512
CLIMB unsup,ez_flip,A,ez_flip_099,0.15675987852294412,512
CLIMB unsup,c_to_n,A,c_to_n_000,0.5246995855598223,512
CLIMB unsup,c_to_n,A,c_to_n_001,0.08590658265015297,512
CLIMB unsup,c_to_n,A,c_to_n_002,0.043275039451330155,512
CLIMB unsup,c_to_n,A,c_to_n_003,0.06174763683938767,512
CLIMB unsup,c_to_n,A,c_to_n_004,0.035025633264824566,512
CLIMB unsup,c_to_n,A,c_to_n_005,0.05334834164629995,512
CLIMB unsup,c_to_n,A,c_to_n_006,0.051524177471585046,512
CLIMB unsup,c_to_n,A,c_to_n_007,0.5962408555456815,512
CLIMB unsup,c_to_n,A,c_to_n_008,0.43365081482204826,512
CLIMB unsup,c_to_n,A,c_to_n_009,0.1957418961806885,512
CLIMB unsup,c_to_n,A,c_to_n_010,0.060121400896217446,512
CLIMB unsup,c_to_n,A,c_to_n_011,0.034319091163454635,512
CLIMB unsup,c_to_n,A,c_to_n_012,0.0621446827543645,512
CLIMB unsup,c_to_n,A,c_to_n_013,0.072179569252003,512
CLIMB unsup,c_to_n,A,c_to_n_014,0.04800258603904296,512
CLIMB unsup,c_to_n,A,c_to_n_015,0.04271087685073451,512
CLIMB unsup,c_to_n,A,c_to_n_016,0.40349582830934305,512
CLIMB unsup,c_to_n,A,c_to_n_017,0.06600597124890217,512
CLIMB unsup,c_to_n,A,c_to_n_018,0.04704683863309425,512
CLIMB unsup,c_to_n,A,c_to_n_019,0.0837081636287434,512
CLIMB unsup,c_to_n,A,c_to_n_020,0.04015970332135893,512
CLIMB unsup,c_to_n,A,c_to_n_021,0.053834724705440005,512
CLIMB unsup,c_to_n,A,c_to_n_022,0.2103087346492552,512
CLIMB unsup,c_to_n,A,c_to_n_023,0.07190353839976384,512
CLIMB unsup,c_to_n,A,c_to_n_024,0.25887857100308065,512
CLIMB unsup,c_to_n,A,c_to_n_025,0.03589091548407085,512
CLIMB unsup,c_to_n,A,c_to_n_026,0.02603561032277581,512
CLIMB unsup,c_to_n,A,c_to_n_027,0.042957191007623595,512
CLIMB unsup,c_to_n,A,c_to_n_028,0.15697776610531744,512
CLIMB unsup,c_to_n,A,c_to_n_029,0.2005773706161543,512
CLIMB unsup,c_to_n,A,c_to_n_030,0.05386128290468439,512
CLIMB unsup,c_to_n,A,c_to_n_031,0.052586868777546425,512
CLIMB unsup,c_to_n,A,c_to_n_032,0.10575593008529664,512
CLIMB unsup,c_to_n,A,c_to_n_033,0.08254991357230616,512
CLIMB unsup,c_to_n,A,c_to_n_034,0.08818482154397869,512
CLIMB unsup,c_to_n,A,c_to_n_035,0.04985879767534141,512
CLIMB unsup,c_to_n,A,c_to_n_036,0.03878889505720694,512
CLIMB unsup,c_to_n,A,c_to_n_037,0.08810686930840948,512
CLIMB unsup,c_to_n,A,c_to_n_038,0.17372090532597104,512
CLIMB unsup,c_to_n,A,c_to_n_039,0.03367168194539537,512
CLIMB unsup,c_to_n,A,c_to_n_040,0.13716301821200413,512
CLIMB unsup,c_to_n,A,c_to_n_041,0.0542766163846188,512
CLIMB unsup,c_to_n,A,c_to_n_042,0.06169059856831366,512
CLIMB unsup,c_to_n,A,c_to_n_043,0.308023016122616,512
CLIMB unsup,c_to_n,A,c_to_n_044,0.04033873357310368,512
CLIMB unsup,c_to_n,A,c_to_n_045,0.04921389203348463,512
CLIMB unsup,c_to_n,A,c_to_n_046,0.039932544542906304,512
CLIMB unsup,c_to_n,A,c_to_n_047,0.04354656185186,512
CLIMB unsup,c_to_n,A,c_to_n_048,0.2825836848135742,512
CLIMB unsup,c_to_n,A,c_to_n_049,0.072607078271392,512
CLIMB unsup,c_to_n,A,c_to_n_050,0.0343818712605396,512
CLIMB unsup,c_to_n,A,c_to_n_051,0.7650349880682091,512
CLIMB unsup,c_to_n,A,c_to_n_052,0.0717585466490578,512
CLIMB unsup,c_to_n,A,c_to_n_053,0.2603835212296368,512
CLIMB unsup,c_to_n,A,c_to_n_054,0.3392373182981244,512
CLIMB unsup,c_to_n,A,c_to_n_055,0.05627805900748348,512
CLIMB unsup,c_to_n,A,c_to_n_056,0.04407411948086632,512
CLIMB unsup,c_to_n,A,c_to_n_057,0.10679660603561744,512
CLIMB unsup,c_to_n,A,c_to_n_058,0.3056775087670824,512
CLIMB unsup,c_to_n,A,c_to_n_059,0.08065029588398158,512
CLIMB unsup,c_to_n,A,c_to_n_060,1.0034105947870327,512
CLIMB unsup,c_to_n,A,c_to_n_061,0.4214863434384724,512
CLIMB unsup,c_to_n,A,c_to_n_062,0.14263600904794743,512
CLIMB unsup,c_to_n,A,c_to_n_063,0.07812407980824575,512
CLIMB unsup,c_to_n,A,c_to_n_064,0.12928960637573797,512
CLIMB unsup,c_to_n,A,c_to_n_065,0.0723608954796849,512
CLIMB unsup,c_to_n,A,c_to_n_066,0.0714291775037078,512
CLIMB unsup,c_to_n,A,c_to_n_067,0.035539395333142695,512
CLIMB unsup,c_to_n,A,c_to_n_068,0.06487936915720172,512
CLIMB unsup,c_to_n,A,c_to_n_069,0.04482535420384681,512
CLIMB unsup,c_to_n,A,c_to_n_070,0.06117268577632784,512
CLIMB unsup,c_to_n,A,c_to_n_071,0.05423118939052459,512
CLIMB unsup,c_to_n,A,c_to_n_072,0.0331868295006848,512
CLIMB unsup,c_to_n,A,c_to_n_073,0.2942866306539095,512
CLIMB unsup,c_to_n,A,c_to_n_074,0.038914173277221596,512
CLIMB unsup,c_to_n,A,c_to_n_075,0.05383478521930967,512
CLIMB unsup,c_to_n,A,c_to_n_076,0.07821140145331895,512
CLIMB unsup,c_to_n,A,c_to_n_077,0.04650107016165783,512
CLIMB unsup,c_to_n,A,c_to_n_078,0.37187563287556213,512
CLIMB unsup,c_to_n,A,c_to_n_079,0.04058343717868729,512
CLIMB unsup,c_to_n,A,c_to_n_080,0.04298575205765492,512
CLIMB unsup,c_to_n,A,c_to_n_081,0.050095166320235286,512
CLIMB unsup,c_to_n,A,c_to_n_082,0.04590169104641436,512
CLIMB unsup,c_to_n,A,c_to_n_083,0.04026648151222665,512
CLIMB unsup,c_to_n,A,c_to_n_084,0.041109245945362645,512
CLIMB unsup,c_to_n,A,c_to_n_085,0.04727610018527278,512
CLIMB unsup,c_to_n,A,c_to_n_086,0.04108612133618284,512
CLIMB unsup,c_to_n,A,c_to_n_087,0.5181358113819969,512
CLIMB unsup,c_to_n,A,c_to_n_088,0.044494563065145584,512
CLIMB unsup,c_to_n,A,c_to_n_089,0.0617351101365134,512
CLIMB unsup,c_to_n,A,c_to_n_090,0.0286337255878473,512
CLIMB unsup,c_to_n,A,c_to_n_091,0.49220509210720675,512
CLIMB unsup,c_to_n,A,c_to_n_092,0.07119379412998356,512
CLIMB unsup,c_to_n,A,c_to_n_093,0.08062642382820787,512
CLIMB unsup,c_to_n,A,c_to_n_094,0.046775079551815056,512
CLIMB unsup,c_to_n,A,c_to_n_095,0.03720728968548812,512
CLIMB unsup,c_to_n,A,c_to_n_096,0.03127583780810608,512
CLIMB unsup,c_to_n,A,c_to_n_097,0.8026520271458303,512
CLIMB unsup,c_to_n,A,c_to_n_098,0.7427579879741876,512
CLIMB unsup,c_to_n,A,c_to_n_099,0.14783285509210475,512
CLIMB unsup,add_methyl,A,add_methyl_000,0.539927665514809,512
CLIMB unsup,add_methyl,A,add_methyl_001,0.5860960075259052,512
CLIMB unsup,add_methyl,A,add_methyl_002,0.8468817546236176,512
CLIMB unsup,add_methyl,A,add_methyl_003,0.27612341603918694,512
CLIMB unsup,add_methyl,A,add_methyl_004,0.22731730966582248,512
CLIMB unsup,add_methyl,A,add_methyl_005,1.0295058551417813,512
CLIMB unsup,add_methyl,A,add_methyl_006,0.47480424549109934,512
CLIMB unsup,add_methyl,A,add_methyl_007,0.4138526277650154,512
CLIMB unsup,add_methyl,A,add_methyl_008,0.6179707580642758,512
CLIMB unsup,add_methyl,A,add_methyl_009,0.5176155183602907,512
CLIMB unsup,add_methyl,A,add_methyl_010,0.347819302436248,512
CLIMB unsup,add_methyl,A,add_methyl_011,0.5698296543684742,512
CLIMB unsup,add_methyl,A,add_methyl_012,0.776850532026538,512
CLIMB unsup,add_methyl,A,add_methyl_013,0.2991660609599226,512
CLIMB unsup,add_methyl,A,add_methyl_014,0.3165703441751934,512
CLIMB unsup,add_methyl,A,add_methyl_015,0.6056975091322515,512
CLIMB unsup,add_methyl,A,add_methyl_016,0.4933539113907531,512
CLIMB unsup,add_methyl,A,add_methyl_017,0.8194300453394117,512
CLIMB unsup,add_methyl,A,add_methyl_018,0.6115943904026155,512
CLIMB unsup,add_methyl,A,add_methyl_019,0.6121540457077579,512
CLIMB unsup,add_methyl,A,add_methyl_020,0.5000636672405593,512
CLIMB unsup,add_methyl,A,add_methyl_021,0.6393555804833877,512
CLIMB unsup,add_methyl,A,add_methyl_022,0.8257665426605693,512
CLIMB unsup,add_methyl,A,add_methyl_023,0.3209941148005342,512
CLIMB unsup,add_methyl,A,add_methyl_024,0.6296764356889452,512
CLIMB unsup,add_methyl,A,add_methyl_025,0.5126557489595597,512
CLIMB unsup,add_methyl,A,add_methyl_026,0.6516908143494093,512
CLIMB unsup,add_methyl,A,add_methyl_027,0.3612126040559413,512
CLIMB unsup,add_methyl,A,add_methyl_028,0.22704211527083917,512
CLIMB unsup,add_methyl,A,add_methyl_029,0.3838558277377137,512
CLIMB unsup,add_methyl,A,add_methyl_030,0.6282935597895386,512
CLIMB unsup,add_methyl,A,add_methyl_031,0.45463300121754274,512
CLIMB unsup,add_methyl,A,add_methyl_032,1.223866270459911,512
CLIMB unsup,add_methyl,A,add_methyl_033,0.38694360716147114,512
CLIMB unsup,add_methyl,A,add_methyl_034,0.6930880347813277,512
CLIMB unsup,add_methyl,A,add_methyl_035,0.25377566022569203,512
CLIMB unsup,add_methyl,A,add_methyl_036,0.26969221349321454,512
CLIMB unsup,add_methyl,A,add_methyl_037,0.3678706903692916,512
CLIMB unsup,add_methyl,A,add_methyl_038,0.2159421880488646,512
CLIMB unsup,add_methyl,A,add_methyl_039,0.3652513993297247,512
CLIMB unsup,add_methyl,A,add_methyl_040,0.6846645289014444,512
CLIMB unsup,add_methyl,A,add_methyl_041,0.27200353001097893,512
CLIMB unsup,add_methyl,A,add_methyl_042,0.9585141691408872,512
CLIMB unsup,add_methyl,A,add_methyl_043,0.37149307289883104,512
CLIMB unsup,add_methyl,A,add_methyl_044,0.3283901434173263,512
CLIMB unsup,add_methyl,A,add_methyl_045,0.27541961050118574,512
CLIMB unsup,add_methyl,A,add_methyl_046,0.9139029543118065,512
CLIMB unsup,add_methyl,A,add_methyl_047,0.7950576046391704,512
CLIMB unsup,add_methyl,A,add_methyl_048,0.30278867865156717,512
CLIMB unsup,add_methyl,A,add_methyl_049,0.6047229978833323,512
CLIMB unsup,add_methyl,A,add_methyl_050,0.5587073699973082,512
CLIMB unsup,add_methyl,A,add_methyl_051,0.8680132970335792,512
CLIMB unsup,add_methyl,A,add_methyl_052,0.40670879374670216,512
CLIMB unsup,add_methyl,A,add_methyl_053,0.33247297559342354,512
CLIMB unsup,add_methyl,A,add_methyl_054,0.2884266239388422,512
CLIMB unsup,add_methyl,A,add_methyl_055,0.2344667267700181,512
CLIMB unsup,add_methyl,A,add_methyl_056,0.5008408225944302,512
CLIMB unsup,add_methyl,A,add_methyl_057,1.610263727788349,512
CLIMB unsup,add_methyl,A,add_methyl_058,0.3248156574884356,512
CLIMB unsup,add_methyl,A,add_methyl_059,0.5593788023503917,512
CLIMB unsup,add_methyl,A,add_methyl_060,0.3579919120254543,512
CLIMB unsup,add_methyl,A,add_methyl_061,0.7433171283694875,512
CLIMB unsup,add_methyl,A,add_methyl_062,0.8414089827544913,512
CLIMB unsup,add_methyl,A,add_methyl_063,0.35495546536036854,512
CLIMB unsup,add_methyl,A,add_methyl_064,0.6283484409666513,512
CLIMB unsup,add_methyl,A,add_methyl_065,0.7057238549634336,512
CLIMB unsup,add_methyl,A,add_methyl_066,0.9722612495750831,512
CLIMB unsup,add_methyl,A,add_methyl_067,0.1955645210407067,512
CLIMB unsup,add_methyl,A,add_methyl_068,0.5959403496812588,512
CLIMB unsup,add_methyl,A,add_methyl_069,0.23859430501878856,512
CLIMB unsup,add_methyl,A,add_methyl_070,0.35331544086967465,512
CLIMB unsup,add_methyl,A,add_methyl_071,0.7547411988001247,512
CLIMB unsup,add_methyl,A,add_methyl_072,0.37293841833605257,512
CLIMB unsup,add_methyl,A,add_methyl_073,0.27503434686545203,512
CLIMB unsup,add_methyl,A,add_methyl_074,0.7095592306624743,512
CLIMB unsup,add_methyl,A,add_methyl_075,0.2713323431934637,512
CLIMB unsup,add_methyl,A,add_methyl_076,0.6309683219852427,512
CLIMB unsup,add_methyl,A,add_methyl_077,0.690033982790463,512
CLIMB unsup,add_methyl,A,add_methyl_078,0.33996402405104537,512
CLIMB unsup,add_methyl,A,add_methyl_079,0.776460590084837,512
CLIMB unsup,add_methyl,A,add_methyl_080,0.8630029847569389,512
CLIMB unsup,add_methyl,A,add_methyl_081,0.19839074548025804,512
CLIMB unsup,add_methyl,A,add_methyl_082,0.5662097224322509,512
CLIMB unsup,add_methyl,A,add_methyl_083,0.6300677374223527,512
CLIMB unsup,add_methyl,A,add_methyl_084,0.6349623622642812,512
CLIMB unsup,add_methyl,A,add_methyl_085,0.6980026302150097,512
CLIMB unsup,add_methyl,A,add_methyl_086,0.45133950757637364,512
CLIMB unsup,add_methyl,A,add_methyl_087,0.6866731268090761,512
CLIMB unsup,add_methyl,A,add_methyl_088,0.22932427978137757,512
CLIMB unsup,add_methyl,A,add_methyl_089,0.48796686820447915,512
CLIMB unsup,add_methyl,A,add_methyl_090,0.137073248707405,512
CLIMB unsup,add_methyl,A,add_methyl_091,0.6662599310132014,512
CLIMB unsup,add_methyl,A,add_methyl_092,0.3463306502392916,512
CLIMB unsup,add_methyl,A,add_methyl_093,0.8571083092267786,512
CLIMB unsup,add_methyl,A,add_methyl_094,0.15613782930632755,512
CLIMB unsup,add_methyl,A,add_methyl_095,0.6695674650208576,512
CLIMB unsup,add_methyl,A,add_methyl_096,0.15931767567400082,512
CLIMB unsup,add_methyl,A,add_methyl_097,0.44509806546650255,512
CLIMB unsup,add_methyl,A,add_methyl_098,0.7371687466640503,512
CLIMB unsup,add_methyl,A,add_methyl_099,0.8333135397600779,512
CLIMB unsup,add_fluorine,A,add_fluorine_000,0.6108293775729607,512
CLIMB unsup,add_fluorine,A,add_fluorine_001,0.5052513459730796,512
CLIMB unsup,add_fluorine,A,add_fluorine_002,0.2636516507311988,512
CLIMB unsup,add_fluorine,A,add_fluorine_003,0.42777601051941844,512
CLIMB unsup,add_fluorine,A,add_fluorine_004,0.2557998572516112,512
CLIMB unsup,add_fluorine,A,add_fluorine_005,0.6001980547896314,512
CLIMB unsup,add_fluorine,A,add_fluorine_006,0.494134328164918,512
CLIMB unsup,add_fluorine,A,add_fluorine_007,0.36058606600775645,512
CLIMB unsup,add_fluorine,A,add_fluorine_008,0.4231337233324089,512
CLIMB unsup,add_fluorine,A,add_fluorine_009,0.2607389996682801,512
CLIMB unsup,add_fluorine,A,add_fluorine_010,0.5204318699295838,512
CLIMB unsup,add_fluorine,A,add_fluorine_011,0.27585561511734136,512
CLIMB unsup,add_fluorine,A,add_fluorine_012,0.40289531137985096,512
CLIMB unsup,add_fluorine,A,add_fluorine_013,0.3015743008464983,512
CLIMB unsup,add_fluorine,A,add_fluorine_014,0.39087404621846306,512
CLIMB unsup,add_fluorine,A,add_fluorine_015,0.31978825341829437,512
CLIMB unsup,add_fluorine,A,add_fluorine_016,0.5906372881846776,512
CLIMB unsup,add_fluorine,A,add_fluorine_017,0.40432957969333067,512
CLIMB unsup,add_fluorine,A,add_fluorine_018,0.4378729042719879,512
CLIMB unsup,add_fluorine,A,add_fluorine_019,0.3248089145662511,512
CLIMB unsup,add_fluorine,A,add_fluorine_020,0.3745155620502169,512
CLIMB unsup,add_fluorine,A,add_fluorine_021,0.38171955556730625,512
CLIMB unsup,add_fluorine,A,add_fluorine_022,0.30927007238160237,512
CLIMB unsup,add_fluorine,A,add_fluorine_023,0.3364670730273103,512
CLIMB unsup,add_fluorine,A,add_fluorine_024,0.251108459599149,512
CLIMB unsup,add_fluorine,A,add_fluorine_025,0.2681811401874221,512
CLIMB unsup,add_fluorine,A,add_fluorine_026,0.2964877374224343,512
CLIMB unsup,add_fluorine,A,add_fluorine_027,0.32355963565147455,512
CLIMB unsup,add_fluorine,A,add_fluorine_028,0.2248401417522681,512
CLIMB unsup,add_fluorine,A,add_fluorine_029,0.2244022249285269,512
CLIMB unsup,add_fluorine,A,add_fluorine_030,0.7455697392234065,512
CLIMB unsup,add_fluorine,A,add_fluorine_031,0.5094590398417324,512
CLIMB unsup,add_fluorine,A,add_fluorine_032,0.4530015509818169,512
CLIMB unsup,add_fluorine,A,add_fluorine_033,0.44828738305761323,512
CLIMB unsup,add_fluorine,A,add_fluorine_034,0.6708728712833171,512
CLIMB unsup,add_fluorine,A,add_fluorine_035,0.3033657701578898,512
CLIMB unsup,add_fluorine,A,add_fluorine_036,0.39917431898903577,512
CLIMB unsup,add_fluorine,A,add_fluorine_037,0.38837727595385785,512
CLIMB unsup,add_fluorine,A,add_fluorine_038,0.2673954548886883,512
CLIMB unsup,add_fluorine,A,add_fluorine_039,0.4891828625098701,512
CLIMB unsup,add_fluorine,A,add_fluorine_040,0.6625046540446364,512
CLIMB unsup,add_fluorine,A,add_fluorine_041,0.3461935487552049,512
CLIMB unsup,add_fluorine,A,add_fluorine_042,0.4519248487310762,512
CLIMB unsup,add_fluorine,A,add_fluorine_043,0.3931533926366551,512
CLIMB unsup,add_fluorine,A,add_fluorine_044,0.3628081988093068,512
CLIMB unsup,add_fluorine,A,add_fluorine_045,0.30124327172205495,512
CLIMB unsup,add_fluorine,A,add_fluorine_046,0.5154182177418098,512
CLIMB unsup,add_fluorine,A,add_fluorine_047,0.5071373878519514,512
CLIMB unsup,add_fluorine,A,add_fluorine_048,0.5323529712979549,512
CLIMB unsup,add_fluorine,A,add_fluorine_049,0.2984396211065397,512
CLIMB unsup,add_fluorine,A,add_fluorine_050,0.32078892776105733,512
CLIMB unsup,add_fluorine,A,add_fluorine_051,1.0048080406155175,512
CLIMB unsup,add_fluorine,A,add_fluorine_052,0.5726710068710341,512
CLIMB unsup,add_fluorine,A,add_fluorine_053,0.37230232148003684,512
CLIMB unsup,add_fluorine,A,add_fluorine_054,0.32862373053687044,512
CLIMB unsup,add_fluorine,A,add_fluorine_055,0.28401463105435504,512
CLIMB unsup,add_fluorine,A,add_fluorine_056,0.5381469277534016,512
CLIMB unsup,add_fluorine,A,add_fluorine_057,1.7052550431329068,512
CLIMB unsup,add_fluorine,A,add_fluorine_058,0.35614886739004176,512
CLIMB unsup,add_fluorine,A,add_fluorine_059,0.5498096683075544,512
CLIMB unsup,add_fluorine,A,add_fluorine_060,0.25843667151465144,512
CLIMB unsup,add_fluorine,A,add_fluorine_061,0.6481742750713081,512
CLIMB unsup,add_fluorine,A,add_fluorine_062,0.6671477398940769,512
CLIMB unsup,add_fluorine,A,add_fluorine_063,0.4209768538591858,512
CLIMB unsup,add_fluorine,A,add_fluorine_064,0.6344993278619878,512
CLIMB unsup,add_fluorine,A,add_fluorine_065,0.4339900719870055,512
CLIMB unsup,add_fluorine,A,add_fluorine_066,0.40543982468242185,512
CLIMB unsup,add_fluorine,A,add_fluorine_067,0.3039747440401025,512
CLIMB unsup,add_fluorine,A,add_fluorine_068,0.3763666260329851,512
CLIMB unsup,add_fluorine,A,add_fluorine_069,0.41239424194731417,512
CLIMB unsup,add_fluorine,A,add_fluorine_070,0.500389102309816,512
CLIMB unsup,add_fluorine,A,add_fluorine_071,0.4379940461267986,512
CLIMB unsup,add_fluorine,A,add_fluorine_072,0.251932784048589,512
CLIMB unsup,add_fluorine,A,add_fluorine_073,0.4069765403612452,512
CLIMB unsup,add_fluorine,A,add_fluorine_074,0.2760072531082352,512
CLIMB unsup,add_fluorine,A,add_fluorine_075,0.36370795645233156,512
CLIMB unsup,add_fluorine,A,add_fluorine_076,0.422132293251526,512
CLIMB unsup,add_fluorine,A,add_fluorine_077,0.6951887314290603,512
CLIMB unsup,add_fluorine,A,add_fluorine_078,0.37680408933315285,512
CLIMB unsup,add_fluorine,A,add_fluorine_079,0.28603849674598153,512
CLIMB unsup,add_fluorine,A,add_fluorine_080,0.4317114186023341,512
CLIMB unsup,add_fluorine,A,add_fluorine_081,0.32874805905356635,512
CLIMB unsup,add_fluorine,A,add_fluorine_082,0.23164626130785593,512
CLIMB unsup,add_fluorine,A,add_fluorine_083,0.47273376449387766,512
CLIMB unsup,add_fluorine,A,add_fluorine_084,0.6877566984372006,512
CLIMB unsup,add_fluorine,A,add_fluorine_085,0.5378303783535914,512
CLIMB unsup,add_fluorine,A,add_fluorine_086,0.4354731544132218,512
CLIMB unsup,add_fluorine,A,add_fluorine_087,1.1206450857065395,512
CLIMB unsup,add_fluorine,A,add_fluorine_088,0.3836503553790433,512
CLIMB unsup,add_fluorine,A,add_fluorine_089,0.5127377821636595,512
CLIMB unsup,add_fluorine,A,add_fluorine_090,0.2614846252846078,512
CLIMB unsup,add_fluorine,A,add_fluorine_091,0.8553803781523409,512
CLIMB unsup,add_fluorine,A,add_fluorine_092,0.3767540505612614,512
CLIMB unsup,add_fluorine,A,add_fluorine_093,0.7776172384079352,512
CLIMB unsup,add_fluorine,A,add_fluorine_094,0.2909143338998967,512
CLIMB unsup,add_fluorine,A,add_fluorine_095,0.44726951294707307,512
CLIMB unsup,add_fluorine,A,add_fluorine_096,0.22601845037332055,512
CLIMB unsup,add_fluorine,A,add_fluorine_097,0.2516365283792828,512
CLIMB unsup,add_fluorine,A,add_fluorine_098,0.70792975358914,512
CLIMB unsup,add_fluorine,A,add_fluorine_099,0.7559848609193707,512
CLIMB unsup,isotope_13c,A,isotope_13c_000,0.9765936179352067,512
CLIMB unsup,isotope_13c,A,isotope_13c_001,0.8520424578142134,512
CLIMB unsup,isotope_13c,A,isotope_13c_002,1.5268920618765112,512
CLIMB unsup,isotope_13c,A,isotope_13c_003,0.48866294040277014,512
CLIMB unsup,isotope_13c,A,isotope_13c_004,0.399853192358812,512
CLIMB unsup,isotope_13c,A,isotope_13c_005,0.8276610227416338,512
CLIMB unsup,isotope_13c,A,isotope_13c_006,0.7211157072945273,512
CLIMB unsup,isotope_13c,A,isotope_13c_007,0.5603243645844156,512
CLIMB unsup,isotope_13c,A,isotope_13c_008,0.5246042344489651,512
CLIMB unsup,isotope_13c,A,isotope_13c_009,0.3392963378941631,512
CLIMB unsup,isotope_13c,A,isotope_13c_010,0.3309568337995124,512
CLIMB unsup,isotope_13c,A,isotope_13c_011,0.7637369294696671,512
CLIMB unsup,isotope_13c,A,isotope_13c_012,0.21927405078993153,512
CLIMB unsup,isotope_13c,A,isotope_13c_013,0.49836734864628723,512
CLIMB unsup,isotope_13c,A,isotope_13c_014,0.4270259821581439,512
CLIMB unsup,isotope_13c,A,isotope_13c_015,0.4228576459756732,512
CLIMB unsup,isotope_13c,A,isotope_13c_016,0.5630752508122348,512
CLIMB unsup,isotope_13c,A,isotope_13c_017,0.7635813741195094,512
CLIMB unsup,isotope_13c,A,isotope_13c_018,0.5429488950202201,512
CLIMB unsup,isotope_13c,A,isotope_13c_019,0.6072418795518495,512
CLIMB unsup,isotope_13c,A,isotope_13c_020,0.6205156831835378,512
CLIMB unsup,isotope_13c,A,isotope_13c_021,0.7334363946248733,512
CLIMB unsup,isotope_13c,A,isotope_13c_022,0.7187812018862423,512
CLIMB unsup,isotope_13c,A,isotope_13c_023,0.5943689352983135,512
CLIMB unsup,isotope_13c,A,isotope_13c_024,0.5258453599192842,512
CLIMB unsup,isotope_13c,A,isotope_13c_025,0.496181600755506,512
CLIMB unsup,isotope_13c,A,isotope_13c_026,0.5937842774509073,512
CLIMB unsup,isotope_13c,A,isotope_13c_027,0.291375875706981,512
CLIMB unsup,isotope_13c,A,isotope_13c_028,0.48406682615541685,512
CLIMB unsup,isotope_13c,A,isotope_13c_029,0.46608946829120423,512
CLIMB unsup,isotope_13c,A,isotope_13c_030,0.8420723238296773,512
CLIMB unsup,isotope_13c,A,isotope_13c_031,0.746573484221115,512
CLIMB unsup,isotope_13c,A,isotope_13c_032,0.5942402836631814,512
CLIMB unsup,isotope_13c,A,isotope_13c_033,0.4898632264887141,512
CLIMB unsup,isotope_13c,A,isotope_13c_034,0.5672808297615668,512
CLIMB unsup,isotope_13c,A,isotope_13c_035,0.28853386062250214,512
CLIMB unsup,isotope_13c,A,isotope_13c_036,1.019615711146419,512
CLIMB unsup,isotope_13c,A,isotope_13c_037,0.7165069733029281,512
CLIMB unsup,isotope_13c,A,isotope_13c_038,0.68021865015071,512
CLIMB unsup,isotope_13c,A,isotope_13c_039,0.5154641039877956,512
CLIMB unsup,isotope_13c,A,isotope_13c_040,0.5773422432112353,512
CLIMB unsup,isotope_13c,A,isotope_13c_041,0.3566782713891583,512
CLIMB unsup,isotope_13c,A,isotope_13c_042,0.5183044949295179,512
CLIMB unsup,isotope_13c,A,isotope_13c_043,0.40621007498104367,512
CLIMB unsup,isotope_13c,A,isotope_13c_044,0.2708203031363298,512
CLIMB unsup,isotope_13c,A,isotope_13c_045,0.6490128761932727,512
CLIMB unsup,isotope_13c,A,isotope_13c_046,1.3975498804739432,512
CLIMB unsup,isotope_13c,A,isotope_13c_047,0.4949886150108325,512
CLIMB unsup,isotope_13c,A,isotope_13c_048,0.6131516721028325,512
CLIMB unsup,isotope_13c,A,isotope_13c_049,0.305256540583164,512
CLIMB unsup,isotope_13c,A,isotope_13c_050,0.38854718789847886,512
CLIMB unsup,isotope_13c,A,isotope_13c_051,0.8632322135858345,512
CLIMB unsup,isotope_13c,A,isotope_13c_052,1.025750833295332,512
CLIMB unsup,isotope_13c,A,isotope_13c_053,0.6700029086278458,512
CLIMB unsup,isotope_13c,A,isotope_13c_054,0.6201237254049916,512
CLIMB unsup,isotope_13c,A,isotope_13c_055,0.6457558104553532,512
CLIMB unsup,isotope_13c,A,isotope_13c_056,0.2819479583227122,512
CLIMB unsup,isotope_13c,A,isotope_13c_057,1.4218089499808022,512
CLIMB unsup,isotope_13c,A,isotope_13c_058,0.773927626415449,512
CLIMB unsup,isotope_13c,A,isotope_13c_059,0.3240599442724059,512
CLIMB unsup,isotope_13c,A,isotope_13c_060,0.45557238624618357,512
CLIMB unsup,isotope_13c,A,isotope_13c_061,0.7257530123854319,512
CLIMB unsup,isotope_13c,A,isotope_13c_062,0.8837432610534619,512
CLIMB unsup,isotope_13c,A,isotope_13c_063,0.8442863715428874,512
CLIMB unsup,isotope_13c,A,isotope_13c_064,0.6335556836968544,512
CLIMB unsup,isotope_13c,A,isotope_13c_065,0.8478463431000367,512
CLIMB unsup,isotope_13c,A,isotope_13c_066,0.8671331416435468,512
CLIMB unsup,isotope_13c,A,isotope_13c_067,1.078924943377194,512
CLIMB unsup,isotope_13c,A,isotope_13c_068,1.7099248750829237,512
CLIMB unsup,isotope_13c,A,isotope_13c_069,0.9772014844531627,512
CLIMB unsup,isotope_13c,A,isotope_13c_070,0.40193137536948526,512
CLIMB unsup,isotope_13c,A,isotope_13c_071,1.027713314756809,512
CLIMB unsup,isotope_13c,A,isotope_13c_072,0.45479978507855884,512
CLIMB unsup,isotope_13c,A,isotope_13c_073,0.6004661533000522,512
CLIMB unsup,isotope_13c,A,isotope_13c_074,0.6566684467698276,512
CLIMB unsup,isotope_13c,A,isotope_13c_075,0.6596357919053023,512
CLIMB unsup,isotope_13c,A,isotope_13c_076,0.8288371649880724,512
CLIMB unsup,isotope_13c,A,isotope_13c_077,0.5087777790730029,512
CLIMB unsup,isotope_13c,A,isotope_13c_078,1.0296784941255424,512
CLIMB unsup,isotope_13c,A,isotope_13c_079,0.6567824653730536,512
CLIMB unsup,isotope_13c,A,isotope_13c_080,0.5548108218393635,512
CLIMB unsup,isotope_13c,A,isotope_13c_081,0.42717812826843443,512
CLIMB unsup,isotope_13c,A,isotope_13c_082,0.4578675786517947,512
CLIMB unsup,isotope_13c,A,isotope_13c_083,0.7132942891357353,512
CLIMB unsup,isotope_13c,A,isotope_13c_084,0.5724580031693243,512
CLIMB unsup,isotope_13c,A,isotope_13c_085,0.38185451545176996,512
CLIMB unsup,isotope_13c,A,isotope_13c_086,1.3386941154423506,512
CLIMB unsup,isotope_13c,A,isotope_13c_087,1.2132605043649067,512
CLIMB unsup,isotope_13c,A,isotope_13c_088,0.46494993986446714,512
CLIMB unsup,isotope_13c,A,isotope_13c_089,0.5846912816592377,512
CLIMB unsup,isotope_13c,A,isotope_13c_090,0.7837730682622601,512
CLIMB unsup,isotope_13c,A,isotope_13c_091,0.6953904870390395,512
CLIMB unsup,isotope_13c,A,isotope_13c_092,0.5253125725308635,512
CLIMB unsup,isotope_13c,A,isotope_13c_093,0.28158560062279747,512
CLIMB unsup,isotope_13c,A,isotope_13c_094,0.4313918388786199,512
CLIMB unsup,isotope_13c,A,isotope_13c_095,0.46732416860516973,512
CLIMB unsup,isotope_13c,A,isotope_13c_096,0.9125082989466744,512
CLIMB unsup,isotope_13c,A,isotope_13c_097,1.2356003337677872,512
CLIMB unsup,isotope_13c,A,isotope_13c_098,0.5443163403640451,512
CLIMB unsup,isotope_13c,A,isotope_13c_099,0.8116753264418998,512
CLIMB unsup,ring_size,A,ring_size_000,0.1834736514126363,512
CLIMB unsup,ring_size,A,ring_size_001,0.09890317230394446,512
CLIMB unsup,ring_size,A,ring_size_002,0.10891874904944863,512
CLIMB unsup,ring_size,A,ring_size_003,0.12467803740447918,512
CLIMB unsup,ring_size,A,ring_size_004,0.09325066479939748,512
CLIMB unsup,ring_size,A,ring_size_005,0.09364316708480466,512
CLIMB unsup,ring_size,A,ring_size_006,0.11369527666236852,512
CLIMB unsup,ring_size,A,ring_size_007,0.2194462648896863,512
CLIMB unsup,ring_size,A,ring_size_008,0.23042942685033846,512
CLIMB unsup,ring_size,A,ring_size_009,0.10230714518307124,512
CLIMB unsup,ring_size,A,ring_size_010,0.22276746064805256,512
CLIMB unsup,ring_size,A,ring_size_011,0.22721046814986906,512
CLIMB unsup,ring_size,A,ring_size_012,0.11403921618863183,512
CLIMB unsup,ring_size,A,ring_size_013,0.09052796476444007,512
CLIMB unsup,ring_size,A,ring_size_014,0.17239059115567057,512
CLIMB unsup,ring_size,A,ring_size_015,0.15090960562082684,512
CLIMB unsup,ring_size,A,ring_size_016,0.1446108849223109,512
CLIMB unsup,ring_size,A,ring_size_017,0.1623234600148774,512
CLIMB unsup,ring_size,A,ring_size_018,0.1940474969540333,512
CLIMB unsup,ring_size,A,ring_size_019,0.19011368497112727,512
CLIMB unsup,ring_size,A,ring_size_020,0.15826336200352892,512
CLIMB unsup,ring_size,A,ring_size_021,0.1320193543985677,512
CLIMB unsup,ring_size,A,ring_size_022,0.22489943579399221,512
CLIMB unsup,ring_size,A,ring_size_023,0.21215233541475897,512
CLIMB unsup,ring_size,A,ring_size_024,0.1308017611303876,512
CLIMB unsup,ring_size,A,ring_size_025,0.11490522924543733,512
CLIMB unsup,ring_size,A,ring_size_026,0.14539239415878472,512
CLIMB unsup,ring_size,A,ring_size_027,0.09996944389829489,512
CLIMB unsup,ring_size,A,ring_size_028,0.2576096377623146,512
CLIMB unsup,ring_size,A,ring_size_029,0.21344868997450467,512
CLIMB unsup,ring_size,A,ring_size_030,0.23490895595616573,512
CLIMB unsup,ring_size,A,ring_size_031,0.2579638822438373,512
CLIMB unsup,ring_size,A,ring_size_032,0.09732333959095806,512
CLIMB unsup,ring_size,A,ring_size_033,0.08475864909783742,512
CLIMB unsup,ring_size,A,ring_size_034,0.10787141555596197,512
CLIMB unsup,ring_size,A,ring_size_035,0.11216289905838242,512
CLIMB unsup,ring_size,A,ring_size_036,0.1886214945530314,512
CLIMB unsup,ring_size,A,ring_size_037,0.09840196618213023,512
CLIMB unsup,ring_size,A,ring_size_038,0.1044663599697329,512
CLIMB unsup,ring_size,A,ring_size_039,0.0917253935624574,512
CLIMB unsup,ring_size,A,ring_size_040,0.18336851267483242,512
CLIMB unsup,ring_size,A,ring_size_041,0.10179097450302571,512
CLIMB unsup,ring_size,A,ring_size_042,0.19436936092276574,512
CLIMB unsup,ring_size,A,ring_size_043,0.16023830601081823,512
CLIMB unsup,ring_size,A,ring_size_044,0.1588169230814717,512
CLIMB unsup,ring_size,A,ring_size_045,0.15247858511883164,512
CLIMB unsup,ring_size,A,ring_size_046,0.14575560991986217,512
CLIMB unsup,ring_size,A,ring_size_047,0.10681728114447783,512
CLIMB unsup,ring_size,A,ring_size_048,0.0866913979533258,512
CLIMB unsup,ring_size,A,ring_size_049,0.11118254818991401,512
CLIMB unsup,ring_size,A,ring_size_050,0.1858890043140412,512
CLIMB unsup,ring_size,A,ring_size_051,0.0712026361201225,512
CLIMB unsup,ring_size,A,ring_size_052,0.1773249991531413,512
CLIMB unsup,ring_size,A,ring_size_053,0.14112866921899384,512
CLIMB unsup,ring_size,A,ring_size_054,0.1453282827215622,512
CLIMB unsup,ring_size,A,ring_size_055,0.11692143030209058,512
CLIMB unsup,ring_size,A,ring_size_056,0.10764423871084886,512
CLIMB unsup,ring_size,A,ring_size_057,0.20298981903074595,512
CLIMB unsup,ring_size,A,ring_size_058,0.11081384095841075,512
CLIMB unsup,ring_size,A,ring_size_059,0.08423476368221998,512
CLIMB unsup,ring_size,A,ring_size_060,0.315204521870299,512
CLIMB unsup,ring_size,A,ring_size_061,0.18414457071369622,512
CLIMB unsup,ring_size,A,ring_size_062,0.2077178574790501,512
CLIMB unsup,ring_size,A,ring_size_063,0.1459478747935523,512
CLIMB unsup,ring_size,A,ring_size_064,0.09089835614024287,512
CLIMB unsup,ring_size,A,ring_size_065,0.20536850156159156,512
CLIMB unsup,ring_size,A,ring_size_066,0.1099346472416883,512
CLIMB unsup,ring_size,A,ring_size_067,0.0921101147970659,512
CLIMB unsup,ring_size,A,ring_size_068,0.14318366463584256,512
CLIMB unsup,ring_size,A,ring_size_069,0.7364648790713689,512
CLIMB unsup,ring_size,A,ring_size_070,0.4160711746271993,512
CLIMB unsup,ring_size,A,ring_size_071,0.24814670601303643,512
CLIMB unsup,ring_size,A,ring_size_072,0.17241441158262333,512
CLIMB unsup,ring_size,A,ring_size_073,0.09679626777213081,512
CLIMB unsup,ring_size,A,ring_size_074,0.060735991241443674,512
CLIMB unsup,ring_size,A,ring_size_075,0.11799959018039667,512
CLIMB unsup,ring_size,A,ring_size_076,0.1243560052758841,512
CLIMB unsup,ring_size,A,ring_size_077,0.15541214738906134,512
CLIMB unsup,ring_size,A,ring_size_078,0.11245821945662123,512
CLIMB unsup,ring_size,A,ring_size_079,0.14158984065452399,512
CLIMB unsup,ring_size,A,ring_size_080,0.1250931244776373,512
CLIMB unsup,ring_size,A,ring_size_081,0.1611900627531232,512
CLIMB unsup,ring_size,A,ring_size_082,0.2145869884715953,512
CLIMB unsup,ring_size,A,ring_size_083,0.29897198150031573,512
CLIMB unsup,ring_size,A,ring_size_084,0.10463957934413713,512
CLIMB unsup,ring_size,A,ring_size_085,0.11354084217915436,512
CLIMB unsup,ring_size,A,ring_size_086,0.18605384900237196,512
CLIMB unsup,ring_size,A,ring_size_087,0.13472437360495837,512
CLIMB unsup,ring_size,A,ring_size_088,0.11255610103563356,512
CLIMB unsup,ring_size,A,ring_size_089,0.10922215935517564,512
CLIMB unsup,ring_size,A,ring_size_090,0.17289397199941836,512
CLIMB unsup,ring_size,A,ring_size_091,0.10884661282610443,512
CLIMB unsup,ring_size,A,ring_size_092,0.10164425071173376,512
CLIMB unsup,ring_size,A,ring_size_093,0.14651388112750846,512
CLIMB unsup,ring_size,A,ring_size_094,0.1186781459311943,512
CLIMB unsup,ring_size,A,ring_size_095,0.12473690259973637,512
CLIMB unsup,ring_size,A,ring_size_096,0.1724536408395566,512
CLIMB unsup,ring_size,A,ring_size_097,0.22824007604045343,512
CLIMB unsup,ring_size,A,ring_size_098,0.25902288353304104,512
CLIMB unsup,ring_size,A,ring_size_099,0.12949908242969735,512
CLIMB unsup,regioisomer,A,regioisomer_000,1.0409018300778399,512
CLIMB unsup,regioisomer,A,regioisomer_001,1.1335554933256506,512
CLIMB unsup,regioisomer,A,regioisomer_002,1.0432288915588692,512
CLIMB unsup,regioisomer,A,regioisomer_003,0.7699567909766702,512
CLIMB unsup,regioisomer,A,regioisomer_004,1.024835649062538,512
CLIMB unsup,regioisomer,A,regioisomer_005,1.171503808145793,512
CLIMB unsup,regioisomer,A,regioisomer_006,1.0053651136060529,512
CLIMB unsup,regioisomer,A,regioisomer_007,0.6032160101768645,512
CLIMB unsup,regioisomer,A,regioisomer_008,0.5981217755752006,512
CLIMB unsup,regioisomer,A,regioisomer_009,0.745688488801674,512
CLIMB unsup,regioisomer,A,regioisomer_010,0.9334385427707301,512
CLIMB unsup,regioisomer,A,regioisomer_011,0.916083224650496,512
CLIMB unsup,regioisomer,A,regioisomer_012,0.8130699170048317,512
CLIMB unsup,regioisomer,A,regioisomer_013,1.039363118950074,512
CLIMB unsup,regioisomer,A,regioisomer_014,1.0796029303985641,512
CLIMB unsup,regioisomer,A,regioisomer_015,0.7434177835850123,512
CLIMB unsup,regioisomer,A,regioisomer_016,1.0457194447738511,512
CLIMB unsup,regioisomer,A,regioisomer_017,1.0857503206089918,512
CLIMB unsup,regioisomer,A,regioisomer_018,1.0173549585436363,512
CLIMB unsup,regioisomer,A,regioisomer_019,0.7122300384015223,512
CLIMB unsup,regioisomer,A,regioisomer_020,0.8955087506988522,512
CLIMB unsup,regioisomer,A,regioisomer_021,1.1853783021570643,512
CLIMB unsup,regioisomer,A,regioisomer_022,1.1408371848075183,512
CLIMB unsup,regioisomer,A,regioisomer_023,0.7467399191467783,512
CLIMB unsup,regioisomer,A,regioisomer_024,0.8095673568655988,512
CLIMB unsup,regioisomer,A,regioisomer_025,1.1668380044331226,512
CLIMB unsup,regioisomer,A,regioisomer_026,0.7101254840447736,512
CLIMB unsup,regioisomer,A,regioisomer_027,0.7198771566613209,512
CLIMB unsup,regioisomer,A,regioisomer_028,0.7336328404557677,512
CLIMB unsup,regioisomer,A,regioisomer_029,1.0632309007986624,512
CLIMB unsup,regioisomer,A,regioisomer_030,1.012219043548698,512
CLIMB unsup,regioisomer,A,regioisomer_031,1.1606009396610422,512
CLIMB unsup,regioisomer,A,regioisomer_032,1.2425214473295447,512
CLIMB unsup,regioisomer,A,regioisomer_033,0.8562773873284443,512
CLIMB unsup,regioisomer,A,regioisomer_034,1.0473330614102314,512
CLIMB unsup,regioisomer,A,regioisomer_035,0.7540378927037976,512
CLIMB unsup,regioisomer,A,regioisomer_036,1.1462916923615596,512
CLIMB unsup,regioisomer,A,regioisomer_037,0.9883995223134117,512
CLIMB unsup,regioisomer,A,regioisomer_038,0.7618520273402829,512
CLIMB unsup,regioisomer,A,regioisomer_039,0.7307432931515903,512
CLIMB unsup,regioisomer,A,regioisomer_040,0.9613543355687255,512
CLIMB unsup,regioisomer,A,regioisomer_041,1.0139681939722482,512
CLIMB unsup,regioisomer,A,regioisomer_042,1.133566648051466,512
CLIMB unsup,regioisomer,A,regioisomer_043,1.054837616138374,512
CLIMB unsup,regioisomer,A,regioisomer_044,1.1344638904776478,512
CLIMB unsup,regioisomer,A,regioisomer_045,0.7959426908993754,512
CLIMB unsup,regioisomer,A,regioisomer_046,0.7409543811587812,512
CLIMB unsup,regioisomer,A,regioisomer_047,1.235846104950274,512
CLIMB unsup,regioisomer,A,regioisomer_048,1.2594102928818944,512
CLIMB unsup,regioisomer,A,regioisomer_049,0.8069528477275744,512
CLIMB unsup,regioisomer,A,regioisomer_050,0.7418208649822716,512
CLIMB unsup,regioisomer,A,regioisomer_051,1.0173549585436363,512
CLIMB unsup,regioisomer,A,regioisomer_052,0.7502046262825748,512
CLIMB unsup,regioisomer,A,regioisomer_053,0.8986898705422782,512
CLIMB unsup,regioisomer,A,regioisomer_054,0.8721560346080492,512
CLIMB unsup,regioisomer,A,regioisomer_055,1.0966418332695629,512
CLIMB unsup,regioisomer,A,regioisomer_056,0.9011949488276584,512
CLIMB unsup,regioisomer,A,regioisomer_057,1.0708221648723093,512
CLIMB unsup,regioisomer,A,regioisomer_058,1.0887916427942732,512
CLIMB unsup,regioisomer,A,regioisomer_059,0.8771558711538517,512
CLIMB unsup,regioisomer,A,regioisomer_060,1.04350457708439,512
CLIMB unsup,regioisomer,A,regioisomer_061,0.7411977081248634,512
CLIMB unsup,regioisomer,A,regioisomer_062,0.9977147015931774,512
CLIMB unsup,regioisomer,A,regioisomer_063,1.1298820994188674,512
CLIMB unsup,regioisomer,A,regioisomer_064,1.0812306613158758,512
CLIMB unsup,regioisomer,A,regioisomer_065,1.1744533061844624,512
CLIMB unsup,regioisomer,A,regioisomer_066,0.7499042951086333,512
CLIMB unsup,regioisomer,A,regioisomer_067,0.8590976317838213,512
CLIMB unsup,regioisomer,A,regioisomer_068,1.3037698538789058,512
CLIMB unsup,regioisomer,A,regioisomer_069,1.0972176660539585,512
CLIMB unsup,regioisomer,A,regioisomer_070,1.1820262922809661,512
CLIMB unsup,regioisomer,A,regioisomer_071,0.916466612934445,512
CLIMB unsup,regioisomer,A,regioisomer_072,1.1224397921187774,512
CLIMB unsup,regioisomer,A,regioisomer_073,0.8809451295321614,512
CLIMB unsup,regioisomer,A,regioisomer_074,0.9590845132310987,512
CLIMB unsup,regioisomer,A,regioisomer_075,1.0815168847444274,512
CLIMB unsup,regioisomer,A,regioisomer_076,0.922448203034575,512
CLIMB unsup,regioisomer,A,regioisomer_077,1.1353182407066182,512
CLIMB unsup,regioisomer,A,regioisomer_078,1.0156973595402887,512
CLIMB unsup,regioisomer,A,regioisomer_079,0.9823367546641383,512
CLIMB unsup,regioisomer,A,regioisomer_080,1.1608004161706735,512
CLIMB unsup,regioisomer,A,regioisomer_081,0.786280174420578,512
CLIMB unsup,regioisomer,A,regioisomer_082,1.0713494783272985,512
CLIMB unsup,regioisomer,A,regioisomer_083,1.0613474498774824,512
CLIMB unsup,regioisomer,A,regioisomer_084,0.8121640127687787,512
CLIMB unsup,regioisomer,A,regioisomer_085,1.0436263050289485,512
CLIMB unsup,regioisomer,A,regioisomer_086,1.1197100951422416,512
CLIMB unsup,regioisomer,A,regioisomer_087,1.1452839346897747,512
CLIMB unsup,regioisomer,A,regioisomer_088,1.098203349464,512
CLIMB unsup,regioisomer,A,regioisomer_089,1.0627576011013327,512
CLIMB unsup,regioisomer,A,regioisomer_090,1.1411255272827265,512
CLIMB unsup,regioisomer,A,regioisomer_091,0.8834812710173571,512
CLIMB unsup,regioisomer,A,regioisomer_092,0.8522592205868655,512
CLIMB unsup,regioisomer,A,regioisomer_093,0.9047910083652928,512
CLIMB unsup,regioisomer,A,regioisomer_094,1.3561606390554395,512
CLIMB unsup,regioisomer,A,regioisomer_095,0.7785113087425483,512
CLIMB unsup,regioisomer,A,regioisomer_096,1.235846104950274,512
CLIMB unsup,regioisomer,A,regioisomer_097,0.9006859627884092,512
CLIMB unsup,regioisomer,A,regioisomer_098,0.7528678110570417,512
CLIMB unsup,regioisomer,A,regioisomer_099,1.0200119551410334,512
CLIMB unsup,matched_mw,A,matched_mw_000,1.6496653318579788,512
CLIMB unsup,matched_mw,A,matched_mw_001,2.3774651198528276,512
CLIMB unsup,matched_mw,A,matched_mw_002,3.8410196865942847,512
CLIMB unsup,matched_mw,A,matched_mw_003,2.5458121336716544,512
CLIMB unsup,matched_mw,A,matched_mw_004,2.9140318096511826,512
CLIMB unsup,matched_mw,A,matched_mw_005,3.949315897866831,512
CLIMB unsup,matched_mw,A,matched_mw_006,2.353705546477325,512
CLIMB unsup,matched_mw,A,matched_mw_007,3.6827866322307417,512
CLIMB unsup,matched_mw,A,matched_mw_008,2.4140235651387645,512
CLIMB unsup,matched_mw,A,matched_mw_009,3.8139185131181117,512
CLIMB unsup,matched_mw,A,matched_mw_010,3.3605821929385717,512
CLIMB unsup,matched_mw,A,matched_mw_011,3.6041537720631687,512
CLIMB unsup,matched_mw,A,matched_mw_012,2.4428921538208574,512
CLIMB unsup,matched_mw,A,matched_mw_013,2.600227276728982,512
CLIMB unsup,matched_mw,A,matched_mw_014,1.8305085434255932,512
CLIMB unsup,matched_mw,A,matched_mw_015,3.4874523837497318,512
CLIMB unsup,matched_mw,A,matched_mw_016,1.5712507661585282,512
CLIMB unsup,matched_mw,A,matched_mw_017,3.5026383014345646,512
CLIMB unsup,matched_mw,A,matched_mw_018,2.70524204223082,512
CLIMB unsup,matched_mw,A,matched_mw_019,2.1367464661082782,512
CLIMB unsup,matched_mw,A,matched_mw_020,3.5495080406274724,512
CLIMB unsup,matched_mw,A,matched_mw_021,1.5039676720175335,512
CLIMB unsup,matched_mw,A,matched_mw_022,1.1415068384705689,512
CLIMB unsup,matched_mw,A,matched_mw_023,1.6921103653060428,512
CLIMB unsup,matched_mw,A,matched_mw_024,2.0799219062473657,512
CLIMB unsup,matched_mw,A,matched_mw_025,1.951510621779841,512
CLIMB unsup,matched_mw,A,matched_mw_026,3.2803443071519034,512
CLIMB unsup,matched_mw,A,matched_mw_027,1.8466710392662122,512
CLIMB unsup,matched_mw,A,matched_mw_028,2.2034004226165878,512
CLIMB unsup,matched_mw,A,matched_mw_029,2.994717224663425,512
CLIMB unsup,matched_mw,A,matched_mw_030,3.301704089331031,512
CLIMB unsup,matched_mw,A,matched_mw_031,2.0989294582917744,512
CLIMB unsup,matched_mw,A,matched_mw_032,2.4916171414487707,512
CLIMB unsup,matched_mw,A,matched_mw_033,2.3713302784593915,512
CLIMB unsup,matched_mw,A,matched_mw_034,2.047458713830708,512
CLIMB unsup,matched_mw,A,matched_mw_035,1.4828330778973344,512
CLIMB unsup,matched_mw,A,matched_mw_036,1.7459485686688918,512
CLIMB unsup,matched_mw,A,matched_mw_037,2.489794651855674,512
CLIMB unsup,matched_mw,A,matched_mw_038,1.6336294773080187,512
CLIMB unsup,matched_mw,A,matched_mw_039,2.330011388155448,512
CLIMB unsup,matched_mw,A,matched_mw_040,3.58317069397502,512
CLIMB unsup,matched_mw,A,matched_mw_041,3.1065637552397742,512
CLIMB unsup,matched_mw,A,matched_mw_042,1.7575341807834395,512
CLIMB unsup,matched_mw,A,matched_mw_043,2.005694354728,512
CLIMB unsup,matched_mw,A,matched_mw_044,1.5264416896802355,512
CLIMB unsup,matched_mw,A,matched_mw_045,2.450965495525624,512
CLIMB unsup,matched_mw,A,matched_mw_046,1.5904815303175701,512
CLIMB unsup,matched_mw,A,matched_mw_047,2.0894854603926967,512
CLIMB unsup,matched_mw,A,matched_mw_048,1.8297669405649069,512
CLIMB unsup,matched_mw,A,matched_mw_049,1.590160594078466,512
CLIMB unsup,matched_mw,A,matched_mw_050,2.187033532148591,512
CLIMB unsup,matched_mw,A,matched_mw_051,2.035733081288102,512
CLIMB unsup,matched_mw,A,matched_mw_052,2.730205484514511,512
CLIMB unsup,matched_mw,A,matched_mw_053,2.9061782588512015,512
CLIMB unsup,matched_mw,A,matched_mw_054,1.4597542973894193,512
CLIMB unsup,matched_mw,A,matched_mw_055,1.3266206474482336,512
CLIMB unsup,matched_mw,A,matched_mw_056,1.8151249312200084,512
CLIMB unsup,matched_mw,A,matched_mw_057,1.9611011639358913,512
CLIMB unsup,matched_mw,A,matched_mw_058,1.3364081310247098,512
CLIMB unsup,matched_mw,A,matched_mw_059,1.2479863395721522,512
CLIMB unsup,matched_mw,A,matched_mw_060,1.6833886751092455,512
CLIMB unsup,matched_mw,A,matched_mw_061,2.176436201250304,512
CLIMB unsup,matched_mw,A,matched_mw_062,1.2445920357272244,512
CLIMB unsup,matched_mw,A,matched_mw_063,2.7255122285376396,512
CLIMB unsup,matched_mw,A,matched_mw_064,1.2031176896309792,512
CLIMB unsup,matched_mw,A,matched_mw_065,0.9126712117788807,512
CLIMB unsup,matched_mw,A,matched_mw_066,1.117837879969984,512
CLIMB unsup,matched_mw,A,matched_mw_067,1.5891952274959942,512
CLIMB unsup,matched_mw,A,matched_mw_068,2.7220371847924647,512
CLIMB unsup,matched_mw,A,matched_mw_069,1.3702666756999664,512
CLIMB unsup,matched_mw,A,matched_mw_070,2.848895515427049,512
CLIMB unsup,matched_mw,A,matched_mw_071,1.2908398246038921,512
CLIMB unsup,matched_mw,A,matched_mw_072,1.7712725042959436,512
CLIMB unsup,matched_mw,A,matched_mw_073,2.878409260950518,512
CLIMB unsup,matched_mw,A,matched_mw_074,1.7801257761931741,512
CLIMB unsup,matched_mw,A,matched_mw_075,1.3243924456111436,512
CLIMB unsup,matched_mw,A,matched_mw_076,2.3291589871988045,512
CLIMB unsup,matched_mw,A,matched_mw_077,0.9478019889594009,512
CLIMB unsup,matched_mw,A,matched_mw_078,0.857057756025438,512
CLIMB unsup,matched_mw,A,matched_mw_079,1.5605159027084934,512
CLIMB unsup,matched_mw,A,matched_mw_080,1.3358318418266397,512
CLIMB unsup,matched_mw,A,matched_mw_081,1.8134295093086557,512
CLIMB unsup,matched_mw,A,matched_mw_082,1.6207253239161077,512
CLIMB unsup,matched_mw,A,matched_mw_083,1.5594393493269398,512
CLIMB unsup,matched_mw,A,matched_mw_084,2.3414640111722598,512
CLIMB unsup,matched_mw,A,matched_mw_085,1.1840246246327324,512
CLIMB unsup,matched_mw,A,matched_mw_086,2.899691503238844,512
CLIMB unsup,matched_mw,A,matched_mw_087,3.3120823292432813,512
CLIMB unsup,matched_mw,A,matched_mw_088,0.8963604756216946,512
CLIMB unsup,matched_mw,A,matched_mw_089,1.0748976312795828,512
CLIMB unsup,matched_mw,A,matched_mw_090,3.0534335850165797,512
CLIMB unsup,matched_mw,A,matched_mw_091,3.6633744179675247,512
CLIMB unsup,matched_mw,A,matched_mw_092,2.158292885490361,512
CLIMB unsup,matched_mw,A,matched_mw_093,2.423824759509206,512
CLIMB unsup,matched_mw,A,matched_mw_094,2.1129201451936597,512
CLIMB unsup,matched_mw,A,matched_mw_095,2.9932068677397963,512
CLIMB unsup,matched_mw,A,matched_mw_096,1.2456674833439272,512
CLIMB unsup,matched_mw,A,matched_mw_097,0.8864109325618783,512
CLIMB unsup,matched_mw,A,matched_mw_098,1.5508638186120005,512
CLIMB unsup,matched_mw,A,matched_mw_099,1.5523551611612278,512
CLIMB unsup,matched_descriptors,A,matched_descriptors_000,1.09778754078883,512
CLIMB unsup,matched_descriptors,A,matched_descriptors_001,0.6975624691270405,512
CLIMB unsup,matched_descriptors,A,matched_descriptors_002,1.2758064180823312,512
CLIMB unsup,matched_descriptors,A,matched_descriptors_003,1.256992146956344,512
CLIMB unsup,matched_descriptors,A,matched_descriptors_004,0.6515274856027775,512
CLIMB unsup,matched_descriptors,A,matched_descriptors_005,0.9434186676748835,512
CLIMB unsup,matched_descriptors,A,matched_descriptors_006,1.1263823989418305,512
CLIMB unsup,matched_descriptors,A,matched_descriptors_007,1.5276512156825617,512
CLIMB unsup,matched_descriptors,A,matched_descriptors_008,0.9045132519673091,512
CLIMB unsup,matched_descriptors,A,matched_descriptors_009,0.5665063745049177,512
CLIMB unsup,matched_descriptors,A,matched_descriptors_010,1.175112675669573,512
CLIMB unsup,matched_descriptors,A,matched_descriptors_011,1.3018848632416322,512
CLIMB unsup,matched_descriptors,A,matched_descriptors_012,1.188231357061418,512
CLIMB unsup,matched_descriptors,A,matched_descriptors_013,0.7641608611860294,512
CLIMB unsup,matched_descriptors,A,matched_descriptors_014,0.9691461325183381,512
CLIMB unsup,matched_descriptors,A,matched_descriptors_015,0.7181304693895959,512
CLIMB unsup,matched_descriptors,A,matched_descriptors_016,0.8409445044704681,512
CLIMB unsup,matched_descriptors,A,matched_descriptors_017,1.0025680439801097,512
CLIMB unsup,matched_descriptors,A,matched_descriptors_018,1.3491756565283584,512
CLIMB unsup,matched_descriptors,A,matched_descriptors_019,1.4834948929061411,512
CLIMB unsup,matched_descriptors,A,matched_descriptors_020,0.6813904666623395,512
CLIMB unsup,matched_descriptors,A,matched_descriptors_021,0.9227038189532519,512
CLIMB unsup,matched_descriptors,A,matched_descriptors_022,0.7242756155919089,512
CLIMB unsup,matched_descriptors,A,matched_descriptors_023,1.102510275563665,512
CLIMB unsup,matched_descriptors,A,matched_descriptors_024,0.980358782373715,512
CLIMB unsup,matched_descriptors,A,matched_descriptors_025,0.948034618469672,512
CLIMB unsup,matched_descriptors,A,matched_descriptors_026,1.1199963236113848,512
CLIMB unsup,matched_descriptors,A,matched_descriptors_027,1.0397136394795674,512
CLIMB unsup,matched_descriptors,A,matched_descriptors_028,0.9263758367622867,512
CLIMB unsup,matched_descriptors,A,matched_descriptors_029,0.8104264432231485,512
CLIMB unsup,matched_descriptors,A,matched_descriptors_030,1.2452723864497741,512
CLIMB unsup,matched_descriptors,A,matched_descriptors_031,0.8784779141519102,512
CLIMB unsup,matched_descriptors,A,matched_descriptors_032,0.9224211195610429,512
CLIMB unsup,matched_descriptors,A,matched_descriptors_033,1.0604784241156457,512
CLIMB unsup,matched_descriptors,A,matched_descriptors_034,0.7311292428673377,512
CLIMB unsup,matched_descriptors,A,matched_descriptors_035,0.88625299566591,512
CLIMB unsup,matched_descriptors,A,matched_descriptors_036,1.0498805602436991,512
CLIMB unsup,matched_descriptors,A,matched_descriptors_037,0.8489368265470689,512
CLIMB unsup,matched_descriptors,A,matched_descriptors_038,0.5658886390444761,512
CLIMB unsup,matched_descriptors,A,matched_descriptors_039,0.7339010029966062,512
CLIMB unsup,matched_descriptors,A,matched_descriptors_040,0.7198711846619921,512
CLIMB unsup,matched_descriptors,A,matched_descriptors_041,3.5870736450479703,512
CLIMB unsup,matched_descriptors,A,matched_descriptors_042,0.6979858529835811,512
CLIMB unsup,matched_descriptors,A,matched_descriptors_043,3.253775634386023,512
CLIMB unsup,matched_descriptors,A,matched_descriptors_044,0.9454850021178725,512
CLIMB unsup,matched_descriptors,A,matched_descriptors_045,0.9921246479710417,512
CLIMB unsup,matched_descriptors,A,matched_descriptors_046,0.6341193555077144,512
CLIMB unsup,matched_descriptors,A,matched_descriptors_047,1.0245469030575194,512
CLIMB unsup,matched_descriptors,A,matched_descriptors_048,0.7144459940389701,512
CLIMB unsup,matched_descriptors,A,matched_descriptors_049,1.1436651350097258,512
CLIMB unsup,matched_descriptors,A,matched_descriptors_050,0.7499033984775564,512
CLIMB unsup,matched_descriptors,A,matched_descriptors_051,1.0242165057681298,512
CLIMB unsup,matched_descriptors,A,matched_descriptors_052,0.951602460110918,512
CLIMB unsup,matched_descriptors,A,matched_descriptors_053,1.2158005491004278,512
CLIMB unsup,matched_descriptors,A,matched_descriptors_054,1.0761877568882399,512
CLIMB unsup,matched_descriptors,A,matched_descriptors_055,1.014050690371173,512
CLIMB unsup,matched_descriptors,A,matched_descriptors_056,0.9483860099308922,512
CLIMB unsup,matched_descriptors,A,matched_descriptors_057,1.7501372561250543,512
CLIMB unsup,matched_descriptors,A,matched_descriptors_058,0.767722372371544,512
CLIMB unsup,matched_descriptors,A,matched_descriptors_059,1.2020980917836837,512
CLIMB unsup,matched_descriptors,A,matched_descriptors_060,1.3475251936116586,512
CLIMB unsup,matched_descriptors,A,matched_descriptors_061,1.246013133088359,512
CLIMB unsup,matched_descriptors,A,matched_descriptors_062,1.2545811694263935,512
CLIMB unsup,matched_descriptors,A,matched_descriptors_063,0.7183720558797447,512
CLIMB unsup,matched_descriptors,A,matched_descriptors_064,1.040143172888763,512
CLIMB unsup,matched_descriptors,A,matched_descriptors_065,1.2665728925883764,512
CLIMB unsup,matched_descriptors,A,matched_descriptors_066,0.746010171398622,512
CLIMB unsup,matched_descriptors,A,matched_descriptors_067,0.8825404590956254,512
CLIMB unsup,matched_descriptors,A,matched_descriptors_068,1.0291502726657349,512
CLIMB unsup,matched_descriptors,A,matched_descriptors_069,1.0187539847865013,512
CLIMB unsup,matched_descriptors,A,matched_descriptors_070,1.0273318191015524,512
CLIMB unsup,matched_descriptors,A,matched_descriptors_071,1.2117247590737865,512
CLIMB unsup,matched_descriptors,A,matched_descriptors_072,1.3084526939853176,512
CLIMB unsup,matched_descriptors,A,matched_descriptors_073,1.1127221215714878,512
CLIMB unsup,matched_descriptors,A,matched_descriptors_074,1.0799453046693572,512
CLIMB unsup,matched_descriptors,A,matched_descriptors_075,1.1711070478970333,512
CLIMB unsup,matched_descriptors,A,matched_descriptors_076,1.261175027227098,512
CLIMB unsup,matched_descriptors,A,matched_descriptors_077,1.7450293138167543,512
CLIMB unsup,matched_descriptors,A,matched_descriptors_078,1.0390910361086434,512
CLIMB unsup,matched_descriptors,A,matched_descriptors_079,0.7644880849131438,512
CLIMB unsup,matched_descriptors,A,matched_descriptors_080,0.9578358369193094,512
CLIMB unsup,matched_descriptors,A,matched_descriptors_081,0.9801904144244837,512
CLIMB unsup,matched_descriptors,A,matched_descriptors_082,0.8650755440284188,512
CLIMB unsup,matched_descriptors,A,matched_descriptors_083,1.1055529290763042,512
CLIMB unsup,matched_descriptors,A,matched_descriptors_084,1.3310882887361262,512
CLIMB unsup,matched_descriptors,A,matched_descriptors_085,0.8303403115445931,512
CLIMB unsup,matched_descriptors,A,matched_descriptors_086,1.0890524112381983,512
CLIMB unsup,matched_descriptors,A,matched_descriptors_087,0.9580901404948905,512
CLIMB unsup,matched_descriptors,A,matched_descriptors_088,1.4144804071597392,512
CLIMB unsup,matched_descriptors,A,matched_descriptors_089,1.2238032408157744,512
CLIMB unsup,matched_descriptors,A,matched_descriptors_090,1.0216046715723415,512
CLIMB unsup,matched_descriptors,A,matched_descriptors_091,1.1485409356864806,512
CLIMB unsup,matched_descriptors,A,matched_descriptors_092,0.9831269806852111,512
CLIMB unsup,matched_descriptors,A,matched_descriptors_093,1.9194778500366063,512
CLIMB unsup,matched_descriptors,A,matched_descriptors_094,0.9655696861569517,512
CLIMB unsup,matched_descriptors,A,matched_descriptors_095,0.6256767101047789,512
CLIMB unsup,matched_descriptors,A,matched_descriptors_096,1.1660782535805811,512
CLIMB unsup,matched_descriptors,A,matched_descriptors_097,1.048333912613711,512
CLIMB unsup,matched_descriptors,A,matched_descriptors_098,1.2027776993874846,512
CLIMB unsup,matched_descriptors,A,matched_descriptors_099,0.7722848904339594,512
CLIMB unsup,smiles_enumeration,B,smiles_enumeration_000,0.6839271900965008,512
CLIMB unsup,smiles_enumeration,B,smiles_enumeration_001,1.128529340639413,512
CLIMB unsup,smiles_enumeration,B,smiles_enumeration_002,1.2884185295475488,512
CLIMB unsup,smiles_enumeration,B,smiles_enumeration_003,0.40684783120193396,512
CLIMB unsup,smiles_enumeration,B,smiles_enumeration_004,0.7689479617951582,512
CLIMB unsup,smiles_enumeration,B,smiles_enumeration_005,0.7413065935361411,512
CLIMB unsup,smiles_enumeration,B,smiles_enumeration_006,0.815621928659485,512
CLIMB unsup,smiles_enumeration,B,smiles_enumeration_007,1.2074028592623685,512
CLIMB unsup,smiles_enumeration,B,smiles_enumeration_008,1.0430391001210664,512
CLIMB unsup,smiles_enumeration,B,smiles_enumeration_009,0.8199298442034316,512
CLIMB unsup,smiles_enumeration,B,smiles_enumeration_010,0.6614650007792775,512
CLIMB unsup,smiles_enumeration,B,smiles_enumeration_011,1.314965788485494,512
CLIMB unsup,smiles_enumeration,B,smiles_enumeration_012,0.6364999713747583,512
CLIMB unsup,smiles_enumeration,B,smiles_enumeration_013,1.0604647851396851,512
CLIMB unsup,smiles_enumeration,B,smiles_enumeration_014,0.9080619120792465,512
CLIMB unsup,smiles_enumeration,B,smiles_enumeration_015,1.2158349202828722,512
CLIMB unsup,smiles_enumeration,B,smiles_enumeration_016,0.8449496914093027,512
CLIMB unsup,smiles_enumeration,B,smiles_enumeration_017,0.5899362951960239,512
CLIMB unsup,smiles_enumeration,B,smiles_enumeration_018,0.8139786551773799,512
CLIMB unsup,smiles_enumeration,B,smiles_enumeration_019,0.8559344210788905,512
CLIMB unsup,smiles_enumeration,B,smiles_enumeration_020,0.8413433162490336,512
CLIMB unsup,smiles_enumeration,B,smiles_enumeration_021,0.6681701778329151,512
CLIMB unsup,smiles_enumeration,B,smiles_enumeration_022,0.6122853556180914,512
CLIMB unsup,smiles_enumeration,B,smiles_enumeration_023,0.703306972831563,512
CLIMB unsup,smiles_enumeration,B,smiles_enumeration_024,0.6469900464355042,512
CLIMB unsup,smiles_enumeration,B,smiles_enumeration_025,0.681273770630395,512
CLIMB unsup,smiles_enumeration,B,smiles_enumeration_026,0.8305602614450078,512
CLIMB unsup,smiles_enumeration,B,smiles_enumeration_027,0.7582495403969751,512
CLIMB unsup,smiles_enumeration,B,smiles_enumeration_028,0.4931945873179644,512
CLIMB unsup,smiles_enumeration,B,smiles_enumeration_029,0.5524908214903567,512
CLIMB unsup,smiles_enumeration,B,smiles_enumeration_030,0.9458544934862986,512
CLIMB unsup,smiles_enumeration,B,smiles_enumeration_031,0.7864852923188623,512
CLIMB unsup,smiles_enumeration,B,smiles_enumeration_032,0.5800500961624231,512
CLIMB unsup,smiles_enumeration,B,smiles_enumeration_033,0.674115438907493,512
CLIMB unsup,smiles_enumeration,B,smiles_enumeration_034,0.6345969504188136,512
CLIMB unsup,smiles_enumeration,B,smiles_enumeration_035,0.7772152158509763,512
CLIMB unsup,smiles_enumeration,B,smiles_enumeration_036,0.7340390620056362,512
CLIMB unsup,smiles_enumeration,B,smiles_enumeration_037,0.9231367768774505,512
CLIMB unsup,smiles_enumeration,B,smiles_enumeration_038,1.12879107990853,512
CLIMB unsup,smiles_enumeration,B,smiles_enumeration_039,0.9786447490381739,512
CLIMB unsup,smiles_enumeration,B,smiles_enumeration_040,0.8937334785258274,512
CLIMB unsup,smiles_enumeration,B,smiles_enumeration_041,0.7707271643897528,512
CLIMB unsup,smiles_enumeration,B,smiles_enumeration_042,0.8392208864403926,512
CLIMB unsup,smiles_enumeration,B,smiles_enumeration_043,1.0423013910684837,512
CLIMB unsup,smiles_enumeration,B,smiles_enumeration_044,0.7431478764557108,512
CLIMB unsup,smiles_enumeration,B,smiles_enumeration_045,1.058220095757339,512
CLIMB unsup,smiles_enumeration,B,smiles_enumeration_046,1.0259227722959827,512
CLIMB unsup,smiles_enumeration,B,smiles_enumeration_047,0.7512423787901685,512
CLIMB unsup,smiles_enumeration,B,smiles_enumeration_048,0.805072420092414,512
CLIMB unsup,smiles_enumeration,B,smiles_enumeration_049,0.9543526946598201,512
CLIMB unsup,smiles_enumeration,B,smiles_enumeration_050,0.8951271390089925,512
CLIMB unsup,smiles_enumeration,B,smiles_enumeration_051,0.87677793665143,512
CLIMB unsup,smiles_enumeration,B,smiles_enumeration_052,0.7190989876178099,512
CLIMB unsup,smiles_enumeration,B,smiles_enumeration_053,1.0101679158956252,512
CLIMB unsup,smiles_enumeration,B,smiles_enumeration_054,1.3220731294674861,512
CLIMB unsup,smiles_enumeration,B,smiles_enumeration_055,0.810355067780815,512
CLIMB unsup,smiles_enumeration,B,smiles_enumeration_056,0.5434217476409675,512
CLIMB unsup,smiles_enumeration,B,smiles_enumeration_057,1.1547000828568714,512
CLIMB unsup,smiles_enumeration,B,smiles_enumeration_058,1.262955560865102,512
CLIMB unsup,smiles_enumeration,B,smiles_enumeration_059,0.9929721544210937,512
CLIMB unsup,smiles_enumeration,B,smiles_enumeration_060,1.068364363885049,512
CLIMB unsup,smiles_enumeration,B,smiles_enumeration_061,0.7927547592838802,512
CLIMB unsup,smiles_enumeration,B,smiles_enumeration_062,0.7898552713248539,512
CLIMB unsup,smiles_enumeration,B,smiles_enumeration_063,1.294687444432608,512
CLIMB unsup,smiles_enumeration,B,smiles_enumeration_064,0.836414264760409,512
CLIMB unsup,smiles_enumeration,B,smiles_enumeration_065,1.0855759959723534,512
CLIMB unsup,smiles_enumeration,B,smiles_enumeration_066,0.7583219938259519,512
CLIMB unsup,smiles_enumeration,B,smiles_enumeration_067,0.9797219454922522,512
CLIMB unsup,smiles_enumeration,B,smiles_enumeration_068,1.7660830605454425,512
CLIMB unsup,smiles_enumeration,B,smiles_enumeration_069,1.2040835461720238,512
CLIMB unsup,smiles_enumeration,B,smiles_enumeration_070,0.6941082116073831,512
CLIMB unsup,smiles_enumeration,B,smiles_enumeration_071,1.1701665068305158,512
CLIMB unsup,smiles_enumeration,B,smiles_enumeration_072,0.8595838606530289,512
CLIMB unsup,smiles_enumeration,B,smiles_enumeration_073,1.1655952668684677,512
CLIMB unsup,smiles_enumeration,B,smiles_enumeration_074,0.9169571186782574,512
CLIMB unsup,smiles_enumeration,B,smiles_enumeration_075,0.6815321303114037,512
CLIMB unsup,smiles_enumeration,B,smiles_enumeration_076,0.9192090027603802,512
CLIMB unsup,smiles_enumeration,B,smiles_enumeration_077,0.7607036089316161,512
CLIMB unsup,smiles_enumeration,B,smiles_enumeration_078,0.918787388802841,512
CLIMB unsup,smiles_enumeration,B,smiles_enumeration_079,0.9508316687671131,512
CLIMB unsup,smiles_enumeration,B,smiles_enumeration_080,0.9341671048315576,512
CLIMB unsup,smiles_enumeration,B,smiles_enumeration_081,0.541866983385163,512
CLIMB unsup,smiles_enumeration,B,smiles_enumeration_082,0.817013825199502,512
CLIMB unsup,smiles_enumeration,B,smiles_enumeration_083,0.6587671218966736,512
CLIMB unsup,smiles_enumeration,B,smiles_enumeration_084,0.6632541656136306,512
CLIMB unsup,smiles_enumeration,B,smiles_enumeration_085,0.7209207214657696,512
CLIMB unsup,smiles_enumeration,B,smiles_enumeration_086,1.7253183613190026,512
CLIMB unsup,smiles_enumeration,B,smiles_enumeration_087,0.8970711128800435,512
CLIMB unsup,smiles_enumeration,B,smiles_enumeration_088,0.9817075412326386,512
CLIMB unsup,smiles_enumeration,B,smiles_enumeration_089,0.7750378527446646,512
CLIMB unsup,smiles_enumeration,B,smiles_enumeration_090,0.8153330707206639,512
CLIMB unsup,smiles_enumeration,B,smiles_enumeration_091,0.6140544690486912,512
CLIMB unsup,smiles_enumeration,B,smiles_enumeration_092,0.7839616029845703,512
CLIMB unsup,smiles_enumeration,B,smiles_enumeration_093,0.9903904896159739,512
CLIMB unsup,smiles_enumeration,B,smiles_enumeration_094,0.8122190456885641,512
CLIMB unsup,smiles_enumeration,B,smiles_enumeration_095,0.9249825144810199,512
CLIMB unsup,smiles_enumeration,B,smiles_enumeration_096,0.6719011668762698,512
CLIMB unsup,smiles_enumeration,B,smiles_enumeration_097,0.9803592043830264,512
CLIMB unsup,smiles_enumeration,B,smiles_enumeration_098,0.9310888018975894,512
CLIMB unsup,smiles_enumeration,B,smiles_enumeration_099,0.6305295171475838,512
CLIMB unsup,kekule,B,kekule_000,1.1284919837735354,512
CLIMB unsup,kekule,B,kekule_001,1.6296610448308528,512
CLIMB unsup,kekule,B,kekule_002,1.3767797698365234,512
CLIMB unsup,kekule,B,kekule_003,1.1160139128952378,512
CLIMB unsup,kekule,B,kekule_004,1.431097009297158,512
CLIMB unsup,kekule,B,kekule_005,1.686594530183927,512
CLIMB unsup,kekule,B,kekule_006,1.189555867461993,512
CLIMB unsup,kekule,B,kekule_007,2.0188395626580005,512
CLIMB unsup,kekule,B,kekule_008,1.0150214958578068,512
CLIMB unsup,kekule,B,kekule_009,0.5349168737389168,512
CLIMB unsup,kekule,B,kekule_010,1.8096714285761537,512
CLIMB unsup,kekule,B,kekule_011,0.698991174500411,512
CLIMB unsup,kekule,B,kekule_012,1.8254252771803614,512
CLIMB unsup,kekule,B,kekule_013,0.7979091455979103,512
CLIMB unsup,kekule,B,kekule_014,1.852289706624781,512
CLIMB unsup,kekule,B,kekule_015,0.5999011476969268,512
CLIMB unsup,kekule,B,kekule_016,1.0333295318264157,512
CLIMB unsup,kekule,B,kekule_017,1.7076347406153285,512
CLIMB unsup,kekule,B,kekule_018,1.7358388656987085,512
CLIMB unsup,kekule,B,kekule_019,0.6044366276130162,512
CLIMB unsup,kekule,B,kekule_020,0.9873846500508525,512
CLIMB unsup,kekule,B,kekule_021,1.3139921276737436,512
CLIMB unsup,kekule,B,kekule_022,0.9333403373666139,512
CLIMB unsup,kekule,B,kekule_023,0.7690262980652067,512
CLIMB unsup,kekule,B,kekule_024,1.2879031154589764,512
CLIMB unsup,kekule,B,kekule_025,1.1638622637609806,512
CLIMB unsup,kekule,B,kekule_026,1.6436342110482685,512
CLIMB unsup,kekule,B,kekule_027,0.8045347210129937,512
CLIMB unsup,kekule,B,kekule_028,1.2683286370093296,512
CLIMB unsup,kekule,B,kekule_029,0.9266957996140363,512
CLIMB unsup,kekule,B,kekule_030,1.1598710791824587,512
CLIMB unsup,kekule,B,kekule_031,1.2329266170171662,512
CLIMB unsup,kekule,B,kekule_032,1.1975203032345263,512
CLIMB unsup,kekule,B,kekule_033,1.1802081924278043,512
CLIMB unsup,kekule,B,kekule_034,1.0538349792845956,512
CLIMB unsup,kekule,B,kekule_035,0.916106067506809,512
CLIMB unsup,kekule,B,kekule_036,1.1438515327439651,512
CLIMB unsup,kekule,B,kekule_037,1.1737496559555827,512
CLIMB unsup,kekule,B,kekule_038,1.568207804217209,512
CLIMB unsup,kekule,B,kekule_039,0.9942991458227589,512
CLIMB unsup,kekule,B,kekule_040,1.431998455463824,512
CLIMB unsup,kekule,B,kekule_041,1.8376382958027833,512
CLIMB unsup,kekule,B,kekule_042,1.4039517741067546,512
CLIMB unsup,kekule,B,kekule_043,1.1240825556445655,512
CLIMB unsup,kekule,B,kekule_044,1.5047105723179546,512
CLIMB unsup,kekule,B,kekule_045,1.2229753577310047,512
CLIMB unsup,kekule,B,kekule_046,1.06202323192191,512
CLIMB unsup,kekule,B,kekule_047,1.5620622006638714,512
CLIMB unsup,kekule,B,kekule_048,1.6248850630907354,512
CLIMB unsup,kekule,B,kekule_049,1.565522604685193,512
CLIMB unsup,kekule,B,kekule_050,1.518913964163934,512
CLIMB unsup,kekule,B,kekule_051,0.4256574532212087,512
CLIMB unsup,kekule,B,kekule_052,1.6789507236621928,512
CLIMB unsup,kekule,B,kekule_053,2.0211778449046247,512
CLIMB unsup,kekule,B,kekule_054,0.9188141401452764,512
CLIMB unsup,kekule,B,kekule_055,1.298556548673036,512
CLIMB unsup,kekule,B,kekule_056,0.606421713833623,512
CLIMB unsup,kekule,B,kekule_057,0.9360869524408865,512
CLIMB unsup,kekule,B,kekule_058,2.6756816406806627,512
CLIMB unsup,kekule,B,kekule_059,0.7722761807522445,512
CLIMB unsup,kekule,B,kekule_060,1.5985315206920396,512
CLIMB unsup,kekule,B,kekule_061,0.9008304060319542,512
CLIMB unsup,kekule,B,kekule_062,2.3495653432447874,512
CLIMB unsup,kekule,B,kekule_063,1.5266586240233566,512
CLIMB unsup,kekule,B,kekule_064,1.0281980647788218,512
CLIMB unsup,kekule,B,kekule_065,1.1345076631998448,512
CLIMB unsup,kekule,B,kekule_066,1.3654523436610164,512
CLIMB unsup,kekule,B,kekule_067,1.005439396253261,512
CLIMB unsup,kekule,B,kekule_068,1.2002678403886449,512
CLIMB unsup,kekule,B,kekule_069,1.431208288048782,512
CLIMB unsup,kekule,B,kekule_070,1.1917672832946273,512
CLIMB unsup,kekule,B,kekule_071,1.696486346889254,512
CLIMB unsup,kekule,B,kekule_072,1.8515316439721117,512
CLIMB unsup,kekule,B,kekule_073,1.2484287597285793,512
CLIMB unsup,kekule,B,kekule_074,1.5423853695636771,512
CLIMB unsup,kekule,B,kekule_075,0.551190780267383,512
CLIMB unsup,kekule,B,kekule_076,1.4655033834907556,512
CLIMB unsup,kekule,B,kekule_077,0.9874610452878143,512
CLIMB unsup,kekule,B,kekule_078,1.7251562695641611,512
CLIMB unsup,kekule,B,kekule_079,0.7838977381434039,512
CLIMB unsup,kekule,B,kekule_080,1.102334632861526,512
CLIMB unsup,kekule,B,kekule_081,1.1184423849623044,512
CLIMB unsup,kekule,B,kekule_082,1.1399901973849325,512
CLIMB unsup,kekule,B,kekule_083,1.332570708995271,512
CLIMB unsup,kekule,B,kekule_084,1.6178595832263862,512
CLIMB unsup,kekule,B,kekule_085,1.4093319358420455,512
CLIMB unsup,kekule,B,kekule_086,1.731982592726037,512
CLIMB unsup,kekule,B,kekule_087,1.4444519484868545,512
CLIMB unsup,kekule,B,kekule_088,1.3601381206532248,512
CLIMB unsup,kekule,B,kekule_089,1.2707023278205178,512
CLIMB unsup,kekule,B,kekule_090,1.1727264750947317,512
CLIMB unsup,kekule,B,kekule_091,0.8044977390120689,512
CLIMB unsup,kekule,B,kekule_092,1.9925682275195122,512
CLIMB unsup,kekule,B,kekule_093,1.1278324250405554,512
CLIMB unsup,kekule,B,kekule_094,1.3366954843452379,512
CLIMB unsup,kekule,B,kekule_095,1.211151442040873,512
CLIMB unsup,kekule,B,kekule_096,0.821784683126172,512
CLIMB unsup,kekule,B,kekule_097,1.2994715038220603,512
CLIMB unsup,kekule,B,kekule_098,0.3101432726921876,512
CLIMB unsup,kekule,B,kekule_099,1.8545985187394438,512
CLIMB unsup,symmetry_equivalent,B,symmetry_equivalent_000,0.0,512
CLIMB unsup,symmetry_equivalent,B,symmetry_equivalent_001,0.0,512
CLIMB unsup,symmetry_equivalent,B,symmetry_equivalent_002,0.0,512
CLIMB unsup,symmetry_equivalent,B,symmetry_equivalent_003,0.0,512
CLIMB unsup,symmetry_equivalent,B,symmetry_equivalent_004,0.0,512
CLIMB unsup,symmetry_equivalent,B,symmetry_equivalent_005,0.0,512
CLIMB unsup,symmetry_equivalent,B,symmetry_equivalent_006,0.0,512
CLIMB unsup,symmetry_equivalent,B,symmetry_equivalent_007,0.0,512
CLIMB unsup,symmetry_equivalent,B,symmetry_equivalent_008,0.0,512
CLIMB unsup,symmetry_equivalent,B,symmetry_equivalent_009,0.0,512
CLIMB unsup,symmetry_equivalent,B,symmetry_equivalent_010,0.0,512
CLIMB unsup,symmetry_equivalent,B,symmetry_equivalent_011,0.0,512
CLIMB unsup,symmetry_equivalent,B,symmetry_equivalent_012,0.0,512
CLIMB unsup,symmetry_equivalent,B,symmetry_equivalent_013,0.0,512
CLIMB unsup,symmetry_equivalent,B,symmetry_equivalent_014,0.0,512
CLIMB unsup,symmetry_equivalent,B,symmetry_equivalent_015,0.0,512
CLIMB unsup,symmetry_equivalent,B,symmetry_equivalent_016,0.0,512
CLIMB unsup,symmetry_equivalent,B,symmetry_equivalent_017,0.0,512
CLIMB unsup,symmetry_equivalent,B,symmetry_equivalent_018,0.0,512
CLIMB unsup,symmetry_equivalent,B,symmetry_equivalent_019,0.0,512
CLIMB unsup,symmetry_equivalent,B,symmetry_equivalent_020,0.0,512
CLIMB unsup,symmetry_equivalent,B,symmetry_equivalent_021,0.0,512
CLIMB unsup,symmetry_equivalent,B,symmetry_equivalent_022,0.0,512
CLIMB unsup,symmetry_equivalent,B,symmetry_equivalent_023,0.0,512
CLIMB unsup,symmetry_equivalent,B,symmetry_equivalent_024,0.0,512
CLIMB unsup,symmetry_equivalent,B,symmetry_equivalent_025,0.0,512
CLIMB unsup,symmetry_equivalent,B,symmetry_equivalent_026,0.0,512
CLIMB unsup,symmetry_equivalent,B,symmetry_equivalent_027,0.0,512
CLIMB unsup,symmetry_equivalent,B,symmetry_equivalent_028,0.0,512
CLIMB unsup,symmetry_equivalent,B,symmetry_equivalent_029,0.0,512
CLIMB unsup,symmetry_equivalent,B,symmetry_equivalent_030,0.0,512
CLIMB unsup,symmetry_equivalent,B,symmetry_equivalent_031,0.0,512
CLIMB unsup,symmetry_equivalent,B,symmetry_equivalent_032,0.0,512
CLIMB unsup,symmetry_equivalent,B,symmetry_equivalent_033,0.0,512
CLIMB unsup,symmetry_equivalent,B,symmetry_equivalent_034,0.0,512
CLIMB unsup,symmetry_equivalent,B,symmetry_equivalent_035,0.0,512
CLIMB unsup,symmetry_equivalent,B,symmetry_equivalent_036,0.0,512
CLIMB unsup,symmetry_equivalent,B,symmetry_equivalent_037,0.0,512
CLIMB unsup,symmetry_equivalent,B,symmetry_equivalent_038,0.0,512
CLIMB unsup,symmetry_equivalent,B,symmetry_equivalent_039,0.0,512
CLIMB unsup,symmetry_equivalent,B,symmetry_equivalent_040,0.0,512
CLIMB unsup,symmetry_equivalent,B,symmetry_equivalent_041,0.0,512
CLIMB unsup,symmetry_equivalent,B,symmetry_equivalent_042,0.0,512
CLIMB unsup,symmetry_equivalent,B,symmetry_equivalent_043,0.0,512
CLIMB unsup,symmetry_equivalent,B,symmetry_equivalent_044,0.0,512
CLIMB unsup,symmetry_equivalent,B,symmetry_equivalent_045,0.0,512
CLIMB unsup,symmetry_equivalent,B,symmetry_equivalent_046,0.0,512
CLIMB unsup,symmetry_equivalent,B,symmetry_equivalent_047,0.0,512
CLIMB unsup,symmetry_equivalent,B,symmetry_equivalent_048,0.0,512
CLIMB unsup,symmetry_equivalent,B,symmetry_equivalent_049,0.0,512
CLIMB unsup,symmetry_equivalent,B,symmetry_equivalent_050,0.0,512
CLIMB unsup,symmetry_equivalent,B,symmetry_equivalent_051,0.0,512
CLIMB unsup,symmetry_equivalent,B,symmetry_equivalent_052,0.0,512
CLIMB unsup,symmetry_equivalent,B,symmetry_equivalent_053,0.0,512
CLIMB unsup,symmetry_equivalent,B,symmetry_equivalent_054,0.0,512
CLIMB unsup,symmetry_equivalent,B,symmetry_equivalent_055,0.0,512
CLIMB unsup,symmetry_equivalent,B,symmetry_equivalent_056,0.0,512
CLIMB unsup,symmetry_equivalent,B,symmetry_equivalent_057,0.0,512
CLIMB unsup,symmetry_equivalent,B,symmetry_equivalent_058,0.0,512
CLIMB unsup,symmetry_equivalent,B,symmetry_equivalent_059,0.0,512
CLIMB unsup,symmetry_equivalent,B,symmetry_equivalent_060,0.0,512
CLIMB unsup,symmetry_equivalent,B,symmetry_equivalent_061,0.0,512
CLIMB unsup,symmetry_equivalent,B,symmetry_equivalent_062,0.0,512
CLIMB unsup,symmetry_equivalent,B,symmetry_equivalent_063,0.0,512
CLIMB unsup,symmetry_equivalent,B,symmetry_equivalent_064,0.0,512
CLIMB unsup,symmetry_equivalent,B,symmetry_equivalent_065,0.0,512
CLIMB unsup,symmetry_equivalent,B,symmetry_equivalent_066,0.0,512
CLIMB unsup,symmetry_equivalent,B,symmetry_equivalent_067,0.0,512
CLIMB unsup,symmetry_equivalent,B,symmetry_equivalent_068,0.0,512
CLIMB unsup,symmetry_equivalent,B,symmetry_equivalent_069,0.0,512
CLIMB unsup,symmetry_equivalent,B,symmetry_equivalent_070,0.0,512
CLIMB unsup,symmetry_equivalent,B,symmetry_equivalent_071,0.0,512
CLIMB unsup,symmetry_equivalent,B,symmetry_equivalent_072,0.0,512
CLIMB unsup,symmetry_equivalent,B,symmetry_equivalent_073,0.0,512
CLIMB unsup,symmetry_equivalent,B,symmetry_equivalent_074,0.0,512
CLIMB unsup,symmetry_equivalent,B,symmetry_equivalent_075,0.0,512
CLIMB unsup,symmetry_equivalent,B,symmetry_equivalent_076,0.0,512
CLIMB unsup,symmetry_equivalent,B,symmetry_equivalent_077,0.0,512
CLIMB unsup,symmetry_equivalent,B,symmetry_equivalent_078,0.0,512
CLIMB unsup,symmetry_equivalent,B,symmetry_equivalent_079,0.0,512
CLIMB unsup,symmetry_equivalent,B,symmetry_equivalent_080,0.0,512
CLIMB unsup,symmetry_equivalent,B,symmetry_equivalent_081,0.0,512
CLIMB unsup,symmetry_equivalent,B,symmetry_equivalent_082,0.0,512
CLIMB unsup,symmetry_equivalent,B,symmetry_equivalent_083,0.0,512
CLIMB unsup,symmetry_equivalent,B,symmetry_equivalent_084,0.0,512
CLIMB unsup,symmetry_equivalent,B,symmetry_equivalent_085,0.0,512
CLIMB unsup,symmetry_equivalent,B,symmetry_equivalent_086,0.0,512
CLIMB unsup,symmetry_equivalent,B,symmetry_equivalent_087,0.0,512
CLIMB unsup,symmetry_equivalent,B,symmetry_equivalent_088,0.0,512
CLIMB unsup,symmetry_equivalent,B,symmetry_equivalent_089,0.0,512
CLIMB unsup,symmetry_equivalent,B,symmetry_equivalent_090,0.0,512
CLIMB unsup,symmetry_equivalent,B,symmetry_equivalent_091,0.0,512
CLIMB unsup,symmetry_equivalent,B,symmetry_equivalent_092,0.0,512
CLIMB unsup,symmetry_equivalent,B,symmetry_equivalent_093,0.0,512
CLIMB unsup,symmetry_equivalent,B,symmetry_equivalent_094,0.0,512
CLIMB unsup,symmetry_equivalent,B,symmetry_equivalent_095,0.0,512
CLIMB unsup,symmetry_equivalent,B,symmetry_equivalent_096,0.0,512
CLIMB unsup,symmetry_equivalent,B,symmetry_equivalent_097,0.0,512
CLIMB unsup,symmetry_equivalent,B,symmetry_equivalent_098,0.0,512
CLIMB unsup,symmetry_equivalent,B,symmetry_equivalent_099,0.0,512
CheMeleon,stereo_flip,A,stereo_flip_000,0.022195289034031448,1941
CheMeleon,stereo_flip,A,stereo_flip_001,0.010371534735622353,1941
CheMeleon,stereo_flip,A,stereo_flip_002,0.012977280441915293,1941
CheMeleon,stereo_flip,A,stereo_flip_003,0.011325163318983603,1941
CheMeleon,stereo_flip,A,stereo_flip_004,0.013375276608510438,1941
CheMeleon,stereo_flip,A,stereo_flip_005,0.016021547713732428,1941
CheMeleon,stereo_flip,A,stereo_flip_006,0.01650070947052021,1941
CheMeleon,stereo_flip,A,stereo_flip_007,0.021829205105696713,1941
CheMeleon,stereo_flip,A,stereo_flip_008,0.012678070982050338,1941
CheMeleon,stereo_flip,A,stereo_flip_009,0.029731016143191562,1941
CheMeleon,stereo_flip,A,stereo_flip_010,0.014221643662085412,1941
CheMeleon,stereo_flip,A,stereo_flip_011,0.10527446101752465,1941
CheMeleon,stereo_flip,A,stereo_flip_012,0.015157548329513408,1941
CheMeleon,stereo_flip,A,stereo_flip_013,0.008421467980503805,1941
CheMeleon,stereo_flip,A,stereo_flip_014,0.01968183054705327,1941
CheMeleon,stereo_flip,A,stereo_flip_015,0.04903114010764814,1941
CheMeleon,stereo_flip,A,stereo_flip_016,0.00714226046299493,1941
CheMeleon,stereo_flip,A,stereo_flip_017,0.015233159736463421,1941
CheMeleon,stereo_flip,A,stereo_flip_018,0.03174766018698073,1941
CheMeleon,stereo_flip,A,stereo_flip_019,0.005890336411249237,1941
CheMeleon,stereo_flip,A,stereo_flip_020,0.004887650090424559,1941
CheMeleon,stereo_flip,A,stereo_flip_021,0.016819636969175853,1941
CheMeleon,stereo_flip,A,stereo_flip_022,0.013269561622217959,1941
CheMeleon,stereo_flip,A,stereo_flip_023,0.007819209524463622,1941
CheMeleon,stereo_flip,A,stereo_flip_024,0.025968972149615722,1941
CheMeleon,stereo_flip,A,stereo_flip_025,0.012924911616585115,1941
CheMeleon,stereo_flip,A,stereo_flip_026,0.0105873841478032,1941
CheMeleon,stereo_flip,A,stereo_flip_027,0.018238189498139802,1941
CheMeleon,stereo_flip,A,stereo_flip_028,0.020922708446798475,1941
CheMeleon,stereo_flip,A,stereo_flip_029,0.007052367720858478,1941
CheMeleon,stereo_flip,A,stereo_flip_030,0.02461579181372578,1941
CheMeleon,stereo_flip,A,stereo_flip_031,0.056837742135262166,1941
CheMeleon,stereo_flip,A,stereo_flip_032,0.016701307318408246,1941
CheMeleon,stereo_flip,A,stereo_flip_033,0.014290815076218231,1941
CheMeleon,stereo_flip,A,stereo_flip_034,0.008592226996336185,1941
CheMeleon,stereo_flip,A,stereo_flip_035,0.0049397176185713996,1941
CheMeleon,stereo_flip,A,stereo_flip_036,0.007626470536987875,1941
CheMeleon,stereo_flip,A,stereo_flip_037,0.011811577352371552,1941
CheMeleon,stereo_flip,A,stereo_flip_038,0.020983963942606258,1941
CheMeleon,stereo_flip,A,stereo_flip_039,0.007291250335365933,1941
CheMeleon,stereo_flip,A,stereo_flip_040,0.022888996221331927,1941
CheMeleon,stereo_flip,A,stereo_flip_041,0.00916616084087456,1941
CheMeleon,stereo_flip,A,stereo_flip_042,0.04364876326916976,1941
CheMeleon,stereo_flip,A,stereo_flip_043,0.01701509760594109,1941
CheMeleon,stereo_flip,A,stereo_flip_044,0.014643265685204552,1941
CheMeleon,stereo_flip,A,stereo_flip_045,0.013215357399984778,1941
CheMeleon,stereo_flip,A,stereo_flip_046,0.011748108361932538,1941
CheMeleon,stereo_flip,A,stereo_flip_047,0.014327539521272704,1941
CheMeleon,stereo_flip,A,stereo_flip_048,0.010874462605526809,1941
CheMeleon,stereo_flip,A,stereo_flip_049,0.01815874631880382,1941
CheMeleon,stereo_flip,A,stereo_flip_050,0.009454351401804749,1941
CheMeleon,stereo_flip,A,stereo_flip_051,0.012281722730237978,1941
CheMeleon,stereo_flip,A,stereo_flip_052,0.03328095219991495,1941
CheMeleon,stereo_flip,A,stereo_flip_053,0.015565780904771563,1941
CheMeleon,stereo_flip,A,stereo_flip_054,0.009373963145690294,1941
CheMeleon,stereo_flip,A,stereo_flip_055,0.019781138121757955,1941
CheMeleon,stereo_flip,A,stereo_flip_056,0.017283079628621058,1941
CheMeleon,stereo_flip,A,stereo_flip_057,0.010504460037202377,1941
CheMeleon,stereo_flip,A,stereo_flip_058,0.039766706404472926,1941
CheMeleon,stereo_flip,A,stereo_flip_059,0.005604279851748577,1941
CheMeleon,stereo_flip,A,stereo_flip_060,0.015238164391727496,1941
CheMeleon,stereo_flip,A,stereo_flip_061,0.006448042792938794,1941
CheMeleon,stereo_flip,A,stereo_flip_062,0.026984497966193725,1941
CheMeleon,stereo_flip,A,stereo_flip_063,0.035783939921296616,1941
CheMeleon,stereo_flip,A,stereo_flip_064,0.014320033278365962,1941
CheMeleon,stereo_flip,A,stereo_flip_065,0.03584728283289569,1941
CheMeleon,stereo_flip,A,stereo_flip_066,0.016647309736602018,1941
CheMeleon,stereo_flip,A,stereo_flip_067,0.012689557429407977,1941
CheMeleon,stereo_flip,A,stereo_flip_068,0.013217164322181632,1941
CheMeleon,stereo_flip,A,stereo_flip_069,0.02003958785946052,1941
CheMeleon,stereo_flip,A,stereo_flip_070,0.012621258416909906,1941
CheMeleon,stereo_flip,A,stereo_flip_071,0.01451856500511263,1941
CheMeleon,stereo_flip,A,stereo_flip_072,0.00793910262536076,1941
CheMeleon,stereo_flip,A,stereo_flip_073,0.00997368901224711,1941
CheMeleon,stereo_flip,A,stereo_flip_074,0.004818184523992161,1941
CheMeleon,stereo_flip,A,stereo_flip_075,0.01468044223128375,1941
CheMeleon,stereo_flip,A,stereo_flip_076,0.017689239207825665,1941
CheMeleon,stereo_flip,A,stereo_flip_077,0.028114396031394522,1941
CheMeleon,stereo_flip,A,stereo_flip_078,0.010414198365916774,1941
CheMeleon,stereo_flip,A,stereo_flip_079,0.008340613199792703,1941
CheMeleon,stereo_flip,A,stereo_flip_080,0.010530120692111854,1941
CheMeleon,stereo_flip,A,stereo_flip_081,0.008010128755881248,1941
CheMeleon,stereo_flip,A,stereo_flip_082,0.010500054713877731,1941
CheMeleon,stereo_flip,A,stereo_flip_083,0.010827412969631132,1941
CheMeleon,stereo_flip,A,stereo_flip_084,0.04300292434559196,1941
CheMeleon,stereo_flip,A,stereo_flip_085,0.007982825740302962,1941
CheMeleon,stereo_flip,A,stereo_flip_086,0.012083669446592716,1941
CheMeleon,stereo_flip,A,stereo_flip_087,0.015835474264621695,1941
CheMeleon,stereo_flip,A,stereo_flip_088,0.007689418892086609,1941
CheMeleon,stereo_flip,A,stereo_flip_089,0.009182012958677599,1941
CheMeleon,stereo_flip,A,stereo_flip_090,0.004507435233295102,1941
CheMeleon,stereo_flip,A,stereo_flip_091,0.027563852523396725,1941
CheMeleon,stereo_flip,A,stereo_flip_092,0.049412651838787965,1941
CheMeleon,stereo_flip,A,stereo_flip_093,0.017235427352767112,1941
CheMeleon,stereo_flip,A,stereo_flip_094,0.013827992340804578,1941
CheMeleon,stereo_flip,A,stereo_flip_095,0.022306470252193948,1941
CheMeleon,stereo_flip,A,stereo_flip_096,0.01305113376030123,1941
CheMeleon,stereo_flip,A,stereo_flip_097,0.040454596171870603,1941
CheMeleon,stereo_flip,A,stereo_flip_098,0.00923791700196375,1941
CheMeleon,stereo_flip,A,stereo_flip_099,0.021402654158023667,1941
CheMeleon,ez_flip,A,ez_flip_000,0.11604704530788859,1941
CheMeleon,ez_flip,A,ez_flip_001,0.04732574029741418,1941
CheMeleon,ez_flip,A,ez_flip_002,0.033442153615066236,1941
CheMeleon,ez_flip,A,ez_flip_003,0.14326925458835704,1941
CheMeleon,ez_flip,A,ez_flip_004,0.05581945548837576,1941
CheMeleon,ez_flip,A,ez_flip_005,0.026255305953834924,1941
CheMeleon,ez_flip,A,ez_flip_006,0.01756133246262618,1941
CheMeleon,ez_flip,A,ez_flip_007,0.06305061446158686,1941
CheMeleon,ez_flip,A,ez_flip_008,0.04885106777762701,1941
CheMeleon,ez_flip,A,ez_flip_009,0.07803542592020077,1941
CheMeleon,ez_flip,A,ez_flip_010,0.022916867081101296,1941
CheMeleon,ez_flip,A,ez_flip_011,0.01689792913472405,1941
CheMeleon,ez_flip,A,ez_flip_012,0.01968681118565225,1941
CheMeleon,ez_flip,A,ez_flip_013,0.03143812696485475,1941
CheMeleon,ez_flip,A,ez_flip_014,0.01855949027960385,1941
CheMeleon,ez_flip,A,ez_flip_015,0.036212391632705794,1941
CheMeleon,ez_flip,A,ez_flip_016,0.010379205913730313,1941
CheMeleon,ez_flip,A,ez_flip_017,0.04614076049383597,1941
CheMeleon,ez_flip,A,ez_flip_018,0.02123862843158921,1941
CheMeleon,ez_flip,A,ez_flip_019,0.029395750175070352,1941
CheMeleon,ez_flip,A,ez_flip_020,0.08743192576898089,1941
CheMeleon,ez_flip,A,ez_flip_021,0.10236226407105099,1941
CheMeleon,ez_flip,A,ez_flip_022,0.03960925503192297,1941
CheMeleon,ez_flip,A,ez_flip_023,0.08872187837177406,1941
CheMeleon,ez_flip,A,ez_flip_024,0.05655507355798683,1941
CheMeleon,ez_flip,A,ez_flip_025,0.013288103762510571,1941
CheMeleon,ez_flip,A,ez_flip_026,0.01357853566000043,1941
CheMeleon,ez_flip,A,ez_flip_027,0.06289237828068776,1941
CheMeleon,ez_flip,A,ez_flip_028,0.04022021835278936,1941
CheMeleon,ez_flip,A,ez_flip_029,0.10112212523075685,1941
CheMeleon,ez_flip,A,ez_flip_030,0.03278070657702563,1941
CheMeleon,ez_flip,A,ez_flip_031,0.07243736224331253,1941
CheMeleon,ez_flip,A,ez_flip_032,0.4533118855993483,1941
CheMeleon,ez_flip,A,ez_flip_033,0.03288520165232952,1941
CheMeleon,ez_flip,A,ez_flip_034,0.02896275957987368,1941
CheMeleon,ez_flip,A,ez_flip_035,0.07468931149325271,1941
CheMeleon,ez_flip,A,ez_flip_036,0.06731867654046816,1941
CheMeleon,ez_flip,A,ez_flip_037,0.04501420774147604,1941
CheMeleon,ez_flip,A,ez_flip_038,1.1397981516324505,1941
CheMeleon,ez_flip,A,ez_flip_039,0.0853024450226845,1941
CheMeleon,ez_flip,A,ez_flip_040,0.028819104312266943,1941
CheMeleon,ez_flip,A,ez_flip_041,0.020088648662432686,1941
CheMeleon,ez_flip,A,ez_flip_042,0.025179390752021864,1941
CheMeleon,ez_flip,A,ez_flip_043,0.17952427302860338,1941
CheMeleon,ez_flip,A,ez_flip_044,0.050869585534613286,1941
CheMeleon,ez_flip,A,ez_flip_045,0.1540390567290365,1941
CheMeleon,ez_flip,A,ez_flip_046,0.028149562258117246,1941
CheMeleon,ez_flip,A,ez_flip_047,0.07842970384289828,1941
CheMeleon,ez_flip,A,ez_flip_048,0.018053783208976198,1941
CheMeleon,ez_flip,A,ez_flip_049,0.0736787545192508,1941
CheMeleon,ez_flip,A,ez_flip_050,0.1363423856639365,1941
CheMeleon,ez_flip,A,ez_flip_051,0.03983873435502595,1941
CheMeleon,ez_flip,A,ez_flip_052,0.022164919967917408,1941
CheMeleon,ez_flip,A,ez_flip_053,0.10152720048587789,1941
CheMeleon,ez_flip,A,ez_flip_054,0.08350455854887773,1941
CheMeleon,ez_flip,A,ez_flip_055,0.02784957516053443,1941
CheMeleon,ez_flip,A,ez_flip_056,0.11207901683845396,1941
CheMeleon,ez_flip,A,ez_flip_057,0.013930912009576584,1941
CheMeleon,ez_flip,A,ez_flip_058,0.05646295654182287,1941
CheMeleon,ez_flip,A,ez_flip_059,0.09376540579292092,1941
CheMeleon,ez_flip,A,ez_flip_060,0.03001256985432177,1941
CheMeleon,ez_flip,A,ez_flip_061,0.14217178305632344,1941
CheMeleon,ez_flip,A,ez_flip_062,0.03078644328095677,1941
CheMeleon,ez_flip,A,ez_flip_063,0.36571483689462864,1941
CheMeleon,ez_flip,A,ez_flip_064,0.12149048877642701,1941
CheMeleon,ez_flip,A,ez_flip_065,0.02868300829519862,1941
CheMeleon,ez_flip,A,ez_flip_066,0.04050105290845338,1941
CheMeleon,ez_flip,A,ez_flip_067,0.03576659383484699,1941
CheMeleon,ez_flip,A,ez_flip_068,0.08890613157684833,1941
CheMeleon,ez_flip,A,ez_flip_069,0.05914011034623115,1941
CheMeleon,ez_flip,A,ez_flip_070,0.05804873516569495,1941
CheMeleon,ez_flip,A,ez_flip_071,0.035486933918606724,1941
CheMeleon,ez_flip,A,ez_flip_072,0.018835063313292346,1941
CheMeleon,ez_flip,A,ez_flip_073,0.06723117948880616,1941
CheMeleon,ez_flip,A,ez_flip_074,0.11211486105705434,1941
CheMeleon,ez_flip,A,ez_flip_075,0.18970713997094663,1941
CheMeleon,ez_flip,A,ez_flip_076,0.018830132525877483,1941
CheMeleon,ez_flip,A,ez_flip_077,0.050770926909774194,1941
CheMeleon,ez_flip,A,ez_flip_078,0.0324257481074152,1941
CheMeleon,ez_flip,A,ez_flip_079,0.049197683848711975,1941
CheMeleon,ez_flip,A,ez_flip_080,0.08577439389467803,1941
CheMeleon,ez_flip,A,ez_flip_081,0.03011644498553238,1941
CheMeleon,ez_flip,A,ez_flip_082,0.019418577176955405,1941
CheMeleon,ez_flip,A,ez_flip_083,0.05110105055701249,1941
CheMeleon,ez_flip,A,ez_flip_084,0.03341758891473818,1941
CheMeleon,ez_flip,A,ez_flip_085,0.1308061358275193,1941
CheMeleon,ez_flip,A,ez_flip_086,0.07368849824402982,1941
CheMeleon,ez_flip,A,ez_flip_087,0.06415974158800991,1941
CheMeleon,ez_flip,A,ez_flip_088,0.01381130130746191,1941
CheMeleon,ez_flip,A,ez_flip_089,0.12221439257002721,1941
CheMeleon,ez_flip,A,ez_flip_090,0.07625019007988634,1941
CheMeleon,ez_flip,A,ez_flip_091,0.041374029198987104,1941
CheMeleon,ez_flip,A,ez_flip_092,0.015552429642929902,1941
CheMeleon,ez_flip,A,ez_flip_093,0.01467532886115132,1941
CheMeleon,ez_flip,A,ez_flip_094,0.08449770603725994,1941
CheMeleon,ez_flip,A,ez_flip_095,0.21970576065378777,1941
CheMeleon,ez_flip,A,ez_flip_096,0.0223449061348604,1941
CheMeleon,ez_flip,A,ez_flip_097,0.032930323405831116,1941
CheMeleon,ez_flip,A,ez_flip_098,0.11894191172108114,1941
CheMeleon,ez_flip,A,ez_flip_099,0.06052723855032199,1941
CheMeleon,c_to_n,A,c_to_n_000,0.24510541337807612,1941
CheMeleon,c_to_n,A,c_to_n_001,0.3195284635796556,1941
CheMeleon,c_to_n,A,c_to_n_002,0.21617873515615338,1941
CheMeleon,c_to_n,A,c_to_n_003,0.1960800243739668,1941
CheMeleon,c_to_n,A,c_to_n_004,0.23352084365606574,1941
CheMeleon,c_to_n,A,c_to_n_005,0.2246168061957072,1941
CheMeleon,c_to_n,A,c_to_n_006,0.25030365083338857,1941
CheMeleon,c_to_n,A,c_to_n_007,0.21140060003017655,1941
CheMeleon,c_to_n,A,c_to_n_008,0.3710855085572307,1941
CheMeleon,c_to_n,A,c_to_n_009,0.20928091647035418,1941
CheMeleon,c_to_n,A,c_to_n_010,0.19615344166588647,1941
CheMeleon,c_to_n,A,c_to_n_011,0.3769426716495747,1941
CheMeleon,c_to_n,A,c_to_n_012,0.24260573631489257,1941
CheMeleon,c_to_n,A,c_to_n_013,0.17000320450734566,1941
CheMeleon,c_to_n,A,c_to_n_014,0.2131370612438711,1941
CheMeleon,c_to_n,A,c_to_n_015,0.3663310854895779,1941
CheMeleon,c_to_n,A,c_to_n_016,0.24669301904428562,1941
CheMeleon,c_to_n,A,c_to_n_017,0.32841052291779405,1941
CheMeleon,c_to_n,A,c_to_n_018,0.18340135156848,1941
CheMeleon,c_to_n,A,c_to_n_019,0.9574777079390511,1941
CheMeleon,c_to_n,A,c_to_n_020,0.24387537007013513,1941
CheMeleon,c_to_n,A,c_to_n_021,0.1978477219021311,1941
CheMeleon,c_to_n,A,c_to_n_022,0.26329214205367957,1941
CheMeleon,c_to_n,A,c_to_n_023,0.39042521031248806,1941
CheMeleon,c_to_n,A,c_to_n_024,0.3486146271457083,1941
CheMeleon,c_to_n,A,c_to_n_025,0.1094252761637502,1941
CheMeleon,c_to_n,A,c_to_n_026,0.33192400175044806,1941
CheMeleon,c_to_n,A,c_to_n_027,0.20815972972892738,1941
CheMeleon,c_to_n,A,c_to_n_028,0.21432936173979808,1941
CheMeleon,c_to_n,A,c_to_n_029,0.1245270077532491,1941
CheMeleon,c_to_n,A,c_to_n_030,0.37482958524518917,1941
CheMeleon,c_to_n,A,c_to_n_031,0.36738157203865596,1941
CheMeleon,c_to_n,A,c_to_n_032,0.3628665685808005,1941
CheMeleon,c_to_n,A,c_to_n_033,0.566747837792269,1941
CheMeleon,c_to_n,A,c_to_n_034,0.40576677011287876,1941
CheMeleon,c_to_n,A,c_to_n_035,0.2823818483323174,1941
CheMeleon,c_to_n,A,c_to_n_036,0.1949639668587849,1941
CheMeleon,c_to_n,A,c_to_n_037,0.17400060424888614,1941
CheMeleon,c_to_n,A,c_to_n_038,0.23967607825224774,1941
CheMeleon,c_to_n,A,c_to_n_039,0.2786503286115958,1941
CheMeleon,c_to_n,A,c_to_n_040,2.4760347198684154,1941
CheMeleon,c_to_n,A,c_to_n_041,0.14796449206595577,1941
CheMeleon,c_to_n,A,c_to_n_042,0.2837497933323228,1941
CheMeleon,c_to_n,A,c_to_n_043,0.25693433192394455,1941
CheMeleon,c_to_n,A,c_to_n_044,0.35967460512152866,1941
CheMeleon,c_to_n,A,c_to_n_045,0.2905701988739236,1941
CheMeleon,c_to_n,A,c_to_n_046,0.23839688199697348,1941
CheMeleon,c_to_n,A,c_to_n_047,0.22095094204256693,1941
CheMeleon,c_to_n,A,c_to_n_048,0.23696813049172832,1941
CheMeleon,c_to_n,A,c_to_n_049,0.2673055323641605,1941
CheMeleon,c_to_n,A,c_to_n_050,0.2540152329870193,1941
CheMeleon,c_to_n,A,c_to_n_051,0.41815511436702507,1941
CheMeleon,c_to_n,A,c_to_n_052,0.27726293803755914,1941
CheMeleon,c_to_n,A,c_to_n_053,0.2945469453207955,1941
CheMeleon,c_to_n,A,c_to_n_054,0.18492247524738611,1941
CheMeleon,c_to_n,A,c_to_n_055,0.6743180275334552,1941
CheMeleon,c_to_n,A,c_to_n_056,0.2912791559391268,1941
CheMeleon,c_to_n,A,c_to_n_057,0.24088918010594815,1941
CheMeleon,c_to_n,A,c_to_n_058,0.16369563712869095,1941
CheMeleon,c_to_n,A,c_to_n_059,0.2493711944615534,1941
CheMeleon,c_to_n,A,c_to_n_060,0.47040733155318515,1941
CheMeleon,c_to_n,A,c_to_n_061,0.38433208666428054,1941
CheMeleon,c_to_n,A,c_to_n_062,0.3138731575407489,1941
CheMeleon,c_to_n,A,c_to_n_063,0.2339671276136311,1941
CheMeleon,c_to_n,A,c_to_n_064,0.2019976874986034,1941
CheMeleon,c_to_n,A,c_to_n_065,0.288244059671833,1941
CheMeleon,c_to_n,A,c_to_n_066,0.28057090702842025,1941
CheMeleon,c_to_n,A,c_to_n_067,0.22304174391497764,1941
CheMeleon,c_to_n,A,c_to_n_068,0.26893419369237376,1941
CheMeleon,c_to_n,A,c_to_n_069,0.16724288020428602,1941
CheMeleon,c_to_n,A,c_to_n_070,0.1992059322035975,1941
CheMeleon,c_to_n,A,c_to_n_071,0.2864468372077473,1941
CheMeleon,c_to_n,A,c_to_n_072,0.16322189017269018,1941
CheMeleon,c_to_n,A,c_to_n_073,0.25352569831904204,1941
CheMeleon,c_to_n,A,c_to_n_074,0.2692639590426786,1941
CheMeleon,c_to_n,A,c_to_n_075,0.24761153739346453,1941
CheMeleon,c_to_n,A,c_to_n_076,0.29251940508001295,1941
CheMeleon,c_to_n,A,c_to_n_077,0.25353296219017224,1941
CheMeleon,c_to_n,A,c_to_n_078,0.3923436420857291,1941
CheMeleon,c_to_n,A,c_to_n_079,0.1814284459034743,1941
CheMeleon,c_to_n,A,c_to_n_080,0.36244656456878854,1941
CheMeleon,c_to_n,A,c_to_n_081,0.3691674906187124,1941
CheMeleon,c_to_n,A,c_to_n_082,0.18329475823926666,1941
CheMeleon,c_to_n,A,c_to_n_083,1.5276423427434849,1941
CheMeleon,c_to_n,A,c_to_n_084,0.3617122700766523,1941
CheMeleon,c_to_n,A,c_to_n_085,0.1846427803846562,1941
CheMeleon,c_to_n,A,c_to_n_086,0.3101255823149201,1941
CheMeleon,c_to_n,A,c_to_n_087,0.5550339505283574,1941
CheMeleon,c_to_n,A,c_to_n_088,0.2508668661360321,1941
CheMeleon,c_to_n,A,c_to_n_089,0.27515200364734194,1941
CheMeleon,c_to_n,A,c_to_n_090,0.15794708508482574,1941
CheMeleon,c_to_n,A,c_to_n_091,3.4483585938819887,1941
CheMeleon,c_to_n,A,c_to_n_092,0.282100079601596,1941
CheMeleon,c_to_n,A,c_to_n_093,0.41041827577118567,1941
CheMeleon,c_to_n,A,c_to_n_094,0.20262369186991802,1941
CheMeleon,c_to_n,A,c_to_n_095,0.1741943370720887,1941
CheMeleon,c_to_n,A,c_to_n_096,0.418453804588275,1941
CheMeleon,c_to_n,A,c_to_n_097,0.2998426365256111,1941
CheMeleon,c_to_n,A,c_to_n_098,0.5559885114141484,1941
CheMeleon,c_to_n,A,c_to_n_099,0.5454930245533486,1941
CheMeleon,add_methyl,A,add_methyl_000,0.21391565001724322,1941
CheMeleon,add_methyl,A,add_methyl_001,0.33928536518067126,1941
CheMeleon,add_methyl,A,add_methyl_002,0.21108131246150225,1941
CheMeleon,add_methyl,A,add_methyl_003,0.30060587811933154,1941
CheMeleon,add_methyl,A,add_methyl_004,0.22286655507572284,1941
CheMeleon,add_methyl,A,add_methyl_005,0.21397104623284738,1941
CheMeleon,add_methyl,A,add_methyl_006,0.23034407233704704,1941
CheMeleon,add_methyl,A,add_methyl_007,0.23715587086671353,1941
CheMeleon,add_methyl,A,add_methyl_008,0.36650243600745336,1941
CheMeleon,add_methyl,A,add_methyl_009,0.19630211128218802,1941
CheMeleon,add_methyl,A,add_methyl_010,0.22716032403407893,1941
CheMeleon,add_methyl,A,add_methyl_011,0.3924668338316287,1941
CheMeleon,add_methyl,A,add_methyl_012,0.2118057838551035,1941
CheMeleon,add_methyl,A,add_methyl_013,0.1778295432719292,1941
CheMeleon,add_methyl,A,add_methyl_014,0.2550538127515663,1941
CheMeleon,add_methyl,A,add_methyl_015,0.3075293374179557,1941
CheMeleon,add_methyl,A,add_methyl_016,0.23113014523267406,1941
CheMeleon,add_methyl,A,add_methyl_017,0.3022503616620476,1941
CheMeleon,add_methyl,A,add_methyl_018,0.21386322546320594,1941
CheMeleon,add_methyl,A,add_methyl_019,0.3959096333519499,1941
CheMeleon,add_methyl,A,add_methyl_020,0.232376952463743,1941
CheMeleon,add_methyl,A,add_methyl_021,0.22389200866054032,1941
CheMeleon,add_methyl,A,add_methyl_022,0.19230108225276635,1941
CheMeleon,add_methyl,A,add_methyl_023,0.47913765851757106,1941
CheMeleon,add_methyl,A,add_methyl_024,0.3940899238637495,1941
CheMeleon,add_methyl,A,add_methyl_025,0.17890323412826423,1941
CheMeleon,add_methyl,A,add_methyl_026,0.3284293687964947,1941
CheMeleon,add_methyl,A,add_methyl_027,0.22835345721418887,1941
CheMeleon,add_methyl,A,add_methyl_028,0.1585609631397704,1941
CheMeleon,add_methyl,A,add_methyl_029,0.14307100519933205,1941
CheMeleon,add_methyl,A,add_methyl_030,0.2836511739203582,1941
CheMeleon,add_methyl,A,add_methyl_031,0.3496831986468511,1941
CheMeleon,add_methyl,A,add_methyl_032,0.3622805938730866,1941
CheMeleon,add_methyl,A,add_methyl_033,0.42460337542751336,1941
CheMeleon,add_methyl,A,add_methyl_034,0.3873385302830814,1941
CheMeleon,add_methyl,A,add_methyl_035,0.27481186213887465,1941
CheMeleon,add_methyl,A,add_methyl_036,0.2235422491141874,1941
CheMeleon,add_methyl,A,add_methyl_037,0.21444154939578297,1941
CheMeleon,add_methyl,A,add_methyl_038,0.17468059147005455,1941
CheMeleon,add_methyl,A,add_methyl_039,0.2525789074088923,1941
CheMeleon,add_methyl,A,add_methyl_040,1.8501885382962304,1941
CheMeleon,add_methyl,A,add_methyl_041,0.16492977254044497,1941
CheMeleon,add_methyl,A,add_methyl_042,0.27267550745342917,1941
CheMeleon,add_methyl,A,add_methyl_043,0.25379273642148836,1941
CheMeleon,add_methyl,A,add_methyl_044,0.28575147162813797,1941
CheMeleon,add_methyl,A,add_methyl_045,0.24099551911034828,1941
CheMeleon,add_methyl,A,add_methyl_046,0.24434199005120144,1941
CheMeleon,add_methyl,A,add_methyl_047,0.2208985011080375,1941
CheMeleon,add_methyl,A,add_methyl_048,0.3153947177411625,1941
CheMeleon,add_methyl,A,add_methyl_049,0.27941139163173323,1941
CheMeleon,add_methyl,A,add_methyl_050,0.2186653321878927,1941
CheMeleon,add_methyl,A,add_methyl_051,0.3146132284334906,1941
CheMeleon,add_methyl,A,add_methyl_052,0.2820093620826667,1941
CheMeleon,add_methyl,A,add_methyl_053,0.9968410271163823,1941
CheMeleon,add_methyl,A,add_methyl_054,0.23440717822342616,1941
CheMeleon,add_methyl,A,add_methyl_055,0.7039377270076757,1941
CheMeleon,add_methyl,A,add_methyl_056,0.266242321488734,1941
CheMeleon,add_methyl,A,add_methyl_057,0.28719883420642783,1941
CheMeleon,add_methyl,A,add_methyl_058,0.22407329040040788,1941
CheMeleon,add_methyl,A,add_methyl_059,0.3598107537832794,1941
CheMeleon,add_methyl,A,add_methyl_060,0.38242232546261107,1941
CheMeleon,add_methyl,A,add_methyl_061,0.4131735601434331,1941
CheMeleon,add_methyl,A,add_methyl_062,0.33307765827489,1941
CheMeleon,add_methyl,A,add_methyl_063,0.2543882998182216,1941
CheMeleon,add_methyl,A,add_methyl_064,0.23100732179477748,1941
CheMeleon,add_methyl,A,add_methyl_065,0.2995485804575605,1941
CheMeleon,add_methyl,A,add_methyl_066,0.2843612347771547,1941
CheMeleon,add_methyl,A,add_methyl_067,0.22391879709549076,1941
CheMeleon,add_methyl,A,add_methyl_068,0.20353911150917187,1941
CheMeleon,add_methyl,A,add_methyl_069,0.17778204295699965,1941
CheMeleon,add_methyl,A,add_methyl_070,0.20932271431265478,1941
CheMeleon,add_methyl,A,add_methyl_071,0.27707695611462496,1941
CheMeleon,add_methyl,A,add_methyl_072,0.13946798442052977,1941
CheMeleon,add_methyl,A,add_methyl_073,0.23780279875010435,1941
CheMeleon,add_methyl,A,add_methyl_074,0.28847979967156767,1941
CheMeleon,add_methyl,A,add_methyl_075,0.2608747117622417,1941
CheMeleon,add_methyl,A,add_methyl_076,0.3227393021246341,1941
CheMeleon,add_methyl,A,add_methyl_077,0.24087645989315434,1941
CheMeleon,add_methyl,A,add_methyl_078,0.4931836257290777,1941
CheMeleon,add_methyl,A,add_methyl_079,0.19235376500797052,1941
CheMeleon,add_methyl,A,add_methyl_080,0.3024065210547014,1941
CheMeleon,add_methyl,A,add_methyl_081,0.2538597932274066,1941
CheMeleon,add_methyl,A,add_methyl_082,0.16998107193871043,1941
CheMeleon,add_methyl,A,add_methyl_083,0.8916381951784791,1941
CheMeleon,add_methyl,A,add_methyl_084,0.31073458543963606,1941
CheMeleon,add_methyl,A,add_methyl_085,0.19945438357921452,1941
CheMeleon,add_methyl,A,add_methyl_086,0.298632657863765,1941
CheMeleon,add_methyl,A,add_methyl_087,0.7231818085850455,1941
CheMeleon,add_methyl,A,add_methyl_088,0.33541427365561377,1941
CheMeleon,add_methyl,A,add_methyl_089,0.29640928669478234,1941
CheMeleon,add_methyl,A,add_methyl_090,0.1525480731475498,1941
CheMeleon,add_methyl,A,add_methyl_091,1.5877946278299928,1941
CheMeleon,add_methyl,A,add_methyl_092,0.28702779861375394,1941
CheMeleon,add_methyl,A,add_methyl_093,0.42422384353916653,1941
CheMeleon,add_methyl,A,add_methyl_094,0.19610661062249063,1941
CheMeleon,add_methyl,A,add_methyl_095,0.17258127337556212,1941
CheMeleon,add_methyl,A,add_methyl_096,0.4672437561456705,1941
CheMeleon,add_methyl,A,add_methyl_097,0.3375921363250784,1941
CheMeleon,add_methyl,A,add_methyl_098,0.6725015492526389,1941
CheMeleon,add_methyl,A,add_methyl_099,0.5088967710110438,1941
CheMeleon,add_fluorine,A,add_fluorine_000,0.36391793617877033,1941
CheMeleon,add_fluorine,A,add_fluorine_001,0.44158395180345594,1941
CheMeleon,add_fluorine,A,add_fluorine_002,0.3516319173793055,1941
CheMeleon,add_fluorine,A,add_fluorine_003,0.3372646214931599,1941
CheMeleon,add_fluorine,A,add_fluorine_004,0.3531245922024601,1941
CheMeleon,add_fluorine,A,add_fluorine_005,0.29748129659926537,1941
CheMeleon,add_fluorine,A,add_fluorine_006,0.39651565018935175,1941
CheMeleon,add_fluorine,A,add_fluorine_007,0.38307031301257183,1941
CheMeleon,add_fluorine,A,add_fluorine_008,0.49575480181745113,1941
CheMeleon,add_fluorine,A,add_fluorine_009,0.2677133495892887,1941
CheMeleon,add_fluorine,A,add_fluorine_010,0.33403452966441555,1941
CheMeleon,add_fluorine,A,add_fluorine_011,0.5023993941598084,1941
CheMeleon,add_fluorine,A,add_fluorine_012,0.32769619229095315,1941
CheMeleon,add_fluorine,A,add_fluorine_013,0.29048447244586695,1941
CheMeleon,add_fluorine,A,add_fluorine_014,0.32736013561274824,1941
CheMeleon,add_fluorine,A,add_fluorine_015,0.45917258313706333,1941
CheMeleon,add_fluorine,A,add_fluorine_016,0.42531653532690006,1941
CheMeleon,add_fluorine,A,add_fluorine_017,0.43929877748604906,1941
CheMeleon,add_fluorine,A,add_fluorine_018,0.2936636360401345,1941
CheMeleon,add_fluorine,A,add_fluorine_019,0.6052385592731577,1941
CheMeleon,add_fluorine,A,add_fluorine_020,0.3861715230607439,1941
CheMeleon,add_fluorine,A,add_fluorine_021,0.3228311413996191,1941
CheMeleon,add_fluorine,A,add_fluorine_022,0.2896628917244873,1941
CheMeleon,add_fluorine,A,add_fluorine_023,0.5645972342178133,1941
CheMeleon,add_fluorine,A,add_fluorine_024,0.8117159968297284,1941
CheMeleon,add_fluorine,A,add_fluorine_025,0.17350285069737084,1941
CheMeleon,add_fluorine,A,add_fluorine_026,0.4657570150205371,1941
CheMeleon,add_fluorine,A,add_fluorine_027,0.33656344196575966,1941
CheMeleon,add_fluorine,A,add_fluorine_028,0.1755165249233997,1941
CheMeleon,add_fluorine,A,add_fluorine_029,0.2117343760098988,1941
CheMeleon,add_fluorine,A,add_fluorine_030,0.41967705333914357,1941
CheMeleon,add_fluorine,A,add_fluorine_031,0.5088878610561133,1941
CheMeleon,add_fluorine,A,add_fluorine_032,0.5510815152308481,1941
CheMeleon,add_fluorine,A,add_fluorine_033,0.603347439560589,1941
CheMeleon,add_fluorine,A,add_fluorine_034,0.43966145298183684,1941
CheMeleon,add_fluorine,A,add_fluorine_035,0.5015268173965765,1941
CheMeleon,add_fluorine,A,add_fluorine_036,0.29190075248976244,1941
CheMeleon,add_fluorine,A,add_fluorine_037,0.2936243992500565,1941
CheMeleon,add_fluorine,A,add_fluorine_038,0.2668584264298704,1941
CheMeleon,add_fluorine,A,add_fluorine_039,0.30695047085145155,1941
CheMeleon,add_fluorine,A,add_fluorine_040,2.5430209867415074,1941
CheMeleon,add_fluorine,A,add_fluorine_041,0.2373341863796366,1941
CheMeleon,add_fluorine,A,add_fluorine_042,0.3953105410628646,1941
CheMeleon,add_fluorine,A,add_fluorine_043,0.3511757245260581,1941
CheMeleon,add_fluorine,A,add_fluorine_044,0.4132048538212353,1941
CheMeleon,add_fluorine,A,add_fluorine_045,0.33582146504226057,1941
CheMeleon,add_fluorine,A,add_fluorine_046,0.35118510995218316,1941
CheMeleon,add_fluorine,A,add_fluorine_047,0.2866171695714279,1941
CheMeleon,add_fluorine,A,add_fluorine_048,0.37646801555507103,1941
CheMeleon,add_fluorine,A,add_fluorine_049,0.4333347544608505,1941
CheMeleon,add_fluorine,A,add_fluorine_050,0.4663489001105536,1941
CheMeleon,add_fluorine,A,add_fluorine_051,0.45165159748349,1941
CheMeleon,add_fluorine,A,add_fluorine_052,0.4309556939170143,1941
CheMeleon,add_fluorine,A,add_fluorine_053,0.29371442563716826,1941
CheMeleon,add_fluorine,A,add_fluorine_054,0.3517456327070245,1941
CheMeleon,add_fluorine,A,add_fluorine_055,0.9784392736448828,1941
CheMeleon,add_fluorine,A,add_fluorine_056,0.35865605918104465,1941
CheMeleon,add_fluorine,A,add_fluorine_057,0.362715245689512,1941
CheMeleon,add_fluorine,A,add_fluorine_058,0.2536523230354988,1941
CheMeleon,add_fluorine,A,add_fluorine_059,0.39172773892494667,1941
CheMeleon,add_fluorine,A,add_fluorine_060,0.5557869811850705,1941
CheMeleon,add_fluorine,A,add_fluorine_061,0.5597332132487687,1941
CheMeleon,add_fluorine,A,add_fluorine_062,0.49001711979562496,1941
CheMeleon,add_fluorine,A,add_fluorine_063,0.3451385173729789,1941
CheMeleon,add_fluorine,A,add_fluorine_064,0.31691738554428345,1941
CheMeleon,add_fluorine,A,add_fluorine_065,0.4692969147631076,1941
CheMeleon,add_fluorine,A,add_fluorine_066,0.41586856156860463,1941
CheMeleon,add_fluorine,A,add_fluorine_067,0.3465546838901557,1941
CheMeleon,add_fluorine,A,add_fluorine_068,0.3185747376228689,1941
CheMeleon,add_fluorine,A,add_fluorine_069,0.2688221358488945,1941
CheMeleon,add_fluorine,A,add_fluorine_070,0.31682950597200227,1941
CheMeleon,add_fluorine,A,add_fluorine_071,0.3800890398978424,1941
CheMeleon,add_fluorine,A,add_fluorine_072,0.23985394686698644,1941
CheMeleon,add_fluorine,A,add_fluorine_073,0.32872349056653416,1941
CheMeleon,add_fluorine,A,add_fluorine_074,0.41043483507288214,1941
CheMeleon,add_fluorine,A,add_fluorine_075,0.35668486954999457,1941
CheMeleon,add_fluorine,A,add_fluorine_076,0.46956632831167494,1941
CheMeleon,add_fluorine,A,add_fluorine_077,0.37080074276446173,1941
CheMeleon,add_fluorine,A,add_fluorine_078,0.566166952764695,1941
CheMeleon,add_fluorine,A,add_fluorine_079,0.25092267657335415,1941
CheMeleon,add_fluorine,A,add_fluorine_080,0.47034229213765466,1941
CheMeleon,add_fluorine,A,add_fluorine_081,0.3486782569684791,1941
CheMeleon,add_fluorine,A,add_fluorine_082,0.25825870298014963,1941
CheMeleon,add_fluorine,A,add_fluorine_083,1.0141382068144196,1941
CheMeleon,add_fluorine,A,add_fluorine_084,0.42006581981163926,1941
CheMeleon,add_fluorine,A,add_fluorine_085,0.26809641889081537,1941
CheMeleon,add_fluorine,A,add_fluorine_086,0.43252573182802334,1941
CheMeleon,add_fluorine,A,add_fluorine_087,0.74716352481162,1941
CheMeleon,add_fluorine,A,add_fluorine_088,0.4046770777542813,1941
CheMeleon,add_fluorine,A,add_fluorine_089,0.392711942872023,1941
CheMeleon,add_fluorine,A,add_fluorine_090,0.22761790329802845,1941
CheMeleon,add_fluorine,A,add_fluorine_091,1.6466742575343927,1941
CheMeleon,add_fluorine,A,add_fluorine_092,0.4555333950917456,1941
CheMeleon,add_fluorine,A,add_fluorine_093,0.6110080036828047,1941
CheMeleon,add_fluorine,A,add_fluorine_094,0.2856004617595199,1941
CheMeleon,add_fluorine,A,add_fluorine_095,0.23827836557249613,1941
CheMeleon,add_fluorine,A,add_fluorine_096,0.47636300776949486,1941
CheMeleon,add_fluorine,A,add_fluorine_097,0.4912872384961395,1941
CheMeleon,add_fluorine,A,add_fluorine_098,0.8157328449949687,1941
CheMeleon,add_fluorine,A,add_fluorine_099,0.6750671950810854,1941
CheMeleon,isotope_13c,A,isotope_13c_000,0.00048806260587854275,1941
CheMeleon,isotope_13c,A,isotope_13c_001,0.0013391536426998348,1941
CheMeleon,isotope_13c,A,isotope_13c_002,0.010120589728847707,1941
CheMeleon,isotope_13c,A,isotope_13c_003,0.0007890875437335097,1941
CheMeleon,isotope_13c,A,isotope_13c_004,0.0010872021813766676,1941
CheMeleon,isotope_13c,A,isotope_13c_005,0.0003299262169096838,1941
CheMeleon,isotope_13c,A,isotope_13c_006,0.0008679084816680696,1941
CheMeleon,isotope_13c,A,isotope_13c_007,0.0005219862621165926,1941
CheMeleon,isotope_13c,A,isotope_13c_008,0.001071816762088566,1941
CheMeleon,isotope_13c,A,isotope_13c_009,0.0004858009370183724,1941
CheMeleon,isotope_13c,A,isotope_13c_010,0.00042234231117204915,1941
CheMeleon,isotope_13c,A,isotope_13c_011,0.0005107652610464029,1941
CheMeleon,isotope_13c,A,isotope_13c_012,0.0013079203458728295,1941
CheMeleon,isotope_13c,A,isotope_13c_013,0.0006189374942978771,1941
CheMeleon,isotope_13c,A,isotope_13c_014,0.000977672386557248,1941
CheMeleon,isotope_13c,A,isotope_13c_015,0.0005088539479990588,1941
CheMeleon,isotope_13c,A,isotope_13c_016,0.0005336295584907294,1941
CheMeleon,isotope_13c,A,isotope_13c_017,0.025176351474128923,1941
CheMeleon,isotope_13c,A,isotope_13c_018,0.0006124702022753174,1941
CheMeleon,isotope_13c,A,isotope_13c_019,0.006057495464429882,1941
CheMeleon,isotope_13c,A,isotope_13c_020,0.0008220874922695613,1941
CheMeleon,isotope_13c,A,isotope_13c_021,0.013214275983562512,1941
CheMeleon,isotope_13c,A,isotope_13c_022,0.017106972375974756,1941
CheMeleon,isotope_13c,A,isotope_13c_023,0.000727799100276054,1941
CheMeleon,isotope_13c,A,isotope_13c_024,0.0009052276165467248,1941
CheMeleon,isotope_13c,A,isotope_13c_025,0.001284452159644514,1941
CheMeleon,isotope_13c,A,isotope_13c_026,0.0004781819791089722,1941
CheMeleon,isotope_13c,A,isotope_13c_027,0.0025117897899825286,1941
CheMeleon,isotope_13c,A,isotope_13c_028,0.002269577090249626,1941
CheMeleon,isotope_13c,A,isotope_13c_029,0.1450027354175345,1941
CheMeleon,isotope_13c,A,isotope_13c_030,0.0023704645044307126,1941
CheMeleon,isotope_13c,A,isotope_13c_031,0.026573697635349357,1941
CheMeleon,isotope_13c,A,isotope_13c_032,0.031427675849519436,1941
CheMeleon,isotope_13c,A,isotope_13c_033,0.0010429527253283798,1941
CheMeleon,isotope_13c,A,isotope_13c_034,0.02470593883247739,1941
CheMeleon,isotope_13c,A,isotope_13c_035,0.0004455506478656728,1941
CheMeleon,isotope_13c,A,isotope_13c_036,0.000407754924522624,1941
CheMeleon,isotope_13c,A,isotope_13c_037,0.0010870926564961233,1941
CheMeleon,isotope_13c,A,isotope_13c_038,0.0009378245027538183,1941
CheMeleon,isotope_13c,A,isotope_13c_039,0.0008432667889915174,1941
CheMeleon,isotope_13c,A,isotope_13c_040,0.0009734047669542541,1941
CheMeleon,isotope_13c,A,isotope_13c_041,0.0012994680927066835,1941
CheMeleon,isotope_13c,A,isotope_13c_042,0.0004219565458187911,1941
CheMeleon,isotope_13c,A,isotope_13c_043,0.0008237131961386598,1941
CheMeleon,isotope_13c,A,isotope_13c_044,0.00028075644836216484,1941
CheMeleon,isotope_13c,A,isotope_13c_045,0.0004904817670217764,1941
CheMeleon,isotope_13c,A,isotope_13c_046,0.005189825060239942,1941
CheMeleon,isotope_13c,A,isotope_13c_047,0.00042350990539700897,1941
CheMeleon,isotope_13c,A,isotope_13c_048,0.0005914531022662823,1941
CheMeleon,isotope_13c,A,isotope_13c_049,0.0009791543076706182,1941
CheMeleon,isotope_13c,A,isotope_13c_050,0.00025500983487802093,1941
CheMeleon,isotope_13c,A,isotope_13c_051,0.00044933152945253517,1941
CheMeleon,isotope_13c,A,isotope_13c_052,0.008630548285531208,1941
CheMeleon,isotope_13c,A,isotope_13c_053,0.0005637250753035643,1941
CheMeleon,isotope_13c,A,isotope_13c_054,0.00046483414816953124,1941
CheMeleon,isotope_13c,A,isotope_13c_055,0.0006642437270393251,1941
CheMeleon,isotope_13c,A,isotope_13c_056,0.0004721855266869036,1941
CheMeleon,isotope_13c,A,isotope_13c_057,0.000597309222843131,1941
CheMeleon,isotope_13c,A,isotope_13c_058,0.0008016935407315865,1941
CheMeleon,isotope_13c,A,isotope_13c_059,0.0003339295713332259,1941
CheMeleon,isotope_13c,A,isotope_13c_060,0.0004832541358167807,1941
CheMeleon,isotope_13c,A,isotope_13c_061,0.05039064711984876,1941
CheMeleon,isotope_13c,A,isotope_13c_062,0.01417400167958406,1941
CheMeleon,isotope_13c,A,isotope_13c_063,0.0013165111827169544,1941
CheMeleon,isotope_13c,A,isotope_13c_064,0.0028941176837258683,1941
CheMeleon,isotope_13c,A,isotope_13c_065,0.019832467905156612,1941
CheMeleon,isotope_13c,A,isotope_13c_066,0.0005280531179046515,1941
CheMeleon,isotope_13c,A,isotope_13c_067,0.0017944536084830644,1941
CheMeleon,isotope_13c,A,isotope_13c_068,0.004092737759687254,1941
CheMeleon,isotope_13c,A,isotope_13c_069,0.0005663697795530176,1941
CheMeleon,isotope_13c,A,isotope_13c_070,0.0008562364393867883,1941
CheMeleon,isotope_13c,A,isotope_13c_071,0.002374329293866914,1941
CheMeleon,isotope_13c,A,isotope_13c_072,0.0005721131522673184,1941
CheMeleon,isotope_13c,A,isotope_13c_073,0.0009876346215371976,1941
CheMeleon,isotope_13c,A,isotope_13c_074,0.0007971617165562247,1941
CheMeleon,isotope_13c,A,isotope_13c_075,0.0009851227690757269,1941
CheMeleon,isotope_13c,A,isotope_13c_076,0.0004027111077688831,1941
CheMeleon,isotope_13c,A,isotope_13c_077,0.0012649992266354272,1941
CheMeleon,isotope_13c,A,isotope_13c_078,0.0004748155082566718,1941
CheMeleon,isotope_13c,A,isotope_13c_079,0.0005634877072746469,1941
CheMeleon,isotope_13c,A,isotope_13c_080,0.002740357903949022,1941
CheMeleon,isotope_13c,A,isotope_13c_081,0.0004110412028091465,1941
CheMeleon,isotope_13c,A,isotope_13c_082,0.0006133100604829723,1941
CheMeleon,isotope_13c,A,isotope_13c_083,0.03800133714739163,1941
CheMeleon,isotope_13c,A,isotope_13c_084,0.0005653517320695396,1941
CheMeleon,isotope_13c,A,isotope_13c_085,0.001404715879093771,1941
CheMeleon,isotope_13c,A,isotope_13c_086,0.0015664290800796329,1941
CheMeleon,isotope_13c,A,isotope_13c_087,0.0019824017233911213,1941
CheMeleon,isotope_13c,A,isotope_13c_088,0.0005962077335960691,1941
CheMeleon,isotope_13c,A,isotope_13c_089,0.0003342471454117871,1941
CheMeleon,isotope_13c,A,isotope_13c_090,0.012812860504294227,1941
CheMeleon,isotope_13c,A,isotope_13c_091,0.014716746499828699,1941
CheMeleon,isotope_13c,A,isotope_13c_092,0.0016341896672929662,1941
CheMeleon,isotope_13c,A,isotope_13c_093,0.0014557103883716769,1941
CheMeleon,isotope_13c,A,isotope_13c_094,0.0004436311567575467,1941
CheMeleon,isotope_13c,A,isotope_13c_095,0.0010360503641556747,1941
CheMeleon,isotope_13c,A,isotope_13c_096,0.0006865206865475814,1941
CheMeleon,isotope_13c,A,isotope_13c_097,0.0014386833144196987,1941
CheMeleon,isotope_13c,A,isotope_13c_098,0.0005420020771480628,1941
CheMeleon,isotope_13c,A,isotope_13c_099,0.0005391241848766941,1941
CheMeleon,ring_size,A,ring_size_000,0.39540064654040813,1941
CheMeleon,ring_size,A,ring_size_001,0.23860942690573186,1941
CheMeleon,ring_size,A,ring_size_002,0.18601311350907443,1941
CheMeleon,ring_size,A,ring_size_003,0.3514243450316993,1941
CheMeleon,ring_size,A,ring_size_004,0.14078246086153637,1941
CheMeleon,ring_size,A,ring_size_005,0.20856505909242726,1941
CheMeleon,ring_size,A,ring_size_006,0.3969379775535015,1941
CheMeleon,ring_size,A,ring_size_007,0.29457998031165455,1941
CheMeleon,ring_size,A,ring_size_008,0.2527898573769667,1941
CheMeleon,ring_size,A,ring_size_009,0.17667375603548524,1941
CheMeleon,ring_size,A,ring_size_010,0.23951659420224206,1941
CheMeleon,ring_size,A,ring_size_011,0.2755110664104162,1941
CheMeleon,ring_size,A,ring_size_012,0.17065903273210492,1941
CheMeleon,ring_size,A,ring_size_013,0.207480898668656,1941
CheMeleon,ring_size,A,ring_size_014,0.23062101588737394,1941
CheMeleon,ring_size,A,ring_size_015,0.21968952372053338,1941
CheMeleon,ring_size,A,ring_size_016,0.3713604433556186,1941
CheMeleon,ring_size,A,ring_size_017,0.19793484554364293,1941
CheMeleon,ring_size,A,ring_size_018,0.33363199392701287,1941
CheMeleon,ring_size,A,ring_size_019,0.3287236343390646,1941
CheMeleon,ring_size,A,ring_size_020,0.2896161810843124,1941
CheMeleon,ring_size,A,ring_size_021,0.16385403818172345,1941
CheMeleon,ring_size,A,ring_size_022,0.2611803799114295,1941
CheMeleon,ring_size,A,ring_size_023,0.27843472877875725,1941
CheMeleon,ring_size,A,ring_size_024,0.27499265453543675,1941
CheMeleon,ring_size,A,ring_size_025,0.44554978445614757,1941
CheMeleon,ring_size,A,ring_size_026,0.2860276289806579,1941
CheMeleon,ring_size,A,ring_size_027,0.22459011722012245,1941
CheMeleon,ring_size,A,ring_size_028,0.30303824784301375,1941
CheMeleon,ring_size,A,ring_size_029,0.22262135945338482,1941
CheMeleon,ring_size,A,ring_size_030,0.5074431270562486,1941
CheMeleon,ring_size,A,ring_size_031,0.2329686982946519,1941
CheMeleon,ring_size,A,ring_size_032,0.18626833167975188,1941
CheMeleon,ring_size,A,ring_size_033,0.19417159030649123,1941
CheMeleon,ring_size,A,ring_size_034,0.24707307564219733,1941
CheMeleon,ring_size,A,ring_size_035,0.19843843321154106,1941
CheMeleon,ring_size,A,ring_size_036,0.2803311144419198,1941
CheMeleon,ring_size,A,ring_size_037,0.28863958549075697,1941
CheMeleon,ring_size,A,ring_size_038,0.19361659055218503,1941
CheMeleon,ring_size,A,ring_size_039,0.2037814245935897,1941
CheMeleon,ring_size,A,ring_size_040,0.26815915647754235,1941
CheMeleon,ring_size,A,ring_size_041,0.18502732199837976,1941
CheMeleon,ring_size,A,ring_size_042,0.2879418645218578,1941
CheMeleon,ring_size,A,ring_size_043,0.1790880398400694,1941
CheMeleon,ring_size,A,ring_size_044,0.26680590685522065,1941
CheMeleon,ring_size,A,ring_size_045,0.2729193267449605,1941
CheMeleon,ring_size,A,ring_size_046,0.26405925761879145,1941
CheMeleon,ring_size,A,ring_size_047,0.1797781124087423,1941
CheMeleon,ring_size,A,ring_size_048,0.2344694287612257,1941
CheMeleon,ring_size,A,ring_size_049,0.20876887853419857,1941
CheMeleon,ring_size,A,ring_size_050,0.27390335357664525,1941
CheMeleon,ring_size,A,ring_size_051,0.16862019303546788,1941
CheMeleon,ring_size,A,ring_size_052,0.283346231636351,1941
CheMeleon,ring_size,A,ring_size_053,0.26354823886371126,1941
CheMeleon,ring_size,A,ring_size_054,0.2631006210529091,1941
CheMeleon,ring_size,A,ring_size_055,0.22501032192410414,1941
CheMeleon,ring_size,A,ring_size_056,0.18415828500182624,1941
CheMeleon,ring_size,A,ring_size_057,0.31728150642883796,1941
CheMeleon,ring_size,A,ring_size_058,0.1723463227822412,1941
CheMeleon,ring_size,A,ring_size_059,0.21057738591591144,1941
CheMeleon,ring_size,A,ring_size_060,0.824378693518142,1941
CheMeleon,ring_size,A,ring_size_061,0.27204736709141597,1941
CheMeleon,ring_size,A,ring_size_062,0.2586370577488839,1941
CheMeleon,ring_size,A,ring_size_063,0.1842725526859903,1941
CheMeleon,ring_size,A,ring_size_064,0.19675935401522487,1941
CheMeleon,ring_size,A,ring_size_065,0.28146635952032334,1941
CheMeleon,ring_size,A,ring_size_066,0.3980356870430055,1941
CheMeleon,ring_size,A,ring_size_067,0.22764667916866296,1941
CheMeleon,ring_size,A,ring_size_068,0.24642267870636178,1941
CheMeleon,ring_size,A,ring_size_069,5.101075893924715e-07,1941
CheMeleon,ring_size,A,ring_size_070,0.8908223574776748,1941
CheMeleon,ring_size,A,ring_size_071,0.23624541885382144,1941
CheMeleon,ring_size,A,ring_size_072,0.22711373791388295,1941
CheMeleon,ring_size,A,ring_size_073,0.20755457222724755,1941
CheMeleon,ring_size,A,ring_size_074,0.21472394324333616,1941
CheMeleon,ring_size,A,ring_size_075,0.3029324711388556,1941
CheMeleon,ring_size,A,ring_size_076,0.41346071376905774,1941
CheMeleon,ring_size,A,ring_size_077,0.227685283805251,1941
CheMeleon,ring_size,A,ring_size_078,0.33004924335397084,1941
CheMeleon,ring_size,A,ring_size_079,0.15318198069481684,1941
CheMeleon,ring_size,A,ring_size_080,0.23892300507981634,1941
CheMeleon,ring_size,A,ring_size_081,0.2882140825229467,1941
CheMeleon,ring_size,A,ring_size_082,0.26651000503411404,1941
CheMeleon,ring_size,A,ring_size_083,0.5420146040847269,1941
CheMeleon,ring_size,A,ring_size_084,0.22676482571703271,1941
CheMeleon,ring_size,A,ring_size_085,0.19419066962043974,1941
CheMeleon,ring_size,A,ring_size_086,0.3338540872224574,1941
CheMeleon,ring_size,A,ring_size_087,0.19634789496249688,1941
CheMeleon,ring_size,A,ring_size_088,0.4469801011090654,1941
CheMeleon,ring_size,A,ring_size_089,0.15936890693817796,1941
CheMeleon,ring_size,A,ring_size_090,0.33493087506085006,1941
CheMeleon,ring_size,A,ring_size_091,0.21940320878484681,1941
CheMeleon,ring_size,A,ring_size_092,0.19080754833979283,1941
CheMeleon,ring_size,A,ring_size_093,0.32760685510160553,1941
CheMeleon,ring_size,A,ring_size_094,0.2820851339057726,1941
CheMeleon,ring_size,A,ring_size_095,0.20258411741086088,1941
CheMeleon,ring_size,A,ring_size_096,0.3127051785058129,1941
CheMeleon,ring_size,A,ring_size_097,0.3445945613181597,1941
CheMeleon,ring_size,A,ring_size_098,0.23475329929756422,1941
CheMeleon,ring_size,A,ring_size_099,0.22566622881743698,1941
CheMeleon,regioisomer,A,regioisomer_000,1.0926386638482928,1941
CheMeleon,regioisomer,A,regioisomer_001,1.2331017995914437,1941
CheMeleon,regioisomer,A,regioisomer_002,1.0482753794937445,1941
CheMeleon,regioisomer,A,regioisomer_003,0.8555000568752867,1941
CheMeleon,regioisomer,A,regioisomer_004,0.8537611723833004,1941
CheMeleon,regioisomer,A,regioisomer_005,0.7115270456025227,1941
CheMeleon,regioisomer,A,regioisomer_006,0.7961263533826388,1941
CheMeleon,regioisomer,A,regioisomer_007,1.978293883779257,1941
CheMeleon,regioisomer,A,regioisomer_008,1.2087276500257254,1941
CheMeleon,regioisomer,A,regioisomer_009,1.353580916072667,1941
CheMeleon,regioisomer,A,regioisomer_010,1.130078133428497,1941
CheMeleon,regioisomer,A,regioisomer_011,1.5628280336249276,1941
CheMeleon,regioisomer,A,regioisomer_012,0.9697832609754657,1941
CheMeleon,regioisomer,A,regioisomer_013,1.1159661618035872,1941
CheMeleon,regioisomer,A,regioisomer_014,0.7879295049189182,1941
CheMeleon,regioisomer,A,regioisomer_015,1.1943270455895376,1941
CheMeleon,regioisomer,A,regioisomer_016,0.9257357886343172,1941
CheMeleon,regioisomer,A,regioisomer_017,0.9267972359913,1941
CheMeleon,regioisomer,A,regioisomer_018,1.2137112876193783,1941
CheMeleon,regioisomer,A,regioisomer_019,0.7314187541075361,1941
CheMeleon,regioisomer,A,regioisomer_020,1.3000993593016072,1941
CheMeleon,regioisomer,A,regioisomer_021,2.845325539112388,1941
CheMeleon,regioisomer,A,regioisomer_022,0.6399054481895952,1941
CheMeleon,regioisomer,A,regioisomer_023,1.5998840135205867,1941
CheMeleon,regioisomer,A,regioisomer_024,1.354418562066687,1941
CheMeleon,regioisomer,A,regioisomer_025,1.492349800860422,1941
CheMeleon,regioisomer,A,regioisomer_026,1.5464107849892863,1941
CheMeleon,regioisomer,A,regioisomer_027,1.0747959469084236,1941
CheMeleon,regioisomer,A,regioisomer_028,1.048156257691308,1941
CheMeleon,regioisomer,A,regioisomer_029,0.9125031907858403,1941
CheMeleon,regioisomer,A,regioisomer_030,0.9163406984733683,1941
CheMeleon,regioisomer,A,regioisomer_031,1.2077829395530812,1941
CheMeleon,regioisomer,A,regioisomer_032,1.065845334282042,1941
CheMeleon,regioisomer,A,regioisomer_033,0.7986845681532481,1941
CheMeleon,regioisomer,A,regioisomer_034,0.9605346080286599,1941
CheMeleon,regioisomer,A,regioisomer_035,1.869845590933986,1941
CheMeleon,regioisomer,A,regioisomer_036,1.1885787442101943,1941
CheMeleon,regioisomer,A,regioisomer_037,0.8801510566821953,1941
CheMeleon,regioisomer,A,regioisomer_038,0.9402192834083584,1941
CheMeleon,regioisomer,A,regioisomer_039,0.8267856132740729,1941
CheMeleon,regioisomer,A,regioisomer_040,0.7757599310487359,1941
CheMeleon,regioisomer,A,regioisomer_041,0.6419513713098892,1941
CheMeleon,regioisomer,A,regioisomer_042,1.2418245487615576,1941
CheMeleon,regioisomer,A,regioisomer_043,1.1302737544192325,1941
CheMeleon,regioisomer,A,regioisomer_044,1.1371777057609214,1941
CheMeleon,regioisomer,A,regioisomer_045,1.248633063759701,1941
CheMeleon,regioisomer,A,regioisomer_046,1.6111722345502524,1941
CheMeleon,regioisomer,A,regioisomer_047,1.1318474096162627,1941
CheMeleon,regioisomer,A,regioisomer_048,1.0689615580156462,1941
CheMeleon,regioisomer,A,regioisomer_049,1.0800175946922745,1941
CheMeleon,regioisomer,A,regioisomer_050,1.1283643500776772,1941
CheMeleon,regioisomer,A,regioisomer_051,1.2137112876193783,1941
CheMeleon,regioisomer,A,regioisomer_052,1.1747142502557621,1941
CheMeleon,regioisomer,A,regioisomer_053,1.208742706596453,1941
CheMeleon,regioisomer,A,regioisomer_054,0.7703321513730544,1941
CheMeleon,regioisomer,A,regioisomer_055,0.8344652342688642,1941
CheMeleon,regioisomer,A,regioisomer_056,0.9451971170058058,1941
CheMeleon,regioisomer,A,regioisomer_057,0.7777707249894926,1941
CheMeleon,regioisomer,A,regioisomer_058,1.2386411441461476,1941
CheMeleon,regioisomer,A,regioisomer_059,1.0145573901771163,1941
CheMeleon,regioisomer,A,regioisomer_060,0.636822279937174,1941
CheMeleon,regioisomer,A,regioisomer_061,1.0292476241910482,1941
CheMeleon,regioisomer,A,regioisomer_062,1.1770257245136837,1941
CheMeleon,regioisomer,A,regioisomer_063,1.0593372211748875,1941
CheMeleon,regioisomer,A,regioisomer_064,1.0075666559569698,1941
CheMeleon,regioisomer,A,regioisomer_065,0.7607160691119151,1941
CheMeleon,regioisomer,A,regioisomer_066,1.7126519138234029,1941
CheMeleon,regioisomer,A,regioisomer_067,1.0397441644221648,1941
CheMeleon,regioisomer,A,regioisomer_068,1.8823533053227277,1941
CheMeleon,regioisomer,A,regioisomer_069,0.9571564289388865,1941
CheMeleon,regioisomer,A,regioisomer_070,1.0309813353897883,1941
CheMeleon,regioisomer,A,regioisomer_071,0.8242279806132748,1941
CheMeleon,regioisomer,A,regioisomer_072,0.9373035742643945,1941
CheMeleon,regioisomer,A,regioisomer_073,1.3145952231027414,1941
CheMeleon,regioisomer,A,regioisomer_074,0.7390460857477384,1941
CheMeleon,regioisomer,A,regioisomer_075,0.7558905976283357,1941
CheMeleon,regioisomer,A,regioisomer_076,0.8330609602128697,1941
CheMeleon,regioisomer,A,regioisomer_077,2.1938616213728266,1941
CheMeleon,regioisomer,A,regioisomer_078,0.7902425096731988,1941
CheMeleon,regioisomer,A,regioisomer_079,0.9728756727148437,1941
CheMeleon,regioisomer,A,regioisomer_080,1.056270020164168,1941
CheMeleon,regioisomer,A,regioisomer_081,1.1376571936917625,1941
CheMeleon,regioisomer,A,regioisomer_082,1.0619755400900033,1941
CheMeleon,regioisomer,A,regioisomer_083,1.0478608085107242,1941
CheMeleon,regioisomer,A,regioisomer_084,1.192116878024728,1941
CheMeleon,regioisomer,A,regioisomer_085,0.7936880477301073,1941
CheMeleon,regioisomer,A,regioisomer_086,1.0872303952176647,1941
CheMeleon,regioisomer,A,regioisomer_087,0.9472172313034748,1941
CheMeleon,regioisomer,A,regioisomer_088,0.5897613856194059,1941
CheMeleon,regioisomer,A,regioisomer_089,1.0127230572726063,1941
CheMeleon,regioisomer,A,regioisomer_090,1.2219265805267874,1941
CheMeleon,regioisomer,A,regioisomer_091,0.9514418821860221,1941
CheMeleon,regioisomer,A,regioisomer_092,1.0523869943985211,1941
CheMeleon,regioisomer,A,regioisomer_093,0.7270121011328763,1941
CheMeleon,regioisomer,A,regioisomer_094,1.4465195670497937,1941
CheMeleon,regioisomer,A,regioisomer_095,1.7051602361878764,1941
CheMeleon,regioisomer,A,regioisomer_096,1.1318474096162627,1941
CheMeleon,regioisomer,A,regioisomer_097,0.9276582486616466,1941
CheMeleon,regioisomer,A,regioisomer_098,0.8753088839195191,1941
CheMeleon,regioisomer,A,regioisomer_099,1.4219269992115848,1941
CheMeleon,matched_mw,A,matched_mw_000,4.775520182712167,1941
CheMeleon,matched_mw,A,matched_mw_001,4.514773379318074,1941
CheMeleon,matched_mw,A,matched_mw_002,4.788050782921457,1941
CheMeleon,matched_mw,A,matched_mw_003,2.767988541908571,1941
CheMeleon,matched_mw,A,matched_mw_004,5.793798067369515,1941
CheMeleon,matched_mw,A,matched_mw_005,17.85295591819114,1941
CheMeleon,matched_mw,A,matched_mw_006,7.700529729324352,1941
CheMeleon,matched_mw,A,matched_mw_007,9.81998202200446,1941
CheMeleon,matched_mw,A,matched_mw_008,3.831944625970032,1941
CheMeleon,matched_mw,A,matched_mw_009,3.41959882337649,1941
CheMeleon,matched_mw,A,matched_mw_010,1.548381043847543,1941
CheMeleon,matched_mw,A,matched_mw_011,2.2144813505336916,1941
CheMeleon,matched_mw,A,matched_mw_012,3.714527540370421,1941
CheMeleon,matched_mw,A,matched_mw_013,3.2576789719201282,1941
CheMeleon,matched_mw,A,matched_mw_014,16.895083145632864,1941
CheMeleon,matched_mw,A,matched_mw_015,140.88840952941246,1941
CheMeleon,matched_mw,A,matched_mw_016,5.38331473570575,1941
CheMeleon,matched_mw,A,matched_mw_017,1.7197691366510726,1941
CheMeleon,matched_mw,A,matched_mw_018,1.012199544673525,1941
CheMeleon,matched_mw,A,matched_mw_019,2.2013569497182015,1941
CheMeleon,matched_mw,A,matched_mw_020,14.494610658637935,1941
CheMeleon,matched_mw,A,matched_mw_021,1.7326409321143963,1941
CheMeleon,matched_mw,A,matched_mw_022,1.6936238216184916,1941
CheMeleon,matched_mw,A,matched_mw_023,3.12198475276311,1941
CheMeleon,matched_mw,A,matched_mw_024,1.908962618746188,1941
CheMeleon,matched_mw,A,matched_mw_025,2.5527195358633055,1941
CheMeleon,matched_mw,A,matched_mw_026,2.7048035871979232,1941
CheMeleon,matched_mw,A,matched_mw_027,3.415316850523208,1941
CheMeleon,matched_mw,A,matched_mw_028,2.3844481833204605,1941
CheMeleon,matched_mw,A,matched_mw_029,3.534174629918757,1941
CheMeleon,matched_mw,A,matched_mw_030,2.259491766038349,1941
CheMeleon,matched_mw,A,matched_mw_031,2.2560124532965755,1941
CheMeleon,matched_mw,A,matched_mw_032,2.1740459759696074,1941
CheMeleon,matched_mw,A,matched_mw_033,4.531359134720003,1941
CheMeleon,matched_mw,A,matched_mw_034,4.429662633484521,1941
CheMeleon,matched_mw,A,matched_mw_035,1.5930249397638512,1941
CheMeleon,matched_mw,A,matched_mw_036,2.0543159201812187,1941
CheMeleon,matched_mw,A,matched_mw_037,9.624109940299316,1941
CheMeleon,matched_mw,A,matched_mw_038,1.836036636697361,1941
CheMeleon,matched_mw,A,matched_mw_039,2.4378954051393764,1941
CheMeleon,matched_mw,A,matched_mw_040,2.306908785898843,1941
CheMeleon,matched_mw,A,matched_mw_041,2.166406618221987,1941
CheMeleon,matched_mw,A,matched_mw_042,2.0028666532255817,1941
CheMeleon,matched_mw,A,matched_mw_043,5.458936198533177,1941
CheMeleon,matched_mw,A,matched_mw_044,1.911305444402308,1941
CheMeleon,matched_mw,A,matched_mw_045,2.088458527535754,1941
CheMeleon,matched_mw,A,matched_mw_046,2.754636274094508,1941
CheMeleon,matched_mw,A,matched_mw_047,2.540071352637146,1941
CheMeleon,matched_mw,A,matched_mw_048,1.5094449812573671,1941
CheMeleon,matched_mw,A,matched_mw_049,1.2469630555496207,1941
CheMeleon,matched_mw,A,matched_mw_050,2.10835997311341,1941
CheMeleon,matched_mw,A,matched_mw_051,2.903451331668909,1941
CheMeleon,matched_mw,A,matched_mw_052,2.3656136155759433,1941
CheMeleon,matched_mw,A,matched_mw_053,2.146930491192886,1941
CheMeleon,matched_mw,A,matched_mw_054,1.5611919596643964,1941
CheMeleon,matched_mw,A,matched_mw_055,1.8137015819151496,1941
CheMeleon,matched_mw,A,matched_mw_056,3.1766356106863705,1941
CheMeleon,matched_mw,A,matched_mw_057,3.2946428145854836,1941
CheMeleon,matched_mw,A,matched_mw_058,2.271370631947314,1941
CheMeleon,matched_mw,A,matched_mw_059,1.3615157771087711,1941
CheMeleon,matched_mw,A,matched_mw_060,2.272939836601779,1941
CheMeleon,matched_mw,A,matched_mw_061,23.663885293093163,1941
CheMeleon,matched_mw,A,matched_mw_062,0.8641731659146521,1941
CheMeleon,matched_mw,A,matched_mw_063,5.990596562164676,1941
CheMeleon,matched_mw,A,matched_mw_064,1.9506121226813373,1941
CheMeleon,matched_mw,A,matched_mw_065,1.1535131586360046,1941
CheMeleon,matched_mw,A,matched_mw_066,1.8092453866510974,1941
CheMeleon,matched_mw,A,matched_mw_067,1.905883182548637,1941
CheMeleon,matched_mw,A,matched_mw_068,2.0496719193581074,1941
CheMeleon,matched_mw,A,matched_mw_069,2.5553823346200017,1941
CheMeleon,matched_mw,A,matched_mw_070,2.171719444043719,1941
CheMeleon,matched_mw,A,matched_mw_071,1.8521853368434893,1941
CheMeleon,matched_mw,A,matched_mw_072,5.388968442089595,1941
CheMeleon,matched_mw,A,matched_mw_073,2.5778263065906732,1941
CheMeleon,matched_mw,A,matched_mw_074,2.792147700315741,1941
CheMeleon,matched_mw,A,matched_mw_075,2.9710552875159038,1941
CheMeleon,matched_mw,A,matched_mw_076,3.114424446250258,1941
CheMeleon,matched_mw,A,matched_mw_077,1.3487420998199648,1941
CheMeleon,matched_mw,A,matched_mw_078,2.2295799031408308,1941
CheMeleon,matched_mw,A,matched_mw_079,2.551691798421504,1941
CheMeleon,matched_mw,A,matched_mw_080,1.1646287538565672,1941
CheMeleon,matched_mw,A,matched_mw_081,2.1181554024833216,1941
CheMeleon,matched_mw,A,matched_mw_082,2.6713267715360676,1941
CheMeleon,matched_mw,A,matched_mw_083,2.1922856166508495,1941
CheMeleon,matched_mw,A,matched_mw_084,2.120963315448872,1941
CheMeleon,matched_mw,A,matched_mw_085,1.7133150353555484,1941
CheMeleon,matched_mw,A,matched_mw_086,1.9916960060711895,1941
CheMeleon,matched_mw,A,matched_mw_087,3.011449455333827,1941
CheMeleon,matched_mw,A,matched_mw_088,1.8228299416077502,1941
CheMeleon,matched_mw,A,matched_mw_089,1.1381496917624134,1941
CheMeleon,matched_mw,A,matched_mw_090,2.6066203748533048,1941
CheMeleon,matched_mw,A,matched_mw_091,3.492513108852785,1941
CheMeleon,matched_mw,A,matched_mw_092,1.7487012577886352,1941
CheMeleon,matched_mw,A,matched_mw_093,1.78926182567788,1941
CheMeleon,matched_mw,A,matched_mw_094,1.869723082944077,1941
CheMeleon,matched_mw,A,matched_mw_095,1.3291155928313267,1941
CheMeleon,matched_mw,A,matched_mw_096,1.3581483338976124,1941
CheMeleon,matched_mw,A,matched_mw_097,1.9838235163003848,1941
CheMeleon,matched_mw,A,matched_mw_098,2.7374822691363994,1941
CheMeleon,matched_mw,A,matched_mw_099,2.3955374655448822,1941
CheMeleon,matched_descriptors,A,matched_descriptors_000,0.5497836926731972,1941
CheMeleon,matched_descriptors,A,matched_descriptors_001,0.6508186065567033,1941
CheMeleon,matched_descriptors,A,matched_descriptors_002,0.4973987244256605,1941
CheMeleon,matched_descriptors,A,matched_descriptors_003,1.8203949844900353,1941
CheMeleon,matched_descriptors,A,matched_descriptors_004,0.4584328222660377,1941
CheMeleon,matched_descriptors,A,matched_descriptors_005,0.5210813706967966,1941
CheMeleon,matched_descriptors,A,matched_descriptors_006,0.6908784557244149,1941
CheMeleon,matched_descriptors,A,matched_descriptors_007,0.9119449893920257,1941
CheMeleon,matched_descriptors,A,matched_descriptors_008,0.7094853475145727,1941
CheMeleon,matched_descriptors,A,matched_descriptors_009,0.6033051790644011,1941
CheMeleon,matched_descriptors,A,matched_descriptors_010,0.8174448967302976,1941
CheMeleon,matched_descriptors,A,matched_descriptors_011,0.8746354335753155,1941
CheMeleon,matched_descriptors,A,matched_descriptors_012,0.9020273004774366,1941
CheMeleon,matched_descriptors,A,matched_descriptors_013,0.6237862691896472,1941
CheMeleon,matched_descriptors,A,matched_descriptors_014,1.2018931771491135,1941
CheMeleon,matched_descriptors,A,matched_descriptors_015,0.8368096987121663,1941
CheMeleon,matched_descriptors,A,matched_descriptors_016,1.0421562927448242,1941
CheMeleon,matched_descriptors,A,matched_descriptors_017,0.7299167074916472,1941
CheMeleon,matched_descriptors,A,matched_descriptors_018,0.5642126120688532,1941
CheMeleon,matched_descriptors,A,matched_descriptors_019,5.416741977263101,1941
CheMeleon,matched_descriptors,A,matched_descriptors_020,0.9144998543204658,1941
CheMeleon,matched_descriptors,A,matched_descriptors_021,0.6475001359139205,1941
CheMeleon,matched_descriptors,A,matched_descriptors_022,0.5037168829412592,1941
CheMeleon,matched_descriptors,A,matched_descriptors_023,0.6133375254196864,1941
CheMeleon,matched_descriptors,A,matched_descriptors_024,0.5866686351361291,1941
CheMeleon,matched_descriptors,A,matched_descriptors_025,1.374145922633518,1941
CheMeleon,matched_descriptors,A,matched_descriptors_026,0.8109341487239033,1941
CheMeleon,matched_descriptors,A,matched_descriptors_027,0.8686489159013099,1941
CheMeleon,matched_descriptors,A,matched_descriptors_028,0.5567523781785811,1941
CheMeleon,matched_descriptors,A,matched_descriptors_029,0.5637276195347865,1941
CheMeleon,matched_descriptors,A,matched_descriptors_030,0.7008414410994391,1941
CheMeleon,matched_descriptors,A,matched_descriptors_031,0.620259783503683,1941
CheMeleon,matched_descriptors,A,matched_descriptors_032,0.9931509217849143,1941
CheMeleon,matched_descriptors,A,matched_descriptors_033,0.6023309116864086,1941
CheMeleon,matched_descriptors,A,matched_descriptors_034,0.6952709208475395,1941
CheMeleon,matched_descriptors,A,matched_descriptors_035,0.8256911860509523,1941
CheMeleon,matched_descriptors,A,matched_descriptors_036,0.8392064958579758,1941
CheMeleon,matched_descriptors,A,matched_descriptors_037,0.7002535502472024,1941
CheMeleon,matched_descriptors,A,matched_descriptors_038,0.5059710586686158,1941
CheMeleon,matched_descriptors,A,matched_descriptors_039,0.7256746028577482,1941
CheMeleon,matched_descriptors,A,matched_descriptors_040,0.8894188757460681,1941
CheMeleon,matched_descriptors,A,matched_descriptors_041,7.662439443539116,1941
CheMeleon,matched_descriptors,A,matched_descriptors_042,0.8166884111885332,1941
CheMeleon,matched_descriptors,A,matched_descriptors_043,2.1954359473875913,1941
CheMeleon,matched_descriptors,A,matched_descriptors_044,0.6883553838628103,1941
CheMeleon,matched_descriptors,A,matched_descriptors_045,0.8570195224484305,1941
CheMeleon,matched_descriptors,A,matched_descriptors_046,0.9035498563098536,1941
CheMeleon,matched_descriptors,A,matched_descriptors_047,0.6204954640986682,1941
CheMeleon,matched_descriptors,A,matched_descriptors_048,0.5546781393989731,1941
CheMeleon,matched_descriptors,A,matched_descriptors_049,0.63368808149241,1941
CheMeleon,matched_descriptors,A,matched_descriptors_050,0.7867685270033159,1941
CheMeleon,matched_descriptors,A,matched_descriptors_051,0.5856510286692508,1941
CheMeleon,matched_descriptors,A,matched_descriptors_052,0.6619849342067917,1941
CheMeleon,matched_descriptors,A,matched_descriptors_053,0.6580052508390521,1941
CheMeleon,matched_descriptors,A,matched_descriptors_054,0.6046077013135268,1941
CheMeleon,matched_descriptors,A,matched_descriptors_055,1.125593802968793,1941
CheMeleon,matched_descriptors,A,matched_descriptors_056,0.8409793028956869,1941
CheMeleon,matched_descriptors,A,matched_descriptors_057,0.9109328189870046,1941
CheMeleon,matched_descriptors,A,matched_descriptors_058,0.60007771037521,1941
CheMeleon,matched_descriptors,A,matched_descriptors_059,0.9386947930516706,1941
CheMeleon,matched_descriptors,A,matched_descriptors_060,0.5828229099973742,1941
CheMeleon,matched_descriptors,A,matched_descriptors_061,0.9262751950452839,1941
CheMeleon,matched_descriptors,A,matched_descriptors_062,0.5562803507431181,1941
CheMeleon,matched_descriptors,A,matched_descriptors_063,0.6745418701437819,1941
CheMeleon,matched_descriptors,A,matched_descriptors_064,0.8224764252527899,1941
CheMeleon,matched_descriptors,A,matched_descriptors_065,0.7950350338176315,1941
CheMeleon,matched_descriptors,A,matched_descriptors_066,0.9846339003588268,1941
CheMeleon,matched_descriptors,A,matched_descriptors_067,3.713455513502345,1941
CheMeleon,matched_descriptors,A,matched_descriptors_068,0.5139724186144657,1941
CheMeleon,matched_descriptors,A,matched_descriptors_069,0.5139191822546861,1941
CheMeleon,matched_descriptors,A,matched_descriptors_070,0.874012873203003,1941
CheMeleon,matched_descriptors,A,matched_descriptors_071,0.6925909983942506,1941
CheMeleon,matched_descriptors,A,matched_descriptors_072,1.338901524734824,1941
CheMeleon,matched_descriptors,A,matched_descriptors_073,0.7550553938093723,1941
CheMeleon,matched_descriptors,A,matched_descriptors_074,0.6555019436414665,1941
CheMeleon,matched_descriptors,A,matched_descriptors_075,0.5812535739901452,1941
CheMeleon,matched_descriptors,A,matched_descriptors_076,1.6807150099018906,1941
CheMeleon,matched_descriptors,A,matched_descriptors_077,25.46380018987857,1941
CheMeleon,matched_descriptors,A,matched_descriptors_078,0.8648568533272464,1941
CheMeleon,matched_descriptors,A,matched_descriptors_079,0.6235458003387525,1941
CheMeleon,matched_descriptors,A,matched_descriptors_080,0.9520870012831678,1941
CheMeleon,matched_descriptors,A,matched_descriptors_081,0.7465059192032865,1941
CheMeleon,matched_descriptors,A,matched_descriptors_082,0.6126037270504344,1941
CheMeleon,matched_descriptors,A,matched_descriptors_083,1.0050685539524373,1941
CheMeleon,matched_descriptors,A,matched_descriptors_084,1.464991105847439,1941
CheMeleon,matched_descriptors,A,matched_descriptors_085,0.9455864653375999,1941
CheMeleon,matched_descriptors,A,matched_descriptors_086,0.8782516101938237,1941
CheMeleon,matched_descriptors,A,matched_descriptors_087,0.6189776338751825,1941
CheMeleon,matched_descriptors,A,matched_descriptors_088,1.1134273719789187,1941
CheMeleon,matched_descriptors,A,matched_descriptors_089,0.7604880315328691,1941
CheMeleon,matched_descriptors,A,matched_descriptors_090,1.5079155794049228,1941
CheMeleon,matched_descriptors,A,matched_descriptors_091,0.9467264631337203,1941
CheMeleon,matched_descriptors,A,matched_descriptors_092,0.9099952379491827,1941
CheMeleon,matched_descriptors,A,matched_descriptors_093,1.6570014648545053,1941
CheMeleon,matched_descriptors,A,matched_descriptors_094,0.9206798492973819,1941
CheMeleon,matched_descriptors,A,matched_descriptors_095,10.435455232305218,1941
CheMeleon,matched_descriptors,A,matched_descriptors_096,0.7160639460651367,1941
CheMeleon,matched_descriptors,A,matched_descriptors_097,0.8213711486332175,1941
CheMeleon,matched_descriptors,A,matched_descriptors_098,0.6851122166768495,1941
CheMeleon,matched_descriptors,A,matched_descriptors_099,0.7800682012358059,1941
CheMeleon,smiles_enumeration,B,smiles_enumeration_000,2.1565277745558942e-07,1941
CheMeleon,smiles_enumeration,B,smiles_enumeration_001,9.706843282124532e-08,1941
CheMeleon,smiles_enumeration,B,smiles_enumeration_002,6.868541099898495e-08,1941
CheMeleon,smiles_enumeration,B,smiles_enumeration_003,2.072798710099772e-07,1941
CheMeleon,smiles_enumeration,B,smiles_enumeration_004,0.027124830070181575,1941
CheMeleon,smiles_enumeration,B,smiles_enumeration_005,1.5015294876208531e-07,1941
CheMeleon,smiles_enumeration,B,smiles_enumeration_006,2.0074917551797295e-07,1941
CheMeleon,smiles_enumeration,B,smiles_enumeration_007,1.1561398172521452e-07,1941
CheMeleon,smiles_enumeration,B,smiles_enumeration_008,8.97132327282303e-08,1941
CheMeleon,smiles_enumeration,B,smiles_enumeration_009,2.166001181227811e-07,1941
CheMeleon,smiles_enumeration,B,smiles_enumeration_010,0.010585221070562773,1941
CheMeleon,smiles_enumeration,B,smiles_enumeration_011,2.536950135171988e-07,1941
CheMeleon,smiles_enumeration,B,smiles_enumeration_012,0.027335790539796387,1941
CheMeleon,smiles_enumeration,B,smiles_enumeration_013,3.2266779088065104e-07,1941
CheMeleon,smiles_enumeration,B,smiles_enumeration_014,1.461504540035548e-07,1941
CheMeleon,smiles_enumeration,B,smiles_enumeration_015,0.04288505192081536,1941
CheMeleon,smiles_enumeration,B,smiles_enumeration_016,1.3101939049655218e-07,1941
CheMeleon,smiles_enumeration,B,smiles_enumeration_017,0.02585255221583306,1941
CheMeleon,smiles_enumeration,B,smiles_enumeration_018,1.8940280403931707e-07,1941
CheMeleon,smiles_enumeration,B,smiles_enumeration_019,2.881215002060162e-07,1941
CheMeleon,smiles_enumeration,B,smiles_enumeration_020,1.3460979347672177e-07,1941
CheMeleon,smiles_enumeration,B,smiles_enumeration_021,0.051653942390552335,1941
CheMeleon,smiles_enumeration,B,smiles_enumeration_022,1.1808448455837952e-07,1941
CheMeleon,smiles_enumeration,B,smiles_enumeration_023,5.123195940295086e-07,1941
CheMeleon,smiles_enumeration,B,smiles_enumeration_024,1.7362566284878772e-07,1941
CheMeleon,smiles_enumeration,B,smiles_enumeration_025,3.8904433405828195e-07,1941
CheMeleon,smiles_enumeration,B,smiles_enumeration_026,2.5511406892242147e-07,1941
CheMeleon,smiles_enumeration,B,smiles_enumeration_027,7.818691378676347e-07,1941
CheMeleon,smiles_enumeration,B,smiles_enumeration_028,2.2899621233203183e-07,1941
CheMeleon,smiles_enumeration,B,smiles_enumeration_029,0.12435263261531815,1941
CheMeleon,smiles_enumeration,B,smiles_enumeration_030,2.656996661549024e-07,1941
CheMeleon,smiles_enumeration,B,smiles_enumeration_031,0.0269033385333033,1941
CheMeleon,smiles_enumeration,B,smiles_enumeration_032,0.035053904264543224,1941
CheMeleon,smiles_enumeration,B,smiles_enumeration_033,1.1879188954407523e-07,1941
CheMeleon,smiles_enumeration,B,smiles_enumeration_034,0.024714938046719495,1941
CheMeleon,smiles_enumeration,B,smiles_enumeration_035,1.7792860538697058e-07,1941
CheMeleon,smiles_enumeration,B,smiles_enumeration_036,1.4299268337685293e-07,1941
CheMeleon,smiles_enumeration,B,smiles_enumeration_037,2.8767233526831323e-07,1941
CheMeleon,smiles_enumeration,B,smiles_enumeration_038,1.2583046648875782e-07,1941
CheMeleon,smiles_enumeration,B,smiles_enumeration_039,0.01362427906226819,1941
CheMeleon,smiles_enumeration,B,smiles_enumeration_040,1.3857302302673626e-07,1941
CheMeleon,smiles_enumeration,B,smiles_enumeration_041,2.0627784678448238e-07,1941
CheMeleon,smiles_enumeration,B,smiles_enumeration_042,3.154079477583384e-07,1941
CheMeleon,smiles_enumeration,B,smiles_enumeration_043,1.410402652771471e-07,1941
CheMeleon,smiles_enumeration,B,smiles_enumeration_044,1.8783342229466678e-07,1941
CheMeleon,smiles_enumeration,B,smiles_enumeration_045,1.5843405652837605e-07,1941
CheMeleon,smiles_enumeration,B,smiles_enumeration_046,1.5649050415195167e-07,1941
CheMeleon,smiles_enumeration,B,smiles_enumeration_047,1.0855186658050467e-07,1941
CheMeleon,smiles_enumeration,B,smiles_enumeration_048,1.1666334223639881e-07,1941
CheMeleon,smiles_enumeration,B,smiles_enumeration_049,1.5058451028868994e-07,1941
CheMeleon,smiles_enumeration,B,smiles_enumeration_050,2.2928155585535208e-07,1941
CheMeleon,smiles_enumeration,B,smiles_enumeration_051,1.8677072629800187e-07,1941
CheMeleon,smiles_enumeration,B,smiles_enumeration_052,1.5603934414195072e-07,1941
CheMeleon,smiles_enumeration,B,smiles_enumeration_053,1.2435691814500148e-07,1941
CheMeleon,smiles_enumeration,B,smiles_enumeration_054,1.8045482827129716e-07,1941
CheMeleon,smiles_enumeration,B,smiles_enumeration_055,2.5728862041559266e-07,1941
CheMeleon,smiles_enumeration,B,smiles_enumeration_056,0.0802771050130028,1941
CheMeleon,smiles_enumeration,B,smiles_enumeration_057,1.2383566782296952e-07,1941
CheMeleon,smiles_enumeration,B,smiles_enumeration_058,1.5356775034609442e-07,1941
CheMeleon,smiles_enumeration,B,smiles_enumeration_059,4.057732886707229e-07,1941
CheMeleon,smiles_enumeration,B,smiles_enumeration_060,1.5589654494690798e-07,1941
CheMeleon,smiles_enumeration,B,smiles_enumeration_061,0.042268704352939994,1941
CheMeleon,smiles_enumeration,B,smiles_enumeration_062,0.01414804636101073,1941
CheMeleon,smiles_enumeration,B,smiles_enumeration_063,9.27505293184247e-08,1941
CheMeleon,smiles_enumeration,B,smiles_enumeration_064,3.2876057448468083e-07,1941
CheMeleon,smiles_enumeration,B,smiles_enumeration_065,0.019834225568524273,1941
CheMeleon,smiles_enumeration,B,smiles_enumeration_066,8.926945574806713e-08,1941
CheMeleon,smiles_enumeration,B,smiles_enumeration_067,1.3289239882715736e-07,1941
CheMeleon,smiles_enumeration,B,smiles_enumeration_068,1.4690505345274029e-07,1941
CheMeleon,smiles_enumeration,B,smiles_enumeration_069,1.853415544159921e-07,1941
CheMeleon,smiles_enumeration,B,smiles_enumeration_070,0.03679591837598986,1941
CheMeleon,smiles_enumeration,B,smiles_enumeration_071,9.614311416808242e-08,1941
CheMeleon,smiles_enumeration,B,smiles_enumeration_072,2.2252517849535471e-07,1941
CheMeleon,smiles_enumeration,B,smiles_enumeration_073,1.3904556501795042e-07,1941
CheMeleon,smiles_enumeration,B,smiles_enumeration_074,2.3484218117398745e-07,1941
CheMeleon,smiles_enumeration,B,smiles_enumeration_075,0.005890332366231519,1941
CheMeleon,smiles_enumeration,B,smiles_enumeration_076,0.004887644717962814,1941
CheMeleon,smiles_enumeration,B,smiles_enumeration_077,2.3112112022118037e-07,1941
CheMeleon,smiles_enumeration,B,smiles_enumeration_078,0.01681962358981094,1941
CheMeleon,smiles_enumeration,B,smiles_enumeration_079,1.252141475960612e-07,1941
CheMeleon,smiles_enumeration,B,smiles_enumeration_080,1.684106935784135e-07,1941
CheMeleon,smiles_enumeration,B,smiles_enumeration_081,2.1997182902984494e-07,1941
CheMeleon,smiles_enumeration,B,smiles_enumeration_082,1.9423652476397442e-07,1941
CheMeleon,smiles_enumeration,B,smiles_enumeration_083,0.031885671053795084,1941
CheMeleon,smiles_enumeration,B,smiles_enumeration_084,1.2676110756177594e-07,1941
CheMeleon,smiles_enumeration,B,smiles_enumeration_085,3.2072465472806666e-07,1941
CheMeleon,smiles_enumeration,B,smiles_enumeration_086,1.5296952007280458e-07,1941
CheMeleon,smiles_enumeration,B,smiles_enumeration_087,2.168857584359934e-07,1941
CheMeleon,smiles_enumeration,B,smiles_enumeration_088,4.057674114051371e-07,1941
CheMeleon,smiles_enumeration,B,smiles_enumeration_089,1.4250434992544285e-07,1941
CheMeleon,smiles_enumeration,B,smiles_enumeration_090,2.0171330666810505e-07,1941
CheMeleon,smiles_enumeration,B,smiles_enumeration_091,0.0234917107759334,1941
CheMeleon,smiles_enumeration,B,smiles_enumeration_092,1.8162066223991655e-07,1941
CheMeleon,smiles_enumeration,B,smiles_enumeration_093,4.565303328430768e-07,1941
CheMeleon,smiles_enumeration,B,smiles_enumeration_094,1.8301913497446796e-07,1941
CheMeleon,smiles_enumeration,B,smiles_enumeration_095,1.1581413902196762e-07,1941
CheMeleon,smiles_enumeration,B,smiles_enumeration_096,1.688687379679798e-07,1941
CheMeleon,smiles_enumeration,B,smiles_enumeration_097,1.1647284049667253e-07,1941
CheMeleon,smiles_enumeration,B,smiles_enumeration_098,2.294849458446022e-07,1941
CheMeleon,smiles_enumeration,B,smiles_enumeration_099,1.6491313825346803e-07,1941
CheMeleon,kekule,B,kekule_000,0.0,1941
CheMeleon,kekule,B,kekule_001,0.0,1941
CheMeleon,kekule,B,kekule_002,0.0,1941
CheMeleon,kekule,B,kekule_003,0.0,1941
CheMeleon,kekule,B,kekule_004,0.0,1941
CheMeleon,kekule,B,kekule_005,0.0,1941
CheMeleon,kekule,B,kekule_006,0.0,1941
CheMeleon,kekule,B,kekule_007,9.697841535879126e-08,1941
CheMeleon,kekule,B,kekule_008,0.0,1941
CheMeleon,kekule,B,kekule_009,0.0,1941
CheMeleon,kekule,B,kekule_010,0.0,1941
CheMeleon,kekule,B,kekule_011,0.0,1941
CheMeleon,kekule,B,kekule_012,0.0,1941
CheMeleon,kekule,B,kekule_013,0.0,1941
CheMeleon,kekule,B,kekule_014,0.0,1941
CheMeleon,kekule,B,kekule_015,0.0,1941
CheMeleon,kekule,B,kekule_016,0.0,1941
CheMeleon,kekule,B,kekule_017,3.069527395910848e-07,1941
CheMeleon,kekule,B,kekule_018,0.0,1941
CheMeleon,kekule,B,kekule_019,0.0,1941
CheMeleon,kekule,B,kekule_020,0.0,1941
CheMeleon,kekule,B,kekule_021,2.5898270089986277e-07,1941
CheMeleon,kekule,B,kekule_022,0.0,1941
CheMeleon,kekule,B,kekule_023,0.0,1941
CheMeleon,kekule,B,kekule_024,0.0,1941
CheMeleon,kekule,B,kekule_025,0.0,1941
CheMeleon,kekule,B,kekule_026,3.8234803520501453e-07,1941
CheMeleon,kekule,B,kekule_027,0.0,1941
CheMeleon,kekule,B,kekule_028,6.117147016366529e-08,1941
CheMeleon,kekule,B,kekule_029,0.0,1941
CheMeleon,kekule,B,kekule_030,0.0,1941
CheMeleon,kekule,B,kekule_031,1.2635909669184302e-07,1941
CheMeleon,kekule,B,kekule_032,2.4005148116642594e-07,1941
CheMeleon,kekule,B,kekule_033,0.0,1941
CheMeleon,kekule,B,kekule_034,0.0,1941
CheMeleon,kekule,B,kekule_035,0.0,1941
CheMeleon,kekule,B,kekule_036,0.0,1941
CheMeleon,kekule,B,kekule_037,3.0178451672497086e-07,1941
CheMeleon,kekule,B,kekule_038,1.1559170004326069e-07,1941
CheMeleon,kekule,B,kekule_039,0.0,1941
CheMeleon,kekule,B,kekule_040,0.0,1941
CheMeleon,kekule,B,kekule_041,0.0,1941
CheMeleon,kekule,B,kekule_042,0.0,1941
CheMeleon,kekule,B,kekule_043,0.0,1941
CheMeleon,kekule,B,kekule_044,0.0,1941
CheMeleon,kekule,B,kekule_045,9.054477844464162e-08,1941
CheMeleon,kekule,B,kekule_046,1.248153870705493e-07,1941
CheMeleon,kekule,B,kekule_047,0.008421482486095155,1941
CheMeleon,kekule,B,kekule_048,0.0,1941
CheMeleon,kekule,B,kekule_049,0.0,1941
CheMeleon,kekule,B,kekule_050,0.0,1941
CheMeleon,kekule,B,kekule_051,1.1411111169866187e-07,1941
CheMeleon,kekule,B,kekule_052,0.0,1941
CheMeleon,kekule,B,kekule_053,1.4592663554687029e-07,1941
CheMeleon,kekule,B,kekule_054,3.3916125554481554e-07,1941
CheMeleon,kekule,B,kekule_055,0.0,1941
CheMeleon,kekule,B,kekule_056,0.0,1941
CheMeleon,kekule,B,kekule_057,0.0,1941
CheMeleon,kekule,B,kekule_058,0.0,1941
CheMeleon,kekule,B,kekule_059,0.0,1941
CheMeleon,kekule,B,kekule_060,0.0,1941
CheMeleon,kekule,B,kekule_061,0.0,1941
CheMeleon,kekule,B,kekule_062,0.0,1941
CheMeleon,kekule,B,kekule_063,0.0,1941
CheMeleon,kekule,B,kekule_064,1.1263397723280406e-07,1941
CheMeleon,kekule,B,kekule_065,0.0,1941
CheMeleon,kekule,B,kekule_066,0.0,1941
CheMeleon,kekule,B,kekule_067,0.0,1941
CheMeleon,kekule,B,kekule_068,0.0,1941
CheMeleon,kekule,B,kekule_069,0.0,1941
CheMeleon,kekule,B,kekule_070,0.0,1941
CheMeleon,kekule,B,kekule_071,0.0,1941
CheMeleon,kekule,B,kekule_072,0.0,1941
CheMeleon,kekule,B,kekule_073,2.1277346500922158e-07,1941
CheMeleon,kekule,B,kekule_074,1.9053876388276424e-07,1941
CheMeleon,kekule,B,kekule_075,0.0,1941
CheMeleon,kekule,B,kekule_076,0.0,1941
CheMeleon,kekule,B,kekule_077,3.1546485051565233e-07,1941
CheMeleon,kekule,B,kekule_078,1.5057476001507611e-07,1941
CheMeleon,kekule,B,kekule_079,0.0,1941
CheMeleon,kekule,B,kekule_080,0.0,1941
CheMeleon,kekule,B,kekule_081,0.0,1941
CheMeleon,kekule,B,kekule_082,0.0,1941
CheMeleon,kekule,B,kekule_083,0.0,1941
CheMeleon,kekule,B,kekule_084,0.0,1941
CheMeleon,kekule,B,kekule_085,0.0,1941
CheMeleon,kekule,B,kekule_086,5.2345176156847195e-08,1941
CheMeleon,kekule,B,kekule_087,0.0,1941
CheMeleon,kekule,B,kekule_088,0.0,1941
CheMeleon,kekule,B,kekule_089,0.0,1941
CheMeleon,kekule,B,kekule_090,0.0,1941
CheMeleon,kekule,B,kekule_091,0.0,1941
CheMeleon,kekule,B,kekule_092,1.3516254663867721e-07,1941
CheMeleon,kekule,B,kekule_093,0.0,1941
CheMeleon,kekule,B,kekule_094,0.0,1941
CheMeleon,kekule,B,kekule_095,0.0,1941
CheMeleon,kekule,B,kekule_096,0.0,1941
CheMeleon,kekule,B,kekule_097,0.0,1941
CheMeleon,kekule,B,kekule_098,0.0,1941
CheMeleon,kekule,B,kekule_099,0.0,1941
CheMeleon,symmetry_equivalent,B,symmetry_equivalent_000,0.0,1941
CheMeleon,symmetry_equivalent,B,symmetry_equivalent_001,0.0,1941
CheMeleon,symmetry_equivalent,B,symmetry_equivalent_002,0.0,1941
CheMeleon,symmetry_equivalent,B,symmetry_equivalent_003,0.0,1941
CheMeleon,symmetry_equivalent,B,symmetry_equivalent_004,0.0,1941
CheMeleon,symmetry_equivalent,B,symmetry_equivalent_005,0.0,1941
CheMeleon,symmetry_equivalent,B,symmetry_equivalent_006,0.0,1941
CheMeleon,symmetry_equivalent,B,symmetry_equivalent_007,0.0,1941
CheMeleon,symmetry_equivalent,B,symmetry_equivalent_008,0.0,1941
CheMeleon,symmetry_equivalent,B,symmetry_equivalent_009,0.0,1941
CheMeleon,symmetry_equivalent,B,symmetry_equivalent_010,0.0,1941
CheMeleon,symmetry_equivalent,B,symmetry_equivalent_011,0.0,1941
CheMeleon,symmetry_equivalent,B,symmetry_equivalent_012,0.0,1941
CheMeleon,symmetry_equivalent,B,symmetry_equivalent_013,0.0,1941
CheMeleon,symmetry_equivalent,B,symmetry_equivalent_014,0.0,1941
CheMeleon,symmetry_equivalent,B,symmetry_equivalent_015,0.0,1941
CheMeleon,symmetry_equivalent,B,symmetry_equivalent_016,0.0,1941
CheMeleon,symmetry_equivalent,B,symmetry_equivalent_017,0.0,1941
CheMeleon,symmetry_equivalent,B,symmetry_equivalent_018,0.0,1941
CheMeleon,symmetry_equivalent,B,symmetry_equivalent_019,0.0,1941
CheMeleon,symmetry_equivalent,B,symmetry_equivalent_020,0.0,1941
CheMeleon,symmetry_equivalent,B,symmetry_equivalent_021,0.0,1941
CheMeleon,symmetry_equivalent,B,symmetry_equivalent_022,0.0,1941
CheMeleon,symmetry_equivalent,B,symmetry_equivalent_023,0.0,1941
CheMeleon,symmetry_equivalent,B,symmetry_equivalent_024,0.0,1941
CheMeleon,symmetry_equivalent,B,symmetry_equivalent_025,0.0,1941
CheMeleon,symmetry_equivalent,B,symmetry_equivalent_026,0.0,1941
CheMeleon,symmetry_equivalent,B,symmetry_equivalent_027,0.0,1941
CheMeleon,symmetry_equivalent,B,symmetry_equivalent_028,0.0,1941
CheMeleon,symmetry_equivalent,B,symmetry_equivalent_029,0.0,1941
CheMeleon,symmetry_equivalent,B,symmetry_equivalent_030,0.0,1941
CheMeleon,symmetry_equivalent,B,symmetry_equivalent_031,0.0,1941
CheMeleon,symmetry_equivalent,B,symmetry_equivalent_032,0.0,1941
CheMeleon,symmetry_equivalent,B,symmetry_equivalent_033,0.0,1941
CheMeleon,symmetry_equivalent,B,symmetry_equivalent_034,0.0,1941
CheMeleon,symmetry_equivalent,B,symmetry_equivalent_035,0.0,1941
CheMeleon,symmetry_equivalent,B,symmetry_equivalent_036,0.0,1941
CheMeleon,symmetry_equivalent,B,symmetry_equivalent_037,0.0,1941
CheMeleon,symmetry_equivalent,B,symmetry_equivalent_038,0.0,1941
CheMeleon,symmetry_equivalent,B,symmetry_equivalent_039,0.0,1941
CheMeleon,symmetry_equivalent,B,symmetry_equivalent_040,0.0,1941
CheMeleon,symmetry_equivalent,B,symmetry_equivalent_041,0.0,1941
CheMeleon,symmetry_equivalent,B,symmetry_equivalent_042,0.0,1941
CheMeleon,symmetry_equivalent,B,symmetry_equivalent_043,0.0,1941
CheMeleon,symmetry_equivalent,B,symmetry_equivalent_044,0.0,1941
CheMeleon,symmetry_equivalent,B,symmetry_equivalent_045,0.0,1941
CheMeleon,symmetry_equivalent,B,symmetry_equivalent_046,0.0,1941
CheMeleon,symmetry_equivalent,B,symmetry_equivalent_047,0.0,1941
CheMeleon,symmetry_equivalent,B,symmetry_equivalent_048,0.0,1941
CheMeleon,symmetry_equivalent,B,symmetry_equivalent_049,0.0,1941
CheMeleon,symmetry_equivalent,B,symmetry_equivalent_050,0.0,1941
CheMeleon,symmetry_equivalent,B,symmetry_equivalent_051,0.0,1941
CheMeleon,symmetry_equivalent,B,symmetry_equivalent_052,0.0,1941
CheMeleon,symmetry_equivalent,B,symmetry_equivalent_053,0.0,1941
CheMeleon,symmetry_equivalent,B,symmetry_equivalent_054,0.0,1941
CheMeleon,symmetry_equivalent,B,symmetry_equivalent_055,0.0,1941
CheMeleon,symmetry_equivalent,B,symmetry_equivalent_056,0.0,1941
CheMeleon,symmetry_equivalent,B,symmetry_equivalent_057,0.0,1941
CheMeleon,symmetry_equivalent,B,symmetry_equivalent_058,0.0,1941
CheMeleon,symmetry_equivalent,B,symmetry_equivalent_059,0.0,1941
CheMeleon,symmetry_equivalent,B,symmetry_equivalent_060,0.0,1941
CheMeleon,symmetry_equivalent,B,symmetry_equivalent_061,0.0,1941
CheMeleon,symmetry_equivalent,B,symmetry_equivalent_062,0.0,1941
CheMeleon,symmetry_equivalent,B,symmetry_equivalent_063,0.0,1941
CheMeleon,symmetry_equivalent,B,symmetry_equivalent_064,0.0,1941
CheMeleon,symmetry_equivalent,B,symmetry_equivalent_065,0.0,1941
CheMeleon,symmetry_equivalent,B,symmetry_equivalent_066,0.0,1941
CheMeleon,symmetry_equivalent,B,symmetry_equivalent_067,0.0,1941
CheMeleon,symmetry_equivalent,B,symmetry_equivalent_068,0.0,1941
CheMeleon,symmetry_equivalent,B,symmetry_equivalent_069,0.0,1941
CheMeleon,symmetry_equivalent,B,symmetry_equivalent_070,0.0,1941
CheMeleon,symmetry_equivalent,B,symmetry_equivalent_071,0.0,1941
CheMeleon,symmetry_equivalent,B,symmetry_equivalent_072,0.0,1941
CheMeleon,symmetry_equivalent,B,symmetry_equivalent_073,0.0,1941
CheMeleon,symmetry_equivalent,B,symmetry_equivalent_074,0.0,1941
CheMeleon,symmetry_equivalent,B,symmetry_equivalent_075,0.0,1941
CheMeleon,symmetry_equivalent,B,symmetry_equivalent_076,0.0,1941
CheMeleon,symmetry_equivalent,B,symmetry_equivalent_077,0.0,1941
CheMeleon,symmetry_equivalent,B,symmetry_equivalent_078,0.0,1941
CheMeleon,symmetry_equivalent,B,symmetry_equivalent_079,0.0,1941
CheMeleon,symmetry_equivalent,B,symmetry_equivalent_080,0.0,1941
CheMeleon,symmetry_equivalent,B,symmetry_equivalent_081,0.0,1941
CheMeleon,symmetry_equivalent,B,symmetry_equivalent_082,0.0,1941
CheMeleon,symmetry_equivalent,B,symmetry_equivalent_083,0.0,1941
CheMeleon,symmetry_equivalent,B,symmetry_equivalent_084,0.0,1941
CheMeleon,symmetry_equivalent,B,symmetry_equivalent_085,0.0,1941
CheMeleon,symmetry_equivalent,B,symmetry_equivalent_086,0.0,1941
CheMeleon,symmetry_equivalent,B,symmetry_equivalent_087,0.0,1941
CheMeleon,symmetry_equivalent,B,symmetry_equivalent_088,0.0,1941
CheMeleon,symmetry_equivalent,B,symmetry_equivalent_089,0.0,1941
CheMeleon,symmetry_equivalent,B,symmetry_equivalent_090,0.0,1941
CheMeleon,symmetry_equivalent,B,symmetry_equivalent_091,0.0,1941
CheMeleon,symmetry_equivalent,B,symmetry_equivalent_092,0.0,1941
CheMeleon,symmetry_equivalent,B,symmetry_equivalent_093,0.0,1941
CheMeleon,symmetry_equivalent,B,symmetry_equivalent_094,0.0,1941
CheMeleon,symmetry_equivalent,B,symmetry_equivalent_095,0.0,1941
CheMeleon,symmetry_equivalent,B,symmetry_equivalent_096,0.0,1941
CheMeleon,symmetry_equivalent,B,symmetry_equivalent_097,0.0,1941
CheMeleon,symmetry_equivalent,B,symmetry_equivalent_098,0.0,1941
CheMeleon,symmetry_equivalent,B,symmetry_equivalent_099,0.0,1941
CLIMB unsup (enum-aug),stereo_flip,A,stereo_flip_000,0.07114025021814661,512
CLIMB unsup (enum-aug),stereo_flip,A,stereo_flip_001,0.07406952244937604,512
CLIMB unsup (enum-aug),stereo_flip,A,stereo_flip_002,0.06418900097326148,512
CLIMB unsup (enum-aug),stereo_flip,A,stereo_flip_003,0.08874614934686595,512
CLIMB unsup (enum-aug),stereo_flip,A,stereo_flip_004,0.10535581289570684,512
CLIMB unsup (enum-aug),stereo_flip,A,stereo_flip_005,0.07685968045515064,512
CLIMB unsup (enum-aug),stereo_flip,A,stereo_flip_006,0.06972575416261126,512
CLIMB unsup (enum-aug),stereo_flip,A,stereo_flip_007,0.047493034643275284,512
CLIMB unsup (enum-aug),stereo_flip,A,stereo_flip_008,0.04827106492374943,512
CLIMB unsup (enum-aug),stereo_flip,A,stereo_flip_009,0.048940664043023815,512
CLIMB unsup (enum-aug),stereo_flip,A,stereo_flip_010,0.059463817071018034,512
CLIMB unsup (enum-aug),stereo_flip,A,stereo_flip_011,0.07708184388573205,512
CLIMB unsup (enum-aug),stereo_flip,A,stereo_flip_012,0.06134582977369655,512
CLIMB unsup (enum-aug),stereo_flip,A,stereo_flip_013,0.09813171610560133,512
CLIMB unsup (enum-aug),stereo_flip,A,stereo_flip_014,0.049847232309402675,512
CLIMB unsup (enum-aug),stereo_flip,A,stereo_flip_015,0.0818802813510897,512
CLIMB unsup (enum-aug),stereo_flip,A,stereo_flip_016,0.06949362597656134,512
CLIMB unsup (enum-aug),stereo_flip,A,stereo_flip_017,0.059201364061388005,512
CLIMB unsup (enum-aug),stereo_flip,A,stereo_flip_018,0.10310263985610955,512
CLIMB unsup (enum-aug),stereo_flip,A,stereo_flip_019,0.11091955110539176,512
CLIMB unsup (enum-aug),stereo_flip,A,stereo_flip_020,0.07539630488740313,512
CLIMB unsup (enum-aug),stereo_flip,A,stereo_flip_021,0.08160839883441778,512
CLIMB unsup (enum-aug),stereo_flip,A,stereo_flip_022,0.07831711816461095,512
CLIMB unsup (enum-aug),stereo_flip,A,stereo_flip_023,0.08823707808151064,512
CLIMB unsup (enum-aug),stereo_flip,A,stereo_flip_024,0.13354346591255178,512
CLIMB unsup (enum-aug),stereo_flip,A,stereo_flip_025,0.09956774734484354,512
CLIMB unsup (enum-aug),stereo_flip,A,stereo_flip_026,0.04828001073220459,512
CLIMB unsup (enum-aug),stereo_flip,A,stereo_flip_027,0.05495117149311838,512
CLIMB unsup (enum-aug),stereo_flip,A,stereo_flip_028,0.0681147066595015,512
CLIMB unsup (enum-aug),stereo_flip,A,stereo_flip_029,0.09851603530769824,512
CLIMB unsup (enum-aug),stereo_flip,A,stereo_flip_030,0.03800011118839575,512
CLIMB unsup (enum-aug),stereo_flip,A,stereo_flip_031,0.06021393766479757,512
CLIMB unsup (enum-aug),stereo_flip,A,stereo_flip_032,0.08641170503091733,512
CLIMB unsup (enum-aug),stereo_flip,A,stereo_flip_033,0.07188329537038175,512
CLIMB unsup (enum-aug),stereo_flip,A,stereo_flip_034,0.07443597136478436,512
CLIMB unsup (enum-aug),stereo_flip,A,stereo_flip_035,0.07080570780482498,512
CLIMB unsup (enum-aug),stereo_flip,A,stereo_flip_036,0.042415139743064496,512
CLIMB unsup (enum-aug),stereo_flip,A,stereo_flip_037,0.04896052459733774,512
CLIMB unsup (enum-aug),stereo_flip,A,stereo_flip_038,0.06727091966337126,512
CLIMB unsup (enum-aug),stereo_flip,A,stereo_flip_039,0.0657731820544648,512
CLIMB unsup (enum-aug),stereo_flip,A,stereo_flip_040,0.05584563653053544,512
CLIMB unsup (enum-aug),stereo_flip,A,stereo_flip_041,0.07416081796884408,512
CLIMB unsup (enum-aug),stereo_flip,A,stereo_flip_042,0.5562922013606222,512
CLIMB unsup (enum-aug),stereo_flip,A,stereo_flip_043,0.06809902011628068,512
CLIMB unsup (enum-aug),stereo_flip,A,stereo_flip_044,0.05908748691382857,512
CLIMB unsup (enum-aug),stereo_flip,A,stereo_flip_045,0.052804940251969204,512
CLIMB unsup (enum-aug),stereo_flip,A,stereo_flip_046,0.045260581577938976,512
CLIMB unsup (enum-aug),stereo_flip,A,stereo_flip_047,0.14188539026140368,512
CLIMB unsup (enum-aug),stereo_flip,A,stereo_flip_048,0.07414630426904241,512
CLIMB unsup (enum-aug),stereo_flip,A,stereo_flip_049,0.060232346342161965,512
CLIMB unsup (enum-aug),stereo_flip,A,stereo_flip_050,0.1015711726675882,512
CLIMB unsup (enum-aug),stereo_flip,A,stereo_flip_051,0.04908896677096023,512
CLIMB unsup (enum-aug),stereo_flip,A,stereo_flip_052,0.2962859221191282,512
CLIMB unsup (enum-aug),stereo_flip,A,stereo_flip_053,0.06625007607776448,512
CLIMB unsup (enum-aug),stereo_flip,A,stereo_flip_054,0.08518156183087963,512
CLIMB unsup (enum-aug),stereo_flip,A,stereo_flip_055,0.02934696172783837,512
CLIMB unsup (enum-aug),stereo_flip,A,stereo_flip_056,0.046398771877196696,512
CLIMB unsup (enum-aug),stereo_flip,A,stereo_flip_057,0.08052249990494563,512
CLIMB unsup (enum-aug),stereo_flip,A,stereo_flip_058,0.1463696302601395,512
CLIMB unsup (enum-aug),stereo_flip,A,stereo_flip_059,0.10175686913454203,512
CLIMB unsup (enum-aug),stereo_flip,A,stereo_flip_060,0.09923880222086458,512
CLIMB unsup (enum-aug),stereo_flip,A,stereo_flip_061,0.09880571756151268,512
CLIMB unsup (enum-aug),stereo_flip,A,stereo_flip_062,0.047184204360856984,512
CLIMB unsup (enum-aug),stereo_flip,A,stereo_flip_063,0.10950816768828717,512
CLIMB unsup (enum-aug),stereo_flip,A,stereo_flip_064,0.06870833478806483,512
CLIMB unsup (enum-aug),stereo_flip,A,stereo_flip_065,0.0580714481967997,512
CLIMB unsup (enum-aug),stereo_flip,A,stereo_flip_066,0.09544736056253661,512
CLIMB unsup (enum-aug),stereo_flip,A,stereo_flip_067,0.07992112634970192,512
CLIMB unsup (enum-aug),stereo_flip,A,stereo_flip_068,0.08770153805076257,512
CLIMB unsup (enum-aug),stereo_flip,A,stereo_flip_069,0.07468110456446854,512
CLIMB unsup (enum-aug),stereo_flip,A,stereo_flip_070,0.047348123008669855,512
CLIMB unsup (enum-aug),stereo_flip,A,stereo_flip_071,0.051826102965739335,512
CLIMB unsup (enum-aug),stereo_flip,A,stereo_flip_072,0.08630416162493935,512
CLIMB unsup (enum-aug),stereo_flip,A,stereo_flip_073,0.06574001000748922,512
CLIMB unsup (enum-aug),stereo_flip,A,stereo_flip_074,0.08679365154861762,512
CLIMB unsup (enum-aug),stereo_flip,A,stereo_flip_075,0.09233538387069103,512
CLIMB unsup (enum-aug),stereo_flip,A,stereo_flip_076,0.06527971139450604,512
CLIMB unsup (enum-aug),stereo_flip,A,stereo_flip_077,0.04988597942867968,512
CLIMB unsup (enum-aug),stereo_flip,A,stereo_flip_078,0.09227325844429399,512
CLIMB unsup (enum-aug),stereo_flip,A,stereo_flip_079,0.08598916432062174,512
CLIMB unsup (enum-aug),stereo_flip,A,stereo_flip_080,0.08808314816515318,512
CLIMB unsup (enum-aug),stereo_flip,A,stereo_flip_081,0.05977473371627597,512
CLIMB unsup (enum-aug),stereo_flip,A,stereo_flip_082,0.05390615520033237,512
CLIMB unsup (enum-aug),stereo_flip,A,stereo_flip_083,0.050176454868626395,512
CLIMB unsup (enum-aug),stereo_flip,A,stereo_flip_084,0.153470993156621,512
CLIMB unsup (enum-aug),stereo_flip,A,stereo_flip_085,0.0714232320823351,512
CLIMB unsup (enum-aug),stereo_flip,A,stereo_flip_086,0.12201308948475649,512
CLIMB unsup (enum-aug),stereo_flip,A,stereo_flip_087,0.06929170368374794,512
CLIMB unsup (enum-aug),stereo_flip,A,stereo_flip_088,0.09748472387457724,512
CLIMB unsup (enum-aug),stereo_flip,A,stereo_flip_089,0.10247847499031973,512
CLIMB unsup (enum-aug),stereo_flip,A,stereo_flip_090,0.06710399999247878,512
CLIMB unsup (enum-aug),stereo_flip,A,stereo_flip_091,0.04121023803556447,512
CLIMB unsup (enum-aug),stereo_flip,A,stereo_flip_092,0.04790047748433547,512
CLIMB unsup (enum-aug),stereo_flip,A,stereo_flip_093,0.05345209978601188,512
CLIMB unsup (enum-aug),stereo_flip,A,stereo_flip_094,0.06141231667244513,512
CLIMB unsup (enum-aug),stereo_flip,A,stereo_flip_095,0.03631992171736114,512
CLIMB unsup (enum-aug),stereo_flip,A,stereo_flip_096,0.08980244798418434,512
CLIMB unsup (enum-aug),stereo_flip,A,stereo_flip_097,0.04805366992656009,512
CLIMB unsup (enum-aug),stereo_flip,A,stereo_flip_098,0.0788670367271384,512
CLIMB unsup (enum-aug),stereo_flip,A,stereo_flip_099,0.1205690006377963,512
CLIMB unsup (enum-aug),ez_flip,A,ez_flip_000,0.10418545805369589,512
CLIMB unsup (enum-aug),ez_flip,A,ez_flip_001,0.09114907148737036,512
CLIMB unsup (enum-aug),ez_flip,A,ez_flip_002,0.16679546627246641,512
CLIMB unsup (enum-aug),ez_flip,A,ez_flip_003,0.057464790770273694,512
CLIMB unsup (enum-aug),ez_flip,A,ez_flip_004,0.09874761686784446,512
CLIMB unsup (enum-aug),ez_flip,A,ez_flip_005,0.07219760293375034,512
CLIMB unsup (enum-aug),ez_flip,A,ez_flip_006,0.0912274271541273,512
CLIMB unsup (enum-aug),ez_flip,A,ez_flip_007,0.09692287081975264,512
CLIMB unsup (enum-aug),ez_flip,A,ez_flip_008,0.09234169948540914,512
CLIMB unsup (enum-aug),ez_flip,A,ez_flip_009,0.10181530765169018,512
CLIMB unsup (enum-aug),ez_flip,A,ez_flip_010,0.07391012044172945,512
CLIMB unsup (enum-aug),ez_flip,A,ez_flip_011,0.12388691766251227,512
CLIMB unsup (enum-aug),ez_flip,A,ez_flip_012,0.06572512423579045,512
CLIMB unsup (enum-aug),ez_flip,A,ez_flip_013,0.05782834202062211,512
CLIMB unsup (enum-aug),ez_flip,A,ez_flip_014,0.08284802201681939,512
CLIMB unsup (enum-aug),ez_flip,A,ez_flip_015,0.08059837794618586,512
CLIMB unsup (enum-aug),ez_flip,A,ez_flip_016,0.09151085370618987,512
CLIMB unsup (enum-aug),ez_flip,A,ez_flip_017,0.053138348179399095,512
CLIMB unsup (enum-aug),ez_flip,A,ez_flip_018,0.06899297358240916,512
CLIMB unsup (enum-aug),ez_flip,A,ez_flip_019,0.058743108912733266,512
CLIMB unsup (enum-aug),ez_flip,A,ez_flip_020,0.12596481001877557,512
CLIMB unsup (enum-aug),ez_flip,A,ez_flip_021,0.10429538671847528,512
CLIMB unsup (enum-aug),ez_flip,A,ez_flip_022,0.14505463561055712,512
CLIMB unsup (enum-aug),ez_flip,A,ez_flip_023,0.11599771208339381,512
CLIMB unsup (enum-aug),ez_flip,A,ez_flip_024,0.07066216859909123,512
CLIMB unsup (enum-aug),ez_flip,A,ez_flip_025,0.0776322421070867,512
CLIMB unsup (enum-aug),ez_flip,A,ez_flip_026,0.11469740922215145,512
CLIMB unsup (enum-aug),ez_flip,A,ez_flip_027,0.08703418147820442,512
CLIMB unsup (enum-aug),ez_flip,A,ez_flip_028,0.0649991667243432,512
CLIMB unsup (enum-aug),ez_flip,A,ez_flip_029,0.0885426622143202,512
CLIMB unsup (enum-aug),ez_flip,A,ez_flip_030,0.1214201900759329,512
CLIMB unsup (enum-aug),ez_flip,A,ez_flip_031,0.11280230789744165,512
CLIMB unsup (enum-aug),ez_flip,A,ez_flip_032,0.08513266629298269,512
CLIMB unsup (enum-aug),ez_flip,A,ez_flip_033,0.09878397800043474,512
CLIMB unsup (enum-aug),ez_flip,A,ez_flip_034,0.25454917550422634,512
CLIMB unsup (enum-aug),ez_flip,A,ez_flip_035,0.0853297540377083,512
CLIMB unsup (enum-aug),ez_flip,A,ez_flip_036,0.074255526410912,512
CLIMB unsup (enum-aug),ez_flip,A,ez_flip_037,0.06948647085835426,512
CLIMB unsup (enum-aug),ez_flip,A,ez_flip_038,0.07917800873626647,512
CLIMB unsup (enum-aug),ez_flip,A,ez_flip_039,0.23603950768198556,512
CLIMB unsup (enum-aug),ez_flip,A,ez_flip_040,0.056387143064810796,512
CLIMB unsup (enum-aug),ez_flip,A,ez_flip_041,0.1415848627044086,512
CLIMB unsup (enum-aug),ez_flip,A,ez_flip_042,0.10003077452563676,512
CLIMB unsup (enum-aug),ez_flip,A,ez_flip_043,0.20684281855526218,512
CLIMB unsup (enum-aug),ez_flip,A,ez_flip_044,0.05069756816016238,512
CLIMB unsup (enum-aug),ez_flip,A,ez_flip_045,0.06811462248302173,512
CLIMB unsup (enum-aug),ez_flip,A,ez_flip_046,0.08605039234209919,512
CLIMB unsup (enum-aug),ez_flip,A,ez_flip_047,0.09335044172309409,512
CLIMB unsup (enum-aug),ez_flip,A,ez_flip_048,0.07777750762830785,512
CLIMB unsup (enum-aug),ez_flip,A,ez_flip_049,0.06746401450279635,512
CLIMB unsup (enum-aug),ez_flip,A,ez_flip_050,0.1474174701016392,512
CLIMB unsup (enum-aug),ez_flip,A,ez_flip_051,0.04136483039685821,512
CLIMB unsup (enum-aug),ez_flip,A,ez_flip_052,0.07831282927797535,512
CLIMB unsup (enum-aug),ez_flip,A,ez_flip_053,0.10413371867033559,512
CLIMB unsup (enum-aug),ez_flip,A,ez_flip_054,0.0979765873633072,512
CLIMB unsup (enum-aug),ez_flip,A,ez_flip_055,0.08369978738319911,512
CLIMB unsup (enum-aug),ez_flip,A,ez_flip_056,0.07203052688821031,512
CLIMB unsup (enum-aug),ez_flip,A,ez_flip_057,0.06468361600065697,512
CLIMB unsup (enum-aug),ez_flip,A,ez_flip_058,0.0646214143867113,512
CLIMB unsup (enum-aug),ez_flip,A,ez_flip_059,0.5192847214363479,512
CLIMB unsup (enum-aug),ez_flip,A,ez_flip_060,0.10857357522061392,512
CLIMB unsup (enum-aug),ez_flip,A,ez_flip_061,0.09328114138079091,512
CLIMB unsup (enum-aug),ez_flip,A,ez_flip_062,0.12268032433333327,512
CLIMB unsup (enum-aug),ez_flip,A,ez_flip_063,0.09601274435197837,512
CLIMB unsup (enum-aug),ez_flip,A,ez_flip_064,0.061715593605440815,512
CLIMB unsup (enum-aug),ez_flip,A,ez_flip_065,0.07073783954414682,512
CLIMB unsup (enum-aug),ez_flip,A,ez_flip_066,0.0813574139926914,512
CLIMB unsup (enum-aug),ez_flip,A,ez_flip_067,0.06968464969887851,512
CLIMB unsup (enum-aug),ez_flip,A,ez_flip_068,0.4141761830523831,512
CLIMB unsup (enum-aug),ez_flip,A,ez_flip_069,0.05497121072231225,512
CLIMB unsup (enum-aug),ez_flip,A,ez_flip_070,0.09070741383437893,512
CLIMB unsup (enum-aug),ez_flip,A,ez_flip_071,0.08468239429948861,512
CLIMB unsup (enum-aug),ez_flip,A,ez_flip_072,0.08146830712196126,512
CLIMB unsup (enum-aug),ez_flip,A,ez_flip_073,0.08026085297889547,512
CLIMB unsup (enum-aug),ez_flip,A,ez_flip_074,0.08872168576961899,512
CLIMB unsup (enum-aug),ez_flip,A,ez_flip_075,0.07868561043629779,512
CLIMB unsup (enum-aug),ez_flip,A,ez_flip_076,0.08249295794007906,512
CLIMB unsup (enum-aug),ez_flip,A,ez_flip_077,0.1108000441442747,512
CLIMB unsup (enum-aug),ez_flip,A,ez_flip_078,0.0664853404711823,512
CLIMB unsup (enum-aug),ez_flip,A,ez_flip_079,0.06789409369525559,512
CLIMB unsup (enum-aug),ez_flip,A,ez_flip_080,0.07042088528402313,512
CLIMB unsup (enum-aug),ez_flip,A,ez_flip_081,0.06893512485937933,512
CLIMB unsup (enum-aug),ez_flip,A,ez_flip_082,0.08215311114309147,512
CLIMB unsup (enum-aug),ez_flip,A,ez_flip_083,0.24235732737649265,512
CLIMB unsup (enum-aug),ez_flip,A,ez_flip_084,0.09472534906413904,512
CLIMB unsup (enum-aug),ez_flip,A,ez_flip_085,0.1954801204332167,512
CLIMB unsup (enum-aug),ez_flip,A,ez_flip_086,0.09343395962719586,512
CLIMB unsup (enum-aug),ez_flip,A,ez_flip_087,0.06886131484647956,512
CLIMB unsup (enum-aug),ez_flip,A,ez_flip_088,0.0641470641703778,512
CLIMB unsup (enum-aug),ez_flip,A,ez_flip_089,0.31098327695761174,512
CLIMB unsup (enum-aug),ez_flip,A,ez_flip_090,0.3089380849093718,512
CLIMB unsup (enum-aug),ez_flip,A,ez_flip_091,0.11027997851725671,512
CLIMB unsup (enum-aug),ez_flip,A,ez_flip_092,0.0888686536284643,512
CLIMB unsup (enum-aug),ez_flip,A,ez_flip_093,0.09059104382040827,512
CLIMB unsup (enum-aug),ez_flip,A,ez_flip_094,0.5836498460947759,512
CLIMB unsup (enum-aug),ez_flip,A,ez_flip_095,0.1492740895603802,512
CLIMB unsup (enum-aug),ez_flip,A,ez_flip_096,0.11611388792210445,512
CLIMB unsup (enum-aug),ez_flip,A,ez_flip_097,0.2585639201924114,512
CLIMB unsup (enum-aug),ez_flip,A,ez_flip_098,0.07959444647328263,512
CLIMB unsup (enum-aug),ez_flip,A,ez_flip_099,0.07041862064867688,512
CLIMB unsup (enum-aug),c_to_n,A,c_to_n_000,0.49436651509426494,512
CLIMB unsup (enum-aug),c_to_n,A,c_to_n_001,0.31358209277044136,512
CLIMB unsup (enum-aug),c_to_n,A,c_to_n_002,0.15595903494708746,512
CLIMB unsup (enum-aug),c_to_n,A,c_to_n_003,0.12130166387817017,512
CLIMB unsup (enum-aug),c_to_n,A,c_to_n_004,0.18204516266368723,512
CLIMB unsup (enum-aug),c_to_n,A,c_to_n_005,0.1603654043316247,512
CLIMB unsup (enum-aug),c_to_n,A,c_to_n_006,0.2427280899735079,512
CLIMB unsup (enum-aug),c_to_n,A,c_to_n_007,0.3473667212510837,512
CLIMB unsup (enum-aug),c_to_n,A,c_to_n_008,0.13080792626161397,512
CLIMB unsup (enum-aug),c_to_n,A,c_to_n_009,0.19421536934332456,512
CLIMB unsup (enum-aug),c_to_n,A,c_to_n_010,0.27009355921508305,512
CLIMB unsup (enum-aug),c_to_n,A,c_to_n_011,0.20659408169332083,512
CLIMB unsup (enum-aug),c_to_n,A,c_to_n_012,0.21685116066071228,512
CLIMB unsup (enum-aug),c_to_n,A,c_to_n_013,0.17424151760484882,512
CLIMB unsup (enum-aug),c_to_n,A,c_to_n_014,0.2301464246095407,512
CLIMB unsup (enum-aug),c_to_n,A,c_to_n_015,0.21979558876757013,512
CLIMB unsup (enum-aug),c_to_n,A,c_to_n_016,0.272077262597088,512
CLIMB unsup (enum-aug),c_to_n,A,c_to_n_017,0.20630959117082615,512
CLIMB unsup (enum-aug),c_to_n,A,c_to_n_018,0.17600507342753774,512
CLIMB unsup (enum-aug),c_to_n,A,c_to_n_019,0.24108931201594536,512
CLIMB unsup (enum-aug),c_to_n,A,c_to_n_020,0.1269707170204048,512
CLIMB unsup (enum-aug),c_to_n,A,c_to_n_021,0.16444978558278917,512
CLIMB unsup (enum-aug),c_to_n,A,c_to_n_022,0.18197376961785236,512
CLIMB unsup (enum-aug),c_to_n,A,c_to_n_023,0.2703427822521206,512
CLIMB unsup (enum-aug),c_to_n,A,c_to_n_024,0.17188370759284688,512
CLIMB unsup (enum-aug),c_to_n,A,c_to_n_025,0.14718865692163935,512
CLIMB unsup (enum-aug),c_to_n,A,c_to_n_026,0.1765161653545533,512
CLIMB unsup (enum-aug),c_to_n,A,c_to_n_027,0.16783541431550034,512
CLIMB unsup (enum-aug),c_to_n,A,c_to_n_028,0.1635944338631206,512
CLIMB unsup (enum-aug),c_to_n,A,c_to_n_029,0.1271264537493232,512
CLIMB unsup (enum-aug),c_to_n,A,c_to_n_030,0.15785862846859128,512
CLIMB unsup (enum-aug),c_to_n,A,c_to_n_031,0.16484173613329903,512
CLIMB unsup (enum-aug),c_to_n,A,c_to_n_032,0.32451156685714216,512
CLIMB unsup (enum-aug),c_to_n,A,c_to_n_033,0.2759773667326617,512
CLIMB unsup (enum-aug),c_to_n,A,c_to_n_034,0.3447372112933808,512
CLIMB unsup (enum-aug),c_to_n,A,c_to_n_035,0.15638169733574808,512
CLIMB unsup (enum-aug),c_to_n,A,c_to_n_036,0.1537672457192836,512
CLIMB unsup (enum-aug),c_to_n,A,c_to_n_037,0.15420198755084927,512
CLIMB unsup (enum-aug),c_to_n,A,c_to_n_038,0.16613320965744005,512
CLIMB unsup (enum-aug),c_to_n,A,c_to_n_039,0.1239121698595573,512
CLIMB unsup (enum-aug),c_to_n,A,c_to_n_040,0.6220173710453331,512
CLIMB unsup (enum-aug),c_to_n,A,c_to_n_041,0.16665233037470253,512
CLIMB unsup (enum-aug),c_to_n,A,c_to_n_042,0.20436449950070773,512
CLIMB unsup (enum-aug),c_to_n,A,c_to_n_043,0.22416561646293953,512
CLIMB unsup (enum-aug),c_to_n,A,c_to_n_044,0.09894606187776317,512
CLIMB unsup (enum-aug),c_to_n,A,c_to_n_045,0.1250006073965149,512
CLIMB unsup (enum-aug),c_to_n,A,c_to_n_046,0.1465203625678667,512
CLIMB unsup (enum-aug),c_to_n,A,c_to_n_047,0.2292347940351453,512
CLIMB unsup (enum-aug),c_to_n,A,c_to_n_048,0.2743129326437764,512
CLIMB unsup (enum-aug),c_to_n,A,c_to_n_049,0.21801503260447058,512
CLIMB unsup (enum-aug),c_to_n,A,c_to_n_050,0.10577191835220934,512
CLIMB unsup (enum-aug),c_to_n,A,c_to_n_051,0.6103785852450895,512
CLIMB unsup (enum-aug),c_to_n,A,c_to_n_052,0.13270660511350368,512
CLIMB unsup (enum-aug),c_to_n,A,c_to_n_053,0.1891386589583085,512
CLIMB unsup (enum-aug),c_to_n,A,c_to_n_054,0.17940473383682753,512
CLIMB unsup (enum-aug),c_to_n,A,c_to_n_055,0.20837153336503003,512
CLIMB unsup (enum-aug),c_to_n,A,c_to_n_056,0.12179618495054262,512
CLIMB unsup (enum-aug),c_to_n,A,c_to_n_057,0.40799648534003335,512
CLIMB unsup (enum-aug),c_to_n,A,c_to_n_058,0.20202851338095928,512
CLIMB unsup (enum-aug),c_to_n,A,c_to_n_059,0.1566026436444204,512
CLIMB unsup (enum-aug),c_to_n,A,c_to_n_060,0.7911523028907256,512
CLIMB unsup (enum-aug),c_to_n,A,c_to_n_061,0.523071569637069,512
CLIMB unsup (enum-aug),c_to_n,A,c_to_n_062,0.3904508005173011,512
CLIMB unsup (enum-aug),c_to_n,A,c_to_n_063,0.18253330503206852,512
CLIMB unsup (enum-aug),c_to_n,A,c_to_n_064,0.3065796947011985,512
CLIMB unsup (enum-aug),c_to_n,A,c_to_n_065,0.25392393512960504,512
CLIMB unsup (enum-aug),c_to_n,A,c_to_n_066,0.20930001032727372,512
CLIMB unsup (enum-aug),c_to_n,A,c_to_n_067,0.16091945591925622,512
CLIMB unsup (enum-aug),c_to_n,A,c_to_n_068,0.19228381234644326,512
CLIMB unsup (enum-aug),c_to_n,A,c_to_n_069,0.16790424143120955,512
CLIMB unsup (enum-aug),c_to_n,A,c_to_n_070,0.20877974589125967,512
CLIMB unsup (enum-aug),c_to_n,A,c_to_n_071,0.2143163281706756,512
CLIMB unsup (enum-aug),c_to_n,A,c_to_n_072,0.10189885521838199,512
CLIMB unsup (enum-aug),c_to_n,A,c_to_n_073,0.14135121199850095,512
CLIMB unsup (enum-aug),c_to_n,A,c_to_n_074,0.20459943637132,512
CLIMB unsup (enum-aug),c_to_n,A,c_to_n_075,0.1917403986402538,512
CLIMB unsup (enum-aug),c_to_n,A,c_to_n_076,0.21102009593429624,512
CLIMB unsup (enum-aug),c_to_n,A,c_to_n_077,0.17825769055548507,512
CLIMB unsup (enum-aug),c_to_n,A,c_to_n_078,0.3052900807638313,512
CLIMB unsup (enum-aug),c_to_n,A,c_to_n_079,0.1821845520677677,512
CLIMB unsup (enum-aug),c_to_n,A,c_to_n_080,0.23036076307839226,512
CLIMB unsup (enum-aug),c_to_n,A,c_to_n_081,0.17466871841428716,512
CLIMB unsup (enum-aug),c_to_n,A,c_to_n_082,0.16039040397706292,512
CLIMB unsup (enum-aug),c_to_n,A,c_to_n_083,0.27775098223846134,512
CLIMB unsup (enum-aug),c_to_n,A,c_to_n_084,0.1964766384779476,512
CLIMB unsup (enum-aug),c_to_n,A,c_to_n_085,0.16423009964610782,512
CLIMB unsup (enum-aug),c_to_n,A,c_to_n_086,0.1687196770758671,512
CLIMB unsup (enum-aug),c_to_n,A,c_to_n_087,0.7719399644691768,512
CLIMB unsup (enum-aug),c_to_n,A,c_to_n_088,0.1742723831313653,512
CLIMB unsup (enum-aug),c_to_n,A,c_to_n_089,0.12814322770939257,512
CLIMB unsup (enum-aug),c_to_n,A,c_to_n_090,0.10781676709621524,512
CLIMB unsup (enum-aug),c_to_n,A,c_to_n_091,0.656748707683299,512
CLIMB unsup (enum-aug),c_to_n,A,c_to_n_092,0.229277096339789,512
CLIMB unsup (enum-aug),c_to_n,A,c_to_n_093,0.34754696636188337,512
CLIMB unsup (enum-aug),c_to_n,A,c_to_n_094,0.16070918421887748,512
CLIMB unsup (enum-aug),c_to_n,A,c_to_n_095,0.15441680519259224,512
CLIMB unsup (enum-aug),c_to_n,A,c_to_n_096,0.18451060682142706,512
CLIMB unsup (enum-aug),c_to_n,A,c_to_n_097,0.5594283073220228,512
CLIMB unsup (enum-aug),c_to_n,A,c_to_n_098,0.6719138480236347,512
CLIMB unsup (enum-aug),c_to_n,A,c_to_n_099,0.38367041621503245,512
CLIMB unsup (enum-aug),add_methyl,A,add_methyl_000,0.498331853822256,512
CLIMB unsup (enum-aug),add_methyl,A,add_methyl_001,0.4679661529131125,512
CLIMB unsup (enum-aug),add_methyl,A,add_methyl_002,0.4294175185334447,512
CLIMB unsup (enum-aug),add_methyl,A,add_methyl_003,0.1389832766030762,512
CLIMB unsup (enum-aug),add_methyl,A,add_methyl_004,0.19684568339919023,512
CLIMB unsup (enum-aug),add_methyl,A,add_methyl_005,0.8434440226377056,512
CLIMB unsup (enum-aug),add_methyl,A,add_methyl_006,0.36042624997971784,512
CLIMB unsup (enum-aug),add_methyl,A,add_methyl_007,0.262595661955306,512
CLIMB unsup (enum-aug),add_methyl,A,add_methyl_008,0.43605469231179095,512
CLIMB unsup (enum-aug),add_methyl,A,add_methyl_009,0.4341105918143458,512
CLIMB unsup (enum-aug),add_methyl,A,add_methyl_010,0.2538504222507635,512
CLIMB unsup (enum-aug),add_methyl,A,add_methyl_011,0.5236949810386964,512
CLIMB unsup (enum-aug),add_methyl,A,add_methyl_012,0.48858070921771424,512
CLIMB unsup (enum-aug),add_methyl,A,add_methyl_013,0.13226214566390979,512
CLIMB unsup (enum-aug),add_methyl,A,add_methyl_014,0.2837253357916283,512
CLIMB unsup (enum-aug),add_methyl,A,add_methyl_015,0.5020088534541015,512
CLIMB unsup (enum-aug),add_methyl,A,add_methyl_016,0.23317911801319485,512
CLIMB unsup (enum-aug),add_methyl,A,add_methyl_017,0.47852372424069767,512
CLIMB unsup (enum-aug),add_methyl,A,add_methyl_018,0.43840594428526286,512
CLIMB unsup (enum-aug),add_methyl,A,add_methyl_019,0.6337187363816319,512
CLIMB unsup (enum-aug),add_methyl,A,add_methyl_020,0.3342875709132229,512
CLIMB unsup (enum-aug),add_methyl,A,add_methyl_021,0.40047597009717284,512
CLIMB unsup (enum-aug),add_methyl,A,add_methyl_022,0.5667910718243147,512
CLIMB unsup (enum-aug),add_methyl,A,add_methyl_023,0.21820911856821765,512
CLIMB unsup (enum-aug),add_methyl,A,add_methyl_024,0.49180366977627693,512
CLIMB unsup (enum-aug),add_methyl,A,add_methyl_025,0.3226430157540572,512
CLIMB unsup (enum-aug),add_methyl,A,add_methyl_026,0.5118190603740999,512
CLIMB unsup (enum-aug),add_methyl,A,add_methyl_027,0.2804647155503261,512
CLIMB unsup (enum-aug),add_methyl,A,add_methyl_028,0.14562589075032306,512
CLIMB unsup (enum-aug),add_methyl,A,add_methyl_029,0.24830070530044202,512
CLIMB unsup (enum-aug),add_methyl,A,add_methyl_030,0.5403250285978995,512
CLIMB unsup (enum-aug),add_methyl,A,add_methyl_031,0.2255532160722752,512
CLIMB unsup (enum-aug),add_methyl,A,add_methyl_032,0.8378225245555394,512
CLIMB unsup (enum-aug),add_methyl,A,add_methyl_033,0.373000348189552,512
CLIMB unsup (enum-aug),add_methyl,A,add_methyl_034,0.6483854289576273,512
CLIMB unsup (enum-aug),add_methyl,A,add_methyl_035,0.2145166100970834,512
CLIMB unsup (enum-aug),add_methyl,A,add_methyl_036,0.18967749890043886,512
CLIMB unsup (enum-aug),add_methyl,A,add_methyl_037,0.22268924586964903,512
CLIMB unsup (enum-aug),add_methyl,A,add_methyl_038,0.1567081181851103,512
CLIMB unsup (enum-aug),add_methyl,A,add_methyl_039,0.2665906617412588,512
CLIMB unsup (enum-aug),add_methyl,A,add_methyl_040,0.668079755114203,512
CLIMB unsup (enum-aug),add_methyl,A,add_methyl_041,0.24379570865173844,512
CLIMB unsup (enum-aug),add_methyl,A,add_methyl_042,0.7226446716018713,512
CLIMB unsup (enum-aug),add_methyl,A,add_methyl_043,0.23079060133974014,512
CLIMB unsup (enum-aug),add_methyl,A,add_methyl_044,0.15379398998311833,512
CLIMB unsup (enum-aug),add_methyl,A,add_methyl_045,0.2078965911306236,512
CLIMB unsup (enum-aug),add_methyl,A,add_methyl_046,0.7542670979705665,512
CLIMB unsup (enum-aug),add_methyl,A,add_methyl_047,0.5447073909683047,512
CLIMB unsup (enum-aug),add_methyl,A,add_methyl_048,0.197032182062773,512
CLIMB unsup (enum-aug),add_methyl,A,add_methyl_049,0.3944583302290292,512
CLIMB unsup (enum-aug),add_methyl,A,add_methyl_050,0.4628257030553941,512
CLIMB unsup (enum-aug),add_methyl,A,add_methyl_051,0.6689787453545859,512
CLIMB unsup (enum-aug),add_methyl,A,add_methyl_052,0.28536151564184886,512
CLIMB unsup (enum-aug),add_methyl,A,add_methyl_053,0.261970747160405,512
CLIMB unsup (enum-aug),add_methyl,A,add_methyl_054,0.17259271729979336,512
CLIMB unsup (enum-aug),add_methyl,A,add_methyl_055,0.1542716670821553,512
CLIMB unsup (enum-aug),add_methyl,A,add_methyl_056,0.2017434668336023,512
CLIMB unsup (enum-aug),add_methyl,A,add_methyl_057,1.0255330608907103,512
CLIMB unsup (enum-aug),add_methyl,A,add_methyl_058,0.1924419767418891,512
CLIMB unsup (enum-aug),add_methyl,A,add_methyl_059,0.31457796605667854,512
CLIMB unsup (enum-aug),add_methyl,A,add_methyl_060,0.24456182522452838,512
CLIMB unsup (enum-aug),add_methyl,A,add_methyl_061,0.443775382855162,512
CLIMB unsup (enum-aug),add_methyl,A,add_methyl_062,0.6263974819972898,512
CLIMB unsup (enum-aug),add_methyl,A,add_methyl_063,0.3042133513730771,512
CLIMB unsup (enum-aug),add_methyl,A,add_methyl_064,0.40303709447899827,512
CLIMB unsup (enum-aug),add_methyl,A,add_methyl_065,0.48351739791349463,512
CLIMB unsup (enum-aug),add_methyl,A,add_methyl_066,0.7324142858428935,512
CLIMB unsup (enum-aug),add_methyl,A,add_methyl_067,0.1580909560146468,512
CLIMB unsup (enum-aug),add_methyl,A,add_methyl_068,0.3849154263569662,512
CLIMB unsup (enum-aug),add_methyl,A,add_methyl_069,0.18627925339374718,512
CLIMB unsup (enum-aug),add_methyl,A,add_methyl_070,0.3334280768268033,512
CLIMB unsup (enum-aug),add_methyl,A,add_methyl_071,0.5286783761133499,512
CLIMB unsup (enum-aug),add_methyl,A,add_methyl_072,0.28006960730670755,512
CLIMB unsup (enum-aug),add_methyl,A,add_methyl_073,0.18445582870778746,512
CLIMB unsup (enum-aug),add_methyl,A,add_methyl_074,0.6693307300495495,512
CLIMB unsup (enum-aug),add_methyl,A,add_methyl_075,0.26375189254453135,512
CLIMB unsup (enum-aug),add_methyl,A,add_methyl_076,0.4332922753090165,512
CLIMB unsup (enum-aug),add_methyl,A,add_methyl_077,0.4607423437394025,512
CLIMB unsup (enum-aug),add_methyl,A,add_methyl_078,0.262409800026622,512
CLIMB unsup (enum-aug),add_methyl,A,add_methyl_079,0.5539069779641397,512
CLIMB unsup (enum-aug),add_methyl,A,add_methyl_080,0.6923222069078759,512
CLIMB unsup (enum-aug),add_methyl,A,add_methyl_081,0.13445785205075514,512
CLIMB unsup (enum-aug),add_methyl,A,add_methyl_082,0.39570652556535174,512
CLIMB unsup (enum-aug),add_methyl,A,add_methyl_083,0.47680051511804666,512
CLIMB unsup (enum-aug),add_methyl,A,add_methyl_084,0.6209690200813057,512
CLIMB unsup (enum-aug),add_methyl,A,add_methyl_085,0.4644836481467544,512
CLIMB unsup (enum-aug),add_methyl,A,add_methyl_086,0.2407750687325284,512
CLIMB unsup (enum-aug),add_methyl,A,add_methyl_087,0.5415026673761447,512
CLIMB unsup (enum-aug),add_methyl,A,add_methyl_088,0.1967493040160807,512
CLIMB unsup (enum-aug),add_methyl,A,add_methyl_089,0.35038306132960184,512
CLIMB unsup (enum-aug),add_methyl,A,add_methyl_090,0.10909580569893938,512
CLIMB unsup (enum-aug),add_methyl,A,add_methyl_091,0.7922615259218949,512
CLIMB unsup (enum-aug),add_methyl,A,add_methyl_092,0.18449261145996965,512
CLIMB unsup (enum-aug),add_methyl,A,add_methyl_093,0.7559087115606609,512
CLIMB unsup (enum-aug),add_methyl,A,add_methyl_094,0.1314491607788149,512
CLIMB unsup (enum-aug),add_methyl,A,add_methyl_095,0.6404820023890698,512
CLIMB unsup (enum-aug),add_methyl,A,add_methyl_096,0.1438614655714956,512
CLIMB unsup (enum-aug),add_methyl,A,add_methyl_097,0.2425651650550225,512
CLIMB unsup (enum-aug),add_methyl,A,add_methyl_098,0.5143969366797351,512
CLIMB unsup (enum-aug),add_methyl,A,add_methyl_099,0.8076247020424008,512
CLIMB unsup (enum-aug),add_fluorine,A,add_fluorine_000,0.49186469570637487,512
CLIMB unsup (enum-aug),add_fluorine,A,add_fluorine_001,0.48774797311013407,512
CLIMB unsup (enum-aug),add_fluorine,A,add_fluorine_002,0.13584701446983358,512
CLIMB unsup (enum-aug),add_fluorine,A,add_fluorine_003,0.20433577321411447,512
CLIMB unsup (enum-aug),add_fluorine,A,add_fluorine_004,0.1800474413034815,512
CLIMB unsup (enum-aug),add_fluorine,A,add_fluorine_005,0.3417585897328259,512
CLIMB unsup (enum-aug),add_fluorine,A,add_fluorine_006,0.3079276261849993,512
CLIMB unsup (enum-aug),add_fluorine,A,add_fluorine_007,0.27768116369729795,512
CLIMB unsup (enum-aug),add_fluorine,A,add_fluorine_008,0.1470748929289121,512
CLIMB unsup (enum-aug),add_fluorine,A,add_fluorine_009,0.14515291672609099,512
CLIMB unsup (enum-aug),add_fluorine,A,add_fluorine_010,0.3091318789257754,512
CLIMB unsup (enum-aug),add_fluorine,A,add_fluorine_011,0.20179574099546066,512
CLIMB unsup (enum-aug),add_fluorine,A,add_fluorine_012,0.20040797972385777,512
CLIMB unsup (enum-aug),add_fluorine,A,add_fluorine_013,0.1474108719163273,512
CLIMB unsup (enum-aug),add_fluorine,A,add_fluorine_014,0.2765730764691934,512
CLIMB unsup (enum-aug),add_fluorine,A,add_fluorine_015,0.23854004449408195,512
CLIMB unsup (enum-aug),add_fluorine,A,add_fluorine_016,0.321264425919734,512
CLIMB unsup (enum-aug),add_fluorine,A,add_fluorine_017,0.22189223054730076,512
CLIMB unsup (enum-aug),add_fluorine,A,add_fluorine_018,0.2596489145459678,512
CLIMB unsup (enum-aug),add_fluorine,A,add_fluorine_019,0.3445023136005906,512
CLIMB unsup (enum-aug),add_fluorine,A,add_fluorine_020,0.2224398104884614,512
CLIMB unsup (enum-aug),add_fluorine,A,add_fluorine_021,0.17761995007692488,512
CLIMB unsup (enum-aug),add_fluorine,A,add_fluorine_022,0.1770492690740948,512
CLIMB unsup (enum-aug),add_fluorine,A,add_fluorine_023,0.20541484340055519,512
CLIMB unsup (enum-aug),add_fluorine,A,add_fluorine_024,0.13904546317145455,512
CLIMB unsup (enum-aug),add_fluorine,A,add_fluorine_025,0.12381688084153361,512
CLIMB unsup (enum-aug),add_fluorine,A,add_fluorine_026,0.21125964676501752,512
CLIMB unsup (enum-aug),add_fluorine,A,add_fluorine_027,0.21976218648462295,512
CLIMB unsup (enum-aug),add_fluorine,A,add_fluorine_028,0.160302603888136,512
CLIMB unsup (enum-aug),add_fluorine,A,add_fluorine_029,0.13866825238428748,512
CLIMB unsup (enum-aug),add_fluorine,A,add_fluorine_030,0.5612165091020362,512
CLIMB unsup (enum-aug),add_fluorine,A,add_fluorine_031,0.26203531289487936,512
CLIMB unsup (enum-aug),add_fluorine,A,add_fluorine_032,0.28113310202344416,512
CLIMB unsup (enum-aug),add_fluorine,A,add_fluorine_033,0.3552155617129284,512
CLIMB unsup (enum-aug),add_fluorine,A,add_fluorine_034,0.48646163907049017,512
CLIMB unsup (enum-aug),add_fluorine,A,add_fluorine_035,0.18825066091767034,512
CLIMB unsup (enum-aug),add_fluorine,A,add_fluorine_036,0.28599455407995356,512
CLIMB unsup (enum-aug),add_fluorine,A,add_fluorine_037,0.20150806504813862,512
CLIMB unsup (enum-aug),add_fluorine,A,add_fluorine_038,0.15185915243550321,512
CLIMB unsup (enum-aug),add_fluorine,A,add_fluorine_039,0.1814393583310619,512
CLIMB unsup (enum-aug),add_fluorine,A,add_fluorine_040,0.5351386714627316,512
CLIMB unsup (enum-aug),add_fluorine,A,add_fluorine_041,0.24545290851831042,512
CLIMB unsup (enum-aug),add_fluorine,A,add_fluorine_042,0.24720264538783449,512
CLIMB unsup (enum-aug),add_fluorine,A,add_fluorine_043,0.2510034926735544,512
CLIMB unsup (enum-aug),add_fluorine,A,add_fluorine_044,0.16422365080594317,512
CLIMB unsup (enum-aug),add_fluorine,A,add_fluorine_045,0.20333238019961203,512
CLIMB unsup (enum-aug),add_fluorine,A,add_fluorine_046,0.2679773808327186,512
CLIMB unsup (enum-aug),add_fluorine,A,add_fluorine_047,0.2926838958391782,512
CLIMB unsup (enum-aug),add_fluorine,A,add_fluorine_048,0.30749440262082123,512
CLIMB unsup (enum-aug),add_fluorine,A,add_fluorine_049,0.17092926869304093,512
CLIMB unsup (enum-aug),add_fluorine,A,add_fluorine_050,0.13528761329021533,512
CLIMB unsup (enum-aug),add_fluorine,A,add_fluorine_051,0.7389160828180006,512
CLIMB unsup (enum-aug),add_fluorine,A,add_fluorine_052,0.3236138278162177,512
CLIMB unsup (enum-aug),add_fluorine,A,add_fluorine_053,0.18110284116574302,512
CLIMB unsup (enum-aug),add_fluorine,A,add_fluorine_054,0.21701631877077857,512
CLIMB unsup (enum-aug),add_fluorine,A,add_fluorine_055,0.14958337600134494,512
CLIMB unsup (enum-aug),add_fluorine,A,add_fluorine_056,0.22064260446543454,512
CLIMB unsup (enum-aug),add_fluorine,A,add_fluorine_057,1.0284683787251245,512
CLIMB unsup (enum-aug),add_fluorine,A,add_fluorine_058,0.2129295253007756,512
CLIMB unsup (enum-aug),add_fluorine,A,add_fluorine_059,0.3415885040200777,512
CLIMB unsup (enum-aug),add_fluorine,A,add_fluorine_060,0.298018069548565,512
CLIMB unsup (enum-aug),add_fluorine,A,add_fluorine_061,0.5108177189847329,512
CLIMB unsup (enum-aug),add_fluorine,A,add_fluorine_062,0.3633050712878963,512
CLIMB unsup (enum-aug),add_fluorine,A,add_fluorine_063,0.2895452850595215,512
CLIMB unsup (enum-aug),add_fluorine,A,add_fluorine_064,0.3742360315876763,512
CLIMB unsup (enum-aug),add_fluorine,A,add_fluorine_065,0.20628408666366438,512
CLIMB unsup (enum-aug),add_fluorine,A,add_fluorine_066,0.20279003428740464,512
CLIMB unsup (enum-aug),add_fluorine,A,add_fluorine_067,0.19164956727313476,512
CLIMB unsup (enum-aug),add_fluorine,A,add_fluorine_068,0.1953573092490378,512
CLIMB unsup (enum-aug),add_fluorine,A,add_fluorine_069,0.31674886800867746,512
CLIMB unsup (enum-aug),add_fluorine,A,add_fluorine_070,0.3380878865801325,512
CLIMB unsup (enum-aug),add_fluorine,A,add_fluorine_071,0.3152044989980064,512
CLIMB unsup (enum-aug),add_fluorine,A,add_fluorine_072,0.15225342728784438,512
CLIMB unsup (enum-aug),add_fluorine,A,add_fluorine_073,0.17273260902894863,512
CLIMB unsup (enum-aug),add_fluorine,A,add_fluorine_074,0.23578224458620264,512
CLIMB unsup (enum-aug),add_fluorine,A,add_fluorine_075,0.25732147345548734,512
CLIMB unsup (enum-aug),add_fluorine,A,add_fluorine_076,0.290097044500639,512
CLIMB unsup (enum-aug),add_fluorine,A,add_fluorine_077,0.48515687324371426,512
CLIMB unsup (enum-aug),add_fluorine,A,add_fluorine_078,0.2216563946091293,512
CLIMB unsup (enum-aug),add_fluorine,A,add_fluorine_079,0.21458919207402005,512
CLIMB unsup (enum-aug),add_fluorine,A,add_fluorine_080,0.25524763757191304,512
CLIMB unsup (enum-aug),add_fluorine,A,add_fluorine_081,0.16998347560047586,512
CLIMB unsup (enum-aug),add_fluorine,A,add_fluorine_082,0.11688774993300112,512
CLIMB unsup (enum-aug),add_fluorine,A,add_fluorine_083,0.25712926256914426,512
CLIMB unsup (enum-aug),add_fluorine,A,add_fluorine_084,0.6103292336290435,512
CLIMB unsup (enum-aug),add_fluorine,A,add_fluorine_085,0.2761326520824737,512
CLIMB unsup (enum-aug),add_fluorine,A,add_fluorine_086,0.24929364952006972,512
CLIMB unsup (enum-aug),add_fluorine,A,add_fluorine_087,0.7033001433693201,512
CLIMB unsup (enum-aug),add_fluorine,A,add_fluorine_088,0.2501380392618917,512
CLIMB unsup (enum-aug),add_fluorine,A,add_fluorine_089,0.3734149344829739,512
CLIMB unsup (enum-aug),add_fluorine,A,add_fluorine_090,0.10750343603681126,512
CLIMB unsup (enum-aug),add_fluorine,A,add_fluorine_091,0.661196055021485,512
CLIMB unsup (enum-aug),add_fluorine,A,add_fluorine_092,0.20548256126093506,512
CLIMB unsup (enum-aug),add_fluorine,A,add_fluorine_093,0.4461021329641105,512
CLIMB unsup (enum-aug),add_fluorine,A,add_fluorine_094,0.13345815150322515,512
CLIMB unsup (enum-aug),add_fluorine,A,add_fluorine_095,0.25281030418085343,512
CLIMB unsup (enum-aug),add_fluorine,A,add_fluorine_096,0.1619309856336511,512
CLIMB unsup (enum-aug),add_fluorine,A,add_fluorine_097,0.31071553457899537,512
CLIMB unsup (enum-aug),add_fluorine,A,add_fluorine_098,0.5926492077530576,512
CLIMB unsup (enum-aug),add_fluorine,A,add_fluorine_099,0.8241716226192201,512
CLIMB unsup (enum-aug),isotope_13c,A,isotope_13c_000,0.7356729079180201,512
CLIMB unsup (enum-aug),isotope_13c,A,isotope_13c_001,0.8108193477790703,512
CLIMB unsup (enum-aug),isotope_13c,A,isotope_13c_002,1.936720353158243,512
CLIMB unsup (enum-aug),isotope_13c,A,isotope_13c_003,0.3715208996394146,512
CLIMB unsup (enum-aug),isotope_13c,A,isotope_13c_004,0.32525034287648374,512
CLIMB unsup (enum-aug),isotope_13c,A,isotope_13c_005,0.5461799530138653,512
CLIMB unsup (enum-aug),isotope_13c,A,isotope_13c_006,0.48569887966222125,512
CLIMB unsup (enum-aug),isotope_13c,A,isotope_13c_007,0.4440826043693036,512
CLIMB unsup (enum-aug),isotope_13c,A,isotope_13c_008,0.46748843458524963,512
CLIMB unsup (enum-aug),isotope_13c,A,isotope_13c_009,0.26628247867197397,512
CLIMB unsup (enum-aug),isotope_13c,A,isotope_13c_010,0.3043889845433945,512
CLIMB unsup (enum-aug),isotope_13c,A,isotope_13c_011,0.4885609378599176,512
CLIMB unsup (enum-aug),isotope_13c,A,isotope_13c_012,0.2236382487958514,512
CLIMB unsup (enum-aug),isotope_13c,A,isotope_13c_013,0.5660945663256925,512
CLIMB unsup (enum-aug),isotope_13c,A,isotope_13c_014,0.36614431394682617,512
CLIMB unsup (enum-aug),isotope_13c,A,isotope_13c_015,0.33190273921512475,512
CLIMB unsup (enum-aug),isotope_13c,A,isotope_13c_016,0.46024781170546414,512
CLIMB unsup (enum-aug),isotope_13c,A,isotope_13c_017,0.6364547320356667,512
CLIMB unsup (enum-aug),isotope_13c,A,isotope_13c_018,0.4150870410861692,512
CLIMB unsup (enum-aug),isotope_13c,A,isotope_13c_019,0.44894647064072374,512
CLIMB unsup (enum-aug),isotope_13c,A,isotope_13c_020,0.44366826769876067,512
CLIMB unsup (enum-aug),isotope_13c,A,isotope_13c_021,0.6413761869283365,512
CLIMB unsup (enum-aug),isotope_13c,A,isotope_13c_022,0.5452900652302562,512
CLIMB unsup (enum-aug),isotope_13c,A,isotope_13c_023,0.44960905125014444,512
CLIMB unsup (enum-aug),isotope_13c,A,isotope_13c_024,0.3732531920333041,512
CLIMB unsup (enum-aug),isotope_13c,A,isotope_13c_025,0.4405563081666245,512
CLIMB unsup (enum-aug),isotope_13c,A,isotope_13c_026,0.7974121670399317,512
CLIMB unsup (enum-aug),isotope_13c,A,isotope_13c_027,0.2469923353973137,512
CLIMB unsup (enum-aug),isotope_13c,A,isotope_13c_028,0.6207022404770719,512
CLIMB unsup (enum-aug),isotope_13c,A,isotope_13c_029,0.34330135325614636,512
CLIMB unsup (enum-aug),isotope_13c,A,isotope_13c_030,0.6840216745402792,512
CLIMB unsup (enum-aug),isotope_13c,A,isotope_13c_031,0.568642372627579,512
CLIMB unsup (enum-aug),isotope_13c,A,isotope_13c_032,0.5654664409180824,512
CLIMB unsup (enum-aug),isotope_13c,A,isotope_13c_033,0.39234016806878297,512
CLIMB unsup (enum-aug),isotope_13c,A,isotope_13c_034,0.37523641320076445,512
CLIMB unsup (enum-aug),isotope_13c,A,isotope_13c_035,0.25236955055925786,512
CLIMB unsup (enum-aug),isotope_13c,A,isotope_13c_036,0.7551308181633001,512
CLIMB unsup (enum-aug),isotope_13c,A,isotope_13c_037,0.5071024685701738,512
CLIMB unsup (enum-aug),isotope_13c,A,isotope_13c_038,0.6599462767767525,512
CLIMB unsup (enum-aug),isotope_13c,A,isotope_13c_039,0.5104459581408278,512
CLIMB unsup (enum-aug),isotope_13c,A,isotope_13c_040,0.5932102536711771,512
CLIMB unsup (enum-aug),isotope_13c,A,isotope_13c_041,0.4089811063494627,512
CLIMB unsup (enum-aug),isotope_13c,A,isotope_13c_042,0.3502251951105773,512
CLIMB unsup (enum-aug),isotope_13c,A,isotope_13c_043,0.4418788857918816,512
CLIMB unsup (enum-aug),isotope_13c,A,isotope_13c_044,0.2624726704793905,512
CLIMB unsup (enum-aug),isotope_13c,A,isotope_13c_045,0.3194074989247737,512
CLIMB unsup (enum-aug),isotope_13c,A,isotope_13c_046,1.2074005111429253,512
CLIMB unsup (enum-aug),isotope_13c,A,isotope_13c_047,0.39640058018723223,512
CLIMB unsup (enum-aug),isotope_13c,A,isotope_13c_048,0.5185689501500184,512
CLIMB unsup (enum-aug),isotope_13c,A,isotope_13c_049,0.27357509186037204,512
CLIMB unsup (enum-aug),isotope_13c,A,isotope_13c_050,0.29712842379859616,512
CLIMB unsup (enum-aug),isotope_13c,A,isotope_13c_051,0.6290763056554051,512
CLIMB unsup (enum-aug),isotope_13c,A,isotope_13c_052,0.6132968804471002,512
CLIMB unsup (enum-aug),isotope_13c,A,isotope_13c_053,0.4741763777378388,512
CLIMB unsup (enum-aug),isotope_13c,A,isotope_13c_054,0.4042099207533804,512
CLIMB unsup (enum-aug),isotope_13c,A,isotope_13c_055,0.4397959852941436,512
CLIMB unsup (enum-aug),isotope_13c,A,isotope_13c_056,0.2247340634142842,512
CLIMB unsup (enum-aug),isotope_13c,A,isotope_13c_057,1.2935610606042292,512
CLIMB unsup (enum-aug),isotope_13c,A,isotope_13c_058,0.4506844334342529,512
CLIMB unsup (enum-aug),isotope_13c,A,isotope_13c_059,0.2846707884260668,512
CLIMB unsup (enum-aug),isotope_13c,A,isotope_13c_060,0.3306341192333064,512
CLIMB unsup (enum-aug),isotope_13c,A,isotope_13c_061,0.6657001965315108,512
CLIMB unsup (enum-aug),isotope_13c,A,isotope_13c_062,0.5745681655234719,512
CLIMB unsup (enum-aug),isotope_13c,A,isotope_13c_063,0.8941599492636106,512
CLIMB unsup (enum-aug),isotope_13c,A,isotope_13c_064,0.6799822706300102,512
CLIMB unsup (enum-aug),isotope_13c,A,isotope_13c_065,0.6777351015074755,512
CLIMB unsup (enum-aug),isotope_13c,A,isotope_13c_066,0.6474789604555786,512
CLIMB unsup (enum-aug),isotope_13c,A,isotope_13c_067,1.098188024497164,512
CLIMB unsup (enum-aug),isotope_13c,A,isotope_13c_068,2.12456324784398,512
CLIMB unsup (enum-aug),isotope_13c,A,isotope_13c_069,0.80300881250527,512
CLIMB unsup (enum-aug),isotope_13c,A,isotope_13c_070,0.5068879137755925,512
CLIMB unsup (enum-aug),isotope_13c,A,isotope_13c_071,0.8299324460660717,512
CLIMB unsup (enum-aug),isotope_13c,A,isotope_13c_072,0.465004934129661,512
CLIMB unsup (enum-aug),isotope_13c,A,isotope_13c_073,0.7241726901369056,512
CLIMB unsup (enum-aug),isotope_13c,A,isotope_13c_074,0.47875221848173105,512
CLIMB unsup (enum-aug),isotope_13c,A,isotope_13c_075,0.4961244589172529,512
CLIMB unsup (enum-aug),isotope_13c,A,isotope_13c_076,0.6066088950872158,512
CLIMB unsup (enum-aug),isotope_13c,A,isotope_13c_077,0.3984002329285778,512
CLIMB unsup (enum-aug),isotope_13c,A,isotope_13c_078,0.7739701292468768,512
CLIMB unsup (enum-aug),isotope_13c,A,isotope_13c_079,0.5030641527524496,512
CLIMB unsup (enum-aug),isotope_13c,A,isotope_13c_080,0.3980014951536823,512
CLIMB unsup (enum-aug),isotope_13c,A,isotope_13c_081,0.22307125838803407,512
CLIMB unsup (enum-aug),isotope_13c,A,isotope_13c_082,0.28287422404256163,512
CLIMB unsup (enum-aug),isotope_13c,A,isotope_13c_083,0.5447090372163851,512
CLIMB unsup (enum-aug),isotope_13c,A,isotope_13c_084,0.4485961456732067,512
CLIMB unsup (enum-aug),isotope_13c,A,isotope_13c_085,0.3813886262287656,512
CLIMB unsup (enum-aug),isotope_13c,A,isotope_13c_086,1.3854466022460818,512
CLIMB unsup (enum-aug),isotope_13c,A,isotope_13c_087,1.0887215211293766,512
CLIMB unsup (enum-aug),isotope_13c,A,isotope_13c_088,0.5976087549684957,512
CLIMB unsup (enum-aug),isotope_13c,A,isotope_13c_089,0.4415752150970776,512
CLIMB unsup (enum-aug),isotope_13c,A,isotope_13c_090,0.6350097162473158,512
CLIMB unsup (enum-aug),isotope_13c,A,isotope_13c_091,0.5332367066987214,512
CLIMB unsup (enum-aug),isotope_13c,A,isotope_13c_092,0.3799283167749669,512
CLIMB unsup (enum-aug),isotope_13c,A,isotope_13c_093,0.28381727784702815,512
CLIMB unsup (enum-aug),isotope_13c,A,isotope_13c_094,0.3408433071384407,512
CLIMB unsup (enum-aug),isotope_13c,A,isotope_13c_095,0.3544777033705722,512
CLIMB unsup (enum-aug),isotope_13c,A,isotope_13c_096,0.6649512451549051,512
CLIMB unsup (enum-aug),isotope_13c,A,isotope_13c_097,1.0864284049367592,512
CLIMB unsup (enum-aug),isotope_13c,A,isotope_13c_098,0.3423193967956329,512
CLIMB unsup (enum-aug),isotope_13c,A,isotope_13c_099,0.4827983183111468,512
CLIMB unsup (enum-aug),ring_size,A,ring_size_000,0.15971310531420618,512
CLIMB unsup (enum-aug),ring_size,A,ring_size_001,0.1093476075821063,512
CLIMB unsup (enum-aug),ring_size,A,ring_size_002,0.06778791859243004,512
CLIMB unsup (enum-aug),ring_size,A,ring_size_003,0.11858992894387346,512
CLIMB unsup (enum-aug),ring_size,A,ring_size_004,0.0589150440290647,512
CLIMB unsup (enum-aug),ring_size,A,ring_size_005,0.07898717937660167,512
CLIMB unsup (enum-aug),ring_size,A,ring_size_006,0.08825056032775844,512
CLIMB unsup (enum-aug),ring_size,A,ring_size_007,0.24296027907406553,512
CLIMB unsup (enum-aug),ring_size,A,ring_size_008,0.14846359887186208,512
CLIMB unsup (enum-aug),ring_size,A,ring_size_009,0.06781322665791542,512
CLIMB unsup (enum-aug),ring_size,A,ring_size_010,0.10240206162129223,512
CLIMB unsup (enum-aug),ring_size,A,ring_size_011,0.1412829691676596,512
CLIMB unsup (enum-aug),ring_size,A,ring_size_012,0.06922171534895745,512
CLIMB unsup (enum-aug),ring_size,A,ring_size_013,0.07958502632234253,512
CLIMB unsup (enum-aug),ring_size,A,ring_size_014,0.09703579553555071,512
CLIMB unsup (enum-aug),ring_size,A,ring_size_015,0.08544618630422544,512
CLIMB unsup (enum-aug),ring_size,A,ring_size_016,0.1326417977392734,512
CLIMB unsup (enum-aug),ring_size,A,ring_size_017,0.08324272133921821,512
CLIMB unsup (enum-aug),ring_size,A,ring_size_018,0.16064785647027408,512
CLIMB unsup (enum-aug),ring_size,A,ring_size_019,0.17368297725003565,512
CLIMB unsup (enum-aug),ring_size,A,ring_size_020,0.1016774921752749,512
CLIMB unsup (enum-aug),ring_size,A,ring_size_021,0.07636446494325942,512
CLIMB unsup (enum-aug),ring_size,A,ring_size_022,0.16195840102843231,512
CLIMB unsup (enum-aug),ring_size,A,ring_size_023,0.14871644515285393,512
CLIMB unsup (enum-aug),ring_size,A,ring_size_024,0.10147129034108326,512
CLIMB unsup (enum-aug),ring_size,A,ring_size_025,0.08714009357926077,512
CLIMB unsup (enum-aug),ring_size,A,ring_size_026,0.12588055850749374,512
CLIMB unsup (enum-aug),ring_size,A,ring_size_027,0.08723210303639865,512
CLIMB unsup (enum-aug),ring_size,A,ring_size_028,0.11320902016667982,512
CLIMB unsup (enum-aug),ring_size,A,ring_size_029,0.08184931200032666,512
CLIMB unsup (enum-aug),ring_size,A,ring_size_030,0.1825734499258457,512
CLIMB unsup (enum-aug),ring_size,A,ring_size_031,0.10558716551687415,512
CLIMB unsup (enum-aug),ring_size,A,ring_size_032,0.08113427020844437,512
CLIMB unsup (enum-aug),ring_size,A,ring_size_033,0.06518706508668538,512
CLIMB unsup (enum-aug),ring_size,A,ring_size_034,0.09057887214334329,512
CLIMB unsup (enum-aug),ring_size,A,ring_size_035,0.06169050547987849,512
CLIMB unsup (enum-aug),ring_size,A,ring_size_036,0.09959406871068782,512
CLIMB unsup (enum-aug),ring_size,A,ring_size_037,0.08547938579137382,512
CLIMB unsup (enum-aug),ring_size,A,ring_size_038,0.06152987848794074,512
CLIMB unsup (enum-aug),ring_size,A,ring_size_039,0.09351931084789741,512
CLIMB unsup (enum-aug),ring_size,A,ring_size_040,0.1274455524105325,512
CLIMB unsup (enum-aug),ring_size,A,ring_size_041,0.0799970353618757,512
CLIMB unsup (enum-aug),ring_size,A,ring_size_042,0.16895551568695757,512
CLIMB unsup (enum-aug),ring_size,A,ring_size_043,0.07592497447612397,512
CLIMB unsup (enum-aug),ring_size,A,ring_size_044,0.12733730762347079,512
CLIMB unsup (enum-aug),ring_size,A,ring_size_045,0.1356488393234885,512
CLIMB unsup (enum-aug),ring_size,A,ring_size_046,0.11210670877891724,512
CLIMB unsup (enum-aug),ring_size,A,ring_size_047,0.09105765514337216,512
CLIMB unsup (enum-aug),ring_size,A,ring_size_048,0.06379522440943604,512
CLIMB unsup (enum-aug),ring_size,A,ring_size_049,0.09015811914444427,512
CLIMB unsup (enum-aug),ring_size,A,ring_size_050,0.11472668563559439,512
CLIMB unsup (enum-aug),ring_size,A,ring_size_051,0.07159468916597704,512
CLIMB unsup (enum-aug),ring_size,A,ring_size_052,0.10273555538701831,512
CLIMB unsup (enum-aug),ring_size,A,ring_size_053,0.12449075605158243,512
CLIMB unsup (enum-aug),ring_size,A,ring_size_054,0.089950001358763,512
CLIMB unsup (enum-aug),ring_size,A,ring_size_055,0.07479951117056398,512
CLIMB unsup (enum-aug),ring_size,A,ring_size_056,0.09047224098882507,512
CLIMB unsup (enum-aug),ring_size,A,ring_size_057,0.23050050196613991,512
CLIMB unsup (enum-aug),ring_size,A,ring_size_058,0.06514137414619323,512
CLIMB unsup (enum-aug),ring_size,A,ring_size_059,0.08001540003126553,512
CLIMB unsup (enum-aug),ring_size,A,ring_size_060,0.2868380923356426,512
CLIMB unsup (enum-aug),ring_size,A,ring_size_061,0.1381583830828401,512
CLIMB unsup (enum-aug),ring_size,A,ring_size_062,0.16240159314724795,512
CLIMB unsup (enum-aug),ring_size,A,ring_size_063,0.0953520549781885,512
CLIMB unsup (enum-aug),ring_size,A,ring_size_064,0.06663421041337678,512
CLIMB unsup (enum-aug),ring_size,A,ring_size_065,0.1546637331305192,512
CLIMB unsup (enum-aug),ring_size,A,ring_size_066,0.08839822267753614,512
CLIMB unsup (enum-aug),ring_size,A,ring_size_067,0.08356872467406531,512
CLIMB unsup (enum-aug),ring_size,A,ring_size_068,0.09456495571177873,512
CLIMB unsup (enum-aug),ring_size,A,ring_size_069,0.9268435330839752,512
CLIMB unsup (enum-aug),ring_size,A,ring_size_070,0.5291003719312558,512
CLIMB unsup (enum-aug),ring_size,A,ring_size_071,0.08132657453869499,512
CLIMB unsup (enum-aug),ring_size,A,ring_size_072,0.08949071748092734,512
CLIMB unsup (enum-aug),ring_size,A,ring_size_073,0.08454455031649395,512
CLIMB unsup (enum-aug),ring_size,A,ring_size_074,0.052222569083353335,512
CLIMB unsup (enum-aug),ring_size,A,ring_size_075,0.09565823399133475,512
CLIMB unsup (enum-aug),ring_size,A,ring_size_076,0.09536644065623738,512
CLIMB unsup (enum-aug),ring_size,A,ring_size_077,0.08915849062131569,512
CLIMB unsup (enum-aug),ring_size,A,ring_size_078,0.08768471638657681,512
CLIMB unsup (enum-aug),ring_size,A,ring_size_079,0.057002009550480265,512
CLIMB unsup (enum-aug),ring_size,A,ring_size_080,0.12791478786043858,512
CLIMB unsup (enum-aug),ring_size,A,ring_size_081,0.10870878102269407,512
CLIMB unsup (enum-aug),ring_size,A,ring_size_082,0.14881286343842337,512
CLIMB unsup (enum-aug),ring_size,A,ring_size_083,0.2217139973367919,512
CLIMB unsup (enum-aug),ring_size,A,ring_size_084,0.08817020271606393,512
CLIMB unsup (enum-aug),ring_size,A,ring_size_085,0.1261665984729476,512
CLIMB unsup (enum-aug),ring_size,A,ring_size_086,0.08227251683989618,512
CLIMB unsup (enum-aug),ring_size,A,ring_size_087,0.08477755351509557,512
CLIMB unsup (enum-aug),ring_size,A,ring_size_088,0.08749290390689456,512
CLIMB unsup (enum-aug),ring_size,A,ring_size_089,0.07590283955070087,512
CLIMB unsup (enum-aug),ring_size,A,ring_size_090,0.1836781622224717,512
CLIMB unsup (enum-aug),ring_size,A,ring_size_091,0.07011924893102935,512
CLIMB unsup (enum-aug),ring_size,A,ring_size_092,0.08318391308441234,512
CLIMB unsup (enum-aug),ring_size,A,ring_size_093,0.15665069265134207,512
CLIMB unsup (enum-aug),ring_size,A,ring_size_094,0.09809928560176918,512
CLIMB unsup (enum-aug),ring_size,A,ring_size_095,0.08751729901045893,512
CLIMB unsup (enum-aug),ring_size,A,ring_size_096,0.1687438104643424,512
CLIMB unsup (enum-aug),ring_size,A,ring_size_097,0.10702992523060695,512
CLIMB unsup (enum-aug),ring_size,A,ring_size_098,0.12058801610289456,512
CLIMB unsup (enum-aug),ring_size,A,ring_size_099,0.08427462927286511,512
CLIMB unsup (enum-aug),regioisomer,A,regioisomer_000,1.0604366506074325,512
CLIMB unsup (enum-aug),regioisomer,A,regioisomer_001,1.073673089098768,512
CLIMB unsup (enum-aug),regioisomer,A,regioisomer_002,1.05880627281992,512
CLIMB unsup (enum-aug),regioisomer,A,regioisomer_003,0.8494865273625262,512
CLIMB unsup (enum-aug),regioisomer,A,regioisomer_004,0.8094966565259931,512
CLIMB unsup (enum-aug),regioisomer,A,regioisomer_005,1.0016934017626709,512
CLIMB unsup (enum-aug),regioisomer,A,regioisomer_006,1.00118525331683,512
CLIMB unsup (enum-aug),regioisomer,A,regioisomer_007,0.5298374256709041,512
CLIMB unsup (enum-aug),regioisomer,A,regioisomer_008,0.6427187599448664,512
CLIMB unsup (enum-aug),regioisomer,A,regioisomer_009,0.8104049452115417,512
CLIMB unsup (enum-aug),regioisomer,A,regioisomer_010,0.8240915663044824,512
CLIMB unsup (enum-aug),regioisomer,A,regioisomer_011,0.8075545835389285,512
CLIMB unsup (enum-aug),regioisomer,A,regioisomer_012,0.7147500551423959,512
CLIMB unsup (enum-aug),regioisomer,A,regioisomer_013,1.0997163745508,512
CLIMB unsup (enum-aug),regioisomer,A,regioisomer_014,1.038911667642303,512
CLIMB unsup (enum-aug),regioisomer,A,regioisomer_015,0.623689369614238,512
CLIMB unsup (enum-aug),regioisomer,A,regioisomer_016,1.040193786434858,512
CLIMB unsup (enum-aug),regioisomer,A,regioisomer_017,1.038975132628232,512
CLIMB unsup (enum-aug),regioisomer,A,regioisomer_018,1.0393783201459794,512
CLIMB unsup (enum-aug),regioisomer,A,regioisomer_019,0.8784622194633877,512
CLIMB unsup (enum-aug),regioisomer,A,regioisomer_020,0.6164220880277814,512
CLIMB unsup (enum-aug),regioisomer,A,regioisomer_021,1.0608859232050176,512
CLIMB unsup (enum-aug),regioisomer,A,regioisomer_022,1.0060500385264846,512
CLIMB unsup (enum-aug),regioisomer,A,regioisomer_023,0.7663865220992683,512
CLIMB unsup (enum-aug),regioisomer,A,regioisomer_024,0.6341552274913057,512
CLIMB unsup (enum-aug),regioisomer,A,regioisomer_025,1.065839028346976,512
CLIMB unsup (enum-aug),regioisomer,A,regioisomer_026,0.5268981066617383,512
CLIMB unsup (enum-aug),regioisomer,A,regioisomer_027,0.7110543059272814,512
CLIMB unsup (enum-aug),regioisomer,A,regioisomer_028,0.5980465047530169,512
CLIMB unsup (enum-aug),regioisomer,A,regioisomer_029,1.0367742692473862,512
CLIMB unsup (enum-aug),regioisomer,A,regioisomer_030,1.011826909195601,512
CLIMB unsup (enum-aug),regioisomer,A,regioisomer_031,1.0640680829565912,512
CLIMB unsup (enum-aug),regioisomer,A,regioisomer_032,1.0262316519801433,512
CLIMB unsup (enum-aug),regioisomer,A,regioisomer_033,0.6924822942952397,512
CLIMB unsup (enum-aug),regioisomer,A,regioisomer_034,1.0088995199880977,512
CLIMB unsup (enum-aug),regioisomer,A,regioisomer_035,0.7919914826057012,512
CLIMB unsup (enum-aug),regioisomer,A,regioisomer_036,1.0876048909682603,512
CLIMB unsup (enum-aug),regioisomer,A,regioisomer_037,0.8210951231209785,512
CLIMB unsup (enum-aug),regioisomer,A,regioisomer_038,0.7532534550101336,512
CLIMB unsup (enum-aug),regioisomer,A,regioisomer_039,0.5690951130960116,512
CLIMB unsup (enum-aug),regioisomer,A,regioisomer_040,0.5386619250457482,512
CLIMB unsup (enum-aug),regioisomer,A,regioisomer_041,0.9398794684633213,512
CLIMB unsup (enum-aug),regioisomer,A,regioisomer_042,1.041671073910974,512
CLIMB unsup (enum-aug),regioisomer,A,regioisomer_043,0.8021560724258022,512
CLIMB unsup (enum-aug),regioisomer,A,regioisomer_044,1.0131790461845016,512
CLIMB unsup (enum-aug),regioisomer,A,regioisomer_045,0.8837172014465221,512
CLIMB unsup (enum-aug),regioisomer,A,regioisomer_046,0.7832110852141142,512
CLIMB unsup (enum-aug),regioisomer,A,regioisomer_047,1.0667120162173962,512
CLIMB unsup (enum-aug),regioisomer,A,regioisomer_048,1.0275803578809295,512
CLIMB unsup (enum-aug),regioisomer,A,regioisomer_049,0.7009894139529308,512
CLIMB unsup (enum-aug),regioisomer,A,regioisomer_050,0.7899912631404915,512
CLIMB unsup (enum-aug),regioisomer,A,regioisomer_051,1.0393783201459794,512
CLIMB unsup (enum-aug),regioisomer,A,regioisomer_052,0.8547230688681011,512
CLIMB unsup (enum-aug),regioisomer,A,regioisomer_053,0.6405537227817126,512
CLIMB unsup (enum-aug),regioisomer,A,regioisomer_054,1.0485797824454692,512
CLIMB unsup (enum-aug),regioisomer,A,regioisomer_055,0.9933125189685083,512
CLIMB unsup (enum-aug),regioisomer,A,regioisomer_056,1.0607380292398694,512
CLIMB unsup (enum-aug),regioisomer,A,regioisomer_057,1.0061449925026353,512
CLIMB unsup (enum-aug),regioisomer,A,regioisomer_058,1.0503129995461207,512
CLIMB unsup (enum-aug),regioisomer,A,regioisomer_059,0.8076379207754119,512
CLIMB unsup (enum-aug),regioisomer,A,regioisomer_060,1.0083852888506968,512
CLIMB unsup (enum-aug),regioisomer,A,regioisomer_061,0.6214000499823108,512
CLIMB unsup (enum-aug),regioisomer,A,regioisomer_062,0.872515858601776,512
CLIMB unsup (enum-aug),regioisomer,A,regioisomer_063,1.0040251061966439,512
CLIMB unsup (enum-aug),regioisomer,A,regioisomer_064,1.0920935401947032,512
CLIMB unsup (enum-aug),regioisomer,A,regioisomer_065,1.0742743818860296,512
CLIMB unsup (enum-aug),regioisomer,A,regioisomer_066,0.7508933579852818,512
CLIMB unsup (enum-aug),regioisomer,A,regioisomer_067,0.8440672365509734,512
CLIMB unsup (enum-aug),regioisomer,A,regioisomer_068,1.0331473471710175,512
CLIMB unsup (enum-aug),regioisomer,A,regioisomer_069,1.0161120440367395,512
CLIMB unsup (enum-aug),regioisomer,A,regioisomer_070,1.0937462932244022,512
CLIMB unsup (enum-aug),regioisomer,A,regioisomer_071,1.0558357267839042,512
CLIMB unsup (enum-aug),regioisomer,A,regioisomer_072,1.019232865649865,512
CLIMB unsup (enum-aug),regioisomer,A,regioisomer_073,0.6108303709405069,512
CLIMB unsup (enum-aug),regioisomer,A,regioisomer_074,1.0003052990855306,512
CLIMB unsup (enum-aug),regioisomer,A,regioisomer_075,1.0092019567076338,512
CLIMB unsup (enum-aug),regioisomer,A,regioisomer_076,1.0311781706372123,512
CLIMB unsup (enum-aug),regioisomer,A,regioisomer_077,1.0187981199310623,512
CLIMB unsup (enum-aug),regioisomer,A,regioisomer_078,1.0034646484782181,512
CLIMB unsup (enum-aug),regioisomer,A,regioisomer_079,0.5896709491973074,512
CLIMB unsup (enum-aug),regioisomer,A,regioisomer_080,1.14964856535079,512
CLIMB unsup (enum-aug),regioisomer,A,regioisomer_081,0.6181092276205997,512
CLIMB unsup (enum-aug),regioisomer,A,regioisomer_082,1.0180999131332438,512
CLIMB unsup (enum-aug),regioisomer,A,regioisomer_083,0.9819903618796509,512
CLIMB unsup (enum-aug),regioisomer,A,regioisomer_084,0.9497867897156694,512
CLIMB unsup (enum-aug),regioisomer,A,regioisomer_085,1.0127101053035021,512
CLIMB unsup (enum-aug),regioisomer,A,regioisomer_086,1.0563541308991866,512
CLIMB unsup (enum-aug),regioisomer,A,regioisomer_087,1.032082489935307,512
CLIMB unsup (enum-aug),regioisomer,A,regioisomer_088,1.0140517791885029,512
CLIMB unsup (enum-aug),regioisomer,A,regioisomer_089,1.0672228596235536,512
CLIMB unsup (enum-aug),regioisomer,A,regioisomer_090,1.0509201028236945,512
CLIMB unsup (enum-aug),regioisomer,A,regioisomer_091,0.8091108753869005,512
CLIMB unsup (enum-aug),regioisomer,A,regioisomer_092,0.9203478736966909,512
CLIMB unsup (enum-aug),regioisomer,A,regioisomer_093,0.7587816625738658,512
CLIMB unsup (enum-aug),regioisomer,A,regioisomer_094,0.9975241382036375,512
CLIMB unsup (enum-aug),regioisomer,A,regioisomer_095,0.7682258357772741,512
CLIMB unsup (enum-aug),regioisomer,A,regioisomer_096,1.0667120162173962,512
CLIMB unsup (enum-aug),regioisomer,A,regioisomer_097,0.9972914606413392,512
CLIMB unsup (enum-aug),regioisomer,A,regioisomer_098,0.8613997227623553,512
CLIMB unsup (enum-aug),regioisomer,A,regioisomer_099,0.864701216902948,512
CLIMB unsup (enum-aug),matched_mw,A,matched_mw_000,2.1908973094334874,512
CLIMB unsup (enum-aug),matched_mw,A,matched_mw_001,3.6893444596332245,512
CLIMB unsup (enum-aug),matched_mw,A,matched_mw_002,4.60092868817948,512
CLIMB unsup (enum-aug),matched_mw,A,matched_mw_003,3.5564200521677614,512
CLIMB unsup (enum-aug),matched_mw,A,matched_mw_004,4.0772228011702,512
CLIMB unsup (enum-aug),matched_mw,A,matched_mw_005,4.9514227207198935,512
CLIMB unsup (enum-aug),matched_mw,A,matched_mw_006,3.305989335279117,512
CLIMB unsup (enum-aug),matched_mw,A,matched_mw_007,4.464385485138855,512
CLIMB unsup (enum-aug),matched_mw,A,matched_mw_008,3.367976083210148,512
CLIMB unsup (enum-aug),matched_mw,A,matched_mw_009,5.282941923798922,512
CLIMB unsup (enum-aug),matched_mw,A,matched_mw_010,4.745047297200521,512
CLIMB unsup (enum-aug),matched_mw,A,matched_mw_011,4.910152559154749,512
CLIMB unsup (enum-aug),matched_mw,A,matched_mw_012,3.336438300783644,512
CLIMB unsup (enum-aug),matched_mw,A,matched_mw_013,2.938954192318408,512
CLIMB unsup (enum-aug),matched_mw,A,matched_mw_014,2.5876093149152415,512
CLIMB unsup (enum-aug),matched_mw,A,matched_mw_015,5.595565197315783,512
CLIMB unsup (enum-aug),matched_mw,A,matched_mw_016,1.728595417859677,512
CLIMB unsup (enum-aug),matched_mw,A,matched_mw_017,4.895786495531639,512
CLIMB unsup (enum-aug),matched_mw,A,matched_mw_018,4.319464986490606,512
CLIMB unsup (enum-aug),matched_mw,A,matched_mw_019,3.507706919493587,512
CLIMB unsup (enum-aug),matched_mw,A,matched_mw_020,4.922224081097927,512
CLIMB unsup (enum-aug),matched_mw,A,matched_mw_021,1.4739246955849583,512
CLIMB unsup (enum-aug),matched_mw,A,matched_mw_022,1.1318978375298396,512
CLIMB unsup (enum-aug),matched_mw,A,matched_mw_023,2.0726603921048796,512
CLIMB unsup (enum-aug),matched_mw,A,matched_mw_024,2.857418787894909,512
CLIMB unsup (enum-aug),matched_mw,A,matched_mw_025,2.721922948612879,512
CLIMB unsup (enum-aug),matched_mw,A,matched_mw_026,4.6634356517929625,512
CLIMB unsup (enum-aug),matched_mw,A,matched_mw_027,2.0662925681080266,512
CLIMB unsup (enum-aug),matched_mw,A,matched_mw_028,2.8929624288944193,512
CLIMB unsup (enum-aug),matched_mw,A,matched_mw_029,5.501344471629788,512
CLIMB unsup (enum-aug),matched_mw,A,matched_mw_030,4.8398801787610575,512
CLIMB unsup (enum-aug),matched_mw,A,matched_mw_031,2.840387424294063,512
CLIMB unsup (enum-aug),matched_mw,A,matched_mw_032,3.1748281281565256,512
CLIMB unsup (enum-aug),matched_mw,A,matched_mw_033,3.1823400775855615,512
CLIMB unsup (enum-aug),matched_mw,A,matched_mw_034,2.669381930160596,512
CLIMB unsup (enum-aug),matched_mw,A,matched_mw_035,1.5589364972401578,512
CLIMB unsup (enum-aug),matched_mw,A,matched_mw_036,1.9934639469851858,512
CLIMB unsup (enum-aug),matched_mw,A,matched_mw_037,3.457600520411152,512
CLIMB unsup (enum-aug),matched_mw,A,matched_mw_038,2.0996720240196645,512
CLIMB unsup (enum-aug),matched_mw,A,matched_mw_039,3.086578791956563,512
CLIMB unsup (enum-aug),matched_mw,A,matched_mw_040,5.141426616195193,512
CLIMB unsup (enum-aug),matched_mw,A,matched_mw_041,4.54726124072368,512
CLIMB unsup (enum-aug),matched_mw,A,matched_mw_042,1.98942432935962,512
CLIMB unsup (enum-aug),matched_mw,A,matched_mw_043,2.82241885546214,512
CLIMB unsup (enum-aug),matched_mw,A,matched_mw_044,2.296548292690331,512
CLIMB unsup (enum-aug),matched_mw,A,matched_mw_045,3.0628902608154145,512
CLIMB unsup (enum-aug),matched_mw,A,matched_mw_046,2.181539068198821,512
CLIMB unsup (enum-aug),matched_mw,A,matched_mw_047,2.461597942434336,512
CLIMB unsup (enum-aug),matched_mw,A,matched_mw_048,2.1815935442006698,512
CLIMB unsup (enum-aug),matched_mw,A,matched_mw_049,2.3744963596617903,512
CLIMB unsup (enum-aug),matched_mw,A,matched_mw_050,2.9478321103086587,512
CLIMB unsup (enum-aug),matched_mw,A,matched_mw_051,2.3967002129131156,512
CLIMB unsup (enum-aug),matched_mw,A,matched_mw_052,3.1882674549757324,512
CLIMB unsup (enum-aug),matched_mw,A,matched_mw_053,3.3691433601637146,512
CLIMB unsup (enum-aug),matched_mw,A,matched_mw_054,2.302025771587704,512
CLIMB unsup (enum-aug),matched_mw,A,matched_mw_055,1.5953240069844716,512
CLIMB unsup (enum-aug),matched_mw,A,matched_mw_056,2.552550104936088,512
CLIMB unsup (enum-aug),matched_mw,A,matched_mw_057,2.5099800759358857,512
CLIMB unsup (enum-aug),matched_mw,A,matched_mw_058,1.1970532174223854,512
CLIMB unsup (enum-aug),matched_mw,A,matched_mw_059,1.2317728672729447,512
CLIMB unsup (enum-aug),matched_mw,A,matched_mw_060,1.9343073100790924,512
CLIMB unsup (enum-aug),matched_mw,A,matched_mw_061,3.1402504258991133,512
CLIMB unsup (enum-aug),matched_mw,A,matched_mw_062,0.7470315007500908,512
CLIMB unsup (enum-aug),matched_mw,A,matched_mw_063,3.4089644202713187,512
CLIMB unsup (enum-aug),matched_mw,A,matched_mw_064,1.4719765280073795,512
CLIMB unsup (enum-aug),matched_mw,A,matched_mw_065,1.5134436118273389,512
CLIMB unsup (enum-aug),matched_mw,A,matched_mw_066,1.299106843772259,512
CLIMB unsup (enum-aug),matched_mw,A,matched_mw_067,1.996979705425765,512
CLIMB unsup (enum-aug),matched_mw,A,matched_mw_068,3.3694991164163643,512
CLIMB unsup (enum-aug),matched_mw,A,matched_mw_069,2.0987593389020884,512
CLIMB unsup (enum-aug),matched_mw,A,matched_mw_070,4.807112369822677,512
CLIMB unsup (enum-aug),matched_mw,A,matched_mw_071,1.6682777947258798,512
CLIMB unsup (enum-aug),matched_mw,A,matched_mw_072,2.482458106900294,512
CLIMB unsup (enum-aug),matched_mw,A,matched_mw_073,3.3588793375201877,512
CLIMB unsup (enum-aug),matched_mw,A,matched_mw_074,2.502346846466562,512
CLIMB unsup (enum-aug),matched_mw,A,matched_mw_075,1.4550464584816694,512
CLIMB unsup (enum-aug),matched_mw,A,matched_mw_076,2.875146689087178,512
CLIMB unsup (enum-aug),matched_mw,A,matched_mw_077,0.8510289394343961,512
CLIMB unsup (enum-aug),matched_mw,A,matched_mw_078,0.8230388401203214,512
CLIMB unsup (enum-aug),matched_mw,A,matched_mw_079,1.492775818132327,512
CLIMB unsup (enum-aug),matched_mw,A,matched_mw_080,1.2871980773729768,512
CLIMB unsup (enum-aug),matched_mw,A,matched_mw_081,2.3451176310674664,512
CLIMB unsup (enum-aug),matched_mw,A,matched_mw_082,1.872971952347288,512
CLIMB unsup (enum-aug),matched_mw,A,matched_mw_083,2.1255893744478,512
CLIMB unsup (enum-aug),matched_mw,A,matched_mw_084,2.99441525040239,512
CLIMB unsup (enum-aug),matched_mw,A,matched_mw_085,1.3491986454217335,512
CLIMB unsup (enum-aug),matched_mw,A,matched_mw_086,3.849851487990933,512
CLIMB unsup (enum-aug),matched_mw,A,matched_mw_087,3.985863371551463,512
CLIMB unsup (enum-aug),matched_mw,A,matched_mw_088,1.1254043860760292,512
CLIMB unsup (enum-aug),matched_mw,A,matched_mw_089,1.3538024540570246,512
CLIMB unsup (enum-aug),matched_mw,A,matched_mw_090,3.769359391427732,512
CLIMB unsup (enum-aug),matched_mw,A,matched_mw_091,4.368555949560796,512
CLIMB unsup (enum-aug),matched_mw,A,matched_mw_092,2.5349446223719965,512
CLIMB unsup (enum-aug),matched_mw,A,matched_mw_093,3.411029789702591,512
CLIMB unsup (enum-aug),matched_mw,A,matched_mw_094,2.2101206073238475,512
CLIMB unsup (enum-aug),matched_mw,A,matched_mw_095,3.3111033811382122,512
CLIMB unsup (enum-aug),matched_mw,A,matched_mw_096,1.2790675302433898,512
CLIMB unsup (enum-aug),matched_mw,A,matched_mw_097,0.7215140502813296,512
CLIMB unsup (enum-aug),matched_mw,A,matched_mw_098,1.6938650984896557,512
CLIMB unsup (enum-aug),matched_mw,A,matched_mw_099,1.9217515160721999,512
CLIMB unsup (enum-aug),matched_descriptors,A,matched_descriptors_000,0.9563508306690021,512
CLIMB unsup (enum-aug),matched_descriptors,A,matched_descriptors_001,0.3549521019388832,512
CLIMB unsup (enum-aug),matched_descriptors,A,matched_descriptors_002,1.047624744755981,512
CLIMB unsup (enum-aug),matched_descriptors,A,matched_descriptors_003,0.7158959713869456,512
CLIMB unsup (enum-aug),matched_descriptors,A,matched_descriptors_004,0.3768582315324608,512
CLIMB unsup (enum-aug),matched_descriptors,A,matched_descriptors_005,0.5248635403961266,512
CLIMB unsup (enum-aug),matched_descriptors,A,matched_descriptors_006,0.8860060112399957,512
CLIMB unsup (enum-aug),matched_descriptors,A,matched_descriptors_007,1.17144019836736,512
CLIMB unsup (enum-aug),matched_descriptors,A,matched_descriptors_008,0.6119376467550716,512
CLIMB unsup (enum-aug),matched_descriptors,A,matched_descriptors_009,0.5208882263096449,512
CLIMB unsup (enum-aug),matched_descriptors,A,matched_descriptors_010,0.9685869079837038,512
CLIMB unsup (enum-aug),matched_descriptors,A,matched_descriptors_011,0.8945164960698769,512
CLIMB unsup (enum-aug),matched_descriptors,A,matched_descriptors_012,1.1212063870177826,512
CLIMB unsup (enum-aug),matched_descriptors,A,matched_descriptors_013,0.8017139353139924,512
CLIMB unsup (enum-aug),matched_descriptors,A,matched_descriptors_014,1.150195518483184,512
CLIMB unsup (enum-aug),matched_descriptors,A,matched_descriptors_015,0.722754699561154,512
CLIMB unsup (enum-aug),matched_descriptors,A,matched_descriptors_016,0.641222903589521,512
CLIMB unsup (enum-aug),matched_descriptors,A,matched_descriptors_017,0.7720071814342552,512
CLIMB unsup (enum-aug),matched_descriptors,A,matched_descriptors_018,0.7620814470826764,512
CLIMB unsup (enum-aug),matched_descriptors,A,matched_descriptors_019,2.1108780635153623,512
CLIMB unsup (enum-aug),matched_descriptors,A,matched_descriptors_020,0.9353512778951272,512
CLIMB unsup (enum-aug),matched_descriptors,A,matched_descriptors_021,0.6855708886587938,512
CLIMB unsup (enum-aug),matched_descriptors,A,matched_descriptors_022,0.598920383698391,512
CLIMB unsup (enum-aug),matched_descriptors,A,matched_descriptors_023,0.7421828214649598,512
CLIMB unsup (enum-aug),matched_descriptors,A,matched_descriptors_024,0.8575415521896683,512
CLIMB unsup (enum-aug),matched_descriptors,A,matched_descriptors_025,0.7805839585225496,512
CLIMB unsup (enum-aug),matched_descriptors,A,matched_descriptors_026,0.8671114415871544,512
CLIMB unsup (enum-aug),matched_descriptors,A,matched_descriptors_027,1.1164862792539911,512
CLIMB unsup (enum-aug),matched_descriptors,A,matched_descriptors_028,0.6780901843362825,512
CLIMB unsup (enum-aug),matched_descriptors,A,matched_descriptors_029,0.5000734915632288,512
CLIMB unsup (enum-aug),matched_descriptors,A,matched_descriptors_030,0.7858582629772172,512
CLIMB unsup (enum-aug),matched_descriptors,A,matched_descriptors_031,0.847795640815684,512
CLIMB unsup (enum-aug),matched_descriptors,A,matched_descriptors_032,0.7620772085445907,512
CLIMB unsup (enum-aug),matched_descriptors,A,matched_descriptors_033,0.6607036415954728,512
CLIMB unsup (enum-aug),matched_descriptors,A,matched_descriptors_034,0.4506897858825607,512
CLIMB unsup (enum-aug),matched_descriptors,A,matched_descriptors_035,0.8923926888665683,512
CLIMB unsup (enum-aug),matched_descriptors,A,matched_descriptors_036,0.6305089834378695,512
CLIMB unsup (enum-aug),matched_descriptors,A,matched_descriptors_037,0.6265295252455639,512
CLIMB unsup (enum-aug),matched_descriptors,A,matched_descriptors_038,0.4915076806917282,512
CLIMB unsup (enum-aug),matched_descriptors,A,matched_descriptors_039,0.6094039173050889,512
CLIMB unsup (enum-aug),matched_descriptors,A,matched_descriptors_040,0.635456038371238,512
CLIMB unsup (enum-aug),matched_descriptors,A,matched_descriptors_041,5.475328829068637,512
CLIMB unsup (enum-aug),matched_descriptors,A,matched_descriptors_042,0.720606384126862,512
CLIMB unsup (enum-aug),matched_descriptors,A,matched_descriptors_043,4.7740751356624855,512
CLIMB unsup (enum-aug),matched_descriptors,A,matched_descriptors_044,0.6498731604252156,512
CLIMB unsup (enum-aug),matched_descriptors,A,matched_descriptors_045,0.7701883557808927,512
CLIMB unsup (enum-aug),matched_descriptors,A,matched_descriptors_046,0.6647603963902984,512
CLIMB unsup (enum-aug),matched_descriptors,A,matched_descriptors_047,0.8005847469774828,512
CLIMB unsup (enum-aug),matched_descriptors,A,matched_descriptors_048,0.5637673899176866,512
CLIMB unsup (enum-aug),matched_descriptors,A,matched_descriptors_049,0.7112392646545797,512
CLIMB unsup (enum-aug),matched_descriptors,A,matched_descriptors_050,0.8234231247220338,512
CLIMB unsup (enum-aug),matched_descriptors,A,matched_descriptors_051,0.6790389884889771,512
CLIMB unsup (enum-aug),matched_descriptors,A,matched_descriptors_052,0.7609263746672391,512
CLIMB unsup (enum-aug),matched_descriptors,A,matched_descriptors_053,1.089587070854474,512
CLIMB unsup (enum-aug),matched_descriptors,A,matched_descriptors_054,0.9347997078941037,512
CLIMB unsup (enum-aug),matched_descriptors,A,matched_descriptors_055,0.8846357980050967,512
CLIMB unsup (enum-aug),matched_descriptors,A,matched_descriptors_056,0.8067719977771663,512
CLIMB unsup (enum-aug),matched_descriptors,A,matched_descriptors_057,1.3164728195145123,512
CLIMB unsup (enum-aug),matched_descriptors,A,matched_descriptors_058,0.8489970623342787,512
CLIMB unsup (enum-aug),matched_descriptors,A,matched_descriptors_059,0.7957381574862754,512
CLIMB unsup (enum-aug),matched_descriptors,A,matched_descriptors_060,1.0219873234654733,512
CLIMB unsup (enum-aug),matched_descriptors,A,matched_descriptors_061,1.013581268871474,512
CLIMB unsup (enum-aug),matched_descriptors,A,matched_descriptors_062,0.7439357054652418,512
CLIMB unsup (enum-aug),matched_descriptors,A,matched_descriptors_063,0.8083734085898945,512
CLIMB unsup (enum-aug),matched_descriptors,A,matched_descriptors_064,0.8526156040823818,512
CLIMB unsup (enum-aug),matched_descriptors,A,matched_descriptors_065,1.1133595926653903,512
CLIMB unsup (enum-aug),matched_descriptors,A,matched_descriptors_066,0.6408648103174581,512
CLIMB unsup (enum-aug),matched_descriptors,A,matched_descriptors_067,0.7641119271338721,512
CLIMB unsup (enum-aug),matched_descriptors,A,matched_descriptors_068,0.6061814566073819,512
CLIMB unsup (enum-aug),matched_descriptors,A,matched_descriptors_069,0.9367389868643088,512
CLIMB unsup (enum-aug),matched_descriptors,A,matched_descriptors_070,0.8504444999570829,512
CLIMB unsup (enum-aug),matched_descriptors,A,matched_descriptors_071,0.8886641214577258,512
CLIMB unsup (enum-aug),matched_descriptors,A,matched_descriptors_072,1.2039749300968108,512
CLIMB unsup (enum-aug),matched_descriptors,A,matched_descriptors_073,0.7343716566664844,512
CLIMB unsup (enum-aug),matched_descriptors,A,matched_descriptors_074,0.8655254949740978,512
CLIMB unsup (enum-aug),matched_descriptors,A,matched_descriptors_075,0.9493931520111432,512
CLIMB unsup (enum-aug),matched_descriptors,A,matched_descriptors_076,1.3312045869533464,512
CLIMB unsup (enum-aug),matched_descriptors,A,matched_descriptors_077,0.9702504740329239,512
CLIMB unsup (enum-aug),matched_descriptors,A,matched_descriptors_078,0.7873977276248859,512
CLIMB unsup (enum-aug),matched_descriptors,A,matched_descriptors_079,0.8167211598770988,512
CLIMB unsup (enum-aug),matched_descriptors,A,matched_descriptors_080,0.6569339503290361,512
CLIMB unsup (enum-aug),matched_descriptors,A,matched_descriptors_081,0.844776119440987,512
CLIMB unsup (enum-aug),matched_descriptors,A,matched_descriptors_082,0.6692613633367237,512
CLIMB unsup (enum-aug),matched_descriptors,A,matched_descriptors_083,1.0650966022044508,512
CLIMB unsup (enum-aug),matched_descriptors,A,matched_descriptors_084,1.2968792535066649,512
CLIMB unsup (enum-aug),matched_descriptors,A,matched_descriptors_085,0.8709937710101906,512
CLIMB unsup (enum-aug),matched_descriptors,A,matched_descriptors_086,1.1086147253273901,512
CLIMB unsup (enum-aug),matched_descriptors,A,matched_descriptors_087,0.4572866646877352,512
CLIMB unsup (enum-aug),matched_descriptors,A,matched_descriptors_088,1.3325033324893298,512
CLIMB unsup (enum-aug),matched_descriptors,A,matched_descriptors_089,0.7758403796098357,512
CLIMB unsup (enum-aug),matched_descriptors,A,matched_descriptors_090,1.0604356078261288,512
CLIMB unsup (enum-aug),matched_descriptors,A,matched_descriptors_091,0.9603756059732037,512
CLIMB unsup (enum-aug),matched_descriptors,A,matched_descriptors_092,0.9758223304088947,512
CLIMB unsup (enum-aug),matched_descriptors,A,matched_descriptors_093,2.57543852696263,512
CLIMB unsup (enum-aug),matched_descriptors,A,matched_descriptors_094,0.9590694689290173,512
CLIMB unsup (enum-aug),matched_descriptors,A,matched_descriptors_095,0.4690262269081871,512
CLIMB unsup (enum-aug),matched_descriptors,A,matched_descriptors_096,0.9422935149038055,512
CLIMB unsup (enum-aug),matched_descriptors,A,matched_descriptors_097,1.0127032330966836,512
CLIMB unsup (enum-aug),matched_descriptors,A,matched_descriptors_098,0.7469281018175312,512
CLIMB unsup (enum-aug),matched_descriptors,A,matched_descriptors_099,0.564222609204744,512
CLIMB unsup (enum-aug),smiles_enumeration,B,smiles_enumeration_000,0.6020110832857609,512
CLIMB unsup (enum-aug),smiles_enumeration,B,smiles_enumeration_001,0.8819918642276666,512
CLIMB unsup (enum-aug),smiles_enumeration,B,smiles_enumeration_002,1.6668794456170306,512
CLIMB unsup (enum-aug),smiles_enumeration,B,smiles_enumeration_003,0.31107157041952477,512
CLIMB unsup (enum-aug),smiles_enumeration,B,smiles_enumeration_004,0.5810069326158499,512
CLIMB unsup (enum-aug),smiles_enumeration,B,smiles_enumeration_005,0.45948071696660037,512
CLIMB unsup (enum-aug),smiles_enumeration,B,smiles_enumeration_006,0.6153262077890269,512
CLIMB unsup (enum-aug),smiles_enumeration,B,smiles_enumeration_007,0.8667933448996433,512
CLIMB unsup (enum-aug),smiles_enumeration,B,smiles_enumeration_008,0.698201506119192,512
CLIMB unsup (enum-aug),smiles_enumeration,B,smiles_enumeration_009,0.7274154586821268,512
CLIMB unsup (enum-aug),smiles_enumeration,B,smiles_enumeration_010,0.49282658632525966,512
CLIMB unsup (enum-aug),smiles_enumeration,B,smiles_enumeration_011,0.9563247985912998,512
CLIMB unsup (enum-aug),smiles_enumeration,B,smiles_enumeration_012,0.5487116563081327,512
CLIMB unsup (enum-aug),smiles_enumeration,B,smiles_enumeration_013,0.7437852658923043,512
CLIMB unsup (enum-aug),smiles_enumeration,B,smiles_enumeration_014,0.5841250081384333,512
CLIMB unsup (enum-aug),smiles_enumeration,B,smiles_enumeration_015,0.8413192110565497,512
CLIMB unsup (enum-aug),smiles_enumeration,B,smiles_enumeration_016,0.6314926323509952,512
CLIMB unsup (enum-aug),smiles_enumeration,B,smiles_enumeration_017,0.5153284202272079,512
CLIMB unsup (enum-aug),smiles_enumeration,B,smiles_enumeration_018,0.7777434659697088,512
CLIMB unsup (enum-aug),smiles_enumeration,B,smiles_enumeration_019,0.565987386734164,512
CLIMB unsup (enum-aug),smiles_enumeration,B,smiles_enumeration_020,0.5620756127525837,512
CLIMB unsup (enum-aug),smiles_enumeration,B,smiles_enumeration_021,0.619802425898628,512
CLIMB unsup (enum-aug),smiles_enumeration,B,smiles_enumeration_022,0.38673802598068263,512
CLIMB unsup (enum-aug),smiles_enumeration,B,smiles_enumeration_023,0.7335242255276807,512
CLIMB unsup (enum-aug),smiles_enumeration,B,smiles_enumeration_024,0.5132226429354648,512
CLIMB unsup (enum-aug),smiles_enumeration,B,smiles_enumeration_025,0.5766942914105258,512
CLIMB unsup (enum-aug),smiles_enumeration,B,smiles_enumeration_026,0.5868452455625782,512
CLIMB unsup (enum-aug),smiles_enumeration,B,smiles_enumeration_027,0.7145609562910222,512
CLIMB unsup (enum-aug),smiles_enumeration,B,smiles_enumeration_028,0.5147755771671616,512
CLIMB unsup (enum-aug),smiles_enumeration,B,smiles_enumeration_029,0.4103225053439715,512
CLIMB unsup (enum-aug),smiles_enumeration,B,smiles_enumeration_030,0.6475179360523567,512
CLIMB unsup (enum-aug),smiles_enumeration,B,smiles_enumeration_031,0.5707285062788732,512
CLIMB unsup (enum-aug),smiles_enumeration,B,smiles_enumeration_032,0.5136319790220594,512
CLIMB unsup (enum-aug),smiles_enumeration,B,smiles_enumeration_033,0.36446057041276136,512
CLIMB unsup (enum-aug),smiles_enumeration,B,smiles_enumeration_034,0.6256902931410712,512
CLIMB unsup (enum-aug),smiles_enumeration,B,smiles_enumeration_035,0.4861021191604732,512
CLIMB unsup (enum-aug),smiles_enumeration,B,smiles_enumeration_036,0.5967965926691919,512
CLIMB unsup (enum-aug),smiles_enumeration,B,smiles_enumeration_037,0.7956950530938529,512
CLIMB unsup (enum-aug),smiles_enumeration,B,smiles_enumeration_038,0.938948296661631,512
CLIMB unsup (enum-aug),smiles_enumeration,B,smiles_enumeration_039,0.8315603223285322,512
CLIMB unsup (enum-aug),smiles_enumeration,B,smiles_enumeration_040,0.5167133542035409,512
CLIMB unsup (enum-aug),smiles_enumeration,B,smiles_enumeration_041,0.518028555872834,512
CLIMB unsup (enum-aug),smiles_enumeration,B,smiles_enumeration_042,0.7418386913427398,512
CLIMB unsup (enum-aug),smiles_enumeration,B,smiles_enumeration_043,0.6894050094656424,512
CLIMB unsup (enum-aug),smiles_enumeration,B,smiles_enumeration_044,0.489221357268351,512
CLIMB unsup (enum-aug),smiles_enumeration,B,smiles_enumeration_045,0.7893946188396718,512
CLIMB unsup (enum-aug),smiles_enumeration,B,smiles_enumeration_046,1.1364552521568596,512
CLIMB unsup (enum-aug),smiles_enumeration,B,smiles_enumeration_047,0.5368594861991003,512
CLIMB unsup (enum-aug),smiles_enumeration,B,smiles_enumeration_048,0.635952234090962,512
CLIMB unsup (enum-aug),smiles_enumeration,B,smiles_enumeration_049,0.5981886471590211,512
CLIMB unsup (enum-aug),smiles_enumeration,B,smiles_enumeration_050,0.5463150110330447,512
CLIMB unsup (enum-aug),smiles_enumeration,B,smiles_enumeration_051,0.7393847455226457,512
CLIMB unsup (enum-aug),smiles_enumeration,B,smiles_enumeration_052,0.5423976669532504,512
CLIMB unsup (enum-aug),smiles_enumeration,B,smiles_enumeration_053,0.7046071696131403,512
CLIMB unsup (enum-aug),smiles_enumeration,B,smiles_enumeration_054,0.9364025576099849,512
CLIMB unsup (enum-aug),smiles_enumeration,B,smiles_enumeration_055,0.5996715742049807,512
CLIMB unsup (enum-aug),smiles_enumeration,B,smiles_enumeration_056,0.5079260031682259,512
CLIMB unsup (enum-aug),smiles_enumeration,B,smiles_enumeration_057,1.1038792457048383,512
CLIMB unsup (enum-aug),smiles_enumeration,B,smiles_enumeration_058,0.8692652491453519,512
CLIMB unsup (enum-aug),smiles_enumeration,B,smiles_enumeration_059,0.7293749649635636,512
CLIMB unsup (enum-aug),smiles_enumeration,B,smiles_enumeration_060,0.6952350187916416,512
CLIMB unsup (enum-aug),smiles_enumeration,B,smiles_enumeration_061,0.565423795763909,512
CLIMB unsup (enum-aug),smiles_enumeration,B,smiles_enumeration_062,0.6011288560606882,512
CLIMB unsup (enum-aug),smiles_enumeration,B,smiles_enumeration_063,0.6651275184443313,512
CLIMB unsup (enum-aug),smiles_enumeration,B,smiles_enumeration_064,0.8494317132490953,512
CLIMB unsup (enum-aug),smiles_enumeration,B,smiles_enumeration_065,0.7743548196461488,512
CLIMB unsup (enum-aug),smiles_enumeration,B,smiles_enumeration_066,0.46827970330016044,512
CLIMB unsup (enum-aug),smiles_enumeration,B,smiles_enumeration_067,0.7874632320496564,512
CLIMB unsup (enum-aug),smiles_enumeration,B,smiles_enumeration_068,1.882866532308735,512
CLIMB unsup (enum-aug),smiles_enumeration,B,smiles_enumeration_069,0.9824850910683773,512
CLIMB unsup (enum-aug),smiles_enumeration,B,smiles_enumeration_070,0.6991171333206969,512
CLIMB unsup (enum-aug),smiles_enumeration,B,smiles_enumeration_071,0.9894072144519994,512
CLIMB unsup (enum-aug),smiles_enumeration,B,smiles_enumeration_072,0.641204787055529,512
CLIMB unsup (enum-aug),smiles_enumeration,B,smiles_enumeration_073,1.0068987720773914,512
CLIMB unsup (enum-aug),smiles_enumeration,B,smiles_enumeration_074,0.647605376365716,512
CLIMB unsup (enum-aug),smiles_enumeration,B,smiles_enumeration_075,0.5735682483136437,512
CLIMB unsup (enum-aug),smiles_enumeration,B,smiles_enumeration_076,0.6334343930785724,512
CLIMB unsup (enum-aug),smiles_enumeration,B,smiles_enumeration_077,0.4986708345822485,512
CLIMB unsup (enum-aug),smiles_enumeration,B,smiles_enumeration_078,0.6773251891422956,512
CLIMB unsup (enum-aug),smiles_enumeration,B,smiles_enumeration_079,0.7016835244206926,512
CLIMB unsup (enum-aug),smiles_enumeration,B,smiles_enumeration_080,0.8138536057458543,512
CLIMB unsup (enum-aug),smiles_enumeration,B,smiles_enumeration_081,0.5188415230363163,512
CLIMB unsup (enum-aug),smiles_enumeration,B,smiles_enumeration_082,0.8259762624099183,512
CLIMB unsup (enum-aug),smiles_enumeration,B,smiles_enumeration_083,0.587276451546711,512
CLIMB unsup (enum-aug),smiles_enumeration,B,smiles_enumeration_084,0.520334950089237,512
CLIMB unsup (enum-aug),smiles_enumeration,B,smiles_enumeration_085,0.4567615823254471,512
CLIMB unsup (enum-aug),smiles_enumeration,B,smiles_enumeration_086,1.521402678389939,512
CLIMB unsup (enum-aug),smiles_enumeration,B,smiles_enumeration_087,0.4903558718968823,512
CLIMB unsup (enum-aug),smiles_enumeration,B,smiles_enumeration_088,0.8747951057801431,512
CLIMB unsup (enum-aug),smiles_enumeration,B,smiles_enumeration_089,0.562733646968197,512
CLIMB unsup (enum-aug),smiles_enumeration,B,smiles_enumeration_090,0.788191687504376,512
CLIMB unsup (enum-aug),smiles_enumeration,B,smiles_enumeration_091,0.6327637462523947,512
CLIMB unsup (enum-aug),smiles_enumeration,B,smiles_enumeration_092,0.7305969398952604,512
CLIMB unsup (enum-aug),smiles_enumeration,B,smiles_enumeration_093,0.8672493511135607,512
CLIMB unsup (enum-aug),smiles_enumeration,B,smiles_enumeration_094,0.6524215734201633,512
CLIMB unsup (enum-aug),smiles_enumeration,B,smiles_enumeration_095,0.6424375788004986,512
CLIMB unsup (enum-aug),smiles_enumeration,B,smiles_enumeration_096,0.3562205151573642,512
CLIMB unsup (enum-aug),smiles_enumeration,B,smiles_enumeration_097,0.6958380552997016,512
CLIMB unsup (enum-aug),smiles_enumeration,B,smiles_enumeration_098,0.7586241871615825,512
CLIMB unsup (enum-aug),smiles_enumeration,B,smiles_enumeration_099,0.40961913114955817,512
CLIMB unsup (enum-aug),kekule,B,kekule_000,1.6115340327360232,512
CLIMB unsup (enum-aug),kekule,B,kekule_001,2.255335733191303,512
CLIMB unsup (enum-aug),kekule,B,kekule_002,1.8663023386233537,512
CLIMB unsup (enum-aug),kekule,B,kekule_003,1.67836007271618,512
CLIMB unsup (enum-aug),kekule,B,kekule_004,1.9745818642599906,512
CLIMB unsup (enum-aug),kekule,B,kekule_005,2.1408179256416333,512
CLIMB unsup (enum-aug),kekule,B,kekule_006,2.144796833701984,512
CLIMB unsup (enum-aug),kekule,B,kekule_007,2.412045423951624,512
CLIMB unsup (enum-aug),kekule,B,kekule_008,1.5404110306911205,512
CLIMB unsup (enum-aug),kekule,B,kekule_009,0.8563183622566176,512
CLIMB unsup (enum-aug),kekule,B,kekule_010,2.264680451729704,512
CLIMB unsup (enum-aug),kekule,B,kekule_011,0.9144596960360784,512
CLIMB unsup (enum-aug),kekule,B,kekule_012,2.0656124622262677,512
CLIMB unsup (enum-aug),kekule,B,kekule_013,1.26281849961005,512
CLIMB unsup (enum-aug),kekule,B,kekule_014,2.435025671342441,512
CLIMB unsup (enum-aug),kekule,B,kekule_015,0.7406009942417375,512
CLIMB unsup (enum-aug),kekule,B,kekule_016,1.6891077704930781,512
CLIMB unsup (enum-aug),kekule,B,kekule_017,2.123967351280639,512
CLIMB unsup (enum-aug),kekule,B,kekule_018,2.106546244312859,512
CLIMB unsup (enum-aug),kekule,B,kekule_019,0.7869652435126764,512
CLIMB unsup (enum-aug),kekule,B,kekule_020,1.144417387107165,512
CLIMB unsup (enum-aug),kekule,B,kekule_021,1.4873314787387515,512
CLIMB unsup (enum-aug),kekule,B,kekule_022,1.467160321635626,512
CLIMB unsup (enum-aug),kekule,B,kekule_023,1.0170456533609498,512
CLIMB unsup (enum-aug),kekule,B,kekule_024,1.739569925273239,512
CLIMB unsup (enum-aug),kekule,B,kekule_025,1.3738822158668749,512
CLIMB unsup (enum-aug),kekule,B,kekule_026,1.7598910195407569,512
CLIMB unsup (enum-aug),kekule,B,kekule_027,0.9877550888831893,512
CLIMB unsup (enum-aug),kekule,B,kekule_028,1.6991661345137505,512
CLIMB unsup (enum-aug),kekule,B,kekule_029,1.4766555854634495,512
CLIMB unsup (enum-aug),kekule,B,kekule_030,1.7954702977370838,512
CLIMB unsup (enum-aug),kekule,B,kekule_031,1.828844683980585,512
CLIMB unsup (enum-aug),kekule,B,kekule_032,1.6448297270154504,512
CLIMB unsup (enum-aug),kekule,B,kekule_033,1.5672626926879765,512
CLIMB unsup (enum-aug),kekule,B,kekule_034,1.0186565348723045,512
CLIMB unsup (enum-aug),kekule,B,kekule_035,1.3335594442631462,512
CLIMB unsup (enum-aug),kekule,B,kekule_036,1.4161383579760431,512
CLIMB unsup (enum-aug),kekule,B,kekule_037,1.8003665745645292,512
CLIMB unsup (enum-aug),kekule,B,kekule_038,2.1323176712206338,512
CLIMB unsup (enum-aug),kekule,B,kekule_039,1.47642386923378,512
CLIMB unsup (enum-aug),kekule,B,kekule_040,2.1015475419054965,512
CLIMB unsup (enum-aug),kekule,B,kekule_041,2.596485214346797,512
CLIMB unsup (enum-aug),kekule,B,kekule_042,1.8814618220303863,512
CLIMB unsup (enum-aug),kekule,B,kekule_043,1.843854044057956,512
CLIMB unsup (enum-aug),kekule,B,kekule_044,1.9445771759549484,512
CLIMB unsup (enum-aug),kekule,B,kekule_045,1.6099123884568294,512
CLIMB unsup (enum-aug),kekule,B,kekule_046,1.5728837514417184,512
CLIMB unsup (enum-aug),kekule,B,kekule_047,1.770579665260376,512
CLIMB unsup (enum-aug),kekule,B,kekule_048,2.1093128390187355,512
CLIMB unsup (enum-aug),kekule,B,kekule_049,2.207161344160899,512
CLIMB unsup (enum-aug),kekule,B,kekule_050,1.9157596686194345,512
CLIMB unsup (enum-aug),kekule,B,kekule_051,0.5287178876686518,512
CLIMB unsup (enum-aug),kekule,B,kekule_052,1.8920095765195015,512
CLIMB unsup (enum-aug),kekule,B,kekule_053,2.3568509124735932,512
CLIMB unsup (enum-aug),kekule,B,kekule_054,1.3157269940930163,512
CLIMB unsup (enum-aug),kekule,B,kekule_055,1.9206510294113075,512
CLIMB unsup (enum-aug),kekule,B,kekule_056,0.7557762344878686,512
CLIMB unsup (enum-aug),kekule,B,kekule_057,1.5146220820527545,512
CLIMB unsup (enum-aug),kekule,B,kekule_058,2.9985603073153038,512
CLIMB unsup (enum-aug),kekule,B,kekule_059,1.2324705607123434,512
CLIMB unsup (enum-aug),kekule,B,kekule_060,2.0409583496809147,512
CLIMB unsup (enum-aug),kekule,B,kekule_061,1.2605499485172709,512
CLIMB unsup (enum-aug),kekule,B,kekule_062,2.46646289355933,512
CLIMB unsup (enum-aug),kekule,B,kekule_063,1.8948861839313076,512
CLIMB unsup (enum-aug),kekule,B,kekule_064,1.3499599293235942,512
CLIMB unsup (enum-aug),kekule,B,kekule_065,1.483598641551903,512
CLIMB unsup (enum-aug),kekule,B,kekule_066,1.700568923994826,512
CLIMB unsup (enum-aug),kekule,B,kekule_067,1.5686313626251616,512
CLIMB unsup (enum-aug),kekule,B,kekule_068,1.5216764051903549,512
CLIMB unsup (enum-aug),kekule,B,kekule_069,1.9606169269027023,512
CLIMB unsup (enum-aug),kekule,B,kekule_070,1.726007118898403,512
CLIMB unsup (enum-aug),kekule,B,kekule_071,2.286187226419823,512
CLIMB unsup (enum-aug),kekule,B,kekule_072,2.1744029335263857,512
CLIMB unsup (enum-aug),kekule,B,kekule_073,1.8308256721019445,512
CLIMB unsup (enum-aug),kekule,B,kekule_074,1.953053133449168,512
CLIMB unsup (enum-aug),kekule,B,kekule_075,0.6015873077815437,512
CLIMB unsup (enum-aug),kekule,B,kekule_076,2.1170277461081155,512
CLIMB unsup (enum-aug),kekule,B,kekule_077,1.4636905629173704,512
CLIMB unsup (enum-aug),kekule,B,kekule_078,2.020440842120182,512
CLIMB unsup (enum-aug),kekule,B,kekule_079,1.0788149438382895,512
CLIMB unsup (enum-aug),kekule,B,kekule_080,1.5989332837317962,512
CLIMB unsup (enum-aug),kekule,B,kekule_081,1.3953202506303355,512
CLIMB unsup (enum-aug),kekule,B,kekule_082,1.4590993168936683,512
CLIMB unsup (enum-aug),kekule,B,kekule_083,1.652130413871525,512
CLIMB unsup (enum-aug),kekule,B,kekule_084,2.072993323440115,512
CLIMB unsup (enum-aug),kekule,B,kekule_085,1.7846463901603977,512
CLIMB unsup (enum-aug),kekule,B,kekule_086,2.0327377670200133,512
CLIMB unsup (enum-aug),kekule,B,kekule_087,2.222661359841677,512
CLIMB unsup (enum-aug),kekule,B,kekule_088,2.0846006993560984,512
CLIMB unsup (enum-aug),kekule,B,kekule_089,1.8161558277960927,512
CLIMB unsup (enum-aug),kekule,B,kekule_090,1.8082234657201202,512
CLIMB unsup (enum-aug),kekule,B,kekule_091,0.9616195775358318,512
CLIMB unsup (enum-aug),kekule,B,kekule_092,2.857627211417132,512
CLIMB unsup (enum-aug),kekule,B,kekule_093,1.8572605931650346,512
CLIMB unsup (enum-aug),kekule,B,kekule_094,1.5955843973657897,512
CLIMB unsup (enum-aug),kekule,B,kekule_095,1.4178126116468432,512
CLIMB unsup (enum-aug),kekule,B,kekule_096,1.076466776340614,512
CLIMB unsup (enum-aug),kekule,B,kekule_097,1.5868397054224357,512
CLIMB unsup (enum-aug),kekule,B,kekule_098,0.5012151093827159,512
CLIMB unsup (enum-aug),kekule,B,kekule_099,2.388812393099535,512
CLIMB unsup (enum-aug),symmetry_equivalent,B,symmetry_equivalent_000,0.0,512
CLIMB unsup (enum-aug),symmetry_equivalent,B,symmetry_equivalent_001,0.0,512
CLIMB unsup (enum-aug),symmetry_equivalent,B,symmetry_equivalent_002,0.0,512
CLIMB unsup (enum-aug),symmetry_equivalent,B,symmetry_equivalent_003,0.0,512
CLIMB unsup (enum-aug),symmetry_equivalent,B,symmetry_equivalent_004,0.0,512
CLIMB unsup (enum-aug),symmetry_equivalent,B,symmetry_equivalent_005,0.0,512
CLIMB unsup (enum-aug),symmetry_equivalent,B,symmetry_equivalent_006,0.0,512
CLIMB unsup (enum-aug),symmetry_equivalent,B,symmetry_equivalent_007,0.0,512
CLIMB unsup (enum-aug),symmetry_equivalent,B,symmetry_equivalent_008,0.0,512
CLIMB unsup (enum-aug),symmetry_equivalent,B,symmetry_equivalent_009,0.0,512
CLIMB unsup (enum-aug),symmetry_equivalent,B,symmetry_equivalent_010,0.0,512
CLIMB unsup (enum-aug),symmetry_equivalent,B,symmetry_equivalent_011,0.0,512
CLIMB unsup (enum-aug),symmetry_equivalent,B,symmetry_equivalent_012,0.0,512
CLIMB unsup (enum-aug),symmetry_equivalent,B,symmetry_equivalent_013,0.0,512
CLIMB unsup (enum-aug),symmetry_equivalent,B,symmetry_equivalent_014,0.0,512
CLIMB unsup (enum-aug),symmetry_equivalent,B,symmetry_equivalent_015,0.0,512
CLIMB unsup (enum-aug),symmetry_equivalent,B,symmetry_equivalent_016,0.0,512
CLIMB unsup (enum-aug),symmetry_equivalent,B,symmetry_equivalent_017,0.0,512
CLIMB unsup (enum-aug),symmetry_equivalent,B,symmetry_equivalent_018,0.0,512
CLIMB unsup (enum-aug),symmetry_equivalent,B,symmetry_equivalent_019,0.0,512
CLIMB unsup (enum-aug),symmetry_equivalent,B,symmetry_equivalent_020,0.0,512
CLIMB unsup (enum-aug),symmetry_equivalent,B,symmetry_equivalent_021,0.0,512
CLIMB unsup (enum-aug),symmetry_equivalent,B,symmetry_equivalent_022,0.0,512
CLIMB unsup (enum-aug),symmetry_equivalent,B,symmetry_equivalent_023,0.0,512
CLIMB unsup (enum-aug),symmetry_equivalent,B,symmetry_equivalent_024,0.0,512
CLIMB unsup (enum-aug),symmetry_equivalent,B,symmetry_equivalent_025,0.0,512
CLIMB unsup (enum-aug),symmetry_equivalent,B,symmetry_equivalent_026,0.0,512
CLIMB unsup (enum-aug),symmetry_equivalent,B,symmetry_equivalent_027,0.0,512
CLIMB unsup (enum-aug),symmetry_equivalent,B,symmetry_equivalent_028,0.0,512
CLIMB unsup (enum-aug),symmetry_equivalent,B,symmetry_equivalent_029,0.0,512
CLIMB unsup (enum-aug),symmetry_equivalent,B,symmetry_equivalent_030,0.0,512
CLIMB unsup (enum-aug),symmetry_equivalent,B,symmetry_equivalent_031,0.0,512
CLIMB unsup (enum-aug),symmetry_equivalent,B,symmetry_equivalent_032,0.0,512
CLIMB unsup (enum-aug),symmetry_equivalent,B,symmetry_equivalent_033,0.0,512
CLIMB unsup (enum-aug),symmetry_equivalent,B,symmetry_equivalent_034,0.0,512
CLIMB unsup (enum-aug),symmetry_equivalent,B,symmetry_equivalent_035,0.0,512
CLIMB unsup (enum-aug),symmetry_equivalent,B,symmetry_equivalent_036,0.0,512
CLIMB unsup (enum-aug),symmetry_equivalent,B,symmetry_equivalent_037,0.0,512
CLIMB unsup (enum-aug),symmetry_equivalent,B,symmetry_equivalent_038,0.0,512
CLIMB unsup (enum-aug),symmetry_equivalent,B,symmetry_equivalent_039,0.0,512
CLIMB unsup (enum-aug),symmetry_equivalent,B,symmetry_equivalent_040,0.0,512
CLIMB unsup (enum-aug),symmetry_equivalent,B,symmetry_equivalent_041,0.0,512
CLIMB unsup (enum-aug),symmetry_equivalent,B,symmetry_equivalent_042,0.0,512
CLIMB unsup (enum-aug),symmetry_equivalent,B,symmetry_equivalent_043,0.0,512
CLIMB unsup (enum-aug),symmetry_equivalent,B,symmetry_equivalent_044,0.0,512
CLIMB unsup (enum-aug),symmetry_equivalent,B,symmetry_equivalent_045,0.0,512
CLIMB unsup (enum-aug),symmetry_equivalent,B,symmetry_equivalent_046,0.0,512
CLIMB unsup (enum-aug),symmetry_equivalent,B,symmetry_equivalent_047,0.0,512
CLIMB unsup (enum-aug),symmetry_equivalent,B,symmetry_equivalent_048,0.0,512
CLIMB unsup (enum-aug),symmetry_equivalent,B,symmetry_equivalent_049,0.0,512
CLIMB unsup (enum-aug),symmetry_equivalent,B,symmetry_equivalent_050,0.0,512
CLIMB unsup (enum-aug),symmetry_equivalent,B,symmetry_equivalent_051,0.0,512
CLIMB unsup (enum-aug),symmetry_equivalent,B,symmetry_equivalent_052,0.0,512
CLIMB unsup (enum-aug),symmetry_equivalent,B,symmetry_equivalent_053,0.0,512
CLIMB unsup (enum-aug),symmetry_equivalent,B,symmetry_equivalent_054,0.0,512
CLIMB unsup (enum-aug),symmetry_equivalent,B,symmetry_equivalent_055,0.0,512
CLIMB unsup (enum-aug),symmetry_equivalent,B,symmetry_equivalent_056,0.0,512
CLIMB unsup (enum-aug),symmetry_equivalent,B,symmetry_equivalent_057,0.0,512
CLIMB unsup (enum-aug),symmetry_equivalent,B,symmetry_equivalent_058,0.0,512
CLIMB unsup (enum-aug),symmetry_equivalent,B,symmetry_equivalent_059,0.0,512
CLIMB unsup (enum-aug),symmetry_equivalent,B,symmetry_equivalent_060,0.0,512
CLIMB unsup (enum-aug),symmetry_equivalent,B,symmetry_equivalent_061,0.0,512
CLIMB unsup (enum-aug),symmetry_equivalent,B,symmetry_equivalent_062,0.0,512
CLIMB unsup (enum-aug),symmetry_equivalent,B,symmetry_equivalent_063,0.0,512
CLIMB unsup (enum-aug),symmetry_equivalent,B,symmetry_equivalent_064,0.0,512
CLIMB unsup (enum-aug),symmetry_equivalent,B,symmetry_equivalent_065,0.0,512
CLIMB unsup (enum-aug),symmetry_equivalent,B,symmetry_equivalent_066,0.0,512
CLIMB unsup (enum-aug),symmetry_equivalent,B,symmetry_equivalent_067,0.0,512
CLIMB unsup (enum-aug),symmetry_equivalent,B,symmetry_equivalent_068,0.0,512
CLIMB unsup (enum-aug),symmetry_equivalent,B,symmetry_equivalent_069,0.0,512
CLIMB unsup (enum-aug),symmetry_equivalent,B,symmetry_equivalent_070,0.0,512
CLIMB unsup (enum-aug),symmetry_equivalent,B,symmetry_equivalent_071,0.0,512
CLIMB unsup (enum-aug),symmetry_equivalent,B,symmetry_equivalent_072,0.0,512
CLIMB unsup (enum-aug),symmetry_equivalent,B,symmetry_equivalent_073,0.0,512
CLIMB unsup (enum-aug),symmetry_equivalent,B,symmetry_equivalent_074,0.0,512
CLIMB unsup (enum-aug),symmetry_equivalent,B,symmetry_equivalent_075,0.0,512
CLIMB unsup (enum-aug),symmetry_equivalent,B,symmetry_equivalent_076,0.0,512
CLIMB unsup (enum-aug),symmetry_equivalent,B,symmetry_equivalent_077,0.0,512
CLIMB unsup (enum-aug),symmetry_equivalent,B,symmetry_equivalent_078,0.0,512
CLIMB unsup (enum-aug),symmetry_equivalent,B,symmetry_equivalent_079,0.0,512
CLIMB unsup (enum-aug),symmetry_equivalent,B,symmetry_equivalent_080,0.0,512
CLIMB unsup (enum-aug),symmetry_equivalent,B,symmetry_equivalent_081,0.0,512
CLIMB unsup (enum-aug),symmetry_equivalent,B,symmetry_equivalent_082,0.0,512
CLIMB unsup (enum-aug),symmetry_equivalent,B,symmetry_equivalent_083,0.0,512
CLIMB unsup (enum-aug),symmetry_equivalent,B,symmetry_equivalent_084,0.0,512
CLIMB unsup (enum-aug),symmetry_equivalent,B,symmetry_equivalent_085,0.0,512
CLIMB unsup (enum-aug),symmetry_equivalent,B,symmetry_equivalent_086,0.0,512
CLIMB unsup (enum-aug),symmetry_equivalent,B,symmetry_equivalent_087,0.0,512
CLIMB unsup (enum-aug),symmetry_equivalent,B,symmetry_equivalent_088,0.0,512
CLIMB unsup (enum-aug),symmetry_equivalent,B,symmetry_equivalent_089,0.0,512
CLIMB unsup (enum-aug),symmetry_equivalent,B,symmetry_equivalent_090,0.0,512
CLIMB unsup (enum-aug),symmetry_equivalent,B,symmetry_equivalent_091,0.0,512
CLIMB unsup (enum-aug),symmetry_equivalent,B,symmetry_equivalent_092,0.0,512
CLIMB unsup (enum-aug),symmetry_equivalent,B,symmetry_equivalent_093,0.0,512
CLIMB unsup (enum-aug),symmetry_equivalent,B,symmetry_equivalent_094,0.0,512
CLIMB unsup (enum-aug),symmetry_equivalent,B,symmetry_equivalent_095,0.0,512
CLIMB unsup (enum-aug),symmetry_equivalent,B,symmetry_equivalent_096,0.0,512
CLIMB unsup (enum-aug),symmetry_equivalent,B,symmetry_equivalent_097,0.0,512
CLIMB unsup (enum-aug),symmetry_equivalent,B,symmetry_equivalent_098,0.0,512
CLIMB unsup (enum-aug),symmetry_equivalent,B,symmetry_equivalent_099,0.0,512
CLIMB unsup (canon-ctrl),stereo_flip,A,stereo_flip_000,0.06201927779879447,512
CLIMB unsup (canon-ctrl),stereo_flip,A,stereo_flip_001,0.05500814855797462,512
CLIMB unsup (canon-ctrl),stereo_flip,A,stereo_flip_002,0.05301046104293658,512
CLIMB unsup (canon-ctrl),stereo_flip,A,stereo_flip_003,0.07204195836299741,512
CLIMB unsup (canon-ctrl),stereo_flip,A,stereo_flip_004,0.0839973166067831,512
CLIMB unsup (canon-ctrl),stereo_flip,A,stereo_flip_005,0.07013935715791525,512
CLIMB unsup (canon-ctrl),stereo_flip,A,stereo_flip_006,0.05947931997056102,512
CLIMB unsup (canon-ctrl),stereo_flip,A,stereo_flip_007,0.03655587586204892,512
CLIMB unsup (canon-ctrl),stereo_flip,A,stereo_flip_008,0.0384841405108085,512
CLIMB unsup (canon-ctrl),stereo_flip,A,stereo_flip_009,0.04744347033353261,512
CLIMB unsup (canon-ctrl),stereo_flip,A,stereo_flip_010,0.05135935211239941,512
CLIMB unsup (canon-ctrl),stereo_flip,A,stereo_flip_011,0.08976126911923876,512
CLIMB unsup (canon-ctrl),stereo_flip,A,stereo_flip_012,0.05202384373109595,512
CLIMB unsup (canon-ctrl),stereo_flip,A,stereo_flip_013,0.09167424763022658,512
CLIMB unsup (canon-ctrl),stereo_flip,A,stereo_flip_014,0.0396851290035569,512
CLIMB unsup (canon-ctrl),stereo_flip,A,stereo_flip_015,0.06662922871922432,512
CLIMB unsup (canon-ctrl),stereo_flip,A,stereo_flip_016,0.061531362778845675,512
CLIMB unsup (canon-ctrl),stereo_flip,A,stereo_flip_017,0.056635204455123433,512
CLIMB unsup (canon-ctrl),stereo_flip,A,stereo_flip_018,0.08596529093779266,512
CLIMB unsup (canon-ctrl),stereo_flip,A,stereo_flip_019,0.09780584541956225,512
CLIMB unsup (canon-ctrl),stereo_flip,A,stereo_flip_020,0.061516405826593325,512
CLIMB unsup (canon-ctrl),stereo_flip,A,stereo_flip_021,0.07257981875396961,512
CLIMB unsup (canon-ctrl),stereo_flip,A,stereo_flip_022,0.0645780914810498,512
CLIMB unsup (canon-ctrl),stereo_flip,A,stereo_flip_023,0.07984665352305018,512
CLIMB unsup (canon-ctrl),stereo_flip,A,stereo_flip_024,0.10490511982839458,512
CLIMB unsup (canon-ctrl),stereo_flip,A,stereo_flip_025,0.07826014231366113,512
CLIMB unsup (canon-ctrl),stereo_flip,A,stereo_flip_026,0.03690180750128349,512
CLIMB unsup (canon-ctrl),stereo_flip,A,stereo_flip_027,0.047053090926193405,512
CLIMB unsup (canon-ctrl),stereo_flip,A,stereo_flip_028,0.05785734169238669,512
CLIMB unsup (canon-ctrl),stereo_flip,A,stereo_flip_029,0.07844006494849508,512
CLIMB unsup (canon-ctrl),stereo_flip,A,stereo_flip_030,0.041998933549711986,512
CLIMB unsup (canon-ctrl),stereo_flip,A,stereo_flip_031,0.04968343148307162,512
CLIMB unsup (canon-ctrl),stereo_flip,A,stereo_flip_032,0.07466497693312225,512
CLIMB unsup (canon-ctrl),stereo_flip,A,stereo_flip_033,0.07334269521104067,512
CLIMB unsup (canon-ctrl),stereo_flip,A,stereo_flip_034,0.06387657289760179,512
CLIMB unsup (canon-ctrl),stereo_flip,A,stereo_flip_035,0.06164049347583004,512
CLIMB unsup (canon-ctrl),stereo_flip,A,stereo_flip_036,0.03384476032965689,512
CLIMB unsup (canon-ctrl),stereo_flip,A,stereo_flip_037,0.04359788447409801,512
CLIMB unsup (canon-ctrl),stereo_flip,A,stereo_flip_038,0.0585922535568117,512
CLIMB unsup (canon-ctrl),stereo_flip,A,stereo_flip_039,0.055490895868585785,512
CLIMB unsup (canon-ctrl),stereo_flip,A,stereo_flip_040,0.04837562533982317,512
CLIMB unsup (canon-ctrl),stereo_flip,A,stereo_flip_041,0.06395872923053908,512
CLIMB unsup (canon-ctrl),stereo_flip,A,stereo_flip_042,0.7379310377503705,512
CLIMB unsup (canon-ctrl),stereo_flip,A,stereo_flip_043,0.057553986913130614,512
CLIMB unsup (canon-ctrl),stereo_flip,A,stereo_flip_044,0.054579680424019276,512
CLIMB unsup (canon-ctrl),stereo_flip,A,stereo_flip_045,0.050001448550674454,512
CLIMB unsup (canon-ctrl),stereo_flip,A,stereo_flip_046,0.0360456392856862,512
CLIMB unsup (canon-ctrl),stereo_flip,A,stereo_flip_047,0.12099501413321116,512
CLIMB unsup (canon-ctrl),stereo_flip,A,stereo_flip_048,0.06562869437561163,512
CLIMB unsup (canon-ctrl),stereo_flip,A,stereo_flip_049,0.055850553627942875,512
CLIMB unsup (canon-ctrl),stereo_flip,A,stereo_flip_050,0.09175558927556902,512
CLIMB unsup (canon-ctrl),stereo_flip,A,stereo_flip_051,0.05094767606640672,512
CLIMB unsup (canon-ctrl),stereo_flip,A,stereo_flip_052,0.4086710782949998,512
CLIMB unsup (canon-ctrl),stereo_flip,A,stereo_flip_053,0.07763515772773942,512
CLIMB unsup (canon-ctrl),stereo_flip,A,stereo_flip_054,0.06849225501753278,512
CLIMB unsup (canon-ctrl),stereo_flip,A,stereo_flip_055,0.02431467090039376,512
CLIMB unsup (canon-ctrl),stereo_flip,A,stereo_flip_056,0.0417513617329583,512
CLIMB unsup (canon-ctrl),stereo_flip,A,stereo_flip_057,0.07233854230872072,512
CLIMB unsup (canon-ctrl),stereo_flip,A,stereo_flip_058,0.13207696392487386,512
CLIMB unsup (canon-ctrl),stereo_flip,A,stereo_flip_059,0.0889467774877416,512
CLIMB unsup (canon-ctrl),stereo_flip,A,stereo_flip_060,0.0902148936006888,512
CLIMB unsup (canon-ctrl),stereo_flip,A,stereo_flip_061,0.08918087161590124,512
CLIMB unsup (canon-ctrl),stereo_flip,A,stereo_flip_062,0.037297634426701455,512
CLIMB unsup (canon-ctrl),stereo_flip,A,stereo_flip_063,0.07832807365005952,512
CLIMB unsup (canon-ctrl),stereo_flip,A,stereo_flip_064,0.05455886215994972,512
CLIMB unsup (canon-ctrl),stereo_flip,A,stereo_flip_065,0.04799375473615022,512
CLIMB unsup (canon-ctrl),stereo_flip,A,stereo_flip_066,0.08084872990210049,512
CLIMB unsup (canon-ctrl),stereo_flip,A,stereo_flip_067,0.07145604703683725,512
CLIMB unsup (canon-ctrl),stereo_flip,A,stereo_flip_068,0.07287740863174196,512
CLIMB unsup (canon-ctrl),stereo_flip,A,stereo_flip_069,0.06485300212134688,512
CLIMB unsup (canon-ctrl),stereo_flip,A,stereo_flip_070,0.05065161441866343,512
CLIMB unsup (canon-ctrl),stereo_flip,A,stereo_flip_071,0.042385203881514684,512
CLIMB unsup (canon-ctrl),stereo_flip,A,stereo_flip_072,0.06193856967953902,512
CLIMB unsup (canon-ctrl),stereo_flip,A,stereo_flip_073,0.05707115587128826,512
CLIMB unsup (canon-ctrl),stereo_flip,A,stereo_flip_074,0.07303681587322612,512
CLIMB unsup (canon-ctrl),stereo_flip,A,stereo_flip_075,0.07988191066411933,512
CLIMB unsup (canon-ctrl),stereo_flip,A,stereo_flip_076,0.051057470114814534,512
CLIMB unsup (canon-ctrl),stereo_flip,A,stereo_flip_077,0.05471089112952026,512
CLIMB unsup (canon-ctrl),stereo_flip,A,stereo_flip_078,0.07551371830052245,512
CLIMB unsup (canon-ctrl),stereo_flip,A,stereo_flip_079,0.07678257511728735,512
CLIMB unsup (canon-ctrl),stereo_flip,A,stereo_flip_080,0.07167808392255931,512
CLIMB unsup (canon-ctrl),stereo_flip,A,stereo_flip_081,0.05490274321229189,512
CLIMB unsup (canon-ctrl),stereo_flip,A,stereo_flip_082,0.037679644392429164,512
CLIMB unsup (canon-ctrl),stereo_flip,A,stereo_flip_083,0.03980367332308966,512
CLIMB unsup (canon-ctrl),stereo_flip,A,stereo_flip_084,0.12248403150712348,512
CLIMB unsup (canon-ctrl),stereo_flip,A,stereo_flip_085,0.0620846625241066,512
CLIMB unsup (canon-ctrl),stereo_flip,A,stereo_flip_086,0.09528589252346131,512
CLIMB unsup (canon-ctrl),stereo_flip,A,stereo_flip_087,0.05378514798952518,512
CLIMB unsup (canon-ctrl),stereo_flip,A,stereo_flip_088,0.07526501872624243,512
CLIMB unsup (canon-ctrl),stereo_flip,A,stereo_flip_089,0.07859041346642713,512
CLIMB unsup (canon-ctrl),stereo_flip,A,stereo_flip_090,0.08142739041346536,512
CLIMB unsup (canon-ctrl),stereo_flip,A,stereo_flip_091,0.04278514184182552,512
CLIMB unsup (canon-ctrl),stereo_flip,A,stereo_flip_092,0.05695335214702431,512
CLIMB unsup (canon-ctrl),stereo_flip,A,stereo_flip_093,0.055985532955856225,512
CLIMB unsup (canon-ctrl),stereo_flip,A,stereo_flip_094,0.05203368057789191,512
CLIMB unsup (canon-ctrl),stereo_flip,A,stereo_flip_095,0.04158869776180353,512
CLIMB unsup (canon-ctrl),stereo_flip,A,stereo_flip_096,0.07552449207928535,512
CLIMB unsup (canon-ctrl),stereo_flip,A,stereo_flip_097,0.06345789978624568,512
CLIMB unsup (canon-ctrl),stereo_flip,A,stereo_flip_098,0.07136895620096219,512
CLIMB unsup (canon-ctrl),stereo_flip,A,stereo_flip_099,0.10007213070320348,512
CLIMB unsup (canon-ctrl),ez_flip,A,ez_flip_000,0.15519999738543644,512
CLIMB unsup (canon-ctrl),ez_flip,A,ez_flip_001,0.11542711956748938,512
CLIMB unsup (canon-ctrl),ez_flip,A,ez_flip_002,0.23141512077781914,512
CLIMB unsup (canon-ctrl),ez_flip,A,ez_flip_003,0.08409084907958421,512
CLIMB unsup (canon-ctrl),ez_flip,A,ez_flip_004,0.11162426896565371,512
CLIMB unsup (canon-ctrl),ez_flip,A,ez_flip_005,0.12208634451780905,512
CLIMB unsup (canon-ctrl),ez_flip,A,ez_flip_006,0.16493031767832464,512
CLIMB unsup (canon-ctrl),ez_flip,A,ez_flip_007,0.16496739099387325,512
CLIMB unsup (canon-ctrl),ez_flip,A,ez_flip_008,0.1179112011819571,512
CLIMB unsup (canon-ctrl),ez_flip,A,ez_flip_009,0.1273903695727736,512
CLIMB unsup (canon-ctrl),ez_flip,A,ez_flip_010,0.1524228391630987,512
CLIMB unsup (canon-ctrl),ez_flip,A,ez_flip_011,0.18735405704824135,512
CLIMB unsup (canon-ctrl),ez_flip,A,ez_flip_012,0.08577610895743813,512
CLIMB unsup (canon-ctrl),ez_flip,A,ez_flip_013,0.07470578589636111,512
CLIMB unsup (canon-ctrl),ez_flip,A,ez_flip_014,0.10465963249711685,512
CLIMB unsup (canon-ctrl),ez_flip,A,ez_flip_015,0.1148885782734611,512
CLIMB unsup (canon-ctrl),ez_flip,A,ez_flip_016,0.12644883387041708,512
CLIMB unsup (canon-ctrl),ez_flip,A,ez_flip_017,0.06197047445885479,512
CLIMB unsup (canon-ctrl),ez_flip,A,ez_flip_018,0.08955368786654615,512
CLIMB unsup (canon-ctrl),ez_flip,A,ez_flip_019,0.07562751198901835,512
CLIMB unsup (canon-ctrl),ez_flip,A,ez_flip_020,0.11565076407736445,512
CLIMB unsup (canon-ctrl),ez_flip,A,ez_flip_021,0.11909723150364453,512
CLIMB unsup (canon-ctrl),ez_flip,A,ez_flip_022,0.09831718608331699,512
CLIMB unsup (canon-ctrl),ez_flip,A,ez_flip_023,0.10569225893686468,512
CLIMB unsup (canon-ctrl),ez_flip,A,ez_flip_024,0.130492407916811,512
CLIMB unsup (canon-ctrl),ez_flip,A,ez_flip_025,0.1312700822521825,512
CLIMB unsup (canon-ctrl),ez_flip,A,ez_flip_026,0.172962093190769,512
CLIMB unsup (canon-ctrl),ez_flip,A,ez_flip_027,0.12595178813231128,512
CLIMB unsup (canon-ctrl),ez_flip,A,ez_flip_028,0.08102114425656125,512
CLIMB unsup (canon-ctrl),ez_flip,A,ez_flip_029,0.14381760925861023,512
CLIMB unsup (canon-ctrl),ez_flip,A,ez_flip_030,0.16729388795360875,512
CLIMB unsup (canon-ctrl),ez_flip,A,ez_flip_031,0.17742154183535028,512
CLIMB unsup (canon-ctrl),ez_flip,A,ez_flip_032,0.1591250060617221,512
CLIMB unsup (canon-ctrl),ez_flip,A,ez_flip_033,0.14625935843845164,512
CLIMB unsup (canon-ctrl),ez_flip,A,ez_flip_034,0.23026037218540885,512
CLIMB unsup (canon-ctrl),ez_flip,A,ez_flip_035,0.1510786422638931,512
CLIMB unsup (canon-ctrl),ez_flip,A,ez_flip_036,0.08562423450465143,512
CLIMB unsup (canon-ctrl),ez_flip,A,ez_flip_037,0.10387191379464224,512
CLIMB unsup (canon-ctrl),ez_flip,A,ez_flip_038,0.08568687742452813,512
CLIMB unsup (canon-ctrl),ez_flip,A,ez_flip_039,0.237640110627367,512
CLIMB unsup (canon-ctrl),ez_flip,A,ez_flip_040,0.061343940121466746,512
CLIMB unsup (canon-ctrl),ez_flip,A,ez_flip_041,0.18197067694486768,512
CLIMB unsup (canon-ctrl),ez_flip,A,ez_flip_042,0.13432365170530247,512
CLIMB unsup (canon-ctrl),ez_flip,A,ez_flip_043,0.2144719402899894,512
CLIMB unsup (canon-ctrl),ez_flip,A,ez_flip_044,0.061285320757052716,512
CLIMB unsup (canon-ctrl),ez_flip,A,ez_flip_045,0.0864947562709669,512
CLIMB unsup (canon-ctrl),ez_flip,A,ez_flip_046,0.13322267978511423,512
CLIMB unsup (canon-ctrl),ez_flip,A,ez_flip_047,0.17708596213935854,512
CLIMB unsup (canon-ctrl),ez_flip,A,ez_flip_048,0.10413216149844019,512
CLIMB unsup (canon-ctrl),ez_flip,A,ez_flip_049,0.08284277000319877,512
CLIMB unsup (canon-ctrl),ez_flip,A,ez_flip_050,0.17209353774338276,512
CLIMB unsup (canon-ctrl),ez_flip,A,ez_flip_051,0.07464347876728754,512
CLIMB unsup (canon-ctrl),ez_flip,A,ez_flip_052,0.10395506407391691,512
CLIMB unsup (canon-ctrl),ez_flip,A,ez_flip_053,0.09496313275489578,512
CLIMB unsup (canon-ctrl),ez_flip,A,ez_flip_054,0.16205167162372364,512
CLIMB unsup (canon-ctrl),ez_flip,A,ez_flip_055,0.12154460549281157,512
CLIMB unsup (canon-ctrl),ez_flip,A,ez_flip_056,0.10476802155949774,512
CLIMB unsup (canon-ctrl),ez_flip,A,ez_flip_057,0.1142004177816174,512
CLIMB unsup (canon-ctrl),ez_flip,A,ez_flip_058,0.11249956149193838,512
CLIMB unsup (canon-ctrl),ez_flip,A,ez_flip_059,0.36750697773908997,512
CLIMB unsup (canon-ctrl),ez_flip,A,ez_flip_060,0.12668020391605378,512
CLIMB unsup (canon-ctrl),ez_flip,A,ez_flip_061,0.12463632904154817,512
CLIMB unsup (canon-ctrl),ez_flip,A,ez_flip_062,0.31772064751230933,512
CLIMB unsup (canon-ctrl),ez_flip,A,ez_flip_063,0.08613904300411378,512
CLIMB unsup (canon-ctrl),ez_flip,A,ez_flip_064,0.07181312069786006,512
CLIMB unsup (canon-ctrl),ez_flip,A,ez_flip_065,0.08962535672405489,512
CLIMB unsup (canon-ctrl),ez_flip,A,ez_flip_066,0.12555124911945512,512
CLIMB unsup (canon-ctrl),ez_flip,A,ez_flip_067,0.10913126368641196,512
CLIMB unsup (canon-ctrl),ez_flip,A,ez_flip_068,0.27261002837246856,512
CLIMB unsup (canon-ctrl),ez_flip,A,ez_flip_069,0.09120740851952734,512
CLIMB unsup (canon-ctrl),ez_flip,A,ez_flip_070,0.1474087005530227,512
CLIMB unsup (canon-ctrl),ez_flip,A,ez_flip_071,0.07844018974466882,512
CLIMB unsup (canon-ctrl),ez_flip,A,ez_flip_072,0.11002390738224611,512
CLIMB unsup (canon-ctrl),ez_flip,A,ez_flip_073,0.09055879464157794,512
CLIMB unsup (canon-ctrl),ez_flip,A,ez_flip_074,0.10721489970339579,512
CLIMB unsup (canon-ctrl),ez_flip,A,ez_flip_075,0.133665097209918,512
CLIMB unsup (canon-ctrl),ez_flip,A,ez_flip_076,0.11497475424231243,512
CLIMB unsup (canon-ctrl),ez_flip,A,ez_flip_077,0.12628385214171722,512
CLIMB unsup (canon-ctrl),ez_flip,A,ez_flip_078,0.08207914186716868,512
CLIMB unsup (canon-ctrl),ez_flip,A,ez_flip_079,0.09301146937057274,512
CLIMB unsup (canon-ctrl),ez_flip,A,ez_flip_080,0.13512120109896336,512
CLIMB unsup (canon-ctrl),ez_flip,A,ez_flip_081,0.08453441147108465,512
CLIMB unsup (canon-ctrl),ez_flip,A,ez_flip_082,0.10965934828390658,512
CLIMB unsup (canon-ctrl),ez_flip,A,ez_flip_083,0.25865685206358063,512
CLIMB unsup (canon-ctrl),ez_flip,A,ez_flip_084,0.1326122446440778,512
CLIMB unsup (canon-ctrl),ez_flip,A,ez_flip_085,0.15235178015551015,512
CLIMB unsup (canon-ctrl),ez_flip,A,ez_flip_086,0.12490487294175222,512
CLIMB unsup (canon-ctrl),ez_flip,A,ez_flip_087,0.0855126258657078,512
CLIMB unsup (canon-ctrl),ez_flip,A,ez_flip_088,0.11580512892800487,512
CLIMB unsup (canon-ctrl),ez_flip,A,ez_flip_089,0.39612720125925877,512
CLIMB unsup (canon-ctrl),ez_flip,A,ez_flip_090,0.31189663375434473,512
CLIMB unsup (canon-ctrl),ez_flip,A,ez_flip_091,0.13855321851669627,512
CLIMB unsup (canon-ctrl),ez_flip,A,ez_flip_092,0.10847503052589101,512
CLIMB unsup (canon-ctrl),ez_flip,A,ez_flip_093,0.16273428701960438,512
CLIMB unsup (canon-ctrl),ez_flip,A,ez_flip_094,0.3755455202021193,512
CLIMB unsup (canon-ctrl),ez_flip,A,ez_flip_095,0.1118521571226701,512
CLIMB unsup (canon-ctrl),ez_flip,A,ez_flip_096,0.18136116641457856,512
CLIMB unsup (canon-ctrl),ez_flip,A,ez_flip_097,0.27081566033147786,512
CLIMB unsup (canon-ctrl),ez_flip,A,ez_flip_098,0.14663608926696095,512
CLIMB unsup (canon-ctrl),ez_flip,A,ez_flip_099,0.10115204910416298,512
CLIMB unsup (canon-ctrl),c_to_n,A,c_to_n_000,0.530756315679316,512
CLIMB unsup (canon-ctrl),c_to_n,A,c_to_n_001,0.09479044999419739,512
CLIMB unsup (canon-ctrl),c_to_n,A,c_to_n_002,0.04904115689910656,512
CLIMB unsup (canon-ctrl),c_to_n,A,c_to_n_003,0.04651952272675963,512
CLIMB unsup (canon-ctrl),c_to_n,A,c_to_n_004,0.04864815352000779,512
CLIMB unsup (canon-ctrl),c_to_n,A,c_to_n_005,0.07694123470946936,512
CLIMB unsup (canon-ctrl),c_to_n,A,c_to_n_006,0.07085938599427727,512
CLIMB unsup (canon-ctrl),c_to_n,A,c_to_n_007,0.2790633483288699,512
CLIMB unsup (canon-ctrl),c_to_n,A,c_to_n_008,0.22152617954929618,512
CLIMB unsup (canon-ctrl),c_to_n,A,c_to_n_009,0.1157033396442574,512
CLIMB unsup (canon-ctrl),c_to_n,A,c_to_n_010,0.06157920355107756,512
CLIMB unsup (canon-ctrl),c_to_n,A,c_to_n_011,0.037355552308406544,512
CLIMB unsup (canon-ctrl),c_to_n,A,c_to_n_012,0.05870137867987871,512
CLIMB unsup (canon-ctrl),c_to_n,A,c_to_n_013,0.05242957365840565,512
CLIMB unsup (canon-ctrl),c_to_n,A,c_to_n_014,0.08113576551593246,512
CLIMB unsup (canon-ctrl),c_to_n,A,c_to_n_015,0.04788171568789385,512
CLIMB unsup (canon-ctrl),c_to_n,A,c_to_n_016,0.34955019580591956,512
CLIMB unsup (canon-ctrl),c_to_n,A,c_to_n_017,0.07066054316386598,512
CLIMB unsup (canon-ctrl),c_to_n,A,c_to_n_018,0.06527609756756884,512
CLIMB unsup (canon-ctrl),c_to_n,A,c_to_n_019,0.060787984001753476,512
CLIMB unsup (canon-ctrl),c_to_n,A,c_to_n_020,0.055842945180154806,512
CLIMB unsup (canon-ctrl),c_to_n,A,c_to_n_021,0.06708573046466683,512
CLIMB unsup (canon-ctrl),c_to_n,A,c_to_n_022,0.15203072188243882,512
CLIMB unsup (canon-ctrl),c_to_n,A,c_to_n_023,0.07476864501167421,512
CLIMB unsup (canon-ctrl),c_to_n,A,c_to_n_024,0.2530431269569506,512
CLIMB unsup (canon-ctrl),c_to_n,A,c_to_n_025,0.03158005903711009,512
CLIMB unsup (canon-ctrl),c_to_n,A,c_to_n_026,0.04130022359840249,512
CLIMB unsup (canon-ctrl),c_to_n,A,c_to_n_027,0.05047703634664346,512
CLIMB unsup (canon-ctrl),c_to_n,A,c_to_n_028,0.11870738128196003,512
CLIMB unsup (canon-ctrl),c_to_n,A,c_to_n_029,0.1973214070522033,512
CLIMB unsup (canon-ctrl),c_to_n,A,c_to_n_030,0.053701607510861,512
CLIMB unsup (canon-ctrl),c_to_n,A,c_to_n_031,0.05723020318023146,512
CLIMB unsup (canon-ctrl),c_to_n,A,c_to_n_032,0.10213234635304409,512
CLIMB unsup (canon-ctrl),c_to_n,A,c_to_n_033,0.08026580343548748,512
CLIMB unsup (canon-ctrl),c_to_n,A,c_to_n_034,0.0926515768164339,512
CLIMB unsup (canon-ctrl),c_to_n,A,c_to_n_035,0.044810747966382514,512
CLIMB unsup (canon-ctrl),c_to_n,A,c_to_n_036,0.05768106225194909,512
CLIMB unsup (canon-ctrl),c_to_n,A,c_to_n_037,0.06942112544450461,512
CLIMB unsup (canon-ctrl),c_to_n,A,c_to_n_038,0.11696874243505966,512
CLIMB unsup (canon-ctrl),c_to_n,A,c_to_n_039,0.05439305978583428,512
CLIMB unsup (canon-ctrl),c_to_n,A,c_to_n_040,0.19732361678358742,512
CLIMB unsup (canon-ctrl),c_to_n,A,c_to_n_041,0.07045388097753567,512
CLIMB unsup (canon-ctrl),c_to_n,A,c_to_n_042,0.07735358383461378,512
CLIMB unsup (canon-ctrl),c_to_n,A,c_to_n_043,0.18232074462997552,512
CLIMB unsup (canon-ctrl),c_to_n,A,c_to_n_044,0.04126257466783142,512
CLIMB unsup (canon-ctrl),c_to_n,A,c_to_n_045,0.06388979816790184,512
CLIMB unsup (canon-ctrl),c_to_n,A,c_to_n_046,0.056521602542719165,512
CLIMB unsup (canon-ctrl),c_to_n,A,c_to_n_047,0.08918839838435645,512
CLIMB unsup (canon-ctrl),c_to_n,A,c_to_n_048,0.24740191510399964,512
CLIMB unsup (canon-ctrl),c_to_n,A,c_to_n_049,0.061173301098826446,512
CLIMB unsup (canon-ctrl),c_to_n,A,c_to_n_050,0.03074301134768834,512
CLIMB unsup (canon-ctrl),c_to_n,A,c_to_n_051,0.649151012755662,512
CLIMB unsup (canon-ctrl),c_to_n,A,c_to_n_052,0.06818499954899826,512
CLIMB unsup (canon-ctrl),c_to_n,A,c_to_n_053,0.21818248200408258,512
CLIMB unsup (canon-ctrl),c_to_n,A,c_to_n_054,0.22839885998855763,512
CLIMB unsup (canon-ctrl),c_to_n,A,c_to_n_055,0.05890115468247817,512
CLIMB unsup (canon-ctrl),c_to_n,A,c_to_n_056,0.04767917775546743,512
CLIMB unsup (canon-ctrl),c_to_n,A,c_to_n_057,0.12257379780562737,512
CLIMB unsup (canon-ctrl),c_to_n,A,c_to_n_058,0.22070052857293687,512
CLIMB unsup (canon-ctrl),c_to_n,A,c_to_n_059,0.059250986069150816,512
CLIMB unsup (canon-ctrl),c_to_n,A,c_to_n_060,1.0677937452685224,512
CLIMB unsup (canon-ctrl),c_to_n,A,c_to_n_061,0.3445661245631123,512
CLIMB unsup (canon-ctrl),c_to_n,A,c_to_n_062,0.1329119527994344,512
CLIMB unsup (canon-ctrl),c_to_n,A,c_to_n_063,0.07954324192804257,512
CLIMB unsup (canon-ctrl),c_to_n,A,c_to_n_064,0.10379801095961366,512
CLIMB unsup (canon-ctrl),c_to_n,A,c_to_n_065,0.06252536339460661,512
CLIMB unsup (canon-ctrl),c_to_n,A,c_to_n_066,0.06997861576294015,512
CLIMB unsup (canon-ctrl),c_to_n,A,c_to_n_067,0.046027039126279395,512
CLIMB unsup (canon-ctrl),c_to_n,A,c_to_n_068,0.08478546908299996,512
CLIMB unsup (canon-ctrl),c_to_n,A,c_to_n_069,0.05802982722198487,512
CLIMB unsup (canon-ctrl),c_to_n,A,c_to_n_070,0.07926207772366049,512
CLIMB unsup (canon-ctrl),c_to_n,A,c_to_n_071,0.07627129615937148,512
CLIMB unsup (canon-ctrl),c_to_n,A,c_to_n_072,0.04043602146894166,512
CLIMB unsup (canon-ctrl),c_to_n,A,c_to_n_073,0.13588269184188773,512
CLIMB unsup (canon-ctrl),c_to_n,A,c_to_n_074,0.044588458908749365,512
CLIMB unsup (canon-ctrl),c_to_n,A,c_to_n_075,0.08189651427466617,512
CLIMB unsup (canon-ctrl),c_to_n,A,c_to_n_076,0.05892649960746301,512
CLIMB unsup (canon-ctrl),c_to_n,A,c_to_n_077,0.05901868287790737,512
CLIMB unsup (canon-ctrl),c_to_n,A,c_to_n_078,0.20953597678984262,512
CLIMB unsup (canon-ctrl),c_to_n,A,c_to_n_079,0.06058454985951953,512
CLIMB unsup (canon-ctrl),c_to_n,A,c_to_n_080,0.053841513272400825,512
CLIMB unsup (canon-ctrl),c_to_n,A,c_to_n_081,0.059472411938301634,512
CLIMB unsup (canon-ctrl),c_to_n,A,c_to_n_082,0.04486174218582524,512
CLIMB unsup (canon-ctrl),c_to_n,A,c_to_n_083,0.04072941272793696,512
CLIMB unsup (canon-ctrl),c_to_n,A,c_to_n_084,0.05630136690999724,512
CLIMB unsup (canon-ctrl),c_to_n,A,c_to_n_085,0.057941407960134604,512
CLIMB unsup (canon-ctrl),c_to_n,A,c_to_n_086,0.06719144222674023,512
CLIMB unsup (canon-ctrl),c_to_n,A,c_to_n_087,0.41184914062663447,512
CLIMB unsup (canon-ctrl),c_to_n,A,c_to_n_088,0.05543776446633727,512
CLIMB unsup (canon-ctrl),c_to_n,A,c_to_n_089,0.056197982373194656,512
CLIMB unsup (canon-ctrl),c_to_n,A,c_to_n_090,0.03268301158872082,512
CLIMB unsup (canon-ctrl),c_to_n,A,c_to_n_091,0.38191385375389797,512
CLIMB unsup (canon-ctrl),c_to_n,A,c_to_n_092,0.06769847511823673,512
CLIMB unsup (canon-ctrl),c_to_n,A,c_to_n_093,0.09865931632830581,512
CLIMB unsup (canon-ctrl),c_to_n,A,c_to_n_094,0.04004425417536629,512
CLIMB unsup (canon-ctrl),c_to_n,A,c_to_n_095,0.05397267936321215,512
CLIMB unsup (canon-ctrl),c_to_n,A,c_to_n_096,0.03268233226534038,512
CLIMB unsup (canon-ctrl),c_to_n,A,c_to_n_097,0.7357515517976072,512
CLIMB unsup (canon-ctrl),c_to_n,A,c_to_n_098,0.5685267979912703,512
CLIMB unsup (canon-ctrl),c_to_n,A,c_to_n_099,0.09453364678608964,512
CLIMB unsup (canon-ctrl),add_methyl,A,add_methyl_000,0.5340025108342559,512
CLIMB unsup (canon-ctrl),add_methyl,A,add_methyl_001,0.4918691834319363,512
CLIMB unsup (canon-ctrl),add_methyl,A,add_methyl_002,0.787840832182244,512
CLIMB unsup (canon-ctrl),add_methyl,A,add_methyl_003,0.16152997074955322,512
CLIMB unsup (canon-ctrl),add_methyl,A,add_methyl_004,0.26709668434670786,512
CLIMB unsup (canon-ctrl),add_methyl,A,add_methyl_005,1.0908427406769474,512
CLIMB unsup (canon-ctrl),add_methyl,A,add_methyl_006,0.4252289099849961,512
CLIMB unsup (canon-ctrl),add_methyl,A,add_methyl_007,0.3370599345415507,512
CLIMB unsup (canon-ctrl),add_methyl,A,add_methyl_008,0.49999875649150877,512
CLIMB unsup (canon-ctrl),add_methyl,A,add_methyl_009,0.4776643066806533,512
CLIMB unsup (canon-ctrl),add_methyl,A,add_methyl_010,0.272993744494658,512
CLIMB unsup (canon-ctrl),add_methyl,A,add_methyl_011,0.5913271720154257,512
CLIMB unsup (canon-ctrl),add_methyl,A,add_methyl_012,0.8306692023007931,512
CLIMB unsup (canon-ctrl),add_methyl,A,add_methyl_013,0.11734439322718944,512
CLIMB unsup (canon-ctrl),add_methyl,A,add_methyl_014,0.3556856547256231,512
CLIMB unsup (canon-ctrl),add_methyl,A,add_methyl_015,0.5561301474503831,512
CLIMB unsup (canon-ctrl),add_methyl,A,add_methyl_016,0.3373132949084944,512
CLIMB unsup (canon-ctrl),add_methyl,A,add_methyl_017,0.8280817353464903,512
CLIMB unsup (canon-ctrl),add_methyl,A,add_methyl_018,0.5323856197763533,512
CLIMB unsup (canon-ctrl),add_methyl,A,add_methyl_019,0.6380011575659277,512
CLIMB unsup (canon-ctrl),add_methyl,A,add_methyl_020,0.4911249105835796,512
CLIMB unsup (canon-ctrl),add_methyl,A,add_methyl_021,0.6197896212066255,512
CLIMB unsup (canon-ctrl),add_methyl,A,add_methyl_022,0.7976124284090558,512
CLIMB unsup (canon-ctrl),add_methyl,A,add_methyl_023,0.14122189555874662,512
CLIMB unsup (canon-ctrl),add_methyl,A,add_methyl_024,0.6590476029550999,512
CLIMB unsup (canon-ctrl),add_methyl,A,add_methyl_025,0.48465896593655083,512
CLIMB unsup (canon-ctrl),add_methyl,A,add_methyl_026,0.7507172430127683,512
CLIMB unsup (canon-ctrl),add_methyl,A,add_methyl_027,0.31980815349423064,512
CLIMB unsup (canon-ctrl),add_methyl,A,add_methyl_028,0.14178864287927895,512
CLIMB unsup (canon-ctrl),add_methyl,A,add_methyl_029,0.32144882243233563,512
CLIMB unsup (canon-ctrl),add_methyl,A,add_methyl_030,0.7000018491500414,512
CLIMB unsup (canon-ctrl),add_methyl,A,add_methyl_031,0.25733657746162947,512
CLIMB unsup (canon-ctrl),add_methyl,A,add_methyl_032,1.1743084695063328,512
CLIMB unsup (canon-ctrl),add_methyl,A,add_methyl_033,0.37945652510132694,512
CLIMB unsup (canon-ctrl),add_methyl,A,add_methyl_034,0.7191977826278922,512
CLIMB unsup (canon-ctrl),add_methyl,A,add_methyl_035,0.2738302131346484,512
CLIMB unsup (canon-ctrl),add_methyl,A,add_methyl_036,0.20555784573328678,512
CLIMB unsup (canon-ctrl),add_methyl,A,add_methyl_037,0.24940043789256994,512
CLIMB unsup (canon-ctrl),add_methyl,A,add_methyl_038,0.17377615890668544,512
CLIMB unsup (canon-ctrl),add_methyl,A,add_methyl_039,0.37570560345875015,512
CLIMB unsup (canon-ctrl),add_methyl,A,add_methyl_040,0.4738047482667439,512
CLIMB unsup (canon-ctrl),add_methyl,A,add_methyl_041,0.314682834668003,512
CLIMB unsup (canon-ctrl),add_methyl,A,add_methyl_042,0.9791589120788508,512
CLIMB unsup (canon-ctrl),add_methyl,A,add_methyl_043,0.3840617088928317,512
CLIMB unsup (canon-ctrl),add_methyl,A,add_methyl_044,0.28935610070248313,512
CLIMB unsup (canon-ctrl),add_methyl,A,add_methyl_045,0.25057602818195435,512
CLIMB unsup (canon-ctrl),add_methyl,A,add_methyl_046,0.8216025679873097,512
CLIMB unsup (canon-ctrl),add_methyl,A,add_methyl_047,0.7814255419804639,512
CLIMB unsup (canon-ctrl),add_methyl,A,add_methyl_048,0.24458586376313504,512
CLIMB unsup (canon-ctrl),add_methyl,A,add_methyl_049,0.5745960124946178,512
CLIMB unsup (canon-ctrl),add_methyl,A,add_methyl_050,0.5251593474169861,512
CLIMB unsup (canon-ctrl),add_methyl,A,add_methyl_051,0.8232725913972782,512
CLIMB unsup (canon-ctrl),add_methyl,A,add_methyl_052,0.44653775527562345,512
CLIMB unsup (canon-ctrl),add_methyl,A,add_methyl_053,0.3252074690234962,512
CLIMB unsup (canon-ctrl),add_methyl,A,add_methyl_054,0.19000170300659797,512
CLIMB unsup (canon-ctrl),add_methyl,A,add_methyl_055,0.14572976275287822,512
CLIMB unsup (canon-ctrl),add_methyl,A,add_methyl_056,0.3252815367857688,512
CLIMB unsup (canon-ctrl),add_methyl,A,add_methyl_057,1.2876233997353668,512
CLIMB unsup (canon-ctrl),add_methyl,A,add_methyl_058,0.23656178915036516,512
CLIMB unsup (canon-ctrl),add_methyl,A,add_methyl_059,0.40397302380592687,512
CLIMB unsup (canon-ctrl),add_methyl,A,add_methyl_060,0.2828681370085074,512
CLIMB unsup (canon-ctrl),add_methyl,A,add_methyl_061,0.4929242072568187,512
CLIMB unsup (canon-ctrl),add_methyl,A,add_methyl_062,0.8862316445533207,512
CLIMB unsup (canon-ctrl),add_methyl,A,add_methyl_063,0.28587132136774845,512
CLIMB unsup (canon-ctrl),add_methyl,A,add_methyl_064,0.4848028678935113,512
CLIMB unsup (canon-ctrl),add_methyl,A,add_methyl_065,0.6309949480140324,512
CLIMB unsup (canon-ctrl),add_methyl,A,add_methyl_066,0.9856794304225444,512
CLIMB unsup (canon-ctrl),add_methyl,A,add_methyl_067,0.2645679882074794,512
CLIMB unsup (canon-ctrl),add_methyl,A,add_methyl_068,0.5260543606840233,512
CLIMB unsup (canon-ctrl),add_methyl,A,add_methyl_069,0.19129851350451552,512
CLIMB unsup (canon-ctrl),add_methyl,A,add_methyl_070,0.3706413994830041,512
CLIMB unsup (canon-ctrl),add_methyl,A,add_methyl_071,0.7457773557828261,512
CLIMB unsup (canon-ctrl),add_methyl,A,add_methyl_072,0.4120325831702696,512
CLIMB unsup (canon-ctrl),add_methyl,A,add_methyl_073,0.13150291311217568,512
CLIMB unsup (canon-ctrl),add_methyl,A,add_methyl_074,0.6733125591729905,512
CLIMB unsup (canon-ctrl),add_methyl,A,add_methyl_075,0.31931633346026855,512
CLIMB unsup (canon-ctrl),add_methyl,A,add_methyl_076,0.4850297958698965,512
CLIMB unsup (canon-ctrl),add_methyl,A,add_methyl_077,0.7141567438442306,512
CLIMB unsup (canon-ctrl),add_methyl,A,add_methyl_078,0.20688874147550207,512
CLIMB unsup (canon-ctrl),add_methyl,A,add_methyl_079,0.7176136074434617,512
CLIMB unsup (canon-ctrl),add_methyl,A,add_methyl_080,0.7699310173879855,512
CLIMB unsup (canon-ctrl),add_methyl,A,add_methyl_081,0.14654686707043213,512
CLIMB unsup (canon-ctrl),add_methyl,A,add_methyl_082,0.5398396873845845,512
CLIMB unsup (canon-ctrl),add_methyl,A,add_methyl_083,0.6748014017528344,512
CLIMB unsup (canon-ctrl),add_methyl,A,add_methyl_084,0.6092756327945412,512
CLIMB unsup (canon-ctrl),add_methyl,A,add_methyl_085,0.6396569063755786,512
CLIMB unsup (canon-ctrl),add_methyl,A,add_methyl_086,0.2953002634356188,512
CLIMB unsup (canon-ctrl),add_methyl,A,add_methyl_087,0.5254420593468064,512
CLIMB unsup (canon-ctrl),add_methyl,A,add_methyl_088,0.25321434226402073,512
CLIMB unsup (canon-ctrl),add_methyl,A,add_methyl_089,0.4895877189339699,512
CLIMB unsup (canon-ctrl),add_methyl,A,add_methyl_090,0.11232033673198805,512
CLIMB unsup (canon-ctrl),add_methyl,A,add_methyl_091,0.6076505276987854,512
CLIMB unsup (canon-ctrl),add_methyl,A,add_methyl_092,0.14733541666929825,512
CLIMB unsup (canon-ctrl),add_methyl,A,add_methyl_093,0.9246110417524368,512
CLIMB unsup (canon-ctrl),add_methyl,A,add_methyl_094,0.12970866750783233,512
CLIMB unsup (canon-ctrl),add_methyl,A,add_methyl_095,0.762015723122163,512
CLIMB unsup (canon-ctrl),add_methyl,A,add_methyl_096,0.16573266230795405,512
CLIMB unsup (canon-ctrl),add_methyl,A,add_methyl_097,0.3545677103146605,512
CLIMB unsup (canon-ctrl),add_methyl,A,add_methyl_098,0.5315285070902667,512
CLIMB unsup (canon-ctrl),add_methyl,A,add_methyl_099,0.7982811382906059,512
CLIMB unsup (canon-ctrl),add_fluorine,A,add_fluorine_000,0.5352980301865857,512
CLIMB unsup (canon-ctrl),add_fluorine,A,add_fluorine_001,0.5002975228442106,512
CLIMB unsup (canon-ctrl),add_fluorine,A,add_fluorine_002,0.2094236412033589,512
CLIMB unsup (canon-ctrl),add_fluorine,A,add_fluorine_003,0.25587307924430513,512
CLIMB unsup (canon-ctrl),add_fluorine,A,add_fluorine_004,0.29168436081583726,512
CLIMB unsup (canon-ctrl),add_fluorine,A,add_fluorine_005,0.49801270259198743,512
CLIMB unsup (canon-ctrl),add_fluorine,A,add_fluorine_006,0.4489883332825787,512
CLIMB unsup (canon-ctrl),add_fluorine,A,add_fluorine_007,0.34167667463243323,512
CLIMB unsup (canon-ctrl),add_fluorine,A,add_fluorine_008,0.2867552269986345,512
CLIMB unsup (canon-ctrl),add_fluorine,A,add_fluorine_009,0.19556215276482802,512
CLIMB unsup (canon-ctrl),add_fluorine,A,add_fluorine_010,0.36701024274401556,512
CLIMB unsup (canon-ctrl),add_fluorine,A,add_fluorine_011,0.26855960521640676,512
CLIMB unsup (canon-ctrl),add_fluorine,A,add_fluorine_012,0.28763179381079707,512
CLIMB unsup (canon-ctrl),add_fluorine,A,add_fluorine_013,0.18150451169341736,512
CLIMB unsup (canon-ctrl),add_fluorine,A,add_fluorine_014,0.3876267665657721,512
CLIMB unsup (canon-ctrl),add_fluorine,A,add_fluorine_015,0.3321827227704077,512
CLIMB unsup (canon-ctrl),add_fluorine,A,add_fluorine_016,0.42523926308207277,512
CLIMB unsup (canon-ctrl),add_fluorine,A,add_fluorine_017,0.32013481138694594,512
CLIMB unsup (canon-ctrl),add_fluorine,A,add_fluorine_018,0.42427595663531137,512
CLIMB unsup (canon-ctrl),add_fluorine,A,add_fluorine_019,0.3756080711326828,512
CLIMB unsup (canon-ctrl),add_fluorine,A,add_fluorine_020,0.3116919157103535,512
CLIMB unsup (canon-ctrl),add_fluorine,A,add_fluorine_021,0.29762156765399234,512
CLIMB unsup (canon-ctrl),add_fluorine,A,add_fluorine_022,0.2593329377543694,512
CLIMB unsup (canon-ctrl),add_fluorine,A,add_fluorine_023,0.2395802909940426,512
CLIMB unsup (canon-ctrl),add_fluorine,A,add_fluorine_024,0.25132668787023454,512
CLIMB unsup (canon-ctrl),add_fluorine,A,add_fluorine_025,0.1751395661170706,512
CLIMB unsup (canon-ctrl),add_fluorine,A,add_fluorine_026,0.26217293540021597,512
CLIMB unsup (canon-ctrl),add_fluorine,A,add_fluorine_027,0.2623459477610473,512
CLIMB unsup (canon-ctrl),add_fluorine,A,add_fluorine_028,0.1629309309707961,512
CLIMB unsup (canon-ctrl),add_fluorine,A,add_fluorine_029,0.22456421116028752,512
CLIMB unsup (canon-ctrl),add_fluorine,A,add_fluorine_030,0.7292251661588723,512
CLIMB unsup (canon-ctrl),add_fluorine,A,add_fluorine_031,0.38846144086626033,512
CLIMB unsup (canon-ctrl),add_fluorine,A,add_fluorine_032,0.3869886810878031,512
CLIMB unsup (canon-ctrl),add_fluorine,A,add_fluorine_033,0.49890833520306826,512
CLIMB unsup (canon-ctrl),add_fluorine,A,add_fluorine_034,0.4883081043739954,512
CLIMB unsup (canon-ctrl),add_fluorine,A,add_fluorine_035,0.3317984808866362,512
CLIMB unsup (canon-ctrl),add_fluorine,A,add_fluorine_036,0.2767883292167743,512
CLIMB unsup (canon-ctrl),add_fluorine,A,add_fluorine_037,0.2592400375701779,512
CLIMB unsup (canon-ctrl),add_fluorine,A,add_fluorine_038,0.23996903906896164,512
CLIMB unsup (canon-ctrl),add_fluorine,A,add_fluorine_039,0.32315060595511513,512
CLIMB unsup (canon-ctrl),add_fluorine,A,add_fluorine_040,0.5433582407743658,512
CLIMB unsup (canon-ctrl),add_fluorine,A,add_fluorine_041,0.3689358805002897,512
CLIMB unsup (canon-ctrl),add_fluorine,A,add_fluorine_042,0.3380849518573678,512
CLIMB unsup (canon-ctrl),add_fluorine,A,add_fluorine_043,0.32376078795996954,512
CLIMB unsup (canon-ctrl),add_fluorine,A,add_fluorine_044,0.2825479082541367,512
CLIMB unsup (canon-ctrl),add_fluorine,A,add_fluorine_045,0.318371395833666,512
CLIMB unsup (canon-ctrl),add_fluorine,A,add_fluorine_046,0.4472649401699028,512
CLIMB unsup (canon-ctrl),add_fluorine,A,add_fluorine_047,0.37114653297792494,512
CLIMB unsup (canon-ctrl),add_fluorine,A,add_fluorine_048,0.3650464818081771,512
CLIMB unsup (canon-ctrl),add_fluorine,A,add_fluorine_049,0.2500568579342951,512
CLIMB unsup (canon-ctrl),add_fluorine,A,add_fluorine_050,0.24544258324099594,512
CLIMB unsup (canon-ctrl),add_fluorine,A,add_fluorine_051,0.9283016623265685,512
CLIMB unsup (canon-ctrl),add_fluorine,A,add_fluorine_052,0.5101728754734851,512
CLIMB unsup (canon-ctrl),add_fluorine,A,add_fluorine_053,0.28434591349177885,512
CLIMB unsup (canon-ctrl),add_fluorine,A,add_fluorine_054,0.3180160088707306,512
CLIMB unsup (canon-ctrl),add_fluorine,A,add_fluorine_055,0.2190808777523875,512
CLIMB unsup (canon-ctrl),add_fluorine,A,add_fluorine_056,0.384433253343209,512
CLIMB unsup (canon-ctrl),add_fluorine,A,add_fluorine_057,1.2704732550385884,512
CLIMB unsup (canon-ctrl),add_fluorine,A,add_fluorine_058,0.2721745198152441,512
CLIMB unsup (canon-ctrl),add_fluorine,A,add_fluorine_059,0.4632334349505755,512
CLIMB unsup (canon-ctrl),add_fluorine,A,add_fluorine_060,0.270663055575635,512
CLIMB unsup (canon-ctrl),add_fluorine,A,add_fluorine_061,0.5860693840379049,512
CLIMB unsup (canon-ctrl),add_fluorine,A,add_fluorine_062,0.4261995252273453,512
CLIMB unsup (canon-ctrl),add_fluorine,A,add_fluorine_063,0.4428509330773451,512
CLIMB unsup (canon-ctrl),add_fluorine,A,add_fluorine_064,0.47130492574737914,512
CLIMB unsup (canon-ctrl),add_fluorine,A,add_fluorine_065,0.34069737363294833,512
CLIMB unsup (canon-ctrl),add_fluorine,A,add_fluorine_066,0.326303790375831,512
CLIMB unsup (canon-ctrl),add_fluorine,A,add_fluorine_067,0.3177033259549316,512
CLIMB unsup (canon-ctrl),add_fluorine,A,add_fluorine_068,0.27176661514384465,512
CLIMB unsup (canon-ctrl),add_fluorine,A,add_fluorine_069,0.227524080267718,512
CLIMB unsup (canon-ctrl),add_fluorine,A,add_fluorine_070,0.4551906869341624,512
CLIMB unsup (canon-ctrl),add_fluorine,A,add_fluorine_071,0.455473608257687,512
CLIMB unsup (canon-ctrl),add_fluorine,A,add_fluorine_072,0.23930847555605753,512
CLIMB unsup (canon-ctrl),add_fluorine,A,add_fluorine_073,0.24787486515067395,512
CLIMB unsup (canon-ctrl),add_fluorine,A,add_fluorine_074,0.3209191450917062,512
CLIMB unsup (canon-ctrl),add_fluorine,A,add_fluorine_075,0.37445972364048835,512
CLIMB unsup (canon-ctrl),add_fluorine,A,add_fluorine_076,0.3580065688896574,512
CLIMB unsup (canon-ctrl),add_fluorine,A,add_fluorine_077,0.7408773704496031,512
CLIMB unsup (canon-ctrl),add_fluorine,A,add_fluorine_078,0.31174580768583077,512
CLIMB unsup (canon-ctrl),add_fluorine,A,add_fluorine_079,0.41036871555845683,512
CLIMB unsup (canon-ctrl),add_fluorine,A,add_fluorine_080,0.38474818716982495,512
CLIMB unsup (canon-ctrl),add_fluorine,A,add_fluorine_081,0.20212220814041837,512
CLIMB unsup (canon-ctrl),add_fluorine,A,add_fluorine_082,0.1552003986759669,512
CLIMB unsup (canon-ctrl),add_fluorine,A,add_fluorine_083,0.32923555192676246,512
CLIMB unsup (canon-ctrl),add_fluorine,A,add_fluorine_084,0.6731650590412683,512
CLIMB unsup (canon-ctrl),add_fluorine,A,add_fluorine_085,0.4508731215854031,512
CLIMB unsup (canon-ctrl),add_fluorine,A,add_fluorine_086,0.3057018445365952,512
CLIMB unsup (canon-ctrl),add_fluorine,A,add_fluorine_087,0.904134610252018,512
CLIMB unsup (canon-ctrl),add_fluorine,A,add_fluorine_088,0.3699135487263618,512
CLIMB unsup (canon-ctrl),add_fluorine,A,add_fluorine_089,0.5163044528106888,512
CLIMB unsup (canon-ctrl),add_fluorine,A,add_fluorine_090,0.16221857960005528,512
CLIMB unsup (canon-ctrl),add_fluorine,A,add_fluorine_091,0.6672482483582035,512
CLIMB unsup (canon-ctrl),add_fluorine,A,add_fluorine_092,0.24696716856476086,512
CLIMB unsup (canon-ctrl),add_fluorine,A,add_fluorine_093,0.5846391317952156,512
CLIMB unsup (canon-ctrl),add_fluorine,A,add_fluorine_094,0.20758078155289036,512
CLIMB unsup (canon-ctrl),add_fluorine,A,add_fluorine_095,0.36948397700514646,512
CLIMB unsup (canon-ctrl),add_fluorine,A,add_fluorine_096,0.2731137824764072,512
CLIMB unsup (canon-ctrl),add_fluorine,A,add_fluorine_097,0.3237294881966305,512
CLIMB unsup (canon-ctrl),add_fluorine,A,add_fluorine_098,0.5524685291482521,512
CLIMB unsup (canon-ctrl),add_fluorine,A,add_fluorine_099,0.7908210033831689,512
CLIMB unsup (canon-ctrl),isotope_13c,A,isotope_13c_000,0.9676966024281629,512
CLIMB unsup (canon-ctrl),isotope_13c,A,isotope_13c_001,0.6192881379840366,512
CLIMB unsup (canon-ctrl),isotope_13c,A,isotope_13c_002,1.6957082094670335,512
CLIMB unsup (canon-ctrl),isotope_13c,A,isotope_13c_003,0.3959562710431873,512
CLIMB unsup (canon-ctrl),isotope_13c,A,isotope_13c_004,0.35847199171636046,512
CLIMB unsup (canon-ctrl),isotope_13c,A,isotope_13c_005,0.7191374861695683,512
CLIMB unsup (canon-ctrl),isotope_13c,A,isotope_13c_006,0.6026938810606393,512
CLIMB unsup (canon-ctrl),isotope_13c,A,isotope_13c_007,0.5546335888224211,512
CLIMB unsup (canon-ctrl),isotope_13c,A,isotope_13c_008,0.3622365064457858,512
CLIMB unsup (canon-ctrl),isotope_13c,A,isotope_13c_009,0.28265190980954463,512
CLIMB unsup (canon-ctrl),isotope_13c,A,isotope_13c_010,0.31458314030104945,512
CLIMB unsup (canon-ctrl),isotope_13c,A,isotope_13c_011,0.7285494092325591,512
CLIMB unsup (canon-ctrl),isotope_13c,A,isotope_13c_012,0.2129465922149859,512
CLIMB unsup (canon-ctrl),isotope_13c,A,isotope_13c_013,0.5748878165864262,512
CLIMB unsup (canon-ctrl),isotope_13c,A,isotope_13c_014,0.45184635275823887,512
CLIMB unsup (canon-ctrl),isotope_13c,A,isotope_13c_015,0.39350548823315545,512
CLIMB unsup (canon-ctrl),isotope_13c,A,isotope_13c_016,0.5484709545346552,512
CLIMB unsup (canon-ctrl),isotope_13c,A,isotope_13c_017,0.6739428049825064,512
CLIMB unsup (canon-ctrl),isotope_13c,A,isotope_13c_018,0.4631842481815886,512
CLIMB unsup (canon-ctrl),isotope_13c,A,isotope_13c_019,0.43287153038442244,512
CLIMB unsup (canon-ctrl),isotope_13c,A,isotope_13c_020,0.5373566138550196,512
CLIMB unsup (canon-ctrl),isotope_13c,A,isotope_13c_021,0.7048766389229918,512
CLIMB unsup (canon-ctrl),isotope_13c,A,isotope_13c_022,0.6361366949073195,512
CLIMB unsup (canon-ctrl),isotope_13c,A,isotope_13c_023,0.45711456697774044,512
CLIMB unsup (canon-ctrl),isotope_13c,A,isotope_13c_024,0.42014194792341525,512
CLIMB unsup (canon-ctrl),isotope_13c,A,isotope_13c_025,0.4463426879214978,512
CLIMB unsup (canon-ctrl),isotope_13c,A,isotope_13c_026,0.5957596462252577,512
CLIMB unsup (canon-ctrl),isotope_13c,A,isotope_13c_027,0.24747511098396016,512
CLIMB unsup (canon-ctrl),isotope_13c,A,isotope_13c_028,0.4914408728741743,512
CLIMB unsup (canon-ctrl),isotope_13c,A,isotope_13c_029,0.45541329573322253,512
CLIMB unsup (canon-ctrl),isotope_13c,A,isotope_13c_030,0.705532676381122,512
CLIMB unsup (canon-ctrl),isotope_13c,A,isotope_13c_031,0.7338480755653444,512
CLIMB unsup (canon-ctrl),isotope_13c,A,isotope_13c_032,0.7986371166960128,512
CLIMB unsup (canon-ctrl),isotope_13c,A,isotope_13c_033,0.3066270879150011,512
CLIMB unsup (canon-ctrl),isotope_13c,A,isotope_13c_034,0.4677590532384694,512
CLIMB unsup (canon-ctrl),isotope_13c,A,isotope_13c_035,0.2716376716310006,512
CLIMB unsup (canon-ctrl),isotope_13c,A,isotope_13c_036,1.071541690779048,512
CLIMB unsup (canon-ctrl),isotope_13c,A,isotope_13c_037,0.7004107199550402,512
CLIMB unsup (canon-ctrl),isotope_13c,A,isotope_13c_038,0.690730698376882,512
CLIMB unsup (canon-ctrl),isotope_13c,A,isotope_13c_039,0.4335382293329972,512
CLIMB unsup (canon-ctrl),isotope_13c,A,isotope_13c_040,0.5318236714275307,512
CLIMB unsup (canon-ctrl),isotope_13c,A,isotope_13c_041,0.2950578774801606,512
CLIMB unsup (canon-ctrl),isotope_13c,A,isotope_13c_042,0.39503759653380227,512
CLIMB unsup (canon-ctrl),isotope_13c,A,isotope_13c_043,0.3051215386537299,512
CLIMB unsup (canon-ctrl),isotope_13c,A,isotope_13c_044,0.26248362847566103,512
CLIMB unsup (canon-ctrl),isotope_13c,A,isotope_13c_045,0.6180406044923805,512
CLIMB unsup (canon-ctrl),isotope_13c,A,isotope_13c_046,1.2337612349195308,512
CLIMB unsup (canon-ctrl),isotope_13c,A,isotope_13c_047,0.47812586303255133,512
CLIMB unsup (canon-ctrl),isotope_13c,A,isotope_13c_048,0.5566471059514594,512
CLIMB unsup (canon-ctrl),isotope_13c,A,isotope_13c_049,0.2510196837600231,512
CLIMB unsup (canon-ctrl),isotope_13c,A,isotope_13c_050,0.30464893699764567,512
CLIMB unsup (canon-ctrl),isotope_13c,A,isotope_13c_051,0.8541397510236332,512
CLIMB unsup (canon-ctrl),isotope_13c,A,isotope_13c_052,1.0061661961389157,512
CLIMB unsup (canon-ctrl),isotope_13c,A,isotope_13c_053,0.5231538718495764,512
CLIMB unsup (canon-ctrl),isotope_13c,A,isotope_13c_054,0.5490198642192914,512
CLIMB unsup (canon-ctrl),isotope_13c,A,isotope_13c_055,0.6989439665120619,512
CLIMB unsup (canon-ctrl),isotope_13c,A,isotope_13c_056,0.1893250198452115,512
CLIMB unsup (canon-ctrl),isotope_13c,A,isotope_13c_057,1.4122971036706566,512
CLIMB unsup (canon-ctrl),isotope_13c,A,isotope_13c_058,0.62279574793627,512
CLIMB unsup (canon-ctrl),isotope_13c,A,isotope_13c_059,0.3021019519079236,512
CLIMB unsup (canon-ctrl),isotope_13c,A,isotope_13c_060,0.3583585948137817,512
CLIMB unsup (canon-ctrl),isotope_13c,A,isotope_13c_061,0.6732833027135714,512
CLIMB unsup (canon-ctrl),isotope_13c,A,isotope_13c_062,0.7869032916464221,512
CLIMB unsup (canon-ctrl),isotope_13c,A,isotope_13c_063,0.684367709944822,512
CLIMB unsup (canon-ctrl),isotope_13c,A,isotope_13c_064,0.627919591213231,512
CLIMB unsup (canon-ctrl),isotope_13c,A,isotope_13c_065,0.7697689938821318,512
CLIMB unsup (canon-ctrl),isotope_13c,A,isotope_13c_066,0.8792723768191709,512
CLIMB unsup (canon-ctrl),isotope_13c,A,isotope_13c_067,1.0818477272507314,512
CLIMB unsup (canon-ctrl),isotope_13c,A,isotope_13c_068,1.7695283609220729,512
CLIMB unsup (canon-ctrl),isotope_13c,A,isotope_13c_069,0.7215823767270221,512
CLIMB unsup (canon-ctrl),isotope_13c,A,isotope_13c_070,0.35216946427257656,512
CLIMB unsup (canon-ctrl),isotope_13c,A,isotope_13c_071,0.8667739227155499,512
CLIMB unsup (canon-ctrl),isotope_13c,A,isotope_13c_072,0.4269237334915802,512
CLIMB unsup (canon-ctrl),isotope_13c,A,isotope_13c_073,0.4756219959545649,512
CLIMB unsup (canon-ctrl),isotope_13c,A,isotope_13c_074,0.5558277500086303,512
CLIMB unsup (canon-ctrl),isotope_13c,A,isotope_13c_075,0.6614916371902083,512
CLIMB unsup (canon-ctrl),isotope_13c,A,isotope_13c_076,0.6200960733867033,512
CLIMB unsup (canon-ctrl),isotope_13c,A,isotope_13c_077,0.4164725685282091,512
CLIMB unsup (canon-ctrl),isotope_13c,A,isotope_13c_078,1.0748678941011145,512
CLIMB unsup (canon-ctrl),isotope_13c,A,isotope_13c_079,0.5645345328081178,512
CLIMB unsup (canon-ctrl),isotope_13c,A,isotope_13c_080,0.3555598487782828,512
CLIMB unsup (canon-ctrl),isotope_13c,A,isotope_13c_081,0.30389740009517496,512
CLIMB unsup (canon-ctrl),isotope_13c,A,isotope_13c_082,0.3940251190413075,512
CLIMB unsup (canon-ctrl),isotope_13c,A,isotope_13c_083,0.6301829201398236,512
CLIMB unsup (canon-ctrl),isotope_13c,A,isotope_13c_084,0.5365658509175139,512
CLIMB unsup (canon-ctrl),isotope_13c,A,isotope_13c_085,0.2908235767859324,512
CLIMB unsup (canon-ctrl),isotope_13c,A,isotope_13c_086,1.1180804017905464,512
CLIMB unsup (canon-ctrl),isotope_13c,A,isotope_13c_087,1.119033222710618,512
CLIMB unsup (canon-ctrl),isotope_13c,A,isotope_13c_088,0.39479349517709833,512
CLIMB unsup (canon-ctrl),isotope_13c,A,isotope_13c_089,0.6486717331327281,512
CLIMB unsup (canon-ctrl),isotope_13c,A,isotope_13c_090,0.7823914684607609,512
CLIMB unsup (canon-ctrl),isotope_13c,A,isotope_13c_091,0.7219133129256533,512
CLIMB unsup (canon-ctrl),isotope_13c,A,isotope_13c_092,0.4994000742347259,512
CLIMB unsup (canon-ctrl),isotope_13c,A,isotope_13c_093,0.2656846614371605,512
CLIMB unsup (canon-ctrl),isotope_13c,A,isotope_13c_094,0.41097662904406446,512
CLIMB unsup (canon-ctrl),isotope_13c,A,isotope_13c_095,0.42126614567910114,512
CLIMB unsup (canon-ctrl),isotope_13c,A,isotope_13c_096,0.8865831444859288,512
CLIMB unsup (canon-ctrl),isotope_13c,A,isotope_13c_097,1.2314414029576009,512
CLIMB unsup (canon-ctrl),isotope_13c,A,isotope_13c_098,0.4187582811897089,512
CLIMB unsup (canon-ctrl),isotope_13c,A,isotope_13c_099,0.7587084721534202,512
CLIMB unsup (canon-ctrl),ring_size,A,ring_size_000,0.17756151709519427,512
CLIMB unsup (canon-ctrl),ring_size,A,ring_size_001,0.0959219675905338,512
CLIMB unsup (canon-ctrl),ring_size,A,ring_size_002,0.09151431440490655,512
CLIMB unsup (canon-ctrl),ring_size,A,ring_size_003,0.10620152632199614,512
CLIMB unsup (canon-ctrl),ring_size,A,ring_size_004,0.08624780713545711,512
CLIMB unsup (canon-ctrl),ring_size,A,ring_size_005,0.08755018903822145,512
CLIMB unsup (canon-ctrl),ring_size,A,ring_size_006,0.09582521343734306,512
CLIMB unsup (canon-ctrl),ring_size,A,ring_size_007,0.20009552844922218,512
CLIMB unsup (canon-ctrl),ring_size,A,ring_size_008,0.14428424511523147,512
CLIMB unsup (canon-ctrl),ring_size,A,ring_size_009,0.10301163507165104,512
CLIMB unsup (canon-ctrl),ring_size,A,ring_size_010,0.12327069867075313,512
CLIMB unsup (canon-ctrl),ring_size,A,ring_size_011,0.14526983831706058,512
CLIMB unsup (canon-ctrl),ring_size,A,ring_size_012,0.07495147478382043,512
CLIMB unsup (canon-ctrl),ring_size,A,ring_size_013,0.08488893150364969,512
CLIMB unsup (canon-ctrl),ring_size,A,ring_size_014,0.13301119824491128,512
CLIMB unsup (canon-ctrl),ring_size,A,ring_size_015,0.11374514378439982,512
CLIMB unsup (canon-ctrl),ring_size,A,ring_size_016,0.13768779434353573,512
CLIMB unsup (canon-ctrl),ring_size,A,ring_size_017,0.09487207272969017,512
CLIMB unsup (canon-ctrl),ring_size,A,ring_size_018,0.1728643844016638,512
CLIMB unsup (canon-ctrl),ring_size,A,ring_size_019,0.15482846364911404,512
CLIMB unsup (canon-ctrl),ring_size,A,ring_size_020,0.12513449734628163,512
CLIMB unsup (canon-ctrl),ring_size,A,ring_size_021,0.09694771359437097,512
CLIMB unsup (canon-ctrl),ring_size,A,ring_size_022,0.172029052463628,512
CLIMB unsup (canon-ctrl),ring_size,A,ring_size_023,0.12891068171457987,512
CLIMB unsup (canon-ctrl),ring_size,A,ring_size_024,0.11500347927831091,512
CLIMB unsup (canon-ctrl),ring_size,A,ring_size_025,0.1022037318463582,512
CLIMB unsup (canon-ctrl),ring_size,A,ring_size_026,0.13377032652470247,512
CLIMB unsup (canon-ctrl),ring_size,A,ring_size_027,0.09352924373187164,512
CLIMB unsup (canon-ctrl),ring_size,A,ring_size_028,0.12811654584620055,512
CLIMB unsup (canon-ctrl),ring_size,A,ring_size_029,0.10790435762809128,512
CLIMB unsup (canon-ctrl),ring_size,A,ring_size_030,0.17510301811506063,512
CLIMB unsup (canon-ctrl),ring_size,A,ring_size_031,0.1327565346795095,512
CLIMB unsup (canon-ctrl),ring_size,A,ring_size_032,0.09746439495633513,512
CLIMB unsup (canon-ctrl),ring_size,A,ring_size_033,0.08359995942572387,512
CLIMB unsup (canon-ctrl),ring_size,A,ring_size_034,0.09133557239728529,512
CLIMB unsup (canon-ctrl),ring_size,A,ring_size_035,0.09686878217995044,512
CLIMB unsup (canon-ctrl),ring_size,A,ring_size_036,0.14757615999780946,512
CLIMB unsup (canon-ctrl),ring_size,A,ring_size_037,0.0911081939719344,512
CLIMB unsup (canon-ctrl),ring_size,A,ring_size_038,0.09600453285305298,512
CLIMB unsup (canon-ctrl),ring_size,A,ring_size_039,0.07850564459565258,512
CLIMB unsup (canon-ctrl),ring_size,A,ring_size_040,0.14491117764424263,512
CLIMB unsup (canon-ctrl),ring_size,A,ring_size_041,0.08553155663943583,512
CLIMB unsup (canon-ctrl),ring_size,A,ring_size_042,0.1719947520192686,512
CLIMB unsup (canon-ctrl),ring_size,A,ring_size_043,0.09005296789210006,512
CLIMB unsup (canon-ctrl),ring_size,A,ring_size_044,0.12691873943058793,512
CLIMB unsup (canon-ctrl),ring_size,A,ring_size_045,0.13264742393101508,512
CLIMB unsup (canon-ctrl),ring_size,A,ring_size_046,0.11439114930367232,512
CLIMB unsup (canon-ctrl),ring_size,A,ring_size_047,0.08818440014735694,512
CLIMB unsup (canon-ctrl),ring_size,A,ring_size_048,0.07595173062534055,512
CLIMB unsup (canon-ctrl),ring_size,A,ring_size_049,0.08423496959842032,512
CLIMB unsup (canon-ctrl),ring_size,A,ring_size_050,0.13049816008138537,512
CLIMB unsup (canon-ctrl),ring_size,A,ring_size_051,0.07713703037681581,512
CLIMB unsup (canon-ctrl),ring_size,A,ring_size_052,0.11171526307833222,512
CLIMB unsup (canon-ctrl),ring_size,A,ring_size_053,0.13035673176108228,512
CLIMB unsup (canon-ctrl),ring_size,A,ring_size_054,0.10657283223371859,512
CLIMB unsup (canon-ctrl),ring_size,A,ring_size_055,0.09801244149640684,512
CLIMB unsup (canon-ctrl),ring_size,A,ring_size_056,0.08787260870624335,512
CLIMB unsup (canon-ctrl),ring_size,A,ring_size_057,0.17545563964912064,512
CLIMB unsup (canon-ctrl),ring_size,A,ring_size_058,0.09273550996185959,512
CLIMB unsup (canon-ctrl),ring_size,A,ring_size_059,0.08222837437694339,512
CLIMB unsup (canon-ctrl),ring_size,A,ring_size_060,0.28820055857042354,512
CLIMB unsup (canon-ctrl),ring_size,A,ring_size_061,0.1227812925919078,512
CLIMB unsup (canon-ctrl),ring_size,A,ring_size_062,0.16887658134497616,512
CLIMB unsup (canon-ctrl),ring_size,A,ring_size_063,0.1097003462821163,512
CLIMB unsup (canon-ctrl),ring_size,A,ring_size_064,0.07052176589504333,512
CLIMB unsup (canon-ctrl),ring_size,A,ring_size_065,0.14862438928315116,512
CLIMB unsup (canon-ctrl),ring_size,A,ring_size_066,0.08658754558795694,512
CLIMB unsup (canon-ctrl),ring_size,A,ring_size_067,0.08948612746943553,512
CLIMB unsup (canon-ctrl),ring_size,A,ring_size_068,0.12766400710549033,512
CLIMB unsup (canon-ctrl),ring_size,A,ring_size_069,0.8268553543438187,512
CLIMB unsup (canon-ctrl),ring_size,A,ring_size_070,0.415729587426865,512
CLIMB unsup (canon-ctrl),ring_size,A,ring_size_071,0.14365230138994758,512
CLIMB unsup (canon-ctrl),ring_size,A,ring_size_072,0.11762431210672762,512
CLIMB unsup (canon-ctrl),ring_size,A,ring_size_073,0.09633346893383396,512
CLIMB unsup (canon-ctrl),ring_size,A,ring_size_074,0.05121860995455292,512
CLIMB unsup (canon-ctrl),ring_size,A,ring_size_075,0.11152734939426724,512
CLIMB unsup (canon-ctrl),ring_size,A,ring_size_076,0.10097805533566433,512
CLIMB unsup (canon-ctrl),ring_size,A,ring_size_077,0.11308468416960152,512
CLIMB unsup (canon-ctrl),ring_size,A,ring_size_078,0.10368768180362985,512
CLIMB unsup (canon-ctrl),ring_size,A,ring_size_079,0.07441907527818885,512
CLIMB unsup (canon-ctrl),ring_size,A,ring_size_080,0.12650908814456988,512
CLIMB unsup (canon-ctrl),ring_size,A,ring_size_081,0.14119266306027534,512
CLIMB unsup (canon-ctrl),ring_size,A,ring_size_082,0.13368006167671026,512
CLIMB unsup (canon-ctrl),ring_size,A,ring_size_083,0.23273947277964155,512
CLIMB unsup (canon-ctrl),ring_size,A,ring_size_084,0.09524265642900535,512
CLIMB unsup (canon-ctrl),ring_size,A,ring_size_085,0.10911833464474978,512
CLIMB unsup (canon-ctrl),ring_size,A,ring_size_086,0.12614534639385921,512
CLIMB unsup (canon-ctrl),ring_size,A,ring_size_087,0.10695426610118165,512
CLIMB unsup (canon-ctrl),ring_size,A,ring_size_088,0.10905137842864687,512
CLIMB unsup (canon-ctrl),ring_size,A,ring_size_089,0.0985691729811379,512
CLIMB unsup (canon-ctrl),ring_size,A,ring_size_090,0.17019286374892492,512
CLIMB unsup (canon-ctrl),ring_size,A,ring_size_091,0.09826545956190928,512
CLIMB unsup (canon-ctrl),ring_size,A,ring_size_092,0.10073335773596262,512
CLIMB unsup (canon-ctrl),ring_size,A,ring_size_093,0.1529339030698321,512
CLIMB unsup (canon-ctrl),ring_size,A,ring_size_094,0.10090603658019952,512
CLIMB unsup (canon-ctrl),ring_size,A,ring_size_095,0.09909370377652808,512
CLIMB unsup (canon-ctrl),ring_size,A,ring_size_096,0.16171776753929437,512
CLIMB unsup (canon-ctrl),ring_size,A,ring_size_097,0.14854892137017447,512
CLIMB unsup (canon-ctrl),ring_size,A,ring_size_098,0.1320708681193215,512
CLIMB unsup (canon-ctrl),ring_size,A,ring_size_099,0.0785318832070248,512
CLIMB unsup (canon-ctrl),regioisomer,A,regioisomer_000,0.9990494709216344,512
CLIMB unsup (canon-ctrl),regioisomer,A,regioisomer_001,0.9509485159744557,512
CLIMB unsup (canon-ctrl),regioisomer,A,regioisomer_002,1.1001074521232723,512
CLIMB unsup (canon-ctrl),regioisomer,A,regioisomer_003,0.7200987779728617,512
CLIMB unsup (canon-ctrl),regioisomer,A,regioisomer_004,0.8244434635224989,512
CLIMB unsup (canon-ctrl),regioisomer,A,regioisomer_005,0.9981269475456948,512
CLIMB unsup (canon-ctrl),regioisomer,A,regioisomer_006,0.9449621549359476,512
CLIMB unsup (canon-ctrl),regioisomer,A,regioisomer_007,0.4947913839779006,512
CLIMB unsup (canon-ctrl),regioisomer,A,regioisomer_008,0.520200222451354,512
CLIMB unsup (canon-ctrl),regioisomer,A,regioisomer_009,0.6637056671640059,512
CLIMB unsup (canon-ctrl),regioisomer,A,regioisomer_010,0.8825122131930945,512
CLIMB unsup (canon-ctrl),regioisomer,A,regioisomer_011,0.9302612462058915,512
CLIMB unsup (canon-ctrl),regioisomer,A,regioisomer_012,0.7880951762317897,512
CLIMB unsup (canon-ctrl),regioisomer,A,regioisomer_013,1.0009540971592727,512
CLIMB unsup (canon-ctrl),regioisomer,A,regioisomer_014,1.0442282631420876,512
CLIMB unsup (canon-ctrl),regioisomer,A,regioisomer_015,0.5836781124763564,512
CLIMB unsup (canon-ctrl),regioisomer,A,regioisomer_016,1.094433142034495,512
CLIMB unsup (canon-ctrl),regioisomer,A,regioisomer_017,1.1417461612862747,512
CLIMB unsup (canon-ctrl),regioisomer,A,regioisomer_018,0.987629207764552,512
CLIMB unsup (canon-ctrl),regioisomer,A,regioisomer_019,0.647442814215232,512
CLIMB unsup (canon-ctrl),regioisomer,A,regioisomer_020,0.6941855463879706,512
CLIMB unsup (canon-ctrl),regioisomer,A,regioisomer_021,0.9684287353540167,512
CLIMB unsup (canon-ctrl),regioisomer,A,regioisomer_022,1.0240870400623567,512
CLIMB unsup (canon-ctrl),regioisomer,A,regioisomer_023,0.6512545855826309,512
CLIMB unsup (canon-ctrl),regioisomer,A,regioisomer_024,0.6661636550515198,512
CLIMB unsup (canon-ctrl),regioisomer,A,regioisomer_025,1.0280935114398042,512
CLIMB unsup (canon-ctrl),regioisomer,A,regioisomer_026,0.6080483093718181,512
CLIMB unsup (canon-ctrl),regioisomer,A,regioisomer_027,0.5420104310967371,512
CLIMB unsup (canon-ctrl),regioisomer,A,regioisomer_028,0.6720571920258422,512
CLIMB unsup (canon-ctrl),regioisomer,A,regioisomer_029,1.0572066461304728,512
CLIMB unsup (canon-ctrl),regioisomer,A,regioisomer_030,1.1682969270985322,512
CLIMB unsup (canon-ctrl),regioisomer,A,regioisomer_031,1.0587532945995042,512
CLIMB unsup (canon-ctrl),regioisomer,A,regioisomer_032,1.0488273123667933,512
CLIMB unsup (canon-ctrl),regioisomer,A,regioisomer_033,0.7477412551919891,512
CLIMB unsup (canon-ctrl),regioisomer,A,regioisomer_034,1.0259867600150974,512
CLIMB unsup (canon-ctrl),regioisomer,A,regioisomer_035,0.5875650306031869,512
CLIMB unsup (canon-ctrl),regioisomer,A,regioisomer_036,0.8515832145377711,512
CLIMB unsup (canon-ctrl),regioisomer,A,regioisomer_037,0.8124564606269297,512
CLIMB unsup (canon-ctrl),regioisomer,A,regioisomer_038,0.6211196600656252,512
CLIMB unsup (canon-ctrl),regioisomer,A,regioisomer_039,0.6393144601316672,512
CLIMB unsup (canon-ctrl),regioisomer,A,regioisomer_040,0.6658388109708091,512
CLIMB unsup (canon-ctrl),regioisomer,A,regioisomer_041,0.9814232805423143,512
CLIMB unsup (canon-ctrl),regioisomer,A,regioisomer_042,0.9693477772380888,512
CLIMB unsup (canon-ctrl),regioisomer,A,regioisomer_043,0.8716539993837461,512
CLIMB unsup (canon-ctrl),regioisomer,A,regioisomer_044,0.9692929603976987,512
CLIMB unsup (canon-ctrl),regioisomer,A,regioisomer_045,0.7787916886346851,512
CLIMB unsup (canon-ctrl),regioisomer,A,regioisomer_046,0.6464351145710394,512
CLIMB unsup (canon-ctrl),regioisomer,A,regioisomer_047,0.9164385962227247,512
CLIMB unsup (canon-ctrl),regioisomer,A,regioisomer_048,1.00006153303191,512
CLIMB unsup (canon-ctrl),regioisomer,A,regioisomer_049,0.6794324495827131,512
CLIMB unsup (canon-ctrl),regioisomer,A,regioisomer_050,0.6583123755035398,512
CLIMB unsup (canon-ctrl),regioisomer,A,regioisomer_051,0.987629207764552,512
CLIMB unsup (canon-ctrl),regioisomer,A,regioisomer_052,0.7408694777003921,512
CLIMB unsup (canon-ctrl),regioisomer,A,regioisomer_053,0.6708671580609008,512
CLIMB unsup (canon-ctrl),regioisomer,A,regioisomer_054,0.8592380746670737,512
CLIMB unsup (canon-ctrl),regioisomer,A,regioisomer_055,1.0741905115727712,512
CLIMB unsup (canon-ctrl),regioisomer,A,regioisomer_056,0.9008612755169743,512
CLIMB unsup (canon-ctrl),regioisomer,A,regioisomer_057,1.0804257596297897,512
CLIMB unsup (canon-ctrl),regioisomer,A,regioisomer_058,1.0679057027771393,512
CLIMB unsup (canon-ctrl),regioisomer,A,regioisomer_059,0.7262499832476657,512
CLIMB unsup (canon-ctrl),regioisomer,A,regioisomer_060,1.0740008501024716,512
CLIMB unsup (canon-ctrl),regioisomer,A,regioisomer_061,0.6507740586879508,512
CLIMB unsup (canon-ctrl),regioisomer,A,regioisomer_062,0.7893784588543891,512
CLIMB unsup (canon-ctrl),regioisomer,A,regioisomer_063,0.9189265042431425,512
CLIMB unsup (canon-ctrl),regioisomer,A,regioisomer_064,1.0321620146245223,512
CLIMB unsup (canon-ctrl),regioisomer,A,regioisomer_065,0.9923221079479702,512
CLIMB unsup (canon-ctrl),regioisomer,A,regioisomer_066,0.6293630799971731,512
CLIMB unsup (canon-ctrl),regioisomer,A,regioisomer_067,0.7212412750931398,512
CLIMB unsup (canon-ctrl),regioisomer,A,regioisomer_068,0.993653063852395,512
CLIMB unsup (canon-ctrl),regioisomer,A,regioisomer_069,1.0278265585769275,512
CLIMB unsup (canon-ctrl),regioisomer,A,regioisomer_070,0.986058043397381,512
CLIMB unsup (canon-ctrl),regioisomer,A,regioisomer_071,0.8496904318675437,512
CLIMB unsup (canon-ctrl),regioisomer,A,regioisomer_072,0.9265046169333853,512
CLIMB unsup (canon-ctrl),regioisomer,A,regioisomer_073,0.6285145876930898,512
CLIMB unsup (canon-ctrl),regioisomer,A,regioisomer_074,0.908720549946064,512
CLIMB unsup (canon-ctrl),regioisomer,A,regioisomer_075,0.9159724461277985,512
CLIMB unsup (canon-ctrl),regioisomer,A,regioisomer_076,0.9120031281543972,512
CLIMB unsup (canon-ctrl),regioisomer,A,regioisomer_077,0.992558630380064,512
CLIMB unsup (canon-ctrl),regioisomer,A,regioisomer_078,1.0558796909226726,512
CLIMB unsup (canon-ctrl),regioisomer,A,regioisomer_079,0.593895329176781,512
CLIMB unsup (canon-ctrl),regioisomer,A,regioisomer_080,0.8489700872393068,512
CLIMB unsup (canon-ctrl),regioisomer,A,regioisomer_081,0.6956142745041228,512
CLIMB unsup (canon-ctrl),regioisomer,A,regioisomer_082,0.9272163320441863,512
CLIMB unsup (canon-ctrl),regioisomer,A,regioisomer_083,0.8734195261444374,512
CLIMB unsup (canon-ctrl),regioisomer,A,regioisomer_084,0.7770996139181072,512
CLIMB unsup (canon-ctrl),regioisomer,A,regioisomer_085,0.9670558646603512,512
CLIMB unsup (canon-ctrl),regioisomer,A,regioisomer_086,1.0956075510033498,512
CLIMB unsup (canon-ctrl),regioisomer,A,regioisomer_087,1.0328256125431063,512
CLIMB unsup (canon-ctrl),regioisomer,A,regioisomer_088,1.0210698267458946,512
CLIMB unsup (canon-ctrl),regioisomer,A,regioisomer_089,0.8934449343347652,512
CLIMB unsup (canon-ctrl),regioisomer,A,regioisomer_090,0.9231962663485154,512
CLIMB unsup (canon-ctrl),regioisomer,A,regioisomer_091,0.7644341708387349,512
CLIMB unsup (canon-ctrl),regioisomer,A,regioisomer_092,0.8171822293709256,512
CLIMB unsup (canon-ctrl),regioisomer,A,regioisomer_093,0.7767768507603815,512
CLIMB unsup (canon-ctrl),regioisomer,A,regioisomer_094,0.9528317717553892,512
CLIMB unsup (canon-ctrl),regioisomer,A,regioisomer_095,0.6336546982067337,512
CLIMB unsup (canon-ctrl),regioisomer,A,regioisomer_096,0.9164385962227247,512
CLIMB unsup (canon-ctrl),regioisomer,A,regioisomer_097,0.9005883227816806,512
CLIMB unsup (canon-ctrl),regioisomer,A,regioisomer_098,0.7474155273904711,512
CLIMB unsup (canon-ctrl),regioisomer,A,regioisomer_099,0.9281973631999303,512
CLIMB unsup (canon-ctrl),matched_mw,A,matched_mw_000,1.6450003202449122,512
CLIMB unsup (canon-ctrl),matched_mw,A,matched_mw_001,2.7578880734750384,512
CLIMB unsup (canon-ctrl),matched_mw,A,matched_mw_002,4.076927953105653,512
CLIMB unsup (canon-ctrl),matched_mw,A,matched_mw_003,2.930712456490681,512
CLIMB unsup (canon-ctrl),matched_mw,A,matched_mw_004,3.3652748193712396,512
CLIMB unsup (canon-ctrl),matched_mw,A,matched_mw_005,4.152082851493849,512
CLIMB unsup (canon-ctrl),matched_mw,A,matched_mw_006,2.855227555478459,512
CLIMB unsup (canon-ctrl),matched_mw,A,matched_mw_007,3.7955397495348806,512
CLIMB unsup (canon-ctrl),matched_mw,A,matched_mw_008,2.814146719669996,512
CLIMB unsup (canon-ctrl),matched_mw,A,matched_mw_009,4.190508300537926,512
CLIMB unsup (canon-ctrl),matched_mw,A,matched_mw_010,3.312793214565529,512
CLIMB unsup (canon-ctrl),matched_mw,A,matched_mw_011,3.6062162354080325,512
CLIMB unsup (canon-ctrl),matched_mw,A,matched_mw_012,2.621435986355731,512
CLIMB unsup (canon-ctrl),matched_mw,A,matched_mw_013,2.2163295660472038,512
CLIMB unsup (canon-ctrl),matched_mw,A,matched_mw_014,2.052815277748203,512
CLIMB unsup (canon-ctrl),matched_mw,A,matched_mw_015,4.1496422943101,512
CLIMB unsup (canon-ctrl),matched_mw,A,matched_mw_016,1.384874267340242,512
CLIMB unsup (canon-ctrl),matched_mw,A,matched_mw_017,3.8463192768919763,512
CLIMB unsup (canon-ctrl),matched_mw,A,matched_mw_018,3.701523402652392,512
CLIMB unsup (canon-ctrl),matched_mw,A,matched_mw_019,2.347180831820591,512
CLIMB unsup (canon-ctrl),matched_mw,A,matched_mw_020,3.6243260296999233,512
CLIMB unsup (canon-ctrl),matched_mw,A,matched_mw_021,1.3141262211373674,512
CLIMB unsup (canon-ctrl),matched_mw,A,matched_mw_022,0.9763092480796537,512
CLIMB unsup (canon-ctrl),matched_mw,A,matched_mw_023,1.7678268240320998,512
CLIMB unsup (canon-ctrl),matched_mw,A,matched_mw_024,2.5722955635617426,512
CLIMB unsup (canon-ctrl),matched_mw,A,matched_mw_025,2.01544381737454,512
CLIMB unsup (canon-ctrl),matched_mw,A,matched_mw_026,3.5164120975572475,512
CLIMB unsup (canon-ctrl),matched_mw,A,matched_mw_027,1.6406013854502135,512
CLIMB unsup (canon-ctrl),matched_mw,A,matched_mw_028,2.1036084908141848,512
CLIMB unsup (canon-ctrl),matched_mw,A,matched_mw_029,4.20522351344789,512
CLIMB unsup (canon-ctrl),matched_mw,A,matched_mw_030,3.4222893588791887,512
CLIMB unsup (canon-ctrl),matched_mw,A,matched_mw_031,2.497787569536401,512
CLIMB unsup (canon-ctrl),matched_mw,A,matched_mw_032,2.8627404573496755,512
CLIMB unsup (canon-ctrl),matched_mw,A,matched_mw_033,2.8688595922150744,512
CLIMB unsup (canon-ctrl),matched_mw,A,matched_mw_034,2.1015058571064618,512
CLIMB unsup (canon-ctrl),matched_mw,A,matched_mw_035,1.3769606166990016,512
CLIMB unsup (canon-ctrl),matched_mw,A,matched_mw_036,1.7984538033687392,512
CLIMB unsup (canon-ctrl),matched_mw,A,matched_mw_037,2.853022238642742,512
CLIMB unsup (canon-ctrl),matched_mw,A,matched_mw_038,1.73130715808308,512
CLIMB unsup (canon-ctrl),matched_mw,A,matched_mw_039,2.5583328629286215,512
CLIMB unsup (canon-ctrl),matched_mw,A,matched_mw_040,4.066213938120716,512
CLIMB unsup (canon-ctrl),matched_mw,A,matched_mw_041,3.5073541820629197,512
CLIMB unsup (canon-ctrl),matched_mw,A,matched_mw_042,1.7958111388886682,512
CLIMB unsup (canon-ctrl),matched_mw,A,matched_mw_043,2.0538749402624754,512
CLIMB unsup (canon-ctrl),matched_mw,A,matched_mw_044,1.404336526019108,512
CLIMB unsup (canon-ctrl),matched_mw,A,matched_mw_045,2.3911030634369626,512
CLIMB unsup (canon-ctrl),matched_mw,A,matched_mw_046,1.7155139472457606,512
CLIMB unsup (canon-ctrl),matched_mw,A,matched_mw_047,1.9341608884334713,512
CLIMB unsup (canon-ctrl),matched_mw,A,matched_mw_048,1.884654377533249,512
CLIMB unsup (canon-ctrl),matched_mw,A,matched_mw_049,1.887742792613172,512
CLIMB unsup (canon-ctrl),matched_mw,A,matched_mw_050,2.6329061921045622,512
CLIMB unsup (canon-ctrl),matched_mw,A,matched_mw_051,1.8488415400835028,512
CLIMB unsup (canon-ctrl),matched_mw,A,matched_mw_052,2.7701794346149695,512
CLIMB unsup (canon-ctrl),matched_mw,A,matched_mw_053,2.7822046804717613,512
CLIMB unsup (canon-ctrl),matched_mw,A,matched_mw_054,1.6230460397628286,512
CLIMB unsup (canon-ctrl),matched_mw,A,matched_mw_055,1.4121957086370793,512
CLIMB unsup (canon-ctrl),matched_mw,A,matched_mw_056,1.953435160508924,512
CLIMB unsup (canon-ctrl),matched_mw,A,matched_mw_057,1.940405656357462,512
CLIMB unsup (canon-ctrl),matched_mw,A,matched_mw_058,1.1511352225096088,512
CLIMB unsup (canon-ctrl),matched_mw,A,matched_mw_059,1.0272726895892543,512
CLIMB unsup (canon-ctrl),matched_mw,A,matched_mw_060,1.7560519841194966,512
CLIMB unsup (canon-ctrl),matched_mw,A,matched_mw_061,2.337364871041147,512
CLIMB unsup (canon-ctrl),matched_mw,A,matched_mw_062,1.3099711470080215,512
CLIMB unsup (canon-ctrl),matched_mw,A,matched_mw_063,2.9127304830705567,512
CLIMB unsup (canon-ctrl),matched_mw,A,matched_mw_064,1.2401006170553954,512
CLIMB unsup (canon-ctrl),matched_mw,A,matched_mw_065,1.1542865975807062,512
CLIMB unsup (canon-ctrl),matched_mw,A,matched_mw_066,1.2555168614428844,512
CLIMB unsup (canon-ctrl),matched_mw,A,matched_mw_067,1.6919508614846794,512
CLIMB unsup (canon-ctrl),matched_mw,A,matched_mw_068,2.6365541330255904,512
CLIMB unsup (canon-ctrl),matched_mw,A,matched_mw_069,1.5935779998999058,512
CLIMB unsup (canon-ctrl),matched_mw,A,matched_mw_070,3.3689792448426177,512
CLIMB unsup (canon-ctrl),matched_mw,A,matched_mw_071,1.5540994214544814,512
CLIMB unsup (canon-ctrl),matched_mw,A,matched_mw_072,1.9788394101183122,512
CLIMB unsup (canon-ctrl),matched_mw,A,matched_mw_073,2.8813082401845915,512
CLIMB unsup (canon-ctrl),matched_mw,A,matched_mw_074,1.9409334951281658,512
CLIMB unsup (canon-ctrl),matched_mw,A,matched_mw_075,1.1291152982384358,512
CLIMB unsup (canon-ctrl),matched_mw,A,matched_mw_076,2.430228963836094,512
CLIMB unsup (canon-ctrl),matched_mw,A,matched_mw_077,0.888889926178631,512
CLIMB unsup (canon-ctrl),matched_mw,A,matched_mw_078,0.7990509147783649,512
CLIMB unsup (canon-ctrl),matched_mw,A,matched_mw_079,1.6607427881688384,512
CLIMB unsup (canon-ctrl),matched_mw,A,matched_mw_080,1.237889326050355,512
CLIMB unsup (canon-ctrl),matched_mw,A,matched_mw_081,1.857088025804656,512
CLIMB unsup (canon-ctrl),matched_mw,A,matched_mw_082,1.4740650293873654,512
CLIMB unsup (canon-ctrl),matched_mw,A,matched_mw_083,1.7005375629890342,512
CLIMB unsup (canon-ctrl),matched_mw,A,matched_mw_084,2.614438288338914,512
CLIMB unsup (canon-ctrl),matched_mw,A,matched_mw_085,1.222518104663497,512
CLIMB unsup (canon-ctrl),matched_mw,A,matched_mw_086,2.914392574969486,512
CLIMB unsup (canon-ctrl),matched_mw,A,matched_mw_087,3.246086087118383,512
CLIMB unsup (canon-ctrl),matched_mw,A,matched_mw_088,0.8775998738030838,512
CLIMB unsup (canon-ctrl),matched_mw,A,matched_mw_089,1.203790515794715,512
CLIMB unsup (canon-ctrl),matched_mw,A,matched_mw_090,3.0790654127113624,512
CLIMB unsup (canon-ctrl),matched_mw,A,matched_mw_091,3.576473858790445,512
CLIMB unsup (canon-ctrl),matched_mw,A,matched_mw_092,2.1166931153141055,512
CLIMB unsup (canon-ctrl),matched_mw,A,matched_mw_093,2.8431040436307273,512
CLIMB unsup (canon-ctrl),matched_mw,A,matched_mw_094,1.8484116164890267,512
CLIMB unsup (canon-ctrl),matched_mw,A,matched_mw_095,2.908030394554056,512
CLIMB unsup (canon-ctrl),matched_mw,A,matched_mw_096,1.2461165247444432,512
CLIMB unsup (canon-ctrl),matched_mw,A,matched_mw_097,0.6908980152634798,512
CLIMB unsup (canon-ctrl),matched_mw,A,matched_mw_098,1.6751816839602247,512
CLIMB unsup (canon-ctrl),matched_mw,A,matched_mw_099,1.4175092457541698,512
CLIMB unsup (canon-ctrl),matched_descriptors,A,matched_descriptors_000,1.0387237307524015,512
CLIMB unsup (canon-ctrl),matched_descriptors,A,matched_descriptors_001,0.5218960272456257,512
CLIMB unsup (canon-ctrl),matched_descriptors,A,matched_descriptors_002,1.32418251959366,512
CLIMB unsup (canon-ctrl),matched_descriptors,A,matched_descriptors_003,1.4928628052240234,512
CLIMB unsup (canon-ctrl),matched_descriptors,A,matched_descriptors_004,0.6985611771985253,512
CLIMB unsup (canon-ctrl),matched_descriptors,A,matched_descriptors_005,0.7308036288623968,512
CLIMB unsup (canon-ctrl),matched_descriptors,A,matched_descriptors_006,0.9958249007731539,512
CLIMB unsup (canon-ctrl),matched_descriptors,A,matched_descriptors_007,1.2973872016164334,512
CLIMB unsup (canon-ctrl),matched_descriptors,A,matched_descriptors_008,0.7627886068137851,512
CLIMB unsup (canon-ctrl),matched_descriptors,A,matched_descriptors_009,0.7206840644781124,512
CLIMB unsup (canon-ctrl),matched_descriptors,A,matched_descriptors_010,1.0133549246519298,512
CLIMB unsup (canon-ctrl),matched_descriptors,A,matched_descriptors_011,1.2221356309371263,512
CLIMB unsup (canon-ctrl),matched_descriptors,A,matched_descriptors_012,1.2642708942755343,512
CLIMB unsup (canon-ctrl),matched_descriptors,A,matched_descriptors_013,0.8124487421397545,512
CLIMB unsup (canon-ctrl),matched_descriptors,A,matched_descriptors_014,1.0684901835159555,512
CLIMB unsup (canon-ctrl),matched_descriptors,A,matched_descriptors_015,0.7788390516659572,512
CLIMB unsup (canon-ctrl),matched_descriptors,A,matched_descriptors_016,0.8754000286582815,512
CLIMB unsup (canon-ctrl),matched_descriptors,A,matched_descriptors_017,0.9947730962568131,512
CLIMB unsup (canon-ctrl),matched_descriptors,A,matched_descriptors_018,1.0892255456525854,512
CLIMB unsup (canon-ctrl),matched_descriptors,A,matched_descriptors_019,1.78090490376248,512
CLIMB unsup (canon-ctrl),matched_descriptors,A,matched_descriptors_020,0.6871511260598178,512
CLIMB unsup (canon-ctrl),matched_descriptors,A,matched_descriptors_021,0.803076737746677,512
CLIMB unsup (canon-ctrl),matched_descriptors,A,matched_descriptors_022,0.8634527232619676,512
CLIMB unsup (canon-ctrl),matched_descriptors,A,matched_descriptors_023,1.1181317303941158,512
CLIMB unsup (canon-ctrl),matched_descriptors,A,matched_descriptors_024,1.1067902088267623,512
CLIMB unsup (canon-ctrl),matched_descriptors,A,matched_descriptors_025,0.8074884528516627,512
CLIMB unsup (canon-ctrl),matched_descriptors,A,matched_descriptors_026,1.0333604457737153,512
CLIMB unsup (canon-ctrl),matched_descriptors,A,matched_descriptors_027,1.0731852784188316,512
CLIMB unsup (canon-ctrl),matched_descriptors,A,matched_descriptors_028,0.839214753721379,512
CLIMB unsup (canon-ctrl),matched_descriptors,A,matched_descriptors_029,0.8246314617102014,512
CLIMB unsup (canon-ctrl),matched_descriptors,A,matched_descriptors_030,1.046783265544164,512
CLIMB unsup (canon-ctrl),matched_descriptors,A,matched_descriptors_031,0.8648537707552284,512
CLIMB unsup (canon-ctrl),matched_descriptors,A,matched_descriptors_032,0.8362720122387994,512
CLIMB unsup (canon-ctrl),matched_descriptors,A,matched_descriptors_033,1.1160035817283398,512
CLIMB unsup (canon-ctrl),matched_descriptors,A,matched_descriptors_034,0.6419657256027662,512
CLIMB unsup (canon-ctrl),matched_descriptors,A,matched_descriptors_035,1.0052298090007898,512
CLIMB unsup (canon-ctrl),matched_descriptors,A,matched_descriptors_036,1.003581389804409,512
CLIMB unsup (canon-ctrl),matched_descriptors,A,matched_descriptors_037,0.7494109183528435,512
CLIMB unsup (canon-ctrl),matched_descriptors,A,matched_descriptors_038,0.6041798471102051,512
CLIMB unsup (canon-ctrl),matched_descriptors,A,matched_descriptors_039,0.6905877249468706,512
CLIMB unsup (canon-ctrl),matched_descriptors,A,matched_descriptors_040,0.642388204058328,512
CLIMB unsup (canon-ctrl),matched_descriptors,A,matched_descriptors_041,4.095238382557933,512
CLIMB unsup (canon-ctrl),matched_descriptors,A,matched_descriptors_042,0.6267164794290149,512
CLIMB unsup (canon-ctrl),matched_descriptors,A,matched_descriptors_043,3.5743758885060934,512
CLIMB unsup (canon-ctrl),matched_descriptors,A,matched_descriptors_044,0.8081248702545313,512
CLIMB unsup (canon-ctrl),matched_descriptors,A,matched_descriptors_045,0.9773050950956522,512
CLIMB unsup (canon-ctrl),matched_descriptors,A,matched_descriptors_046,0.6218438361880028,512
CLIMB unsup (canon-ctrl),matched_descriptors,A,matched_descriptors_047,0.9257179344084201,512
CLIMB unsup (canon-ctrl),matched_descriptors,A,matched_descriptors_048,0.7360499442457679,512
CLIMB unsup (canon-ctrl),matched_descriptors,A,matched_descriptors_049,0.7753678170524947,512
CLIMB unsup (canon-ctrl),matched_descriptors,A,matched_descriptors_050,0.7098672724116016,512
CLIMB unsup (canon-ctrl),matched_descriptors,A,matched_descriptors_051,0.9952999043904922,512
CLIMB unsup (canon-ctrl),matched_descriptors,A,matched_descriptors_052,0.9116568475404984,512
CLIMB unsup (canon-ctrl),matched_descriptors,A,matched_descriptors_053,1.27960654874743,512
CLIMB unsup (canon-ctrl),matched_descriptors,A,matched_descriptors_054,0.9584177715119261,512
CLIMB unsup (canon-ctrl),matched_descriptors,A,matched_descriptors_055,1.211431695700118,512
CLIMB unsup (canon-ctrl),matched_descriptors,A,matched_descriptors_056,0.9794211882292458,512
CLIMB unsup (canon-ctrl),matched_descriptors,A,matched_descriptors_057,1.4882469831427456,512
CLIMB unsup (canon-ctrl),matched_descriptors,A,matched_descriptors_058,0.7025646493641529,512
CLIMB unsup (canon-ctrl),matched_descriptors,A,matched_descriptors_059,0.8434081383681877,512
CLIMB unsup (canon-ctrl),matched_descriptors,A,matched_descriptors_060,1.3503592093510917,512
CLIMB unsup (canon-ctrl),matched_descriptors,A,matched_descriptors_061,1.1367786734021088,512
CLIMB unsup (canon-ctrl),matched_descriptors,A,matched_descriptors_062,1.1705463973942032,512
CLIMB unsup (canon-ctrl),matched_descriptors,A,matched_descriptors_063,0.9159112740577472,512
CLIMB unsup (canon-ctrl),matched_descriptors,A,matched_descriptors_064,0.9281233950156559,512
CLIMB unsup (canon-ctrl),matched_descriptors,A,matched_descriptors_065,1.2186175816127403,512
CLIMB unsup (canon-ctrl),matched_descriptors,A,matched_descriptors_066,0.5977535820456114,512
CLIMB unsup (canon-ctrl),matched_descriptors,A,matched_descriptors_067,0.7887345465876915,512
CLIMB unsup (canon-ctrl),matched_descriptors,A,matched_descriptors_068,0.875986521230981,512
CLIMB unsup (canon-ctrl),matched_descriptors,A,matched_descriptors_069,1.075430375482951,512
CLIMB unsup (canon-ctrl),matched_descriptors,A,matched_descriptors_070,0.9161043088829697,512
CLIMB unsup (canon-ctrl),matched_descriptors,A,matched_descriptors_071,1.1808803826930414,512
CLIMB unsup (canon-ctrl),matched_descriptors,A,matched_descriptors_072,1.0697387503203069,512
CLIMB unsup (canon-ctrl),matched_descriptors,A,matched_descriptors_073,0.9987422097714505,512
CLIMB unsup (canon-ctrl),matched_descriptors,A,matched_descriptors_074,1.0560835129103108,512
CLIMB unsup (canon-ctrl),matched_descriptors,A,matched_descriptors_075,1.1250859091202137,512
CLIMB unsup (canon-ctrl),matched_descriptors,A,matched_descriptors_076,1.161201689187538,512
CLIMB unsup (canon-ctrl),matched_descriptors,A,matched_descriptors_077,1.1686206497208504,512
CLIMB unsup (canon-ctrl),matched_descriptors,A,matched_descriptors_078,1.0954633593876442,512
CLIMB unsup (canon-ctrl),matched_descriptors,A,matched_descriptors_079,0.804753789828752,512
CLIMB unsup (canon-ctrl),matched_descriptors,A,matched_descriptors_080,0.7677041425606592,512
CLIMB unsup (canon-ctrl),matched_descriptors,A,matched_descriptors_081,1.2091592668692472,512
CLIMB unsup (canon-ctrl),matched_descriptors,A,matched_descriptors_082,0.8294070315147579,512
CLIMB unsup (canon-ctrl),matched_descriptors,A,matched_descriptors_083,1.0888759876986944,512
CLIMB unsup (canon-ctrl),matched_descriptors,A,matched_descriptors_084,1.2911092473784807,512
CLIMB unsup (canon-ctrl),matched_descriptors,A,matched_descriptors_085,0.802138508902252,512
CLIMB unsup (canon-ctrl),matched_descriptors,A,matched_descriptors_086,1.1101050575866995,512
CLIMB unsup (canon-ctrl),matched_descriptors,A,matched_descriptors_087,0.7433943495667512,512
CLIMB unsup (canon-ctrl),matched_descriptors,A,matched_descriptors_088,1.6043127528574987,512
CLIMB unsup (canon-ctrl),matched_descriptors,A,matched_descriptors_089,1.1301595789332246,512
CLIMB unsup (canon-ctrl),matched_descriptors,A,matched_descriptors_090,1.1167123116007285,512
CLIMB unsup (canon-ctrl),matched_descriptors,A,matched_descriptors_091,1.232968680210741,512
CLIMB unsup (canon-ctrl),matched_descriptors,A,matched_descriptors_092,1.1507073780903834,512
CLIMB unsup (canon-ctrl),matched_descriptors,A,matched_descriptors_093,2.143339797797554,512
CLIMB unsup (canon-ctrl),matched_descriptors,A,matched_descriptors_094,0.9537408662617395,512
CLIMB unsup (canon-ctrl),matched_descriptors,A,matched_descriptors_095,0.6156877980082536,512
CLIMB unsup (canon-ctrl),matched_descriptors,A,matched_descriptors_096,1.0429718008814783,512
CLIMB unsup (canon-ctrl),matched_descriptors,A,matched_descriptors_097,1.0742556373912595,512
CLIMB unsup (canon-ctrl),matched_descriptors,A,matched_descriptors_098,1.1225139981120655,512
CLIMB unsup (canon-ctrl),matched_descriptors,A,matched_descriptors_099,0.7176691724806661,512
CLIMB unsup (canon-ctrl),smiles_enumeration,B,smiles_enumeration_000,0.7005036816803601,512
CLIMB unsup (canon-ctrl),smiles_enumeration,B,smiles_enumeration_001,1.0780961251780201,512
CLIMB unsup (canon-ctrl),smiles_enumeration,B,smiles_enumeration_002,1.237922094171422,512
CLIMB unsup (canon-ctrl),smiles_enumeration,B,smiles_enumeration_003,0.46365246187587067,512
CLIMB unsup (canon-ctrl),smiles_enumeration,B,smiles_enumeration_004,0.6656004164783477,512
CLIMB unsup (canon-ctrl),smiles_enumeration,B,smiles_enumeration_005,0.5713710554776039,512
CLIMB unsup (canon-ctrl),smiles_enumeration,B,smiles_enumeration_006,0.7210064225627902,512
CLIMB unsup (canon-ctrl),smiles_enumeration,B,smiles_enumeration_007,1.075195607418769,512
CLIMB unsup (canon-ctrl),smiles_enumeration,B,smiles_enumeration_008,1.018379122409477,512
CLIMB unsup (canon-ctrl),smiles_enumeration,B,smiles_enumeration_009,0.8163398373629757,512
CLIMB unsup (canon-ctrl),smiles_enumeration,B,smiles_enumeration_010,0.6498422653756833,512
CLIMB unsup (canon-ctrl),smiles_enumeration,B,smiles_enumeration_011,1.3478031207168524,512
CLIMB unsup (canon-ctrl),smiles_enumeration,B,smiles_enumeration_012,0.6040903073543141,512
CLIMB unsup (canon-ctrl),smiles_enumeration,B,smiles_enumeration_013,0.8296058761291235,512
CLIMB unsup (canon-ctrl),smiles_enumeration,B,smiles_enumeration_014,0.9055785514412291,512
CLIMB unsup (canon-ctrl),smiles_enumeration,B,smiles_enumeration_015,1.206406467268086,512
CLIMB unsup (canon-ctrl),smiles_enumeration,B,smiles_enumeration_016,0.8034783470120886,512
CLIMB unsup (canon-ctrl),smiles_enumeration,B,smiles_enumeration_017,0.597923230108429,512
CLIMB unsup (canon-ctrl),smiles_enumeration,B,smiles_enumeration_018,0.9288391367887349,512
CLIMB unsup (canon-ctrl),smiles_enumeration,B,smiles_enumeration_019,0.6662486299618224,512
CLIMB unsup (canon-ctrl),smiles_enumeration,B,smiles_enumeration_020,0.673078890772343,512
CLIMB unsup (canon-ctrl),smiles_enumeration,B,smiles_enumeration_021,0.5963698935422967,512
CLIMB unsup (canon-ctrl),smiles_enumeration,B,smiles_enumeration_022,0.49449213228137606,512
CLIMB unsup (canon-ctrl),smiles_enumeration,B,smiles_enumeration_023,0.7634044662122075,512
CLIMB unsup (canon-ctrl),smiles_enumeration,B,smiles_enumeration_024,0.71563943911143,512
CLIMB unsup (canon-ctrl),smiles_enumeration,B,smiles_enumeration_025,0.6528110820525218,512
CLIMB unsup (canon-ctrl),smiles_enumeration,B,smiles_enumeration_026,0.6585935301252793,512
CLIMB unsup (canon-ctrl),smiles_enumeration,B,smiles_enumeration_027,0.75456981739739,512
CLIMB unsup (canon-ctrl),smiles_enumeration,B,smiles_enumeration_028,0.4654474623730796,512
CLIMB unsup (canon-ctrl),smiles_enumeration,B,smiles_enumeration_029,0.6119478136974938,512
CLIMB unsup (canon-ctrl),smiles_enumeration,B,smiles_enumeration_030,0.7587682361162498,512
CLIMB unsup (canon-ctrl),smiles_enumeration,B,smiles_enumeration_031,0.729452493868623,512
CLIMB unsup (canon-ctrl),smiles_enumeration,B,smiles_enumeration_032,0.6161643523964716,512
CLIMB unsup (canon-ctrl),smiles_enumeration,B,smiles_enumeration_033,0.6473506817696005,512
CLIMB unsup (canon-ctrl),smiles_enumeration,B,smiles_enumeration_034,0.7049297701694356,512
CLIMB unsup (canon-ctrl),smiles_enumeration,B,smiles_enumeration_035,0.7049615419759174,512
CLIMB unsup (canon-ctrl),smiles_enumeration,B,smiles_enumeration_036,0.7325784522188499,512
CLIMB unsup (canon-ctrl),smiles_enumeration,B,smiles_enumeration_037,1.0263656735796496,512
CLIMB unsup (canon-ctrl),smiles_enumeration,B,smiles_enumeration_038,1.0852355767138715,512
CLIMB unsup (canon-ctrl),smiles_enumeration,B,smiles_enumeration_039,0.9280108012128323,512
CLIMB unsup (canon-ctrl),smiles_enumeration,B,smiles_enumeration_040,0.8432312754116857,512
CLIMB unsup (canon-ctrl),smiles_enumeration,B,smiles_enumeration_041,0.6087990347384911,512
CLIMB unsup (canon-ctrl),smiles_enumeration,B,smiles_enumeration_042,0.7927077662349519,512
CLIMB unsup (canon-ctrl),smiles_enumeration,B,smiles_enumeration_043,0.7624222493629844,512
CLIMB unsup (canon-ctrl),smiles_enumeration,B,smiles_enumeration_044,0.6610965676048202,512
CLIMB unsup (canon-ctrl),smiles_enumeration,B,smiles_enumeration_045,1.0324055035918218,512
CLIMB unsup (canon-ctrl),smiles_enumeration,B,smiles_enumeration_046,1.1038672360549364,512
CLIMB unsup (canon-ctrl),smiles_enumeration,B,smiles_enumeration_047,0.6739847227397474,512
CLIMB unsup (canon-ctrl),smiles_enumeration,B,smiles_enumeration_048,0.7960025692284446,512
CLIMB unsup (canon-ctrl),smiles_enumeration,B,smiles_enumeration_049,0.821619331023343,512
CLIMB unsup (canon-ctrl),smiles_enumeration,B,smiles_enumeration_050,0.7478632437305475,512
CLIMB unsup (canon-ctrl),smiles_enumeration,B,smiles_enumeration_051,1.1295001907094075,512
CLIMB unsup (canon-ctrl),smiles_enumeration,B,smiles_enumeration_052,0.6723720573452631,512
CLIMB unsup (canon-ctrl),smiles_enumeration,B,smiles_enumeration_053,1.0169577273711077,512
CLIMB unsup (canon-ctrl),smiles_enumeration,B,smiles_enumeration_054,1.3191593231132814,512
CLIMB unsup (canon-ctrl),smiles_enumeration,B,smiles_enumeration_055,0.7644878047962721,512
CLIMB unsup (canon-ctrl),smiles_enumeration,B,smiles_enumeration_056,0.5530421956757077,512
CLIMB unsup (canon-ctrl),smiles_enumeration,B,smiles_enumeration_057,1.0153160248651285,512
CLIMB unsup (canon-ctrl),smiles_enumeration,B,smiles_enumeration_058,1.0869275664483324,512
CLIMB unsup (canon-ctrl),smiles_enumeration,B,smiles_enumeration_059,0.9594409953570027,512
CLIMB unsup (canon-ctrl),smiles_enumeration,B,smiles_enumeration_060,1.066196101164694,512
CLIMB unsup (canon-ctrl),smiles_enumeration,B,smiles_enumeration_061,0.6165670058564146,512
CLIMB unsup (canon-ctrl),smiles_enumeration,B,smiles_enumeration_062,0.6527102839189987,512
CLIMB unsup (canon-ctrl),smiles_enumeration,B,smiles_enumeration_063,0.8546672318059819,512
CLIMB unsup (canon-ctrl),smiles_enumeration,B,smiles_enumeration_064,0.8941457068937514,512
CLIMB unsup (canon-ctrl),smiles_enumeration,B,smiles_enumeration_065,0.9554297892673775,512
CLIMB unsup (canon-ctrl),smiles_enumeration,B,smiles_enumeration_066,0.776883129539204,512
CLIMB unsup (canon-ctrl),smiles_enumeration,B,smiles_enumeration_067,0.9082665166846157,512
CLIMB unsup (canon-ctrl),smiles_enumeration,B,smiles_enumeration_068,1.6010589870520664,512
CLIMB unsup (canon-ctrl),smiles_enumeration,B,smiles_enumeration_069,1.1626906274477047,512
CLIMB unsup (canon-ctrl),smiles_enumeration,B,smiles_enumeration_070,0.7676994453702253,512
CLIMB unsup (canon-ctrl),smiles_enumeration,B,smiles_enumeration_071,1.2734187929783218,512
CLIMB unsup (canon-ctrl),smiles_enumeration,B,smiles_enumeration_072,0.7100943195991185,512
CLIMB unsup (canon-ctrl),smiles_enumeration,B,smiles_enumeration_073,1.3213051575407728,512
CLIMB unsup (canon-ctrl),smiles_enumeration,B,smiles_enumeration_074,0.9355825376779887,512
CLIMB unsup (canon-ctrl),smiles_enumeration,B,smiles_enumeration_075,0.9517640454305957,512
CLIMB unsup (canon-ctrl),smiles_enumeration,B,smiles_enumeration_076,0.8225798281798321,512
CLIMB unsup (canon-ctrl),smiles_enumeration,B,smiles_enumeration_077,0.6649064929024913,512
CLIMB unsup (canon-ctrl),smiles_enumeration,B,smiles_enumeration_078,0.921940439044135,512
CLIMB unsup (canon-ctrl),smiles_enumeration,B,smiles_enumeration_079,0.8757194078799135,512
CLIMB unsup (canon-ctrl),smiles_enumeration,B,smiles_enumeration_080,0.9572956411339405,512
CLIMB unsup (canon-ctrl),smiles_enumeration,B,smiles_enumeration_081,0.5263704672249102,512
CLIMB unsup (canon-ctrl),smiles_enumeration,B,smiles_enumeration_082,0.8344644151305916,512
CLIMB unsup (canon-ctrl),smiles_enumeration,B,smiles_enumeration_083,0.6649221707252991,512
CLIMB unsup (canon-ctrl),smiles_enumeration,B,smiles_enumeration_084,0.7429981489038019,512
CLIMB unsup (canon-ctrl),smiles_enumeration,B,smiles_enumeration_085,0.5432787891943822,512
CLIMB unsup (canon-ctrl),smiles_enumeration,B,smiles_enumeration_086,1.674939130436154,512
CLIMB unsup (canon-ctrl),smiles_enumeration,B,smiles_enumeration_087,0.7594816944103475,512
CLIMB unsup (canon-ctrl),smiles_enumeration,B,smiles_enumeration_088,0.812622251705145,512
CLIMB unsup (canon-ctrl),smiles_enumeration,B,smiles_enumeration_089,0.7162937305269673,512
CLIMB unsup (canon-ctrl),smiles_enumeration,B,smiles_enumeration_090,0.8146938066904258,512
CLIMB unsup (canon-ctrl),smiles_enumeration,B,smiles_enumeration_091,0.6172191715794269,512
CLIMB unsup (canon-ctrl),smiles_enumeration,B,smiles_enumeration_092,0.7217383386149246,512
CLIMB unsup (canon-ctrl),smiles_enumeration,B,smiles_enumeration_093,0.8381948731018631,512
CLIMB unsup (canon-ctrl),smiles_enumeration,B,smiles_enumeration_094,0.6654768597692146,512
CLIMB unsup (canon-ctrl),smiles_enumeration,B,smiles_enumeration_095,1.0071202325627286,512
CLIMB unsup (canon-ctrl),smiles_enumeration,B,smiles_enumeration_096,0.5148229894331731,512
CLIMB unsup (canon-ctrl),smiles_enumeration,B,smiles_enumeration_097,0.8609481648885366,512
CLIMB unsup (canon-ctrl),smiles_enumeration,B,smiles_enumeration_098,0.9113934073400904,512
CLIMB unsup (canon-ctrl),smiles_enumeration,B,smiles_enumeration_099,0.574792266091603,512
CLIMB unsup (canon-ctrl),kekule,B,kekule_000,1.1333872129659235,512
CLIMB unsup (canon-ctrl),kekule,B,kekule_001,1.7243440224952062,512
CLIMB unsup (canon-ctrl),kekule,B,kekule_002,1.354497439791032,512
CLIMB unsup (canon-ctrl),kekule,B,kekule_003,1.129690078950691,512
CLIMB unsup (canon-ctrl),kekule,B,kekule_004,1.3945486419674893,512
CLIMB unsup (canon-ctrl),kekule,B,kekule_005,1.619009510947037,512
CLIMB unsup (canon-ctrl),kekule,B,kekule_006,1.3981316947972846,512
CLIMB unsup (canon-ctrl),kekule,B,kekule_007,1.8639191541062419,512
CLIMB unsup (canon-ctrl),kekule,B,kekule_008,1.014444468498918,512
CLIMB unsup (canon-ctrl),kekule,B,kekule_009,0.5722390119672293,512
CLIMB unsup (canon-ctrl),kekule,B,kekule_010,1.8487664121763565,512
CLIMB unsup (canon-ctrl),kekule,B,kekule_011,0.6908788987007434,512
CLIMB unsup (canon-ctrl),kekule,B,kekule_012,1.672272046599624,512
CLIMB unsup (canon-ctrl),kekule,B,kekule_013,0.8090035495170852,512
CLIMB unsup (canon-ctrl),kekule,B,kekule_014,1.9380294726238172,512
CLIMB unsup (canon-ctrl),kekule,B,kekule_015,0.5392283283920565,512
CLIMB unsup (canon-ctrl),kekule,B,kekule_016,1.1336881257283504,512
CLIMB unsup (canon-ctrl),kekule,B,kekule_017,1.788049902194188,512
CLIMB unsup (canon-ctrl),kekule,B,kekule_018,1.7268482914636658,512
CLIMB unsup (canon-ctrl),kekule,B,kekule_019,0.5261868659187223,512
CLIMB unsup (canon-ctrl),kekule,B,kekule_020,0.9515799541245316,512
CLIMB unsup (canon-ctrl),kekule,B,kekule_021,1.2568025133434229,512
CLIMB unsup (canon-ctrl),kekule,B,kekule_022,0.9365357517914978,512
CLIMB unsup (canon-ctrl),kekule,B,kekule_023,0.8160562099989355,512
CLIMB unsup (canon-ctrl),kekule,B,kekule_024,1.3657538508678726,512
CLIMB unsup (canon-ctrl),kekule,B,kekule_025,1.1439930761888002,512
CLIMB unsup (canon-ctrl),kekule,B,kekule_026,1.4443442571095884,512
CLIMB unsup (canon-ctrl),kekule,B,kekule_027,0.8090928862715833,512
CLIMB unsup (canon-ctrl),kekule,B,kekule_028,1.2899130724826025,512
CLIMB unsup (canon-ctrl),kekule,B,kekule_029,1.0458176785587912,512
CLIMB unsup (canon-ctrl),kekule,B,kekule_030,1.393125055370662,512
CLIMB unsup (canon-ctrl),kekule,B,kekule_031,1.2603365179178383,512
CLIMB unsup (canon-ctrl),kekule,B,kekule_032,1.0701270109734724,512
CLIMB unsup (canon-ctrl),kekule,B,kekule_033,1.1911193771179547,512
CLIMB unsup (canon-ctrl),kekule,B,kekule_034,0.8686921973108835,512
CLIMB unsup (canon-ctrl),kekule,B,kekule_035,0.9421760077060587,512
CLIMB unsup (canon-ctrl),kekule,B,kekule_036,1.0029163658896885,512
CLIMB unsup (canon-ctrl),kekule,B,kekule_037,1.2696969849998092,512
CLIMB unsup (canon-ctrl),kekule,B,kekule_038,1.4651717941104279,512
CLIMB unsup (canon-ctrl),kekule,B,kekule_039,1.0177730171765336,512
CLIMB unsup (canon-ctrl),kekule,B,kekule_040,1.4249707217509882,512
CLIMB unsup (canon-ctrl),kekule,B,kekule_041,1.9998143167852538,512
CLIMB unsup (canon-ctrl),kekule,B,kekule_042,1.3749509155379764,512
CLIMB unsup (canon-ctrl),kekule,B,kekule_043,1.1256961534475747,512
CLIMB unsup (canon-ctrl),kekule,B,kekule_044,1.3861894280572473,512
CLIMB unsup (canon-ctrl),kekule,B,kekule_045,1.3011513767709761,512
CLIMB unsup (canon-ctrl),kekule,B,kekule_046,1.0463870410789462,512
CLIMB unsup (canon-ctrl),kekule,B,kekule_047,1.5712722270657802,512
CLIMB unsup (canon-ctrl),kekule,B,kekule_048,1.5292405317373108,512
CLIMB unsup (canon-ctrl),kekule,B,kekule_049,1.7316019057368899,512
CLIMB unsup (canon-ctrl),kekule,B,kekule_050,1.4076047820100637,512
CLIMB unsup (canon-ctrl),kekule,B,kekule_051,0.3812185197999089,512
CLIMB unsup (canon-ctrl),kekule,B,kekule_052,1.530187723667647,512
CLIMB unsup (canon-ctrl),kekule,B,kekule_053,1.9155406735656895,512
CLIMB unsup (canon-ctrl),kekule,B,kekule_054,0.8519001132450671,512
CLIMB unsup (canon-ctrl),kekule,B,kekule_055,1.4568203644332511,512
CLIMB unsup (canon-ctrl),kekule,B,kekule_056,0.6149790930638357,512
CLIMB unsup (canon-ctrl),kekule,B,kekule_057,0.9785116939746354,512
CLIMB unsup (canon-ctrl),kekule,B,kekule_058,2.449407452048608,512
CLIMB unsup (canon-ctrl),kekule,B,kekule_059,0.7599638701179561,512
CLIMB unsup (canon-ctrl),kekule,B,kekule_060,1.473522704436712,512
CLIMB unsup (canon-ctrl),kekule,B,kekule_061,0.8110996890986572,512
CLIMB unsup (canon-ctrl),kekule,B,kekule_062,1.9157368255939475,512
CLIMB unsup (canon-ctrl),kekule,B,kekule_063,1.4545497660557567,512
CLIMB unsup (canon-ctrl),kekule,B,kekule_064,1.0328814790486236,512
CLIMB unsup (canon-ctrl),kekule,B,kekule_065,1.0419923989401896,512
CLIMB unsup (canon-ctrl),kekule,B,kekule_066,1.3491264985247073,512
CLIMB unsup (canon-ctrl),kekule,B,kekule_067,0.9593801881751441,512
CLIMB unsup (canon-ctrl),kekule,B,kekule_068,1.1652352408053115,512
CLIMB unsup (canon-ctrl),kekule,B,kekule_069,1.430218926615162,512
CLIMB unsup (canon-ctrl),kekule,B,kekule_070,1.1943064976032411,512
CLIMB unsup (canon-ctrl),kekule,B,kekule_071,1.6972059382567646,512
CLIMB unsup (canon-ctrl),kekule,B,kekule_072,1.7374042853497118,512
CLIMB unsup (canon-ctrl),kekule,B,kekule_073,1.3719069433007478,512
CLIMB unsup (canon-ctrl),kekule,B,kekule_074,1.4492391685528234,512
CLIMB unsup (canon-ctrl),kekule,B,kekule_075,0.42603426177234277,512
CLIMB unsup (canon-ctrl),kekule,B,kekule_076,1.5750001158622915,512
CLIMB unsup (canon-ctrl),kekule,B,kekule_077,1.220203655454452,512
CLIMB unsup (canon-ctrl),kekule,B,kekule_078,1.3455843412547355,512
CLIMB unsup (canon-ctrl),kekule,B,kekule_079,0.7896964093871122,512
CLIMB unsup (canon-ctrl),kekule,B,kekule_080,1.1546270226172242,512
CLIMB unsup (canon-ctrl),kekule,B,kekule_081,1.1146814395464297,512
CLIMB unsup (canon-ctrl),kekule,B,kekule_082,1.0282643301300551,512
CLIMB unsup (canon-ctrl),kekule,B,kekule_083,1.323032240948761,512
CLIMB unsup (canon-ctrl),kekule,B,kekule_084,1.4666938972020995,512
CLIMB unsup (canon-ctrl),kekule,B,kekule_085,1.468646622299435,512
CLIMB unsup (canon-ctrl),kekule,B,kekule_086,1.617736293385893,512
CLIMB unsup (canon-ctrl),kekule,B,kekule_087,1.3181965404857126,512
CLIMB unsup (canon-ctrl),kekule,B,kekule_088,1.461416767870338,512
CLIMB unsup (canon-ctrl),kekule,B,kekule_089,1.3739242900244153,512
CLIMB unsup (canon-ctrl),kekule,B,kekule_090,1.2544136001396349,512
CLIMB unsup (canon-ctrl),kekule,B,kekule_091,0.8493848281166767,512
CLIMB unsup (canon-ctrl),kekule,B,kekule_092,1.9205550798479232,512
CLIMB unsup (canon-ctrl),kekule,B,kekule_093,0.8991405296659903,512
CLIMB unsup (canon-ctrl),kekule,B,kekule_094,1.2475229259295872,512
CLIMB unsup (canon-ctrl),kekule,B,kekule_095,1.0828835889189201,512
CLIMB unsup (canon-ctrl),kekule,B,kekule_096,0.869072198182338,512
CLIMB unsup (canon-ctrl),kekule,B,kekule_097,1.2718383685915051,512
CLIMB unsup (canon-ctrl),kekule,B,kekule_098,0.32394747760210674,512
CLIMB unsup (canon-ctrl),kekule,B,kekule_099,1.7405831018006444,512
CLIMB unsup (canon-ctrl),symmetry_equivalent,B,symmetry_equivalent_000,0.0,512
CLIMB unsup (canon-ctrl),symmetry_equivalent,B,symmetry_equivalent_001,0.0,512
CLIMB unsup (canon-ctrl),symmetry_equivalent,B,symmetry_equivalent_002,0.0,512
CLIMB unsup (canon-ctrl),symmetry_equivalent,B,symmetry_equivalent_003,0.0,512
CLIMB unsup (canon-ctrl),symmetry_equivalent,B,symmetry_equivalent_004,0.0,512
CLIMB unsup (canon-ctrl),symmetry_equivalent,B,symmetry_equivalent_005,0.0,512
CLIMB unsup (canon-ctrl),symmetry_equivalent,B,symmetry_equivalent_006,0.0,512
CLIMB unsup (canon-ctrl),symmetry_equivalent,B,symmetry_equivalent_007,0.0,512
CLIMB unsup (canon-ctrl),symmetry_equivalent,B,symmetry_equivalent_008,0.0,512
CLIMB unsup (canon-ctrl),symmetry_equivalent,B,symmetry_equivalent_009,0.0,512
CLIMB unsup (canon-ctrl),symmetry_equivalent,B,symmetry_equivalent_010,0.0,512
CLIMB unsup (canon-ctrl),symmetry_equivalent,B,symmetry_equivalent_011,0.0,512
CLIMB unsup (canon-ctrl),symmetry_equivalent,B,symmetry_equivalent_012,0.0,512
CLIMB unsup (canon-ctrl),symmetry_equivalent,B,symmetry_equivalent_013,0.0,512
CLIMB unsup (canon-ctrl),symmetry_equivalent,B,symmetry_equivalent_014,0.0,512
CLIMB unsup (canon-ctrl),symmetry_equivalent,B,symmetry_equivalent_015,0.0,512
CLIMB unsup (canon-ctrl),symmetry_equivalent,B,symmetry_equivalent_016,0.0,512
CLIMB unsup (canon-ctrl),symmetry_equivalent,B,symmetry_equivalent_017,0.0,512
CLIMB unsup (canon-ctrl),symmetry_equivalent,B,symmetry_equivalent_018,0.0,512
CLIMB unsup (canon-ctrl),symmetry_equivalent,B,symmetry_equivalent_019,0.0,512
CLIMB unsup (canon-ctrl),symmetry_equivalent,B,symmetry_equivalent_020,0.0,512
CLIMB unsup (canon-ctrl),symmetry_equivalent,B,symmetry_equivalent_021,0.0,512
CLIMB unsup (canon-ctrl),symmetry_equivalent,B,symmetry_equivalent_022,0.0,512
CLIMB unsup (canon-ctrl),symmetry_equivalent,B,symmetry_equivalent_023,0.0,512
CLIMB unsup (canon-ctrl),symmetry_equivalent,B,symmetry_equivalent_024,0.0,512
CLIMB unsup (canon-ctrl),symmetry_equivalent,B,symmetry_equivalent_025,0.0,512
CLIMB unsup (canon-ctrl),symmetry_equivalent,B,symmetry_equivalent_026,0.0,512
CLIMB unsup (canon-ctrl),symmetry_equivalent,B,symmetry_equivalent_027,0.0,512
CLIMB unsup (canon-ctrl),symmetry_equivalent,B,symmetry_equivalent_028,0.0,512
CLIMB unsup (canon-ctrl),symmetry_equivalent,B,symmetry_equivalent_029,0.0,512
CLIMB unsup (canon-ctrl),symmetry_equivalent,B,symmetry_equivalent_030,0.0,512
CLIMB unsup (canon-ctrl),symmetry_equivalent,B,symmetry_equivalent_031,0.0,512
CLIMB unsup (canon-ctrl),symmetry_equivalent,B,symmetry_equivalent_032,0.0,512
CLIMB unsup (canon-ctrl),symmetry_equivalent,B,symmetry_equivalent_033,0.0,512
CLIMB unsup (canon-ctrl),symmetry_equivalent,B,symmetry_equivalent_034,0.0,512
CLIMB unsup (canon-ctrl),symmetry_equivalent,B,symmetry_equivalent_035,0.0,512
CLIMB unsup (canon-ctrl),symmetry_equivalent,B,symmetry_equivalent_036,0.0,512
CLIMB unsup (canon-ctrl),symmetry_equivalent,B,symmetry_equivalent_037,0.0,512
CLIMB unsup (canon-ctrl),symmetry_equivalent,B,symmetry_equivalent_038,0.0,512
CLIMB unsup (canon-ctrl),symmetry_equivalent,B,symmetry_equivalent_039,0.0,512
CLIMB unsup (canon-ctrl),symmetry_equivalent,B,symmetry_equivalent_040,0.0,512
CLIMB unsup (canon-ctrl),symmetry_equivalent,B,symmetry_equivalent_041,0.0,512
CLIMB unsup (canon-ctrl),symmetry_equivalent,B,symmetry_equivalent_042,0.0,512
CLIMB unsup (canon-ctrl),symmetry_equivalent,B,symmetry_equivalent_043,0.0,512
CLIMB unsup (canon-ctrl),symmetry_equivalent,B,symmetry_equivalent_044,0.0,512
CLIMB unsup (canon-ctrl),symmetry_equivalent,B,symmetry_equivalent_045,0.0,512
CLIMB unsup (canon-ctrl),symmetry_equivalent,B,symmetry_equivalent_046,0.0,512
CLIMB unsup (canon-ctrl),symmetry_equivalent,B,symmetry_equivalent_047,0.0,512
CLIMB unsup (canon-ctrl),symmetry_equivalent,B,symmetry_equivalent_048,0.0,512
CLIMB unsup (canon-ctrl),symmetry_equivalent,B,symmetry_equivalent_049,0.0,512
CLIMB unsup (canon-ctrl),symmetry_equivalent,B,symmetry_equivalent_050,0.0,512
CLIMB unsup (canon-ctrl),symmetry_equivalent,B,symmetry_equivalent_051,0.0,512
CLIMB unsup (canon-ctrl),symmetry_equivalent,B,symmetry_equivalent_052,0.0,512
CLIMB unsup (canon-ctrl),symmetry_equivalent,B,symmetry_equivalent_053,0.0,512
CLIMB unsup (canon-ctrl),symmetry_equivalent,B,symmetry_equivalent_054,0.0,512
CLIMB unsup (canon-ctrl),symmetry_equivalent,B,symmetry_equivalent_055,0.0,512
CLIMB unsup (canon-ctrl),symmetry_equivalent,B,symmetry_equivalent_056,0.0,512
CLIMB unsup (canon-ctrl),symmetry_equivalent,B,symmetry_equivalent_057,0.0,512
CLIMB unsup (canon-ctrl),symmetry_equivalent,B,symmetry_equivalent_058,0.0,512
CLIMB unsup (canon-ctrl),symmetry_equivalent,B,symmetry_equivalent_059,0.0,512
CLIMB unsup (canon-ctrl),symmetry_equivalent,B,symmetry_equivalent_060,0.0,512
CLIMB unsup (canon-ctrl),symmetry_equivalent,B,symmetry_equivalent_061,0.0,512
CLIMB unsup (canon-ctrl),symmetry_equivalent,B,symmetry_equivalent_062,0.0,512
CLIMB unsup (canon-ctrl),symmetry_equivalent,B,symmetry_equivalent_063,0.0,512
CLIMB unsup (canon-ctrl),symmetry_equivalent,B,symmetry_equivalent_064,0.0,512
CLIMB unsup (canon-ctrl),symmetry_equivalent,B,symmetry_equivalent_065,0.0,512
CLIMB unsup (canon-ctrl),symmetry_equivalent,B,symmetry_equivalent_066,0.0,512
CLIMB unsup (canon-ctrl),symmetry_equivalent,B,symmetry_equivalent_067,0.0,512
CLIMB unsup (canon-ctrl),symmetry_equivalent,B,symmetry_equivalent_068,0.0,512
CLIMB unsup (canon-ctrl),symmetry_equivalent,B,symmetry_equivalent_069,0.0,512
CLIMB unsup (canon-ctrl),symmetry_equivalent,B,symmetry_equivalent_070,0.0,512
CLIMB unsup (canon-ctrl),symmetry_equivalent,B,symmetry_equivalent_071,0.0,512
CLIMB unsup (canon-ctrl),symmetry_equivalent,B,symmetry_equivalent_072,0.0,512
CLIMB unsup (canon-ctrl),symmetry_equivalent,B,symmetry_equivalent_073,0.0,512
CLIMB unsup (canon-ctrl),symmetry_equivalent,B,symmetry_equivalent_074,0.0,512
CLIMB unsup (canon-ctrl),symmetry_equivalent,B,symmetry_equivalent_075,0.0,512
CLIMB unsup (canon-ctrl),symmetry_equivalent,B,symmetry_equivalent_076,0.0,512
CLIMB unsup (canon-ctrl),symmetry_equivalent,B,symmetry_equivalent_077,0.0,512
CLIMB unsup (canon-ctrl),symmetry_equivalent,B,symmetry_equivalent_078,0.0,512
CLIMB unsup (canon-ctrl),symmetry_equivalent,B,symmetry_equivalent_079,0.0,512
CLIMB unsup (canon-ctrl),symmetry_equivalent,B,symmetry_equivalent_080,0.0,512
CLIMB unsup (canon-ctrl),symmetry_equivalent,B,symmetry_equivalent_081,0.0,512
CLIMB unsup (canon-ctrl),symmetry_equivalent,B,symmetry_equivalent_082,0.0,512
CLIMB unsup (canon-ctrl),symmetry_equivalent,B,symmetry_equivalent_083,0.0,512
CLIMB unsup (canon-ctrl),symmetry_equivalent,B,symmetry_equivalent_084,0.0,512
CLIMB unsup (canon-ctrl),symmetry_equivalent,B,symmetry_equivalent_085,0.0,512
CLIMB unsup (canon-ctrl),symmetry_equivalent,B,symmetry_equivalent_086,0.0,512
CLIMB unsup (canon-ctrl),symmetry_equivalent,B,symmetry_equivalent_087,0.0,512
CLIMB unsup (canon-ctrl),symmetry_equivalent,B,symmetry_equivalent_088,0.0,512
CLIMB unsup (canon-ctrl),symmetry_equivalent,B,symmetry_equivalent_089,0.0,512
CLIMB unsup (canon-ctrl),symmetry_equivalent,B,symmetry_equivalent_090,0.0,512
CLIMB unsup (canon-ctrl),symmetry_equivalent,B,symmetry_equivalent_091,0.0,512
CLIMB unsup (canon-ctrl),symmetry_equivalent,B,symmetry_equivalent_092,0.0,512
CLIMB unsup (canon-ctrl),symmetry_equivalent,B,symmetry_equivalent_093,0.0,512
CLIMB unsup (canon-ctrl),symmetry_equivalent,B,symmetry_equivalent_094,0.0,512
CLIMB unsup (canon-ctrl),symmetry_equivalent,B,symmetry_equivalent_095,0.0,512
CLIMB unsup (canon-ctrl),symmetry_equivalent,B,symmetry_equivalent_096,0.0,512
CLIMB unsup (canon-ctrl),symmetry_equivalent,B,symmetry_equivalent_097,0.0,512
CLIMB unsup (canon-ctrl),symmetry_equivalent,B,symmetry_equivalent_098,0.0,512
CLIMB unsup (canon-ctrl),symmetry_equivalent,B,symmetry_equivalent_099,0.0,512
random encoder,stereo_flip,A,stereo_flip_000,0.15554298217962595,512
random encoder,stereo_flip,A,stereo_flip_001,0.13091739912188852,512
random encoder,stereo_flip,A,stereo_flip_002,0.12689546841607832,512
random encoder,stereo_flip,A,stereo_flip_003,0.1756548417110168,512
random encoder,stereo_flip,A,stereo_flip_004,0.20118031972102676,512
random encoder,stereo_flip,A,stereo_flip_005,0.15860182308560364,512
random encoder,stereo_flip,A,stereo_flip_006,0.14212348845551148,512
random encoder,stereo_flip,A,stereo_flip_007,0.09258079399336872,512
random encoder,stereo_flip,A,stereo_flip_008,0.13077330611434163,512
random encoder,stereo_flip,A,stereo_flip_009,0.1398904230511655,512
random encoder,stereo_flip,A,stereo_flip_010,0.1129624891492839,512
random encoder,stereo_flip,A,stereo_flip_011,0.2616683072356843,512
random encoder,stereo_flip,A,stereo_flip_012,0.12302606168605261,512
random encoder,stereo_flip,A,stereo_flip_013,0.196202489375153,512
random encoder,stereo_flip,A,stereo_flip_014,0.09271098566595007,512
random encoder,stereo_flip,A,stereo_flip_015,0.16504192397874554,512
random encoder,stereo_flip,A,stereo_flip_016,0.14731909311409727,512
random encoder,stereo_flip,A,stereo_flip_017,0.13091957624253578,512
random encoder,stereo_flip,A,stereo_flip_018,0.20132806623284116,512
random encoder,stereo_flip,A,stereo_flip_019,0.2575966718540408,512
random encoder,stereo_flip,A,stereo_flip_020,0.14212656367641707,512
random encoder,stereo_flip,A,stereo_flip_021,0.17529163984025783,512
random encoder,stereo_flip,A,stereo_flip_022,0.15267535369192622,512
random encoder,stereo_flip,A,stereo_flip_023,0.17935338708571122,512
random encoder,stereo_flip,A,stereo_flip_024,0.2581395993126308,512
random encoder,stereo_flip,A,stereo_flip_025,0.19623953727891466,512
random encoder,stereo_flip,A,stereo_flip_026,0.155079611768334,512
random encoder,stereo_flip,A,stereo_flip_027,0.1114409615991487,512
random encoder,stereo_flip,A,stereo_flip_028,0.13523912732074417,512
random encoder,stereo_flip,A,stereo_flip_029,0.19168143896632067,512
random encoder,stereo_flip,A,stereo_flip_030,0.11107654594323195,512
random encoder,stereo_flip,A,stereo_flip_031,0.11774957539689108,512
random encoder,stereo_flip,A,stereo_flip_032,0.17190830841293506,512
random encoder,stereo_flip,A,stereo_flip_033,0.21372244850706237,512
random encoder,stereo_flip,A,stereo_flip_034,0.15276917926661027,512
random encoder,stereo_flip,A,stereo_flip_035,0.14993990514664363,512
random encoder,stereo_flip,A,stereo_flip_036,0.11927575203357008,512
random encoder,stereo_flip,A,stereo_flip_037,0.13086958930362222,512
random encoder,stereo_flip,A,stereo_flip_038,0.13305298379885186,512
random encoder,stereo_flip,A,stereo_flip_039,0.13303917673490856,512
random encoder,stereo_flip,A,stereo_flip_040,0.10995706928205222,512
random encoder,stereo_flip,A,stereo_flip_041,0.15296578702856073,512
random encoder,stereo_flip,A,stereo_flip_042,0.5981105736229966,512
random encoder,stereo_flip,A,stereo_flip_043,0.13735101991340637,512
random encoder,stereo_flip,A,stereo_flip_044,0.12309632302139803,512
random encoder,stereo_flip,A,stereo_flip_045,0.11299363112841196,512
random encoder,stereo_flip,A,stereo_flip_046,0.08330841468104362,512
random encoder,stereo_flip,A,stereo_flip_047,0.30527818291311953,512
random encoder,stereo_flip,A,stereo_flip_048,0.15274611697347987,512
random encoder,stereo_flip,A,stereo_flip_049,0.13296288200486744,512
random encoder,stereo_flip,A,stereo_flip_050,0.2171344218853664,512
random encoder,stereo_flip,A,stereo_flip_051,0.13527206193446414,512
random encoder,stereo_flip,A,stereo_flip_052,0.30922907107029785,512
random encoder,stereo_flip,A,stereo_flip_053,0.21342664074968484,512
random encoder,stereo_flip,A,stereo_flip_054,0.17185091368079944,512
random encoder,stereo_flip,A,stereo_flip_055,0.07887532912131476,512
random encoder,stereo_flip,A,stereo_flip_056,0.09819377887365807,512
random encoder,stereo_flip,A,stereo_flip_057,0.1650981468985649,512
random encoder,stereo_flip,A,stereo_flip_058,0.32983954497678153,512
random encoder,stereo_flip,A,stereo_flip_059,0.20623687068273244,512
random encoder,stereo_flip,A,stereo_flip_060,0.20111511291290182,512
random encoder,stereo_flip,A,stereo_flip_061,0.20143132737889152,512
random encoder,stereo_flip,A,stereo_flip_062,0.08865761652291577,512
random encoder,stereo_flip,A,stereo_flip_063,0.20637316770270434,512
random encoder,stereo_flip,A,stereo_flip_064,0.13974579291604916,512
random encoder,stereo_flip,A,stereo_flip_065,0.11294318356808304,512
random encoder,stereo_flip,A,stereo_flip_066,0.18742186878303185,512
random encoder,stereo_flip,A,stereo_flip_067,0.1648966288990014,512
random encoder,stereo_flip,A,stereo_flip_068,0.17179043677365924,512
random encoder,stereo_flip,A,stereo_flip_069,0.15555630723090733,512
random encoder,stereo_flip,A,stereo_flip_070,0.18329619241434245,512
random encoder,stereo_flip,A,stereo_flip_071,0.10309249507353661,512
random encoder,stereo_flip,A,stereo_flip_072,0.16492999768922464,512
random encoder,stereo_flip,A,stereo_flip_073,0.13077237240634462,512
random encoder,stereo_flip,A,stereo_flip_074,0.1754076192237981,512
random encoder,stereo_flip,A,stereo_flip_075,0.1832579876191242,512
random encoder,stereo_flip,A,stereo_flip_076,0.12496307347729957,512
random encoder,stereo_flip,A,stereo_flip_077,0.1375251439694279,512
random encoder,stereo_flip,A,stereo_flip_078,0.19187546850630424,512
random encoder,stereo_flip,A,stereo_flip_079,0.17559041749671145,512
random encoder,stereo_flip,A,stereo_flip_080,0.17175115265767688,512
random encoder,stereo_flip,A,stereo_flip_081,0.11935660915034793,512
random encoder,stereo_flip,A,stereo_flip_082,0.10190540731558273,512
random encoder,stereo_flip,A,stereo_flip_083,0.09476885186025674,512
random encoder,stereo_flip,A,stereo_flip_084,0.29484643048521814,512
random encoder,stereo_flip,A,stereo_flip_085,0.14457361334826838,512
random encoder,stereo_flip,A,stereo_flip_086,0.24282730863668092,512
random encoder,stereo_flip,A,stereo_flip_087,0.13746302926772502,512
random encoder,stereo_flip,A,stereo_flip_088,0.19177122331374527,512
random encoder,stereo_flip,A,stereo_flip_089,0.20109203952262444,512
random encoder,stereo_flip,A,stereo_flip_090,0.19156963889537618,512
random encoder,stereo_flip,A,stereo_flip_091,0.11276195846888803,512
random encoder,stereo_flip,A,stereo_flip_092,0.1655276947213794,512
random encoder,stereo_flip,A,stereo_flip_093,0.1531099075303272,512
random encoder,stereo_flip,A,stereo_flip_094,0.12317256895577293,512
random encoder,stereo_flip,A,stereo_flip_095,0.1110713259532558,512
random encoder,stereo_flip,A,stereo_flip_096,0.19630315665096884,512
random encoder,stereo_flip,A,stereo_flip_097,0.16901369155098636,512
random encoder,stereo_flip,A,stereo_flip_098,0.16494592213505566,512
random encoder,stereo_flip,A,stereo_flip_099,0.24286164396199308,512
random encoder,ez_flip,A,ez_flip_000,0.24085695344340372,512
random encoder,ez_flip,A,ez_flip_001,0.1690771910543719,512
random encoder,ez_flip,A,ez_flip_002,0.3772142131043228,512
random encoder,ez_flip,A,ez_flip_003,0.11682179198255448,512
random encoder,ez_flip,A,ez_flip_004,0.1983327975776101,512
random encoder,ez_flip,A,ez_flip_005,0.13927314278367872,512
random encoder,ez_flip,A,ez_flip_006,0.18035141857133527,512
random encoder,ez_flip,A,ez_flip_007,0.20890350598040003,512
random encoder,ez_flip,A,ez_flip_008,0.16560433284123696,512
random encoder,ez_flip,A,ez_flip_009,0.22038659934696328,512
random encoder,ez_flip,A,ez_flip_010,0.16171295300550603,512
random encoder,ez_flip,A,ez_flip_011,0.2737803150557366,512
random encoder,ez_flip,A,ez_flip_012,0.11192062066031272,512
random encoder,ez_flip,A,ez_flip_013,0.11321433789939532,512
random encoder,ez_flip,A,ez_flip_014,0.15567778644008667,512
random encoder,ez_flip,A,ez_flip_015,0.15288874026396906,512
random encoder,ez_flip,A,ez_flip_016,0.1935766465373063,512
random encoder,ez_flip,A,ez_flip_017,0.08243879847694544,512
random encoder,ez_flip,A,ez_flip_018,0.12804983396815164,512
random encoder,ez_flip,A,ez_flip_019,0.11652018664885287,512
random encoder,ez_flip,A,ez_flip_020,0.17274382927591855,512
random encoder,ez_flip,A,ez_flip_021,0.2268318530420539,512
random encoder,ez_flip,A,ez_flip_022,0.1891231451511179,512
random encoder,ez_flip,A,ez_flip_023,0.16543948193681351,512
random encoder,ez_flip,A,ez_flip_024,0.14336067531216543,512
random encoder,ez_flip,A,ez_flip_025,0.1936434563719411,512
random encoder,ez_flip,A,ez_flip_026,0.2267663204670301,512
random encoder,ez_flip,A,ez_flip_027,0.1655653673358153,512
random encoder,ez_flip,A,ez_flip_028,0.12604344818289306,512
random encoder,ez_flip,A,ez_flip_029,0.20355267115933112,512
random encoder,ez_flip,A,ez_flip_030,0.24027054249809587,512
random encoder,ez_flip,A,ez_flip_031,0.2833445148801991,512
random encoder,ez_flip,A,ez_flip_032,0.18108422658973491,512
random encoder,ez_flip,A,ez_flip_033,0.18928836901024607,512
random encoder,ez_flip,A,ez_flip_034,0.4950134827391086,512
random encoder,ez_flip,A,ez_flip_035,0.189035284788614,512
random encoder,ez_flip,A,ez_flip_036,0.16202290292484256,512
random encoder,ez_flip,A,ez_flip_037,0.12607898499126224,512
random encoder,ez_flip,A,ez_flip_038,0.14194557708600655,512
random encoder,ez_flip,A,ez_flip_039,0.4408015103098284,512
random encoder,ez_flip,A,ez_flip_040,0.09247268096600476,512
random encoder,ez_flip,A,ez_flip_041,0.24046092144646464,512
random encoder,ez_flip,A,ez_flip_042,0.1725894145872711,512
random encoder,ez_flip,A,ez_flip_043,0.20787972836168217,512
random encoder,ez_flip,A,ez_flip_044,0.09800203473930687,512
random encoder,ez_flip,A,ez_flip_045,0.12029355631764505,512
random encoder,ez_flip,A,ez_flip_046,0.14867303179274644,512
random encoder,ez_flip,A,ez_flip_047,0.2089607334948353,512
random encoder,ez_flip,A,ez_flip_048,0.1417705103484073,512
random encoder,ez_flip,A,ez_flip_049,0.14712021327315938,512
random encoder,ez_flip,A,ez_flip_050,0.2645430011327129,512
random encoder,ez_flip,A,ez_flip_051,0.10168030495195554,512
random encoder,ez_flip,A,ez_flip_052,0.14980170459628026,512
random encoder,ez_flip,A,ez_flip_053,0.2206179476070809,512
random encoder,ez_flip,A,ez_flip_054,0.1809260210118763,512
random encoder,ez_flip,A,ez_flip_055,0.16884220062206184,512
random encoder,ez_flip,A,ez_flip_056,0.1556174209975632,512
random encoder,ez_flip,A,ez_flip_057,0.16898953481339685,512
random encoder,ez_flip,A,ez_flip_058,0.11255041060819308,512
random encoder,ez_flip,A,ez_flip_059,0.6077822602541266,512
random encoder,ez_flip,A,ez_flip_060,0.16216737370142364,512
random encoder,ez_flip,A,ez_flip_061,0.16629592875945542,512
random encoder,ez_flip,A,ez_flip_062,0.26824425147590947,512
random encoder,ez_flip,A,ez_flip_063,0.1499389635054195,512
random encoder,ez_flip,A,ez_flip_064,0.11186588561753814,512
random encoder,ez_flip,A,ez_flip_065,0.1301242026891525,512
random encoder,ez_flip,A,ez_flip_066,0.1498263052575029,512
random encoder,ez_flip,A,ez_flip_067,0.1302538882862359,512
random encoder,ez_flip,A,ez_flip_068,0.6106018840765506,512
random encoder,ez_flip,A,ez_flip_069,0.12393414701176739,512
random encoder,ez_flip,A,ez_flip_070,0.16625646875832112,512
random encoder,ez_flip,A,ez_flip_071,0.14181461894103736,512
random encoder,ez_flip,A,ez_flip_072,0.1497751724343476,512
random encoder,ez_flip,A,ez_flip_073,0.158792851660935,512
random encoder,ez_flip,A,ez_flip_074,0.19850947414854203,512
random encoder,ez_flip,A,ez_flip_075,0.18889198980867003,512
random encoder,ez_flip,A,ez_flip_076,0.1497992607864583,512
random encoder,ez_flip,A,ez_flip_077,0.20918495587892963,512
random encoder,ez_flip,A,ez_flip_078,0.1369566033992922,512
random encoder,ez_flip,A,ez_flip_079,0.1201178850274275,512
random encoder,ez_flip,A,ez_flip_080,0.14097800252787718,512
random encoder,ez_flip,A,ez_flip_081,0.1444615173412636,512
random encoder,ez_flip,A,ez_flip_082,0.14975700464347397,512
random encoder,ez_flip,A,ez_flip_083,0.31753485677709253,512
random encoder,ez_flip,A,ez_flip_084,0.17642882107293778,512
random encoder,ez_flip,A,ez_flip_085,0.2269062812628739,512
random encoder,ez_flip,A,ez_flip_086,0.18922954734409014,512
random encoder,ez_flip,A,ez_flip_087,0.12409356140336794,512
random encoder,ez_flip,A,ez_flip_088,0.1689965608512893,512
random encoder,ez_flip,A,ez_flip_089,0.5540338797430903,512
random encoder,ez_flip,A,ez_flip_090,0.4956976907925278,512
random encoder,ez_flip,A,ez_flip_091,0.20409820296572143,512
random encoder,ez_flip,A,ez_flip_092,0.1528651096068429,512
random encoder,ez_flip,A,ez_flip_093,0.18032217492003771,512
random encoder,ez_flip,A,ez_flip_094,0.721175268685009,512
random encoder,ez_flip,A,ez_flip_095,0.18492799554297218,512
random encoder,ez_flip,A,ez_flip_096,0.22055505619821805,512
random encoder,ez_flip,A,ez_flip_097,0.3654559924906216,512
random encoder,ez_flip,A,ez_flip_098,0.18033672843975265,512
random encoder,ez_flip,A,ez_flip_099,0.12784498992057636,512
random encoder,c_to_n,A,c_to_n_000,0.42956096486502393,512
random encoder,c_to_n,A,c_to_n_001,0.29515454468618096,512
random encoder,c_to_n,A,c_to_n_002,0.1718198387179576,512
random encoder,c_to_n,A,c_to_n_003,0.13943282417143787,512
random encoder,c_to_n,A,c_to_n_004,0.14207375985608714,512
random encoder,c_to_n,A,c_to_n_005,0.23066058395311415,512
random encoder,c_to_n,A,c_to_n_006,0.223794698311389,512
random encoder,c_to_n,A,c_to_n_007,0.23067867656400873,512
random encoder,c_to_n,A,c_to_n_008,0.12537857953179946,512
random encoder,c_to_n,A,c_to_n_009,0.11742351280716405,512
random encoder,c_to_n,A,c_to_n_010,0.18916024069695628,512
random encoder,c_to_n,A,c_to_n_011,0.11371319647973356,512
random encoder,c_to_n,A,c_to_n_012,0.1942844145177802,512
random encoder,c_to_n,A,c_to_n_013,0.1642991595528856,512
random encoder,c_to_n,A,c_to_n_014,0.21082006564219924,512
random encoder,c_to_n,A,c_to_n_015,0.15727834069912966,512
random encoder,c_to_n,A,c_to_n_016,0.18029865822317398,512
random encoder,c_to_n,A,c_to_n_017,0.21093055094155752,512
random encoder,c_to_n,A,c_to_n_018,0.18929930896135014,512
random encoder,c_to_n,A,c_to_n_019,0.18027776032749113,512
random encoder,c_to_n,A,c_to_n_020,0.14216360445663093,512
random encoder,c_to_n,A,c_to_n_021,0.19980765685903315,512
random encoder,c_to_n,A,c_to_n_022,0.1274944496022284,512
random encoder,c_to_n,A,c_to_n_023,0.223993368105443,512
random encoder,c_to_n,A,c_to_n_024,0.1448276679422012,512
random encoder,c_to_n,A,c_to_n_025,0.08313214164878373,512
random encoder,c_to_n,A,c_to_n_026,0.12745572042264441,512
random encoder,c_to_n,A,c_to_n_027,0.13684075116175326,512
random encoder,c_to_n,A,c_to_n_028,0.10123254877355996,512
random encoder,c_to_n,A,c_to_n_029,0.10550995078206078,512
random encoder,c_to_n,A,c_to_n_030,0.1607160433220634,512
random encoder,c_to_n,A,c_to_n_031,0.17202863461845977,512
random encoder,c_to_n,A,c_to_n_032,0.3518265761412252,512
random encoder,c_to_n,A,c_to_n_033,0.23854097467006363,512
random encoder,c_to_n,A,c_to_n_034,0.2844102386915953,512
random encoder,c_to_n,A,c_to_n_035,0.15731544948776993,512
random encoder,c_to_n,A,c_to_n_036,0.16421370809815922,512
random encoder,c_to_n,A,c_to_n_037,0.18938615361532282,512
random encoder,c_to_n,A,c_to_n_038,0.1103838299864565,512
random encoder,c_to_n,A,c_to_n_039,0.14485747911389818,512
random encoder,c_to_n,A,c_to_n_040,0.6149403505726584,512
random encoder,c_to_n,A,c_to_n_041,0.18013623736581394,512
random encoder,c_to_n,A,c_to_n_042,0.25478830310334927,512
random encoder,c_to_n,A,c_to_n_043,0.1320293970043606,512
random encoder,c_to_n,A,c_to_n_044,0.12751797971864426,512
random encoder,c_to_n,A,c_to_n_045,0.16065298980923098,512
random encoder,c_to_n,A,c_to_n_046,0.17586454565951445,512
random encoder,c_to_n,A,c_to_n_047,0.19954719563899243,512
random encoder,c_to_n,A,c_to_n_048,0.1892629141322219,512
random encoder,c_to_n,A,c_to_n_049,0.1893353212780782,512
random encoder,c_to_n,A,c_to_n_050,0.08314901976121088,512
random encoder,c_to_n,A,c_to_n_051,0.4615657424962281,512
random encoder,c_to_n,A,c_to_n_052,0.20494111999691822,512
random encoder,c_to_n,A,c_to_n_053,0.12747880465201697,512
random encoder,c_to_n,A,c_to_n_054,0.13936851261904648,512
random encoder,c_to_n,A,c_to_n_055,0.1478728718445675,512
random encoder,c_to_n,A,c_to_n_056,0.1319478339697283,512
random encoder,c_to_n,A,c_to_n_057,0.38758930238015993,512
random encoder,c_to_n,A,c_to_n_058,0.1928172848636684,512
random encoder,c_to_n,A,c_to_n_059,0.1678599839555035,512
random encoder,c_to_n,A,c_to_n_060,0.8946125209842463,512
random encoder,c_to_n,A,c_to_n_061,0.43384141820419664,512
random encoder,c_to_n,A,c_to_n_062,0.4343348342963597,512
random encoder,c_to_n,A,c_to_n_063,0.21746902378840707,512
random encoder,c_to_n,A,c_to_n_064,0.3360649856739844,512
random encoder,c_to_n,A,c_to_n_065,0.21104482432760002,512
random encoder,c_to_n,A,c_to_n_066,0.23096631833592415,512
random encoder,c_to_n,A,c_to_n_067,0.1274035985616416,512
random encoder,c_to_n,A,c_to_n_068,0.19437201062216972,512
random encoder,c_to_n,A,c_to_n_069,0.15721314702110434,512
random encoder,c_to_n,A,c_to_n_070,0.23060354775951739,512
random encoder,c_to_n,A,c_to_n_071,0.2171592762721445,512
random encoder,c_to_n,A,c_to_n_072,0.10710032566568382,512
random encoder,c_to_n,A,c_to_n_073,0.13685116687683024,512
random encoder,c_to_n,A,c_to_n_074,0.13692964393699297,512
random encoder,c_to_n,A,c_to_n_075,0.19433958942394294,512
random encoder,c_to_n,A,c_to_n_076,0.16061634839851074,512
random encoder,c_to_n,A,c_to_n_077,0.18927254126963547,512
random encoder,c_to_n,A,c_to_n_078,0.23106996555913373,512
random encoder,c_to_n,A,c_to_n_079,0.1894601545042997,512
random encoder,c_to_n,A,c_to_n_080,0.17584380527090837,512
random encoder,c_to_n,A,c_to_n_081,0.14210067465079831,512
random encoder,c_to_n,A,c_to_n_082,0.12745637026317733,512
random encoder,c_to_n,A,c_to_n_083,0.12726754664732887,512
random encoder,c_to_n,A,c_to_n_084,0.16413626283772478,512
random encoder,c_to_n,A,c_to_n_085,0.18928429929764398,512
random encoder,c_to_n,A,c_to_n_086,0.1717910459673271,512
random encoder,c_to_n,A,c_to_n_087,0.46150437108397263,512
random encoder,c_to_n,A,c_to_n_088,0.1507316236387394,512
random encoder,c_to_n,A,c_to_n_089,0.14494217790854735,512
random encoder,c_to_n,A,c_to_n_090,0.09994492832296979,512
random encoder,c_to_n,A,c_to_n_091,0.6706885639328811,512
random encoder,c_to_n,A,c_to_n_092,0.2053612649479699,512
random encoder,c_to_n,A,c_to_n_093,0.32146067650907073,512
random encoder,c_to_n,A,c_to_n_094,0.1211523898016483,512
random encoder,c_to_n,A,c_to_n_095,0.17182232532708033,512
random encoder,c_to_n,A,c_to_n_096,0.10130041523651481,512
random encoder,c_to_n,A,c_to_n_097,0.7032219553640714,512
random encoder,c_to_n,A,c_to_n_098,0.7601011199090787,512
random encoder,c_to_n,A,c_to_n_099,0.3508401326980798,512
random encoder,add_methyl,A,add_methyl_000,0.4069802340594893,512
random encoder,add_methyl,A,add_methyl_001,0.3613891086738318,512
random encoder,add_methyl,A,add_methyl_002,0.41274113887613956,512
random encoder,add_methyl,A,add_methyl_003,0.09054564090407027,512
random encoder,add_methyl,A,add_methyl_004,0.14584214917695254,512
random encoder,add_methyl,A,add_methyl_005,0.9930569719606429,512
random encoder,add_methyl,A,add_methyl_006,0.2660012666671048,512
random encoder,add_methyl,A,add_methyl_007,0.16881931759329222,512
random encoder,add_methyl,A,add_methyl_008,0.32938044305483827,512
random encoder,add_methyl,A,add_methyl_009,0.47476887008457364,512
random encoder,add_methyl,A,add_methyl_010,0.23134489849806605,512
random encoder,add_methyl,A,add_methyl_011,0.47593860606600547,512
random encoder,add_methyl,A,add_methyl_012,0.5662831305553071,512
random encoder,add_methyl,A,add_methyl_013,0.11422967477496458,512
random encoder,add_methyl,A,add_methyl_014,0.25578996403294435,512
random encoder,add_methyl,A,add_methyl_015,0.48923318928198345,512
random encoder,add_methyl,A,add_methyl_016,0.1202708518797736,512
random encoder,add_methyl,A,add_methyl_017,0.5832477157673149,512
random encoder,add_methyl,A,add_methyl_018,0.45629098502423876,512
random encoder,add_methyl,A,add_methyl_019,0.5356027085529025,512
random encoder,add_methyl,A,add_methyl_020,0.3323807295201256,512
random encoder,add_methyl,A,add_methyl_021,0.47348728707390114,512
random encoder,add_methyl,A,add_methyl_022,0.5485891978981351,512
random encoder,add_methyl,A,add_methyl_023,0.13467194893772172,512
random encoder,add_methyl,A,add_methyl_024,0.539332227585089,512
random encoder,add_methyl,A,add_methyl_025,0.4129035589342377,512
random encoder,add_methyl,A,add_methyl_026,0.556382058244161,512
random encoder,add_methyl,A,add_methyl_027,0.2246919178140468,512
random encoder,add_methyl,A,add_methyl_028,0.06811941580786675,512
random encoder,add_methyl,A,add_methyl_029,0.2224735112514429,512
random encoder,add_methyl,A,add_methyl_030,0.4727271632049522,512
random encoder,add_methyl,A,add_methyl_031,0.17454985499360784,512
random encoder,add_methyl,A,add_methyl_032,1.0839086074141655,512
random encoder,add_methyl,A,add_methyl_033,0.23932233351812193,512
random encoder,add_methyl,A,add_methyl_034,0.5105785916046226,512
random encoder,add_methyl,A,add_methyl_035,0.16372860816269325,512
random encoder,add_methyl,A,add_methyl_036,0.11704877513221586,512
random encoder,add_methyl,A,add_methyl_037,0.13411649209616103,512
random encoder,add_methyl,A,add_methyl_038,0.07666231919450808,512
random encoder,add_methyl,A,add_methyl_039,0.2638482300031891,512
random encoder,add_methyl,A,add_methyl_040,0.4322449762309239,512
random encoder,add_methyl,A,add_methyl_041,0.2050046726383579,512
random encoder,add_methyl,A,add_methyl_042,0.7212249366149274,512
random encoder,add_methyl,A,add_methyl_043,0.20782152367392648,512
random encoder,add_methyl,A,add_methyl_044,0.09358107873521675,512
random encoder,add_methyl,A,add_methyl_045,0.1691222325324756,512
random encoder,add_methyl,A,add_methyl_046,0.7226815807863008,512
random encoder,add_methyl,A,add_methyl_047,0.4694479118743427,512
random encoder,add_methyl,A,add_methyl_048,0.1336584569033337,512
random encoder,add_methyl,A,add_methyl_049,0.5287997790256311,512
random encoder,add_methyl,A,add_methyl_050,0.44789528376533266,512
random encoder,add_methyl,A,add_methyl_051,0.48215385697638913,512
random encoder,add_methyl,A,add_methyl_052,0.2527114006843262,512
random encoder,add_methyl,A,add_methyl_053,0.2713880547629106,512
random encoder,add_methyl,A,add_methyl_054,0.09934350524615483,512
random encoder,add_methyl,A,add_methyl_055,0.09226509697345447,512
random encoder,add_methyl,A,add_methyl_056,0.08682172239276337,512
random encoder,add_methyl,A,add_methyl_057,0.9869109880197641,512
random encoder,add_methyl,A,add_methyl_058,0.18445623099664712,512
random encoder,add_methyl,A,add_methyl_059,0.23378091075072532,512
random encoder,add_methyl,A,add_methyl_060,0.2257781033088026,512
random encoder,add_methyl,A,add_methyl_061,0.3131102971947334,512
random encoder,add_methyl,A,add_methyl_062,0.5644341938189594,512
random encoder,add_methyl,A,add_methyl_063,0.21312754049999022,512
random encoder,add_methyl,A,add_methyl_064,0.24252553657315254,512
random encoder,add_methyl,A,add_methyl_065,0.5767867260934579,512
random encoder,add_methyl,A,add_methyl_066,0.8968258870853151,512
random encoder,add_methyl,A,add_methyl_067,0.12511715740767995,512
random encoder,add_methyl,A,add_methyl_068,0.3463559296298982,512
random encoder,add_methyl,A,add_methyl_069,0.10225720032694559,512
random encoder,add_methyl,A,add_methyl_070,0.28252392538597637,512
random encoder,add_methyl,A,add_methyl_071,0.5696660293135477,512
random encoder,add_methyl,A,add_methyl_072,0.25145144631120303,512
random encoder,add_methyl,A,add_methyl_073,0.09906314802523403,512
random encoder,add_methyl,A,add_methyl_074,0.6687752806941569,512
random encoder,add_methyl,A,add_methyl_075,0.21786721431940198,512
random encoder,add_methyl,A,add_methyl_076,0.3807127504324098,512
random encoder,add_methyl,A,add_methyl_077,0.36091094812546504,512
random encoder,add_methyl,A,add_methyl_078,0.15362379919164448,512
random encoder,add_methyl,A,add_methyl_079,0.5749075178361625,512
random encoder,add_methyl,A,add_methyl_080,0.6655203636538626,512
random encoder,add_methyl,A,add_methyl_081,0.08657410567879305,512
random encoder,add_methyl,A,add_methyl_082,0.3779341610773274,512
random encoder,add_methyl,A,add_methyl_083,0.5844931188412631,512
random encoder,add_methyl,A,add_methyl_084,0.6817083627730826,512
random encoder,add_methyl,A,add_methyl_085,0.5255898343626039,512
random encoder,add_methyl,A,add_methyl_086,0.12461383568434989,512
random encoder,add_methyl,A,add_methyl_087,0.3861452791738136,512
random encoder,add_methyl,A,add_methyl_088,0.14690973676190694,512
random encoder,add_methyl,A,add_methyl_089,0.33974379762007695,512
random encoder,add_methyl,A,add_methyl_090,0.06401139919666524,512
random encoder,add_methyl,A,add_methyl_091,0.4341711251717861,512
random encoder,add_methyl,A,add_methyl_092,0.14199992555371488,512
random encoder,add_methyl,A,add_methyl_093,0.5167988947518393,512
random encoder,add_methyl,A,add_methyl_094,0.07673008169580368,512
random encoder,add_methyl,A,add_methyl_095,0.6464030887141504,512
random encoder,add_methyl,A,add_methyl_096,0.0929249407806719,512
random encoder,add_methyl,A,add_methyl_097,0.2156184826608516,512
random encoder,add_methyl,A,add_methyl_098,0.5067725648331703,512
random encoder,add_methyl,A,add_methyl_099,0.578223144985892,512
random encoder,add_fluorine,A,add_fluorine_000,0.4106106250060481,512
random encoder,add_fluorine,A,add_fluorine_001,0.3919419047668577,512
random encoder,add_fluorine,A,add_fluorine_002,0.13730886660779842,512
random encoder,add_fluorine,A,add_fluorine_003,0.10878404957834463,512
random encoder,add_fluorine,A,add_fluorine_004,0.15078936119861153,512
random encoder,add_fluorine,A,add_fluorine_005,0.2972960853285228,512
random encoder,add_fluorine,A,add_fluorine_006,0.2712340280912901,512
random encoder,add_fluorine,A,add_fluorine_007,0.18933720358862394,512
random encoder,add_fluorine,A,add_fluorine_008,0.09592628867528168,512
random encoder,add_fluorine,A,add_fluorine_009,0.09309256354456143,512
random encoder,add_fluorine,A,add_fluorine_010,0.2606851937280322,512
random encoder,add_fluorine,A,add_fluorine_011,0.13570064380748076,512
random encoder,add_fluorine,A,add_fluorine_012,0.15989273896454542,512
random encoder,add_fluorine,A,add_fluorine_013,0.12958238931174837,512
random encoder,add_fluorine,A,add_fluorine_014,0.2652161238163323,512
random encoder,add_fluorine,A,add_fluorine_015,0.18746593962730376,512
random encoder,add_fluorine,A,add_fluorine_016,0.14610211291432634,512
random encoder,add_fluorine,A,add_fluorine_017,0.173894537064945,512
random encoder,add_fluorine,A,add_fluorine_018,0.2382449608421226,512
random encoder,add_fluorine,A,add_fluorine_019,0.26518642810276505,512
random encoder,add_fluorine,A,add_fluorine_020,0.16733286176288759,512
random encoder,add_fluorine,A,add_fluorine_021,0.1591169834396227,512
random encoder,add_fluorine,A,add_fluorine_022,0.10243703635829501,512
random encoder,add_fluorine,A,add_fluorine_023,0.17526618524442167,512
random encoder,add_fluorine,A,add_fluorine_024,0.10836908428242886,512
random encoder,add_fluorine,A,add_fluorine_025,0.06689907648312697,512
random encoder,add_fluorine,A,add_fluorine_026,0.15168320711521732,512
random encoder,add_fluorine,A,add_fluorine_027,0.16346689159134647,512
random encoder,add_fluorine,A,add_fluorine_028,0.07931136859588749,512
random encoder,add_fluorine,A,add_fluorine_029,0.08280137344814549,512
random encoder,add_fluorine,A,add_fluorine_030,0.47866280612439516,512
random encoder,add_fluorine,A,add_fluorine_031,0.19260531476705126,512
random encoder,add_fluorine,A,add_fluorine_032,0.27694626920714444,512
random encoder,add_fluorine,A,add_fluorine_033,0.2684818245459175,512
random encoder,add_fluorine,A,add_fluorine_034,0.3024981429208991,512
random encoder,add_fluorine,A,add_fluorine_035,0.1681210232093582,512
random encoder,add_fluorine,A,add_fluorine_036,0.13270396358815487,512
random encoder,add_fluorine,A,add_fluorine_037,0.15308251562468653,512
random encoder,add_fluorine,A,add_fluorine_038,0.08908100836064024,512
random encoder,add_fluorine,A,add_fluorine_039,0.11622218044452305,512
random encoder,add_fluorine,A,add_fluorine_040,0.4865324375503656,512
random encoder,add_fluorine,A,add_fluorine_041,0.22053369499738515,512
random encoder,add_fluorine,A,add_fluorine_042,0.20344104327073156,512
random encoder,add_fluorine,A,add_fluorine_043,0.10806208590762263,512
random encoder,add_fluorine,A,add_fluorine_044,0.0991121637151292,512
random encoder,add_fluorine,A,add_fluorine_045,0.17703478913223827,512
random encoder,add_fluorine,A,add_fluorine_046,0.22335659720141945,512
random encoder,add_fluorine,A,add_fluorine_047,0.25110511119680806,512
random encoder,add_fluorine,A,add_fluorine_048,0.15708919303035246,512
random encoder,add_fluorine,A,add_fluorine_049,0.15375789311920104,512
random encoder,add_fluorine,A,add_fluorine_050,0.09704120619225574,512
random encoder,add_fluorine,A,add_fluorine_051,0.5378885869821276,512
random encoder,add_fluorine,A,add_fluorine_052,0.27353996044628043,512
random encoder,add_fluorine,A,add_fluorine_053,0.0999780688505251,512
random encoder,add_fluorine,A,add_fluorine_054,0.11435005051623669,512
random encoder,add_fluorine,A,add_fluorine_055,0.11602770698934625,512
random encoder,add_fluorine,A,add_fluorine_056,0.10490431336307038,512
random encoder,add_fluorine,A,add_fluorine_057,1.0056271308504334,512
random encoder,add_fluorine,A,add_fluorine_058,0.1806873055857069,512
random encoder,add_fluorine,A,add_fluorine_059,0.25753188104678904,512
random encoder,add_fluorine,A,add_fluorine_060,0.24928026717986657,512
random encoder,add_fluorine,A,add_fluorine_061,0.35161473870247983,512
random encoder,add_fluorine,A,add_fluorine_062,0.34173648404428,512
random encoder,add_fluorine,A,add_fluorine_063,0.2281059461787644,512
random encoder,add_fluorine,A,add_fluorine_064,0.2645404784268859,512
random encoder,add_fluorine,A,add_fluorine_065,0.17285040712805802,512
random encoder,add_fluorine,A,add_fluorine_066,0.18324594141387182,512
random encoder,add_fluorine,A,add_fluorine_067,0.15136814618760844,512
random encoder,add_fluorine,A,add_fluorine_068,0.15574720514630722,512
random encoder,add_fluorine,A,add_fluorine_069,0.12577851017314765,512
random encoder,add_fluorine,A,add_fluorine_070,0.30461975591628104,512
random encoder,add_fluorine,A,add_fluorine_071,0.27546512986838945,512
random encoder,add_fluorine,A,add_fluorine_072,0.12189899821302035,512
random encoder,add_fluorine,A,add_fluorine_073,0.10944388595799429,512
random encoder,add_fluorine,A,add_fluorine_074,0.1560507275867174,512
random encoder,add_fluorine,A,add_fluorine_075,0.23721009494948037,512
random encoder,add_fluorine,A,add_fluorine_076,0.18392326898989647,512
random encoder,add_fluorine,A,add_fluorine_077,0.3761241000589307,512
random encoder,add_fluorine,A,add_fluorine_078,0.18095715990849448,512
random encoder,add_fluorine,A,add_fluorine_079,0.19540200859535697,512
random encoder,add_fluorine,A,add_fluorine_080,0.22237627433214593,512
random encoder,add_fluorine,A,add_fluorine_081,0.11009427377647953,512
random encoder,add_fluorine,A,add_fluorine_082,0.10232523361557387,512
random encoder,add_fluorine,A,add_fluorine_083,0.1673718375710549,512
random encoder,add_fluorine,A,add_fluorine_084,0.6835044635048693,512
random encoder,add_fluorine,A,add_fluorine_085,0.2371308841390908,512
random encoder,add_fluorine,A,add_fluorine_086,0.13772650374858816,512
random encoder,add_fluorine,A,add_fluorine_087,0.5178034754540737,512
random encoder,add_fluorine,A,add_fluorine_088,0.17775973861896882,512
random encoder,add_fluorine,A,add_fluorine_089,0.35010381883122704,512
random encoder,add_fluorine,A,add_fluorine_090,0.07991763339302144,512
random encoder,add_fluorine,A,add_fluorine_091,0.5078627940645077,512
random encoder,add_fluorine,A,add_fluorine_092,0.16492665564576378,512
random encoder,add_fluorine,A,add_fluorine_093,0.3474893363531906,512
random encoder,add_fluorine,A,add_fluorine_094,0.09657492873086207,512
random encoder,add_fluorine,A,add_fluorine_095,0.21691478732331226,512
random encoder,add_fluorine,A,add_fluorine_096,0.11844183124048678,512
random encoder,add_fluorine,A,add_fluorine_097,0.24261592673849916,512
random encoder,add_fluorine,A,add_fluorine_098,0.7068775032263871,512
random encoder,add_fluorine,A,add_fluorine_099,0.622946997318061,512
random encoder,isotope_13c,A,isotope_13c_000,0.5923385990360452,512
random encoder,isotope_13c,A,isotope_13c_001,0.40828198253303294,512
random encoder,isotope_13c,A,isotope_13c_002,1.7797545559462289,512
random encoder,isotope_13c,A,isotope_13c_003,0.3296732297231229,512
random encoder,isotope_13c,A,isotope_13c_004,0.26473786626555107,512
random encoder,isotope_13c,A,isotope_13c_005,0.505692619679181,512
random encoder,isotope_13c,A,isotope_13c_006,0.5207025510891545,512
random encoder,isotope_13c,A,isotope_13c_007,0.46810364995226733,512
random encoder,isotope_13c,A,isotope_13c_008,0.3221719848761187,512
random encoder,isotope_13c,A,isotope_13c_009,0.26083642623736786,512
random encoder,isotope_13c,A,isotope_13c_010,0.2669937334986843,512
random encoder,isotope_13c,A,isotope_13c_011,0.4181668074731359,512
random encoder,isotope_13c,A,isotope_13c_012,0.1964875674650389,512
random encoder,isotope_13c,A,isotope_13c_013,0.47781667692187285,512
random encoder,isotope_13c,A,isotope_13c_014,0.33776163922362473,512
random encoder,isotope_13c,A,isotope_13c_015,0.30141584371886426,512
random encoder,isotope_13c,A,isotope_13c_016,0.4375934270920386,512
random encoder,isotope_13c,A,isotope_13c_017,0.6953662454051602,512
random encoder,isotope_13c,A,isotope_13c_018,0.3562996233672892,512
random encoder,isotope_13c,A,isotope_13c_019,0.3265721313391445,512
random encoder,isotope_13c,A,isotope_13c_020,0.38483809710757216,512
random encoder,isotope_13c,A,isotope_13c_021,0.727863391851198,512
random encoder,isotope_13c,A,isotope_13c_022,0.5138019434149894,512
random encoder,isotope_13c,A,isotope_13c_023,0.3699092392782412,512
random encoder,isotope_13c,A,isotope_13c_024,0.3741179115531285,512
random encoder,isotope_13c,A,isotope_13c_025,0.42677667218167203,512
random encoder,isotope_13c,A,isotope_13c_026,0.7284904828541162,512
random encoder,isotope_13c,A,isotope_13c_027,0.27009657895673045,512
random encoder,isotope_13c,A,isotope_13c_028,0.6176929363939836,512
random encoder,isotope_13c,A,isotope_13c_029,0.36176291079783635,512
random encoder,isotope_13c,A,isotope_13c_030,0.5208822019369316,512
random encoder,isotope_13c,A,isotope_13c_031,0.48607054672438316,512
random encoder,isotope_13c,A,isotope_13c_032,0.5605468126024314,512
random encoder,isotope_13c,A,isotope_13c_033,0.22186803669973185,512
random encoder,isotope_13c,A,isotope_13c_034,0.3894189473952012,512
random encoder,isotope_13c,A,isotope_13c_035,0.2382841174361252,512
random encoder,isotope_13c,A,isotope_13c_036,0.7167253678101528,512
random encoder,isotope_13c,A,isotope_13c_037,0.6360284177354236,512
random encoder,isotope_13c,A,isotope_13c_038,0.6936825765629834,512
random encoder,isotope_13c,A,isotope_13c_039,0.42431445728586537,512
random encoder,isotope_13c,A,isotope_13c_040,0.5852701008756065,512
random encoder,isotope_13c,A,isotope_13c_041,0.331964168170294,512
random encoder,isotope_13c,A,isotope_13c_042,0.3105704033444047,512
random encoder,isotope_13c,A,isotope_13c_043,0.2531475645153924,512
random encoder,isotope_13c,A,isotope_13c_044,0.22685039372481586,512
random encoder,isotope_13c,A,isotope_13c_045,0.3283994392267727,512
random encoder,isotope_13c,A,isotope_13c_046,1.1485422664091391,512
random encoder,isotope_13c,A,isotope_13c_047,0.348317426196563,512
random encoder,isotope_13c,A,isotope_13c_048,0.5088256309079162,512
random encoder,isotope_13c,A,isotope_13c_049,0.23084110526884763,512
random encoder,isotope_13c,A,isotope_13c_050,0.26615431111657195,512
random encoder,isotope_13c,A,isotope_13c_051,0.6645414221879452,512
random encoder,isotope_13c,A,isotope_13c_052,0.6917798689242358,512
random encoder,isotope_13c,A,isotope_13c_053,0.38299474744983275,512
random encoder,isotope_13c,A,isotope_13c_054,0.3862584801341728,512
random encoder,isotope_13c,A,isotope_13c_055,0.430755312559384,512
random encoder,isotope_13c,A,isotope_13c_056,0.18968383467491837,512
random encoder,isotope_13c,A,isotope_13c_057,1.129744580020711,512
random encoder,isotope_13c,A,isotope_13c_058,0.416422885808738,512
random encoder,isotope_13c,A,isotope_13c_059,0.2934088716429321,512
random encoder,isotope_13c,A,isotope_13c_060,0.2797319038053711,512
random encoder,isotope_13c,A,isotope_13c_061,0.6951479831058515,512
random encoder,isotope_13c,A,isotope_13c_062,0.6279038207751084,512
random encoder,isotope_13c,A,isotope_13c_063,0.5820314954247164,512
random encoder,isotope_13c,A,isotope_13c_064,0.6940286478948071,512
random encoder,isotope_13c,A,isotope_13c_065,0.5918396033735968,512
random encoder,isotope_13c,A,isotope_13c_066,0.6022665886495412,512
random encoder,isotope_13c,A,isotope_13c_067,0.8608831575262469,512
random encoder,isotope_13c,A,isotope_13c_068,2.039148130573864,512
random encoder,isotope_13c,A,isotope_13c_069,0.9078860452717058,512
random encoder,isotope_13c,A,isotope_13c_070,0.379833325928025,512
random encoder,isotope_13c,A,isotope_13c_071,0.7819424904681889,512
random encoder,isotope_13c,A,isotope_13c_072,0.4125563939140689,512
random encoder,isotope_13c,A,isotope_13c_073,0.41567143361028147,512
random encoder,isotope_13c,A,isotope_13c_074,0.5330668430512003,512
random encoder,isotope_13c,A,isotope_13c_075,0.5103881371190805,512
random encoder,isotope_13c,A,isotope_13c_076,0.4084160779779543,512
random encoder,isotope_13c,A,isotope_13c_077,0.3336253262325081,512
random encoder,isotope_13c,A,isotope_13c_078,0.6776823181572326,512
random encoder,isotope_13c,A,isotope_13c_079,0.4609171136164659,512
random encoder,isotope_13c,A,isotope_13c_080,0.36998250055186005,512
random encoder,isotope_13c,A,isotope_13c_081,0.23232123414598724,512
random encoder,isotope_13c,A,isotope_13c_082,0.27762816229594606,512
random encoder,isotope_13c,A,isotope_13c_083,0.6719216359072877,512
random encoder,isotope_13c,A,isotope_13c_084,0.39747246642240536,512
random encoder,isotope_13c,A,isotope_13c_085,0.32453324588498483,512
random encoder,isotope_13c,A,isotope_13c_086,1.3878599661520619,512
random encoder,isotope_13c,A,isotope_13c_087,0.8789444034822262,512
random encoder,isotope_13c,A,isotope_13c_088,0.42254318422535736,512
random encoder,isotope_13c,A,isotope_13c_089,0.4295682476323326,512
random encoder,isotope_13c,A,isotope_13c_090,0.7154625937359298,512
random encoder,isotope_13c,A,isotope_13c_091,0.5496252508964127,512
random encoder,isotope_13c,A,isotope_13c_092,0.3178006486717207,512
random encoder,isotope_13c,A,isotope_13c_093,0.22256570262058692,512
random encoder,isotope_13c,A,isotope_13c_094,0.3238260507600113,512
random encoder,isotope_13c,A,isotope_13c_095,0.32876861974589333,512
random encoder,isotope_13c,A,isotope_13c_096,0.6124332333398551,512
random encoder,isotope_13c,A,isotope_13c_097,1.0227403053931532,512
random encoder,isotope_13c,A,isotope_13c_098,0.31090710982443626,512
random encoder,isotope_13c,A,isotope_13c_099,0.4852826215774874,512
random encoder,ring_size,A,ring_size_000,0.3637656051258741,512
random encoder,ring_size,A,ring_size_001,0.20384902612794897,512
random encoder,ring_size,A,ring_size_002,0.14404017846890893,512
random encoder,ring_size,A,ring_size_003,0.21988466132109366,512
random encoder,ring_size,A,ring_size_004,0.12292662893541288,512
random encoder,ring_size,A,ring_size_005,0.1347452230506282,512
random encoder,ring_size,A,ring_size_006,0.157724002148067,512
random encoder,ring_size,A,ring_size_007,0.4654104293699044,512
random encoder,ring_size,A,ring_size_008,0.296813141807371,512
random encoder,ring_size,A,ring_size_009,0.1415473350341809,512
random encoder,ring_size,A,ring_size_010,0.225763617696321,512
random encoder,ring_size,A,ring_size_011,0.27857244106901097,512
random encoder,ring_size,A,ring_size_012,0.1266148633641934,512
random encoder,ring_size,A,ring_size_013,0.14924290884879216,512
random encoder,ring_size,A,ring_size_014,0.2037658520263432,512
random encoder,ring_size,A,ring_size_015,0.1636691027726361,512
random encoder,ring_size,A,ring_size_016,0.28820363718197767,512
random encoder,ring_size,A,ring_size_017,0.16366609100448817,512
random encoder,ring_size,A,ring_size_018,0.3637815612841566,512
random encoder,ring_size,A,ring_size_019,0.33453441518565286,512
random encoder,ring_size,A,ring_size_020,0.18545428516173657,512
random encoder,ring_size,A,ring_size_021,0.14898713778548106,512
random encoder,ring_size,A,ring_size_022,0.3637593866229242,512
random encoder,ring_size,A,ring_size_023,0.30993606114938416,512
random encoder,ring_size,A,ring_size_024,0.1943477101216542,512
random encoder,ring_size,A,ring_size_025,0.16075492668044286,512
random encoder,ring_size,A,ring_size_026,0.27868566023539876,512
random encoder,ring_size,A,ring_size_027,0.16390393952383603,512
random encoder,ring_size,A,ring_size_028,0.2140644831451351,512
random encoder,ring_size,A,ring_size_029,0.16719874245062946,512
random encoder,ring_size,A,ring_size_030,0.37953896875530235,512
random encoder,ring_size,A,ring_size_031,0.2035434184588909,512
random encoder,ring_size,A,ring_size_032,0.1490356349475385,512
random encoder,ring_size,A,ring_size_033,0.13474783599654205,512
random encoder,ring_size,A,ring_size_034,0.16717490700849913,512
random encoder,ring_size,A,ring_size_035,0.13694620917598377,512
random encoder,ring_size,A,ring_size_036,0.21403356324696124,512
random encoder,ring_size,A,ring_size_037,0.1607086781048007,512
random encoder,ring_size,A,ring_size_038,0.1369596639997587,512
random encoder,ring_size,A,ring_size_039,0.17796468877619745,512
random encoder,ring_size,A,ring_size_040,0.26132086858005066,512
random encoder,ring_size,A,ring_size_041,0.14399488246487563,512
random encoder,ring_size,A,ring_size_042,0.3485817397529877,512
random encoder,ring_size,A,ring_size_043,0.14896352499936466,512
random encoder,ring_size,A,ring_size_044,0.25341427823703444,512
random encoder,ring_size,A,ring_size_045,0.26115814339712734,512
random encoder,ring_size,A,ring_size_046,0.2197832583114464,512
random encoder,ring_size,A,ring_size_047,0.17783333494653175,512
random encoder,ring_size,A,ring_size_048,0.11763892237612598,512
random encoder,ring_size,A,ring_size_049,0.17788234263462066,512
random encoder,ring_size,A,ring_size_050,0.23855130721665593,512
random encoder,ring_size,A,ring_size_051,0.1305048783500439,512
random encoder,ring_size,A,ring_size_052,0.20877352981627637,512
random encoder,ring_size,A,ring_size_053,0.25802101710547953,512
random encoder,ring_size,A,ring_size_054,0.17758383042945727,512
random encoder,ring_size,A,ring_size_055,0.16383303778490832,512
random encoder,ring_size,A,ring_size_056,0.1778563992457333,512
random encoder,ring_size,A,ring_size_057,0.4657001245653638,512
random encoder,ring_size,A,ring_size_058,0.13682589559835168,512
random encoder,ring_size,A,ring_size_059,0.1466435208815158,512
random encoder,ring_size,A,ring_size_060,0.6443148558125885,512
random encoder,ring_size,A,ring_size_061,0.2613451818735731,512
random encoder,ring_size,A,ring_size_062,0.36367979583362914,512
random encoder,ring_size,A,ring_size_063,0.21417400043790255,512
random encoder,ring_size,A,ring_size_064,0.1228575246551414,512
random encoder,ring_size,A,ring_size_065,0.3098164225757785,512
random encoder,ring_size,A,ring_size_066,0.15773729835682795,512
random encoder,ring_size,A,ring_size_067,0.16381388878854702,512
random encoder,ring_size,A,ring_size_068,0.2034226914050035,512
random encoder,ring_size,A,ring_size_069,2.092147827937844,512
random encoder,ring_size,A,ring_size_070,1.0473643493236797,512
random encoder,ring_size,A,ring_size_071,0.18143331088645845,512
random encoder,ring_size,A,ring_size_072,0.17034862958670707,512
random encoder,ring_size,A,ring_size_073,0.1575403518151262,512
random encoder,ring_size,A,ring_size_074,0.09377056660998179,512
random encoder,ring_size,A,ring_size_075,0.19893275114186315,512
random encoder,ring_size,A,ring_size_076,0.16708273483496247,512
random encoder,ring_size,A,ring_size_077,0.17404018481691205,512
random encoder,ring_size,A,ring_size_078,0.15772088899683548,512
random encoder,ring_size,A,ring_size_079,0.11444689814506377,512
random encoder,ring_size,A,ring_size_080,0.2790356050371892,512
random encoder,ring_size,A,ring_size_081,0.23195625402712816,512
random encoder,ring_size,A,ring_size_082,0.30980565273001176,512
random encoder,ring_size,A,ring_size_083,0.4644232621758592,512
random encoder,ring_size,A,ring_size_084,0.16714131028254334,512
random encoder,ring_size,A,ring_size_085,0.22009846390047352,512
random encoder,ring_size,A,ring_size_086,0.1739853141375058,512
random encoder,ring_size,A,ring_size_087,0.15752136394263405,512
random encoder,ring_size,A,ring_size_088,0.16071513089416317,512
random encoder,ring_size,A,ring_size_089,0.14652413253655336,512
random encoder,ring_size,A,ring_size_090,0.36384749452664805,512
random encoder,ring_size,A,ring_size_091,0.15191010446531156,512
random encoder,ring_size,A,ring_size_092,0.1605378720832751,512
random encoder,ring_size,A,ring_size_093,0.29855751470733644,512
random encoder,ring_size,A,ring_size_094,0.18169051591376081,512
random encoder,ring_size,A,ring_size_095,0.18167350198729987,512
random encoder,ring_size,A,ring_size_096,0.3487226411614835,512
random encoder,ring_size,A,ring_size_097,0.2255378259983244,512
random encoder,ring_size,A,ring_size_098,0.23875648804257424,512
random encoder,ring_size,A,ring_size_099,0.16383232062008904,512
random encoder,regioisomer,A,regioisomer_000,0.8316074558774714,512
random encoder,regioisomer,A,regioisomer_001,0.815627658619922,512
random encoder,regioisomer,A,regioisomer_002,0.8242692563513185,512
random encoder,regioisomer,A,regioisomer_003,0.48410271397569415,512
random encoder,regioisomer,A,regioisomer_004,0.6524252776000332,512
random encoder,regioisomer,A,regioisomer_005,0.8145479932444178,512
random encoder,regioisomer,A,regioisomer_006,0.6642080623904627,512
random encoder,regioisomer,A,regioisomer_007,0.3207279061262635,512
random encoder,regioisomer,A,regioisomer_008,0.3569473199029078,512
random encoder,regioisomer,A,regioisomer_009,0.7093873972989951,512
random encoder,regioisomer,A,regioisomer_010,0.6570412203932744,512
random encoder,regioisomer,A,regioisomer_011,0.6791652681371427,512
random encoder,regioisomer,A,regioisomer_012,0.5793036298732464,512
random encoder,regioisomer,A,regioisomer_013,0.8287995997267741,512
random encoder,regioisomer,A,regioisomer_014,0.8085812264149748,512
random encoder,regioisomer,A,regioisomer_015,0.5050837844273097,512
random encoder,regioisomer,A,regioisomer_016,0.8258059299765327,512
random encoder,regioisomer,A,regioisomer_017,0.8186075434915594,512
random encoder,regioisomer,A,regioisomer_018,0.8177771027306628,512
random encoder,regioisomer,A,regioisomer_019,0.4869960393500165,512
random encoder,regioisomer,A,regioisomer_020,0.5276092175683263,512
random encoder,regioisomer,A,regioisomer_021,0.8224047923863045,512
random encoder,regioisomer,A,regioisomer_022,0.8014322464606299,512
random encoder,regioisomer,A,regioisomer_023,0.46527690603801203,512
random encoder,regioisomer,A,regioisomer_024,0.4658788408611877,512
random encoder,regioisomer,A,regioisomer_025,0.8117545007227538,512
random encoder,regioisomer,A,regioisomer_026,0.4647164004120628,512
random encoder,regioisomer,A,regioisomer_027,0.6303749749014365,512
random encoder,regioisomer,A,regioisomer_028,0.47047074578989456,512
random encoder,regioisomer,A,regioisomer_029,0.8189566238653597,512
random encoder,regioisomer,A,regioisomer_030,0.8260774421666203,512
random encoder,regioisomer,A,regioisomer_031,0.8159888394036786,512
random encoder,regioisomer,A,regioisomer_032,0.8199373432039292,512
random encoder,regioisomer,A,regioisomer_033,0.5813500832882047,512
random encoder,regioisomer,A,regioisomer_034,0.8149776793129428,512
random encoder,regioisomer,A,regioisomer_035,0.4712178770099453,512
random encoder,regioisomer,A,regioisomer_036,0.8305526856310499,512
random encoder,regioisomer,A,regioisomer_037,0.6613184100637104,512
random encoder,regioisomer,A,regioisomer_038,0.46894856069847757,512
random encoder,regioisomer,A,regioisomer_039,0.4992780972679666,512
random encoder,regioisomer,A,regioisomer_040,0.46037376554174453,512
random encoder,regioisomer,A,regioisomer_041,0.6606363589749559,512
random encoder,regioisomer,A,regioisomer_042,0.8212303566487676,512
random encoder,regioisomer,A,regioisomer_043,0.6754909354076633,512
random encoder,regioisomer,A,regioisomer_044,0.8174602024227674,512
random encoder,regioisomer,A,regioisomer_045,0.564317195736034,512
random encoder,regioisomer,A,regioisomer_046,0.4656837587785824,512
random encoder,regioisomer,A,regioisomer_047,0.8299660989650524,512
random encoder,regioisomer,A,regioisomer_048,0.8148173434308452,512
random encoder,regioisomer,A,regioisomer_049,0.46888977778071167,512
random encoder,regioisomer,A,regioisomer_050,0.4700673731736287,512
random encoder,regioisomer,A,regioisomer_051,0.8177771027306628,512
random encoder,regioisomer,A,regioisomer_052,0.4823037450613515,512
random encoder,regioisomer,A,regioisomer_053,0.5255093831790287,512
random encoder,regioisomer,A,regioisomer_054,0.6633188643038143,512
random encoder,regioisomer,A,regioisomer_055,0.8229056419735107,512
random encoder,regioisomer,A,regioisomer_056,0.6612614228191864,512
random encoder,regioisomer,A,regioisomer_057,0.805142497439946,512
random encoder,regioisomer,A,regioisomer_058,0.8207729728592554,512
random encoder,regioisomer,A,regioisomer_059,0.5457982185133179,512
random encoder,regioisomer,A,regioisomer_060,0.8129697203586501,512
random encoder,regioisomer,A,regioisomer_061,0.4424317745134421,512
random encoder,regioisomer,A,regioisomer_062,0.6716816698809113,512
random encoder,regioisomer,A,regioisomer_063,0.8025699647035787,512
random encoder,regioisomer,A,regioisomer_064,0.8342516002474333,512
random encoder,regioisomer,A,regioisomer_065,0.8243085090758293,512
random encoder,regioisomer,A,regioisomer_066,0.4646285297491183,512
random encoder,regioisomer,A,regioisomer_067,0.5465365920339024,512
random encoder,regioisomer,A,regioisomer_068,0.8157224381002163,512
random encoder,regioisomer,A,regioisomer_069,0.8128606026238471,512
random encoder,regioisomer,A,regioisomer_070,0.8175178479558599,512
random encoder,regioisomer,A,regioisomer_071,0.6707095576303573,512
random encoder,regioisomer,A,regioisomer_072,0.8108000201510578,512
random encoder,regioisomer,A,regioisomer_073,0.5331930201076451,512
random encoder,regioisomer,A,regioisomer_074,0.6672125324704368,512
random encoder,regioisomer,A,regioisomer_075,0.8100587064302084,512
random encoder,regioisomer,A,regioisomer_076,0.6617253542801175,512
random encoder,regioisomer,A,regioisomer_077,0.8388556521030958,512
random encoder,regioisomer,A,regioisomer_078,0.8293112784724235,512
random encoder,regioisomer,A,regioisomer_079,0.4656343330319388,512
random encoder,regioisomer,A,regioisomer_080,0.8252224736259464,512
random encoder,regioisomer,A,regioisomer_081,0.4940175343064517,512
random encoder,regioisomer,A,regioisomer_082,0.8150728982479516,512
random encoder,regioisomer,A,regioisomer_083,0.8196972428760783,512
random encoder,regioisomer,A,regioisomer_084,0.6883358524868423,512
random encoder,regioisomer,A,regioisomer_085,0.8240159537581166,512
random encoder,regioisomer,A,regioisomer_086,0.8071530340336395,512
random encoder,regioisomer,A,regioisomer_087,0.8031971455251886,512
random encoder,regioisomer,A,regioisomer_088,0.8190031202772542,512
random encoder,regioisomer,A,regioisomer_089,0.818649684504361,512
random encoder,regioisomer,A,regioisomer_090,0.813582528700688,512
random encoder,regioisomer,A,regioisomer_091,0.5406591394097647,512
random encoder,regioisomer,A,regioisomer_092,0.6772256770710731,512
random encoder,regioisomer,A,regioisomer_093,0.5774434562008286,512
random encoder,regioisomer,A,regioisomer_094,0.8302426567256541,512
random encoder,regioisomer,A,regioisomer_095,0.4637726106835752,512
random encoder,regioisomer,A,regioisomer_096,0.8299660989650524,512
random encoder,regioisomer,A,regioisomer_097,0.6519019240001873,512
random encoder,regioisomer,A,regioisomer_098,0.47957230572045423,512
random encoder,regioisomer,A,regioisomer_099,0.6656686278852856,512
random encoder,matched_mw,A,matched_mw_000,2.29003614636528,512
random encoder,matched_mw,A,matched_mw_001,3.7999698901315333,512
random encoder,matched_mw,A,matched_mw_002,6.75084899625142,512
random encoder,matched_mw,A,matched_mw_003,4.106043958221,512
random encoder,matched_mw,A,matched_mw_004,4.139441384698233,512
random encoder,matched_mw,A,matched_mw_005,5.165266014528219,512
random encoder,matched_mw,A,matched_mw_006,3.763529760257384,512
random encoder,matched_mw,A,matched_mw_007,4.795708777305547,512
random encoder,matched_mw,A,matched_mw_008,3.6257354696677977,512
random encoder,matched_mw,A,matched_mw_009,6.451111348816163,512
random encoder,matched_mw,A,matched_mw_010,6.162914587521705,512
random encoder,matched_mw,A,matched_mw_011,6.33221948107111,512
random encoder,matched_mw,A,matched_mw_012,3.7412903519273666,512
random encoder,matched_mw,A,matched_mw_013,3.5781717895801086,512
random encoder,matched_mw,A,matched_mw_014,2.678526146368569,512
random encoder,matched_mw,A,matched_mw_015,6.807777994992344,512
random encoder,matched_mw,A,matched_mw_016,1.7333965847535175,512
random encoder,matched_mw,A,matched_mw_017,6.1688885267565325,512
random encoder,matched_mw,A,matched_mw_018,8.068523215140303,512
random encoder,matched_mw,A,matched_mw_019,3.1433251876988906,512
random encoder,matched_mw,A,matched_mw_020,6.462814885054328,512
random encoder,matched_mw,A,matched_mw_021,1.3135273242685737,512
random encoder,matched_mw,A,matched_mw_022,1.144454502043986,512
random encoder,matched_mw,A,matched_mw_023,2.480611773087161,512
random encoder,matched_mw,A,matched_mw_024,3.4195884439613367,512
random encoder,matched_mw,A,matched_mw_025,2.6293375753044432,512
random encoder,matched_mw,A,matched_mw_026,5.9916464697937935,512
random encoder,matched_mw,A,matched_mw_027,1.835775192451293,512
random encoder,matched_mw,A,matched_mw_028,2.8542867650588173,512
random encoder,matched_mw,A,matched_mw_029,6.7879352179239625,512
random encoder,matched_mw,A,matched_mw_030,6.384652460851509,512
random encoder,matched_mw,A,matched_mw_031,3.450170375553487,512
random encoder,matched_mw,A,matched_mw_032,3.5910623312195002,512
random encoder,matched_mw,A,matched_mw_033,2.883344761258611,512
random encoder,matched_mw,A,matched_mw_034,2.764356522581701,512
random encoder,matched_mw,A,matched_mw_035,1.5229559608454633,512
random encoder,matched_mw,A,matched_mw_036,1.8836795475778108,512
random encoder,matched_mw,A,matched_mw_037,3.7161426126253194,512
random encoder,matched_mw,A,matched_mw_038,2.1969629087859164,512
random encoder,matched_mw,A,matched_mw_039,3.469751703948809,512
random encoder,matched_mw,A,matched_mw_040,5.22259494535004,512
random encoder,matched_mw,A,matched_mw_041,4.736892009457795,512
random encoder,matched_mw,A,matched_mw_042,2.3247993070223374,512
random encoder,matched_mw,A,matched_mw_043,2.506622423090884,512
random encoder,matched_mw,A,matched_mw_044,2.1966477763577097,512
random encoder,matched_mw,A,matched_mw_045,2.8352776957272203,512
random encoder,matched_mw,A,matched_mw_046,1.971416457133227,512
random encoder,matched_mw,A,matched_mw_047,2.43035835559661,512
random encoder,matched_mw,A,matched_mw_048,2.649718571288525,512
random encoder,matched_mw,A,matched_mw_049,2.471510598742557,512
random encoder,matched_mw,A,matched_mw_050,2.8801506633600478,512
random encoder,matched_mw,A,matched_mw_051,2.507803637104719,512
random encoder,matched_mw,A,matched_mw_052,3.5293878327115236,512
random encoder,matched_mw,A,matched_mw_053,3.6568251639947187,512
random encoder,matched_mw,A,matched_mw_054,2.34608590933462,512
random encoder,matched_mw,A,matched_mw_055,1.9493387695531748,512
random encoder,matched_mw,A,matched_mw_056,2.2185027286807886,512
random encoder,matched_mw,A,matched_mw_057,2.631209337912023,512
random encoder,matched_mw,A,matched_mw_058,0.9800550962351251,512
random encoder,matched_mw,A,matched_mw_059,0.891758395582546,512
random encoder,matched_mw,A,matched_mw_060,2.096243045541578,512
random encoder,matched_mw,A,matched_mw_061,3.6375375875946894,512
random encoder,matched_mw,A,matched_mw_062,0.9467656655936144,512
random encoder,matched_mw,A,matched_mw_063,3.559483041978315,512
random encoder,matched_mw,A,matched_mw_064,1.152165986243605,512
random encoder,matched_mw,A,matched_mw_065,1.218933384986036,512
random encoder,matched_mw,A,matched_mw_066,1.136859984656228,512
random encoder,matched_mw,A,matched_mw_067,1.6465350462668573,512
random encoder,matched_mw,A,matched_mw_068,3.3022456132043816,512
random encoder,matched_mw,A,matched_mw_069,1.6336760465108537,512
random encoder,matched_mw,A,matched_mw_070,6.114424589433047,512
random encoder,matched_mw,A,matched_mw_071,1.8014168686986445,512
random encoder,matched_mw,A,matched_mw_072,2.459766287293818,512
random encoder,matched_mw,A,matched_mw_073,3.993926348870124,512
random encoder,matched_mw,A,matched_mw_074,2.6117402245887646,512
random encoder,matched_mw,A,matched_mw_075,1.0102258717796855,512
random encoder,matched_mw,A,matched_mw_076,3.0617220464524815,512
random encoder,matched_mw,A,matched_mw_077,0.8921558074245334,512
random encoder,matched_mw,A,matched_mw_078,0.7293739153280933,512
random encoder,matched_mw,A,matched_mw_079,1.4055437285000678,512
random encoder,matched_mw,A,matched_mw_080,1.1914654649481766,512
random encoder,matched_mw,A,matched_mw_081,2.6782884973630567,512
random encoder,matched_mw,A,matched_mw_082,1.9806540582929977,512
random encoder,matched_mw,A,matched_mw_083,1.6571284034868772,512
random encoder,matched_mw,A,matched_mw_084,2.983154385275982,512
random encoder,matched_mw,A,matched_mw_085,1.3248426751104447,512
random encoder,matched_mw,A,matched_mw_086,3.8829462891439555,512
random encoder,matched_mw,A,matched_mw_087,4.034198923601539,512
random encoder,matched_mw,A,matched_mw_088,0.6811579721056092,512
random encoder,matched_mw,A,matched_mw_089,1.2917379720842999,512
random encoder,matched_mw,A,matched_mw_090,4.257859948385642,512
random encoder,matched_mw,A,matched_mw_091,4.623711795115757,512
random encoder,matched_mw,A,matched_mw_092,3.0474066129570336,512
random encoder,matched_mw,A,matched_mw_093,3.778114594262995,512
random encoder,matched_mw,A,matched_mw_094,2.6640020617920745,512
random encoder,matched_mw,A,matched_mw_095,4.016359415353928,512
random encoder,matched_mw,A,matched_mw_096,1.1985810168704394,512
random encoder,matched_mw,A,matched_mw_097,0.5450570351210936,512
random encoder,matched_mw,A,matched_mw_098,1.363640284602134,512
random encoder,matched_mw,A,matched_mw_099,2.092547116143102,512
random encoder,matched_descriptors,A,matched_descriptors_000,0.9528276002892354,512
random encoder,matched_descriptors,A,matched_descriptors_001,0.47218719794082753,512
random encoder,matched_descriptors,A,matched_descriptors_002,0.9589307916329758,512
random encoder,matched_descriptors,A,matched_descriptors_003,0.6474301067474693,512
random encoder,matched_descriptors,A,matched_descriptors_004,0.36461869411563175,512
random encoder,matched_descriptors,A,matched_descriptors_005,0.5620124346410567,512
random encoder,matched_descriptors,A,matched_descriptors_006,0.8715201648751209,512
random encoder,matched_descriptors,A,matched_descriptors_007,1.258034176082962,512
random encoder,matched_descriptors,A,matched_descriptors_008,0.6946439222852854,512
random encoder,matched_descriptors,A,matched_descriptors_009,0.6282787036009819,512
random encoder,matched_descriptors,A,matched_descriptors_010,0.8772363689887326,512
random encoder,matched_descriptors,A,matched_descriptors_011,0.9448655093005814,512
random encoder,matched_descriptors,A,matched_descriptors_012,1.1658882483968955,512
random encoder,matched_descriptors,A,matched_descriptors_013,0.5428379770821405,512
random encoder,matched_descriptors,A,matched_descriptors_014,1.1083719913640975,512
random encoder,matched_descriptors,A,matched_descriptors_015,0.6709998728417513,512
random encoder,matched_descriptors,A,matched_descriptors_016,0.5505305228203768,512
random encoder,matched_descriptors,A,matched_descriptors_017,0.7270159414498285,512
random encoder,matched_descriptors,A,matched_descriptors_018,0.5982376614168059,512
random encoder,matched_descriptors,A,matched_descriptors_019,2.2947237088028714,512
random encoder,matched_descriptors,A,matched_descriptors_020,0.5924595846968862,512
random encoder,matched_descriptors,A,matched_descriptors_021,0.5519509162502702,512
random encoder,matched_descriptors,A,matched_descriptors_022,0.8058717648594764,512
random encoder,matched_descriptors,A,matched_descriptors_023,0.7767926320712938,512
random encoder,matched_descriptors,A,matched_descriptors_024,0.8771223876669665,512
random encoder,matched_descriptors,A,matched_descriptors_025,0.9132869911477834,512
random encoder,matched_descriptors,A,matched_descriptors_026,0.8305223578122166,512
random encoder,matched_descriptors,A,matched_descriptors_027,0.9357459664032893,512
random encoder,matched_descriptors,A,matched_descriptors_028,0.6784861267186628,512
random encoder,matched_descriptors,A,matched_descriptors_029,0.3442097882550648,512
random encoder,matched_descriptors,A,matched_descriptors_030,0.6769375369812026,512
random encoder,matched_descriptors,A,matched_descriptors_031,0.6198451802434478,512
random encoder,matched_descriptors,A,matched_descriptors_032,0.832463082919577,512
random encoder,matched_descriptors,A,matched_descriptors_033,0.5015486963293867,512
random encoder,matched_descriptors,A,matched_descriptors_034,0.5548712609637323,512
random encoder,matched_descriptors,A,matched_descriptors_035,0.903414314294795,512
random encoder,matched_descriptors,A,matched_descriptors_036,0.7081656868239488,512
random encoder,matched_descriptors,A,matched_descriptors_037,0.5775722000625615,512
random encoder,matched_descriptors,A,matched_descriptors_038,0.5277302366567989,512
random encoder,matched_descriptors,A,matched_descriptors_039,0.6391878697783483,512
random encoder,matched_descriptors,A,matched_descriptors_040,0.6166822311200058,512
random encoder,matched_descriptors,A,matched_descriptors_041,6.696262641075269,512
random encoder,matched_descriptors,A,matched_descriptors_042,0.4117577525926501,512
random encoder,matched_descriptors,A,matched_descriptors_043,6.390268053419311,512
random encoder,matched_descriptors,A,matched_descriptors_044,0.7422513420435458,512
random encoder,matched_descriptors,A,matched_descriptors_045,0.7331526869792607,512
random encoder,matched_descriptors,A,matched_descriptors_046,0.5337524634425007,512
random encoder,matched_descriptors,A,matched_descriptors_047,0.586324373010115,512
random encoder,matched_descriptors,A,matched_descriptors_048,0.5537900822137505,512
random encoder,matched_descriptors,A,matched_descriptors_049,0.5759353846812862,512
random encoder,matched_descriptors,A,matched_descriptors_050,0.6444039701254948,512
random encoder,matched_descriptors,A,matched_descriptors_051,0.7845158460804957,512
random encoder,matched_descriptors,A,matched_descriptors_052,0.837797397322561,512
random encoder,matched_descriptors,A,matched_descriptors_053,1.114907285225342,512
random encoder,matched_descriptors,A,matched_descriptors_054,0.773116906818697,512
random encoder,matched_descriptors,A,matched_descriptors_055,0.7158643685655873,512
random encoder,matched_descriptors,A,matched_descriptors_056,0.8207095750843382,512
random encoder,matched_descriptors,A,matched_descriptors_057,1.370005921426621,512
random encoder,matched_descriptors,A,matched_descriptors_058,0.7747234440212685,512
random encoder,matched_descriptors,A,matched_descriptors_059,0.6765406627956715,512
random encoder,matched_descriptors,A,matched_descriptors_060,1.0289733166303003,512
random encoder,matched_descriptors,A,matched_descriptors_061,1.0419429629740118,512
random encoder,matched_descriptors,A,matched_descriptors_062,0.7770622671993942,512
random encoder,matched_descriptors,A,matched_descriptors_063,0.7131182539256014,512
random encoder,matched_descriptors,A,matched_descriptors_064,1.0630844089506712,512
random encoder,matched_descriptors,A,matched_descriptors_065,1.4027771148593757,512
random encoder,matched_descriptors,A,matched_descriptors_066,0.5100897059719978,512
random encoder,matched_descriptors,A,matched_descriptors_067,0.8145619149616405,512
random encoder,matched_descriptors,A,matched_descriptors_068,0.601702301223693,512
random encoder,matched_descriptors,A,matched_descriptors_069,0.9009977050563699,512
random encoder,matched_descriptors,A,matched_descriptors_070,0.7571014639873974,512
random encoder,matched_descriptors,A,matched_descriptors_071,0.9777974373227387,512
random encoder,matched_descriptors,A,matched_descriptors_072,0.9020050861645046,512
random encoder,matched_descriptors,A,matched_descriptors_073,0.5446375911731712,512
random encoder,matched_descriptors,A,matched_descriptors_074,0.8773529948955419,512
random encoder,matched_descriptors,A,matched_descriptors_075,0.8514153353622483,512
random encoder,matched_descriptors,A,matched_descriptors_076,1.0463133666070268,512
random encoder,matched_descriptors,A,matched_descriptors_077,0.6645644271168057,512
random encoder,matched_descriptors,A,matched_descriptors_078,0.7405035068417899,512
random encoder,matched_descriptors,A,matched_descriptors_079,0.6800545614477392,512
random encoder,matched_descriptors,A,matched_descriptors_080,0.8216050796857499,512
random encoder,matched_descriptors,A,matched_descriptors_081,0.882591855465985,512
random encoder,matched_descriptors,A,matched_descriptors_082,0.6414681658816495,512
random encoder,matched_descriptors,A,matched_descriptors_083,0.63391760612474,512
random encoder,matched_descriptors,A,matched_descriptors_084,1.3255701552833472,512
random encoder,matched_descriptors,A,matched_descriptors_085,0.6217594842805673,512
random encoder,matched_descriptors,A,matched_descriptors_086,1.0934665018346355,512
random encoder,matched_descriptors,A,matched_descriptors_087,0.559544501925764,512
random encoder,matched_descriptors,A,matched_descriptors_088,1.520804355354751,512
random encoder,matched_descriptors,A,matched_descriptors_089,0.9778983748218829,512
random encoder,matched_descriptors,A,matched_descriptors_090,1.1850321924347897,512
random encoder,matched_descriptors,A,matched_descriptors_091,0.6778554241839748,512
random encoder,matched_descriptors,A,matched_descriptors_092,1.1349987219216515,512
random encoder,matched_descriptors,A,matched_descriptors_093,2.77049051155309,512
random encoder,matched_descriptors,A,matched_descriptors_094,0.8198503988430373,512
random encoder,matched_descriptors,A,matched_descriptors_095,0.41855466628794424,512
random encoder,matched_descriptors,A,matched_descriptors_096,0.7181770184247427,512
random encoder,matched_descriptors,A,matched_descriptors_097,0.9166484046753877,512
random encoder,matched_descriptors,A,matched_descriptors_098,0.714669073178597,512
random encoder,matched_descriptors,A,matched_descriptors_099,0.6245775000437525,512
random encoder,smiles_enumeration,B,smiles_enumeration_000,0.5566859042532144,512
random encoder,smiles_enumeration,B,smiles_enumeration_001,1.2362723161347096,512
random encoder,smiles_enumeration,B,smiles_enumeration_002,1.2590181241817535,512
random encoder,smiles_enumeration,B,smiles_enumeration_003,0.38436296929612856,512
random encoder,smiles_enumeration,B,smiles_enumeration_004,0.6345082765419571,512
random encoder,smiles_enumeration,B,smiles_enumeration_005,0.33852677748617077,512
random encoder,smiles_enumeration,B,smiles_enumeration_006,0.7854827408438069,512
random encoder,smiles_enumeration,B,smiles_enumeration_007,0.9596707163509914,512
random encoder,smiles_enumeration,B,smiles_enumeration_008,0.615989300013126,512
random encoder,smiles_enumeration,B,smiles_enumeration_009,0.44637124261894584,512
random encoder,smiles_enumeration,B,smiles_enumeration_010,0.4808147566595641,512
random encoder,smiles_enumeration,B,smiles_enumeration_011,1.1512411605074193,512
random encoder,smiles_enumeration,B,smiles_enumeration_012,0.4989134818383865,512
random encoder,smiles_enumeration,B,smiles_enumeration_013,0.7625160797695054,512
random encoder,smiles_enumeration,B,smiles_enumeration_014,0.9067383546396162,512
random encoder,smiles_enumeration,B,smiles_enumeration_015,0.8688431534546764,512
random encoder,smiles_enumeration,B,smiles_enumeration_016,0.5414841409155586,512
random encoder,smiles_enumeration,B,smiles_enumeration_017,0.5315147632435568,512
random encoder,smiles_enumeration,B,smiles_enumeration_018,0.8359516902310425,512
random encoder,smiles_enumeration,B,smiles_enumeration_019,0.2641189918766835,512
random encoder,smiles_enumeration,B,smiles_enumeration_020,0.5971800328209352,512
random encoder,smiles_enumeration,B,smiles_enumeration_021,0.5527063932309104,512
random encoder,smiles_enumeration,B,smiles_enumeration_022,0.3663980611379504,512
random encoder,smiles_enumeration,B,smiles_enumeration_023,0.6633661713256283,512
random encoder,smiles_enumeration,B,smiles_enumeration_024,0.5292635837653135,512
random encoder,smiles_enumeration,B,smiles_enumeration_025,0.688196310606781,512
random encoder,smiles_enumeration,B,smiles_enumeration_026,0.6464573730668206,512
random encoder,smiles_enumeration,B,smiles_enumeration_027,0.6954688842315729,512
random encoder,smiles_enumeration,B,smiles_enumeration_028,0.535491062624558,512
random encoder,smiles_enumeration,B,smiles_enumeration_029,0.4134601145724833,512
random encoder,smiles_enumeration,B,smiles_enumeration_030,0.5655419340460301,512
random encoder,smiles_enumeration,B,smiles_enumeration_031,0.6195155414653031,512
random encoder,smiles_enumeration,B,smiles_enumeration_032,0.6706895123174929,512
random encoder,smiles_enumeration,B,smiles_enumeration_033,0.39363506303178925,512
random encoder,smiles_enumeration,B,smiles_enumeration_034,0.4930064784612498,512
random encoder,smiles_enumeration,B,smiles_enumeration_035,0.5550002184121875,512
random encoder,smiles_enumeration,B,smiles_enumeration_036,0.5852472056187219,512
random encoder,smiles_enumeration,B,smiles_enumeration_037,0.9230600076824984,512
random encoder,smiles_enumeration,B,smiles_enumeration_038,0.9767851167143288,512
random encoder,smiles_enumeration,B,smiles_enumeration_039,0.8069964215025415,512
random encoder,smiles_enumeration,B,smiles_enumeration_040,0.5692585796439819,512
random encoder,smiles_enumeration,B,smiles_enumeration_041,0.5605009922732676,512
random encoder,smiles_enumeration,B,smiles_enumeration_042,0.540504806626829,512
random encoder,smiles_enumeration,B,smiles_enumeration_043,0.8038768222987005,512
random encoder,smiles_enumeration,B,smiles_enumeration_044,0.5226182808860107,512
random encoder,smiles_enumeration,B,smiles_enumeration_045,0.6323936833320659,512
random encoder,smiles_enumeration,B,smiles_enumeration_046,1.002556872592872,512
random encoder,smiles_enumeration,B,smiles_enumeration_047,0.5166288387493645,512
random encoder,smiles_enumeration,B,smiles_enumeration_048,0.6381913153154812,512
random encoder,smiles_enumeration,B,smiles_enumeration_049,0.49420891113599796,512
random encoder,smiles_enumeration,B,smiles_enumeration_050,0.6000063714393862,512
random encoder,smiles_enumeration,B,smiles_enumeration_051,0.5950118797925273,512
random encoder,smiles_enumeration,B,smiles_enumeration_052,0.4785766218609009,512
random encoder,smiles_enumeration,B,smiles_enumeration_053,0.5580407998263816,512
random encoder,smiles_enumeration,B,smiles_enumeration_054,1.0951159353485718,512
random encoder,smiles_enumeration,B,smiles_enumeration_055,0.8027860595287889,512
random encoder,smiles_enumeration,B,smiles_enumeration_056,0.4202839670491764,512
random encoder,smiles_enumeration,B,smiles_enumeration_057,0.8153411871627174,512
random encoder,smiles_enumeration,B,smiles_enumeration_058,0.9110601170592215,512
random encoder,smiles_enumeration,B,smiles_enumeration_059,0.7573247784472553,512
random encoder,smiles_enumeration,B,smiles_enumeration_060,0.5810489862588737,512
random encoder,smiles_enumeration,B,smiles_enumeration_061,0.635492341489733,512
random encoder,smiles_enumeration,B,smiles_enumeration_062,0.47511803314203577,512
random encoder,smiles_enumeration,B,smiles_enumeration_063,0.737846253182141,512
random encoder,smiles_enumeration,B,smiles_enumeration_064,0.8700485564952956,512
random encoder,smiles_enumeration,B,smiles_enumeration_065,0.6656077642844417,512
random encoder,smiles_enumeration,B,smiles_enumeration_066,0.43681481161598357,512
random encoder,smiles_enumeration,B,smiles_enumeration_067,0.978477471171668,512
random encoder,smiles_enumeration,B,smiles_enumeration_068,2.16910957494983,512
random encoder,smiles_enumeration,B,smiles_enumeration_069,0.5709025740483264,512
random encoder,smiles_enumeration,B,smiles_enumeration_070,0.7200127586414986,512
random encoder,smiles_enumeration,B,smiles_enumeration_071,1.0935683622617187,512
random encoder,smiles_enumeration,B,smiles_enumeration_072,0.5702701568358012,512
random encoder,smiles_enumeration,B,smiles_enumeration_073,1.2898030678141545,512
random encoder,smiles_enumeration,B,smiles_enumeration_074,0.9256856173675163,512
random encoder,smiles_enumeration,B,smiles_enumeration_075,0.5482545926453518,512
random encoder,smiles_enumeration,B,smiles_enumeration_076,0.5523639903273343,512
random encoder,smiles_enumeration,B,smiles_enumeration_077,0.5262405085216575,512
random encoder,smiles_enumeration,B,smiles_enumeration_078,0.5896650381810798,512
random encoder,smiles_enumeration,B,smiles_enumeration_079,0.6791276778694202,512
random encoder,smiles_enumeration,B,smiles_enumeration_080,0.7167435200495669,512
random encoder,smiles_enumeration,B,smiles_enumeration_081,0.4441703878629002,512
random encoder,smiles_enumeration,B,smiles_enumeration_082,0.5785364093169183,512
random encoder,smiles_enumeration,B,smiles_enumeration_083,0.6135089278299821,512
random encoder,smiles_enumeration,B,smiles_enumeration_084,0.48854343940580447,512
random encoder,smiles_enumeration,B,smiles_enumeration_085,0.4848281856910267,512
random encoder,smiles_enumeration,B,smiles_enumeration_086,1.9976283479463446,512
random encoder,smiles_enumeration,B,smiles_enumeration_087,0.32121573882276133,512
random encoder,smiles_enumeration,B,smiles_enumeration_088,0.8418610799677558,512
random encoder,smiles_enumeration,B,smiles_enumeration_089,0.5621137973559773,512
random encoder,smiles_enumeration,B,smiles_enumeration_090,0.7375562028206852,512
random encoder,smiles_enumeration,B,smiles_enumeration_091,0.49655742778255363,512
random encoder,smiles_enumeration,B,smiles_enumeration_092,0.6340693552149088,512
random encoder,smiles_enumeration,B,smiles_enumeration_093,0.6961586224129841,512
random encoder,smiles_enumeration,B,smiles_enumeration_094,0.4759407850966861,512
random encoder,smiles_enumeration,B,smiles_enumeration_095,0.8222248048613384,512
random encoder,smiles_enumeration,B,smiles_enumeration_096,0.256015132720973,512
random encoder,smiles_enumeration,B,smiles_enumeration_097,0.004148847682843901,512
random encoder,smiles_enumeration,B,smiles_enumeration_098,0.7005357819967697,512
random encoder,smiles_enumeration,B,smiles_enumeration_099,0.24948825786255543,512
random encoder,kekule,B,kekule_000,1.6702799828542563,512
random encoder,kekule,B,kekule_001,2.4917690851341634,512
random encoder,kekule,B,kekule_002,1.7996586167613913,512
random encoder,kekule,B,kekule_003,1.5915449954976733,512
random encoder,kekule,B,kekule_004,1.9623508447242208,512
random encoder,kekule,B,kekule_005,2.3567917229848416,512
random encoder,kekule,B,kekule_006,2.2810545074776507,512
random encoder,kekule,B,kekule_007,2.692405218156511,512
random encoder,kekule,B,kekule_008,1.4850335598882967,512
random encoder,kekule,B,kekule_009,0.9060301360745705,512
random encoder,kekule,B,kekule_010,2.623079053332578,512
random encoder,kekule,B,kekule_011,1.0449327060363502,512
random encoder,kekule,B,kekule_012,2.3520396533643795,512
random encoder,kekule,B,kekule_013,1.246741853879108,512
random encoder,kekule,B,kekule_014,2.7152804299862723,512
random encoder,kekule,B,kekule_015,0.7264284814321229,512
random encoder,kekule,B,kekule_016,1.7251379441688846,512
random encoder,kekule,B,kekule_017,2.412864387529361,512
random encoder,kekule,B,kekule_018,2.2794485016024413,512
random encoder,kekule,B,kekule_019,0.7956062500368876,512
random encoder,kekule,B,kekule_020,1.2453499797829508,512
random encoder,kekule,B,kekule_021,1.4810450740193126,512
random encoder,kekule,B,kekule_022,1.5461522744439669,512
random encoder,kekule,B,kekule_023,1.0472719479225345,512
random encoder,kekule,B,kekule_024,1.8668549585847598,512
random encoder,kekule,B,kekule_025,1.474356373376529,512
random encoder,kekule,B,kekule_026,1.6384018386170631,512
random encoder,kekule,B,kekule_027,1.1055012262477006,512
random encoder,kekule,B,kekule_028,1.7860683203866692,512
random encoder,kekule,B,kekule_029,1.4254308424751194,512
random encoder,kekule,B,kekule_030,1.8687476528761562,512
random encoder,kekule,B,kekule_031,1.8021560623294586,512
random encoder,kekule,B,kekule_032,1.5984917186709422,512
random encoder,kekule,B,kekule_033,1.6757342953801,512
random encoder,kekule,B,kekule_034,1.1381277052890677,512
random encoder,kekule,B,kekule_035,1.249624015148795,512
random encoder,kekule,B,kekule_036,1.4032365678808378,512
random encoder,kekule,B,kekule_037,1.861338757844671,512
random encoder,kekule,B,kekule_038,2.2410099272367265,512
random encoder,kekule,B,kekule_039,1.484271098803749,512
random encoder,kekule,B,kekule_040,2.1558112773332168,512
random encoder,kekule,B,kekule_041,2.765843797654566,512
random encoder,kekule,B,kekule_042,2.001109645091257,512
random encoder,kekule,B,kekule_043,1.896757496250234,512
random encoder,kekule,B,kekule_044,2.055266138691426,512
random encoder,kekule,B,kekule_045,1.6296858800364364,512
random encoder,kekule,B,kekule_046,1.4923963221987884,512
random encoder,kekule,B,kekule_047,1.9910004888044082,512
random encoder,kekule,B,kekule_048,2.200962090269893,512
random encoder,kekule,B,kekule_049,2.593681741326474,512
random encoder,kekule,B,kekule_050,2.1331836532121153,512
random encoder,kekule,B,kekule_051,0.534659928220304,512
random encoder,kekule,B,kekule_052,2.087542213913174,512
random encoder,kekule,B,kekule_053,2.5193294853340262,512
random encoder,kekule,B,kekule_054,1.2187705012861116,512
random encoder,kekule,B,kekule_055,2.07097719452081,512
random encoder,kekule,B,kekule_056,0.701460578465064,512
random encoder,kekule,B,kekule_057,1.4512822938282286,512
random encoder,kekule,B,kekule_058,3.541622376865585,512
random encoder,kekule,B,kekule_059,1.1587264602406444,512
random encoder,kekule,B,kekule_060,2.189699855968707,512
random encoder,kekule,B,kekule_061,1.1277982972313803,512
random encoder,kekule,B,kekule_062,3.0288721015359314,512
random encoder,kekule,B,kekule_063,1.983742203261969,512
random encoder,kekule,B,kekule_064,1.3741670505424992,512
random encoder,kekule,B,kekule_065,1.5919262730193842,512
random encoder,kekule,B,kekule_066,1.92516972815965,512
random encoder,kekule,B,kekule_067,1.5811728875702478,512
random encoder,kekule,B,kekule_068,1.5299686788541234,512
random encoder,kekule,B,kekule_069,2.09146504178001,512
random encoder,kekule,B,kekule_070,1.8523509707109391,512
random encoder,kekule,B,kekule_071,2.5590291728931156,512
random encoder,kekule,B,kekule_072,2.499225196504708,512
random encoder,kekule,B,kekule_073,1.876515752037886,512
random encoder,kekule,B,kekule_074,1.917918768373074,512
random encoder,kekule,B,kekule_075,0.6298882777732816,512
random encoder,kekule,B,kekule_076,2.20548749633268,512
random encoder,kekule,B,kekule_077,1.4663041750268995,512
random encoder,kekule,B,kekule_078,2.054516196175466,512
random encoder,kekule,B,kekule_079,1.0685035757162067,512
random encoder,kekule,B,kekule_080,1.6980343324868368,512
random encoder,kekule,B,kekule_081,1.6256719839924378,512
random encoder,kekule,B,kekule_082,1.4703983705522239,512
random encoder,kekule,B,kekule_083,1.7164450159582598,512
random encoder,kekule,B,kekule_084,2.259586793907091,512
random encoder,kekule,B,kekule_085,1.9084882029150478,512
random encoder,kekule,B,kekule_086,2.29738220505731,512
random encoder,kekule,B,kekule_087,1.9336574102601298,512
random encoder,kekule,B,kekule_088,2.0610733262516585,512
random encoder,kekule,B,kekule_089,1.856638560382703,512
random encoder,kekule,B,kekule_090,1.618839324337463,512
random encoder,kekule,B,kekule_091,0.9966206485258123,512
random encoder,kekule,B,kekule_092,2.7859549929031413,512
random encoder,kekule,B,kekule_093,1.3644352150918972,512
random encoder,kekule,B,kekule_094,1.8810270146631385,512
random encoder,kekule,B,kekule_095,1.470336154411212,512
random encoder,kekule,B,kekule_096,1.1197433722488104,512
random encoder,kekule,B,kekule_097,1.810423854093327,512
random encoder,kekule,B,kekule_098,0.4520589822061903,512
random encoder,kekule,B,kekule_099,2.6625251260311185,512
random encoder,symmetry_equivalent,B,symmetry_equivalent_000,0.0,512
random encoder,symmetry_equivalent,B,symmetry_equivalent_001,0.0,512
random encoder,symmetry_equivalent,B,symmetry_equivalent_002,0.0,512
random encoder,symmetry_equivalent,B,symmetry_equivalent_003,0.0,512
random encoder,symmetry_equivalent,B,symmetry_equivalent_004,0.0,512
random encoder,symmetry_equivalent,B,symmetry_equivalent_005,0.0,512
random encoder,symmetry_equivalent,B,symmetry_equivalent_006,0.0,512
random encoder,symmetry_equivalent,B,symmetry_equivalent_007,0.0,512
random encoder,symmetry_equivalent,B,symmetry_equivalent_008,0.0,512
random encoder,symmetry_equivalent,B,symmetry_equivalent_009,0.0,512
random encoder,symmetry_equivalent,B,symmetry_equivalent_010,0.0,512
random encoder,symmetry_equivalent,B,symmetry_equivalent_011,0.0,512
random encoder,symmetry_equivalent,B,symmetry_equivalent_012,0.0,512
random encoder,symmetry_equivalent,B,symmetry_equivalent_013,0.0,512
random encoder,symmetry_equivalent,B,symmetry_equivalent_014,0.0,512
random encoder,symmetry_equivalent,B,symmetry_equivalent_015,0.0,512
random encoder,symmetry_equivalent,B,symmetry_equivalent_016,0.0,512
random encoder,symmetry_equivalent,B,symmetry_equivalent_017,0.0,512
random encoder,symmetry_equivalent,B,symmetry_equivalent_018,0.0,512
random encoder,symmetry_equivalent,B,symmetry_equivalent_019,0.0,512
random encoder,symmetry_equivalent,B,symmetry_equivalent_020,0.0,512
random encoder,symmetry_equivalent,B,symmetry_equivalent_021,0.0,512
random encoder,symmetry_equivalent,B,symmetry_equivalent_022,0.0,512
random encoder,symmetry_equivalent,B,symmetry_equivalent_023,0.0,512
random encoder,symmetry_equivalent,B,symmetry_equivalent_024,0.0,512
random encoder,symmetry_equivalent,B,symmetry_equivalent_025,0.0,512
random encoder,symmetry_equivalent,B,symmetry_equivalent_026,0.0,512
random encoder,symmetry_equivalent,B,symmetry_equivalent_027,0.0,512
random encoder,symmetry_equivalent,B,symmetry_equivalent_028,0.0,512
random encoder,symmetry_equivalent,B,symmetry_equivalent_029,0.0,512
random encoder,symmetry_equivalent,B,symmetry_equivalent_030,0.0,512
random encoder,symmetry_equivalent,B,symmetry_equivalent_031,0.0,512
random encoder,symmetry_equivalent,B,symmetry_equivalent_032,0.0,512
random encoder,symmetry_equivalent,B,symmetry_equivalent_033,0.0,512
random encoder,symmetry_equivalent,B,symmetry_equivalent_034,0.0,512
random encoder,symmetry_equivalent,B,symmetry_equivalent_035,0.0,512
random encoder,symmetry_equivalent,B,symmetry_equivalent_036,0.0,512
random encoder,symmetry_equivalent,B,symmetry_equivalent_037,0.0,512
random encoder,symmetry_equivalent,B,symmetry_equivalent_038,0.0,512
random encoder,symmetry_equivalent,B,symmetry_equivalent_039,0.0,512
random encoder,symmetry_equivalent,B,symmetry_equivalent_040,0.0,512
random encoder,symmetry_equivalent,B,symmetry_equivalent_041,0.0,512
random encoder,symmetry_equivalent,B,symmetry_equivalent_042,0.0,512
random encoder,symmetry_equivalent,B,symmetry_equivalent_043,0.0,512
random encoder,symmetry_equivalent,B,symmetry_equivalent_044,0.0,512
random encoder,symmetry_equivalent,B,symmetry_equivalent_045,0.0,512
random encoder,symmetry_equivalent,B,symmetry_equivalent_046,0.0,512
random encoder,symmetry_equivalent,B,symmetry_equivalent_047,0.0,512
random encoder,symmetry_equivalent,B,symmetry_equivalent_048,0.0,512
random encoder,symmetry_equivalent,B,symmetry_equivalent_049,0.0,512
random encoder,symmetry_equivalent,B,symmetry_equivalent_050,0.0,512
random encoder,symmetry_equivalent,B,symmetry_equivalent_051,0.0,512
random encoder,symmetry_equivalent,B,symmetry_equivalent_052,0.0,512
random encoder,symmetry_equivalent,B,symmetry_equivalent_053,0.0,512
random encoder,symmetry_equivalent,B,symmetry_equivalent_054,0.0,512
random encoder,symmetry_equivalent,B,symmetry_equivalent_055,0.0,512
random encoder,symmetry_equivalent,B,symmetry_equivalent_056,0.0,512
random encoder,symmetry_equivalent,B,symmetry_equivalent_057,0.0,512
random encoder,symmetry_equivalent,B,symmetry_equivalent_058,0.0,512
random encoder,symmetry_equivalent,B,symmetry_equivalent_059,0.0,512
random encoder,symmetry_equivalent,B,symmetry_equivalent_060,0.0,512
random encoder,symmetry_equivalent,B,symmetry_equivalent_061,0.0,512
random encoder,symmetry_equivalent,B,symmetry_equivalent_062,0.0,512
random encoder,symmetry_equivalent,B,symmetry_equivalent_063,0.0,512
random encoder,symmetry_equivalent,B,symmetry_equivalent_064,0.0,512
random encoder,symmetry_equivalent,B,symmetry_equivalent_065,0.0,512
random encoder,symmetry_equivalent,B,symmetry_equivalent_066,0.0,512
random encoder,symmetry_equivalent,B,symmetry_equivalent_067,0.0,512
random encoder,symmetry_equivalent,B,symmetry_equivalent_068,0.0,512
random encoder,symmetry_equivalent,B,symmetry_equivalent_069,0.0,512
random encoder,symmetry_equivalent,B,symmetry_equivalent_070,0.0,512
random encoder,symmetry_equivalent,B,symmetry_equivalent_071,0.0,512
random encoder,symmetry_equivalent,B,symmetry_equivalent_072,0.0,512
random encoder,symmetry_equivalent,B,symmetry_equivalent_073,0.0,512
random encoder,symmetry_equivalent,B,symmetry_equivalent_074,0.0,512
random encoder,symmetry_equivalent,B,symmetry_equivalent_075,0.0,512
random encoder,symmetry_equivalent,B,symmetry_equivalent_076,0.0,512
random encoder,symmetry_equivalent,B,symmetry_equivalent_077,0.0,512
random encoder,symmetry_equivalent,B,symmetry_equivalent_078,0.0,512
random encoder,symmetry_equivalent,B,symmetry_equivalent_079,0.0,512
random encoder,symmetry_equivalent,B,symmetry_equivalent_080,0.0,512
random encoder,symmetry_equivalent,B,symmetry_equivalent_081,0.0,512
random encoder,symmetry_equivalent,B,symmetry_equivalent_082,0.0,512
random encoder,symmetry_equivalent,B,symmetry_equivalent_083,0.0,512
random encoder,symmetry_equivalent,B,symmetry_equivalent_084,0.0,512
random encoder,symmetry_equivalent,B,symmetry_equivalent_085,0.0,512
random encoder,symmetry_equivalent,B,symmetry_equivalent_086,0.0,512
random encoder,symmetry_equivalent,B,symmetry_equivalent_087,0.0,512
random encoder,symmetry_equivalent,B,symmetry_equivalent_088,0.0,512
random encoder,symmetry_equivalent,B,symmetry_equivalent_089,0.0,512
random encoder,symmetry_equivalent,B,symmetry_equivalent_090,0.0,512
random encoder,symmetry_equivalent,B,symmetry_equivalent_091,0.0,512
random encoder,symmetry_equivalent,B,symmetry_equivalent_092,0.0,512
random encoder,symmetry_equivalent,B,symmetry_equivalent_093,0.0,512
random encoder,symmetry_equivalent,B,symmetry_equivalent_094,0.0,512
random encoder,symmetry_equivalent,B,symmetry_equivalent_095,0.0,512
random encoder,symmetry_equivalent,B,symmetry_equivalent_096,0.0,512
random encoder,symmetry_equivalent,B,symmetry_equivalent_097,0.0,512
random encoder,symmetry_equivalent,B,symmetry_equivalent_098,0.0,512
random encoder,symmetry_equivalent,B,symmetry_equivalent_099,0.0,512
ECFP4 stereo-blind,stereo_flip,A,stereo_flip_000,0.0,2027
ECFP4 stereo-blind,stereo_flip,A,stereo_flip_001,0.0,2027
ECFP4 stereo-blind,stereo_flip,A,stereo_flip_002,0.0,2027
ECFP4 stereo-blind,stereo_flip,A,stereo_flip_003,0.0,2027
ECFP4 stereo-blind,stereo_flip,A,stereo_flip_004,0.0,2027
ECFP4 stereo-blind,stereo_flip,A,stereo_flip_005,0.0,2027
ECFP4 stereo-blind,stereo_flip,A,stereo_flip_006,0.0,2027
ECFP4 stereo-blind,stereo_flip,A,stereo_flip_007,0.0,2027
ECFP4 stereo-blind,stereo_flip,A,stereo_flip_008,0.0,2027
ECFP4 stereo-blind,stereo_flip,A,stereo_flip_009,0.0,2027
ECFP4 stereo-blind,stereo_flip,A,stereo_flip_010,0.0,2027
ECFP4 stereo-blind,stereo_flip,A,stereo_flip_011,0.0,2027
ECFP4 stereo-blind,stereo_flip,A,stereo_flip_012,0.0,2027
ECFP4 stereo-blind,stereo_flip,A,stereo_flip_013,0.0,2027
ECFP4 stereo-blind,stereo_flip,A,stereo_flip_014,0.0,2027
ECFP4 stereo-blind,stereo_flip,A,stereo_flip_015,0.0,2027
ECFP4 stereo-blind,stereo_flip,A,stereo_flip_016,0.0,2027
ECFP4 stereo-blind,stereo_flip,A,stereo_flip_017,0.0,2027
ECFP4 stereo-blind,stereo_flip,A,stereo_flip_018,0.0,2027
ECFP4 stereo-blind,stereo_flip,A,stereo_flip_019,0.0,2027
ECFP4 stereo-blind,stereo_flip,A,stereo_flip_020,0.0,2027
ECFP4 stereo-blind,stereo_flip,A,stereo_flip_021,0.0,2027
ECFP4 stereo-blind,stereo_flip,A,stereo_flip_022,0.0,2027
ECFP4 stereo-blind,stereo_flip,A,stereo_flip_023,0.0,2027
ECFP4 stereo-blind,stereo_flip,A,stereo_flip_024,0.0,2027
ECFP4 stereo-blind,stereo_flip,A,stereo_flip_025,0.0,2027
ECFP4 stereo-blind,stereo_flip,A,stereo_flip_026,0.0,2027
ECFP4 stereo-blind,stereo_flip,A,stereo_flip_027,0.0,2027
ECFP4 stereo-blind,stereo_flip,A,stereo_flip_028,0.0,2027
ECFP4 stereo-blind,stereo_flip,A,stereo_flip_029,0.0,2027
ECFP4 stereo-blind,stereo_flip,A,stereo_flip_030,0.0,2027
ECFP4 stereo-blind,stereo_flip,A,stereo_flip_031,0.0,2027
ECFP4 stereo-blind,stereo_flip,A,stereo_flip_032,0.0,2027
ECFP4 stereo-blind,stereo_flip,A,stereo_flip_033,0.0,2027
ECFP4 stereo-blind,stereo_flip,A,stereo_flip_034,0.0,2027
ECFP4 stereo-blind,stereo_flip,A,stereo_flip_035,0.0,2027
ECFP4 stereo-blind,stereo_flip,A,stereo_flip_036,0.0,2027
ECFP4 stereo-blind,stereo_flip,A,stereo_flip_037,0.0,2027
ECFP4 stereo-blind,stereo_flip,A,stereo_flip_038,0.0,2027
ECFP4 stereo-blind,stereo_flip,A,stereo_flip_039,0.0,2027
ECFP4 stereo-blind,stereo_flip,A,stereo_flip_040,0.0,2027
ECFP4 stereo-blind,stereo_flip,A,stereo_flip_041,0.0,2027
ECFP4 stereo-blind,stereo_flip,A,stereo_flip_042,0.0,2027
ECFP4 stereo-blind,stereo_flip,A,stereo_flip_043,0.0,2027
ECFP4 stereo-blind,stereo_flip,A,stereo_flip_044,0.0,2027
ECFP4 stereo-blind,stereo_flip,A,stereo_flip_045,0.0,2027
ECFP4 stereo-blind,stereo_flip,A,stereo_flip_046,0.0,2027
ECFP4 stereo-blind,stereo_flip,A,stereo_flip_047,0.0,2027
ECFP4 stereo-blind,stereo_flip,A,stereo_flip_048,0.0,2027
ECFP4 stereo-blind,stereo_flip,A,stereo_flip_049,0.0,2027
ECFP4 stereo-blind,stereo_flip,A,stereo_flip_050,0.0,2027
ECFP4 stereo-blind,stereo_flip,A,stereo_flip_051,0.0,2027
ECFP4 stereo-blind,stereo_flip,A,stereo_flip_052,0.0,2027
ECFP4 stereo-blind,stereo_flip,A,stereo_flip_053,0.0,2027
ECFP4 stereo-blind,stereo_flip,A,stereo_flip_054,0.0,2027
ECFP4 stereo-blind,stereo_flip,A,stereo_flip_055,0.0,2027
ECFP4 stereo-blind,stereo_flip,A,stereo_flip_056,0.0,2027
ECFP4 stereo-blind,stereo_flip,A,stereo_flip_057,0.0,2027
ECFP4 stereo-blind,stereo_flip,A,stereo_flip_058,0.0,2027
ECFP4 stereo-blind,stereo_flip,A,stereo_flip_059,0.0,2027
ECFP4 stereo-blind,stereo_flip,A,stereo_flip_060,0.0,2027
ECFP4 stereo-blind,stereo_flip,A,stereo_flip_061,0.0,2027
ECFP4 stereo-blind,stereo_flip,A,stereo_flip_062,0.0,2027
ECFP4 stereo-blind,stereo_flip,A,stereo_flip_063,0.0,2027
ECFP4 stereo-blind,stereo_flip,A,stereo_flip_064,0.0,2027
ECFP4 stereo-blind,stereo_flip,A,stereo_flip_065,0.0,2027
ECFP4 stereo-blind,stereo_flip,A,stereo_flip_066,0.0,2027
ECFP4 stereo-blind,stereo_flip,A,stereo_flip_067,0.0,2027
ECFP4 stereo-blind,stereo_flip,A,stereo_flip_068,0.0,2027
ECFP4 stereo-blind,stereo_flip,A,stereo_flip_069,0.0,2027
ECFP4 stereo-blind,stereo_flip,A,stereo_flip_070,0.0,2027
ECFP4 stereo-blind,stereo_flip,A,stereo_flip_071,0.0,2027
ECFP4 stereo-blind,stereo_flip,A,stereo_flip_072,0.0,2027
ECFP4 stereo-blind,stereo_flip,A,stereo_flip_073,0.0,2027
ECFP4 stereo-blind,stereo_flip,A,stereo_flip_074,0.0,2027
ECFP4 stereo-blind,stereo_flip,A,stereo_flip_075,0.0,2027
ECFP4 stereo-blind,stereo_flip,A,stereo_flip_076,0.0,2027
ECFP4 stereo-blind,stereo_flip,A,stereo_flip_077,0.0,2027
ECFP4 stereo-blind,stereo_flip,A,stereo_flip_078,0.0,2027
ECFP4 stereo-blind,stereo_flip,A,stereo_flip_079,0.0,2027
ECFP4 stereo-blind,stereo_flip,A,stereo_flip_080,0.0,2027
ECFP4 stereo-blind,stereo_flip,A,stereo_flip_081,0.0,2027
ECFP4 stereo-blind,stereo_flip,A,stereo_flip_082,0.0,2027
ECFP4 stereo-blind,stereo_flip,A,stereo_flip_083,0.0,2027
ECFP4 stereo-blind,stereo_flip,A,stereo_flip_084,0.0,2027
ECFP4 stereo-blind,stereo_flip,A,stereo_flip_085,0.0,2027
ECFP4 stereo-blind,stereo_flip,A,stereo_flip_086,0.0,2027
ECFP4 stereo-blind,stereo_flip,A,stereo_flip_087,0.0,2027
ECFP4 stereo-blind,stereo_flip,A,stereo_flip_088,0.0,2027
ECFP4 stereo-blind,stereo_flip,A,stereo_flip_089,0.0,2027
ECFP4 stereo-blind,stereo_flip,A,stereo_flip_090,0.0,2027
ECFP4 stereo-blind,stereo_flip,A,stereo_flip_091,0.0,2027
ECFP4 stereo-blind,stereo_flip,A,stereo_flip_092,0.0,2027
ECFP4 stereo-blind,stereo_flip,A,stereo_flip_093,0.0,2027
ECFP4 stereo-blind,stereo_flip,A,stereo_flip_094,0.0,2027
ECFP4 stereo-blind,stereo_flip,A,stereo_flip_095,0.0,2027
ECFP4 stereo-blind,stereo_flip,A,stereo_flip_096,0.0,2027
ECFP4 stereo-blind,stereo_flip,A,stereo_flip_097,0.0,2027
ECFP4 stereo-blind,stereo_flip,A,stereo_flip_098,0.0,2027
ECFP4 stereo-blind,stereo_flip,A,stereo_flip_099,0.0,2027
ECFP4 stereo-blind,ez_flip,A,ez_flip_000,0.0,2027
ECFP4 stereo-blind,ez_flip,A,ez_flip_001,0.0,2027
ECFP4 stereo-blind,ez_flip,A,ez_flip_002,0.0,2027
ECFP4 stereo-blind,ez_flip,A,ez_flip_003,0.0,2027
ECFP4 stereo-blind,ez_flip,A,ez_flip_004,0.0,2027
ECFP4 stereo-blind,ez_flip,A,ez_flip_005,0.0,2027
ECFP4 stereo-blind,ez_flip,A,ez_flip_006,0.0,2027
ECFP4 stereo-blind,ez_flip,A,ez_flip_007,0.0,2027
ECFP4 stereo-blind,ez_flip,A,ez_flip_008,0.0,2027
ECFP4 stereo-blind,ez_flip,A,ez_flip_009,0.0,2027
ECFP4 stereo-blind,ez_flip,A,ez_flip_010,0.0,2027
ECFP4 stereo-blind,ez_flip,A,ez_flip_011,0.0,2027
ECFP4 stereo-blind,ez_flip,A,ez_flip_012,0.0,2027
ECFP4 stereo-blind,ez_flip,A,ez_flip_013,0.0,2027
ECFP4 stereo-blind,ez_flip,A,ez_flip_014,0.0,2027
ECFP4 stereo-blind,ez_flip,A,ez_flip_015,0.0,2027
ECFP4 stereo-blind,ez_flip,A,ez_flip_016,0.0,2027
ECFP4 stereo-blind,ez_flip,A,ez_flip_017,0.0,2027
ECFP4 stereo-blind,ez_flip,A,ez_flip_018,0.0,2027
ECFP4 stereo-blind,ez_flip,A,ez_flip_019,0.0,2027
ECFP4 stereo-blind,ez_flip,A,ez_flip_020,0.0,2027
ECFP4 stereo-blind,ez_flip,A,ez_flip_021,0.0,2027
ECFP4 stereo-blind,ez_flip,A,ez_flip_022,0.0,2027
ECFP4 stereo-blind,ez_flip,A,ez_flip_023,0.0,2027
ECFP4 stereo-blind,ez_flip,A,ez_flip_024,0.0,2027
ECFP4 stereo-blind,ez_flip,A,ez_flip_025,0.0,2027
ECFP4 stereo-blind,ez_flip,A,ez_flip_026,0.0,2027
ECFP4 stereo-blind,ez_flip,A,ez_flip_027,0.0,2027
ECFP4 stereo-blind,ez_flip,A,ez_flip_028,0.0,2027
ECFP4 stereo-blind,ez_flip,A,ez_flip_029,0.0,2027
ECFP4 stereo-blind,ez_flip,A,ez_flip_030,0.0,2027
ECFP4 stereo-blind,ez_flip,A,ez_flip_031,0.0,2027
ECFP4 stereo-blind,ez_flip,A,ez_flip_032,0.0,2027
ECFP4 stereo-blind,ez_flip,A,ez_flip_033,0.0,2027
ECFP4 stereo-blind,ez_flip,A,ez_flip_034,0.0,2027
ECFP4 stereo-blind,ez_flip,A,ez_flip_035,0.0,2027
ECFP4 stereo-blind,ez_flip,A,ez_flip_036,0.0,2027
ECFP4 stereo-blind,ez_flip,A,ez_flip_037,0.0,2027
ECFP4 stereo-blind,ez_flip,A,ez_flip_038,0.0,2027
ECFP4 stereo-blind,ez_flip,A,ez_flip_039,0.0,2027
ECFP4 stereo-blind,ez_flip,A,ez_flip_040,0.0,2027
ECFP4 stereo-blind,ez_flip,A,ez_flip_041,0.0,2027
ECFP4 stereo-blind,ez_flip,A,ez_flip_042,0.0,2027
ECFP4 stereo-blind,ez_flip,A,ez_flip_043,0.0,2027
ECFP4 stereo-blind,ez_flip,A,ez_flip_044,0.0,2027
ECFP4 stereo-blind,ez_flip,A,ez_flip_045,0.0,2027
ECFP4 stereo-blind,ez_flip,A,ez_flip_046,0.0,2027
ECFP4 stereo-blind,ez_flip,A,ez_flip_047,0.0,2027
ECFP4 stereo-blind,ez_flip,A,ez_flip_048,0.0,2027
ECFP4 stereo-blind,ez_flip,A,ez_flip_049,0.0,2027
ECFP4 stereo-blind,ez_flip,A,ez_flip_050,0.0,2027
ECFP4 stereo-blind,ez_flip,A,ez_flip_051,0.0,2027
ECFP4 stereo-blind,ez_flip,A,ez_flip_052,0.0,2027
ECFP4 stereo-blind,ez_flip,A,ez_flip_053,0.0,2027
ECFP4 stereo-blind,ez_flip,A,ez_flip_054,0.0,2027
ECFP4 stereo-blind,ez_flip,A,ez_flip_055,0.0,2027
ECFP4 stereo-blind,ez_flip,A,ez_flip_056,0.0,2027
ECFP4 stereo-blind,ez_flip,A,ez_flip_057,0.0,2027
ECFP4 stereo-blind,ez_flip,A,ez_flip_058,0.0,2027
ECFP4 stereo-blind,ez_flip,A,ez_flip_059,0.0,2027
ECFP4 stereo-blind,ez_flip,A,ez_flip_060,0.0,2027
ECFP4 stereo-blind,ez_flip,A,ez_flip_061,0.0,2027
ECFP4 stereo-blind,ez_flip,A,ez_flip_062,0.0,2027
ECFP4 stereo-blind,ez_flip,A,ez_flip_063,0.0,2027
ECFP4 stereo-blind,ez_flip,A,ez_flip_064,0.0,2027
ECFP4 stereo-blind,ez_flip,A,ez_flip_065,0.0,2027
ECFP4 stereo-blind,ez_flip,A,ez_flip_066,0.0,2027
ECFP4 stereo-blind,ez_flip,A,ez_flip_067,0.0,2027
ECFP4 stereo-blind,ez_flip,A,ez_flip_068,0.0,2027
ECFP4 stereo-blind,ez_flip,A,ez_flip_069,0.0,2027
ECFP4 stereo-blind,ez_flip,A,ez_flip_070,0.0,2027
ECFP4 stereo-blind,ez_flip,A,ez_flip_071,0.0,2027
ECFP4 stereo-blind,ez_flip,A,ez_flip_072,0.0,2027
ECFP4 stereo-blind,ez_flip,A,ez_flip_073,0.0,2027
ECFP4 stereo-blind,ez_flip,A,ez_flip_074,0.0,2027
ECFP4 stereo-blind,ez_flip,A,ez_flip_075,0.0,2027
ECFP4 stereo-blind,ez_flip,A,ez_flip_076,0.0,2027
ECFP4 stereo-blind,ez_flip,A,ez_flip_077,0.0,2027
ECFP4 stereo-blind,ez_flip,A,ez_flip_078,0.0,2027
ECFP4 stereo-blind,ez_flip,A,ez_flip_079,0.0,2027
ECFP4 stereo-blind,ez_flip,A,ez_flip_080,0.0,2027
ECFP4 stereo-blind,ez_flip,A,ez_flip_081,0.0,2027
ECFP4 stereo-blind,ez_flip,A,ez_flip_082,0.0,2027
ECFP4 stereo-blind,ez_flip,A,ez_flip_083,0.0,2027
ECFP4 stereo-blind,ez_flip,A,ez_flip_084,0.0,2027
ECFP4 stereo-blind,ez_flip,A,ez_flip_085,0.0,2027
ECFP4 stereo-blind,ez_flip,A,ez_flip_086,0.0,2027
ECFP4 stereo-blind,ez_flip,A,ez_flip_087,0.0,2027
ECFP4 stereo-blind,ez_flip,A,ez_flip_088,0.0,2027
ECFP4 stereo-blind,ez_flip,A,ez_flip_089,0.0,2027
ECFP4 stereo-blind,ez_flip,A,ez_flip_090,0.0,2027
ECFP4 stereo-blind,ez_flip,A,ez_flip_091,0.0,2027
ECFP4 stereo-blind,ez_flip,A,ez_flip_092,0.0,2027
ECFP4 stereo-blind,ez_flip,A,ez_flip_093,0.0,2027
ECFP4 stereo-blind,ez_flip,A,ez_flip_094,0.0,2027
ECFP4 stereo-blind,ez_flip,A,ez_flip_095,0.0,2027
ECFP4 stereo-blind,ez_flip,A,ez_flip_096,0.0,2027
ECFP4 stereo-blind,ez_flip,A,ez_flip_097,0.0,2027
ECFP4 stereo-blind,ez_flip,A,ez_flip_098,0.0,2027
ECFP4 stereo-blind,ez_flip,A,ez_flip_099,0.0,2027
ECFP4 stereo-blind,c_to_n,A,c_to_n_000,0.7699295672882116,2027
ECFP4 stereo-blind,c_to_n,A,c_to_n_001,0.547256728437037,2027
ECFP4 stereo-blind,c_to_n,A,c_to_n_002,0.7990258412442709,2027
ECFP4 stereo-blind,c_to_n,A,c_to_n_003,0.7136254564156161,2027
ECFP4 stereo-blind,c_to_n,A,c_to_n_004,0.603989988005475,2027
ECFP4 stereo-blind,c_to_n,A,c_to_n_005,1.0470141575318845,2027
ECFP4 stereo-blind,c_to_n,A,c_to_n_006,0.9021336428982208,2027
ECFP4 stereo-blind,c_to_n,A,c_to_n_007,0.7953944376378386,2027
ECFP4 stereo-blind,c_to_n,A,c_to_n_008,0.661040714398583,2027
ECFP4 stereo-blind,c_to_n,A,c_to_n_009,0.6221377011833319,2027
ECFP4 stereo-blind,c_to_n,A,c_to_n_010,0.48196578448468974,2027
ECFP4 stereo-blind,c_to_n,A,c_to_n_011,0.7617030784184788,2027
ECFP4 stereo-blind,c_to_n,A,c_to_n_012,0.6992185404689037,2027
ECFP4 stereo-blind,c_to_n,A,c_to_n_013,0.44701055083436914,2027
ECFP4 stereo-blind,c_to_n,A,c_to_n_014,0.6530417709061771,2027
ECFP4 stereo-blind,c_to_n,A,c_to_n_015,0.6303202079229295,2027
ECFP4 stereo-blind,c_to_n,A,c_to_n_016,0.8602382922427108,2027
ECFP4 stereo-blind,c_to_n,A,c_to_n_017,0.9085758575851356,2027
ECFP4 stereo-blind,c_to_n,A,c_to_n_018,0.849240777793654,2027
ECFP4 stereo-blind,c_to_n,A,c_to_n_019,1.09918922957219,2027
ECFP4 stereo-blind,c_to_n,A,c_to_n_020,0.8757067376428296,2027
ECFP4 stereo-blind,c_to_n,A,c_to_n_021,0.9141548906147164,2027
ECFP4 stereo-blind,c_to_n,A,c_to_n_022,0.8070392981917411,2027
ECFP4 stereo-blind,c_to_n,A,c_to_n_023,1.0857064099874618,2027
ECFP4 stereo-blind,c_to_n,A,c_to_n_024,0.6065532253821292,2027
ECFP4 stereo-blind,c_to_n,A,c_to_n_025,0.6464522736414839,2027
ECFP4 stereo-blind,c_to_n,A,c_to_n_026,0.6487507698092622,2027
ECFP4 stereo-blind,c_to_n,A,c_to_n_027,0.7890492117737145,2027
ECFP4 stereo-blind,c_to_n,A,c_to_n_028,0.5483482482184442,2027
ECFP4 stereo-blind,c_to_n,A,c_to_n_029,0.799926519503678,2027
ECFP4 stereo-blind,c_to_n,A,c_to_n_030,0.8209569078060627,2027
ECFP4 stereo-blind,c_to_n,A,c_to_n_031,0.8334494114954756,2027
ECFP4 stereo-blind,c_to_n,A,c_to_n_032,0.5527018685318579,2027
ECFP4 stereo-blind,c_to_n,A,c_to_n_033,0.6932634874682292,2027
ECFP4 stereo-blind,c_to_n,A,c_to_n_034,0.9533837498434969,2027
ECFP4 stereo-blind,c_to_n,A,c_to_n_035,0.7962878089001554,2027
ECFP4 stereo-blind,c_to_n,A,c_to_n_036,0.8435550893578477,2027
ECFP4 stereo-blind,c_to_n,A,c_to_n_037,0.4457730486225937,2027
ECFP4 stereo-blind,c_to_n,A,c_to_n_038,0.8054832856440917,2027
ECFP4 stereo-blind,c_to_n,A,c_to_n_039,0.9211134697555846,2027
ECFP4 stereo-blind,c_to_n,A,c_to_n_040,0.9861641045846423,2027
ECFP4 stereo-blind,c_to_n,A,c_to_n_041,0.6117233116211944,2027
ECFP4 stereo-blind,c_to_n,A,c_to_n_042,0.8548270931973974,2027
ECFP4 stereo-blind,c_to_n,A,c_to_n_043,0.5784876655947788,2027
ECFP4 stereo-blind,c_to_n,A,c_to_n_044,1.23853118552425,2027
ECFP4 stereo-blind,c_to_n,A,c_to_n_045,0.782157665127307,2027
ECFP4 stereo-blind,c_to_n,A,c_to_n_046,0.8242133087377765,2027
ECFP4 stereo-blind,c_to_n,A,c_to_n_047,0.9459954753765876,2027
ECFP4 stereo-blind,c_to_n,A,c_to_n_048,0.8876147169921746,2027
ECFP4 stereo-blind,c_to_n,A,c_to_n_049,0.7532542522862069,2027
ECFP4 stereo-blind,c_to_n,A,c_to_n_050,0.8849773436438868,2027
ECFP4 stereo-blind,c_to_n,A,c_to_n_051,0.8473623494835251,2027
ECFP4 stereo-blind,c_to_n,A,c_to_n_052,0.8938187831746643,2027
ECFP4 stereo-blind,c_to_n,A,c_to_n_053,0.7190221549071971,2027
ECFP4 stereo-blind,c_to_n,A,c_to_n_054,0.7027630740800804,2027
ECFP4 stereo-blind,c_to_n,A,c_to_n_055,0.9412061455435927,2027
ECFP4 stereo-blind,c_to_n,A,c_to_n_056,0.9697004482335408,2027
ECFP4 stereo-blind,c_to_n,A,c_to_n_057,0.5857119970307814,2027
ECFP4 stereo-blind,c_to_n,A,c_to_n_058,0.5244675135027511,2027
ECFP4 stereo-blind,c_to_n,A,c_to_n_059,0.728420481784868,2027
ECFP4 stereo-blind,c_to_n,A,c_to_n_060,0.6798284301904531,2027
ECFP4 stereo-blind,c_to_n,A,c_to_n_061,1.2073646429609894,2027
ECFP4 stereo-blind,c_to_n,A,c_to_n_062,0.7681311721997193,2027
ECFP4 stereo-blind,c_to_n,A,c_to_n_063,0.7894766771746317,2027
ECFP4 stereo-blind,c_to_n,A,c_to_n_064,0.41876886228504384,2027
ECFP4 stereo-blind,c_to_n,A,c_to_n_065,0.5913553327329041,2027
ECFP4 stereo-blind,c_to_n,A,c_to_n_066,0.612879830568206,2027
ECFP4 stereo-blind,c_to_n,A,c_to_n_067,0.7002117869059491,2027
ECFP4 stereo-blind,c_to_n,A,c_to_n_068,0.9766806151578672,2027
ECFP4 stereo-blind,c_to_n,A,c_to_n_069,0.8306525508912276,2027
ECFP4 stereo-blind,c_to_n,A,c_to_n_070,0.5838922454972105,2027
ECFP4 stereo-blind,c_to_n,A,c_to_n_071,0.7315381259201686,2027
ECFP4 stereo-blind,c_to_n,A,c_to_n_072,0.9143884299221533,2027
ECFP4 stereo-blind,c_to_n,A,c_to_n_073,0.6987846209221024,2027
ECFP4 stereo-blind,c_to_n,A,c_to_n_074,0.7625913748071336,2027
ECFP4 stereo-blind,c_to_n,A,c_to_n_075,0.971700680427432,2027
ECFP4 stereo-blind,c_to_n,A,c_to_n_076,1.1820073855962463,2027
ECFP4 stereo-blind,c_to_n,A,c_to_n_077,1.1308912665467277,2027
ECFP4 stereo-blind,c_to_n,A,c_to_n_078,0.8949636726863321,2027
ECFP4 stereo-blind,c_to_n,A,c_to_n_079,0.5885108588011597,2027
ECFP4 stereo-blind,c_to_n,A,c_to_n_080,0.6300739102113525,2027
ECFP4 stereo-blind,c_to_n,A,c_to_n_081,0.9616990346861681,2027
ECFP4 stereo-blind,c_to_n,A,c_to_n_082,0.6220538855516052,2027
ECFP4 stereo-blind,c_to_n,A,c_to_n_083,0.8883663242150687,2027
ECFP4 stereo-blind,c_to_n,A,c_to_n_084,0.8499645545194889,2027
ECFP4 stereo-blind,c_to_n,A,c_to_n_085,0.450558212036516,2027
ECFP4 stereo-blind,c_to_n,A,c_to_n_086,0.759252602236041,2027
ECFP4 stereo-blind,c_to_n,A,c_to_n_087,0.7201919398956511,2027
ECFP4 stereo-blind,c_to_n,A,c_to_n_088,0.8016682860653738,2027
ECFP4 stereo-blind,c_to_n,A,c_to_n_089,1.1729702151799053,2027
ECFP4 stereo-blind,c_to_n,A,c_to_n_090,0.8331347341976916,2027
ECFP4 stereo-blind,c_to_n,A,c_to_n_091,0.6771247972479175,2027
ECFP4 stereo-blind,c_to_n,A,c_to_n_092,0.6919033588158543,2027
ECFP4 stereo-blind,c_to_n,A,c_to_n_093,0.6448851154096914,2027
ECFP4 stereo-blind,c_to_n,A,c_to_n_094,0.8737776547239283,2027
ECFP4 stereo-blind,c_to_n,A,c_to_n_095,0.8018341957840599,2027
ECFP4 stereo-blind,c_to_n,A,c_to_n_096,1.1655059064260815,2027
ECFP4 stereo-blind,c_to_n,A,c_to_n_097,0.2793520180955311,2027
ECFP4 stereo-blind,c_to_n,A,c_to_n_098,0.7523472759715811,2027
ECFP4 stereo-blind,c_to_n,A,c_to_n_099,0.6797571736398212,2027
ECFP4 stereo-blind,add_methyl,A,add_methyl_000,0.8047006266600422,2027
ECFP4 stereo-blind,add_methyl,A,add_methyl_001,0.5560034060847047,2027
ECFP4 stereo-blind,add_methyl,A,add_methyl_002,0.7426299784185925,2027
ECFP4 stereo-blind,add_methyl,A,add_methyl_003,0.6173633766017761,2027
ECFP4 stereo-blind,add_methyl,A,add_methyl_004,0.6792618557941449,2027
ECFP4 stereo-blind,add_methyl,A,add_methyl_005,0.7737012426063404,2027
ECFP4 stereo-blind,add_methyl,A,add_methyl_006,0.6897939875580755,2027
ECFP4 stereo-blind,add_methyl,A,add_methyl_007,0.7221769109863948,2027
ECFP4 stereo-blind,add_methyl,A,add_methyl_008,0.6184392590027159,2027
ECFP4 stereo-blind,add_methyl,A,add_methyl_009,0.9529975604699935,2027
ECFP4 stereo-blind,add_methyl,A,add_methyl_010,0.4663542724323487,2027
ECFP4 stereo-blind,add_methyl,A,add_methyl_011,1.2074672229810026,2027
ECFP4 stereo-blind,add_methyl,A,add_methyl_012,0.5543098475465644,2027
ECFP4 stereo-blind,add_methyl,A,add_methyl_013,0.4665255965658627,2027
ECFP4 stereo-blind,add_methyl,A,add_methyl_014,0.7721445081183179,2027
ECFP4 stereo-blind,add_methyl,A,add_methyl_015,0.6598140744366779,2027
ECFP4 stereo-blind,add_methyl,A,add_methyl_016,0.6244097491059615,2027
ECFP4 stereo-blind,add_methyl,A,add_methyl_017,0.4849100328297953,2027
ECFP4 stereo-blind,add_methyl,A,add_methyl_018,0.5428294802708773,2027
ECFP4 stereo-blind,add_methyl,A,add_methyl_019,1.3946497395142217,2027
ECFP4 stereo-blind,add_methyl,A,add_methyl_020,0.9982632682264235,2027
ECFP4 stereo-blind,add_methyl,A,add_methyl_021,0.5177751237336675,2027
ECFP4 stereo-blind,add_methyl,A,add_methyl_022,0.550190495910421,2027
ECFP4 stereo-blind,add_methyl,A,add_methyl_023,0.8669829749104258,2027
ECFP4 stereo-blind,add_methyl,A,add_methyl_024,0.6824722489563158,2027
ECFP4 stereo-blind,add_methyl,A,add_methyl_025,0.46988599461827935,2027
ECFP4 stereo-blind,add_methyl,A,add_methyl_026,0.8046384347473867,2027
ECFP4 stereo-blind,add_methyl,A,add_methyl_027,0.9175917309819164,2027
ECFP4 stereo-blind,add_methyl,A,add_methyl_028,0.618362818226087,2027
ECFP4 stereo-blind,add_methyl,A,add_methyl_029,1.007103313689686,2027
ECFP4 stereo-blind,add_methyl,A,add_methyl_030,0.5452750863881728,2027
ECFP4 stereo-blind,add_methyl,A,add_methyl_031,0.8317514744294797,2027
ECFP4 stereo-blind,add_methyl,A,add_methyl_032,0.6674595518617097,2027
ECFP4 stereo-blind,add_methyl,A,add_methyl_033,0.614699681309462,2027
ECFP4 stereo-blind,add_methyl,A,add_methyl_034,0.661581336134443,2027
ECFP4 stereo-blind,add_methyl,A,add_methyl_035,0.9804667836257168,2027
ECFP4 stereo-blind,add_methyl,A,add_methyl_036,0.619473663853348,2027
ECFP4 stereo-blind,add_methyl,A,add_methyl_037,0.4317619935163951,2027
ECFP4 stereo-blind,add_methyl,A,add_methyl_038,0.5456632339350627,2027
ECFP4 stereo-blind,add_methyl,A,add_methyl_039,0.8972817102608339,2027
ECFP4 stereo-blind,add_methyl,A,add_methyl_040,0.639366408190802,2027
ECFP4 stereo-blind,add_methyl,A,add_methyl_041,0.7503311885059903,2027
ECFP4 stereo-blind,add_methyl,A,add_methyl_042,0.9165563756726296,2027
ECFP4 stereo-blind,add_methyl,A,add_methyl_043,0.6575105216873509,2027
ECFP4 stereo-blind,add_methyl,A,add_methyl_044,1.2048894859019557,2027
ECFP4 stereo-blind,add_methyl,A,add_methyl_045,0.7761439045659992,2027
ECFP4 stereo-blind,add_methyl,A,add_methyl_046,0.8853765969118156,2027
ECFP4 stereo-blind,add_methyl,A,add_methyl_047,0.6554924668869117,2027
ECFP4 stereo-blind,add_methyl,A,add_methyl_048,0.9031138596166226,2027
ECFP4 stereo-blind,add_methyl,A,add_methyl_049,0.631849518036514,2027
ECFP4 stereo-blind,add_methyl,A,add_methyl_050,0.77269315707632,2027
ECFP4 stereo-blind,add_methyl,A,add_methyl_051,0.6017272948859395,2027
ECFP4 stereo-blind,add_methyl,A,add_methyl_052,0.8230073326767839,2027
ECFP4 stereo-blind,add_methyl,A,add_methyl_053,0.8663814392878381,2027
ECFP4 stereo-blind,add_methyl,A,add_methyl_054,0.9059484765280741,2027
ECFP4 stereo-blind,add_methyl,A,add_methyl_055,0.8732406158768794,2027
ECFP4 stereo-blind,add_methyl,A,add_methyl_056,0.926101187269899,2027
ECFP4 stereo-blind,add_methyl,A,add_methyl_057,0.6657861784319051,2027
ECFP4 stereo-blind,add_methyl,A,add_methyl_058,0.46795298983397166,2027
ECFP4 stereo-blind,add_methyl,A,add_methyl_059,1.0077312779009673,2027
ECFP4 stereo-blind,add_methyl,A,add_methyl_060,0.649890138175492,2027
ECFP4 stereo-blind,add_methyl,A,add_methyl_061,1.07819782079098,2027
ECFP4 stereo-blind,add_methyl,A,add_methyl_062,0.7527208162058061,2027
ECFP4 stereo-blind,add_methyl,A,add_methyl_063,0.7533113882342077,2027
ECFP4 stereo-blind,add_methyl,A,add_methyl_064,0.3853015285916133,2027
ECFP4 stereo-blind,add_methyl,A,add_methyl_065,0.4260786012080002,2027
ECFP4 stereo-blind,add_methyl,A,add_methyl_066,0.7283450175093368,2027
ECFP4 stereo-blind,add_methyl,A,add_methyl_067,0.6428739529377013,2027
ECFP4 stereo-blind,add_methyl,A,add_methyl_068,0.8180497071149936,2027
ECFP4 stereo-blind,add_methyl,A,add_methyl_069,0.6084241198200638,2027
ECFP4 stereo-blind,add_methyl,A,add_methyl_070,0.7503311885059903,2027
ECFP4 stereo-blind,add_methyl,A,add_methyl_071,0.8169569366622317,2027
ECFP4 stereo-blind,add_methyl,A,add_methyl_072,0.5747125863272483,2027
ECFP4 stereo-blind,add_methyl,A,add_methyl_073,0.8362852440580999,2027
ECFP4 stereo-blind,add_methyl,A,add_methyl_074,0.6765977755653123,2027
ECFP4 stereo-blind,add_methyl,A,add_methyl_075,1.0215048173230077,2027
ECFP4 stereo-blind,add_methyl,A,add_methyl_076,0.844634750518245,2027
ECFP4 stereo-blind,add_methyl,A,add_methyl_077,0.86221545560936,2027
ECFP4 stereo-blind,add_methyl,A,add_methyl_078,0.7625392853417978,2027
ECFP4 stereo-blind,add_methyl,A,add_methyl_079,0.7281098490202074,2027
ECFP4 stereo-blind,add_methyl,A,add_methyl_080,0.7051280752153319,2027
ECFP4 stereo-blind,add_methyl,A,add_methyl_081,0.8610427102685911,2027
ECFP4 stereo-blind,add_methyl,A,add_methyl_082,0.5752565969251765,2027
ECFP4 stereo-blind,add_methyl,A,add_methyl_083,1.067245329629732,2027
ECFP4 stereo-blind,add_methyl,A,add_methyl_084,0.7139646227777401,2027
ECFP4 stereo-blind,add_methyl,A,add_methyl_085,0.5929134714721628,2027
ECFP4 stereo-blind,add_methyl,A,add_methyl_086,0.7991249272728621,2027
ECFP4 stereo-blind,add_methyl,A,add_methyl_087,0.7456412140831151,2027
ECFP4 stereo-blind,add_methyl,A,add_methyl_088,0.5368909713577277,2027
ECFP4 stereo-blind,add_methyl,A,add_methyl_089,0.7529939133438255,2027
ECFP4 stereo-blind,add_methyl,A,add_methyl_090,0.4475339657278655,2027
ECFP4 stereo-blind,add_methyl,A,add_methyl_091,0.7519807518595931,2027
ECFP4 stereo-blind,add_methyl,A,add_methyl_092,0.7931763054094054,2027
ECFP4 stereo-blind,add_methyl,A,add_methyl_093,0.4781956360152061,2027
ECFP4 stereo-blind,add_methyl,A,add_methyl_094,0.7288292208607244,2027
ECFP4 stereo-blind,add_methyl,A,add_methyl_095,0.6556003221792555,2027
ECFP4 stereo-blind,add_methyl,A,add_methyl_096,1.3413569491208541,2027
ECFP4 stereo-blind,add_methyl,A,add_methyl_097,0.2853423899188342,2027
ECFP4 stereo-blind,add_methyl,A,add_methyl_098,0.9359333334945061,2027
ECFP4 stereo-blind,add_methyl,A,add_methyl_099,0.501950313523529,2027
ECFP4 stereo-blind,add_fluorine,A,add_fluorine_000,0.8512048391289508,2027
ECFP4 stereo-blind,add_fluorine,A,add_fluorine_001,0.46260319150260804,2027
ECFP4 stereo-blind,add_fluorine,A,add_fluorine_002,0.6491715012162356,2027
ECFP4 stereo-blind,add_fluorine,A,add_fluorine_003,0.7538315184710151,2027
ECFP4 stereo-blind,add_fluorine,A,add_fluorine_004,0.7114611653978636,2027
ECFP4 stereo-blind,add_fluorine,A,add_fluorine_005,0.6542593611285329,2027
ECFP4 stereo-blind,add_fluorine,A,add_fluorine_006,0.7772724920594912,2027
ECFP4 stereo-blind,add_fluorine,A,add_fluorine_007,0.9068746121306421,2027
ECFP4 stereo-blind,add_fluorine,A,add_fluorine_008,0.5882411016188729,2027
ECFP4 stereo-blind,add_fluorine,A,add_fluorine_009,0.9756527076407406,2027
ECFP4 stereo-blind,add_fluorine,A,add_fluorine_010,0.48507205571652884,2027
ECFP4 stereo-blind,add_fluorine,A,add_fluorine_011,1.0801875615833985,2027
ECFP4 stereo-blind,add_fluorine,A,add_fluorine_012,0.5683211458659675,2027
ECFP4 stereo-blind,add_fluorine,A,add_fluorine_013,0.4711658764129401,2027
ECFP4 stereo-blind,add_fluorine,A,add_fluorine_014,0.6094951980500101,2027
ECFP4 stereo-blind,add_fluorine,A,add_fluorine_015,0.6953847622577235,2027
ECFP4 stereo-blind,add_fluorine,A,add_fluorine_016,0.6169965760726446,2027
ECFP4 stereo-blind,add_fluorine,A,add_fluorine_017,0.656429948178714,2027
ECFP4 stereo-blind,add_fluorine,A,add_fluorine_018,0.5821859350222739,2027
ECFP4 stereo-blind,add_fluorine,A,add_fluorine_019,1.3550545269130065,2027
ECFP4 stereo-blind,add_fluorine,A,add_fluorine_020,0.6853403909683787,2027
ECFP4 stereo-blind,add_fluorine,A,add_fluorine_021,0.5200764588808438,2027
ECFP4 stereo-blind,add_fluorine,A,add_fluorine_022,0.6788733322288948,2027
ECFP4 stereo-blind,add_fluorine,A,add_fluorine_023,0.6720929360313153,2027
ECFP4 stereo-blind,add_fluorine,A,add_fluorine_024,0.6174242540775042,2027
ECFP4 stereo-blind,add_fluorine,A,add_fluorine_025,0.5517283460138998,2027
ECFP4 stereo-blind,add_fluorine,A,add_fluorine_026,0.7307291224384747,2027
ECFP4 stereo-blind,add_fluorine,A,add_fluorine_027,0.6345970828852553,2027
ECFP4 stereo-blind,add_fluorine,A,add_fluorine_028,0.47023480564946313,2027
ECFP4 stereo-blind,add_fluorine,A,add_fluorine_029,0.7884063046631629,2027
ECFP4 stereo-blind,add_fluorine,A,add_fluorine_030,0.6543891982712613,2027
ECFP4 stereo-blind,add_fluorine,A,add_fluorine_031,0.8608728760977579,2027
ECFP4 stereo-blind,add_fluorine,A,add_fluorine_032,0.5909224625759595,2027
ECFP4 stereo-blind,add_fluorine,A,add_fluorine_033,0.6228975720113262,2027
ECFP4 stereo-blind,add_fluorine,A,add_fluorine_034,0.6213312287646942,2027
ECFP4 stereo-blind,add_fluorine,A,add_fluorine_035,0.7373409412220888,2027
ECFP4 stereo-blind,add_fluorine,A,add_fluorine_036,0.8061528578474448,2027
ECFP4 stereo-blind,add_fluorine,A,add_fluorine_037,0.5012655107707845,2027
ECFP4 stereo-blind,add_fluorine,A,add_fluorine_038,0.6770228178117386,2027
ECFP4 stereo-blind,add_fluorine,A,add_fluorine_039,0.9013384406827526,2027
ECFP4 stereo-blind,add_fluorine,A,add_fluorine_040,0.5469577423567458,2027
ECFP4 stereo-blind,add_fluorine,A,add_fluorine_041,0.6901461563997535,2027
ECFP4 stereo-blind,add_fluorine,A,add_fluorine_042,0.6046877564094999,2027
ECFP4 stereo-blind,add_fluorine,A,add_fluorine_043,0.5029177452336049,2027
ECFP4 stereo-blind,add_fluorine,A,add_fluorine_044,1.1857857583614944,2027
ECFP4 stereo-blind,add_fluorine,A,add_fluorine_045,0.699353105068556,2027
ECFP4 stereo-blind,add_fluorine,A,add_fluorine_046,0.9749479475365452,2027
ECFP4 stereo-blind,add_fluorine,A,add_fluorine_047,0.6419474553780757,2027
ECFP4 stereo-blind,add_fluorine,A,add_fluorine_048,0.8625340689005243,2027
ECFP4 stereo-blind,add_fluorine,A,add_fluorine_049,0.6454695688168587,2027
ECFP4 stereo-blind,add_fluorine,A,add_fluorine_050,0.8008947646855792,2027
ECFP4 stereo-blind,add_fluorine,A,add_fluorine_051,0.618428093362464,2027
ECFP4 stereo-blind,add_fluorine,A,add_fluorine_052,1.020829384757659,2027
ECFP4 stereo-blind,add_fluorine,A,add_fluorine_053,0.6762871656959091,2027
ECFP4 stereo-blind,add_fluorine,A,add_fluorine_054,0.6192200462047828,2027
ECFP4 stereo-blind,add_fluorine,A,add_fluorine_055,0.9426445628078522,2027
ECFP4 stereo-blind,add_fluorine,A,add_fluorine_056,0.7788367384840794,2027
ECFP4 stereo-blind,add_fluorine,A,add_fluorine_057,0.5583868031014028,2027
ECFP4 stereo-blind,add_fluorine,A,add_fluorine_058,0.5804897978264134,2027
ECFP4 stereo-blind,add_fluorine,A,add_fluorine_059,1.1234275641453706,2027
ECFP4 stereo-blind,add_fluorine,A,add_fluorine_060,0.795674187436687,2027
ECFP4 stereo-blind,add_fluorine,A,add_fluorine_061,0.997371171095522,2027
ECFP4 stereo-blind,add_fluorine,A,add_fluorine_062,0.8397852243229986,2027
ECFP4 stereo-blind,add_fluorine,A,add_fluorine_063,0.7256470542673664,2027
ECFP4 stereo-blind,add_fluorine,A,add_fluorine_064,0.47368403717473784,2027
ECFP4 stereo-blind,add_fluorine,A,add_fluorine_065,0.4460270454053346,2027
ECFP4 stereo-blind,add_fluorine,A,add_fluorine_066,0.5861861165839951,2027
ECFP4 stereo-blind,add_fluorine,A,add_fluorine_067,0.703304553687568,2027
ECFP4 stereo-blind,add_fluorine,A,add_fluorine_068,0.8267283516596148,2027
ECFP4 stereo-blind,add_fluorine,A,add_fluorine_069,0.6259902506524453,2027
ECFP4 stereo-blind,add_fluorine,A,add_fluorine_070,0.6901461563997535,2027
ECFP4 stereo-blind,add_fluorine,A,add_fluorine_071,0.8571562687745978,2027
ECFP4 stereo-blind,add_fluorine,A,add_fluorine_072,0.6216702634954694,2027
ECFP4 stereo-blind,add_fluorine,A,add_fluorine_073,0.9578962356906302,2027
ECFP4 stereo-blind,add_fluorine,A,add_fluorine_074,0.6945333146456305,2027
ECFP4 stereo-blind,add_fluorine,A,add_fluorine_075,0.7764978694538004,2027
ECFP4 stereo-blind,add_fluorine,A,add_fluorine_076,1.0258573843955552,2027
ECFP4 stereo-blind,add_fluorine,A,add_fluorine_077,0.8513727182656458,2027
ECFP4 stereo-blind,add_fluorine,A,add_fluorine_078,0.7163339155035375,2027
ECFP4 stereo-blind,add_fluorine,A,add_fluorine_079,0.7014606622921454,2027
ECFP4 stereo-blind,add_fluorine,A,add_fluorine_080,0.7030057699942182,2027
ECFP4 stereo-blind,add_fluorine,A,add_fluorine_081,0.7637363553414084,2027
ECFP4 stereo-blind,add_fluorine,A,add_fluorine_082,0.6803791795442773,2027
ECFP4 stereo-blind,add_fluorine,A,add_fluorine_083,0.7660950499428181,2027
ECFP4 stereo-blind,add_fluorine,A,add_fluorine_084,0.8074773927519763,2027
ECFP4 stereo-blind,add_fluorine,A,add_fluorine_085,0.6011571457028503,2027
ECFP4 stereo-blind,add_fluorine,A,add_fluorine_086,0.8595907636265958,2027
ECFP4 stereo-blind,add_fluorine,A,add_fluorine_087,0.9712985749500168,2027
ECFP4 stereo-blind,add_fluorine,A,add_fluorine_088,0.7442186653711618,2027
ECFP4 stereo-blind,add_fluorine,A,add_fluorine_089,0.877997269413869,2027
ECFP4 stereo-blind,add_fluorine,A,add_fluorine_090,0.5662513957873723,2027
ECFP4 stereo-blind,add_fluorine,A,add_fluorine_091,0.7157070938128174,2027
ECFP4 stereo-blind,add_fluorine,A,add_fluorine_092,0.730047607934845,2027
ECFP4 stereo-blind,add_fluorine,A,add_fluorine_093,0.5775763600517277,2027
ECFP4 stereo-blind,add_fluorine,A,add_fluorine_094,0.6858708134127137,2027
ECFP4 stereo-blind,add_fluorine,A,add_fluorine_095,0.7300147114013121,2027
ECFP4 stereo-blind,add_fluorine,A,add_fluorine_096,1.3447695594990026,2027
ECFP4 stereo-blind,add_fluorine,A,add_fluorine_097,0.1920639053230933,2027
ECFP4 stereo-blind,add_fluorine,A,add_fluorine_098,0.8886070056115367,2027
ECFP4 stereo-blind,add_fluorine,A,add_fluorine_099,0.3954086473547219,2027
ECFP4 stereo-blind,isotope_13c,A,isotope_13c_000,0.0,2027
ECFP4 stereo-blind,isotope_13c,A,isotope_13c_001,0.0,2027
ECFP4 stereo-blind,isotope_13c,A,isotope_13c_002,0.0,2027
ECFP4 stereo-blind,isotope_13c,A,isotope_13c_003,0.0,2027
ECFP4 stereo-blind,isotope_13c,A,isotope_13c_004,0.0,2027
ECFP4 stereo-blind,isotope_13c,A,isotope_13c_005,0.0,2027
ECFP4 stereo-blind,isotope_13c,A,isotope_13c_006,0.0,2027
ECFP4 stereo-blind,isotope_13c,A,isotope_13c_007,0.0,2027
ECFP4 stereo-blind,isotope_13c,A,isotope_13c_008,0.0,2027
ECFP4 stereo-blind,isotope_13c,A,isotope_13c_009,0.0,2027
ECFP4 stereo-blind,isotope_13c,A,isotope_13c_010,0.0,2027
ECFP4 stereo-blind,isotope_13c,A,isotope_13c_011,0.0,2027
ECFP4 stereo-blind,isotope_13c,A,isotope_13c_012,0.0,2027
ECFP4 stereo-blind,isotope_13c,A,isotope_13c_013,0.0,2027
ECFP4 stereo-blind,isotope_13c,A,isotope_13c_014,0.0,2027
ECFP4 stereo-blind,isotope_13c,A,isotope_13c_015,0.0,2027
ECFP4 stereo-blind,isotope_13c,A,isotope_13c_016,0.0,2027
ECFP4 stereo-blind,isotope_13c,A,isotope_13c_017,0.0,2027
ECFP4 stereo-blind,isotope_13c,A,isotope_13c_018,0.0,2027
ECFP4 stereo-blind,isotope_13c,A,isotope_13c_019,0.0,2027
ECFP4 stereo-blind,isotope_13c,A,isotope_13c_020,0.0,2027
ECFP4 stereo-blind,isotope_13c,A,isotope_13c_021,0.0,2027
ECFP4 stereo-blind,isotope_13c,A,isotope_13c_022,0.0,2027
ECFP4 stereo-blind,isotope_13c,A,isotope_13c_023,0.0,2027
ECFP4 stereo-blind,isotope_13c,A,isotope_13c_024,0.0,2027
ECFP4 stereo-blind,isotope_13c,A,isotope_13c_025,0.0,2027
ECFP4 stereo-blind,isotope_13c,A,isotope_13c_026,0.0,2027
ECFP4 stereo-blind,isotope_13c,A,isotope_13c_027,0.0,2027
ECFP4 stereo-blind,isotope_13c,A,isotope_13c_028,0.0,2027
ECFP4 stereo-blind,isotope_13c,A,isotope_13c_029,0.0,2027
ECFP4 stereo-blind,isotope_13c,A,isotope_13c_030,0.0,2027
ECFP4 stereo-blind,isotope_13c,A,isotope_13c_031,0.0,2027
ECFP4 stereo-blind,isotope_13c,A,isotope_13c_032,0.0,2027
ECFP4 stereo-blind,isotope_13c,A,isotope_13c_033,0.0,2027
ECFP4 stereo-blind,isotope_13c,A,isotope_13c_034,0.0,2027
ECFP4 stereo-blind,isotope_13c,A,isotope_13c_035,0.0,2027
ECFP4 stereo-blind,isotope_13c,A,isotope_13c_036,0.0,2027
ECFP4 stereo-blind,isotope_13c,A,isotope_13c_037,0.0,2027
ECFP4 stereo-blind,isotope_13c,A,isotope_13c_038,0.0,2027
ECFP4 stereo-blind,isotope_13c,A,isotope_13c_039,0.0,2027
ECFP4 stereo-blind,isotope_13c,A,isotope_13c_040,0.0,2027
ECFP4 stereo-blind,isotope_13c,A,isotope_13c_041,0.0,2027
ECFP4 stereo-blind,isotope_13c,A,isotope_13c_042,0.0,2027
ECFP4 stereo-blind,isotope_13c,A,isotope_13c_043,0.0,2027
ECFP4 stereo-blind,isotope_13c,A,isotope_13c_044,0.0,2027
ECFP4 stereo-blind,isotope_13c,A,isotope_13c_045,0.0,2027
ECFP4 stereo-blind,isotope_13c,A,isotope_13c_046,0.0,2027
ECFP4 stereo-blind,isotope_13c,A,isotope_13c_047,0.0,2027
ECFP4 stereo-blind,isotope_13c,A,isotope_13c_048,0.0,2027
ECFP4 stereo-blind,isotope_13c,A,isotope_13c_049,0.0,2027
ECFP4 stereo-blind,isotope_13c,A,isotope_13c_050,0.0,2027
ECFP4 stereo-blind,isotope_13c,A,isotope_13c_051,0.0,2027
ECFP4 stereo-blind,isotope_13c,A,isotope_13c_052,0.0,2027
ECFP4 stereo-blind,isotope_13c,A,isotope_13c_053,0.0,2027
ECFP4 stereo-blind,isotope_13c,A,isotope_13c_054,0.0,2027
ECFP4 stereo-blind,isotope_13c,A,isotope_13c_055,0.0,2027
ECFP4 stereo-blind,isotope_13c,A,isotope_13c_056,0.0,2027
ECFP4 stereo-blind,isotope_13c,A,isotope_13c_057,0.0,2027
ECFP4 stereo-blind,isotope_13c,A,isotope_13c_058,0.0,2027
ECFP4 stereo-blind,isotope_13c,A,isotope_13c_059,0.0,2027
ECFP4 stereo-blind,isotope_13c,A,isotope_13c_060,0.0,2027
ECFP4 stereo-blind,isotope_13c,A,isotope_13c_061,0.0,2027
ECFP4 stereo-blind,isotope_13c,A,isotope_13c_062,0.0,2027
ECFP4 stereo-blind,isotope_13c,A,isotope_13c_063,0.0,2027
ECFP4 stereo-blind,isotope_13c,A,isotope_13c_064,0.0,2027
ECFP4 stereo-blind,isotope_13c,A,isotope_13c_065,0.0,2027
ECFP4 stereo-blind,isotope_13c,A,isotope_13c_066,0.0,2027
ECFP4 stereo-blind,isotope_13c,A,isotope_13c_067,0.0,2027
ECFP4 stereo-blind,isotope_13c,A,isotope_13c_068,0.0,2027
ECFP4 stereo-blind,isotope_13c,A,isotope_13c_069,0.0,2027
ECFP4 stereo-blind,isotope_13c,A,isotope_13c_070,0.0,2027
ECFP4 stereo-blind,isotope_13c,A,isotope_13c_071,0.0,2027
ECFP4 stereo-blind,isotope_13c,A,isotope_13c_072,0.0,2027
ECFP4 stereo-blind,isotope_13c,A,isotope_13c_073,0.0,2027
ECFP4 stereo-blind,isotope_13c,A,isotope_13c_074,0.0,2027
ECFP4 stereo-blind,isotope_13c,A,isotope_13c_075,0.0,2027
ECFP4 stereo-blind,isotope_13c,A,isotope_13c_076,0.0,2027
ECFP4 stereo-blind,isotope_13c,A,isotope_13c_077,0.0,2027
ECFP4 stereo-blind,isotope_13c,A,isotope_13c_078,0.0,2027
ECFP4 stereo-blind,isotope_13c,A,isotope_13c_079,0.0,2027
ECFP4 stereo-blind,isotope_13c,A,isotope_13c_080,0.0,2027
ECFP4 stereo-blind,isotope_13c,A,isotope_13c_081,0.0,2027
ECFP4 stereo-blind,isotope_13c,A,isotope_13c_082,0.0,2027
ECFP4 stereo-blind,isotope_13c,A,isotope_13c_083,0.0,2027
ECFP4 stereo-blind,isotope_13c,A,isotope_13c_084,0.0,2027
ECFP4 stereo-blind,isotope_13c,A,isotope_13c_085,0.0,2027
ECFP4 stereo-blind,isotope_13c,A,isotope_13c_086,0.0,2027
ECFP4 stereo-blind,isotope_13c,A,isotope_13c_087,0.0,2027
ECFP4 stereo-blind,isotope_13c,A,isotope_13c_088,0.0,2027
ECFP4 stereo-blind,isotope_13c,A,isotope_13c_089,0.0,2027
ECFP4 stereo-blind,isotope_13c,A,isotope_13c_090,0.0,2027
ECFP4 stereo-blind,isotope_13c,A,isotope_13c_091,0.0,2027
ECFP4 stereo-blind,isotope_13c,A,isotope_13c_092,0.0,2027
ECFP4 stereo-blind,isotope_13c,A,isotope_13c_093,0.0,2027
ECFP4 stereo-blind,isotope_13c,A,isotope_13c_094,0.0,2027
ECFP4 stereo-blind,isotope_13c,A,isotope_13c_095,0.0,2027
ECFP4 stereo-blind,isotope_13c,A,isotope_13c_096,0.0,2027
ECFP4 stereo-blind,isotope_13c,A,isotope_13c_097,0.0,2027
ECFP4 stereo-blind,isotope_13c,A,isotope_13c_098,0.0,2027
ECFP4 stereo-blind,isotope_13c,A,isotope_13c_099,0.0,2027
ECFP4 stereo-blind,ring_size,A,ring_size_000,0.10235462003836351,2027
ECFP4 stereo-blind,ring_size,A,ring_size_001,0.10235462003836351,2027
ECFP4 stereo-blind,ring_size,A,ring_size_002,0.10235462003836351,2027
ECFP4 stereo-blind,ring_size,A,ring_size_003,0.10235462003836351,2027
ECFP4 stereo-blind,ring_size,A,ring_size_004,0.10235462003836351,2027
ECFP4 stereo-blind,ring_size,A,ring_size_005,0.10235462003836351,2027
ECFP4 stereo-blind,ring_size,A,ring_size_006,0.10235462003836351,2027
ECFP4 stereo-blind,ring_size,A,ring_size_007,0.0,2027
ECFP4 stereo-blind,ring_size,A,ring_size_008,0.10235462003836351,2027
ECFP4 stereo-blind,ring_size,A,ring_size_009,0.10235462003836351,2027
ECFP4 stereo-blind,ring_size,A,ring_size_010,0.10235462003836351,2027
ECFP4 stereo-blind,ring_size,A,ring_size_011,0.10235462003836351,2027
ECFP4 stereo-blind,ring_size,A,ring_size_012,0.10235462003836351,2027
ECFP4 stereo-blind,ring_size,A,ring_size_013,0.10235462003836351,2027
ECFP4 stereo-blind,ring_size,A,ring_size_014,0.10235462003836351,2027
ECFP4 stereo-blind,ring_size,A,ring_size_015,0.10235462003836351,2027
ECFP4 stereo-blind,ring_size,A,ring_size_016,0.10235462003836351,2027
ECFP4 stereo-blind,ring_size,A,ring_size_017,0.10235462003836351,2027
ECFP4 stereo-blind,ring_size,A,ring_size_018,0.10235462003836351,2027
ECFP4 stereo-blind,ring_size,A,ring_size_019,0.0,2027
ECFP4 stereo-blind,ring_size,A,ring_size_020,0.10235462003836351,2027
ECFP4 stereo-blind,ring_size,A,ring_size_021,0.10235462003836351,2027
ECFP4 stereo-blind,ring_size,A,ring_size_022,0.10235462003836351,2027
ECFP4 stereo-blind,ring_size,A,ring_size_023,0.0,2027
ECFP4 stereo-blind,ring_size,A,ring_size_024,0.10235462003836351,2027
ECFP4 stereo-blind,ring_size,A,ring_size_025,0.10235462003836351,2027
ECFP4 stereo-blind,ring_size,A,ring_size_026,0.10235462003836351,2027
ECFP4 stereo-blind,ring_size,A,ring_size_027,0.10235462003836351,2027
ECFP4 stereo-blind,ring_size,A,ring_size_028,0.10235462003836351,2027
ECFP4 stereo-blind,ring_size,A,ring_size_029,0.10235462003836351,2027
ECFP4 stereo-blind,ring_size,A,ring_size_030,0.10235462003836351,2027
ECFP4 stereo-blind,ring_size,A,ring_size_031,0.10235462003836351,2027
ECFP4 stereo-blind,ring_size,A,ring_size_032,0.10235462003836351,2027
ECFP4 stereo-blind,ring_size,A,ring_size_033,0.10235462003836351,2027
ECFP4 stereo-blind,ring_size,A,ring_size_034,0.10235462003836351,2027
ECFP4 stereo-blind,ring_size,A,ring_size_035,0.10235462003836351,2027
ECFP4 stereo-blind,ring_size,A,ring_size_036,0.10235462003836351,2027
ECFP4 stereo-blind,ring_size,A,ring_size_037,0.10235462003836351,2027
ECFP4 stereo-blind,ring_size,A,ring_size_038,0.10235462003836351,2027
ECFP4 stereo-blind,ring_size,A,ring_size_039,0.10235462003836351,2027
ECFP4 stereo-blind,ring_size,A,ring_size_040,0.10235462003836351,2027
ECFP4 stereo-blind,ring_size,A,ring_size_041,0.10235462003836351,2027
ECFP4 stereo-blind,ring_size,A,ring_size_042,0.10235462003836351,2027
ECFP4 stereo-blind,ring_size,A,ring_size_043,0.10235462003836351,2027
ECFP4 stereo-blind,ring_size,A,ring_size_044,0.10235462003836351,2027
ECFP4 stereo-blind,ring_size,A,ring_size_045,0.10235462003836351,2027
ECFP4 stereo-blind,ring_size,A,ring_size_046,0.10235462003836351,2027
ECFP4 stereo-blind,ring_size,A,ring_size_047,0.10235462003836351,2027
ECFP4 stereo-blind,ring_size,A,ring_size_048,0.10235462003836351,2027
ECFP4 stereo-blind,ring_size,A,ring_size_049,0.10235462003836351,2027
ECFP4 stereo-blind,ring_size,A,ring_size_050,0.10235462003836351,2027
ECFP4 stereo-blind,ring_size,A,ring_size_051,0.10235462003836351,2027
ECFP4 stereo-blind,ring_size,A,ring_size_052,0.10235462003836351,2027
ECFP4 stereo-blind,ring_size,A,ring_size_053,0.10235462003836351,2027
ECFP4 stereo-blind,ring_size,A,ring_size_054,0.10235462003836351,2027
ECFP4 stereo-blind,ring_size,A,ring_size_055,0.10235462003836351,2027
ECFP4 stereo-blind,ring_size,A,ring_size_056,0.10235462003836351,2027
ECFP4 stereo-blind,ring_size,A,ring_size_057,0.0,2027
ECFP4 stereo-blind,ring_size,A,ring_size_058,0.10235462003836351,2027
ECFP4 stereo-blind,ring_size,A,ring_size_059,0.10235462003836351,2027
ECFP4 stereo-blind,ring_size,A,ring_size_060,0.10235462003836351,2027
ECFP4 stereo-blind,ring_size,A,ring_size_061,0.10235462003836351,2027
ECFP4 stereo-blind,ring_size,A,ring_size_062,0.10235462003836351,2027
ECFP4 stereo-blind,ring_size,A,ring_size_063,0.10235462003836351,2027
ECFP4 stereo-blind,ring_size,A,ring_size_064,0.10235462003836351,2027
ECFP4 stereo-blind,ring_size,A,ring_size_065,0.10235462003836351,2027
ECFP4 stereo-blind,ring_size,A,ring_size_066,0.10235462003836351,2027
ECFP4 stereo-blind,ring_size,A,ring_size_067,0.10235462003836351,2027
ECFP4 stereo-blind,ring_size,A,ring_size_068,0.10235462003836351,2027
ECFP4 stereo-blind,ring_size,A,ring_size_069,0.0,2027
ECFP4 stereo-blind,ring_size,A,ring_size_070,0.10235462003836351,2027
ECFP4 stereo-blind,ring_size,A,ring_size_071,0.10235462003836351,2027
ECFP4 stereo-blind,ring_size,A,ring_size_072,0.10235462003836351,2027
ECFP4 stereo-blind,ring_size,A,ring_size_073,0.10235462003836351,2027
ECFP4 stereo-blind,ring_size,A,ring_size_074,0.10235462003836351,2027
ECFP4 stereo-blind,ring_size,A,ring_size_075,0.10235462003836351,2027
ECFP4 stereo-blind,ring_size,A,ring_size_076,0.10235462003836351,2027
ECFP4 stereo-blind,ring_size,A,ring_size_077,0.10235462003836351,2027
ECFP4 stereo-blind,ring_size,A,ring_size_078,0.10235462003836351,2027
ECFP4 stereo-blind,ring_size,A,ring_size_079,0.10235462003836351,2027
ECFP4 stereo-blind,ring_size,A,ring_size_080,0.10235462003836351,2027
ECFP4 stereo-blind,ring_size,A,ring_size_081,0.10235462003836351,2027
ECFP4 stereo-blind,ring_size,A,ring_size_082,0.0,2027
ECFP4 stereo-blind,ring_size,A,ring_size_083,0.0,2027
ECFP4 stereo-blind,ring_size,A,ring_size_084,0.10235462003836351,2027
ECFP4 stereo-blind,ring_size,A,ring_size_085,0.10235462003836351,2027
ECFP4 stereo-blind,ring_size,A,ring_size_086,0.10235462003836351,2027
ECFP4 stereo-blind,ring_size,A,ring_size_087,0.10235462003836351,2027
ECFP4 stereo-blind,ring_size,A,ring_size_088,0.10235462003836351,2027
ECFP4 stereo-blind,ring_size,A,ring_size_089,0.10235462003836351,2027
ECFP4 stereo-blind,ring_size,A,ring_size_090,0.10235462003836351,2027
ECFP4 stereo-blind,ring_size,A,ring_size_091,0.10235462003836351,2027
ECFP4 stereo-blind,ring_size,A,ring_size_092,0.10235462003836351,2027
ECFP4 stereo-blind,ring_size,A,ring_size_093,0.10235462003836351,2027
ECFP4 stereo-blind,ring_size,A,ring_size_094,0.10235462003836351,2027
ECFP4 stereo-blind,ring_size,A,ring_size_095,0.10235462003836351,2027
ECFP4 stereo-blind,ring_size,A,ring_size_096,0.10235462003836351,2027
ECFP4 stereo-blind,ring_size,A,ring_size_097,0.10235462003836351,2027
ECFP4 stereo-blind,ring_size,A,ring_size_098,0.10235462003836351,2027
ECFP4 stereo-blind,ring_size,A,ring_size_099,0.10235462003836351,2027
ECFP4 stereo-blind,regioisomer,A,regioisomer_000,0.5894479667839124,2027
ECFP4 stereo-blind,regioisomer,A,regioisomer_001,0.8560227692569582,2027
ECFP4 stereo-blind,regioisomer,A,regioisomer_002,1.051629548931193,2027
ECFP4 stereo-blind,regioisomer,A,regioisomer_003,1.0520881416241055,2027
ECFP4 stereo-blind,regioisomer,A,regioisomer_004,0.8565092378091097,2027
ECFP4 stereo-blind,regioisomer,A,regioisomer_005,0.5446294231838775,2027
ECFP4 stereo-blind,regioisomer,A,regioisomer_006,1.0218501567015683,2027
ECFP4 stereo-blind,regioisomer,A,regioisomer_007,0.8607311636150795,2027
ECFP4 stereo-blind,regioisomer,A,regioisomer_008,0.8098717516015491,2027
ECFP4 stereo-blind,regioisomer,A,regioisomer_009,0.8741312944676667,2027
ECFP4 stereo-blind,regioisomer,A,regioisomer_010,0.9872985902611136,2027
ECFP4 stereo-blind,regioisomer,A,regioisomer_011,0.7784862237610979,2027
ECFP4 stereo-blind,regioisomer,A,regioisomer_012,0.7358779202763456,2027
ECFP4 stereo-blind,regioisomer,A,regioisomer_013,0.7033463397268471,2027
ECFP4 stereo-blind,regioisomer,A,regioisomer_014,0.6418771950139557,2027
ECFP4 stereo-blind,regioisomer,A,regioisomer_015,0.6609285688358024,2027
ECFP4 stereo-blind,regioisomer,A,regioisomer_016,0.6377349339961117,2027
ECFP4 stereo-blind,regioisomer,A,regioisomer_017,0.7091641094522583,2027
ECFP4 stereo-blind,regioisomer,A,regioisomer_018,0.9922763757861799,2027
ECFP4 stereo-blind,regioisomer,A,regioisomer_019,0.750729692207605,2027
ECFP4 stereo-blind,regioisomer,A,regioisomer_020,0.7492751651855392,2027
ECFP4 stereo-blind,regioisomer,A,regioisomer_021,0.654838106349747,2027
ECFP4 stereo-blind,regioisomer,A,regioisomer_022,0.5899224482903616,2027
ECFP4 stereo-blind,regioisomer,A,regioisomer_023,0.7592157746658357,2027
ECFP4 stereo-blind,regioisomer,A,regioisomer_024,0.5175799003606507,2027
ECFP4 stereo-blind,regioisomer,A,regioisomer_025,0.7122011430175417,2027
ECFP4 stereo-blind,regioisomer,A,regioisomer_026,0.6196562274036224,2027
ECFP4 stereo-blind,regioisomer,A,regioisomer_027,0.8660713942193476,2027
ECFP4 stereo-blind,regioisomer,A,regioisomer_028,0.7273277732185708,2027
ECFP4 stereo-blind,regioisomer,A,regioisomer_029,0.666532232041503,2027
ECFP4 stereo-blind,regioisomer,A,regioisomer_030,0.8387537391133537,2027
ECFP4 stereo-blind,regioisomer,A,regioisomer_031,0.9179471773080027,2027
ECFP4 stereo-blind,regioisomer,A,regioisomer_032,0.7484499973887178,2027
ECFP4 stereo-blind,regioisomer,A,regioisomer_033,0.5183086608412376,2027
ECFP4 stereo-blind,regioisomer,A,regioisomer_034,0.905821819905873,2027
ECFP4 stereo-blind,regioisomer,A,regioisomer_035,0.7197495511407598,2027
ECFP4 stereo-blind,regioisomer,A,regioisomer_036,0.8460925933237856,2027
ECFP4 stereo-blind,regioisomer,A,regioisomer_037,0.5019827612883475,2027
ECFP4 stereo-blind,regioisomer,A,regioisomer_038,0.6685777093307882,2027
ECFP4 stereo-blind,regioisomer,A,regioisomer_039,0.5828473825364711,2027
ECFP4 stereo-blind,regioisomer,A,regioisomer_040,0.6389649503527703,2027
ECFP4 stereo-blind,regioisomer,A,regioisomer_041,0.6375679899260618,2027
ECFP4 stereo-blind,regioisomer,A,regioisomer_042,0.8341863702431686,2027
ECFP4 stereo-blind,regioisomer,A,regioisomer_043,0.6651168532847649,2027
ECFP4 stereo-blind,regioisomer,A,regioisomer_044,0.6997927163858871,2027
ECFP4 stereo-blind,regioisomer,A,regioisomer_045,1.0480711440416748,2027
ECFP4 stereo-blind,regioisomer,A,regioisomer_046,0.6643872325409621,2027
ECFP4 stereo-blind,regioisomer,A,regioisomer_047,0.5053094402618243,2027
ECFP4 stereo-blind,regioisomer,A,regioisomer_048,0.8781111584784943,2027
ECFP4 stereo-blind,regioisomer,A,regioisomer_049,0.9229875907971207,2027
ECFP4 stereo-blind,regioisomer,A,regioisomer_050,0.8217437014446272,2027
ECFP4 stereo-blind,regioisomer,A,regioisomer_051,0.9922763757861799,2027
ECFP4 stereo-blind,regioisomer,A,regioisomer_052,0.8025614634731301,2027
ECFP4 stereo-blind,regioisomer,A,regioisomer_053,0.7203379711165417,2027
ECFP4 stereo-blind,regioisomer,A,regioisomer_054,1.142201281093869,2027
ECFP4 stereo-blind,regioisomer,A,regioisomer_055,0.7496208242269469,2027
ECFP4 stereo-blind,regioisomer,A,regioisomer_056,1.0175154051471502,2027
ECFP4 stereo-blind,regioisomer,A,regioisomer_057,0.8595371297131529,2027
ECFP4 stereo-blind,regioisomer,A,regioisomer_058,0.6674782730135682,2027
ECFP4 stereo-blind,regioisomer,A,regioisomer_059,0.5930098873437465,2027
ECFP4 stereo-blind,regioisomer,A,regioisomer_060,0.7063220125085349,2027
ECFP4 stereo-blind,regioisomer,A,regioisomer_061,0.7209702532275706,2027
ECFP4 stereo-blind,regioisomer,A,regioisomer_062,0.9130695329370051,2027
ECFP4 stereo-blind,regioisomer,A,regioisomer_063,0.47394131878239637,2027
ECFP4 stereo-blind,regioisomer,A,regioisomer_064,0.7010296066572403,2027
ECFP4 stereo-blind,regioisomer,A,regioisomer_065,0.7099912126174543,2027
ECFP4 stereo-blind,regioisomer,A,regioisomer_066,0.6182856889521868,2027
ECFP4 stereo-blind,regioisomer,A,regioisomer_067,0.6536777883957666,2027
ECFP4 stereo-blind,regioisomer,A,regioisomer_068,0.9391872342675366,2027
ECFP4 stereo-blind,regioisomer,A,regioisomer_069,1.0521811935647176,2027
ECFP4 stereo-blind,regioisomer,A,regioisomer_070,0.5362989417741256,2027
ECFP4 stereo-blind,regioisomer,A,regioisomer_071,0.5650752849358952,2027
ECFP4 stereo-blind,regioisomer,A,regioisomer_072,0.8265422015485031,2027
ECFP4 stereo-blind,regioisomer,A,regioisomer_073,0.8073645817599655,2027
ECFP4 stereo-blind,regioisomer,A,regioisomer_074,0.6633907528110463,2027
ECFP4 stereo-blind,regioisomer,A,regioisomer_075,0.5925405410692073,2027
ECFP4 stereo-blind,regioisomer,A,regioisomer_076,1.1668137961331453,2027
ECFP4 stereo-blind,regioisomer,A,regioisomer_077,0.39331479236954375,2027
ECFP4 stereo-blind,regioisomer,A,regioisomer_078,0.950208575400007,2027
ECFP4 stereo-blind,regioisomer,A,regioisomer_079,0.9616925270761072,2027
ECFP4 stereo-blind,regioisomer,A,regioisomer_080,0.6718162484904344,2027
ECFP4 stereo-blind,regioisomer,A,regioisomer_081,0.7150616011702184,2027
ECFP4 stereo-blind,regioisomer,A,regioisomer_082,0.7898137585479492,2027
ECFP4 stereo-blind,regioisomer,A,regioisomer_083,0.8836889813825726,2027
ECFP4 stereo-blind,regioisomer,A,regioisomer_084,0.8037762117700565,2027
ECFP4 stereo-blind,regioisomer,A,regioisomer_085,0.7414786100826081,2027
ECFP4 stereo-blind,regioisomer,A,regioisomer_086,1.0031315631366022,2027
ECFP4 stereo-blind,regioisomer,A,regioisomer_087,0.8502835540663188,2027
ECFP4 stereo-blind,regioisomer,A,regioisomer_088,0.6299596593018968,2027
ECFP4 stereo-blind,regioisomer,A,regioisomer_089,0.6648992000262522,2027
ECFP4 stereo-blind,regioisomer,A,regioisomer_090,0.6489107374274788,2027
ECFP4 stereo-blind,regioisomer,A,regioisomer_091,0.7661588776425197,2027
ECFP4 stereo-blind,regioisomer,A,regioisomer_092,0.7704127768299294,2027
ECFP4 stereo-blind,regioisomer,A,regioisomer_093,0.7105724899396088,2027
ECFP4 stereo-blind,regioisomer,A,regioisomer_094,0.7872684343209879,2027
ECFP4 stereo-blind,regioisomer,A,regioisomer_095,0.6424711776312686,2027
ECFP4 stereo-blind,regioisomer,A,regioisomer_096,0.5053094402618243,2027
ECFP4 stereo-blind,regioisomer,A,regioisomer_097,0.85416780976916,2027
ECFP4 stereo-blind,regioisomer,A,regioisomer_098,0.768635338552209,2027
ECFP4 stereo-blind,regioisomer,A,regioisomer_099,0.7759934511310775,2027
ECFP4 stereo-blind,matched_mw,A,matched_mw_000,0.6465535472757675,2027
ECFP4 stereo-blind,matched_mw,A,matched_mw_001,1.0573682967630187,2027
ECFP4 stereo-blind,matched_mw,A,matched_mw_002,1.0692793635297684,2027
ECFP4 stereo-blind,matched_mw,A,matched_mw_003,0.7071851641622832,2027
ECFP4 stereo-blind,matched_mw,A,matched_mw_004,0.9918542550559052,2027
ECFP4 stereo-blind,matched_mw,A,matched_mw_005,0.43253170629625537,2027
ECFP4 stereo-blind,matched_mw,A,matched_mw_006,0.5339711834104,2027
ECFP4 stereo-blind,matched_mw,A,matched_mw_007,0.781972832675259,2027
ECFP4 stereo-blind,matched_mw,A,matched_mw_008,0.83849493460358,2027
ECFP4 stereo-blind,matched_mw,A,matched_mw_009,0.9110132874363589,2027
ECFP4 stereo-blind,matched_mw,A,matched_mw_010,0.6858256369032225,2027
ECFP4 stereo-blind,matched_mw,A,matched_mw_011,0.5695498015794088,2027
ECFP4 stereo-blind,matched_mw,A,matched_mw_012,0.5797860437406275,2027
ECFP4 stereo-blind,matched_mw,A,matched_mw_013,0.7418654388411655,2027
ECFP4 stereo-blind,matched_mw,A,matched_mw_014,0.9404578057559128,2027
ECFP4 stereo-blind,matched_mw,A,matched_mw_015,0.6721794679554142,2027
ECFP4 stereo-blind,matched_mw,A,matched_mw_016,0.9744360325167746,2027
ECFP4 stereo-blind,matched_mw,A,matched_mw_017,0.9553067234619965,2027
ECFP4 stereo-blind,matched_mw,A,matched_mw_018,0.638965177878293,2027
ECFP4 stereo-blind,matched_mw,A,matched_mw_019,0.9986572374365331,2027
ECFP4 stereo-blind,matched_mw,A,matched_mw_020,0.6537768885621733,2027
ECFP4 stereo-blind,matched_mw,A,matched_mw_021,1.1678471773171777,2027
ECFP4 stereo-blind,matched_mw,A,matched_mw_022,1.2305271059201277,2027
ECFP4 stereo-blind,matched_mw,A,matched_mw_023,0.9243020796497542,2027
ECFP4 stereo-blind,matched_mw,A,matched_mw_024,1.3923448830306706,2027
ECFP4 stereo-blind,matched_mw,A,matched_mw_025,1.3852370672158636,2027
ECFP4 stereo-blind,matched_mw,A,matched_mw_026,0.6459515504949374,2027
ECFP4 stereo-blind,matched_mw,A,matched_mw_027,0.7975602753801738,2027
ECFP4 stereo-blind,matched_mw,A,matched_mw_028,0.9943159535690121,2027
ECFP4 stereo-blind,matched_mw,A,matched_mw_029,0.7378545190506975,2027
ECFP4 stereo-blind,matched_mw,A,matched_mw_030,0.6621650723315214,2027
ECFP4 stereo-blind,matched_mw,A,matched_mw_031,0.7390572717102176,2027
ECFP4 stereo-blind,matched_mw,A,matched_mw_032,1.3442833497201252,2027
ECFP4 stereo-blind,matched_mw,A,matched_mw_033,1.3157670544828823,2027
ECFP4 stereo-blind,matched_mw,A,matched_mw_034,0.7585256985031481,2027
ECFP4 stereo-blind,matched_mw,A,matched_mw_035,0.7138719857986286,2027
ECFP4 stereo-blind,matched_mw,A,matched_mw_036,0.9087228556484012,2027
ECFP4 stereo-blind,matched_mw,A,matched_mw_037,0.9910176284530017,2027
ECFP4 stereo-blind,matched_mw,A,matched_mw_038,1.1231822560581723,2027
ECFP4 stereo-blind,matched_mw,A,matched_mw_039,0.8274391188698649,2027
ECFP4 stereo-blind,matched_mw,A,matched_mw_040,0.6156709190705492,2027
ECFP4 stereo-blind,matched_mw,A,matched_mw_041,1.0974232568437565,2027
ECFP4 stereo-blind,matched_mw,A,matched_mw_042,1.0801388366036937,2027
ECFP4 stereo-blind,matched_mw,A,matched_mw_043,0.8169558550287656,2027
ECFP4 stereo-blind,matched_mw,A,matched_mw_044,0.9913269464657906,2027
ECFP4 stereo-blind,matched_mw,A,matched_mw_045,1.1818867411076857,2027
ECFP4 stereo-blind,matched_mw,A,matched_mw_046,0.9048669279954031,2027
ECFP4 stereo-blind,matched_mw,A,matched_mw_047,1.0977524328488941,2027
ECFP4 stereo-blind,matched_mw,A,matched_mw_048,1.0379708096365514,2027
ECFP4 stereo-blind,matched_mw,A,matched_mw_049,0.9580492646972623,2027
ECFP4 stereo-blind,matched_mw,A,matched_mw_050,0.9513975005408485,2027
ECFP4 stereo-blind,matched_mw,A,matched_mw_051,1.0387282896689753,2027
ECFP4 stereo-blind,matched_mw,A,matched_mw_052,0.8628077521340547,2027
ECFP4 stereo-blind,matched_mw,A,matched_mw_053,0.7482925353887215,2027
ECFP4 stereo-blind,matched_mw,A,matched_mw_054,1.0569413373943262,2027
ECFP4 stereo-blind,matched_mw,A,matched_mw_055,1.1683070385848577,2027
ECFP4 stereo-blind,matched_mw,A,matched_mw_056,1.0708050518267294,2027
ECFP4 stereo-blind,matched_mw,A,matched_mw_057,0.8831465797539845,2027
ECFP4 stereo-blind,matched_mw,A,matched_mw_058,0.7002966630300013,2027
ECFP4 stereo-blind,matched_mw,A,matched_mw_059,0.7487582487620016,2027
ECFP4 stereo-blind,matched_mw,A,matched_mw_060,0.9401262896201577,2027
ECFP4 stereo-blind,matched_mw,A,matched_mw_061,1.1260688582970368,2027
ECFP4 stereo-blind,matched_mw,A,matched_mw_062,0.6918889642946185,2027
ECFP4 stereo-blind,matched_mw,A,matched_mw_063,0.46928425373704136,2027
ECFP4 stereo-blind,matched_mw,A,matched_mw_064,0.9721084163010745,2027
ECFP4 stereo-blind,matched_mw,A,matched_mw_065,0.9625608512151077,2027
ECFP4 stereo-blind,matched_mw,A,matched_mw_066,0.6157723588267988,2027
ECFP4 stereo-blind,matched_mw,A,matched_mw_067,0.798695756692851,2027
ECFP4 stereo-blind,matched_mw,A,matched_mw_068,0.8359510691770125,2027
ECFP4 stereo-blind,matched_mw,A,matched_mw_069,0.9643772763490458,2027
ECFP4 stereo-blind,matched_mw,A,matched_mw_070,1.143172879332738,2027
ECFP4 stereo-blind,matched_mw,A,matched_mw_071,1.1075830805884297,2027
ECFP4 stereo-blind,matched_mw,A,matched_mw_072,0.9764292252428146,2027
ECFP4 stereo-blind,matched_mw,A,matched_mw_073,0.859737021366716,2027
ECFP4 stereo-blind,matched_mw,A,matched_mw_074,1.0764671384841193,2027
ECFP4 stereo-blind,matched_mw,A,matched_mw_075,1.0280052159728632,2027
ECFP4 stereo-blind,matched_mw,A,matched_mw_076,1.182352991853724,2027
ECFP4 stereo-blind,matched_mw,A,matched_mw_077,0.8213135721594643,2027
ECFP4 stereo-blind,matched_mw,A,matched_mw_078,0.6691997006620222,2027
ECFP4 stereo-blind,matched_mw,A,matched_mw_079,0.8298418821505963,2027
ECFP4 stereo-blind,matched_mw,A,matched_mw_080,0.8117888575293352,2027
ECFP4 stereo-blind,matched_mw,A,matched_mw_081,1.1267549885422037,2027
ECFP4 stereo-blind,matched_mw,A,matched_mw_082,1.181052347893767,2027
ECFP4 stereo-blind,matched_mw,A,matched_mw_083,1.2049878870442556,2027
ECFP4 stereo-blind,matched_mw,A,matched_mw_084,0.9837288351184034,2027
ECFP4 stereo-blind,matched_mw,A,matched_mw_085,0.7442056506555831,2027
ECFP4 stereo-blind,matched_mw,A,matched_mw_086,0.8019595441594946,2027
ECFP4 stereo-blind,matched_mw,A,matched_mw_087,0.9385040885011998,2027
ECFP4 stereo-blind,matched_mw,A,matched_mw_088,1.19065529153289,2027
ECFP4 stereo-blind,matched_mw,A,matched_mw_089,1.1235308894343776,2027
ECFP4 stereo-blind,matched_mw,A,matched_mw_090,0.6245636107093729,2027
ECFP4 stereo-blind,matched_mw,A,matched_mw_091,0.5835111835411729,2027
ECFP4 stereo-blind,matched_mw,A,matched_mw_092,0.9017712136903412,2027
ECFP4 stereo-blind,matched_mw,A,matched_mw_093,0.9194538312559581,2027
ECFP4 stereo-blind,matched_mw,A,matched_mw_094,1.0355031229279317,2027
ECFP4 stereo-blind,matched_mw,A,matched_mw_095,0.6975997690337064,2027
ECFP4 stereo-blind,matched_mw,A,matched_mw_096,0.9881568273148311,2027
ECFP4 stereo-blind,matched_mw,A,matched_mw_097,0.9173226139023901,2027
ECFP4 stereo-blind,matched_mw,A,matched_mw_098,1.1464661624757522,2027
ECFP4 stereo-blind,matched_mw,A,matched_mw_099,1.5773996168694908,2027
ECFP4 stereo-blind,matched_descriptors,A,matched_descriptors_000,1.2538372706860827,2027
ECFP4 stereo-blind,matched_descriptors,A,matched_descriptors_001,1.258682614207545,2027
ECFP4 stereo-blind,matched_descriptors,A,matched_descriptors_002,1.2399494355077112,2027
ECFP4 stereo-blind,matched_descriptors,A,matched_descriptors_003,0.5852198140767684,2027
ECFP4 stereo-blind,matched_descriptors,A,matched_descriptors_004,0.9635188520115313,2027
ECFP4 stereo-blind,matched_descriptors,A,matched_descriptors_005,1.2051294901835814,2027
ECFP4 stereo-blind,matched_descriptors,A,matched_descriptors_006,1.3460694399589497,2027
ECFP4 stereo-blind,matched_descriptors,A,matched_descriptors_007,1.3232489899787243,2027
ECFP4 stereo-blind,matched_descriptors,A,matched_descriptors_008,1.280132346928173,2027
ECFP4 stereo-blind,matched_descriptors,A,matched_descriptors_009,1.1968615929576278,2027
ECFP4 stereo-blind,matched_descriptors,A,matched_descriptors_010,1.2482039305445782,2027
ECFP4 stereo-blind,matched_descriptors,A,matched_descriptors_011,1.0223510856990885,2027
ECFP4 stereo-blind,matched_descriptors,A,matched_descriptors_012,0.8804647995261017,2027
ECFP4 stereo-blind,matched_descriptors,A,matched_descriptors_013,1.34119103494871,2027
ECFP4 stereo-blind,matched_descriptors,A,matched_descriptors_014,0.729541019025665,2027
ECFP4 stereo-blind,matched_descriptors,A,matched_descriptors_015,1.3365601617104752,2027
ECFP4 stereo-blind,matched_descriptors,A,matched_descriptors_016,1.52396804263729,2027
ECFP4 stereo-blind,matched_descriptors,A,matched_descriptors_017,1.178322046250908,2027
ECFP4 stereo-blind,matched_descriptors,A,matched_descriptors_018,1.410298875414012,2027
ECFP4 stereo-blind,matched_descriptors,A,matched_descriptors_019,0.7605776115110031,2027
ECFP4 stereo-blind,matched_descriptors,A,matched_descriptors_020,1.9064158116403105,2027
ECFP4 stereo-blind,matched_descriptors,A,matched_descriptors_021,1.0415333117551957,2027
ECFP4 stereo-blind,matched_descriptors,A,matched_descriptors_022,1.4806757136618647,2027
ECFP4 stereo-blind,matched_descriptors,A,matched_descriptors_023,1.1474297949983026,2027
ECFP4 stereo-blind,matched_descriptors,A,matched_descriptors_024,1.2950987937468266,2027
ECFP4 stereo-blind,matched_descriptors,A,matched_descriptors_025,1.133381921069703,2027
ECFP4 stereo-blind,matched_descriptors,A,matched_descriptors_026,1.48073020402018,2027
ECFP4 stereo-blind,matched_descriptors,A,matched_descriptors_027,0.8721641907528861,2027
ECFP4 stereo-blind,matched_descriptors,A,matched_descriptors_028,0.9202382288384066,2027
ECFP4 stereo-blind,matched_descriptors,A,matched_descriptors_029,1.154986825343053,2027
ECFP4 stereo-blind,matched_descriptors,A,matched_descriptors_030,1.3938007937000663,2027
ECFP4 stereo-blind,matched_descriptors,A,matched_descriptors_031,1.290567774547026,2027
ECFP4 stereo-blind,matched_descriptors,A,matched_descriptors_032,1.353386224843192,2027
ECFP4 stereo-blind,matched_descriptors,A,matched_descriptors_033,1.0493220119616058,2027
ECFP4 stereo-blind,matched_descriptors,A,matched_descriptors_034,1.3375019157593175,2027
ECFP4 stereo-blind,matched_descriptors,A,matched_descriptors_035,1.3893069115110788,2027
ECFP4 stereo-blind,matched_descriptors,A,matched_descriptors_036,0.7755539097594062,2027
ECFP4 stereo-blind,matched_descriptors,A,matched_descriptors_037,1.2648626983432143,2027
ECFP4 stereo-blind,matched_descriptors,A,matched_descriptors_038,1.107797800677598,2027
ECFP4 stereo-blind,matched_descriptors,A,matched_descriptors_039,1.2992306528150985,2027
ECFP4 stereo-blind,matched_descriptors,A,matched_descriptors_040,1.693547035055338,2027
ECFP4 stereo-blind,matched_descriptors,A,matched_descriptors_041,0.6453099321889251,2027
ECFP4 stereo-blind,matched_descriptors,A,matched_descriptors_042,1.1736319836950366,2027
ECFP4 stereo-blind,matched_descriptors,A,matched_descriptors_043,0.8170734397432978,2027
ECFP4 stereo-blind,matched_descriptors,A,matched_descriptors_044,1.126619689546697,2027
ECFP4 stereo-blind,matched_descriptors,A,matched_descriptors_045,1.3885238060699223,2027
ECFP4 stereo-blind,matched_descriptors,A,matched_descriptors_046,1.238757138319595,2027
ECFP4 stereo-blind,matched_descriptors,A,matched_descriptors_047,1.2603747606262399,2027
ECFP4 stereo-blind,matched_descriptors,A,matched_descriptors_048,1.4476414705913414,2027
ECFP4 stereo-blind,matched_descriptors,A,matched_descriptors_049,1.2211160211262473,2027
ECFP4 stereo-blind,matched_descriptors,A,matched_descriptors_050,1.4059439602994137,2027
ECFP4 stereo-blind,matched_descriptors,A,matched_descriptors_051,1.4345510841820333,2027
ECFP4 stereo-blind,matched_descriptors,A,matched_descriptors_052,1.423945250800775,2027
ECFP4 stereo-blind,matched_descriptors,A,matched_descriptors_053,1.0832736818376105,2027
ECFP4 stereo-blind,matched_descriptors,A,matched_descriptors_054,1.3126802622101963,2027
ECFP4 stereo-blind,matched_descriptors,A,matched_descriptors_055,1.0907998739356395,2027
ECFP4 stereo-blind,matched_descriptors,A,matched_descriptors_056,1.3350704719504294,2027
ECFP4 stereo-blind,matched_descriptors,A,matched_descriptors_057,1.1748451563129247,2027
ECFP4 stereo-blind,matched_descriptors,A,matched_descriptors_058,1.3739105064110173,2027
ECFP4 stereo-blind,matched_descriptors,A,matched_descriptors_059,1.0013111708772011,2027
ECFP4 stereo-blind,matched_descriptors,A,matched_descriptors_060,1.0941290277582127,2027
ECFP4 stereo-blind,matched_descriptors,A,matched_descriptors_061,1.332675980089156,2027
ECFP4 stereo-blind,matched_descriptors,A,matched_descriptors_062,1.6768452285867719,2027
ECFP4 stereo-blind,matched_descriptors,A,matched_descriptors_063,1.6178908071312432,2027
ECFP4 stereo-blind,matched_descriptors,A,matched_descriptors_064,1.359223692407452,2027
ECFP4 stereo-blind,matched_descriptors,A,matched_descriptors_065,1.2518902515937436,2027
ECFP4 stereo-blind,matched_descriptors,A,matched_descriptors_066,1.301439619407222,2027
ECFP4 stereo-blind,matched_descriptors,A,matched_descriptors_067,1.32028711184648,2027
ECFP4 stereo-blind,matched_descriptors,A,matched_descriptors_068,1.1062373590877268,2027
ECFP4 stereo-blind,matched_descriptors,A,matched_descriptors_069,1.1675551106580084,2027
ECFP4 stereo-blind,matched_descriptors,A,matched_descriptors_070,1.6971123230545961,2027
ECFP4 stereo-blind,matched_descriptors,A,matched_descriptors_071,1.1880277349166097,2027
ECFP4 stereo-blind,matched_descriptors,A,matched_descriptors_072,1.2042399190971156,2027
ECFP4 stereo-blind,matched_descriptors,A,matched_descriptors_073,1.000402216876935,2027
ECFP4 stereo-blind,matched_descriptors,A,matched_descriptors_074,1.4583130889828744,2027
ECFP4 stereo-blind,matched_descriptors,A,matched_descriptors_075,1.0932137019865917,2027
ECFP4 stereo-blind,matched_descriptors,A,matched_descriptors_076,0.44524172634995,2027
ECFP4 stereo-blind,matched_descriptors,A,matched_descriptors_077,0.4652391799708846,2027
ECFP4 stereo-blind,matched_descriptors,A,matched_descriptors_078,1.4040575269225215,2027
ECFP4 stereo-blind,matched_descriptors,A,matched_descriptors_079,1.1922945824482927,2027
ECFP4 stereo-blind,matched_descriptors,A,matched_descriptors_080,1.2607562488297681,2027
ECFP4 stereo-blind,matched_descriptors,A,matched_descriptors_081,1.2938911423994328,2027
ECFP4 stereo-blind,matched_descriptors,A,matched_descriptors_082,1.3581744147423875,2027
ECFP4 stereo-blind,matched_descriptors,A,matched_descriptors_083,1.2304548051199722,2027
ECFP4 stereo-blind,matched_descriptors,A,matched_descriptors_084,1.1965455364650115,2027
ECFP4 stereo-blind,matched_descriptors,A,matched_descriptors_085,1.3977427242723903,2027
ECFP4 stereo-blind,matched_descriptors,A,matched_descriptors_086,0.9945555808601195,2027
ECFP4 stereo-blind,matched_descriptors,A,matched_descriptors_087,1.422505666829871,2027
ECFP4 stereo-blind,matched_descriptors,A,matched_descriptors_088,0.9205226804443322,2027
ECFP4 stereo-blind,matched_descriptors,A,matched_descriptors_089,1.3608190387435066,2027
ECFP4 stereo-blind,matched_descriptors,A,matched_descriptors_090,1.4862577874248686,2027
ECFP4 stereo-blind,matched_descriptors,A,matched_descriptors_091,1.4879275561550527,2027
ECFP4 stereo-blind,matched_descriptors,A,matched_descriptors_092,1.5381902114703745,2027
ECFP4 stereo-blind,matched_descriptors,A,matched_descriptors_093,0.8192774938156119,2027
ECFP4 stereo-blind,matched_descriptors,A,matched_descriptors_094,1.6094886273519455,2027
ECFP4 stereo-blind,matched_descriptors,A,matched_descriptors_095,1.3935985451864241,2027
ECFP4 stereo-blind,matched_descriptors,A,matched_descriptors_096,1.0431888239318867,2027
ECFP4 stereo-blind,matched_descriptors,A,matched_descriptors_097,0.9058070673987673,2027
ECFP4 stereo-blind,matched_descriptors,A,matched_descriptors_098,1.4528053686109206,2027
ECFP4 stereo-blind,matched_descriptors,A,matched_descriptors_099,1.321708543914181,2027
ECFP4 stereo-blind,smiles_enumeration,B,smiles_enumeration_000,0.0,2027
ECFP4 stereo-blind,smiles_enumeration,B,smiles_enumeration_001,0.0,2027
ECFP4 stereo-blind,smiles_enumeration,B,smiles_enumeration_002,0.0,2027
ECFP4 stereo-blind,smiles_enumeration,B,smiles_enumeration_003,0.0,2027
ECFP4 stereo-blind,smiles_enumeration,B,smiles_enumeration_004,0.0,2027
ECFP4 stereo-blind,smiles_enumeration,B,smiles_enumeration_005,0.0,2027
ECFP4 stereo-blind,smiles_enumeration,B,smiles_enumeration_006,0.0,2027
ECFP4 stereo-blind,smiles_enumeration,B,smiles_enumeration_007,0.0,2027
ECFP4 stereo-blind,smiles_enumeration,B,smiles_enumeration_008,0.0,2027
ECFP4 stereo-blind,smiles_enumeration,B,smiles_enumeration_009,0.0,2027
ECFP4 stereo-blind,smiles_enumeration,B,smiles_enumeration_010,0.0,2027
ECFP4 stereo-blind,smiles_enumeration,B,smiles_enumeration_011,0.0,2027
ECFP4 stereo-blind,smiles_enumeration,B,smiles_enumeration_012,0.0,2027
ECFP4 stereo-blind,smiles_enumeration,B,smiles_enumeration_013,0.0,2027
ECFP4 stereo-blind,smiles_enumeration,B,smiles_enumeration_014,0.0,2027
ECFP4 stereo-blind,smiles_enumeration,B,smiles_enumeration_015,0.0,2027
ECFP4 stereo-blind,smiles_enumeration,B,smiles_enumeration_016,0.0,2027
ECFP4 stereo-blind,smiles_enumeration,B,smiles_enumeration_017,0.0,2027
ECFP4 stereo-blind,smiles_enumeration,B,smiles_enumeration_018,0.0,2027
ECFP4 stereo-blind,smiles_enumeration,B,smiles_enumeration_019,0.0,2027
ECFP4 stereo-blind,smiles_enumeration,B,smiles_enumeration_020,0.0,2027
ECFP4 stereo-blind,smiles_enumeration,B,smiles_enumeration_021,0.0,2027
ECFP4 stereo-blind,smiles_enumeration,B,smiles_enumeration_022,0.0,2027
ECFP4 stereo-blind,smiles_enumeration,B,smiles_enumeration_023,0.0,2027
ECFP4 stereo-blind,smiles_enumeration,B,smiles_enumeration_024,0.0,2027
ECFP4 stereo-blind,smiles_enumeration,B,smiles_enumeration_025,0.0,2027
ECFP4 stereo-blind,smiles_enumeration,B,smiles_enumeration_026,0.0,2027
ECFP4 stereo-blind,smiles_enumeration,B,smiles_enumeration_027,0.0,2027
ECFP4 stereo-blind,smiles_enumeration,B,smiles_enumeration_028,0.0,2027
ECFP4 stereo-blind,smiles_enumeration,B,smiles_enumeration_029,0.0,2027
ECFP4 stereo-blind,smiles_enumeration,B,smiles_enumeration_030,0.0,2027
ECFP4 stereo-blind,smiles_enumeration,B,smiles_enumeration_031,0.0,2027
ECFP4 stereo-blind,smiles_enumeration,B,smiles_enumeration_032,0.0,2027
ECFP4 stereo-blind,smiles_enumeration,B,smiles_enumeration_033,0.0,2027
ECFP4 stereo-blind,smiles_enumeration,B,smiles_enumeration_034,0.0,2027
ECFP4 stereo-blind,smiles_enumeration,B,smiles_enumeration_035,0.0,2027
ECFP4 stereo-blind,smiles_enumeration,B,smiles_enumeration_036,0.0,2027
ECFP4 stereo-blind,smiles_enumeration,B,smiles_enumeration_037,0.0,2027
ECFP4 stereo-blind,smiles_enumeration,B,smiles_enumeration_038,0.0,2027
ECFP4 stereo-blind,smiles_enumeration,B,smiles_enumeration_039,0.0,2027
ECFP4 stereo-blind,smiles_enumeration,B,smiles_enumeration_040,0.0,2027
ECFP4 stereo-blind,smiles_enumeration,B,smiles_enumeration_041,0.0,2027
ECFP4 stereo-blind,smiles_enumeration,B,smiles_enumeration_042,0.0,2027
ECFP4 stereo-blind,smiles_enumeration,B,smiles_enumeration_043,0.0,2027
ECFP4 stereo-blind,smiles_enumeration,B,smiles_enumeration_044,0.0,2027
ECFP4 stereo-blind,smiles_enumeration,B,smiles_enumeration_045,0.0,2027
ECFP4 stereo-blind,smiles_enumeration,B,smiles_enumeration_046,0.0,2027
ECFP4 stereo-blind,smiles_enumeration,B,smiles_enumeration_047,0.0,2027
ECFP4 stereo-blind,smiles_enumeration,B,smiles_enumeration_048,0.0,2027
ECFP4 stereo-blind,smiles_enumeration,B,smiles_enumeration_049,0.0,2027
ECFP4 stereo-blind,smiles_enumeration,B,smiles_enumeration_050,0.0,2027
ECFP4 stereo-blind,smiles_enumeration,B,smiles_enumeration_051,0.0,2027
ECFP4 stereo-blind,smiles_enumeration,B,smiles_enumeration_052,0.0,2027
ECFP4 stereo-blind,smiles_enumeration,B,smiles_enumeration_053,0.0,2027
ECFP4 stereo-blind,smiles_enumeration,B,smiles_enumeration_054,0.0,2027
ECFP4 stereo-blind,smiles_enumeration,B,smiles_enumeration_055,0.0,2027
ECFP4 stereo-blind,smiles_enumeration,B,smiles_enumeration_056,0.0,2027
ECFP4 stereo-blind,smiles_enumeration,B,smiles_enumeration_057,0.0,2027
ECFP4 stereo-blind,smiles_enumeration,B,smiles_enumeration_058,0.0,2027
ECFP4 stereo-blind,smiles_enumeration,B,smiles_enumeration_059,0.0,2027
ECFP4 stereo-blind,smiles_enumeration,B,smiles_enumeration_060,0.0,2027
ECFP4 stereo-blind,smiles_enumeration,B,smiles_enumeration_061,0.0,2027
ECFP4 stereo-blind,smiles_enumeration,B,smiles_enumeration_062,0.0,2027
ECFP4 stereo-blind,smiles_enumeration,B,smiles_enumeration_063,0.0,2027
ECFP4 stereo-blind,smiles_enumeration,B,smiles_enumeration_064,0.0,2027
ECFP4 stereo-blind,smiles_enumeration,B,smiles_enumeration_065,0.0,2027
ECFP4 stereo-blind,smiles_enumeration,B,smiles_enumeration_066,0.0,2027
ECFP4 stereo-blind,smiles_enumeration,B,smiles_enumeration_067,0.0,2027
ECFP4 stereo-blind,smiles_enumeration,B,smiles_enumeration_068,0.0,2027
ECFP4 stereo-blind,smiles_enumeration,B,smiles_enumeration_069,0.0,2027
ECFP4 stereo-blind,smiles_enumeration,B,smiles_enumeration_070,0.0,2027
ECFP4 stereo-blind,smiles_enumeration,B,smiles_enumeration_071,0.0,2027
ECFP4 stereo-blind,smiles_enumeration,B,smiles_enumeration_072,0.0,2027
ECFP4 stereo-blind,smiles_enumeration,B,smiles_enumeration_073,0.0,2027
ECFP4 stereo-blind,smiles_enumeration,B,smiles_enumeration_074,0.0,2027
ECFP4 stereo-blind,smiles_enumeration,B,smiles_enumeration_075,0.0,2027
ECFP4 stereo-blind,smiles_enumeration,B,smiles_enumeration_076,0.0,2027
ECFP4 stereo-blind,smiles_enumeration,B,smiles_enumeration_077,0.0,2027
ECFP4 stereo-blind,smiles_enumeration,B,smiles_enumeration_078,0.0,2027
ECFP4 stereo-blind,smiles_enumeration,B,smiles_enumeration_079,0.0,2027
ECFP4 stereo-blind,smiles_enumeration,B,smiles_enumeration_080,0.0,2027
ECFP4 stereo-blind,smiles_enumeration,B,smiles_enumeration_081,0.0,2027
ECFP4 stereo-blind,smiles_enumeration,B,smiles_enumeration_082,0.0,2027
ECFP4 stereo-blind,smiles_enumeration,B,smiles_enumeration_083,0.0,2027
ECFP4 stereo-blind,smiles_enumeration,B,smiles_enumeration_084,0.0,2027
ECFP4 stereo-blind,smiles_enumeration,B,smiles_enumeration_085,0.0,2027
ECFP4 stereo-blind,smiles_enumeration,B,smiles_enumeration_086,0.0,2027
ECFP4 stereo-blind,smiles_enumeration,B,smiles_enumeration_087,0.0,2027
ECFP4 stereo-blind,smiles_enumeration,B,smiles_enumeration_088,0.0,2027
ECFP4 stereo-blind,smiles_enumeration,B,smiles_enumeration_089,0.0,2027
ECFP4 stereo-blind,smiles_enumeration,B,smiles_enumeration_090,0.0,2027
ECFP4 stereo-blind,smiles_enumeration,B,smiles_enumeration_091,0.0,2027
ECFP4 stereo-blind,smiles_enumeration,B,smiles_enumeration_092,0.0,2027
ECFP4 stereo-blind,smiles_enumeration,B,smiles_enumeration_093,0.0,2027
ECFP4 stereo-blind,smiles_enumeration,B,smiles_enumeration_094,0.0,2027
ECFP4 stereo-blind,smiles_enumeration,B,smiles_enumeration_095,0.0,2027
ECFP4 stereo-blind,smiles_enumeration,B,smiles_enumeration_096,0.0,2027
ECFP4 stereo-blind,smiles_enumeration,B,smiles_enumeration_097,0.0,2027
ECFP4 stereo-blind,smiles_enumeration,B,smiles_enumeration_098,0.0,2027
ECFP4 stereo-blind,smiles_enumeration,B,smiles_enumeration_099,0.0,2027
ECFP4 stereo-blind,kekule,B,kekule_000,0.0,2027
ECFP4 stereo-blind,kekule,B,kekule_001,0.0,2027
ECFP4 stereo-blind,kekule,B,kekule_002,0.0,2027
ECFP4 stereo-blind,kekule,B,kekule_003,0.0,2027
ECFP4 stereo-blind,kekule,B,kekule_004,0.0,2027
ECFP4 stereo-blind,kekule,B,kekule_005,0.0,2027
ECFP4 stereo-blind,kekule,B,kekule_006,0.0,2027
ECFP4 stereo-blind,kekule,B,kekule_007,0.0,2027
ECFP4 stereo-blind,kekule,B,kekule_008,0.0,2027
ECFP4 stereo-blind,kekule,B,kekule_009,0.0,2027
ECFP4 stereo-blind,kekule,B,kekule_010,0.0,2027
ECFP4 stereo-blind,kekule,B,kekule_011,0.0,2027
ECFP4 stereo-blind,kekule,B,kekule_012,0.0,2027
ECFP4 stereo-blind,kekule,B,kekule_013,0.0,2027
ECFP4 stereo-blind,kekule,B,kekule_014,0.0,2027
ECFP4 stereo-blind,kekule,B,kekule_015,0.0,2027
ECFP4 stereo-blind,kekule,B,kekule_016,0.0,2027
ECFP4 stereo-blind,kekule,B,kekule_017,0.0,2027
ECFP4 stereo-blind,kekule,B,kekule_018,0.0,2027
ECFP4 stereo-blind,kekule,B,kekule_019,0.0,2027
ECFP4 stereo-blind,kekule,B,kekule_020,0.0,2027
ECFP4 stereo-blind,kekule,B,kekule_021,0.0,2027
ECFP4 stereo-blind,kekule,B,kekule_022,0.0,2027
ECFP4 stereo-blind,kekule,B,kekule_023,0.0,2027
ECFP4 stereo-blind,kekule,B,kekule_024,0.0,2027
ECFP4 stereo-blind,kekule,B,kekule_025,0.0,2027
ECFP4 stereo-blind,kekule,B,kekule_026,0.0,2027
ECFP4 stereo-blind,kekule,B,kekule_027,0.0,2027
ECFP4 stereo-blind,kekule,B,kekule_028,0.0,2027
ECFP4 stereo-blind,kekule,B,kekule_029,0.0,2027
ECFP4 stereo-blind,kekule,B,kekule_030,0.0,2027
ECFP4 stereo-blind,kekule,B,kekule_031,0.0,2027
ECFP4 stereo-blind,kekule,B,kekule_032,0.0,2027
ECFP4 stereo-blind,kekule,B,kekule_033,0.0,2027
ECFP4 stereo-blind,kekule,B,kekule_034,0.0,2027
ECFP4 stereo-blind,kekule,B,kekule_035,0.0,2027
ECFP4 stereo-blind,kekule,B,kekule_036,0.0,2027
ECFP4 stereo-blind,kekule,B,kekule_037,0.0,2027
ECFP4 stereo-blind,kekule,B,kekule_038,0.0,2027
ECFP4 stereo-blind,kekule,B,kekule_039,0.0,2027
ECFP4 stereo-blind,kekule,B,kekule_040,0.0,2027
ECFP4 stereo-blind,kekule,B,kekule_041,0.0,2027
ECFP4 stereo-blind,kekule,B,kekule_042,0.0,2027
ECFP4 stereo-blind,kekule,B,kekule_043,0.0,2027
ECFP4 stereo-blind,kekule,B,kekule_044,0.0,2027
ECFP4 stereo-blind,kekule,B,kekule_045,0.0,2027
ECFP4 stereo-blind,kekule,B,kekule_046,0.0,2027
ECFP4 stereo-blind,kekule,B,kekule_047,0.0,2027
ECFP4 stereo-blind,kekule,B,kekule_048,0.0,2027
ECFP4 stereo-blind,kekule,B,kekule_049,0.0,2027
ECFP4 stereo-blind,kekule,B,kekule_050,0.0,2027
ECFP4 stereo-blind,kekule,B,kekule_051,0.0,2027
ECFP4 stereo-blind,kekule,B,kekule_052,0.0,2027
ECFP4 stereo-blind,kekule,B,kekule_053,0.0,2027
ECFP4 stereo-blind,kekule,B,kekule_054,0.0,2027
ECFP4 stereo-blind,kekule,B,kekule_055,0.0,2027
ECFP4 stereo-blind,kekule,B,kekule_056,0.0,2027
ECFP4 stereo-blind,kekule,B,kekule_057,0.0,2027
ECFP4 stereo-blind,kekule,B,kekule_058,0.0,2027
ECFP4 stereo-blind,kekule,B,kekule_059,0.0,2027
ECFP4 stereo-blind,kekule,B,kekule_060,0.0,2027
ECFP4 stereo-blind,kekule,B,kekule_061,0.0,2027
ECFP4 stereo-blind,kekule,B,kekule_062,0.0,2027
ECFP4 stereo-blind,kekule,B,kekule_063,0.0,2027
ECFP4 stereo-blind,kekule,B,kekule_064,0.0,2027
ECFP4 stereo-blind,kekule,B,kekule_065,0.0,2027
ECFP4 stereo-blind,kekule,B,kekule_066,0.0,2027
ECFP4 stereo-blind,kekule,B,kekule_067,0.0,2027
ECFP4 stereo-blind,kekule,B,kekule_068,0.0,2027
ECFP4 stereo-blind,kekule,B,kekule_069,0.0,2027
ECFP4 stereo-blind,kekule,B,kekule_070,0.0,2027
ECFP4 stereo-blind,kekule,B,kekule_071,0.0,2027
ECFP4 stereo-blind,kekule,B,kekule_072,0.0,2027
ECFP4 stereo-blind,kekule,B,kekule_073,0.0,2027
ECFP4 stereo-blind,kekule,B,kekule_074,0.0,2027
ECFP4 stereo-blind,kekule,B,kekule_075,0.0,2027
ECFP4 stereo-blind,kekule,B,kekule_076,0.0,2027
ECFP4 stereo-blind,kekule,B,kekule_077,0.0,2027
ECFP4 stereo-blind,kekule,B,kekule_078,0.0,2027
ECFP4 stereo-blind,kekule,B,kekule_079,0.0,2027
ECFP4 stereo-blind,kekule,B,kekule_080,0.0,2027
ECFP4 stereo-blind,kekule,B,kekule_081,0.0,2027
ECFP4 stereo-blind,kekule,B,kekule_082,0.0,2027
ECFP4 stereo-blind,kekule,B,kekule_083,0.0,2027
ECFP4 stereo-blind,kekule,B,kekule_084,0.0,2027
ECFP4 stereo-blind,kekule,B,kekule_085,0.0,2027
ECFP4 stereo-blind,kekule,B,kekule_086,0.0,2027
ECFP4 stereo-blind,kekule,B,kekule_087,0.0,2027
ECFP4 stereo-blind,kekule,B,kekule_088,0.0,2027
ECFP4 stereo-blind,kekule,B,kekule_089,0.0,2027
ECFP4 stereo-blind,kekule,B,kekule_090,0.0,2027
ECFP4 stereo-blind,kekule,B,kekule_091,0.0,2027
ECFP4 stereo-blind,kekule,B,kekule_092,0.0,2027
ECFP4 stereo-blind,kekule,B,kekule_093,0.0,2027
ECFP4 stereo-blind,kekule,B,kekule_094,0.0,2027
ECFP4 stereo-blind,kekule,B,kekule_095,0.0,2027
ECFP4 stereo-blind,kekule,B,kekule_096,0.0,2027
ECFP4 stereo-blind,kekule,B,kekule_097,0.0,2027
ECFP4 stereo-blind,kekule,B,kekule_098,0.0,2027
ECFP4 stereo-blind,kekule,B,kekule_099,0.0,2027
ECFP4 stereo-blind,symmetry_equivalent,B,symmetry_equivalent_000,0.0,2027
ECFP4 stereo-blind,symmetry_equivalent,B,symmetry_equivalent_001,0.0,2027
ECFP4 stereo-blind,symmetry_equivalent,B,symmetry_equivalent_002,0.0,2027
ECFP4 stereo-blind,symmetry_equivalent,B,symmetry_equivalent_003,0.0,2027
ECFP4 stereo-blind,symmetry_equivalent,B,symmetry_equivalent_004,0.0,2027
ECFP4 stereo-blind,symmetry_equivalent,B,symmetry_equivalent_005,0.0,2027
ECFP4 stereo-blind,symmetry_equivalent,B,symmetry_equivalent_006,0.0,2027
ECFP4 stereo-blind,symmetry_equivalent,B,symmetry_equivalent_007,0.0,2027
ECFP4 stereo-blind,symmetry_equivalent,B,symmetry_equivalent_008,0.0,2027
ECFP4 stereo-blind,symmetry_equivalent,B,symmetry_equivalent_009,0.0,2027
ECFP4 stereo-blind,symmetry_equivalent,B,symmetry_equivalent_010,0.0,2027
ECFP4 stereo-blind,symmetry_equivalent,B,symmetry_equivalent_011,0.0,2027
ECFP4 stereo-blind,symmetry_equivalent,B,symmetry_equivalent_012,0.0,2027
ECFP4 stereo-blind,symmetry_equivalent,B,symmetry_equivalent_013,0.0,2027
ECFP4 stereo-blind,symmetry_equivalent,B,symmetry_equivalent_014,0.0,2027
ECFP4 stereo-blind,symmetry_equivalent,B,symmetry_equivalent_015,0.0,2027
ECFP4 stereo-blind,symmetry_equivalent,B,symmetry_equivalent_016,0.0,2027
ECFP4 stereo-blind,symmetry_equivalent,B,symmetry_equivalent_017,0.0,2027
ECFP4 stereo-blind,symmetry_equivalent,B,symmetry_equivalent_018,0.0,2027
ECFP4 stereo-blind,symmetry_equivalent,B,symmetry_equivalent_019,0.0,2027
ECFP4 stereo-blind,symmetry_equivalent,B,symmetry_equivalent_020,0.0,2027
ECFP4 stereo-blind,symmetry_equivalent,B,symmetry_equivalent_021,0.0,2027
ECFP4 stereo-blind,symmetry_equivalent,B,symmetry_equivalent_022,0.0,2027
ECFP4 stereo-blind,symmetry_equivalent,B,symmetry_equivalent_023,0.0,2027
ECFP4 stereo-blind,symmetry_equivalent,B,symmetry_equivalent_024,0.0,2027
ECFP4 stereo-blind,symmetry_equivalent,B,symmetry_equivalent_025,0.0,2027
ECFP4 stereo-blind,symmetry_equivalent,B,symmetry_equivalent_026,0.0,2027
ECFP4 stereo-blind,symmetry_equivalent,B,symmetry_equivalent_027,0.0,2027
ECFP4 stereo-blind,symmetry_equivalent,B,symmetry_equivalent_028,0.0,2027
ECFP4 stereo-blind,symmetry_equivalent,B,symmetry_equivalent_029,0.0,2027
ECFP4 stereo-blind,symmetry_equivalent,B,symmetry_equivalent_030,0.0,2027
ECFP4 stereo-blind,symmetry_equivalent,B,symmetry_equivalent_031,0.0,2027
ECFP4 stereo-blind,symmetry_equivalent,B,symmetry_equivalent_032,0.0,2027
ECFP4 stereo-blind,symmetry_equivalent,B,symmetry_equivalent_033,0.0,2027
ECFP4 stereo-blind,symmetry_equivalent,B,symmetry_equivalent_034,0.0,2027
ECFP4 stereo-blind,symmetry_equivalent,B,symmetry_equivalent_035,0.0,2027
ECFP4 stereo-blind,symmetry_equivalent,B,symmetry_equivalent_036,0.0,2027
ECFP4 stereo-blind,symmetry_equivalent,B,symmetry_equivalent_037,0.0,2027
ECFP4 stereo-blind,symmetry_equivalent,B,symmetry_equivalent_038,0.0,2027
ECFP4 stereo-blind,symmetry_equivalent,B,symmetry_equivalent_039,0.0,2027
ECFP4 stereo-blind,symmetry_equivalent,B,symmetry_equivalent_040,0.0,2027
ECFP4 stereo-blind,symmetry_equivalent,B,symmetry_equivalent_041,0.0,2027
ECFP4 stereo-blind,symmetry_equivalent,B,symmetry_equivalent_042,0.0,2027
ECFP4 stereo-blind,symmetry_equivalent,B,symmetry_equivalent_043,0.0,2027
ECFP4 stereo-blind,symmetry_equivalent,B,symmetry_equivalent_044,0.0,2027
ECFP4 stereo-blind,symmetry_equivalent,B,symmetry_equivalent_045,0.0,2027
ECFP4 stereo-blind,symmetry_equivalent,B,symmetry_equivalent_046,0.0,2027
ECFP4 stereo-blind,symmetry_equivalent,B,symmetry_equivalent_047,0.0,2027
ECFP4 stereo-blind,symmetry_equivalent,B,symmetry_equivalent_048,0.0,2027
ECFP4 stereo-blind,symmetry_equivalent,B,symmetry_equivalent_049,0.0,2027
ECFP4 stereo-blind,symmetry_equivalent,B,symmetry_equivalent_050,0.0,2027
ECFP4 stereo-blind,symmetry_equivalent,B,symmetry_equivalent_051,0.0,2027
ECFP4 stereo-blind,symmetry_equivalent,B,symmetry_equivalent_052,0.0,2027
ECFP4 stereo-blind,symmetry_equivalent,B,symmetry_equivalent_053,0.0,2027
ECFP4 stereo-blind,symmetry_equivalent,B,symmetry_equivalent_054,0.0,2027
ECFP4 stereo-blind,symmetry_equivalent,B,symmetry_equivalent_055,0.0,2027
ECFP4 stereo-blind,symmetry_equivalent,B,symmetry_equivalent_056,0.0,2027
ECFP4 stereo-blind,symmetry_equivalent,B,symmetry_equivalent_057,0.0,2027
ECFP4 stereo-blind,symmetry_equivalent,B,symmetry_equivalent_058,0.0,2027
ECFP4 stereo-blind,symmetry_equivalent,B,symmetry_equivalent_059,0.0,2027
ECFP4 stereo-blind,symmetry_equivalent,B,symmetry_equivalent_060,0.0,2027
ECFP4 stereo-blind,symmetry_equivalent,B,symmetry_equivalent_061,0.0,2027
ECFP4 stereo-blind,symmetry_equivalent,B,symmetry_equivalent_062,0.0,2027
ECFP4 stereo-blind,symmetry_equivalent,B,symmetry_equivalent_063,0.0,2027
ECFP4 stereo-blind,symmetry_equivalent,B,symmetry_equivalent_064,0.0,2027
ECFP4 stereo-blind,symmetry_equivalent,B,symmetry_equivalent_065,0.0,2027
ECFP4 stereo-blind,symmetry_equivalent,B,symmetry_equivalent_066,0.0,2027
ECFP4 stereo-blind,symmetry_equivalent,B,symmetry_equivalent_067,0.0,2027
ECFP4 stereo-blind,symmetry_equivalent,B,symmetry_equivalent_068,0.0,2027
ECFP4 stereo-blind,symmetry_equivalent,B,symmetry_equivalent_069,0.0,2027
ECFP4 stereo-blind,symmetry_equivalent,B,symmetry_equivalent_070,0.0,2027
ECFP4 stereo-blind,symmetry_equivalent,B,symmetry_equivalent_071,0.0,2027
ECFP4 stereo-blind,symmetry_equivalent,B,symmetry_equivalent_072,0.0,2027
ECFP4 stereo-blind,symmetry_equivalent,B,symmetry_equivalent_073,0.0,2027
ECFP4 stereo-blind,symmetry_equivalent,B,symmetry_equivalent_074,0.0,2027
ECFP4 stereo-blind,symmetry_equivalent,B,symmetry_equivalent_075,0.0,2027
ECFP4 stereo-blind,symmetry_equivalent,B,symmetry_equivalent_076,0.0,2027
ECFP4 stereo-blind,symmetry_equivalent,B,symmetry_equivalent_077,0.0,2027
ECFP4 stereo-blind,symmetry_equivalent,B,symmetry_equivalent_078,0.0,2027
ECFP4 stereo-blind,symmetry_equivalent,B,symmetry_equivalent_079,0.0,2027
ECFP4 stereo-blind,symmetry_equivalent,B,symmetry_equivalent_080,0.0,2027
ECFP4 stereo-blind,symmetry_equivalent,B,symmetry_equivalent_081,0.0,2027
ECFP4 stereo-blind,symmetry_equivalent,B,symmetry_equivalent_082,0.0,2027
ECFP4 stereo-blind,symmetry_equivalent,B,symmetry_equivalent_083,0.0,2027
ECFP4 stereo-blind,symmetry_equivalent,B,symmetry_equivalent_084,0.0,2027
ECFP4 stereo-blind,symmetry_equivalent,B,symmetry_equivalent_085,0.0,2027
ECFP4 stereo-blind,symmetry_equivalent,B,symmetry_equivalent_086,0.0,2027
ECFP4 stereo-blind,symmetry_equivalent,B,symmetry_equivalent_087,0.0,2027
ECFP4 stereo-blind,symmetry_equivalent,B,symmetry_equivalent_088,0.0,2027
ECFP4 stereo-blind,symmetry_equivalent,B,symmetry_equivalent_089,0.0,2027
ECFP4 stereo-blind,symmetry_equivalent,B,symmetry_equivalent_090,0.0,2027
ECFP4 stereo-blind,symmetry_equivalent,B,symmetry_equivalent_091,0.0,2027
ECFP4 stereo-blind,symmetry_equivalent,B,symmetry_equivalent_092,0.0,2027
ECFP4 stereo-blind,symmetry_equivalent,B,symmetry_equivalent_093,0.0,2027
ECFP4 stereo-blind,symmetry_equivalent,B,symmetry_equivalent_094,0.0,2027
ECFP4 stereo-blind,symmetry_equivalent,B,symmetry_equivalent_095,0.0,2027
ECFP4 stereo-blind,symmetry_equivalent,B,symmetry_equivalent_096,0.0,2027
ECFP4 stereo-blind,symmetry_equivalent,B,symmetry_equivalent_097,0.0,2027
ECFP4 stereo-blind,symmetry_equivalent,B,symmetry_equivalent_098,0.0,2027
ECFP4 stereo-blind,symmetry_equivalent,B,symmetry_equivalent_099,0.0,2027
