mode,klass,pair_id,smiles_a,smiles_b,note
stereo_flip,A,stereo_flip_000,Cc1cccc(N2C[C@@H]3CCN(C(=O)c4cc(F)ccc4-n4nccn4)C[C@@H]32)n1,Cc1cccc(N2C[C@H]3CCN(C(=O)c4cc(F)ccc4-n4nccn4)C[C@@H]32)n1,inverted stereocentre at atom 8
stereo_flip,A,stereo_flip_001,CC(C)N(CCN1C=CC=CC=C1)C(=O)[C@H](C)N1CC[C@H](NS(=O)(=O)c2ccc3cc(Cl)ccc3c2)C1=O,CC(C)N(CCN1C=CC=CC=C1)C(=O)[C@@H](C)N1CC[C@H](NS(=O)(=O)c2ccc3cc(Cl)ccc3c2)C1=O,inverted stereocentre at atom 15
stereo_flip,A,stereo_flip_002,O=C(N[C@@H]1CC[C@@]2(O)[C@H]3Cc4ccc(O)c5c4[C@@]2(CCN3CC2CC2)[C@H]1O5)c1ccccc1,O=C(N[C@H]1CC[C@@]2(O)[C@H]3Cc4ccc(O)c5c4[C@@]2(CCN3CC2CC2)[C@H]1O5)c1ccccc1,inverted stereocentre at atom 3
stereo_flip,A,stereo_flip_003,C[C@H]1[C@H]2Cc3ccc(C(N)=O)cc3[C@@]1(C)CCN2C[C@H]1CCCO1,C[C@@H]1[C@H]2Cc3ccc(C(N)=O)cc3[C@@]1(C)CCN2C[C@H]1CCCO1,inverted stereocentre at atom 1
stereo_flip,A,stereo_flip_004,C[C@H]1C2Cc3cc([N+](=O)[O-])c(O)cc3[C@@]1(C)CCN2CC1CC1,C[C@@H]1C2Cc3cc([N+](=O)[O-])c(O)cc3[C@@]1(C)CCN2CC1CC1,inverted stereocentre at atom 1
stereo_flip,A,stereo_flip_005,Cc1ccc(NS(=O)(=O)Cc2ccccc2)c(=O)n1CC(=O)NC[C@@H]1CNC(N)=N[C@@H]1C,Cc1ccc(NS(=O)(=O)Cc2ccccc2)c(=O)n1CC(=O)NC[C@H]1CNC(N)=N[C@@H]1C,inverted stereocentre at atom 24
stereo_flip,A,stereo_flip_006,N=C(N)NCCCC1CCN(C(=O)[C@H](Cc2cccc(C(=N)N)c2)NS(=O)(=O)c2ccc3ccccc3c2)CC1,N=C(N)NCCCC1CCN(C(=O)[C@@H](Cc2cccc(C(=N)N)c2)NS(=O)(=O)c2ccc3ccccc3c2)CC1,inverted stereocentre at atom 13
stereo_flip,A,stereo_flip_007,NC(=O)[C@@H]1CSSC[C@@H](NC(=O)[C@@H](N)Cc2ccc(O)cc2)C(=O)N[C@@H](Cc2ccccc2)C(=O)N[C@@H](Cc2cccc3ccccc23)C(=O)N1,NC(=O)[C@H]1CSSC[C@@H](NC(=O)[C@@H](N)Cc2ccc(O)cc2)C(=O)N[C@@H](Cc2ccccc2)C(=O)N[C@@H](Cc2cccc3ccccc23)C(=O)N1,inverted stereocentre at atom 3
stereo_flip,A,stereo_flip_008,CC(=O)OCC(=O)[C@@]1(O)CC[C@H]2[C@@H]3CCC4=CC(=O)C=C[C@]4(C)[C@H]3[C@@H](O)C[C@@]21C,CC(=O)OCC(=O)[C@]1(O)CC[C@H]2[C@@H]3CCC4=CC(=O)C=C[C@]4(C)[C@H]3[C@@H](O)C[C@@]21C,inverted stereocentre at atom 7
stereo_flip,A,stereo_flip_009,O=C(N[C@@]12CCC(=O)[C@@H]3Oc4c(O)ccc5c4[C@@]31CCN(CC1CC1)[C@@H]2C5)c1ccncc1,O=C(N[C@]12CCC(=O)[C@@H]3Oc4c(O)ccc5c4[C@@]31CCN(CC1CC1)[C@@H]2C5)c1ccncc1,inverted stereocentre at atom 3
stereo_flip,A,stereo_flip_010,COc1cccc(C[NH2+]C[C@H](O)[C@H](Cc2cc(F)cc(F)c2)NC(=O)c2cc(C(C)=O)cc(N3CCCCS3(=O)=O)c2)c1,COc1cccc(C[NH2+]C[C@@H](O)[C@H](Cc2cc(F)cc(F)c2)NC(=O)c2cc(C(C)=O)cc(N3CCCCS3(=O)=O)c2)c1,inverted stereocentre at atom 10
stereo_flip,A,stereo_flip_011,CC[C@@]12CCN(CC3CC3)C[C@@H]1Oc1ccc(O)cc12,CC[C@]12CCN(CC3CC3)C[C@@H]1Oc1ccc(O)cc12,inverted stereocentre at atom 2
stereo_flip,A,stereo_flip_012,CNC(=O)CCCC1CCN(C(=O)[C@H](Cc2cccc(C(=N)N)c2)NS(=O)(=O)c2cccc(-c3ccc(Cl)c(Cl)c3)c2)CC1,CNC(=O)CCCC1CCN(C(=O)[C@@H](Cc2cccc(C(=N)N)c2)NS(=O)(=O)c2cccc(-c3ccc(Cl)c(Cl)c3)c2)CC1,inverted stereocentre at atom 13
stereo_flip,A,stereo_flip_013,C[C@H](C1=C(CCN(C)Cc2nccs2)Cc2ccccc21)c1cnccn1,C[C@@H](C1=C(CCN(C)Cc2nccs2)Cc2ccccc21)c1cnccn1,inverted stereocentre at atom 1
stereo_flip,A,stereo_flip_014,CC(C)[C@H]1C(=O)N2CCC[C@H]2[C@]2(O)O[C@](NC(=O)[C@@H]3C=C4c5cccc6[nH]cc(c56)C[C@H]4N(C)C3)(C(C)C)C(=O)N12,CC(C)[C@@H]1C(=O)N2CCC[C@H]2[C@]2(O)O[C@](NC(=O)[C@@H]3C=C4c5cccc6[nH]cc(c56)C[C@H]4N(C)C3)(C(C)C)C(=O)N12,inverted stereocentre at atom 3
stereo_flip,A,stereo_flip_015,C=C(Br)CN1[C@H]2CC[C@@H]1[C@@H](C(=O)OC)[C@@H](c1ccc(I)cc1)C2,C=C(Br)CN1[C@@H]2CC[C@@H]1[C@@H](C(=O)OC)[C@@H](c1ccc(I)cc1)C2,inverted stereocentre at atom 5
stereo_flip,A,stereo_flip_016,COc1ccc(C(=O)N2C[C@H](Oc3cc(C#N)ccn3)CC[C@H]2C)c(-n2nccn2)n1,COc1ccc(C(=O)N2C[C@@H](Oc3cc(C#N)ccn3)CC[C@H]2C)c(-n2nccn2)n1,inverted stereocentre at atom 10
stereo_flip,A,stereo_flip_017,Cc1ccc2[nH]c(C(=O)N[C@H]3CN(S(=O)(=O)c4ccnnc4)C[C@@H]3C(=O)NCCN(C)C)cc2c1,Cc1ccc2[nH]c(C(=O)N[C@@H]3CN(S(=O)(=O)c4ccnnc4)C[C@@H]3C(=O)NCCN(C)C)cc2c1,inverted stereocentre at atom 10
stereo_flip,A,stereo_flip_018,NCCCC[C@H](NC(=O)[C@@H]1CCCN1C(=O)[C@H](N)CC1CCCCC1)C(=O)C(=O)O,NCCCC[C@@H](NC(=O)[C@@H]1CCCN1C(=O)[C@H](N)CC1CCCCC1)C(=O)C(=O)O,inverted stereocentre at atom 5
stereo_flip,A,stereo_flip_019,CC(C)c1nc(CN2CC[C@H](c3ccccc3)C2)cs1,CC(C)c1nc(CN2CC[C@@H](c3ccccc3)C2)cs1,inverted stereocentre at atom 10
stereo_flip,A,stereo_flip_020,COc1ccc(NS(=O)(=O)c2ccc(-c3cc(C)cs3)cc2)cc1N1C[C@@H](C)N[C@@H](C)C1,COc1ccc(NS(=O)(=O)c2ccc(-c3cc(C)cs3)cc2)cc1N1C[C@H](C)N[C@@H](C)C1,inverted stereocentre at atom 26
stereo_flip,A,stereo_flip_021,Cc1ccc2c(N3CCN(CCCc4cccc5c4OCC(=O)N5C)[C@H](C)C3)cccc2n1,Cc1ccc2c(N3CCN(CCCc4cccc5c4OCC(=O)N5C)[C@@H](C)C3)cccc2n1,inverted stereocentre at atom 25
stereo_flip,A,stereo_flip_022,O=C(O)C[C@H]1C[C@@]2(O)[C@H]3Cc4ccc(O)cc4[C@@]2(CCN3CC2CC2)CC1=O,O=C(O)C[C@@H]1C[C@@]2(O)[C@H]3Cc4ccc(O)cc4[C@@]2(CCN3CC2CC2)CC1=O,inverted stereocentre at atom 4
stereo_flip,A,stereo_flip_023,NC(=O)C[C@H]1COc2cc(F)ccc2N1C(=O)c1ccc2c(c1)NC(=O)CO2,NC(=O)C[C@@H]1COc2cc(F)ccc2N1C(=O)c1ccc2c(c1)NC(=O)CO2,inverted stereocentre at atom 4
stereo_flip,A,stereo_flip_024,CCCOC[C@@H]1[C@H]2CNC[C@]21c1ccc(Cl)c(Cl)c1,CCCOC[C@H]1[C@H]2CNC[C@]21c1ccc(Cl)c(Cl)c1,inverted stereocentre at atom 5
stereo_flip,A,stereo_flip_025,C[C@H]1C2Cc3ccc(NCc4ccccc4)cc3[C@@]1(C)CCN2CC1CC1,C[C@@H]1C2Cc3ccc(NCc4ccccc4)cc3[C@@]1(C)CCN2CC1CC1,inverted stereocentre at atom 1
stereo_flip,A,stereo_flip_026,Cc1ccc([C@@](C)(O)[C@H]2CCCC3=Cc4c(-c5ccc(F)cc5)ncn4C[C@@]32C)s1,Cc1ccc([C@](C)(O)[C@H]2CCCC3=Cc4c(-c5ccc(F)cc5)ncn4C[C@@]32C)s1,inverted stereocentre at atom 5
stereo_flip,A,stereo_flip_027,CNCCCC[C@@H](NC(=O)[C@@H](CC(C)C)NC(=O)[C@@H](Cc1ccccc1)NC(=O)[C@H](N)Cc1ccccc1)C(=O)N1CCCN(C(=N)N)CC1,CNCCCC[C@H](NC(=O)[C@@H](CC(C)C)NC(=O)[C@@H](Cc1ccccc1)NC(=O)[C@H](N)Cc1ccccc1)C(=O)N1CCCN(C(=N)N)CC1,inverted stereocentre at atom 6
stereo_flip,A,stereo_flip_028,CCC(CC)C(=O)N(Cc1ccccc1)[C@H](C)CN1[C@@H]2CC[C@H]1C[C@@H](c1cccc(O)c1)C2,CCC(CC)C(=O)N(Cc1ccccc1)[C@@H](C)CN1[C@@H]2CC[C@H]1C[C@@H](c1cccc(O)c1)C2,inverted stereocentre at atom 15
stereo_flip,A,stereo_flip_029,NC(=O)[C@@H]1Cc2ccccc2CN1C(=O)CCCCN1CCN(c2noc3ccccc23)CC1,NC(=O)[C@H]1Cc2ccccc2CN1C(=O)CCCCN1CCN(c2noc3ccccc23)CC1,inverted stereocentre at atom 3
stereo_flip,A,stereo_flip_030,CO[C@]12CC[C@@]3(C[C@@H]1[C@@](C)(O)C(C)(C)C)[C@H]1Cc4cc(Br)c(O)c5c4[C@@]3(CCN1CC1CC1)[C@H]2O5,CO[C@@]12CC[C@@]3(C[C@@H]1[C@@](C)(O)C(C)(C)C)[C@H]1Cc4cc(Br)c(O)c5c4[C@@]3(CCN1CC1CC1)[C@H]2O5,inverted stereocentre at atom 2
stereo_flip,A,stereo_flip_031,COc1ccc2c3c1O[C@H]1c4c(c(-c5ccccc5)cn4Cc4ccccc4)C[C@@]4(O)C(C2)N(C)CC[C@]314,COc1ccc2c3c1O[C@@H]1c4c(c(-c5ccccc5)cn4Cc4ccccc4)C[C@@]4(O)C(C2)N(C)CC[C@]314,inverted stereocentre at atom 9
stereo_flip,A,stereo_flip_032,NCCCC[C@H](NC(=O)[C@@H]1CCCN1C(=O)[C@H](N)Cc1ccccc1)C(=O)c1nccs1,NCCCC[C@@H](NC(=O)[C@@H]1CCCN1C(=O)[C@H](N)Cc1ccccc1)C(=O)c1nccs1,inverted stereocentre at atom 5
stereo_flip,A,stereo_flip_033,COCC(=O)Nc1cccc([C@@]2(C3CCCCC3)N=C(N)N(C)C2=O)c1,COCC(=O)Nc1cccc([C@]2(C3CCCCC3)N=C(N)N(C)C2=O)c1,inverted stereocentre at atom 11
stereo_flip,A,stereo_flip_034,NC(=O)c1cccc([C@H]2C[C@H]3CC[C@@H](C2)N3CCN(CCc2ccccc2)C(=O)CO)c1,NC(=O)c1cccc([C@@H]2C[C@H]3CC[C@@H](C2)N3CCN(CCc2ccccc2)C(=O)CO)c1,inverted stereocentre at atom 8
stereo_flip,A,stereo_flip_035,COc1ccc(N2C[C@@H](C)N[C@@H](C)C2)cc1NS(=O)(=O)c1ccc(-c2ccoc2)cc1,COc1ccc(N2C[C@H](C)N[C@@H](C)C2)cc1NS(=O)(=O)c1ccc(-c2ccoc2)cc1,inverted stereocentre at atom 8
stereo_flip,A,stereo_flip_036,CCOC(=O)[C@]1(C)CCC[C@@]2(C)[C@@H]3CC[C@@]4(C)C[C@]3(CC[C@@H]21)C/C4=N\OCc1csc2ccc(Cl)cc12,CCOC(=O)[C@@]1(C)CCC[C@@]2(C)[C@@H]3CC[C@@]4(C)C[C@]3(CC[C@@H]21)C/C4=N\OCc1csc2ccc(Cl)cc12,inverted stereocentre at atom 5
stereo_flip,A,stereo_flip_037,CC#C[C@]1(O)CC[C@H]2[C@@H]3CCC4=CC(=O)CCC4=C3[C@@H](c3ccc(N(C)C)cc3)C[C@@]21C,CC#C[C@@]1(O)CC[C@H]2[C@@H]3CCC4=CC(=O)CCC4=C3[C@@H](c3ccc(N(C)C)cc3)C[C@@]21C,inverted stereocentre at atom 3
stereo_flip,A,stereo_flip_038,CC(C)COC(=O)OC[C@@H](NS(=O)(=O)Cc1ccccc1)C(=O)N[C@@H](C)C(=O)NCc1ccc(C(=N)N)cc1,CC(C)COC(=O)OC[C@H](NS(=O)(=O)Cc1ccccc1)C(=O)N[C@@H](C)C(=O)NCc1ccc(C(=N)N)cc1,inverted stereocentre at atom 9
stereo_flip,A,stereo_flip_039,NC(=O)c1cccc([C@H]2C[C@H]3CC[C@@H](C2)N3CCN(CC2CCCCC2)C(=O)Nc2ccc3c(c2)OCO3)c1,NC(=O)c1cccc([C@@H]2C[C@H]3CC[C@@H](C2)N3CCN(CC2CCCCC2)C(=O)Nc2ccc3c(c2)OCO3)c1,inverted stereocentre at atom 8
stereo_flip,A,stereo_flip_040,CCC[C@H]1C(C(=O)N[C@@H](Cc2ccccc2)[C@H](O)CNc2cccc(OC)c2)=CN(CC(=O)OC(C)C)C=C1C(=O)OC(C)(C)C,CCC[C@@H]1C(C(=O)N[C@@H](Cc2ccccc2)[C@H](O)CNc2cccc(OC)c2)=CN(CC(=O)OC(C)C)C=C1C(=O)OC(C)(C)C,inverted stereocentre at atom 3
stereo_flip,A,stereo_flip_041,CO[C@H]1CC[C@H](CC(=O)N[C@H]2CC[C@H](CCN3CCN(c4nccc5c4CCO5)CC3)CC2)C1,CO[C@@H]1CC[C@H](CC(=O)N[C@H]2CC[C@H](CCN3CCN(c4nccc5c4CCO5)CC3)CC2)C1,inverted stereocentre at atom 2
stereo_flip,A,stereo_flip_042,C[C@]12C=CC(=O)C=C1CC[C@@H]1[C@@H]2CC[C@@]2(C)[C@H]1CC[C@]2(C)O,C[C@]1(O)CC[C@H]2[C@@H]3CCC4=CC(=O)C=C[C@@]4(C)[C@H]3CC[C@@]21C,inverted stereocentre at atom 1
stereo_flip,A,stereo_flip_043,CC(C)OC(=O)C1CCN(C(=O)[C@H](Cc2cccc(C(=N)N)c2)NS(=O)(=O)c2ccc3ccccc3c2)CC1,CC(C)OC(=O)C1CCN(C(=O)[C@@H](Cc2cccc(C(=N)N)c2)NS(=O)(=O)c2ccc3ccccc3c2)CC1,inverted stereocentre at atom 12
stereo_flip,A,stereo_flip_044,O=c1[nH]c(=O)n(C[C@H]2C3CCC(CC3)[C@@H]2Nc2nc(-c3c[nH]c4ncc(F)cc34)ncc2F)o1,O=c1[nH]c(=O)n(C[C@@H]2C3CCC(CC3)[C@@H]2Nc2nc(-c3c[nH]c4ncc(F)cc34)ncc2F)o1,inverted stereocentre at atom 7
stereo_flip,A,stereo_flip_045,O=C(Nc1cn(CC(=O)N2C[C@H]3CN(CC4CCC4)C[C@H]3C2)nc1-c1cc(Cl)ccc1OC(F)F)c1cnn2cccnc12,O=C(Nc1cn(CC(=O)N2C[C@@H]3CN(CC4CCC4)C[C@H]3C2)nc1-c1cc(Cl)ccc1OC(F)F)c1cnn2cccnc12,inverted stereocentre at atom 11
stereo_flip,A,stereo_flip_046,CN1C2CCC1[C@@H](C(=O)N[C@H]1CC[C@H](NC(=O)[C@H]3C4CCC(C[C@@H]3c3ccc(-c5ccsc5)cc3)N4C)CC1)[C@@H](c1ccc(-c3ccsc3)cc1)C2,CN1C2CCC1[C@H](C(=O)N[C@H]1CC[C@H](NC(=O)[C@H]3C4CCC(C[C@@H]3c3ccc(-c5ccsc5)cc3)N4C)CC1)[C@@H](c1ccc(-c3ccsc3)cc1)C2,inverted stereocentre at atom 6
stereo_flip,A,stereo_flip_047,CCCN(C(C)C)[C@@H]1CCc2c(F)cccc2C1,CCCN(C(C)C)[C@H]1CCc2c(F)cccc2C1,inverted stereocentre at atom 7
stereo_flip,A,stereo_flip_048,C[C@@H]1CC[C@@H](Oc2cc(C#N)ccn2)CN1C(=O)c1ccc(F)cc1-c1ncccn1,C[C@H]1CC[C@@H](Oc2cc(C#N)ccn2)CN1C(=O)c1ccc(F)cc1-c1ncccn1,inverted stereocentre at atom 1
stereo_flip,A,stereo_flip_049,O=C(O)c1cccc(CNc2nc3ccccc3n([C@H]3C[C@H]4CC[C@@H](C3)N4C3CCCCCCC3)c2=O)c1,O=C(O)c1cccc(CNc2nc3ccccc3n([C@@H]3C[C@H]4CC[C@@H](C3)N4C3CCCCCCC3)c2=O)c1,inverted stereocentre at atom 19
stereo_flip,A,stereo_flip_050,CC(C)(N)C(=O)N[C@H](COCc1ccccc1)c1nnnn1CCOC(=O)NCCCCO,CC(C)(N)C(=O)N[C@@H](COCc1ccccc1)c1nnnn1CCOC(=O)NCCCCO,inverted stereocentre at atom 7
stereo_flip,A,stereo_flip_051,COc1ccc([C@@]2(C(N)=O)C[C@H]3CC[C@@H](C2)N3C(c2ccccc2Cl)c2ccccc2Cl)nc1,COc1ccc([C@]2(C(N)=O)C[C@H]3CC[C@@H](C2)N3C(c2ccccc2Cl)c2ccccc2Cl)nc1,inverted stereocentre at atom 6
stereo_flip,A,stereo_flip_052,C[C@]12C=CC(=O)C=C1[C@@H](F)C[C@H]1[C@@H]3C[C@H]4CN(c5cccc(Cl)c5)C[C@@]4(C(=O)CO)[C@@]3(C)C[C@H](O)[C@@]12F,C[C@]12C[C@H](O)[C@@]3(F)[C@@H](C[C@H](F)C4=CC(=O)C=C[C@]43C)[C@@H]1C[C@H]1CN(c3cccc(Cl)c3)C[C@]12C(=O)CO,inverted stereocentre at atom 1
stereo_flip,A,stereo_flip_053,O=C1CC[C@@]23Cc4ccc(O)cc4[C@@]2(CCN(CC2CC2)C3)C1,O=C1CC[C@]23Cc4ccc(O)cc4[C@@]2(CCN(CC2CC2)C3)C1,inverted stereocentre at atom 4
stereo_flip,A,stereo_flip_054,C[C@H]1CN2CCN(Cc3ccccc3O)C[C@H]2C[C@@]1(C)c1cccc(O)c1,C[C@@H]1CN2CCN(Cc3ccccc3O)C[C@H]2C[C@@]1(C)c1cccc(O)c1,inverted stereocentre at atom 1
stereo_flip,A,stereo_flip_055,C=C1c2c(Cl)ccc(O)c2C(=O)C2=C(O)[C@]3(O)C(=O)C(C(N)=O)=C(O)[C@@H](N(C)C)[C@@H]3[C@@H](O)[C@H]12.O=C(O)c1cc(S(=O)(=O)O)ccc1O,C=C1c2c(Cl)ccc(O)c2C(=O)C2=C(O)[C@@]3(O)C(=O)C(C(N)=O)=C(O)[C@@H](N(C)C)[C@@H]3[C@@H](O)[C@H]12.O=C(O)c1cc(S(=O)(=O)O)ccc1O,inverted stereocentre at atom 15
stereo_flip,A,stereo_flip_056,O=C(Nc1cn(CC(=O)N2C[C@H]3CN(CCCN4C(=O)Cc5ccccc54)C[C@H]3C2)nc1-c1cc(Cl)ccc1OC(F)F)c1cnn2cccnc12,O=C(Nc1cn(CC(=O)N2C[C@@H]3CN(CCCN4C(=O)Cc5ccccc54)C[C@H]3C2)nc1-c1cc(Cl)ccc1OC(F)F)c1cnn2cccnc12,inverted stereocentre at atom 11
stereo_flip,A,stereo_flip_057,C[C@H](NS(=O)(=O)c1cnccc1N[C@H](CO)Cc1ccccc1)C(=O)N1CCC(CCF)CC1,C[C@@H](NS(=O)(=O)c1cnccc1N[C@H](CO)Cc1ccccc1)C(=O)N1CCC(CCF)CC1,inverted stereocentre at atom 1
stereo_flip,A,stereo_flip_058,O=C1O[C@H]([C@@H](O)CO)C(O)=C1O,O=C1O[C@@H]([C@@H](O)CO)C(O)=C1O,inverted stereocentre at atom 3
stereo_flip,A,stereo_flip_059,CC(C)C[C@H](NC(=O)c1ccc(C2CCOC2)c(OCC2CC2)n1)C(N)=O,CC(C)C[C@@H](NC(=O)c1ccc(C2CCOC2)c(OCC2CC2)n1)C(N)=O,inverted stereocentre at atom 4
stereo_flip,A,stereo_flip_060,COc1cc2c(cc1OCCF)C[C@H]1c3c(cc(OC)c(OC)c3-2)CCN1C,COc1cc2c(cc1OCCF)C[C@@H]1c3c(cc(OC)c(OC)c3-2)CCN1C,inverted stereocentre at atom 13
stereo_flip,A,stereo_flip_061,CC[C@@H](N)C(=O)N1CCC[C@H]1C(=O)NCc1ccc(C(=N)N)cc1,CC[C@H](N)C(=O)N1CCC[C@H]1C(=O)NCc1ccc(C(=N)N)cc1,inverted stereocentre at atom 2
stereo_flip,A,stereo_flip_062,COc1ccc2c3c1O[C@H]1[C@@]4(OC)CC[C@@]5(C[C@@H]4c4ccc(N6CCN(S(=O)(=O)c7ccc(C)cc7)CC6)cc4)[C@@H](C2)N(CC2CC2)CC[C@]315,COc1ccc2c3c1O[C@@H]1[C@@]4(OC)CC[C@@]5(C[C@@H]4c4ccc(N6CCN(S(=O)(=O)c7ccc(C)cc7)CC6)cc4)[C@@H](C2)N(CC2CC2)CC[C@]315,inverted stereocentre at atom 9
stereo_flip,A,stereo_flip_063,CC(C)CCOc1ccc2c(c1)[C@H]1OCCC[C@H]1[C@@H](C1CCCC1)N2,CC(C)CCOc1ccc2c(c1)[C@@H]1OCCC[C@H]1[C@@H](C1CCCC1)N2,inverted stereocentre at atom 12
stereo_flip,A,stereo_flip_064,N=C(N)c1cccc(C[C@H](NS(=O)(=O)c2ccc(C3CCCCC3)cc2)C(=O)N2CCN(C(=N)N)CC2)c1,N=C(N)c1cccc(C[C@@H](NS(=O)(=O)c2ccc(C3CCCCC3)cc2)C(=O)N2CCN(C(=N)N)CC2)c1,inverted stereocentre at atom 9
stereo_flip,A,stereo_flip_065,Oc1ccc2c3c1O[C@H]1c4ncc(-c5cnccn5)cc4C[C@@]4(OCCCc5ccccc5)[C@@H](C2)N(CC2CC2)CC[C@]314,Oc1ccc2c3c1O[C@@H]1c4ncc(-c5cnccn5)cc4C[C@@]4(OCCCc5ccccc5)[C@@H](C2)N(CC2CC2)CC[C@]314,inverted stereocentre at atom 8
stereo_flip,A,stereo_flip_066,CC12CCC(C)(O1)[C@H]1C(=O)N(c3cc(Cl)cc(Cl)c3)C(=O)[C@H]12,CC12CCC(C)(O1)[C@@H]1C(=O)N(c3cc(Cl)cc(Cl)c3)C(=O)[C@H]12,inverted stereocentre at atom 7
stereo_flip,A,stereo_flip_067,C[C@@H]1CCN(c2nc(Cl)ncc2C(F)(F)F)CCN1C(=O)c1ccccc1-n1nccn1,C[C@H]1CCN(c2nc(Cl)ncc2C(F)(F)F)CCN1C(=O)c1ccccc1-n1nccn1,inverted stereocentre at atom 1
stereo_flip,A,stereo_flip_068,COc1cccc2c1CC[C@H]1[C@H]2CCN1CCCCNC(=O)c1ccc(-c2ccccc2)cc1,COc1cccc2c1CC[C@@H]1[C@H]2CCN1CCCCNC(=O)c1ccc(-c2ccccc2)cc1,inverted stereocentre at atom 10
stereo_flip,A,stereo_flip_069,Cc1ccc(NS(=O)(=O)Cc2ccccc2F)c(=O)n1CC(=O)N[C@H](CCCN=C(N)N)C(=O)O,Cc1ccc(NS(=O)(=O)Cc2ccccc2F)c(=O)n1CC(=O)N[C@@H](CCCN=C(N)N)C(=O)O,inverted stereocentre at atom 24
stereo_flip,A,stereo_flip_070,C[C@](O)(Cn1ccc2cccc(F)c21)C(=O)Nc1ccc(C#N)c(Cl)c1,C[C@@](O)(Cn1ccc2cccc(F)c21)C(=O)Nc1ccc(C#N)c(Cl)c1,inverted stereocentre at atom 1
stereo_flip,A,stereo_flip_071,CC[C@H]1[C@@H](O)[C@@H]2[C@H](CC[C@]3(C)[C@@H]([C@H](C)CCNC(=O)OC4CCC4)CC[C@@H]23)[C@@]2(C)CC[C@@H](O)C[C@@H]12,CC[C@@H]1[C@@H](O)[C@@H]2[C@H](CC[C@]3(C)[C@@H]([C@H](C)CCNC(=O)OC4CCC4)CC[C@@H]23)[C@@]2(C)CC[C@@H](O)C[C@@H]12,inverted stereocentre at atom 2
stereo_flip,A,stereo_flip_072,CC(=O)[C@H]1CC[C@H]2[C@@H]3C=CC4=CC(=O)CC[C@@]4(C)[C@@H]3CC[C@]12C,CC(=O)[C@@H]1CC[C@H]2[C@@H]3C=CC4=CC(=O)CC[C@@]4(C)[C@@H]3CC[C@]12C,inverted stereocentre at atom 3
stereo_flip,A,stereo_flip_073,CC(C)(C(=O)Nc1nncs1)[C@H]1c2ccccc2Oc2nc(-c3ccc(C(=O)N4CCOCC4)c(F)c3)ccc21,CC(C)(C(=O)Nc1nncs1)[C@@H]1c2ccccc2Oc2nc(-c3ccc(C(=O)N4CCOCC4)c(F)c3)ccc21,inverted stereocentre at atom 11
stereo_flip,A,stereo_flip_074,C[C@@H]1CCCN1CCCOc1ccc(C(=O)CN2CCN(C(=O)Oc3ccc(F)cc3)CC2)cc1,C[C@H]1CCCN1CCCOc1ccc(C(=O)CN2CCN(C(=O)Oc3ccc(F)cc3)CC2)cc1,inverted stereocentre at atom 1
stereo_flip,A,stereo_flip_075,N=C(N)NCCC[C@H](N)C(=O)NCC1(Nc2ccccc2)CCN(Cc2ccccc2)CC1,N=C(N)NCCC[C@@H](N)C(=O)NCC1(Nc2ccccc2)CCN(Cc2ccccc2)CC1,inverted stereocentre at atom 7
stereo_flip,A,stereo_flip_076,N=C(N)N1CCCC(C[C@H](NC(=O)CN2C(=O)CN(CCCc3ccccc3)C(=O)[C@@H]2CC2CCCCC2)C(=O)c2nccs2)C1,N=C(N)N1CCCC(C[C@@H](NC(=O)CN2C(=O)CN(CCCc3ccccc3)C(=O)[C@@H]2CC2CCCCC2)C(=O)c2nccs2)C1,inverted stereocentre at atom 9
stereo_flip,A,stereo_flip_077,CC(=O)NC[C@@]1(Cc2ccccc2)C[C@H]2CC[C@@H](C1)N2C(c1ccccc1Cl)c1ccccc1Cl,CC(=O)NC[C@]1(Cc2ccccc2)C[C@H]2CC[C@@H](C1)N2C(c1ccccc1Cl)c1ccccc1Cl,inverted stereocentre at atom 5
stereo_flip,A,stereo_flip_078,COC(=O)[C@H](c1cccc(I)c1)[C@H]1CCCCN1Cc1cccc(N=[N+]=[N-])c1,COC(=O)[C@@H](c1cccc(I)c1)[C@H]1CCCCN1Cc1cccc(N=[N+]=[N-])c1,inverted stereocentre at atom 4
stereo_flip,A,stereo_flip_079,C[C@H]1[C@H](Nc2ccc(Br)cn2)CCCN1C(=O)c1ccccc1-n1nccn1,C[C@@H]1[C@H](Nc2ccc(Br)cn2)CCCN1C(=O)c1ccccc1-n1nccn1,inverted stereocentre at atom 1
stereo_flip,A,stereo_flip_080,O=[N+]([O-])c1ccc2c(c1)[C@@H](O)[C@H](N1CCN(c3cccc4c3OCCO4)CC1)C2,O=[N+]([O-])c1ccc2c(c1)[C@H](O)[C@H](N1CCN(c3cccc4c3OCCO4)CC1)C2,inverted stereocentre at atom 9
stereo_flip,A,stereo_flip_081,CCc1nc2ccn(CC(=O)OCc3ccccc3)c(=O)c2n1[C@H]1CCc2cc(-c3ccccc3-c3nnn[nH]3)ccc21,CCc1nc2ccn(CC(=O)OCc3ccccc3)c(=O)c2n1[C@@H]1CCc2cc(-c3ccccc3-c3nnn[nH]3)ccc21,inverted stereocentre at atom 23
stereo_flip,A,stereo_flip_082,COC(=O)[C@@H]1C[C@H](OC(=O)c2ccccc2[N+](=O)[O-])C(=O)[C@H]2[C@@]1(C)CC[C@H]1C(=O)O[C@H](c3ccoc3)C[C@]21C,COC(=O)[C@H]1C[C@H](OC(=O)c2ccccc2[N+](=O)[O-])C(=O)[C@H]2[C@@]1(C)CC[C@H]1C(=O)O[C@H](c3ccoc3)C[C@]21C,inverted stereocentre at atom 4
stereo_flip,A,stereo_flip_083,CC1(C)[C@@H](OC(=O)CCC(=O)[O-])CC[C@]2(C)[C@H]3C(=O)C=C4[C@@H]5C[C@@](C)(C(=O)[O-])CC[C@]5(C)CC[C@@]4(C)[C@]3(C)CC[C@@H]12,CC1(C)[C@H](OC(=O)CCC(=O)[O-])CC[C@]2(C)[C@H]3C(=O)C=C4[C@@H]5C[C@@](C)(C(=O)[O-])CC[C@]5(C)CC[C@@]4(C)[C@]3(C)CC[C@@H]12,inverted stereocentre at atom 3
stereo_flip,A,stereo_flip_084,CS(=O)(=O)CC(=O)N(CCCN1[C@@H]2CC[C@H]1C[C@@H](c1cccc(C(N)=O)c1)C2)CC1CCCCC1,CS(=O)(=O)CC(=O)N(CCCN1[C@H]2CC[C@H]1C[C@H](c1cccc(C(N)=O)c1)C2)CC1CCCCC1,inverted stereocentre at atom 12
stereo_flip,A,stereo_flip_085,CC1=C(C(=O)NCCCN2CCC(C#N)(c3ccc(F)cc3)CC2)[C@@H](c2ccc(F)c(F)c2)CC(=O)N1,CC1=C(C(=O)NCCCN2CCC(C#N)(c3ccc(F)cc3)CC2)[C@H](c2ccc(F)c(F)c2)CC(=O)N1,inverted stereocentre at atom 24
stereo_flip,A,stereo_flip_086,COC(=O)[C@H](c1ccc(N=[N+]=[N-])c(I)c1)[C@H]1CCCCN1,COC(=O)[C@@H](c1ccc(N=[N+]=[N-])c(I)c1)[C@H]1CCCCN1,inverted stereocentre at atom 4
stereo_flip,A,stereo_flip_087,N=C(N)c1cccc(C[C@H](NS(=O)(=O)c2cccc(NC(=O)CCN)c2)C(=O)N2CCC(CCCC(=O)O)CC2)c1,N=C(N)c1cccc(C[C@@H](NS(=O)(=O)c2cccc(NC(=O)CCN)c2)C(=O)N2CCC(CCCC(=O)O)CC2)c1,inverted stereocentre at atom 9
stereo_flip,A,stereo_flip_088,CNC(=O)[C@H](CC(C)(C)C)NC(=O)c1ccc(C(F)(F)F)c(OCC2CCOCC2)n1,CNC(=O)[C@@H](CC(C)(C)C)NC(=O)c1ccc(C(F)(F)F)c(OCC2CCOCC2)n1,inverted stereocentre at atom 4
stereo_flip,A,stereo_flip_089,NCc1ccc(Cl)cc1CNC(=O)[C@@H]1CCCN1C(=O)C1(O)CCCc2ncccc21,NCc1ccc(Cl)cc1CNC(=O)[C@H]1CCCN1C(=O)C1(O)CCCc2ncccc21,inverted stereocentre at atom 13
stereo_flip,A,stereo_flip_090,COc1ccc(-c2cccn3nc(Nc4cnn([C@H](C)CO)c4)nc23)cc1,COc1ccc(-c2cccn3nc(Nc4cnn([C@@H](C)CO)c4)nc23)cc1,inverted stereocentre at atom 18
stereo_flip,A,stereo_flip_091,CC1(C)C2CC1[C@]1(C)OB([C@H](CCCN=C(N)N)NC(=O)c3cccc(-c4cccc(NS(C)(=O)=O)c4)c3)O[C@@H]1C2,CC1(C)C2CC1[C@@]1(C)OB([C@H](CCCN=C(N)N)NC(=O)c3cccc(-c4cccc(NS(C)(=O)=O)c4)c3)O[C@@H]1C2,inverted stereocentre at atom 6
stereo_flip,A,stereo_flip_092,COc1ccc(CN2CC[C@]34CCN(CC5CC5)[C@H](Cc5ccc(OC)cc53)[C@@H]4C2)cc1,COc1ccc(CN2CC[C@@]34CCN(CC5CC5)[C@H](Cc5ccc(OC)cc53)[C@@H]4C2)cc1,inverted stereocentre at atom 10
stereo_flip,A,stereo_flip_093,CCCN[C@@]12Cc3c([nH]c4ccccc34)[C@@H]3Oc4c(O)ccc5c4C31CCN(CC1CC1)C2C5,CCCN[C@]12Cc3c([nH]c4ccccc34)[C@@H]3Oc4c(O)ccc5c4C31CCN(CC1CC1)C2C5,inverted stereocentre at atom 4
stereo_flip,A,stereo_flip_094,CC1(C)[C@@H]2C[C@H]3OB([C@H](CCCCN)NC(=O)Cn4nc(CC#N)nc4CCc4ccccc4)O[C@@]3(C)[C@H]1C2,CC1(C)[C@H]2C[C@H]3OB([C@H](CCCCN)NC(=O)Cn4nc(CC#N)nc4CCc4ccccc4)O[C@@]3(C)[C@H]1C2,inverted stereocentre at atom 3
stereo_flip,A,stereo_flip_095,CO[C@]12CC[C@@]3(C[C@@H]1CNS(=O)(=O)c1ccc(C)cc1)[C@H]1Cc4ccc(O)c5c4[C@@]3(CCN1CC1CC1)[C@H]2O5,CO[C@@]12CC[C@@]3(C[C@@H]1CNS(=O)(=O)c1ccc(C)cc1)[C@H]1Cc4ccc(O)c5c4[C@@]3(CCN1CC1CC1)[C@H]2O5,inverted stereocentre at atom 2
stereo_flip,A,stereo_flip_096,CC(=O)N1CCN(C(=O)[C@H](CCCNC(=N)N)NS(=O)(=O)c2cccc(C)c2)CC1,CC(=O)N1CCN(C(=O)[C@@H](CCCNC(=N)N)NS(=O)(=O)c2cccc(C)c2)CC1,inverted stereocentre at atom 9
stereo_flip,A,stereo_flip_097,Oc1ccc2c(c1)[C@]1(CCCCCc3ccccc3)CCN(CCc3ccccc3F)C[C@@H]1O2,Oc1ccc2c(c1)[C@@]1(CCCCCc3ccccc3)CCN(CCc3ccccc3F)C[C@@H]1O2,inverted stereocentre at atom 7
stereo_flip,A,stereo_flip_098,N[C@@H]1CCN(c2nc(-c3n[nH]c4cnc(-c5cccnc5)cc34)ccc2Br)C1,N[C@H]1CCN(c2nc(-c3n[nH]c4cnc(-c5cccnc5)cc34)ccc2Br)C1,inverted stereocentre at atom 1
stereo_flip,A,stereo_flip_099,CCCCCCCN1C[C@H](C)[C@](C)(c2cccc(O)c2)C[C@H]1CCC,CCCCCCCN1C[C@@H](C)[C@](C)(c2cccc(O)c2)C[C@H]1CCC,inverted stereocentre at atom 9
ez_flip,A,ez_flip_000,COC(=O)/C=C1/CN2C3CCC2C1C(c1ccc(Br)cc1)C3,COC(=O)/C=C1\CN2C3CCC2C1C(c1ccc(Br)cc1)C3,flipped double-bond geometry E<->Z
ez_flip,A,ez_flip_001,CCCCCS(=O)(=O)NC(=O)/C=C/c1ccc(OCCOC2CC2)cc1Oc1ncc(C(F)(F)F)cc1Cl,CCCCCS(=O)(=O)NC(=O)/C=C\c1ccc(OCCOC2CC2)cc1Oc1ncc(C(F)(F)F)cc1Cl,flipped double-bond geometry E<->Z
ez_flip,A,ez_flip_002,C(=C\c1ccccc1)\c1ccccc1,C(=C/c1ccccc1)\c1ccccc1,flipped double-bond geometry E<->Z
ez_flip,A,ez_flip_003,CCOC(=O)[C@]1(C)CCC[C@@]2(C)[C@@H]3CC[C@@]4(C)C[C@]3(CC[C@@H]21)C/C4=N\OCc1csc2ccc(Cl)cc12,CCOC(=O)[C@]1(C)CCC[C@@]2(C)[C@@H]3CC[C@@]4(C)C[C@]3(CC[C@@H]21)C/C4=N/OCc1csc2ccc(Cl)cc12,flipped double-bond geometry E<->Z
ez_flip,A,ez_flip_004,COc1cccc(C(=O)NC/C=C/CN2CCN(c3cccc(Cl)c3Cl)CC2)c1,COc1cccc(C(=O)NC/C=C\CN2CCN(c3cccc(Cl)c3Cl)CC2)c1,flipped double-bond geometry E<->Z
ez_flip,A,ez_flip_005,COc1ccccc1-c1noc(C(C)C)c1COc1ccc(/C=C/c2cccc(C(=O)O)c2)c(Cl)c1,COc1ccccc1-c1noc(C(C)C)c1COc1ccc(/C=C\c2cccc(C(=O)O)c2)c(Cl)c1,flipped double-bond geometry E<->Z
ez_flip,A,ez_flip_006,CC(C)(Oc1ccc(CCCOc2ccc(/C=C/c3ccccc3)cc2)cc1)C(=O)O,CC(C)(Oc1ccc(CCCOc2ccc(/C=C\c3ccccc3)cc2)cc1)C(=O)O,flipped double-bond geometry E<->Z
ez_flip,A,ez_flip_007,COc1ccc(/C(C)=N/OCCCCO/N=C(/CCC(=O)O)c2ccccc2)cc1OC,COc1ccc(/C(C)=N\OCCCCO/N=C(/CCC(=O)O)c2ccccc2)cc1OC,flipped double-bond geometry E<->Z
ez_flip,A,ez_flip_008,CCCCCS(=O)(=O)NC(=O)/C=C/c1ccc(OCCC(C)=O)cc1Oc1ncc(C(F)(F)F)cc1Cl,CCCCCS(=O)(=O)NC(=O)/C=C\c1ccc(OCCC(C)=O)cc1Oc1ncc(C(F)(F)F)cc1Cl,flipped double-bond geometry E<->Z
ez_flip,A,ez_flip_009,C/C(=N\OCCOc1ccc(CC2SC(=O)NC2=O)cc1)c1cccnc1,C/C(=N/OCCOc1ccc(CC2SC(=O)NC2=O)cc1)c1cccnc1,flipped double-bond geometry E<->Z
ez_flip,A,ez_flip_010,Clc1ccc(C(c2ccc3nccc(/C=C/c4ccccc4)c3c2)c2cscn2)cc1,Clc1ccc(C(c2ccc3nccc(/C=C\c4ccccc4)c3c2)c2cscn2)cc1,flipped double-bond geometry E<->Z
ez_flip,A,ez_flip_011,C(=C/c1ccccc1)\COCC1CCN(CCCc2ccccc2)CC1,C(=C\c1ccccc1)\COCC1CCN(CCCc2ccccc2)CC1,flipped double-bond geometry E<->Z
ez_flip,A,ez_flip_012,COc1ccccc1/C=C/C(=O)NC[C@H]1C[C@@]23CC[C@@]1(OC)[C@@H]1Oc4c(OC)ccc5c4[C@@]12CCN(C)[C@@H]3C5,COc1ccccc1/C=C\C(=O)NC[C@H]1C[C@@]23CC[C@@]1(OC)[C@@H]1Oc4c(OC)ccc5c4[C@@]12CCN(C)[C@@H]3C5,flipped double-bond geometry E<->Z
ez_flip,A,ez_flip_013,COC(=O)Nc1ccc(-c2cc([C@H](Cc3ccccc3)NC(=O)/C=C/c3cc(Cl)ccc3-n3cnnn3)c(Cl)nn2)cc1,COC(=O)Nc1ccc(-c2cc([C@H](Cc3ccccc3)NC(=O)/C=C\c3cc(Cl)ccc3-n3cnnn3)c(Cl)nn2)cc1,flipped double-bond geometry E<->Z
ez_flip,A,ez_flip_014,COC(=O)/C=C/c1cccc(N(Cc2ccc(-c3ccc(C)s3)cc2)C(=O)C2CCCCC2)c1,COC(=O)/C=C\c1cccc(N(Cc2ccc(-c3ccc(C)s3)cc2)C(=O)C2CCCCC2)c1,flipped double-bond geometry E<->Z
ez_flip,A,ez_flip_015,COc1ccc2c(c1)C=C[C@@H]1C2=NO[C@H]1CN1CCN(C/C=C/c2ccccc2)CC1,COc1ccc2c(c1)C=C[C@@H]1C2=NO[C@H]1CN1CCN(C/C=C\c2ccccc2)CC1,flipped double-bond geometry E<->Z
ez_flip,A,ez_flip_016,COc1ccccc1N1CCN(Cc2ccccc2CNC(=O)/C=C/c2ccccc2)CC1,COc1ccccc1N1CCN(Cc2ccccc2CNC(=O)/C=C\c2ccccc2)CC1,flipped double-bond geometry E<->Z
ez_flip,A,ez_flip_017,COC1=C(OC)C(=O)C(C/C=C(\C)CC/C=C(\C)CC/C=C(\C)CC/C=C(\C)CC/C=C(\C)CC/C=C(\C)CC/C=C(\C)CC/C=C(\C)CC/C=C(\C)CCC=C(C)C)=C(C)C1=O,COC1=C(OC)C(=O)C(C/C=C(/C)CC/C=C(\C)CC/C=C(\C)CC/C=C(\C)CC/C=C(\C)CC/C=C(\C)CC/C=C(\C)CC/C=C(\C)CC/C=C(\C)CCC=C(C)C)=C(C)C1=O,flipped double-bond geometry E<->Z
ez_flip,A,ez_flip_018,O=C(NC1(c2ccccn2)CC1)c1nn(-c2ccc(Cl)c(Cl)c2)c2c1CCCC/C2=C\c1ccc(F)cc1,O=C(NC1(c2ccccn2)CC1)c1nn(-c2ccc(Cl)c(Cl)c2)c2c1CCCC/C2=C/c1ccc(F)cc1,flipped double-bond geometry E<->Z
ez_flip,A,ez_flip_019,COC(=O)Nc1ccc(-c2cc([C@H](Cc3ccccc3)NC(=O)/C=C/c3cc(Cl)ccc3-n3cnnn3)nnc2Cl)cc1,COC(=O)Nc1ccc(-c2cc([C@H](Cc3ccccc3)NC(=O)/C=C\c3cc(Cl)ccc3-n3cnnn3)nnc2Cl)cc1,flipped double-bond geometry E<->Z
ez_flip,A,ez_flip_020,CCCCCCCC(=O)CC[C@@H]1[C@@H](C/C=C\CCCC(=O)OC(C)C)[C@@H](O)C[C@H]1O,CCCCCCCC(=O)CC[C@@H]1[C@@H](C/C=C/CCCC(=O)OC(C)C)[C@@H](O)C[C@H]1O,flipped double-bond geometry E<->Z
ez_flip,A,ez_flip_021,COc1ccccc1N1CCN(CCCNC(=O)/N=N/c2ccc(F)cc2)CC1,COc1ccccc1N1CCN(CCCNC(=O)/N=N\c2ccc(F)cc2)CC1,flipped double-bond geometry E<->Z
ez_flip,A,ez_flip_022,CC1(C)C[C@@H]1C(=O)N/C(=C\CCCCSC[C@H](N)C(=O)O)C(=O)[O-],CC1(C)C[C@@H]1C(=O)N/C(=C/CCCCSC[C@H](N)C(=O)O)C(=O)[O-],flipped double-bond geometry E<->Z
ez_flip,A,ez_flip_023,CC(C)(CN(CC(=O)NC(CCC/N=C/N)B(O)O)C(=O)CCc1ccccc1)c1ccccc1,CC(C)(CN(CC(=O)NC(CCC/N=C\N)B(O)O)C(=O)CCc1ccccc1)c1ccccc1,flipped double-bond geometry E<->Z
ez_flip,A,ez_flip_024,CCCc1nc2c(C)cccc2n1Cc1ccc2c(c1)COc1ccccc1/C2=C(\C)c1noc(=O)[nH]1,CCCc1nc2c(C)cccc2n1Cc1ccc2c(c1)COc1ccccc1/C2=C(/C)c1noc(=O)[nH]1,flipped double-bond geometry E<->Z
ez_flip,A,ez_flip_025,CN(CCOc1ccc(/C=C2\SC(=O)NC2=O)cc1)c1ccc2ccccc2c1,CN(CCOc1ccc(/C=C2/SC(=O)NC2=O)cc1)c1ccc2ccccc2c1,flipped double-bond geometry E<->Z
ez_flip,A,ez_flip_026,COc1ccc(/C=C/C(=O)NCCCCN2CCN(c3ccccc3OC)CC2)cc1,COc1ccc(/C=C\C(=O)NCCCCN2CCN(c3ccccc3OC)CC2)cc1,flipped double-bond geometry E<->Z
ez_flip,A,ez_flip_027,CN1C(=O)[C@@](c2ccc(OC(F)F)cc2)(c2cccc(/C=C/C3CC3)c2)N=C1N,CN1C(=O)[C@@](c2ccc(OC(F)F)cc2)(c2cccc(/C=C\C3CC3)c2)N=C1N,flipped double-bond geometry E<->Z
ez_flip,A,ez_flip_028,COc1ccc2c3c1O[C@H]1C(=O)CC[C@@]4(NC(=O)/C=C/c5ccccc5Cl)[C@@H](C2)N(C)CC[C@]314,COc1ccc2c3c1O[C@H]1C(=O)CC[C@@]4(NC(=O)/C=C\c5ccccc5Cl)[C@@H](C2)N(C)CC[C@]314,flipped double-bond geometry E<->Z
ez_flip,A,ez_flip_029,O=C(N/N=C1\C(=O)N(CC2CCCCC2)c2ccccc21)c1ccccc1,O=C(N/N=C1/C(=O)N(CC2CCCCC2)c2ccccc21)c1ccccc1,flipped double-bond geometry E<->Z
ez_flip,A,ez_flip_030,O=C1/C(=C/c2ccccc2)Cc2ccc(OCCCN3CCCCC3)cc21,O=C1/C(=C\c2ccccc2)Cc2ccc(OCCCN3CCCCC3)cc21,flipped double-bond geometry E<->Z
ez_flip,A,ez_flip_031,COc1ccc(/C=N/NC(=O)c2ccncc2)cc1OC,COc1ccc(/C=N\NC(=O)c2ccncc2)cc1OC,flipped double-bond geometry E<->Z
ez_flip,A,ez_flip_032,Cc1cc2cc(/N=C(/NC#N)N[C@H]3CCCCN(CC(=O)N4CCCC4)C3=O)ccc2o1,Cc1cc2cc(/N=C(\NC#N)N[C@H]3CCCCN(CC(=O)N4CCCC4)C3=O)ccc2o1,flipped double-bond geometry E<->Z
ez_flip,A,ez_flip_033,CC(C)(CCCOc1ccc(/C=C/c2ccc(C(F)(F)F)cc2)cc1)C(=O)O,CC(C)(CCCOc1ccc(/C=C\c2ccc(C(F)(F)F)cc2)cc1)C(=O)O,flipped double-bond geometry E<->Z
ez_flip,A,ez_flip_034,CCCCC/C(=C/c1ccccc1)CO,CCCCC/C(=C\c1ccccc1)CO,flipped double-bond geometry E<->Z
ez_flip,A,ez_flip_035,O=C(O)C(Cc1ccccc1)Oc1ccc(/C=N/OCc2ccccc2)cc1,O=C(O)C(Cc1ccccc1)Oc1ccc(/C=N\OCc2ccccc2)cc1,flipped double-bond geometry E<->Z
ez_flip,A,ez_flip_036,N/C(=N\O)c1cccc(CN(NS(=O)(=O)c2ccc3ccccc3c2)C(=O)N2CCCCCC2)c1,N/C(=N/O)c1cccc(CN(NS(=O)(=O)c2ccc3ccccc3c2)C(=O)N2CCCCCC2)c1,flipped double-bond geometry E<->Z
ez_flip,A,ez_flip_037,Cc1ccccc1/C=C/C(=O)N[C@@]12CCC(=O)[C@@H]3Oc4c(O)ccc5c4[C@@]31CCN(CC1CC1)[C@@H]2C5,Cc1ccccc1/C=C\C(=O)N[C@@]12CCC(=O)[C@@H]3Oc4c(O)ccc5c4[C@@]31CCN(CC1CC1)[C@@H]2C5,flipped double-bond geometry E<->Z
ez_flip,A,ez_flip_038,O=C(O)c1nc2ccccc2n([C@H]2C[C@H]3CCC[C@@H](C2)N3C2/C=C\CCCCC2)c1=O,O=C(O)c1nc2ccccc2n([C@H]2C[C@H]3CCC[C@@H](C2)N3C2/C=C/CCCCC2)c1=O,flipped double-bond geometry E<->Z
ez_flip,A,ez_flip_039,CN/C=N/c1ccc(C)cc1C,CN/C=N\c1ccc(C)cc1C,flipped double-bond geometry E<->Z
ez_flip,A,ez_flip_040,COC(=O)[C@@H]1C[C@H](OC(=O)/C=C/c2ccc([N+](=O)[O-])cc2)C(=O)[C@H]2[C@@]1(C)CC[C@H]1C(=O)O[C@H](c3ccoc3)C[C@]21C,COC(=O)[C@@H]1C[C@H](OC(=O)/C=C\c2ccc([N+](=O)[O-])cc2)C(=O)[C@H]2[C@@]1(C)CC[C@H]1C(=O)O[C@H](c3ccoc3)C[C@]21C,flipped double-bond geometry E<->Z
ez_flip,A,ez_flip_041,CC(C(O)c1ccccc1)N(C)C/C=C/c1ccccc1,CC(C(O)c1ccccc1)N(C)C/C=C\c1ccccc1,flipped double-bond geometry E<->Z
ez_flip,A,ez_flip_042,CN(C/C=C/c1ccc(C[C@@H](C(=O)O)n2cccc2)cc1)c1ccccn1,CN(C/C=C\c1ccc(C[C@@H](C(=O)O)n2cccc2)cc1)c1ccccn1,flipped double-bond geometry E<->Z
ez_flip,A,ez_flip_043,CCOC(=O)C1=C(c2ccccc2)c2ccc(OCCN3CCN(C)CC3)cc2/C1=[N+](/C)[O-],CCOC(=O)C1=C(c2ccccc2)c2ccc(OCCN3CCN(C)CC3)cc2/C1=[N+](\C)[O-],flipped double-bond geometry E<->Z
ez_flip,A,ez_flip_044,N/C(=N\CCc1ccc2[nH]c3c(c2c1)C[C@@]1(O)[C@H]2Cc4ccc(O)c5c4[C@@]1(CCN2CC1CC1)[C@H]3O5)NCc1ccccc1,N/C(=N/CCc1ccc2[nH]c3c(c2c1)C[C@@]1(O)[C@H]2Cc4ccc(O)c5c4[C@@]1(CCN2CC1CC1)[C@H]3O5)NCc1ccccc1,flipped double-bond geometry E<->Z
ez_flip,A,ez_flip_045,COc1ccc2c(c1O)[C@]13CCN(C)C(C2)[C@@]12C/C(=C\c1ccccc1)[C@@H]3c1[nH]c3ccccc3c1C2,COc1ccc2c(c1O)[C@]13CCN(C)C(C2)[C@@]12C/C(=C/c1ccccc1)[C@@H]3c1[nH]c3ccccc3c1C2,flipped double-bond geometry E<->Z
ez_flip,A,ez_flip_046,COc1cc2c(cc1OC)C1=NO[C@@H](CN3CCN(C/C=C(\C)c4ccc(F)cc4)CC3)[C@@H]1CO2,COc1cc2c(cc1OC)C1=NO[C@@H](CN3CCN(C/C=C(/C)c4ccc(F)cc4)CC3)[C@@H]1CO2,flipped double-bond geometry E<->Z
ez_flip,A,ez_flip_047,CCO[C@@H](Cc1cccc(/C(C)=N/OCc2ccccc2)c1)C(=O)O,CCO[C@@H](Cc1cccc(/C(C)=N\OCc2ccccc2)c1)C(=O)O,flipped double-bond geometry E<->Z
ez_flip,A,ez_flip_048,COC(=O)/C=C/c1cccc(N(Cc2ccc(/C=C/c3ccc(F)cc3)cc2)C(=O)C(C)C)c1,COC(=O)/C=C\c1cccc(N(Cc2ccc(/C=C/c3ccc(F)cc3)cc2)C(=O)C(C)C)c1,flipped double-bond geometry E<->Z
ez_flip,A,ez_flip_049,CC/C(=N\OCc1sc(-c2ccc(C(F)(F)F)cc2)nc1C)c1ccc(OCC(=O)O)c(C)c1,CC/C(=N/OCc1sc(-c2ccc(C(F)(F)F)cc2)nc1C)c1ccc(OCC(=O)O)c(C)c1,flipped double-bond geometry E<->Z
ez_flip,A,ez_flip_050,CCCCCOc1cc2ccccc2cc1C(O)C/C=C/CCCC(=O)OC,CCCCCOc1cc2ccccc2cc1C(O)C/C=C\CCCC(=O)OC,flipped double-bond geometry E<->Z
ez_flip,A,ez_flip_051,COc1ccc(/C=C2\CN(C(=O)c3cc[nH]n3)Cc3c(C(=O)N[C@H](C)c4ccccc4)nn(-c4ccc(Cl)cc4Cl)c32)cc1,COc1ccc(/C=C2/CN(C(=O)c3cc[nH]n3)Cc3c(C(=O)N[C@H](C)c4ccccc4)nn(-c4ccc(Cl)cc4Cl)c32)cc1,flipped double-bond geometry E<->Z
ez_flip,A,ez_flip_052,N=C(N)c1ccc(O)c(/C=C/CNC(=O)c2ccc(-c3ccccc3S(N)(=O)=O)cc2)c1,N=C(N)c1ccc(O)c(/C=C\CNC(=O)c2ccc(-c3ccccc3S(N)(=O)=O)cc2)c1,flipped double-bond geometry E<->Z
ez_flip,A,ez_flip_053,CCN/C(=N\S(=O)(=O)c1cccc(Cl)c1)N1CC2(C=N1)CCNCC2,CCN/C(=N/S(=O)(=O)c1cccc(Cl)c1)N1CC2(C=N1)CCNCC2,flipped double-bond geometry E<->Z
ez_flip,A,ez_flip_054,CN1CCC[C@@H]1C/N=C(\S)N1Cc2ccccc2C[C@H]1CNC(=O)NC(C)(C)C,CN1CCC[C@@H]1C/N=C(/S)N1Cc2ccccc2C[C@H]1CNC(=O)NC(C)(C)C,flipped double-bond geometry E<->Z
ez_flip,A,ez_flip_055,NS(=O)(=O)c1ccccc1-c1ccc(NC(=O)C2CC(/C=C/c3ccco3)=NO2)cc1,NS(=O)(=O)c1ccccc1-c1ccc(NC(=O)C2CC(/C=C\c3ccco3)=NO2)cc1,flipped double-bond geometry E<->Z
ez_flip,A,ez_flip_056,CC(C)(Oc1ccc(CCOc2ccc(/N=N/c3ccc([N+](=O)[O-])cc3)cc2)cc1)C(=O)O,CC(C)(Oc1ccc(CCOc2ccc(/N=N\c3ccc([N+](=O)[O-])cc3)cc2)cc1)C(=O)O,flipped double-bond geometry E<->Z
ez_flip,A,ez_flip_057,COc1ccc(/C=C2\NC(=O)N(CCCCN3CCN(c4ccccc4OC)CC3)C2=O)cc1OC1CCCC1,COc1ccc(/C=C2/NC(=O)N(CCCCN3CCN(c4ccccc4OC)CC3)C2=O)cc1OC1CCCC1,flipped double-bond geometry E<->Z
ez_flip,A,ez_flip_058,C/C=C(/CC[C@@H](C)[C@H]1CC[C@H]2C3=CC[C@H]4[C@H](C)[C@@H](O)CC[C@]4(C)[C@H]3CC[C@]12C)C(C)C,C/C=C(\CC[C@@H](C)[C@H]1CC[C@H]2C3=CC[C@H]4[C@H](C)[C@@H](O)CC[C@]4(C)[C@H]3CC[C@]12C)C(C)C,flipped double-bond geometry E<->Z
ez_flip,A,ez_flip_059,CC/C=C\CC/C=C/CO,CC/C=C/CC/C=C/CO,flipped double-bond geometry E<->Z
ez_flip,A,ez_flip_060,CCOC(=O)C1=C(C)NC(C)=C(C(=O)OCC)C1c1ccccc1/C=C/C(=O)OC(C)(C)C,CCOC(=O)C1=C(C)NC(C)=C(C(=O)OCC)C1c1ccccc1/C=C\C(=O)OC(C)(C)C,flipped double-bond geometry E<->Z
ez_flip,A,ez_flip_061,COc1ccc(-c2nsc(C)c2C(=O)/N=C(/N)NCc2cc(Cl)c(N)c(Cl)c2)cc1,COc1ccc(-c2nsc(C)c2C(=O)/N=C(\N)NCc2cc(Cl)c(N)c(Cl)c2)cc1,flipped double-bond geometry E<->Z
ez_flip,A,ez_flip_062,CC/C(=C(/CC)c1ccc(O)cc1)c1ccc(O)cc1,CC/C(=C(\CC)c1ccc(O)cc1)c1ccc(O)cc1,flipped double-bond geometry E<->Z
ez_flip,A,ez_flip_063,COC(=O)[C@H]1[C@@H](c2ccc(C(C)C)cc2)C[C@@H]2CC[C@H]1N2C/C=C/I,COC(=O)[C@H]1[C@@H](c2ccc(C(C)C)cc2)C[C@@H]2CC[C@H]1N2C/C=C\I,flipped double-bond geometry E<->Z
ez_flip,A,ez_flip_064,CCOC(=O)[C@]1(C)CCC[C@@]2(C)[C@@H]3CC[C@@]4(C)C[C@]3(CC[C@@H]21)C/C4=N\OC/C=C/c1ccc2occc2c1,CCOC(=O)[C@]1(C)CCC[C@@]2(C)[C@@H]3CC[C@@]4(C)C[C@]3(CC[C@@H]21)C/C4=N/OC/C=C/c1ccc2occc2c1,flipped double-bond geometry E<->Z
ez_flip,A,ez_flip_065,O=C(NC1CCN(c2ccccn2)CC1)c1nn(-c2ccc(Cl)cc2Cl)c2c1CCC/C2=C\c1ccc(Cl)cc1,O=C(NC1CCN(c2ccccn2)CC1)c1nn(-c2ccc(Cl)cc2Cl)c2c1CCC/C2=C/c1ccc(Cl)cc1,flipped double-bond geometry E<->Z
ez_flip,A,ez_flip_066,COc1ccc(C(=O)c2cc(C)cn2C/C=C/c2ccc(Cl)cc2C(=O)NS(C)(=O)=O)cc1,COc1ccc(C(=O)c2cc(C)cn2C/C=C\c2ccc(Cl)cc2C(=O)NS(C)(=O)=O)cc1,flipped double-bond geometry E<->Z
ez_flip,A,ez_flip_067,Cc1ccc(/C=C/C(=O)N[C@@]23CCC(=O)[C@@H]4Oc5c(O)ccc6c5[C@@]42CCN(C)[C@@H]3C6)cc1,Cc1ccc(/C=C\C(=O)N[C@@]23CCC(=O)[C@@H]4Oc5c(O)ccc6c5[C@@]42CCN(C)[C@@H]3C6)cc1,flipped double-bond geometry E<->Z
ez_flip,A,ez_flip_068,COC(=O)/C=C\C(=O)O,COC(=O)/C=C/C(=O)O,flipped double-bond geometry E<->Z
ez_flip,A,ez_flip_069,C/C(=C1/c2ccc(Cn3c(C4CC4)nc4c(Cl)ccnc43)cc2COc2cc(F)ccc21)c1noc(=O)[nH]1,C/C(=C1\c2ccc(Cn3c(C4CC4)nc4c(Cl)ccnc43)cc2COc2cc(F)ccc21)c1noc(=O)[nH]1,flipped double-bond geometry E<->Z
ez_flip,A,ez_flip_070,Cc1oc(-c2ccccc2)nc1COc1ccc(CO/N=C(\CCC(=O)O)c2ccccc2)cc1,Cc1oc(-c2ccccc2)nc1COc1ccc(CO/N=C(/CCC(=O)O)c2ccccc2)cc1,flipped double-bond geometry E<->Z
ez_flip,A,ez_flip_071,CN(CCc1ccccc1OCCO)C(=O)[C@@H](Cc1ccc2ccccc2c1)N(C)C(=O)/C=C/CC(C)(C)N,CN(CCc1ccccc1OCCO)C(=O)[C@@H](Cc1ccc2ccccc2c1)N(C)C(=O)/C=C\CC(C)(C)N,flipped double-bond geometry E<->Z
ez_flip,A,ez_flip_072,COC(=O)/C=C/c1cccc(N(Cc2ccc(-c3cccc(C)c3)cc2)C(=O)NC(C)C)c1,COC(=O)/C=C\c1cccc(N(Cc2ccc(-c3cccc(C)c3)cc2)C(=O)NC(C)C)c1,flipped double-bond geometry E<->Z
ez_flip,A,ez_flip_073,C/C(=N\OCCF)C(Cc1ccc(OCc2nc(-c3ccc(F)cc3)oc2C)cc1)C(=O)O,C/C(=N/OCCF)C(Cc1ccc(OCc2nc(-c3ccc(F)cc3)oc2C)cc1)C(=O)O,flipped double-bond geometry E<->Z
ez_flip,A,ez_flip_074,COc1ccc2c(c1)N(CC1CCCCC1)C(=O)/C2=N\NC(=O)c1ccccc1,COc1ccc2c(c1)N(CC1CCCCC1)C(=O)/C2=N/NC(=O)c1ccccc1,flipped double-bond geometry E<->Z
ez_flip,A,ez_flip_075,CC/C(=C1/c2ccccc2COc2ccccc21)c1cccc(NS(C)(=O)=O)c1,CC/C(=C1\c2ccccc2COc2ccccc21)c1cccc(NS(C)(=O)=O)c1,flipped double-bond geometry E<->Z
ez_flip,A,ez_flip_076,COC(=O)/C=C/c1cccc(N(Cc2ccc(-c3ccc(OC)cc3)cc2)C(=O)C(C)C)c1,COC(=O)/C=C\c1cccc(N(Cc2ccc(-c3ccc(OC)cc3)cc2)C(=O)C(C)C)c1,flipped double-bond geometry E<->Z
ez_flip,A,ez_flip_077,COC(=O)[C@@H]1C2CCC(C[C@@H]1c1cccc(/C=C/Br)c1)N2,COC(=O)[C@@H]1C2CCC(C[C@@H]1c1cccc(/C=C\Br)c1)N2,flipped double-bond geometry E<->Z
ez_flip,A,ez_flip_078,CN(C)S(=O)(=O)c1ccccc1-c1ccc(N2CCC(NS(=O)(=O)/C=C/c3ccc(Cl)s3)C2=O)nc1,CN(C)S(=O)(=O)c1ccccc1-c1ccc(N2CCC(NS(=O)(=O)/C=C\c3ccc(Cl)s3)C2=O)nc1,flipped double-bond geometry E<->Z
ez_flip,A,ez_flip_079,CCCN(CCC)CCCOc1ccc(-c2nc3ccccc3n2C/C=C/Cn2c(-c3ccc(OCCCN(CCC)CCC)cc3)nc3ccccc32)cc1,CCCN(CCC)CCCOc1ccc(-c2nc3ccccc3n2C/C=C\Cn2c(-c3ccc(OCCCN(CCC)CCC)cc3)nc3ccccc32)cc1,flipped double-bond geometry E<->Z
ez_flip,A,ez_flip_080,COc1cccc(CN2CCC[C@@H]2C/N=C(\S)N2Cc3ccccc3C[C@H]2CNC(=O)Nc2ccccc2)c1,COc1cccc(CN2CCC[C@@H]2C/N=C(/S)N2Cc3ccccc3C[C@H]2CNC(=O)Nc2ccccc2)c1,flipped double-bond geometry E<->Z
ez_flip,A,ez_flip_081,CCN(C)Cc1nccn1-c1ccc(N2CCC(NS(=O)(=O)/C=C/c3ccc(Cl)s3)C2=O)c(F)c1,CCN(C)Cc1nccn1-c1ccc(N2CCC(NS(=O)(=O)/C=C\c3ccc(Cl)s3)C2=O)c(F)c1,flipped double-bond geometry E<->Z
ez_flip,A,ez_flip_082,COC(=O)/C=C/c1cccc(N(Cc2ccc(-c3cccc(Cl)c3)cc2)C(=O)C(C)C)c1,COC(=O)/C=C\c1cccc(N(Cc2ccc(-c3cccc(Cl)c3)cc2)C(=O)C(C)C)c1,flipped double-bond geometry E<->Z
ez_flip,A,ez_flip_083,C=C/C(C)=C/C/C=C(\C)CCC=C(C)C,C=C/C(C)=C\C/C=C(\C)CCC=C(C)C,flipped double-bond geometry E<->Z
ez_flip,A,ez_flip_084,CCc1nc2cc(OC3CCN(C(C)=N)CC3)ccc2n1C/C=C/c1cccc(N)c1,CCc1nc2cc(OC3CCN(C(C)=N)CC3)ccc2n1C/C=C\c1cccc(N)c1,flipped double-bond geometry E<->Z
ez_flip,A,ez_flip_085,CCCCCCC(=O)CCCCCC/C=C/C[C@@H](O)[C@H](O)[C@@](N)(CO)C(=O)O,CCCCCCC(=O)CCCCCC/C=C\C[C@@H](O)[C@H](O)[C@@](N)(CO)C(=O)O,flipped double-bond geometry E<->Z
ez_flip,A,ez_flip_086,Cc1cc(OCC/C=N/N=C(N)N)cc(OCc2ccccc2C(F)(F)F)c1,Cc1cc(OCC/C=N\N=C(N)N)cc(OCc2ccccc2C(F)(F)F)c1,flipped double-bond geometry E<->Z
ez_flip,A,ez_flip_087,COc1c(O)ccc2c1-c1ccc3c(c1/C(=C/c1ccc(F)cc1C(=O)N1CCCCC1)O2)C(C)=CC(C)(C)N3,COc1c(O)ccc2c1-c1ccc3c(c1/C(=C\c1ccc(F)cc1C(=O)N1CCCCC1)O2)C(C)=CC(C)(C)N3,flipped double-bond geometry E<->Z
ez_flip,A,ez_flip_088,COc1ccc(/C=C2\NC(=O)N(CCCN3CCN(c4ccccc4OC)CC3)C2=O)cc1OC1CCCC1,COc1ccc(/C=C2/NC(=O)N(CCCN3CCN(c4ccccc4OC)CC3)C2=O)cc1OC1CCCC1,flipped double-bond geometry E<->Z
ez_flip,A,ez_flip_089,N#C/C(N)=C(/N)C#N,N#C/C(N)=C(\N)C#N,flipped double-bond geometry E<->Z
ez_flip,A,ez_flip_090,O=C/C=C/c1ccccc1,O=C/C=C\c1ccccc1,flipped double-bond geometry E<->Z
ez_flip,A,ez_flip_091,O=C(/C=C/c1ccc(OC(F)(F)F)cc1)N1CCC[C@H]1CN1CCCC1,O=C(/C=C\c1ccc(OC(F)(F)F)cc1)N1CCC[C@H]1CN1CCCC1,flipped double-bond geometry E<->Z
ez_flip,A,ez_flip_092,O=C(/C=C/c1c[nH]c2ccccc12)NCCCCN1CCc2ccc(OS(=O)(=O)C(F)(F)F)cc2C1,O=C(/C=C\c1c[nH]c2ccccc12)NCCCCN1CCc2ccc(OS(=O)(=O)C(F)(F)F)cc2C1,flipped double-bond geometry E<->Z
ez_flip,A,ez_flip_093,CC(C)(Oc1ccc(CCOc2ccc(/C=C/c3ccccc3)cc2)cc1)C(=O)O,CC(C)(Oc1ccc(CCOc2ccc(/C=C\c3ccccc3)cc2)cc1)C(=O)O,flipped double-bond geometry E<->Z
ez_flip,A,ez_flip_094,CC/C=C/CCCCCCCCCCOC(C)=O,CC/C=C\CCCCCCCCCCOC(C)=O,flipped double-bond geometry E<->Z
ez_flip,A,ez_flip_095,CC1(C)S[C@@H]2[C@H](/N=C/N3CCCCCC3)C(=O)N2[C@H]1C(=O)O,CC1(C)S[C@@H]2[C@H](/N=C\N3CCCCCC3)C(=O)N2[C@H]1C(=O)O,flipped double-bond geometry E<->Z
ez_flip,A,ez_flip_096,CC(C)(CCCOc1ccc(/C=C/c2ccc(Cl)cc2)cc1)C(=O)O,CC(C)(CCCOc1ccc(/C=C\c2ccc(Cl)cc2)cc1)C(=O)O,flipped double-bond geometry E<->Z
ez_flip,A,ez_flip_097,CC1=C(/C=C/C(C)=C/C=C/C(C)=C/C(=O)Oc2c(C)c(C)c3c(c2C)CC[C@@](C)(CCC[C@H](C)CCC[C@H](C)CCCC(C)C)O3)C(C)(C)CCC1,CC1=C(/C=C\C(C)=C\C=C\C(C)=C\C(=O)Oc2c(C)c(C)c3c(c2C)CC[C@@](C)(CCC[C@H](C)CCC[C@H](C)CCCC(C)C)O3)C(C)(C)CCC1,flipped double-bond geometry E<->Z
ez_flip,A,ez_flip_098,O=C(N/N=C1\C(=O)N(Cc2ccccc2)c2ccccc21)c1ccccc1,O=C(N/N=C1/C(=O)N(Cc2ccccc2)c2ccccc21)c1ccccc1,flipped double-bond geometry E<->Z
ez_flip,A,ez_flip_099,CCN(CC)CCCOc1ccc(-c2nc3ccccc3n2C/C=C/Cn2c(-c3ccc(OC)cc3)nc3ccccc32)cc1,CCN(CC)CCCOc1ccc(-c2nc3ccccc3n2C/C=C\Cn2c(-c3ccc(OC)cc3)nc3ccccc32)cc1,flipped double-bond geometry E<->Z
c_to_n,A,c_to_n_000,CC(=N)N1CCC(Oc2ccc3cc(C(=O)N(C)C)n(Cc4ccc5ccc(C(=N)N)cc5c4)c3c2)CC1,CC(=N)N1CCC(Oc2cc3c(cn2)cc(C(=O)N(C)C)n3Cc2ccc3ccc(C(=N)N)cc3c2)CC1,aromatic C->N at atom 9 (benzene -> pyridine)
c_to_n,A,c_to_n_001,Clc1cccc(Oc2ncccc2C2CCNCC2)c1Cl,Clc1nccc(Oc2ncccc2C2CCNCC2)c1Cl,aromatic C->N at atom 2 (benzene -> pyridine)
c_to_n,A,c_to_n_002,Cn1c(SCCCN2CC3CCN(c4ccc(C#N)cc4)C3C2)nnc1-c1cnccn1,Cn1c(SCCCN2CC3CCN(c4ccc(C#N)cn4)C3C2)nnc1-c1cnccn1,aromatic C->N at atom 14 (benzene -> pyridine)
c_to_n,A,c_to_n_003,Cc1cccc(N2C[C@@H]3CCN(C(=O)c4cc(F)ccc4-n4nccn4)C[C@@H]32)n1,Cc1nccc(N2C[C@@H]3CCN(C(=O)c4cc(F)ccc4-n4nccn4)C[C@@H]32)n1,aromatic C->N at atom 2 (benzene -> pyridine)
c_to_n,A,c_to_n_004,CCCCOc1ccc(-c2ccc(C)c(C(=O)O)c2)cc1CNC(=O)c1ccc(C(F)(F)F)cc1F,CCCCOc1ncc(-c2ccc(C)c(C(=O)O)c2)cc1CNC(=O)c1ccc(C(F)(F)F)cc1F,aromatic C->N at atom 6 (benzene -> pyridine)
c_to_n,A,c_to_n_005,CN(c1nc2ccccc2s1)C1CCN(CCCCOc2ccccc2)C1,CN(c1nc2ncccc2s1)C1CCN(CCCCOc2ccccc2)C1,aromatic C->N at atom 5 (benzene -> pyridine)
c_to_n,A,c_to_n_006,CCOc1cc(CN2CCC(Nc3nc4ccccc4o3)CC2)ccc1F,CCOc1nc(CN2CCC(Nc3nc4ccccc4o3)CC2)ccc1F,aromatic C->N at atom 4 (benzene -> pyridine)
c_to_n,A,c_to_n_007,Clc1ccc2c(Nc3ccc(OCCCN4CCCCC4)cc3)ccnc2c1,Clc1cc2nccc(Nc3ccc(OCCCN4CCCCC4)cc3)c2cn1,aromatic C->N at atom 2 (benzene -> pyridine)
c_to_n,A,c_to_n_008,CN1CCN(S(=O)(=O)c2ccc(-c3cnc(N)c(C(=O)Nc4cccnc4)n3)c(C(F)(F)F)c2)CC1,CN1CCN(S(=O)(=O)c2cc(C(F)(F)F)c(-c3cnc(N)c(C(=O)Nc4cccnc4)n3)cn2)CC1,aromatic C->N at atom 9 (benzene -> pyridine)
c_to_n,A,c_to_n_009,CC(C)N(CCN1C=CC=CC=C1)C(=O)[C@H](C)N1CC[C@H](NS(=O)(=O)c2ccc3cc(Cl)ccc3c2)C1=O,CC(C)N(CCN1C=CC=CC=C1)C(=O)[C@H](C)N1CC[C@H](NS(=O)(=O)c2cc3ccc(Cl)cc3cn2)C1=O,aromatic C->N at atom 26 (benzene -> pyridine)
c_to_n,A,c_to_n_010,Cc1ccccc1C(c1ccccc1C)N1CCC(O)(c2ccccc2CN)CC1,Cc1ccccc1C(c1cccnc1C)N1CCC(O)(c2ccccc2CN)CC1,aromatic C->N at atom 2 (benzene -> pyridine)
c_to_n,A,c_to_n_011,O=C(N[C@@H]1CC[C@@]2(O)[C@H]3Cc4ccc(O)c5c4[C@@]2(CCN3CC2CC2)[C@H]1O5)c1ccccc1,O=C(N[C@@H]1CC[C@@]2(O)[C@H]3Cc4ncc(O)c5c4[C@@]2(CCN3CC2CC2)[C@H]1O5)c1ccccc1,aromatic C->N at atom 11 (benzene -> pyridine)
c_to_n,A,c_to_n_012,O=C(NCCCCN1CCN(C(c2ccccc2)c2ccccc2)CC1)c1cccs1,O=C(NCCCCN1CCN(C(c2ccccc2)c2ccccn2)CC1)c1cccs1,aromatic C->N at atom 13 (benzene -> pyridine)
c_to_n,A,c_to_n_013,COc1ccc(N2CCN(CC[C@H]3CC[C@H](NC(=O)c4cccs4)CC3)CC2)cc1,COc1ccc(N2CCN(CC[C@H]3CC[C@H](NC(=O)c4cccs4)CC3)CC2)cn1,aromatic C->N at atom 3 (benzene -> pyridine)
c_to_n,A,c_to_n_014,COc1ccc(CNCc2ccc(Oc3cccnc3)c(F)c2)cc1O,COc1ncc(CNCc2ccc(Oc3cccnc3)c(F)c2)cc1O,aromatic C->N at atom 3 (benzene -> pyridine)
c_to_n,A,c_to_n_015,C[C@H]1[C@H]2Cc3ccc(C(N)=O)cc3[C@@]1(C)CCN2C[C@H]1CCCO1,C[C@H]1[C@H]2Cc3ncc(C(N)=O)cc3[C@@]1(C)CCN2C[C@H]1CCCO1,aromatic C->N at atom 5 (benzene -> pyridine)
c_to_n,A,c_to_n_016,Cc1cc(OCCCON=C(N)N)cc(C(=O)N(Cc2ccccn2)CC2CC2)c1,Cc1cc(C(=O)N(Cc2ccccn2)CC2CC2)cc(OCCCON=C(N)N)n1,aromatic C->N at atom 2 (benzene -> pyridine)
c_to_n,A,c_to_n_017,O=c1c(NCc2ccc(Cl)cc2)c(Nc2ccncc2)c1=O,O=c1c(NCc2ccc(Cl)cn2)c(Nc2ccncc2)c1=O,aromatic C->N at atom 6 (benzene -> pyridine)
c_to_n,A,c_to_n_018,Cc1c(-c2ccccc2Cl)nc(O)n1C1CCN(Cc2ccccc2)CC1,Cc1c(-c2ncccc2Cl)nc(O)n1C1CCN(Cc2ccccc2)CC1,aromatic C->N at atom 4 (benzene -> pyridine)
c_to_n,A,c_to_n_019,C[C@H]1C2Cc3cc([N+](=O)[O-])c(O)cc3[C@@]1(C)CCN2CC1CC1,C[C@H]1C2Cc3nc([N+](=O)[O-])c(O)cc3[C@@]1(C)CCN2CC1CC1,aromatic C->N at atom 5 (benzene -> pyridine)
c_to_n,A,c_to_n_020,Cc1ccc(NS(=O)(=O)Cc2ccccc2)c(=O)n1CC(=O)NC[C@@H]1CNC(N)=N[C@@H]1C,Cc1ncc(NS(=O)(=O)Cc2ccccc2)c(=O)n1CC(=O)NC[C@@H]1CNC(N)=N[C@@H]1C,aromatic C->N at atom 2 (benzene -> pyridine)
c_to_n,A,c_to_n_021,Cc1sc(-c2ccc(Cl)cc2)nc1OC(=O)N1CCC(N2CCCCC2)CC1,Cc1sc(-c2ccc(Cl)cn2)nc1OC(=O)N1CCC(N2CCCCC2)CC1,aromatic C->N at atom 5 (benzene -> pyridine)
c_to_n,A,c_to_n_022,N=C(N)NCCCC1CCN(C(=O)[C@H](Cc2cccc(C(=N)N)c2)NS(=O)(=O)c2ccc3ccccc3c2)CC1,N=C(N)NCCCC1CCN(C(=O)[C@H](Cc2cc(C(=N)N)ccn2)NS(=O)(=O)c2ccc3ccccc3c2)CC1,aromatic C->N at atom 16 (benzene -> pyridine)
c_to_n,A,c_to_n_023,COC(=O)/C=C1/CN2C3CCC2C1C(c1ccc(Br)cc1)C3,COC(=O)/C=C1/CN2C3CCC2C1C(c1ccc(Br)cn1)C3,aromatic C->N at atom 15 (benzene -> pyridine)
c_to_n,A,c_to_n_024,NC1=[NH+]C(c2ccc(OC(F)(F)F)cc2)(c2cccc(-c3cccnc3F)c2)C2=NCCCN21,NC1=[NH+]C(c2cccc(-c3cccnc3F)c2)(c2ccc(OC(F)(F)F)cn2)C2=NCCCN21,aromatic C->N at atom 5 (benzene -> pyridine)
c_to_n,A,c_to_n_025,NC(=O)[C@@H]1CSSC[C@@H](NC(=O)[C@@H](N)Cc2ccc(O)cc2)C(=O)N[C@@H](Cc2ccccc2)C(=O)N[C@@H](Cc2cccc3ccccc23)C(=O)N1,NC(=O)[C@@H]1CSSC[C@@H](NC(=O)[C@@H](N)Cc2ccc(O)cn2)C(=O)N[C@@H](Cc2ccccc2)C(=O)N[C@@H](Cc2cccc3ccccc23)C(=O)N1,aromatic C->N at atom 16 (benzene -> pyridine)
c_to_n,A,c_to_n_026,O=C(N[C@@]12CCC(=O)[C@@H]3Oc4c(O)ccc5c4[C@@]31CCN(CC1CC1)[C@@H]2C5)c1ccncc1,O=C(N[C@@]12CCC(=O)[C@@H]3Oc4c(O)ncc5c4[C@@]31CCN(CC1CC1)[C@@H]2C5)c1ccncc1,aromatic C->N at atom 13 (benzene -> pyridine)
c_to_n,A,c_to_n_027,O=C(Nc1ccc(Cl)cc1C(=O)O)c1cccc(S(=O)(=O)N2CCc3c(O)cccc3C2)c1,O=C(Nc1ncc(Cl)cc1C(=O)O)c1cccc(S(=O)(=O)N2CCc3c(O)cccc3C2)c1,aromatic C->N at atom 4 (benzene -> pyridine)
c_to_n,A,c_to_n_028,COc1cccc(C[NH2+]C[C@H](O)[C@H](Cc2cc(F)cc(F)c2)NC(=O)c2cc(C(C)=O)cc(N3CCCCS3(=O)=O)c2)c1,COc1cc(C[NH2+]C[C@H](O)[C@H](Cc2cc(F)cc(F)c2)NC(=O)c2cc(C(C)=O)cc(N3CCCCS3(=O)=O)c2)ccn1,aromatic C->N at atom 3 (benzene -> pyridine)
c_to_n,A,c_to_n_029,CS(=O)(=O)N(c1cccnc1)c1cccc(C(=O)NC(Cc2ccccc2)C(O)C[NH2+]Cc2cccc(C(F)(F)F)c2)c1,CS(=O)(=O)N(c1cccc(C(=O)NC(Cc2ccccc2)C(O)C[NH2+]Cc2cccc(C(F)(F)F)c2)c1)c1cnccn1,aromatic C->N at atom 6 (benzene -> pyridine)
c_to_n,A,c_to_n_030,CCC(C(=O)O)C1CCc2cc(OCCc3nc(-c4ccc5c(c4)OCO5)oc3C)ccc21,CCC(C(=O)O)C1CCc2nc(OCCc3nc(-c4ccc5c(c4)OCO5)oc3C)ccc21,aromatic C->N at atom 10 (benzene -> pyridine)
c_to_n,A,c_to_n_031,CCCc1c2oc(C(=O)O)cc(=O)c2cc2c(=O)cc(C(=O)O)n(CC)c12,CCCc1c2oc(C(=O)O)nc(=O)c2cc2c(=O)cc(C(=O)O)n(CC)c12,aromatic C->N at atom 10 (benzene -> pyridine)
c_to_n,A,c_to_n_032,CN1CCC(Oc2ccc(C#N)cc2)CC1,CN1CCC(Oc2ccc(C#N)cn2)CC1,aromatic C->N at atom 7 (benzene -> pyridine)
c_to_n,A,c_to_n_033,CC[C@@]12CCN(CC3CC3)C[C@@H]1Oc1ccc(O)cc12,CC[C@@]12CCN(CC3CC3)C[C@@H]1Oc1ncc(O)cc12,aromatic C->N at atom 14 (benzene -> pyridine)
c_to_n,A,c_to_n_034,CN(CCN1CCCC1)C1CCc2cc(Cl)c(Cl)cc2C1,CN(CCN1CCCC1)C1CCc2nc(Cl)c(Cl)cc2C1,aromatic C->N at atom 13 (benzene -> pyridine)
c_to_n,A,c_to_n_035,CCCCCS(=O)(=O)NC(=O)/C=C/c1ccc(OCCOC2CC2)cc1Oc1ncc(C(F)(F)F)cc1Cl,CCCCCS(=O)(=O)NC(=O)/C=C/c1ncc(OCCOC2CC2)cc1Oc1ncc(C(F)(F)F)cc1Cl,aromatic C->N at atom 14 (benzene -> pyridine)
c_to_n,A,c_to_n_036,Cc1ccc2c(N3CCN(CCc4ccc5c(c4)NC(=O)CO5)CC3)ccc(Cl)c2n1,Cc1ncc2c(N3CCN(CCc4ccc5c(c4)NC(=O)CO5)CC3)ccc(Cl)c2n1,aromatic C->N at atom 2 (benzene -> pyridine)
c_to_n,A,c_to_n_037,Clc1ccc(-c2cc(C3CCN(CCc4ccccc4)CC3)[nH]n2)cc1,Clc1ccc(-c2cc(C3CCN(CCc4ccccc4)CC3)[nH]n2)cn1,aromatic C->N at atom 2 (benzene -> pyridine)
c_to_n,A,c_to_n_038,CNC(=O)CCCC1CCN(C(=O)[C@H](Cc2cccc(C(=N)N)c2)NS(=O)(=O)c2cccc(-c3ccc(Cl)c(Cl)c3)c2)CC1,CNC(=O)CCCC1CCN(C(=O)[C@H](Cc2cc(C(=N)N)ccn2)NS(=O)(=O)c2cccc(-c3ccc(Cl)c(Cl)c3)c2)CC1,aromatic C->N at atom 16 (benzene -> pyridine)
c_to_n,A,c_to_n_039,CN(C)c1cnc2ccc(-c3cnc(Cl)c(NS(=O)(=O)c4ccc(F)cc4)c3)cc2n1,CN(C)c1nnc2ccc(-c3cnc(Cl)c(NS(=O)(=O)c4ccc(F)cc4)c3)cc2n1,aromatic C->N at atom 4 (benzene -> pyridine)
c_to_n,A,c_to_n_040,CCc1ccc(Br)cc1,CCc1ccc(Br)cn1,aromatic C->N at atom 3 (benzene -> pyridine)
c_to_n,A,c_to_n_041,COc1ccccc1N1CCN(CCCCNC(=O)c2cc3ccc(C#N)cc3[nH]2)CC1,COc1ncccc1N1CCN(CCCCNC(=O)c2cc3ccc(C#N)cc3[nH]2)CC1,aromatic C->N at atom 3 (benzene -> pyridine)
c_to_n,A,c_to_n_042,CN1CCN(c2nc(N)nc(CSc3ccccc3)n2)CC1,CN1CCN(c2nc(N)nc(CSc3ccccn3)n2)CC1,aromatic C->N at atom 14 (benzene -> pyridine)
c_to_n,A,c_to_n_043,N=C(N)c1ccc(O)c(Oc2cc(C(=O)O)cc(Oc3cccc(-n4ccnc4)c3)n2)c1,N=C(N)c1cc(Oc2cc(C(=O)O)cc(Oc3cccc(-n4ccnc4)c3)n2)c(O)cn1,aromatic C->N at atom 4 (benzene -> pyridine)
c_to_n,A,c_to_n_044,CCOC(=O)CCCN1CCC(n2cc(NC(=O)c3c(N)nn4cccnc34)c(-c3cc(Cl)ccc3OC(F)F)n2)CC1,CCOC(=O)CCCN1CCC(n2nc(NC(=O)c3c(N)nn4cccnc34)c(-c3cc(Cl)ccc3OC(F)F)n2)CC1,aromatic C->N at atom 13 (benzene -> pyridine)
c_to_n,A,c_to_n_045,CCn1ncc(NC(=O)c2nc(-c3ccccc3F)sc2N)c1N1CCC(N)C(OC)CC1,CCn1nnc(NC(=O)c2nc(-c3ccccc3F)sc2N)c1N1CCC(N)C(OC)CC1,aromatic C->N at atom 4 (benzene -> pyridine)
c_to_n,A,c_to_n_046,C[C@H](C1=C(CCN(C)Cc2nccs2)Cc2ccccc21)c1cnccn1,C[C@H](C1=C(CCN(C)Cc2nncs2)Cc2ccccc21)c1cnccn1,aromatic C->N at atom 11 (benzene -> pyridine)
c_to_n,A,c_to_n_047,Cc1ncc(CO)cc1-c1ccc2cc(NC(=O)C3CC3)ncc2c1,Cc1nnc(CO)cc1-c1ccc2cc(NC(=O)C3CC3)ncc2c1,aromatic C->N at atom 3 (benzene -> pyridine)
c_to_n,A,c_to_n_048,Cc1cccc(C(c2ccccc2)N2CCC(O)(c3ccccc3)CC2)c1,Cc1cc(C(c2ccccc2)N2CCC(O)(c3ccccc3)CC2)ccn1,aromatic C->N at atom 2 (benzene -> pyridine)
c_to_n,A,c_to_n_049,CN(C)C1(c2ccccc2)CCC2(CC1)NCCc1c2[nH]c2ccccc12,CN(C)C1(c2ccccn2)CCC2(CC1)NCCc1c2[nH]c2ccccc12,aromatic C->N at atom 5 (benzene -> pyridine)
c_to_n,A,c_to_n_050,CC(C)[C@H]1C(=O)N2CCC[C@H]2[C@]2(O)O[C@](NC(=O)[C@@H]3C=C4c5cccc6[nH]cc(c56)C[C@H]4N(C)C3)(C(C)C)C(=O)N12,CC(C)[C@H]1C(=O)N2CCC[C@H]2[C@]2(O)O[C@](NC(=O)[C@@H]3C=C4c5nccc6[nH]cc(c56)C[C@H]4N(C)C3)(C(C)C)C(=O)N12,aromatic C->N at atom 22 (benzene -> pyridine)
c_to_n,A,c_to_n_051,CCCNC1CCc2c(cccc2OC)C1,CCCNC1CCc2c(OC)ccnc2C1,aromatic C->N at atom 9 (benzene -> pyridine)
c_to_n,A,c_to_n_052,Cc1nc2ccccn2c1-c1csc(Nc2ccc(O)cc2)n1,Cc1nc2ncccn2c1-c1csc(Nc2ccc(O)cc2)n1,aromatic C->N at atom 4 (benzene -> pyridine)
c_to_n,A,c_to_n_053,CC(C)(C)c1cccc(C[NH2+]C2CS(=O)(=O)CC(Cc3cc(F)c4c(c3)C3(CCC3)CN4)C2O)c1,CC(C)(C)c1cc(C[NH2+]C2CS(=O)(=O)CC(Cc3cc(F)c4c(c3)C3(CCC3)CN4)C2O)ccn1,aromatic C->N at atom 5 (benzene -> pyridine)
c_to_n,A,c_to_n_054,Cc1ccc(NC(=O)c2cccc(S(=O)(=O)n3ccc4ccc(Cl)cc43)c2)c(C(=O)O)c1,Cc1cc(C(=O)O)c(NC(=O)c2cccc(S(=O)(=O)n3ccc4ccc(Cl)cc43)c2)cn1,aromatic C->N at atom 2 (benzene -> pyridine)
c_to_n,A,c_to_n_055,C=C(Br)CN1[C@H]2CC[C@@H]1[C@@H](C(=O)OC)[C@@H](c1ccc(I)cc1)C2,C=C(Br)CN1[C@H]2CC[C@@H]1[C@@H](C(=O)OC)[C@@H](c1ccc(I)cn1)C2,aromatic C->N at atom 16 (benzene -> pyridine)
c_to_n,A,c_to_n_056,COc1ccc(C(=O)N2C[C@H](Oc3cc(C#N)ccn3)CC[C@H]2C)c(-n2nccn2)n1,COc1ncc(C(=O)N2C[C@H](Oc3cc(C#N)ccn3)CC[C@H]2C)c(-n2nccn2)n1,aromatic C->N at atom 3 (benzene -> pyridine)
c_to_n,A,c_to_n_057,Clc1ccccc1OCCNCCCOc1ccccc1,Clc1ncccc1OCCNCCCOc1ccccc1,aromatic C->N at atom 2 (benzene -> pyridine)
c_to_n,A,c_to_n_058,Cc1ccc2[nH]c(C(=O)N[C@H]3CN(S(=O)(=O)c4ccnnc4)C[C@@H]3C(=O)NCCN(C)C)cc2c1,Cc1cc2cc(C(=O)N[C@H]3CN(S(=O)(=O)c4ccnnc4)C[C@@H]3C(=O)NCCN(C)C)[nH]c2cn1,aromatic C->N at atom 2 (benzene -> pyridine)
c_to_n,A,c_to_n_059,CCN(Cc1ccc(-c2cc(S(=O)(=O)CC)ccc2OC)[nH]1)Cc1ccccc1Cl,CCN(Cc1ncc(-c2cc(S(=O)(=O)CC)ccc2OC)[nH]1)Cc1ccccc1Cl,aromatic C->N at atom 5 (benzene -> pyridine)
c_to_n,A,c_to_n_060,c1nc(CC2CCN(C3CCCCC3)CC2)c[nH]1,c1[nH]nnc1CC1CCN(C2CCCCC2)CC1,aromatic C->N at atom 0 (benzene -> pyridine)
c_to_n,A,c_to_n_061,CCCCCCCCCCCC[n+]1ccc2ccccc2c1,CCCCCCCCCCCC[n+]1cc2ccccc2cn1,aromatic C->N at atom 13 (benzene -> pyridine)
c_to_n,A,c_to_n_062,OCC#Cc1ccc(OCCCN2CCCCC2)cc1,OCC#Cc1ccc(OCCCN2CCCCC2)cn1,aromatic C->N at atom 5 (benzene -> pyridine)
c_to_n,A,c_to_n_063,CCC(CC(=O)NCCC1CC[NH2+]C1)n1c(N)nc2cc(Cl)ccc21,CCC(CC(=O)NCCC1CC[NH2+]C1)n1c(N)nc2nc(Cl)ccc21,aromatic C->N at atom 19 (benzene -> pyridine)
c_to_n,A,c_to_n_064,Clc1ccc(OCCCN2CCC(N3CCCCC3)CC2)cc1,Clc1ccc(OCCCN2CCC(N3CCCCC3)CC2)cn1,aromatic C->N at atom 2 (benzene -> pyridine)
c_to_n,A,c_to_n_065,CN(C)C1(c2ccccc2)CCC(c2ccccc2)(N(C)C)CC1,CN(C)C1(c2ccccc2)CCC(c2ccccn2)(N(C)C)CC1,aromatic C->N at atom 5 (benzene -> pyridine)
c_to_n,A,c_to_n_066,CC(C)c1nc(CN2CC[C@H](c3ccccc3)C2)cs1,CC(C)c1nc(CN2CC[C@H](c3ccccn3)C2)cs1,aromatic C->N at atom 12 (benzene -> pyridine)
c_to_n,A,c_to_n_067,COc1ccc(NS(=O)(=O)c2ccc(-c3cc(C)cs3)cc2)cc1N1C[C@@H](C)N[C@@H](C)C1,COc1ncc(NS(=O)(=O)c2ccc(-c3cc(C)cs3)cc2)cc1N1C[C@@H](C)N[C@@H](C)C1,aromatic C->N at atom 3 (benzene -> pyridine)
c_to_n,A,c_to_n_068,O=C(Nc1cnccn1)Nc1ccnc2ccc(N3CC4COCC4C3)cc12,O=C(Nc1nccnn1)Nc1ccnc2ccc(N3CC4COCC4C3)cc12,aromatic C->N at atom 4 (benzene -> pyridine)
c_to_n,A,c_to_n_069,Cc1ccc2c(N3CCN(CCCc4cccc5c4OCC(=O)N5C)[C@H](C)C3)cccc2n1,Cc1ncc2c(N3CCN(CCCc4cccc5c4OCC(=O)N5C)[C@H](C)C3)cccc2n1,aromatic C->N at atom 2 (benzene -> pyridine)
c_to_n,A,c_to_n_070,COc1ccccc1N1CCN(Cc2c[nH]c3ncccc23)CC1,COc1ncccc1N1CCN(Cc2c[nH]c3ncccc23)CC1,aromatic C->N at atom 3 (benzene -> pyridine)
c_to_n,A,c_to_n_071,OC1(c2ccccc2Cl)CCN(Cc2c[nH]c3ccccc23)CC1,OC1(c2ncccc2Cl)CCN(Cc2c[nH]c3ccccc23)CC1,aromatic C->N at atom 3 (benzene -> pyridine)
c_to_n,A,c_to_n_072,CN1CCN(Cc2ccccc2-c2ccc(N3CCc4c(C(F)(F)F)nn(-c5ccc6onc(N)c6c5)c4C3=O)cc2)CC1,CN1CCN(Cc2ncccc2-c2ccc(N3CCc4c(C(F)(F)F)nn(-c5ccc6onc(N)c6c5)c4C3=O)cc2)CC1,aromatic C->N at atom 7 (benzene -> pyridine)
c_to_n,A,c_to_n_073,CCn1cc(-c2cc3c(-c4ccc(=O)n(CC5(C(N)=O)CC5)c4)n[nH]c3cn2)cn1,CCn1ncc(-c2cc3c(-c4ccc(=O)n(CC5(C(N)=O)CC5)c4)n[nH]c3cn2)n1,aromatic C->N at atom 3 (benzene -> pyridine)
c_to_n,A,c_to_n_074,O=C(O)C[C@H]1C[C@@]2(O)[C@H]3Cc4ccc(O)cc4[C@@]2(CCN3CC2CC2)CC1=O,O=C(O)C[C@H]1C[C@@]2(O)[C@H]3Cc4ncc(O)cc4[C@@]2(CCN3CC2CC2)CC1=O,aromatic C->N at atom 11 (benzene -> pyridine)
c_to_n,A,c_to_n_075,COc1ccc(Br)cc1-c1nc(CNC2CCN(Cc3ccccc3)CC2)co1,COc1ncc(Br)cc1-c1nc(CNC2CCN(Cc3ccccc3)CC2)co1,aromatic C->N at atom 3 (benzene -> pyridine)
c_to_n,A,c_to_n_076,NC(=O)C[C@H]1COc2cc(F)ccc2N1C(=O)c1ccc2c(c1)NC(=O)CO2,NC(=O)C[C@H]1COc2nc(F)ccc2N1C(=O)c1ccc2c(c1)NC(=O)CO2,aromatic C->N at atom 8 (benzene -> pyridine)
c_to_n,A,c_to_n_077,C1=C(c2c[nH]c3ccccc23)CC2CCC1N2CCOc1cccc2c1OCCO2,C1=C(c2n[nH]c3ccccc23)CC2CCC1N2CCOc1cccc2c1OCCO2,aromatic C->N at atom 3 (benzene -> pyridine)
c_to_n,A,c_to_n_078,CCCOC[C@@H]1[C@H]2CNC[C@]21c1ccc(Cl)c(Cl)c1,CCCOC[C@@H]1[C@H]2CNC[C@]21c1cc(Cl)c(Cl)cn1,aromatic C->N at atom 12 (benzene -> pyridine)
c_to_n,A,c_to_n_079,CC(C)c1ccccc1OCCN1CCC(NS(=O)(=O)c2ccc(F)c(F)c2)CC1,CC(C)c1ncccc1OCCN1CCC(NS(=O)(=O)c2ccc(F)c(F)c2)CC1,aromatic C->N at atom 4 (benzene -> pyridine)
c_to_n,A,c_to_n_080,C[C@H]1C2Cc3ccc(NCc4ccccc4)cc3[C@@]1(C)CCN2CC1CC1,C[C@H]1C2Cc3ncc(NCc4ccccc4)cc3[C@@]1(C)CCN2CC1CC1,aromatic C->N at atom 5 (benzene -> pyridine)
c_to_n,A,c_to_n_081,Cc1ccc([C@@](C)(O)[C@H]2CCCC3=Cc4c(-c5ccc(F)cc5)ncn4C[C@@]32C)s1,Cc1ncc([C@@](C)(O)[C@H]2CCCC3=Cc4c(-c5ccc(F)cc5)ncn4C[C@@]32C)s1,aromatic C->N at atom 2 (benzene -> pyridine)
c_to_n,A,c_to_n_082,CN1CC(C)(COc2ccc(C(=N)N)cc2)Oc2cc(N(Cc3ccc(F)cc3)C(=O)C(=O)O)ccc21,CN1CC(C)(COc2ccc(C(=N)N)cn2)Oc2cc(N(Cc3ccc(F)cc3)C(=O)C(=O)O)ccc21,aromatic C->N at atom 8 (benzene -> pyridine)
c_to_n,A,c_to_n_083,O=C(CCCN1CCC(O)(c2cc3ccc2CCc2ccc(cc2)CC3)CC1)c1cc2ccc1CCc1ccc(cc1)CC2,O=C(CCCN1CCC(O)(c2nc3ccc2CCc2ccc(cc2)CC3)CC1)c1cc2ccc1CCc1ccc(cc1)CC2,aromatic C->N at atom 11 (benzene -> pyridine)
c_to_n,A,c_to_n_084,COc1cc2c(cc1N1CCNCC1)N(S(=O)(=O)c1ccc(-c3ccccn3)s1)CC2,COc1nc2c(cc1N1CCNCC1)N(S(=O)(=O)c1ccc(-c3ccccn3)s1)CC2,aromatic C->N at atom 3 (benzene -> pyridine)
c_to_n,A,c_to_n_085,O=C(NCCCCN1CCN(c2ccccc2Cl)CC1)c1ccc(-c2ccsc2)cc1,O=C(NCCCCN1CCN(c2ncccc2Cl)CC1)c1ccc(-c2ccsc2)cc1,aromatic C->N at atom 12 (benzene -> pyridine)
c_to_n,A,c_to_n_086,COCCOc1ccc(-c2nc(C)nc(N)n2)c(Nc2cnc(OC)c(F)c2)n1,COCCOc1ncc(-c2nc(C)nc(N)n2)c(Nc2cnc(OC)c(F)c2)n1,aromatic C->N at atom 6 (benzene -> pyridine)
c_to_n,A,c_to_n_087,Cc1ccc(C)c(O)c1C,Cc1cnc(C)c(C)c1O,aromatic C->N at atom 2 (benzene -> pyridine)
c_to_n,A,c_to_n_088,COc1ccc(C2(c3cccc(-c4cncnc4)c3)N=C(N)N(C)C2=O)cc1C,COc1ncc(C2(c3cccc(-c4cncnc4)c3)N=C(N)N(C)C2=O)cc1C,aromatic C->N at atom 3 (benzene -> pyridine)
c_to_n,A,c_to_n_089,Cc1nc(N)nc(-c2cc(Cl)cnc2Nc2cnc(Cl)c(NS(=O)(=O)N(C)C)c2)n1,Cc1nc(N)nc(-c2nc(Cl)cnc2Nc2cnc(Cl)c(NS(=O)(=O)N(C)C)c2)n1,aromatic C->N at atom 8 (benzene -> pyridine)
c_to_n,A,c_to_n_090,CNCCCC[C@@H](NC(=O)[C@@H](CC(C)C)NC(=O)[C@@H](Cc1ccccc1)NC(=O)[C@H](N)Cc1ccccc1)C(=O)N1CCCN(C(=N)N)CC1,CNCCCC[C@@H](NC(=O)[C@@H](CC(C)C)NC(=O)[C@@H](Cc1ccccn1)NC(=O)[C@H](N)Cc1ccccc1)C(=O)N1CCCN(C(=N)N)CC1,aromatic C->N at atom 21 (benzene -> pyridine)
c_to_n,A,c_to_n_091,Cc1cn[nH]c1,Cc1c[nH]nn1,aromatic C->N at atom 2 (benzene -> pyridine)
c_to_n,A,c_to_n_092,CCN(CC)C(=O)c1ccc(C2=CC3(CCOCC3)Oc3ccccc32)cc1,CCN(CC)C(=O)c1ccc(C2=CC3(CCOCC3)Oc3ccccc32)cn1,aromatic C->N at atom 8 (benzene -> pyridine)
c_to_n,A,c_to_n_093,N=C(N)NC(=O)Cc1c(Cl)cccc1Cl,N=C(N)NC(=O)Cc1c(Cl)ccnc1Cl,aromatic C->N at atom 10 (benzene -> pyridine)
c_to_n,A,c_to_n_094,CCC(CC)C(=O)N(Cc1ccccc1)[C@H](C)CN1[C@@H]2CC[C@H]1C[C@@H](c1cccc(O)c1)C2,CCC(CC)C(=O)N(Cc1ccccn1)[C@H](C)CN1[C@@H]2CC[C@H]1C[C@@H](c1cccc(O)c1)C2,aromatic C->N at atom 10 (benzene -> pyridine)
c_to_n,A,c_to_n_095,NC(=O)[C@@H]1Cc2ccccc2CN1C(=O)CCCCN1CCN(c2noc3ccccc23)CC1,NC(=O)[C@@H]1Cc2ncccc2CN1C(=O)CCCCN1CCN(c2noc3ccccc23)CC1,aromatic C->N at atom 6 (benzene -> pyridine)
c_to_n,A,c_to_n_096,CO[C@]12CC[C@@]3(C[C@@H]1[C@@](C)(O)C(C)(C)C)[C@H]1Cc4cc(Br)c(O)c5c4[C@@]3(CCN1CC1CC1)[C@H]2O5,CO[C@]12CC[C@@]3(C[C@@H]1[C@@](C)(O)C(C)(C)C)[C@H]1Cc4nc(Br)c(O)c5c4[C@@]3(CCN1CC1CC1)[C@H]2O5,aromatic C->N at atom 18 (benzene -> pyridine)
c_to_n,A,c_to_n_097,c1ccc(-c2cccc(N3CCNCC3)c2)cc1,c1cc(-c2ccncc2)cc(N2CCNCC2)c1,aromatic C->N at atom 0 (benzene -> pyridine)
c_to_n,A,c_to_n_098,Clc1cc(Cl)c2c(c1)N=C1CCCCCN1C2,Clc1cc2c(c(Cl)n1)CN1CCCCCC1=N2,aromatic C->N at atom 2 (benzene -> pyridine)
c_to_n,A,c_to_n_099,C(=C\c1ccccc1)\c1ccccc1,C(=C\c1ccccn1)\c1ccccc1,aromatic C->N at atom 3 (benzene -> pyridine)
add_methyl,A,add_methyl_000,CC(=N)N1CCC(Oc2ccc3cc(C(=O)N(C)C)n(Cc4ccc5ccc(C(=N)N)cc5c4)c3c2)CC1,CC(=N)N1CCC(Oc2cc3c(cc2C)cc(C(=O)N(C)C)n3Cc2ccc3ccc(C(=N)N)cc3c2)CC1,+CH3 on aromatic atom 9
add_methyl,A,add_methyl_001,Clc1cccc(Oc2ncccc2C2CCNCC2)c1Cl,Cc1ccc(Oc2ncccc2C2CCNCC2)c(Cl)c1Cl,+CH3 on aromatic atom 2
add_methyl,A,add_methyl_002,Cn1c(SCCCN2CC3CCN(c4ccc(C#N)cc4)C3C2)nnc1-c1cnccn1,Cc1cc(C#N)ccc1N1CCC2CN(CCCSc3nnc(-c4cnccn4)n3C)CC21,+CH3 on aromatic atom 14
add_methyl,A,add_methyl_003,Cc1cccc(N2C[C@@H]3CCN(C(=O)c4cc(F)ccc4-n4nccn4)C[C@@H]32)n1,Cc1ccc(N2C[C@@H]3CCN(C(=O)c4cc(F)ccc4-n4nccn4)C[C@@H]32)nc1C,+CH3 on aromatic atom 2
add_methyl,A,add_methyl_004,CCCCOc1ccc(-c2ccc(C)c(C(=O)O)c2)cc1CNC(=O)c1ccc(C(F)(F)F)cc1F,CCCCOc1c(C)cc(-c2ccc(C)c(C(=O)O)c2)cc1CNC(=O)c1ccc(C(F)(F)F)cc1F,+CH3 on aromatic atom 6
add_methyl,A,add_methyl_005,CN(c1nc2ccccc2s1)C1CCN(CCCCOc2ccccc2)C1,Cc1cccc2sc(N(C)C3CCN(CCCCOc4ccccc4)C3)nc12,+CH3 on aromatic atom 5
add_methyl,A,add_methyl_006,CCOc1cc(CN2CCC(Nc3nc4ccccc4o3)CC2)ccc1F,CCOc1c(F)ccc(CN2CCC(Nc3nc4ccccc4o3)CC2)c1C,+CH3 on aromatic atom 4
add_methyl,A,add_methyl_007,Clc1ccc2c(Nc3ccc(OCCCN4CCCCC4)cc3)ccnc2c1,Cc1cc2c(Nc3ccc(OCCCN4CCCCC4)cc3)ccnc2cc1Cl,+CH3 on aromatic atom 2
add_methyl,A,add_methyl_008,CN1CCN(S(=O)(=O)c2ccc(-c3cnc(N)c(C(=O)Nc4cccnc4)n3)c(C(F)(F)F)c2)CC1,Cc1cc(-c2cnc(N)c(C(=O)Nc3cccnc3)n2)c(C(F)(F)F)cc1S(=O)(=O)N1CCN(C)CC1,+CH3 on aromatic atom 9
add_methyl,A,add_methyl_009,CC(C)N(CCN1C=CC=CC=C1)C(=O)[C@H](C)N1CC[C@H](NS(=O)(=O)c2ccc3cc(Cl)ccc3c2)C1=O,Cc1cc2cc(Cl)ccc2cc1S(=O)(=O)N[C@H]1CCN([C@@H](C)C(=O)N(CCN2C=CC=CC=C2)C(C)C)C1=O,+CH3 on aromatic atom 26
add_methyl,A,add_methyl_010,Cc1ccccc1C(c1ccccc1C)N1CCC(O)(c2ccccc2CN)CC1,Cc1ccccc1C(c1cccc(C)c1C)N1CCC(O)(c2ccccc2CN)CC1,+CH3 on aromatic atom 2
add_methyl,A,add_methyl_011,O=C(N[C@@H]1CC[C@@]2(O)[C@H]3Cc4ccc(O)c5c4[C@@]2(CCN3CC2CC2)[C@H]1O5)c1ccccc1,Cc1cc(O)c2c3c1C[C@H]1N(CC4CC4)CC[C@@]34[C@@H](O2)[C@H](NC(=O)c2ccccc2)CC[C@@]14O,+CH3 on aromatic atom 11
add_methyl,A,add_methyl_012,O=C(NCCCCN1CCN(C(c2ccccc2)c2ccccc2)CC1)c1cccs1,Cc1ccccc1C(c1ccccc1)N1CCN(CCCCNC(=O)c2cccs2)CC1,+CH3 on aromatic atom 13
add_methyl,A,add_methyl_013,COc1ccc(N2CCN(CC[C@H]3CC[C@H](NC(=O)c4cccs4)CC3)CC2)cc1,COc1ccc(N2CCN(CC[C@H]3CC[C@H](NC(=O)c4cccs4)CC3)CC2)cc1C,+CH3 on aromatic atom 3
add_methyl,A,add_methyl_014,COc1ccc(CNCc2ccc(Oc3cccnc3)c(F)c2)cc1O,COc1c(C)cc(CNCc2ccc(Oc3cccnc3)c(F)c2)cc1O,+CH3 on aromatic atom 3
add_methyl,A,add_methyl_015,C[C@H]1[C@H]2Cc3ccc(C(N)=O)cc3[C@@]1(C)CCN2C[C@H]1CCCO1,Cc1cc(C(N)=O)cc2c1C[C@@H]1[C@H](C)[C@]2(C)CCN1C[C@H]1CCCO1,+CH3 on aromatic atom 5
add_methyl,A,add_methyl_016,Cc1cc(OCCCON=C(N)N)cc(C(=O)N(Cc2ccccn2)CC2CC2)c1,Cc1cc(C(=O)N(Cc2ccccn2)CC2CC2)cc(OCCCON=C(N)N)c1C,+CH3 on aromatic atom 2
add_methyl,A,add_methyl_017,O=c1c(NCc2ccc(Cl)cc2)c(Nc2ccncc2)c1=O,Cc1cc(Cl)ccc1CNc1c(Nc2ccncc2)c(=O)c1=O,+CH3 on aromatic atom 6
add_methyl,A,add_methyl_018,Cc1c(-c2ccccc2Cl)nc(O)n1C1CCN(Cc2ccccc2)CC1,Cc1cccc(Cl)c1-c1nc(O)n(C2CCN(Cc3ccccc3)CC2)c1C,+CH3 on aromatic atom 4
add_methyl,A,add_methyl_019,C[C@H]1C2Cc3cc([N+](=O)[O-])c(O)cc3[C@@]1(C)CCN2CC1CC1,Cc1c2c(cc(O)c1[N+](=O)[O-])[C@@]1(C)CCN(CC3CC3)C(C2)[C@@H]1C,+CH3 on aromatic atom 5
add_methyl,A,add_methyl_020,Cc1ccc(NS(=O)(=O)Cc2ccccc2)c(=O)n1CC(=O)NC[C@@H]1CNC(N)=N[C@@H]1C,Cc1cc(NS(=O)(=O)Cc2ccccc2)c(=O)n(CC(=O)NC[C@@H]2CNC(N)=N[C@@H]2C)c1C,+CH3 on aromatic atom 2
add_methyl,A,add_methyl_021,Cc1sc(-c2ccc(Cl)cc2)nc1OC(=O)N1CCC(N2CCCCC2)CC1,Cc1cc(Cl)ccc1-c1nc(OC(=O)N2CCC(N3CCCCC3)CC2)c(C)s1,+CH3 on aromatic atom 5
add_methyl,A,add_methyl_022,N=C(N)NCCCC1CCN(C(=O)[C@H](Cc2cccc(C(=N)N)c2)NS(=O)(=O)c2ccc3ccccc3c2)CC1,Cc1ccc(C(=N)N)cc1C[C@H](NS(=O)(=O)c1ccc2ccccc2c1)C(=O)N1CCC(CCCNC(=N)N)CC1,+CH3 on aromatic atom 16
add_methyl,A,add_methyl_023,COC(=O)/C=C1/CN2C3CCC2C1C(c1ccc(Br)cc1)C3,COC(=O)/C=C1/CN2C3CCC2C1C(c1ccc(Br)cc1C)C3,+CH3 on aromatic atom 15
add_methyl,A,add_methyl_024,NC1=[NH+]C(c2ccc(OC(F)(F)F)cc2)(c2cccc(-c3cccnc3F)c2)C2=NCCCN21,Cc1cc(OC(F)(F)F)ccc1C1(c2cccc(-c3cccnc3F)c2)[NH+]=C(N)N2CCCN=C21,+CH3 on aromatic atom 5
add_methyl,A,add_methyl_025,NC(=O)[C@@H]1CSSC[C@@H](NC(=O)[C@@H](N)Cc2ccc(O)cc2)C(=O)N[C@@H](Cc2ccccc2)C(=O)N[C@@H](Cc2cccc3ccccc23)C(=O)N1,Cc1cc(O)ccc1C[C@H](N)C(=O)N[C@@H]1CSSC[C@@H](C(N)=O)NC(=O)[C@H](Cc2cccc3ccccc23)NC(=O)[C@H](Cc2ccccc2)NC1=O,+CH3 on aromatic atom 16
add_methyl,A,add_methyl_026,O=C(N[C@@]12CCC(=O)[C@@H]3Oc4c(O)ccc5c4[C@@]31CCN(CC1CC1)[C@@H]2C5)c1ccncc1,Cc1cc2c3c(c1O)O[C@H]1C(=O)CC[C@@]4(NC(=O)c5ccncc5)[C@@H](C2)N(CC2CC2)CC[C@]314,+CH3 on aromatic atom 13
add_methyl,A,add_methyl_027,O=C(Nc1ccc(Cl)cc1C(=O)O)c1cccc(S(=O)(=O)N2CCc3c(O)cccc3C2)c1,Cc1cc(Cl)cc(C(=O)O)c1NC(=O)c1cccc(S(=O)(=O)N2CCc3c(O)cccc3C2)c1,+CH3 on aromatic atom 4
add_methyl,A,add_methyl_028,COc1cccc(C[NH2+]C[C@H](O)[C@H](Cc2cc(F)cc(F)c2)NC(=O)c2cc(C(C)=O)cc(N3CCCCS3(=O)=O)c2)c1,COc1cc(C[NH2+]C[C@H](O)[C@H](Cc2cc(F)cc(F)c2)NC(=O)c2cc(C(C)=O)cc(N3CCCCS3(=O)=O)c2)ccc1C,+CH3 on aromatic atom 3
add_methyl,A,add_methyl_029,CS(=O)(=O)N(c1cccnc1)c1cccc(C(=O)NC(Cc2ccccc2)C(O)C[NH2+]Cc2cccc(C(F)(F)F)c2)c1,Cc1ccncc1N(c1cccc(C(=O)NC(Cc2ccccc2)C(O)C[NH2+]Cc2cccc(C(F)(F)F)c2)c1)S(C)(=O)=O,+CH3 on aromatic atom 6
add_methyl,A,add_methyl_030,CCC(C(=O)O)C1CCc2cc(OCCc3nc(-c4ccc5c(c4)OCO5)oc3C)ccc21,CCC(C(=O)O)C1CCc2c1ccc(OCCc1nc(-c3ccc4c(c3)OCO4)oc1C)c2C,+CH3 on aromatic atom 10
add_methyl,A,add_methyl_031,CCCc1c2oc(C(=O)O)cc(=O)c2cc2c(=O)cc(C(=O)O)n(CC)c12,CCCc1c2oc(C(=O)O)c(C)c(=O)c2cc2c(=O)cc(C(=O)O)n(CC)c12,+CH3 on aromatic atom 10
add_methyl,A,add_methyl_032,CN1CCC(Oc2ccc(C#N)cc2)CC1,Cc1cc(C#N)ccc1OC1CCN(C)CC1,+CH3 on aromatic atom 7
add_methyl,A,add_methyl_033,CC[C@@]12CCN(CC3CC3)C[C@@H]1Oc1ccc(O)cc12,CC[C@@]12CCN(CC3CC3)C[C@@H]1Oc1c(C)cc(O)cc12,+CH3 on aromatic atom 14
add_methyl,A,add_methyl_034,CN(CCN1CCCC1)C1CCc2cc(Cl)c(Cl)cc2C1,Cc1c(Cl)c(Cl)cc2c1CCC(N(C)CCN1CCCC1)C2,+CH3 on aromatic atom 13
add_methyl,A,add_methyl_035,CCCCCS(=O)(=O)NC(=O)/C=C/c1ccc(OCCOC2CC2)cc1Oc1ncc(C(F)(F)F)cc1Cl,CCCCCS(=O)(=O)NC(=O)/C=C/c1c(C)cc(OCCOC2CC2)cc1Oc1ncc(C(F)(F)F)cc1Cl,+CH3 on aromatic atom 14
add_methyl,A,add_methyl_036,Cc1ccc2c(N3CCN(CCc4ccc5c(c4)NC(=O)CO5)CC3)ccc(Cl)c2n1,Cc1cc2c(N3CCN(CCc4ccc5c(c4)NC(=O)CO5)CC3)ccc(Cl)c2nc1C,+CH3 on aromatic atom 2
add_methyl,A,add_methyl_037,Clc1ccc(-c2cc(C3CCN(CCc4ccccc4)CC3)[nH]n2)cc1,Cc1cc(-c2cc(C3CCN(CCc4ccccc4)CC3)[nH]n2)ccc1Cl,+CH3 on aromatic atom 2
add_methyl,A,add_methyl_038,CNC(=O)CCCC1CCN(C(=O)[C@H](Cc2cccc(C(=N)N)c2)NS(=O)(=O)c2cccc(-c3ccc(Cl)c(Cl)c3)c2)CC1,CNC(=O)CCCC1CCN(C(=O)[C@H](Cc2cc(C(=N)N)ccc2C)NS(=O)(=O)c2cccc(-c3ccc(Cl)c(Cl)c3)c2)CC1,+CH3 on aromatic atom 16
add_methyl,A,add_methyl_039,CN(C)c1cnc2ccc(-c3cnc(Cl)c(NS(=O)(=O)c4ccc(F)cc4)c3)cc2n1,Cc1nc2ccc(-c3cnc(Cl)c(NS(=O)(=O)c4ccc(F)cc4)c3)cc2nc1N(C)C,+CH3 on aromatic atom 4
add_methyl,A,add_methyl_040,CCc1ccc(Br)cc1,CCc1ccc(Br)cc1C,+CH3 on aromatic atom 3
add_methyl,A,add_methyl_041,COc1ccccc1N1CCN(CCCCNC(=O)c2cc3ccc(C#N)cc3[nH]2)CC1,COc1c(C)cccc1N1CCN(CCCCNC(=O)c2cc3ccc(C#N)cc3[nH]2)CC1,+CH3 on aromatic atom 3
add_methyl,A,add_methyl_042,CN1CCN(c2nc(N)nc(CSc3ccccc3)n2)CC1,Cc1ccccc1SCc1nc(N)nc(N2CCN(C)CC2)n1,+CH3 on aromatic atom 14
add_methyl,A,add_methyl_043,N=C(N)c1ccc(O)c(Oc2cc(C(=O)O)cc(Oc3cccc(-n4ccnc4)c3)n2)c1,Cc1cc(O)c(Oc2cc(C(=O)O)cc(Oc3cccc(-n4ccnc4)c3)n2)cc1C(=N)N,+CH3 on aromatic atom 4
add_methyl,A,add_methyl_044,CCOC(=O)CCCN1CCC(n2cc(NC(=O)c3c(N)nn4cccnc34)c(-c3cc(Cl)ccc3OC(F)F)n2)CC1,CCOC(=O)CCCN1CCC(n2nc(-c3cc(Cl)ccc3OC(F)F)c(NC(=O)c3c(N)nn4cccnc34)c2C)CC1,+CH3 on aromatic atom 13
add_methyl,A,add_methyl_045,CCn1ncc(NC(=O)c2nc(-c3ccccc3F)sc2N)c1N1CCC(N)C(OC)CC1,CCn1nc(C)c(NC(=O)c2nc(-c3ccccc3F)sc2N)c1N1CCC(N)C(OC)CC1,+CH3 on aromatic atom 4
add_methyl,A,add_methyl_046,C[C@H](C1=C(CCN(C)Cc2nccs2)Cc2ccccc21)c1cnccn1,Cc1csc(CN(C)CCC2=C([C@@H](C)c3cnccn3)c3ccccc3C2)n1,+CH3 on aromatic atom 11
add_methyl,A,add_methyl_047,Cc1ncc(CO)cc1-c1ccc2cc(NC(=O)C3CC3)ncc2c1,Cc1nc(C)c(-c2ccc3cc(NC(=O)C4CC4)ncc3c2)cc1CO,+CH3 on aromatic atom 3
add_methyl,A,add_methyl_048,Cc1cccc(C(c2ccccc2)N2CCC(O)(c3ccccc3)CC2)c1,Cc1ccc(C(c2ccccc2)N2CCC(O)(c3ccccc3)CC2)cc1C,+CH3 on aromatic atom 2
add_methyl,A,add_methyl_049,CN(C)C1(c2ccccc2)CCC2(CC1)NCCc1c2[nH]c2ccccc12,Cc1ccccc1C1(N(C)C)CCC2(CC1)NCCc1c2[nH]c2ccccc12,+CH3 on aromatic atom 5
add_methyl,A,add_methyl_050,CC(C)[C@H]1C(=O)N2CCC[C@H]2[C@]2(O)O[C@](NC(=O)[C@@H]3C=C4c5cccc6[nH]cc(c56)C[C@H]4N(C)C3)(C(C)C)C(=O)N12,Cc1ccc2[nH]cc3c2c1C1=C[C@@H](C(=O)N[C@]2(C(C)C)O[C@@]4(O)[C@@H]5CCCN5C(=O)[C@H](C(C)C)N4C2=O)CN(C)[C@@H]1C3,+CH3 on aromatic atom 22
add_methyl,A,add_methyl_051,CCCNC1CCc2c(cccc2OC)C1,CCCNC1CCc2c(OC)ccc(C)c2C1,+CH3 on aromatic atom 9
add_methyl,A,add_methyl_052,Cc1nc2ccccn2c1-c1csc(Nc2ccc(O)cc2)n1,Cc1nc2c(C)cccn2c1-c1csc(Nc2ccc(O)cc2)n1,+CH3 on aromatic atom 4
add_methyl,A,add_methyl_053,CC(C)(C)c1cccc(C[NH2+]C2CS(=O)(=O)CC(Cc3cc(F)c4c(c3)C3(CCC3)CN4)C2O)c1,Cc1ccc(C[NH2+]C2CS(=O)(=O)CC(Cc3cc(F)c4c(c3)C3(CCC3)CN4)C2O)cc1C(C)(C)C,+CH3 on aromatic atom 5
add_methyl,A,add_methyl_054,Cc1ccc(NC(=O)c2cccc(S(=O)(=O)n3ccc4ccc(Cl)cc43)c2)c(C(=O)O)c1,Cc1cc(NC(=O)c2cccc(S(=O)(=O)n3ccc4ccc(Cl)cc43)c2)c(C(=O)O)cc1C,+CH3 on aromatic atom 2
add_methyl,A,add_methyl_055,C=C(Br)CN1[C@H]2CC[C@@H]1[C@@H](C(=O)OC)[C@@H](c1ccc(I)cc1)C2,C=C(Br)CN1[C@H]2CC[C@@H]1[C@@H](C(=O)OC)[C@@H](c1ccc(I)cc1C)C2,+CH3 on aromatic atom 16
add_methyl,A,add_methyl_056,COc1ccc(C(=O)N2C[C@H](Oc3cc(C#N)ccn3)CC[C@H]2C)c(-n2nccn2)n1,COc1nc(-n2nccn2)c(C(=O)N2C[C@H](Oc3cc(C#N)ccn3)CC[C@H]2C)cc1C,+CH3 on aromatic atom 3
add_methyl,A,add_methyl_057,Clc1ccccc1OCCNCCCOc1ccccc1,Cc1cccc(OCCNCCCOc2ccccc2)c1Cl,+CH3 on aromatic atom 2
add_methyl,A,add_methyl_058,Cc1ccc2[nH]c(C(=O)N[C@H]3CN(S(=O)(=O)c4ccnnc4)C[C@@H]3C(=O)NCCN(C)C)cc2c1,Cc1cc2cc(C(=O)N[C@H]3CN(S(=O)(=O)c4ccnnc4)C[C@@H]3C(=O)NCCN(C)C)[nH]c2cc1C,+CH3 on aromatic atom 2
add_methyl,A,add_methyl_059,CCN(Cc1ccc(-c2cc(S(=O)(=O)CC)ccc2OC)[nH]1)Cc1ccccc1Cl,CCN(Cc1ccccc1Cl)Cc1[nH]c(-c2cc(S(=O)(=O)CC)ccc2OC)cc1C,+CH3 on aromatic atom 5
add_methyl,A,add_methyl_060,c1nc(CC2CCN(C3CCCCC3)CC2)c[nH]1,Cc1nc(CC2CCN(C3CCCCC3)CC2)c[nH]1,+CH3 on aromatic atom 0
add_methyl,A,add_methyl_061,CCCCCCCCCCCC[n+]1ccc2ccccc2c1,CCCCCCCCCCCC[n+]1cc2ccccc2cc1C,+CH3 on aromatic atom 13
add_methyl,A,add_methyl_062,OCC#Cc1ccc(OCCCN2CCCCC2)cc1,Cc1cc(OCCCN2CCCCC2)ccc1C#CCO,+CH3 on aromatic atom 5
add_methyl,A,add_methyl_063,CCC(CC(=O)NCCC1CC[NH2+]C1)n1c(N)nc2cc(Cl)ccc21,CCC(CC(=O)NCCC1CC[NH2+]C1)n1c(N)nc2c(C)c(Cl)ccc21,+CH3 on aromatic atom 19
add_methyl,A,add_methyl_064,Clc1ccc(OCCCN2CCC(N3CCCCC3)CC2)cc1,Cc1cc(OCCCN2CCC(N3CCCCC3)CC2)ccc1Cl,+CH3 on aromatic atom 2
add_methyl,A,add_methyl_065,CN(C)C1(c2ccccc2)CCC(c2ccccc2)(N(C)C)CC1,Cc1ccccc1C1(N(C)C)CCC(c2ccccc2)(N(C)C)CC1,+CH3 on aromatic atom 5
add_methyl,A,add_methyl_066,CC(C)c1nc(CN2CC[C@H](c3ccccc3)C2)cs1,Cc1ccccc1[C@H]1CCN(Cc2csc(C(C)C)n2)C1,+CH3 on aromatic atom 12
add_methyl,A,add_methyl_067,COc1ccc(NS(=O)(=O)c2ccc(-c3cc(C)cs3)cc2)cc1N1C[C@@H](C)N[C@@H](C)C1,COc1c(C)cc(NS(=O)(=O)c2ccc(-c3cc(C)cs3)cc2)cc1N1C[C@@H](C)N[C@@H](C)C1,+CH3 on aromatic atom 3
add_methyl,A,add_methyl_068,O=C(Nc1cnccn1)Nc1ccnc2ccc(N3CC4COCC4C3)cc12,Cc1nccnc1NC(=O)Nc1ccnc2ccc(N3CC4COCC4C3)cc12,+CH3 on aromatic atom 4
add_methyl,A,add_methyl_069,Cc1ccc2c(N3CCN(CCCc4cccc5c4OCC(=O)N5C)[C@H](C)C3)cccc2n1,Cc1cc2c(N3CCN(CCCc4cccc5c4OCC(=O)N5C)[C@H](C)C3)cccc2nc1C,+CH3 on aromatic atom 2
add_methyl,A,add_methyl_070,COc1ccccc1N1CCN(Cc2c[nH]c3ncccc23)CC1,COc1c(C)cccc1N1CCN(Cc2c[nH]c3ncccc23)CC1,+CH3 on aromatic atom 3
add_methyl,A,add_methyl_071,OC1(c2ccccc2Cl)CCN(Cc2c[nH]c3ccccc23)CC1,Cc1cccc(Cl)c1C1(O)CCN(Cc2c[nH]c3ccccc23)CC1,+CH3 on aromatic atom 3
add_methyl,A,add_methyl_072,CN1CCN(Cc2ccccc2-c2ccc(N3CCc4c(C(F)(F)F)nn(-c5ccc6onc(N)c6c5)c4C3=O)cc2)CC1,Cc1cccc(-c2ccc(N3CCc4c(C(F)(F)F)nn(-c5ccc6onc(N)c6c5)c4C3=O)cc2)c1CN1CCN(C)CC1,+CH3 on aromatic atom 7
add_methyl,A,add_methyl_073,CCn1cc(-c2cc3c(-c4ccc(=O)n(CC5(C(N)=O)CC5)c4)n[nH]c3cn2)cn1,CCn1ncc(-c2cc3c(-c4ccc(=O)n(CC5(C(N)=O)CC5)c4)n[nH]c3cn2)c1C,+CH3 on aromatic atom 3
add_methyl,A,add_methyl_074,O=C(O)C[C@H]1C[C@@]2(O)[C@H]3Cc4ccc(O)cc4[C@@]2(CCN3CC2CC2)CC1=O,Cc1cc(O)cc2c1C[C@H]1N(CC3CC3)CC[C@@]23CC(=O)[C@@H](CC(=O)O)C[C@@]13O,+CH3 on aromatic atom 11
add_methyl,A,add_methyl_075,COc1ccc(Br)cc1-c1nc(CNC2CCN(Cc3ccccc3)CC2)co1,COc1c(C)cc(Br)cc1-c1nc(CNC2CCN(Cc3ccccc3)CC2)co1,+CH3 on aromatic atom 3
add_methyl,A,add_methyl_076,NC(=O)C[C@H]1COc2cc(F)ccc2N1C(=O)c1ccc2c(c1)NC(=O)CO2,Cc1c(F)ccc2c1OC[C@H](CC(N)=O)N2C(=O)c1ccc2c(c1)NC(=O)CO2,+CH3 on aromatic atom 8
add_methyl,A,add_methyl_077,C1=C(c2c[nH]c3ccccc23)CC2CCC1N2CCOc1cccc2c1OCCO2,Cc1[nH]c2ccccc2c1C1=CC2CCC(C1)N2CCOc1cccc2c1OCCO2,+CH3 on aromatic atom 3
add_methyl,A,add_methyl_078,CCCOC[C@@H]1[C@H]2CNC[C@]21c1ccc(Cl)c(Cl)c1,CCCOC[C@@H]1[C@H]2CNC[C@]21c1cc(Cl)c(Cl)cc1C,+CH3 on aromatic atom 12
add_methyl,A,add_methyl_079,CC(C)c1ccccc1OCCN1CCC(NS(=O)(=O)c2ccc(F)c(F)c2)CC1,Cc1cccc(OCCN2CCC(NS(=O)(=O)c3ccc(F)c(F)c3)CC2)c1C(C)C,+CH3 on aromatic atom 4
add_methyl,A,add_methyl_080,C[C@H]1C2Cc3ccc(NCc4ccccc4)cc3[C@@]1(C)CCN2CC1CC1,Cc1cc(NCc2ccccc2)cc2c1CC1[C@H](C)[C@]2(C)CCN1CC1CC1,+CH3 on aromatic atom 5
add_methyl,A,add_methyl_081,Cc1ccc([C@@](C)(O)[C@H]2CCCC3=Cc4c(-c5ccc(F)cc5)ncn4C[C@@]32C)s1,Cc1cc([C@@](C)(O)[C@H]2CCCC3=Cc4c(-c5ccc(F)cc5)ncn4C[C@@]32C)sc1C,+CH3 on aromatic atom 2
add_methyl,A,add_methyl_082,CN1CC(C)(COc2ccc(C(=N)N)cc2)Oc2cc(N(Cc3ccc(F)cc3)C(=O)C(=O)O)ccc21,Cc1cc(C(=N)N)ccc1OCC1(C)CN(C)c2ccc(N(Cc3ccc(F)cc3)C(=O)C(=O)O)cc2O1,+CH3 on aromatic atom 8
add_methyl,A,add_methyl_083,O=C(CCCN1CCC(O)(c2cc3ccc2CCc2ccc(cc2)CC3)CC1)c1cc2ccc1CCc1ccc(cc1)CC2,Cc1c2ccc(c1C1(O)CCN(CCCC(=O)c3cc4ccc3CCc3ccc(cc3)CC4)CC1)CCc1ccc(cc1)CC2,+CH3 on aromatic atom 11
add_methyl,A,add_methyl_084,COc1cc2c(cc1N1CCNCC1)N(S(=O)(=O)c1ccc(-c3ccccn3)s1)CC2,COc1c(N2CCNCC2)cc2c(c1C)CCN2S(=O)(=O)c1ccc(-c2ccccn2)s1,+CH3 on aromatic atom 3
add_methyl,A,add_methyl_085,O=C(NCCCCN1CCN(c2ccccc2Cl)CC1)c1ccc(-c2ccsc2)cc1,Cc1cccc(Cl)c1N1CCN(CCCCNC(=O)c2ccc(-c3ccsc3)cc2)CC1,+CH3 on aromatic atom 12
add_methyl,A,add_methyl_086,COCCOc1ccc(-c2nc(C)nc(N)n2)c(Nc2cnc(OC)c(F)c2)n1,COCCOc1nc(Nc2cnc(OC)c(F)c2)c(-c2nc(C)nc(N)n2)cc1C,+CH3 on aromatic atom 6
add_methyl,A,add_methyl_087,Cc1ccc(C)c(O)c1C,Cc1cc(C)c(O)c(C)c1C,+CH3 on aromatic atom 2
add_methyl,A,add_methyl_088,COc1ccc(C2(c3cccc(-c4cncnc4)c3)N=C(N)N(C)C2=O)cc1C,COc1c(C)cc(C2(c3cccc(-c4cncnc4)c3)N=C(N)N(C)C2=O)cc1C,+CH3 on aromatic atom 3
add_methyl,A,add_methyl_089,Cc1nc(N)nc(-c2cc(Cl)cnc2Nc2cnc(Cl)c(NS(=O)(=O)N(C)C)c2)n1,Cc1nc(N)nc(-c2c(Nc3cnc(Cl)c(NS(=O)(=O)N(C)C)c3)ncc(Cl)c2C)n1,+CH3 on aromatic atom 8
add_methyl,A,add_methyl_090,CNCCCC[C@@H](NC(=O)[C@@H](CC(C)C)NC(=O)[C@@H](Cc1ccccc1)NC(=O)[C@H](N)Cc1ccccc1)C(=O)N1CCCN(C(=N)N)CC1,CNCCCC[C@@H](NC(=O)[C@@H](CC(C)C)NC(=O)[C@@H](Cc1ccccc1C)NC(=O)[C@H](N)Cc1ccccc1)C(=O)N1CCCN(C(=N)N)CC1,+CH3 on aromatic atom 21
add_methyl,A,add_methyl_091,Cc1cn[nH]c1,Cc1c[nH]nc1C,+CH3 on aromatic atom 2
add_methyl,A,add_methyl_092,CCN(CC)C(=O)c1ccc(C2=CC3(CCOCC3)Oc3ccccc32)cc1,CCN(CC)C(=O)c1ccc(C2=CC3(CCOCC3)Oc3ccccc32)cc1C,+CH3 on aromatic atom 8
add_methyl,A,add_methyl_093,N=C(N)NC(=O)Cc1c(Cl)cccc1Cl,Cc1ccc(Cl)c(CC(=O)NC(=N)N)c1Cl,+CH3 on aromatic atom 10
add_methyl,A,add_methyl_094,CCC(CC)C(=O)N(Cc1ccccc1)[C@H](C)CN1[C@@H]2CC[C@H]1C[C@@H](c1cccc(O)c1)C2,CCC(CC)C(=O)N(Cc1ccccc1C)[C@H](C)CN1[C@@H]2CC[C@H]1C[C@@H](c1cccc(O)c1)C2,+CH3 on aromatic atom 10
add_methyl,A,add_methyl_095,NC(=O)[C@@H]1Cc2ccccc2CN1C(=O)CCCCN1CCN(c2noc3ccccc23)CC1,Cc1cccc2c1C[C@@H](C(N)=O)N(C(=O)CCCCN1CCN(c3noc4ccccc34)CC1)C2,+CH3 on aromatic atom 6
add_methyl,A,add_methyl_096,CO[C@]12CC[C@@]3(C[C@@H]1[C@@](C)(O)C(C)(C)C)[C@H]1Cc4cc(Br)c(O)c5c4[C@@]3(CCN1CC1CC1)[C@H]2O5,CO[C@]12CC[C@@]3(C[C@@H]1[C@@](C)(O)C(C)(C)C)[C@H]1Cc4c(C)c(Br)c(O)c5c4[C@@]3(CCN1CC1CC1)[C@H]2O5,+CH3 on aromatic atom 18
add_methyl,A,add_methyl_097,c1ccc(-c2cccc(N3CCNCC3)c2)cc1,Cc1ccc(-c2cccc(N3CCNCC3)c2)cc1,+CH3 on aromatic atom 0
add_methyl,A,add_methyl_098,Clc1cc(Cl)c2c(c1)N=C1CCCCCN1C2,Cc1c(Cl)cc2c(c1Cl)CN1CCCCCC1=N2,+CH3 on aromatic atom 2
add_methyl,A,add_methyl_099,C(=C\c1ccccc1)\c1ccccc1,Cc1ccccc1/C=C\c1ccccc1,+CH3 on aromatic atom 3
add_fluorine,A,add_fluorine_000,CC(=N)N1CCC(Oc2ccc3cc(C(=O)N(C)C)n(Cc4ccc5ccc(C(=N)N)cc5c4)c3c2)CC1,CC(=N)N1CCC(Oc2cc3c(cc2F)cc(C(=O)N(C)C)n3Cc2ccc3ccc(C(=N)N)cc3c2)CC1,+F on aromatic atom 9
add_fluorine,A,add_fluorine_001,Clc1cccc(Oc2ncccc2C2CCNCC2)c1Cl,Fc1ccc(Oc2ncccc2C2CCNCC2)c(Cl)c1Cl,+F on aromatic atom 2
add_fluorine,A,add_fluorine_002,Cn1c(SCCCN2CC3CCN(c4ccc(C#N)cc4)C3C2)nnc1-c1cnccn1,Cn1c(SCCCN2CC3CCN(c4ccc(C#N)cc4F)C3C2)nnc1-c1cnccn1,+F on aromatic atom 14
add_fluorine,A,add_fluorine_003,Cc1cccc(N2C[C@@H]3CCN(C(=O)c4cc(F)ccc4-n4nccn4)C[C@@H]32)n1,Cc1nc(N2C[C@@H]3CCN(C(=O)c4cc(F)ccc4-n4nccn4)C[C@@H]32)ccc1F,+F on aromatic atom 2
add_fluorine,A,add_fluorine_004,CCCCOc1ccc(-c2ccc(C)c(C(=O)O)c2)cc1CNC(=O)c1ccc(C(F)(F)F)cc1F,CCCCOc1c(F)cc(-c2ccc(C)c(C(=O)O)c2)cc1CNC(=O)c1ccc(C(F)(F)F)cc1F,+F on aromatic atom 6
add_fluorine,A,add_fluorine_005,CN(c1nc2ccccc2s1)C1CCN(CCCCOc2ccccc2)C1,CN(c1nc2c(F)cccc2s1)C1CCN(CCCCOc2ccccc2)C1,+F on aromatic atom 5
add_fluorine,A,add_fluorine_006,CCOc1cc(CN2CCC(Nc3nc4ccccc4o3)CC2)ccc1F,CCOc1c(F)ccc(CN2CCC(Nc3nc4ccccc4o3)CC2)c1F,+F on aromatic atom 4
add_fluorine,A,add_fluorine_007,Clc1ccc2c(Nc3ccc(OCCCN4CCCCC4)cc3)ccnc2c1,Fc1cc2c(Nc3ccc(OCCCN4CCCCC4)cc3)ccnc2cc1Cl,+F on aromatic atom 2
add_fluorine,A,add_fluorine_008,CN1CCN(S(=O)(=O)c2ccc(-c3cnc(N)c(C(=O)Nc4cccnc4)n3)c(C(F)(F)F)c2)CC1,CN1CCN(S(=O)(=O)c2cc(C(F)(F)F)c(-c3cnc(N)c(C(=O)Nc4cccnc4)n3)cc2F)CC1,+F on aromatic atom 9
add_fluorine,A,add_fluorine_009,CC(C)N(CCN1C=CC=CC=C1)C(=O)[C@H](C)N1CC[C@H](NS(=O)(=O)c2ccc3cc(Cl)ccc3c2)C1=O,CC(C)N(CCN1C=CC=CC=C1)C(=O)[C@H](C)N1CC[C@H](NS(=O)(=O)c2cc3ccc(Cl)cc3cc2F)C1=O,+F on aromatic atom 26
add_fluorine,A,add_fluorine_010,Cc1ccccc1C(c1ccccc1C)N1CCC(O)(c2ccccc2CN)CC1,Cc1ccccc1C(c1cccc(F)c1C)N1CCC(O)(c2ccccc2CN)CC1,+F on aromatic atom 2
add_fluorine,A,add_fluorine_011,O=C(N[C@@H]1CC[C@@]2(O)[C@H]3Cc4ccc(O)c5c4[C@@]2(CCN3CC2CC2)[C@H]1O5)c1ccccc1,O=C(N[C@@H]1CC[C@@]2(O)[C@H]3Cc4c(F)cc(O)c5c4[C@@]2(CCN3CC2CC2)[C@H]1O5)c1ccccc1,+F on aromatic atom 11
add_fluorine,A,add_fluorine_012,O=C(NCCCCN1CCN(C(c2ccccc2)c2ccccc2)CC1)c1cccs1,O=C(NCCCCN1CCN(C(c2ccccc2)c2ccccc2F)CC1)c1cccs1,+F on aromatic atom 13
add_fluorine,A,add_fluorine_013,COc1ccc(N2CCN(CC[C@H]3CC[C@H](NC(=O)c4cccs4)CC3)CC2)cc1,COc1ccc(N2CCN(CC[C@H]3CC[C@H](NC(=O)c4cccs4)CC3)CC2)cc1F,+F on aromatic atom 3
add_fluorine,A,add_fluorine_014,COc1ccc(CNCc2ccc(Oc3cccnc3)c(F)c2)cc1O,COc1c(O)cc(CNCc2ccc(Oc3cccnc3)c(F)c2)cc1F,+F on aromatic atom 3
add_fluorine,A,add_fluorine_015,C[C@H]1[C@H]2Cc3ccc(C(N)=O)cc3[C@@]1(C)CCN2C[C@H]1CCCO1,C[C@H]1[C@H]2Cc3c(F)cc(C(N)=O)cc3[C@@]1(C)CCN2C[C@H]1CCCO1,+F on aromatic atom 5
add_fluorine,A,add_fluorine_016,Cc1cc(OCCCON=C(N)N)cc(C(=O)N(Cc2ccccn2)CC2CC2)c1,Cc1cc(C(=O)N(Cc2ccccn2)CC2CC2)cc(OCCCON=C(N)N)c1F,+F on aromatic atom 2
add_fluorine,A,add_fluorine_017,O=c1c(NCc2ccc(Cl)cc2)c(Nc2ccncc2)c1=O,O=c1c(NCc2ccc(Cl)cc2F)c(Nc2ccncc2)c1=O,+F on aromatic atom 6
add_fluorine,A,add_fluorine_018,Cc1c(-c2ccccc2Cl)nc(O)n1C1CCN(Cc2ccccc2)CC1,Cc1c(-c2c(F)cccc2Cl)nc(O)n1C1CCN(Cc2ccccc2)CC1,+F on aromatic atom 4
add_fluorine,A,add_fluorine_019,C[C@H]1C2Cc3cc([N+](=O)[O-])c(O)cc3[C@@]1(C)CCN2CC1CC1,C[C@H]1C2Cc3c(cc(O)c([N+](=O)[O-])c3F)[C@@]1(C)CCN2CC1CC1,+F on aromatic atom 5
add_fluorine,A,add_fluorine_020,Cc1ccc(NS(=O)(=O)Cc2ccccc2)c(=O)n1CC(=O)NC[C@@H]1CNC(N)=N[C@@H]1C,Cc1c(F)cc(NS(=O)(=O)Cc2ccccc2)c(=O)n1CC(=O)NC[C@@H]1CNC(N)=N[C@@H]1C,+F on aromatic atom 2
add_fluorine,A,add_fluorine_021,Cc1sc(-c2ccc(Cl)cc2)nc1OC(=O)N1CCC(N2CCCCC2)CC1,Cc1sc(-c2ccc(Cl)cc2F)nc1OC(=O)N1CCC(N2CCCCC2)CC1,+F on aromatic atom 5
add_fluorine,A,add_fluorine_022,N=C(N)NCCCC1CCN(C(=O)[C@H](Cc2cccc(C(=N)N)c2)NS(=O)(=O)c2ccc3ccccc3c2)CC1,N=C(N)NCCCC1CCN(C(=O)[C@H](Cc2cc(C(=N)N)ccc2F)NS(=O)(=O)c2ccc3ccccc3c2)CC1,+F on aromatic atom 16
add_fluorine,A,add_fluorine_023,COC(=O)/C=C1/CN2C3CCC2C1C(c1ccc(Br)cc1)C3,COC(=O)/C=C1/CN2C3CCC2C1C(c1ccc(Br)cc1F)C3,+F on aromatic atom 15
add_fluorine,A,add_fluorine_024,NC1=[NH+]C(c2ccc(OC(F)(F)F)cc2)(c2cccc(-c3cccnc3F)c2)C2=NCCCN21,NC1=[NH+]C(c2cccc(-c3cccnc3F)c2)(c2ccc(OC(F)(F)F)cc2F)C2=NCCCN21,+F on aromatic atom 5
add_fluorine,A,add_fluorine_025,NC(=O)[C@@H]1CSSC[C@@H](NC(=O)[C@@H](N)Cc2ccc(O)cc2)C(=O)N[C@@H](Cc2ccccc2)C(=O)N[C@@H](Cc2cccc3ccccc23)C(=O)N1,NC(=O)[C@@H]1CSSC[C@@H](NC(=O)[C@@H](N)Cc2ccc(O)cc2F)C(=O)N[C@@H](Cc2ccccc2)C(=O)N[C@@H](Cc2cccc3ccccc23)C(=O)N1,+F on aromatic atom 16
add_fluorine,A,add_fluorine_026,O=C(N[C@@]12CCC(=O)[C@@H]3Oc4c(O)ccc5c4[C@@]31CCN(CC1CC1)[C@@H]2C5)c1ccncc1,O=C(N[C@@]12CCC(=O)[C@@H]3Oc4c(O)c(F)cc5c4[C@@]31CCN(CC1CC1)[C@@H]2C5)c1ccncc1,+F on aromatic atom 13
add_fluorine,A,add_fluorine_027,O=C(Nc1ccc(Cl)cc1C(=O)O)c1cccc(S(=O)(=O)N2CCc3c(O)cccc3C2)c1,O=C(Nc1c(F)cc(Cl)cc1C(=O)O)c1cccc(S(=O)(=O)N2CCc3c(O)cccc3C2)c1,+F on aromatic atom 4
add_fluorine,A,add_fluorine_028,COc1cccc(C[NH2+]C[C@H](O)[C@H](Cc2cc(F)cc(F)c2)NC(=O)c2cc(C(C)=O)cc(N3CCCCS3(=O)=O)c2)c1,COc1cc(C[NH2+]C[C@H](O)[C@H](Cc2cc(F)cc(F)c2)NC(=O)c2cc(C(C)=O)cc(N3CCCCS3(=O)=O)c2)ccc1F,+F on aromatic atom 3
add_fluorine,A,add_fluorine_029,CS(=O)(=O)N(c1cccnc1)c1cccc(C(=O)NC(Cc2ccccc2)C(O)C[NH2+]Cc2cccc(C(F)(F)F)c2)c1,CS(=O)(=O)N(c1cccc(C(=O)NC(Cc2ccccc2)C(O)C[NH2+]Cc2cccc(C(F)(F)F)c2)c1)c1cnccc1F,+F on aromatic atom 6
add_fluorine,A,add_fluorine_030,CCC(C(=O)O)C1CCc2cc(OCCc3nc(-c4ccc5c(c4)OCO5)oc3C)ccc21,CCC(C(=O)O)C1CCc2c1ccc(OCCc1nc(-c3ccc4c(c3)OCO4)oc1C)c2F,+F on aromatic atom 10
add_fluorine,A,add_fluorine_031,CCCc1c2oc(C(=O)O)cc(=O)c2cc2c(=O)cc(C(=O)O)n(CC)c12,CCCc1c2oc(C(=O)O)c(F)c(=O)c2cc2c(=O)cc(C(=O)O)n(CC)c12,+F on aromatic atom 10
add_fluorine,A,add_fluorine_032,CN1CCC(Oc2ccc(C#N)cc2)CC1,CN1CCC(Oc2ccc(C#N)cc2F)CC1,+F on aromatic atom 7
add_fluorine,A,add_fluorine_033,CC[C@@]12CCN(CC3CC3)C[C@@H]1Oc1ccc(O)cc12,CC[C@@]12CCN(CC3CC3)C[C@@H]1Oc1c(F)cc(O)cc12,+F on aromatic atom 14
add_fluorine,A,add_fluorine_034,CN(CCN1CCCC1)C1CCc2cc(Cl)c(Cl)cc2C1,CN(CCN1CCCC1)C1CCc2c(cc(Cl)c(Cl)c2F)C1,+F on aromatic atom 13
add_fluorine,A,add_fluorine_035,CCCCCS(=O)(=O)NC(=O)/C=C/c1ccc(OCCOC2CC2)cc1Oc1ncc(C(F)(F)F)cc1Cl,CCCCCS(=O)(=O)NC(=O)/C=C/c1c(F)cc(OCCOC2CC2)cc1Oc1ncc(C(F)(F)F)cc1Cl,+F on aromatic atom 14
add_fluorine,A,add_fluorine_036,Cc1ccc2c(N3CCN(CCc4ccc5c(c4)NC(=O)CO5)CC3)ccc(Cl)c2n1,Cc1nc2c(Cl)ccc(N3CCN(CCc4ccc5c(c4)NC(=O)CO5)CC3)c2cc1F,+F on aromatic atom 2
add_fluorine,A,add_fluorine_037,Clc1ccc(-c2cc(C3CCN(CCc4ccccc4)CC3)[nH]n2)cc1,Fc1cc(-c2cc(C3CCN(CCc4ccccc4)CC3)[nH]n2)ccc1Cl,+F on aromatic atom 2
add_fluorine,A,add_fluorine_038,CNC(=O)CCCC1CCN(C(=O)[C@H](Cc2cccc(C(=N)N)c2)NS(=O)(=O)c2cccc(-c3ccc(Cl)c(Cl)c3)c2)CC1,CNC(=O)CCCC1CCN(C(=O)[C@H](Cc2cc(C(=N)N)ccc2F)NS(=O)(=O)c2cccc(-c3ccc(Cl)c(Cl)c3)c2)CC1,+F on aromatic atom 16
add_fluorine,A,add_fluorine_039,CN(C)c1cnc2ccc(-c3cnc(Cl)c(NS(=O)(=O)c4ccc(F)cc4)c3)cc2n1,CN(C)c1nc2cc(-c3cnc(Cl)c(NS(=O)(=O)c4ccc(F)cc4)c3)ccc2nc1F,+F on aromatic atom 4
add_fluorine,A,add_fluorine_040,CCc1ccc(Br)cc1,CCc1ccc(Br)cc1F,+F on aromatic atom 3
add_fluorine,A,add_fluorine_041,COc1ccccc1N1CCN(CCCCNC(=O)c2cc3ccc(C#N)cc3[nH]2)CC1,COc1c(F)cccc1N1CCN(CCCCNC(=O)c2cc3ccc(C#N)cc3[nH]2)CC1,+F on aromatic atom 3
add_fluorine,A,add_fluorine_042,CN1CCN(c2nc(N)nc(CSc3ccccc3)n2)CC1,CN1CCN(c2nc(N)nc(CSc3ccccc3F)n2)CC1,+F on aromatic atom 14
add_fluorine,A,add_fluorine_043,N=C(N)c1ccc(O)c(Oc2cc(C(=O)O)cc(Oc3cccc(-n4ccnc4)c3)n2)c1,N=C(N)c1cc(Oc2cc(C(=O)O)cc(Oc3cccc(-n4ccnc4)c3)n2)c(O)cc1F,+F on aromatic atom 4
add_fluorine,A,add_fluorine_044,CCOC(=O)CCCN1CCC(n2cc(NC(=O)c3c(N)nn4cccnc34)c(-c3cc(Cl)ccc3OC(F)F)n2)CC1,CCOC(=O)CCCN1CCC(n2nc(-c3cc(Cl)ccc3OC(F)F)c(NC(=O)c3c(N)nn4cccnc34)c2F)CC1,+F on aromatic atom 13
add_fluorine,A,add_fluorine_045,CCn1ncc(NC(=O)c2nc(-c3ccccc3F)sc2N)c1N1CCC(N)C(OC)CC1,CCn1nc(F)c(NC(=O)c2nc(-c3ccccc3F)sc2N)c1N1CCC(N)C(OC)CC1,+F on aromatic atom 4
add_fluorine,A,add_fluorine_046,C[C@H](C1=C(CCN(C)Cc2nccs2)Cc2ccccc21)c1cnccn1,C[C@H](C1=C(CCN(C)Cc2nc(F)cs2)Cc2ccccc21)c1cnccn1,+F on aromatic atom 11
add_fluorine,A,add_fluorine_047,Cc1ncc(CO)cc1-c1ccc2cc(NC(=O)C3CC3)ncc2c1,Cc1nc(F)c(CO)cc1-c1ccc2cc(NC(=O)C3CC3)ncc2c1,+F on aromatic atom 3
add_fluorine,A,add_fluorine_048,Cc1cccc(C(c2ccccc2)N2CCC(O)(c3ccccc3)CC2)c1,Cc1cc(C(c2ccccc2)N2CCC(O)(c3ccccc3)CC2)ccc1F,+F on aromatic atom 2
add_fluorine,A,add_fluorine_049,CN(C)C1(c2ccccc2)CCC2(CC1)NCCc1c2[nH]c2ccccc12,CN(C)C1(c2ccccc2F)CCC2(CC1)NCCc1c2[nH]c2ccccc12,+F on aromatic atom 5
add_fluorine,A,add_fluorine_050,CC(C)[C@H]1C(=O)N2CCC[C@H]2[C@]2(O)O[C@](NC(=O)[C@@H]3C=C4c5cccc6[nH]cc(c56)C[C@H]4N(C)C3)(C(C)C)C(=O)N12,CC(C)[C@H]1C(=O)N2CCC[C@H]2[C@]2(O)O[C@](NC(=O)[C@@H]3C=C4c5c(F)ccc6[nH]cc(c56)C[C@H]4N(C)C3)(C(C)C)C(=O)N12,+F on aromatic atom 22
add_fluorine,A,add_fluorine_051,CCCNC1CCc2c(cccc2OC)C1,CCCNC1CCc2c(OC)ccc(F)c2C1,+F on aromatic atom 9
add_fluorine,A,add_fluorine_052,Cc1nc2ccccn2c1-c1csc(Nc2ccc(O)cc2)n1,Cc1nc2c(F)cccn2c1-c1csc(Nc2ccc(O)cc2)n1,+F on aromatic atom 4
add_fluorine,A,add_fluorine_053,CC(C)(C)c1cccc(C[NH2+]C2CS(=O)(=O)CC(Cc3cc(F)c4c(c3)C3(CCC3)CN4)C2O)c1,CC(C)(C)c1cc(C[NH2+]C2CS(=O)(=O)CC(Cc3cc(F)c4c(c3)C3(CCC3)CN4)C2O)ccc1F,+F on aromatic atom 5
add_fluorine,A,add_fluorine_054,Cc1ccc(NC(=O)c2cccc(S(=O)(=O)n3ccc4ccc(Cl)cc43)c2)c(C(=O)O)c1,Cc1cc(C(=O)O)c(NC(=O)c2cccc(S(=O)(=O)n3ccc4ccc(Cl)cc43)c2)cc1F,+F on aromatic atom 2
add_fluorine,A,add_fluorine_055,C=C(Br)CN1[C@H]2CC[C@@H]1[C@@H](C(=O)OC)[C@@H](c1ccc(I)cc1)C2,C=C(Br)CN1[C@H]2CC[C@@H]1[C@@H](C(=O)OC)[C@@H](c1ccc(I)cc1F)C2,+F on aromatic atom 16
add_fluorine,A,add_fluorine_056,COc1ccc(C(=O)N2C[C@H](Oc3cc(C#N)ccn3)CC[C@H]2C)c(-n2nccn2)n1,COc1nc(-n2nccn2)c(C(=O)N2C[C@H](Oc3cc(C#N)ccn3)CC[C@H]2C)cc1F,+F on aromatic atom 3
add_fluorine,A,add_fluorine_057,Clc1ccccc1OCCNCCCOc1ccccc1,Fc1cccc(OCCNCCCOc2ccccc2)c1Cl,+F on aromatic atom 2
add_fluorine,A,add_fluorine_058,Cc1ccc2[nH]c(C(=O)N[C@H]3CN(S(=O)(=O)c4ccnnc4)C[C@@H]3C(=O)NCCN(C)C)cc2c1,Cc1cc2cc(C(=O)N[C@H]3CN(S(=O)(=O)c4ccnnc4)C[C@@H]3C(=O)NCCN(C)C)[nH]c2cc1F,+F on aromatic atom 2
add_fluorine,A,add_fluorine_059,CCN(Cc1ccc(-c2cc(S(=O)(=O)CC)ccc2OC)[nH]1)Cc1ccccc1Cl,CCN(Cc1ccccc1Cl)Cc1[nH]c(-c2cc(S(=O)(=O)CC)ccc2OC)cc1F,+F on aromatic atom 5
add_fluorine,A,add_fluorine_060,c1nc(CC2CCN(C3CCCCC3)CC2)c[nH]1,Fc1nc(CC2CCN(C3CCCCC3)CC2)c[nH]1,+F on aromatic atom 0
add_fluorine,A,add_fluorine_061,CCCCCCCCCCCC[n+]1ccc2ccccc2c1,CCCCCCCCCCCC[n+]1cc2ccccc2cc1F,+F on aromatic atom 13
add_fluorine,A,add_fluorine_062,OCC#Cc1ccc(OCCCN2CCCCC2)cc1,OCC#Cc1ccc(OCCCN2CCCCC2)cc1F,+F on aromatic atom 5
add_fluorine,A,add_fluorine_063,CCC(CC(=O)NCCC1CC[NH2+]C1)n1c(N)nc2cc(Cl)ccc21,CCC(CC(=O)NCCC1CC[NH2+]C1)n1c(N)nc2c(F)c(Cl)ccc21,+F on aromatic atom 19
add_fluorine,A,add_fluorine_064,Clc1ccc(OCCCN2CCC(N3CCCCC3)CC2)cc1,Fc1cc(OCCCN2CCC(N3CCCCC3)CC2)ccc1Cl,+F on aromatic atom 2
add_fluorine,A,add_fluorine_065,CN(C)C1(c2ccccc2)CCC(c2ccccc2)(N(C)C)CC1,CN(C)C1(c2ccccc2)CCC(c2ccccc2F)(N(C)C)CC1,+F on aromatic atom 5
add_fluorine,A,add_fluorine_066,CC(C)c1nc(CN2CC[C@H](c3ccccc3)C2)cs1,CC(C)c1nc(CN2CC[C@H](c3ccccc3F)C2)cs1,+F on aromatic atom 12
add_fluorine,A,add_fluorine_067,COc1ccc(NS(=O)(=O)c2ccc(-c3cc(C)cs3)cc2)cc1N1C[C@@H](C)N[C@@H](C)C1,COc1c(F)cc(NS(=O)(=O)c2ccc(-c3cc(C)cs3)cc2)cc1N1C[C@@H](C)N[C@@H](C)C1,+F on aromatic atom 3
add_fluorine,A,add_fluorine_068,O=C(Nc1cnccn1)Nc1ccnc2ccc(N3CC4COCC4C3)cc12,O=C(Nc1nccnc1F)Nc1ccnc2ccc(N3CC4COCC4C3)cc12,+F on aromatic atom 4
add_fluorine,A,add_fluorine_069,Cc1ccc2c(N3CCN(CCCc4cccc5c4OCC(=O)N5C)[C@H](C)C3)cccc2n1,Cc1nc2cccc(N3CCN(CCCc4cccc5c4OCC(=O)N5C)[C@H](C)C3)c2cc1F,+F on aromatic atom 2
add_fluorine,A,add_fluorine_070,COc1ccccc1N1CCN(Cc2c[nH]c3ncccc23)CC1,COc1c(F)cccc1N1CCN(Cc2c[nH]c3ncccc23)CC1,+F on aromatic atom 3
add_fluorine,A,add_fluorine_071,OC1(c2ccccc2Cl)CCN(Cc2c[nH]c3ccccc23)CC1,OC1(c2c(F)cccc2Cl)CCN(Cc2c[nH]c3ccccc23)CC1,+F on aromatic atom 3
add_fluorine,A,add_fluorine_072,CN1CCN(Cc2ccccc2-c2ccc(N3CCc4c(C(F)(F)F)nn(-c5ccc6onc(N)c6c5)c4C3=O)cc2)CC1,CN1CCN(Cc2c(F)cccc2-c2ccc(N3CCc4c(C(F)(F)F)nn(-c5ccc6onc(N)c6c5)c4C3=O)cc2)CC1,+F on aromatic atom 7
add_fluorine,A,add_fluorine_073,CCn1cc(-c2cc3c(-c4ccc(=O)n(CC5(C(N)=O)CC5)c4)n[nH]c3cn2)cn1,CCn1ncc(-c2cc3c(-c4ccc(=O)n(CC5(C(N)=O)CC5)c4)n[nH]c3cn2)c1F,+F on aromatic atom 3
add_fluorine,A,add_fluorine_074,O=C(O)C[C@H]1C[C@@]2(O)[C@H]3Cc4ccc(O)cc4[C@@]2(CCN3CC2CC2)CC1=O,O=C(O)C[C@H]1C[C@@]2(O)[C@H]3Cc4c(F)cc(O)cc4[C@@]2(CCN3CC2CC2)CC1=O,+F on aromatic atom 11
add_fluorine,A,add_fluorine_075,COc1ccc(Br)cc1-c1nc(CNC2CCN(Cc3ccccc3)CC2)co1,COc1c(F)cc(Br)cc1-c1nc(CNC2CCN(Cc3ccccc3)CC2)co1,+F on aromatic atom 3
add_fluorine,A,add_fluorine_076,NC(=O)C[C@H]1COc2cc(F)ccc2N1C(=O)c1ccc2c(c1)NC(=O)CO2,NC(=O)C[C@H]1COc2c(ccc(F)c2F)N1C(=O)c1ccc2c(c1)NC(=O)CO2,+F on aromatic atom 8
add_fluorine,A,add_fluorine_077,C1=C(c2c[nH]c3ccccc23)CC2CCC1N2CCOc1cccc2c1OCCO2,Fc1[nH]c2ccccc2c1C1=CC2CCC(C1)N2CCOc1cccc2c1OCCO2,+F on aromatic atom 3
add_fluorine,A,add_fluorine_078,CCCOC[C@@H]1[C@H]2CNC[C@]21c1ccc(Cl)c(Cl)c1,CCCOC[C@@H]1[C@H]2CNC[C@]21c1cc(Cl)c(Cl)cc1F,+F on aromatic atom 12
add_fluorine,A,add_fluorine_079,CC(C)c1ccccc1OCCN1CCC(NS(=O)(=O)c2ccc(F)c(F)c2)CC1,CC(C)c1c(F)cccc1OCCN1CCC(NS(=O)(=O)c2ccc(F)c(F)c2)CC1,+F on aromatic atom 4
add_fluorine,A,add_fluorine_080,C[C@H]1C2Cc3ccc(NCc4ccccc4)cc3[C@@]1(C)CCN2CC1CC1,C[C@H]1C2Cc3c(F)cc(NCc4ccccc4)cc3[C@@]1(C)CCN2CC1CC1,+F on aromatic atom 5
add_fluorine,A,add_fluorine_081,Cc1ccc([C@@](C)(O)[C@H]2CCCC3=Cc4c(-c5ccc(F)cc5)ncn4C[C@@]32C)s1,Cc1sc([C@@](C)(O)[C@H]2CCCC3=Cc4c(-c5ccc(F)cc5)ncn4C[C@@]32C)cc1F,+F on aromatic atom 2
add_fluorine,A,add_fluorine_082,CN1CC(C)(COc2ccc(C(=N)N)cc2)Oc2cc(N(Cc3ccc(F)cc3)C(=O)C(=O)O)ccc21,CN1CC(C)(COc2ccc(C(=N)N)cc2F)Oc2cc(N(Cc3ccc(F)cc3)C(=O)C(=O)O)ccc21,+F on aromatic atom 8
add_fluorine,A,add_fluorine_083,O=C(CCCN1CCC(O)(c2cc3ccc2CCc2ccc(cc2)CC3)CC1)c1cc2ccc1CCc1ccc(cc1)CC2,O=C(CCCN1CCC(O)(c2c3ccc(c2F)CCc2ccc(cc2)CC3)CC1)c1cc2ccc1CCc1ccc(cc1)CC2,+F on aromatic atom 11
add_fluorine,A,add_fluorine_084,COc1cc2c(cc1N1CCNCC1)N(S(=O)(=O)c1ccc(-c3ccccn3)s1)CC2,COc1c(N2CCNCC2)cc2c(c1F)CCN2S(=O)(=O)c1ccc(-c2ccccn2)s1,+F on aromatic atom 3
add_fluorine,A,add_fluorine_085,O=C(NCCCCN1CCN(c2ccccc2Cl)CC1)c1ccc(-c2ccsc2)cc1,O=C(NCCCCN1CCN(c2c(F)cccc2Cl)CC1)c1ccc(-c2ccsc2)cc1,+F on aromatic atom 12
add_fluorine,A,add_fluorine_086,COCCOc1ccc(-c2nc(C)nc(N)n2)c(Nc2cnc(OC)c(F)c2)n1,COCCOc1nc(Nc2cnc(OC)c(F)c2)c(-c2nc(C)nc(N)n2)cc1F,+F on aromatic atom 6
add_fluorine,A,add_fluorine_087,Cc1ccc(C)c(O)c1C,Cc1cc(F)c(C)c(C)c1O,+F on aromatic atom 2
add_fluorine,A,add_fluorine_088,COc1ccc(C2(c3cccc(-c4cncnc4)c3)N=C(N)N(C)C2=O)cc1C,COc1c(C)cc(C2(c3cccc(-c4cncnc4)c3)N=C(N)N(C)C2=O)cc1F,+F on aromatic atom 3
add_fluorine,A,add_fluorine_089,Cc1nc(N)nc(-c2cc(Cl)cnc2Nc2cnc(Cl)c(NS(=O)(=O)N(C)C)c2)n1,Cc1nc(N)nc(-c2c(Nc3cnc(Cl)c(NS(=O)(=O)N(C)C)c3)ncc(Cl)c2F)n1,+F on aromatic atom 8
add_fluorine,A,add_fluorine_090,CNCCCC[C@@H](NC(=O)[C@@H](CC(C)C)NC(=O)[C@@H](Cc1ccccc1)NC(=O)[C@H](N)Cc1ccccc1)C(=O)N1CCCN(C(=N)N)CC1,CNCCCC[C@@H](NC(=O)[C@@H](CC(C)C)NC(=O)[C@@H](Cc1ccccc1F)NC(=O)[C@H](N)Cc1ccccc1)C(=O)N1CCCN(C(=N)N)CC1,+F on aromatic atom 21
add_fluorine,A,add_fluorine_091,Cc1cn[nH]c1,Cc1c[nH]nc1F,+F on aromatic atom 2
add_fluorine,A,add_fluorine_092,CCN(CC)C(=O)c1ccc(C2=CC3(CCOCC3)Oc3ccccc32)cc1,CCN(CC)C(=O)c1ccc(C2=CC3(CCOCC3)Oc3ccccc32)cc1F,+F on aromatic atom 8
add_fluorine,A,add_fluorine_093,N=C(N)NC(=O)Cc1c(Cl)cccc1Cl,N=C(N)NC(=O)Cc1c(Cl)ccc(F)c1Cl,+F on aromatic atom 10
add_fluorine,A,add_fluorine_094,CCC(CC)C(=O)N(Cc1ccccc1)[C@H](C)CN1[C@@H]2CC[C@H]1C[C@@H](c1cccc(O)c1)C2,CCC(CC)C(=O)N(Cc1ccccc1F)[C@H](C)CN1[C@@H]2CC[C@H]1C[C@@H](c1cccc(O)c1)C2,+F on aromatic atom 10
add_fluorine,A,add_fluorine_095,NC(=O)[C@@H]1Cc2ccccc2CN1C(=O)CCCCN1CCN(c2noc3ccccc23)CC1,NC(=O)[C@@H]1Cc2c(F)cccc2CN1C(=O)CCCCN1CCN(c2noc3ccccc23)CC1,+F on aromatic atom 6
add_fluorine,A,add_fluorine_096,CO[C@]12CC[C@@]3(C[C@@H]1[C@@](C)(O)C(C)(C)C)[C@H]1Cc4cc(Br)c(O)c5c4[C@@]3(CCN1CC1CC1)[C@H]2O5,CO[C@]12CC[C@@]3(C[C@@H]1[C@@](C)(O)C(C)(C)C)[C@H]1Cc4c(F)c(Br)c(O)c5c4[C@@]3(CCN1CC1CC1)[C@H]2O5,+F on aromatic atom 18
add_fluorine,A,add_fluorine_097,c1ccc(-c2cccc(N3CCNCC3)c2)cc1,Fc1ccc(-c2cccc(N3CCNCC3)c2)cc1,+F on aromatic atom 0
add_fluorine,A,add_fluorine_098,Clc1cc(Cl)c2c(c1)N=C1CCCCCN1C2,Fc1c(Cl)cc2c(c1Cl)CN1CCCCCC1=N2,+F on aromatic atom 2
add_fluorine,A,add_fluorine_099,C(=C\c1ccccc1)\c1ccccc1,Fc1ccccc1/C=C\c1ccccc1,+F on aromatic atom 3
isotope_13c,A,isotope_13c_000,CC(=N)N1CCC(Oc2ccc3cc(C(=O)N(C)C)n(Cc4ccc5ccc(C(=N)N)cc5c4)c3c2)CC1,CN(C)C(=O)c1cc2ccc(OC3CCN(C([13CH3])=N)CC3)cc2n1Cc1ccc2ccc(C(=N)N)cc2c1,12C -> 13C at atom 0 (graph unchanged)
isotope_13c,A,isotope_13c_001,Clc1cccc(Oc2ncccc2C2CCNCC2)c1Cl,Clc1c(Oc2ncccc2C2CCNCC2)ccc[13c]1Cl,12C -> 13C at atom 1 (graph unchanged)
isotope_13c,A,isotope_13c_002,C=CCNC(N)=S,[13CH2]=CCNC(N)=S,12C -> 13C at atom 0 (graph unchanged)
isotope_13c,A,isotope_13c_003,Cn1c(SCCCN2CC3CCN(c4ccc(C#N)cc4)C3C2)nnc1-c1cnccn1,[13CH3]n1c(SCCCN2CC3CCN(c4ccc(C#N)cc4)C3C2)nnc1-c1cnccn1,12C -> 13C at atom 0 (graph unchanged)
isotope_13c,A,isotope_13c_004,Cc1cccc(N2C[C@@H]3CCN(C(=O)c4cc(F)ccc4-n4nccn4)C[C@@H]32)n1,[13CH3]c1cccc(N2C[C@@H]3CCN(C(=O)c4cc(F)ccc4-n4nccn4)C[C@@H]32)n1,12C -> 13C at atom 0 (graph unchanged)
isotope_13c,A,isotope_13c_005,CCCCOc1ccc(-c2ccc(C)c(C(=O)O)c2)cc1CNC(=O)c1ccc(C(F)(F)F)cc1F,Cc1ccc(-c2ccc(OCCC[13CH3])c(CNC(=O)c3ccc(C(F)(F)F)cc3F)c2)cc1C(=O)O,12C -> 13C at atom 0 (graph unchanged)
isotope_13c,A,isotope_13c_006,CN(c1nc2ccccc2s1)C1CCN(CCCCOc2ccccc2)C1,[13CH3]N(c1nc2ccccc2s1)C1CCN(CCCCOc2ccccc2)C1,12C -> 13C at atom 0 (graph unchanged)
isotope_13c,A,isotope_13c_007,CCOc1cc(CN2CCC(Nc3nc4ccccc4o3)CC2)ccc1F,[13CH3]COc1cc(CN2CCC(Nc3nc4ccccc4o3)CC2)ccc1F,12C -> 13C at atom 0 (graph unchanged)
isotope_13c,A,isotope_13c_008,Clc1ccc2c(Nc3ccc(OCCCN4CCCCC4)cc3)ccnc2c1,Cl[13c]1ccc2c(Nc3ccc(OCCCN4CCCCC4)cc3)ccnc2c1,12C -> 13C at atom 1 (graph unchanged)
isotope_13c,A,isotope_13c_009,CN1CCN(S(=O)(=O)c2ccc(-c3cnc(N)c(C(=O)Nc4cccnc4)n3)c(C(F)(F)F)c2)CC1,[13CH3]N1CCN(S(=O)(=O)c2ccc(-c3cnc(N)c(C(=O)Nc4cccnc4)n3)c(C(F)(F)F)c2)CC1,12C -> 13C at atom 0 (graph unchanged)
isotope_13c,A,isotope_13c_010,CC(C)N(CCN1C=CC=CC=C1)C(=O)[C@H](C)N1CC[C@H](NS(=O)(=O)c2ccc3cc(Cl)ccc3c2)C1=O,CC([13CH3])N(CCN1C=CC=CC=C1)C(=O)[C@H](C)N1CC[C@H](NS(=O)(=O)c2ccc3cc(Cl)ccc3c2)C1=O,12C -> 13C at atom 0 (graph unchanged)
isotope_13c,A,isotope_13c_011,Cc1ccccc1C(c1ccccc1C)N1CCC(O)(c2ccccc2CN)CC1,Cc1ccccc1C(c1ccccc1[13CH3])N1CCC(O)(c2ccccc2CN)CC1,12C -> 13C at atom 0 (graph unchanged)
isotope_13c,A,isotope_13c_012,O=C(N[C@@H]1CC[C@@]2(O)[C@H]3Cc4ccc(O)c5c4[C@@]2(CCN3CC2CC2)[C@H]1O5)c1ccccc1,O=[13C](N[C@@H]1CC[C@@]2(O)[C@H]3Cc4ccc(O)c5c4[C@@]2(CCN3CC2CC2)[C@H]1O5)c1ccccc1,12C -> 13C at atom 1 (graph unchanged)
isotope_13c,A,isotope_13c_013,CC(C)=CC1C(C(=O)OCN2C(=O)C3=C(CCCC3)C2=O)C1(C)C,CC([13CH3])=CC1C(C(=O)OCN2C(=O)C3=C(CCCC3)C2=O)C1(C)C,12C -> 13C at atom 0 (graph unchanged)
isotope_13c,A,isotope_13c_014,O=C(NCCCCN1CCN(C(c2ccccc2)c2ccccc2)CC1)c1cccs1,O=[13C](NCCCCN1CCN(C(c2ccccc2)c2ccccc2)CC1)c1cccs1,12C -> 13C at atom 1 (graph unchanged)
isotope_13c,A,isotope_13c_015,COc1ccc(N2CCN(CC[C@H]3CC[C@H](NC(=O)c4cccs4)CC3)CC2)cc1,[13CH3]Oc1ccc(N2CCN(CC[C@H]3CC[C@H](NC(=O)c4cccs4)CC3)CC2)cc1,12C -> 13C at atom 0 (graph unchanged)
isotope_13c,A,isotope_13c_016,COc1ccc(CNCc2ccc(Oc3cccnc3)c(F)c2)cc1O,[13CH3]Oc1ccc(CNCc2ccc(Oc3cccnc3)c(F)c2)cc1O,12C -> 13C at atom 0 (graph unchanged)
isotope_13c,A,isotope_13c_017,C[C@H]1[C@H]2Cc3ccc(C(N)=O)cc3[C@@]1(C)CCN2C[C@H]1CCCO1,C[C@@]12CCN(C[C@H]3CCCO3)[C@H](Cc3ccc(C(N)=O)cc31)[C@@H]2[13CH3],12C -> 13C at atom 0 (graph unchanged)
isotope_13c,A,isotope_13c_018,Cc1cc(OCCCON=C(N)N)cc(C(=O)N(Cc2ccccn2)CC2CC2)c1,[13CH3]c1cc(OCCCON=C(N)N)cc(C(=O)N(Cc2ccccn2)CC2CC2)c1,12C -> 13C at atom 0 (graph unchanged)
isotope_13c,A,isotope_13c_019,O=c1c(NCc2ccc(Cl)cc2)c(Nc2ccncc2)c1=O,O=c1c(Nc2ccncc2)c(NCc2ccc(Cl)cc2)[13c]1=O,12C -> 13C at atom 1 (graph unchanged)
isotope_13c,A,isotope_13c_020,Cc1c(-c2ccccc2Cl)nc(O)n1C1CCN(Cc2ccccc2)CC1,[13CH3]c1c(-c2ccccc2Cl)nc(O)n1C1CCN(Cc2ccccc2)CC1,12C -> 13C at atom 0 (graph unchanged)
isotope_13c,A,isotope_13c_021,C[C@H]1C2Cc3cc([N+](=O)[O-])c(O)cc3[C@@]1(C)CCN2CC1CC1,C[C@@]12CCN(CC3CC3)C(Cc3cc([N+](=O)[O-])c(O)cc31)[C@@H]2[13CH3],12C -> 13C at atom 0 (graph unchanged)
isotope_13c,A,isotope_13c_022,Cc1ccc(NS(=O)(=O)Cc2ccccc2)c(=O)n1CC(=O)NC[C@@H]1CNC(N)=N[C@@H]1C,C[C@H]1N=C(N)NC[C@H]1CNC(=O)Cn1c([13CH3])ccc(NS(=O)(=O)Cc2ccccc2)c1=O,12C -> 13C at atom 0 (graph unchanged)
isotope_13c,A,isotope_13c_023,Cc1sc(-c2ccc(Cl)cc2)nc1OC(=O)N1CCC(N2CCCCC2)CC1,[13CH3]c1sc(-c2ccc(Cl)cc2)nc1OC(=O)N1CCC(N2CCCCC2)CC1,12C -> 13C at atom 0 (graph unchanged)
isotope_13c,A,isotope_13c_024,N=C(N)NCCCC1CCN(C(=O)[C@H](Cc2cccc(C(=N)N)c2)NS(=O)(=O)c2ccc3ccccc3c2)CC1,N=C(N)c1cccc(C[C@H](NS(=O)(=O)c2ccc3ccccc3c2)C(=O)N2CCC(CCCN[13C](=N)N)CC2)c1,12C -> 13C at atom 1 (graph unchanged)
isotope_13c,A,isotope_13c_025,COC(=O)/C=C1/CN2C3CCC2C1C(c1ccc(Br)cc1)C3,[13CH3]OC(=O)/C=C1/CN2C3CCC2C1C(c1ccc(Br)cc1)C3,12C -> 13C at atom 0 (graph unchanged)
isotope_13c,A,isotope_13c_026,CCCCC(CC)CN1CN(CC(CC)CCCC)CC(C)(N)C1,CCCCC(CC)CN1CN(CC(CC)CCC[13CH3])CC(C)(N)C1,12C -> 13C at atom 0 (graph unchanged)
isotope_13c,A,isotope_13c_027,NC1=[NH+]C(c2ccc(OC(F)(F)F)cc2)(c2cccc(-c3cccnc3F)c2)C2=NCCCN21,N[13C]1=[NH+]C(c2ccc(OC(F)(F)F)cc2)(c2cccc(-c3cccnc3F)c2)C2=NCCCN21,12C -> 13C at atom 1 (graph unchanged)
isotope_13c,A,isotope_13c_028,O=C(CCS)OCC(COC(=O)CCS)(COC(=O)CCS)COC(=O)CCS,O=C(CCS)OCC(COC(=O)CCS)(COC(=O)CCS)CO[13C](=O)CCS,12C -> 13C at atom 1 (graph unchanged)
isotope_13c,A,isotope_13c_029,NC(=O)[C@@H]1CSSC[C@@H](NC(=O)[C@@H](N)Cc2ccc(O)cc2)C(=O)N[C@@H](Cc2ccccc2)C(=O)N[C@@H](Cc2cccc3ccccc23)C(=O)N1,N[C@@H](Cc1ccc(O)cc1)C(=O)N[C@@H]1CSSC[C@@H]([13C](N)=O)NC(=O)[C@H](Cc2cccc3ccccc23)NC(=O)[C@H](Cc2ccccc2)NC1=O,12C -> 13C at atom 1 (graph unchanged)
isotope_13c,A,isotope_13c_030,Cc1sc(C)c2c1CCCc1c(CN(C)C)n[nH]c1-2,Cc1sc([13CH3])c2c1-c1[nH]nc(CN(C)C)c1CCC2,12C -> 13C at atom 0 (graph unchanged)
isotope_13c,A,isotope_13c_031,CC(=O)OCC(=O)[C@@]1(O)CC[C@H]2[C@@H]3CCC4=CC(=O)C=C[C@]4(C)[C@H]3[C@@H](O)C[C@@]21C,C[C@]12C=CC(=O)C=C1CC[C@@H]1[C@@H]2[C@@H](O)C[C@@]2(C)[C@H]1CC[C@]2(O)C(=O)COC([13CH3])=O,12C -> 13C at atom 0 (graph unchanged)
isotope_13c,A,isotope_13c_032,O=C(N[C@@]12CCC(=O)[C@@H]3Oc4c(O)ccc5c4[C@@]31CCN(CC1CC1)[C@@H]2C5)c1ccncc1,O=C1CC[C@@]2(N[13C](=O)c3ccncc3)[C@H]3Cc4ccc(O)c5c4[C@@]2(CCN3CC2CC2)[C@H]1O5,12C -> 13C at atom 1 (graph unchanged)
isotope_13c,A,isotope_13c_033,O=C(Nc1ccc(Cl)cc1C(=O)O)c1cccc(S(=O)(=O)N2CCc3c(O)cccc3C2)c1,O=C(O)c1cc(Cl)ccc1N[13C](=O)c1cccc(S(=O)(=O)N2CCc3c(O)cccc3C2)c1,12C -> 13C at atom 1 (graph unchanged)
isotope_13c,A,isotope_13c_034,COc1cccc(C[NH2+]C[C@H](O)[C@H](Cc2cc(F)cc(F)c2)NC(=O)c2cc(C(C)=O)cc(N3CCCCS3(=O)=O)c2)c1,CC(=O)c1cc(C(=O)N[C@@H](Cc2cc(F)cc(F)c2)[C@@H](O)C[NH2+]Cc2cccc(O[13CH3])c2)cc(N2CCCCS2(=O)=O)c1,12C -> 13C at atom 0 (graph unchanged)
isotope_13c,A,isotope_13c_035,CS(=O)(=O)N(c1cccnc1)c1cccc(C(=O)NC(Cc2ccccc2)C(O)C[NH2+]Cc2cccc(C(F)(F)F)c2)c1,[13CH3]S(=O)(=O)N(c1cccnc1)c1cccc(C(=O)NC(Cc2ccccc2)C(O)C[NH2+]Cc2cccc(C(F)(F)F)c2)c1,12C -> 13C at atom 0 (graph unchanged)
isotope_13c,A,isotope_13c_036,CCC(C(=O)O)C1CCc2cc(OCCc3nc(-c4ccc5c(c4)OCO5)oc3C)ccc21,Cc1oc(-c2ccc3c(c2)OCO3)nc1CCOc1ccc2c(c1)CCC2C(C[13CH3])C(=O)O,12C -> 13C at atom 0 (graph unchanged)
isotope_13c,A,isotope_13c_037,CCCc1c2oc(C(=O)O)cc(=O)c2cc2c(=O)cc(C(=O)O)n(CC)c12,CCn1c(C(=O)O)cc(=O)c2cc3c(=O)cc(C(=O)O)oc3c(CC[13CH3])c21,12C -> 13C at atom 0 (graph unchanged)
isotope_13c,A,isotope_13c_038,CN1CCC(Oc2ccc(C#N)cc2)CC1,[13CH3]N1CCC(Oc2ccc(C#N)cc2)CC1,12C -> 13C at atom 0 (graph unchanged)
isotope_13c,A,isotope_13c_039,CC[C@@]12CCN(CC3CC3)C[C@@H]1Oc1ccc(O)cc12,[13CH3]C[C@@]12CCN(CC3CC3)C[C@@H]1Oc1ccc(O)cc12,12C -> 13C at atom 0 (graph unchanged)
isotope_13c,A,isotope_13c_040,CN(CCN1CCCC1)C1CCc2cc(Cl)c(Cl)cc2C1,[13CH3]N(CCN1CCCC1)C1CCc2cc(Cl)c(Cl)cc2C1,12C -> 13C at atom 0 (graph unchanged)
isotope_13c,A,isotope_13c_041,CCCCCS(=O)(=O)NC(=O)/C=C/c1ccc(OCCOC2CC2)cc1Oc1ncc(C(F)(F)F)cc1Cl,[13CH3]CCCCS(=O)(=O)NC(=O)/C=C/c1ccc(OCCOC2CC2)cc1Oc1ncc(C(F)(F)F)cc1Cl,12C -> 13C at atom 0 (graph unchanged)
isotope_13c,A,isotope_13c_042,Cc1ccc2c(N3CCN(CCc4ccc5c(c4)NC(=O)CO5)CC3)ccc(Cl)c2n1,[13CH3]c1ccc2c(N3CCN(CCc4ccc5c(c4)NC(=O)CO5)CC3)ccc(Cl)c2n1,12C -> 13C at atom 0 (graph unchanged)
isotope_13c,A,isotope_13c_043,Clc1ccc(-c2cc(C3CCN(CCc4ccccc4)CC3)[nH]n2)cc1,Cl[13c]1ccc(-c2cc(C3CCN(CCc4ccccc4)CC3)[nH]n2)cc1,12C -> 13C at atom 1 (graph unchanged)
isotope_13c,A,isotope_13c_044,CNC(=O)CCCC1CCN(C(=O)[C@H](Cc2cccc(C(=N)N)c2)NS(=O)(=O)c2cccc(-c3ccc(Cl)c(Cl)c3)c2)CC1,[13CH3]NC(=O)CCCC1CCN(C(=O)[C@H](Cc2cccc(C(=N)N)c2)NS(=O)(=O)c2cccc(-c3ccc(Cl)c(Cl)c3)c2)CC1,12C -> 13C at atom 0 (graph unchanged)
isotope_13c,A,isotope_13c_045,CN(C)c1cnc2ccc(-c3cnc(Cl)c(NS(=O)(=O)c4ccc(F)cc4)c3)cc2n1,CN([13CH3])c1cnc2ccc(-c3cnc(Cl)c(NS(=O)(=O)c4ccc(F)cc4)c3)cc2n1,12C -> 13C at atom 0 (graph unchanged)
isotope_13c,A,isotope_13c_046,CCc1ccc(Br)cc1,[13CH3]Cc1ccc(Br)cc1,12C -> 13C at atom 0 (graph unchanged)
isotope_13c,A,isotope_13c_047,COc1ccccc1N1CCN(CCCCNC(=O)c2cc3ccc(C#N)cc3[nH]2)CC1,[13CH3]Oc1ccccc1N1CCN(CCCCNC(=O)c2cc3ccc(C#N)cc3[nH]2)CC1,12C -> 13C at atom 0 (graph unchanged)
isotope_13c,A,isotope_13c_048,CN1CCN(c2nc(N)nc(CSc3ccccc3)n2)CC1,[13CH3]N1CCN(c2nc(N)nc(CSc3ccccc3)n2)CC1,12C -> 13C at atom 0 (graph unchanged)
isotope_13c,A,isotope_13c_049,N=C(N)c1ccc(O)c(Oc2cc(C(=O)O)cc(Oc3cccc(-n4ccnc4)c3)n2)c1,N=[13C](N)c1ccc(O)c(Oc2cc(C(=O)O)cc(Oc3cccc(-n4ccnc4)c3)n2)c1,12C -> 13C at atom 1 (graph unchanged)
isotope_13c,A,isotope_13c_050,CCOC(=O)CCCN1CCC(n2cc(NC(=O)c3c(N)nn4cccnc34)c(-c3cc(Cl)ccc3OC(F)F)n2)CC1,[13CH3]COC(=O)CCCN1CCC(n2cc(NC(=O)c3c(N)nn4cccnc34)c(-c3cc(Cl)ccc3OC(F)F)n2)CC1,12C -> 13C at atom 0 (graph unchanged)
isotope_13c,A,isotope_13c_051,CCn1ncc(NC(=O)c2nc(-c3ccccc3F)sc2N)c1N1CCC(N)C(OC)CC1,COC1CCN(c2c(NC(=O)c3nc(-c4ccccc4F)sc3N)cnn2C[13CH3])CCC1N,12C -> 13C at atom 0 (graph unchanged)
isotope_13c,A,isotope_13c_052,C[C@H](C1=C(CCN(C)Cc2nccs2)Cc2ccccc21)c1cnccn1,CN(CCC1=C([C@@H]([13CH3])c2cnccn2)c2ccccc2C1)Cc1nccs1,12C -> 13C at atom 0 (graph unchanged)
isotope_13c,A,isotope_13c_053,Cc1ncc(CO)cc1-c1ccc2cc(NC(=O)C3CC3)ncc2c1,[13CH3]c1ncc(CO)cc1-c1ccc2cc(NC(=O)C3CC3)ncc2c1,12C -> 13C at atom 0 (graph unchanged)
isotope_13c,A,isotope_13c_054,Cc1cccc(C(c2ccccc2)N2CCC(O)(c3ccccc3)CC2)c1,[13CH3]c1cccc(C(c2ccccc2)N2CCC(O)(c3ccccc3)CC2)c1,12C -> 13C at atom 0 (graph unchanged)
isotope_13c,A,isotope_13c_055,CN(C)C1(c2ccccc2)CCC2(CC1)NCCc1c2[nH]c2ccccc12,CN([13CH3])C1(c2ccccc2)CCC2(CC1)NCCc1c2[nH]c2ccccc12,12C -> 13C at atom 0 (graph unchanged)
isotope_13c,A,isotope_13c_056,CC(C)[C@H]1C(=O)N2CCC[C@H]2[C@]2(O)O[C@](NC(=O)[C@@H]3C=C4c5cccc6[nH]cc(c56)C[C@H]4N(C)C3)(C(C)C)C(=O)N12,CC([13CH3])[C@H]1C(=O)N2CCC[C@H]2[C@]2(O)O[C@](NC(=O)[C@@H]3C=C4c5cccc6[nH]cc(c56)C[C@H]4N(C)C3)(C(C)C)C(=O)N12,12C -> 13C at atom 0 (graph unchanged)
isotope_13c,A,isotope_13c_057,CCCNC1CCc2c(cccc2OC)C1,COc1cccc2c1CCC(NCC[13CH3])C2,12C -> 13C at atom 0 (graph unchanged)
isotope_13c,A,isotope_13c_058,Cc1nc2ccccn2c1-c1csc(Nc2ccc(O)cc2)n1,[13CH3]c1nc2ccccn2c1-c1csc(Nc2ccc(O)cc2)n1,12C -> 13C at atom 0 (graph unchanged)
isotope_13c,A,isotope_13c_059,CC(C)(C)c1cccc(C[NH2+]C2CS(=O)(=O)CC(Cc3cc(F)c4c(c3)C3(CCC3)CN4)C2O)c1,CC(C)([13CH3])c1cccc(C[NH2+]C2CS(=O)(=O)CC(Cc3cc(F)c4c(c3)C3(CCC3)CN4)C2O)c1,12C -> 13C at atom 0 (graph unchanged)
isotope_13c,A,isotope_13c_060,Cc1ccc(NC(=O)c2cccc(S(=O)(=O)n3ccc4ccc(Cl)cc43)c2)c(C(=O)O)c1,[13CH3]c1ccc(NC(=O)c2cccc(S(=O)(=O)n3ccc4ccc(Cl)cc43)c2)c(C(=O)O)c1,12C -> 13C at atom 0 (graph unchanged)
isotope_13c,A,isotope_13c_061,C=C(Br)CN1[C@H]2CC[C@@H]1[C@@H](C(=O)OC)[C@@H](c1ccc(I)cc1)C2,COC(=O)[C@H]1[C@@H](c2ccc(I)cc2)C[C@@H]2CC[C@H]1N2CC(=[13CH2])Br,12C -> 13C at atom 0 (graph unchanged)
isotope_13c,A,isotope_13c_062,COc1ccc(C(=O)N2C[C@H](Oc3cc(C#N)ccn3)CC[C@H]2C)c(-n2nccn2)n1,C[C@@H]1CC[C@@H](Oc2cc(C#N)ccn2)CN1C(=O)c1ccc(O[13CH3])nc1-n1nccn1,12C -> 13C at atom 0 (graph unchanged)
isotope_13c,A,isotope_13c_063,Clc1ccccc1OCCNCCCOc1ccccc1,Cl[13c]1ccccc1OCCNCCCOc1ccccc1,12C -> 13C at atom 1 (graph unchanged)
isotope_13c,A,isotope_13c_064,C=C(C)C(=O)OCCOP(=O)(O)OCCOC(=O)C(=C)C,C=C(C)C(=O)OCCOP(=O)(O)OCCOC(=O)C(C)=[13CH2],12C -> 13C at atom 0 (graph unchanged)
isotope_13c,A,isotope_13c_065,Cc1ccc2[nH]c(C(=O)N[C@H]3CN(S(=O)(=O)c4ccnnc4)C[C@@H]3C(=O)NCCN(C)C)cc2c1,CN(C)CCNC(=O)[C@H]1CN(S(=O)(=O)c2ccnnc2)C[C@@H]1NC(=O)c1cc2cc([13CH3])ccc2[nH]1,12C -> 13C at atom 0 (graph unchanged)
isotope_13c,A,isotope_13c_066,CCN(Cc1ccc(-c2cc(S(=O)(=O)CC)ccc2OC)[nH]1)Cc1ccccc1Cl,CCS(=O)(=O)c1ccc(OC)c(-c2ccc(CN(C[13CH3])Cc3ccccc3Cl)[nH]2)c1,12C -> 13C at atom 0 (graph unchanged)
isotope_13c,A,isotope_13c_067,c1nc(CC2CCN(C3CCCCC3)CC2)c[nH]1,c1[nH][13cH]nc1CC1CCN(C2CCCCC2)CC1,12C -> 13C at atom 0 (graph unchanged)
isotope_13c,A,isotope_13c_068,COC(=O)CCS,[13CH3]OC(=O)CCS,12C -> 13C at atom 0 (graph unchanged)
isotope_13c,A,isotope_13c_069,CCCCCCCCCCCC[n+]1ccc2ccccc2c1,[13CH3]CCCCCCCCCCC[n+]1ccc2ccccc2c1,12C -> 13C at atom 0 (graph unchanged)
isotope_13c,A,isotope_13c_070,NCCCC[C@H](NC(=O)[C@@H]1CCCN1C(=O)[C@H](N)CC1CCCCC1)C(=O)C(=O)O,N[13CH2]CCC[C@H](NC(=O)[C@@H]1CCCN1C(=O)[C@H](N)CC1CCCCC1)C(=O)C(=O)O,12C -> 13C at atom 1 (graph unchanged)
isotope_13c,A,isotope_13c_071,OCC#Cc1ccc(OCCCN2CCCCC2)cc1,O[13CH2]C#Cc1ccc(OCCCN2CCCCC2)cc1,12C -> 13C at atom 1 (graph unchanged)
isotope_13c,A,isotope_13c_072,CCC(CC(=O)NCCC1CC[NH2+]C1)n1c(N)nc2cc(Cl)ccc21,[13CH3]CC(CC(=O)NCCC1CC[NH2+]C1)n1c(N)nc2cc(Cl)ccc21,12C -> 13C at atom 0 (graph unchanged)
isotope_13c,A,isotope_13c_073,Clc1ccc(OCCCN2CCC(N3CCCCC3)CC2)cc1,Cl[13c]1ccc(OCCCN2CCC(N3CCCCC3)CC2)cc1,12C -> 13C at atom 1 (graph unchanged)
isotope_13c,A,isotope_13c_074,CN(C)C1(c2ccccc2)CCC(c2ccccc2)(N(C)C)CC1,CN(C)C1(c2ccccc2)CCC(c2ccccc2)(N(C)[13CH3])CC1,12C -> 13C at atom 0 (graph unchanged)
isotope_13c,A,isotope_13c_075,CC(C)c1nc(CN2CC[C@H](c3ccccc3)C2)cs1,CC([13CH3])c1nc(CN2CC[C@H](c3ccccc3)C2)cs1,12C -> 13C at atom 0 (graph unchanged)
isotope_13c,A,isotope_13c_076,COc1ccc(NS(=O)(=O)c2ccc(-c3cc(C)cs3)cc2)cc1N1C[C@@H](C)N[C@@H](C)C1,Cc1csc(-c2ccc(S(=O)(=O)Nc3ccc(O[13CH3])c(N4C[C@@H](C)N[C@@H](C)C4)c3)cc2)c1,12C -> 13C at atom 0 (graph unchanged)
isotope_13c,A,isotope_13c_077,O=C(Nc1cnccn1)Nc1ccnc2ccc(N3CC4COCC4C3)cc12,O=[13C](Nc1cnccn1)Nc1ccnc2ccc(N3CC4COCC4C3)cc12,12C -> 13C at atom 1 (graph unchanged)
isotope_13c,A,isotope_13c_078,Cc1ccc2c(N3CCN(CCCc4cccc5c4OCC(=O)N5C)[C@H](C)C3)cccc2n1,C[C@@H]1CN(c2cccc3nc([13CH3])ccc23)CCN1CCCc1cccc2c1OCC(=O)N2C,12C -> 13C at atom 0 (graph unchanged)
isotope_13c,A,isotope_13c_079,COc1ccccc1N1CCN(Cc2c[nH]c3ncccc23)CC1,[13CH3]Oc1ccccc1N1CCN(Cc2c[nH]c3ncccc23)CC1,12C -> 13C at atom 0 (graph unchanged)
isotope_13c,A,isotope_13c_080,OC1(c2ccccc2Cl)CCN(Cc2c[nH]c3ccccc23)CC1,O[13C]1(c2ccccc2Cl)CCN(Cc2c[nH]c3ccccc23)CC1,12C -> 13C at atom 1 (graph unchanged)
isotope_13c,A,isotope_13c_081,CN1CCN(Cc2ccccc2-c2ccc(N3CCc4c(C(F)(F)F)nn(-c5ccc6onc(N)c6c5)c4C3=O)cc2)CC1,[13CH3]N1CCN(Cc2ccccc2-c2ccc(N3CCc4c(C(F)(F)F)nn(-c5ccc6onc(N)c6c5)c4C3=O)cc2)CC1,12C -> 13C at atom 0 (graph unchanged)
isotope_13c,A,isotope_13c_082,CCn1cc(-c2cc3c(-c4ccc(=O)n(CC5(C(N)=O)CC5)c4)n[nH]c3cn2)cn1,[13CH3]Cn1cc(-c2cc3c(-c4ccc(=O)n(CC5(C(N)=O)CC5)c4)n[nH]c3cn2)cn1,12C -> 13C at atom 0 (graph unchanged)
isotope_13c,A,isotope_13c_083,O=C(O)C[C@H]1C[C@@]2(O)[C@H]3Cc4ccc(O)cc4[C@@]2(CCN3CC2CC2)CC1=O,O=C1C[C@]23CCN(CC4CC4)[C@H](Cc4ccc(O)cc42)[C@]3(O)C[C@@H]1C[13C](=O)O,12C -> 13C at atom 1 (graph unchanged)
isotope_13c,A,isotope_13c_084,COc1ccc(Br)cc1-c1nc(CNC2CCN(Cc3ccccc3)CC2)co1,[13CH3]Oc1ccc(Br)cc1-c1nc(CNC2CCN(Cc3ccccc3)CC2)co1,12C -> 13C at atom 0 (graph unchanged)
isotope_13c,A,isotope_13c_085,NC(=O)C[C@H]1COc2cc(F)ccc2N1C(=O)c1ccc2c(c1)NC(=O)CO2,N[13C](=O)C[C@H]1COc2cc(F)ccc2N1C(=O)c1ccc2c(c1)NC(=O)CO2,12C -> 13C at atom 1 (graph unchanged)
isotope_13c,A,isotope_13c_086,CCOC(=O)C(=O)OCC,CCOC(=O)C(=O)OC[13CH3],12C -> 13C at atom 0 (graph unchanged)
isotope_13c,A,isotope_13c_087,C1=C(c2c[nH]c3ccccc23)CC2CCC1N2CCOc1cccc2c1OCCO2,c1cc2c(c(OCCN3C4CCC3[13CH]=C(c3c[nH]c5ccccc35)C4)c1)OCCO2,12C -> 13C at atom 0 (graph unchanged)
isotope_13c,A,isotope_13c_088,CCCOC[C@@H]1[C@H]2CNC[C@]21c1ccc(Cl)c(Cl)c1,[13CH3]CCOC[C@@H]1[C@H]2CNC[C@]21c1ccc(Cl)c(Cl)c1,12C -> 13C at atom 0 (graph unchanged)
isotope_13c,A,isotope_13c_089,CC(C)c1ccccc1OCCN1CCC(NS(=O)(=O)c2ccc(F)c(F)c2)CC1,CC([13CH3])c1ccccc1OCCN1CCC(NS(=O)(=O)c2ccc(F)c(F)c2)CC1,12C -> 13C at atom 0 (graph unchanged)
isotope_13c,A,isotope_13c_090,C[C@H]1C2Cc3ccc(NCc4ccccc4)cc3[C@@]1(C)CCN2CC1CC1,C[C@@]12CCN(CC3CC3)C(Cc3ccc(NCc4ccccc4)cc31)[C@@H]2[13CH3],12C -> 13C at atom 0 (graph unchanged)
isotope_13c,A,isotope_13c_091,Cc1ccc([C@@](C)(O)[C@H]2CCCC3=Cc4c(-c5ccc(F)cc5)ncn4C[C@@]32C)s1,C[C@]12Cn3cnc(-c4ccc(F)cc4)c3C=C1CCC[C@@H]2[C@](C)(O)c1ccc([13CH3])s1,12C -> 13C at atom 0 (graph unchanged)
isotope_13c,A,isotope_13c_092,CN1CC(C)(COc2ccc(C(=N)N)cc2)Oc2cc(N(Cc3ccc(F)cc3)C(=O)C(=O)O)ccc21,CC1(COc2ccc(C(=N)N)cc2)CN([13CH3])c2ccc(N(Cc3ccc(F)cc3)C(=O)C(=O)O)cc2O1,12C -> 13C at atom 0 (graph unchanged)
isotope_13c,A,isotope_13c_093,O=C(CCCN1CCC(O)(c2cc3ccc2CCc2ccc(cc2)CC3)CC1)c1cc2ccc1CCc1ccc(cc1)CC2,O=[13C](CCCN1CCC(O)(c2cc3ccc2CCc2ccc(cc2)CC3)CC1)c1cc2ccc1CCc1ccc(cc1)CC2,12C -> 13C at atom 1 (graph unchanged)
isotope_13c,A,isotope_13c_094,COc1cc2c(cc1N1CCNCC1)N(S(=O)(=O)c1ccc(-c3ccccn3)s1)CC2,[13CH3]Oc1cc2c(cc1N1CCNCC1)N(S(=O)(=O)c1ccc(-c3ccccn3)s1)CC2,12C -> 13C at atom 0 (graph unchanged)
isotope_13c,A,isotope_13c_095,O=C(NCCCCN1CCN(c2ccccc2Cl)CC1)c1ccc(-c2ccsc2)cc1,O=[13C](NCCCCN1CCN(c2ccccc2Cl)CC1)c1ccc(-c2ccsc2)cc1,12C -> 13C at atom 1 (graph unchanged)
isotope_13c,A,isotope_13c_096,COCCOc1ccc(-c2nc(C)nc(N)n2)c(Nc2cnc(OC)c(F)c2)n1,COc1ncc(Nc2nc(OCCO[13CH3])ccc2-c2nc(C)nc(N)n2)cc1F,12C -> 13C at atom 0 (graph unchanged)
isotope_13c,A,isotope_13c_097,Cc1ccc(C)c(O)c1C,Cc1ccc([13CH3])c(C)c1O,12C -> 13C at atom 0 (graph unchanged)
isotope_13c,A,isotope_13c_098,COc1ccc(C2(c3cccc(-c4cncnc4)c3)N=C(N)N(C)C2=O)cc1C,Cc1cc(C2(c3cccc(-c4cncnc4)c3)N=C(N)N(C)C2=O)ccc1O[13CH3],12C -> 13C at atom 0 (graph unchanged)
isotope_13c,A,isotope_13c_099,Cc1nc(N)nc(-c2cc(Cl)cnc2Nc2cnc(Cl)c(NS(=O)(=O)N(C)C)c2)n1,CN(C)S(=O)(=O)Nc1cc(Nc2ncc(Cl)cc2-c2nc([13CH3])nc(N)n2)cnc1Cl,12C -> 13C at atom 0 (graph unchanged)
ring_size,A,ring_size_000,c1nc(CC2CCN(C3CCCCC3)CC2)c[nH]1,c1nc(CC2CCN(C3CCCC3)CC2)c[nH]1,cyclohexyl -> cyclopentyl
ring_size,A,ring_size_001,NCCCC[C@H](NC(=O)[C@@H]1CCCN1C(=O)[C@H](N)CC1CCCCC1)C(=O)C(=O)O,NCCCC[C@H](NC(=O)[C@@H]1CCCN1C(=O)[C@H](N)CC1CCCC1)C(=O)C(=O)O,cyclohexyl -> cyclopentyl
ring_size,A,ring_size_002,COc1ccc(-n2nc(C(F)(F)F)c3c2C(=O)N(c2ccc(C4(CNC5CCCC5)CC4)cc2)CC3)cc1,COc1ccc(-n2nc(C(F)(F)F)c3c2C(=O)N(c2ccc(C4(CNC5CCCCC5)CC4)cc2)CC3)cc1,cyclopentyl -> cyclohexyl
ring_size,A,ring_size_003,COCC(=O)Nc1cccc([C@@]2(C3CCCCC3)N=C(N)N(C)C2=O)c1,COCC(=O)Nc1cccc([C@@]2(C3CCCC3)N=C(N)N(C)C2=O)c1,cyclohexyl -> cyclopentyl
ring_size,A,ring_size_004,CN(CC1(C#N)CCCCC1)C1CCN(C(=O)Cn2cc(NC(=O)c3cnn4cccnc34)c(-c3cc(Cl)ccc3OC(F)F)n2)CC1,CN(CC1(C#N)CCCC1)C1CCN(C(=O)Cn2cc(NC(=O)c3cnn4cccnc34)c(-c3cc(Cl)ccc3OC(F)F)n2)CC1,cyclohexyl -> cyclopentyl
ring_size,A,ring_size_005,NC(=O)c1cccc([C@H]2C[C@H]3CC[C@@H](C2)N3CCN(CC2CCCCC2)C(=O)Nc2ccc3c(c2)OCO3)c1,NC(=O)c1cccc([C@H]2C[C@H]3CC[C@@H](C2)N3CCN(CC2CCCC2)C(=O)Nc2ccc3c(c2)OCO3)c1,cyclohexyl -> cyclopentyl
ring_size,A,ring_size_006,CC(=O)NC(Cc1cc(F)cc(F)c1)C(O)C[NH2+]C1(c2cccc(N3CCCNC3=O)c2)CCCCC1,CC(=O)NC(Cc1cc(F)cc(F)c1)C(O)C[NH2+]C1(c2cccc(N3CCCNC3=O)c2)CCCC1,cyclohexyl -> cyclopentyl
ring_size,A,ring_size_007,CCN(CC)CCOC(=O)C1(C2CCCCC2)CCCCC1,CCN(CC)CCOC(=O)C1(C2CCCCC2)CCCC1,cyclohexyl -> cyclopentyl
ring_size,A,ring_size_008,CC(C)CCOc1ccc2c(c1)[C@H]1OCCC[C@H]1[C@@H](C1CCCC1)N2,CC(C)CCOc1ccc2c(c1)[C@H]1OCCC[C@H]1[C@H](C1CCCCC1)N2,cyclopentyl -> cyclohexyl
ring_size,A,ring_size_009,N=C(N)c1cccc(C[C@H](NS(=O)(=O)c2ccc(C3CCCCC3)cc2)C(=O)N2CCN(C(=N)N)CC2)c1,N=C(N)c1cccc(C[C@H](NS(=O)(=O)c2ccc(C3CCCC3)cc2)C(=O)N2CCN(C(=N)N)CC2)c1,cyclohexyl -> cyclopentyl
ring_size,A,ring_size_010,Clc1ccc2c(c1)C(N1CCN(C3CCCCC3)CC1)=Nc1cccnc1N2,Clc1ccc2c(c1)C(N1CCN(C3CCCC3)CC1)=Nc1cccnc1N2,cyclohexyl -> cyclopentyl
ring_size,A,ring_size_011,CN(C(=O)CCCn1c(N)nc2cc(Cl)ccc21)C1CCCCC1,CN(C(=O)CCCn1c(N)nc2cc(Cl)ccc21)C1CCCC1,cyclohexyl -> cyclopentyl
ring_size,A,ring_size_012,N=C(N)N1CCCC(C[C@H](NC(=O)CN2C(=O)CN(CCCc3ccccc3)C(=O)[C@@H]2CC2CCCCC2)C(=O)c2nccs2)C1,N=C(N)N1CCCC(C[C@H](NC(=O)CN2C(=O)CN(CCCc3ccccc3)C(=O)[C@@H]2CC2CCCC2)C(=O)c2nccs2)C1,cyclohexyl -> cyclopentyl
ring_size,A,ring_size_013,CS(=O)(=O)CC(=O)N(CCCN1[C@@H]2CC[C@H]1C[C@@H](c1cccc(C(N)=O)c1)C2)CC1CCCCC1,CS(=O)(=O)CC(=O)N(CCCN1[C@@H]2CC[C@H]1C[C@@H](c1cccc(C(N)=O)c1)C2)CC1CCCC1,cyclohexyl -> cyclopentyl
ring_size,A,ring_size_014,O=C(C1CCCCC1)N1CCN(S(=O)(=O)c2cccc(-c3ccccc3)c2)CC1,O=C(C1CCCC1)N1CCN(S(=O)(=O)c2cccc(-c3ccccc3)c2)CC1,cyclohexyl -> cyclopentyl
ring_size,A,ring_size_015,COC(=O)/C=C/c1cccc(N(Cc2ccc(-c3ccc(C)s3)cc2)C(=O)C2CCCCC2)c1,COC(=O)/C=C/c1cccc(N(Cc2ccc(-c3ccc(C)s3)cc2)C(=O)C2CCCC2)c1,cyclohexyl -> cyclopentyl
ring_size,A,ring_size_016,NS(=O)(=O)c1cc2c(cc1Cl)CN(C1CCCCC1)C2=O,NS(=O)(=O)c1cc2c(cc1Cl)CN(C1CCCC1)C2=O,cyclohexyl -> cyclopentyl
ring_size,A,ring_size_017,CN(C(=O)[C@H](Cc1ccc(C(=N)NN)s1)NS(=O)(=O)c1ccc2ccccc2c1)C1CCCC1,CN(C(=O)[C@H](Cc1ccc(C(=N)NN)s1)NS(=O)(=O)c1ccc2ccccc2c1)C1CCCCC1,cyclopentyl -> cyclohexyl
ring_size,A,ring_size_018,c1nc(CCC2CCN(C3CCCCC3)CC2)c[nH]1,c1nc(CCC2CCN(C3CCCC3)CC2)c[nH]1,cyclohexyl -> cyclopentyl
ring_size,A,ring_size_019,O=C(OC1CCCCC1)c1ccccc1C(=O)OC1CCCCC1,O=C(OC1CCCCC1)c1ccccc1C(=O)OC1CCCC1,cyclohexyl -> cyclopentyl
ring_size,A,ring_size_020,N=C(N)c1ccc2[nH]c(-c3cccc(C4(O)CCCCC4)[n+]3[O-])cc2c1,N=C(N)c1ccc2[nH]c(-c3cccc(C4(O)CCCC4)[n+]3[O-])cc2c1,cyclohexyl -> cyclopentyl
ring_size,A,ring_size_021,CN(CCOc1ccc(C[C@H](Nc2ccccc2C(=O)C2CCCCC2)C(=O)O)cc1)c1nc2ccccc2o1,CN(CCOc1ccc(C[C@H](Nc2ccccc2C(=O)C2CCCC2)C(=O)O)cc1)c1nc2ccccc2o1,cyclohexyl -> cyclopentyl
ring_size,A,ring_size_022,Oc1cccc2c1CCCC2CCCN1CCN(C2CCCCC2)CC1,Oc1cccc2c1CCCC2CCCN1CCN(C2CCCC2)CC1,cyclohexyl -> cyclopentyl
ring_size,A,ring_size_023,O=C(Nc1ncnc2c1cnn2CCN1CCCCC1)NC1CCCC1,O=C(Nc1ncnc2c1cnn2CCN1CCCCC1)NC1CCCCC1,cyclopentyl -> cyclohexyl
ring_size,A,ring_size_024,O=C(O)c1ccc(NC(=O)[C@H](C2CCCCC2)n2c(-c3ccc(Cl)cc3)nc3cc(F)ccc32)c(F)c1,O=C(O)c1ccc(NC(=O)[C@@H](C2CCCC2)n2c(-c3ccc(Cl)cc3)nc3cc(F)ccc32)c(F)c1,cyclohexyl -> cyclopentyl
ring_size,A,ring_size_025,CCC(C)(C)c1cccc(C2([NH2+]CC(O)C(Cc3cc(F)cc(F)c3)NC(C)=O)CCCCC2)c1,CCC(C)(C)c1cccc(C2([NH2+]CC(O)C(Cc3cc(F)cc(F)c3)NC(C)=O)CCCC2)c1,cyclohexyl -> cyclopentyl
ring_size,A,ring_size_026,Cc1ccc(C(=O)C2CCN(CC(=O)NC3CCCC3)CC2)cc1,Cc1ccc(C(=O)C2CCN(CC(=O)NC3CCCCC3)CC2)cc1,cyclopentyl -> cyclohexyl
ring_size,A,ring_size_027,O=C(C1CCCC1)N(CCN1[C@@H]2CC[C@H]1C[C@@H](c1cccc(O)c1)C2)CC1CCCCC1,O=C(C1CCCC1)N(CCN1[C@@H]2CC[C@H]1C[C@@H](c1cccc(O)c1)C2)CC1CCCC1,cyclohexyl -> cyclopentyl
ring_size,A,ring_size_028,O=C(N/N=C1\C(=O)N(CC2CCCCC2)c2ccccc21)c1ccccc1,O=C(N/N=C1\C(=O)N(CC2CCCC2)c2ccccc21)c1ccccc1,cyclohexyl -> cyclopentyl
ring_size,A,ring_size_029,Cc1cc(SCc2nc(-c3ccc(OC(F)(F)F)cc3)ns2)ccc1OC1(C(=O)O)CCCC1,Cc1cc(SCc2nc(-c3ccc(OC(F)(F)F)cc3)ns2)ccc1OC1(C(=O)O)CCCCC1,cyclopentyl -> cyclohexyl
ring_size,A,ring_size_030,O=C1c2ccccc2C(=O)N1SC1CCCCC1,O=C1c2ccccc2C(=O)N1SC1CCCC1,cyclohexyl -> cyclopentyl
ring_size,A,ring_size_031,Cc1ccccc1-c1ccc2nc(N)c(CC(C)C(=O)NCC3CCCCC3)cc2c1,Cc1ccccc1-c1ccc2nc(N)c(CC(C)C(=O)NCC3CCCC3)cc2c1,cyclohexyl -> cyclopentyl
ring_size,A,ring_size_032,CN(C)c1cccc2c(S(=O)(=O)N[C@@H](Cc3ccc(CN)cc3)C(=O)N(C)C3CCCC3)cccc12,CN(C)c1cccc2c(S(=O)(=O)N[C@@H](Cc3ccc(CN)cc3)C(=O)N(C)C3CCCCC3)cccc12,cyclopentyl -> cyclohexyl
ring_size,A,ring_size_033,COc1ccc(-n2nc(C(F)(F)F)c3c2C(=O)N(c2ccc(C4(C(=O)NC5CCCC5)CC4)cc2)CC3)cc1,COc1ccc(-n2nc(C(F)(F)F)c3c2C(=O)N(c2ccc(C4(C(=O)NC5CCCCC5)CC4)cc2)CC3)cc1,cyclopentyl -> cyclohexyl
ring_size,A,ring_size_034,CCC(C)NC(=O)N(CCN1[C@@H]2CC[C@H]1C[C@@H](c1cccc(O)c1)C2)CC1CCCCC1,CCC(C)NC(=O)N(CCN1[C@@H]2CC[C@H]1C[C@@H](c1cccc(O)c1)C2)CC1CCCC1,cyclohexyl -> cyclopentyl
ring_size,A,ring_size_035,C[C@@H](NC(=O)c1ccc(Cl)cc1)C(=O)N1CCN(CCCOc2ccc(-c3noc(CC4CCCC4)n3)c(F)c2)CC1,C[C@@H](NC(=O)c1ccc(Cl)cc1)C(=O)N1CCN(CCCOc2ccc(-c3noc(CC4CCCCC4)n3)c(F)c2)CC1,cyclopentyl -> cyclohexyl
ring_size,A,ring_size_036,CC[C@@](C)(Cc1ccc(OCCCOc2ccc(C3CCCCC3)cc2Cl)cc1)C(=O)O,CC[C@@](C)(Cc1ccc(OCCCOc2ccc(C3CCCC3)cc2Cl)cc1)C(=O)O,cyclohexyl -> cyclopentyl
ring_size,A,ring_size_037,CS(=O)(=O)N(CCN1[C@@H]2CC[C@H]1C[C@@H](c1cccc(C(N)=O)c1)C2)CC1CCCCC1,CS(=O)(=O)N(CCN1[C@@H]2CC[C@H]1C[C@@H](c1cccc(C(N)=O)c1)C2)CC1CCCC1,cyclohexyl -> cyclopentyl
ring_size,A,ring_size_038,C[C@@H](NC(=O)c1ccc(F)cc1)C(=O)N1CCCN(CCCOc2ccc(-c3noc(CC4CCCC4)n3)c(F)c2)CC1,C[C@@H](NC(=O)c1ccc(F)cc1)C(=O)N1CCCN(CCCOc2ccc(-c3noc(CC4CCCCC4)n3)c(F)c2)CC1,cyclopentyl -> cyclohexyl
ring_size,A,ring_size_039,CC(C)OC(=O)C(=O)[C@H](CCCCN)NC(=O)[C@@H]1CCCN1C(=O)[C@@H](CC1CCCCC1)NCC(=O)O,CC(C)OC(=O)C(=O)[C@H](CCCCN)NC(=O)[C@@H]1CCCN1C(=O)[C@@H](CC1CCCC1)NCC(=O)O,cyclohexyl -> cyclopentyl
ring_size,A,ring_size_040,CCN1CCN(C(=O)c2cn(CC3CCCCC3)c3c(OC)cccc23)CC1,CCN1CCN(C(=O)c2cn(CC3CCCC3)c3c(OC)cccc23)CC1,cyclohexyl -> cyclopentyl
ring_size,A,ring_size_041,N=C(N)c1ccc(CNC(=O)[C@H](Cc2ccc3ccccc3c2)NC(=O)[C@@H](CC2CCCCC2)NCC(=O)O)cc1,N=C(N)c1ccc(CNC(=O)[C@H](Cc2ccc3ccccc3c2)NC(=O)[C@@H](CC2CCCC2)NCC(=O)O)cc1,cyclohexyl -> cyclopentyl
ring_size,A,ring_size_042,COCCNC(=O)c1c(NC(=O)C2CCCC2)sc2c1CCCC2,COCCNC(=O)c1c(NC(=O)C2CCCCC2)sc2c1CCCC2,cyclopentyl -> cyclohexyl
ring_size,A,ring_size_043,COc1ccc(CN2C([C@@H](Cc3c[nH]c4ccccc34)NC(=O)C3CCCCC3)=NNC2CCc2ccccc2)cc1,COc1ccc(CN2C([C@@H](Cc3c[nH]c4ccccc34)NC(=O)C3CCCC3)=NNC2CCc2ccccc2)cc1,cyclohexyl -> cyclopentyl
ring_size,A,ring_size_044,CC(C)(N)C(=O)N[C@H](COCC1CCCCC1)c1nnnn1CCOC(=O)NCCCCO,CC(C)(N)C(=O)N[C@H](COCC1CCCC1)c1nnnn1CCOC(=O)NCCCCO,cyclohexyl -> cyclopentyl
ring_size,A,ring_size_045,CN(C(=O)c1cc(Cl)cc(OCCCON=C(N)N)c1)C1CCCCC1,CN(C(=O)c1cc(Cl)cc(OCCCON=C(N)N)c1)C1CCCC1,cyclohexyl -> cyclopentyl
ring_size,A,ring_size_046,COc1ccc(C(=O)CC(Nc2ccc([N+](=O)[O-])cc2)C2CCCCC2)cc1,COc1ccc(C(=O)CC(Nc2ccc([N+](=O)[O-])cc2)C2CCCC2)cc1,cyclohexyl -> cyclopentyl
ring_size,A,ring_size_047,COc1ccc(/C=C2\NC(=O)N(CCCCN3CCN(c4ccccc4OC)CC3)C2=O)cc1OC1CCCC1,COc1ccc(/C=C2\NC(=O)N(CCCCN3CCN(c4ccccc4OC)CC3)C2=O)cc1OC1CCCCC1,cyclopentyl -> cyclohexyl
ring_size,A,ring_size_048,COC(=O)[C@@H]1C[C@H](OC(=O)C2CCCCC2)C(=O)[C@H]2[C@@]1(C)CC[C@H]1C(=O)O[C@H](c3ccoc3)C[C@]21C,COC(=O)[C@@H]1C[C@H](OC(=O)C2CCCC2)C(=O)[C@H]2[C@@]1(C)CC[C@H]1C(=O)O[C@H](c3ccoc3)C[C@]21C,cyclohexyl -> cyclopentyl
ring_size,A,ring_size_049,NCCCC[C@H](NC(=O)[C@@H]1CCCN1C(=O)[C@@H](CC1CCCCC1)NCC(=O)O)C(=O)c1nccs1,NCCCC[C@H](NC(=O)[C@@H]1CCCN1C(=O)[C@@H](CC1CCCC1)NCC(=O)O)C(=O)c1nccs1,cyclohexyl -> cyclopentyl
ring_size,A,ring_size_050,COc1cccc(OC)c1CNc1nc(NC2CCCCC2)nc2ccc(Cl)cc12,COc1cccc(OC)c1CNc1nc(NC2CCCC2)nc2ccc(Cl)cc12,cyclohexyl -> cyclopentyl
ring_size,A,ring_size_051,CCNc1cc(C(=O)N[C@@H](Cc2ccccc2)[C@H](O)C[NH2+][C@@H](C)C(=O)NC2CCCCC2)cc(N2CCCC2=O)c1,CCNc1cc(C(=O)N[C@@H](Cc2ccccc2)[C@H](O)C[NH2+][C@@H](C)C(=O)NC2CCCC2)cc(N2CCCC2=O)c1,cyclohexyl -> cyclopentyl
ring_size,A,ring_size_052,COc1ccc2c(c1)N(CC1CCCCC1)C(=O)/C2=N\NC(=O)c1ccccc1,COc1ccc2c(c1)N(CC1CCCC1)C(=O)/C2=N\NC(=O)c1ccccc1,cyclohexyl -> cyclopentyl
ring_size,A,ring_size_053,C[C@H]1CN2C[C@H](C3CCCCC3)NC[C@H]2C[C@@]1(C)c1cccc(O)c1,C[C@H]1CN2C[C@@H](C3CCCC3)NC[C@H]2C[C@@]1(C)c1cccc(O)c1,cyclohexyl -> cyclopentyl
ring_size,A,ring_size_054,COc1ccc(-c2c(C)c(C(=O)NC3(C#N)CCCCC3)nn2-c2ccccc2Br)cc1,COc1ccc(-c2c(C)c(C(=O)NC3(C#N)CCCC3)nn2-c2ccccc2Br)cc1,cyclohexyl -> cyclopentyl
ring_size,A,ring_size_055,CCC(=O)N[C@H](C)C(=O)N1CCN(CCCOc2ccc(-c3noc(CC4CCCC4)n3)c(F)c2)CC1,CCC(=O)N[C@H](C)C(=O)N1CCN(CCCOc2ccc(-c3noc(CC4CCCCC4)n3)c(F)c2)CC1,cyclopentyl -> cyclohexyl
ring_size,A,ring_size_056,COc1ccc(/C=C2\NC(=O)N(CCCN3CCN(c4ccccc4OC)CC3)C2=O)cc1OC1CCCC1,COc1ccc(/C=C2\NC(=O)N(CCCN3CCN(c4ccccc4OC)CC3)C2=O)cc1OC1CCCCC1,cyclopentyl -> cyclohexyl
ring_size,A,ring_size_057,C[Si](NC1CCCCC1)(NC1CCCCC1)NC1CCCCC1,C[Si](NC1CCCCC1)(NC1CCCCC1)NC1CCCC1,cyclohexyl -> cyclopentyl
ring_size,A,ring_size_058,COc1cc(C(=O)NS(=O)(=O)c2cc(Cl)cc(Cl)c2)ccc1Cc1cn(C)c2ccc(NC(=O)NC3CCCCC3)cc12,COc1cc(C(=O)NS(=O)(=O)c2cc(Cl)cc(Cl)c2)ccc1Cc1cn(C)c2ccc(NC(=O)NC3CCCC3)cc12,cyclohexyl -> cyclopentyl
ring_size,A,ring_size_059,O=C(N[C@H]1C[C@@]2(O)[C@H]3Cc4ccc(O)cc4[C@@]2(CCN3CC2CC2)CC1=O)C1CCCCC1,O=C(N[C@H]1C[C@@]2(O)[C@H]3Cc4ccc(O)cc4[C@@]2(CCN3CC2CC2)CC1=O)C1CCCC1,cyclohexyl -> cyclopentyl
ring_size,A,ring_size_060,O=C1CCC(C2CCCCC2)CC1,O=C1CCC(C2CCCC2)CC1,cyclohexyl -> cyclopentyl
ring_size,A,ring_size_061,O=C(NCc1cccc(Cl)c1)[C@@H]1CCCN1C(=O)CCC1CCCC1,O=C(NCc1cccc(Cl)c1)[C@@H]1CCCN1C(=O)CCC1CCCCC1,cyclopentyl -> cyclohexyl
ring_size,A,ring_size_062,COc1cccc2c1CCCC2CCN1CCN(C2CCCCC2)CC1,COc1cccc2c1CCCC2CCN1CCN(C2CCCC2)CC1,cyclohexyl -> cyclopentyl
ring_size,A,ring_size_063,COc1ccc(C(=O)NCC2CCN(C3CCCC3)CC2)cc1OCCc1ccc(Cl)cc1Cl,COc1ccc(C(=O)NCC2CCN(C3CCCCC3)CC2)cc1OCCc1ccc(Cl)cc1Cl,cyclopentyl -> cyclohexyl
ring_size,A,ring_size_064,CC(C)C[C@H](NC(=O)[C@H](Cc1ccccc1)NC(=O)CCCN=C(N)N)C(=O)N[C@@H](CC1CCCCC1)[C@@H](O)c1nccs1,CC(C)C[C@H](NC(=O)[C@H](Cc1ccccc1)NC(=O)CCCN=C(N)N)C(=O)N[C@@H](CC1CCCC1)[C@@H](O)c1nccs1,cyclohexyl -> cyclopentyl
ring_size,A,ring_size_065,O=C(Nc1ncnc2c1cnn2CCN1CCCC1)C1CCCCC1,O=C(Nc1ncnc2c1cnn2CCN1CCCC1)C1CCCC1,cyclohexyl -> cyclopentyl
ring_size,A,ring_size_066,CC(=O)NC(Cc1cc(F)cc(F)c1)C(O)C[NH2+]C1(c2cccc(N3CCCCC3=O)c2)CCCCC1,CC(=O)NC(Cc1cc(F)cc(F)c1)C(O)C[NH2+]C1(c2cccc(N3CCCCC3=O)c2)CCCC1,cyclohexyl -> cyclopentyl
ring_size,A,ring_size_067,N=C(N)NCCC[C@H](NC(=O)[C@@H](CC1CCCCC1)NCCC(=O)O)C(=O)NCc1ccc(C(=N)N)cc1,N=C(N)NCCC[C@H](NC(=O)[C@@H](CC1CCCC1)NCCC(=O)O)C(=O)NCc1ccc(C(=N)N)cc1,cyclohexyl -> cyclopentyl
ring_size,A,ring_size_068,N=C(N)c1ccc2cc(C(=O)Nc3cccc(OC4CCCC4)c3)ccc2c1,N=C(N)c1ccc2cc(C(=O)Nc3cccc(OC4CCCCC4)c3)ccc2c1,cyclopentyl -> cyclohexyl
ring_size,A,ring_size_069,C1CCCCC1,C1CCCC1,cyclohexyl -> cyclopentyl
ring_size,A,ring_size_070,CNC(C)CC1CCCCC1,CNC(C)CC1CCCC1,cyclohexyl -> cyclopentyl
ring_size,A,ring_size_071,O=C(O)c1ccc(Nc2nc3c(-c4cnn(C5CCCC5)c4)cccn3n2)cc1,O=C(O)c1ccc(Nc2nc3c(-c4cnn(C5CCCCC5)c4)cccn3n2)cc1,cyclopentyl -> cyclohexyl
ring_size,A,ring_size_072,Cc1c(C(=O)NCCCCNC(=O)C2CCCCC2)nn(-c2ccc(Cl)cc2Cl)c1-c1ccc(Cl)cc1,Cc1c(C(=O)NCCCCNC(=O)C2CCCC2)nn(-c2ccc(Cl)cc2Cl)c1-c1ccc(Cl)cc1,cyclohexyl -> cyclopentyl
ring_size,A,ring_size_073,COC/C=C/c1cccc(N(Cc2ccc(/C=C/C(=O)OC(C)(C)C)cc2)C(=O)C2CCCCC2)c1,COC/C=C/c1cccc(N(Cc2ccc(/C=C/C(=O)OC(C)(C)C)cc2)C(=O)C2CCCC2)c1,cyclohexyl -> cyclopentyl
ring_size,A,ring_size_074,CO[C@H]1C[C@H](O[C@@H]2C(C)=CC[C@@H]3C[C@@H](C[C@]4(CC[C@H](C)[C@@H](C5CCCCC5)O4)O3)OC(=O)[C@@H]3C=C(C)/C(=N/O)[C@H]4OCC(=CC=C[C@@H]2C)[C@]43O)O[C@@H](C)[C@@H]1O,CO[C@H]1C[C@H](O[C@@H]2C(C)=CC[C@@H]3C[C@@H](C[C@]4(CC[C@H](C)[C@H](C5CCCC5)O4)O3)OC(=O)[C@@H]3C=C(C)/C(=N/O)[C@H]4OCC(=CC=C[C@@H]2C)[C@]43O)O[C@@H](C)[C@@H]1O,cyclohexyl -> cyclopentyl
ring_size,A,ring_size_075,C[C@H]1CN2CCN(CC3CCCCC3)C[C@H]2C[C@@]1(C)c1cccc(O)c1,C[C@H]1CN2CCN(CC3CCCC3)C[C@H]2C[C@@]1(C)c1cccc(O)c1,cyclohexyl -> cyclopentyl
ring_size,A,ring_size_076,CC(=O)NC(Cc1cc(F)cc(F)c1)C(O)C[NH2+]C1(c2cccc(C#N)c2)CCCCC1,CC(=O)NC(Cc1cc(F)cc(F)c1)C(O)C[NH2+]C1(c2cccc(C#N)c2)CCCC1,cyclohexyl -> cyclopentyl
ring_size,A,ring_size_077,CC(=O)N(c1cc(C)cc(C(=O)NCc2cc(Cl)ccc2-n2cnnn2)c1)C1CCCCC1,CC(=O)N(c1cc(C)cc(C(=O)NCc2cc(Cl)ccc2-n2cnnn2)c1)C1CCCC1,cyclohexyl -> cyclopentyl
ring_size,A,ring_size_078,CC(=O)NC(Cc1cc(F)cc(F)c1)C(O)C[NH2+]C1(c2cc(CC(C)(C)C)cs2)CCCCC1,CC(=O)NC(Cc1cc(F)cc(F)c1)C(O)C[NH2+]C1(c2cc(CC(C)(C)C)cs2)CCCC1,cyclohexyl -> cyclopentyl
ring_size,A,ring_size_079,O=C(Nc1cn(CC(=O)N2C[C@H]3CN(CC4CCCCC4)C[C@H]3C2)nc1-c1cc(Cl)ccc1OC(F)F)c1cnn2cccnc12,O=C(Nc1cn(CC(=O)N2C[C@H]3CN(CC4CCCC4)C[C@H]3C2)nc1-c1cc(Cl)ccc1OC(F)F)c1cnn2cccnc12,cyclohexyl -> cyclopentyl
ring_size,A,ring_size_080,CC(C)N1CCN(C(=O)N2CCC(NC(=O)C3CCCC3)CC2)CC1,CC(C)N1CCN(C(=O)N2CCC(NC(=O)C3CCCCC3)CC2)CC1,cyclopentyl -> cyclohexyl
ring_size,A,ring_size_081,CN1C(=O)C2(CC(C)(C)Oc3ccc(C4CCCCC4)cc32)N=C1N,CN1C(=O)C2(CC(C)(C)Oc3ccc(C4CCCC4)cc32)N=C1N,cyclohexyl -> cyclopentyl
ring_size,A,ring_size_082,O=C(Nc1ncnc2c1cnn2CCN1CCCCCC1)NC1CCCCC1,O=C(Nc1ncnc2c1cnn2CCN1CCCCCC1)NC1CCCC1,cyclohexyl -> cyclopentyl
ring_size,A,ring_size_083,c1cc(C2CCCCC2)ccc1OCCCN1CCCCC1,c1cc(C2CCCC2)ccc1OCCCN1CCCCC1,cyclohexyl -> cyclopentyl
ring_size,A,ring_size_084,CC(=O)N(CCCN1[C@@H]2CC[C@H]1C[C@@H](c1cccc(C(N)=O)c1)C2)CC1CCCCC1,CC(=O)N(CCCN1[C@@H]2CC[C@H]1C[C@@H](c1cccc(C(N)=O)c1)C2)CC1CCCC1,cyclohexyl -> cyclopentyl
ring_size,A,ring_size_085,CCCCNC(=O)NCc1ccc(CN2C(=N)NC(CCC3CCCCC3)(CC(C)C)C2=O)cc1,CCCCNC(=O)NCc1ccc(CN2C(=N)NC(CCC3CCCC3)(CC(C)C)C2=O)cc1,cyclohexyl -> cyclopentyl
ring_size,A,ring_size_086,CN1C(=O)C(c2cccc(-c3cccnc3F)c2)(c2cnn(C3CCCC3)c2)N=C1N,CN1C(=O)C(c2cccc(-c3cccnc3F)c2)(c2cnn(C3CCCCC3)c2)N=C1N,cyclopentyl -> cyclohexyl
ring_size,A,ring_size_087,COC(=O)/C=C/c1cccc(N(Cc2ccc(-c3c(OC)cccc3OC)cc2)C(=O)C2CCCCC2)c1,COC(=O)/C=C/c1cccc(N(Cc2ccc(-c3c(OC)cccc3OC)cc2)C(=O)C2CCCC2)c1,cyclohexyl -> cyclopentyl
ring_size,A,ring_size_088,C=C(C)c1cccc(C2([NH2+]CC(O)C(Cc3cc(F)cc(F)c3)NC(C)=O)CCCCC2)c1,C=C(C)c1cccc(C2([NH2+]CC(O)C(Cc3cc(F)cc(F)c3)NC(C)=O)CCCC2)c1,cyclohexyl -> cyclopentyl
ring_size,A,ring_size_089,COc1cc(-c2nc(NC(=O)c3cc4cc(C)cc(C)c4n3CC(=O)O)sc2CCC2CCCCC2)c(OC)cc1Cl,COc1cc(-c2nc(NC(=O)c3cc4cc(C)cc(C)c4n3CC(=O)O)sc2CCC2CCCC2)c(OC)cc1Cl,cyclohexyl -> cyclopentyl
ring_size,A,ring_size_090,CC[N+](CC)(CC)CCOC(=O)C(C1CCCC1)C1CCCC1,CC[N+](CC)(CC)CCOC(=O)C(C1CCCCC1)C1CCCC1,cyclopentyl -> cyclohexyl
ring_size,A,ring_size_091,CC(C)C(=O)N[C@H](C)C(=O)N1CCN(CCCOc2ccc(-c3noc(CC4CCCC4)n3)c(F)c2)CC1,CC(C)C(=O)N[C@H](C)C(=O)N1CCN(CCCOc2ccc(-c3noc(CC4CCCCC4)n3)c(F)c2)CC1,cyclopentyl -> cyclohexyl
ring_size,A,ring_size_092,CNc1ncc(C#CC[C@H](NS(=O)(=O)c2ccc3ccccc3c2)C(=O)N(C)C2CCCC2)cn1,CNc1ncc(C#CC[C@H](NS(=O)(=O)c2ccc3ccccc3c2)C(=O)N(C)C2CCCCC2)cn1,cyclopentyl -> cyclohexyl
ring_size,A,ring_size_093,CNC(c1cccc(O)c1)C(C)(C)C(=O)NCC1CCCCC1,CNC(c1cccc(O)c1)C(C)(C)C(=O)NCC1CCCC1,cyclohexyl -> cyclopentyl
ring_size,A,ring_size_094,CC(=O)N(CCN1[C@@H]2CC[C@H]1C[C@@H](c1cccc(O)c1)C2)CC1CCCCC1,CC(=O)N(CCN1[C@@H]2CC[C@H]1C[C@@H](c1cccc(O)c1)C2)CC1CCCC1,cyclohexyl -> cyclopentyl
ring_size,A,ring_size_095,CN1C(=O)[C@@](c2ccc(OC(F)F)cc2)(c2cccc(C#CC3CCCCC3)c2)N=C1N,CN1C(=O)[C@@](c2ccc(OC(F)F)cc2)(c2cccc(C#CC3CCCC3)c2)N=C1N,cyclohexyl -> cyclopentyl
ring_size,A,ring_size_096,CC1(C)C2CC[C@]1(C)CN(CCCC1CCCCC1)C2,CC1(C)C2CC[C@]1(C)CN(CCCC1CCCC1)C2,cyclohexyl -> cyclopentyl
ring_size,A,ring_size_097,c1cn2c(NC3CCCCC3)c(-c3ccc4[nH]ncc4c3)nc2s1,c1cn2c(NC3CCCC3)c(-c3ccc4[nH]ncc4c3)nc2s1,cyclohexyl -> cyclopentyl
ring_size,A,ring_size_098,Clc1ccc2c(c1)CCc1cccnc1C2=C1CCN(CC2CCCC2)CC1,Clc1ccc2c(c1)CCc1cccnc1C2=C1CCN(CC2CCCCC2)CC1,cyclopentyl -> cyclohexyl
ring_size,A,ring_size_099,NCc1ccc(Cl)cc1CNC(=O)[C@@H]1CCCN1C(=O)[C@@H](CC1CCCCC1)NS(=O)(=O)Cc1ccccc1,NCc1ccc(Cl)cc1CNC(=O)[C@@H]1CCCN1C(=O)[C@@H](CC1CCCC1)NS(=O)(=O)Cc1ccccc1,cyclohexyl -> cyclopentyl
regioisomer,A,regioisomer_000,CCc1ccccc1C,CCc1cccc(C)c1,"ortho vs meta, substituents C / CC"
regioisomer,A,regioisomer_001,Nc1ccccc1O,Nc1cccc(O)c1,"ortho vs meta, substituents O / N"
regioisomer,A,regioisomer_002,Nc1ccccc1F,Nc1cccc(F)c1,"ortho vs meta, substituents N / F"
regioisomer,A,regioisomer_003,CNc1ccccc1N[SH](=O)=O,CNc1cccc(N[SH](=O)=O)c1,"ortho vs meta, substituents S(=O)(=O)N / NC"
regioisomer,A,regioisomer_004,O=COc1ccccc1Cl,O=COc1cccc(Cl)c1,"ortho vs meta, substituents C(=O)O / Cl"
regioisomer,A,regioisomer_005,CCOc1ccccc1Cl,CCOc1cccc(Cl)c1,"ortho vs meta, substituents Cl / OCC"
regioisomer,A,regioisomer_006,CNc1ccccc1NC=O,CNc1cccc(NC=O)c1,"ortho vs meta, substituents C(=O)N / NC"
regioisomer,A,regioisomer_007,O=[SH](=O)Nc1ccccc1C(F)(F)F,O=[SH](=O)Nc1cccc(C(F)(F)F)c1,"ortho vs meta, substituents S(=O)(=O)N / C(F)(F)F"
regioisomer,A,regioisomer_008,NS(=O)(=O)c1ccccc1N[SH](=O)=O,NS(=O)(=O)c1cccc(N[SH](=O)=O)c1,"ortho vs meta, substituents S(=O)(=O)N / S(=O)(=O)N"
regioisomer,A,regioisomer_009,NCc1ccccc1[N+](=O)[O-],NCc1cccc([N+](=O)[O-])c1,"ortho vs meta, substituents NC / [N+](=O)[O-]"
regioisomer,A,regioisomer_010,O=COc1ccccc1F,O=COc1cccc(F)c1,"ortho vs meta, substituents C(=O)O / F"
regioisomer,A,regioisomer_011,N#Cc1ccccc1F,N#Cc1cccc(F)c1,"ortho vs meta, substituents F / C#N"
regioisomer,A,regioisomer_012,NC(=O)c1ccccc1Br,NC(=O)c1cccc(Br)c1,"ortho vs meta, substituents Br / C(=O)N"
regioisomer,A,regioisomer_013,Cc1ccccc1CN,Cc1cccc(CN)c1,"ortho vs meta, substituents NC / C"
regioisomer,A,regioisomer_014,CCc1ccccc1CO,CCc1cccc(CO)c1,"ortho vs meta, substituents OC / CC"
regioisomer,A,regioisomer_015,NS(=O)(=O)c1ccccc1O,NS(=O)(=O)c1cccc(O)c1,"ortho vs meta, substituents O / S(=O)(=O)N"
regioisomer,A,regioisomer_016,CCc1ccccc1F,CCc1cccc(F)c1,"ortho vs meta, substituents F / CC"
regioisomer,A,regioisomer_017,OCCc1ccccc1F,OCCc1cccc(F)c1,"ortho vs meta, substituents OCC / F"
regioisomer,A,regioisomer_018,CCc1ccccc1Br,CCc1cccc(Br)c1,"ortho vs meta, substituents Br / CC"
regioisomer,A,regioisomer_019,Cc1ccccc1N[SH](=O)=O,Cc1cccc(N[SH](=O)=O)c1,"ortho vs meta, substituents S(=O)(=O)N / C"
regioisomer,A,regioisomer_020,O=[N+]([O-])c1ccccc1Br,O=[N+]([O-])c1cccc(Br)c1,"ortho vs meta, substituents Br / [N+](=O)[O-]"
regioisomer,A,regioisomer_021,Brc1ccccc1Br,Brc1cccc(Br)c1,"ortho vs meta, substituents Br / Br"
regioisomer,A,regioisomer_022,COc1ccccc1CCO,COc1cccc(CCO)c1,"ortho vs meta, substituents OCC / OC"
regioisomer,A,regioisomer_023,NCc1ccccc1C(F)(F)F,NCc1cccc(C(F)(F)F)c1,"ortho vs meta, substituents NC / C(F)(F)F"
regioisomer,A,regioisomer_024,O=C(O)c1ccccc1CO,O=C(O)c1cccc(CO)c1,"ortho vs meta, substituents OC / C(=O)O"
regioisomer,A,regioisomer_025,Oc1ccccc1Br,Oc1cccc(Br)c1,"ortho vs meta, substituents Br / O"
regioisomer,A,regioisomer_026,FC(F)(F)c1ccccc1Cl,FC(F)(F)c1cccc(Cl)c1,"ortho vs meta, substituents Cl / C(F)(F)F"
regioisomer,A,regioisomer_027,O=CNc1ccccc1[N+](=O)[O-],O=CNc1cccc([N+](=O)[O-])c1,"ortho vs meta, substituents C(=O)N / [N+](=O)[O-]"
regioisomer,A,regioisomer_028,O=C(O)c1ccccc1Br,O=C(O)c1cccc(Br)c1,"ortho vs meta, substituents Br / C(=O)O"
regioisomer,A,regioisomer_029,CCOc1ccccc1F,CCOc1cccc(F)c1,"ortho vs meta, substituents F / OCC"
regioisomer,A,regioisomer_030,NCc1ccccc1F,NCc1cccc(F)c1,"ortho vs meta, substituents NC / F"
regioisomer,A,regioisomer_031,Nc1ccccc1Br,Nc1cccc(Br)c1,"ortho vs meta, substituents N / Br"
regioisomer,A,regioisomer_032,Nc1ccccc1Cl,Nc1cccc(Cl)c1,"ortho vs meta, substituents Cl / N"
regioisomer,A,regioisomer_033,NC(=O)c1ccccc1Cl,NC(=O)c1cccc(Cl)c1,"ortho vs meta, substituents Cl / C(=O)N"
regioisomer,A,regioisomer_034,CNc1ccccc1Br,CNc1cccc(Br)c1,"ortho vs meta, substituents Br / NC"
regioisomer,A,regioisomer_035,Cc1ccccc1C(F)(F)F,Cc1cccc(C(F)(F)F)c1,"ortho vs meta, substituents C / C(F)(F)F"
regioisomer,A,regioisomer_036,Cc1ccccc1N,Cc1cccc(N)c1,"ortho vs meta, substituents N / C"
regioisomer,A,regioisomer_037,O=CNc1ccccc1Cl,O=CNc1cccc(Cl)c1,"ortho vs meta, substituents C(=O)N / Cl"
regioisomer,A,regioisomer_038,CCc1ccccc1S(N)(=O)=O,CCc1cccc(S(N)(=O)=O)c1,"ortho vs meta, substituents CC / S(=O)(=O)N"
regioisomer,A,regioisomer_039,NS(=O)(=O)c1ccccc1Cl,NS(=O)(=O)c1cccc(Cl)c1,"ortho vs meta, substituents Cl / S(=O)(=O)N"
regioisomer,A,regioisomer_040,O=[SH](=O)Nc1ccccc1Cl,O=[SH](=O)Nc1cccc(Cl)c1,"ortho vs meta, substituents S(=O)(=O)N / Cl"
regioisomer,A,regioisomer_041,CCOc1ccccc1NC=O,CCOc1cccc(NC=O)c1,"ortho vs meta, substituents C(=O)N / OCC"
regioisomer,A,regioisomer_042,Fc1ccccc1Br,Fc1cccc(Br)c1,"ortho vs meta, substituents F / Br"
regioisomer,A,regioisomer_043,N#Cc1ccccc1Cl,N#Cc1cccc(Cl)c1,"ortho vs meta, substituents Cl / C#N"
regioisomer,A,regioisomer_044,COc1ccccc1C,COc1cccc(C)c1,"ortho vs meta, substituents C / OC"
regioisomer,A,regioisomer_045,N#Cc1ccccc1OC=O,N#Cc1cccc(OC=O)c1,"ortho vs meta, substituents C(=O)O / C#N"
regioisomer,A,regioisomer_046,CCc1ccccc1C(F)(F)F,CCc1cccc(C(F)(F)F)c1,"ortho vs meta, substituents CC / C(F)(F)F"
regioisomer,A,regioisomer_047,Cc1ccccc1Cl,Cc1cccc(Cl)c1,"ortho vs meta, substituents Cl / C"
regioisomer,A,regioisomer_048,Oc1ccccc1Cl,Oc1cccc(Cl)c1,"ortho vs meta, substituents O / Cl"
regioisomer,A,regioisomer_049,O=COc1ccccc1C(=O)O,O=COc1cccc(C(=O)O)c1,"ortho vs meta, substituents C(=O)O / C(=O)O"
regioisomer,A,regioisomer_050,Nc1ccccc1S(N)(=O)=O,Nc1cccc(S(N)(=O)=O)c1,"ortho vs meta, substituents N / S(=O)(=O)N"
regioisomer,A,regioisomer_051,CCc1ccccc1Br,CCc1cccc(Br)c1,"ortho vs meta, substituents CC / Br"
regioisomer,A,regioisomer_052,CCOc1ccccc1N[SH](=O)=O,CCOc1cccc(N[SH](=O)=O)c1,"ortho vs meta, substituents S(=O)(=O)N / OCC"
regioisomer,A,regioisomer_053,O=[N+]([O-])c1ccccc1CCO,O=[N+]([O-])c1cccc(CCO)c1,"ortho vs meta, substituents OCC / [N+](=O)[O-]"
regioisomer,A,regioisomer_054,CCc1ccccc1OC=O,CCc1cccc(OC=O)c1,"ortho vs meta, substituents C(=O)O / CC"
regioisomer,A,regioisomer_055,NCc1ccccc1Cl,NCc1cccc(Cl)c1,"ortho vs meta, substituents NC / Cl"
regioisomer,A,regioisomer_056,Nc1ccccc1OC=O,Nc1cccc(OC=O)c1,"ortho vs meta, substituents C(=O)O / N"
regioisomer,A,regioisomer_057,CNc1ccccc1CO,CNc1cccc(CO)c1,"ortho vs meta, substituents OC / NC"
regioisomer,A,regioisomer_058,Oc1ccccc1F,Oc1cccc(F)c1,"ortho vs meta, substituents F / O"
regioisomer,A,regioisomer_059,CCc1ccccc1C(=O)O,CCc1cccc(C(=O)O)c1,"ortho vs meta, substituents CC / C(=O)O"
regioisomer,A,regioisomer_060,CCOc1ccccc1CN,CCOc1cccc(CN)c1,"ortho vs meta, substituents NC / OCC"
regioisomer,A,regioisomer_061,NS(=O)(=O)c1ccccc1NC=O,NS(=O)(=O)c1cccc(NC=O)c1,"ortho vs meta, substituents C(=O)N / S(=O)(=O)N"
regioisomer,A,regioisomer_062,N#Cc1ccccc1O,N#Cc1cccc(O)c1,"ortho vs meta, substituents O / C#N"
regioisomer,A,regioisomer_063,COc1ccccc1O,COc1cccc(O)c1,"ortho vs meta, substituents O / OC"
regioisomer,A,regioisomer_064,Cc1ccccc1F,Cc1cccc(F)c1,"ortho vs meta, substituents C / F"
regioisomer,A,regioisomer_065,Cc1ccccc1CCO,Cc1cccc(CCO)c1,"ortho vs meta, substituents OCC / C"
regioisomer,A,regioisomer_066,OCc1ccccc1C(F)(F)F,OCc1cccc(C(F)(F)F)c1,"ortho vs meta, substituents OC / C(F)(F)F"
regioisomer,A,regioisomer_067,Cc1ccccc1C(N)=O,Cc1cccc(C(N)=O)c1,"ortho vs meta, substituents C / C(=O)N"
regioisomer,A,regioisomer_068,Clc1ccccc1Br,Clc1cccc(Br)c1,"ortho vs meta, substituents Br / Cl"
regioisomer,A,regioisomer_069,OCc1ccccc1Br,OCc1cccc(Br)c1,"ortho vs meta, substituents OC / Br"
regioisomer,A,regioisomer_070,Cc1ccccc1CO,Cc1cccc(CO)c1,"ortho vs meta, substituents OC / C"
regioisomer,A,regioisomer_071,Cc1ccccc1NC=O,Cc1cccc(NC=O)c1,"ortho vs meta, substituents C(=O)N / C"
regioisomer,A,regioisomer_072,OCCc1ccccc1O,OCCc1cccc(O)c1,"ortho vs meta, substituents OCC / O"
regioisomer,A,regioisomer_073,O=[N+]([O-])c1ccccc1O,O=[N+]([O-])c1cccc(O)c1,"ortho vs meta, substituents O / [N+](=O)[O-]"
regioisomer,A,regioisomer_074,CCc1ccccc1NC=O,CCc1cccc(NC=O)c1,"ortho vs meta, substituents C(=O)N / CC"
regioisomer,A,regioisomer_075,CCOc1ccccc1O,CCOc1cccc(O)c1,"ortho vs meta, substituents O / OCC"
regioisomer,A,regioisomer_076,CNc1ccccc1OC=O,CNc1cccc(OC=O)c1,"ortho vs meta, substituents C(=O)O / NC"
regioisomer,A,regioisomer_077,Fc1ccccc1F,Fc1cccc(F)c1,"ortho vs meta, substituents F / F"
regioisomer,A,regioisomer_078,CNc1ccccc1CN,CNc1cccc(CN)c1,"ortho vs meta, substituents NC / NC"
regioisomer,A,regioisomer_079,O=[SH](=O)Nc1ccccc1O,O=[SH](=O)Nc1cccc(O)c1,"ortho vs meta, substituents S(=O)(=O)N / O"
regioisomer,A,regioisomer_080,Cc1ccccc1O,Cc1cccc(O)c1,"ortho vs meta, substituents C / O"
regioisomer,A,regioisomer_081,NS(=O)(=O)c1ccccc1CO,NS(=O)(=O)c1cccc(CO)c1,"ortho vs meta, substituents OC / S(=O)(=O)N"
regioisomer,A,regioisomer_082,CNc1ccccc1O,CNc1cccc(O)c1,"ortho vs meta, substituents O / NC"
regioisomer,A,regioisomer_083,CNc1ccccc1N,CNc1cccc(N)c1,"ortho vs meta, substituents N / NC"
regioisomer,A,regioisomer_084,Cc1ccccc1C#N,Cc1cccc(C#N)c1,"ortho vs meta, substituents C / C#N"
regioisomer,A,regioisomer_085,CCOc1ccccc1C,CCOc1cccc(C)c1,"ortho vs meta, substituents C / OCC"
regioisomer,A,regioisomer_086,Nc1ccccc1CO,Nc1cccc(CO)c1,"ortho vs meta, substituents OC / N"
regioisomer,A,regioisomer_087,COc1ccccc1Br,COc1cccc(Br)c1,"ortho vs meta, substituents Br / OC"
regioisomer,A,regioisomer_088,CCOc1ccccc1CCO,CCOc1cccc(CCO)c1,"ortho vs meta, substituents OCC / OCC"
regioisomer,A,regioisomer_089,CCc1ccccc1O,CCc1cccc(O)c1,"ortho vs meta, substituents CC / O"
regioisomer,A,regioisomer_090,OCc1ccccc1O,OCc1cccc(O)c1,"ortho vs meta, substituents OC / O"
regioisomer,A,regioisomer_091,NCc1ccccc1C(N)=O,NCc1cccc(C(N)=O)c1,"ortho vs meta, substituents NC / C(=O)N"
regioisomer,A,regioisomer_092,CCc1ccccc1C#N,CCc1cccc(C#N)c1,"ortho vs meta, substituents CC / C#N"
regioisomer,A,regioisomer_093,NC(=O)c1ccccc1CCO,NC(=O)c1cccc(CCO)c1,"ortho vs meta, substituents OCC / C(=O)N"
regioisomer,A,regioisomer_094,Clc1ccccc1Cl,Clc1cccc(Cl)c1,"ortho vs meta, substituents Cl / Cl"
regioisomer,A,regioisomer_095,Oc1ccccc1C(F)(F)F,Oc1cccc(C(F)(F)F)c1,"ortho vs meta, substituents O / C(F)(F)F"
regioisomer,A,regioisomer_096,Cc1ccccc1Cl,Cc1cccc(Cl)c1,"ortho vs meta, substituents C / Cl"
regioisomer,A,regioisomer_097,COc1ccccc1OC=O,COc1cccc(OC=O)c1,"ortho vs meta, substituents C(=O)O / OC"
regioisomer,A,regioisomer_098,COc1ccccc1N[SH](=O)=O,COc1cccc(N[SH](=O)=O)c1,"ortho vs meta, substituents S(=O)(=O)N / OC"
regioisomer,A,regioisomer_099,N#Cc1ccccc1CO,N#Cc1cccc(CO)c1,"ortho vs meta, substituents OC / C#N"
matched_mw,A,matched_mw_000,O=CC=O,CCC=O,"different molecules, MW 58.04 vs 58.08, Tanimoto 0.27"
matched_mw,A,matched_mw_001,CNC(C)=O,CN=C=S,"different molecules, MW 73.09 vs 73.12, Tanimoto 0.06"
matched_mw,A,matched_mw_002,CN=C=S,CCCCN,"different molecules, MW 73.12 vs 73.14, Tanimoto 0.05"
matched_mw,A,matched_mw_003,COC(C)=O,OCC1CO1,"different molecules, MW 74.08 vs 74.08, Tanimoto 0.05"
matched_mw,A,matched_mw_004,CC(=O)[O-].[Na+],C=CCCC=C,"different molecules, MW 82.03 vs 82.15, Tanimoto 0.00"
matched_mw,A,matched_mw_005,ClCCl,C1CCNCC1,"different molecules, MW 84.93 vs 85.15, Tanimoto 0.00"
matched_mw,A,matched_mw_006,C1COCCO1,CC(C)CCO,"different molecules, MW 88.11 vs 88.15, Tanimoto 0.00"
matched_mw,A,matched_mw_007,CCNCCO,[C-]#N.[Cu+],"different molecules, MW 89.14 vs 89.56, Tanimoto 0.00"
matched_mw,A,matched_mw_008,CC(O)C(=O)O,C1OCOCO1,"different molecules, MW 90.08 vs 90.08, Tanimoto 0.00"
matched_mw,A,matched_mw_009,C1OCOCO1,CCOCCO,"different molecules, MW 90.08 vs 90.12, Tanimoto 0.00"
matched_mw,A,matched_mw_010,CCOCCO,CC(O)CCO,"different molecules, MW 90.12 vs 90.12, Tanimoto 0.23"
matched_mw,A,matched_mw_011,CC(O)CCO,COCCOC,"different molecules, MW 90.12 vs 90.12, Tanimoto 0.11"
matched_mw,A,matched_mw_012,Cc1ccccn1,O=C([O-])CCl,"different molecules, MW 93.13 vs 93.49, Tanimoto 0.00"
matched_mw,A,matched_mw_013,Fc1ccccc1,O=C1C=CCCC1,"different molecules, MW 96.10 vs 96.13, Tanimoto 0.08"
matched_mw,A,matched_mw_014,C=C(C)C(=O)OC,O=C1CCCCO1,"different molecules, MW 100.12 vs 100.12, Tanimoto 0.03"
matched_mw,A,matched_mw_015,CN1CCOCC1,CCCCNCC,"different molecules, MW 101.15 vs 101.19, Tanimoto 0.04"
matched_mw,A,matched_mw_016,CC(C)(C)OC=O,CCC(C)C(=O)O,"different molecules, MW 102.13 vs 102.13, Tanimoto 0.08"
matched_mw,A,matched_mw_017,CCC(C)C(=O)O,CCCOCCC,"different molecules, MW 102.13 vs 102.18, Tanimoto 0.14"
matched_mw,A,matched_mw_018,CCCOCCC,CCCCCCO,"different molecules, MW 102.18 vs 102.18, Tanimoto 0.21"
matched_mw,A,matched_mw_019,CC(C)OCCO,CNC(=S)NC,"different molecules, MW 104.15 vs 104.18, Tanimoto 0.09"
matched_mw,A,matched_mw_020,CCBr,Nc1ccc(O)cc1,"different molecules, MW 108.97 vs 109.13, Tanimoto 0.00"
matched_mw,A,matched_mw_021,Nc1ccc(O)cc1,OCc1ccccn1,"different molecules, MW 109.13 vs 109.13, Tanimoto 0.14"
matched_mw,A,matched_mw_022,CC1CCC(=O)C1=O,O=C1CCCC(=O)C1,"different molecules, MW 112.13 vs 112.13, Tanimoto 0.21"
matched_mw,A,matched_mw_023,O=C1CCCC(=O)C1,C=C(C)CC(C)(C)C,"different molecules, MW 112.13 vs 112.22, Tanimoto 0.00"
matched_mw,A,matched_mw_024,C=C(C)C(=O)OCC,COC1CCC=CO1,"different molecules, MW 114.14 vs 114.14, Tanimoto 0.05"
matched_mw,A,matched_mw_025,COC1CCC=CO1,C[N+]1(C)CCCCC1,"different molecules, MW 114.14 vs 114.21, Tanimoto 0.07"
matched_mw,A,matched_mw_026,C[N+]1(C)CCCCC1,CCCCCCCC,"different molecules, MW 114.21 vs 114.23, Tanimoto 0.06"
matched_mw,A,matched_mw_027,O=C(O)CCC(=O)O,CCCOCC(C)O,"different molecules, MW 118.09 vs 118.18, Tanimoto 0.08"
matched_mw,A,matched_mw_028,CCCOCC(C)O,C=C(C)c1ccccc1,"different molecules, MW 118.18 vs 118.18, Tanimoto 0.06"
matched_mw,A,matched_mw_029,N#CCBr,COCCOCCO,"different molecules, MW 119.95 vs 120.15, Tanimoto 0.04"
matched_mw,A,matched_mw_030,COCCOCCO,N=C(N)c1ccccc1,"different molecules, MW 120.15 vs 120.15, Tanimoto 0.03"
matched_mw,A,matched_mw_031,N=C(N)c1ccccc1,COC(=O)CCS,"different molecules, MW 120.15 vs 120.17, Tanimoto 0.03"
matched_mw,A,matched_mw_032,COC(=O)CCS,CC=C1CC2C=CC1C2,"different molecules, MW 120.17 vs 120.19, Tanimoto 0.03"
matched_mw,A,matched_mw_033,CC=C1CC2C=CC1C2,NC(=S)C(N)=S,"different molecules, MW 120.19 vs 120.20, Tanimoto 0.00"
matched_mw,A,matched_mw_034,NC(=S)C(N)=S,CCCCC(=O)Cl,"different molecules, MW 120.20 vs 120.58, Tanimoto 0.05"
matched_mw,A,matched_mw_035,CC(=O)c1ccccn1,Cc1ccc(N)c(C)c1,"different molecules, MW 121.14 vs 121.18, Tanimoto 0.12"
matched_mw,A,matched_mw_036,O=C/C=C/c1ccco1,Cc1ccc(N)c(N)c1,"different molecules, MW 122.12 vs 122.17, Tanimoto 0.09"
matched_mw,A,matched_mw_037,CC(C)Br,COc1ccccc1N,"different molecules, MW 122.99 vs 123.15, Tanimoto 0.04"
matched_mw,A,matched_mw_038,COc1ccccc1N,C=CCn1cc[n+](C)c1,"different molecules, MW 123.15 vs 123.18, Tanimoto 0.05"
matched_mw,A,matched_mw_039,COP(C)(=O)OC,COc1ccccc1O,"different molecules, MW 124.08 vs 124.14, Tanimoto 0.12"
matched_mw,A,matched_mw_040,COc1ccccc1O,CCSCCCl,"different molecules, MW 124.14 vs 124.64, Tanimoto 0.03"
matched_mw,A,matched_mw_041,CCSCCCl,C=CC(Cl)CCl,"different molecules, MW 124.64 vs 125.00, Tanimoto 0.12"
matched_mw,A,matched_mw_042,C=CC(Cl)CCl,ClCC=CCCl,"different molecules, MW 125.00 vs 125.00, Tanimoto 0.22"
matched_mw,A,matched_mw_043,COS(=O)(=O)OC,CC=CC(=O)CCCC,"different molecules, MW 126.13 vs 126.20, Tanimoto 0.07"
matched_mw,A,matched_mw_044,CC=CC(=O)CCCC,C#CC(O)CCCCC,"different molecules, MW 126.20 vs 126.20, Tanimoto 0.21"
matched_mw,A,matched_mw_045,CCC(Cl)CCl,C[n+]1ccn(CCO)c1,"different molecules, MW 127.01 vs 127.17, Tanimoto 0.06"
matched_mw,A,matched_mw_046,N#Cc1cccc(C#N)c1,O=c1cc[nH]c(=S)[nH]1,"different molecules, MW 128.13 vs 128.16, Tanimoto 0.10"
matched_mw,A,matched_mw_047,O=c1cc[nH]c(=S)[nH]1,C=CC(=O)OCC(C)C,"different molecules, MW 128.16 vs 128.17, Tanimoto 0.03"
matched_mw,A,matched_mw_048,C=CC(=O)OCC(C)C,CCCC1CCC(=O)O1,"different molecules, MW 128.17 vs 128.17, Tanimoto 0.07"
matched_mw,A,matched_mw_049,CCCC1CCC(=O)O1,CCCCCC(=O)CC,"different molecules, MW 128.17 vs 128.21, Tanimoto 0.14"
matched_mw,A,matched_mw_050,C=CC(O)CCCCC,Oc1ccc(Cl)cc1,"different molecules, MW 128.22 vs 128.56, Tanimoto 0.03"
matched_mw,A,matched_mw_051,O=c1[nH]cc(F)c(=O)[nH]1,C=C(C)C(=O)OCCO,"different molecules, MW 130.08 vs 130.14, Tanimoto 0.03"
matched_mw,A,matched_mw_052,C=C(C)C(=O)OCCO,c1ccc2cnncc2c1,"different molecules, MW 130.14 vs 130.15, Tanimoto 0.00"
matched_mw,A,matched_mw_053,c1ccc2cnncc2c1,CCCCCOC(C)=O,"different molecules, MW 130.15 vs 130.19, Tanimoto 0.00"
matched_mw,A,matched_mw_054,CCCCCOC(C)=O,CC(C)CCCC(=O)O,"different molecules, MW 130.19 vs 130.19, Tanimoto 0.19"
matched_mw,A,matched_mw_055,CC(C)CCCC(=O)O,CCC(C)OC(C)CC,"different molecules, MW 130.19 vs 130.23, Tanimoto 0.15"
matched_mw,A,matched_mw_056,CC(O)CNCC(C)O,O=C1CCC(=O)N1Cl,"different molecules, MW 133.19 vs 133.53, Tanimoto 0.00"
matched_mw,A,matched_mw_057,O=C1CCC(=O)N1Cl,ClCCN1CCCC1,"different molecules, MW 133.53 vs 133.62, Tanimoto 0.12"
matched_mw,A,matched_mw_058,NC(=O)c1ccc(N)cc1,CC(C)c1ccccc1O,"different molecules, MW 136.15 vs 136.19, Tanimoto 0.13"
matched_mw,A,matched_mw_059,CC(C)c1ccccc1O,Cc1ccc(C)c(O)c1C,"different molecules, MW 136.19 vs 136.19, Tanimoto 0.22"
matched_mw,A,matched_mw_060,Cc1ccc(C)c(O)c1C,C=C1C2CCC(C2)C1(C)C,"different molecules, MW 136.19 vs 136.24, Tanimoto 0.06"
matched_mw,A,matched_mw_061,BrCC1CO1,NCCc1ccc(O)cc1,"different molecules, MW 136.98 vs 137.18, Tanimoto 0.03"
matched_mw,A,matched_mw_062,NCCc1ccc(O)cc1,CCOc1ccc(N)cc1,"different molecules, MW 137.18 vs 137.18, Tanimoto 0.19"
matched_mw,A,matched_mw_063,CCOc1ccc(N)cc1,[Ba+2],"different molecules, MW 137.18 vs 137.33, Tanimoto 0.00"
matched_mw,A,matched_mw_064,O=C(O)c1cccc(O)c1,CC(=O)c1cc(C)oc1C,"different molecules, MW 138.12 vs 138.17, Tanimoto 0.17"
matched_mw,A,matched_mw_065,CC(=O)c1cc(C)oc1C,COc1cc(C)ccc1O,"different molecules, MW 138.17 vs 138.17, Tanimoto 0.17"
matched_mw,A,matched_mw_066,COc1cc(C)ccc1O,[NH3+]CCc1ccc(O)cc1,"different molecules, MW 138.17 vs 138.19, Tanimoto 0.15"
matched_mw,A,matched_mw_067,[NH3+]CCc1ccc(O)cc1,CCCCCc1ccco1,"different molecules, MW 138.19 vs 138.21, Tanimoto 0.14"
matched_mw,A,matched_mw_068,CCCCCc1ccco1,CC(C)=CC(=O)C=C(C)C,"different molecules, MW 138.21 vs 138.21, Tanimoto 0.03"
matched_mw,A,matched_mw_069,CC(C)=CC(=O)C=C(C)C,CC1CCC2CC1C2(C)C,"different molecules, MW 138.21 vs 138.25, Tanimoto 0.03"
matched_mw,A,matched_mw_070,OCCCBr,Cc1c(O)c(=O)ccn1C,"different molecules, MW 138.99 vs 139.15, Tanimoto 0.03"
matched_mw,A,matched_mw_071,C=C(C)C(=O)OCCCC,CC(CC=O)CC(C)(C)C,"different molecules, MW 142.20 vs 142.24, Tanimoto 0.08"
matched_mw,A,matched_mw_072,CC(CC=O)CC(C)(C)C,CC(=O)[O-].CC(=O)[O-].[Mg+2],"different molecules, MW 142.24 vs 142.39, Tanimoto 0.08"
matched_mw,A,matched_mw_073,Oc1cccc2ccccc12,O=P(O)(O)CCCl,"different molecules, MW 144.17 vs 144.49, Tanimoto 0.07"
matched_mw,A,matched_mw_074,O=P(O)(O)CCCl,C#CC(O)(/C=C\Cl)CC,"different molecules, MW 144.49 vs 144.60, Tanimoto 0.09"
matched_mw,A,matched_mw_075,O=c1[nH]cnc2ccccc12,c1ccc(-c2nnn[nH]2)cc1,"different molecules, MW 146.15 vs 146.15, Tanimoto 0.19"
matched_mw,A,matched_mw_076,C[N+](C)(C)CCOC(N)=O,ClCC(Cl)CCl,"different molecules, MW 147.20 vs 147.43, Tanimoto 0.04"
matched_mw,A,matched_mw_077,CN(C)c1ccc(C=O)cc1,CC(=O)Nc1ccc(C)cc1,"different molecules, MW 149.19 vs 149.19, Tanimoto 0.15"
matched_mw,A,matched_mw_078,CC(=O)Nc1ccc(C)cc1,CC(C)(C)c1ccc(N)cc1,"different molecules, MW 149.19 vs 149.24, Tanimoto 0.12"
matched_mw,A,matched_mw_079,c1ccc(OCC2CO2)cc1,CC(=O)Nc1cccc(N)c1,"different molecules, MW 150.18 vs 150.18, Tanimoto 0.09"
matched_mw,A,matched_mw_080,CC(=O)Nc1cccc(N)c1,CCC(C)c1ccccc1O,"different molecules, MW 150.18 vs 150.22, Tanimoto 0.15"
matched_mw,A,matched_mw_081,CCC(C)c1ccccc1O,C=C(C)C1CC=C(C)C(=O)C1,"different molecules, MW 150.22 vs 150.22, Tanimoto 0.09"
matched_mw,A,matched_mw_082,O=Cc1ccc([N+](=O)[O-])cc1,O=C1NC(=O)[C@@H]2CC=CC[C@H]12,"different molecules, MW 151.12 vs 151.16, Tanimoto 0.09"
matched_mw,A,matched_mw_083,O=C1NC(=O)[C@@H]2CC=CC[C@H]12,NC12CC3CC(CC(C3)C1)C2,"different molecules, MW 151.16 vs 151.25, Tanimoto 0.11"
matched_mw,A,matched_mw_084,CCOP(=O)([O-])C(N)=O,CCCCCC1=CCCC1=O,"different molecules, MW 152.07 vs 152.24, Tanimoto 0.10"
matched_mw,A,matched_mw_085,Nc1ccc(N)c([N+](=O)[O-])c1,COc1ccc(N)c(OC)c1,"different molecules, MW 153.14 vs 153.18, Tanimoto 0.23"
matched_mw,A,matched_mw_086,COc1ccc(N)c(OC)c1,CCCCCCCCCC#N,"different molecules, MW 153.18 vs 153.27, Tanimoto 0.03"
matched_mw,A,matched_mw_087,CCCCCCCCCC#N,Clc1ccc2[nH]nnc2c1,"different molecules, MW 153.27 vs 153.57, Tanimoto 0.00"
matched_mw,A,matched_mw_088,CC(C)(C)C1CCC(=O)CC1,CC1=CCC(O)(C(C)C)CC1,"different molecules, MW 154.25 vs 154.25, Tanimoto 0.11"
matched_mw,A,matched_mw_089,CC1=CCC(O)(C(C)C)CC1,CC(C)[C@@H]1CC[C@@H](C)CC1=O,"different molecules, MW 154.25 vs 154.25, Tanimoto 0.12"
matched_mw,A,matched_mw_090,CC(C)(CCl)C(=O)Cl,ClCCCCCCCl,"different molecules, MW 155.02 vs 155.07, Tanimoto 0.14"
matched_mw,A,matched_mw_091,ClCCCCCCCl,OC[P+](CO)(CO)CO,"different molecules, MW 155.07 vs 155.11, Tanimoto 0.07"
matched_mw,A,matched_mw_092,Cc1ccc(C)c2ccccc12,CC(C)(C)C1CCCCC1O,"different molecules, MW 156.23 vs 156.27, Tanimoto 0.07"
matched_mw,A,matched_mw_093,CC(C)(C)C1CCCCC1O,CCCCCCCCCC=O,"different molecules, MW 156.27 vs 156.27, Tanimoto 0.03"
matched_mw,A,matched_mw_094,Nc1nc(CC(=O)O)cs1,COc1ccc2ccccc2c1,"different molecules, MW 158.18 vs 158.20, Tanimoto 0.07"
matched_mw,A,matched_mw_095,COc1ccc2ccccc2c1,CCCCCOC(=O)CCC,"different molecules, MW 158.20 vs 158.24, Tanimoto 0.05"
matched_mw,A,matched_mw_096,CN/C=N/c1ccc(C)cc1C,CC(C)c1cccc(C(C)C)c1,"different molecules, MW 162.24 vs 162.28, Tanimoto 0.14"
matched_mw,A,matched_mw_097,Oc1cc(Cl)cc(Cl)c1,Oc1c(Cl)cccc1Cl,"different molecules, MW 163.00 vs 163.00, Tanimoto 0.29"
matched_mw,A,matched_mw_098,Oc1c(Cl)cccc1Cl,O=c1[nH]c(=O)c2ccccc2o1,"different molecules, MW 163.00 vs 163.13, Tanimoto 0.12"
matched_mw,A,matched_mw_099,O=c1[nH]c(=O)c2ccccc2o1,O=C1NC(=O)[C@H]2[C@@H]1[C@@H]1C=C[C@H]2C1,"different molecules, MW 163.13 vs 163.18, Tanimoto 0.14"
matched_descriptors,A,matched_descriptors_000,C[C@@H]1CCCN1CCCOc1ccc(-c2cccn(C)c2=O)cc1,CC(C)N1CCC(Oc2ccc(-c3ccc(=O)n(C)n3)cc2)CC1,"nearest neighbours in 217-descriptor space, z-distance 4.43, Tanimoto 0.24"
matched_descriptors,A,matched_descriptors_001,c1ccc(-c2n[nH]c3cnc(-c4cncnc4)cc23)cc1,c1ccc(CNc2cc(-c3c[nH]c4ncccc34)ncn2)cc1,"nearest neighbours in 217-descriptor space, z-distance 4.71, Tanimoto 0.25"
matched_descriptors,A,matched_descriptors_002,CCN(CCCN1CCCCC1)c1ccnc2ccccc12,Clc1ccc2c(NCCCCN3CCCCC3)ccnc2c1,"nearest neighbours in 217-descriptor space, z-distance 4.99, Tanimoto 0.37"
matched_descriptors,A,matched_descriptors_003,NCCc1ccc(O)cc1,Oc1ccc(Cl)cc1,"nearest neighbours in 217-descriptor space, z-distance 5.05, Tanimoto 0.35"
matched_descriptors,A,matched_descriptors_004,O=C(Nc1cccc(OCc2ccc(Cl)cc2)c1)C1CCN(c2ccncc2)CC1,O=C(NCC1CCN(c2ccncc2)CC1)c1ccc(F)c(OCCc2cccc(Cl)c2)c1,"nearest neighbours in 217-descriptor space, z-distance 5.15, Tanimoto 0.40"
matched_descriptors,A,matched_descriptors_005,O=C(NCCCCN1CCN(c2ccccc2F)CC1)c1ccc2ccccc2c1,O=C(Cc1ccccc1)Nc1ccc(CCN2CCN(c3ccccc3)CC2)cc1,"nearest neighbours in 217-descriptor space, z-distance 5.19, Tanimoto 0.27"
matched_descriptors,A,matched_descriptors_006,CN(C)C(=O)N(Cc1ccccc1-c1ccccc1)[C@H]1CCNC1,O=C(NCc1ccccc1)NC1CCN(Cc2ccccc2)CC1,"nearest neighbours in 217-descriptor space, z-distance 5.27, Tanimoto 0.20"
matched_descriptors,A,matched_descriptors_007,CN(Cc1ccc(C(C)(C)C)cc1)Cc1cccc2ccccc12,c1ccc(CCCCNCC2c3ccccc3Cc3ccccc32)cc1,"nearest neighbours in 217-descriptor space, z-distance 5.28, Tanimoto 0.13"
matched_descriptors,A,matched_descriptors_008,Cc1ccc(-n2nccn2)c(C(=O)N2C[C@H](C#Cc3ccc(F)cn3)CC[C@H]2C)c1,Cc1cccc(N2C[C@@H]3CCN(C(=O)c4cc(F)ccc4-n4nccn4)C[C@@H]32)n1,"nearest neighbours in 217-descriptor space, z-distance 5.33, Tanimoto 0.37"
matched_descriptors,A,matched_descriptors_009,N=C(N)c1cccc(CNC(=O)c2cn(Cc3cccc(C(=N)N)c3)c3ccccc23)c1,N=C(N)c1ccc(CCC(CC(=O)n2cccc2)c2cccc(C(=N)N)c2)cc1,"nearest neighbours in 217-descriptor space, z-distance 5.35, Tanimoto 0.30"
matched_descriptors,A,matched_descriptors_010,CCCN(CCC)C1CCc2cc3c(cc2C1)OCC3,c1cc2c(c(OCCCN3CCCCC3)c1)CNCC2,"nearest neighbours in 217-descriptor space, z-distance 5.40, Tanimoto 0.08"
matched_descriptors,A,matched_descriptors_011,Cc1cc(-c2ncnc3[nH]ccc23)ccc1F,CN(C)CCCc1c[nH]c2ccc(F)cc12,"nearest neighbours in 217-descriptor space, z-distance 5.42, Tanimoto 0.17"
matched_descriptors,A,matched_descriptors_012,CCNC(=O)NCc1cccc(Cl)c1,CC(C)c1ccc(NC(=O)N(C)C)cc1,"nearest neighbours in 217-descriptor space, z-distance 5.42, Tanimoto 0.19"
matched_descriptors,A,matched_descriptors_013,Cc1ccc(N2CCN(Cc3ccc4ccc(=O)oc4c3)CC2)cc1Cl,Cc1ccc2c3c(c(=O)oc2c1)CN(Cc1ccc(Cl)cc1)CC3,"nearest neighbours in 217-descriptor space, z-distance 5.51, Tanimoto 0.32"
matched_descriptors,A,matched_descriptors_014,CN(C)c1ccc(C=O)cc1,COc1ccc2cc(C=O)ccc2c1,"nearest neighbours in 217-descriptor space, z-distance 5.56, Tanimoto 0.34"
matched_descriptors,A,matched_descriptors_015,O=C(CC1CC1)Nc1cc(NC(=O)c2c(Cl)cccc2Cl)ccn1,O=C(Nc1nccc2nn(-c3c(Cl)cccc3Cl)cc12)C1CC1,"nearest neighbours in 217-descriptor space, z-distance 5.57, Tanimoto 0.31"
matched_descriptors,A,matched_descriptors_016,Cc1ccc2c(N3CCN(CCc4ccc5c(c4)NC(=O)CO5)CC3)cccc2n1,O=C1NCc2ccc(OCCCCN3CCN(c4cccc5c4CCOC5)CC3)cc21,"nearest neighbours in 217-descriptor space, z-distance 5.59, Tanimoto 0.27"
matched_descriptors,A,matched_descriptors_017,O=C1c2ccc(-c3ccc(F)cc3)cc2CCN1CCN1CCCC1,C[C@@H]1CCCN1CCc1ccc2cc(-n3ncccc3=O)ccc2c1,"nearest neighbours in 217-descriptor space, z-distance 5.60, Tanimoto 0.16"
matched_descriptors,A,matched_descriptors_018,CCOC(Cc1ccc2c(ccn2Cc2nc(-c3ccc(F)c(C)c3)oc2C)c1)C(=O)O,Cc1oc(-c2ccccc2)nc1CCOc1ccc(C[C@@H](C(=O)O)n2cccc2)cc1,"nearest neighbours in 217-descriptor space, z-distance 5.62, Tanimoto 0.39"
matched_descriptors,A,matched_descriptors_019,CCCCCOC(C)=O,CC(C)(C)OC=O,"nearest neighbours in 217-descriptor space, z-distance 5.74, Tanimoto 0.10"
matched_descriptors,A,matched_descriptors_020,Cc1c2c(cc3c(C(F)(F)F)cc(=O)n(C)c13)C(C)CC(C)(C)N2,CC1Cc2cc3c(C(F)(F)F)cc(O)nc3cc2NC1(C)C,"nearest neighbours in 217-descriptor space, z-distance 5.75, Tanimoto 0.28"
matched_descriptors,A,matched_descriptors_021,c1ccc(CCCN2CCC(Cc3c[nH]cn3)CC2)cc1,c1c[nH]c(-c2ccc(OCCCN3CCCCC3)cc2)n1,"nearest neighbours in 217-descriptor space, z-distance 5.77, Tanimoto 0.24"
matched_descriptors,A,matched_descriptors_022,CCCCc1ccc(-c2n[nH]c3cnc(-c4cccnc4)cc23)nc1N1CCC[C@H](N)C1,CCc1cncc(-c2cc3c(cn2)cnn3-c2ccc(C3CC3)c(N3CCC[C@H](N)C3)n2)c1,"nearest neighbours in 217-descriptor space, z-distance 5.77, Tanimoto 0.36"
matched_descriptors,A,matched_descriptors_023,Cc1c(C)n(Cc2ccc(OCCCN3CCCCC3)cc2)c(=O)[nH]c1=O,Cc1cc(=O)[nH]nc1-c1ccc(OCCCN2CCC[C@H]2C)cc1,"nearest neighbours in 217-descriptor space, z-distance 5.81, Tanimoto 0.32"
matched_descriptors,A,matched_descriptors_024,Clc1ccc(N2CCN(Cc3ccc4ccnn4c3)CC2)cc1,C[C@H](CNc1cncc(Cl)n1)N1CCN(c2ccccc2)CC1,"nearest neighbours in 217-descriptor space, z-distance 5.87, Tanimoto 0.24"
matched_descriptors,A,matched_descriptors_025,O=C1NC(=O)[C@H]2[C@@H]1[C@@H]1C=C[C@H]2C1,O=C1NC(=O)[C@@H]2CC=CC[C@H]12,"nearest neighbours in 217-descriptor space, z-distance 5.87, Tanimoto 0.38"
matched_descriptors,A,matched_descriptors_026,CCN(CC)CCOc1ccc2nc(N(C)C)sc2c1,Cc1sc(-c2ccccc2)nc1OCCCN(C)C,"nearest neighbours in 217-descriptor space, z-distance 5.88, Tanimoto 0.25"
matched_descriptors,A,matched_descriptors_027,c1cncc(N2CCC(Cc3c[nH]cn3)CC2)c1,c1nc(CCC2CCCNC2)c[nH]1,"nearest neighbours in 217-descriptor space, z-distance 5.94, Tanimoto 0.33"
matched_descriptors,A,matched_descriptors_028,CC(C)c1ccccc1OCCN1CCC(NC(=O)c2ccc(F)cc2)CC1,O=C(Cc1ccccc1F)NC1CCN(Cc2ccccc2)CC1,"nearest neighbours in 217-descriptor space, z-distance 5.97, Tanimoto 0.34"
matched_descriptors,A,matched_descriptors_029,O=C(CCCCN1CCN(c2ccccc2F)CC1)Nc1nc2ccccc2s1,O=c1sc2ccccc2n1CCCCN1CCN(c2ccc(Cl)cc2)CC1,"nearest neighbours in 217-descriptor space, z-distance 5.99, Tanimoto 0.32"
matched_descriptors,A,matched_descriptors_030,Cc1ccc(-c2nc(COc3ccc(C[C@H]4CO[C@@](C)(C(=O)O)OC4)cc3)c(C)o2)cc1,Cc1oc(-c2ccccc2)nc1CCOc1ccc(CCC(=O)O)c2c1CCN(C(=O)OCC(C)C)C2,"nearest neighbours in 217-descriptor space, z-distance 6.06, Tanimoto 0.27"
matched_descriptors,A,matched_descriptors_031,Cc1ccc2c3c(c(=O)oc2c1)CN(Cc1ccccc1)CC3,O=c1ccc2ccc(CN3CCN(c4ccccc4)CC3)cc2o1,"nearest neighbours in 217-descriptor space, z-distance 6.07, Tanimoto 0.32"
matched_descriptors,A,matched_descriptors_032,COC(=O)C1C2CCC(CC1c1ccc(/C=C\Br)cc1)N2,COC(=O)[C@@H]1C2CCC(C[C@@H]1c1ccc([S+](C)O)cc1)N2C,"nearest neighbours in 217-descriptor space, z-distance 6.07, Tanimoto 0.37"
matched_descriptors,A,matched_descriptors_033,O=C(Nc1cc2ccc(-c3cccnc3)cc2cn1)C1CC1,Cc1ccc(F)cc1-c1ccc2c(Cl)c(NC(=O)C3CC3)ncc2c1,"nearest neighbours in 217-descriptor space, z-distance 6.11, Tanimoto 0.37"
matched_descriptors,A,matched_descriptors_034,Cc1cc(N2C[C@@H]3CCN(C(=O)c4ccc(C)nc4-n4ccnn4)C[C@@H]32)nc(C(F)(F)F)n1,Cc1ccc(-n2nccn2)c(C(=O)N2CCC[C@@H](Nc3cc(C)nc(C(F)(F)F)n3)[C@@H]2C)c1,"nearest neighbours in 217-descriptor space, z-distance 6.12, Tanimoto 0.31"
matched_descriptors,A,matched_descriptors_035,CC(=O)N[C@H]1CC[C@H](CCN2CCN(c3ncc(C)c4c3CCO4)CC2)CC1,O=C([C@H]1C[C@H](Oc2cccnc2)CN1)N1CCCN(C2CCC2)CC1,"nearest neighbours in 217-descriptor space, z-distance 6.16, Tanimoto 0.13"
matched_descriptors,A,matched_descriptors_036,c1ccc(COc2ccc3c(c2)CCN(C2CCCCC2)CC3)cc1,c1ccc(NCc2ccc(OCCCN3CCCCC3)cc2)cc1,"nearest neighbours in 217-descriptor space, z-distance 6.17, Tanimoto 0.28"
matched_descriptors,A,matched_descriptors_037,CCCCC(Cc1ccc(OC)c(C(=O)NCc2ccc(C(F)(F)F)cc2)c1)C(=O)O,CCOC(Cc1ccc(OCCN2CC=C(c3ccccc3C(F)(F)F)CC2)cc1)C(=O)O,"nearest neighbours in 217-descriptor space, z-distance 6.21, Tanimoto 0.21"
matched_descriptors,A,matched_descriptors_038,C[C@H]1CN2CCN(Cc3cccc(Cl)c3)C[C@H]2C[C@@]1(C)c1cccc(O)c1,C[C@H]1[C@@H]2CC[C@@H](c3ccccc3)CN2CC[C@@]1(C)c1cccc(O)c1,"nearest neighbours in 217-descriptor space, z-distance 6.22, Tanimoto 0.37"
matched_descriptors,A,matched_descriptors_039,O=C(O)CCc1ccc(OCCN(Cc2ccc(C(F)(F)F)cc2)c2nc3ccccc3s2)cc1,Cc1nc(-c2cccc(C(F)(F)F)c2)sc1CNCc1ccc(OC(C)(C)C(=O)O)cc1,"nearest neighbours in 217-descriptor space, z-distance 6.26, Tanimoto 0.27"
matched_descriptors,A,matched_descriptors_040,O=C1/C(=C/c2cccc(F)c2)C[C@@]2(O)[C@H]3Cc4ccc(O)c5c4[C@@]2(CCN3CC2CC2)[C@H]1O5,Cc1ccccc1/C=C/C(=O)N[C@@]12CCC(=O)[C@@H]3Oc4c(O)ccc5c4[C@@]31CCN(C)[C@@H]2C5,"nearest neighbours in 217-descriptor space, z-distance 6.28, Tanimoto 0.35"
matched_descriptors,A,matched_descriptors_041,CCCOCCC,C1COCCO1,"nearest neighbours in 217-descriptor space, z-distance 6.29, Tanimoto 0.00"
matched_descriptors,A,matched_descriptors_042,Cn1cc(-c2cc3c(-c4ccccc4)n[nH]c3cn2)cn1,c1cc2cc(-c3ccc4cn[nH]c4c3)cnc2[nH]1,"nearest neighbours in 217-descriptor space, z-distance 6.33, Tanimoto 0.18"
matched_descriptors,A,matched_descriptors_043,OCCCO,CC(C)OCCO,"nearest neighbours in 217-descriptor space, z-distance 6.33, Tanimoto 0.22"
matched_descriptors,A,matched_descriptors_044,CN1CCC(c2c[nH]c3ccc(NC(=O)C4CC4)nc23)CC1,Fc1ccc2[nH]cc(CCN3CCCC(c4ccnc(NC5CC5)n4)C3)c2c1,"nearest neighbours in 217-descriptor space, z-distance 6.33, Tanimoto 0.23"
matched_descriptors,A,matched_descriptors_045,Cc1ccccc1-c1ccc(O[C@@H](Cc2ccccc2)C(=O)O)cc1C,COC(c1ccccc1)(c1ccccc1)[C@H](Oc1nc(C)cc(C)n1)C(=O)O,"nearest neighbours in 217-descriptor space, z-distance 6.36, Tanimoto 0.28"
matched_descriptors,A,matched_descriptors_046,c1ccc2c(N3CCN(CCc4ccc5[nH]nnc5c4)CC3)cccc2c1,COc1ccc(CNCCN2CCN(Cc3cc4ccccc4[nH]3)CC2)cc1,"nearest neighbours in 217-descriptor space, z-distance 6.36, Tanimoto 0.27"
matched_descriptors,A,matched_descriptors_047,COc1cccc(C(=O)NCCCCN2CCN(c3cccc(C)c3C)CC2)c1,Cc1ccc2c(N3CCN(Cc4ccc5c(c4)NC(=O)CO5)CC3)cccc2n1,"nearest neighbours in 217-descriptor space, z-distance 6.37, Tanimoto 0.23"
matched_descriptors,A,matched_descriptors_048,CC1(C(=O)N[C@H]2CC[C@H](CCN3CCN(c4cccc5c4OCO5)CC3)CC2)COC1,O=C(CC1C[C@H](O)CO1)N[C@H]1CC[C@H](CCN2CCN(c3nccc4c3CCO4)CC2)CC1,"nearest neighbours in 217-descriptor space, z-distance 6.39, Tanimoto 0.36"
matched_descriptors,A,matched_descriptors_049,CNc1nc(Nc2ccc(C(=O)N3CCOCC3)cc2)ncc1Cl,Cc1cn(C)c2c(Nc3cccc(Cl)c3)ncc(C(=O)N3CCOCC3)c12,"nearest neighbours in 217-descriptor space, z-distance 6.39, Tanimoto 0.39"
matched_descriptors,A,matched_descriptors_050,CCC1CCNc2cc3[nH]c(=O)cc(C(F)(F)F)c3cc21,C[C@@H]1Cc2cc3c(C(F)(F)F)cc(O)nc3cc2N1,"nearest neighbours in 217-descriptor space, z-distance 6.43, Tanimoto 0.25"
matched_descriptors,A,matched_descriptors_051,COC(=O)N(CC(=O)O)Cc1cccc(OCc2coc(-c3ccccc3)n2)c1,Cc1oc(-c2ccccc2)nc1CCOc1ccc(C[C@@H](C(=O)O)N(C)C)cc1,"nearest neighbours in 217-descriptor space, z-distance 6.44, Tanimoto 0.28"
matched_descriptors,A,matched_descriptors_052,COc1ccccc1CN1CCN(CC(=O)N2c3ccccc3CC2C)CC1,O=C(NCCN1CCN(c2ccccc2)CC1)c1cnc2ccccc2n1,"nearest neighbours in 217-descriptor space, z-distance 6.47, Tanimoto 0.18"
matched_descriptors,A,matched_descriptors_053,O=C(c1cccs1)N1CCCc2ccc(OCCCN3CCCCC3)cc21,COc1ccc(N2CCN(CC[C@H]3CC[C@H](NC(=O)c4cccs4)CC3)CC2)cc1,"nearest neighbours in 217-descriptor space, z-distance 6.47, Tanimoto 0.31"
matched_descriptors,A,matched_descriptors_054,O=C(NCCN1CCN(c2cccc3c2OCC(CO)O3)CC1)c1ccc(F)cc1,O=C1NCc2ccc(OCCCCN3CCN(c4cccc5cc(F)ccc45)CC3)c(F)c21,"nearest neighbours in 217-descriptor space, z-distance 6.51, Tanimoto 0.25"
matched_descriptors,A,matched_descriptors_055,CN(C)c1ccc(N)c2ccccc12,C=Cc1ccc(Sc2ccccc2CN(C)C)c(N)c1,"nearest neighbours in 217-descriptor space, z-distance 6.54, Tanimoto 0.22"
matched_descriptors,A,matched_descriptors_056,CNC(c1ccccc1)C(C)(C)C(=O)NCc1ccccc1,CNC(=O)[C@@H](NC(=O)c1cccc(-c2ccccc2)n1)C(C)(C)C,"nearest neighbours in 217-descriptor space, z-distance 6.55, Tanimoto 0.25"
matched_descriptors,A,matched_descriptors_057,C[C@@H]1CCCN1CCc1ccc2nc(C(C)(C)C)ccc2c1,Cc1cnc2ccccc2c1NCCCN1CCCCC1,"nearest neighbours in 217-descriptor space, z-distance 6.58, Tanimoto 0.17"
matched_descriptors,A,matched_descriptors_058,CCCCCn1cc(C(=O)NC23CC4CC(CC(C4)C2)C3)c2ccccc21,CCCCNc1cc(C(C)C)c(C(=O)NC23CC4CC(CC(C4)C2)C3)nn1,"nearest neighbours in 217-descriptor space, z-distance 6.60, Tanimoto 0.38"
matched_descriptors,A,matched_descriptors_059,O=C(O)c1cccc(-c2noc(-c3ccccc3F)n2)c1,O=C(O)c1c(O)c(-c2ccccc2)nc2ccccc12,"nearest neighbours in 217-descriptor space, z-distance 6.62, Tanimoto 0.26"
matched_descriptors,A,matched_descriptors_060,O=C(Nc1ncnc2c1cnn2CCN1CCCCC1)c1ccc(Cl)cc1Cl,CN1CCC(c2c[nH]c3ccc(NC(=O)c4ccc(Cl)cc4Cl)nc23)CC1,"nearest neighbours in 217-descriptor space, z-distance 6.63, Tanimoto 0.33"
matched_descriptors,A,matched_descriptors_061,CCn1cc(-c2cc3c(-c4cccc(N5C[C@H]6CNC[C@H]6C5)n4)n[nH]c3cn2)cn1,Cc1cncc(-c2cc3c(cn2)cnn3-c2cccc(N3CCCNCC3)n2)n1,"nearest neighbours in 217-descriptor space, z-distance 6.67, Tanimoto 0.25"
matched_descriptors,A,matched_descriptors_062,CCCOC(=O)N1CCC(C(=O)O)=C(Cc2cccc(OCCc3nc(-c4ccccc4)oc3C)c2)C1,Cc1oc(-c2ccccc2)nc1CCOc1ncc(CC2(C(=O)O)CCCO2)cn1,"nearest neighbours in 217-descriptor space, z-distance 6.71, Tanimoto 0.39"
matched_descriptors,A,matched_descriptors_063,CNc1ccc(C[C@H](NS(=O)(=O)c2cnccc2N[C@H](CO)Cc2ccccc2)C(=O)N2CCC(CCF)CC2)cc1,O=C(CNS(=O)(=O)c1ccc2ccccc2c1)N[C@H](CCNc1ccncc1)C(=O)N1CCCCC1,"nearest neighbours in 217-descriptor space, z-distance 6.71, Tanimoto 0.28"
matched_descriptors,A,matched_descriptors_064,C[C@]12CC[C@@H]3c4ccc(O)cc4CC[C@H]3[C@@H]1CC[C@H]2O,CC#C[C@@]1(O)CC[C@@]2(Cc3ccccc3)c3ccc(O)cc3CC[C@@H]2C1,"nearest neighbours in 217-descriptor space, z-distance 6.72, Tanimoto 0.28"
matched_descriptors,A,matched_descriptors_065,c1cc(OCCCN2CCCCC2)c2c(c1)N(CC1CCCCC1)CCC2,CC(C)CCC(=O)N[C@H]1CC[C@H](CCN2CCC(c3cccc4c3CCO4)CC2)CC1,"nearest neighbours in 217-descriptor space, z-distance 6.76, Tanimoto 0.20"
matched_descriptors,A,matched_descriptors_066,COc1ccc(-n2nc(C(F)(F)F)c3c2C(=O)N(c2ccc(C4(CN(C)C)CC4)cc2)CC3)cc1,COc1cccc(C(CN2CCCC2)N(C)C(=O)Cc2ccc(C(F)(F)F)cc2)c1,"nearest neighbours in 217-descriptor space, z-distance 6.84, Tanimoto 0.22"
matched_descriptors,A,matched_descriptors_067,CN(CCCN1CCc2c([nH]c3ccccc23)C1)Cc1ccccc1,CN1Cc2ccccc2C(c2ccc3cn[nH]c3c2)C1,"nearest neighbours in 217-descriptor space, z-distance 6.85, Tanimoto 0.17"
matched_descriptors,A,matched_descriptors_068,COCCN(C)CCCCOc1ccn(-c2ccc(Cl)c(Cl)c2)n1,Cc1cc(OCCCCN2CCCC2)nn1-c1ccc(Cl)c(Cl)c1,"nearest neighbours in 217-descriptor space, z-distance 6.86, Tanimoto 0.39"
matched_descriptors,A,matched_descriptors_069,C(=C/c1ccccc1)\COCC1CCN(Cc2cccc3ccccc23)CC1,c1ccc(N2CCN(CCCc3ccc4ccccc4c3)CC2)cc1,"nearest neighbours in 217-descriptor space, z-distance 6.87, Tanimoto 0.19"
matched_descriptors,A,matched_descriptors_070,O=C1NCN(c2ccccc2)C12CCN(C1CCc3ccccc31)CC2,CCN(CC)C(=O)c1ccc(C2=CC3(CCNCC3)Oc3ccccc32)cc1,"nearest neighbours in 217-descriptor space, z-distance 6.87, Tanimoto 0.12"
matched_descriptors,A,matched_descriptors_071,Cn1c(=O)cnn(CCCCN2CCN(c3ccccc3Br)CC2)c1=O,O=c1c2ccccc2ncn1CCCCCN1CCN(c2ccc(Cl)cc2)CC1,"nearest neighbours in 217-descriptor space, z-distance 6.87, Tanimoto 0.30"
matched_descriptors,A,matched_descriptors_072,Clc1ccc(C2CC=CCNC2)cc1,CC(C)NCC(O)c1ccc2ccccc2c1,"nearest neighbours in 217-descriptor space, z-distance 6.88, Tanimoto 0.08"
matched_descriptors,A,matched_descriptors_073,CN(CCCNC(=O)c1cccc(Cl)c1Cl)Cc1ccccc1,CNCc1cc(F)ccc1Oc1ccc(Cl)c(Cl)c1,"nearest neighbours in 217-descriptor space, z-distance 6.89, Tanimoto 0.13"
matched_descriptors,A,matched_descriptors_074,CCCN(CCCCNC(=O)c1ccc(-c2ccccc2)cc1)C1CCc2c(O)cccc2C1,CCCC(C)CN1CCC(c2ccc(C(=O)N(CC)CC)cc2)(c2cccc(O)c2)CC1,"nearest neighbours in 217-descriptor space, z-distance 6.89, Tanimoto 0.18"
matched_descriptors,A,matched_descriptors_075,CCCN(CCCCN1CCN(c2ccccc2OC)CC1)Cc1ccc2ccccc2c1,c1ccc(-c2cccc(CN3CCN(c4cccc5c4OCCN5)CC3)c2)cc1,"nearest neighbours in 217-descriptor space, z-distance 6.90, Tanimoto 0.23"
matched_descriptors,A,matched_descriptors_076,Nc1ccc(O)cc1,COc1ccccc1O,"nearest neighbours in 217-descriptor space, z-distance 6.90, Tanimoto 0.24"
matched_descriptors,A,matched_descriptors_077,c1ccc(COCc2ccccc2)cc1,COc1ccc2ccccc2c1,"nearest neighbours in 217-descriptor space, z-distance 6.94, Tanimoto 0.21"
matched_descriptors,A,matched_descriptors_078,CC1CN(C(=O)C2CCCCC2)CCN1S(=O)(=O)c1cccc2ccccc12,NS(=O)(=O)c1ccc(N2CCN(CC[C@@H]3OCCc4ccccc43)CC2)cc1,"nearest neighbours in 217-descriptor space, z-distance 6.94, Tanimoto 0.14"
matched_descriptors,A,matched_descriptors_079,CCn1cc(-c2cc3c(-c4cccc(N5CCCNCC5)n4)n[nH]c3cn2)cn1,CC(C)c1cncc(-c2cc3c(cn2)cnn3-c2cccc(N3CCNCC3)n2)c1,"nearest neighbours in 217-descriptor space, z-distance 6.95, Tanimoto 0.36"
matched_descriptors,A,matched_descriptors_080,Cc1cc(C)nc(NC2CC3CCC2N3C(=O)c2ccc(F)cc2-n2nccn2)n1,Cc1cc(C(C)C)nc(N2CC3CN(C(=O)c4ccccc4-n4nccn4)CC3C2)n1,"nearest neighbours in 217-descriptor space, z-distance 6.99, Tanimoto 0.34"
matched_descriptors,A,matched_descriptors_081,CCCCC(Sc1ccc(OCCCOc2ccc(C)c(C)c2)cc1)C(=O)O,O=C(O)COc1ccc(SCc2ccc(OCc3ccccc3)cc2)c2c1CCC2,"nearest neighbours in 217-descriptor space, z-distance 7.00, Tanimoto 0.20"
matched_descriptors,A,matched_descriptors_082,Clc1cc(N2CCNCC2Cc2ccccc2)cc2cc[nH]c12,Fc1cccc(CN(c2ccc3[nH]ccc3c2)C2CCNCC2)c1,"nearest neighbours in 217-descriptor space, z-distance 7.02, Tanimoto 0.26"
matched_descriptors,A,matched_descriptors_083,O=C(O)Cc1ccc2c(c1)C(=O)c1ccccc1CO2,CC(C)(C)c1ccc(C(=O)NCc2ccc(OCC(=O)O)cc2)cc1,"nearest neighbours in 217-descriptor space, z-distance 7.05, Tanimoto 0.17"
matched_descriptors,A,matched_descriptors_084,CCCC(C(=O)c1ccccc1C)N1CCCC1,CC(=O)c1c(C)cc(C(C)(C)C)cc1C,"nearest neighbours in 217-descriptor space, z-distance 7.08, Tanimoto 0.17"
matched_descriptors,A,matched_descriptors_085,O=c1cc(C(F)(F)F)c2ccc(NC3CCCC3)cc2[nH]1,CC1CCNc2cc3nc(O)cc(C(F)(F)F)c3cc21,"nearest neighbours in 217-descriptor space, z-distance 7.10, Tanimoto 0.23"
matched_descriptors,A,matched_descriptors_086,CN1CCN(C(c2ccccc2)c2ccccc2)CC1,Cc1ccc(C2CN(C)Cc3c(C)cccc32)cc1,"nearest neighbours in 217-descriptor space, z-distance 7.10, Tanimoto 0.19"
matched_descriptors,A,matched_descriptors_087,Cc1ccc(OC(=O)N(CC(=O)O)Cc2cccc(OCc3sc(-c4ccc(Cl)cc4)nc3C)c2)cc1,COc1ccc(-c2nc(COc3ccc(OCC(=O)O)c(C)c3)sc2-c2ccc(Cl)nc2)cc1,"nearest neighbours in 217-descriptor space, z-distance 7.13, Tanimoto 0.32"
matched_descriptors,A,matched_descriptors_088,c1ccc(OCC2CO2)cc1,CCOC(=O)C1OC1c1ccccc1,"nearest neighbours in 217-descriptor space, z-distance 7.13, Tanimoto 0.24"
matched_descriptors,A,matched_descriptors_089,O=C(c1c(F)cccc1-n1nccn1)N1CC2CN(c3ncc(F)cn3)CC2C1,CN(C)c1ccnc(N2C[C@@H]3CCN(C(=O)c4cccc(F)c4-n4nccn4)C[C@@H]32)c1,"nearest neighbours in 217-descriptor space, z-distance 7.15, Tanimoto 0.33"
matched_descriptors,A,matched_descriptors_090,O=C(NCCCNC1CCCCC1)[C@H]1C[C@@H]1c1ccccc1,CC(C)(C)Cn1nc(C(=O)NC(C)(C)c2ccccc2)c2c1[C@@H]1C[C@@H]1C2,"nearest neighbours in 217-descriptor space, z-distance 7.17, Tanimoto 0.21"
matched_descriptors,A,matched_descriptors_091,O=C(NCCCCN1CCC(=C2c3ccc(Cl)cc3CCc3cccnc32)CC1)c1ccc2ccccc2c1,Cc1ccc(C(=O)NC2CCc3ccc(CCN4CCN(c5nsc6ccccc56)CC4)cc32)cc1,"nearest neighbours in 217-descriptor space, z-distance 7.17, Tanimoto 0.24"
matched_descriptors,A,matched_descriptors_092,CC(C)N(C)[C@@H]1C[C@@H](c2ccc(Cl)c(Cl)c2)c2ccccc21,CN(CCCNC(=O)c1cc(Cl)cc(Cl)c1)Cc1ccccc1,"nearest neighbours in 217-descriptor space, z-distance 7.20, Tanimoto 0.17"
matched_descriptors,A,matched_descriptors_093,CCCCCC(=O)CC,CC(=O)c1ccccn1,"nearest neighbours in 217-descriptor space, z-distance 7.21, Tanimoto 0.12"
matched_descriptors,A,matched_descriptors_094,COc1c(OCCF)cccc1C(=O)C1CCN(CCc2ccc(F)cc2)CC1,O=C(CCCN1CC[C@H]2[C@@H](C1)c1cccc3c1N2CCO3)c1ccc(F)cc1,"nearest neighbours in 217-descriptor space, z-distance 7.21, Tanimoto 0.27"
matched_descriptors,A,matched_descriptors_095,Cc1ccc(F)cc1-c1cc2cnc(NC(=O)C3CC3)cc2c(N2CCCCC2)n1,Cc1ccc(NC(=O)C2COCCO2)cc1-c1ccc2cc(NC(=O)C3CC3)ncc2c1,"nearest neighbours in 217-descriptor space, z-distance 7.22, Tanimoto 0.37"
matched_descriptors,A,matched_descriptors_096,COc1ccc2c(c1)C(CNCCCc1ccccc1)CCO2,Cc1ccc(OCCCNCCOc2ccc(C)cc2)cc1,"nearest neighbours in 217-descriptor space, z-distance 7.23, Tanimoto 0.22"
matched_descriptors,A,matched_descriptors_097,CN(CCCN(C)CCc1ccc(Cl)c(Cl)c1)CCCN1CCCC1,Clc1cc2c(cc1Cl)CN(CCN1CCCC1)CC2,"nearest neighbours in 217-descriptor space, z-distance 7.24, Tanimoto 0.38"
matched_descriptors,A,matched_descriptors_098,Cc1ccc(NS(=O)(=O)Cc2ccccc2)c(=O)n1CC(=O)NCc1ccc(C(=N)N)s1,N=C(N)c1cccc(CN2CC[C@H](NS(=O)(=O)c3cc4nc(Cl)ccc4s3)C2=O)c1,"nearest neighbours in 217-descriptor space, z-distance 7.25, Tanimoto 0.22"
matched_descriptors,A,matched_descriptors_099,Nc1noc2ccc(-n3nc(C(F)(F)F)cc3C(=O)Nc3ccc(C(=O)N4CCCC4)cc3F)cc12,CN(C)Cc1ccccc1-c1ccc(N2CNc3c(C(F)(F)F)nn(-c4ccc5onc(N)c5c4)c3C2=O)cc1,"nearest neighbours in 217-descriptor space, z-distance 7.26, Tanimoto 0.33"
smiles_enumeration,B,smiles_enumeration_000,CC(=N)N1CCC(Oc2ccc3cc(C(=O)N(C)C)n(Cc4ccc5ccc(C(=N)N)cc5c4)c3c2)CC1,C1(Oc2cc3n(c(C(=O)N(C)C)cc3cc2)Cc2ccc3c(cc(cc3)C(N)=N)c2)CCN(C(=N)C)CC1,"same molecule, canonical vs randomly written SMILES"
smiles_enumeration,B,smiles_enumeration_001,Clc1cccc(Oc2ncccc2C2CCNCC2)c1Cl,C1CNCCC1c1cccnc1Oc1c(c(Cl)ccc1)Cl,"same molecule, canonical vs randomly written SMILES"
smiles_enumeration,B,smiles_enumeration_002,C=CCNC(N)=S,N(C(N)=S)CC=C,"same molecule, canonical vs randomly written SMILES"
smiles_enumeration,B,smiles_enumeration_003,Cn1c(SCCCN2CC3CCN(c4ccc(C#N)cc4)C3C2)nnc1-c1cnccn1,Cn1c(SCCCN2CC3C(CCN3c3ccc(C#N)cc3)C2)nnc1-c1nccnc1,"same molecule, canonical vs randomly written SMILES"
smiles_enumeration,B,smiles_enumeration_004,Cc1cccc(N2C[C@@H]3CCN(C(=O)c4cc(F)ccc4-n4nccn4)C[C@@H]32)n1,c1nn(nc1)-c1c(C(N2CC[C@H]3CN(c4nc(ccc4)C)[C@H]3C2)=O)cc(F)cc1,"same molecule, canonical vs randomly written SMILES"
smiles_enumeration,B,smiles_enumeration_005,CCCCOc1ccc(-c2ccc(C)c(C(=O)O)c2)cc1CNC(=O)c1ccc(C(F)(F)F)cc1F,FC(c1cc(F)c(cc1)C(=O)NCc1cc(-c2ccc(c(c2)C(O)=O)C)ccc1OCCCC)(F)F,"same molecule, canonical vs randomly written SMILES"
smiles_enumeration,B,smiles_enumeration_006,CN(c1nc2ccccc2s1)C1CCN(CCCCOc2ccccc2)C1,N1(CC(CC1)N(C)c1sc2ccccc2n1)CCCCOc1ccccc1,"same molecule, canonical vs randomly written SMILES"
smiles_enumeration,B,smiles_enumeration_007,CCOc1cc(CN2CCC(Nc3nc4ccccc4o3)CC2)ccc1F,c1(nc2ccccc2o1)NC1CCN(CC1)Cc1ccc(F)c(OCC)c1,"same molecule, canonical vs randomly written SMILES"
smiles_enumeration,B,smiles_enumeration_008,Clc1ccc2c(Nc3ccc(OCCCN4CCCCC4)cc3)ccnc2c1,c12ccc(cc2nccc1Nc1ccc(OCCCN2CCCCC2)cc1)Cl,"same molecule, canonical vs randomly written SMILES"
smiles_enumeration,B,smiles_enumeration_009,CN1CCN(S(=O)(=O)c2ccc(-c3cnc(N)c(C(=O)Nc4cccnc4)n3)c(C(F)(F)F)c2)CC1,FC(c1c(ccc(S(N2CCN(C)CC2)(=O)=O)c1)-c1cnc(c(C(=O)Nc2cccnc2)n1)N)(F)F,"same molecule, canonical vs randomly written SMILES"
smiles_enumeration,B,smiles_enumeration_010,CC(C)N(CCN1C=CC=CC=C1)C(=O)[C@H](C)N1CC[C@H](NS(=O)(=O)c2ccc3cc(Cl)ccc3c2)C1=O,C1N(C(=O)[C@@H](NS(=O)(c2ccc3cc(ccc3c2)Cl)=O)C1)[C@H](C(N(CCN1C=CC=CC=C1)C(C)C)=O)C,"same molecule, canonical vs randomly written SMILES"
smiles_enumeration,B,smiles_enumeration_011,Cc1ccccc1C(c1ccccc1C)N1CCC(O)(c2ccccc2CN)CC1,c1(c(C2(O)CCN(CC2)C(c2c(cccc2)C)c2c(cccc2)C)cccc1)CN,"same molecule, canonical vs randomly written SMILES"
smiles_enumeration,B,smiles_enumeration_012,O=C(N[C@@H]1CC[C@@]2(O)[C@H]3Cc4ccc(O)c5c4[C@@]2(CCN3CC2CC2)[C@H]1O5)c1ccccc1,C1(CN2[C@@H]3Cc4ccc(O)c5O[C@H]6[C@@H](CC[C@]3(O)[C@@]6(CC2)c54)NC(=O)c2ccccc2)CC1,"same molecule, canonical vs randomly written SMILES"
smiles_enumeration,B,smiles_enumeration_013,CC(C)=CC1C(C(=O)OCN2C(=O)C3=C(CCCC3)C2=O)C1(C)C,C12CCCCC=2C(N(COC(=O)C2C(C)(C)C2C=C(C)C)C1=O)=O,"same molecule, canonical vs randomly written SMILES"
smiles_enumeration,B,smiles_enumeration_014,O=C(NCCCCN1CCN(C(c2ccccc2)c2ccccc2)CC1)c1cccs1,c1(ccccc1)C(N1CCN(CC1)CCCCNC(c1sccc1)=O)c1ccccc1,"same molecule, canonical vs randomly written SMILES"
smiles_enumeration,B,smiles_enumeration_015,COc1ccc(N2CCN(CC[C@H]3CC[C@H](NC(=O)c4cccs4)CC3)CC2)cc1,O(C)c1ccc(cc1)N1CCN(CC1)CC[C@H]1CC[C@@H](CC1)NC(c1cccs1)=O,"same molecule, canonical vs randomly written SMILES"
smiles_enumeration,B,smiles_enumeration_016,COc1ccc(CNCc2ccc(Oc3cccnc3)c(F)c2)cc1O,c1cc(CNCc2ccc(c(c2)O)OC)cc(F)c1Oc1cnccc1,"same molecule, canonical vs randomly written SMILES"
smiles_enumeration,B,smiles_enumeration_017,C[C@H]1[C@H]2Cc3ccc(C(N)=O)cc3[C@@]1(C)CCN2C[C@H]1CCCO1,C1O[C@H](CC1)CN1[C@@H]2Cc3ccc(C(N)=O)cc3[C@@](C)(CC1)[C@H]2C,"same molecule, canonical vs randomly written SMILES"
smiles_enumeration,B,smiles_enumeration_018,Cc1cc(OCCCON=C(N)N)cc(C(=O)N(Cc2ccccn2)CC2CC2)c1,O(CCCOc1cc(cc(c1)C)C(N(Cc1ncccc1)CC1CC1)=O)N=C(N)N,"same molecule, canonical vs randomly written SMILES"
smiles_enumeration,B,smiles_enumeration_019,O=c1c(NCc2ccc(Cl)cc2)c(Nc2ccncc2)c1=O,c1(Nc2c(c(=O)c2=O)NCc2ccc(Cl)cc2)ccncc1,"same molecule, canonical vs randomly written SMILES"
smiles_enumeration,B,smiles_enumeration_020,Cc1c(-c2ccccc2Cl)nc(O)n1C1CCN(Cc2ccccc2)CC1,c1ccccc1CN1CCC(CC1)n1c(c(-c2c(cccc2)Cl)nc1O)C,"same molecule, canonical vs randomly written SMILES"
smiles_enumeration,B,smiles_enumeration_021,C[C@H]1C2Cc3cc([N+](=O)[O-])c(O)cc3[C@@]1(C)CCN2CC1CC1,c1(O)c([N+](=O)[O-])cc2CC3[C@@H]([C@](c2c1)(C)CCN3CC1CC1)C,"same molecule, canonical vs randomly written SMILES"
smiles_enumeration,B,smiles_enumeration_022,Cc1ccc(NS(=O)(=O)Cc2ccccc2)c(=O)n1CC(=O)NC[C@@H]1CNC(N)=N[C@@H]1C,c1cc(NS(=O)(Cc2ccccc2)=O)c(=O)n(c1C)CC(NC[C@@H]1CNC(N)=N[C@@H]1C)=O,"same molecule, canonical vs randomly written SMILES"
smiles_enumeration,B,smiles_enumeration_023,Cc1sc(-c2ccc(Cl)cc2)nc1OC(=O)N1CCC(N2CCCCC2)CC1,C1N(CCC(C1)N1CCCCC1)C(Oc1c(sc(-c2ccc(cc2)Cl)n1)C)=O,"same molecule, canonical vs randomly written SMILES"
smiles_enumeration,B,smiles_enumeration_024,N=C(N)NCCCC1CCN(C(=O)[C@H](Cc2cccc(C(=N)N)c2)NS(=O)(=O)c2ccc3ccccc3c2)CC1,C(CC1CCN(C(=O)[C@H](Cc2cccc(C(N)=N)c2)NS(c2cc3c(cc2)cccc3)(=O)=O)CC1)CNC(N)=N,"same molecule, canonical vs randomly written SMILES"
smiles_enumeration,B,smiles_enumeration_025,COC(=O)/C=C1/CN2C3CCC2C1C(c1ccc(Br)cc1)C3,O=C(/C=C1\C2C3N(C1)C(CC2c1ccc(Br)cc1)CC3)OC,"same molecule, canonical vs randomly written SMILES"
smiles_enumeration,B,smiles_enumeration_026,CCCCC(CC)CN1CN(CC(CC)CCCC)CC(C)(N)C1,C(C(CC)CCCC)N1CC(C)(N)CN(C1)CC(CC)CCCC,"same molecule, canonical vs randomly written SMILES"
smiles_enumeration,B,smiles_enumeration_027,NC1=[NH+]C(c2ccc(OC(F)(F)F)cc2)(c2cccc(-c3cccnc3F)c2)C2=NCCCN21,c1cc(ccc1OC(F)(F)F)C1(C2N(C(N)=[NH+]1)CCCN=2)c1cc(-c2cccnc2F)ccc1,"same molecule, canonical vs randomly written SMILES"
smiles_enumeration,B,smiles_enumeration_028,O=C(CCS)OCC(COC(=O)CCS)(COC(=O)CCS)COC(=O)CCS,C(OC(=O)CCS)C(COC(=O)CCS)(COC(=O)CCS)COC(CCS)=O,"same molecule, canonical vs randomly written SMILES"
smiles_enumeration,B,smiles_enumeration_029,NC(=O)[C@@H]1CSSC[C@@H](NC(=O)[C@@H](N)Cc2ccc(O)cc2)C(=O)N[C@@H](Cc2ccccc2)C(=O)N[C@@H](Cc2cccc3ccccc23)C(=O)N1,c1ccccc1C[C@H]1C(N[C@H](C(=O)N[C@@H](CSSC[C@@H](NC(=O)[C@@H](N)Cc2ccc(O)cc2)C(N1)=O)C(=O)N)Cc1cccc2ccccc21)=O,"same molecule, canonical vs randomly written SMILES"
smiles_enumeration,B,smiles_enumeration_030,Cc1sc(C)c2c1CCCc1c(CN(C)C)n[nH]c1-2,C1CCc2c(c(C)sc2C)-c2c1c(n[nH]2)CN(C)C,"same molecule, canonical vs randomly written SMILES"
smiles_enumeration,B,smiles_enumeration_031,CC(=O)OCC(=O)[C@@]1(O)CC[C@H]2[C@@H]3CCC4=CC(=O)C=C[C@]4(C)[C@H]3[C@@H](O)C[C@@]21C,[C@@H]12[C@H]3[C@](C[C@@H]([C@@H]2[C@@]2(C)C=CC(=O)C=C2CC1)O)([C@](O)(CC3)C(COC(C)=O)=O)C,"same molecule, canonical vs randomly written SMILES"
smiles_enumeration,B,smiles_enumeration_032,O=C(N[C@@]12CCC(=O)[C@@H]3Oc4c(O)ccc5c4[C@@]31CCN(CC1CC1)[C@@H]2C5)c1ccncc1,C1CC1CN1CC[C@]23c4c5ccc(O)c4O[C@H]2C(=O)CC[C@]3([C@H]1C5)NC(=O)c1ccncc1,"same molecule, canonical vs randomly written SMILES"
smiles_enumeration,B,smiles_enumeration_033,O=C(Nc1ccc(Cl)cc1C(=O)O)c1cccc(S(=O)(=O)N2CCc3c(O)cccc3C2)c1,c1c(ccc(NC(=O)c2cccc(c2)S(=O)(=O)N2CCc3c(O)cccc3C2)c1C(=O)O)Cl,"same molecule, canonical vs randomly written SMILES"
smiles_enumeration,B,smiles_enumeration_034,COc1cccc(C[NH2+]C[C@H](O)[C@H](Cc2cc(F)cc(F)c2)NC(=O)c2cc(C(C)=O)cc(N3CCCCS3(=O)=O)c2)c1,C(c1cc(cc(N2S(CCCC2)(=O)=O)c1)C(=O)C)(N[C@@H](Cc1cc(F)cc(F)c1)[C@@H](O)C[NH2+]Cc1cc(ccc1)OC)=O,"same molecule, canonical vs randomly written SMILES"
smiles_enumeration,B,smiles_enumeration_035,CS(=O)(=O)N(c1cccnc1)c1cccc(C(=O)NC(Cc2ccccc2)C(O)C[NH2+]Cc2cccc(C(F)(F)F)c2)c1,OC(C[NH2+]Cc1cc(C(F)(F)F)ccc1)C(NC(c1cccc(c1)N(S(=O)(C)=O)c1cnccc1)=O)Cc1ccccc1,"same molecule, canonical vs randomly written SMILES"
smiles_enumeration,B,smiles_enumeration_036,CCC(C(=O)O)C1CCc2cc(OCCc3nc(-c4ccc5c(c4)OCO5)oc3C)ccc21,c1(-c2nc(CCOc3cc4CCC(c4cc3)C(CC)C(=O)O)c(o2)C)ccc2c(OCO2)c1,"same molecule, canonical vs randomly written SMILES"
smiles_enumeration,B,smiles_enumeration_037,CCCc1c2oc(C(=O)O)cc(=O)c2cc2c(=O)cc(C(=O)O)n(CC)c12,O=c1cc(C(O)=O)n(CC)c2c1cc1c(c2CCC)oc(cc1=O)C(O)=O,"same molecule, canonical vs randomly written SMILES"
smiles_enumeration,B,smiles_enumeration_038,CN1CCC(Oc2ccc(C#N)cc2)CC1,c1c(ccc(c1)OC1CCN(C)CC1)C#N,"same molecule, canonical vs randomly written SMILES"
smiles_enumeration,B,smiles_enumeration_039,CC[C@@]12CCN(CC3CC3)C[C@@H]1Oc1ccc(O)cc12,C1N(CC2CC2)CC[C@@]2(CC)c3c(ccc(c3)O)O[C@H]21,"same molecule, canonical vs randomly written SMILES"
smiles_enumeration,B,smiles_enumeration_040,CN(CCN1CCCC1)C1CCc2cc(Cl)c(Cl)cc2C1,C1C(CCc2cc(Cl)c(Cl)cc12)N(C)CCN1CCCC1,"same molecule, canonical vs randomly written SMILES"
smiles_enumeration,B,smiles_enumeration_041,CCCCCS(=O)(=O)NC(=O)/C=C/c1ccc(OCCOC2CC2)cc1Oc1ncc(C(F)(F)F)cc1Cl,c1(ncc(cc1Cl)C(F)(F)F)Oc1c(/C=C/C(NS(=O)(CCCCC)=O)=O)ccc(c1)OCCOC1CC1,"same molecule, canonical vs randomly written SMILES"
smiles_enumeration,B,smiles_enumeration_042,Cc1ccc2c(N3CCN(CCc4ccc5c(c4)NC(=O)CO5)CC3)ccc(Cl)c2n1,c1(c2c(nc(cc2)C)c(cc1)Cl)N1CCN(CCc2cc3NC(=O)COc3cc2)CC1,"same molecule, canonical vs randomly written SMILES"
smiles_enumeration,B,smiles_enumeration_043,Clc1ccc(-c2cc(C3CCN(CCc4ccccc4)CC3)[nH]n2)cc1,c1c(-c2cc([nH]n2)C2CCN(CC2)CCc2ccccc2)ccc(c1)Cl,"same molecule, canonical vs randomly written SMILES"
smiles_enumeration,B,smiles_enumeration_044,CNC(=O)CCCC1CCN(C(=O)[C@H](Cc2cccc(C(=N)N)c2)NS(=O)(=O)c2cccc(-c3ccc(Cl)c(Cl)c3)c2)CC1,c1cc(cc(C[C@H](NS(=O)(c2cccc(c2)-c2cc(Cl)c(cc2)Cl)=O)C(=O)N2CCC(CCCC(NC)=O)CC2)c1)C(N)=N,"same molecule, canonical vs randomly written SMILES"
smiles_enumeration,B,smiles_enumeration_045,CN(C)c1cnc2ccc(-c3cnc(Cl)c(NS(=O)(=O)c4ccc(F)cc4)c3)cc2n1,c1c(ccc(c1)S(=O)(Nc1cc(cnc1Cl)-c1cc2nc(N(C)C)cnc2cc1)=O)F,"same molecule, canonical vs randomly written SMILES"
smiles_enumeration,B,smiles_enumeration_046,CCc1ccc(Br)cc1,C(c1ccc(cc1)Br)C,"same molecule, canonical vs randomly written SMILES"
smiles_enumeration,B,smiles_enumeration_047,COc1ccccc1N1CCN(CCCCNC(=O)c2cc3ccc(C#N)cc3[nH]2)CC1,C(CNC(=O)c1[nH]c2cc(C#N)ccc2c1)CCN1CCN(CC1)c1ccccc1OC,"same molecule, canonical vs randomly written SMILES"
smiles_enumeration,B,smiles_enumeration_048,CN1CCN(c2nc(N)nc(CSc3ccccc3)n2)CC1,N1(C)CCN(CC1)c1nc(CSc2ccccc2)nc(N)n1,"same molecule, canonical vs randomly written SMILES"
smiles_enumeration,B,smiles_enumeration_049,N=C(N)c1ccc(O)c(Oc2cc(C(=O)O)cc(Oc3cccc(-n4ccnc4)c3)n2)c1,c1c(Oc2cc(C(=O)O)cc(n2)Oc2cc(C(N)=N)ccc2O)cccc1-n1ccnc1,"same molecule, canonical vs randomly written SMILES"
smiles_enumeration,B,smiles_enumeration_050,CCOC(=O)CCCN1CCC(n2cc(NC(=O)c3c(N)nn4cccnc34)c(-c3cc(Cl)ccc3OC(F)F)n2)CC1,O(C(F)F)c1c(-c2nn(cc2NC(c2c(N)nn3cccnc32)=O)C2CCN(CCCC(OCC)=O)CC2)cc(Cl)cc1,"same molecule, canonical vs randomly written SMILES"
smiles_enumeration,B,smiles_enumeration_051,CCn1ncc(NC(=O)c2nc(-c3ccccc3F)sc2N)c1N1CCC(N)C(OC)CC1,C1(C(OC)CCN(CC1)c1n(ncc1NC(c1c(sc(-c2c(cccc2)F)n1)N)=O)CC)N,"same molecule, canonical vs randomly written SMILES"
smiles_enumeration,B,smiles_enumeration_052,C[C@H](C1=C(CCN(C)Cc2nccs2)Cc2ccccc21)c1cnccn1,n1cc(ncc1)[C@H](C)C1=C(Cc2c1cccc2)CCN(C)Cc1nccs1,"same molecule, canonical vs randomly written SMILES"
smiles_enumeration,B,smiles_enumeration_053,Cc1ncc(CO)cc1-c1ccc2cc(NC(=O)C3CC3)ncc2c1,c12cc(ncc1cc(cc2)-c1c(ncc(CO)c1)C)NC(=O)C1CC1,"same molecule, canonical vs randomly written SMILES"
smiles_enumeration,B,smiles_enumeration_054,Cc1cccc(C(c2ccccc2)N2CCC(O)(c3ccccc3)CC2)c1,c1cc(ccc1)C1(O)CCN(CC1)C(c1cc(C)ccc1)c1ccccc1,"same molecule, canonical vs randomly written SMILES"
smiles_enumeration,B,smiles_enumeration_055,CN(C)C1(c2ccccc2)CCC2(CC1)NCCc1c2[nH]c2ccccc12,c1ccccc1C1(N(C)C)CCC2(NCCc3c4ccccc4[nH]c23)CC1,"same molecule, canonical vs randomly written SMILES"
smiles_enumeration,B,smiles_enumeration_056,CC(C)[C@H]1C(=O)N2CCC[C@H]2[C@]2(O)O[C@](NC(=O)[C@@H]3C=C4c5cccc6[nH]cc(c56)C[C@H]4N(C)C3)(C(C)C)C(=O)N12,[C@@]12(O)N([C@@H](C(C)C)C(=O)N3[C@H]1CCC3)C([C@](NC(=O)[C@@H]1C=C3[C@@H](Cc4c[nH]c5cccc3c54)N(C1)C)(O2)C(C)C)=O,"same molecule, canonical vs randomly written SMILES"
smiles_enumeration,B,smiles_enumeration_057,CCCNC1CCc2c(cccc2OC)C1,c1(cccc2c1CCC(C2)NCCC)OC,"same molecule, canonical vs randomly written SMILES"
smiles_enumeration,B,smiles_enumeration_058,Cc1nc2ccccn2c1-c1csc(Nc2ccc(O)cc2)n1,c1cc2n(c(-c3csc(n3)Nc3ccc(O)cc3)c(n2)C)cc1,"same molecule, canonical vs randomly written SMILES"
smiles_enumeration,B,smiles_enumeration_059,CC(C)(C)c1cccc(C[NH2+]C2CS(=O)(=O)CC(Cc3cc(F)c4c(c3)C3(CCC3)CN4)C2O)c1,c1cc(C(C)(C)C)cc(c1)C[NH2+]C1C(C(CS(C1)(=O)=O)Cc1cc2c(c(F)c1)NCC21CCC1)O,"same molecule, canonical vs randomly written SMILES"
smiles_enumeration,B,smiles_enumeration_060,Cc1ccc(NC(=O)c2cccc(S(=O)(=O)n3ccc4ccc(Cl)cc43)c2)c(C(=O)O)c1,c1cc(C)cc(C(O)=O)c1NC(=O)c1cc(ccc1)S(=O)(n1c2cc(ccc2cc1)Cl)=O,"same molecule, canonical vs randomly written SMILES"
smiles_enumeration,B,smiles_enumeration_061,C=C(Br)CN1[C@H]2CC[C@@H]1[C@@H](C(=O)OC)[C@@H](c1ccc(I)cc1)C2,[C@@H]12N([C@@H]([C@H]([C@H](C1)c1ccc(I)cc1)C(=O)OC)CC2)CC(=C)Br,"same molecule, canonical vs randomly written SMILES"
smiles_enumeration,B,smiles_enumeration_062,COc1ccc(C(=O)N2C[C@H](Oc3cc(C#N)ccn3)CC[C@H]2C)c(-n2nccn2)n1,[C@@H]1(N(C(c2ccc(nc2-n2nccn2)OC)=O)C[C@@H](CC1)Oc1nccc(c1)C#N)C,"same molecule, canonical vs randomly written SMILES"
smiles_enumeration,B,smiles_enumeration_063,Clc1ccccc1OCCNCCCOc1ccccc1,c1ccccc1OCCCNCCOc1c(cccc1)Cl,"same molecule, canonical vs randomly written SMILES"
smiles_enumeration,B,smiles_enumeration_064,C=C(C)C(=O)OCCOP(=O)(O)OCCOC(=O)C(=C)C,C=C(C(OCCOP(=O)(OCCOC(=O)C(C)=C)O)=O)C,"same molecule, canonical vs randomly written SMILES"
smiles_enumeration,B,smiles_enumeration_065,Cc1ccc2[nH]c(C(=O)N[C@H]3CN(S(=O)(=O)c4ccnnc4)C[C@@H]3C(=O)NCCN(C)C)cc2c1,N(C([C@H]1CN(S(c2ccnnc2)(=O)=O)C[C@@H]1NC(c1cc2cc(C)ccc2[nH]1)=O)=O)CCN(C)C,"same molecule, canonical vs randomly written SMILES"
smiles_enumeration,B,smiles_enumeration_066,CCN(Cc1ccc(-c2cc(S(=O)(=O)CC)ccc2OC)[nH]1)Cc1ccccc1Cl,O(C)c1ccc(cc1-c1ccc(CN(CC)Cc2c(cccc2)Cl)[nH]1)S(=O)(CC)=O,"same molecule, canonical vs randomly written SMILES"
smiles_enumeration,B,smiles_enumeration_067,c1nc(CC2CCN(C3CCCCC3)CC2)c[nH]1,C1CCCC(N2CCC(CC2)Cc2c[nH]cn2)C1,"same molecule, canonical vs randomly written SMILES"
smiles_enumeration,B,smiles_enumeration_068,COC(=O)CCS,COC(CCS)=O,"same molecule, canonical vs randomly written SMILES"
smiles_enumeration,B,smiles_enumeration_069,CCCCCCCCCCCC[n+]1ccc2ccccc2c1,c1[n+](ccc2c1cccc2)CCCCCCCCCCCC,"same molecule, canonical vs randomly written SMILES"
smiles_enumeration,B,smiles_enumeration_070,NCCCC[C@H](NC(=O)[C@@H]1CCCN1C(=O)[C@H](N)CC1CCCCC1)C(=O)C(=O)O,C1CC[C@@H](C(=O)N[C@@H](CCCCN)C(=O)C(O)=O)N1C([C@H](N)CC1CCCCC1)=O,"same molecule, canonical vs randomly written SMILES"
smiles_enumeration,B,smiles_enumeration_071,OCC#Cc1ccc(OCCCN2CCCCC2)cc1,C(CN1CCCCC1)COc1ccc(cc1)C#CCO,"same molecule, canonical vs randomly written SMILES"
smiles_enumeration,B,smiles_enumeration_072,CCC(CC(=O)NCCC1CC[NH2+]C1)n1c(N)nc2cc(Cl)ccc21,C1C(C[NH2+]C1)CCNC(CC(CC)n1c(nc2cc(ccc21)Cl)N)=O,"same molecule, canonical vs randomly written SMILES"
smiles_enumeration,B,smiles_enumeration_073,Clc1ccc(OCCCN2CCC(N3CCCCC3)CC2)cc1,C1CN(CCC1N1CCCCC1)CCCOc1ccc(Cl)cc1,"same molecule, canonical vs randomly written SMILES"
smiles_enumeration,B,smiles_enumeration_074,CN(C)C1(c2ccccc2)CCC(c2ccccc2)(N(C)C)CC1,C1(CCC(CC1)(N(C)C)c1ccccc1)(c1ccccc1)N(C)C,"same molecule, canonical vs randomly written SMILES"
smiles_enumeration,B,smiles_enumeration_075,CC(C)c1nc(CN2CC[C@H](c3ccccc3)C2)cs1,CC(c1nc(cs1)CN1C[C@@H](c2ccccc2)CC1)C,"same molecule, canonical vs randomly written SMILES"
smiles_enumeration,B,smiles_enumeration_076,COc1ccc(NS(=O)(=O)c2ccc(-c3cc(C)cs3)cc2)cc1N1C[C@@H](C)N[C@@H](C)C1,O(c1c(cc(cc1)NS(c1ccc(cc1)-c1scc(C)c1)(=O)=O)N1C[C@H](N[C@@H](C)C1)C)C,"same molecule, canonical vs randomly written SMILES"
smiles_enumeration,B,smiles_enumeration_077,O=C(Nc1cnccn1)Nc1ccnc2ccc(N3CC4COCC4C3)cc12,n1ccnc(c1)NC(Nc1ccnc2ccc(N3CC4C(COC4)C3)cc21)=O,"same molecule, canonical vs randomly written SMILES"
smiles_enumeration,B,smiles_enumeration_078,Cc1ccc2c(N3CCN(CCCc4cccc5c4OCC(=O)N5C)[C@H](C)C3)cccc2n1,C1[C@@H](C)N(CCCc2c3OCC(N(C)c3ccc2)=O)CCN1c1cccc2nc(C)ccc21,"same molecule, canonical vs randomly written SMILES"
smiles_enumeration,B,smiles_enumeration_079,COc1ccccc1N1CCN(Cc2c[nH]c3ncccc23)CC1,C1CN(Cc2c3c(nccc3)[nH]c2)CCN1c1c(OC)cccc1,"same molecule, canonical vs randomly written SMILES"
smiles_enumeration,B,smiles_enumeration_080,OC1(c2ccccc2Cl)CCN(Cc2c[nH]c3ccccc23)CC1,c1c2c(ccc1)c(c[nH]2)CN1CCC(c2c(Cl)cccc2)(O)CC1,"same molecule, canonical vs randomly written SMILES"
smiles_enumeration,B,smiles_enumeration_081,CN1CCN(Cc2ccccc2-c2ccc(N3CCc4c(C(F)(F)F)nn(-c5ccc6onc(N)c6c5)c4C3=O)cc2)CC1,C(c1c(cccc1)-c1ccc(N2CCc3c(nn(-c4ccc5onc(c5c4)N)c3C2=O)C(F)(F)F)cc1)N1CCN(C)CC1,"same molecule, canonical vs randomly written SMILES"
smiles_enumeration,B,smiles_enumeration_082,CCn1cc(-c2cc3c(-c4ccc(=O)n(CC5(C(N)=O)CC5)c4)n[nH]c3cn2)cn1,[nH]1c2c(cc(-c3cnn(CC)c3)nc2)c(n1)-c1cn(c(=O)cc1)CC1(C(=O)N)CC1,"same molecule, canonical vs randomly written SMILES"
smiles_enumeration,B,smiles_enumeration_083,O=C(O)C[C@H]1C[C@@]2(O)[C@H]3Cc4ccc(O)cc4[C@@]2(CCN3CC2CC2)CC1=O,C(C[C@@H]1C(=O)C[C@]23CCN([C@H](Cc4c2cc(O)cc4)[C@@]3(C1)O)CC1CC1)(O)=O,"same molecule, canonical vs randomly written SMILES"
smiles_enumeration,B,smiles_enumeration_084,COc1ccc(Br)cc1-c1nc(CNC2CCN(Cc3ccccc3)CC2)co1,c1c(c(OC)ccc1Br)-c1nc(co1)CNC1CCN(Cc2ccccc2)CC1,"same molecule, canonical vs randomly written SMILES"
smiles_enumeration,B,smiles_enumeration_085,NC(=O)C[C@H]1COc2cc(F)ccc2N1C(=O)c1ccc2c(c1)NC(=O)CO2,[C@H]1(CC(N)=O)COc2cc(F)ccc2N1C(=O)c1ccc2OCC(=O)Nc2c1,"same molecule, canonical vs randomly written SMILES"
smiles_enumeration,B,smiles_enumeration_086,CCOC(=O)C(=O)OCC,O=C(C(OCC)=O)OCC,"same molecule, canonical vs randomly written SMILES"
smiles_enumeration,B,smiles_enumeration_087,C1=C(c2c[nH]c3ccccc23)CC2CCC1N2CCOc1cccc2c1OCCO2,c12c(c[nH]c1cccc2)C1=CC2CCC(N2CCOc2cccc3OCCOc23)C1,"same molecule, canonical vs randomly written SMILES"
smiles_enumeration,B,smiles_enumeration_088,CCCOC[C@@H]1[C@H]2CNC[C@]21c1ccc(Cl)c(Cl)c1,C1[C@@]2(c3ccc(c(Cl)c3)Cl)[C@H](COCCC)[C@H]2CN1,"same molecule, canonical vs randomly written SMILES"
smiles_enumeration,B,smiles_enumeration_089,CC(C)c1ccccc1OCCN1CCC(NS(=O)(=O)c2ccc(F)c(F)c2)CC1,c1(C(C)C)c(OCCN2CCC(CC2)NS(=O)(=O)c2ccc(F)c(c2)F)cccc1,"same molecule, canonical vs randomly written SMILES"
smiles_enumeration,B,smiles_enumeration_090,C[C@H]1C2Cc3ccc(NCc4ccccc4)cc3[C@@]1(C)CCN2CC1CC1,c1cc(NCc2ccccc2)cc2c1CC1[C@@H]([C@@]2(CCN1CC1CC1)C)C,"same molecule, canonical vs randomly written SMILES"
smiles_enumeration,B,smiles_enumeration_091,Cc1ccc([C@@](C)(O)[C@H]2CCCC3=Cc4c(-c5ccc(F)cc5)ncn4C[C@@]32C)s1,C1=C2[C@@](Cn3cnc(-c4ccc(cc4)F)c31)(C)[C@@H]([C@@](O)(C)c1sc(C)cc1)CCC2,"same molecule, canonical vs randomly written SMILES"
smiles_enumeration,B,smiles_enumeration_092,CN1CC(C)(COc2ccc(C(=N)N)cc2)Oc2cc(N(Cc3ccc(F)cc3)C(=O)C(=O)O)ccc21,C(C1(Oc2cc(ccc2N(C)C1)N(Cc1ccc(F)cc1)C(=O)C(=O)O)C)Oc1ccc(cc1)C(N)=N,"same molecule, canonical vs randomly written SMILES"
smiles_enumeration,B,smiles_enumeration_093,O=C(CCCN1CCC(O)(c2cc3ccc2CCc2ccc(cc2)CC3)CC1)c1cc2ccc1CCc1ccc(cc1)CC2,OC1(c2cc3CCc4ccc(CCc2cc3)cc4)CCN(CCCC(c2cc3CCc4ccc(CCc2cc3)cc4)=O)CC1,"same molecule, canonical vs randomly written SMILES"
smiles_enumeration,B,smiles_enumeration_094,COc1cc2c(cc1N1CCNCC1)N(S(=O)(=O)c1ccc(-c3ccccn3)s1)CC2,c12CCN(c2cc(N2CCNCC2)c(OC)c1)S(=O)(=O)c1sc(cc1)-c1ccccn1,"same molecule, canonical vs randomly written SMILES"
smiles_enumeration,B,smiles_enumeration_095,O=C(NCCCCN1CCN(c2ccccc2Cl)CC1)c1ccc(-c2ccsc2)cc1,c1scc(c1)-c1ccc(cc1)C(NCCCCN1CCN(CC1)c1ccccc1Cl)=O,"same molecule, canonical vs randomly written SMILES"
smiles_enumeration,B,smiles_enumeration_096,COCCOc1ccc(-c2nc(C)nc(N)n2)c(Nc2cnc(OC)c(F)c2)n1,n1cc(Nc2nc(OCCOC)ccc2-c2nc(N)nc(C)n2)cc(F)c1OC,"same molecule, canonical vs randomly written SMILES"
smiles_enumeration,B,smiles_enumeration_097,Cc1ccc(C)c(O)c1C,Oc1c(ccc(C)c1C)C,"same molecule, canonical vs randomly written SMILES"
smiles_enumeration,B,smiles_enumeration_098,COc1ccc(C2(c3cccc(-c4cncnc4)c3)N=C(N)N(C)C2=O)cc1C,N1(C(N)=NC(c2cc(c(cc2)OC)C)(c2cccc(c2)-c2cncnc2)C1=O)C,"same molecule, canonical vs randomly written SMILES"
smiles_enumeration,B,smiles_enumeration_099,Cc1nc(N)nc(-c2cc(Cl)cnc2Nc2cnc(Cl)c(NS(=O)(=O)N(C)C)c2)n1,c1(nc(nc(-c2cc(Cl)cnc2Nc2cc(NS(N(C)C)(=O)=O)c(nc2)Cl)n1)C)N,"same molecule, canonical vs randomly written SMILES"
kekule,B,kekule_000,CC(=N)N1CCC(Oc2ccc3cc(C(=O)N(C)C)n(Cc4ccc5ccc(C(=N)N)cc5c4)c3c2)CC1,CC(=N)N1CCC(OC2=CC=C3C=C(C(=O)N(C)C)N(CC4=CC=C5C=CC(C(=N)N)=CC5=C4)C3=C2)CC1,"same molecule, aromatic vs Kekule SMILES"
kekule,B,kekule_001,Clc1cccc(Oc2ncccc2C2CCNCC2)c1Cl,ClC1=CC=CC(OC2=NC=CC=C2C2CCNCC2)=C1Cl,"same molecule, aromatic vs Kekule SMILES"
kekule,B,kekule_002,Cn1c(SCCCN2CC3CCN(c4ccc(C#N)cc4)C3C2)nnc1-c1cnccn1,CN1C(SCCCN2CC3CCN(C4=CC=C(C#N)C=C4)C3C2)=NN=C1C1=CN=CC=N1,"same molecule, aromatic vs Kekule SMILES"
kekule,B,kekule_003,Cc1cccc(N2C[C@@H]3CCN(C(=O)c4cc(F)ccc4-n4nccn4)C[C@@H]32)n1,CC1=CC=CC(N2C[C@@H]3CCN(C(=O)C4=CC(F)=CC=C4N4N=CC=N4)C[C@@H]32)=N1,"same molecule, aromatic vs Kekule SMILES"
kekule,B,kekule_004,CCCCOc1ccc(-c2ccc(C)c(C(=O)O)c2)cc1CNC(=O)c1ccc(C(F)(F)F)cc1F,CCCCOC1=CC=C(C2=CC=C(C)C(C(=O)O)=C2)C=C1CNC(=O)C1=CC=C(C(F)(F)F)C=C1F,"same molecule, aromatic vs Kekule SMILES"
kekule,B,kekule_005,CN(c1nc2ccccc2s1)C1CCN(CCCCOc2ccccc2)C1,CN(C1=NC2=CC=CC=C2S1)C1CCN(CCCCOC2=CC=CC=C2)C1,"same molecule, aromatic vs Kekule SMILES"
kekule,B,kekule_006,CCOc1cc(CN2CCC(Nc3nc4ccccc4o3)CC2)ccc1F,CCOC1=CC(CN2CCC(NC3=NC4=CC=CC=C4O3)CC2)=CC=C1F,"same molecule, aromatic vs Kekule SMILES"
kekule,B,kekule_007,Clc1ccc2c(Nc3ccc(OCCCN4CCCCC4)cc3)ccnc2c1,ClC1=CC=C2C(=C1)N=CC=C2NC1=CC=C(OCCCN2CCCCC2)C=C1,"same molecule, aromatic vs Kekule SMILES"
kekule,B,kekule_008,CN1CCN(S(=O)(=O)c2ccc(-c3cnc(N)c(C(=O)Nc4cccnc4)n3)c(C(F)(F)F)c2)CC1,CN1CCN(S(=O)(=O)C2=CC=C(C3=CN=C(N)C(C(=O)NC4=CC=CN=C4)=N3)C(C(F)(F)F)=C2)CC1,"same molecule, aromatic vs Kekule SMILES"
kekule,B,kekule_009,CC(C)N(CCN1C=CC=CC=C1)C(=O)[C@H](C)N1CC[C@H](NS(=O)(=O)c2ccc3cc(Cl)ccc3c2)C1=O,CC(C)N(CCN1C=CC=CC=C1)C(=O)[C@H](C)N1CC[C@H](NS(=O)(=O)C2=CC=C3C=C(Cl)C=CC3=C2)C1=O,"same molecule, aromatic vs Kekule SMILES"
kekule,B,kekule_010,Cc1ccccc1C(c1ccccc1C)N1CCC(O)(c2ccccc2CN)CC1,CC1=CC=CC=C1C(C1=CC=CC=C1C)N1CCC(O)(C2=CC=CC=C2CN)CC1,"same molecule, aromatic vs Kekule SMILES"
kekule,B,kekule_011,O=C(N[C@@H]1CC[C@@]2(O)[C@H]3Cc4ccc(O)c5c4[C@@]2(CCN3CC2CC2)[C@H]1O5)c1ccccc1,O=C(N[C@@H]1CC[C@@]2(O)[C@H]3CC4=CC=C(O)C5=C4[C@@]2(CCN3CC2CC2)[C@H]1O5)C1=CC=CC=C1,"same molecule, aromatic vs Kekule SMILES"
kekule,B,kekule_012,O=C(NCCCCN1CCN(C(c2ccccc2)c2ccccc2)CC1)c1cccs1,O=C(NCCCCN1CCN(C(C2=CC=CC=C2)C2=CC=CC=C2)CC1)C1=CC=CS1,"same molecule, aromatic vs Kekule SMILES"
kekule,B,kekule_013,COc1ccc(N2CCN(CC[C@H]3CC[C@H](NC(=O)c4cccs4)CC3)CC2)cc1,COC1=CC=C(N2CCN(CC[C@H]3CC[C@H](NC(=O)C4=CC=CS4)CC3)CC2)C=C1,"same molecule, aromatic vs Kekule SMILES"
kekule,B,kekule_014,COc1ccc(CNCc2ccc(Oc3cccnc3)c(F)c2)cc1O,COC1=CC=C(CNCC2=CC=C(OC3=CC=CN=C3)C(F)=C2)C=C1O,"same molecule, aromatic vs Kekule SMILES"
kekule,B,kekule_015,C[C@H]1[C@H]2Cc3ccc(C(N)=O)cc3[C@@]1(C)CCN2C[C@H]1CCCO1,C[C@H]1[C@H]2CC3=CC=C(C(N)=O)C=C3[C@@]1(C)CCN2C[C@H]1CCCO1,"same molecule, aromatic vs Kekule SMILES"
kekule,B,kekule_016,Cc1cc(OCCCON=C(N)N)cc(C(=O)N(Cc2ccccn2)CC2CC2)c1,CC1=CC(OCCCON=C(N)N)=CC(C(=O)N(CC2=CC=CC=N2)CC2CC2)=C1,"same molecule, aromatic vs Kekule SMILES"
kekule,B,kekule_017,O=c1c(NCc2ccc(Cl)cc2)c(Nc2ccncc2)c1=O,O=C1C(=O)C(NC2=CC=NC=C2)=C1NCC1=CC=C(Cl)C=C1,"same molecule, aromatic vs Kekule SMILES"
kekule,B,kekule_018,Cc1c(-c2ccccc2Cl)nc(O)n1C1CCN(Cc2ccccc2)CC1,CC1=C(C2=CC=CC=C2Cl)N=C(O)N1C1CCN(CC2=CC=CC=C2)CC1,"same molecule, aromatic vs Kekule SMILES"
kekule,B,kekule_019,C[C@H]1C2Cc3cc([N+](=O)[O-])c(O)cc3[C@@]1(C)CCN2CC1CC1,C[C@H]1C2CC3=CC([N+](=O)[O-])=C(O)C=C3[C@@]1(C)CCN2CC1CC1,"same molecule, aromatic vs Kekule SMILES"
kekule,B,kekule_020,Cc1ccc(NS(=O)(=O)Cc2ccccc2)c(=O)n1CC(=O)NC[C@@H]1CNC(N)=N[C@@H]1C,CC1=CC=C(NS(=O)(=O)CC2=CC=CC=C2)C(=O)N1CC(=O)NC[C@@H]1CNC(N)=N[C@@H]1C,"same molecule, aromatic vs Kekule SMILES"
kekule,B,kekule_021,Cc1sc(-c2ccc(Cl)cc2)nc1OC(=O)N1CCC(N2CCCCC2)CC1,CC1=C(OC(=O)N2CCC(N3CCCCC3)CC2)N=C(C2=CC=C(Cl)C=C2)S1,"same molecule, aromatic vs Kekule SMILES"
kekule,B,kekule_022,N=C(N)NCCCC1CCN(C(=O)[C@H](Cc2cccc(C(=N)N)c2)NS(=O)(=O)c2ccc3ccccc3c2)CC1,N=C(N)NCCCC1CCN(C(=O)[C@H](CC2=CC=CC(C(=N)N)=C2)NS(=O)(=O)C2=CC=C3C=CC=CC3=C2)CC1,"same molecule, aromatic vs Kekule SMILES"
kekule,B,kekule_023,COC(=O)/C=C1/CN2C3CCC2C1C(c1ccc(Br)cc1)C3,COC(=O)/C=C1/CN2C3CCC2C1C(C1=CC=C(Br)C=C1)C3,"same molecule, aromatic vs Kekule SMILES"
kekule,B,kekule_024,NC1=[NH+]C(c2ccc(OC(F)(F)F)cc2)(c2cccc(-c3cccnc3F)c2)C2=NCCCN21,NC1=[NH+]C(C2=CC=C(OC(F)(F)F)C=C2)(C2=CC=CC(C3=CC=CN=C3F)=C2)C2=NCCCN21,"same molecule, aromatic vs Kekule SMILES"
kekule,B,kekule_025,NC(=O)[C@@H]1CSSC[C@@H](NC(=O)[C@@H](N)Cc2ccc(O)cc2)C(=O)N[C@@H](Cc2ccccc2)C(=O)N[C@@H](Cc2cccc3ccccc23)C(=O)N1,NC(=O)[C@@H]1CSSC[C@@H](NC(=O)[C@@H](N)CC2=CC=C(O)C=C2)C(=O)N[C@@H](CC2=CC=CC=C2)C(=O)N[C@@H](CC2=CC=CC3=CC=CC=C32)C(=O)N1,"same molecule, aromatic vs Kekule SMILES"
kekule,B,kekule_026,Cc1sc(C)c2c1CCCc1c(CN(C)C)n[nH]c1-2,CC1=C2CCCC3=C(NN=C3CN(C)C)C2=C(C)S1,"same molecule, aromatic vs Kekule SMILES"
kekule,B,kekule_027,O=C(N[C@@]12CCC(=O)[C@@H]3Oc4c(O)ccc5c4[C@@]31CCN(CC1CC1)[C@@H]2C5)c1ccncc1,O=C(N[C@@]12CCC(=O)[C@@H]3OC4=C(O)C=CC5=C4[C@@]31CCN(CC1CC1)[C@@H]2C5)C1=CC=NC=C1,"same molecule, aromatic vs Kekule SMILES"
kekule,B,kekule_028,O=C(Nc1ccc(Cl)cc1C(=O)O)c1cccc(S(=O)(=O)N2CCc3c(O)cccc3C2)c1,O=C(O)C1=CC(Cl)=CC=C1NC(=O)C1=CC=CC(S(=O)(=O)N2CCC3=C(O)C=CC=C3C2)=C1,"same molecule, aromatic vs Kekule SMILES"
kekule,B,kekule_029,COc1cccc(C[NH2+]C[C@H](O)[C@H](Cc2cc(F)cc(F)c2)NC(=O)c2cc(C(C)=O)cc(N3CCCCS3(=O)=O)c2)c1,COC1=CC=CC(C[NH2+]C[C@H](O)[C@H](CC2=CC(F)=CC(F)=C2)NC(=O)C2=CC(C(C)=O)=CC(N3CCCCS3(=O)=O)=C2)=C1,"same molecule, aromatic vs Kekule SMILES"
kekule,B,kekule_030,CS(=O)(=O)N(c1cccnc1)c1cccc(C(=O)NC(Cc2ccccc2)C(O)C[NH2+]Cc2cccc(C(F)(F)F)c2)c1,CS(=O)(=O)N(C1=CC=CN=C1)C1=CC=CC(C(=O)NC(CC2=CC=CC=C2)C(O)C[NH2+]CC2=CC=CC(C(F)(F)F)=C2)=C1,"same molecule, aromatic vs Kekule SMILES"
kekule,B,kekule_031,CCC(C(=O)O)C1CCc2cc(OCCc3nc(-c4ccc5c(c4)OCO5)oc3C)ccc21,CCC(C(=O)O)C1CCC2=CC(OCCC3=C(C)OC(C4=CC=C5OCOC5=C4)=N3)=CC=C21,"same molecule, aromatic vs Kekule SMILES"
kekule,B,kekule_032,CCCc1c2oc(C(=O)O)cc(=O)c2cc2c(=O)cc(C(=O)O)n(CC)c12,CCCC1=C2OC(C(=O)O)=CC(=O)C2=CC2=C1N(CC)C(C(=O)O)=CC2=O,"same molecule, aromatic vs Kekule SMILES"
kekule,B,kekule_033,CN1CCC(Oc2ccc(C#N)cc2)CC1,CN1CCC(OC2=CC=C(C#N)C=C2)CC1,"same molecule, aromatic vs Kekule SMILES"
kekule,B,kekule_034,CC[C@@]12CCN(CC3CC3)C[C@@H]1Oc1ccc(O)cc12,CC[C@@]12CCN(CC3CC3)C[C@@H]1OC1=CC=C(O)C=C12,"same molecule, aromatic vs Kekule SMILES"
kekule,B,kekule_035,CN(CCN1CCCC1)C1CCc2cc(Cl)c(Cl)cc2C1,CN(CCN1CCCC1)C1CCC2=CC(Cl)=C(Cl)C=C2C1,"same molecule, aromatic vs Kekule SMILES"
kekule,B,kekule_036,CCCCCS(=O)(=O)NC(=O)/C=C/c1ccc(OCCOC2CC2)cc1Oc1ncc(C(F)(F)F)cc1Cl,CCCCCS(=O)(=O)NC(=O)/C=C/C1=CC=C(OCCOC2CC2)C=C1OC1=NC=C(C(F)(F)F)C=C1Cl,"same molecule, aromatic vs Kekule SMILES"
kekule,B,kekule_037,Cc1ccc2c(N3CCN(CCc4ccc5c(c4)NC(=O)CO5)CC3)ccc(Cl)c2n1,CC1=CC=C2C(N3CCN(CCC4=CC=C5OCC(=O)NC5=C4)CC3)=CC=C(Cl)C2=N1,"same molecule, aromatic vs Kekule SMILES"
kekule,B,kekule_038,Clc1ccc(-c2cc(C3CCN(CCc4ccccc4)CC3)[nH]n2)cc1,ClC1=CC=C(C2=NNC(C3CCN(CCC4=CC=CC=C4)CC3)=C2)C=C1,"same molecule, aromatic vs Kekule SMILES"
kekule,B,kekule_039,CNC(=O)CCCC1CCN(C(=O)[C@H](Cc2cccc(C(=N)N)c2)NS(=O)(=O)c2cccc(-c3ccc(Cl)c(Cl)c3)c2)CC1,CNC(=O)CCCC1CCN(C(=O)[C@H](CC2=CC=CC(C(=N)N)=C2)NS(=O)(=O)C2=CC=CC(C3=CC=C(Cl)C(Cl)=C3)=C2)CC1,"same molecule, aromatic vs Kekule SMILES"
kekule,B,kekule_040,CN(C)c1cnc2ccc(-c3cnc(Cl)c(NS(=O)(=O)c4ccc(F)cc4)c3)cc2n1,CN(C)C1=CN=C2C=CC(C3=CN=C(Cl)C(NS(=O)(=O)C4=CC=C(F)C=C4)=C3)=CC2=N1,"same molecule, aromatic vs Kekule SMILES"
kekule,B,kekule_041,CCc1ccc(Br)cc1,CCC1=CC=C(Br)C=C1,"same molecule, aromatic vs Kekule SMILES"
kekule,B,kekule_042,COc1ccccc1N1CCN(CCCCNC(=O)c2cc3ccc(C#N)cc3[nH]2)CC1,COC1=CC=CC=C1N1CCN(CCCCNC(=O)C2=CC3=CC=C(C#N)C=C3N2)CC1,"same molecule, aromatic vs Kekule SMILES"
kekule,B,kekule_043,CN1CCN(c2nc(N)nc(CSc3ccccc3)n2)CC1,CN1CCN(C2=NC(N)=NC(CSC3=CC=CC=C3)=N2)CC1,"same molecule, aromatic vs Kekule SMILES"
kekule,B,kekule_044,N=C(N)c1ccc(O)c(Oc2cc(C(=O)O)cc(Oc3cccc(-n4ccnc4)c3)n2)c1,N=C(N)C1=CC=C(O)C(OC2=CC(C(=O)O)=CC(OC3=CC=CC(N4C=CN=C4)=C3)=N2)=C1,"same molecule, aromatic vs Kekule SMILES"
kekule,B,kekule_045,CCOC(=O)CCCN1CCC(n2cc(NC(=O)c3c(N)nn4cccnc34)c(-c3cc(Cl)ccc3OC(F)F)n2)CC1,CCOC(=O)CCCN1CCC(N2C=C(NC(=O)C3=C4N=CC=CN4N=C3N)C(C3=CC(Cl)=CC=C3OC(F)F)=N2)CC1,"same molecule, aromatic vs Kekule SMILES"
kekule,B,kekule_046,CCn1ncc(NC(=O)c2nc(-c3ccccc3F)sc2N)c1N1CCC(N)C(OC)CC1,CCN1N=CC(NC(=O)C2=C(N)SC(C3=CC=CC=C3F)=N2)=C1N1CCC(N)C(OC)CC1,"same molecule, aromatic vs Kekule SMILES"
kekule,B,kekule_047,C[C@H](C1=C(CCN(C)Cc2nccs2)Cc2ccccc21)c1cnccn1,C[C@@H](C1=CN=CC=N1)C1=C(CCN(C)CC2=NC=CS2)CC2=CC=CC=C21,"same molecule, aromatic vs Kekule SMILES"
kekule,B,kekule_048,Cc1ncc(CO)cc1-c1ccc2cc(NC(=O)C3CC3)ncc2c1,CC1=NC=C(CO)C=C1C1=CC=C2C=C(NC(=O)C3CC3)N=CC2=C1,"same molecule, aromatic vs Kekule SMILES"
kekule,B,kekule_049,Cc1cccc(C(c2ccccc2)N2CCC(O)(c3ccccc3)CC2)c1,CC1=CC=CC(C(C2=CC=CC=C2)N2CCC(O)(C3=CC=CC=C3)CC2)=C1,"same molecule, aromatic vs Kekule SMILES"
kekule,B,kekule_050,CN(C)C1(c2ccccc2)CCC2(CC1)NCCc1c2[nH]c2ccccc12,CN(C)C1(C2=CC=CC=C2)CCC2(CC1)NCCC1=C2NC2=CC=CC=C21,"same molecule, aromatic vs Kekule SMILES"
kekule,B,kekule_051,CC(C)[C@H]1C(=O)N2CCC[C@H]2[C@]2(O)O[C@](NC(=O)[C@@H]3C=C4c5cccc6[nH]cc(c56)C[C@H]4N(C)C3)(C(C)C)C(=O)N12,CC(C)[C@H]1C(=O)N2CCC[C@H]2[C@]2(O)O[C@](NC(=O)[C@@H]3C=C4C5=CC=CC6=C5C(=CN6)C[C@H]4N(C)C3)(C(C)C)C(=O)N12,"same molecule, aromatic vs Kekule SMILES"
kekule,B,kekule_052,CCCNC1CCc2c(cccc2OC)C1,CCCNC1CCC2=C(C=CC=C2OC)C1,"same molecule, aromatic vs Kekule SMILES"
kekule,B,kekule_053,Cc1nc2ccccn2c1-c1csc(Nc2ccc(O)cc2)n1,CC1=C(C2=CSC(NC3=CC=C(O)C=C3)=N2)N2C=CC=CC2=N1,"same molecule, aromatic vs Kekule SMILES"
kekule,B,kekule_054,CC(C)(C)c1cccc(C[NH2+]C2CS(=O)(=O)CC(Cc3cc(F)c4c(c3)C3(CCC3)CN4)C2O)c1,CC(C)(C)C1=CC=CC(C[NH2+]C2CS(=O)(=O)CC(CC3=CC(F)=C4NCC5(CCC5)C4=C3)C2O)=C1,"same molecule, aromatic vs Kekule SMILES"
kekule,B,kekule_055,Cc1ccc(NC(=O)c2cccc(S(=O)(=O)n3ccc4ccc(Cl)cc43)c2)c(C(=O)O)c1,CC1=CC=C(NC(=O)C2=CC=CC(S(=O)(=O)N3C=CC4=CC=C(Cl)C=C43)=C2)C(C(=O)O)=C1,"same molecule, aromatic vs Kekule SMILES"
kekule,B,kekule_056,C=C(Br)CN1[C@H]2CC[C@@H]1[C@@H](C(=O)OC)[C@@H](c1ccc(I)cc1)C2,C=C(Br)CN1[C@H]2CC[C@@H]1[C@@H](C(=O)OC)[C@@H](C1=CC=C(I)C=C1)C2,"same molecule, aromatic vs Kekule SMILES"
kekule,B,kekule_057,COc1ccc(C(=O)N2C[C@H](Oc3cc(C#N)ccn3)CC[C@H]2C)c(-n2nccn2)n1,COC1=CC=C(C(=O)N2C[C@H](OC3=CC(C#N)=CC=N3)CC[C@H]2C)C(N2N=CC=N2)=N1,"same molecule, aromatic vs Kekule SMILES"
kekule,B,kekule_058,Clc1ccccc1OCCNCCCOc1ccccc1,ClC1=CC=CC=C1OCCNCCCOC1=CC=CC=C1,"same molecule, aromatic vs Kekule SMILES"
kekule,B,kekule_059,Cc1ccc2[nH]c(C(=O)N[C@H]3CN(S(=O)(=O)c4ccnnc4)C[C@@H]3C(=O)NCCN(C)C)cc2c1,CC1=CC=C2NC(C(=O)N[C@H]3CN(S(=O)(=O)C4=CC=NN=C4)C[C@@H]3C(=O)NCCN(C)C)=CC2=C1,"same molecule, aromatic vs Kekule SMILES"
kekule,B,kekule_060,CCN(Cc1ccc(-c2cc(S(=O)(=O)CC)ccc2OC)[nH]1)Cc1ccccc1Cl,CCN(CC1=CC=C(C2=CC(S(=O)(=O)CC)=CC=C2OC)N1)CC1=CC=CC=C1Cl,"same molecule, aromatic vs Kekule SMILES"
kekule,B,kekule_061,c1nc(CC2CCN(C3CCCCC3)CC2)c[nH]1,C1=NC(CC2CCN(C3CCCCC3)CC2)=CN1,"same molecule, aromatic vs Kekule SMILES"
kekule,B,kekule_062,CCCCCCCCCCCC[n+]1ccc2ccccc2c1,CCCCCCCCCCCC[N+]1=CC=C2C=CC=CC2=C1,"same molecule, aromatic vs Kekule SMILES"
kekule,B,kekule_063,OCC#Cc1ccc(OCCCN2CCCCC2)cc1,OCC#CC1=CC=C(OCCCN2CCCCC2)C=C1,"same molecule, aromatic vs Kekule SMILES"
kekule,B,kekule_064,CCC(CC(=O)NCCC1CC[NH2+]C1)n1c(N)nc2cc(Cl)ccc21,CCC(CC(=O)NCCC1CC[NH2+]C1)N1C2=CC=C(Cl)C=C2N=C1N,"same molecule, aromatic vs Kekule SMILES"
kekule,B,kekule_065,Clc1ccc(OCCCN2CCC(N3CCCCC3)CC2)cc1,ClC1=CC=C(OCCCN2CCC(N3CCCCC3)CC2)C=C1,"same molecule, aromatic vs Kekule SMILES"
kekule,B,kekule_066,CN(C)C1(c2ccccc2)CCC(c2ccccc2)(N(C)C)CC1,CN(C)C1(C2=CC=CC=C2)CCC(C2=CC=CC=C2)(N(C)C)CC1,"same molecule, aromatic vs Kekule SMILES"
kekule,B,kekule_067,CC(C)c1nc(CN2CC[C@H](c3ccccc3)C2)cs1,CC(C)C1=NC(CN2CC[C@H](C3=CC=CC=C3)C2)=CS1,"same molecule, aromatic vs Kekule SMILES"
kekule,B,kekule_068,COc1ccc(NS(=O)(=O)c2ccc(-c3cc(C)cs3)cc2)cc1N1C[C@@H](C)N[C@@H](C)C1,COC1=CC=C(NS(=O)(=O)C2=CC=C(C3=CC(C)=CS3)C=C2)C=C1N1C[C@@H](C)N[C@@H](C)C1,"same molecule, aromatic vs Kekule SMILES"
kekule,B,kekule_069,O=C(Nc1cnccn1)Nc1ccnc2ccc(N3CC4COCC4C3)cc12,O=C(NC1=CN=CC=N1)NC1=CC=NC2=CC=C(N3CC4COCC4C3)C=C21,"same molecule, aromatic vs Kekule SMILES"
kekule,B,kekule_070,Cc1ccc2c(N3CCN(CCCc4cccc5c4OCC(=O)N5C)[C@H](C)C3)cccc2n1,CC1=CC=C2C(N3CCN(CCCC4=CC=CC5=C4OCC(=O)N5C)[C@H](C)C3)=CC=CC2=N1,"same molecule, aromatic vs Kekule SMILES"
kekule,B,kekule_071,COc1ccccc1N1CCN(Cc2c[nH]c3ncccc23)CC1,COC1=CC=CC=C1N1CCN(CC2=CNC3=NC=CC=C23)CC1,"same molecule, aromatic vs Kekule SMILES"
kekule,B,kekule_072,OC1(c2ccccc2Cl)CCN(Cc2c[nH]c3ccccc23)CC1,OC1(C2=CC=CC=C2Cl)CCN(CC2=CNC3=CC=CC=C23)CC1,"same molecule, aromatic vs Kekule SMILES"
kekule,B,kekule_073,CN1CCN(Cc2ccccc2-c2ccc(N3CCc4c(C(F)(F)F)nn(-c5ccc6onc(N)c6c5)c4C3=O)cc2)CC1,CN1CCN(CC2=CC=CC=C2C2=CC=C(N3CCC4=C(C3=O)N(C3=CC=C5ON=C(N)C5=C3)N=C4C(F)(F)F)C=C2)CC1,"same molecule, aromatic vs Kekule SMILES"
kekule,B,kekule_074,CCn1cc(-c2cc3c(-c4ccc(=O)n(CC5(C(N)=O)CC5)c4)n[nH]c3cn2)cn1,CCN1C=C(C2=CC3=C(C=N2)NN=C3C2=CN(CC3(C(N)=O)CC3)C(=O)C=C2)C=N1,"same molecule, aromatic vs Kekule SMILES"
kekule,B,kekule_075,O=C(O)C[C@H]1C[C@@]2(O)[C@H]3Cc4ccc(O)cc4[C@@]2(CCN3CC2CC2)CC1=O,O=C(O)C[C@H]1C[C@@]2(O)[C@H]3CC4=CC=C(O)C=C4[C@@]2(CCN3CC2CC2)CC1=O,"same molecule, aromatic vs Kekule SMILES"
kekule,B,kekule_076,COc1ccc(Br)cc1-c1nc(CNC2CCN(Cc3ccccc3)CC2)co1,COC1=CC=C(Br)C=C1C1=NC(CNC2CCN(CC3=CC=CC=C3)CC2)=CO1,"same molecule, aromatic vs Kekule SMILES"
kekule,B,kekule_077,NC(=O)C[C@H]1COc2cc(F)ccc2N1C(=O)c1ccc2c(c1)NC(=O)CO2,NC(=O)C[C@H]1COC2=CC(F)=CC=C2N1C(=O)C1=CC=C2OCC(=O)NC2=C1,"same molecule, aromatic vs Kekule SMILES"
kekule,B,kekule_078,C1=C(c2c[nH]c3ccccc23)CC2CCC1N2CCOc1cccc2c1OCCO2,C1=CC=C2C(=C1)NC=C2C1=CC2CCC(C1)N2CCOC1=CC=CC2=C1OCCO2,"same molecule, aromatic vs Kekule SMILES"
kekule,B,kekule_079,CCCOC[C@@H]1[C@H]2CNC[C@]21c1ccc(Cl)c(Cl)c1,CCCOC[C@@H]1[C@H]2CNC[C@]21C1=CC=C(Cl)C(Cl)=C1,"same molecule, aromatic vs Kekule SMILES"
kekule,B,kekule_080,CC(C)c1ccccc1OCCN1CCC(NS(=O)(=O)c2ccc(F)c(F)c2)CC1,CC(C)C1=CC=CC=C1OCCN1CCC(NS(=O)(=O)C2=CC=C(F)C(F)=C2)CC1,"same molecule, aromatic vs Kekule SMILES"
kekule,B,kekule_081,C[C@H]1C2Cc3ccc(NCc4ccccc4)cc3[C@@]1(C)CCN2CC1CC1,C[C@H]1C2CC3=CC=C(NCC4=CC=CC=C4)C=C3[C@@]1(C)CCN2CC1CC1,"same molecule, aromatic vs Kekule SMILES"
kekule,B,kekule_082,Cc1ccc([C@@](C)(O)[C@H]2CCCC3=Cc4c(-c5ccc(F)cc5)ncn4C[C@@]32C)s1,CC1=CC=C([C@@](C)(O)[C@H]2CCCC3=CC4=C(C5=CC=C(F)C=C5)N=CN4C[C@@]32C)S1,"same molecule, aromatic vs Kekule SMILES"
kekule,B,kekule_083,CN1CC(C)(COc2ccc(C(=N)N)cc2)Oc2cc(N(Cc3ccc(F)cc3)C(=O)C(=O)O)ccc21,CN1CC(C)(COC2=CC=C(C(=N)N)C=C2)OC2=CC(N(CC3=CC=C(F)C=C3)C(=O)C(=O)O)=CC=C21,"same molecule, aromatic vs Kekule SMILES"
kekule,B,kekule_084,O=C(CCCN1CCC(O)(c2cc3ccc2CCc2ccc(cc2)CC3)CC1)c1cc2ccc1CCc1ccc(cc1)CC2,O=C(CCCN1CCC(O)(C2=CC3=CC=C2CCC2=CC=C(C=C2)CC3)CC1)C1=CC2=CC=C1CCC1=CC=C(C=C1)CC2,"same molecule, aromatic vs Kekule SMILES"
kekule,B,kekule_085,COc1cc2c(cc1N1CCNCC1)N(S(=O)(=O)c1ccc(-c3ccccn3)s1)CC2,COC1=CC2=C(C=C1N1CCNCC1)N(S(=O)(=O)C1=CC=C(C3=CC=CC=N3)S1)CC2,"same molecule, aromatic vs Kekule SMILES"
kekule,B,kekule_086,O=C(NCCCCN1CCN(c2ccccc2Cl)CC1)c1ccc(-c2ccsc2)cc1,O=C(NCCCCN1CCN(C2=CC=CC=C2Cl)CC1)C1=CC=C(C2=CSC=C2)C=C1,"same molecule, aromatic vs Kekule SMILES"
kekule,B,kekule_087,COCCOc1ccc(-c2nc(C)nc(N)n2)c(Nc2cnc(OC)c(F)c2)n1,COCCOC1=CC=C(C2=NC(C)=NC(N)=N2)C(NC2=CN=C(OC)C(F)=C2)=N1,"same molecule, aromatic vs Kekule SMILES"
kekule,B,kekule_088,Cc1ccc(C)c(O)c1C,CC1=CC=C(C)C(O)=C1C,"same molecule, aromatic vs Kekule SMILES"
kekule,B,kekule_089,COc1ccc(C2(c3cccc(-c4cncnc4)c3)N=C(N)N(C)C2=O)cc1C,COC1=CC=C(C2(C3=CC=CC(C4=CN=CN=C4)=C3)N=C(N)N(C)C2=O)C=C1C,"same molecule, aromatic vs Kekule SMILES"
kekule,B,kekule_090,Cc1nc(N)nc(-c2cc(Cl)cnc2Nc2cnc(Cl)c(NS(=O)(=O)N(C)C)c2)n1,CC1=NC(N)=NC(C2=CC(Cl)=CN=C2NC2=CN=C(Cl)C(NS(=O)(=O)N(C)C)=C2)=N1,"same molecule, aromatic vs Kekule SMILES"
kekule,B,kekule_091,CNCCCC[C@@H](NC(=O)[C@@H](CC(C)C)NC(=O)[C@@H](Cc1ccccc1)NC(=O)[C@H](N)Cc1ccccc1)C(=O)N1CCCN(C(=N)N)CC1,CNCCCC[C@@H](NC(=O)[C@@H](CC(C)C)NC(=O)[C@@H](CC1=CC=CC=C1)NC(=O)[C@H](N)CC1=CC=CC=C1)C(=O)N1CCCN(C(=N)N)CC1,"same molecule, aromatic vs Kekule SMILES"
kekule,B,kekule_092,Cc1cn[nH]c1,CC1=CNN=C1,"same molecule, aromatic vs Kekule SMILES"
kekule,B,kekule_093,COc1nc(NC(C)C)nc(NC(C)C)n1,COC1=NC(NC(C)C)=NC(NC(C)C)=N1,"same molecule, aromatic vs Kekule SMILES"
kekule,B,kekule_094,CCN(CC)C(=O)c1ccc(C2=CC3(CCOCC3)Oc3ccccc32)cc1,CCN(CC)C(=O)C1=CC=C(C2=CC3(CCOCC3)OC3=CC=CC=C32)C=C1,"same molecule, aromatic vs Kekule SMILES"
kekule,B,kekule_095,N=C(N)NC(=O)Cc1c(Cl)cccc1Cl,N=C(N)NC(=O)CC1=C(Cl)C=CC=C1Cl,"same molecule, aromatic vs Kekule SMILES"
kekule,B,kekule_096,CCC(CC)C(=O)N(Cc1ccccc1)[C@H](C)CN1[C@@H]2CC[C@H]1C[C@@H](c1cccc(O)c1)C2,CCC(CC)C(=O)N(CC1=CC=CC=C1)[C@H](C)CN1[C@@H]2CC[C@H]1C[C@@H](C1=CC=CC(O)=C1)C2,"same molecule, aromatic vs Kekule SMILES"
kekule,B,kekule_097,NC(=O)[C@@H]1Cc2ccccc2CN1C(=O)CCCCN1CCN(c2noc3ccccc23)CC1,NC(=O)[C@@H]1CC2=CC=CC=C2CN1C(=O)CCCCN1CCN(C2=NOC3=CC=CC=C32)CC1,"same molecule, aromatic vs Kekule SMILES"
kekule,B,kekule_098,CO[C@]12CC[C@@]3(C[C@@H]1[C@@](C)(O)C(C)(C)C)[C@H]1Cc4cc(Br)c(O)c5c4[C@@]3(CCN1CC1CC1)[C@H]2O5,CO[C@]12CC[C@@]3(C[C@@H]1[C@@](C)(O)C(C)(C)C)[C@H]1CC4=CC(Br)=C(O)C5=C4[C@@]3(CCN1CC1CC1)[C@H]2O5,"same molecule, aromatic vs Kekule SMILES"
kekule,B,kekule_099,c1ccc(-c2cccc(N3CCNCC3)c2)cc1,C1=CC=C(C2=CC=CC(N3CCNCC3)=C2)C=C1,"same molecule, aromatic vs Kekule SMILES"
symmetry_equivalent,B,symmetry_equivalent_000,Cc1cc(C#N)ccc1N1CCC2CN(CCCSc3nnc(-c4cnccn4)n3C)CC21,Cc1cc(C#N)ccc1N1CCC2CN(CCCSc3nnc(-c4cnccn4)n3C)CC21,+CH3 at equivalent positions 14 / 20
symmetry_equivalent,B,symmetry_equivalent_001,Cc1cccc(N2C[C@@H]3CCN(C(=O)c4cc(F)ccc4-n4ncc(C)n4)C[C@@H]32)n1,Cc1cccc(N2C[C@@H]3CCN(C(=O)c4cc(F)ccc4-n4ncc(C)n4)C[C@@H]32)n1,+CH3 at equivalent positions 23 / 24
symmetry_equivalent,B,symmetry_equivalent_002,Cc1ccccc1OCCCCN1CCC(N(C)c2nc3ccccc3s2)C1,Cc1ccccc1OCCCCN1CCC(N(C)c2nc3ccccc3s2)C1,+CH3 at equivalent positions 21 / 25
symmetry_equivalent,B,symmetry_equivalent_003,Cc1cc(OCCCN2CCCCC2)ccc1Nc1ccnc2cc(Cl)ccc12,Cc1cc(OCCCN2CCCCC2)ccc1Nc1ccnc2cc(Cl)ccc12,+CH3 at equivalent positions 8 / 22
symmetry_equivalent,B,symmetry_equivalent_004,Cc1ccccc1C(c1cccc(C)c1C)N1CCC(O)(c2ccccc2CN)CC1,Cc1ccccc1C(c1cccc(C)c1C)N1CCC(O)(c2ccccc2CN)CC1,+CH3 at equivalent positions 2 / 12
symmetry_equivalent,B,symmetry_equivalent_005,Cc1ccccc1C(=O)N[C@@H]1CC[C@@]2(O)[C@H]3Cc4ccc(O)c5c4[C@@]2(CCN3CC2CC2)[C@H]1O5,Cc1ccccc1C(=O)N[C@@H]1CC[C@@]2(O)[C@H]3Cc4ccc(O)c5c4[C@@]2(CCN3CC2CC2)[C@H]1O5,+CH3 at equivalent positions 28 / 32
symmetry_equivalent,B,symmetry_equivalent_006,Cc1ccccc1C(c1ccccc1)N1CCN(CCCCNC(=O)c2cccs2)CC1,Cc1ccccc1C(c1ccccc1)N1CCN(CCCCNC(=O)c2cccs2)CC1,+CH3 at equivalent positions 13 / 17
symmetry_equivalent,B,symmetry_equivalent_007,COc1ccc(N2CCN(CC[C@H]3CC[C@H](NC(=O)c4cccs4)CC3)CC2)cc1C,COc1ccc(N2CCN(CC[C@H]3CC[C@H](NC(=O)c4cccs4)CC3)CC2)cc1C,+CH3 at equivalent positions 3 / 29
symmetry_equivalent,B,symmetry_equivalent_008,Cc1cc(Cl)ccc1CNc1c(Nc2ccncc2)c(=O)c1=O,Cc1cc(Cl)ccc1CNc1c(Nc2ccncc2)c(=O)c1=O,+CH3 at equivalent positions 6 / 11
symmetry_equivalent,B,symmetry_equivalent_009,Cc1ccccc1CN1CCC(n2c(O)nc(-c3ccccc3Cl)c2C)CC1,Cc1ccccc1CN1CCC(n2c(O)nc(-c3ccccc3Cl)c2C)CC1,+CH3 at equivalent positions 20 / 24
symmetry_equivalent,B,symmetry_equivalent_010,Cc1ccccc1CS(=O)(=O)Nc1ccc(C)n(CC(=O)NC[C@@H]2CNC(N)=N[C@@H]2C)c1=O,Cc1ccccc1CS(=O)(=O)Nc1ccc(C)n(CC(=O)NC[C@@H]2CNC(N)=N[C@@H]2C)c1=O,+CH3 at equivalent positions 11 / 15
symmetry_equivalent,B,symmetry_equivalent_011,Cc1cc(Cl)ccc1-c1nc(OC(=O)N2CCC(N3CCCCC3)CC2)c(C)s1,Cc1cc(Cl)ccc1-c1nc(OC(=O)N2CCC(N3CCCCC3)CC2)c(C)s1,+CH3 at equivalent positions 5 / 10
symmetry_equivalent,B,symmetry_equivalent_012,COC(=O)/C=C1/CN2C3CCC2C1C(c1ccc(Br)cc1C)C3,COC(=O)/C=C1/CN2C3CCC2C1C(c1ccc(Br)cc1C)C3,+CH3 at equivalent positions 15 / 20
symmetry_equivalent,B,symmetry_equivalent_013,Cc1cc(OC(F)(F)F)ccc1C1(c2cccc(-c3cccnc3F)c2)[NH+]=C(N)N2CCCN=C21,Cc1cc(OC(F)(F)F)ccc1C1(c2cccc(-c3cccnc3F)c2)[NH+]=C(N)N2CCCN=C21,+CH3 at equivalent positions 5 / 14
symmetry_equivalent,B,symmetry_equivalent_014,Cc1cc(O)ccc1C[C@H](N)C(=O)N[C@@H]1CSSC[C@@H](C(N)=O)NC(=O)[C@H](Cc2cccc3ccccc23)NC(=O)[C@H](Cc2ccccc2)NC1=O,Cc1cc(O)ccc1C[C@H](N)C(=O)N[C@@H]1CSSC[C@@H](C(N)=O)NC(=O)[C@H](Cc2cccc3ccccc23)NC(=O)[C@H](Cc2ccccc2)NC1=O,+CH3 at equivalent positions 16 / 21
symmetry_equivalent,B,symmetry_equivalent_015,Cc1cnccc1C(=O)N[C@@]12CCC(=O)[C@@H]3Oc4c(O)ccc5c4[C@@]31CCN(CC1CC1)[C@@H]2C5,Cc1cnccc1C(=O)N[C@@]12CCC(=O)[C@@H]3Oc4c(O)ccc5c4[C@@]31CCN(CC1CC1)[C@@H]2C5,+CH3 at equivalent positions 28 / 32
symmetry_equivalent,B,symmetry_equivalent_016,COc1cccc(C[NH2+]C[C@H](O)[C@H](Cc2cc(F)cc(F)c2C)NC(=O)c2cc(C(C)=O)cc(N3CCCCS3(=O)=O)c2)c1,COc1cccc(C[NH2+]C[C@H](O)[C@H](Cc2cc(F)cc(F)c2C)NC(=O)c2cc(C(C)=O)cc(N3CCCCS3(=O)=O)c2)c1,+CH3 at equivalent positions 15 / 21
symmetry_equivalent,B,symmetry_equivalent_017,Cc1ccccc1CC(NC(=O)c1cccc(N(c2cccnc2)S(C)(=O)=O)c1)C(O)C[NH2+]Cc1cccc(C(F)(F)F)c1,Cc1ccccc1CC(NC(=O)c1cccc(N(c2cccnc2)S(C)(=O)=O)c1)C(O)C[NH2+]Cc1cccc(C(F)(F)F)c1,+CH3 at equivalent positions 22 / 26
symmetry_equivalent,B,symmetry_equivalent_018,Cc1cc(C#N)ccc1OC1CCN(C)CC1,Cc1cc(C#N)ccc1OC1CCN(C)CC1,+CH3 at equivalent positions 7 / 13
symmetry_equivalent,B,symmetry_equivalent_019,Cc1cc(-c2cc(C3CCN(CCc4ccccc4)CC3)[nH]n2)ccc1Cl,Cc1cc(-c2cc(C3CCN(CCc4ccccc4)CC3)[nH]n2)ccc1Cl,+CH3 at equivalent positions 2 / 25
symmetry_equivalent,B,symmetry_equivalent_020,Cc1cc(F)ccc1S(=O)(=O)Nc1cc(-c2ccc3ncc(N(C)C)nc3c2)cnc1Cl,Cc1cc(F)ccc1S(=O)(=O)Nc1cc(-c2ccc3ncc(N(C)C)nc3c2)cnc1Cl,+CH3 at equivalent positions 21 / 26
symmetry_equivalent,B,symmetry_equivalent_021,CCc1ccc(Br)cc1C,CCc1ccc(Br)cc1C,+CH3 at equivalent positions 3 / 8
symmetry_equivalent,B,symmetry_equivalent_022,Cc1ccccc1SCc1nc(N)nc(N2CCN(C)CC2)n1,Cc1ccccc1SCc1nc(N)nc(N2CCN(C)CC2)n1,+CH3 at equivalent positions 14 / 18
symmetry_equivalent,B,symmetry_equivalent_023,Cc1cccc(C(c2ccccc2C)N2CCC(O)(c3ccccc3)CC2)c1,Cc1cccc(C(c2ccccc2C)N2CCC(O)(c3ccccc3)CC2)c1,+CH3 at equivalent positions 8 / 12
symmetry_equivalent,B,symmetry_equivalent_024,Cc1ccccc1C1(N(C)C)CCC2(CC1)NCCc1c2[nH]c2ccccc12,Cc1ccccc1C1(N(C)C)CCC2(CC1)NCCc1c2[nH]c2ccccc12,+CH3 at equivalent positions 5 / 9
symmetry_equivalent,B,symmetry_equivalent_025,Cc1cc(O)ccc1Nc1nc(-c2c(C)nc3ccccn23)cs1,Cc1cc(O)ccc1Nc1nc(-c2c(C)nc3ccccn23)cs1,+CH3 at equivalent positions 16 / 21
symmetry_equivalent,B,symmetry_equivalent_026,C=C(Br)CN1[C@H]2CC[C@@H]1[C@@H](C(=O)OC)[C@@H](c1ccc(I)cc1C)C2,C=C(Br)CN1[C@H]2CC[C@@H]1[C@@H](C(=O)OC)[C@@H](c1ccc(I)cc1C)C2,+CH3 at equivalent positions 16 / 21
symmetry_equivalent,B,symmetry_equivalent_027,COc1ccc(C(=O)N2C[C@H](Oc3cc(C#N)ccn3)CC[C@H]2C)c(-n2ncc(C)n2)n1,COc1ccc(C(=O)N2C[C@H](Oc3cc(C#N)ccn3)CC[C@H]2C)c(-n2ncc(C)n2)n1,+CH3 at equivalent positions 27 / 28
symmetry_equivalent,B,symmetry_equivalent_028,Cc1ccccc1OCCCNCCOc1ccccc1Cl,Cc1ccccc1OCCCNCCOc1ccccc1Cl,+CH3 at equivalent positions 16 / 20
symmetry_equivalent,B,symmetry_equivalent_029,Cc1cc(OCCCN2CCCCC2)ccc1C#CCO,Cc1cc(OCCCN2CCCCC2)ccc1C#CCO,+CH3 at equivalent positions 5 / 19
symmetry_equivalent,B,symmetry_equivalent_030,Cc1cc(OCCCN2CCC(N3CCCCC3)CC2)ccc1Cl,Cc1cc(OCCCN2CCC(N3CCCCC3)CC2)ccc1Cl,+CH3 at equivalent positions 2 / 22
symmetry_equivalent,B,symmetry_equivalent_031,Cc1ccccc1C1(N(C)C)CCC(c2ccccc2)(N(C)C)CC1,Cc1ccccc1C1(N(C)C)CCC(c2ccccc2)(N(C)C)CC1,+CH3 at equivalent positions 5 / 9
symmetry_equivalent,B,symmetry_equivalent_032,Cc1ccccc1[C@H]1CCN(Cc2csc(C(C)C)n2)C1,Cc1ccccc1[C@H]1CCN(Cc2csc(C(C)C)n2)C1,+CH3 at equivalent positions 12 / 16
symmetry_equivalent,B,symmetry_equivalent_033,COc1ccc(NS(=O)(=O)c2ccc(-c3cc(C)cs3)cc2C)cc1N1C[C@@H](C)N[C@@H](C)C1,COc1ccc(NS(=O)(=O)c2ccc(-c3cc(C)cs3)cc2C)cc1N1C[C@@H](C)N[C@@H](C)C1,+CH3 at equivalent positions 11 / 21
symmetry_equivalent,B,symmetry_equivalent_034,Cc1cc(N2CCc3c(C(F)(F)F)nn(-c4ccc5onc(N)c5c4)c3C2=O)ccc1-c1ccccc1CN1CCN(C)CC1,Cc1cc(N2CCc3c(C(F)(F)F)nn(-c4ccc5onc(N)c5c4)c3C2=O)ccc1-c1ccccc1CN1CCN(C)CC1,+CH3 at equivalent positions 13 / 41
symmetry_equivalent,B,symmetry_equivalent_035,COc1ccc(Br)cc1-c1nc(CNC2CCN(Cc3ccccc3C)CC2)co1,COc1ccc(Br)cc1-c1nc(CNC2CCN(Cc3ccccc3C)CC2)co1,+CH3 at equivalent positions 20 / 24
symmetry_equivalent,B,symmetry_equivalent_036,Cc1ccccc1CNc1ccc2c(c1)[C@@]1(C)CCN(CC3CC3)C(C2)[C@@H]1C,Cc1ccccc1CNc1ccc2c(c1)[C@@]1(C)CCN(CC3CC3)C(C2)[C@@H]1C,+CH3 at equivalent positions 11 / 15
symmetry_equivalent,B,symmetry_equivalent_037,Cc1ccc([C@@](C)(O)[C@H]2CCCC3=Cc4c(-c5ccc(F)cc5C)ncn4C[C@@]32C)s1,Cc1ccc([C@@](C)(O)[C@H]2CCCC3=Cc4c(-c5ccc(F)cc5C)ncn4C[C@@]32C)s1,+CH3 at equivalent positions 17 / 22
symmetry_equivalent,B,symmetry_equivalent_038,Cc1cc(C(=N)N)ccc1OCC1(C)CN(C)c2ccc(N(Cc3ccc(F)cc3)C(=O)C(=O)O)cc2O1,Cc1cc(C(=N)N)ccc1OCC1(C)CN(C)c2ccc(N(Cc3ccc(F)cc3)C(=O)C(=O)O)cc2O1,+CH3 at equivalent positions 8 / 15
symmetry_equivalent,B,symmetry_equivalent_039,Cc1cc2ccc1CCc1ccc(cc1C1(O)CCN(CCCC(=O)c3cc4ccc3CCc3ccc(cc3)CC4)CC1)CC2,Cc1cc2ccc1CCc1ccc(cc1C1(O)CCN(CCCC(=O)c3cc4ccc3CCc3ccc(cc3)CC4)CC1)CC2,+CH3 at equivalent positions 19 / 23
symmetry_equivalent,B,symmetry_equivalent_040,Cc1cc(-c2ccsc2)ccc1C(=O)NCCCCN1CCN(c2ccccc2Cl)CC1,Cc1cc(-c2ccsc2)ccc1C(=O)NCCCCN1CCN(c2ccccc2Cl)CC1,+CH3 at equivalent positions 21 / 30
symmetry_equivalent,B,symmetry_equivalent_041,COc1ccc(C2(c3cccc(-c4cncnc4C)c3)N=C(N)N(C)C2=O)cc1C,COc1ccc(C2(c3cccc(-c4cncnc4C)c3)N=C(N)N(C)C2=O)cc1C,+CH3 at equivalent positions 13 / 17
symmetry_equivalent,B,symmetry_equivalent_042,CNCCCC[C@@H](NC(=O)[C@@H](CC(C)C)NC(=O)[C@@H](Cc1ccccc1C)NC(=O)[C@H](N)Cc1ccccc1)C(=O)N1CCCN(C(=N)N)CC1,CNCCCC[C@@H](NC(=O)[C@@H](CC(C)C)NC(=O)[C@@H](Cc1ccccc1C)NC(=O)[C@H](N)Cc1ccccc1)C(=O)N1CCCN(C(=N)N)CC1,+CH3 at equivalent positions 21 / 25
symmetry_equivalent,B,symmetry_equivalent_043,CCN(CC)C(=O)c1ccc(C2=CC3(CCOCC3)Oc3ccccc32)cc1C,CCN(CC)C(=O)c1ccc(C2=CC3(CCOCC3)Oc3ccccc32)cc1C,+CH3 at equivalent positions 8 / 27
symmetry_equivalent,B,symmetry_equivalent_044,Cc1ccc(Cl)c(CC(=O)NC(=N)N)c1Cl,Cc1ccc(Cl)c(CC(=O)NC(=N)N)c1Cl,+CH3 at equivalent positions 10 / 12
symmetry_equivalent,B,symmetry_equivalent_045,CCC(CC)C(=O)N(Cc1ccccc1C)[C@H](C)CN1[C@@H]2CC[C@H]1C[C@@H](c1cccc(O)c1)C2,CCC(CC)C(=O)N(Cc1ccccc1C)[C@H](C)CN1[C@@H]2CC[C@H]1C[C@@H](c1cccc(O)c1)C2,+CH3 at equivalent positions 10 / 14
symmetry_equivalent,B,symmetry_equivalent_046,Cc1cccc(-c2cccc(N3CCNCC3)c2)c1,Cc1cccc(-c2cccc(N3CCNCC3)c2)c1,+CH3 at equivalent positions 1 / 17
symmetry_equivalent,B,symmetry_equivalent_047,Cc1ccccc1/C=C\c1ccccc1,Cc1ccccc1/C=C\c1ccccc1,+CH3 at equivalent positions 3 / 7
symmetry_equivalent,B,symmetry_equivalent_048,COc1ccc(-n2nc(C(F)(F)F)c3c2C(=O)N(c2ccc(C4(CNC5CCCC5)CC4)cc2)CC3)cc1C,COc1ccc(-n2nc(C(F)(F)F)c3c2C(=O)N(c2ccc(C4(CNC5CCCC5)CC4)cc2)CC3)cc1C,+CH3 at equivalent positions 3 / 37
symmetry_equivalent,B,symmetry_equivalent_049,CCCCCCC(c1ccccc1C)N1CCC(O)(c2ccccc2)CC1,CCCCCCC(c1ccccc1C)N1CCC(O)(c2ccccc2)CC1,+CH3 at equivalent positions 8 / 12
symmetry_equivalent,B,symmetry_equivalent_050,COc1ccc(C2CN(C)Cc3cc(OCCCN4CCN(C5CC5)CC4)ccc32)cc1C,COc1ccc(C2CN(C)Cc3cc(OCCCN4CCN(C5CC5)CC4)ccc32)cc1C,+CH3 at equivalent positions 3 / 31
symmetry_equivalent,B,symmetry_equivalent_051,Cc1cc(CN2CCCN(C)CC2)ccc1OC1CCN(C(C)C)CC1,Cc1cc(CN2CCCN(C)CC2)ccc1OC1CCN(C(C)C)CC1,+CH3 at equivalent positions 9 / 22
symmetry_equivalent,B,symmetry_equivalent_052,CCN(CC)C(=O)c1ccc(C(=C2CC3CCC(C2)N3CCc2c[nH]c3ccccc23)c2ccccc2)cc1C,CCN(CC)C(=O)c1ccc(C(=C2CC3CCC(C2)N3CCc2c[nH]c3ccccc23)c2ccccc2)cc1C,+CH3 at equivalent positions 8 / 38
symmetry_equivalent,B,symmetry_equivalent_053,COc1ccc2c3c1O[C@H]1c4c(c(-c5ccccc5C)cn4Cc4ccccc4)C[C@@]4(O)C(C2)N(C)CC[C@]314,COc1ccc2c3c1O[C@H]1c4c(c(-c5ccccc5C)cn4Cc4ccccc4)C[C@@]4(O)C(C2)N(C)CC[C@]314,+CH3 at equivalent positions 14 / 18
symmetry_equivalent,B,symmetry_equivalent_054,Cc1ccccc1Cn1nnc(C(=O)NCCCCN2CCN(c3cccc(Cl)c3Cl)CC2)c1C,Cc1ccccc1Cn1nnc(C(=O)NCCCCN2CCN(c3cccc(Cl)c3Cl)CC2)c1C,+CH3 at equivalent positions 29 / 33
symmetry_equivalent,B,symmetry_equivalent_055,Cc1ccccc1C[C@@H](N)C(=O)N1CCC[C@H]1C(=O)N[C@@H](CCCCN)C(=O)c1nccs1,Cc1ccccc1C[C@@H](N)C(=O)N1CCC[C@H]1C(=O)N[C@@H](CCCCN)C(=O)c1nccs1,+CH3 at equivalent positions 20 / 24
symmetry_equivalent,B,symmetry_equivalent_056,Cc1ccccc1CCN(CCN1[C@@H]2CC[C@H]1C[C@@H](c1cccc(C(N)=O)c1)C2)C(=O)CO,Cc1ccccc1CCN(CCN1[C@@H]2CC[C@H]1C[C@@H](c1cccc(C(N)=O)c1)C2)C(=O)CO,+CH3 at equivalent positions 22 / 26
symmetry_equivalent,B,symmetry_equivalent_057,Cc1ccccc1CC1(N(C)C)CCN(c2cc(C(F)(F)F)ccc2CNC(=O)Nc2cccc3ccncc23)CC1,Cc1ccccc1CC1(N(C)C)CCN(c2cc(C(F)(F)F)ccc2CNC(=O)Nc2cccc3ccncc23)CC1,+CH3 at equivalent positions 6 / 10
symmetry_equivalent,B,symmetry_equivalent_058,COc1ccc(N2C[C@@H](C)N[C@@H](C)C2)cc1NS(=O)(=O)c1ccc(-c2ccoc2)cc1C,COc1ccc(N2C[C@@H](C)N[C@@H](C)C2)cc1NS(=O)(=O)c1ccc(-c2ccoc2)cc1C,+CH3 at equivalent positions 21 / 30
symmetry_equivalent,B,symmetry_equivalent_059,CCCN1CCc2cccc3c2C1Cc1cccc(OCc2cn(CCCN4CCN(c5ccccc5C)CC4)nn2)c1-3,CCCN1CCc2cccc3c2C1Cc1cccc(OCc2cn(CCCN4CCN(c5ccccc5C)CC4)nn2)c1-3,+CH3 at equivalent positions 32 / 36
symmetry_equivalent,B,symmetry_equivalent_060,C=CCC(O)C1CCCC2=Cc3c(-c4ccc(F)cc4C)ncn3CC21C,C=CCC(O)C1CCCC2=Cc3c(-c4ccc(F)cc4C)ncn3CC21C,+CH3 at equivalent positions 14 / 19
symmetry_equivalent,B,symmetry_equivalent_061,CC#C[C@]1(O)CC[C@H]2[C@@H]3CCC4=CC(=O)CCC4=C3[C@@H](c3ccc(N(C)C)cc3C)C[C@@]21C,CC#C[C@]1(O)CC[C@H]2[C@@H]3CCC4=CC(=O)CCC4=C3[C@@H](c3ccc(N(C)C)cc3C)C[C@@]21C,+CH3 at equivalent positions 21 / 28
symmetry_equivalent,B,symmetry_equivalent_062,Cc1ccccc1CS(=O)(=O)N[C@H](COC(=O)OCC(C)C)C(=O)N[C@@H](C)C(=O)NCc1ccc(C(=N)N)cc1,Cc1ccccc1CS(=O)(=O)N[C@H](COC(=O)OCC(C)C)C(=O)N[C@@H](C)C(=O)NCc1ccc(C(=N)N)cc1,+CH3 at equivalent positions 16 / 20
symmetry_equivalent,B,symmetry_equivalent_063,Cc1ccccc1S(=O)(=O)N(C)C1CCN(CCOc2ccccc2C(C)C)CC1,Cc1ccccc1S(=O)(=O)N(C)C1CCN(CCOc2ccccc2C(C)C)CC1,+CH3 at equivalent positions 22 / 26
symmetry_equivalent,B,symmetry_equivalent_064,Cc1cc(Cl)ccc1N1CCN(Cc2cnn3c([Si](C)(C)C)cccc23)CC1,Cc1cc(Cl)ccc1N1CCN(Cc2cnn3c([Si](C)(C)C)cccc23)CC1,+CH3 at equivalent positions 16 / 21
symmetry_equivalent,B,symmetry_equivalent_065,CCC[C@H]1C(C(=O)N[C@@H](Cc2ccccc2C)[C@H](O)CNc2cccc(OC)c2)=CN(CC(=O)OC(C)C)C=C1C(=O)OC(C)(C)C,CCC[C@H]1C(C(=O)N[C@@H](Cc2ccccc2C)[C@H](O)CNc2cccc(OC)c2)=CN(CC(=O)OC(C)C)C=C1C(=O)OC(C)(C)C,+CH3 at equivalent positions 11 / 15
symmetry_equivalent,B,symmetry_equivalent_066,CCCc1nc2cc3ccccc3cc2n1Cc1ccc(-c2ccccc2C(=O)O)cc1C,CCCc1nc2cc3ccccc3cc2n1Cc1ccc(-c2ccccc2C(=O)O)cc1C,+CH3 at equivalent positions 18 / 31
symmetry_equivalent,B,symmetry_equivalent_067,Cc1ccccc1S(=O)(=O)N(c1cccc(OCCN(C(=O)OC(C)(C)C)c2ccncc2)c1)S(=O)(=O)c1ccccc1,Cc1ccccc1S(=O)(=O)N(c1cccc(OCCN(C(=O)OC(C)(C)C)c2ccncc2)c1)S(=O)(=O)c1ccccc1,+CH3 at equivalent positions 21 / 25
symmetry_equivalent,B,symmetry_equivalent_068,Cc1ccccc1C=CC(=O)OCCc1ccccc1,Cc1ccccc1C=CC(=O)OCCc1ccccc1,+CH3 at equivalent positions 5 / 9
symmetry_equivalent,B,symmetry_equivalent_069,Cc1cc(-c2ccsc2)ccc1[C@H]1CC2CCC([C@@H]1C(=O)N[C@H]1CC[C@H](NC(=O)[C@@H]3C4CCC(C[C@@H]3c3ccc(-c5ccsc5)cc3)N4C)CC1)N2C,Cc1cc(-c2ccsc2)ccc1[C@H]1CC2CCC([C@@H]1C(=O)N[C@H]1CC[C@H](NC(=O)[C@@H]3C4CCC(C[C@@H]3c3ccc(-c5ccsc5)cc3)N4C)CC1)N2C,+CH3 at equivalent positions 25 / 34
symmetry_equivalent,B,symmetry_equivalent_070,Cc1cc(F)ccc1C(=O)CCCN1CCN(c2ccc(Cl)cn2)CC1,Cc1cc(F)ccc1C(=O)CCCN1CCN(c2ccc(Cl)cn2)CC1,+CH3 at equivalent positions 19 / 24
symmetry_equivalent,B,symmetry_equivalent_071,Cc1ccnc(-c2cc(F)ccc2C(=O)N2C[C@H](Oc3cc(C#N)ccn3)CC[C@H]2C)n1,Cc1ccnc(-c2cc(F)ccc2C(=O)N2C[C@H](Oc3cc(C#N)ccn3)CC[C@H]2C)n1,+CH3 at equivalent positions 27 / 29
symmetry_equivalent,B,symmetry_equivalent_072,CC(=O)NC(Cc1cc(F)cc(F)c1C)C(O)C[NH2+]C1(c2cccc(N3CCCNC3=O)c2)CCCCC1,CC(=O)NC(Cc1cc(F)cc(F)c1C)C(O)C[NH2+]C1(c2cccc(N3CCCNC3=O)c2)CCCCC1,+CH3 at equivalent positions 7 / 13
symmetry_equivalent,B,symmetry_equivalent_073,Cc1ccccc1COC[C@@H](NC(=O)C(C)(C)N)c1nnnn1CCOC(=O)NCCCCO,Cc1ccccc1COC[C@@H](NC(=O)C(C)(C)N)c1nnnn1CCOC(=O)NCCCCO,+CH3 at equivalent positions 12 / 16
symmetry_equivalent,B,symmetry_equivalent_074,Cc1ccccc1C1=NCC(CCNC(=O)c2ccc(F)cc2)Nc2ccccc21,Cc1ccccc1C1=NCC(CCNC(=O)c2ccc(F)cc2)Nc2ccccc21,+CH3 at equivalent positions 10 / 14
symmetry_equivalent,B,symmetry_equivalent_075,Cc1cc(S(=O)(=O)N2CCC3=CC(=O)CCC3(Cc3ccccc3)C2)ccc1N(C)C,Cc1cc(S(=O)(=O)N2CCC3=CC(=O)CCC3(Cc3ccccc3)C2)ccc1N(C)C,+CH3 at equivalent positions 4 / 29
symmetry_equivalent,B,symmetry_equivalent_076,Cc1cnccc1N(CCN(C)C)c1ccc(-c2ccc3c(C(N)=O)nn(-c4ccc5onc(N)c5c4)c3c2F)c(F)c1,Cc1cnccc1N(CCN(C)C)c1ccc(-c2ccc3c(C(N)=O)nn(-c4ccc5onc(N)c5c4)c3c2F)c(F)c1,+CH3 at equivalent positions 7 / 11
symmetry_equivalent,B,symmetry_equivalent_077,COc1ccc([C@@]2(C(N)=O)C[C@H]3CC[C@@H](C2)N3C(c2ccccc2Cl)c2c(C)cccc2Cl)nc1,COc1ccc([C@@]2(C(N)=O)C[C@H]3CC[C@@H](C2)N3C(c2ccccc2Cl)c2c(C)cccc2Cl)nc1,+CH3 at equivalent positions 19 / 26
symmetry_equivalent,B,symmetry_equivalent_078,Cc1cc(CCCOc2ccc(/C=C/c3ccccc3)cc2)ccc1OC(C)(C)C(=O)O,Cc1cc(CCCOc2ccc(/C=C/c3ccccc3)cc2)ccc1OC(C)(C)C(=O)O,+CH3 at equivalent positions 5 / 27
symmetry_equivalent,B,symmetry_equivalent_079,Cc1cc(-c2ccc(C(F)(F)F)cc2)ccc1COc1cccc(NC(=O)C2CCNCC2)c1,Cc1cc(-c2ccc(C(F)(F)F)cc2)ccc1COc1cccc(NC(=O)C2CCNCC2)c1,+CH3 at equivalent positions 11 / 25
symmetry_equivalent,B,symmetry_equivalent_080,Cc1cc(O)ccc1-c1coc2cc(O)ccc2c1=O,Cc1cc(O)ccc1-c1coc2cc(O)ccc2c1=O,+CH3 at equivalent positions 4 / 9
symmetry_equivalent,B,symmetry_equivalent_081,Cc1cccc(-c2nc[nH]c2-c2ccccc2)c1,Cc1cccc(-c2nc[nH]c2-c2ccccc2)c1,+CH3 at equivalent positions 1 / 16
symmetry_equivalent,B,symmetry_equivalent_082,Cc1cccc2nc3ccccc3c(N)c12,Cc1cccc2nc3ccccc3c(N)c12,+CH3 at equivalent positions 3 / 13
symmetry_equivalent,B,symmetry_equivalent_083,Cc1ccccc1CN1CCN(Cc2ccccc2Cl)CC1,Cc1ccccc1CN1CCN(Cc2ccccc2Cl)CC1,+CH3 at equivalent positions 14 / 18
symmetry_equivalent,B,symmetry_equivalent_084,COc1ccc(/C(C)=N/OCCCCO/N=C(/CCC(=O)O)c2ccccc2C)cc1OC,COc1ccc(/C(C)=N/OCCCCO/N=C(/CCC(=O)O)c2ccccc2C)cc1OC,+CH3 at equivalent positions 23 / 27
symmetry_equivalent,B,symmetry_equivalent_085,Cc1ccccc1C(F)(F)CNc1ncc(Cl)n(CC(=O)NCCONC(=N)N)c1=O,Cc1ccccc1C(F)(F)CNc1ncc(Cl)n(CC(=O)NCCONC(=N)N)c1=O,+CH3 at equivalent positions 23 / 27
symmetry_equivalent,B,symmetry_equivalent_086,CCOC(=O)CN(C(=O)c1ccc2c(c1)OC(OCc1ccc(C(=N)N)cc1C)C(=O)N2C)c1ccccc1,CCOC(=O)CN(C(=O)c1ccc2c(c1)OC(OCc1ccc(C(=N)N)cc1C)C(=O)N2C)c1ccccc1,+CH3 at equivalent positions 20 / 27
symmetry_equivalent,B,symmetry_equivalent_087,Cc1cc(OCCCN2CCCCC2)ccc1CCC(C)(C)O,Cc1cc(OCCCN2CCCCC2)ccc1CCC(C)(C)O,+CH3 at equivalent positions 7 / 21
symmetry_equivalent,B,symmetry_equivalent_088,Cc1ccccc1C[C@@H](CO)Nc1ccncc1S(=O)(=O)N[C@@H](C)C(=O)N1CCC(CCF)CC1,Cc1ccccc1C[C@@H](CO)Nc1ccncc1S(=O)(=O)N[C@@H](C)C(=O)N1CCC(CCF)CC1,+CH3 at equivalent positions 18 / 22
symmetry_equivalent,B,symmetry_equivalent_089,CCCc1nc2ccc(C(=O)NC(CC)c3ccccc3C)cc2n1Cc1ccc(-c2ccccc2C(=O)O)cc1,CCCc1nc2ccc(C(=O)NC(CC)c3ccccc3C)cc2n1Cc1ccc(-c2ccccc2C(=O)O)cc1,+CH3 at equivalent positions 16 / 20
symmetry_equivalent,B,symmetry_equivalent_090,Cc1cc(F)ccc1-c1c(=O)n(CCCCN2CCCC(c3c[nH]c4ccc(F)cc34)C2)c(=O)n2ccccc12,Cc1cc(F)ccc1-c1c(=O)n(CCCCN2CCCC(c3c[nH]c4ccc(F)cc34)C2)c(=O)n2ccccc12,+CH3 at equivalent positions 4 / 9
symmetry_equivalent,B,symmetry_equivalent_091,CC(=O)NCCN(Cc1ccccc1C)C(=O)c1n[nH]c2c1COc1ccc(Br)cc1-2,CC(=O)NCCN(Cc1ccccc1C)C(=O)c1n[nH]c2c1COc1ccc(Br)cc1-2,+CH3 at equivalent positions 9 / 13
symmetry_equivalent,B,symmetry_equivalent_092,CC[C@@H](N)C(=O)N1CCC[C@H]1C(=O)NCc1ccc(C(=N)N)cc1C,CC[C@@H](N)C(=O)N1CCC[C@H]1C(=O)NCc1ccc(C(=N)N)cc1C,+CH3 at equivalent positions 16 / 23
symmetry_equivalent,B,symmetry_equivalent_093,COc1ccc2c3c1O[C@H]1[C@@]4(OC)CC[C@@]5(C[C@@H]4c4ccc(N6CCN(S(=O)(=O)c7ccc(C)cc7)CC6)cc4C)[C@@H](C2)N(CC2CC2)CC[C@]315,COc1ccc2c3c1O[C@H]1[C@@]4(OC)CC[C@@]5(C[C@@H]4c4ccc(N6CCN(S(=O)(=O)c7ccc(C)cc7)CC6)cc4C)[C@@H](C2)N(CC2CC2)CC[C@]315,+CH3 at equivalent positions 19 / 39
symmetry_equivalent,B,symmetry_equivalent_094,Cc1cc(C2CCCCC2)ccc1S(=O)(=O)N[C@@H](Cc1cccc(C(=N)N)c1)C(=O)N1CCN(C(=N)N)CC1,Cc1cc(C2CCCCC2)ccc1S(=O)(=O)N[C@@H](Cc1cccc(C(=N)N)c1)C(=O)N1CCN(C(=N)N)CC1,+CH3 at equivalent positions 15 / 25
symmetry_equivalent,B,symmetry_equivalent_095,Cc1ccccc1CCCO[C@@]12Cc3cc(-c4cnccn4)cnc3[C@@H]3Oc4c(O)ccc5c4[C@@]31CCN(CC1CC1)[C@@H]2C5,Cc1ccccc1CCCO[C@@]12Cc3cc(-c4cnccn4)cnc3[C@@H]3Oc4c(O)ccc5c4[C@@]31CCN(CC1CC1)[C@@H]2C5,+CH3 at equivalent positions 28 / 32
symmetry_equivalent,B,symmetry_equivalent_096,Cc1c(Cl)cc(Cl)cc1N1C(=O)[C@@H]2[C@H](C1=O)C1(C)CCC2(C)O1,Cc1c(Cl)cc(Cl)cc1N1C(=O)[C@@H]2[C@H](C1=O)C1(C)CCC2(C)O1,+CH3 at equivalent positions 12 / 18
symmetry_equivalent,B,symmetry_equivalent_097,Cc1ccccc1CC(Sc1ccc(OCC(=O)O)c(C)c1)c1ccc(-c2cc(F)c(F)c(F)c2)cc1,Cc1ccccc1CC(Sc1ccc(OCC(=O)O)c(C)c1)c1ccc(-c2cc(F)c(F)c(F)c2)cc1,+CH3 at equivalent positions 8 / 12
symmetry_equivalent,B,symmetry_equivalent_098,Cc1cc(C(F)(F)F)ccc1N1CCC2CN(CCCSc3nnc(-c4cccnn4)n3C)CC21,Cc1cc(C(F)(F)F)ccc1N1CCC2CN(CCCSc3nnc(-c4cccnn4)n3C)CC21,+CH3 at equivalent positions 14 / 22
symmetry_equivalent,B,symmetry_equivalent_099,COc1ccc(-c2coc3cc(O)ccc3c2=O)cc1C,COc1ccc(-c2coc3cc(O)ccc3c2=O)cc1C,+CH3 at equivalent positions 3 / 19
