track,model,task,seed,target_label,metric,value
polaris,CheMeleon,polaris/pkis2-ret-wt-cls-v2,42,CLS_RET,pr_auc,0.531761
polaris,CheMeleon,polaris/pkis2-ret-wt-cls-v2,42,CLS_RET,accuracy,0.839623
polaris,CheMeleon,polaris/pkis2-ret-wt-cls-v2,42,CLS_RET,f1,0.0
polaris,CheMeleon,polaris/pkis2-ret-wt-cls-v2,42,CLS_RET,cohen_kappa,0.0
polaris,CheMeleon,polaris/pkis2-ret-wt-cls-v2,42,CLS_RET,mcc,0.0
polaris,CheMeleon,polaris/pkis2-ret-wt-cls-v2,42,CLS_RET,roc_auc,0.84534
polaris,CheMeleon,polaris/pkis2-ret-wt-reg-v2,42,RET,explained_var,0.493314
polaris,CheMeleon,polaris/pkis2-ret-wt-reg-v2,42,RET,pearsonr,0.709821
polaris,CheMeleon,polaris/pkis2-ret-wt-reg-v2,42,RET,mean_absolute_error,19.7225
polaris,CheMeleon,polaris/pkis2-ret-wt-reg-v2,42,RET,spearmanr,0.636467
polaris,CheMeleon,polaris/pkis2-ret-wt-reg-v2,42,RET,mean_squared_error,710.026
polaris,CheMeleon,polaris/pkis2-ret-wt-reg-v2,42,RET,r2,0.402035
polaris,CheMeleon,polaris/pkis2-kit-wt-cls-v2,42,CLS_KIT,pr_auc,0.709325
polaris,CheMeleon,polaris/pkis2-kit-wt-cls-v2,42,CLS_KIT,accuracy,0.827586
polaris,CheMeleon,polaris/pkis2-kit-wt-cls-v2,42,CLS_KIT,f1,0.230769
polaris,CheMeleon,polaris/pkis2-kit-wt-cls-v2,42,CLS_KIT,cohen_kappa,0.183099
polaris,CheMeleon,polaris/pkis2-kit-wt-cls-v2,42,CLS_KIT,mcc,0.270121
polaris,CheMeleon,polaris/pkis2-kit-wt-cls-v2,42,CLS_KIT,roc_auc,0.84236
polaris,CheMeleon,polaris/pkis2-kit-wt-reg-v2,42,KIT,explained_var,0.380452
polaris,CheMeleon,polaris/pkis2-kit-wt-reg-v2,42,KIT,pearsonr,0.627581
polaris,CheMeleon,polaris/pkis2-kit-wt-reg-v2,42,KIT,mean_absolute_error,21.2556
polaris,CheMeleon,polaris/pkis2-kit-wt-reg-v2,42,KIT,spearmanr,0.556403
polaris,CheMeleon,polaris/pkis2-kit-wt-reg-v2,42,KIT,mean_squared_error,763.734
polaris,CheMeleon,polaris/pkis2-kit-wt-reg-v2,42,KIT,r2,0.367081
polaris,CheMeleon,polaris/pkis2-egfr-wt-reg-v2,42,EGFR,explained_var,0.438702
polaris,CheMeleon,polaris/pkis2-egfr-wt-reg-v2,42,EGFR,pearsonr,0.662988
polaris,CheMeleon,polaris/pkis2-egfr-wt-reg-v2,42,EGFR,mean_absolute_error,17.8803
polaris,CheMeleon,polaris/pkis2-egfr-wt-reg-v2,42,EGFR,spearmanr,0.359461
polaris,CheMeleon,polaris/pkis2-egfr-wt-reg-v2,42,EGFR,mean_squared_error,485.443
polaris,CheMeleon,polaris/pkis2-egfr-wt-reg-v2,42,EGFR,r2,0.39754
polaris,CheMeleon,polaris/adme-fang-solu-1,42,LOG_SOLUBILITY,explained_var,0.424938
polaris,CheMeleon,polaris/adme-fang-solu-1,42,LOG_SOLUBILITY,pearsonr,0.653649
polaris,CheMeleon,polaris/adme-fang-solu-1,42,LOG_SOLUBILITY,mean_absolute_error,0.371633
polaris,CheMeleon,polaris/adme-fang-solu-1,42,LOG_SOLUBILITY,spearmanr,0.5568
polaris,CheMeleon,polaris/adme-fang-solu-1,42,LOG_SOLUBILITY,mean_squared_error,0.314718
polaris,CheMeleon,polaris/adme-fang-solu-1,42,LOG_SOLUBILITY,r2,0.419531
polaris,CheMeleon,polaris/adme-fang-rppb-1,42,LOG_RPPB,explained_var,0.476103
polaris,CheMeleon,polaris/adme-fang-rppb-1,42,LOG_RPPB,pearsonr,0.707071
polaris,CheMeleon,polaris/adme-fang-rppb-1,42,LOG_RPPB,mean_absolute_error,0.510989
polaris,CheMeleon,polaris/adme-fang-rppb-1,42,LOG_RPPB,spearmanr,0.78
polaris,CheMeleon,polaris/adme-fang-rppb-1,42,LOG_RPPB,mean_squared_error,0.465503
polaris,CheMeleon,polaris/adme-fang-rppb-1,42,LOG_RPPB,r2,0.47607
polaris,CheMeleon,polaris/adme-fang-hppb-1,42,LOG_HPPB,explained_var,0.603335
polaris,CheMeleon,polaris/adme-fang-hppb-1,42,LOG_HPPB,pearsonr,0.780189
polaris,CheMeleon,polaris/adme-fang-hppb-1,42,LOG_HPPB,mean_absolute_error,0.433632
polaris,CheMeleon,polaris/adme-fang-hppb-1,42,LOG_HPPB,spearmanr,0.746734
polaris,CheMeleon,polaris/adme-fang-hppb-1,42,LOG_HPPB,mean_squared_error,0.265172
polaris,CheMeleon,polaris/adme-fang-hppb-1,42,LOG_HPPB,r2,0.562162
polaris,CheMeleon,polaris/adme-fang-perm-1,42,LOG_MDR1-MDCK_ER,explained_var,0.628472
polaris,CheMeleon,polaris/adme-fang-perm-1,42,LOG_MDR1-MDCK_ER,pearsonr,0.792771
polaris,CheMeleon,polaris/adme-fang-perm-1,42,LOG_MDR1-MDCK_ER,mean_absolute_error,0.315529
polaris,CheMeleon,polaris/adme-fang-perm-1,42,LOG_MDR1-MDCK_ER,spearmanr,0.785116
polaris,CheMeleon,polaris/adme-fang-perm-1,42,LOG_MDR1-MDCK_ER,mean_squared_error,0.184735
polaris,CheMeleon,polaris/adme-fang-perm-1,42,LOG_MDR1-MDCK_ER,r2,0.627093
polaris,CheMeleon,polaris/adme-fang-rclint-1,42,LOG_RLM_CLint,explained_var,0.547699
polaris,CheMeleon,polaris/adme-fang-rclint-1,42,LOG_RLM_CLint,pearsonr,0.741159
polaris,CheMeleon,polaris/adme-fang-rclint-1,42,LOG_RLM_CLint,mean_absolute_error,0.401377
polaris,CheMeleon,polaris/adme-fang-rclint-1,42,LOG_RLM_CLint,spearmanr,0.748809
polaris,CheMeleon,polaris/adme-fang-rclint-1,42,LOG_RLM_CLint,mean_squared_error,0.257651
polaris,CheMeleon,polaris/adme-fang-rclint-1,42,LOG_RLM_CLint,r2,0.543611
polaris,CheMeleon,polaris/adme-fang-hclint-1,42,LOG_HLM_CLint,explained_var,0.508836
polaris,CheMeleon,polaris/adme-fang-hclint-1,42,LOG_HLM_CLint,pearsonr,0.716771
polaris,CheMeleon,polaris/adme-fang-hclint-1,42,LOG_HLM_CLint,mean_absolute_error,0.345089
polaris,CheMeleon,polaris/adme-fang-hclint-1,42,LOG_HLM_CLint,spearmanr,0.71712
polaris,CheMeleon,polaris/adme-fang-hclint-1,42,LOG_HLM_CLint,mean_squared_error,0.194371
polaris,CheMeleon,polaris/adme-fang-hclint-1,42,LOG_HLM_CLint,r2,0.499573
polaris,CheMeleon,tdcommons/lipophilicity-astrazeneca,42,Y,mean_absolute_error,0.45552
polaris,CheMeleon,tdcommons/ppbr-az,42,Y,mean_absolute_error,7.82584
polaris,CheMeleon,tdcommons/clearance-hepatocyte-az,42,Y,spearmanr,0.407446
polaris,CheMeleon,tdcommons/cyp2d6-substrate-carbonmangels,42,Y,pr_auc,0.649098
polaris,CheMeleon,tdcommons/half-life-obach,42,Y,spearmanr,0.297275
polaris,CheMeleon,tdcommons/cyp2c9-substrate-carbonmangels,42,Y,pr_auc,0.414619
polaris,CheMeleon,tdcommons/clearance-microsome-az,42,Y,spearmanr,0.605812
polaris,CheMeleon,tdcommons/dili,42,Y,roc_auc,0.914783
polaris,CheMeleon,tdcommons/bioavailability-ma,42,Y,roc_auc,0.580313
polaris,CheMeleon,tdcommons/vdss-lombardo,42,Y,spearmanr,0.565279
polaris,CheMeleon,tdcommons/cyp3a4-substrate-carbonmangels,42,Y,roc_auc,0.616184
polaris,CheMeleon,tdcommons/pgp-broccatelli,42,Y,roc_auc,0.924087
polaris,CheMeleon,tdcommons/caco2-wang,42,Y,mean_absolute_error,0.405806
polaris,CheMeleon,tdcommons/herg,42,Y,roc_auc,0.879381
polaris,CheMeleon,tdcommons/bbb-martins,42,Y,roc_auc,0.880159
polaris,CheMeleon,tdcommons/ames,42,Y,roc_auc,0.840622
polaris,CheMeleon,tdcommons/ld50-zhu,42,Y,mean_absolute_error,0.517861
polaris,CheMeleon,polaris/pkis2-ret-wt-cls-v2,117,CLS_RET,pr_auc,0.608151
polaris,CheMeleon,polaris/pkis2-ret-wt-cls-v2,117,CLS_RET,accuracy,0.839623
polaris,CheMeleon,polaris/pkis2-ret-wt-cls-v2,117,CLS_RET,f1,0.0
polaris,CheMeleon,polaris/pkis2-ret-wt-cls-v2,117,CLS_RET,cohen_kappa,0.0
polaris,CheMeleon,polaris/pkis2-ret-wt-cls-v2,117,CLS_RET,mcc,0.0
polaris,CheMeleon,polaris/pkis2-ret-wt-cls-v2,117,CLS_RET,roc_auc,0.841375
polaris,CheMeleon,polaris/pkis2-ret-wt-reg-v2,117,RET,explained_var,0.555964
polaris,CheMeleon,polaris/pkis2-ret-wt-reg-v2,117,RET,pearsonr,0.75174
polaris,CheMeleon,polaris/pkis2-ret-wt-reg-v2,117,RET,mean_absolute_error,17.7473
polaris,CheMeleon,polaris/pkis2-ret-wt-reg-v2,117,RET,spearmanr,0.683811
polaris,CheMeleon,polaris/pkis2-ret-wt-reg-v2,117,RET,mean_squared_error,561.61
polaris,CheMeleon,polaris/pkis2-ret-wt-reg-v2,117,RET,r2,0.527027
polaris,CheMeleon,polaris/pkis2-kit-wt-cls-v2,117,CLS_KIT,pr_auc,0.686911
polaris,CheMeleon,polaris/pkis2-kit-wt-cls-v2,117,CLS_KIT,accuracy,0.818966
polaris,CheMeleon,polaris/pkis2-kit-wt-cls-v2,117,CLS_KIT,f1,0.571429
polaris,CheMeleon,polaris/pkis2-kit-wt-cls-v2,117,CLS_KIT,cohen_kappa,0.458185
polaris,CheMeleon,polaris/pkis2-kit-wt-cls-v2,117,CLS_KIT,mcc,0.462046
polaris,CheMeleon,polaris/pkis2-kit-wt-cls-v2,117,CLS_KIT,roc_auc,0.843327
polaris,CheMeleon,polaris/pkis2-kit-wt-reg-v2,117,KIT,explained_var,0.335478
polaris,CheMeleon,polaris/pkis2-kit-wt-reg-v2,117,KIT,pearsonr,0.602646
polaris,CheMeleon,polaris/pkis2-kit-wt-reg-v2,117,KIT,mean_absolute_error,21.1921
polaris,CheMeleon,polaris/pkis2-kit-wt-reg-v2,117,KIT,spearmanr,0.56388
polaris,CheMeleon,polaris/pkis2-kit-wt-reg-v2,117,KIT,mean_squared_error,825.729
polaris,CheMeleon,polaris/pkis2-kit-wt-reg-v2,117,KIT,r2,0.315704
polaris,CheMeleon,polaris/pkis2-egfr-wt-reg-v2,117,EGFR,explained_var,0.419264
polaris,CheMeleon,polaris/pkis2-egfr-wt-reg-v2,117,EGFR,pearsonr,0.64767
polaris,CheMeleon,polaris/pkis2-egfr-wt-reg-v2,117,EGFR,mean_absolute_error,16.8415
polaris,CheMeleon,polaris/pkis2-egfr-wt-reg-v2,117,EGFR,spearmanr,0.336134
polaris,CheMeleon,polaris/pkis2-egfr-wt-reg-v2,117,EGFR,mean_squared_error,470.642
polaris,CheMeleon,polaris/pkis2-egfr-wt-reg-v2,117,EGFR,r2,0.415909
polaris,CheMeleon,polaris/adme-fang-solu-1,117,LOG_SOLUBILITY,explained_var,0.446941
polaris,CheMeleon,polaris/adme-fang-solu-1,117,LOG_SOLUBILITY,pearsonr,0.668539
polaris,CheMeleon,polaris/adme-fang-solu-1,117,LOG_SOLUBILITY,mean_absolute_error,0.368993
polaris,CheMeleon,polaris/adme-fang-solu-1,117,LOG_SOLUBILITY,spearmanr,0.591982
polaris,CheMeleon,polaris/adme-fang-solu-1,117,LOG_SOLUBILITY,mean_squared_error,0.299857
polaris,CheMeleon,polaris/adme-fang-solu-1,117,LOG_SOLUBILITY,r2,0.44694
polaris,CheMeleon,polaris/adme-fang-rppb-1,117,LOG_RPPB,explained_var,0.646602
polaris,CheMeleon,polaris/adme-fang-rppb-1,117,LOG_RPPB,pearsonr,0.830866
polaris,CheMeleon,polaris/adme-fang-rppb-1,117,LOG_RPPB,mean_absolute_error,0.433681
polaris,CheMeleon,polaris/adme-fang-rppb-1,117,LOG_RPPB,spearmanr,0.81913
polaris,CheMeleon,polaris/adme-fang-rppb-1,117,LOG_RPPB,mean_squared_error,0.316352
polaris,CheMeleon,polaris/adme-fang-rppb-1,117,LOG_RPPB,r2,0.643941
polaris,CheMeleon,polaris/adme-fang-hppb-1,117,LOG_HPPB,explained_var,0.541093
polaris,CheMeleon,polaris/adme-fang-hppb-1,117,LOG_HPPB,pearsonr,0.74104
polaris,CheMeleon,polaris/adme-fang-hppb-1,117,LOG_HPPB,mean_absolute_error,0.443376
polaris,CheMeleon,polaris/adme-fang-hppb-1,117,LOG_HPPB,spearmanr,0.713423
polaris,CheMeleon,polaris/adme-fang-hppb-1,117,LOG_HPPB,mean_squared_error,0.27825
polaris,CheMeleon,polaris/adme-fang-hppb-1,117,LOG_HPPB,r2,0.540568
polaris,CheMeleon,polaris/adme-fang-perm-1,117,LOG_MDR1-MDCK_ER,explained_var,0.661674
polaris,CheMeleon,polaris/adme-fang-perm-1,117,LOG_MDR1-MDCK_ER,pearsonr,0.813951
polaris,CheMeleon,polaris/adme-fang-perm-1,117,LOG_MDR1-MDCK_ER,mean_absolute_error,0.291911
polaris,CheMeleon,polaris/adme-fang-perm-1,117,LOG_MDR1-MDCK_ER,spearmanr,0.809296
polaris,CheMeleon,polaris/adme-fang-perm-1,117,LOG_MDR1-MDCK_ER,mean_squared_error,0.167609
polaris,CheMeleon,polaris/adme-fang-perm-1,117,LOG_MDR1-MDCK_ER,r2,0.661665
polaris,CheMeleon,polaris/adme-fang-rclint-1,117,LOG_RLM_CLint,explained_var,0.550877
polaris,CheMeleon,polaris/adme-fang-rclint-1,117,LOG_RLM_CLint,pearsonr,0.742729
polaris,CheMeleon,polaris/adme-fang-rclint-1,117,LOG_RLM_CLint,mean_absolute_error,0.398225
polaris,CheMeleon,polaris/adme-fang-rclint-1,117,LOG_RLM_CLint,spearmanr,0.744674
polaris,CheMeleon,polaris/adme-fang-rclint-1,117,LOG_RLM_CLint,mean_squared_error,0.253819
polaris,CheMeleon,polaris/adme-fang-rclint-1,117,LOG_RLM_CLint,r2,0.550399
polaris,CheMeleon,polaris/adme-fang-hclint-1,117,LOG_HLM_CLint,explained_var,0.504391
polaris,CheMeleon,polaris/adme-fang-hclint-1,117,LOG_HLM_CLint,pearsonr,0.713363
polaris,CheMeleon,polaris/adme-fang-hclint-1,117,LOG_HLM_CLint,mean_absolute_error,0.34208
polaris,CheMeleon,polaris/adme-fang-hclint-1,117,LOG_HLM_CLint,spearmanr,0.712826
polaris,CheMeleon,polaris/adme-fang-hclint-1,117,LOG_HLM_CLint,mean_squared_error,0.194493
polaris,CheMeleon,polaris/adme-fang-hclint-1,117,LOG_HLM_CLint,r2,0.499258
polaris,CheMeleon,tdcommons/lipophilicity-astrazeneca,117,Y,mean_absolute_error,0.4526
polaris,CheMeleon,tdcommons/ppbr-az,117,Y,mean_absolute_error,7.7239
polaris,CheMeleon,tdcommons/clearance-hepatocyte-az,117,Y,spearmanr,0.401599
polaris,CheMeleon,tdcommons/cyp2d6-substrate-carbonmangels,117,Y,pr_auc,0.714902
polaris,CheMeleon,tdcommons/half-life-obach,117,Y,spearmanr,0.291151
polaris,CheMeleon,tdcommons/cyp2c9-substrate-carbonmangels,117,Y,pr_auc,0.420967
polaris,CheMeleon,tdcommons/clearance-microsome-az,117,Y,spearmanr,0.629359
polaris,CheMeleon,tdcommons/dili,117,Y,roc_auc,0.922609
polaris,CheMeleon,tdcommons/bioavailability-ma,117,Y,roc_auc,0.551048
polaris,CheMeleon,tdcommons/vdss-lombardo,117,Y,spearmanr,0.546659
polaris,CheMeleon,tdcommons/cyp3a4-substrate-carbonmangels,117,Y,roc_auc,0.612568
polaris,CheMeleon,tdcommons/pgp-broccatelli,117,Y,roc_auc,0.93655
polaris,CheMeleon,tdcommons/caco2-wang,117,Y,mean_absolute_error,0.347382
polaris,CheMeleon,tdcommons/herg,117,Y,roc_auc,0.859352
polaris,CheMeleon,tdcommons/bbb-martins,117,Y,roc_auc,0.899703
polaris,CheMeleon,tdcommons/ames,117,Y,roc_auc,0.854362
polaris,CheMeleon,tdcommons/ld50-zhu,117,Y,mean_absolute_error,0.543919
polaris,CheMeleon,polaris/pkis2-ret-wt-cls-v2,709,CLS_RET,pr_auc,0.640322
polaris,CheMeleon,polaris/pkis2-ret-wt-cls-v2,709,CLS_RET,accuracy,0.839623
polaris,CheMeleon,polaris/pkis2-ret-wt-cls-v2,709,CLS_RET,f1,0.0
polaris,CheMeleon,polaris/pkis2-ret-wt-cls-v2,709,CLS_RET,cohen_kappa,0.0
polaris,CheMeleon,polaris/pkis2-ret-wt-cls-v2,709,CLS_RET,mcc,0.0
polaris,CheMeleon,polaris/pkis2-ret-wt-cls-v2,709,CLS_RET,roc_auc,0.861864
polaris,CheMeleon,polaris/pkis2-ret-wt-reg-v2,709,RET,explained_var,0.484587
polaris,CheMeleon,polaris/pkis2-ret-wt-reg-v2,709,RET,pearsonr,0.703488
polaris,CheMeleon,polaris/pkis2-ret-wt-reg-v2,709,RET,mean_absolute_error,19.2485
polaris,CheMeleon,polaris/pkis2-ret-wt-reg-v2,709,RET,spearmanr,0.66224
polaris,CheMeleon,polaris/pkis2-ret-wt-reg-v2,709,RET,mean_squared_error,641.2
polaris,CheMeleon,polaris/pkis2-ret-wt-reg-v2,709,RET,r2,0.459999
polaris,CheMeleon,polaris/pkis2-kit-wt-cls-v2,709,CLS_KIT,pr_auc,0.62661
polaris,CheMeleon,polaris/pkis2-kit-wt-cls-v2,709,CLS_KIT,accuracy,0.836207
polaris,CheMeleon,polaris/pkis2-kit-wt-cls-v2,709,CLS_KIT,f1,0.24
polaris,CheMeleon,polaris/pkis2-kit-wt-cls-v2,709,CLS_KIT,cohen_kappa,0.203757
polaris,CheMeleon,polaris/pkis2-kit-wt-cls-v2,709,CLS_KIT,mcc,0.336801
polaris,CheMeleon,polaris/pkis2-kit-wt-cls-v2,709,CLS_KIT,roc_auc,0.838008
polaris,CheMeleon,polaris/pkis2-kit-wt-reg-v2,709,KIT,explained_var,0.320478
polaris,CheMeleon,polaris/pkis2-kit-wt-reg-v2,709,KIT,pearsonr,0.593278
polaris,CheMeleon,polaris/pkis2-kit-wt-reg-v2,709,KIT,mean_absolute_error,22.0735
polaris,CheMeleon,polaris/pkis2-kit-wt-reg-v2,709,KIT,spearmanr,0.545657
polaris,CheMeleon,polaris/pkis2-kit-wt-reg-v2,709,KIT,mean_squared_error,820.528
polaris,CheMeleon,polaris/pkis2-kit-wt-reg-v2,709,KIT,r2,0.320014
polaris,CheMeleon,polaris/pkis2-egfr-wt-reg-v2,709,EGFR,explained_var,0.439134
polaris,CheMeleon,polaris/pkis2-egfr-wt-reg-v2,709,EGFR,pearsonr,0.672784
polaris,CheMeleon,polaris/pkis2-egfr-wt-reg-v2,709,EGFR,mean_absolute_error,16.8102
polaris,CheMeleon,polaris/pkis2-egfr-wt-reg-v2,709,EGFR,spearmanr,0.371282
polaris,CheMeleon,polaris/pkis2-egfr-wt-reg-v2,709,EGFR,mean_squared_error,452.034
polaris,CheMeleon,polaris/pkis2-egfr-wt-reg-v2,709,EGFR,r2,0.439002
polaris,CheMeleon,polaris/adme-fang-solu-1,709,LOG_SOLUBILITY,explained_var,0.400665
polaris,CheMeleon,polaris/adme-fang-solu-1,709,LOG_SOLUBILITY,pearsonr,0.634649
polaris,CheMeleon,polaris/adme-fang-solu-1,709,LOG_SOLUBILITY,mean_absolute_error,0.383659
polaris,CheMeleon,polaris/adme-fang-solu-1,709,LOG_SOLUBILITY,spearmanr,0.542921
polaris,CheMeleon,polaris/adme-fang-solu-1,709,LOG_SOLUBILITY,mean_squared_error,0.325254
polaris,CheMeleon,polaris/adme-fang-solu-1,709,LOG_SOLUBILITY,r2,0.400099
polaris,CheMeleon,polaris/adme-fang-rppb-1,709,LOG_RPPB,explained_var,0.623201
polaris,CheMeleon,polaris/adme-fang-rppb-1,709,LOG_RPPB,pearsonr,0.818279
polaris,CheMeleon,polaris/adme-fang-rppb-1,709,LOG_RPPB,mean_absolute_error,0.426349
polaris,CheMeleon,polaris/adme-fang-rppb-1,709,LOG_RPPB,spearmanr,0.833913
polaris,CheMeleon,polaris/adme-fang-rppb-1,709,LOG_RPPB,mean_squared_error,0.334801
polaris,CheMeleon,polaris/adme-fang-rppb-1,709,LOG_RPPB,r2,0.623176
polaris,CheMeleon,polaris/adme-fang-hppb-1,709,LOG_HPPB,explained_var,0.613447
polaris,CheMeleon,polaris/adme-fang-hppb-1,709,LOG_HPPB,pearsonr,0.783672
polaris,CheMeleon,polaris/adme-fang-hppb-1,709,LOG_HPPB,mean_absolute_error,0.441108
polaris,CheMeleon,polaris/adme-fang-hppb-1,709,LOG_HPPB,spearmanr,0.777447
polaris,CheMeleon,polaris/adme-fang-hppb-1,709,LOG_HPPB,mean_squared_error,0.265076
polaris,CheMeleon,polaris/adme-fang-hppb-1,709,LOG_HPPB,r2,0.562321
polaris,CheMeleon,polaris/adme-fang-perm-1,709,LOG_MDR1-MDCK_ER,explained_var,0.633714
polaris,CheMeleon,polaris/adme-fang-perm-1,709,LOG_MDR1-MDCK_ER,pearsonr,0.796288
polaris,CheMeleon,polaris/adme-fang-perm-1,709,LOG_MDR1-MDCK_ER,mean_absolute_error,0.310795
polaris,CheMeleon,polaris/adme-fang-perm-1,709,LOG_MDR1-MDCK_ER,spearmanr,0.792671
polaris,CheMeleon,polaris/adme-fang-perm-1,709,LOG_MDR1-MDCK_ER,mean_squared_error,0.182867
polaris,CheMeleon,polaris/adme-fang-perm-1,709,LOG_MDR1-MDCK_ER,r2,0.630865
polaris,CheMeleon,polaris/adme-fang-rclint-1,709,LOG_RLM_CLint,explained_var,0.55365
polaris,CheMeleon,polaris/adme-fang-rclint-1,709,LOG_RLM_CLint,pearsonr,0.744171
polaris,CheMeleon,polaris/adme-fang-rclint-1,709,LOG_RLM_CLint,mean_absolute_error,0.396892
polaris,CheMeleon,polaris/adme-fang-rclint-1,709,LOG_RLM_CLint,spearmanr,0.744066
polaris,CheMeleon,polaris/adme-fang-rclint-1,709,LOG_RLM_CLint,mean_squared_error,0.252388
polaris,CheMeleon,polaris/adme-fang-rclint-1,709,LOG_RLM_CLint,r2,0.552934
polaris,CheMeleon,polaris/adme-fang-hclint-1,709,LOG_HLM_CLint,explained_var,0.497232
polaris,CheMeleon,polaris/adme-fang-hclint-1,709,LOG_HLM_CLint,pearsonr,0.713181
polaris,CheMeleon,polaris/adme-fang-hclint-1,709,LOG_HLM_CLint,mean_absolute_error,0.344226
polaris,CheMeleon,polaris/adme-fang-hclint-1,709,LOG_HLM_CLint,spearmanr,0.719971
polaris,CheMeleon,polaris/adme-fang-hclint-1,709,LOG_HLM_CLint,mean_squared_error,0.196406
polaris,CheMeleon,polaris/adme-fang-hclint-1,709,LOG_HLM_CLint,r2,0.494333
polaris,CheMeleon,tdcommons/lipophilicity-astrazeneca,709,Y,mean_absolute_error,0.463681
polaris,CheMeleon,tdcommons/ppbr-az,709,Y,mean_absolute_error,8.05622
polaris,CheMeleon,tdcommons/clearance-hepatocyte-az,709,Y,spearmanr,0.29365
polaris,CheMeleon,tdcommons/cyp2d6-substrate-carbonmangels,709,Y,pr_auc,0.701534
polaris,CheMeleon,tdcommons/half-life-obach,709,Y,spearmanr,0.343693
polaris,CheMeleon,tdcommons/cyp2c9-substrate-carbonmangels,709,Y,pr_auc,0.431409
polaris,CheMeleon,tdcommons/clearance-microsome-az,709,Y,spearmanr,0.592912
polaris,CheMeleon,tdcommons/dili,709,Y,roc_auc,0.888261
polaris,CheMeleon,tdcommons/bioavailability-ma,709,Y,roc_auc,0.578317
polaris,CheMeleon,tdcommons/vdss-lombardo,709,Y,spearmanr,0.542815
polaris,CheMeleon,tdcommons/cyp3a4-substrate-carbonmangels,709,Y,roc_auc,0.612794
polaris,CheMeleon,tdcommons/pgp-broccatelli,709,Y,roc_auc,0.929552
polaris,CheMeleon,tdcommons/caco2-wang,709,Y,mean_absolute_error,0.418196
polaris,CheMeleon,tdcommons/herg,709,Y,roc_auc,0.860236
polaris,CheMeleon,tdcommons/bbb-martins,709,Y,roc_auc,0.90283
polaris,CheMeleon,tdcommons/ames,709,Y,roc_auc,0.84338
polaris,CheMeleon,tdcommons/ld50-zhu,709,Y,mean_absolute_error,0.515131
polaris,CheMeleon,polaris/pkis2-ret-wt-cls-v2,1701,CLS_RET,pr_auc,0.548253
polaris,CheMeleon,polaris/pkis2-ret-wt-cls-v2,1701,CLS_RET,accuracy,0.839623
polaris,CheMeleon,polaris/pkis2-ret-wt-cls-v2,1701,CLS_RET,f1,0.0
polaris,CheMeleon,polaris/pkis2-ret-wt-cls-v2,1701,CLS_RET,cohen_kappa,0.0
polaris,CheMeleon,polaris/pkis2-ret-wt-cls-v2,1701,CLS_RET,mcc,0.0
polaris,CheMeleon,polaris/pkis2-ret-wt-cls-v2,1701,CLS_RET,roc_auc,0.808989
polaris,CheMeleon,polaris/pkis2-ret-wt-reg-v2,1701,RET,explained_var,0.519593
polaris,CheMeleon,polaris/pkis2-ret-wt-reg-v2,1701,RET,pearsonr,0.72371
polaris,CheMeleon,polaris/pkis2-ret-wt-reg-v2,1701,RET,mean_absolute_error,18.4861
polaris,CheMeleon,polaris/pkis2-ret-wt-reg-v2,1701,RET,spearmanr,0.634082
polaris,CheMeleon,polaris/pkis2-ret-wt-reg-v2,1701,RET,mean_squared_error,611.952
polaris,CheMeleon,polaris/pkis2-ret-wt-reg-v2,1701,RET,r2,0.48463
polaris,CheMeleon,polaris/pkis2-kit-wt-cls-v2,1701,CLS_KIT,pr_auc,0.705488
polaris,CheMeleon,polaris/pkis2-kit-wt-cls-v2,1701,CLS_KIT,accuracy,0.818966
polaris,CheMeleon,polaris/pkis2-kit-wt-cls-v2,1701,CLS_KIT,f1,0.588235
polaris,CheMeleon,polaris/pkis2-kit-wt-cls-v2,1701,CLS_KIT,cohen_kappa,0.475
polaris,CheMeleon,polaris/pkis2-kit-wt-cls-v2,1701,CLS_KIT,mcc,0.482445
polaris,CheMeleon,polaris/pkis2-kit-wt-cls-v2,1701,CLS_KIT,roc_auc,0.818182
polaris,CheMeleon,polaris/pkis2-kit-wt-reg-v2,1701,KIT,explained_var,0.390769
polaris,CheMeleon,polaris/pkis2-kit-wt-reg-v2,1701,KIT,pearsonr,0.637728
polaris,CheMeleon,polaris/pkis2-kit-wt-reg-v2,1701,KIT,mean_absolute_error,20.5781
polaris,CheMeleon,polaris/pkis2-kit-wt-reg-v2,1701,KIT,spearmanr,0.569894
polaris,CheMeleon,polaris/pkis2-kit-wt-reg-v2,1701,KIT,mean_squared_error,757.482
polaris,CheMeleon,polaris/pkis2-kit-wt-reg-v2,1701,KIT,r2,0.372261
polaris,CheMeleon,polaris/pkis2-egfr-wt-reg-v2,1701,EGFR,explained_var,0.399283
polaris,CheMeleon,polaris/pkis2-egfr-wt-reg-v2,1701,EGFR,pearsonr,0.650581
polaris,CheMeleon,polaris/pkis2-egfr-wt-reg-v2,1701,EGFR,mean_absolute_error,17.0088
polaris,CheMeleon,polaris/pkis2-egfr-wt-reg-v2,1701,EGFR,spearmanr,0.337824
polaris,CheMeleon,polaris/pkis2-egfr-wt-reg-v2,1701,EGFR,mean_squared_error,489.633
polaris,CheMeleon,polaris/pkis2-egfr-wt-reg-v2,1701,EGFR,r2,0.39234
polaris,CheMeleon,polaris/adme-fang-solu-1,1701,LOG_SOLUBILITY,explained_var,0.413863
polaris,CheMeleon,polaris/adme-fang-solu-1,1701,LOG_SOLUBILITY,pearsonr,0.645009
polaris,CheMeleon,polaris/adme-fang-solu-1,1701,LOG_SOLUBILITY,mean_absolute_error,0.370036
polaris,CheMeleon,polaris/adme-fang-solu-1,1701,LOG_SOLUBILITY,spearmanr,0.56149
polaris,CheMeleon,polaris/adme-fang-solu-1,1701,LOG_SOLUBILITY,mean_squared_error,0.318616
polaris,CheMeleon,polaris/adme-fang-solu-1,1701,LOG_SOLUBILITY,r2,0.412342
polaris,CheMeleon,polaris/adme-fang-rppb-1,1701,LOG_RPPB,explained_var,0.481086
polaris,CheMeleon,polaris/adme-fang-rppb-1,1701,LOG_RPPB,pearsonr,0.791308
polaris,CheMeleon,polaris/adme-fang-rppb-1,1701,LOG_RPPB,mean_absolute_error,0.555247
polaris,CheMeleon,polaris/adme-fang-rppb-1,1701,LOG_RPPB,spearmanr,0.794783
polaris,CheMeleon,polaris/adme-fang-rppb-1,1701,LOG_RPPB,mean_squared_error,0.461791
polaris,CheMeleon,polaris/adme-fang-rppb-1,1701,LOG_RPPB,r2,0.480247
polaris,CheMeleon,polaris/adme-fang-hppb-1,1701,LOG_HPPB,explained_var,0.564681
polaris,CheMeleon,polaris/adme-fang-hppb-1,1701,LOG_HPPB,pearsonr,0.759798
polaris,CheMeleon,polaris/adme-fang-hppb-1,1701,LOG_HPPB,mean_absolute_error,0.512617
polaris,CheMeleon,polaris/adme-fang-hppb-1,1701,LOG_HPPB,spearmanr,0.737871
polaris,CheMeleon,polaris/adme-fang-hppb-1,1701,LOG_HPPB,mean_squared_error,0.341298
polaris,CheMeleon,polaris/adme-fang-hppb-1,1701,LOG_HPPB,r2,0.436465
polaris,CheMeleon,polaris/adme-fang-perm-1,1701,LOG_MDR1-MDCK_ER,explained_var,0.676737
polaris,CheMeleon,polaris/adme-fang-perm-1,1701,LOG_MDR1-MDCK_ER,pearsonr,0.823254
polaris,CheMeleon,polaris/adme-fang-perm-1,1701,LOG_MDR1-MDCK_ER,mean_absolute_error,0.292657
polaris,CheMeleon,polaris/adme-fang-perm-1,1701,LOG_MDR1-MDCK_ER,spearmanr,0.815289
polaris,CheMeleon,polaris/adme-fang-perm-1,1701,LOG_MDR1-MDCK_ER,mean_squared_error,0.160722
polaris,CheMeleon,polaris/adme-fang-perm-1,1701,LOG_MDR1-MDCK_ER,r2,0.675566
polaris,CheMeleon,polaris/adme-fang-rclint-1,1701,LOG_RLM_CLint,explained_var,0.560979
polaris,CheMeleon,polaris/adme-fang-rclint-1,1701,LOG_RLM_CLint,pearsonr,0.749085
polaris,CheMeleon,polaris/adme-fang-rclint-1,1701,LOG_RLM_CLint,mean_absolute_error,0.392656
polaris,CheMeleon,polaris/adme-fang-rclint-1,1701,LOG_RLM_CLint,spearmanr,0.753029
polaris,CheMeleon,polaris/adme-fang-rclint-1,1701,LOG_RLM_CLint,mean_squared_error,0.248323
polaris,CheMeleon,polaris/adme-fang-rclint-1,1701,LOG_RLM_CLint,r2,0.560134
polaris,CheMeleon,polaris/adme-fang-hclint-1,1701,LOG_HLM_CLint,explained_var,0.525685
polaris,CheMeleon,polaris/adme-fang-hclint-1,1701,LOG_HLM_CLint,pearsonr,0.727528
polaris,CheMeleon,polaris/adme-fang-hclint-1,1701,LOG_HLM_CLint,mean_absolute_error,0.331842
polaris,CheMeleon,polaris/adme-fang-hclint-1,1701,LOG_HLM_CLint,spearmanr,0.727949
polaris,CheMeleon,polaris/adme-fang-hclint-1,1701,LOG_HLM_CLint,mean_squared_error,0.186576
polaris,CheMeleon,polaris/adme-fang-hclint-1,1701,LOG_HLM_CLint,r2,0.519641
polaris,CheMeleon,tdcommons/lipophilicity-astrazeneca,1701,Y,mean_absolute_error,0.462026
polaris,CheMeleon,tdcommons/ppbr-az,1701,Y,mean_absolute_error,7.66818
polaris,CheMeleon,tdcommons/clearance-hepatocyte-az,1701,Y,spearmanr,0.399729
polaris,CheMeleon,tdcommons/cyp2d6-substrate-carbonmangels,1701,Y,pr_auc,0.621876
polaris,CheMeleon,tdcommons/half-life-obach,1701,Y,spearmanr,0.351131
polaris,CheMeleon,tdcommons/cyp2c9-substrate-carbonmangels,1701,Y,pr_auc,0.422476
polaris,CheMeleon,tdcommons/clearance-microsome-az,1701,Y,spearmanr,0.589296
polaris,CheMeleon,tdcommons/dili,1701,Y,roc_auc,0.85913
polaris,CheMeleon,tdcommons/bioavailability-ma,1701,Y,roc_auc,0.574327
polaris,CheMeleon,tdcommons/vdss-lombardo,1701,Y,spearmanr,0.536187
polaris,CheMeleon,tdcommons/cyp3a4-substrate-carbonmangels,1701,Y,roc_auc,0.592224
polaris,CheMeleon,tdcommons/pgp-broccatelli,1701,Y,roc_auc,0.910091
polaris,CheMeleon,tdcommons/caco2-wang,1701,Y,mean_absolute_error,0.350351
polaris,CheMeleon,tdcommons/herg,1701,Y,roc_auc,0.88056
polaris,CheMeleon,tdcommons/bbb-martins,1701,Y,roc_auc,0.877853
polaris,CheMeleon,tdcommons/ames,1701,Y,roc_auc,0.846233
polaris,CheMeleon,tdcommons/ld50-zhu,1701,Y,mean_absolute_error,0.521175
polaris,CheMeleon,polaris/pkis2-ret-wt-cls-v2,9001,CLS_RET,pr_auc,0.594504
polaris,CheMeleon,polaris/pkis2-ret-wt-cls-v2,9001,CLS_RET,accuracy,0.839623
polaris,CheMeleon,polaris/pkis2-ret-wt-cls-v2,9001,CLS_RET,f1,0.0
polaris,CheMeleon,polaris/pkis2-ret-wt-cls-v2,9001,CLS_RET,cohen_kappa,0.0
polaris,CheMeleon,polaris/pkis2-ret-wt-cls-v2,9001,CLS_RET,mcc,0.0
polaris,CheMeleon,polaris/pkis2-ret-wt-cls-v2,9001,CLS_RET,roc_auc,0.836748
polaris,CheMeleon,polaris/pkis2-ret-wt-reg-v2,9001,RET,explained_var,0.445614
polaris,CheMeleon,polaris/pkis2-ret-wt-reg-v2,9001,RET,pearsonr,0.670922
polaris,CheMeleon,polaris/pkis2-ret-wt-reg-v2,9001,RET,mean_absolute_error,20.3461
polaris,CheMeleon,polaris/pkis2-ret-wt-reg-v2,9001,RET,spearmanr,0.633687
polaris,CheMeleon,polaris/pkis2-ret-wt-reg-v2,9001,RET,mean_squared_error,664.25
polaris,CheMeleon,polaris/pkis2-ret-wt-reg-v2,9001,RET,r2,0.440586
polaris,CheMeleon,polaris/pkis2-kit-wt-cls-v2,9001,CLS_KIT,pr_auc,0.737108
polaris,CheMeleon,polaris/pkis2-kit-wt-cls-v2,9001,CLS_KIT,accuracy,0.87931
polaris,CheMeleon,polaris/pkis2-kit-wt-cls-v2,9001,CLS_KIT,f1,0.631579
polaris,CheMeleon,polaris/pkis2-kit-wt-cls-v2,9001,CLS_KIT,cohen_kappa,0.561555
polaris,CheMeleon,polaris/pkis2-kit-wt-cls-v2,9001,CLS_KIT,mcc,0.571739
polaris,CheMeleon,polaris/pkis2-kit-wt-cls-v2,9001,CLS_KIT,roc_auc,0.865087
polaris,CheMeleon,polaris/pkis2-kit-wt-reg-v2,9001,KIT,explained_var,0.336942
polaris,CheMeleon,polaris/pkis2-kit-wt-reg-v2,9001,KIT,pearsonr,0.59362
polaris,CheMeleon,polaris/pkis2-kit-wt-reg-v2,9001,KIT,mean_absolute_error,21.7072
polaris,CheMeleon,polaris/pkis2-kit-wt-reg-v2,9001,KIT,spearmanr,0.532432
polaris,CheMeleon,polaris/pkis2-kit-wt-reg-v2,9001,KIT,mean_squared_error,832.23
polaris,CheMeleon,polaris/pkis2-kit-wt-reg-v2,9001,KIT,r2,0.310316
polaris,CheMeleon,polaris/pkis2-egfr-wt-reg-v2,9001,EGFR,explained_var,0.404601
polaris,CheMeleon,polaris/pkis2-egfr-wt-reg-v2,9001,EGFR,pearsonr,0.636359
polaris,CheMeleon,polaris/pkis2-egfr-wt-reg-v2,9001,EGFR,mean_absolute_error,16.9582
polaris,CheMeleon,polaris/pkis2-egfr-wt-reg-v2,9001,EGFR,spearmanr,0.391001
polaris,CheMeleon,polaris/pkis2-egfr-wt-reg-v2,9001,EGFR,mean_squared_error,481.225
polaris,CheMeleon,polaris/pkis2-egfr-wt-reg-v2,9001,EGFR,r2,0.402776
polaris,CheMeleon,polaris/adme-fang-solu-1,9001,LOG_SOLUBILITY,explained_var,0.45759
polaris,CheMeleon,polaris/adme-fang-solu-1,9001,LOG_SOLUBILITY,pearsonr,0.676851
polaris,CheMeleon,polaris/adme-fang-solu-1,9001,LOG_SOLUBILITY,mean_absolute_error,0.367986
polaris,CheMeleon,polaris/adme-fang-solu-1,9001,LOG_SOLUBILITY,spearmanr,0.571987
polaris,CheMeleon,polaris/adme-fang-solu-1,9001,LOG_SOLUBILITY,mean_squared_error,0.296613
polaris,CheMeleon,polaris/adme-fang-solu-1,9001,LOG_SOLUBILITY,r2,0.452924
polaris,CheMeleon,polaris/adme-fang-rppb-1,9001,LOG_RPPB,explained_var,0.519618
polaris,CheMeleon,polaris/adme-fang-rppb-1,9001,LOG_RPPB,pearsonr,0.792607
polaris,CheMeleon,polaris/adme-fang-rppb-1,9001,LOG_RPPB,mean_absolute_error,0.548085
polaris,CheMeleon,polaris/adme-fang-rppb-1,9001,LOG_RPPB,spearmanr,0.82
polaris,CheMeleon,polaris/adme-fang-rppb-1,9001,LOG_RPPB,mean_squared_error,0.447034
polaris,CheMeleon,polaris/adme-fang-rppb-1,9001,LOG_RPPB,r2,0.496856
polaris,CheMeleon,polaris/adme-fang-hppb-1,9001,LOG_HPPB,explained_var,0.524027
polaris,CheMeleon,polaris/adme-fang-hppb-1,9001,LOG_HPPB,pearsonr,0.733018
polaris,CheMeleon,polaris/adme-fang-hppb-1,9001,LOG_HPPB,mean_absolute_error,0.483017
polaris,CheMeleon,polaris/adme-fang-hppb-1,9001,LOG_HPPB,spearmanr,0.729162
polaris,CheMeleon,polaris/adme-fang-hppb-1,9001,LOG_HPPB,mean_squared_error,0.312347
polaris,CheMeleon,polaris/adme-fang-hppb-1,9001,LOG_HPPB,r2,0.484269
polaris,CheMeleon,polaris/adme-fang-perm-1,9001,LOG_MDR1-MDCK_ER,explained_var,0.633324
polaris,CheMeleon,polaris/adme-fang-perm-1,9001,LOG_MDR1-MDCK_ER,pearsonr,0.796132
polaris,CheMeleon,polaris/adme-fang-perm-1,9001,LOG_MDR1-MDCK_ER,mean_absolute_error,0.305457
polaris,CheMeleon,polaris/adme-fang-perm-1,9001,LOG_MDR1-MDCK_ER,spearmanr,0.791481
polaris,CheMeleon,polaris/adme-fang-perm-1,9001,LOG_MDR1-MDCK_ER,mean_squared_error,0.181945
polaris,CheMeleon,polaris/adme-fang-perm-1,9001,LOG_MDR1-MDCK_ER,r2,0.632726
polaris,CheMeleon,polaris/adme-fang-rclint-1,9001,LOG_RLM_CLint,explained_var,0.568456
polaris,CheMeleon,polaris/adme-fang-rclint-1,9001,LOG_RLM_CLint,pearsonr,0.754079
polaris,CheMeleon,polaris/adme-fang-rclint-1,9001,LOG_RLM_CLint,mean_absolute_error,0.388338
polaris,CheMeleon,polaris/adme-fang-rclint-1,9001,LOG_RLM_CLint,spearmanr,0.758999
polaris,CheMeleon,polaris/adme-fang-rclint-1,9001,LOG_RLM_CLint,mean_squared_error,0.243668
polaris,CheMeleon,polaris/adme-fang-rclint-1,9001,LOG_RLM_CLint,r2,0.56838
polaris,CheMeleon,polaris/adme-fang-hclint-1,9001,LOG_HLM_CLint,explained_var,0.51219
polaris,CheMeleon,polaris/adme-fang-hclint-1,9001,LOG_HLM_CLint,pearsonr,0.720122
polaris,CheMeleon,polaris/adme-fang-hclint-1,9001,LOG_HLM_CLint,mean_absolute_error,0.331272
polaris,CheMeleon,polaris/adme-fang-hclint-1,9001,LOG_HLM_CLint,spearmanr,0.721771
polaris,CheMeleon,polaris/adme-fang-hclint-1,9001,LOG_HLM_CLint,mean_squared_error,0.190262
polaris,CheMeleon,polaris/adme-fang-hclint-1,9001,LOG_HLM_CLint,r2,0.510151
polaris,CheMeleon,tdcommons/lipophilicity-astrazeneca,9001,Y,mean_absolute_error,0.444617
polaris,CheMeleon,tdcommons/ppbr-az,9001,Y,mean_absolute_error,7.80289
polaris,CheMeleon,tdcommons/clearance-hepatocyte-az,9001,Y,spearmanr,0.402595
polaris,CheMeleon,tdcommons/cyp2d6-substrate-carbonmangels,9001,Y,pr_auc,0.652448
polaris,CheMeleon,tdcommons/half-life-obach,9001,Y,spearmanr,0.339788
polaris,CheMeleon,tdcommons/cyp2c9-substrate-carbonmangels,9001,Y,pr_auc,0.43875
polaris,CheMeleon,tdcommons/clearance-microsome-az,9001,Y,spearmanr,0.599766
polaris,CheMeleon,tdcommons/dili,9001,Y,roc_auc,0.922609
polaris,CheMeleon,tdcommons/bioavailability-ma,9001,Y,roc_auc,0.610575
polaris,CheMeleon,tdcommons/vdss-lombardo,9001,Y,spearmanr,0.536802
polaris,CheMeleon,tdcommons/cyp3a4-substrate-carbonmangels,9001,Y,roc_auc,0.613246
polaris,CheMeleon,tdcommons/pgp-broccatelli,9001,Y,roc_auc,0.934151
polaris,CheMeleon,tdcommons/caco2-wang,9001,Y,mean_absolute_error,0.355979
polaris,CheMeleon,tdcommons/herg,9001,Y,roc_auc,0.855817
polaris,CheMeleon,tdcommons/bbb-martins,9001,Y,roc_auc,0.869098
polaris,CheMeleon,tdcommons/ames,9001,Y,roc_auc,0.851019
polaris,CheMeleon,tdcommons/ld50-zhu,9001,Y,mean_absolute_error,0.53636
polaris,Chemprop,polaris/pkis2-ret-wt-cls-v2,42,CLS_RET,pr_auc,0.473913
polaris,Chemprop,polaris/pkis2-ret-wt-cls-v2,42,CLS_RET,mcc,0.0
polaris,Chemprop,polaris/pkis2-ret-wt-cls-v2,42,CLS_RET,accuracy,0.839623
polaris,Chemprop,polaris/pkis2-ret-wt-cls-v2,42,CLS_RET,cohen_kappa,0.0
polaris,Chemprop,polaris/pkis2-ret-wt-cls-v2,42,CLS_RET,roc_auc,0.776603
polaris,Chemprop,polaris/pkis2-ret-wt-cls-v2,42,CLS_RET,f1,0.0
polaris,Chemprop,polaris/pkis2-ret-wt-reg-v2,42,RET,mean_absolute_error,25.9476
polaris,Chemprop,polaris/pkis2-ret-wt-reg-v2,42,RET,spearmanr,0.385313
polaris,Chemprop,polaris/pkis2-ret-wt-reg-v2,42,RET,mean_squared_error,1104.54
polaris,Chemprop,polaris/pkis2-ret-wt-reg-v2,42,RET,pearsonr,0.353268
polaris,Chemprop,polaris/pkis2-ret-wt-reg-v2,42,RET,r2,0.0697841
polaris,Chemprop,polaris/pkis2-ret-wt-reg-v2,42,RET,explained_var,0.0809102
polaris,Chemprop,polaris/pkis2-kit-wt-cls-v2,42,CLS_KIT,pr_auc,0.440342
polaris,Chemprop,polaris/pkis2-kit-wt-cls-v2,42,CLS_KIT,mcc,0.124494
polaris,Chemprop,polaris/pkis2-kit-wt-cls-v2,42,CLS_KIT,accuracy,0.775862
polaris,Chemprop,polaris/pkis2-kit-wt-cls-v2,42,CLS_KIT,cohen_kappa,0.117096
polaris,Chemprop,polaris/pkis2-kit-wt-cls-v2,42,CLS_KIT,roc_auc,0.741779
polaris,Chemprop,polaris/pkis2-kit-wt-cls-v2,42,CLS_KIT,f1,0.235294
polaris,Chemprop,polaris/pkis2-kit-wt-reg-v2,42,KIT,mean_absolute_error,23.3881
polaris,Chemprop,polaris/pkis2-kit-wt-reg-v2,42,KIT,spearmanr,0.488987
polaris,Chemprop,polaris/pkis2-kit-wt-reg-v2,42,KIT,mean_squared_error,916.982
polaris,Chemprop,polaris/pkis2-kit-wt-reg-v2,42,KIT,pearsonr,0.538438
polaris,Chemprop,polaris/pkis2-kit-wt-reg-v2,42,KIT,r2,0.240081
polaris,Chemprop,polaris/pkis2-kit-wt-reg-v2,42,KIT,explained_var,0.283958
polaris,Chemprop,polaris/pkis2-egfr-wt-reg-v2,42,EGFR,mean_absolute_error,23.064
polaris,Chemprop,polaris/pkis2-egfr-wt-reg-v2,42,EGFR,spearmanr,0.0741582
polaris,Chemprop,polaris/pkis2-egfr-wt-reg-v2,42,EGFR,mean_squared_error,826.431
polaris,Chemprop,polaris/pkis2-egfr-wt-reg-v2,42,EGFR,pearsonr,0.136811
polaris,Chemprop,polaris/pkis2-egfr-wt-reg-v2,42,EGFR,r2,-0.0256428
polaris,Chemprop,polaris/pkis2-egfr-wt-reg-v2,42,EGFR,explained_var,0.0135929
polaris,Chemprop,polaris/adme-fang-solu-1,42,LOG_SOLUBILITY,mean_absolute_error,0.393985
polaris,Chemprop,polaris/adme-fang-solu-1,42,LOG_SOLUBILITY,spearmanr,0.532927
polaris,Chemprop,polaris/adme-fang-solu-1,42,LOG_SOLUBILITY,mean_squared_error,0.341053
polaris,Chemprop,polaris/adme-fang-solu-1,42,LOG_SOLUBILITY,pearsonr,0.61109
polaris,Chemprop,polaris/adme-fang-solu-1,42,LOG_SOLUBILITY,r2,0.370957
polaris,Chemprop,polaris/adme-fang-solu-1,42,LOG_SOLUBILITY,explained_var,0.373112
polaris,Chemprop,polaris/adme-fang-rppb-1,42,LOG_RPPB,mean_absolute_error,0.81018
polaris,Chemprop,polaris/adme-fang-rppb-1,42,LOG_RPPB,spearmanr,0.214783
polaris,Chemprop,polaris/adme-fang-rppb-1,42,LOG_RPPB,mean_squared_error,0.91131
polaris,Chemprop,polaris/adme-fang-rppb-1,42,LOG_RPPB,pearsonr,0.17836
polaris,Chemprop,polaris/adme-fang-rppb-1,42,LOG_RPPB,r2,-0.0256933
polaris,Chemprop,polaris/adme-fang-rppb-1,42,LOG_RPPB,explained_var,0.0141742
polaris,Chemprop,polaris/adme-fang-hppb-1,42,LOG_HPPB,mean_absolute_error,0.661955
polaris,Chemprop,polaris/adme-fang-hppb-1,42,LOG_HPPB,spearmanr,0.643747
polaris,Chemprop,polaris/adme-fang-hppb-1,42,LOG_HPPB,mean_squared_error,0.573464
polaris,Chemprop,polaris/adme-fang-hppb-1,42,LOG_HPPB,pearsonr,0.567476
polaris,Chemprop,polaris/adme-fang-hppb-1,42,LOG_HPPB,r2,0.053125
polaris,Chemprop,polaris/adme-fang-hppb-1,42,LOG_HPPB,explained_var,0.0702842
polaris,Chemprop,polaris/adme-fang-perm-1,42,LOG_MDR1-MDCK_ER,mean_absolute_error,0.374702
polaris,Chemprop,polaris/adme-fang-perm-1,42,LOG_MDR1-MDCK_ER,spearmanr,0.719624
polaris,Chemprop,polaris/adme-fang-perm-1,42,LOG_MDR1-MDCK_ER,mean_squared_error,0.254573
polaris,Chemprop,polaris/adme-fang-perm-1,42,LOG_MDR1-MDCK_ER,pearsonr,0.698006
polaris,Chemprop,polaris/adme-fang-perm-1,42,LOG_MDR1-MDCK_ER,r2,0.486118
polaris,Chemprop,polaris/adme-fang-perm-1,42,LOG_MDR1-MDCK_ER,explained_var,0.487187
polaris,Chemprop,polaris/adme-fang-rclint-1,42,LOG_RLM_CLint,mean_absolute_error,0.441583
polaris,Chemprop,polaris/adme-fang-rclint-1,42,LOG_RLM_CLint,spearmanr,0.682643
polaris,Chemprop,polaris/adme-fang-rclint-1,42,LOG_RLM_CLint,mean_squared_error,0.303499
polaris,Chemprop,polaris/adme-fang-rclint-1,42,LOG_RLM_CLint,pearsonr,0.684352
polaris,Chemprop,polaris/adme-fang-rclint-1,42,LOG_RLM_CLint,r2,0.462399
polaris,Chemprop,polaris/adme-fang-rclint-1,42,LOG_RLM_CLint,explained_var,0.464323
polaris,Chemprop,polaris/adme-fang-hclint-1,42,LOG_HLM_CLint,mean_absolute_error,0.375369
polaris,Chemprop,polaris/adme-fang-hclint-1,42,LOG_HLM_CLint,spearmanr,0.662124
polaris,Chemprop,polaris/adme-fang-hclint-1,42,LOG_HLM_CLint,mean_squared_error,0.239506
polaris,Chemprop,polaris/adme-fang-hclint-1,42,LOG_HLM_CLint,pearsonr,0.640461
polaris,Chemprop,polaris/adme-fang-hclint-1,42,LOG_HLM_CLint,r2,0.383367
polaris,Chemprop,polaris/adme-fang-hclint-1,42,LOG_HLM_CLint,explained_var,0.383476
polaris,Chemprop,tdcommons/lipophilicity-astrazeneca,42,Y,mean_absolute_error,0.454692
polaris,Chemprop,tdcommons/ppbr-az,42,Y,mean_absolute_error,8.09804
polaris,Chemprop,tdcommons/clearance-hepatocyte-az,42,Y,spearmanr,0.342526
polaris,Chemprop,tdcommons/cyp2d6-substrate-carbonmangels,42,Y,pr_auc,0.657904
polaris,Chemprop,tdcommons/half-life-obach,42,Y,spearmanr,0.302129
polaris,Chemprop,tdcommons/cyp2c9-substrate-carbonmangels,42,Y,pr_auc,0.429798
polaris,Chemprop,tdcommons/clearance-microsome-az,42,Y,spearmanr,0.537209
polaris,Chemprop,tdcommons/dili,42,Y,roc_auc,0.906087
polaris,Chemprop,tdcommons/bioavailability-ma,42,Y,roc_auc,0.621882
polaris,Chemprop,tdcommons/vdss-lombardo,42,Y,spearmanr,0.496698
polaris,Chemprop,tdcommons/cyp3a4-substrate-carbonmangels,42,Y,roc_auc,0.516275
polaris,Chemprop,tdcommons/pgp-broccatelli,42,Y,roc_auc,0.911024
polaris,Chemprop,tdcommons/caco2-wang,42,Y,mean_absolute_error,0.409064
polaris,Chemprop,tdcommons/herg,42,Y,roc_auc,0.709426
polaris,Chemprop,tdcommons/bbb-martins,42,Y,roc_auc,0.862375
polaris,Chemprop,tdcommons/ames,42,Y,roc_auc,0.824465
polaris,Chemprop,tdcommons/ld50-zhu,42,Y,mean_absolute_error,0.590037
polaris,Chemprop,polaris/pkis2-ret-wt-cls-v2,117,CLS_RET,pr_auc,0.590026
polaris,Chemprop,polaris/pkis2-ret-wt-cls-v2,117,CLS_RET,mcc,0.223293
polaris,Chemprop,polaris/pkis2-ret-wt-cls-v2,117,CLS_RET,accuracy,0.849057
polaris,Chemprop,polaris/pkis2-ret-wt-cls-v2,117,CLS_RET,cohen_kappa,0.094984
polaris,Chemprop,polaris/pkis2-ret-wt-cls-v2,117,CLS_RET,roc_auc,0.801718
polaris,Chemprop,polaris/pkis2-ret-wt-cls-v2,117,CLS_RET,f1,0.111111
polaris,Chemprop,polaris/pkis2-ret-wt-reg-v2,117,RET,mean_absolute_error,23.978
polaris,Chemprop,polaris/pkis2-ret-wt-reg-v2,117,RET,spearmanr,0.457853
polaris,Chemprop,polaris/pkis2-ret-wt-reg-v2,117,RET,mean_squared_error,984.032
polaris,Chemprop,polaris/pkis2-ret-wt-reg-v2,117,RET,pearsonr,0.458482
polaris,Chemprop,polaris/pkis2-ret-wt-reg-v2,117,RET,r2,0.171275
polaris,Chemprop,polaris/pkis2-ret-wt-reg-v2,117,RET,explained_var,0.193119
polaris,Chemprop,polaris/pkis2-kit-wt-cls-v2,117,CLS_KIT,pr_auc,0.35849
polaris,Chemprop,polaris/pkis2-kit-wt-cls-v2,117,CLS_KIT,mcc,0.0
polaris,Chemprop,polaris/pkis2-kit-wt-cls-v2,117,CLS_KIT,accuracy,0.810345
polaris,Chemprop,polaris/pkis2-kit-wt-cls-v2,117,CLS_KIT,cohen_kappa,0.0
polaris,Chemprop,polaris/pkis2-kit-wt-cls-v2,117,CLS_KIT,roc_auc,0.652805
polaris,Chemprop,polaris/pkis2-kit-wt-cls-v2,117,CLS_KIT,f1,0.0
polaris,Chemprop,polaris/pkis2-kit-wt-reg-v2,117,KIT,mean_absolute_error,23.0109
polaris,Chemprop,polaris/pkis2-kit-wt-reg-v2,117,KIT,spearmanr,0.508687
polaris,Chemprop,polaris/pkis2-kit-wt-reg-v2,117,KIT,mean_squared_error,928.335
polaris,Chemprop,polaris/pkis2-kit-wt-reg-v2,117,KIT,pearsonr,0.561039
polaris,Chemprop,polaris/pkis2-kit-wt-reg-v2,117,KIT,r2,0.230673
polaris,Chemprop,polaris/pkis2-kit-wt-reg-v2,117,KIT,explained_var,0.307276
polaris,Chemprop,polaris/pkis2-egfr-wt-reg-v2,117,EGFR,mean_absolute_error,20.4419
polaris,Chemprop,polaris/pkis2-egfr-wt-reg-v2,117,EGFR,spearmanr,0.222919
polaris,Chemprop,polaris/pkis2-egfr-wt-reg-v2,117,EGFR,mean_squared_error,676.203
polaris,Chemprop,polaris/pkis2-egfr-wt-reg-v2,117,EGFR,pearsonr,0.420055
polaris,Chemprop,polaris/pkis2-egfr-wt-reg-v2,117,EGFR,r2,0.160797
polaris,Chemprop,polaris/pkis2-egfr-wt-reg-v2,117,EGFR,explained_var,0.160807
polaris,Chemprop,polaris/adme-fang-solu-1,117,LOG_SOLUBILITY,mean_absolute_error,0.387249
polaris,Chemprop,polaris/adme-fang-solu-1,117,LOG_SOLUBILITY,spearmanr,0.555685
polaris,Chemprop,polaris/adme-fang-solu-1,117,LOG_SOLUBILITY,mean_squared_error,0.338897
polaris,Chemprop,polaris/adme-fang-solu-1,117,LOG_SOLUBILITY,pearsonr,0.615016
polaris,Chemprop,polaris/adme-fang-solu-1,117,LOG_SOLUBILITY,r2,0.374935
polaris,Chemprop,polaris/adme-fang-solu-1,117,LOG_SOLUBILITY,explained_var,0.378158
polaris,Chemprop,polaris/adme-fang-rppb-1,117,LOG_RPPB,mean_absolute_error,0.694049
polaris,Chemprop,polaris/adme-fang-rppb-1,117,LOG_RPPB,spearmanr,0.328696
polaris,Chemprop,polaris/adme-fang-rppb-1,117,LOG_RPPB,mean_squared_error,0.833985
polaris,Chemprop,polaris/adme-fang-rppb-1,117,LOG_RPPB,pearsonr,0.249703
polaris,Chemprop,polaris/adme-fang-rppb-1,117,LOG_RPPB,r2,0.0613377
polaris,Chemprop,polaris/adme-fang-rppb-1,117,LOG_RPPB,explained_var,0.062325
polaris,Chemprop,polaris/adme-fang-hppb-1,117,LOG_HPPB,mean_absolute_error,0.595651
polaris,Chemprop,polaris/adme-fang-hppb-1,117,LOG_HPPB,spearmanr,0.668195
polaris,Chemprop,polaris/adme-fang-hppb-1,117,LOG_HPPB,mean_squared_error,0.478312
polaris,Chemprop,polaris/adme-fang-hppb-1,117,LOG_HPPB,pearsonr,0.580156
polaris,Chemprop,polaris/adme-fang-hppb-1,117,LOG_HPPB,r2,0.210235
polaris,Chemprop,polaris/adme-fang-hppb-1,117,LOG_HPPB,explained_var,0.216015
polaris,Chemprop,polaris/adme-fang-perm-1,117,LOG_MDR1-MDCK_ER,mean_absolute_error,0.37514
polaris,Chemprop,polaris/adme-fang-perm-1,117,LOG_MDR1-MDCK_ER,spearmanr,0.715919
polaris,Chemprop,polaris/adme-fang-perm-1,117,LOG_MDR1-MDCK_ER,mean_squared_error,0.250583
polaris,Chemprop,polaris/adme-fang-perm-1,117,LOG_MDR1-MDCK_ER,pearsonr,0.703046
polaris,Chemprop,polaris/adme-fang-perm-1,117,LOG_MDR1-MDCK_ER,r2,0.494172
polaris,Chemprop,polaris/adme-fang-perm-1,117,LOG_MDR1-MDCK_ER,explained_var,0.494258
polaris,Chemprop,polaris/adme-fang-rclint-1,117,LOG_RLM_CLint,mean_absolute_error,0.419038
polaris,Chemprop,polaris/adme-fang-rclint-1,117,LOG_RLM_CLint,spearmanr,0.714781
polaris,Chemprop,polaris/adme-fang-rclint-1,117,LOG_RLM_CLint,mean_squared_error,0.275558
polaris,Chemprop,polaris/adme-fang-rclint-1,117,LOG_RLM_CLint,pearsonr,0.71591
polaris,Chemprop,polaris/adme-fang-rclint-1,117,LOG_RLM_CLint,r2,0.511893
polaris,Chemprop,polaris/adme-fang-rclint-1,117,LOG_RLM_CLint,explained_var,0.511999
polaris,Chemprop,polaris/adme-fang-hclint-1,117,LOG_HLM_CLint,mean_absolute_error,0.385858
polaris,Chemprop,polaris/adme-fang-hclint-1,117,LOG_HLM_CLint,spearmanr,0.646945
polaris,Chemprop,polaris/adme-fang-hclint-1,117,LOG_HLM_CLint,mean_squared_error,0.243022
polaris,Chemprop,polaris/adme-fang-hclint-1,117,LOG_HLM_CLint,pearsonr,0.626686
polaris,Chemprop,polaris/adme-fang-hclint-1,117,LOG_HLM_CLint,r2,0.374316
polaris,Chemprop,polaris/adme-fang-hclint-1,117,LOG_HLM_CLint,explained_var,0.381197
polaris,Chemprop,tdcommons/lipophilicity-astrazeneca,117,Y,mean_absolute_error,0.469805
polaris,Chemprop,tdcommons/ppbr-az,117,Y,mean_absolute_error,7.93535
polaris,Chemprop,tdcommons/clearance-hepatocyte-az,117,Y,spearmanr,0.328099
polaris,Chemprop,tdcommons/cyp2d6-substrate-carbonmangels,117,Y,pr_auc,0.647531
polaris,Chemprop,tdcommons/half-life-obach,117,Y,spearmanr,0.301228
polaris,Chemprop,tdcommons/cyp2c9-substrate-carbonmangels,117,Y,pr_auc,0.400143
polaris,Chemprop,tdcommons/clearance-microsome-az,117,Y,spearmanr,0.503706
polaris,Chemprop,tdcommons/dili,117,Y,roc_auc,0.906957
polaris,Chemprop,tdcommons/bioavailability-ma,117,Y,roc_auc,0.602927
polaris,Chemprop,tdcommons/vdss-lombardo,117,Y,spearmanr,0.525165
polaris,Chemprop,tdcommons/cyp3a4-substrate-carbonmangels,117,Y,roc_auc,0.563969
polaris,Chemprop,tdcommons/pgp-broccatelli,117,Y,roc_auc,0.890496
polaris,Chemprop,tdcommons/caco2-wang,117,Y,mean_absolute_error,0.376234
polaris,Chemprop,tdcommons/herg,117,Y,roc_auc,0.695582
polaris,Chemprop,tdcommons/bbb-martins,117,Y,roc_auc,0.811288
polaris,Chemprop,tdcommons/ames,117,Y,roc_auc,0.830159
polaris,Chemprop,tdcommons/ld50-zhu,117,Y,mean_absolute_error,0.609616
polaris,Chemprop,polaris/pkis2-ret-wt-cls-v2,709,CLS_RET,pr_auc,0.434672
polaris,Chemprop,polaris/pkis2-ret-wt-cls-v2,709,CLS_RET,mcc,0.0
polaris,Chemprop,polaris/pkis2-ret-wt-cls-v2,709,CLS_RET,accuracy,0.839623
polaris,Chemprop,polaris/pkis2-ret-wt-cls-v2,709,CLS_RET,cohen_kappa,0.0
polaris,Chemprop,polaris/pkis2-ret-wt-cls-v2,709,CLS_RET,roc_auc,0.763384
polaris,Chemprop,polaris/pkis2-ret-wt-cls-v2,709,CLS_RET,f1,0.0
polaris,Chemprop,polaris/pkis2-ret-wt-reg-v2,709,RET,mean_absolute_error,23.7723
polaris,Chemprop,polaris/pkis2-ret-wt-reg-v2,709,RET,spearmanr,0.514482
polaris,Chemprop,polaris/pkis2-ret-wt-reg-v2,709,RET,mean_squared_error,933.622
polaris,Chemprop,polaris/pkis2-ret-wt-reg-v2,709,RET,pearsonr,0.486956
polaris,Chemprop,polaris/pkis2-ret-wt-reg-v2,709,RET,r2,0.213729
polaris,Chemprop,polaris/pkis2-ret-wt-reg-v2,709,RET,explained_var,0.213742
polaris,Chemprop,polaris/pkis2-kit-wt-cls-v2,709,CLS_KIT,pr_auc,0.442999
polaris,Chemprop,polaris/pkis2-kit-wt-cls-v2,709,CLS_KIT,mcc,0.206776
polaris,Chemprop,polaris/pkis2-kit-wt-cls-v2,709,CLS_KIT,accuracy,0.784483
polaris,Chemprop,polaris/pkis2-kit-wt-cls-v2,709,CLS_KIT,cohen_kappa,0.201542
polaris,Chemprop,polaris/pkis2-kit-wt-cls-v2,709,CLS_KIT,roc_auc,0.764507
polaris,Chemprop,polaris/pkis2-kit-wt-cls-v2,709,CLS_KIT,f1,0.324324
polaris,Chemprop,polaris/pkis2-kit-wt-reg-v2,709,KIT,mean_absolute_error,21.5231
polaris,Chemprop,polaris/pkis2-kit-wt-reg-v2,709,KIT,spearmanr,0.52035
polaris,Chemprop,polaris/pkis2-kit-wt-reg-v2,709,KIT,mean_squared_error,833.705
polaris,Chemprop,polaris/pkis2-kit-wt-reg-v2,709,KIT,pearsonr,0.580397
polaris,Chemprop,polaris/pkis2-kit-wt-reg-v2,709,KIT,r2,0.309095
polaris,Chemprop,polaris/pkis2-kit-wt-reg-v2,709,KIT,explained_var,0.330063
polaris,Chemprop,polaris/pkis2-egfr-wt-reg-v2,709,EGFR,mean_absolute_error,21.051
polaris,Chemprop,polaris/pkis2-egfr-wt-reg-v2,709,EGFR,spearmanr,0.149674
polaris,Chemprop,polaris/pkis2-egfr-wt-reg-v2,709,EGFR,mean_squared_error,738.921
polaris,Chemprop,polaris/pkis2-egfr-wt-reg-v2,709,EGFR,pearsonr,0.289439
polaris,Chemprop,polaris/pkis2-egfr-wt-reg-v2,709,EGFR,r2,0.0829612
polaris,Chemprop,polaris/pkis2-egfr-wt-reg-v2,709,EGFR,explained_var,0.0831333
polaris,Chemprop,polaris/adme-fang-solu-1,709,LOG_SOLUBILITY,mean_absolute_error,0.413956
polaris,Chemprop,polaris/adme-fang-solu-1,709,LOG_SOLUBILITY,spearmanr,0.500219
polaris,Chemprop,polaris/adme-fang-solu-1,709,LOG_SOLUBILITY,mean_squared_error,0.353773
polaris,Chemprop,polaris/adme-fang-solu-1,709,LOG_SOLUBILITY,pearsonr,0.590687
polaris,Chemprop,polaris/adme-fang-solu-1,709,LOG_SOLUBILITY,r2,0.347498
polaris,Chemprop,polaris/adme-fang-solu-1,709,LOG_SOLUBILITY,explained_var,0.34778
polaris,Chemprop,polaris/adme-fang-rppb-1,709,LOG_RPPB,mean_absolute_error,0.693547
polaris,Chemprop,polaris/adme-fang-rppb-1,709,LOG_RPPB,spearmanr,0.227826
polaris,Chemprop,polaris/adme-fang-rppb-1,709,LOG_RPPB,mean_squared_error,0.857109
polaris,Chemprop,polaris/adme-fang-rppb-1,709,LOG_RPPB,pearsonr,0.195226
polaris,Chemprop,polaris/adme-fang-rppb-1,709,LOG_RPPB,r2,0.0353113
polaris,Chemprop,polaris/adme-fang-rppb-1,709,LOG_RPPB,explained_var,0.03686
polaris,Chemprop,polaris/adme-fang-hppb-1,709,LOG_HPPB,mean_absolute_error,0.699146
polaris,Chemprop,polaris/adme-fang-hppb-1,709,LOG_HPPB,spearmanr,0.384445
polaris,Chemprop,polaris/adme-fang-hppb-1,709,LOG_HPPB,mean_squared_error,0.638182
polaris,Chemprop,polaris/adme-fang-hppb-1,709,LOG_HPPB,pearsonr,0.330516
polaris,Chemprop,polaris/adme-fang-hppb-1,709,LOG_HPPB,r2,-0.0537342
polaris,Chemprop,polaris/adme-fang-hppb-1,709,LOG_HPPB,explained_var,0.00614101
polaris,Chemprop,polaris/adme-fang-perm-1,709,LOG_MDR1-MDCK_ER,mean_absolute_error,0.385975
polaris,Chemprop,polaris/adme-fang-perm-1,709,LOG_MDR1-MDCK_ER,spearmanr,0.722449
polaris,Chemprop,polaris/adme-fang-perm-1,709,LOG_MDR1-MDCK_ER,mean_squared_error,0.255263
polaris,Chemprop,polaris/adme-fang-perm-1,709,LOG_MDR1-MDCK_ER,pearsonr,0.698839
polaris,Chemprop,polaris/adme-fang-perm-1,709,LOG_MDR1-MDCK_ER,r2,0.484726
polaris,Chemprop,polaris/adme-fang-perm-1,709,LOG_MDR1-MDCK_ER,explained_var,0.486407
polaris,Chemprop,polaris/adme-fang-rclint-1,709,LOG_RLM_CLint,mean_absolute_error,0.433411
polaris,Chemprop,polaris/adme-fang-rclint-1,709,LOG_RLM_CLint,spearmanr,0.698801
polaris,Chemprop,polaris/adme-fang-rclint-1,709,LOG_RLM_CLint,mean_squared_error,0.290935
polaris,Chemprop,polaris/adme-fang-rclint-1,709,LOG_RLM_CLint,pearsonr,0.698499
polaris,Chemprop,polaris/adme-fang-rclint-1,709,LOG_RLM_CLint,r2,0.484654
polaris,Chemprop,polaris/adme-fang-rclint-1,709,LOG_RLM_CLint,explained_var,0.487236
polaris,Chemprop,polaris/adme-fang-hclint-1,709,LOG_HLM_CLint,mean_absolute_error,0.387113
polaris,Chemprop,polaris/adme-fang-hclint-1,709,LOG_HLM_CLint,spearmanr,0.645289
polaris,Chemprop,polaris/adme-fang-hclint-1,709,LOG_HLM_CLint,mean_squared_error,0.240075
polaris,Chemprop,polaris/adme-fang-hclint-1,709,LOG_HLM_CLint,pearsonr,0.621169
polaris,Chemprop,polaris/adme-fang-hclint-1,709,LOG_HLM_CLint,r2,0.381904
polaris,Chemprop,polaris/adme-fang-hclint-1,709,LOG_HLM_CLint,explained_var,0.385663
polaris,Chemprop,tdcommons/lipophilicity-astrazeneca,709,Y,mean_absolute_error,0.453283
polaris,Chemprop,tdcommons/ppbr-az,709,Y,mean_absolute_error,7.93282
polaris,Chemprop,tdcommons/clearance-hepatocyte-az,709,Y,spearmanr,0.361993
polaris,Chemprop,tdcommons/cyp2d6-substrate-carbonmangels,709,Y,pr_auc,0.673799
polaris,Chemprop,tdcommons/half-life-obach,709,Y,spearmanr,0.256152
polaris,Chemprop,tdcommons/cyp2c9-substrate-carbonmangels,709,Y,pr_auc,0.421027
polaris,Chemprop,tdcommons/clearance-microsome-az,709,Y,spearmanr,0.50221
polaris,Chemprop,tdcommons/dili,709,Y,roc_auc,0.917826
polaris,Chemprop,tdcommons/bioavailability-ma,709,Y,roc_auc,0.577985
polaris,Chemprop,tdcommons/vdss-lombardo,709,Y,spearmanr,0.531533
polaris,Chemprop,tdcommons/cyp3a4-substrate-carbonmangels,709,Y,roc_auc,0.568716
polaris,Chemprop,tdcommons/pgp-broccatelli,709,Y,roc_auc,0.883364
polaris,Chemprop,tdcommons/caco2-wang,709,Y,mean_absolute_error,0.36397
polaris,Chemprop,tdcommons/herg,709,Y,roc_auc,0.694109
polaris,Chemprop,tdcommons/bbb-martins,709,Y,roc_auc,0.865111
polaris,Chemprop,tdcommons/ames,709,Y,roc_auc,0.843277
polaris,Chemprop,tdcommons/ld50-zhu,709,Y,mean_absolute_error,0.562925
polaris,Chemprop,polaris/pkis2-ret-wt-cls-v2,1701,CLS_RET,pr_auc,0.352745
polaris,Chemprop,polaris/pkis2-ret-wt-cls-v2,1701,CLS_RET,mcc,0.0
polaris,Chemprop,polaris/pkis2-ret-wt-cls-v2,1701,CLS_RET,accuracy,0.839623
polaris,Chemprop,polaris/pkis2-ret-wt-cls-v2,1701,CLS_RET,cohen_kappa,0.0
polaris,Chemprop,polaris/pkis2-ret-wt-cls-v2,1701,CLS_RET,roc_auc,0.749504
polaris,Chemprop,polaris/pkis2-ret-wt-cls-v2,1701,CLS_RET,f1,0.0
polaris,Chemprop,polaris/pkis2-ret-wt-reg-v2,1701,RET,mean_absolute_error,25.138
polaris,Chemprop,polaris/pkis2-ret-wt-reg-v2,1701,RET,spearmanr,0.445789
polaris,Chemprop,polaris/pkis2-ret-wt-reg-v2,1701,RET,mean_squared_error,1041.4
polaris,Chemprop,polaris/pkis2-ret-wt-reg-v2,1701,RET,pearsonr,0.418974
polaris,Chemprop,polaris/pkis2-ret-wt-reg-v2,1701,RET,r2,0.122961
polaris,Chemprop,polaris/pkis2-ret-wt-reg-v2,1701,RET,explained_var,0.123271
polaris,Chemprop,polaris/pkis2-kit-wt-cls-v2,1701,CLS_KIT,pr_auc,0.579998
polaris,Chemprop,polaris/pkis2-kit-wt-cls-v2,1701,CLS_KIT,mcc,0.413319
polaris,Chemprop,polaris/pkis2-kit-wt-cls-v2,1701,CLS_KIT,accuracy,0.844828
polaris,Chemprop,polaris/pkis2-kit-wt-cls-v2,1701,CLS_KIT,cohen_kappa,0.388759
polaris,Chemprop,polaris/pkis2-kit-wt-cls-v2,1701,CLS_KIT,roc_auc,0.841393
polaris,Chemprop,polaris/pkis2-kit-wt-cls-v2,1701,CLS_KIT,f1,0.470588
polaris,Chemprop,polaris/pkis2-kit-wt-reg-v2,1701,KIT,mean_absolute_error,22.7968
polaris,Chemprop,polaris/pkis2-kit-wt-reg-v2,1701,KIT,spearmanr,0.487021
polaris,Chemprop,polaris/pkis2-kit-wt-reg-v2,1701,KIT,mean_squared_error,885.641
polaris,Chemprop,polaris/pkis2-kit-wt-reg-v2,1701,KIT,pearsonr,0.56074
polaris,Chemprop,polaris/pkis2-kit-wt-reg-v2,1701,KIT,r2,0.266054
polaris,Chemprop,polaris/pkis2-kit-wt-reg-v2,1701,KIT,explained_var,0.307855
polaris,Chemprop,polaris/pkis2-egfr-wt-reg-v2,1701,EGFR,mean_absolute_error,21.1394
polaris,Chemprop,polaris/pkis2-egfr-wt-reg-v2,1701,EGFR,spearmanr,0.217842
polaris,Chemprop,polaris/pkis2-egfr-wt-reg-v2,1701,EGFR,mean_squared_error,705.261
polaris,Chemprop,polaris/pkis2-egfr-wt-reg-v2,1701,EGFR,pearsonr,0.372648
polaris,Chemprop,polaris/pkis2-egfr-wt-reg-v2,1701,EGFR,r2,0.124735
polaris,Chemprop,polaris/pkis2-egfr-wt-reg-v2,1701,EGFR,explained_var,0.126096
polaris,Chemprop,polaris/adme-fang-solu-1,1701,LOG_SOLUBILITY,mean_absolute_error,0.416941
polaris,Chemprop,polaris/adme-fang-solu-1,1701,LOG_SOLUBILITY,spearmanr,0.50266
polaris,Chemprop,polaris/adme-fang-solu-1,1701,LOG_SOLUBILITY,mean_squared_error,0.362289
polaris,Chemprop,polaris/adme-fang-solu-1,1701,LOG_SOLUBILITY,pearsonr,0.576362
polaris,Chemprop,polaris/adme-fang-solu-1,1701,LOG_SOLUBILITY,r2,0.331791
polaris,Chemprop,polaris/adme-fang-solu-1,1701,LOG_SOLUBILITY,explained_var,0.332193
polaris,Chemprop,polaris/adme-fang-rppb-1,1701,LOG_RPPB,mean_absolute_error,0.705339
polaris,Chemprop,polaris/adme-fang-rppb-1,1701,LOG_RPPB,spearmanr,0.297391
polaris,Chemprop,polaris/adme-fang-rppb-1,1701,LOG_RPPB,mean_squared_error,0.857859
polaris,Chemprop,polaris/adme-fang-rppb-1,1701,LOG_RPPB,pearsonr,0.216297
polaris,Chemprop,polaris/adme-fang-rppb-1,1701,LOG_RPPB,r2,0.0344668
polaris,Chemprop,polaris/adme-fang-rppb-1,1701,LOG_RPPB,explained_var,0.0378185
polaris,Chemprop,polaris/adme-fang-hppb-1,1701,LOG_HPPB,mean_absolute_error,0.675924
polaris,Chemprop,polaris/adme-fang-hppb-1,1701,LOG_HPPB,spearmanr,0.685308
polaris,Chemprop,polaris/adme-fang-hppb-1,1701,LOG_HPPB,mean_squared_error,0.595654
polaris,Chemprop,polaris/adme-fang-hppb-1,1701,LOG_HPPB,pearsonr,0.616235
polaris,Chemprop,polaris/adme-fang-hppb-1,1701,LOG_HPPB,r2,0.0164869
polaris,Chemprop,polaris/adme-fang-hppb-1,1701,LOG_HPPB,explained_var,0.052028
polaris,Chemprop,polaris/adme-fang-perm-1,1701,LOG_MDR1-MDCK_ER,mean_absolute_error,0.393647
polaris,Chemprop,polaris/adme-fang-perm-1,1701,LOG_MDR1-MDCK_ER,spearmanr,0.687022
polaris,Chemprop,polaris/adme-fang-perm-1,1701,LOG_MDR1-MDCK_ER,mean_squared_error,0.273044
polaris,Chemprop,polaris/adme-fang-perm-1,1701,LOG_MDR1-MDCK_ER,pearsonr,0.671383
polaris,Chemprop,polaris/adme-fang-perm-1,1701,LOG_MDR1-MDCK_ER,r2,0.448834
polaris,Chemprop,polaris/adme-fang-perm-1,1701,LOG_MDR1-MDCK_ER,explained_var,0.450277
polaris,Chemprop,polaris/adme-fang-rclint-1,1701,LOG_RLM_CLint,mean_absolute_error,0.450183
polaris,Chemprop,polaris/adme-fang-rclint-1,1701,LOG_RLM_CLint,spearmanr,0.663196
polaris,Chemprop,polaris/adme-fang-rclint-1,1701,LOG_RLM_CLint,mean_squared_error,0.314011
polaris,Chemprop,polaris/adme-fang-rclint-1,1701,LOG_RLM_CLint,pearsonr,0.666287
polaris,Chemprop,polaris/adme-fang-rclint-1,1701,LOG_RLM_CLint,r2,0.443778
polaris,Chemprop,polaris/adme-fang-rclint-1,1701,LOG_RLM_CLint,explained_var,0.443855
polaris,Chemprop,polaris/adme-fang-hclint-1,1701,LOG_HLM_CLint,mean_absolute_error,0.354858
polaris,Chemprop,polaris/adme-fang-hclint-1,1701,LOG_HLM_CLint,spearmanr,0.689921
polaris,Chemprop,polaris/adme-fang-hclint-1,1701,LOG_HLM_CLint,mean_squared_error,0.2209
polaris,Chemprop,polaris/adme-fang-hclint-1,1701,LOG_HLM_CLint,pearsonr,0.666293
polaris,Chemprop,polaris/adme-fang-hclint-1,1701,LOG_HLM_CLint,r2,0.431272
polaris,Chemprop,polaris/adme-fang-hclint-1,1701,LOG_HLM_CLint,explained_var,0.434233
polaris,Chemprop,tdcommons/lipophilicity-astrazeneca,1701,Y,mean_absolute_error,0.478257
polaris,Chemprop,tdcommons/ppbr-az,1701,Y,mean_absolute_error,8.36578
polaris,Chemprop,tdcommons/clearance-hepatocyte-az,1701,Y,spearmanr,0.378821
polaris,Chemprop,tdcommons/cyp2d6-substrate-carbonmangels,1701,Y,pr_auc,0.596624
polaris,Chemprop,tdcommons/half-life-obach,1701,Y,spearmanr,0.246981
polaris,Chemprop,tdcommons/cyp2c9-substrate-carbonmangels,1701,Y,pr_auc,0.384804
polaris,Chemprop,tdcommons/clearance-microsome-az,1701,Y,spearmanr,0.451901
polaris,Chemprop,tdcommons/dili,1701,Y,roc_auc,0.89
polaris,Chemprop,tdcommons/bioavailability-ma,1701,Y,roc_auc,0.584303
polaris,Chemprop,tdcommons/vdss-lombardo,1701,Y,spearmanr,0.496613
polaris,Chemprop,tdcommons/cyp3a4-substrate-carbonmangels,1701,Y,roc_auc,0.573237
polaris,Chemprop,tdcommons/pgp-broccatelli,1701,Y,roc_auc,0.871901
polaris,Chemprop,tdcommons/caco2-wang,1701,Y,mean_absolute_error,0.335726
polaris,Chemprop,tdcommons/herg,1701,Y,roc_auc,0.679381
polaris,Chemprop,tdcommons/bbb-martins,1701,Y,roc_auc,0.89513
polaris,Chemprop,tdcommons/ames,1701,Y,roc_auc,0.838801
polaris,Chemprop,tdcommons/ld50-zhu,1701,Y,mean_absolute_error,0.609074
polaris,Chemprop,polaris/pkis2-ret-wt-cls-v2,9001,CLS_RET,pr_auc,0.313821
polaris,Chemprop,polaris/pkis2-ret-wt-cls-v2,9001,CLS_RET,mcc,0.0
polaris,Chemprop,polaris/pkis2-ret-wt-cls-v2,9001,CLS_RET,accuracy,0.839623
polaris,Chemprop,polaris/pkis2-ret-wt-cls-v2,9001,CLS_RET,cohen_kappa,0.0
polaris,Chemprop,polaris/pkis2-ret-wt-cls-v2,9001,CLS_RET,roc_auc,0.691342
polaris,Chemprop,polaris/pkis2-ret-wt-cls-v2,9001,CLS_RET,f1,0.0
polaris,Chemprop,polaris/pkis2-ret-wt-reg-v2,9001,RET,mean_absolute_error,25.3052
polaris,Chemprop,polaris/pkis2-ret-wt-reg-v2,9001,RET,spearmanr,0.42762
polaris,Chemprop,polaris/pkis2-ret-wt-reg-v2,9001,RET,mean_squared_error,1092.72
polaris,Chemprop,polaris/pkis2-ret-wt-reg-v2,9001,RET,pearsonr,0.394682
polaris,Chemprop,polaris/pkis2-ret-wt-reg-v2,9001,RET,r2,0.0797393
polaris,Chemprop,polaris/pkis2-ret-wt-reg-v2,9001,RET,explained_var,0.0806203
polaris,Chemprop,polaris/pkis2-kit-wt-cls-v2,9001,CLS_KIT,pr_auc,0.377296
polaris,Chemprop,polaris/pkis2-kit-wt-cls-v2,9001,CLS_KIT,mcc,0.0
polaris,Chemprop,polaris/pkis2-kit-wt-cls-v2,9001,CLS_KIT,accuracy,0.810345
polaris,Chemprop,polaris/pkis2-kit-wt-cls-v2,9001,CLS_KIT,cohen_kappa,0.0
polaris,Chemprop,polaris/pkis2-kit-wt-cls-v2,9001,CLS_KIT,roc_auc,0.625725
polaris,Chemprop,polaris/pkis2-kit-wt-cls-v2,9001,CLS_KIT,f1,0.0
polaris,Chemprop,polaris/pkis2-kit-wt-reg-v2,9001,KIT,mean_absolute_error,30.0875
polaris,Chemprop,polaris/pkis2-kit-wt-reg-v2,9001,KIT,spearmanr,0.173218
polaris,Chemprop,polaris/pkis2-kit-wt-reg-v2,9001,KIT,mean_squared_error,1204.43
polaris,Chemprop,polaris/pkis2-kit-wt-reg-v2,9001,KIT,pearsonr,0.219806
polaris,Chemprop,polaris/pkis2-kit-wt-reg-v2,9001,KIT,r2,0.0018654
polaris,Chemprop,polaris/pkis2-kit-wt-reg-v2,9001,KIT,explained_var,0.00444679
polaris,Chemprop,polaris/pkis2-egfr-wt-reg-v2,9001,EGFR,mean_absolute_error,20.3013
polaris,Chemprop,polaris/pkis2-egfr-wt-reg-v2,9001,EGFR,spearmanr,0.264777
polaris,Chemprop,polaris/pkis2-egfr-wt-reg-v2,9001,EGFR,mean_squared_error,685.891
polaris,Chemprop,polaris/pkis2-egfr-wt-reg-v2,9001,EGFR,pearsonr,0.39485
polaris,Chemprop,polaris/pkis2-egfr-wt-reg-v2,9001,EGFR,r2,0.148774
polaris,Chemprop,polaris/pkis2-egfr-wt-reg-v2,9001,EGFR,explained_var,0.150322
polaris,Chemprop,polaris/adme-fang-solu-1,9001,LOG_SOLUBILITY,mean_absolute_error,0.414397
polaris,Chemprop,polaris/adme-fang-solu-1,9001,LOG_SOLUBILITY,spearmanr,0.490977
polaris,Chemprop,polaris/adme-fang-solu-1,9001,LOG_SOLUBILITY,mean_squared_error,0.359693
polaris,Chemprop,polaris/adme-fang-solu-1,9001,LOG_SOLUBILITY,pearsonr,0.587288
polaris,Chemprop,polaris/adme-fang-solu-1,9001,LOG_SOLUBILITY,r2,0.336579
polaris,Chemprop,polaris/adme-fang-solu-1,9001,LOG_SOLUBILITY,explained_var,0.339924
polaris,Chemprop,polaris/adme-fang-rppb-1,9001,LOG_RPPB,mean_absolute_error,0.732679
polaris,Chemprop,polaris/adme-fang-rppb-1,9001,LOG_RPPB,spearmanr,0.253913
polaris,Chemprop,polaris/adme-fang-rppb-1,9001,LOG_RPPB,mean_squared_error,0.881484
polaris,Chemprop,polaris/adme-fang-rppb-1,9001,LOG_RPPB,pearsonr,0.199265
polaris,Chemprop,polaris/adme-fang-rppb-1,9001,LOG_RPPB,r2,0.00787614
polaris,Chemprop,polaris/adme-fang-rppb-1,9001,LOG_RPPB,explained_var,0.0306521
polaris,Chemprop,polaris/adme-fang-hppb-1,9001,LOG_HPPB,mean_absolute_error,0.618566
polaris,Chemprop,polaris/adme-fang-hppb-1,9001,LOG_HPPB,spearmanr,0.574528
polaris,Chemprop,polaris/adme-fang-hppb-1,9001,LOG_HPPB,mean_squared_error,0.507738
polaris,Chemprop,polaris/adme-fang-hppb-1,9001,LOG_HPPB,pearsonr,0.568362
polaris,Chemprop,polaris/adme-fang-hppb-1,9001,LOG_HPPB,r2,0.161649
polaris,Chemprop,polaris/adme-fang-hppb-1,9001,LOG_HPPB,explained_var,0.288478
polaris,Chemprop,polaris/adme-fang-perm-1,9001,LOG_MDR1-MDCK_ER,mean_absolute_error,0.356639
polaris,Chemprop,polaris/adme-fang-perm-1,9001,LOG_MDR1-MDCK_ER,spearmanr,0.724138
polaris,Chemprop,polaris/adme-fang-perm-1,9001,LOG_MDR1-MDCK_ER,mean_squared_error,0.242775
polaris,Chemprop,polaris/adme-fang-perm-1,9001,LOG_MDR1-MDCK_ER,pearsonr,0.714558
polaris,Chemprop,polaris/adme-fang-perm-1,9001,LOG_MDR1-MDCK_ER,r2,0.509934
polaris,Chemprop,polaris/adme-fang-perm-1,9001,LOG_MDR1-MDCK_ER,explained_var,0.510043
polaris,Chemprop,polaris/adme-fang-rclint-1,9001,LOG_RLM_CLint,mean_absolute_error,0.434718
polaris,Chemprop,polaris/adme-fang-rclint-1,9001,LOG_RLM_CLint,spearmanr,0.700064
polaris,Chemprop,polaris/adme-fang-rclint-1,9001,LOG_RLM_CLint,mean_squared_error,0.292024
polaris,Chemprop,polaris/adme-fang-rclint-1,9001,LOG_RLM_CLint,pearsonr,0.695154
polaris,Chemprop,polaris/adme-fang-rclint-1,9001,LOG_RLM_CLint,r2,0.482725
polaris,Chemprop,polaris/adme-fang-rclint-1,9001,LOG_RLM_CLint,explained_var,0.483196
polaris,Chemprop,polaris/adme-fang-hclint-1,9001,LOG_HLM_CLint,mean_absolute_error,0.361242
polaris,Chemprop,polaris/adme-fang-hclint-1,9001,LOG_HLM_CLint,spearmanr,0.68468
polaris,Chemprop,polaris/adme-fang-hclint-1,9001,LOG_HLM_CLint,mean_squared_error,0.228399
polaris,Chemprop,polaris/adme-fang-hclint-1,9001,LOG_HLM_CLint,pearsonr,0.661893
polaris,Chemprop,polaris/adme-fang-hclint-1,9001,LOG_HLM_CLint,r2,0.411964
polaris,Chemprop,polaris/adme-fang-hclint-1,9001,LOG_HLM_CLint,explained_var,0.41902
polaris,Chemprop,tdcommons/lipophilicity-astrazeneca,9001,Y,mean_absolute_error,0.456331
polaris,Chemprop,tdcommons/ppbr-az,9001,Y,mean_absolute_error,8.20025
polaris,Chemprop,tdcommons/clearance-hepatocyte-az,9001,Y,spearmanr,0.350121
polaris,Chemprop,tdcommons/cyp2d6-substrate-carbonmangels,9001,Y,pr_auc,0.701544
polaris,Chemprop,tdcommons/half-life-obach,9001,Y,spearmanr,0.268837
polaris,Chemprop,tdcommons/cyp2c9-substrate-carbonmangels,9001,Y,pr_auc,0.425856
polaris,Chemprop,tdcommons/clearance-microsome-az,9001,Y,spearmanr,0.569913
polaris,Chemprop,tdcommons/dili,9001,Y,roc_auc,0.908696
polaris,Chemprop,tdcommons/bioavailability-ma,9001,Y,roc_auc,0.596608
polaris,Chemprop,tdcommons/vdss-lombardo,9001,Y,spearmanr,0.328499
polaris,Chemprop,tdcommons/cyp3a4-substrate-carbonmangels,9001,Y,roc_auc,0.605561
polaris,Chemprop,tdcommons/pgp-broccatelli,9001,Y,roc_auc,0.879432
polaris,Chemprop,tdcommons/caco2-wang,9001,Y,mean_absolute_error,0.374442
polaris,Chemprop,tdcommons/herg,9001,Y,roc_auc,0.705155
polaris,Chemprop,tdcommons/bbb-martins,9001,Y,roc_auc,0.885163
polaris,Chemprop,tdcommons/ames,9001,Y,roc_auc,0.842468
polaris,Chemprop,tdcommons/ld50-zhu,9001,Y,mean_absolute_error,0.617433
polaris,Chemprop_Mordred,polaris/pkis2-ret-wt-cls-v2,42,CLS_RET,cohen_kappa,0.591365
polaris,Chemprop_Mordred,polaris/pkis2-ret-wt-cls-v2,42,CLS_RET,f1,0.642857
polaris,Chemprop_Mordred,polaris/pkis2-ret-wt-cls-v2,42,CLS_RET,roc_auc,0.857898
polaris,Chemprop_Mordred,polaris/pkis2-ret-wt-cls-v2,42,CLS_RET,accuracy,0.90566
polaris,Chemprop_Mordred,polaris/pkis2-ret-wt-cls-v2,42,CLS_RET,mcc,0.609983
polaris,Chemprop_Mordred,polaris/pkis2-ret-wt-cls-v2,42,CLS_RET,pr_auc,0.681292
polaris,Chemprop_Mordred,polaris/pkis2-ret-wt-reg-v2,42,RET,spearmanr,0.495958
polaris,Chemprop_Mordred,polaris/pkis2-ret-wt-reg-v2,42,RET,r2,0.179054
polaris,Chemprop_Mordred,polaris/pkis2-ret-wt-reg-v2,42,RET,mean_squared_error,974.795
polaris,Chemprop_Mordred,polaris/pkis2-ret-wt-reg-v2,42,RET,mean_absolute_error,23.6964
polaris,Chemprop_Mordred,polaris/pkis2-ret-wt-reg-v2,42,RET,pearsonr,0.505761
polaris,Chemprop_Mordred,polaris/pkis2-ret-wt-reg-v2,42,RET,explained_var,0.182599
polaris,Chemprop_Mordred,polaris/pkis2-kit-wt-cls-v2,42,CLS_KIT,cohen_kappa,0.23875
polaris,Chemprop_Mordred,polaris/pkis2-kit-wt-cls-v2,42,CLS_KIT,f1,0.322581
polaris,Chemprop_Mordred,polaris/pkis2-kit-wt-cls-v2,42,CLS_KIT,roc_auc,0.75
polaris,Chemprop_Mordred,polaris/pkis2-kit-wt-cls-v2,42,CLS_KIT,accuracy,0.818966
polaris,Chemprop_Mordred,polaris/pkis2-kit-wt-cls-v2,42,CLS_KIT,mcc,0.270692
polaris,Chemprop_Mordred,polaris/pkis2-kit-wt-cls-v2,42,CLS_KIT,pr_auc,0.449859
polaris,Chemprop_Mordred,polaris/pkis2-kit-wt-reg-v2,42,KIT,spearmanr,0.387884
polaris,Chemprop_Mordred,polaris/pkis2-kit-wt-reg-v2,42,KIT,r2,0.0391298
polaris,Chemprop_Mordred,polaris/pkis2-kit-wt-reg-v2,42,KIT,mean_squared_error,1159.47
polaris,Chemprop_Mordred,polaris/pkis2-kit-wt-reg-v2,42,KIT,mean_absolute_error,27.5895
polaris,Chemprop_Mordred,polaris/pkis2-kit-wt-reg-v2,42,KIT,pearsonr,0.395621
polaris,Chemprop_Mordred,polaris/pkis2-kit-wt-reg-v2,42,KIT,explained_var,0.0401712
polaris,Chemprop_Mordred,polaris/pkis2-egfr-wt-reg-v2,42,EGFR,spearmanr,0.406145
polaris,Chemprop_Mordred,polaris/pkis2-egfr-wt-reg-v2,42,EGFR,r2,0.360949
polaris,Chemprop_Mordred,polaris/pkis2-egfr-wt-reg-v2,42,EGFR,mean_squared_error,514.927
polaris,Chemprop_Mordred,polaris/pkis2-egfr-wt-reg-v2,42,EGFR,mean_absolute_error,18.0044
polaris,Chemprop_Mordred,polaris/pkis2-egfr-wt-reg-v2,42,EGFR,pearsonr,0.61038
polaris,Chemprop_Mordred,polaris/pkis2-egfr-wt-reg-v2,42,EGFR,explained_var,0.365195
polaris,Chemprop_Mordred,polaris/adme-fang-solu-1,42,LOG_SOLUBILITY,spearmanr,0.391055
polaris,Chemprop_Mordred,polaris/adme-fang-solu-1,42,LOG_SOLUBILITY,r2,0.266667
polaris,Chemprop_Mordred,polaris/adme-fang-solu-1,42,LOG_SOLUBILITY,mean_squared_error,0.397597
polaris,Chemprop_Mordred,polaris/adme-fang-solu-1,42,LOG_SOLUBILITY,mean_absolute_error,0.451693
polaris,Chemprop_Mordred,polaris/adme-fang-solu-1,42,LOG_SOLUBILITY,pearsonr,0.524401
polaris,Chemprop_Mordred,polaris/adme-fang-solu-1,42,LOG_SOLUBILITY,explained_var,0.270578
polaris,Chemprop_Mordred,polaris/adme-fang-rppb-1,42,LOG_RPPB,spearmanr,0.83913
polaris,Chemprop_Mordred,polaris/adme-fang-rppb-1,42,LOG_RPPB,r2,0.558417
polaris,Chemprop_Mordred,polaris/adme-fang-rppb-1,42,LOG_RPPB,mean_squared_error,0.392338
polaris,Chemprop_Mordred,polaris/adme-fang-rppb-1,42,LOG_RPPB,mean_absolute_error,0.449085
polaris,Chemprop_Mordred,polaris/adme-fang-rppb-1,42,LOG_RPPB,pearsonr,0.771678
polaris,Chemprop_Mordred,polaris/adme-fang-rppb-1,42,LOG_RPPB,explained_var,0.558775
polaris,Chemprop_Mordred,polaris/adme-fang-hppb-1,42,LOG_HPPB,spearmanr,0.861487
polaris,Chemprop_Mordred,polaris/adme-fang-hppb-1,42,LOG_HPPB,r2,0.713281
polaris,Chemprop_Mordred,polaris/adme-fang-hppb-1,42,LOG_HPPB,mean_squared_error,0.173648
polaris,Chemprop_Mordred,polaris/adme-fang-hppb-1,42,LOG_HPPB,mean_absolute_error,0.339894
polaris,Chemprop_Mordred,polaris/adme-fang-hppb-1,42,LOG_HPPB,pearsonr,0.847101
polaris,Chemprop_Mordred,polaris/adme-fang-hppb-1,42,LOG_HPPB,explained_var,0.716726
polaris,Chemprop_Mordred,polaris/adme-fang-perm-1,42,LOG_MDR1-MDCK_ER,spearmanr,0.742498
polaris,Chemprop_Mordred,polaris/adme-fang-perm-1,42,LOG_MDR1-MDCK_ER,r2,0.541898
polaris,Chemprop_Mordred,polaris/adme-fang-perm-1,42,LOG_MDR1-MDCK_ER,mean_squared_error,0.22694
polaris,Chemprop_Mordred,polaris/adme-fang-perm-1,42,LOG_MDR1-MDCK_ER,mean_absolute_error,0.373739
polaris,Chemprop_Mordred,polaris/adme-fang-perm-1,42,LOG_MDR1-MDCK_ER,pearsonr,0.741292
polaris,Chemprop_Mordred,polaris/adme-fang-perm-1,42,LOG_MDR1-MDCK_ER,explained_var,0.546705
polaris,Chemprop_Mordred,polaris/adme-fang-rclint-1,42,LOG_RLM_CLint,spearmanr,0.6707
polaris,Chemprop_Mordred,polaris/adme-fang-rclint-1,42,LOG_RLM_CLint,r2,0.423095
polaris,Chemprop_Mordred,polaris/adme-fang-rclint-1,42,LOG_RLM_CLint,mean_squared_error,0.325688
polaris,Chemprop_Mordred,polaris/adme-fang-rclint-1,42,LOG_RLM_CLint,mean_absolute_error,0.442002
polaris,Chemprop_Mordred,polaris/adme-fang-rclint-1,42,LOG_RLM_CLint,pearsonr,0.667183
polaris,Chemprop_Mordred,polaris/adme-fang-rclint-1,42,LOG_RLM_CLint,explained_var,0.423266
polaris,Chemprop_Mordred,polaris/adme-fang-hclint-1,42,LOG_HLM_CLint,spearmanr,0.652253
polaris,Chemprop_Mordred,polaris/adme-fang-hclint-1,42,LOG_HLM_CLint,r2,0.361348
polaris,Chemprop_Mordred,polaris/adme-fang-hclint-1,42,LOG_HLM_CLint,mean_squared_error,0.248059
polaris,Chemprop_Mordred,polaris/adme-fang-hclint-1,42,LOG_HLM_CLint,mean_absolute_error,0.391975
polaris,Chemprop_Mordred,polaris/adme-fang-hclint-1,42,LOG_HLM_CLint,pearsonr,0.636645
polaris,Chemprop_Mordred,polaris/adme-fang-hclint-1,42,LOG_HLM_CLint,explained_var,0.363136
polaris,Chemprop_Mordred,tdcommons/lipophilicity-astrazeneca,42,Y,mean_absolute_error,0.563106
polaris,Chemprop_Mordred,tdcommons/ppbr-az,42,Y,mean_absolute_error,8.72626
polaris,Chemprop_Mordred,tdcommons/clearance-hepatocyte-az,42,Y,spearmanr,0.347704
polaris,Chemprop_Mordred,tdcommons/cyp2d6-substrate-carbonmangels,42,Y,pr_auc,0.654724
polaris,Chemprop_Mordred,tdcommons/half-life-obach,42,Y,spearmanr,0.229983
polaris,Chemprop_Mordred,tdcommons/cyp2c9-substrate-carbonmangels,42,Y,pr_auc,0.357391
polaris,Chemprop_Mordred,tdcommons/clearance-microsome-az,42,Y,spearmanr,0.510614
polaris,Chemprop_Mordred,tdcommons/dili,42,Y,roc_auc,0.89
polaris,Chemprop_Mordred,tdcommons/bioavailability-ma,42,Y,roc_auc,0.672098
polaris,Chemprop_Mordred,tdcommons/vdss-lombardo,42,Y,spearmanr,0.0586414
polaris,Chemprop_Mordred,tdcommons/cyp3a4-substrate-carbonmangels,42,Y,roc_auc,0.595615
polaris,Chemprop_Mordred,tdcommons/pgp-broccatelli,42,Y,roc_auc,0.914889
polaris,Chemprop_Mordred,tdcommons/caco2-wang,42,Y,mean_absolute_error,0.302594
polaris,Chemprop_Mordred,tdcommons/herg,42,Y,roc_auc,0.829455
polaris,Chemprop_Mordred,tdcommons/bbb-martins,42,Y,roc_auc,0.915299
polaris,Chemprop_Mordred,tdcommons/ames,42,Y,roc_auc,0.826932
polaris,Chemprop_Mordred,tdcommons/ld50-zhu,42,Y,mean_absolute_error,0.642665
polaris,Chemprop_Mordred,polaris/pkis2-ret-wt-cls-v2,117,CLS_RET,cohen_kappa,0.420521
polaris,Chemprop_Mordred,polaris/pkis2-ret-wt-cls-v2,117,CLS_RET,f1,0.48
polaris,Chemprop_Mordred,polaris/pkis2-ret-wt-cls-v2,117,CLS_RET,roc_auc,0.847984
polaris,Chemprop_Mordred,polaris/pkis2-ret-wt-cls-v2,117,CLS_RET,accuracy,0.877358
polaris,Chemprop_Mordred,polaris/pkis2-ret-wt-cls-v2,117,CLS_RET,mcc,0.459084
polaris,Chemprop_Mordred,polaris/pkis2-ret-wt-cls-v2,117,CLS_RET,pr_auc,0.634402
polaris,Chemprop_Mordred,polaris/pkis2-ret-wt-reg-v2,117,RET,spearmanr,0.571758
polaris,Chemprop_Mordred,polaris/pkis2-ret-wt-reg-v2,117,RET,r2,0.272874
polaris,Chemprop_Mordred,polaris/pkis2-ret-wt-reg-v2,117,RET,mean_squared_error,863.394
polaris,Chemprop_Mordred,polaris/pkis2-ret-wt-reg-v2,117,RET,mean_absolute_error,21.8068
polaris,Chemprop_Mordred,polaris/pkis2-ret-wt-reg-v2,117,RET,pearsonr,0.575206
polaris,Chemprop_Mordred,polaris/pkis2-ret-wt-reg-v2,117,RET,explained_var,0.316971
polaris,Chemprop_Mordred,polaris/pkis2-kit-wt-cls-v2,117,CLS_KIT,cohen_kappa,0.102064
polaris,Chemprop_Mordred,polaris/pkis2-kit-wt-cls-v2,117,CLS_KIT,f1,0.228571
polaris,Chemprop_Mordred,polaris/pkis2-kit-wt-cls-v2,117,CLS_KIT,roc_auc,0.744197
polaris,Chemprop_Mordred,polaris/pkis2-kit-wt-cls-v2,117,CLS_KIT,accuracy,0.767241
polaris,Chemprop_Mordred,polaris/pkis2-kit-wt-cls-v2,117,CLS_KIT,mcc,0.106968
polaris,Chemprop_Mordred,polaris/pkis2-kit-wt-cls-v2,117,CLS_KIT,pr_auc,0.379229
polaris,Chemprop_Mordred,polaris/pkis2-kit-wt-reg-v2,117,KIT,spearmanr,0.402228
polaris,Chemprop_Mordred,polaris/pkis2-kit-wt-reg-v2,117,KIT,r2,0.0012489
polaris,Chemprop_Mordred,polaris/pkis2-kit-wt-reg-v2,117,KIT,mean_squared_error,1205.18
polaris,Chemprop_Mordred,polaris/pkis2-kit-wt-reg-v2,117,KIT,mean_absolute_error,27.5013
polaris,Chemprop_Mordred,polaris/pkis2-kit-wt-reg-v2,117,KIT,pearsonr,0.405581
polaris,Chemprop_Mordred,polaris/pkis2-kit-wt-reg-v2,117,KIT,explained_var,0.00242809
polaris,Chemprop_Mordred,polaris/pkis2-egfr-wt-reg-v2,117,EGFR,spearmanr,0.329513
polaris,Chemprop_Mordred,polaris/pkis2-egfr-wt-reg-v2,117,EGFR,r2,0.304382
polaris,Chemprop_Mordred,polaris/pkis2-egfr-wt-reg-v2,117,EGFR,mean_squared_error,560.507
polaris,Chemprop_Mordred,polaris/pkis2-egfr-wt-reg-v2,117,EGFR,mean_absolute_error,18.3961
polaris,Chemprop_Mordred,polaris/pkis2-egfr-wt-reg-v2,117,EGFR,pearsonr,0.590193
polaris,Chemprop_Mordred,polaris/pkis2-egfr-wt-reg-v2,117,EGFR,explained_var,0.305291
polaris,Chemprop_Mordred,polaris/adme-fang-solu-1,117,LOG_SOLUBILITY,spearmanr,0.497512
polaris,Chemprop_Mordred,polaris/adme-fang-solu-1,117,LOG_SOLUBILITY,r2,0.317272
polaris,Chemprop_Mordred,polaris/adme-fang-solu-1,117,LOG_SOLUBILITY,mean_squared_error,0.37016
polaris,Chemprop_Mordred,polaris/adme-fang-solu-1,117,LOG_SOLUBILITY,mean_absolute_error,0.417776
polaris,Chemprop_Mordred,polaris/adme-fang-solu-1,117,LOG_SOLUBILITY,pearsonr,0.572239
polaris,Chemprop_Mordred,polaris/adme-fang-solu-1,117,LOG_SOLUBILITY,explained_var,0.319561
polaris,Chemprop_Mordred,polaris/adme-fang-rppb-1,117,LOG_RPPB,spearmanr,0.853913
polaris,Chemprop_Mordred,polaris/adme-fang-rppb-1,117,LOG_RPPB,r2,0.637299
polaris,Chemprop_Mordred,polaris/adme-fang-rppb-1,117,LOG_RPPB,mean_squared_error,0.322254
polaris,Chemprop_Mordred,polaris/adme-fang-rppb-1,117,LOG_RPPB,mean_absolute_error,0.423712
polaris,Chemprop_Mordred,polaris/adme-fang-rppb-1,117,LOG_RPPB,pearsonr,0.822259
polaris,Chemprop_Mordred,polaris/adme-fang-rppb-1,117,LOG_RPPB,explained_var,0.675346
polaris,Chemprop_Mordred,polaris/adme-fang-hppb-1,117,LOG_HPPB,spearmanr,0.823898
polaris,Chemprop_Mordred,polaris/adme-fang-hppb-1,117,LOG_HPPB,r2,0.395743
polaris,Chemprop_Mordred,polaris/adme-fang-hppb-1,117,LOG_HPPB,mean_squared_error,0.365961
polaris,Chemprop_Mordred,polaris/adme-fang-hppb-1,117,LOG_HPPB,mean_absolute_error,0.521377
polaris,Chemprop_Mordred,polaris/adme-fang-hppb-1,117,LOG_HPPB,pearsonr,0.800767
polaris,Chemprop_Mordred,polaris/adme-fang-hppb-1,117,LOG_HPPB,explained_var,0.539085
polaris,Chemprop_Mordred,polaris/adme-fang-perm-1,117,LOG_MDR1-MDCK_ER,spearmanr,0.717108
polaris,Chemprop_Mordred,polaris/adme-fang-perm-1,117,LOG_MDR1-MDCK_ER,r2,0.503279
polaris,Chemprop_Mordred,polaris/adme-fang-perm-1,117,LOG_MDR1-MDCK_ER,mean_squared_error,0.246072
polaris,Chemprop_Mordred,polaris/adme-fang-perm-1,117,LOG_MDR1-MDCK_ER,mean_absolute_error,0.381503
polaris,Chemprop_Mordred,polaris/adme-fang-perm-1,117,LOG_MDR1-MDCK_ER,pearsonr,0.718634
polaris,Chemprop_Mordred,polaris/adme-fang-perm-1,117,LOG_MDR1-MDCK_ER,explained_var,0.511222
polaris,Chemprop_Mordred,polaris/adme-fang-rclint-1,117,LOG_RLM_CLint,spearmanr,0.663771
polaris,Chemprop_Mordred,polaris/adme-fang-rclint-1,117,LOG_RLM_CLint,r2,0.421531
polaris,Chemprop_Mordred,polaris/adme-fang-rclint-1,117,LOG_RLM_CLint,mean_squared_error,0.326571
polaris,Chemprop_Mordred,polaris/adme-fang-rclint-1,117,LOG_RLM_CLint,mean_absolute_error,0.447862
polaris,Chemprop_Mordred,polaris/adme-fang-rclint-1,117,LOG_RLM_CLint,pearsonr,0.658104
polaris,Chemprop_Mordred,polaris/adme-fang-rclint-1,117,LOG_RLM_CLint,explained_var,0.426221
polaris,Chemprop_Mordred,polaris/adme-fang-hclint-1,117,LOG_HLM_CLint,spearmanr,0.625647
polaris,Chemprop_Mordred,polaris/adme-fang-hclint-1,117,LOG_HLM_CLint,r2,0.369421
polaris,Chemprop_Mordred,polaris/adme-fang-hclint-1,117,LOG_HLM_CLint,mean_squared_error,0.244923
polaris,Chemprop_Mordred,polaris/adme-fang-hclint-1,117,LOG_HLM_CLint,mean_absolute_error,0.396307
polaris,Chemprop_Mordred,polaris/adme-fang-hclint-1,117,LOG_HLM_CLint,pearsonr,0.612923
polaris,Chemprop_Mordred,polaris/adme-fang-hclint-1,117,LOG_HLM_CLint,explained_var,0.374978
polaris,Chemprop_Mordred,tdcommons/lipophilicity-astrazeneca,117,Y,mean_absolute_error,0.553907
polaris,Chemprop_Mordred,tdcommons/ppbr-az,117,Y,mean_absolute_error,8.78796
polaris,Chemprop_Mordred,tdcommons/clearance-hepatocyte-az,117,Y,spearmanr,0.326086
polaris,Chemprop_Mordred,tdcommons/cyp2d6-substrate-carbonmangels,117,Y,pr_auc,0.692319
polaris,Chemprop_Mordred,tdcommons/half-life-obach,117,Y,spearmanr,0.190346
polaris,Chemprop_Mordred,tdcommons/cyp2c9-substrate-carbonmangels,117,Y,pr_auc,0.368032
polaris,Chemprop_Mordred,tdcommons/clearance-microsome-az,117,Y,spearmanr,0.442213
polaris,Chemprop_Mordred,tdcommons/dili,117,Y,roc_auc,0.866522
polaris,Chemprop_Mordred,tdcommons/bioavailability-ma,117,Y,roc_auc,0.661124
polaris,Chemprop_Mordred,tdcommons/vdss-lombardo,117,Y,spearmanr,0.321055
polaris,Chemprop_Mordred,tdcommons/cyp3a4-substrate-carbonmangels,117,Y,roc_auc,0.620479
polaris,Chemprop_Mordred,tdcommons/pgp-broccatelli,117,Y,roc_auc,0.916756
polaris,Chemprop_Mordred,tdcommons/caco2-wang,117,Y,mean_absolute_error,0.31676
polaris,Chemprop_Mordred,tdcommons/herg,117,Y,roc_auc,0.820177
polaris,Chemprop_Mordred,tdcommons/bbb-martins,117,Y,roc_auc,0.924523
polaris,Chemprop_Mordred,tdcommons/ames,117,Y,roc_auc,0.825238
polaris,Chemprop_Mordred,tdcommons/ld50-zhu,117,Y,mean_absolute_error,0.650236
polaris,Chemprop_Mordred,polaris/pkis2-ret-wt-cls-v2,709,CLS_RET,cohen_kappa,0.288272
polaris,Chemprop_Mordred,polaris/pkis2-ret-wt-cls-v2,709,CLS_RET,f1,0.347826
polaris,Chemprop_Mordred,polaris/pkis2-ret-wt-cls-v2,709,CLS_RET,roc_auc,0.843358
polaris,Chemprop_Mordred,polaris/pkis2-ret-wt-cls-v2,709,CLS_RET,accuracy,0.858491
polaris,Chemprop_Mordred,polaris/pkis2-ret-wt-cls-v2,709,CLS_RET,mcc,0.337956
polaris,Chemprop_Mordred,polaris/pkis2-ret-wt-cls-v2,709,CLS_RET,pr_auc,0.647609
polaris,Chemprop_Mordred,polaris/pkis2-ret-wt-reg-v2,709,RET,spearmanr,0.558475
polaris,Chemprop_Mordred,polaris/pkis2-ret-wt-reg-v2,709,RET,r2,0.1688
polaris,Chemprop_Mordred,polaris/pkis2-ret-wt-reg-v2,709,RET,mean_squared_error,986.972
polaris,Chemprop_Mordred,polaris/pkis2-ret-wt-reg-v2,709,RET,mean_absolute_error,23.9517
polaris,Chemprop_Mordred,polaris/pkis2-ret-wt-reg-v2,709,RET,pearsonr,0.543209
polaris,Chemprop_Mordred,polaris/pkis2-ret-wt-reg-v2,709,RET,explained_var,0.262144
polaris,Chemprop_Mordred,polaris/pkis2-kit-wt-cls-v2,709,CLS_KIT,cohen_kappa,0.12311
polaris,Chemprop_Mordred,polaris/pkis2-kit-wt-cls-v2,709,CLS_KIT,f1,0.263158
polaris,Chemprop_Mordred,polaris/pkis2-kit-wt-cls-v2,709,CLS_KIT,roc_auc,0.743714
polaris,Chemprop_Mordred,polaris/pkis2-kit-wt-cls-v2,709,CLS_KIT,accuracy,0.758621
polaris,Chemprop_Mordred,polaris/pkis2-kit-wt-cls-v2,709,CLS_KIT,mcc,0.125343
polaris,Chemprop_Mordred,polaris/pkis2-kit-wt-cls-v2,709,CLS_KIT,pr_auc,0.443002
polaris,Chemprop_Mordred,polaris/pkis2-kit-wt-reg-v2,709,KIT,spearmanr,0.441186
polaris,Chemprop_Mordred,polaris/pkis2-kit-wt-reg-v2,709,KIT,r2,0.126232
polaris,Chemprop_Mordred,polaris/pkis2-kit-wt-reg-v2,709,KIT,mean_squared_error,1054.36
polaris,Chemprop_Mordred,polaris/pkis2-kit-wt-reg-v2,709,KIT,mean_absolute_error,25.4355
polaris,Chemprop_Mordred,polaris/pkis2-kit-wt-reg-v2,709,KIT,pearsonr,0.454487
polaris,Chemprop_Mordred,polaris/pkis2-kit-wt-reg-v2,709,KIT,explained_var,0.147185
polaris,Chemprop_Mordred,polaris/pkis2-egfr-wt-reg-v2,709,EGFR,spearmanr,0.291249
polaris,Chemprop_Mordred,polaris/pkis2-egfr-wt-reg-v2,709,EGFR,r2,0.235819
polaris,Chemprop_Mordred,polaris/pkis2-egfr-wt-reg-v2,709,EGFR,mean_squared_error,615.753
polaris,Chemprop_Mordred,polaris/pkis2-egfr-wt-reg-v2,709,EGFR,mean_absolute_error,19.7576
polaris,Chemprop_Mordred,polaris/pkis2-egfr-wt-reg-v2,709,EGFR,pearsonr,0.564754
polaris,Chemprop_Mordred,polaris/pkis2-egfr-wt-reg-v2,709,EGFR,explained_var,0.245346
polaris,Chemprop_Mordred,polaris/adme-fang-solu-1,709,LOG_SOLUBILITY,spearmanr,0.462209
polaris,Chemprop_Mordred,polaris/adme-fang-solu-1,709,LOG_SOLUBILITY,r2,0.27692
polaris,Chemprop_Mordred,polaris/adme-fang-solu-1,709,LOG_SOLUBILITY,mean_squared_error,0.392039
polaris,Chemprop_Mordred,polaris/adme-fang-solu-1,709,LOG_SOLUBILITY,mean_absolute_error,0.440303
polaris,Chemprop_Mordred,polaris/adme-fang-solu-1,709,LOG_SOLUBILITY,pearsonr,0.544041
polaris,Chemprop_Mordred,polaris/adme-fang-solu-1,709,LOG_SOLUBILITY,explained_var,0.276939
polaris,Chemprop_Mordred,polaris/adme-fang-rppb-1,709,LOG_RPPB,spearmanr,0.858261
polaris,Chemprop_Mordred,polaris/adme-fang-rppb-1,709,LOG_RPPB,r2,0.581096
polaris,Chemprop_Mordred,polaris/adme-fang-rppb-1,709,LOG_RPPB,mean_squared_error,0.372188
polaris,Chemprop_Mordred,polaris/adme-fang-rppb-1,709,LOG_RPPB,mean_absolute_error,0.455901
polaris,Chemprop_Mordred,polaris/adme-fang-rppb-1,709,LOG_RPPB,pearsonr,0.763845
polaris,Chemprop_Mordred,polaris/adme-fang-rppb-1,709,LOG_RPPB,explained_var,0.581099
polaris,Chemprop_Mordred,polaris/adme-fang-hppb-1,709,LOG_HPPB,spearmanr,0.819772
polaris,Chemprop_Mordred,polaris/adme-fang-hppb-1,709,LOG_HPPB,r2,0.58894
polaris,Chemprop_Mordred,polaris/adme-fang-hppb-1,709,LOG_HPPB,mean_squared_error,0.248954
polaris,Chemprop_Mordred,polaris/adme-fang-hppb-1,709,LOG_HPPB,mean_absolute_error,0.449422
polaris,Chemprop_Mordred,polaris/adme-fang-hppb-1,709,LOG_HPPB,pearsonr,0.790621
polaris,Chemprop_Mordred,polaris/adme-fang-hppb-1,709,LOG_HPPB,explained_var,0.625068
polaris,Chemprop_Mordred,polaris/adme-fang-perm-1,709,LOG_MDR1-MDCK_ER,spearmanr,0.722478
polaris,Chemprop_Mordred,polaris/adme-fang-perm-1,709,LOG_MDR1-MDCK_ER,r2,0.519694
polaris,Chemprop_Mordred,polaris/adme-fang-perm-1,709,LOG_MDR1-MDCK_ER,mean_squared_error,0.23794
polaris,Chemprop_Mordred,polaris/adme-fang-perm-1,709,LOG_MDR1-MDCK_ER,mean_absolute_error,0.370595
polaris,Chemprop_Mordred,polaris/adme-fang-perm-1,709,LOG_MDR1-MDCK_ER,pearsonr,0.722984
polaris,Chemprop_Mordred,polaris/adme-fang-perm-1,709,LOG_MDR1-MDCK_ER,explained_var,0.519891
polaris,Chemprop_Mordred,polaris/adme-fang-rclint-1,709,LOG_RLM_CLint,spearmanr,0.689533
polaris,Chemprop_Mordred,polaris/adme-fang-rclint-1,709,LOG_RLM_CLint,r2,0.455261
polaris,Chemprop_Mordred,polaris/adme-fang-rclint-1,709,LOG_RLM_CLint,mean_squared_error,0.307529
polaris,Chemprop_Mordred,polaris/adme-fang-rclint-1,709,LOG_RLM_CLint,mean_absolute_error,0.43328
polaris,Chemprop_Mordred,polaris/adme-fang-rclint-1,709,LOG_RLM_CLint,pearsonr,0.68317
polaris,Chemprop_Mordred,polaris/adme-fang-rclint-1,709,LOG_RLM_CLint,explained_var,0.455278
polaris,Chemprop_Mordred,polaris/adme-fang-hclint-1,709,LOG_HLM_CLint,spearmanr,0.645115
polaris,Chemprop_Mordred,polaris/adme-fang-hclint-1,709,LOG_HLM_CLint,r2,0.371833
polaris,Chemprop_Mordred,polaris/adme-fang-hclint-1,709,LOG_HLM_CLint,mean_squared_error,0.243986
polaris,Chemprop_Mordred,polaris/adme-fang-hclint-1,709,LOG_HLM_CLint,mean_absolute_error,0.389064
polaris,Chemprop_Mordred,polaris/adme-fang-hclint-1,709,LOG_HLM_CLint,pearsonr,0.634585
polaris,Chemprop_Mordred,polaris/adme-fang-hclint-1,709,LOG_HLM_CLint,explained_var,0.373737
polaris,Chemprop_Mordred,tdcommons/lipophilicity-astrazeneca,709,Y,mean_absolute_error,0.538226
polaris,Chemprop_Mordred,tdcommons/ppbr-az,709,Y,mean_absolute_error,8.9236
polaris,Chemprop_Mordred,tdcommons/clearance-hepatocyte-az,709,Y,spearmanr,0.242568
polaris,Chemprop_Mordred,tdcommons/cyp2d6-substrate-carbonmangels,709,Y,pr_auc,0.678997
polaris,Chemprop_Mordred,tdcommons/half-life-obach,709,Y,spearmanr,0.252649
polaris,Chemprop_Mordred,tdcommons/cyp2c9-substrate-carbonmangels,709,Y,pr_auc,0.373601
polaris,Chemprop_Mordred,tdcommons/clearance-microsome-az,709,Y,spearmanr,0.557608
polaris,Chemprop_Mordred,tdcommons/dili,709,Y,roc_auc,0.846957
polaris,Chemprop_Mordred,tdcommons/bioavailability-ma,709,Y,roc_auc,0.612571
polaris,Chemprop_Mordred,tdcommons/vdss-lombardo,709,Y,spearmanr,0.129708
polaris,Chemprop_Mordred,tdcommons/cyp3a4-substrate-carbonmangels,709,Y,roc_auc,0.581374
polaris,Chemprop_Mordred,tdcommons/pgp-broccatelli,709,Y,roc_auc,0.91089
polaris,Chemprop_Mordred,tdcommons/caco2-wang,709,Y,mean_absolute_error,0.313749
polaris,Chemprop_Mordred,tdcommons/herg,709,Y,roc_auc,0.826068
polaris,Chemprop_Mordred,tdcommons/bbb-martins,709,Y,roc_auc,0.927416
polaris,Chemprop_Mordred,tdcommons/ames,709,Y,roc_auc,0.836071
polaris,Chemprop_Mordred,tdcommons/ld50-zhu,709,Y,mean_absolute_error,0.666828
polaris,Chemprop_Mordred,polaris/pkis2-ret-wt-cls-v2,1701,CLS_RET,cohen_kappa,0.509609
polaris,Chemprop_Mordred,polaris/pkis2-ret-wt-cls-v2,1701,CLS_RET,f1,0.580645
polaris,Chemprop_Mordred,polaris/pkis2-ret-wt-cls-v2,1701,CLS_RET,roc_auc,0.837409
polaris,Chemprop_Mordred,polaris/pkis2-ret-wt-cls-v2,1701,CLS_RET,accuracy,0.877358
polaris,Chemprop_Mordred,polaris/pkis2-ret-wt-cls-v2,1701,CLS_RET,mcc,0.512903
polaris,Chemprop_Mordred,polaris/pkis2-ret-wt-cls-v2,1701,CLS_RET,pr_auc,0.604567
polaris,Chemprop_Mordred,polaris/pkis2-ret-wt-reg-v2,1701,RET,spearmanr,0.4969
polaris,Chemprop_Mordred,polaris/pkis2-ret-wt-reg-v2,1701,RET,r2,0.241483
polaris,Chemprop_Mordred,polaris/pkis2-ret-wt-reg-v2,1701,RET,mean_squared_error,900.667
polaris,Chemprop_Mordred,polaris/pkis2-ret-wt-reg-v2,1701,RET,mean_absolute_error,22.9613
polaris,Chemprop_Mordred,polaris/pkis2-ret-wt-reg-v2,1701,RET,pearsonr,0.529059
polaris,Chemprop_Mordred,polaris/pkis2-ret-wt-reg-v2,1701,RET,explained_var,0.267125
polaris,Chemprop_Mordred,polaris/pkis2-kit-wt-cls-v2,1701,CLS_KIT,cohen_kappa,0.216216
polaris,Chemprop_Mordred,polaris/pkis2-kit-wt-cls-v2,1701,CLS_KIT,f1,0.35
polaris,Chemprop_Mordred,polaris/pkis2-kit-wt-cls-v2,1701,CLS_KIT,roc_auc,0.762089
polaris,Chemprop_Mordred,polaris/pkis2-kit-wt-cls-v2,1701,CLS_KIT,accuracy,0.775862
polaris,Chemprop_Mordred,polaris/pkis2-kit-wt-cls-v2,1701,CLS_KIT,mcc,0.217805
polaris,Chemprop_Mordred,polaris/pkis2-kit-wt-cls-v2,1701,CLS_KIT,pr_auc,0.420924
polaris,Chemprop_Mordred,polaris/pkis2-kit-wt-reg-v2,1701,KIT,spearmanr,0.447578
polaris,Chemprop_Mordred,polaris/pkis2-kit-wt-reg-v2,1701,KIT,r2,0.123644
polaris,Chemprop_Mordred,polaris/pkis2-kit-wt-reg-v2,1701,KIT,mean_squared_error,1057.48
polaris,Chemprop_Mordred,polaris/pkis2-kit-wt-reg-v2,1701,KIT,mean_absolute_error,25.183
polaris,Chemprop_Mordred,polaris/pkis2-kit-wt-reg-v2,1701,KIT,pearsonr,0.476491
polaris,Chemprop_Mordred,polaris/pkis2-kit-wt-reg-v2,1701,KIT,explained_var,0.150924
polaris,Chemprop_Mordred,polaris/pkis2-egfr-wt-reg-v2,1701,EGFR,spearmanr,0.282645
polaris,Chemprop_Mordred,polaris/pkis2-egfr-wt-reg-v2,1701,EGFR,r2,0.203417
polaris,Chemprop_Mordred,polaris/pkis2-egfr-wt-reg-v2,1701,EGFR,mean_squared_error,641.861
polaris,Chemprop_Mordred,polaris/pkis2-egfr-wt-reg-v2,1701,EGFR,mean_absolute_error,19.7692
polaris,Chemprop_Mordred,polaris/pkis2-egfr-wt-reg-v2,1701,EGFR,pearsonr,0.500374
polaris,Chemprop_Mordred,polaris/pkis2-egfr-wt-reg-v2,1701,EGFR,explained_var,0.203445
polaris,Chemprop_Mordred,polaris/adme-fang-solu-1,1701,LOG_SOLUBILITY,spearmanr,0.398688
polaris,Chemprop_Mordred,polaris/adme-fang-solu-1,1701,LOG_SOLUBILITY,r2,0.247383
polaris,Chemprop_Mordred,polaris/adme-fang-solu-1,1701,LOG_SOLUBILITY,mean_squared_error,0.408053
polaris,Chemprop_Mordred,polaris/adme-fang-solu-1,1701,LOG_SOLUBILITY,mean_absolute_error,0.452925
polaris,Chemprop_Mordred,polaris/adme-fang-solu-1,1701,LOG_SOLUBILITY,pearsonr,0.516357
polaris,Chemprop_Mordred,polaris/adme-fang-solu-1,1701,LOG_SOLUBILITY,explained_var,0.249711
polaris,Chemprop_Mordred,polaris/adme-fang-rppb-1,1701,LOG_RPPB,spearmanr,0.86087
polaris,Chemprop_Mordred,polaris/adme-fang-rppb-1,1701,LOG_RPPB,r2,0.576356
polaris,Chemprop_Mordred,polaris/adme-fang-rppb-1,1701,LOG_RPPB,mean_squared_error,0.3764
polaris,Chemprop_Mordred,polaris/adme-fang-rppb-1,1701,LOG_RPPB,mean_absolute_error,0.496119
polaris,Chemprop_Mordred,polaris/adme-fang-rppb-1,1701,LOG_RPPB,pearsonr,0.762203
polaris,Chemprop_Mordred,polaris/adme-fang-rppb-1,1701,LOG_RPPB,explained_var,0.580824
polaris,Chemprop_Mordred,polaris/adme-fang-hppb-1,1701,LOG_HPPB,spearmanr,0.815036
polaris,Chemprop_Mordred,polaris/adme-fang-hppb-1,1701,LOG_HPPB,r2,0.632767
polaris,Chemprop_Mordred,polaris/adme-fang-hppb-1,1701,LOG_HPPB,mean_squared_error,0.22241
polaris,Chemprop_Mordred,polaris/adme-fang-hppb-1,1701,LOG_HPPB,mean_absolute_error,0.379086
polaris,Chemprop_Mordred,polaris/adme-fang-hppb-1,1701,LOG_HPPB,pearsonr,0.821764
polaris,Chemprop_Mordred,polaris/adme-fang-hppb-1,1701,LOG_HPPB,explained_var,0.643093
polaris,Chemprop_Mordred,polaris/adme-fang-perm-1,1701,LOG_MDR1-MDCK_ER,spearmanr,0.74949
polaris,Chemprop_Mordred,polaris/adme-fang-perm-1,1701,LOG_MDR1-MDCK_ER,r2,0.555347
polaris,Chemprop_Mordred,polaris/adme-fang-perm-1,1701,LOG_MDR1-MDCK_ER,mean_squared_error,0.220278
polaris,Chemprop_Mordred,polaris/adme-fang-perm-1,1701,LOG_MDR1-MDCK_ER,mean_absolute_error,0.358481
polaris,Chemprop_Mordred,polaris/adme-fang-perm-1,1701,LOG_MDR1-MDCK_ER,pearsonr,0.751095
polaris,Chemprop_Mordred,polaris/adme-fang-perm-1,1701,LOG_MDR1-MDCK_ER,explained_var,0.555358
polaris,Chemprop_Mordred,polaris/adme-fang-rclint-1,1701,LOG_RLM_CLint,spearmanr,0.677074
polaris,Chemprop_Mordred,polaris/adme-fang-rclint-1,1701,LOG_RLM_CLint,r2,0.434183
polaris,Chemprop_Mordred,polaris/adme-fang-rclint-1,1701,LOG_RLM_CLint,mean_squared_error,0.319428
polaris,Chemprop_Mordred,polaris/adme-fang-rclint-1,1701,LOG_RLM_CLint,mean_absolute_error,0.448587
polaris,Chemprop_Mordred,polaris/adme-fang-rclint-1,1701,LOG_RLM_CLint,pearsonr,0.669015
polaris,Chemprop_Mordred,polaris/adme-fang-rclint-1,1701,LOG_RLM_CLint,explained_var,0.437969
polaris,Chemprop_Mordred,polaris/adme-fang-hclint-1,1701,LOG_HLM_CLint,spearmanr,0.657906
polaris,Chemprop_Mordred,polaris/adme-fang-hclint-1,1701,LOG_HLM_CLint,r2,0.378681
polaris,Chemprop_Mordred,polaris/adme-fang-hclint-1,1701,LOG_HLM_CLint,mean_squared_error,0.241326
polaris,Chemprop_Mordred,polaris/adme-fang-hclint-1,1701,LOG_HLM_CLint,mean_absolute_error,0.38883
polaris,Chemprop_Mordred,polaris/adme-fang-hclint-1,1701,LOG_HLM_CLint,pearsonr,0.64395
polaris,Chemprop_Mordred,polaris/adme-fang-hclint-1,1701,LOG_HLM_CLint,explained_var,0.381599
polaris,Chemprop_Mordred,tdcommons/lipophilicity-astrazeneca,1701,Y,mean_absolute_error,0.555013
polaris,Chemprop_Mordred,tdcommons/ppbr-az,1701,Y,mean_absolute_error,8.7343
polaris,Chemprop_Mordred,tdcommons/clearance-hepatocyte-az,1701,Y,spearmanr,0.324915
polaris,Chemprop_Mordred,tdcommons/cyp2d6-substrate-carbonmangels,1701,Y,pr_auc,0.633689
polaris,Chemprop_Mordred,tdcommons/half-life-obach,1701,Y,spearmanr,0.2468
polaris,Chemprop_Mordred,tdcommons/cyp2c9-substrate-carbonmangels,1701,Y,pr_auc,0.347039
polaris,Chemprop_Mordred,tdcommons/clearance-microsome-az,1701,Y,spearmanr,0.512182
polaris,Chemprop_Mordred,tdcommons/dili,1701,Y,roc_auc,0.856522
polaris,Chemprop_Mordred,tdcommons/bioavailability-ma,1701,Y,roc_auc,0.635517
polaris,Chemprop_Mordred,tdcommons/vdss-lombardo,1701,Y,spearmanr,0.378927
polaris,Chemprop_Mordred,tdcommons/cyp3a4-substrate-carbonmangels,1701,Y,roc_auc,0.613472
polaris,Chemprop_Mordred,tdcommons/pgp-broccatelli,1701,Y,roc_auc,0.878232
polaris,Chemprop_Mordred,tdcommons/caco2-wang,1701,Y,mean_absolute_error,0.321817
polaris,Chemprop_Mordred,tdcommons/herg,1701,Y,roc_auc,0.836377
polaris,Chemprop_Mordred,tdcommons/bbb-martins,1701,Y,roc_auc,0.926829
polaris,Chemprop_Mordred,tdcommons/ames,1701,Y,roc_auc,0.847702
polaris,Chemprop_Mordred,tdcommons/ld50-zhu,1701,Y,mean_absolute_error,0.651885
polaris,Chemprop_Mordred,polaris/pkis2-ret-wt-cls-v2,9001,CLS_RET,cohen_kappa,0.591365
polaris,Chemprop_Mordred,polaris/pkis2-ret-wt-cls-v2,9001,CLS_RET,f1,0.642857
polaris,Chemprop_Mordred,polaris/pkis2-ret-wt-cls-v2,9001,CLS_RET,roc_auc,0.865829
polaris,Chemprop_Mordred,polaris/pkis2-ret-wt-cls-v2,9001,CLS_RET,accuracy,0.90566
polaris,Chemprop_Mordred,polaris/pkis2-ret-wt-cls-v2,9001,CLS_RET,mcc,0.609983
polaris,Chemprop_Mordred,polaris/pkis2-ret-wt-cls-v2,9001,CLS_RET,pr_auc,0.713174
polaris,Chemprop_Mordred,polaris/pkis2-ret-wt-reg-v2,9001,RET,spearmanr,0.570969
polaris,Chemprop_Mordred,polaris/pkis2-ret-wt-reg-v2,9001,RET,r2,0.184053
polaris,Chemprop_Mordred,polaris/pkis2-ret-wt-reg-v2,9001,RET,mean_squared_error,968.86
polaris,Chemprop_Mordred,polaris/pkis2-ret-wt-reg-v2,9001,RET,mean_absolute_error,23.1075
polaris,Chemprop_Mordred,polaris/pkis2-ret-wt-reg-v2,9001,RET,pearsonr,0.532793
polaris,Chemprop_Mordred,polaris/pkis2-ret-wt-reg-v2,9001,RET,explained_var,0.277345
polaris,Chemprop_Mordred,polaris/pkis2-kit-wt-cls-v2,9001,CLS_KIT,cohen_kappa,0.132775
polaris,Chemprop_Mordred,polaris/pkis2-kit-wt-cls-v2,9001,CLS_KIT,f1,0.242424
polaris,Chemprop_Mordred,polaris/pkis2-kit-wt-cls-v2,9001,CLS_KIT,roc_auc,0.750967
polaris,Chemprop_Mordred,polaris/pkis2-kit-wt-cls-v2,9001,CLS_KIT,accuracy,0.784483
polaris,Chemprop_Mordred,polaris/pkis2-kit-wt-cls-v2,9001,CLS_KIT,mcc,0.143644
polaris,Chemprop_Mordred,polaris/pkis2-kit-wt-cls-v2,9001,CLS_KIT,pr_auc,0.389203
polaris,Chemprop_Mordred,polaris/pkis2-kit-wt-reg-v2,9001,KIT,spearmanr,0.355493
polaris,Chemprop_Mordred,polaris/pkis2-kit-wt-reg-v2,9001,KIT,r2,0.019817
polaris,Chemprop_Mordred,polaris/pkis2-kit-wt-reg-v2,9001,KIT,mean_squared_error,1182.77
polaris,Chemprop_Mordred,polaris/pkis2-kit-wt-reg-v2,9001,KIT,mean_absolute_error,27.116
polaris,Chemprop_Mordred,polaris/pkis2-kit-wt-reg-v2,9001,KIT,pearsonr,0.361756
polaris,Chemprop_Mordred,polaris/pkis2-kit-wt-reg-v2,9001,KIT,explained_var,0.0343883
polaris,Chemprop_Mordred,polaris/pkis2-egfr-wt-reg-v2,9001,EGFR,spearmanr,0.241458
polaris,Chemprop_Mordred,polaris/pkis2-egfr-wt-reg-v2,9001,EGFR,r2,0.263278
polaris,Chemprop_Mordred,polaris/pkis2-egfr-wt-reg-v2,9001,EGFR,mean_squared_error,593.627
polaris,Chemprop_Mordred,polaris/pkis2-egfr-wt-reg-v2,9001,EGFR,mean_absolute_error,19.5047
polaris,Chemprop_Mordred,polaris/pkis2-egfr-wt-reg-v2,9001,EGFR,pearsonr,0.521307
polaris,Chemprop_Mordred,polaris/pkis2-egfr-wt-reg-v2,9001,EGFR,explained_var,0.268098
polaris,Chemprop_Mordred,polaris/adme-fang-solu-1,9001,LOG_SOLUBILITY,spearmanr,0.472286
polaris,Chemprop_Mordred,polaris/adme-fang-solu-1,9001,LOG_SOLUBILITY,r2,0.27982
polaris,Chemprop_Mordred,polaris/adme-fang-solu-1,9001,LOG_SOLUBILITY,mean_squared_error,0.390466
polaris,Chemprop_Mordred,polaris/adme-fang-solu-1,9001,LOG_SOLUBILITY,mean_absolute_error,0.442758
polaris,Chemprop_Mordred,polaris/adme-fang-solu-1,9001,LOG_SOLUBILITY,pearsonr,0.53958
polaris,Chemprop_Mordred,polaris/adme-fang-solu-1,9001,LOG_SOLUBILITY,explained_var,0.286715
polaris,Chemprop_Mordred,polaris/adme-fang-rppb-1,9001,LOG_RPPB,spearmanr,0.903478
polaris,Chemprop_Mordred,polaris/adme-fang-rppb-1,9001,LOG_RPPB,r2,0.682723
polaris,Chemprop_Mordred,polaris/adme-fang-rppb-1,9001,LOG_RPPB,mean_squared_error,0.281895
polaris,Chemprop_Mordred,polaris/adme-fang-rppb-1,9001,LOG_RPPB,mean_absolute_error,0.414353
polaris,Chemprop_Mordred,polaris/adme-fang-rppb-1,9001,LOG_RPPB,pearsonr,0.850239
polaris,Chemprop_Mordred,polaris/adme-fang-rppb-1,9001,LOG_RPPB,explained_var,0.690821
polaris,Chemprop_Mordred,polaris/adme-fang-hppb-1,9001,LOG_HPPB,spearmanr,0.668653
polaris,Chemprop_Mordred,polaris/adme-fang-hppb-1,9001,LOG_HPPB,r2,0.448308
polaris,Chemprop_Mordred,polaris/adme-fang-hppb-1,9001,LOG_HPPB,mean_squared_error,0.334126
polaris,Chemprop_Mordred,polaris/adme-fang-hppb-1,9001,LOG_HPPB,mean_absolute_error,0.454904
polaris,Chemprop_Mordred,polaris/adme-fang-hppb-1,9001,LOG_HPPB,pearsonr,0.740148
polaris,Chemprop_Mordred,polaris/adme-fang-hppb-1,9001,LOG_HPPB,explained_var,0.547761
polaris,Chemprop_Mordred,polaris/adme-fang-perm-1,9001,LOG_MDR1-MDCK_ER,spearmanr,0.715583
polaris,Chemprop_Mordred,polaris/adme-fang-perm-1,9001,LOG_MDR1-MDCK_ER,r2,0.525184
polaris,Chemprop_Mordred,polaris/adme-fang-perm-1,9001,LOG_MDR1-MDCK_ER,mean_squared_error,0.23522
polaris,Chemprop_Mordred,polaris/adme-fang-perm-1,9001,LOG_MDR1-MDCK_ER,mean_absolute_error,0.379592
polaris,Chemprop_Mordred,polaris/adme-fang-perm-1,9001,LOG_MDR1-MDCK_ER,pearsonr,0.728239
polaris,Chemprop_Mordred,polaris/adme-fang-perm-1,9001,LOG_MDR1-MDCK_ER,explained_var,0.526098
polaris,Chemprop_Mordred,polaris/adme-fang-rclint-1,9001,LOG_RLM_CLint,spearmanr,0.674467
polaris,Chemprop_Mordred,polaris/adme-fang-rclint-1,9001,LOG_RLM_CLint,r2,0.430671
polaris,Chemprop_Mordred,polaris/adme-fang-rclint-1,9001,LOG_RLM_CLint,mean_squared_error,0.321411
polaris,Chemprop_Mordred,polaris/adme-fang-rclint-1,9001,LOG_RLM_CLint,mean_absolute_error,0.444724
polaris,Chemprop_Mordred,polaris/adme-fang-rclint-1,9001,LOG_RLM_CLint,pearsonr,0.672648
polaris,Chemprop_Mordred,polaris/adme-fang-rclint-1,9001,LOG_RLM_CLint,explained_var,0.434009
polaris,Chemprop_Mordred,polaris/adme-fang-hclint-1,9001,LOG_HLM_CLint,spearmanr,0.670391
polaris,Chemprop_Mordred,polaris/adme-fang-hclint-1,9001,LOG_HLM_CLint,r2,0.414984
polaris,Chemprop_Mordred,polaris/adme-fang-hclint-1,9001,LOG_HLM_CLint,mean_squared_error,0.227226
polaris,Chemprop_Mordred,polaris/adme-fang-hclint-1,9001,LOG_HLM_CLint,mean_absolute_error,0.381171
polaris,Chemprop_Mordred,polaris/adme-fang-hclint-1,9001,LOG_HLM_CLint,pearsonr,0.649499
polaris,Chemprop_Mordred,polaris/adme-fang-hclint-1,9001,LOG_HLM_CLint,explained_var,0.416283
polaris,Chemprop_Mordred,tdcommons/lipophilicity-astrazeneca,9001,Y,mean_absolute_error,0.551014
polaris,Chemprop_Mordred,tdcommons/ppbr-az,9001,Y,mean_absolute_error,9.20717
polaris,Chemprop_Mordred,tdcommons/clearance-hepatocyte-az,9001,Y,spearmanr,0.326345
polaris,Chemprop_Mordred,tdcommons/cyp2d6-substrate-carbonmangels,9001,Y,pr_auc,0.626934
polaris,Chemprop_Mordred,tdcommons/half-life-obach,9001,Y,spearmanr,0.281807
polaris,Chemprop_Mordred,tdcommons/cyp2c9-substrate-carbonmangels,9001,Y,pr_auc,0.388366
polaris,Chemprop_Mordred,tdcommons/clearance-microsome-az,9001,Y,spearmanr,0.527299
polaris,Chemprop_Mordred,tdcommons/dili,9001,Y,roc_auc,0.822174
polaris,Chemprop_Mordred,tdcommons/bioavailability-ma,9001,Y,roc_auc,0.661124
polaris,Chemprop_Mordred,tdcommons/vdss-lombardo,9001,Y,spearmanr,0.376715
polaris,Chemprop_Mordred,tdcommons/cyp3a4-substrate-carbonmangels,9001,Y,roc_auc,0.61415
polaris,Chemprop_Mordred,tdcommons/pgp-broccatelli,9001,Y,roc_auc,0.912823
polaris,Chemprop_Mordred,tdcommons/caco2-wang,9001,Y,mean_absolute_error,0.443976
polaris,Chemprop_Mordred,tdcommons/herg,9001,Y,roc_auc,0.824595
polaris,Chemprop_Mordred,tdcommons/bbb-martins,9001,Y,roc_auc,0.917292
polaris,Chemprop_Mordred,tdcommons/ames,9001,Y,roc_auc,0.828229
polaris,Chemprop_Mordred,tdcommons/ld50-zhu,9001,Y,mean_absolute_error,0.632582
polaris,MLP_PLR_Pretrained,polaris/pkis2-ret-wt-cls-v2,42,CLS_RET,mcc,0.266557
polaris,MLP_PLR_Pretrained,polaris/pkis2-ret-wt-cls-v2,42,CLS_RET,accuracy,0.849057
polaris,MLP_PLR_Pretrained,polaris/pkis2-ret-wt-cls-v2,42,CLS_RET,cohen_kappa,0.215541
polaris,MLP_PLR_Pretrained,polaris/pkis2-ret-wt-cls-v2,42,CLS_RET,roc_auc,0.811633
polaris,MLP_PLR_Pretrained,polaris/pkis2-ret-wt-cls-v2,42,CLS_RET,pr_auc,0.555752
polaris,MLP_PLR_Pretrained,polaris/pkis2-ret-wt-cls-v2,42,CLS_RET,f1,0.272727
polaris,MLP_PLR_Pretrained,polaris/pkis2-ret-wt-reg-v2,42,RET,pearsonr,0.530025
polaris,MLP_PLR_Pretrained,polaris/pkis2-ret-wt-reg-v2,42,RET,spearmanr,0.544067
polaris,MLP_PLR_Pretrained,polaris/pkis2-ret-wt-reg-v2,42,RET,mean_squared_error,936.125
polaris,MLP_PLR_Pretrained,polaris/pkis2-ret-wt-reg-v2,42,RET,explained_var,0.280601
polaris,MLP_PLR_Pretrained,polaris/pkis2-ret-wt-reg-v2,42,RET,r2,0.211621
polaris,MLP_PLR_Pretrained,polaris/pkis2-ret-wt-reg-v2,42,RET,mean_absolute_error,22.3491
polaris,MLP_PLR_Pretrained,polaris/pkis2-kit-wt-cls-v2,42,CLS_KIT,mcc,0.27854
polaris,MLP_PLR_Pretrained,polaris/pkis2-kit-wt-cls-v2,42,CLS_KIT,accuracy,0.793103
polaris,MLP_PLR_Pretrained,polaris/pkis2-kit-wt-cls-v2,42,CLS_KIT,cohen_kappa,0.276507
polaris,MLP_PLR_Pretrained,polaris/pkis2-kit-wt-cls-v2,42,CLS_KIT,roc_auc,0.752901
polaris,MLP_PLR_Pretrained,polaris/pkis2-kit-wt-cls-v2,42,CLS_KIT,pr_auc,0.490614
polaris,MLP_PLR_Pretrained,polaris/pkis2-kit-wt-cls-v2,42,CLS_KIT,f1,0.4
polaris,MLP_PLR_Pretrained,polaris/pkis2-kit-wt-reg-v2,42,KIT,pearsonr,0.395956
polaris,MLP_PLR_Pretrained,polaris/pkis2-kit-wt-reg-v2,42,KIT,spearmanr,0.369034
polaris,MLP_PLR_Pretrained,polaris/pkis2-kit-wt-reg-v2,42,KIT,mean_squared_error,1105.43
polaris,MLP_PLR_Pretrained,polaris/pkis2-kit-wt-reg-v2,42,KIT,explained_var,0.0839577
polaris,MLP_PLR_Pretrained,polaris/pkis2-kit-wt-reg-v2,42,KIT,r2,0.083912
polaris,MLP_PLR_Pretrained,polaris/pkis2-kit-wt-reg-v2,42,KIT,mean_absolute_error,26.7021
polaris,MLP_PLR_Pretrained,polaris/pkis2-egfr-wt-reg-v2,42,EGFR,pearsonr,0.632024
polaris,MLP_PLR_Pretrained,polaris/pkis2-egfr-wt-reg-v2,42,EGFR,spearmanr,0.366298
polaris,MLP_PLR_Pretrained,polaris/pkis2-egfr-wt-reg-v2,42,EGFR,mean_squared_error,484.498
polaris,MLP_PLR_Pretrained,polaris/pkis2-egfr-wt-reg-v2,42,EGFR,explained_var,0.399246
polaris,MLP_PLR_Pretrained,polaris/pkis2-egfr-wt-reg-v2,42,EGFR,r2,0.398713
polaris,MLP_PLR_Pretrained,polaris/pkis2-egfr-wt-reg-v2,42,EGFR,mean_absolute_error,17.1255
polaris,MLP_PLR_Pretrained,polaris/adme-fang-solu-1,42,LOG_SOLUBILITY,pearsonr,0.568039
polaris,MLP_PLR_Pretrained,polaris/adme-fang-solu-1,42,LOG_SOLUBILITY,spearmanr,0.477108
polaris,MLP_PLR_Pretrained,polaris/adme-fang-solu-1,42,LOG_SOLUBILITY,mean_squared_error,0.370374
polaris,MLP_PLR_Pretrained,polaris/adme-fang-solu-1,42,LOG_SOLUBILITY,explained_var,0.318199
polaris,MLP_PLR_Pretrained,polaris/adme-fang-solu-1,42,LOG_SOLUBILITY,r2,0.316879
polaris,MLP_PLR_Pretrained,polaris/adme-fang-solu-1,42,LOG_SOLUBILITY,mean_absolute_error,0.40519
polaris,MLP_PLR_Pretrained,polaris/adme-fang-rppb-1,42,LOG_RPPB,pearsonr,0.808385
polaris,MLP_PLR_Pretrained,polaris/adme-fang-rppb-1,42,LOG_RPPB,spearmanr,0.885217
polaris,MLP_PLR_Pretrained,polaris/adme-fang-rppb-1,42,LOG_RPPB,mean_squared_error,0.325091
polaris,MLP_PLR_Pretrained,polaris/adme-fang-rppb-1,42,LOG_RPPB,explained_var,0.635899
polaris,MLP_PLR_Pretrained,polaris/adme-fang-rppb-1,42,LOG_RPPB,r2,0.634105
polaris,MLP_PLR_Pretrained,polaris/adme-fang-rppb-1,42,LOG_RPPB,mean_absolute_error,0.391674
polaris,MLP_PLR_Pretrained,polaris/adme-fang-hppb-1,42,LOG_HPPB,pearsonr,0.848951
polaris,MLP_PLR_Pretrained,polaris/adme-fang-hppb-1,42,LOG_HPPB,spearmanr,0.844068
polaris,MLP_PLR_Pretrained,polaris/adme-fang-hppb-1,42,LOG_HPPB,mean_squared_error,0.178127
polaris,MLP_PLR_Pretrained,polaris/adme-fang-hppb-1,42,LOG_HPPB,explained_var,0.720269
polaris,MLP_PLR_Pretrained,polaris/adme-fang-hppb-1,42,LOG_HPPB,r2,0.705886
polaris,MLP_PLR_Pretrained,polaris/adme-fang-hppb-1,42,LOG_HPPB,mean_absolute_error,0.352082
polaris,MLP_PLR_Pretrained,polaris/adme-fang-perm-1,42,LOG_MDR1-MDCK_ER,pearsonr,0.784897
polaris,MLP_PLR_Pretrained,polaris/adme-fang-perm-1,42,LOG_MDR1-MDCK_ER,spearmanr,0.77282
polaris,MLP_PLR_Pretrained,polaris/adme-fang-perm-1,42,LOG_MDR1-MDCK_ER,mean_squared_error,0.191187
polaris,MLP_PLR_Pretrained,polaris/adme-fang-perm-1,42,LOG_MDR1-MDCK_ER,explained_var,0.61535
polaris,MLP_PLR_Pretrained,polaris/adme-fang-perm-1,42,LOG_MDR1-MDCK_ER,r2,0.61407
polaris,MLP_PLR_Pretrained,polaris/adme-fang-perm-1,42,LOG_MDR1-MDCK_ER,mean_absolute_error,0.320312
polaris,MLP_PLR_Pretrained,polaris/adme-fang-rclint-1,42,LOG_RLM_CLint,pearsonr,0.692972
polaris,MLP_PLR_Pretrained,polaris/adme-fang-rclint-1,42,LOG_RLM_CLint,spearmanr,0.688777
polaris,MLP_PLR_Pretrained,polaris/adme-fang-rclint-1,42,LOG_RLM_CLint,mean_squared_error,0.297268
polaris,MLP_PLR_Pretrained,polaris/adme-fang-rclint-1,42,LOG_RLM_CLint,explained_var,0.473816
polaris,MLP_PLR_Pretrained,polaris/adme-fang-rclint-1,42,LOG_RLM_CLint,r2,0.473437
polaris,MLP_PLR_Pretrained,polaris/adme-fang-rclint-1,42,LOG_RLM_CLint,mean_absolute_error,0.424629
polaris,MLP_PLR_Pretrained,polaris/adme-fang-hclint-1,42,LOG_HLM_CLint,pearsonr,0.667666
polaris,MLP_PLR_Pretrained,polaris/adme-fang-hclint-1,42,LOG_HLM_CLint,spearmanr,0.687542
polaris,MLP_PLR_Pretrained,polaris/adme-fang-hclint-1,42,LOG_HLM_CLint,mean_squared_error,0.221242
polaris,MLP_PLR_Pretrained,polaris/adme-fang-hclint-1,42,LOG_HLM_CLint,explained_var,0.430418
polaris,MLP_PLR_Pretrained,polaris/adme-fang-hclint-1,42,LOG_HLM_CLint,r2,0.430391
polaris,MLP_PLR_Pretrained,polaris/adme-fang-hclint-1,42,LOG_HLM_CLint,mean_absolute_error,0.355317
polaris,MLP_PLR_Pretrained,tdcommons/lipophilicity-astrazeneca,42,Y,mean_absolute_error,0.536806
polaris,MLP_PLR_Pretrained,tdcommons/ppbr-az,42,Y,mean_absolute_error,7.75616
polaris,MLP_PLR_Pretrained,tdcommons/clearance-hepatocyte-az,42,Y,spearmanr,0.340319
polaris,MLP_PLR_Pretrained,tdcommons/cyp2d6-substrate-carbonmangels,42,Y,pr_auc,0.684044
polaris,MLP_PLR_Pretrained,tdcommons/half-life-obach,42,Y,spearmanr,0.310717
polaris,MLP_PLR_Pretrained,tdcommons/cyp2c9-substrate-carbonmangels,42,Y,pr_auc,0.378652
polaris,MLP_PLR_Pretrained,tdcommons/clearance-microsome-az,42,Y,spearmanr,0.505613
polaris,MLP_PLR_Pretrained,tdcommons/dili,42,Y,roc_auc,0.921739
polaris,MLP_PLR_Pretrained,tdcommons/bioavailability-ma,42,Y,roc_auc,0.703026
polaris,MLP_PLR_Pretrained,tdcommons/vdss-lombardo,42,Y,spearmanr,0.48669
polaris,MLP_PLR_Pretrained,tdcommons/cyp3a4-substrate-carbonmangels,42,Y,roc_auc,0.615619
polaris,MLP_PLR_Pretrained,tdcommons/pgp-broccatelli,42,Y,roc_auc,0.920355
polaris,MLP_PLR_Pretrained,tdcommons/caco2-wang,42,Y,mean_absolute_error,0.285739
polaris,MLP_PLR_Pretrained,tdcommons/herg,42,Y,roc_auc,0.862592
polaris,MLP_PLR_Pretrained,tdcommons/bbb-martins,42,Y,roc_auc,0.904667
polaris,MLP_PLR_Pretrained,tdcommons/ames,42,Y,roc_auc,0.839919
polaris,MLP_PLR_Pretrained,tdcommons/ld50-zhu,42,Y,mean_absolute_error,0.600394
polaris,MLP_PLR_Pretrained,polaris/pkis2-ret-wt-cls-v2,117,CLS_RET,mcc,0.387824
polaris,MLP_PLR_Pretrained,polaris/pkis2-ret-wt-cls-v2,117,CLS_RET,accuracy,0.867925
polaris,MLP_PLR_Pretrained,polaris/pkis2-ret-wt-cls-v2,117,CLS_RET,cohen_kappa,0.313599
polaris,MLP_PLR_Pretrained,polaris/pkis2-ret-wt-cls-v2,117,CLS_RET,roc_auc,0.791143
polaris,MLP_PLR_Pretrained,polaris/pkis2-ret-wt-cls-v2,117,CLS_RET,pr_auc,0.591853
polaris,MLP_PLR_Pretrained,polaris/pkis2-ret-wt-cls-v2,117,CLS_RET,f1,0.363636
polaris,MLP_PLR_Pretrained,polaris/pkis2-ret-wt-reg-v2,117,RET,pearsonr,0.5975
polaris,MLP_PLR_Pretrained,polaris/pkis2-ret-wt-reg-v2,117,RET,spearmanr,0.606052
polaris,MLP_PLR_Pretrained,polaris/pkis2-ret-wt-reg-v2,117,RET,mean_squared_error,796.232
polaris,MLP_PLR_Pretrained,polaris/pkis2-ret-wt-reg-v2,117,RET,explained_var,0.346441
polaris,MLP_PLR_Pretrained,polaris/pkis2-ret-wt-reg-v2,117,RET,r2,0.329435
polaris,MLP_PLR_Pretrained,polaris/pkis2-ret-wt-reg-v2,117,RET,mean_absolute_error,20.5508
polaris,MLP_PLR_Pretrained,polaris/pkis2-kit-wt-cls-v2,117,CLS_KIT,mcc,0.270793
polaris,MLP_PLR_Pretrained,polaris/pkis2-kit-wt-cls-v2,117,CLS_KIT,accuracy,0.775862
polaris,MLP_PLR_Pretrained,polaris/pkis2-kit-wt-cls-v2,117,CLS_KIT,cohen_kappa,0.270793
polaris,MLP_PLR_Pretrained,polaris/pkis2-kit-wt-cls-v2,117,CLS_KIT,roc_auc,0.751934
polaris,MLP_PLR_Pretrained,polaris/pkis2-kit-wt-cls-v2,117,CLS_KIT,pr_auc,0.431825
polaris,MLP_PLR_Pretrained,polaris/pkis2-kit-wt-cls-v2,117,CLS_KIT,f1,0.409091
polaris,MLP_PLR_Pretrained,polaris/pkis2-kit-wt-reg-v2,117,KIT,pearsonr,0.402584
polaris,MLP_PLR_Pretrained,polaris/pkis2-kit-wt-reg-v2,117,KIT,spearmanr,0.375452
polaris,MLP_PLR_Pretrained,polaris/pkis2-kit-wt-reg-v2,117,KIT,mean_squared_error,1212.32
polaris,MLP_PLR_Pretrained,polaris/pkis2-kit-wt-reg-v2,117,KIT,explained_var,-0.00130959
polaris,MLP_PLR_Pretrained,polaris/pkis2-kit-wt-reg-v2,117,KIT,r2,-0.00467182
polaris,MLP_PLR_Pretrained,polaris/pkis2-kit-wt-reg-v2,117,KIT,mean_absolute_error,27.0826
polaris,MLP_PLR_Pretrained,polaris/pkis2-egfr-wt-reg-v2,117,EGFR,pearsonr,0.62734
polaris,MLP_PLR_Pretrained,polaris/pkis2-egfr-wt-reg-v2,117,EGFR,spearmanr,0.309505
polaris,MLP_PLR_Pretrained,polaris/pkis2-egfr-wt-reg-v2,117,EGFR,mean_squared_error,496.376
polaris,MLP_PLR_Pretrained,polaris/pkis2-egfr-wt-reg-v2,117,EGFR,explained_var,0.386097
polaris,MLP_PLR_Pretrained,polaris/pkis2-egfr-wt-reg-v2,117,EGFR,r2,0.383972
polaris,MLP_PLR_Pretrained,polaris/pkis2-egfr-wt-reg-v2,117,EGFR,mean_absolute_error,17.6177
polaris,MLP_PLR_Pretrained,polaris/adme-fang-solu-1,117,LOG_SOLUBILITY,pearsonr,0.557746
polaris,MLP_PLR_Pretrained,polaris/adme-fang-solu-1,117,LOG_SOLUBILITY,spearmanr,0.471879
polaris,MLP_PLR_Pretrained,polaris/adme-fang-solu-1,117,LOG_SOLUBILITY,mean_squared_error,0.374805
polaris,MLP_PLR_Pretrained,polaris/adme-fang-solu-1,117,LOG_SOLUBILITY,explained_var,0.310045
polaris,MLP_PLR_Pretrained,polaris/adme-fang-solu-1,117,LOG_SOLUBILITY,r2,0.308706
polaris,MLP_PLR_Pretrained,polaris/adme-fang-solu-1,117,LOG_SOLUBILITY,mean_absolute_error,0.425052
polaris,MLP_PLR_Pretrained,polaris/adme-fang-rppb-1,117,LOG_RPPB,pearsonr,0.846517
polaris,MLP_PLR_Pretrained,polaris/adme-fang-rppb-1,117,LOG_RPPB,spearmanr,0.891304
polaris,MLP_PLR_Pretrained,polaris/adme-fang-rppb-1,117,LOG_RPPB,mean_squared_error,0.308975
polaris,MLP_PLR_Pretrained,polaris/adme-fang-rppb-1,117,LOG_RPPB,explained_var,0.65458
polaris,MLP_PLR_Pretrained,polaris/adme-fang-rppb-1,117,LOG_RPPB,r2,0.652244
polaris,MLP_PLR_Pretrained,polaris/adme-fang-rppb-1,117,LOG_RPPB,mean_absolute_error,0.377607
polaris,MLP_PLR_Pretrained,polaris/adme-fang-hppb-1,117,LOG_HPPB,pearsonr,0.824255
polaris,MLP_PLR_Pretrained,polaris/adme-fang-hppb-1,117,LOG_HPPB,spearmanr,0.83276
polaris,MLP_PLR_Pretrained,polaris/adme-fang-hppb-1,117,LOG_HPPB,mean_squared_error,0.233736
polaris,MLP_PLR_Pretrained,polaris/adme-fang-hppb-1,117,LOG_HPPB,explained_var,0.645542
polaris,MLP_PLR_Pretrained,polaris/adme-fang-hppb-1,117,LOG_HPPB,r2,0.614066
polaris,MLP_PLR_Pretrained,polaris/adme-fang-hppb-1,117,LOG_HPPB,mean_absolute_error,0.433796
polaris,MLP_PLR_Pretrained,polaris/adme-fang-perm-1,117,LOG_MDR1-MDCK_ER,pearsonr,0.772821
polaris,MLP_PLR_Pretrained,polaris/adme-fang-perm-1,117,LOG_MDR1-MDCK_ER,spearmanr,0.761331
polaris,MLP_PLR_Pretrained,polaris/adme-fang-perm-1,117,LOG_MDR1-MDCK_ER,mean_squared_error,0.201211
polaris,MLP_PLR_Pretrained,polaris/adme-fang-perm-1,117,LOG_MDR1-MDCK_ER,explained_var,0.594605
polaris,MLP_PLR_Pretrained,polaris/adme-fang-perm-1,117,LOG_MDR1-MDCK_ER,r2,0.593835
polaris,MLP_PLR_Pretrained,polaris/adme-fang-perm-1,117,LOG_MDR1-MDCK_ER,mean_absolute_error,0.330232
polaris,MLP_PLR_Pretrained,polaris/adme-fang-rclint-1,117,LOG_RLM_CLint,pearsonr,0.692502
polaris,MLP_PLR_Pretrained,polaris/adme-fang-rclint-1,117,LOG_RLM_CLint,spearmanr,0.689004
polaris,MLP_PLR_Pretrained,polaris/adme-fang-rclint-1,117,LOG_RLM_CLint,mean_squared_error,0.29825
polaris,MLP_PLR_Pretrained,polaris/adme-fang-rclint-1,117,LOG_RLM_CLint,explained_var,0.471697
polaris,MLP_PLR_Pretrained,polaris/adme-fang-rclint-1,117,LOG_RLM_CLint,r2,0.471696
polaris,MLP_PLR_Pretrained,polaris/adme-fang-rclint-1,117,LOG_RLM_CLint,mean_absolute_error,0.426773
polaris,MLP_PLR_Pretrained,polaris/adme-fang-hclint-1,117,LOG_HLM_CLint,pearsonr,0.655917
polaris,MLP_PLR_Pretrained,polaris/adme-fang-hclint-1,117,LOG_HLM_CLint,spearmanr,0.668247
polaris,MLP_PLR_Pretrained,polaris/adme-fang-hclint-1,117,LOG_HLM_CLint,mean_squared_error,0.229035
polaris,MLP_PLR_Pretrained,polaris/adme-fang-hclint-1,117,LOG_HLM_CLint,explained_var,0.411351
polaris,MLP_PLR_Pretrained,polaris/adme-fang-hclint-1,117,LOG_HLM_CLint,r2,0.410327
polaris,MLP_PLR_Pretrained,polaris/adme-fang-hclint-1,117,LOG_HLM_CLint,mean_absolute_error,0.363468
polaris,MLP_PLR_Pretrained,tdcommons/lipophilicity-astrazeneca,117,Y,mean_absolute_error,0.514894
polaris,MLP_PLR_Pretrained,tdcommons/ppbr-az,117,Y,mean_absolute_error,7.82026
polaris,MLP_PLR_Pretrained,tdcommons/clearance-hepatocyte-az,117,Y,spearmanr,0.326473
polaris,MLP_PLR_Pretrained,tdcommons/cyp2d6-substrate-carbonmangels,117,Y,pr_auc,0.687367
polaris,MLP_PLR_Pretrained,tdcommons/half-life-obach,117,Y,spearmanr,0.336793
polaris,MLP_PLR_Pretrained,tdcommons/cyp2c9-substrate-carbonmangels,117,Y,pr_auc,0.363413
polaris,MLP_PLR_Pretrained,tdcommons/clearance-microsome-az,117,Y,spearmanr,0.561534
polaris,MLP_PLR_Pretrained,tdcommons/dili,117,Y,roc_auc,0.915217
polaris,MLP_PLR_Pretrained,tdcommons/bioavailability-ma,117,Y,roc_auc,0.666445
polaris,MLP_PLR_Pretrained,tdcommons/vdss-lombardo,117,Y,spearmanr,0.495842
polaris,MLP_PLR_Pretrained,tdcommons/cyp3a4-substrate-carbonmangels,117,Y,roc_auc,0.603187
polaris,MLP_PLR_Pretrained,tdcommons/pgp-broccatelli,117,Y,roc_auc,0.879432
polaris,MLP_PLR_Pretrained,tdcommons/caco2-wang,117,Y,mean_absolute_error,0.280043
polaris,MLP_PLR_Pretrained,tdcommons/herg,117,Y,roc_auc,0.845803
polaris,MLP_PLR_Pretrained,tdcommons/bbb-martins,117,Y,roc_auc,0.915768
polaris,MLP_PLR_Pretrained,tdcommons/ames,117,Y,roc_auc,0.840909
polaris,MLP_PLR_Pretrained,tdcommons/ld50-zhu,117,Y,mean_absolute_error,0.642224
polaris,MLP_PLR_Pretrained,polaris/pkis2-ret-wt-cls-v2,709,CLS_RET,mcc,0.337956
polaris,MLP_PLR_Pretrained,polaris/pkis2-ret-wt-cls-v2,709,CLS_RET,accuracy,0.858491
polaris,MLP_PLR_Pretrained,polaris/pkis2-ret-wt-cls-v2,709,CLS_RET,cohen_kappa,0.288272
polaris,MLP_PLR_Pretrained,polaris/pkis2-ret-wt-cls-v2,709,CLS_RET,roc_auc,0.811633
polaris,MLP_PLR_Pretrained,polaris/pkis2-ret-wt-cls-v2,709,CLS_RET,pr_auc,0.606147
polaris,MLP_PLR_Pretrained,polaris/pkis2-ret-wt-cls-v2,709,CLS_RET,f1,0.347826
polaris,MLP_PLR_Pretrained,polaris/pkis2-ret-wt-reg-v2,709,RET,pearsonr,0.568307
polaris,MLP_PLR_Pretrained,polaris/pkis2-ret-wt-reg-v2,709,RET,spearmanr,0.591051
polaris,MLP_PLR_Pretrained,polaris/pkis2-ret-wt-reg-v2,709,RET,mean_squared_error,821.398
polaris,MLP_PLR_Pretrained,polaris/pkis2-ret-wt-reg-v2,709,RET,explained_var,0.317318
polaris,MLP_PLR_Pretrained,polaris/pkis2-ret-wt-reg-v2,709,RET,r2,0.308241
polaris,MLP_PLR_Pretrained,polaris/pkis2-ret-wt-reg-v2,709,RET,mean_absolute_error,21.7982
polaris,MLP_PLR_Pretrained,polaris/pkis2-kit-wt-cls-v2,709,CLS_KIT,mcc,0.270692
polaris,MLP_PLR_Pretrained,polaris/pkis2-kit-wt-cls-v2,709,CLS_KIT,accuracy,0.818966
polaris,MLP_PLR_Pretrained,polaris/pkis2-kit-wt-cls-v2,709,CLS_KIT,cohen_kappa,0.23875
polaris,MLP_PLR_Pretrained,polaris/pkis2-kit-wt-cls-v2,709,CLS_KIT,roc_auc,0.746132
polaris,MLP_PLR_Pretrained,polaris/pkis2-kit-wt-cls-v2,709,CLS_KIT,pr_auc,0.483828
polaris,MLP_PLR_Pretrained,polaris/pkis2-kit-wt-cls-v2,709,CLS_KIT,f1,0.322581
polaris,MLP_PLR_Pretrained,polaris/pkis2-kit-wt-reg-v2,709,KIT,pearsonr,0.430483
polaris,MLP_PLR_Pretrained,polaris/pkis2-kit-wt-reg-v2,709,KIT,spearmanr,0.395491
polaris,MLP_PLR_Pretrained,polaris/pkis2-kit-wt-reg-v2,709,KIT,mean_squared_error,1115.74
polaris,MLP_PLR_Pretrained,polaris/pkis2-kit-wt-reg-v2,709,KIT,explained_var,0.0979469
polaris,MLP_PLR_Pretrained,polaris/pkis2-kit-wt-reg-v2,709,KIT,r2,0.0753664
polaris,MLP_PLR_Pretrained,polaris/pkis2-kit-wt-reg-v2,709,KIT,mean_absolute_error,25.3962
polaris,MLP_PLR_Pretrained,polaris/pkis2-egfr-wt-reg-v2,709,EGFR,pearsonr,0.652469
polaris,MLP_PLR_Pretrained,polaris/pkis2-egfr-wt-reg-v2,709,EGFR,spearmanr,0.356727
polaris,MLP_PLR_Pretrained,polaris/pkis2-egfr-wt-reg-v2,709,EGFR,mean_squared_error,466.633
polaris,MLP_PLR_Pretrained,polaris/pkis2-egfr-wt-reg-v2,709,EGFR,explained_var,0.42537
polaris,MLP_PLR_Pretrained,polaris/pkis2-egfr-wt-reg-v2,709,EGFR,r2,0.420885
polaris,MLP_PLR_Pretrained,polaris/pkis2-egfr-wt-reg-v2,709,EGFR,mean_absolute_error,16.7151
polaris,MLP_PLR_Pretrained,polaris/adme-fang-solu-1,709,LOG_SOLUBILITY,pearsonr,0.530287
polaris,MLP_PLR_Pretrained,polaris/adme-fang-solu-1,709,LOG_SOLUBILITY,spearmanr,0.448588
polaris,MLP_PLR_Pretrained,polaris/adme-fang-solu-1,709,LOG_SOLUBILITY,mean_squared_error,0.391409
polaris,MLP_PLR_Pretrained,polaris/adme-fang-solu-1,709,LOG_SOLUBILITY,explained_var,0.279547
polaris,MLP_PLR_Pretrained,polaris/adme-fang-solu-1,709,LOG_SOLUBILITY,r2,0.278081
polaris,MLP_PLR_Pretrained,polaris/adme-fang-solu-1,709,LOG_SOLUBILITY,mean_absolute_error,0.42434
polaris,MLP_PLR_Pretrained,polaris/adme-fang-rppb-1,709,LOG_RPPB,pearsonr,0.855067
polaris,MLP_PLR_Pretrained,polaris/adme-fang-rppb-1,709,LOG_RPPB,spearmanr,0.92087
polaris,MLP_PLR_Pretrained,polaris/adme-fang-rppb-1,709,LOG_RPPB,mean_squared_error,0.272102
polaris,MLP_PLR_Pretrained,polaris/adme-fang-rppb-1,709,LOG_RPPB,explained_var,0.694327
polaris,MLP_PLR_Pretrained,polaris/adme-fang-rppb-1,709,LOG_RPPB,r2,0.693746
polaris,MLP_PLR_Pretrained,polaris/adme-fang-rppb-1,709,LOG_RPPB,mean_absolute_error,0.363878
polaris,MLP_PLR_Pretrained,polaris/adme-fang-hppb-1,709,LOG_HPPB,pearsonr,0.782963
polaris,MLP_PLR_Pretrained,polaris/adme-fang-hppb-1,709,LOG_HPPB,spearmanr,0.803576
polaris,MLP_PLR_Pretrained,polaris/adme-fang-hppb-1,709,LOG_HPPB,mean_squared_error,0.303001
polaris,MLP_PLR_Pretrained,polaris/adme-fang-hppb-1,709,LOG_HPPB,explained_var,0.586485
polaris,MLP_PLR_Pretrained,polaris/adme-fang-hppb-1,709,LOG_HPPB,r2,0.4997
polaris,MLP_PLR_Pretrained,polaris/adme-fang-hppb-1,709,LOG_HPPB,mean_absolute_error,0.501369
polaris,MLP_PLR_Pretrained,polaris/adme-fang-perm-1,709,LOG_MDR1-MDCK_ER,pearsonr,0.749843
polaris,MLP_PLR_Pretrained,polaris/adme-fang-perm-1,709,LOG_MDR1-MDCK_ER,spearmanr,0.744939
polaris,MLP_PLR_Pretrained,polaris/adme-fang-perm-1,709,LOG_MDR1-MDCK_ER,mean_squared_error,0.218762
polaris,MLP_PLR_Pretrained,polaris/adme-fang-perm-1,709,LOG_MDR1-MDCK_ER,explained_var,0.559027
polaris,MLP_PLR_Pretrained,polaris/adme-fang-perm-1,709,LOG_MDR1-MDCK_ER,r2,0.558407
polaris,MLP_PLR_Pretrained,polaris/adme-fang-perm-1,709,LOG_MDR1-MDCK_ER,mean_absolute_error,0.353235
polaris,MLP_PLR_Pretrained,polaris/adme-fang-rclint-1,709,LOG_RLM_CLint,pearsonr,0.696407
polaris,MLP_PLR_Pretrained,polaris/adme-fang-rclint-1,709,LOG_RLM_CLint,spearmanr,0.691196
polaris,MLP_PLR_Pretrained,polaris/adme-fang-rclint-1,709,LOG_RLM_CLint,mean_squared_error,0.292272
polaris,MLP_PLR_Pretrained,polaris/adme-fang-rclint-1,709,LOG_RLM_CLint,explained_var,0.482297
polaris,MLP_PLR_Pretrained,polaris/adme-fang-rclint-1,709,LOG_RLM_CLint,r2,0.482286
polaris,MLP_PLR_Pretrained,polaris/adme-fang-rclint-1,709,LOG_RLM_CLint,mean_absolute_error,0.423042
polaris,MLP_PLR_Pretrained,polaris/adme-fang-hclint-1,709,LOG_HLM_CLint,pearsonr,0.643036
polaris,MLP_PLR_Pretrained,polaris/adme-fang-hclint-1,709,LOG_HLM_CLint,spearmanr,0.656098
polaris,MLP_PLR_Pretrained,polaris/adme-fang-hclint-1,709,LOG_HLM_CLint,mean_squared_error,0.234702
polaris,MLP_PLR_Pretrained,polaris/adme-fang-hclint-1,709,LOG_HLM_CLint,explained_var,0.403346
polaris,MLP_PLR_Pretrained,polaris/adme-fang-hclint-1,709,LOG_HLM_CLint,r2,0.395735
polaris,MLP_PLR_Pretrained,polaris/adme-fang-hclint-1,709,LOG_HLM_CLint,mean_absolute_error,0.370359
polaris,MLP_PLR_Pretrained,tdcommons/lipophilicity-astrazeneca,709,Y,mean_absolute_error,0.521364
polaris,MLP_PLR_Pretrained,tdcommons/ppbr-az,709,Y,mean_absolute_error,7.94272
polaris,MLP_PLR_Pretrained,tdcommons/clearance-hepatocyte-az,709,Y,spearmanr,0.323059
polaris,MLP_PLR_Pretrained,tdcommons/cyp2d6-substrate-carbonmangels,709,Y,pr_auc,0.659581
polaris,MLP_PLR_Pretrained,tdcommons/half-life-obach,709,Y,spearmanr,0.34559
polaris,MLP_PLR_Pretrained,tdcommons/cyp2c9-substrate-carbonmangels,709,Y,pr_auc,0.384066
polaris,MLP_PLR_Pretrained,tdcommons/clearance-microsome-az,709,Y,spearmanr,0.5643
polaris,MLP_PLR_Pretrained,tdcommons/dili,709,Y,roc_auc,0.872174
polaris,MLP_PLR_Pretrained,tdcommons/bioavailability-ma,709,Y,roc_auc,0.647822
polaris,MLP_PLR_Pretrained,tdcommons/vdss-lombardo,709,Y,spearmanr,0.474404
polaris,MLP_PLR_Pretrained,tdcommons/cyp3a4-substrate-carbonmangels,709,Y,roc_auc,0.603865
polaris,MLP_PLR_Pretrained,tdcommons/pgp-broccatelli,709,Y,roc_auc,0.924487
polaris,MLP_PLR_Pretrained,tdcommons/caco2-wang,709,Y,mean_absolute_error,0.292852
polaris,MLP_PLR_Pretrained,tdcommons/herg,709,Y,roc_auc,0.8243
polaris,MLP_PLR_Pretrained,tdcommons/bbb-martins,709,Y,roc_auc,0.913149
polaris,MLP_PLR_Pretrained,tdcommons/ames,709,Y,roc_auc,0.847675
polaris,MLP_PLR_Pretrained,tdcommons/ld50-zhu,709,Y,mean_absolute_error,0.621272
polaris,MLP_PLR_Pretrained,polaris/pkis2-ret-wt-cls-v2,1701,CLS_RET,mcc,0.0
polaris,MLP_PLR_Pretrained,polaris/pkis2-ret-wt-cls-v2,1701,CLS_RET,accuracy,0.839623
polaris,MLP_PLR_Pretrained,polaris/pkis2-ret-wt-cls-v2,1701,CLS_RET,cohen_kappa,0.0
polaris,MLP_PLR_Pretrained,polaris/pkis2-ret-wt-cls-v2,1701,CLS_RET,roc_auc,0.781229
polaris,MLP_PLR_Pretrained,polaris/pkis2-ret-wt-cls-v2,1701,CLS_RET,pr_auc,0.419093
polaris,MLP_PLR_Pretrained,polaris/pkis2-ret-wt-cls-v2,1701,CLS_RET,f1,0.0
polaris,MLP_PLR_Pretrained,polaris/pkis2-ret-wt-reg-v2,1701,RET,pearsonr,0.569913
polaris,MLP_PLR_Pretrained,polaris/pkis2-ret-wt-reg-v2,1701,RET,spearmanr,0.575738
polaris,MLP_PLR_Pretrained,polaris/pkis2-ret-wt-reg-v2,1701,RET,mean_squared_error,822.029
polaris,MLP_PLR_Pretrained,polaris/pkis2-ret-wt-reg-v2,1701,RET,explained_var,0.32122
polaris,MLP_PLR_Pretrained,polaris/pkis2-ret-wt-reg-v2,1701,RET,r2,0.30771
polaris,MLP_PLR_Pretrained,polaris/pkis2-ret-wt-reg-v2,1701,RET,mean_absolute_error,21.7123
polaris,MLP_PLR_Pretrained,polaris/pkis2-kit-wt-cls-v2,1701,CLS_KIT,mcc,0.268906
polaris,MLP_PLR_Pretrained,polaris/pkis2-kit-wt-cls-v2,1701,CLS_KIT,accuracy,0.810345
polaris,MLP_PLR_Pretrained,polaris/pkis2-kit-wt-cls-v2,1701,CLS_KIT,cohen_kappa,0.252927
polaris,MLP_PLR_Pretrained,polaris/pkis2-kit-wt-cls-v2,1701,CLS_KIT,roc_auc,0.772727
polaris,MLP_PLR_Pretrained,polaris/pkis2-kit-wt-cls-v2,1701,CLS_KIT,pr_auc,0.478174
polaris,MLP_PLR_Pretrained,polaris/pkis2-kit-wt-cls-v2,1701,CLS_KIT,f1,0.352941
polaris,MLP_PLR_Pretrained,polaris/pkis2-kit-wt-reg-v2,1701,KIT,pearsonr,0.473682
polaris,MLP_PLR_Pretrained,polaris/pkis2-kit-wt-reg-v2,1701,KIT,spearmanr,0.466443
polaris,MLP_PLR_Pretrained,polaris/pkis2-kit-wt-reg-v2,1701,KIT,mean_squared_error,1085.08
polaris,MLP_PLR_Pretrained,polaris/pkis2-kit-wt-reg-v2,1701,KIT,explained_var,0.149535
polaris,MLP_PLR_Pretrained,polaris/pkis2-kit-wt-reg-v2,1701,KIT,r2,0.100775
polaris,MLP_PLR_Pretrained,polaris/pkis2-kit-wt-reg-v2,1701,KIT,mean_absolute_error,24.6304
polaris,MLP_PLR_Pretrained,polaris/pkis2-egfr-wt-reg-v2,1701,EGFR,pearsonr,0.554741
polaris,MLP_PLR_Pretrained,polaris/pkis2-egfr-wt-reg-v2,1701,EGFR,spearmanr,0.264579
polaris,MLP_PLR_Pretrained,polaris/pkis2-egfr-wt-reg-v2,1701,EGFR,mean_squared_error,563.551
polaris,MLP_PLR_Pretrained,polaris/pkis2-egfr-wt-reg-v2,1701,EGFR,explained_var,0.307598
polaris,MLP_PLR_Pretrained,polaris/pkis2-egfr-wt-reg-v2,1701,EGFR,r2,0.300605
polaris,MLP_PLR_Pretrained,polaris/pkis2-egfr-wt-reg-v2,1701,EGFR,mean_absolute_error,19.2199
polaris,MLP_PLR_Pretrained,polaris/adme-fang-solu-1,1701,LOG_SOLUBILITY,pearsonr,0.548782
polaris,MLP_PLR_Pretrained,polaris/adme-fang-solu-1,1701,LOG_SOLUBILITY,spearmanr,0.452639
polaris,MLP_PLR_Pretrained,polaris/adme-fang-solu-1,1701,LOG_SOLUBILITY,mean_squared_error,0.379064
polaris,MLP_PLR_Pretrained,polaris/adme-fang-solu-1,1701,LOG_SOLUBILITY,explained_var,0.300958
polaris,MLP_PLR_Pretrained,polaris/adme-fang-solu-1,1701,LOG_SOLUBILITY,r2,0.300851
polaris,MLP_PLR_Pretrained,polaris/adme-fang-solu-1,1701,LOG_SOLUBILITY,mean_absolute_error,0.430851
polaris,MLP_PLR_Pretrained,polaris/adme-fang-rppb-1,1701,LOG_RPPB,pearsonr,0.780093
polaris,MLP_PLR_Pretrained,polaris/adme-fang-rppb-1,1701,LOG_RPPB,spearmanr,0.815652
polaris,MLP_PLR_Pretrained,polaris/adme-fang-rppb-1,1701,LOG_RPPB,mean_squared_error,0.417184
polaris,MLP_PLR_Pretrained,polaris/adme-fang-rppb-1,1701,LOG_RPPB,explained_var,0.532098
polaris,MLP_PLR_Pretrained,polaris/adme-fang-rppb-1,1701,LOG_RPPB,r2,0.530453
polaris,MLP_PLR_Pretrained,polaris/adme-fang-rppb-1,1701,LOG_RPPB,mean_absolute_error,0.504351
polaris,MLP_PLR_Pretrained,polaris/adme-fang-hppb-1,1701,LOG_HPPB,pearsonr,0.827318
polaris,MLP_PLR_Pretrained,polaris/adme-fang-hppb-1,1701,LOG_HPPB,spearmanr,0.797616
polaris,MLP_PLR_Pretrained,polaris/adme-fang-hppb-1,1701,LOG_HPPB,mean_squared_error,0.261102
polaris,MLP_PLR_Pretrained,polaris/adme-fang-hppb-1,1701,LOG_HPPB,explained_var,0.684401
polaris,MLP_PLR_Pretrained,polaris/adme-fang-hppb-1,1701,LOG_HPPB,r2,0.568881
polaris,MLP_PLR_Pretrained,polaris/adme-fang-hppb-1,1701,LOG_HPPB,mean_absolute_error,0.41099
polaris,MLP_PLR_Pretrained,polaris/adme-fang-perm-1,1701,LOG_MDR1-MDCK_ER,pearsonr,0.776544
polaris,MLP_PLR_Pretrained,polaris/adme-fang-perm-1,1701,LOG_MDR1-MDCK_ER,spearmanr,0.763161
polaris,MLP_PLR_Pretrained,polaris/adme-fang-perm-1,1701,LOG_MDR1-MDCK_ER,mean_squared_error,0.196896
polaris,MLP_PLR_Pretrained,polaris/adme-fang-perm-1,1701,LOG_MDR1-MDCK_ER,explained_var,0.602987
polaris,MLP_PLR_Pretrained,polaris/adme-fang-perm-1,1701,LOG_MDR1-MDCK_ER,r2,0.602545
polaris,MLP_PLR_Pretrained,polaris/adme-fang-perm-1,1701,LOG_MDR1-MDCK_ER,mean_absolute_error,0.328933
polaris,MLP_PLR_Pretrained,polaris/adme-fang-rclint-1,1701,LOG_RLM_CLint,pearsonr,0.686999
polaris,MLP_PLR_Pretrained,polaris/adme-fang-rclint-1,1701,LOG_RLM_CLint,spearmanr,0.682851
polaris,MLP_PLR_Pretrained,polaris/adme-fang-rclint-1,1701,LOG_RLM_CLint,mean_squared_error,0.301967
polaris,MLP_PLR_Pretrained,polaris/adme-fang-rclint-1,1701,LOG_RLM_CLint,explained_var,0.468657
polaris,MLP_PLR_Pretrained,polaris/adme-fang-rclint-1,1701,LOG_RLM_CLint,r2,0.465112
polaris,MLP_PLR_Pretrained,polaris/adme-fang-rclint-1,1701,LOG_RLM_CLint,mean_absolute_error,0.431248
polaris,MLP_PLR_Pretrained,polaris/adme-fang-hclint-1,1701,LOG_HLM_CLint,pearsonr,0.66342
polaris,MLP_PLR_Pretrained,polaris/adme-fang-hclint-1,1701,LOG_HLM_CLint,spearmanr,0.68167
polaris,MLP_PLR_Pretrained,polaris/adme-fang-hclint-1,1701,LOG_HLM_CLint,mean_squared_error,0.222667
polaris,MLP_PLR_Pretrained,polaris/adme-fang-hclint-1,1701,LOG_HLM_CLint,explained_var,0.430519
polaris,MLP_PLR_Pretrained,polaris/adme-fang-hclint-1,1701,LOG_HLM_CLint,r2,0.426722
polaris,MLP_PLR_Pretrained,polaris/adme-fang-hclint-1,1701,LOG_HLM_CLint,mean_absolute_error,0.358179
polaris,MLP_PLR_Pretrained,tdcommons/lipophilicity-astrazeneca,1701,Y,mean_absolute_error,0.524595
polaris,MLP_PLR_Pretrained,tdcommons/ppbr-az,1701,Y,mean_absolute_error,7.96492
polaris,MLP_PLR_Pretrained,tdcommons/clearance-hepatocyte-az,1701,Y,spearmanr,0.322288
polaris,MLP_PLR_Pretrained,tdcommons/cyp2d6-substrate-carbonmangels,1701,Y,pr_auc,0.642623
polaris,MLP_PLR_Pretrained,tdcommons/half-life-obach,1701,Y,spearmanr,0.358766
polaris,MLP_PLR_Pretrained,tdcommons/cyp2c9-substrate-carbonmangels,1701,Y,pr_auc,0.365929
polaris,MLP_PLR_Pretrained,tdcommons/clearance-microsome-az,1701,Y,spearmanr,0.574332
polaris,MLP_PLR_Pretrained,tdcommons/dili,1701,Y,roc_auc,0.87913
polaris,MLP_PLR_Pretrained,tdcommons/bioavailability-ma,1701,Y,roc_auc,0.626538
polaris,MLP_PLR_Pretrained,tdcommons/vdss-lombardo,1701,Y,spearmanr,0.485338
polaris,MLP_PLR_Pretrained,tdcommons/cyp3a4-substrate-carbonmangels,1701,Y,roc_auc,0.618784
polaris,MLP_PLR_Pretrained,tdcommons/pgp-broccatelli,1701,Y,roc_auc,0.92542
polaris,MLP_PLR_Pretrained,tdcommons/caco2-wang,1701,Y,mean_absolute_error,0.275974
polaris,MLP_PLR_Pretrained,tdcommons/herg,1701,Y,roc_auc,0.856996
polaris,MLP_PLR_Pretrained,tdcommons/bbb-martins,1701,Y,roc_auc,0.900211
polaris,MLP_PLR_Pretrained,tdcommons/ames,1701,Y,roc_auc,0.846768
polaris,MLP_PLR_Pretrained,tdcommons/ld50-zhu,1701,Y,mean_absolute_error,0.642198
polaris,MLP_PLR_Pretrained,polaris/pkis2-ret-wt-cls-v2,9001,CLS_RET,mcc,0.387824
polaris,MLP_PLR_Pretrained,polaris/pkis2-ret-wt-cls-v2,9001,CLS_RET,accuracy,0.867925
polaris,MLP_PLR_Pretrained,polaris/pkis2-ret-wt-cls-v2,9001,CLS_RET,cohen_kappa,0.313599
polaris,MLP_PLR_Pretrained,polaris/pkis2-ret-wt-cls-v2,9001,CLS_RET,roc_auc,0.812954
polaris,MLP_PLR_Pretrained,polaris/pkis2-ret-wt-cls-v2,9001,CLS_RET,pr_auc,0.613259
polaris,MLP_PLR_Pretrained,polaris/pkis2-ret-wt-cls-v2,9001,CLS_RET,f1,0.363636
polaris,MLP_PLR_Pretrained,polaris/pkis2-ret-wt-reg-v2,9001,RET,pearsonr,0.587339
polaris,MLP_PLR_Pretrained,polaris/pkis2-ret-wt-reg-v2,9001,RET,spearmanr,0.573227
polaris,MLP_PLR_Pretrained,polaris/pkis2-ret-wt-reg-v2,9001,RET,mean_squared_error,804.804
polaris,MLP_PLR_Pretrained,polaris/pkis2-ret-wt-reg-v2,9001,RET,explained_var,0.344579
polaris,MLP_PLR_Pretrained,polaris/pkis2-ret-wt-reg-v2,9001,RET,r2,0.322216
polaris,MLP_PLR_Pretrained,polaris/pkis2-ret-wt-reg-v2,9001,RET,mean_absolute_error,21.5471
polaris,MLP_PLR_Pretrained,polaris/pkis2-kit-wt-cls-v2,9001,CLS_KIT,mcc,0.1967
polaris,MLP_PLR_Pretrained,polaris/pkis2-kit-wt-cls-v2,9001,CLS_KIT,accuracy,0.793103
polaris,MLP_PLR_Pretrained,polaris/pkis2-kit-wt-cls-v2,9001,CLS_KIT,cohen_kappa,0.185012
polaris,MLP_PLR_Pretrained,polaris/pkis2-kit-wt-cls-v2,9001,CLS_KIT,roc_auc,0.754352
polaris,MLP_PLR_Pretrained,polaris/pkis2-kit-wt-cls-v2,9001,CLS_KIT,pr_auc,0.451246
polaris,MLP_PLR_Pretrained,polaris/pkis2-kit-wt-cls-v2,9001,CLS_KIT,f1,0.294118
polaris,MLP_PLR_Pretrained,polaris/pkis2-kit-wt-reg-v2,9001,KIT,pearsonr,0.425467
polaris,MLP_PLR_Pretrained,polaris/pkis2-kit-wt-reg-v2,9001,KIT,spearmanr,0.40798
polaris,MLP_PLR_Pretrained,polaris/pkis2-kit-wt-reg-v2,9001,KIT,mean_squared_error,1109.93
polaris,MLP_PLR_Pretrained,polaris/pkis2-kit-wt-reg-v2,9001,KIT,explained_var,0.100737
polaris,MLP_PLR_Pretrained,polaris/pkis2-kit-wt-reg-v2,9001,KIT,r2,0.0801813
polaris,MLP_PLR_Pretrained,polaris/pkis2-kit-wt-reg-v2,9001,KIT,mean_absolute_error,25.5751
polaris,MLP_PLR_Pretrained,polaris/pkis2-egfr-wt-reg-v2,9001,EGFR,pearsonr,0.630679
polaris,MLP_PLR_Pretrained,polaris/pkis2-egfr-wt-reg-v2,9001,EGFR,spearmanr,0.346826
polaris,MLP_PLR_Pretrained,polaris/pkis2-egfr-wt-reg-v2,9001,EGFR,mean_squared_error,498.865
polaris,MLP_PLR_Pretrained,polaris/pkis2-egfr-wt-reg-v2,9001,EGFR,explained_var,0.392606
polaris,MLP_PLR_Pretrained,polaris/pkis2-egfr-wt-reg-v2,9001,EGFR,r2,0.380883
polaris,MLP_PLR_Pretrained,polaris/pkis2-egfr-wt-reg-v2,9001,EGFR,mean_absolute_error,17.3438
polaris,MLP_PLR_Pretrained,polaris/adme-fang-solu-1,9001,LOG_SOLUBILITY,pearsonr,0.557127
polaris,MLP_PLR_Pretrained,polaris/adme-fang-solu-1,9001,LOG_SOLUBILITY,spearmanr,0.454181
polaris,MLP_PLR_Pretrained,polaris/adme-fang-solu-1,9001,LOG_SOLUBILITY,mean_squared_error,0.37503
polaris,MLP_PLR_Pretrained,polaris/adme-fang-solu-1,9001,LOG_SOLUBILITY,explained_var,0.310081
polaris,MLP_PLR_Pretrained,polaris/adme-fang-solu-1,9001,LOG_SOLUBILITY,r2,0.308291
polaris,MLP_PLR_Pretrained,polaris/adme-fang-solu-1,9001,LOG_SOLUBILITY,mean_absolute_error,0.419216
polaris,MLP_PLR_Pretrained,polaris/adme-fang-rppb-1,9001,LOG_RPPB,pearsonr,0.87396
polaris,MLP_PLR_Pretrained,polaris/adme-fang-rppb-1,9001,LOG_RPPB,spearmanr,0.917391
polaris,MLP_PLR_Pretrained,polaris/adme-fang-rppb-1,9001,LOG_RPPB,mean_squared_error,0.242929
polaris,MLP_PLR_Pretrained,polaris/adme-fang-rppb-1,9001,LOG_RPPB,explained_var,0.742387
polaris,MLP_PLR_Pretrained,polaris/adme-fang-rppb-1,9001,LOG_RPPB,r2,0.72658
polaris,MLP_PLR_Pretrained,polaris/adme-fang-rppb-1,9001,LOG_RPPB,mean_absolute_error,0.372921
polaris,MLP_PLR_Pretrained,polaris/adme-fang-hppb-1,9001,LOG_HPPB,pearsonr,0.820228
polaris,MLP_PLR_Pretrained,polaris/adme-fang-hppb-1,9001,LOG_HPPB,spearmanr,0.820689
polaris,MLP_PLR_Pretrained,polaris/adme-fang-hppb-1,9001,LOG_HPPB,mean_squared_error,0.275742
polaris,MLP_PLR_Pretrained,polaris/adme-fang-hppb-1,9001,LOG_HPPB,explained_var,0.666508
polaris,MLP_PLR_Pretrained,polaris/adme-fang-hppb-1,9001,LOG_HPPB,r2,0.544708
polaris,MLP_PLR_Pretrained,polaris/adme-fang-hppb-1,9001,LOG_HPPB,mean_absolute_error,0.432735
polaris,MLP_PLR_Pretrained,polaris/adme-fang-perm-1,9001,LOG_MDR1-MDCK_ER,pearsonr,0.756947
polaris,MLP_PLR_Pretrained,polaris/adme-fang-perm-1,9001,LOG_MDR1-MDCK_ER,spearmanr,0.746497
polaris,MLP_PLR_Pretrained,polaris/adme-fang-perm-1,9001,LOG_MDR1-MDCK_ER,mean_squared_error,0.211575
polaris,MLP_PLR_Pretrained,polaris/adme-fang-perm-1,9001,LOG_MDR1-MDCK_ER,explained_var,0.572915
polaris,MLP_PLR_Pretrained,polaris/adme-fang-perm-1,9001,LOG_MDR1-MDCK_ER,r2,0.572914
polaris,MLP_PLR_Pretrained,polaris/adme-fang-perm-1,9001,LOG_MDR1-MDCK_ER,mean_absolute_error,0.346859
polaris,MLP_PLR_Pretrained,polaris/adme-fang-rclint-1,9001,LOG_RLM_CLint,pearsonr,0.703347
polaris,MLP_PLR_Pretrained,polaris/adme-fang-rclint-1,9001,LOG_RLM_CLint,spearmanr,0.70017
polaris,MLP_PLR_Pretrained,polaris/adme-fang-rclint-1,9001,LOG_RLM_CLint,mean_squared_error,0.289985
polaris,MLP_PLR_Pretrained,polaris/adme-fang-rclint-1,9001,LOG_RLM_CLint,explained_var,0.486764
polaris,MLP_PLR_Pretrained,polaris/adme-fang-rclint-1,9001,LOG_RLM_CLint,r2,0.486338
polaris,MLP_PLR_Pretrained,polaris/adme-fang-rclint-1,9001,LOG_RLM_CLint,mean_absolute_error,0.422541
polaris,MLP_PLR_Pretrained,polaris/adme-fang-hclint-1,9001,LOG_HLM_CLint,pearsonr,0.676042
polaris,MLP_PLR_Pretrained,polaris/adme-fang-hclint-1,9001,LOG_HLM_CLint,spearmanr,0.690282
polaris,MLP_PLR_Pretrained,polaris/adme-fang-hclint-1,9001,LOG_HLM_CLint,mean_squared_error,0.216635
polaris,MLP_PLR_Pretrained,polaris/adme-fang-hclint-1,9001,LOG_HLM_CLint,explained_var,0.442266
polaris,MLP_PLR_Pretrained,polaris/adme-fang-hclint-1,9001,LOG_HLM_CLint,r2,0.442251
polaris,MLP_PLR_Pretrained,polaris/adme-fang-hclint-1,9001,LOG_HLM_CLint,mean_absolute_error,0.352061
polaris,MLP_PLR_Pretrained,tdcommons/lipophilicity-astrazeneca,9001,Y,mean_absolute_error,0.497424
polaris,MLP_PLR_Pretrained,tdcommons/ppbr-az,9001,Y,mean_absolute_error,8.11853
polaris,MLP_PLR_Pretrained,tdcommons/clearance-hepatocyte-az,9001,Y,spearmanr,0.346529
polaris,MLP_PLR_Pretrained,tdcommons/cyp2d6-substrate-carbonmangels,9001,Y,pr_auc,0.653158
polaris,MLP_PLR_Pretrained,tdcommons/half-life-obach,9001,Y,spearmanr,0.335881
polaris,MLP_PLR_Pretrained,tdcommons/cyp2c9-substrate-carbonmangels,9001,Y,pr_auc,0.42589
polaris,MLP_PLR_Pretrained,tdcommons/clearance-microsome-az,9001,Y,spearmanr,0.570283
polaris,MLP_PLR_Pretrained,tdcommons/dili,9001,Y,roc_auc,0.917391
polaris,MLP_PLR_Pretrained,tdcommons/bioavailability-ma,9001,Y,roc_auc,0.62288
polaris,MLP_PLR_Pretrained,tdcommons/vdss-lombardo,9001,Y,spearmanr,0.432634
polaris,MLP_PLR_Pretrained,tdcommons/cyp3a4-substrate-carbonmangels,9001,Y,roc_auc,0.616524
polaris,MLP_PLR_Pretrained,tdcommons/pgp-broccatelli,9001,Y,roc_auc,0.930419
polaris,MLP_PLR_Pretrained,tdcommons/caco2-wang,9001,Y,mean_absolute_error,0.277218
polaris,MLP_PLR_Pretrained,tdcommons/herg,9001,Y,roc_auc,0.843741
polaris,MLP_PLR_Pretrained,tdcommons/bbb-martins,9001,Y,roc_auc,0.922803
polaris,MLP_PLR_Pretrained,tdcommons/ames,9001,Y,roc_auc,0.8409
polaris,MLP_PLR_Pretrained,tdcommons/ld50-zhu,9001,Y,mean_absolute_error,0.649339
polaris,MoLFormer,polaris/pkis2-ret-wt-cls-v2,42,CLS_RET,mcc,0.655239
polaris,MoLFormer,polaris/pkis2-ret-wt-cls-v2,42,CLS_RET,accuracy,0.915094
polaris,MoLFormer,polaris/pkis2-ret-wt-cls-v2,42,CLS_RET,f1,0.689655
polaris,MoLFormer,polaris/pkis2-ret-wt-cls-v2,42,CLS_RET,cohen_kappa,0.642161
polaris,MoLFormer,polaris/pkis2-ret-wt-cls-v2,42,CLS_RET,pr_auc,0.685265
polaris,MoLFormer,polaris/pkis2-ret-wt-cls-v2,42,CLS_RET,roc_auc,0.892267
polaris,MoLFormer,polaris/pkis2-ret-wt-reg-v2,42,RET,spearmanr,0.434232
polaris,MoLFormer,polaris/pkis2-ret-wt-reg-v2,42,RET,mean_squared_error,1359.02
polaris,MoLFormer,polaris/pkis2-ret-wt-reg-v2,42,RET,pearsonr,0.149066
polaris,MoLFormer,polaris/pkis2-ret-wt-reg-v2,42,RET,mean_absolute_error,26.664
polaris,MoLFormer,polaris/pkis2-ret-wt-reg-v2,42,RET,r2,-0.144528
polaris,MoLFormer,polaris/pkis2-ret-wt-reg-v2,42,RET,explained_var,0.0204633
polaris,MoLFormer,polaris/pkis2-kit-wt-cls-v2,42,CLS_KIT,mcc,0.421313
polaris,MoLFormer,polaris/pkis2-kit-wt-cls-v2,42,CLS_KIT,accuracy,0.836207
polaris,MoLFormer,polaris/pkis2-kit-wt-cls-v2,42,CLS_KIT,f1,0.512821
polaris,MoLFormer,polaris/pkis2-kit-wt-cls-v2,42,CLS_KIT,cohen_kappa,0.416314
polaris,MoLFormer,polaris/pkis2-kit-wt-cls-v2,42,CLS_KIT,pr_auc,0.632308
polaris,MoLFormer,polaris/pkis2-kit-wt-cls-v2,42,CLS_KIT,roc_auc,0.838491
polaris,MoLFormer,polaris/pkis2-kit-wt-reg-v2,42,KIT,spearmanr,0.344766
polaris,MoLFormer,polaris/pkis2-kit-wt-reg-v2,42,KIT,mean_squared_error,1147.58
polaris,MoLFormer,polaris/pkis2-kit-wt-reg-v2,42,KIT,pearsonr,0.31965
polaris,MoLFormer,polaris/pkis2-kit-wt-reg-v2,42,KIT,mean_absolute_error,28.3009
polaris,MoLFormer,polaris/pkis2-kit-wt-reg-v2,42,KIT,r2,0.0489797
polaris,MoLFormer,polaris/pkis2-kit-wt-reg-v2,42,KIT,explained_var,0.0909732
polaris,MoLFormer,polaris/pkis2-egfr-wt-reg-v2,42,EGFR,spearmanr,0.20341
polaris,MoLFormer,polaris/pkis2-egfr-wt-reg-v2,42,EGFR,mean_squared_error,759.689
polaris,MoLFormer,polaris/pkis2-egfr-wt-reg-v2,42,EGFR,pearsonr,0.283237
polaris,MoLFormer,polaris/pkis2-egfr-wt-reg-v2,42,EGFR,mean_absolute_error,20.3928
polaris,MoLFormer,polaris/pkis2-egfr-wt-reg-v2,42,EGFR,r2,0.0571864
polaris,MoLFormer,polaris/pkis2-egfr-wt-reg-v2,42,EGFR,explained_var,0.0783601
polaris,MoLFormer,polaris/adme-fang-solu-1,42,LOG_SOLUBILITY,spearmanr,0.50592
polaris,MoLFormer,polaris/adme-fang-solu-1,42,LOG_SOLUBILITY,mean_squared_error,0.373118
polaris,MoLFormer,polaris/adme-fang-solu-1,42,LOG_SOLUBILITY,pearsonr,0.582896
polaris,MoLFormer,polaris/adme-fang-solu-1,42,LOG_SOLUBILITY,mean_absolute_error,0.408725
polaris,MoLFormer,polaris/adme-fang-solu-1,42,LOG_SOLUBILITY,r2,0.311817
polaris,MoLFormer,polaris/adme-fang-solu-1,42,LOG_SOLUBILITY,explained_var,0.324883
polaris,MoLFormer,polaris/adme-fang-rppb-1,42,LOG_RPPB,spearmanr,0.751304
polaris,MoLFormer,polaris/adme-fang-rppb-1,42,LOG_RPPB,mean_squared_error,0.563473
polaris,MoLFormer,polaris/adme-fang-rppb-1,42,LOG_RPPB,pearsonr,0.607575
polaris,MoLFormer,polaris/adme-fang-rppb-1,42,LOG_RPPB,mean_absolute_error,0.531506
polaris,MoLFormer,polaris/adme-fang-rppb-1,42,LOG_RPPB,r2,0.365802
polaris,MoLFormer,polaris/adme-fang-rppb-1,42,LOG_RPPB,explained_var,0.366042
polaris,MoLFormer,polaris/adme-fang-hppb-1,42,LOG_HPPB,spearmanr,0.696004
polaris,MoLFormer,polaris/adme-fang-hppb-1,42,LOG_HPPB,mean_squared_error,0.306326
polaris,MoLFormer,polaris/adme-fang-hppb-1,42,LOG_HPPB,pearsonr,0.751536
polaris,MoLFormer,polaris/adme-fang-hppb-1,42,LOG_HPPB,mean_absolute_error,0.443295
polaris,MoLFormer,polaris/adme-fang-hppb-1,42,LOG_HPPB,r2,0.494209
polaris,MoLFormer,polaris/adme-fang-hppb-1,42,LOG_HPPB,explained_var,0.563839
polaris,MoLFormer,polaris/adme-fang-perm-1,42,LOG_MDR1-MDCK_ER,spearmanr,0.781326
polaris,MoLFormer,polaris/adme-fang-perm-1,42,LOG_MDR1-MDCK_ER,mean_squared_error,0.191294
polaris,MoLFormer,polaris/adme-fang-perm-1,42,LOG_MDR1-MDCK_ER,pearsonr,0.78747
polaris,MoLFormer,polaris/adme-fang-perm-1,42,LOG_MDR1-MDCK_ER,mean_absolute_error,0.317289
polaris,MoLFormer,polaris/adme-fang-perm-1,42,LOG_MDR1-MDCK_ER,r2,0.613853
polaris,MoLFormer,polaris/adme-fang-perm-1,42,LOG_MDR1-MDCK_ER,explained_var,0.61813
polaris,MoLFormer,polaris/adme-fang-rclint-1,42,LOG_RLM_CLint,spearmanr,0.724771
polaris,MoLFormer,polaris/adme-fang-rclint-1,42,LOG_RLM_CLint,mean_squared_error,0.275077
polaris,MoLFormer,polaris/adme-fang-rclint-1,42,LOG_RLM_CLint,pearsonr,0.723601
polaris,MoLFormer,polaris/adme-fang-rclint-1,42,LOG_RLM_CLint,mean_absolute_error,0.41629
polaris,MoLFormer,polaris/adme-fang-rclint-1,42,LOG_RLM_CLint,r2,0.512744
polaris,MoLFormer,polaris/adme-fang-rclint-1,42,LOG_RLM_CLint,explained_var,0.51512
polaris,MoLFormer,polaris/adme-fang-hclint-1,42,LOG_HLM_CLint,spearmanr,0.708218
polaris,MoLFormer,polaris/adme-fang-hclint-1,42,LOG_HLM_CLint,mean_squared_error,0.210701
polaris,MoLFormer,polaris/adme-fang-hclint-1,42,LOG_HLM_CLint,pearsonr,0.699032
polaris,MoLFormer,polaris/adme-fang-hclint-1,42,LOG_HLM_CLint,mean_absolute_error,0.360554
polaris,MoLFormer,polaris/adme-fang-hclint-1,42,LOG_HLM_CLint,r2,0.45753
polaris,MoLFormer,polaris/adme-fang-hclint-1,42,LOG_HLM_CLint,explained_var,0.458533
polaris,MoLFormer,tdcommons/lipophilicity-astrazeneca,42,Y,mean_absolute_error,0.513913
polaris,MoLFormer,tdcommons/ppbr-az,42,Y,mean_absolute_error,10.2262
polaris,MoLFormer,tdcommons/clearance-hepatocyte-az,42,Y,spearmanr,0.215392
polaris,MoLFormer,tdcommons/cyp2d6-substrate-carbonmangels,42,Y,pr_auc,0.672302
polaris,MoLFormer,tdcommons/half-life-obach,42,Y,spearmanr,0.124162
polaris,MoLFormer,tdcommons/cyp2c9-substrate-carbonmangels,42,Y,pr_auc,0.350583
polaris,MoLFormer,tdcommons/clearance-microsome-az,42,Y,spearmanr,-0.0685902
polaris,MoLFormer,tdcommons/dili,42,Y,roc_auc,0.841739
polaris,MoLFormer,tdcommons/bioavailability-ma,42,Y,roc_auc,0.731626
polaris,MoLFormer,tdcommons/vdss-lombardo,42,Y,spearmanr,0.565538
polaris,MoLFormer,tdcommons/cyp3a4-substrate-carbonmangels,42,Y,roc_auc,0.622288
polaris,MoLFormer,tdcommons/pgp-broccatelli,42,Y,roc_auc,0.89856
polaris,MoLFormer,tdcommons/caco2-wang,42,Y,mean_absolute_error,0.393156
polaris,MoLFormer,tdcommons/herg,42,Y,roc_auc,0.776141
polaris,MoLFormer,tdcommons/bbb-martins,42,Y,roc_auc,0.863157
polaris,MoLFormer,tdcommons/ames,42,Y,roc_auc,0.855378
polaris,MoLFormer,tdcommons/ld50-zhu,42,Y,mean_absolute_error,0.621254
polaris,MoLFormer,polaris/pkis2-ret-wt-cls-v2,117,CLS_RET,mcc,0.604725
polaris,MoLFormer,polaris/pkis2-ret-wt-cls-v2,117,CLS_RET,accuracy,0.90566
polaris,MoLFormer,polaris/pkis2-ret-wt-cls-v2,117,CLS_RET,f1,0.615385
polaris,MoLFormer,polaris/pkis2-ret-wt-cls-v2,117,CLS_RET,cohen_kappa,0.567347
polaris,MoLFormer,polaris/pkis2-ret-wt-cls-v2,117,CLS_RET,pr_auc,0.741432
polaris,MoLFormer,polaris/pkis2-ret-wt-cls-v2,117,CLS_RET,roc_auc,0.88698
polaris,MoLFormer,polaris/pkis2-ret-wt-reg-v2,117,RET,spearmanr,0.526394
polaris,MoLFormer,polaris/pkis2-ret-wt-reg-v2,117,RET,mean_squared_error,1124.43
polaris,MoLFormer,polaris/pkis2-ret-wt-reg-v2,117,RET,pearsonr,0.528656
polaris,MoLFormer,polaris/pkis2-ret-wt-reg-v2,117,RET,mean_absolute_error,24.8156
polaris,MoLFormer,polaris/pkis2-ret-wt-reg-v2,117,RET,r2,0.0530401
polaris,MoLFormer,polaris/pkis2-ret-wt-reg-v2,117,RET,explained_var,0.142011
polaris,MoLFormer,polaris/pkis2-kit-wt-cls-v2,117,CLS_KIT,mcc,0.360788
polaris,MoLFormer,polaris/pkis2-kit-wt-cls-v2,117,CLS_KIT,accuracy,0.827586
polaris,MoLFormer,polaris/pkis2-kit-wt-cls-v2,117,CLS_KIT,f1,0.444444
polaris,MoLFormer,polaris/pkis2-kit-wt-cls-v2,117,CLS_KIT,cohen_kappa,0.348315
polaris,MoLFormer,polaris/pkis2-kit-wt-cls-v2,117,CLS_KIT,pr_auc,0.568735
polaris,MoLFormer,polaris/pkis2-kit-wt-cls-v2,117,CLS_KIT,roc_auc,0.832689
polaris,MoLFormer,polaris/pkis2-kit-wt-reg-v2,117,KIT,spearmanr,0.369772
polaris,MoLFormer,polaris/pkis2-kit-wt-reg-v2,117,KIT,mean_squared_error,1091.24
polaris,MoLFormer,polaris/pkis2-kit-wt-reg-v2,117,KIT,pearsonr,0.336501
polaris,MoLFormer,polaris/pkis2-kit-wt-reg-v2,117,KIT,mean_absolute_error,27.7604
polaris,MoLFormer,polaris/pkis2-kit-wt-reg-v2,117,KIT,r2,0.0956668
polaris,MoLFormer,polaris/pkis2-kit-wt-reg-v2,117,KIT,explained_var,0.111879
polaris,MoLFormer,polaris/pkis2-egfr-wt-reg-v2,117,EGFR,spearmanr,0.210118
polaris,MoLFormer,polaris/pkis2-egfr-wt-reg-v2,117,EGFR,mean_squared_error,798.468
polaris,MoLFormer,polaris/pkis2-egfr-wt-reg-v2,117,EGFR,pearsonr,0.209828
polaris,MoLFormer,polaris/pkis2-egfr-wt-reg-v2,117,EGFR,mean_absolute_error,21.7654
polaris,MoLFormer,polaris/pkis2-egfr-wt-reg-v2,117,EGFR,r2,0.00906004
polaris,MoLFormer,polaris/pkis2-egfr-wt-reg-v2,117,EGFR,explained_var,0.0225358
polaris,MoLFormer,polaris/adme-fang-solu-1,117,LOG_SOLUBILITY,spearmanr,0.480059
polaris,MoLFormer,polaris/adme-fang-solu-1,117,LOG_SOLUBILITY,mean_squared_error,0.392463
polaris,MoLFormer,polaris/adme-fang-solu-1,117,LOG_SOLUBILITY,pearsonr,0.556038
polaris,MoLFormer,polaris/adme-fang-solu-1,117,LOG_SOLUBILITY,mean_absolute_error,0.433312
polaris,MoLFormer,polaris/adme-fang-solu-1,117,LOG_SOLUBILITY,r2,0.276136
polaris,MoLFormer,polaris/adme-fang-solu-1,117,LOG_SOLUBILITY,explained_var,0.287378
polaris,MoLFormer,polaris/adme-fang-rppb-1,117,LOG_RPPB,spearmanr,0.86
polaris,MoLFormer,polaris/adme-fang-rppb-1,117,LOG_RPPB,mean_squared_error,0.406232
polaris,MoLFormer,polaris/adme-fang-rppb-1,117,LOG_RPPB,pearsonr,0.757268
polaris,MoLFormer,polaris/adme-fang-rppb-1,117,LOG_RPPB,mean_absolute_error,0.468859
polaris,MoLFormer,polaris/adme-fang-rppb-1,117,LOG_RPPB,r2,0.542779
polaris,MoLFormer,polaris/adme-fang-rppb-1,117,LOG_RPPB,explained_var,0.544997
polaris,MoLFormer,polaris/adme-fang-hppb-1,117,LOG_HPPB,spearmanr,0.647108
polaris,MoLFormer,polaris/adme-fang-hppb-1,117,LOG_HPPB,mean_squared_error,0.336849
polaris,MoLFormer,polaris/adme-fang-hppb-1,117,LOG_HPPB,pearsonr,0.723001
polaris,MoLFormer,polaris/adme-fang-hppb-1,117,LOG_HPPB,mean_absolute_error,0.492978
polaris,MoLFormer,polaris/adme-fang-hppb-1,117,LOG_HPPB,r2,0.443812
polaris,MoLFormer,polaris/adme-fang-hppb-1,117,LOG_HPPB,explained_var,0.521417
polaris,MoLFormer,polaris/adme-fang-perm-1,117,LOG_MDR1-MDCK_ER,spearmanr,0.784006
polaris,MoLFormer,polaris/adme-fang-perm-1,117,LOG_MDR1-MDCK_ER,mean_squared_error,0.183945
polaris,MoLFormer,polaris/adme-fang-perm-1,117,LOG_MDR1-MDCK_ER,pearsonr,0.794061
polaris,MoLFormer,polaris/adme-fang-perm-1,117,LOG_MDR1-MDCK_ER,mean_absolute_error,0.321527
polaris,MoLFormer,polaris/adme-fang-perm-1,117,LOG_MDR1-MDCK_ER,r2,0.628689
polaris,MoLFormer,polaris/adme-fang-perm-1,117,LOG_MDR1-MDCK_ER,explained_var,0.629429
polaris,MoLFormer,polaris/adme-fang-rclint-1,117,LOG_RLM_CLint,spearmanr,0.714183
polaris,MoLFormer,polaris/adme-fang-rclint-1,117,LOG_RLM_CLint,mean_squared_error,0.288486
polaris,MoLFormer,polaris/adme-fang-rclint-1,117,LOG_RLM_CLint,pearsonr,0.714362
polaris,MoLFormer,polaris/adme-fang-rclint-1,117,LOG_RLM_CLint,mean_absolute_error,0.424774
polaris,MoLFormer,polaris/adme-fang-rclint-1,117,LOG_RLM_CLint,r2,0.488992
polaris,MoLFormer,polaris/adme-fang-rclint-1,117,LOG_RLM_CLint,explained_var,0.501402
polaris,MoLFormer,polaris/adme-fang-hclint-1,117,LOG_HLM_CLint,spearmanr,0.708884
polaris,MoLFormer,polaris/adme-fang-hclint-1,117,LOG_HLM_CLint,mean_squared_error,0.209625
polaris,MoLFormer,polaris/adme-fang-hclint-1,117,LOG_HLM_CLint,pearsonr,0.702593
polaris,MoLFormer,polaris/adme-fang-hclint-1,117,LOG_HLM_CLint,mean_absolute_error,0.362432
polaris,MoLFormer,polaris/adme-fang-hclint-1,117,LOG_HLM_CLint,r2,0.460299
polaris,MoLFormer,polaris/adme-fang-hclint-1,117,LOG_HLM_CLint,explained_var,0.462294
polaris,MoLFormer,tdcommons/lipophilicity-astrazeneca,117,Y,mean_absolute_error,0.502215
polaris,MoLFormer,tdcommons/ppbr-az,117,Y,mean_absolute_error,10.5759
polaris,MoLFormer,tdcommons/clearance-hepatocyte-az,117,Y,spearmanr,0.266747
polaris,MoLFormer,tdcommons/cyp2d6-substrate-carbonmangels,117,Y,pr_auc,0.700692
polaris,MoLFormer,tdcommons/half-life-obach,117,Y,spearmanr,0.327441
polaris,MoLFormer,tdcommons/cyp2c9-substrate-carbonmangels,117,Y,pr_auc,0.365147
polaris,MoLFormer,tdcommons/clearance-microsome-az,117,Y,spearmanr,0.238136
polaris,MoLFormer,tdcommons/dili,117,Y,roc_auc,0.837391
polaris,MoLFormer,tdcommons/bioavailability-ma,117,Y,roc_auc,0.730961
polaris,MoLFormer,tdcommons/vdss-lombardo,117,Y,spearmanr,0.653099
polaris,MoLFormer,tdcommons/cyp3a4-substrate-carbonmangels,117,Y,roc_auc,0.647604
polaris,MoLFormer,tdcommons/pgp-broccatelli,117,Y,roc_auc,0.922021
polaris,MoLFormer,tdcommons/caco2-wang,117,Y,mean_absolute_error,0.402102
polaris,MoLFormer,tdcommons/herg,117,Y,roc_auc,0.756406
polaris,MoLFormer,tdcommons/bbb-martins,117,Y,roc_auc,0.872342
polaris,MoLFormer,tdcommons/ames,117,Y,roc_auc,0.56642
polaris,MoLFormer,tdcommons/ld50-zhu,117,Y,mean_absolute_error,0.634092
polaris,MoLFormer,polaris/pkis2-ret-wt-cls-v2,709,CLS_RET,mcc,0.562567
polaris,MoLFormer,polaris/pkis2-ret-wt-cls-v2,709,CLS_RET,accuracy,0.896226
polaris,MoLFormer,polaris/pkis2-ret-wt-cls-v2,709,CLS_RET,f1,0.592593
polaris,MoLFormer,polaris/pkis2-ret-wt-cls-v2,709,CLS_RET,cohen_kappa,0.537669
polaris,MoLFormer,polaris/pkis2-ret-wt-cls-v2,709,CLS_RET,pr_auc,0.716341
polaris,MoLFormer,polaris/pkis2-ret-wt-cls-v2,709,CLS_RET,roc_auc,0.874422
polaris,MoLFormer,polaris/pkis2-ret-wt-reg-v2,709,RET,spearmanr,-0.302726
polaris,MoLFormer,polaris/pkis2-ret-wt-reg-v2,709,RET,mean_squared_error,1266.19
polaris,MoLFormer,polaris/pkis2-ret-wt-reg-v2,709,RET,pearsonr,-0.273778
polaris,MoLFormer,polaris/pkis2-ret-wt-reg-v2,709,RET,mean_absolute_error,26.974
polaris,MoLFormer,polaris/pkis2-ret-wt-reg-v2,709,RET,r2,-0.0663468
polaris,MoLFormer,polaris/pkis2-ret-wt-reg-v2,709,RET,explained_var,-4.58584e-06
polaris,MoLFormer,polaris/pkis2-kit-wt-cls-v2,709,CLS_KIT,mcc,0.403382
polaris,MoLFormer,polaris/pkis2-kit-wt-cls-v2,709,CLS_KIT,accuracy,0.836207
polaris,MoLFormer,polaris/pkis2-kit-wt-cls-v2,709,CLS_KIT,f1,0.486486
polaris,MoLFormer,polaris/pkis2-kit-wt-cls-v2,709,CLS_KIT,cohen_kappa,0.393172
polaris,MoLFormer,polaris/pkis2-kit-wt-cls-v2,709,CLS_KIT,pr_auc,0.595807
polaris,MoLFormer,polaris/pkis2-kit-wt-cls-v2,709,CLS_KIT,roc_auc,0.818182
polaris,MoLFormer,polaris/pkis2-kit-wt-reg-v2,709,KIT,spearmanr,0.330233
polaris,MoLFormer,polaris/pkis2-kit-wt-reg-v2,709,KIT,mean_squared_error,1130.5
polaris,MoLFormer,polaris/pkis2-kit-wt-reg-v2,709,KIT,pearsonr,0.309916
polaris,MoLFormer,polaris/pkis2-kit-wt-reg-v2,709,KIT,mean_absolute_error,27.9061
polaris,MoLFormer,polaris/pkis2-kit-wt-reg-v2,709,KIT,r2,0.0631374
polaris,MoLFormer,polaris/pkis2-kit-wt-reg-v2,709,KIT,explained_var,0.0915426
polaris,MoLFormer,polaris/pkis2-egfr-wt-reg-v2,709,EGFR,spearmanr,0.249156
polaris,MoLFormer,polaris/pkis2-egfr-wt-reg-v2,709,EGFR,mean_squared_error,738.814
polaris,MoLFormer,polaris/pkis2-egfr-wt-reg-v2,709,EGFR,pearsonr,0.301939
polaris,MoLFormer,polaris/pkis2-egfr-wt-reg-v2,709,EGFR,mean_absolute_error,21.4966
polaris,MoLFormer,polaris/pkis2-egfr-wt-reg-v2,709,EGFR,r2,0.0830938
polaris,MoLFormer,polaris/pkis2-egfr-wt-reg-v2,709,EGFR,explained_var,0.0868411
polaris,MoLFormer,polaris/adme-fang-solu-1,709,LOG_SOLUBILITY,spearmanr,0.490499
polaris,MoLFormer,polaris/adme-fang-solu-1,709,LOG_SOLUBILITY,mean_squared_error,0.379288
polaris,MoLFormer,polaris/adme-fang-solu-1,709,LOG_SOLUBILITY,pearsonr,0.578267
polaris,MoLFormer,polaris/adme-fang-solu-1,709,LOG_SOLUBILITY,mean_absolute_error,0.417179
polaris,MoLFormer,polaris/adme-fang-solu-1,709,LOG_SOLUBILITY,r2,0.300437
polaris,MoLFormer,polaris/adme-fang-solu-1,709,LOG_SOLUBILITY,explained_var,0.326368
polaris,MoLFormer,polaris/adme-fang-rppb-1,709,LOG_RPPB,spearmanr,0.872174
polaris,MoLFormer,polaris/adme-fang-rppb-1,709,LOG_RPPB,mean_squared_error,0.486999
polaris,MoLFormer,polaris/adme-fang-rppb-1,709,LOG_RPPB,pearsonr,0.702934
polaris,MoLFormer,polaris/adme-fang-rppb-1,709,LOG_RPPB,mean_absolute_error,0.556152
polaris,MoLFormer,polaris/adme-fang-rppb-1,709,LOG_RPPB,r2,0.451875
polaris,MoLFormer,polaris/adme-fang-rppb-1,709,LOG_RPPB,explained_var,0.46977
polaris,MoLFormer,polaris/adme-fang-hppb-1,709,LOG_HPPB,spearmanr,0.733135
polaris,MoLFormer,polaris/adme-fang-hppb-1,709,LOG_HPPB,mean_squared_error,0.319164
polaris,MoLFormer,polaris/adme-fang-hppb-1,709,LOG_HPPB,pearsonr,0.75227
polaris,MoLFormer,polaris/adme-fang-hppb-1,709,LOG_HPPB,mean_absolute_error,0.467175
polaris,MoLFormer,polaris/adme-fang-hppb-1,709,LOG_HPPB,r2,0.473013
polaris,MoLFormer,polaris/adme-fang-hppb-1,709,LOG_HPPB,explained_var,0.56448
polaris,MoLFormer,polaris/adme-fang-perm-1,709,LOG_MDR1-MDCK_ER,spearmanr,0.778303
polaris,MoLFormer,polaris/adme-fang-perm-1,709,LOG_MDR1-MDCK_ER,mean_squared_error,0.191847
polaris,MoLFormer,polaris/adme-fang-perm-1,709,LOG_MDR1-MDCK_ER,pearsonr,0.783875
polaris,MoLFormer,polaris/adme-fang-perm-1,709,LOG_MDR1-MDCK_ER,mean_absolute_error,0.312844
polaris,MoLFormer,polaris/adme-fang-perm-1,709,LOG_MDR1-MDCK_ER,r2,0.612737
polaris,MoLFormer,polaris/adme-fang-perm-1,709,LOG_MDR1-MDCK_ER,explained_var,0.613342
polaris,MoLFormer,polaris/adme-fang-rclint-1,709,LOG_RLM_CLint,spearmanr,0.733888
polaris,MoLFormer,polaris/adme-fang-rclint-1,709,LOG_RLM_CLint,mean_squared_error,0.276097
polaris,MoLFormer,polaris/adme-fang-rclint-1,709,LOG_RLM_CLint,pearsonr,0.728151
polaris,MoLFormer,polaris/adme-fang-rclint-1,709,LOG_RLM_CLint,mean_absolute_error,0.412653
polaris,MoLFormer,polaris/adme-fang-rclint-1,709,LOG_RLM_CLint,r2,0.510938
polaris,MoLFormer,polaris/adme-fang-rclint-1,709,LOG_RLM_CLint,explained_var,0.516302
polaris,MoLFormer,polaris/adme-fang-hclint-1,709,LOG_HLM_CLint,spearmanr,0.715756
polaris,MoLFormer,polaris/adme-fang-hclint-1,709,LOG_HLM_CLint,mean_squared_error,0.201379
polaris,MoLFormer,polaris/adme-fang-hclint-1,709,LOG_HLM_CLint,pearsonr,0.712397
polaris,MoLFormer,polaris/adme-fang-hclint-1,709,LOG_HLM_CLint,mean_absolute_error,0.352713
polaris,MoLFormer,polaris/adme-fang-hclint-1,709,LOG_HLM_CLint,r2,0.48153
polaris,MoLFormer,polaris/adme-fang-hclint-1,709,LOG_HLM_CLint,explained_var,0.48197
polaris,MoLFormer,tdcommons/lipophilicity-astrazeneca,709,Y,mean_absolute_error,0.493553
polaris,MoLFormer,tdcommons/ppbr-az,709,Y,mean_absolute_error,10.5773
polaris,MoLFormer,tdcommons/clearance-hepatocyte-az,709,Y,spearmanr,0.307409
polaris,MoLFormer,tdcommons/cyp2d6-substrate-carbonmangels,709,Y,pr_auc,0.669709
polaris,MoLFormer,tdcommons/half-life-obach,709,Y,spearmanr,-0.239079
polaris,MoLFormer,tdcommons/cyp2c9-substrate-carbonmangels,709,Y,pr_auc,0.418882
polaris,MoLFormer,tdcommons/clearance-microsome-az,709,Y,spearmanr,0.230883
polaris,MoLFormer,tdcommons/dili,709,Y,roc_auc,0.858261
polaris,MoLFormer,tdcommons/bioavailability-ma,709,Y,roc_auc,0.619554
polaris,MoLFormer,tdcommons/vdss-lombardo,709,Y,spearmanr,0.586201
polaris,MoLFormer,tdcommons/cyp3a4-substrate-carbonmangels,709,Y,roc_auc,0.623644
polaris,MoLFormer,tdcommons/pgp-broccatelli,709,Y,roc_auc,0.923687
polaris,MoLFormer,tdcommons/caco2-wang,709,Y,mean_absolute_error,0.389784
polaris,MoLFormer,tdcommons/herg,709,Y,roc_auc,0.765538
polaris,MoLFormer,tdcommons/bbb-martins,709,Y,roc_auc,0.885475
polaris,MoLFormer,tdcommons/ames,709,Y,roc_auc,0.854816
polaris,MoLFormer,tdcommons/ld50-zhu,709,Y,mean_absolute_error,0.791812
polaris,MoLFormer,polaris/pkis2-ret-wt-cls-v2,1701,CLS_RET,mcc,0.562567
polaris,MoLFormer,polaris/pkis2-ret-wt-cls-v2,1701,CLS_RET,accuracy,0.896226
polaris,MoLFormer,polaris/pkis2-ret-wt-cls-v2,1701,CLS_RET,f1,0.592593
polaris,MoLFormer,polaris/pkis2-ret-wt-cls-v2,1701,CLS_RET,cohen_kappa,0.537669
polaris,MoLFormer,polaris/pkis2-ret-wt-cls-v2,1701,CLS_RET,pr_auc,0.698874
polaris,MoLFormer,polaris/pkis2-ret-wt-cls-v2,1701,CLS_RET,roc_auc,0.902181
polaris,MoLFormer,polaris/pkis2-ret-wt-reg-v2,1701,RET,spearmanr,0.47094
polaris,MoLFormer,polaris/pkis2-ret-wt-reg-v2,1701,RET,mean_squared_error,1199.57
polaris,MoLFormer,polaris/pkis2-ret-wt-reg-v2,1701,RET,pearsonr,0.427914
polaris,MoLFormer,polaris/pkis2-ret-wt-reg-v2,1701,RET,mean_absolute_error,25.1256
polaris,MoLFormer,polaris/pkis2-ret-wt-reg-v2,1701,RET,r2,-0.0102462
polaris,MoLFormer,polaris/pkis2-ret-wt-reg-v2,1701,RET,explained_var,0.135802
polaris,MoLFormer,polaris/pkis2-kit-wt-cls-v2,1701,CLS_KIT,mcc,0.483492
polaris,MoLFormer,polaris/pkis2-kit-wt-cls-v2,1701,CLS_KIT,accuracy,0.853448
polaris,MoLFormer,polaris/pkis2-kit-wt-cls-v2,1701,CLS_KIT,f1,0.564103
polaris,MoLFormer,polaris/pkis2-kit-wt-cls-v2,1701,CLS_KIT,cohen_kappa,0.477754
polaris,MoLFormer,polaris/pkis2-kit-wt-cls-v2,1701,CLS_KIT,pr_auc,0.668221
polaris,MoLFormer,polaris/pkis2-kit-wt-cls-v2,1701,CLS_KIT,roc_auc,0.852998
polaris,MoLFormer,polaris/pkis2-kit-wt-reg-v2,1701,KIT,spearmanr,0.415079
polaris,MoLFormer,polaris/pkis2-kit-wt-reg-v2,1701,KIT,mean_squared_error,1027.3
polaris,MoLFormer,polaris/pkis2-kit-wt-reg-v2,1701,KIT,pearsonr,0.413318
polaris,MoLFormer,polaris/pkis2-kit-wt-reg-v2,1701,KIT,mean_absolute_error,26.2967
polaris,MoLFormer,polaris/pkis2-kit-wt-reg-v2,1701,KIT,r2,0.148662
polaris,MoLFormer,polaris/pkis2-kit-wt-reg-v2,1701,KIT,explained_var,0.16755
polaris,MoLFormer,polaris/pkis2-egfr-wt-reg-v2,1701,EGFR,spearmanr,0.218731
polaris,MoLFormer,polaris/pkis2-egfr-wt-reg-v2,1701,EGFR,mean_squared_error,753.24
polaris,MoLFormer,polaris/pkis2-egfr-wt-reg-v2,1701,EGFR,pearsonr,0.358525
polaris,MoLFormer,polaris/pkis2-egfr-wt-reg-v2,1701,EGFR,mean_absolute_error,20.2993
polaris,MoLFormer,polaris/pkis2-egfr-wt-reg-v2,1701,EGFR,r2,0.065191
polaris,MoLFormer,polaris/pkis2-egfr-wt-reg-v2,1701,EGFR,explained_var,0.121376
polaris,MoLFormer,polaris/adme-fang-solu-1,1701,LOG_SOLUBILITY,spearmanr,0.501597
polaris,MoLFormer,polaris/adme-fang-solu-1,1701,LOG_SOLUBILITY,mean_squared_error,0.388377
polaris,MoLFormer,polaris/adme-fang-solu-1,1701,LOG_SOLUBILITY,pearsonr,0.568968
polaris,MoLFormer,polaris/adme-fang-solu-1,1701,LOG_SOLUBILITY,mean_absolute_error,0.428602
polaris,MoLFormer,polaris/adme-fang-solu-1,1701,LOG_SOLUBILITY,r2,0.283673
polaris,MoLFormer,polaris/adme-fang-solu-1,1701,LOG_SOLUBILITY,explained_var,0.299079
polaris,MoLFormer,polaris/adme-fang-rppb-1,1701,LOG_RPPB,spearmanr,0.812174
polaris,MoLFormer,polaris/adme-fang-rppb-1,1701,LOG_RPPB,mean_squared_error,0.480971
polaris,MoLFormer,polaris/adme-fang-rppb-1,1701,LOG_RPPB,pearsonr,0.701704
polaris,MoLFormer,polaris/adme-fang-rppb-1,1701,LOG_RPPB,mean_absolute_error,0.553695
polaris,MoLFormer,polaris/adme-fang-rppb-1,1701,LOG_RPPB,r2,0.45866
polaris,MoLFormer,polaris/adme-fang-rppb-1,1701,LOG_RPPB,explained_var,0.460684
polaris,MoLFormer,polaris/adme-fang-hppb-1,1701,LOG_HPPB,spearmanr,0.680266
polaris,MoLFormer,polaris/adme-fang-hppb-1,1701,LOG_HPPB,mean_squared_error,0.323696
polaris,MoLFormer,polaris/adme-fang-hppb-1,1701,LOG_HPPB,pearsonr,0.717412
polaris,MoLFormer,polaris/adme-fang-hppb-1,1701,LOG_HPPB,mean_absolute_error,0.454707
polaris,MoLFormer,polaris/adme-fang-hppb-1,1701,LOG_HPPB,r2,0.465529
polaris,MoLFormer,polaris/adme-fang-hppb-1,1701,LOG_HPPB,explained_var,0.513509
polaris,MoLFormer,polaris/adme-fang-perm-1,1701,LOG_MDR1-MDCK_ER,spearmanr,0.790523
polaris,MoLFormer,polaris/adme-fang-perm-1,1701,LOG_MDR1-MDCK_ER,mean_squared_error,0.184951
polaris,MoLFormer,polaris/adme-fang-perm-1,1701,LOG_MDR1-MDCK_ER,pearsonr,0.794321
polaris,MoLFormer,polaris/adme-fang-perm-1,1701,LOG_MDR1-MDCK_ER,mean_absolute_error,0.321175
polaris,MoLFormer,polaris/adme-fang-perm-1,1701,LOG_MDR1-MDCK_ER,r2,0.626657
polaris,MoLFormer,polaris/adme-fang-perm-1,1701,LOG_MDR1-MDCK_ER,explained_var,0.626667
polaris,MoLFormer,polaris/adme-fang-rclint-1,1701,LOG_RLM_CLint,spearmanr,0.732573
polaris,MoLFormer,polaris/adme-fang-rclint-1,1701,LOG_RLM_CLint,mean_squared_error,0.272109
polaris,MoLFormer,polaris/adme-fang-rclint-1,1701,LOG_RLM_CLint,pearsonr,0.727696
polaris,MoLFormer,polaris/adme-fang-rclint-1,1701,LOG_RLM_CLint,mean_absolute_error,0.420065
polaris,MoLFormer,polaris/adme-fang-rclint-1,1701,LOG_RLM_CLint,r2,0.518002
polaris,MoLFormer,polaris/adme-fang-rclint-1,1701,LOG_RLM_CLint,explained_var,0.524592
polaris,MoLFormer,polaris/adme-fang-hclint-1,1701,LOG_HLM_CLint,spearmanr,0.705352
polaris,MoLFormer,polaris/adme-fang-hclint-1,1701,LOG_HLM_CLint,mean_squared_error,0.20635
polaris,MoLFormer,polaris/adme-fang-hclint-1,1701,LOG_HLM_CLint,pearsonr,0.704613
polaris,MoLFormer,polaris/adme-fang-hclint-1,1701,LOG_HLM_CLint,mean_absolute_error,0.353954
polaris,MoLFormer,polaris/adme-fang-hclint-1,1701,LOG_HLM_CLint,r2,0.468731
polaris,MoLFormer,polaris/adme-fang-hclint-1,1701,LOG_HLM_CLint,explained_var,0.468836
polaris,MoLFormer,tdcommons/lipophilicity-astrazeneca,1701,Y,mean_absolute_error,0.505892
polaris,MoLFormer,tdcommons/ppbr-az,1701,Y,mean_absolute_error,10.1535
polaris,MoLFormer,tdcommons/clearance-hepatocyte-az,1701,Y,spearmanr,0.244352
polaris,MoLFormer,tdcommons/cyp2d6-substrate-carbonmangels,1701,Y,pr_auc,0.659936
polaris,MoLFormer,tdcommons/half-life-obach,1701,Y,spearmanr,0.164637
polaris,MoLFormer,tdcommons/cyp2c9-substrate-carbonmangels,1701,Y,pr_auc,0.367925
polaris,MoLFormer,tdcommons/clearance-microsome-az,1701,Y,spearmanr,0.407977
polaris,MoLFormer,tdcommons/dili,1701,Y,roc_auc,0.887391
polaris,MoLFormer,tdcommons/bioavailability-ma,1701,Y,roc_auc,0.662454
polaris,MoLFormer,tdcommons/vdss-lombardo,1701,Y,spearmanr,0.603142
polaris,MoLFormer,tdcommons/cyp3a4-substrate-carbonmangels,1701,Y,roc_auc,0.613924
polaris,MoLFormer,tdcommons/pgp-broccatelli,1701,Y,roc_auc,0.902359
polaris,MoLFormer,tdcommons/caco2-wang,1701,Y,mean_absolute_error,0.579499
polaris,MoLFormer,tdcommons/herg,1701,Y,roc_auc,0.782327
polaris,MoLFormer,tdcommons/bbb-martins,1701,Y,roc_auc,0.892042
polaris,MoLFormer,tdcommons/ames,1701,Y,roc_auc,0.857481
polaris,MoLFormer,tdcommons/ld50-zhu,1701,Y,mean_absolute_error,0.632142
polaris,MoLFormer,polaris/pkis2-ret-wt-cls-v2,9001,CLS_RET,mcc,0.562567
polaris,MoLFormer,polaris/pkis2-ret-wt-cls-v2,9001,CLS_RET,accuracy,0.896226
polaris,MoLFormer,polaris/pkis2-ret-wt-cls-v2,9001,CLS_RET,f1,0.592593
polaris,MoLFormer,polaris/pkis2-ret-wt-cls-v2,9001,CLS_RET,cohen_kappa,0.537669
polaris,MoLFormer,polaris/pkis2-ret-wt-cls-v2,9001,CLS_RET,pr_auc,0.717766
polaris,MoLFormer,polaris/pkis2-ret-wt-cls-v2,9001,CLS_RET,roc_auc,0.858559
polaris,MoLFormer,polaris/pkis2-ret-wt-reg-v2,9001,RET,spearmanr,0.545272
polaris,MoLFormer,polaris/pkis2-ret-wt-reg-v2,9001,RET,mean_squared_error,1251.06
polaris,MoLFormer,polaris/pkis2-ret-wt-reg-v2,9001,RET,pearsonr,0.433399
polaris,MoLFormer,polaris/pkis2-ret-wt-reg-v2,9001,RET,mean_absolute_error,25.7843
polaris,MoLFormer,polaris/pkis2-ret-wt-reg-v2,9001,RET,r2,-0.0536044
polaris,MoLFormer,polaris/pkis2-ret-wt-reg-v2,9001,RET,explained_var,0.0926744
polaris,MoLFormer,polaris/pkis2-kit-wt-cls-v2,9001,CLS_KIT,mcc,0.535976
polaris,MoLFormer,polaris/pkis2-kit-wt-cls-v2,9001,CLS_KIT,accuracy,0.862069
polaris,MoLFormer,polaris/pkis2-kit-wt-cls-v2,9001,CLS_KIT,f1,0.619048
polaris,MoLFormer,polaris/pkis2-kit-wt-cls-v2,9001,CLS_KIT,cohen_kappa,0.53507
polaris,MoLFormer,polaris/pkis2-kit-wt-cls-v2,9001,CLS_KIT,pr_auc,0.670391
polaris,MoLFormer,polaris/pkis2-kit-wt-cls-v2,9001,CLS_KIT,roc_auc,0.862186
polaris,MoLFormer,polaris/pkis2-kit-wt-reg-v2,9001,KIT,spearmanr,0.366948
polaris,MoLFormer,polaris/pkis2-kit-wt-reg-v2,9001,KIT,mean_squared_error,1085.87
polaris,MoLFormer,polaris/pkis2-kit-wt-reg-v2,9001,KIT,pearsonr,0.384268
polaris,MoLFormer,polaris/pkis2-kit-wt-reg-v2,9001,KIT,mean_absolute_error,27.2136
polaris,MoLFormer,polaris/pkis2-kit-wt-reg-v2,9001,KIT,r2,0.100121
polaris,MoLFormer,polaris/pkis2-kit-wt-reg-v2,9001,KIT,explained_var,0.142356
polaris,MoLFormer,polaris/pkis2-egfr-wt-reg-v2,9001,EGFR,spearmanr,0.253782
polaris,MoLFormer,polaris/pkis2-egfr-wt-reg-v2,9001,EGFR,mean_squared_error,700.606
polaris,MoLFormer,polaris/pkis2-egfr-wt-reg-v2,9001,EGFR,pearsonr,0.407328
polaris,MoLFormer,polaris/pkis2-egfr-wt-reg-v2,9001,EGFR,mean_absolute_error,20.1139
polaris,MoLFormer,polaris/pkis2-egfr-wt-reg-v2,9001,EGFR,r2,0.130512
polaris,MoLFormer,polaris/pkis2-egfr-wt-reg-v2,9001,EGFR,explained_var,0.158411
polaris,MoLFormer,polaris/adme-fang-solu-1,9001,LOG_SOLUBILITY,spearmanr,0.514799
polaris,MoLFormer,polaris/adme-fang-solu-1,9001,LOG_SOLUBILITY,mean_squared_error,0.366863
polaris,MoLFormer,polaris/adme-fang-solu-1,9001,LOG_SOLUBILITY,pearsonr,0.597589
polaris,MoLFormer,polaris/adme-fang-solu-1,9001,LOG_SOLUBILITY,mean_absolute_error,0.422301
polaris,MoLFormer,polaris/adme-fang-solu-1,9001,LOG_SOLUBILITY,r2,0.323354
polaris,MoLFormer,polaris/adme-fang-solu-1,9001,LOG_SOLUBILITY,explained_var,0.341474
polaris,MoLFormer,polaris/adme-fang-rppb-1,9001,LOG_RPPB,spearmanr,0.864348
polaris,MoLFormer,polaris/adme-fang-rppb-1,9001,LOG_RPPB,mean_squared_error,0.425334
polaris,MoLFormer,polaris/adme-fang-rppb-1,9001,LOG_RPPB,pearsonr,0.762702
polaris,MoLFormer,polaris/adme-fang-rppb-1,9001,LOG_RPPB,mean_absolute_error,0.497845
polaris,MoLFormer,polaris/adme-fang-rppb-1,9001,LOG_RPPB,r2,0.52128
polaris,MoLFormer,polaris/adme-fang-rppb-1,9001,LOG_RPPB,explained_var,0.523073
polaris,MoLFormer,polaris/adme-fang-hppb-1,9001,LOG_HPPB,spearmanr,0.684239
polaris,MoLFormer,polaris/adme-fang-hppb-1,9001,LOG_HPPB,mean_squared_error,0.316087
polaris,MoLFormer,polaris/adme-fang-hppb-1,9001,LOG_HPPB,pearsonr,0.724922
polaris,MoLFormer,polaris/adme-fang-hppb-1,9001,LOG_HPPB,mean_absolute_error,0.47475
polaris,MoLFormer,polaris/adme-fang-hppb-1,9001,LOG_HPPB,r2,0.478093
polaris,MoLFormer,polaris/adme-fang-hppb-1,9001,LOG_HPPB,explained_var,0.513115
polaris,MoLFormer,polaris/adme-fang-perm-1,9001,LOG_MDR1-MDCK_ER,spearmanr,0.792484
polaris,MoLFormer,polaris/adme-fang-perm-1,9001,LOG_MDR1-MDCK_ER,mean_squared_error,0.181599
polaris,MoLFormer,polaris/adme-fang-perm-1,9001,LOG_MDR1-MDCK_ER,pearsonr,0.800469
polaris,MoLFormer,polaris/adme-fang-perm-1,9001,LOG_MDR1-MDCK_ER,mean_absolute_error,0.306432
polaris,MoLFormer,polaris/adme-fang-perm-1,9001,LOG_MDR1-MDCK_ER,r2,0.633425
polaris,MoLFormer,polaris/adme-fang-perm-1,9001,LOG_MDR1-MDCK_ER,explained_var,0.63781
polaris,MoLFormer,polaris/adme-fang-rclint-1,9001,LOG_RLM_CLint,spearmanr,0.721153
polaris,MoLFormer,polaris/adme-fang-rclint-1,9001,LOG_RLM_CLint,mean_squared_error,0.296318
polaris,MoLFormer,polaris/adme-fang-rclint-1,9001,LOG_RLM_CLint,pearsonr,0.716282
polaris,MoLFormer,polaris/adme-fang-rclint-1,9001,LOG_RLM_CLint,mean_absolute_error,0.429545
polaris,MoLFormer,polaris/adme-fang-rclint-1,9001,LOG_RLM_CLint,r2,0.475119
polaris,MoLFormer,polaris/adme-fang-rclint-1,9001,LOG_RLM_CLint,explained_var,0.502508
polaris,MoLFormer,polaris/adme-fang-hclint-1,9001,LOG_HLM_CLint,spearmanr,0.72081
polaris,MoLFormer,polaris/adme-fang-hclint-1,9001,LOG_HLM_CLint,mean_squared_error,0.203875
polaris,MoLFormer,polaris/adme-fang-hclint-1,9001,LOG_HLM_CLint,pearsonr,0.709592
polaris,MoLFormer,polaris/adme-fang-hclint-1,9001,LOG_HLM_CLint,mean_absolute_error,0.354017
polaris,MoLFormer,polaris/adme-fang-hclint-1,9001,LOG_HLM_CLint,r2,0.475103
polaris,MoLFormer,polaris/adme-fang-hclint-1,9001,LOG_HLM_CLint,explained_var,0.475589
polaris,MoLFormer,tdcommons/lipophilicity-astrazeneca,9001,Y,mean_absolute_error,0.512099
polaris,MoLFormer,tdcommons/ppbr-az,9001,Y,mean_absolute_error,10.3105
polaris,MoLFormer,tdcommons/clearance-hepatocyte-az,9001,Y,spearmanr,0.220427
polaris,MoLFormer,tdcommons/cyp2d6-substrate-carbonmangels,9001,Y,pr_auc,0.660889
polaris,MoLFormer,tdcommons/half-life-obach,9001,Y,spearmanr,0.312763
polaris,MoLFormer,tdcommons/cyp2c9-substrate-carbonmangels,9001,Y,pr_auc,0.348653
polaris,MoLFormer,tdcommons/clearance-microsome-az,9001,Y,spearmanr,0.420157
polaris,MoLFormer,tdcommons/dili,9001,Y,roc_auc,0.861739
polaris,MoLFormer,tdcommons/bioavailability-ma,9001,Y,roc_auc,0.666445
polaris,MoLFormer,tdcommons/vdss-lombardo,9001,Y,spearmanr,0.588742
polaris,MoLFormer,tdcommons/cyp3a4-substrate-carbonmangels,9001,Y,roc_auc,0.623418
polaris,MoLFormer,tdcommons/pgp-broccatelli,9001,Y,roc_auc,0.919088
polaris,MoLFormer,tdcommons/caco2-wang,9001,Y,mean_absolute_error,0.368575
polaris,MoLFormer,tdcommons/herg,9001,Y,roc_auc,0.779971
polaris,MoLFormer,tdcommons/bbb-martins,9001,Y,roc_auc,0.902908
polaris,MoLFormer,tdcommons/ames,9001,Y,roc_auc,0.539216
polaris,MoLFormer,tdcommons/ld50-zhu,9001,Y,mean_absolute_error,0.634623
polaris,MolCLR,polaris/pkis2-ret-wt-cls-v2,42,CLS_RET,roc_auc,0.709187
polaris,MolCLR,polaris/pkis2-ret-wt-cls-v2,42,CLS_RET,f1,0.105263
polaris,MolCLR,polaris/pkis2-ret-wt-cls-v2,42,CLS_RET,mcc,0.128346
polaris,MolCLR,polaris/pkis2-ret-wt-cls-v2,42,CLS_RET,cohen_kappa,0.0739979
polaris,MolCLR,polaris/pkis2-ret-wt-cls-v2,42,CLS_RET,pr_auc,0.421467
polaris,MolCLR,polaris/pkis2-ret-wt-cls-v2,42,CLS_RET,accuracy,0.839623
polaris,MolCLR,polaris/pkis2-ret-wt-reg-v2,42,RET,r2,0.0810802
polaris,MolCLR,polaris/pkis2-ret-wt-reg-v2,42,RET,pearsonr,0.325474
polaris,MolCLR,polaris/pkis2-ret-wt-reg-v2,42,RET,spearmanr,0.2748
polaris,MolCLR,polaris/pkis2-ret-wt-reg-v2,42,RET,mean_squared_error,1091.13
polaris,MolCLR,polaris/pkis2-ret-wt-reg-v2,42,RET,explained_var,0.0834155
polaris,MolCLR,polaris/pkis2-ret-wt-reg-v2,42,RET,mean_absolute_error,27.2925
polaris,MolCLR,polaris/pkis2-kit-wt-cls-v2,42,CLS_KIT,roc_auc,0.634913
polaris,MolCLR,polaris/pkis2-kit-wt-cls-v2,42,CLS_KIT,f1,0.142857
polaris,MolCLR,polaris/pkis2-kit-wt-cls-v2,42,CLS_KIT,mcc,0.0855959
polaris,MolCLR,polaris/pkis2-kit-wt-cls-v2,42,CLS_KIT,cohen_kappa,0.0670241
polaris,MolCLR,polaris/pkis2-kit-wt-cls-v2,42,CLS_KIT,pr_auc,0.310838
polaris,MolCLR,polaris/pkis2-kit-wt-cls-v2,42,CLS_KIT,accuracy,0.793103
polaris,MolCLR,polaris/pkis2-kit-wt-reg-v2,42,KIT,r2,0.0382789
polaris,MolCLR,polaris/pkis2-kit-wt-reg-v2,42,KIT,pearsonr,0.288397
polaris,MolCLR,polaris/pkis2-kit-wt-reg-v2,42,KIT,spearmanr,0.293491
polaris,MolCLR,polaris/pkis2-kit-wt-reg-v2,42,KIT,mean_squared_error,1160.49
polaris,MolCLR,polaris/pkis2-kit-wt-reg-v2,42,KIT,explained_var,0.0395892
polaris,MolCLR,polaris/pkis2-kit-wt-reg-v2,42,KIT,mean_absolute_error,28.9311
polaris,MolCLR,polaris/pkis2-egfr-wt-reg-v2,42,EGFR,r2,0.0206498
polaris,MolCLR,polaris/pkis2-egfr-wt-reg-v2,42,EGFR,pearsonr,0.245762
polaris,MolCLR,polaris/pkis2-egfr-wt-reg-v2,42,EGFR,spearmanr,0.165568
polaris,MolCLR,polaris/pkis2-egfr-wt-reg-v2,42,EGFR,mean_squared_error,789.13
polaris,MolCLR,polaris/pkis2-egfr-wt-reg-v2,42,EGFR,explained_var,0.0471197
polaris,MolCLR,polaris/pkis2-egfr-wt-reg-v2,42,EGFR,mean_absolute_error,22.4768
polaris,MolCLR,polaris/adme-fang-solu-1,42,LOG_SOLUBILITY,r2,0.242637
polaris,MolCLR,polaris/adme-fang-solu-1,42,LOG_SOLUBILITY,pearsonr,0.509338
polaris,MolCLR,polaris/adme-fang-solu-1,42,LOG_SOLUBILITY,spearmanr,0.437081
polaris,MolCLR,polaris/adme-fang-solu-1,42,LOG_SOLUBILITY,mean_squared_error,0.410626
polaris,MolCLR,polaris/adme-fang-solu-1,42,LOG_SOLUBILITY,explained_var,0.255347
polaris,MolCLR,polaris/adme-fang-solu-1,42,LOG_SOLUBILITY,mean_absolute_error,0.441025
polaris,MolCLR,polaris/adme-fang-rppb-1,42,LOG_RPPB,r2,-0.00288903
polaris,MolCLR,polaris/adme-fang-rppb-1,42,LOG_RPPB,pearsonr,0.130701
polaris,MolCLR,polaris/adme-fang-rppb-1,42,LOG_RPPB,spearmanr,0.196522
polaris,MolCLR,polaris/adme-fang-rppb-1,42,LOG_RPPB,mean_squared_error,0.891049
polaris,MolCLR,polaris/adme-fang-rppb-1,42,LOG_RPPB,explained_var,0.0151753
polaris,MolCLR,polaris/adme-fang-rppb-1,42,LOG_RPPB,mean_absolute_error,0.790488
polaris,MolCLR,polaris/adme-fang-hppb-1,42,LOG_HPPB,r2,0.0380529
polaris,MolCLR,polaris/adme-fang-hppb-1,42,LOG_HPPB,pearsonr,0.408492
polaris,MolCLR,polaris/adme-fang-hppb-1,42,LOG_HPPB,spearmanr,0.447093
polaris,MolCLR,polaris/adme-fang-hppb-1,42,LOG_HPPB,mean_squared_error,0.582592
polaris,MolCLR,polaris/adme-fang-hppb-1,42,LOG_HPPB,explained_var,0.0786462
polaris,MolCLR,polaris/adme-fang-hppb-1,42,LOG_HPPB,mean_absolute_error,0.669835
polaris,MolCLR,polaris/adme-fang-perm-1,42,LOG_MDR1-MDCK_ER,r2,0.190698
polaris,MolCLR,polaris/adme-fang-perm-1,42,LOG_MDR1-MDCK_ER,pearsonr,0.440602
polaris,MolCLR,polaris/adme-fang-perm-1,42,LOG_MDR1-MDCK_ER,spearmanr,0.481968
polaris,MolCLR,polaris/adme-fang-perm-1,42,LOG_MDR1-MDCK_ER,mean_squared_error,0.400922
polaris,MolCLR,polaris/adme-fang-perm-1,42,LOG_MDR1-MDCK_ER,explained_var,0.192022
polaris,MolCLR,polaris/adme-fang-perm-1,42,LOG_MDR1-MDCK_ER,mean_absolute_error,0.525427
polaris,MolCLR,polaris/adme-fang-rclint-1,42,LOG_RLM_CLint,r2,0.271002
polaris,MolCLR,polaris/adme-fang-rclint-1,42,LOG_RLM_CLint,pearsonr,0.527354
polaris,MolCLR,polaris/adme-fang-rclint-1,42,LOG_RLM_CLint,spearmanr,0.51917
polaris,MolCLR,polaris/adme-fang-rclint-1,42,LOG_RLM_CLint,mean_squared_error,0.411551
polaris,MolCLR,polaris/adme-fang-rclint-1,42,LOG_RLM_CLint,explained_var,0.272338
polaris,MolCLR,polaris/adme-fang-rclint-1,42,LOG_RLM_CLint,mean_absolute_error,0.525624
polaris,MolCLR,polaris/adme-fang-hclint-1,42,LOG_HLM_CLint,r2,0.256539
polaris,MolCLR,polaris/adme-fang-hclint-1,42,LOG_HLM_CLint,pearsonr,0.50876
polaris,MolCLR,polaris/adme-fang-hclint-1,42,LOG_HLM_CLint,spearmanr,0.530579
polaris,MolCLR,polaris/adme-fang-hclint-1,42,LOG_HLM_CLint,mean_squared_error,0.288768
polaris,MolCLR,polaris/adme-fang-hclint-1,42,LOG_HLM_CLint,explained_var,0.256778
polaris,MolCLR,polaris/adme-fang-hclint-1,42,LOG_HLM_CLint,mean_absolute_error,0.438845
polaris,MolCLR,tdcommons/lipophilicity-astrazeneca,42,Y,mean_absolute_error,0.7426
polaris,MolCLR,tdcommons/ppbr-az,42,Y,mean_absolute_error,9.37007
polaris,MolCLR,tdcommons/clearance-hepatocyte-az,42,Y,spearmanr,0.263962
polaris,MolCLR,tdcommons/cyp2d6-substrate-carbonmangels,42,Y,pr_auc,0.675546
polaris,MolCLR,tdcommons/half-life-obach,42,Y,spearmanr,0.0319822
polaris,MolCLR,tdcommons/cyp2c9-substrate-carbonmangels,42,Y,pr_auc,0.407837
polaris,MolCLR,tdcommons/clearance-microsome-az,42,Y,spearmanr,0.417893
polaris,MolCLR,tdcommons/dili,42,Y,roc_auc,0.909565
polaris,MolCLR,tdcommons/bioavailability-ma,42,Y,roc_auc,0.564682
polaris,MolCLR,tdcommons/vdss-lombardo,42,Y,spearmanr,0.342331
polaris,MolCLR,tdcommons/cyp3a4-substrate-carbonmangels,42,Y,roc_auc,0.596519
polaris,MolCLR,tdcommons/pgp-broccatelli,42,Y,roc_auc,0.833178
polaris,MolCLR,tdcommons/caco2-wang,42,Y,mean_absolute_error,0.439163
polaris,MolCLR,tdcommons/herg,42,Y,roc_auc,0.687923
polaris,MolCLR,tdcommons/bbb-martins,42,Y,roc_auc,0.857489
polaris,MolCLR,tdcommons/ames,42,Y,roc_auc,0.800451
polaris,MolCLR,tdcommons/ld50-zhu,42,Y,mean_absolute_error,0.683465
polaris,MolCLR,polaris/pkis2-ret-wt-cls-v2,117,CLS_RET,roc_auc,0.695968
polaris,MolCLR,polaris/pkis2-ret-wt-cls-v2,117,CLS_RET,f1,0.0
polaris,MolCLR,polaris/pkis2-ret-wt-cls-v2,117,CLS_RET,mcc,0.0
polaris,MolCLR,polaris/pkis2-ret-wt-cls-v2,117,CLS_RET,cohen_kappa,0.0
polaris,MolCLR,polaris/pkis2-ret-wt-cls-v2,117,CLS_RET,pr_auc,0.563766
polaris,MolCLR,polaris/pkis2-ret-wt-cls-v2,117,CLS_RET,accuracy,0.839623
polaris,MolCLR,polaris/pkis2-ret-wt-reg-v2,117,RET,r2,0.00158541
polaris,MolCLR,polaris/pkis2-ret-wt-reg-v2,117,RET,pearsonr,0.225923
polaris,MolCLR,polaris/pkis2-ret-wt-reg-v2,117,RET,spearmanr,0.175282
polaris,MolCLR,polaris/pkis2-ret-wt-reg-v2,117,RET,mean_squared_error,1185.52
polaris,MolCLR,polaris/pkis2-ret-wt-reg-v2,117,RET,explained_var,0.0487861
polaris,MolCLR,polaris/pkis2-ret-wt-reg-v2,117,RET,mean_absolute_error,26.6664
polaris,MolCLR,polaris/pkis2-kit-wt-cls-v2,117,CLS_KIT,roc_auc,0.602031
polaris,MolCLR,polaris/pkis2-kit-wt-cls-v2,117,CLS_KIT,f1,0.153846
polaris,MolCLR,polaris/pkis2-kit-wt-cls-v2,117,CLS_KIT,mcc,0.149606
polaris,MolCLR,polaris/pkis2-kit-wt-cls-v2,117,CLS_KIT,cohen_kappa,0.101408
polaris,MolCLR,polaris/pkis2-kit-wt-cls-v2,117,CLS_KIT,pr_auc,0.285536
polaris,MolCLR,polaris/pkis2-kit-wt-cls-v2,117,CLS_KIT,accuracy,0.810345
polaris,MolCLR,polaris/pkis2-kit-wt-reg-v2,117,KIT,r2,0.0441523
polaris,MolCLR,polaris/pkis2-kit-wt-reg-v2,117,KIT,pearsonr,0.284968
polaris,MolCLR,polaris/pkis2-kit-wt-reg-v2,117,KIT,spearmanr,0.29426
polaris,MolCLR,polaris/pkis2-kit-wt-reg-v2,117,KIT,mean_squared_error,1153.41
polaris,MolCLR,polaris/pkis2-kit-wt-reg-v2,117,KIT,explained_var,0.07242
polaris,MolCLR,polaris/pkis2-kit-wt-reg-v2,117,KIT,mean_absolute_error,27.8649
polaris,MolCLR,polaris/pkis2-egfr-wt-reg-v2,117,EGFR,r2,0.028237
polaris,MolCLR,polaris/pkis2-egfr-wt-reg-v2,117,EGFR,pearsonr,0.178206
polaris,MolCLR,polaris/pkis2-egfr-wt-reg-v2,117,EGFR,spearmanr,0.111004
polaris,MolCLR,polaris/pkis2-egfr-wt-reg-v2,117,EGFR,mean_squared_error,783.016
polaris,MolCLR,polaris/pkis2-egfr-wt-reg-v2,117,EGFR,explained_var,0.0282487
polaris,MolCLR,polaris/pkis2-egfr-wt-reg-v2,117,EGFR,mean_absolute_error,21.0891
polaris,MolCLR,polaris/adme-fang-solu-1,117,LOG_SOLUBILITY,r2,0.252363
polaris,MolCLR,polaris/adme-fang-solu-1,117,LOG_SOLUBILITY,pearsonr,0.503364
polaris,MolCLR,polaris/adme-fang-solu-1,117,LOG_SOLUBILITY,spearmanr,0.434773
polaris,MolCLR,polaris/adme-fang-solu-1,117,LOG_SOLUBILITY,mean_squared_error,0.405353
polaris,MolCLR,polaris/adme-fang-solu-1,117,LOG_SOLUBILITY,explained_var,0.252563
polaris,MolCLR,polaris/adme-fang-solu-1,117,LOG_SOLUBILITY,mean_absolute_error,0.460165
polaris,MolCLR,polaris/adme-fang-rppb-1,117,LOG_RPPB,r2,-0.00194996
polaris,MolCLR,polaris/adme-fang-rppb-1,117,LOG_RPPB,pearsonr,0.145415
polaris,MolCLR,polaris/adme-fang-rppb-1,117,LOG_RPPB,spearmanr,0.145217
polaris,MolCLR,polaris/adme-fang-rppb-1,117,LOG_RPPB,mean_squared_error,0.890214
polaris,MolCLR,polaris/adme-fang-rppb-1,117,LOG_RPPB,explained_var,0.0112793
polaris,MolCLR,polaris/adme-fang-rppb-1,117,LOG_RPPB,mean_absolute_error,0.792805
polaris,MolCLR,polaris/adme-fang-hppb-1,117,LOG_HPPB,r2,0.116412
polaris,MolCLR,polaris/adme-fang-hppb-1,117,LOG_HPPB,pearsonr,0.446313
polaris,MolCLR,polaris/adme-fang-hppb-1,117,LOG_HPPB,spearmanr,0.498739
polaris,MolCLR,polaris/adme-fang-hppb-1,117,LOG_HPPB,mean_squared_error,0.535135
polaris,MolCLR,polaris/adme-fang-hppb-1,117,LOG_HPPB,explained_var,0.129605
polaris,MolCLR,polaris/adme-fang-hppb-1,117,LOG_HPPB,mean_absolute_error,0.63874
polaris,MolCLR,polaris/adme-fang-perm-1,117,LOG_MDR1-MDCK_ER,r2,0.183184
polaris,MolCLR,polaris/adme-fang-perm-1,117,LOG_MDR1-MDCK_ER,pearsonr,0.444542
polaris,MolCLR,polaris/adme-fang-perm-1,117,LOG_MDR1-MDCK_ER,spearmanr,0.473833
polaris,MolCLR,polaris/adme-fang-perm-1,117,LOG_MDR1-MDCK_ER,mean_squared_error,0.404644
polaris,MolCLR,polaris/adme-fang-perm-1,117,LOG_MDR1-MDCK_ER,explained_var,0.197399
polaris,MolCLR,polaris/adme-fang-perm-1,117,LOG_MDR1-MDCK_ER,mean_absolute_error,0.53267
polaris,MolCLR,polaris/adme-fang-rclint-1,117,LOG_RLM_CLint,r2,0.291984
polaris,MolCLR,polaris/adme-fang-rclint-1,117,LOG_RLM_CLint,pearsonr,0.541365
polaris,MolCLR,polaris/adme-fang-rclint-1,117,LOG_RLM_CLint,spearmanr,0.536608
polaris,MolCLR,polaris/adme-fang-rclint-1,117,LOG_RLM_CLint,mean_squared_error,0.399706
polaris,MolCLR,polaris/adme-fang-rclint-1,117,LOG_RLM_CLint,explained_var,0.292085
polaris,MolCLR,polaris/adme-fang-rclint-1,117,LOG_RLM_CLint,mean_absolute_error,0.517308
polaris,MolCLR,polaris/adme-fang-hclint-1,117,LOG_HLM_CLint,r2,0.263734
polaris,MolCLR,polaris/adme-fang-hclint-1,117,LOG_HLM_CLint,pearsonr,0.516144
polaris,MolCLR,polaris/adme-fang-hclint-1,117,LOG_HLM_CLint,spearmanr,0.535957
polaris,MolCLR,polaris/adme-fang-hclint-1,117,LOG_HLM_CLint,mean_squared_error,0.285973
polaris,MolCLR,polaris/adme-fang-hclint-1,117,LOG_HLM_CLint,explained_var,0.266398
polaris,MolCLR,polaris/adme-fang-hclint-1,117,LOG_HLM_CLint,mean_absolute_error,0.431785
polaris,MolCLR,tdcommons/lipophilicity-astrazeneca,117,Y,mean_absolute_error,0.748055
polaris,MolCLR,tdcommons/ppbr-az,117,Y,mean_absolute_error,9.57622
polaris,MolCLR,tdcommons/clearance-hepatocyte-az,117,Y,spearmanr,0.281292
polaris,MolCLR,tdcommons/cyp2d6-substrate-carbonmangels,117,Y,pr_auc,0.663941
polaris,MolCLR,tdcommons/half-life-obach,117,Y,spearmanr,0.0346871
polaris,MolCLR,tdcommons/cyp2c9-substrate-carbonmangels,117,Y,pr_auc,0.329839
polaris,MolCLR,tdcommons/clearance-microsome-az,117,Y,spearmanr,0.40398
polaris,MolCLR,tdcommons/dili,117,Y,roc_auc,0.911304
polaris,MolCLR,tdcommons/bioavailability-ma,117,Y,roc_auc,0.59694
polaris,MolCLR,tdcommons/vdss-lombardo,117,Y,spearmanr,0.517555
polaris,MolCLR,tdcommons/cyp3a4-substrate-carbonmangels,117,Y,roc_auc,0.568038
polaris,MolCLR,tdcommons/pgp-broccatelli,117,Y,roc_auc,0.856372
polaris,MolCLR,tdcommons/caco2-wang,117,Y,mean_absolute_error,0.45319
polaris,MolCLR,tdcommons/herg,117,Y,roc_auc,0.63461
polaris,MolCLR,tdcommons/bbb-martins,117,Y,roc_auc,0.855808
polaris,MolCLR,tdcommons/ames,117,Y,roc_auc,0.805115
polaris,MolCLR,tdcommons/ld50-zhu,117,Y,mean_absolute_error,0.712687
polaris,MolCLR,polaris/pkis2-ret-wt-cls-v2,709,CLS_RET,roc_auc,0.714475
polaris,MolCLR,polaris/pkis2-ret-wt-cls-v2,709,CLS_RET,f1,0.111111
polaris,MolCLR,polaris/pkis2-ret-wt-cls-v2,709,CLS_RET,mcc,0.223293
polaris,MolCLR,polaris/pkis2-ret-wt-cls-v2,709,CLS_RET,cohen_kappa,0.094984
polaris,MolCLR,polaris/pkis2-ret-wt-cls-v2,709,CLS_RET,pr_auc,0.533218
polaris,MolCLR,polaris/pkis2-ret-wt-cls-v2,709,CLS_RET,accuracy,0.849057
polaris,MolCLR,polaris/pkis2-ret-wt-reg-v2,709,RET,r2,-0.0194946
polaris,MolCLR,polaris/pkis2-ret-wt-reg-v2,709,RET,pearsonr,0.153981
polaris,MolCLR,polaris/pkis2-ret-wt-reg-v2,709,RET,spearmanr,0.118856
polaris,MolCLR,polaris/pkis2-ret-wt-reg-v2,709,RET,mean_squared_error,1210.55
polaris,MolCLR,polaris/pkis2-ret-wt-reg-v2,709,RET,explained_var,0.0236847
polaris,MolCLR,polaris/pkis2-ret-wt-reg-v2,709,RET,mean_absolute_error,27.0891
polaris,MolCLR,polaris/pkis2-kit-wt-cls-v2,709,CLS_KIT,roc_auc,0.676015
polaris,MolCLR,polaris/pkis2-kit-wt-cls-v2,709,CLS_KIT,f1,0.216216
polaris,MolCLR,polaris/pkis2-kit-wt-cls-v2,709,CLS_KIT,mcc,0.0757048
polaris,MolCLR,polaris/pkis2-kit-wt-cls-v2,709,CLS_KIT,cohen_kappa,0.0737885
polaris,MolCLR,polaris/pkis2-kit-wt-cls-v2,709,CLS_KIT,pr_auc,0.313954
polaris,MolCLR,polaris/pkis2-kit-wt-cls-v2,709,CLS_KIT,accuracy,0.75
polaris,MolCLR,polaris/pkis2-kit-wt-reg-v2,709,KIT,r2,0.124744
polaris,MolCLR,polaris/pkis2-kit-wt-reg-v2,709,KIT,pearsonr,0.369603
polaris,MolCLR,polaris/pkis2-kit-wt-reg-v2,709,KIT,spearmanr,0.374232
polaris,MolCLR,polaris/pkis2-kit-wt-reg-v2,709,KIT,mean_squared_error,1056.16
polaris,MolCLR,polaris/pkis2-kit-wt-reg-v2,709,KIT,explained_var,0.132697
polaris,MolCLR,polaris/pkis2-kit-wt-reg-v2,709,KIT,mean_absolute_error,27.1453
polaris,MolCLR,polaris/pkis2-egfr-wt-reg-v2,709,EGFR,r2,0.0284306
polaris,MolCLR,polaris/pkis2-egfr-wt-reg-v2,709,EGFR,pearsonr,0.176959
polaris,MolCLR,polaris/pkis2-egfr-wt-reg-v2,709,EGFR,spearmanr,0.106549
polaris,MolCLR,polaris/pkis2-egfr-wt-reg-v2,709,EGFR,mean_squared_error,782.86
polaris,MolCLR,polaris/pkis2-egfr-wt-reg-v2,709,EGFR,explained_var,0.0286582
polaris,MolCLR,polaris/pkis2-egfr-wt-reg-v2,709,EGFR,mean_absolute_error,20.9748
polaris,MolCLR,polaris/adme-fang-solu-1,709,LOG_SOLUBILITY,r2,0.25471
polaris,MolCLR,polaris/adme-fang-solu-1,709,LOG_SOLUBILITY,pearsonr,0.5112
polaris,MolCLR,polaris/adme-fang-solu-1,709,LOG_SOLUBILITY,spearmanr,0.448362
polaris,MolCLR,polaris/adme-fang-solu-1,709,LOG_SOLUBILITY,mean_squared_error,0.40408
polaris,MolCLR,polaris/adme-fang-solu-1,709,LOG_SOLUBILITY,explained_var,0.255208
polaris,MolCLR,polaris/adme-fang-solu-1,709,LOG_SOLUBILITY,mean_absolute_error,0.454345
polaris,MolCLR,polaris/adme-fang-rppb-1,709,LOG_RPPB,r2,-0.0337471
polaris,MolCLR,polaris/adme-fang-rppb-1,709,LOG_RPPB,pearsonr,0.071823
polaris,MolCLR,polaris/adme-fang-rppb-1,709,LOG_RPPB,spearmanr,0.0617391
polaris,MolCLR,polaris/adme-fang-rppb-1,709,LOG_RPPB,mean_squared_error,0.918466
polaris,MolCLR,polaris/adme-fang-rppb-1,709,LOG_RPPB,explained_var,0.00341682
polaris,MolCLR,polaris/adme-fang-rppb-1,709,LOG_RPPB,mean_absolute_error,0.818538
polaris,MolCLR,polaris/adme-fang-hppb-1,709,LOG_HPPB,r2,0.101246
polaris,MolCLR,polaris/adme-fang-hppb-1,709,LOG_HPPB,pearsonr,0.40592
polaris,MolCLR,polaris/adme-fang-hppb-1,709,LOG_HPPB,spearmanr,0.415616
polaris,MolCLR,polaris/adme-fang-hppb-1,709,LOG_HPPB,mean_squared_error,0.54432
polaris,MolCLR,polaris/adme-fang-hppb-1,709,LOG_HPPB,explained_var,0.141526
polaris,MolCLR,polaris/adme-fang-hppb-1,709,LOG_HPPB,mean_absolute_error,0.641277
polaris,MolCLR,polaris/adme-fang-perm-1,709,LOG_MDR1-MDCK_ER,r2,0.1777
polaris,MolCLR,polaris/adme-fang-perm-1,709,LOG_MDR1-MDCK_ER,pearsonr,0.429389
polaris,MolCLR,polaris/adme-fang-perm-1,709,LOG_MDR1-MDCK_ER,spearmanr,0.463713
polaris,MolCLR,polaris/adme-fang-perm-1,709,LOG_MDR1-MDCK_ER,mean_squared_error,0.407362
polaris,MolCLR,polaris/adme-fang-perm-1,709,LOG_MDR1-MDCK_ER,explained_var,0.184258
polaris,MolCLR,polaris/adme-fang-perm-1,709,LOG_MDR1-MDCK_ER,mean_absolute_error,0.531425
polaris,MolCLR,polaris/adme-fang-rclint-1,709,LOG_RLM_CLint,r2,0.276347
polaris,MolCLR,polaris/adme-fang-rclint-1,709,LOG_RLM_CLint,pearsonr,0.533526
polaris,MolCLR,polaris/adme-fang-rclint-1,709,LOG_RLM_CLint,spearmanr,0.527618
polaris,MolCLR,polaris/adme-fang-rclint-1,709,LOG_RLM_CLint,mean_squared_error,0.408534
polaris,MolCLR,polaris/adme-fang-rclint-1,709,LOG_RLM_CLint,explained_var,0.284014
polaris,MolCLR,polaris/adme-fang-rclint-1,709,LOG_RLM_CLint,mean_absolute_error,0.517399
polaris,MolCLR,polaris/adme-fang-hclint-1,709,LOG_HLM_CLint,r2,0.254679
polaris,MolCLR,polaris/adme-fang-hclint-1,709,LOG_HLM_CLint,pearsonr,0.506981
polaris,MolCLR,polaris/adme-fang-hclint-1,709,LOG_HLM_CLint,spearmanr,0.519464
polaris,MolCLR,polaris/adme-fang-hclint-1,709,LOG_HLM_CLint,mean_squared_error,0.28949
polaris,MolCLR,polaris/adme-fang-hclint-1,709,LOG_HLM_CLint,explained_var,0.254954
polaris,MolCLR,polaris/adme-fang-hclint-1,709,LOG_HLM_CLint,mean_absolute_error,0.441694
polaris,MolCLR,tdcommons/lipophilicity-astrazeneca,709,Y,mean_absolute_error,0.734231
polaris,MolCLR,tdcommons/ppbr-az,709,Y,mean_absolute_error,10.2744
polaris,MolCLR,tdcommons/clearance-hepatocyte-az,709,Y,spearmanr,0.236296
polaris,MolCLR,tdcommons/cyp2d6-substrate-carbonmangels,709,Y,pr_auc,0.654026
polaris,MolCLR,tdcommons/half-life-obach,709,Y,spearmanr,0.112487
polaris,MolCLR,tdcommons/cyp2c9-substrate-carbonmangels,709,Y,pr_auc,0.418065
polaris,MolCLR,tdcommons/clearance-microsome-az,709,Y,spearmanr,0.393798
polaris,MolCLR,tdcommons/dili,709,Y,roc_auc,0.914783
polaris,MolCLR,tdcommons/bioavailability-ma,709,Y,roc_auc,0.607582
polaris,MolCLR,tdcommons/vdss-lombardo,709,Y,spearmanr,0.492636
polaris,MolCLR,tdcommons/cyp3a4-substrate-carbonmangels,709,Y,roc_auc,0.608951
polaris,MolCLR,tdcommons/pgp-broccatelli,709,Y,roc_auc,0.851506
polaris,MolCLR,tdcommons/caco2-wang,709,Y,mean_absolute_error,0.435869
polaris,MolCLR,tdcommons/herg,709,Y,roc_auc,0.67025
polaris,MolCLR,tdcommons/bbb-martins,709,Y,roc_auc,0.86214
polaris,MolCLR,tdcommons/ames,709,Y,roc_auc,0.801339
polaris,MolCLR,tdcommons/ld50-zhu,709,Y,mean_absolute_error,0.700899
polaris,MolCLR,polaris/pkis2-ret-wt-cls-v2,1701,CLS_RET,roc_auc,0.804362
polaris,MolCLR,polaris/pkis2-ret-wt-cls-v2,1701,CLS_RET,f1,0.3
polaris,MolCLR,polaris/pkis2-ret-wt-cls-v2,1701,CLS_RET,mcc,0.390492
polaris,MolCLR,polaris/pkis2-ret-wt-cls-v2,1701,CLS_RET,cohen_kappa,0.264618
polaris,MolCLR,polaris/pkis2-ret-wt-cls-v2,1701,CLS_RET,pr_auc,0.567539
polaris,MolCLR,polaris/pkis2-ret-wt-cls-v2,1701,CLS_RET,accuracy,0.867925
polaris,MolCLR,polaris/pkis2-ret-wt-reg-v2,1701,RET,r2,0.0259525
polaris,MolCLR,polaris/pkis2-ret-wt-reg-v2,1701,RET,pearsonr,0.351958
polaris,MolCLR,polaris/pkis2-ret-wt-reg-v2,1701,RET,spearmanr,0.316646
polaris,MolCLR,polaris/pkis2-ret-wt-reg-v2,1701,RET,mean_squared_error,1156.59
polaris,MolCLR,polaris/pkis2-ret-wt-reg-v2,1701,RET,explained_var,0.0807052
polaris,MolCLR,polaris/pkis2-ret-wt-reg-v2,1701,RET,mean_absolute_error,26.2066
polaris,MolCLR,polaris/pkis2-kit-wt-cls-v2,1701,CLS_KIT,roc_auc,0.665861
polaris,MolCLR,polaris/pkis2-kit-wt-cls-v2,1701,CLS_KIT,f1,0.0833333
polaris,MolCLR,polaris/pkis2-kit-wt-cls-v2,1701,CLS_KIT,mcc,0.104855
polaris,MolCLR,polaris/pkis2-kit-wt-cls-v2,1701,CLS_KIT,cohen_kappa,0.0534125
polaris,MolCLR,polaris/pkis2-kit-wt-cls-v2,1701,CLS_KIT,pr_auc,0.318532
polaris,MolCLR,polaris/pkis2-kit-wt-cls-v2,1701,CLS_KIT,accuracy,0.810345
polaris,MolCLR,polaris/pkis2-kit-wt-reg-v2,1701,KIT,r2,0.0170361
polaris,MolCLR,polaris/pkis2-kit-wt-reg-v2,1701,KIT,pearsonr,0.30923
polaris,MolCLR,polaris/pkis2-kit-wt-reg-v2,1701,KIT,spearmanr,0.328886
polaris,MolCLR,polaris/pkis2-kit-wt-reg-v2,1701,KIT,mean_squared_error,1186.13
polaris,MolCLR,polaris/pkis2-kit-wt-reg-v2,1701,KIT,explained_var,0.0910245
polaris,MolCLR,polaris/pkis2-kit-wt-reg-v2,1701,KIT,mean_absolute_error,27.5159
polaris,MolCLR,polaris/pkis2-egfr-wt-reg-v2,1701,EGFR,r2,0.0175034
polaris,MolCLR,polaris/pkis2-egfr-wt-reg-v2,1701,EGFR,pearsonr,0.156593
polaris,MolCLR,polaris/pkis2-egfr-wt-reg-v2,1701,EGFR,spearmanr,0.0593581
polaris,MolCLR,polaris/pkis2-egfr-wt-reg-v2,1701,EGFR,mean_squared_error,791.665
polaris,MolCLR,polaris/pkis2-egfr-wt-reg-v2,1701,EGFR,explained_var,0.0231652
polaris,MolCLR,polaris/pkis2-egfr-wt-reg-v2,1701,EGFR,mean_absolute_error,20.7451
polaris,MolCLR,polaris/adme-fang-solu-1,1701,LOG_SOLUBILITY,r2,0.240455
polaris,MolCLR,polaris/adme-fang-solu-1,1701,LOG_SOLUBILITY,pearsonr,0.507106
polaris,MolCLR,polaris/adme-fang-solu-1,1701,LOG_SOLUBILITY,spearmanr,0.44118
polaris,MolCLR,polaris/adme-fang-solu-1,1701,LOG_SOLUBILITY,mean_squared_error,0.411809
polaris,MolCLR,polaris/adme-fang-solu-1,1701,LOG_SOLUBILITY,explained_var,0.254706
polaris,MolCLR,polaris/adme-fang-solu-1,1701,LOG_SOLUBILITY,mean_absolute_error,0.435172
polaris,MolCLR,polaris/adme-fang-rppb-1,1701,LOG_RPPB,r2,-0.116089
polaris,MolCLR,polaris/adme-fang-rppb-1,1701,LOG_RPPB,pearsonr,-0.031506
polaris,MolCLR,polaris/adme-fang-rppb-1,1701,LOG_RPPB,spearmanr,0.18087
polaris,MolCLR,polaris/adme-fang-rppb-1,1701,LOG_RPPB,mean_squared_error,0.991625
polaris,MolCLR,polaris/adme-fang-rppb-1,1701,LOG_RPPB,explained_var,-0.000490544
polaris,MolCLR,polaris/adme-fang-rppb-1,1701,LOG_RPPB,mean_absolute_error,0.863065
polaris,MolCLR,polaris/adme-fang-hppb-1,1701,LOG_HPPB,r2,-0.0195484
polaris,MolCLR,polaris/adme-fang-hppb-1,1701,LOG_HPPB,pearsonr,0.466761
polaris,MolCLR,polaris/adme-fang-hppb-1,1701,LOG_HPPB,spearmanr,0.480862
polaris,MolCLR,polaris/adme-fang-hppb-1,1701,LOG_HPPB,mean_squared_error,0.617478
polaris,MolCLR,polaris/adme-fang-hppb-1,1701,LOG_HPPB,explained_var,0.0987883
polaris,MolCLR,polaris/adme-fang-hppb-1,1701,LOG_HPPB,mean_absolute_error,0.699136
polaris,MolCLR,polaris/adme-fang-perm-1,1701,LOG_MDR1-MDCK_ER,r2,0.197407
polaris,MolCLR,polaris/adme-fang-perm-1,1701,LOG_MDR1-MDCK_ER,pearsonr,0.447266
polaris,MolCLR,polaris/adme-fang-perm-1,1701,LOG_MDR1-MDCK_ER,spearmanr,0.483175
polaris,MolCLR,polaris/adme-fang-perm-1,1701,LOG_MDR1-MDCK_ER,mean_squared_error,0.397599
polaris,MolCLR,polaris/adme-fang-perm-1,1701,LOG_MDR1-MDCK_ER,explained_var,0.197851
polaris,MolCLR,polaris/adme-fang-perm-1,1701,LOG_MDR1-MDCK_ER,mean_absolute_error,0.52113
polaris,MolCLR,polaris/adme-fang-rclint-1,1701,LOG_RLM_CLint,r2,0.292696
polaris,MolCLR,polaris/adme-fang-rclint-1,1701,LOG_RLM_CLint,pearsonr,0.544346
polaris,MolCLR,polaris/adme-fang-rclint-1,1701,LOG_RLM_CLint,spearmanr,0.541581
polaris,MolCLR,polaris/adme-fang-rclint-1,1701,LOG_RLM_CLint,mean_squared_error,0.399304
polaris,MolCLR,polaris/adme-fang-rclint-1,1701,LOG_RLM_CLint,explained_var,0.292704
polaris,MolCLR,polaris/adme-fang-rclint-1,1701,LOG_RLM_CLint,mean_absolute_error,0.516233
polaris,MolCLR,polaris/adme-fang-hclint-1,1701,LOG_HLM_CLint,r2,0.246645
polaris,MolCLR,polaris/adme-fang-hclint-1,1701,LOG_HLM_CLint,pearsonr,0.501102
polaris,MolCLR,polaris/adme-fang-hclint-1,1701,LOG_HLM_CLint,spearmanr,0.519673
polaris,MolCLR,polaris/adme-fang-hclint-1,1701,LOG_HLM_CLint,mean_squared_error,0.292611
polaris,MolCLR,polaris/adme-fang-hclint-1,1701,LOG_HLM_CLint,explained_var,0.249148
polaris,MolCLR,polaris/adme-fang-hclint-1,1701,LOG_HLM_CLint,mean_absolute_error,0.440946
polaris,MolCLR,tdcommons/lipophilicity-astrazeneca,1701,Y,mean_absolute_error,0.760858
polaris,MolCLR,tdcommons/ppbr-az,1701,Y,mean_absolute_error,9.67181
polaris,MolCLR,tdcommons/clearance-hepatocyte-az,1701,Y,spearmanr,0.282126
polaris,MolCLR,tdcommons/cyp2d6-substrate-carbonmangels,1701,Y,pr_auc,0.62991
polaris,MolCLR,tdcommons/half-life-obach,1701,Y,spearmanr,0.0346749
polaris,MolCLR,tdcommons/cyp2c9-substrate-carbonmangels,1701,Y,pr_auc,0.406756
polaris,MolCLR,tdcommons/clearance-microsome-az,1701,Y,spearmanr,0.430658
polaris,MolCLR,tdcommons/dili,1701,Y,roc_auc,0.91
polaris,MolCLR,tdcommons/bioavailability-ma,1701,Y,roc_auc,0.568341
polaris,MolCLR,tdcommons/vdss-lombardo,1701,Y,spearmanr,0.49754
polaris,MolCLR,tdcommons/cyp3a4-substrate-carbonmangels,1701,Y,roc_auc,0.607821
polaris,MolCLR,tdcommons/pgp-broccatelli,1701,Y,roc_auc,0.842642
polaris,MolCLR,tdcommons/caco2-wang,1701,Y,mean_absolute_error,0.440318
polaris,MolCLR,tdcommons/herg,1701,Y,roc_auc,0.686451
polaris,MolCLR,tdcommons/bbb-martins,1701,Y,roc_auc,0.850141
polaris,MolCLR,tdcommons/ames,1701,Y,roc_auc,0.798583
polaris,MolCLR,tdcommons/ld50-zhu,1701,Y,mean_absolute_error,0.700396
polaris,MolCLR,polaris/pkis2-ret-wt-cls-v2,9001,CLS_RET,roc_auc,0.740251
polaris,MolCLR,polaris/pkis2-ret-wt-cls-v2,9001,CLS_RET,f1,0.111111
polaris,MolCLR,polaris/pkis2-ret-wt-cls-v2,9001,CLS_RET,mcc,0.223293
polaris,MolCLR,polaris/pkis2-ret-wt-cls-v2,9001,CLS_RET,cohen_kappa,0.094984
polaris,MolCLR,polaris/pkis2-ret-wt-cls-v2,9001,CLS_RET,pr_auc,0.543074
polaris,MolCLR,polaris/pkis2-ret-wt-cls-v2,9001,CLS_RET,accuracy,0.849057
polaris,MolCLR,polaris/pkis2-ret-wt-reg-v2,9001,RET,r2,0.011853
polaris,MolCLR,polaris/pkis2-ret-wt-reg-v2,9001,RET,pearsonr,0.307564
polaris,MolCLR,polaris/pkis2-ret-wt-reg-v2,9001,RET,spearmanr,0.242076
polaris,MolCLR,polaris/pkis2-ret-wt-reg-v2,9001,RET,mean_squared_error,1173.33
polaris,MolCLR,polaris/pkis2-ret-wt-reg-v2,9001,RET,explained_var,0.0876512
polaris,MolCLR,polaris/pkis2-ret-wt-reg-v2,9001,RET,mean_absolute_error,26.053
polaris,MolCLR,polaris/pkis2-kit-wt-cls-v2,9001,CLS_KIT,roc_auc,0.680368
polaris,MolCLR,polaris/pkis2-kit-wt-cls-v2,9001,CLS_KIT,f1,0.153846
polaris,MolCLR,polaris/pkis2-kit-wt-cls-v2,9001,CLS_KIT,mcc,0.149606
polaris,MolCLR,polaris/pkis2-kit-wt-cls-v2,9001,CLS_KIT,cohen_kappa,0.101408
polaris,MolCLR,polaris/pkis2-kit-wt-cls-v2,9001,CLS_KIT,pr_auc,0.348544
polaris,MolCLR,polaris/pkis2-kit-wt-cls-v2,9001,CLS_KIT,accuracy,0.810345
polaris,MolCLR,polaris/pkis2-kit-wt-reg-v2,9001,KIT,r2,0.0329747
polaris,MolCLR,polaris/pkis2-kit-wt-reg-v2,9001,KIT,pearsonr,0.27361
polaris,MolCLR,polaris/pkis2-kit-wt-reg-v2,9001,KIT,spearmanr,0.279135
polaris,MolCLR,polaris/pkis2-kit-wt-reg-v2,9001,KIT,mean_squared_error,1166.89
polaris,MolCLR,polaris/pkis2-kit-wt-reg-v2,9001,KIT,explained_var,0.0560313
polaris,MolCLR,polaris/pkis2-kit-wt-reg-v2,9001,KIT,mean_absolute_error,28.1321
polaris,MolCLR,polaris/pkis2-egfr-wt-reg-v2,9001,EGFR,r2,0.0216648
polaris,MolCLR,polaris/pkis2-egfr-wt-reg-v2,9001,EGFR,pearsonr,0.163776
polaris,MolCLR,polaris/pkis2-egfr-wt-reg-v2,9001,EGFR,spearmanr,0.0869877
polaris,MolCLR,polaris/pkis2-egfr-wt-reg-v2,9001,EGFR,mean_squared_error,788.312
polaris,MolCLR,polaris/pkis2-egfr-wt-reg-v2,9001,EGFR,explained_var,0.0244827
polaris,MolCLR,polaris/pkis2-egfr-wt-reg-v2,9001,EGFR,mean_absolute_error,20.7566
polaris,MolCLR,polaris/adme-fang-solu-1,9001,LOG_SOLUBILITY,r2,0.237528
polaris,MolCLR,polaris/adme-fang-solu-1,9001,LOG_SOLUBILITY,pearsonr,0.49338
polaris,MolCLR,polaris/adme-fang-solu-1,9001,LOG_SOLUBILITY,spearmanr,0.439556
polaris,MolCLR,polaris/adme-fang-solu-1,9001,LOG_SOLUBILITY,mean_squared_error,0.413396
polaris,MolCLR,polaris/adme-fang-solu-1,9001,LOG_SOLUBILITY,explained_var,0.241515
polaris,MolCLR,polaris/adme-fang-solu-1,9001,LOG_SOLUBILITY,mean_absolute_error,0.448504
polaris,MolCLR,polaris/adme-fang-rppb-1,9001,LOG_RPPB,r2,-0.0146072
polaris,MolCLR,polaris/adme-fang-rppb-1,9001,LOG_RPPB,pearsonr,0.0612817
polaris,MolCLR,polaris/adme-fang-rppb-1,9001,LOG_RPPB,spearmanr,0.143478
polaris,MolCLR,polaris/adme-fang-rppb-1,9001,LOG_RPPB,mean_squared_error,0.90146
polaris,MolCLR,polaris/adme-fang-rppb-1,9001,LOG_RPPB,explained_var,0.00332131
polaris,MolCLR,polaris/adme-fang-rppb-1,9001,LOG_RPPB,mean_absolute_error,0.804767
polaris,MolCLR,polaris/adme-fang-hppb-1,9001,LOG_HPPB,r2,0.073516
polaris,MolCLR,polaris/adme-fang-hppb-1,9001,LOG_HPPB,pearsonr,0.326495
polaris,MolCLR,polaris/adme-fang-hppb-1,9001,LOG_HPPB,spearmanr,0.410268
polaris,MolCLR,polaris/adme-fang-hppb-1,9001,LOG_HPPB,mean_squared_error,0.561115
polaris,MolCLR,polaris/adme-fang-hppb-1,9001,LOG_HPPB,explained_var,0.076983
polaris,MolCLR,polaris/adme-fang-hppb-1,9001,LOG_HPPB,mean_absolute_error,0.647118
polaris,MolCLR,polaris/adme-fang-perm-1,9001,LOG_MDR1-MDCK_ER,r2,0.171756
polaris,MolCLR,polaris/adme-fang-perm-1,9001,LOG_MDR1-MDCK_ER,pearsonr,0.422526
polaris,MolCLR,polaris/adme-fang-perm-1,9001,LOG_MDR1-MDCK_ER,spearmanr,0.457505
polaris,MolCLR,polaris/adme-fang-perm-1,9001,LOG_MDR1-MDCK_ER,mean_squared_error,0.410306
polaris,MolCLR,polaris/adme-fang-perm-1,9001,LOG_MDR1-MDCK_ER,explained_var,0.173946
polaris,MolCLR,polaris/adme-fang-perm-1,9001,LOG_MDR1-MDCK_ER,mean_absolute_error,0.516872
polaris,MolCLR,polaris/adme-fang-rclint-1,9001,LOG_RLM_CLint,r2,0.313448
polaris,MolCLR,polaris/adme-fang-rclint-1,9001,LOG_RLM_CLint,pearsonr,0.564887
polaris,MolCLR,polaris/adme-fang-rclint-1,9001,LOG_RLM_CLint,spearmanr,0.558758
polaris,MolCLR,polaris/adme-fang-rclint-1,9001,LOG_RLM_CLint,mean_squared_error,0.387588
polaris,MolCLR,polaris/adme-fang-rclint-1,9001,LOG_RLM_CLint,explained_var,0.31383
polaris,MolCLR,polaris/adme-fang-rclint-1,9001,LOG_RLM_CLint,mean_absolute_error,0.506174
polaris,MolCLR,polaris/adme-fang-hclint-1,9001,LOG_HLM_CLint,r2,0.25853
polaris,MolCLR,polaris/adme-fang-hclint-1,9001,LOG_HLM_CLint,pearsonr,0.510994
polaris,MolCLR,polaris/adme-fang-hclint-1,9001,LOG_HLM_CLint,spearmanr,0.527298
polaris,MolCLR,polaris/adme-fang-hclint-1,9001,LOG_HLM_CLint,mean_squared_error,0.287994
polaris,MolCLR,polaris/adme-fang-hclint-1,9001,LOG_HLM_CLint,explained_var,0.258684
polaris,MolCLR,polaris/adme-fang-hclint-1,9001,LOG_HLM_CLint,mean_absolute_error,0.441366
polaris,MolCLR,tdcommons/lipophilicity-astrazeneca,9001,Y,mean_absolute_error,0.747703
polaris,MolCLR,tdcommons/ppbr-az,9001,Y,mean_absolute_error,9.46058
polaris,MolCLR,tdcommons/clearance-hepatocyte-az,9001,Y,spearmanr,0.282068
polaris,MolCLR,tdcommons/cyp2d6-substrate-carbonmangels,9001,Y,pr_auc,0.668789
polaris,MolCLR,tdcommons/half-life-obach,9001,Y,spearmanr,0.0169234
polaris,MolCLR,tdcommons/cyp2c9-substrate-carbonmangels,9001,Y,pr_auc,0.416583
polaris,MolCLR,tdcommons/clearance-microsome-az,9001,Y,spearmanr,0.359129
polaris,MolCLR,tdcommons/dili,9001,Y,roc_auc,0.902609
polaris,MolCLR,tdcommons/bioavailability-ma,9001,Y,roc_auc,0.658464
polaris,MolCLR,tdcommons/vdss-lombardo,9001,Y,spearmanr,0.417944
polaris,MolCLR,tdcommons/cyp3a4-substrate-carbonmangels,9001,Y,roc_auc,0.603526
polaris,MolCLR,tdcommons/pgp-broccatelli,9001,Y,roc_auc,0.851573
polaris,MolCLR,tdcommons/caco2-wang,9001,Y,mean_absolute_error,0.447805
polaris,MolCLR,tdcommons/herg,9001,Y,roc_auc,0.674963
polaris,MolCLR,tdcommons/bbb-martins,9001,Y,roc_auc,0.843183
polaris,MolCLR,tdcommons/ames,9001,Y,roc_auc,0.794572
polaris,MolCLR,tdcommons/ld50-zhu,9001,Y,mean_absolute_error,0.681415
polaris,PCA_MLP,polaris/pkis2-ret-wt-cls-v2,42,CLS_RET,pr_auc,0.673833
polaris,PCA_MLP,polaris/pkis2-ret-wt-cls-v2,42,CLS_RET,roc_auc,0.869134
polaris,PCA_MLP,polaris/pkis2-ret-wt-cls-v2,42,CLS_RET,cohen_kappa,0.313599
polaris,PCA_MLP,polaris/pkis2-ret-wt-cls-v2,42,CLS_RET,f1,0.363636
polaris,PCA_MLP,polaris/pkis2-ret-wt-cls-v2,42,CLS_RET,accuracy,0.867925
polaris,PCA_MLP,polaris/pkis2-ret-wt-cls-v2,42,CLS_RET,mcc,0.387824
polaris,PCA_MLP,polaris/pkis2-ret-wt-reg-v2,42,RET,spearmanr,0.563162
polaris,PCA_MLP,polaris/pkis2-ret-wt-reg-v2,42,RET,mean_absolute_error,21.9914
polaris,PCA_MLP,polaris/pkis2-ret-wt-reg-v2,42,RET,explained_var,0.338397
polaris,PCA_MLP,polaris/pkis2-ret-wt-reg-v2,42,RET,mean_squared_error,816.057
polaris,PCA_MLP,polaris/pkis2-ret-wt-reg-v2,42,RET,r2,0.312739
polaris,PCA_MLP,polaris/pkis2-ret-wt-reg-v2,42,RET,pearsonr,0.58333
polaris,PCA_MLP,polaris/pkis2-kit-wt-cls-v2,42,CLS_KIT,pr_auc,0.499821
polaris,PCA_MLP,polaris/pkis2-kit-wt-cls-v2,42,CLS_KIT,roc_auc,0.75677
polaris,PCA_MLP,polaris/pkis2-kit-wt-cls-v2,42,CLS_KIT,cohen_kappa,0.329295
polaris,PCA_MLP,polaris/pkis2-kit-wt-cls-v2,42,CLS_KIT,f1,0.432432
polaris,PCA_MLP,polaris/pkis2-kit-wt-cls-v2,42,CLS_KIT,accuracy,0.818966
polaris,PCA_MLP,polaris/pkis2-kit-wt-cls-v2,42,CLS_KIT,mcc,0.337847
polaris,PCA_MLP,polaris/pkis2-kit-wt-reg-v2,42,KIT,spearmanr,0.429509
polaris,PCA_MLP,polaris/pkis2-kit-wt-reg-v2,42,KIT,mean_absolute_error,25.3346
polaris,PCA_MLP,polaris/pkis2-kit-wt-reg-v2,42,KIT,explained_var,0.152844
polaris,PCA_MLP,polaris/pkis2-kit-wt-reg-v2,42,KIT,mean_squared_error,1024.82
polaris,PCA_MLP,polaris/pkis2-kit-wt-reg-v2,42,KIT,r2,0.15071
polaris,PCA_MLP,polaris/pkis2-kit-wt-reg-v2,42,KIT,pearsonr,0.450007
polaris,PCA_MLP,polaris/pkis2-egfr-wt-reg-v2,42,EGFR,spearmanr,0.379752
polaris,PCA_MLP,polaris/pkis2-egfr-wt-reg-v2,42,EGFR,mean_absolute_error,18.4487
polaris,PCA_MLP,polaris/pkis2-egfr-wt-reg-v2,42,EGFR,explained_var,0.333908
polaris,PCA_MLP,polaris/pkis2-egfr-wt-reg-v2,42,EGFR,mean_squared_error,537.421
polaris,PCA_MLP,polaris/pkis2-egfr-wt-reg-v2,42,EGFR,r2,0.333033
polaris,PCA_MLP,polaris/pkis2-egfr-wt-reg-v2,42,EGFR,pearsonr,0.577994
polaris,PCA_MLP,polaris/adme-fang-solu-1,42,LOG_SOLUBILITY,spearmanr,0.440196
polaris,PCA_MLP,polaris/adme-fang-solu-1,42,LOG_SOLUBILITY,mean_absolute_error,0.432033
polaris,PCA_MLP,polaris/adme-fang-solu-1,42,LOG_SOLUBILITY,explained_var,0.303755
polaris,PCA_MLP,polaris/adme-fang-solu-1,42,LOG_SOLUBILITY,mean_squared_error,0.381013
polaris,PCA_MLP,polaris/adme-fang-solu-1,42,LOG_SOLUBILITY,r2,0.297256
polaris,PCA_MLP,polaris/adme-fang-solu-1,42,LOG_SOLUBILITY,pearsonr,0.552686
polaris,PCA_MLP,polaris/adme-fang-rppb-1,42,LOG_RPPB,spearmanr,0.824348
polaris,PCA_MLP,polaris/adme-fang-rppb-1,42,LOG_RPPB,mean_absolute_error,0.467351
polaris,PCA_MLP,polaris/adme-fang-rppb-1,42,LOG_RPPB,explained_var,0.578247
polaris,PCA_MLP,polaris/adme-fang-rppb-1,42,LOG_RPPB,mean_squared_error,0.374948
polaris,PCA_MLP,polaris/adme-fang-rppb-1,42,LOG_RPPB,r2,0.57799
polaris,PCA_MLP,polaris/adme-fang-rppb-1,42,LOG_RPPB,pearsonr,0.764174
polaris,PCA_MLP,polaris/adme-fang-hppb-1,42,LOG_HPPB,spearmanr,0.388723
polaris,PCA_MLP,polaris/adme-fang-hppb-1,42,LOG_HPPB,mean_absolute_error,0.64515
polaris,PCA_MLP,polaris/adme-fang-hppb-1,42,LOG_HPPB,explained_var,0.119909
polaris,PCA_MLP,polaris/adme-fang-hppb-1,42,LOG_HPPB,mean_squared_error,0.545859
polaris,PCA_MLP,polaris/adme-fang-hppb-1,42,LOG_HPPB,r2,0.0987048
polaris,PCA_MLP,polaris/adme-fang-hppb-1,42,LOG_HPPB,pearsonr,0.34828
polaris,PCA_MLP,polaris/adme-fang-perm-1,42,LOG_MDR1-MDCK_ER,spearmanr,0.737235
polaris,PCA_MLP,polaris/adme-fang-perm-1,42,LOG_MDR1-MDCK_ER,mean_absolute_error,0.37188
polaris,PCA_MLP,polaris/adme-fang-perm-1,42,LOG_MDR1-MDCK_ER,explained_var,0.523185
polaris,PCA_MLP,polaris/adme-fang-perm-1,42,LOG_MDR1-MDCK_ER,mean_squared_error,0.237633
polaris,PCA_MLP,polaris/adme-fang-perm-1,42,LOG_MDR1-MDCK_ER,r2,0.520315
polaris,PCA_MLP,polaris/adme-fang-perm-1,42,LOG_MDR1-MDCK_ER,pearsonr,0.723471
polaris,PCA_MLP,polaris/adme-fang-rclint-1,42,LOG_RLM_CLint,spearmanr,0.644214
polaris,PCA_MLP,polaris/adme-fang-rclint-1,42,LOG_RLM_CLint,mean_absolute_error,0.44909
polaris,PCA_MLP,polaris/adme-fang-rclint-1,42,LOG_RLM_CLint,explained_var,0.420694
polaris,PCA_MLP,polaris/adme-fang-rclint-1,42,LOG_RLM_CLint,mean_squared_error,0.327108
polaris,PCA_MLP,polaris/adme-fang-rclint-1,42,LOG_RLM_CLint,r2,0.420579
polaris,PCA_MLP,polaris/adme-fang-rclint-1,42,LOG_RLM_CLint,pearsonr,0.650609
polaris,PCA_MLP,polaris/adme-fang-hclint-1,42,LOG_HLM_CLint,spearmanr,0.645518
polaris,PCA_MLP,polaris/adme-fang-hclint-1,42,LOG_HLM_CLint,mean_absolute_error,0.391752
polaris,PCA_MLP,polaris/adme-fang-hclint-1,42,LOG_HLM_CLint,explained_var,0.387417
polaris,PCA_MLP,polaris/adme-fang-hclint-1,42,LOG_HLM_CLint,mean_squared_error,0.239299
polaris,PCA_MLP,polaris/adme-fang-hclint-1,42,LOG_HLM_CLint,r2,0.383902
polaris,PCA_MLP,polaris/adme-fang-hclint-1,42,LOG_HLM_CLint,pearsonr,0.634826
polaris,PCA_MLP,tdcommons/lipophilicity-astrazeneca,42,Y,mean_absolute_error,0.613288
polaris,PCA_MLP,tdcommons/ppbr-az,42,Y,mean_absolute_error,8.78195
polaris,PCA_MLP,tdcommons/clearance-hepatocyte-az,42,Y,spearmanr,0.323438
polaris,PCA_MLP,tdcommons/cyp2d6-substrate-carbonmangels,42,Y,pr_auc,0.693359
polaris,PCA_MLP,tdcommons/half-life-obach,42,Y,spearmanr,0.336034
polaris,PCA_MLP,tdcommons/cyp2c9-substrate-carbonmangels,42,Y,pr_auc,0.376543
polaris,PCA_MLP,tdcommons/clearance-microsome-az,42,Y,spearmanr,0.531381
polaris,PCA_MLP,tdcommons/dili,42,Y,roc_auc,0.907391
polaris,PCA_MLP,tdcommons/bioavailability-ma,42,Y,roc_auc,0.667443
polaris,PCA_MLP,tdcommons/vdss-lombardo,42,Y,spearmanr,0.396427
polaris,PCA_MLP,tdcommons/cyp3a4-substrate-carbonmangels,42,Y,roc_auc,0.60703
polaris,PCA_MLP,tdcommons/pgp-broccatelli,42,Y,roc_auc,0.919955
polaris,PCA_MLP,tdcommons/caco2-wang,42,Y,mean_absolute_error,0.265573
polaris,PCA_MLP,tdcommons/herg,42,Y,roc_auc,0.854345
polaris,PCA_MLP,tdcommons/bbb-martins,42,Y,roc_auc,0.888055
polaris,PCA_MLP,tdcommons/ames,42,Y,roc_auc,0.837974
polaris,PCA_MLP,tdcommons/ld50-zhu,42,Y,mean_absolute_error,0.618229
polaris,PCA_MLP,polaris/pkis2-ret-wt-cls-v2,117,CLS_RET,pr_auc,0.695429
polaris,PCA_MLP,polaris/pkis2-ret-wt-cls-v2,117,CLS_RET,roc_auc,0.876404
polaris,PCA_MLP,polaris/pkis2-ret-wt-cls-v2,117,CLS_RET,cohen_kappa,0.34067
polaris,PCA_MLP,polaris/pkis2-ret-wt-cls-v2,117,CLS_RET,f1,0.380952
polaris,PCA_MLP,polaris/pkis2-ret-wt-cls-v2,117,CLS_RET,accuracy,0.877358
polaris,PCA_MLP,polaris/pkis2-ret-wt-cls-v2,117,CLS_RET,mcc,0.453107
polaris,PCA_MLP,polaris/pkis2-ret-wt-reg-v2,117,RET,spearmanr,0.652667
polaris,PCA_MLP,polaris/pkis2-ret-wt-reg-v2,117,RET,mean_absolute_error,19.9858
polaris,PCA_MLP,polaris/pkis2-ret-wt-reg-v2,117,RET,explained_var,0.409529
polaris,PCA_MLP,polaris/pkis2-ret-wt-reg-v2,117,RET,mean_squared_error,718.651
polaris,PCA_MLP,polaris/pkis2-ret-wt-reg-v2,117,RET,r2,0.394772
polaris,PCA_MLP,polaris/pkis2-ret-wt-reg-v2,117,RET,pearsonr,0.640144
polaris,PCA_MLP,polaris/pkis2-kit-wt-cls-v2,117,CLS_KIT,pr_auc,0.49375
polaris,PCA_MLP,polaris/pkis2-kit-wt-cls-v2,117,CLS_KIT,roc_auc,0.754836
polaris,PCA_MLP,polaris/pkis2-kit-wt-cls-v2,117,CLS_KIT,cohen_kappa,0.368119
polaris,PCA_MLP,polaris/pkis2-kit-wt-cls-v2,117,CLS_KIT,f1,0.457143
polaris,PCA_MLP,polaris/pkis2-kit-wt-cls-v2,117,CLS_KIT,accuracy,0.836207
polaris,PCA_MLP,polaris/pkis2-kit-wt-cls-v2,117,CLS_KIT,mcc,0.385806
polaris,PCA_MLP,polaris/pkis2-kit-wt-reg-v2,117,KIT,spearmanr,0.436585
polaris,PCA_MLP,polaris/pkis2-kit-wt-reg-v2,117,KIT,mean_absolute_error,25.4741
polaris,PCA_MLP,polaris/pkis2-kit-wt-reg-v2,117,KIT,explained_var,0.141779
polaris,PCA_MLP,polaris/pkis2-kit-wt-reg-v2,117,KIT,mean_squared_error,1044.34
polaris,PCA_MLP,polaris/pkis2-kit-wt-reg-v2,117,KIT,r2,0.134534
polaris,PCA_MLP,polaris/pkis2-kit-wt-reg-v2,117,KIT,pearsonr,0.438312
polaris,PCA_MLP,polaris/pkis2-egfr-wt-reg-v2,117,EGFR,spearmanr,0.348938
polaris,PCA_MLP,polaris/pkis2-egfr-wt-reg-v2,117,EGFR,mean_absolute_error,18.3662
polaris,PCA_MLP,polaris/pkis2-egfr-wt-reg-v2,117,EGFR,explained_var,0.316576
polaris,PCA_MLP,polaris/pkis2-egfr-wt-reg-v2,117,EGFR,mean_squared_error,557.613
polaris,PCA_MLP,polaris/pkis2-egfr-wt-reg-v2,117,EGFR,r2,0.307974
polaris,PCA_MLP,polaris/pkis2-egfr-wt-reg-v2,117,EGFR,pearsonr,0.563749
polaris,PCA_MLP,polaris/adme-fang-solu-1,117,LOG_SOLUBILITY,spearmanr,0.480763
polaris,PCA_MLP,polaris/adme-fang-solu-1,117,LOG_SOLUBILITY,mean_absolute_error,0.431174
polaris,PCA_MLP,polaris/adme-fang-solu-1,117,LOG_SOLUBILITY,explained_var,0.313932
polaris,PCA_MLP,polaris/adme-fang-solu-1,117,LOG_SOLUBILITY,mean_squared_error,0.372894
polaris,PCA_MLP,polaris/adme-fang-solu-1,117,LOG_SOLUBILITY,r2,0.312231
polaris,PCA_MLP,polaris/adme-fang-solu-1,117,LOG_SOLUBILITY,pearsonr,0.56194
polaris,PCA_MLP,polaris/adme-fang-rppb-1,117,LOG_RPPB,spearmanr,0.873913
polaris,PCA_MLP,polaris/adme-fang-rppb-1,117,LOG_RPPB,mean_absolute_error,0.419799
polaris,PCA_MLP,polaris/adme-fang-rppb-1,117,LOG_RPPB,explained_var,0.615691
polaris,PCA_MLP,polaris/adme-fang-rppb-1,117,LOG_RPPB,mean_squared_error,0.343156
polaris,PCA_MLP,polaris/adme-fang-rppb-1,117,LOG_RPPB,r2,0.613772
polaris,PCA_MLP,polaris/adme-fang-rppb-1,117,LOG_RPPB,pearsonr,0.801168
polaris,PCA_MLP,polaris/adme-fang-hppb-1,117,LOG_HPPB,spearmanr,0.565971
polaris,PCA_MLP,polaris/adme-fang-hppb-1,117,LOG_HPPB,mean_absolute_error,0.594109
polaris,PCA_MLP,polaris/adme-fang-hppb-1,117,LOG_HPPB,explained_var,0.281335
polaris,PCA_MLP,polaris/adme-fang-hppb-1,117,LOG_HPPB,mean_squared_error,0.456621
polaris,PCA_MLP,polaris/adme-fang-hppb-1,117,LOG_HPPB,r2,0.24605
polaris,PCA_MLP,polaris/adme-fang-hppb-1,117,LOG_HPPB,pearsonr,0.604302
polaris,PCA_MLP,polaris/adme-fang-perm-1,117,LOG_MDR1-MDCK_ER,spearmanr,0.7199
polaris,PCA_MLP,polaris/adme-fang-perm-1,117,LOG_MDR1-MDCK_ER,mean_absolute_error,0.391336
polaris,PCA_MLP,polaris/adme-fang-perm-1,117,LOG_MDR1-MDCK_ER,explained_var,0.497013
polaris,PCA_MLP,polaris/adme-fang-perm-1,117,LOG_MDR1-MDCK_ER,mean_squared_error,0.250313
polaris,PCA_MLP,polaris/adme-fang-perm-1,117,LOG_MDR1-MDCK_ER,r2,0.494718
polaris,PCA_MLP,polaris/adme-fang-perm-1,117,LOG_MDR1-MDCK_ER,pearsonr,0.705054
polaris,PCA_MLP,polaris/adme-fang-rclint-1,117,LOG_RLM_CLint,spearmanr,0.648861
polaris,PCA_MLP,polaris/adme-fang-rclint-1,117,LOG_RLM_CLint,mean_absolute_error,0.456296
polaris,PCA_MLP,polaris/adme-fang-rclint-1,117,LOG_RLM_CLint,explained_var,0.418679
polaris,PCA_MLP,polaris/adme-fang-rclint-1,117,LOG_RLM_CLint,mean_squared_error,0.328325
polaris,PCA_MLP,polaris/adme-fang-rclint-1,117,LOG_RLM_CLint,r2,0.418424
polaris,PCA_MLP,polaris/adme-fang-rclint-1,117,LOG_RLM_CLint,pearsonr,0.647132
polaris,PCA_MLP,polaris/adme-fang-hclint-1,117,LOG_HLM_CLint,spearmanr,0.633032
polaris,PCA_MLP,polaris/adme-fang-hclint-1,117,LOG_HLM_CLint,mean_absolute_error,0.39044
polaris,PCA_MLP,polaris/adme-fang-hclint-1,117,LOG_HLM_CLint,explained_var,0.371205
polaris,PCA_MLP,polaris/adme-fang-hclint-1,117,LOG_HLM_CLint,mean_squared_error,0.244256
polaris,PCA_MLP,polaris/adme-fang-hclint-1,117,LOG_HLM_CLint,r2,0.371137
polaris,PCA_MLP,polaris/adme-fang-hclint-1,117,LOG_HLM_CLint,pearsonr,0.614967
polaris,PCA_MLP,tdcommons/lipophilicity-astrazeneca,117,Y,mean_absolute_error,0.581818
polaris,PCA_MLP,tdcommons/ppbr-az,117,Y,mean_absolute_error,8.81124
polaris,PCA_MLP,tdcommons/clearance-hepatocyte-az,117,Y,spearmanr,0.308244
polaris,PCA_MLP,tdcommons/cyp2d6-substrate-carbonmangels,117,Y,pr_auc,0.690086
polaris,PCA_MLP,tdcommons/half-life-obach,117,Y,spearmanr,0.177609
polaris,PCA_MLP,tdcommons/cyp2c9-substrate-carbonmangels,117,Y,pr_auc,0.368713
polaris,PCA_MLP,tdcommons/clearance-microsome-az,117,Y,spearmanr,0.414787
polaris,PCA_MLP,tdcommons/dili,117,Y,roc_auc,0.921304
polaris,PCA_MLP,tdcommons/bioavailability-ma,117,Y,roc_auc,0.544064
polaris,PCA_MLP,tdcommons/vdss-lombardo,117,Y,spearmanr,0.447576
polaris,PCA_MLP,tdcommons/cyp3a4-substrate-carbonmangels,117,Y,roc_auc,0.590303
polaris,PCA_MLP,tdcommons/pgp-broccatelli,117,Y,roc_auc,0.914689
polaris,PCA_MLP,tdcommons/caco2-wang,117,Y,mean_absolute_error,0.320194
polaris,PCA_MLP,tdcommons/herg,117,Y,roc_auc,0.832548
polaris,PCA_MLP,tdcommons/bbb-martins,117,Y,roc_auc,0.912387
polaris,PCA_MLP,tdcommons/ames,117,Y,roc_auc,0.848807
polaris,PCA_MLP,tdcommons/ld50-zhu,117,Y,mean_absolute_error,0.632226
polaris,PCA_MLP,polaris/pkis2-ret-wt-cls-v2,709,CLS_RET,pr_auc,0.565402
polaris,PCA_MLP,polaris/pkis2-ret-wt-cls-v2,709,CLS_RET,roc_auc,0.83807
polaris,PCA_MLP,polaris/pkis2-ret-wt-cls-v2,709,CLS_RET,cohen_kappa,0.137799
polaris,PCA_MLP,polaris/pkis2-ret-wt-cls-v2,709,CLS_RET,f1,0.190476
polaris,PCA_MLP,polaris/pkis2-ret-wt-cls-v2,709,CLS_RET,accuracy,0.839623
polaris,PCA_MLP,polaris/pkis2-ret-wt-cls-v2,709,CLS_RET,mcc,0.183279
polaris,PCA_MLP,polaris/pkis2-ret-wt-reg-v2,709,RET,spearmanr,0.598341
polaris,PCA_MLP,polaris/pkis2-ret-wt-reg-v2,709,RET,mean_absolute_error,22.6539
polaris,PCA_MLP,polaris/pkis2-ret-wt-reg-v2,709,RET,explained_var,0.308246
polaris,PCA_MLP,polaris/pkis2-ret-wt-reg-v2,709,RET,mean_squared_error,864.316
polaris,PCA_MLP,polaris/pkis2-ret-wt-reg-v2,709,RET,r2,0.272097
polaris,PCA_MLP,polaris/pkis2-ret-wt-reg-v2,709,RET,pearsonr,0.58193
polaris,PCA_MLP,polaris/pkis2-kit-wt-cls-v2,709,CLS_KIT,pr_auc,0.472028
polaris,PCA_MLP,polaris/pkis2-kit-wt-cls-v2,709,CLS_KIT,roc_auc,0.750484
polaris,PCA_MLP,polaris/pkis2-kit-wt-cls-v2,709,CLS_KIT,cohen_kappa,0.290954
polaris,PCA_MLP,polaris/pkis2-kit-wt-cls-v2,709,CLS_KIT,f1,0.375
polaris,PCA_MLP,polaris/pkis2-kit-wt-cls-v2,709,CLS_KIT,accuracy,0.827586
polaris,PCA_MLP,polaris/pkis2-kit-wt-cls-v2,709,CLS_KIT,mcc,0.321498
polaris,PCA_MLP,polaris/pkis2-kit-wt-reg-v2,709,KIT,spearmanr,0.425468
polaris,PCA_MLP,polaris/pkis2-kit-wt-reg-v2,709,KIT,mean_absolute_error,24.6704
polaris,PCA_MLP,polaris/pkis2-kit-wt-reg-v2,709,KIT,explained_var,0.179558
polaris,PCA_MLP,polaris/pkis2-kit-wt-reg-v2,709,KIT,mean_squared_error,998.666
polaris,PCA_MLP,polaris/pkis2-kit-wt-reg-v2,709,KIT,r2,0.172388
polaris,PCA_MLP,polaris/pkis2-kit-wt-reg-v2,709,KIT,pearsonr,0.482624
polaris,PCA_MLP,polaris/pkis2-egfr-wt-reg-v2,709,EGFR,spearmanr,0.330847
polaris,PCA_MLP,polaris/pkis2-egfr-wt-reg-v2,709,EGFR,mean_absolute_error,18.5576
polaris,PCA_MLP,polaris/pkis2-egfr-wt-reg-v2,709,EGFR,explained_var,0.330122
polaris,PCA_MLP,polaris/pkis2-egfr-wt-reg-v2,709,EGFR,mean_squared_error,542.239
polaris,PCA_MLP,polaris/pkis2-egfr-wt-reg-v2,709,EGFR,r2,0.327054
polaris,PCA_MLP,polaris/pkis2-egfr-wt-reg-v2,709,EGFR,pearsonr,0.578855
polaris,PCA_MLP,polaris/adme-fang-solu-1,709,LOG_SOLUBILITY,spearmanr,0.447404
polaris,PCA_MLP,polaris/adme-fang-solu-1,709,LOG_SOLUBILITY,mean_absolute_error,0.444971
polaris,PCA_MLP,polaris/adme-fang-solu-1,709,LOG_SOLUBILITY,explained_var,0.274333
polaris,PCA_MLP,polaris/adme-fang-solu-1,709,LOG_SOLUBILITY,mean_squared_error,0.395855
polaris,PCA_MLP,polaris/adme-fang-solu-1,709,LOG_SOLUBILITY,r2,0.269881
polaris,PCA_MLP,polaris/adme-fang-solu-1,709,LOG_SOLUBILITY,pearsonr,0.525982
polaris,PCA_MLP,polaris/adme-fang-rppb-1,709,LOG_RPPB,spearmanr,0.829565
polaris,PCA_MLP,polaris/adme-fang-rppb-1,709,LOG_RPPB,mean_absolute_error,0.466847
polaris,PCA_MLP,polaris/adme-fang-rppb-1,709,LOG_RPPB,explained_var,0.608183
polaris,PCA_MLP,polaris/adme-fang-rppb-1,709,LOG_RPPB,mean_squared_error,0.348562
polaris,PCA_MLP,polaris/adme-fang-rppb-1,709,LOG_RPPB,r2,0.607688
polaris,PCA_MLP,polaris/adme-fang-rppb-1,709,LOG_RPPB,pearsonr,0.794531
polaris,PCA_MLP,polaris/adme-fang-hppb-1,709,LOG_HPPB,spearmanr,0.820995
polaris,PCA_MLP,polaris/adme-fang-hppb-1,709,LOG_HPPB,mean_absolute_error,0.419871
polaris,PCA_MLP,polaris/adme-fang-hppb-1,709,LOG_HPPB,explained_var,0.654189
polaris,PCA_MLP,polaris/adme-fang-hppb-1,709,LOG_HPPB,mean_squared_error,0.284763
polaris,PCA_MLP,polaris/adme-fang-hppb-1,709,LOG_HPPB,r2,0.529813
polaris,PCA_MLP,polaris/adme-fang-hppb-1,709,LOG_HPPB,pearsonr,0.812071
polaris,PCA_MLP,polaris/adme-fang-perm-1,709,LOG_MDR1-MDCK_ER,spearmanr,0.722898
polaris,PCA_MLP,polaris/adme-fang-perm-1,709,LOG_MDR1-MDCK_ER,mean_absolute_error,0.376188
polaris,PCA_MLP,polaris/adme-fang-perm-1,709,LOG_MDR1-MDCK_ER,explained_var,0.512652
polaris,PCA_MLP,polaris/adme-fang-perm-1,709,LOG_MDR1-MDCK_ER,mean_squared_error,0.241562
polaris,PCA_MLP,polaris/adme-fang-perm-1,709,LOG_MDR1-MDCK_ER,r2,0.512382
polaris,PCA_MLP,polaris/adme-fang-perm-1,709,LOG_MDR1-MDCK_ER,pearsonr,0.71635
polaris,PCA_MLP,polaris/adme-fang-rclint-1,709,LOG_RLM_CLint,spearmanr,0.6548
polaris,PCA_MLP,polaris/adme-fang-rclint-1,709,LOG_RLM_CLint,mean_absolute_error,0.447651
polaris,PCA_MLP,polaris/adme-fang-rclint-1,709,LOG_RLM_CLint,explained_var,0.420871
polaris,PCA_MLP,polaris/adme-fang-rclint-1,709,LOG_RLM_CLint,mean_squared_error,0.327304
polaris,PCA_MLP,polaris/adme-fang-rclint-1,709,LOG_RLM_CLint,r2,0.420233
polaris,PCA_MLP,polaris/adme-fang-rclint-1,709,LOG_RLM_CLint,pearsonr,0.651181
polaris,PCA_MLP,polaris/adme-fang-hclint-1,709,LOG_HLM_CLint,spearmanr,0.647915
polaris,PCA_MLP,polaris/adme-fang-hclint-1,709,LOG_HLM_CLint,mean_absolute_error,0.386581
polaris,PCA_MLP,polaris/adme-fang-hclint-1,709,LOG_HLM_CLint,explained_var,0.374064
polaris,PCA_MLP,polaris/adme-fang-hclint-1,709,LOG_HLM_CLint,mean_squared_error,0.24312
polaris,PCA_MLP,polaris/adme-fang-hclint-1,709,LOG_HLM_CLint,r2,0.374064
polaris,PCA_MLP,polaris/adme-fang-hclint-1,709,LOG_HLM_CLint,pearsonr,0.62525
polaris,PCA_MLP,tdcommons/lipophilicity-astrazeneca,709,Y,mean_absolute_error,0.603012
polaris,PCA_MLP,tdcommons/ppbr-az,709,Y,mean_absolute_error,8.71897
polaris,PCA_MLP,tdcommons/clearance-hepatocyte-az,709,Y,spearmanr,0.320333
polaris,PCA_MLP,tdcommons/cyp2d6-substrate-carbonmangels,709,Y,pr_auc,0.718582
polaris,PCA_MLP,tdcommons/half-life-obach,709,Y,spearmanr,0.335968
polaris,PCA_MLP,tdcommons/cyp2c9-substrate-carbonmangels,709,Y,pr_auc,0.272042
polaris,PCA_MLP,tdcommons/clearance-microsome-az,709,Y,spearmanr,0.510586
polaris,PCA_MLP,tdcommons/dili,709,Y,roc_auc,0.866957
polaris,PCA_MLP,tdcommons/bioavailability-ma,709,Y,roc_auc,0.582641
polaris,PCA_MLP,tdcommons/vdss-lombardo,709,Y,spearmanr,0.380494
polaris,PCA_MLP,tdcommons/cyp3a4-substrate-carbonmangels,709,Y,roc_auc,0.591659
polaris,PCA_MLP,tdcommons/pgp-broccatelli,709,Y,roc_auc,0.914756
polaris,PCA_MLP,tdcommons/caco2-wang,709,Y,mean_absolute_error,0.285603
polaris,PCA_MLP,tdcommons/herg,709,Y,roc_auc,0.83785
polaris,PCA_MLP,tdcommons/bbb-martins,709,Y,roc_auc,0.899371
polaris,PCA_MLP,tdcommons/ames,709,Y,roc_auc,0.853447
polaris,PCA_MLP,tdcommons/ld50-zhu,709,Y,mean_absolute_error,0.618755
polaris,PCA_MLP,polaris/pkis2-ret-wt-cls-v2,1701,CLS_RET,pr_auc,0.605521
polaris,PCA_MLP,polaris/pkis2-ret-wt-cls-v2,1701,CLS_RET,roc_auc,0.838731
polaris,PCA_MLP,polaris/pkis2-ret-wt-cls-v2,1701,CLS_RET,cohen_kappa,0.182939
polaris,PCA_MLP,polaris/pkis2-ret-wt-cls-v2,1701,CLS_RET,f1,0.210526
polaris,PCA_MLP,polaris/pkis2-ret-wt-cls-v2,1701,CLS_RET,accuracy,0.858491
polaris,PCA_MLP,polaris/pkis2-ret-wt-cls-v2,1701,CLS_RET,mcc,0.317299
polaris,PCA_MLP,polaris/pkis2-ret-wt-reg-v2,1701,RET,spearmanr,0.592064
polaris,PCA_MLP,polaris/pkis2-ret-wt-reg-v2,1701,RET,mean_absolute_error,21.7782
polaris,PCA_MLP,polaris/pkis2-ret-wt-reg-v2,1701,RET,explained_var,0.35154
polaris,PCA_MLP,polaris/pkis2-ret-wt-reg-v2,1701,RET,mean_squared_error,799.048
polaris,PCA_MLP,polaris/pkis2-ret-wt-reg-v2,1701,RET,r2,0.327064
polaris,PCA_MLP,polaris/pkis2-ret-wt-reg-v2,1701,RET,pearsonr,0.592932
polaris,PCA_MLP,polaris/pkis2-kit-wt-cls-v2,1701,CLS_KIT,pr_auc,0.502225
polaris,PCA_MLP,polaris/pkis2-kit-wt-cls-v2,1701,CLS_KIT,roc_auc,0.776112
polaris,PCA_MLP,polaris/pkis2-kit-wt-cls-v2,1701,CLS_KIT,cohen_kappa,0.340909
polaris,PCA_MLP,polaris/pkis2-kit-wt-cls-v2,1701,CLS_KIT,f1,0.424242
polaris,PCA_MLP,polaris/pkis2-kit-wt-cls-v2,1701,CLS_KIT,accuracy,0.836207
polaris,PCA_MLP,polaris/pkis2-kit-wt-cls-v2,1701,CLS_KIT,mcc,0.368815
polaris,PCA_MLP,polaris/pkis2-kit-wt-reg-v2,1701,KIT,spearmanr,0.46024
polaris,PCA_MLP,polaris/pkis2-kit-wt-reg-v2,1701,KIT,mean_absolute_error,24.8386
polaris,PCA_MLP,polaris/pkis2-kit-wt-reg-v2,1701,KIT,explained_var,0.201568
polaris,PCA_MLP,polaris/pkis2-kit-wt-reg-v2,1701,KIT,mean_squared_error,976.846
polaris,PCA_MLP,polaris/pkis2-kit-wt-reg-v2,1701,KIT,r2,0.19047
polaris,PCA_MLP,polaris/pkis2-kit-wt-reg-v2,1701,KIT,pearsonr,0.481557
polaris,PCA_MLP,polaris/pkis2-egfr-wt-reg-v2,1701,EGFR,spearmanr,0.355041
polaris,PCA_MLP,polaris/pkis2-egfr-wt-reg-v2,1701,EGFR,mean_absolute_error,18.3194
polaris,PCA_MLP,polaris/pkis2-egfr-wt-reg-v2,1701,EGFR,explained_var,0.31064
polaris,PCA_MLP,polaris/pkis2-egfr-wt-reg-v2,1701,EGFR,mean_squared_error,556.585
polaris,PCA_MLP,polaris/pkis2-egfr-wt-reg-v2,1701,EGFR,r2,0.30925
polaris,PCA_MLP,polaris/pkis2-egfr-wt-reg-v2,1701,EGFR,pearsonr,0.560979
polaris,PCA_MLP,polaris/adme-fang-solu-1,1701,LOG_SOLUBILITY,spearmanr,0.443432
polaris,PCA_MLP,polaris/adme-fang-solu-1,1701,LOG_SOLUBILITY,mean_absolute_error,0.446723
polaris,PCA_MLP,polaris/adme-fang-solu-1,1701,LOG_SOLUBILITY,explained_var,0.276158
polaris,PCA_MLP,polaris/adme-fang-solu-1,1701,LOG_SOLUBILITY,mean_squared_error,0.392859
polaris,PCA_MLP,polaris/adme-fang-solu-1,1701,LOG_SOLUBILITY,r2,0.275406
polaris,PCA_MLP,polaris/adme-fang-solu-1,1701,LOG_SOLUBILITY,pearsonr,0.528645
polaris,PCA_MLP,polaris/adme-fang-rppb-1,1701,LOG_RPPB,spearmanr,0.618261
polaris,PCA_MLP,polaris/adme-fang-rppb-1,1701,LOG_RPPB,mean_absolute_error,0.588379
polaris,PCA_MLP,polaris/adme-fang-rppb-1,1701,LOG_RPPB,explained_var,0.344163
polaris,PCA_MLP,polaris/adme-fang-rppb-1,1701,LOG_RPPB,mean_squared_error,0.585339
polaris,PCA_MLP,polaris/adme-fang-rppb-1,1701,LOG_RPPB,r2,0.341192
polaris,PCA_MLP,polaris/adme-fang-rppb-1,1701,LOG_RPPB,pearsonr,0.589918
polaris,PCA_MLP,polaris/adme-fang-hppb-1,1701,LOG_HPPB,spearmanr,0.712048
polaris,PCA_MLP,polaris/adme-fang-hppb-1,1701,LOG_HPPB,mean_absolute_error,0.434622
polaris,PCA_MLP,polaris/adme-fang-hppb-1,1701,LOG_HPPB,explained_var,0.584812
polaris,PCA_MLP,polaris/adme-fang-hppb-1,1701,LOG_HPPB,mean_squared_error,0.277104
polaris,PCA_MLP,polaris/adme-fang-hppb-1,1701,LOG_HPPB,r2,0.54246
polaris,PCA_MLP,polaris/adme-fang-hppb-1,1701,LOG_HPPB,pearsonr,0.764747
polaris,PCA_MLP,polaris/adme-fang-perm-1,1701,LOG_MDR1-MDCK_ER,spearmanr,0.723061
polaris,PCA_MLP,polaris/adme-fang-perm-1,1701,LOG_MDR1-MDCK_ER,mean_absolute_error,0.371739
polaris,PCA_MLP,polaris/adme-fang-perm-1,1701,LOG_MDR1-MDCK_ER,explained_var,0.522286
polaris,PCA_MLP,polaris/adme-fang-perm-1,1701,LOG_MDR1-MDCK_ER,mean_squared_error,0.237796
polaris,PCA_MLP,polaris/adme-fang-perm-1,1701,LOG_MDR1-MDCK_ER,r2,0.519986
polaris,PCA_MLP,polaris/adme-fang-perm-1,1701,LOG_MDR1-MDCK_ER,pearsonr,0.723341
polaris,PCA_MLP,polaris/adme-fang-rclint-1,1701,LOG_RLM_CLint,spearmanr,0.646163
polaris,PCA_MLP,polaris/adme-fang-rclint-1,1701,LOG_RLM_CLint,mean_absolute_error,0.454378
polaris,PCA_MLP,polaris/adme-fang-rclint-1,1701,LOG_RLM_CLint,explained_var,0.424357
polaris,PCA_MLP,polaris/adme-fang-rclint-1,1701,LOG_RLM_CLint,mean_squared_error,0.325057
polaris,PCA_MLP,polaris/adme-fang-rclint-1,1701,LOG_RLM_CLint,r2,0.424212
polaris,PCA_MLP,polaris/adme-fang-rclint-1,1701,LOG_RLM_CLint,pearsonr,0.652725
polaris,PCA_MLP,polaris/adme-fang-hclint-1,1701,LOG_HLM_CLint,spearmanr,0.648057
polaris,PCA_MLP,polaris/adme-fang-hclint-1,1701,LOG_HLM_CLint,mean_absolute_error,0.388542
polaris,PCA_MLP,polaris/adme-fang-hclint-1,1701,LOG_HLM_CLint,explained_var,0.386009
polaris,PCA_MLP,polaris/adme-fang-hclint-1,1701,LOG_HLM_CLint,mean_squared_error,0.239001
polaris,PCA_MLP,polaris/adme-fang-hclint-1,1701,LOG_HLM_CLint,r2,0.384669
polaris,PCA_MLP,polaris/adme-fang-hclint-1,1701,LOG_HLM_CLint,pearsonr,0.62443
polaris,PCA_MLP,tdcommons/lipophilicity-astrazeneca,1701,Y,mean_absolute_error,0.594964
polaris,PCA_MLP,tdcommons/ppbr-az,1701,Y,mean_absolute_error,8.85103
polaris,PCA_MLP,tdcommons/clearance-hepatocyte-az,1701,Y,spearmanr,0.294522
polaris,PCA_MLP,tdcommons/cyp2d6-substrate-carbonmangels,1701,Y,pr_auc,0.645083
polaris,PCA_MLP,tdcommons/half-life-obach,1701,Y,spearmanr,0.102574
polaris,PCA_MLP,tdcommons/cyp2c9-substrate-carbonmangels,1701,Y,pr_auc,0.340472
polaris,PCA_MLP,tdcommons/clearance-microsome-az,1701,Y,spearmanr,0.498799
polaris,PCA_MLP,tdcommons/dili,1701,Y,roc_auc,0.881739
polaris,PCA_MLP,tdcommons/bioavailability-ma,1701,Y,roc_auc,0.609245
polaris,PCA_MLP,tdcommons/vdss-lombardo,1701,Y,spearmanr,0.380012
polaris,PCA_MLP,tdcommons/cyp3a4-substrate-carbonmangels,1701,Y,roc_auc,0.613359
polaris,PCA_MLP,tdcommons/pgp-broccatelli,1701,Y,roc_auc,0.916756
polaris,PCA_MLP,tdcommons/caco2-wang,1701,Y,mean_absolute_error,0.289113
polaris,PCA_MLP,tdcommons/herg,1701,Y,roc_auc,0.854345
polaris,PCA_MLP,tdcommons/bbb-martins,1701,Y,roc_auc,0.90584
polaris,PCA_MLP,tdcommons/ames,1701,Y,roc_auc,0.845499
polaris,PCA_MLP,tdcommons/ld50-zhu,1701,Y,mean_absolute_error,0.638818
polaris,PCA_MLP,polaris/pkis2-ret-wt-cls-v2,9001,CLS_RET,pr_auc,0.682008
polaris,PCA_MLP,polaris/pkis2-ret-wt-cls-v2,9001,CLS_RET,roc_auc,0.884997
polaris,PCA_MLP,polaris/pkis2-ret-wt-cls-v2,9001,CLS_RET,cohen_kappa,0.480816
polaris,PCA_MLP,polaris/pkis2-ret-wt-cls-v2,9001,CLS_RET,f1,0.538462
polaris,PCA_MLP,polaris/pkis2-ret-wt-cls-v2,9001,CLS_RET,accuracy,0.886792
polaris,PCA_MLP,polaris/pkis2-ret-wt-cls-v2,9001,CLS_RET,mcc,0.512494
polaris,PCA_MLP,polaris/pkis2-ret-wt-reg-v2,9001,RET,spearmanr,0.545849
polaris,PCA_MLP,polaris/pkis2-ret-wt-reg-v2,9001,RET,mean_absolute_error,22.087
polaris,PCA_MLP,polaris/pkis2-ret-wt-reg-v2,9001,RET,explained_var,0.32629
polaris,PCA_MLP,polaris/pkis2-ret-wt-reg-v2,9001,RET,mean_squared_error,827.923
polaris,PCA_MLP,polaris/pkis2-ret-wt-reg-v2,9001,RET,r2,0.302746
polaris,PCA_MLP,polaris/pkis2-ret-wt-reg-v2,9001,RET,pearsonr,0.573402
polaris,PCA_MLP,polaris/pkis2-kit-wt-cls-v2,9001,CLS_KIT,pr_auc,0.494875
polaris,PCA_MLP,polaris/pkis2-kit-wt-cls-v2,9001,CLS_KIT,roc_auc,0.782882
polaris,PCA_MLP,polaris/pkis2-kit-wt-cls-v2,9001,CLS_KIT,cohen_kappa,0.283146
polaris,PCA_MLP,polaris/pkis2-kit-wt-cls-v2,9001,CLS_KIT,f1,0.388889
polaris,PCA_MLP,polaris/pkis2-kit-wt-cls-v2,9001,CLS_KIT,accuracy,0.810345
polaris,PCA_MLP,polaris/pkis2-kit-wt-cls-v2,9001,CLS_KIT,mcc,0.293286
polaris,PCA_MLP,polaris/pkis2-kit-wt-reg-v2,9001,KIT,spearmanr,0.427485
polaris,PCA_MLP,polaris/pkis2-kit-wt-reg-v2,9001,KIT,mean_absolute_error,24.9515
polaris,PCA_MLP,polaris/pkis2-kit-wt-reg-v2,9001,KIT,explained_var,0.159241
polaris,PCA_MLP,polaris/pkis2-kit-wt-reg-v2,9001,KIT,mean_squared_error,1023.79
polaris,PCA_MLP,polaris/pkis2-kit-wt-reg-v2,9001,KIT,r2,0.151571
polaris,PCA_MLP,polaris/pkis2-kit-wt-reg-v2,9001,KIT,pearsonr,0.445635
polaris,PCA_MLP,polaris/pkis2-egfr-wt-reg-v2,9001,EGFR,spearmanr,0.290226
polaris,PCA_MLP,polaris/pkis2-egfr-wt-reg-v2,9001,EGFR,mean_absolute_error,19.4023
polaris,PCA_MLP,polaris/pkis2-egfr-wt-reg-v2,9001,EGFR,explained_var,0.280018
polaris,PCA_MLP,polaris/pkis2-egfr-wt-reg-v2,9001,EGFR,mean_squared_error,592.801
polaris,PCA_MLP,polaris/pkis2-egfr-wt-reg-v2,9001,EGFR,r2,0.264303
polaris,PCA_MLP,polaris/pkis2-egfr-wt-reg-v2,9001,EGFR,pearsonr,0.529409
polaris,PCA_MLP,polaris/adme-fang-solu-1,9001,LOG_SOLUBILITY,spearmanr,0.440895
polaris,PCA_MLP,polaris/adme-fang-solu-1,9001,LOG_SOLUBILITY,mean_absolute_error,0.450116
polaris,PCA_MLP,polaris/adme-fang-solu-1,9001,LOG_SOLUBILITY,explained_var,0.277632
polaris,PCA_MLP,polaris/adme-fang-solu-1,9001,LOG_SOLUBILITY,mean_squared_error,0.393694
polaris,PCA_MLP,polaris/adme-fang-solu-1,9001,LOG_SOLUBILITY,r2,0.273866
polaris,PCA_MLP,polaris/adme-fang-solu-1,9001,LOG_SOLUBILITY,pearsonr,0.527084
polaris,PCA_MLP,polaris/adme-fang-rppb-1,9001,LOG_RPPB,spearmanr,0.893043
polaris,PCA_MLP,polaris/adme-fang-rppb-1,9001,LOG_RPPB,mean_absolute_error,0.406453
polaris,PCA_MLP,polaris/adme-fang-rppb-1,9001,LOG_RPPB,explained_var,0.712538
polaris,PCA_MLP,polaris/adme-fang-rppb-1,9001,LOG_RPPB,mean_squared_error,0.260588
polaris,PCA_MLP,polaris/adme-fang-rppb-1,9001,LOG_RPPB,r2,0.706704
polaris,PCA_MLP,polaris/adme-fang-rppb-1,9001,LOG_RPPB,pearsonr,0.871187
polaris,PCA_MLP,polaris/adme-fang-hppb-1,9001,LOG_HPPB,spearmanr,0.736802
polaris,PCA_MLP,polaris/adme-fang-hppb-1,9001,LOG_HPPB,mean_absolute_error,0.463126
polaris,PCA_MLP,polaris/adme-fang-hppb-1,9001,LOG_HPPB,explained_var,0.550724
polaris,PCA_MLP,polaris/adme-fang-hppb-1,9001,LOG_HPPB,mean_squared_error,0.295563
polaris,PCA_MLP,polaris/adme-fang-hppb-1,9001,LOG_HPPB,r2,0.511982
polaris,PCA_MLP,polaris/adme-fang-hppb-1,9001,LOG_HPPB,pearsonr,0.742177
polaris,PCA_MLP,polaris/adme-fang-perm-1,9001,LOG_MDR1-MDCK_ER,spearmanr,0.713293
polaris,PCA_MLP,polaris/adme-fang-perm-1,9001,LOG_MDR1-MDCK_ER,mean_absolute_error,0.389189
polaris,PCA_MLP,polaris/adme-fang-perm-1,9001,LOG_MDR1-MDCK_ER,explained_var,0.496877
polaris,PCA_MLP,polaris/adme-fang-perm-1,9001,LOG_MDR1-MDCK_ER,mean_squared_error,0.249387
polaris,PCA_MLP,polaris/adme-fang-perm-1,9001,LOG_MDR1-MDCK_ER,r2,0.496587
polaris,PCA_MLP,polaris/adme-fang-perm-1,9001,LOG_MDR1-MDCK_ER,pearsonr,0.705057
polaris,PCA_MLP,polaris/adme-fang-rclint-1,9001,LOG_RLM_CLint,spearmanr,0.64709
polaris,PCA_MLP,polaris/adme-fang-rclint-1,9001,LOG_RLM_CLint,mean_absolute_error,0.446705
polaris,PCA_MLP,polaris/adme-fang-rclint-1,9001,LOG_RLM_CLint,explained_var,0.419234
polaris,PCA_MLP,polaris/adme-fang-rclint-1,9001,LOG_RLM_CLint,mean_squared_error,0.328177
polaris,PCA_MLP,polaris/adme-fang-rclint-1,9001,LOG_RLM_CLint,r2,0.418686
polaris,PCA_MLP,polaris/adme-fang-rclint-1,9001,LOG_RLM_CLint,pearsonr,0.649268
polaris,PCA_MLP,polaris/adme-fang-hclint-1,9001,LOG_HLM_CLint,spearmanr,0.656601
polaris,PCA_MLP,polaris/adme-fang-hclint-1,9001,LOG_HLM_CLint,mean_absolute_error,0.381569
polaris,PCA_MLP,polaris/adme-fang-hclint-1,9001,LOG_HLM_CLint,explained_var,0.389815
polaris,PCA_MLP,polaris/adme-fang-hclint-1,9001,LOG_HLM_CLint,mean_squared_error,0.237087
polaris,PCA_MLP,polaris/adme-fang-hclint-1,9001,LOG_HLM_CLint,r2,0.389597
polaris,PCA_MLP,polaris/adme-fang-hclint-1,9001,LOG_HLM_CLint,pearsonr,0.638866
polaris,PCA_MLP,tdcommons/lipophilicity-astrazeneca,9001,Y,mean_absolute_error,0.615929
polaris,PCA_MLP,tdcommons/ppbr-az,9001,Y,mean_absolute_error,8.76258
polaris,PCA_MLP,tdcommons/clearance-hepatocyte-az,9001,Y,spearmanr,0.341978
polaris,PCA_MLP,tdcommons/cyp2d6-substrate-carbonmangels,9001,Y,pr_auc,0.614226
polaris,PCA_MLP,tdcommons/half-life-obach,9001,Y,spearmanr,0.209676
polaris,PCA_MLP,tdcommons/cyp2c9-substrate-carbonmangels,9001,Y,pr_auc,0.375278
polaris,PCA_MLP,tdcommons/clearance-microsome-az,9001,Y,spearmanr,0.502287
polaris,PCA_MLP,tdcommons/dili,9001,Y,roc_auc,0.897826
polaris,PCA_MLP,tdcommons/bioavailability-ma,9001,Y,roc_auc,0.667775
polaris,PCA_MLP,tdcommons/vdss-lombardo,9001,Y,spearmanr,0.36766
polaris,PCA_MLP,tdcommons/cyp3a4-substrate-carbonmangels,9001,Y,roc_auc,0.61042
polaris,PCA_MLP,tdcommons/pgp-broccatelli,9001,Y,roc_auc,0.927953
polaris,PCA_MLP,tdcommons/caco2-wang,9001,Y,mean_absolute_error,0.288577
polaris,PCA_MLP,tdcommons/herg,9001,Y,roc_auc,0.823711
polaris,PCA_MLP,tdcommons/bbb-martins,9001,Y,roc_auc,0.91096
polaris,PCA_MLP,tdcommons/ames,9001,Y,roc_auc,0.849611
polaris,PCA_MLP,tdcommons/ld50-zhu,9001,Y,mean_absolute_error,0.633583
polaris,PCA_MLP_Prefitted,polaris/pkis2-ret-wt-cls-v2,42,CLS_RET,accuracy,0.839623
polaris,PCA_MLP_Prefitted,polaris/pkis2-ret-wt-cls-v2,42,CLS_RET,pr_auc,0.608801
polaris,PCA_MLP_Prefitted,polaris/pkis2-ret-wt-cls-v2,42,CLS_RET,cohen_kappa,0.137799
polaris,PCA_MLP_Prefitted,polaris/pkis2-ret-wt-cls-v2,42,CLS_RET,mcc,0.183279
polaris,PCA_MLP_Prefitted,polaris/pkis2-ret-wt-cls-v2,42,CLS_RET,roc_auc,0.848645
polaris,PCA_MLP_Prefitted,polaris/pkis2-ret-wt-cls-v2,42,CLS_RET,f1,0.190476
polaris,PCA_MLP_Prefitted,polaris/pkis2-ret-wt-reg-v2,42,RET,spearmanr,0.553959
polaris,PCA_MLP_Prefitted,polaris/pkis2-ret-wt-reg-v2,42,RET,explained_var,0.305759
polaris,PCA_MLP_Prefitted,polaris/pkis2-ret-wt-reg-v2,42,RET,mean_absolute_error,22.7242
polaris,PCA_MLP_Prefitted,polaris/pkis2-ret-wt-reg-v2,42,RET,mean_squared_error,845.65
polaris,PCA_MLP_Prefitted,polaris/pkis2-ret-wt-reg-v2,42,RET,pearsonr,0.554029
polaris,PCA_MLP_Prefitted,polaris/pkis2-ret-wt-reg-v2,42,RET,r2,0.287817
polaris,PCA_MLP_Prefitted,polaris/pkis2-kit-wt-cls-v2,42,CLS_KIT,accuracy,0.818966
polaris,PCA_MLP_Prefitted,polaris/pkis2-kit-wt-cls-v2,42,CLS_KIT,pr_auc,0.511869
polaris,PCA_MLP_Prefitted,polaris/pkis2-kit-wt-cls-v2,42,CLS_KIT,cohen_kappa,0.301606
polaris,PCA_MLP_Prefitted,polaris/pkis2-kit-wt-cls-v2,42,CLS_KIT,mcc,0.316097
polaris,PCA_MLP_Prefitted,polaris/pkis2-kit-wt-cls-v2,42,CLS_KIT,roc_auc,0.753385
polaris,PCA_MLP_Prefitted,polaris/pkis2-kit-wt-cls-v2,42,CLS_KIT,f1,0.4
polaris,PCA_MLP_Prefitted,polaris/pkis2-kit-wt-reg-v2,42,KIT,spearmanr,0.396837
polaris,PCA_MLP_Prefitted,polaris/pkis2-kit-wt-reg-v2,42,KIT,explained_var,0.134344
polaris,PCA_MLP_Prefitted,polaris/pkis2-kit-wt-reg-v2,42,KIT,mean_absolute_error,26.1995
polaris,PCA_MLP_Prefitted,polaris/pkis2-kit-wt-reg-v2,42,KIT,mean_squared_error,1047.95
polaris,PCA_MLP_Prefitted,polaris/pkis2-kit-wt-reg-v2,42,KIT,pearsonr,0.423627
polaris,PCA_MLP_Prefitted,polaris/pkis2-kit-wt-reg-v2,42,KIT,r2,0.131545
polaris,PCA_MLP_Prefitted,polaris/pkis2-egfr-wt-reg-v2,42,EGFR,spearmanr,0.268072
polaris,PCA_MLP_Prefitted,polaris/pkis2-egfr-wt-reg-v2,42,EGFR,explained_var,0.305604
polaris,PCA_MLP_Prefitted,polaris/pkis2-egfr-wt-reg-v2,42,EGFR,mean_absolute_error,18.7135
polaris,PCA_MLP_Prefitted,polaris/pkis2-egfr-wt-reg-v2,42,EGFR,mean_squared_error,564.325
polaris,PCA_MLP_Prefitted,polaris/pkis2-egfr-wt-reg-v2,42,EGFR,pearsonr,0.553135
polaris,PCA_MLP_Prefitted,polaris/pkis2-egfr-wt-reg-v2,42,EGFR,r2,0.299643
polaris,PCA_MLP_Prefitted,polaris/adme-fang-solu-1,42,LOG_SOLUBILITY,spearmanr,0.452193
polaris,PCA_MLP_Prefitted,polaris/adme-fang-solu-1,42,LOG_SOLUBILITY,explained_var,0.298603
polaris,PCA_MLP_Prefitted,polaris/adme-fang-solu-1,42,LOG_SOLUBILITY,mean_absolute_error,0.435311
polaris,PCA_MLP_Prefitted,polaris/adme-fang-solu-1,42,LOG_SOLUBILITY,mean_squared_error,0.381847
polaris,PCA_MLP_Prefitted,polaris/adme-fang-solu-1,42,LOG_SOLUBILITY,pearsonr,0.548212
polaris,PCA_MLP_Prefitted,polaris/adme-fang-solu-1,42,LOG_SOLUBILITY,r2,0.295718
polaris,PCA_MLP_Prefitted,polaris/adme-fang-rppb-1,42,LOG_RPPB,spearmanr,0.683478
polaris,PCA_MLP_Prefitted,polaris/adme-fang-rppb-1,42,LOG_RPPB,explained_var,0.385007
polaris,PCA_MLP_Prefitted,polaris/adme-fang-rppb-1,42,LOG_RPPB,mean_absolute_error,0.591761
polaris,PCA_MLP_Prefitted,polaris/adme-fang-rppb-1,42,LOG_RPPB,mean_squared_error,0.546579
polaris,PCA_MLP_Prefitted,polaris/adme-fang-rppb-1,42,LOG_RPPB,pearsonr,0.632551
polaris,PCA_MLP_Prefitted,polaris/adme-fang-rppb-1,42,LOG_RPPB,r2,0.384817
polaris,PCA_MLP_Prefitted,polaris/adme-fang-hppb-1,42,LOG_HPPB,spearmanr,0.842998
polaris,PCA_MLP_Prefitted,polaris/adme-fang-hppb-1,42,LOG_HPPB,explained_var,0.704837
polaris,PCA_MLP_Prefitted,polaris/adme-fang-hppb-1,42,LOG_HPPB,mean_absolute_error,0.416956
polaris,PCA_MLP_Prefitted,polaris/adme-fang-hppb-1,42,LOG_HPPB,mean_squared_error,0.233164
polaris,PCA_MLP_Prefitted,polaris/adme-fang-hppb-1,42,LOG_HPPB,pearsonr,0.850104
polaris,PCA_MLP_Prefitted,polaris/adme-fang-hppb-1,42,LOG_HPPB,r2,0.615012
polaris,PCA_MLP_Prefitted,polaris/adme-fang-perm-1,42,LOG_MDR1-MDCK_ER,spearmanr,0.75469
polaris,PCA_MLP_Prefitted,polaris/adme-fang-perm-1,42,LOG_MDR1-MDCK_ER,explained_var,0.546337
polaris,PCA_MLP_Prefitted,polaris/adme-fang-perm-1,42,LOG_MDR1-MDCK_ER,mean_absolute_error,0.362471
polaris,PCA_MLP_Prefitted,polaris/adme-fang-perm-1,42,LOG_MDR1-MDCK_ER,mean_squared_error,0.224792
polaris,PCA_MLP_Prefitted,polaris/adme-fang-perm-1,42,LOG_MDR1-MDCK_ER,pearsonr,0.740044
polaris,PCA_MLP_Prefitted,polaris/adme-fang-perm-1,42,LOG_MDR1-MDCK_ER,r2,0.546235
polaris,PCA_MLP_Prefitted,polaris/adme-fang-rclint-1,42,LOG_RLM_CLint,spearmanr,0.649276
polaris,PCA_MLP_Prefitted,polaris/adme-fang-rclint-1,42,LOG_RLM_CLint,explained_var,0.420101
polaris,PCA_MLP_Prefitted,polaris/adme-fang-rclint-1,42,LOG_RLM_CLint,mean_absolute_error,0.454723
polaris,PCA_MLP_Prefitted,polaris/adme-fang-rclint-1,42,LOG_RLM_CLint,mean_squared_error,0.327388
polaris,PCA_MLP_Prefitted,polaris/adme-fang-rclint-1,42,LOG_RLM_CLint,pearsonr,0.650083
polaris,PCA_MLP_Prefitted,polaris/adme-fang-rclint-1,42,LOG_RLM_CLint,r2,0.420084
polaris,PCA_MLP_Prefitted,polaris/adme-fang-hclint-1,42,LOG_HLM_CLint,spearmanr,0.657322
polaris,PCA_MLP_Prefitted,polaris/adme-fang-hclint-1,42,LOG_HLM_CLint,explained_var,0.395821
polaris,PCA_MLP_Prefitted,polaris/adme-fang-hclint-1,42,LOG_HLM_CLint,mean_absolute_error,0.379955
polaris,PCA_MLP_Prefitted,polaris/adme-fang-hclint-1,42,LOG_HLM_CLint,mean_squared_error,0.234713
polaris,PCA_MLP_Prefitted,polaris/adme-fang-hclint-1,42,LOG_HLM_CLint,pearsonr,0.639396
polaris,PCA_MLP_Prefitted,polaris/adme-fang-hclint-1,42,LOG_HLM_CLint,r2,0.395708
polaris,PCA_MLP_Prefitted,tdcommons/lipophilicity-astrazeneca,42,Y,mean_absolute_error,0.583561
polaris,PCA_MLP_Prefitted,tdcommons/ppbr-az,42,Y,mean_absolute_error,8.83713
polaris,PCA_MLP_Prefitted,tdcommons/clearance-hepatocyte-az,42,Y,spearmanr,0.354375
polaris,PCA_MLP_Prefitted,tdcommons/cyp2d6-substrate-carbonmangels,42,Y,pr_auc,0.68663
polaris,PCA_MLP_Prefitted,tdcommons/half-life-obach,42,Y,spearmanr,0.267587
polaris,PCA_MLP_Prefitted,tdcommons/cyp2c9-substrate-carbonmangels,42,Y,pr_auc,0.362079
polaris,PCA_MLP_Prefitted,tdcommons/clearance-microsome-az,42,Y,spearmanr,0.518029
polaris,PCA_MLP_Prefitted,tdcommons/dili,42,Y,roc_auc,0.912174
polaris,PCA_MLP_Prefitted,tdcommons/bioavailability-ma,42,Y,roc_auc,0.71134
polaris,PCA_MLP_Prefitted,tdcommons/vdss-lombardo,42,Y,spearmanr,0.385276
polaris,PCA_MLP_Prefitted,tdcommons/cyp3a4-substrate-carbonmangels,42,Y,roc_auc,0.599118
polaris,PCA_MLP_Prefitted,tdcommons/pgp-broccatelli,42,Y,roc_auc,0.916822
polaris,PCA_MLP_Prefitted,tdcommons/caco2-wang,42,Y,mean_absolute_error,0.309019
polaris,PCA_MLP_Prefitted,tdcommons/herg,42,Y,roc_auc,0.850221
polaris,PCA_MLP_Prefitted,tdcommons/bbb-martins,42,Y,roc_auc,0.890869
polaris,PCA_MLP_Prefitted,tdcommons/ames,42,Y,roc_auc,0.840367
polaris,PCA_MLP_Prefitted,tdcommons/ld50-zhu,42,Y,mean_absolute_error,0.613471
polaris,PCA_MLP_Prefitted,polaris/pkis2-ret-wt-cls-v2,117,CLS_RET,accuracy,0.867925
polaris,PCA_MLP_Prefitted,polaris/pkis2-ret-wt-cls-v2,117,CLS_RET,pr_auc,0.661301
polaris,PCA_MLP_Prefitted,polaris/pkis2-ret-wt-cls-v2,117,CLS_RET,cohen_kappa,0.264618
polaris,PCA_MLP_Prefitted,polaris/pkis2-ret-wt-cls-v2,117,CLS_RET,mcc,0.390492
polaris,PCA_MLP_Prefitted,polaris/pkis2-ret-wt-cls-v2,117,CLS_RET,roc_auc,0.881031
polaris,PCA_MLP_Prefitted,polaris/pkis2-ret-wt-cls-v2,117,CLS_RET,f1,0.3
polaris,PCA_MLP_Prefitted,polaris/pkis2-ret-wt-reg-v2,117,RET,spearmanr,0.600938
polaris,PCA_MLP_Prefitted,polaris/pkis2-ret-wt-reg-v2,117,RET,explained_var,0.373306
polaris,PCA_MLP_Prefitted,polaris/pkis2-ret-wt-reg-v2,117,RET,mean_absolute_error,21.1442
polaris,PCA_MLP_Prefitted,polaris/pkis2-ret-wt-reg-v2,117,RET,mean_squared_error,767.802
polaris,PCA_MLP_Prefitted,polaris/pkis2-ret-wt-reg-v2,117,RET,pearsonr,0.611195
polaris,PCA_MLP_Prefitted,polaris/pkis2-ret-wt-reg-v2,117,RET,r2,0.353378
polaris,PCA_MLP_Prefitted,polaris/pkis2-kit-wt-cls-v2,117,CLS_KIT,accuracy,0.818966
polaris,PCA_MLP_Prefitted,polaris/pkis2-kit-wt-cls-v2,117,CLS_KIT,pr_auc,0.493587
polaris,PCA_MLP_Prefitted,polaris/pkis2-kit-wt-cls-v2,117,CLS_KIT,cohen_kappa,0.329295
polaris,PCA_MLP_Prefitted,polaris/pkis2-kit-wt-cls-v2,117,CLS_KIT,mcc,0.337847
polaris,PCA_MLP_Prefitted,polaris/pkis2-kit-wt-cls-v2,117,CLS_KIT,roc_auc,0.779497
polaris,PCA_MLP_Prefitted,polaris/pkis2-kit-wt-cls-v2,117,CLS_KIT,f1,0.432432
polaris,PCA_MLP_Prefitted,polaris/pkis2-kit-wt-reg-v2,117,KIT,spearmanr,0.416272
polaris,PCA_MLP_Prefitted,polaris/pkis2-kit-wt-reg-v2,117,KIT,explained_var,0.135574
polaris,PCA_MLP_Prefitted,polaris/pkis2-kit-wt-reg-v2,117,KIT,mean_absolute_error,25.6097
polaris,PCA_MLP_Prefitted,polaris/pkis2-kit-wt-reg-v2,117,KIT,mean_squared_error,1052.76
polaris,PCA_MLP_Prefitted,polaris/pkis2-kit-wt-reg-v2,117,KIT,pearsonr,0.441145
polaris,PCA_MLP_Prefitted,polaris/pkis2-kit-wt-reg-v2,117,KIT,r2,0.12756
polaris,PCA_MLP_Prefitted,polaris/pkis2-egfr-wt-reg-v2,117,EGFR,spearmanr,0.320607
polaris,PCA_MLP_Prefitted,polaris/pkis2-egfr-wt-reg-v2,117,EGFR,explained_var,0.364991
polaris,PCA_MLP_Prefitted,polaris/pkis2-egfr-wt-reg-v2,117,EGFR,mean_absolute_error,18.057
polaris,PCA_MLP_Prefitted,polaris/pkis2-egfr-wt-reg-v2,117,EGFR,mean_squared_error,512.811
polaris,PCA_MLP_Prefitted,polaris/pkis2-egfr-wt-reg-v2,117,EGFR,pearsonr,0.60449
polaris,PCA_MLP_Prefitted,polaris/pkis2-egfr-wt-reg-v2,117,EGFR,r2,0.363576
polaris,PCA_MLP_Prefitted,polaris/adme-fang-solu-1,117,LOG_SOLUBILITY,spearmanr,0.469414
polaris,PCA_MLP_Prefitted,polaris/adme-fang-solu-1,117,LOG_SOLUBILITY,explained_var,0.323948
polaris,PCA_MLP_Prefitted,polaris/adme-fang-solu-1,117,LOG_SOLUBILITY,mean_absolute_error,0.434052
polaris,PCA_MLP_Prefitted,polaris/adme-fang-solu-1,117,LOG_SOLUBILITY,mean_squared_error,0.367146
polaris,PCA_MLP_Prefitted,polaris/adme-fang-solu-1,117,LOG_SOLUBILITY,pearsonr,0.569336
polaris,PCA_MLP_Prefitted,polaris/adme-fang-solu-1,117,LOG_SOLUBILITY,r2,0.322833
polaris,PCA_MLP_Prefitted,polaris/adme-fang-rppb-1,117,LOG_RPPB,spearmanr,0.825217
polaris,PCA_MLP_Prefitted,polaris/adme-fang-rppb-1,117,LOG_RPPB,explained_var,0.54045
polaris,PCA_MLP_Prefitted,polaris/adme-fang-rppb-1,117,LOG_RPPB,mean_absolute_error,0.482343
polaris,PCA_MLP_Prefitted,polaris/adme-fang-rppb-1,117,LOG_RPPB,mean_squared_error,0.409156
polaris,PCA_MLP_Prefitted,polaris/adme-fang-rppb-1,117,LOG_RPPB,pearsonr,0.779614
polaris,PCA_MLP_Prefitted,polaris/adme-fang-rppb-1,117,LOG_RPPB,r2,0.539489
polaris,PCA_MLP_Prefitted,polaris/adme-fang-hppb-1,117,LOG_HPPB,spearmanr,0.740469
polaris,PCA_MLP_Prefitted,polaris/adme-fang-hppb-1,117,LOG_HPPB,explained_var,0.569051
polaris,PCA_MLP_Prefitted,polaris/adme-fang-hppb-1,117,LOG_HPPB,mean_absolute_error,0.523761
polaris,PCA_MLP_Prefitted,polaris/adme-fang-hppb-1,117,LOG_HPPB,mean_squared_error,0.341182
polaris,PCA_MLP_Prefitted,polaris/adme-fang-hppb-1,117,LOG_HPPB,pearsonr,0.764215
polaris,PCA_MLP_Prefitted,polaris/adme-fang-hppb-1,117,LOG_HPPB,r2,0.436658
polaris,PCA_MLP_Prefitted,polaris/adme-fang-perm-1,117,LOG_MDR1-MDCK_ER,spearmanr,0.724346
polaris,PCA_MLP_Prefitted,polaris/adme-fang-perm-1,117,LOG_MDR1-MDCK_ER,explained_var,0.516991
polaris,PCA_MLP_Prefitted,polaris/adme-fang-perm-1,117,LOG_MDR1-MDCK_ER,mean_absolute_error,0.374621
polaris,PCA_MLP_Prefitted,polaris/adme-fang-perm-1,117,LOG_MDR1-MDCK_ER,mean_squared_error,0.239414
polaris,PCA_MLP_Prefitted,polaris/adme-fang-perm-1,117,LOG_MDR1-MDCK_ER,pearsonr,0.719717
polaris,PCA_MLP_Prefitted,polaris/adme-fang-perm-1,117,LOG_MDR1-MDCK_ER,r2,0.516718
polaris,PCA_MLP_Prefitted,polaris/adme-fang-rclint-1,117,LOG_RLM_CLint,spearmanr,0.640014
polaris,PCA_MLP_Prefitted,polaris/adme-fang-rclint-1,117,LOG_RLM_CLint,explained_var,0.41627
polaris,PCA_MLP_Prefitted,polaris/adme-fang-rclint-1,117,LOG_RLM_CLint,mean_absolute_error,0.451519
polaris,PCA_MLP_Prefitted,polaris/adme-fang-rclint-1,117,LOG_RLM_CLint,mean_squared_error,0.329817
polaris,PCA_MLP_Prefitted,polaris/adme-fang-rclint-1,117,LOG_RLM_CLint,pearsonr,0.645821
polaris,PCA_MLP_Prefitted,polaris/adme-fang-rclint-1,117,LOG_RLM_CLint,r2,0.41578
polaris,PCA_MLP_Prefitted,polaris/adme-fang-hclint-1,117,LOG_HLM_CLint,spearmanr,0.642501
polaris,PCA_MLP_Prefitted,polaris/adme-fang-hclint-1,117,LOG_HLM_CLint,explained_var,0.379049
polaris,PCA_MLP_Prefitted,polaris/adme-fang-hclint-1,117,LOG_HLM_CLint,mean_absolute_error,0.38933
polaris,PCA_MLP_Prefitted,polaris/adme-fang-hclint-1,117,LOG_HLM_CLint,mean_squared_error,0.241373
polaris,PCA_MLP_Prefitted,polaris/adme-fang-hclint-1,117,LOG_HLM_CLint,pearsonr,0.619099
polaris,PCA_MLP_Prefitted,polaris/adme-fang-hclint-1,117,LOG_HLM_CLint,r2,0.378562
polaris,PCA_MLP_Prefitted,tdcommons/lipophilicity-astrazeneca,117,Y,mean_absolute_error,0.563041
polaris,PCA_MLP_Prefitted,tdcommons/ppbr-az,117,Y,mean_absolute_error,8.76137
polaris,PCA_MLP_Prefitted,tdcommons/clearance-hepatocyte-az,117,Y,spearmanr,0.389669
polaris,PCA_MLP_Prefitted,tdcommons/cyp2d6-substrate-carbonmangels,117,Y,pr_auc,0.668457
polaris,PCA_MLP_Prefitted,tdcommons/half-life-obach,117,Y,spearmanr,0.13164
polaris,PCA_MLP_Prefitted,tdcommons/cyp2c9-substrate-carbonmangels,117,Y,pr_auc,0.404274
polaris,PCA_MLP_Prefitted,tdcommons/clearance-microsome-az,117,Y,spearmanr,0.481746
polaris,PCA_MLP_Prefitted,tdcommons/dili,117,Y,roc_auc,0.886957
polaris,PCA_MLP_Prefitted,tdcommons/bioavailability-ma,117,Y,roc_auc,0.612238
polaris,PCA_MLP_Prefitted,tdcommons/vdss-lombardo,117,Y,spearmanr,0.473965
polaris,PCA_MLP_Prefitted,tdcommons/cyp3a4-substrate-carbonmangels,117,Y,roc_auc,0.580583
polaris,PCA_MLP_Prefitted,tdcommons/pgp-broccatelli,117,Y,roc_auc,0.902226
polaris,PCA_MLP_Prefitted,tdcommons/caco2-wang,117,Y,mean_absolute_error,0.291873
polaris,PCA_MLP_Prefitted,tdcommons/herg,117,Y,roc_auc,0.846981
polaris,PCA_MLP_Prefitted,tdcommons/bbb-martins,117,Y,roc_auc,0.902498
polaris,PCA_MLP_Prefitted,tdcommons/ames,117,Y,roc_auc,0.844362
polaris,PCA_MLP_Prefitted,tdcommons/ld50-zhu,117,Y,mean_absolute_error,0.641711
polaris,PCA_MLP_Prefitted,polaris/pkis2-ret-wt-cls-v2,709,CLS_RET,accuracy,0.849057
polaris,PCA_MLP_Prefitted,polaris/pkis2-ret-wt-cls-v2,709,CLS_RET,pr_auc,0.624919
polaris,PCA_MLP_Prefitted,polaris/pkis2-ret-wt-cls-v2,709,CLS_RET,cohen_kappa,0.215541
polaris,PCA_MLP_Prefitted,polaris/pkis2-ret-wt-cls-v2,709,CLS_RET,mcc,0.266557
polaris,PCA_MLP_Prefitted,polaris/pkis2-ret-wt-cls-v2,709,CLS_RET,roc_auc,0.857898
polaris,PCA_MLP_Prefitted,polaris/pkis2-ret-wt-cls-v2,709,CLS_RET,f1,0.272727
polaris,PCA_MLP_Prefitted,polaris/pkis2-ret-wt-reg-v2,709,RET,spearmanr,0.568205
polaris,PCA_MLP_Prefitted,polaris/pkis2-ret-wt-reg-v2,709,RET,explained_var,0.296487
polaris,PCA_MLP_Prefitted,polaris/pkis2-ret-wt-reg-v2,709,RET,mean_absolute_error,22.7164
polaris,PCA_MLP_Prefitted,polaris/pkis2-ret-wt-reg-v2,709,RET,mean_squared_error,892.371
polaris,PCA_MLP_Prefitted,polaris/pkis2-ret-wt-reg-v2,709,RET,pearsonr,0.545654
polaris,PCA_MLP_Prefitted,polaris/pkis2-ret-wt-reg-v2,709,RET,r2,0.24847
polaris,PCA_MLP_Prefitted,polaris/pkis2-kit-wt-cls-v2,709,CLS_KIT,accuracy,0.818966
polaris,PCA_MLP_Prefitted,polaris/pkis2-kit-wt-cls-v2,709,CLS_KIT,pr_auc,0.507128
polaris,PCA_MLP_Prefitted,polaris/pkis2-kit-wt-cls-v2,709,CLS_KIT,cohen_kappa,0.271531
polaris,PCA_MLP_Prefitted,polaris/pkis2-kit-wt-cls-v2,709,CLS_KIT,mcc,0.293758
polaris,PCA_MLP_Prefitted,polaris/pkis2-kit-wt-cls-v2,709,CLS_KIT,roc_auc,0.758704
polaris,PCA_MLP_Prefitted,polaris/pkis2-kit-wt-cls-v2,709,CLS_KIT,f1,0.363636
polaris,PCA_MLP_Prefitted,polaris/pkis2-kit-wt-reg-v2,709,KIT,spearmanr,0.46597
polaris,PCA_MLP_Prefitted,polaris/pkis2-kit-wt-reg-v2,709,KIT,explained_var,0.21452
polaris,PCA_MLP_Prefitted,polaris/pkis2-kit-wt-reg-v2,709,KIT,mean_absolute_error,24.7321
polaris,PCA_MLP_Prefitted,polaris/pkis2-kit-wt-reg-v2,709,KIT,mean_squared_error,950.195
polaris,PCA_MLP_Prefitted,polaris/pkis2-kit-wt-reg-v2,709,KIT,pearsonr,0.480107
polaris,PCA_MLP_Prefitted,polaris/pkis2-kit-wt-reg-v2,709,KIT,r2,0.212557
polaris,PCA_MLP_Prefitted,polaris/pkis2-egfr-wt-reg-v2,709,EGFR,spearmanr,0.26967
polaris,PCA_MLP_Prefitted,polaris/pkis2-egfr-wt-reg-v2,709,EGFR,explained_var,0.302529
polaris,PCA_MLP_Prefitted,polaris/pkis2-egfr-wt-reg-v2,709,EGFR,mean_absolute_error,18.8205
polaris,PCA_MLP_Prefitted,polaris/pkis2-egfr-wt-reg-v2,709,EGFR,mean_squared_error,566.966
polaris,PCA_MLP_Prefitted,polaris/pkis2-egfr-wt-reg-v2,709,EGFR,pearsonr,0.550496
polaris,PCA_MLP_Prefitted,polaris/pkis2-egfr-wt-reg-v2,709,EGFR,r2,0.296366
polaris,PCA_MLP_Prefitted,polaris/adme-fang-solu-1,709,LOG_SOLUBILITY,spearmanr,0.450553
polaris,PCA_MLP_Prefitted,polaris/adme-fang-solu-1,709,LOG_SOLUBILITY,explained_var,0.265486
polaris,PCA_MLP_Prefitted,polaris/adme-fang-solu-1,709,LOG_SOLUBILITY,mean_absolute_error,0.445724
polaris,PCA_MLP_Prefitted,polaris/adme-fang-solu-1,709,LOG_SOLUBILITY,mean_squared_error,0.402213
polaris,PCA_MLP_Prefitted,polaris/adme-fang-solu-1,709,LOG_SOLUBILITY,pearsonr,0.518558
polaris,PCA_MLP_Prefitted,polaris/adme-fang-solu-1,709,LOG_SOLUBILITY,r2,0.258153
polaris,PCA_MLP_Prefitted,polaris/adme-fang-rppb-1,709,LOG_RPPB,spearmanr,0.872174
polaris,PCA_MLP_Prefitted,polaris/adme-fang-rppb-1,709,LOG_RPPB,explained_var,0.607488
polaris,PCA_MLP_Prefitted,polaris/adme-fang-rppb-1,709,LOG_RPPB,mean_absolute_error,0.456767
polaris,PCA_MLP_Prefitted,polaris/adme-fang-rppb-1,709,LOG_RPPB,mean_squared_error,0.348838
polaris,PCA_MLP_Prefitted,polaris/adme-fang-rppb-1,709,LOG_RPPB,pearsonr,0.825405
polaris,PCA_MLP_Prefitted,polaris/adme-fang-rppb-1,709,LOG_RPPB,r2,0.607378
polaris,PCA_MLP_Prefitted,polaris/adme-fang-hppb-1,709,LOG_HPPB,spearmanr,0.724119
polaris,PCA_MLP_Prefitted,polaris/adme-fang-hppb-1,709,LOG_HPPB,explained_var,0.520672
polaris,PCA_MLP_Prefitted,polaris/adme-fang-hppb-1,709,LOG_HPPB,mean_absolute_error,0.554547
polaris,PCA_MLP_Prefitted,polaris/adme-fang-hppb-1,709,LOG_HPPB,mean_squared_error,0.373664
polaris,PCA_MLP_Prefitted,polaris/adme-fang-hppb-1,709,LOG_HPPB,pearsonr,0.741609
polaris,PCA_MLP_Prefitted,polaris/adme-fang-hppb-1,709,LOG_HPPB,r2,0.383025
polaris,PCA_MLP_Prefitted,polaris/adme-fang-perm-1,709,LOG_MDR1-MDCK_ER,spearmanr,0.723093
polaris,PCA_MLP_Prefitted,polaris/adme-fang-perm-1,709,LOG_MDR1-MDCK_ER,explained_var,0.517689
polaris,PCA_MLP_Prefitted,polaris/adme-fang-perm-1,709,LOG_MDR1-MDCK_ER,mean_absolute_error,0.375007
polaris,PCA_MLP_Prefitted,polaris/adme-fang-perm-1,709,LOG_MDR1-MDCK_ER,mean_squared_error,0.238971
polaris,PCA_MLP_Prefitted,polaris/adme-fang-perm-1,709,LOG_MDR1-MDCK_ER,pearsonr,0.719541
polaris,PCA_MLP_Prefitted,polaris/adme-fang-perm-1,709,LOG_MDR1-MDCK_ER,r2,0.517614
polaris,PCA_MLP_Prefitted,polaris/adme-fang-rclint-1,709,LOG_RLM_CLint,spearmanr,0.665661
polaris,PCA_MLP_Prefitted,polaris/adme-fang-rclint-1,709,LOG_RLM_CLint,explained_var,0.431038
polaris,PCA_MLP_Prefitted,polaris/adme-fang-rclint-1,709,LOG_RLM_CLint,mean_absolute_error,0.443067
polaris,PCA_MLP_Prefitted,polaris/adme-fang-rclint-1,709,LOG_RLM_CLint,mean_squared_error,0.32121
polaris,PCA_MLP_Prefitted,polaris/adme-fang-rclint-1,709,LOG_RLM_CLint,pearsonr,0.660116
polaris,PCA_MLP_Prefitted,polaris/adme-fang-rclint-1,709,LOG_RLM_CLint,r2,0.431027
polaris,PCA_MLP_Prefitted,polaris/adme-fang-hclint-1,709,LOG_HLM_CLint,spearmanr,0.650769
polaris,PCA_MLP_Prefitted,polaris/adme-fang-hclint-1,709,LOG_HLM_CLint,explained_var,0.396543
polaris,PCA_MLP_Prefitted,polaris/adme-fang-hclint-1,709,LOG_HLM_CLint,mean_absolute_error,0.381932
polaris,PCA_MLP_Prefitted,polaris/adme-fang-hclint-1,709,LOG_HLM_CLint,mean_squared_error,0.234504
polaris,PCA_MLP_Prefitted,polaris/adme-fang-hclint-1,709,LOG_HLM_CLint,pearsonr,0.631418
polaris,PCA_MLP_Prefitted,polaris/adme-fang-hclint-1,709,LOG_HLM_CLint,r2,0.396246
polaris,PCA_MLP_Prefitted,tdcommons/lipophilicity-astrazeneca,709,Y,mean_absolute_error,0.577229
polaris,PCA_MLP_Prefitted,tdcommons/ppbr-az,709,Y,mean_absolute_error,8.66081
polaris,PCA_MLP_Prefitted,tdcommons/clearance-hepatocyte-az,709,Y,spearmanr,0.389238
polaris,PCA_MLP_Prefitted,tdcommons/cyp2d6-substrate-carbonmangels,709,Y,pr_auc,0.675913
polaris,PCA_MLP_Prefitted,tdcommons/half-life-obach,709,Y,spearmanr,-0.0138551
polaris,PCA_MLP_Prefitted,tdcommons/cyp2c9-substrate-carbonmangels,709,Y,pr_auc,0.311042
polaris,PCA_MLP_Prefitted,tdcommons/clearance-microsome-az,709,Y,spearmanr,0.522274
polaris,PCA_MLP_Prefitted,tdcommons/dili,709,Y,roc_auc,0.876087
polaris,PCA_MLP_Prefitted,tdcommons/bioavailability-ma,709,Y,roc_auc,0.504157
polaris,PCA_MLP_Prefitted,tdcommons/vdss-lombardo,709,Y,spearmanr,0.403886
polaris,PCA_MLP_Prefitted,tdcommons/cyp3a4-substrate-carbonmangels,709,Y,roc_auc,0.619236
polaris,PCA_MLP_Prefitted,tdcommons/pgp-broccatelli,709,Y,roc_auc,0.917155
polaris,PCA_MLP_Prefitted,tdcommons/caco2-wang,709,Y,mean_absolute_error,0.292881
polaris,PCA_MLP_Prefitted,tdcommons/herg,709,Y,roc_auc,0.834315
polaris,PCA_MLP_Prefitted,tdcommons/bbb-martins,709,Y,roc_auc,0.910217
polaris,PCA_MLP_Prefitted,tdcommons/ames,709,Y,roc_auc,0.851524
polaris,PCA_MLP_Prefitted,tdcommons/ld50-zhu,709,Y,mean_absolute_error,0.6409
polaris,PCA_MLP_Prefitted,polaris/pkis2-ret-wt-cls-v2,1701,CLS_RET,accuracy,0.849057
polaris,PCA_MLP_Prefitted,polaris/pkis2-ret-wt-cls-v2,1701,CLS_RET,pr_auc,0.458012
polaris,PCA_MLP_Prefitted,polaris/pkis2-ret-wt-cls-v2,1701,CLS_RET,cohen_kappa,0.094984
polaris,PCA_MLP_Prefitted,polaris/pkis2-ret-wt-cls-v2,1701,CLS_RET,mcc,0.223293
polaris,PCA_MLP_Prefitted,polaris/pkis2-ret-wt-cls-v2,1701,CLS_RET,roc_auc,0.790482
polaris,PCA_MLP_Prefitted,polaris/pkis2-ret-wt-cls-v2,1701,CLS_RET,f1,0.111111
polaris,PCA_MLP_Prefitted,polaris/pkis2-ret-wt-reg-v2,1701,RET,spearmanr,0.53499
polaris,PCA_MLP_Prefitted,polaris/pkis2-ret-wt-reg-v2,1701,RET,explained_var,0.286297
polaris,PCA_MLP_Prefitted,polaris/pkis2-ret-wt-reg-v2,1701,RET,mean_absolute_error,22.4866
polaris,PCA_MLP_Prefitted,polaris/pkis2-ret-wt-reg-v2,1701,RET,mean_squared_error,865.675
polaris,PCA_MLP_Prefitted,polaris/pkis2-ret-wt-reg-v2,1701,RET,pearsonr,0.535583
polaris,PCA_MLP_Prefitted,polaris/pkis2-ret-wt-reg-v2,1701,RET,r2,0.270952
polaris,PCA_MLP_Prefitted,polaris/pkis2-kit-wt-cls-v2,1701,CLS_KIT,accuracy,0.801724
polaris,PCA_MLP_Prefitted,polaris/pkis2-kit-wt-cls-v2,1701,CLS_KIT,pr_auc,0.517977
polaris,PCA_MLP_Prefitted,polaris/pkis2-kit-wt-cls-v2,1701,CLS_KIT,cohen_kappa,0.235092
polaris,PCA_MLP_Prefitted,polaris/pkis2-kit-wt-cls-v2,1701,CLS_KIT,mcc,0.246387
polaris,PCA_MLP_Prefitted,polaris/pkis2-kit-wt-cls-v2,1701,CLS_KIT,roc_auc,0.773694
polaris,PCA_MLP_Prefitted,polaris/pkis2-kit-wt-cls-v2,1701,CLS_KIT,f1,0.342857
polaris,PCA_MLP_Prefitted,polaris/pkis2-kit-wt-reg-v2,1701,KIT,spearmanr,0.47587
polaris,PCA_MLP_Prefitted,polaris/pkis2-kit-wt-reg-v2,1701,KIT,explained_var,0.231458
polaris,PCA_MLP_Prefitted,polaris/pkis2-kit-wt-reg-v2,1701,KIT,mean_absolute_error,24.234
polaris,PCA_MLP_Prefitted,polaris/pkis2-kit-wt-reg-v2,1701,KIT,mean_squared_error,942.314
polaris,PCA_MLP_Prefitted,polaris/pkis2-kit-wt-reg-v2,1701,KIT,pearsonr,0.501147
polaris,PCA_MLP_Prefitted,polaris/pkis2-kit-wt-reg-v2,1701,KIT,r2,0.219088
polaris,PCA_MLP_Prefitted,polaris/pkis2-egfr-wt-reg-v2,1701,EGFR,spearmanr,0.245232
polaris,PCA_MLP_Prefitted,polaris/pkis2-egfr-wt-reg-v2,1701,EGFR,explained_var,0.267548
polaris,PCA_MLP_Prefitted,polaris/pkis2-egfr-wt-reg-v2,1701,EGFR,mean_absolute_error,19.6335
polaris,PCA_MLP_Prefitted,polaris/pkis2-egfr-wt-reg-v2,1701,EGFR,mean_squared_error,591.261
polaris,PCA_MLP_Prefitted,polaris/pkis2-egfr-wt-reg-v2,1701,EGFR,pearsonr,0.517465
polaris,PCA_MLP_Prefitted,polaris/pkis2-egfr-wt-reg-v2,1701,EGFR,r2,0.266215
polaris,PCA_MLP_Prefitted,polaris/adme-fang-solu-1,1701,LOG_SOLUBILITY,spearmanr,0.435997
polaris,PCA_MLP_Prefitted,polaris/adme-fang-solu-1,1701,LOG_SOLUBILITY,explained_var,0.296788
polaris,PCA_MLP_Prefitted,polaris/adme-fang-solu-1,1701,LOG_SOLUBILITY,mean_absolute_error,0.439194
polaris,PCA_MLP_Prefitted,polaris/adme-fang-solu-1,1701,LOG_SOLUBILITY,mean_squared_error,0.381848
polaris,PCA_MLP_Prefitted,polaris/adme-fang-solu-1,1701,LOG_SOLUBILITY,pearsonr,0.546152
polaris,PCA_MLP_Prefitted,polaris/adme-fang-solu-1,1701,LOG_SOLUBILITY,r2,0.295715
polaris,PCA_MLP_Prefitted,polaris/adme-fang-rppb-1,1701,LOG_RPPB,spearmanr,0.776522
polaris,PCA_MLP_Prefitted,polaris/adme-fang-rppb-1,1701,LOG_RPPB,explained_var,0.511895
polaris,PCA_MLP_Prefitted,polaris/adme-fang-rppb-1,1701,LOG_RPPB,mean_absolute_error,0.511441
polaris,PCA_MLP_Prefitted,polaris/adme-fang-rppb-1,1701,LOG_RPPB,mean_squared_error,0.442901
polaris,PCA_MLP_Prefitted,polaris/adme-fang-rppb-1,1701,LOG_RPPB,pearsonr,0.739944
polaris,PCA_MLP_Prefitted,polaris/adme-fang-rppb-1,1701,LOG_RPPB,r2,0.501509
polaris,PCA_MLP_Prefitted,polaris/adme-fang-hppb-1,1701,LOG_HPPB,spearmanr,0.808771
polaris,PCA_MLP_Prefitted,polaris/adme-fang-hppb-1,1701,LOG_HPPB,explained_var,0.66143
polaris,PCA_MLP_Prefitted,polaris/adme-fang-hppb-1,1701,LOG_HPPB,mean_absolute_error,0.409736
polaris,PCA_MLP_Prefitted,polaris/adme-fang-hppb-1,1701,LOG_HPPB,mean_squared_error,0.249523
polaris,PCA_MLP_Prefitted,polaris/adme-fang-hppb-1,1701,LOG_HPPB,pearsonr,0.822709
polaris,PCA_MLP_Prefitted,polaris/adme-fang-hppb-1,1701,LOG_HPPB,r2,0.588
polaris,PCA_MLP_Prefitted,polaris/adme-fang-perm-1,1701,LOG_MDR1-MDCK_ER,spearmanr,0.733525
polaris,PCA_MLP_Prefitted,polaris/adme-fang-perm-1,1701,LOG_MDR1-MDCK_ER,explained_var,0.52215
polaris,PCA_MLP_Prefitted,polaris/adme-fang-perm-1,1701,LOG_MDR1-MDCK_ER,mean_absolute_error,0.374409
polaris,PCA_MLP_Prefitted,polaris/adme-fang-perm-1,1701,LOG_MDR1-MDCK_ER,mean_squared_error,0.236742
polaris,PCA_MLP_Prefitted,polaris/adme-fang-perm-1,1701,LOG_MDR1-MDCK_ER,pearsonr,0.72261
polaris,PCA_MLP_Prefitted,polaris/adme-fang-perm-1,1701,LOG_MDR1-MDCK_ER,r2,0.522113
polaris,PCA_MLP_Prefitted,polaris/adme-fang-rclint-1,1701,LOG_RLM_CLint,spearmanr,0.677055
polaris,PCA_MLP_Prefitted,polaris/adme-fang-rclint-1,1701,LOG_RLM_CLint,explained_var,0.45951
polaris,PCA_MLP_Prefitted,polaris/adme-fang-rclint-1,1701,LOG_RLM_CLint,mean_absolute_error,0.442323
polaris,PCA_MLP_Prefitted,polaris/adme-fang-rclint-1,1701,LOG_RLM_CLint,mean_squared_error,0.30513
polaris,PCA_MLP_Prefitted,polaris/adme-fang-rclint-1,1701,LOG_RLM_CLint,pearsonr,0.678136
polaris,PCA_MLP_Prefitted,polaris/adme-fang-rclint-1,1701,LOG_RLM_CLint,r2,0.45951
polaris,PCA_MLP_Prefitted,polaris/adme-fang-hclint-1,1701,LOG_HLM_CLint,spearmanr,0.635948
polaris,PCA_MLP_Prefitted,polaris/adme-fang-hclint-1,1701,LOG_HLM_CLint,explained_var,0.372437
polaris,PCA_MLP_Prefitted,polaris/adme-fang-hclint-1,1701,LOG_HLM_CLint,mean_absolute_error,0.391094
polaris,PCA_MLP_Prefitted,polaris/adme-fang-hclint-1,1701,LOG_HLM_CLint,mean_squared_error,0.245538
polaris,PCA_MLP_Prefitted,polaris/adme-fang-hclint-1,1701,LOG_HLM_CLint,pearsonr,0.611033
polaris,PCA_MLP_Prefitted,polaris/adme-fang-hclint-1,1701,LOG_HLM_CLint,r2,0.367838
polaris,PCA_MLP_Prefitted,tdcommons/lipophilicity-astrazeneca,1701,Y,mean_absolute_error,0.588548
polaris,PCA_MLP_Prefitted,tdcommons/ppbr-az,1701,Y,mean_absolute_error,8.68617
polaris,PCA_MLP_Prefitted,tdcommons/clearance-hepatocyte-az,1701,Y,spearmanr,0.322263
polaris,PCA_MLP_Prefitted,tdcommons/cyp2d6-substrate-carbonmangels,1701,Y,pr_auc,0.567931
polaris,PCA_MLP_Prefitted,tdcommons/half-life-obach,1701,Y,spearmanr,0.256296
polaris,PCA_MLP_Prefitted,tdcommons/cyp2c9-substrate-carbonmangels,1701,Y,pr_auc,0.338782
polaris,PCA_MLP_Prefitted,tdcommons/clearance-microsome-az,1701,Y,spearmanr,0.470859
polaris,PCA_MLP_Prefitted,tdcommons/dili,1701,Y,roc_auc,0.886087
polaris,PCA_MLP_Prefitted,tdcommons/bioavailability-ma,1701,Y,roc_auc,0.657133
polaris,PCA_MLP_Prefitted,tdcommons/vdss-lombardo,1701,Y,spearmanr,0.478566
polaris,PCA_MLP_Prefitted,tdcommons/cyp3a4-substrate-carbonmangels,1701,Y,roc_auc,0.614263
polaris,PCA_MLP_Prefitted,tdcommons/pgp-broccatelli,1701,Y,roc_auc,0.914023
polaris,PCA_MLP_Prefitted,tdcommons/caco2-wang,1701,Y,mean_absolute_error,0.315882
polaris,PCA_MLP_Prefitted,tdcommons/herg,1701,Y,roc_auc,0.846392
polaris,PCA_MLP_Prefitted,tdcommons/bbb-martins,1701,Y,roc_auc,0.916667
polaris,PCA_MLP_Prefitted,tdcommons/ames,1701,Y,roc_auc,0.85034
polaris,PCA_MLP_Prefitted,tdcommons/ld50-zhu,1701,Y,mean_absolute_error,0.65425
polaris,PCA_MLP_Prefitted,polaris/pkis2-ret-wt-cls-v2,9001,CLS_RET,accuracy,0.858491
polaris,PCA_MLP_Prefitted,polaris/pkis2-ret-wt-cls-v2,9001,CLS_RET,pr_auc,0.632699
polaris,PCA_MLP_Prefitted,polaris/pkis2-ret-wt-cls-v2,9001,CLS_RET,cohen_kappa,0.288272
polaris,PCA_MLP_Prefitted,polaris/pkis2-ret-wt-cls-v2,9001,CLS_RET,mcc,0.337956
polaris,PCA_MLP_Prefitted,polaris/pkis2-ret-wt-cls-v2,9001,CLS_RET,roc_auc,0.849306
polaris,PCA_MLP_Prefitted,polaris/pkis2-ret-wt-cls-v2,9001,CLS_RET,f1,0.347826
polaris,PCA_MLP_Prefitted,polaris/pkis2-ret-wt-reg-v2,9001,RET,spearmanr,0.588257
polaris,PCA_MLP_Prefitted,polaris/pkis2-ret-wt-reg-v2,9001,RET,explained_var,0.343496
polaris,PCA_MLP_Prefitted,polaris/pkis2-ret-wt-reg-v2,9001,RET,mean_absolute_error,21.8168
polaris,PCA_MLP_Prefitted,polaris/pkis2-ret-wt-reg-v2,9001,RET,mean_squared_error,798.397
polaris,PCA_MLP_Prefitted,polaris/pkis2-ret-wt-reg-v2,9001,RET,pearsonr,0.587225
polaris,PCA_MLP_Prefitted,polaris/pkis2-ret-wt-reg-v2,9001,RET,r2,0.327612
polaris,PCA_MLP_Prefitted,polaris/pkis2-kit-wt-cls-v2,9001,CLS_KIT,accuracy,0.784483
polaris,PCA_MLP_Prefitted,polaris/pkis2-kit-wt-cls-v2,9001,CLS_KIT,pr_auc,0.439107
polaris,PCA_MLP_Prefitted,polaris/pkis2-kit-wt-cls-v2,9001,CLS_KIT,cohen_kappa,0.201542
polaris,PCA_MLP_Prefitted,polaris/pkis2-kit-wt-cls-v2,9001,CLS_KIT,mcc,0.206776
polaris,PCA_MLP_Prefitted,polaris/pkis2-kit-wt-cls-v2,9001,CLS_KIT,roc_auc,0.757253
polaris,PCA_MLP_Prefitted,polaris/pkis2-kit-wt-cls-v2,9001,CLS_KIT,f1,0.324324
polaris,PCA_MLP_Prefitted,polaris/pkis2-kit-wt-reg-v2,9001,KIT,spearmanr,0.416711
polaris,PCA_MLP_Prefitted,polaris/pkis2-kit-wt-reg-v2,9001,KIT,explained_var,0.146952
polaris,PCA_MLP_Prefitted,polaris/pkis2-kit-wt-reg-v2,9001,KIT,mean_absolute_error,25.9589
polaris,PCA_MLP_Prefitted,polaris/pkis2-kit-wt-reg-v2,9001,KIT,mean_squared_error,1042.82
polaris,PCA_MLP_Prefitted,polaris/pkis2-kit-wt-reg-v2,9001,KIT,pearsonr,0.432615
polaris,PCA_MLP_Prefitted,polaris/pkis2-kit-wt-reg-v2,9001,KIT,r2,0.135797
polaris,PCA_MLP_Prefitted,polaris/pkis2-egfr-wt-reg-v2,9001,EGFR,spearmanr,0.299501
polaris,PCA_MLP_Prefitted,polaris/pkis2-egfr-wt-reg-v2,9001,EGFR,explained_var,0.273796
polaris,PCA_MLP_Prefitted,polaris/pkis2-egfr-wt-reg-v2,9001,EGFR,mean_absolute_error,18.9074
polaris,PCA_MLP_Prefitted,polaris/pkis2-egfr-wt-reg-v2,9001,EGFR,mean_squared_error,586.289
polaris,PCA_MLP_Prefitted,polaris/pkis2-egfr-wt-reg-v2,9001,EGFR,pearsonr,0.528815
polaris,PCA_MLP_Prefitted,polaris/pkis2-egfr-wt-reg-v2,9001,EGFR,r2,0.272386
polaris,PCA_MLP_Prefitted,polaris/adme-fang-solu-1,9001,LOG_SOLUBILITY,spearmanr,0.445731
polaris,PCA_MLP_Prefitted,polaris/adme-fang-solu-1,9001,LOG_SOLUBILITY,explained_var,0.288177
polaris,PCA_MLP_Prefitted,polaris/adme-fang-solu-1,9001,LOG_SOLUBILITY,mean_absolute_error,0.441684
polaris,PCA_MLP_Prefitted,polaris/adme-fang-solu-1,9001,LOG_SOLUBILITY,mean_squared_error,0.391269
polaris,PCA_MLP_Prefitted,polaris/adme-fang-solu-1,9001,LOG_SOLUBILITY,pearsonr,0.538329
polaris,PCA_MLP_Prefitted,polaris/adme-fang-solu-1,9001,LOG_SOLUBILITY,r2,0.278339
polaris,PCA_MLP_Prefitted,polaris/adme-fang-rppb-1,9001,LOG_RPPB,spearmanr,0.850435
polaris,PCA_MLP_Prefitted,polaris/adme-fang-rppb-1,9001,LOG_RPPB,explained_var,0.702317
polaris,PCA_MLP_Prefitted,polaris/adme-fang-rppb-1,9001,LOG_RPPB,mean_absolute_error,0.396621
polaris,PCA_MLP_Prefitted,polaris/adme-fang-rppb-1,9001,LOG_RPPB,mean_squared_error,0.268513
polaris,PCA_MLP_Prefitted,polaris/adme-fang-rppb-1,9001,LOG_RPPB,pearsonr,0.874904
polaris,PCA_MLP_Prefitted,polaris/adme-fang-rppb-1,9001,LOG_RPPB,r2,0.697785
polaris,PCA_MLP_Prefitted,polaris/adme-fang-hppb-1,9001,LOG_HPPB,spearmanr,0.784017
polaris,PCA_MLP_Prefitted,polaris/adme-fang-hppb-1,9001,LOG_HPPB,explained_var,0.62243
polaris,PCA_MLP_Prefitted,polaris/adme-fang-hppb-1,9001,LOG_HPPB,mean_absolute_error,0.442394
polaris,PCA_MLP_Prefitted,polaris/adme-fang-hppb-1,9001,LOG_HPPB,mean_squared_error,0.264639
polaris,PCA_MLP_Prefitted,polaris/adme-fang-hppb-1,9001,LOG_HPPB,pearsonr,0.795646
polaris,PCA_MLP_Prefitted,polaris/adme-fang-hppb-1,9001,LOG_HPPB,r2,0.563041
polaris,PCA_MLP_Prefitted,polaris/adme-fang-perm-1,9001,LOG_MDR1-MDCK_ER,spearmanr,0.723086
polaris,PCA_MLP_Prefitted,polaris/adme-fang-perm-1,9001,LOG_MDR1-MDCK_ER,explained_var,0.518221
polaris,PCA_MLP_Prefitted,polaris/adme-fang-perm-1,9001,LOG_MDR1-MDCK_ER,mean_absolute_error,0.382375
polaris,PCA_MLP_Prefitted,polaris/adme-fang-perm-1,9001,LOG_MDR1-MDCK_ER,mean_squared_error,0.239059
polaris,PCA_MLP_Prefitted,polaris/adme-fang-perm-1,9001,LOG_MDR1-MDCK_ER,pearsonr,0.719888
polaris,PCA_MLP_Prefitted,polaris/adme-fang-perm-1,9001,LOG_MDR1-MDCK_ER,r2,0.517435
polaris,PCA_MLP_Prefitted,polaris/adme-fang-rclint-1,9001,LOG_RLM_CLint,spearmanr,0.662933
polaris,PCA_MLP_Prefitted,polaris/adme-fang-rclint-1,9001,LOG_RLM_CLint,explained_var,0.436133
polaris,PCA_MLP_Prefitted,polaris/adme-fang-rclint-1,9001,LOG_RLM_CLint,mean_absolute_error,0.443854
polaris,PCA_MLP_Prefitted,polaris/adme-fang-rclint-1,9001,LOG_RLM_CLint,mean_squared_error,0.319144
polaris,PCA_MLP_Prefitted,polaris/adme-fang-rclint-1,9001,LOG_RLM_CLint,pearsonr,0.661129
polaris,PCA_MLP_Prefitted,polaris/adme-fang-rclint-1,9001,LOG_RLM_CLint,r2,0.434686
polaris,PCA_MLP_Prefitted,polaris/adme-fang-hclint-1,9001,LOG_HLM_CLint,spearmanr,0.660092
polaris,PCA_MLP_Prefitted,polaris/adme-fang-hclint-1,9001,LOG_HLM_CLint,explained_var,0.396488
polaris,PCA_MLP_Prefitted,polaris/adme-fang-hclint-1,9001,LOG_HLM_CLint,mean_absolute_error,0.384731
polaris,PCA_MLP_Prefitted,polaris/adme-fang-hclint-1,9001,LOG_HLM_CLint,mean_squared_error,0.23463
polaris,PCA_MLP_Prefitted,polaris/adme-fang-hclint-1,9001,LOG_HLM_CLint,pearsonr,0.6376
polaris,PCA_MLP_Prefitted,polaris/adme-fang-hclint-1,9001,LOG_HLM_CLint,r2,0.395922
polaris,PCA_MLP_Prefitted,tdcommons/lipophilicity-astrazeneca,9001,Y,mean_absolute_error,0.573688
polaris,PCA_MLP_Prefitted,tdcommons/ppbr-az,9001,Y,mean_absolute_error,8.80404
polaris,PCA_MLP_Prefitted,tdcommons/clearance-hepatocyte-az,9001,Y,spearmanr,0.347427
polaris,PCA_MLP_Prefitted,tdcommons/cyp2d6-substrate-carbonmangels,9001,Y,pr_auc,0.626791
polaris,PCA_MLP_Prefitted,tdcommons/half-life-obach,9001,Y,spearmanr,-0.0427996
polaris,PCA_MLP_Prefitted,tdcommons/cyp2c9-substrate-carbonmangels,9001,Y,pr_auc,0.435626
polaris,PCA_MLP_Prefitted,tdcommons/clearance-microsome-az,9001,Y,spearmanr,0.526408
polaris,PCA_MLP_Prefitted,tdcommons/dili,9001,Y,roc_auc,0.886957
polaris,PCA_MLP_Prefitted,tdcommons/bioavailability-ma,9001,Y,roc_auc,0.566345
polaris,PCA_MLP_Prefitted,tdcommons/vdss-lombardo,9001,Y,spearmanr,0.380917
polaris,PCA_MLP_Prefitted,tdcommons/cyp3a4-substrate-carbonmangels,9001,Y,roc_auc,0.605674
polaris,PCA_MLP_Prefitted,tdcommons/pgp-broccatelli,9001,Y,roc_auc,0.922487
polaris,PCA_MLP_Prefitted,tdcommons/caco2-wang,9001,Y,mean_absolute_error,0.301831
polaris,PCA_MLP_Prefitted,tdcommons/herg,9001,Y,roc_auc,0.826657
polaris,PCA_MLP_Prefitted,tdcommons/bbb-martins,9001,Y,roc_auc,0.916979
polaris,PCA_MLP_Prefitted,tdcommons/ames,9001,Y,roc_auc,0.850831
polaris,PCA_MLP_Prefitted,tdcommons/ld50-zhu,9001,Y,mean_absolute_error,0.641724
polaris,RF,polaris/pkis2-ret-wt-cls-v2,42,CLS_RET,roc_auc,0.887971
polaris,RF,polaris/pkis2-ret-wt-cls-v2,42,CLS_RET,cohen_kappa,0.448395
polaris,RF,polaris/pkis2-ret-wt-cls-v2,42,CLS_RET,pr_auc,0.693535
polaris,RF,polaris/pkis2-ret-wt-cls-v2,42,CLS_RET,f1,0.5
polaris,RF,polaris/pkis2-ret-wt-cls-v2,42,CLS_RET,mcc,0.504899
polaris,RF,polaris/pkis2-ret-wt-cls-v2,42,CLS_RET,accuracy,0.886792
polaris,RF,polaris/pkis2-ret-wt-reg-v2,42,RET,mean_absolute_error,21.2742
polaris,RF,polaris/pkis2-ret-wt-reg-v2,42,RET,spearmanr,0.621943
polaris,RF,polaris/pkis2-ret-wt-reg-v2,42,RET,pearsonr,0.665048
polaris,RF,polaris/pkis2-ret-wt-reg-v2,42,RET,explained_var,0.383184
polaris,RF,polaris/pkis2-ret-wt-reg-v2,42,RET,mean_squared_error,776.859
polaris,RF,polaris/pkis2-ret-wt-reg-v2,42,RET,r2,0.34575
polaris,RF,polaris/pkis2-kit-wt-cls-v2,42,CLS_KIT,roc_auc,0.813588
polaris,RF,polaris/pkis2-kit-wt-cls-v2,42,CLS_KIT,cohen_kappa,0.456674
polaris,RF,polaris/pkis2-kit-wt-cls-v2,42,CLS_KIT,pr_auc,0.612015
polaris,RF,polaris/pkis2-kit-wt-cls-v2,42,CLS_KIT,f1,0.529412
polaris,RF,polaris/pkis2-kit-wt-cls-v2,42,CLS_KIT,mcc,0.485525
polaris,RF,polaris/pkis2-kit-wt-cls-v2,42,CLS_KIT,accuracy,0.862069
polaris,RF,polaris/pkis2-kit-wt-reg-v2,42,KIT,mean_absolute_error,23.1698
polaris,RF,polaris/pkis2-kit-wt-reg-v2,42,KIT,spearmanr,0.569582
polaris,RF,polaris/pkis2-kit-wt-reg-v2,42,KIT,pearsonr,0.596252
polaris,RF,polaris/pkis2-kit-wt-reg-v2,42,KIT,explained_var,0.342902
polaris,RF,polaris/pkis2-kit-wt-reg-v2,42,KIT,mean_squared_error,803.325
polaris,RF,polaris/pkis2-kit-wt-reg-v2,42,KIT,r2,0.334271
polaris,RF,polaris/pkis2-egfr-wt-reg-v2,42,EGFR,mean_absolute_error,17.5041
polaris,RF,polaris/pkis2-egfr-wt-reg-v2,42,EGFR,spearmanr,0.366003
polaris,RF,polaris/pkis2-egfr-wt-reg-v2,42,EGFR,pearsonr,0.627311
polaris,RF,polaris/pkis2-egfr-wt-reg-v2,42,EGFR,explained_var,0.359081
polaris,RF,polaris/pkis2-egfr-wt-reg-v2,42,EGFR,mean_squared_error,516.684
polaris,RF,polaris/pkis2-egfr-wt-reg-v2,42,EGFR,r2,0.358769
polaris,RF,polaris/adme-fang-solu-1,42,LOG_SOLUBILITY,mean_absolute_error,0.436677
polaris,RF,polaris/adme-fang-solu-1,42,LOG_SOLUBILITY,spearmanr,0.470637
polaris,RF,polaris/adme-fang-solu-1,42,LOG_SOLUBILITY,pearsonr,0.578278
polaris,RF,polaris/adme-fang-solu-1,42,LOG_SOLUBILITY,explained_var,0.28328
polaris,RF,polaris/adme-fang-solu-1,42,LOG_SOLUBILITY,mean_squared_error,0.390701
polaris,RF,polaris/adme-fang-solu-1,42,LOG_SOLUBILITY,r2,0.279387
polaris,RF,polaris/adme-fang-rppb-1,42,LOG_RPPB,mean_absolute_error,0.600382
polaris,RF,polaris/adme-fang-rppb-1,42,LOG_RPPB,spearmanr,0.790435
polaris,RF,polaris/adme-fang-rppb-1,42,LOG_RPPB,pearsonr,0.764523
polaris,RF,polaris/adme-fang-rppb-1,42,LOG_RPPB,explained_var,0.378364
polaris,RF,polaris/adme-fang-rppb-1,42,LOG_RPPB,mean_squared_error,0.553144
polaris,RF,polaris/adme-fang-rppb-1,42,LOG_RPPB,r2,0.377427
polaris,RF,polaris/adme-fang-hppb-1,42,LOG_HPPB,mean_absolute_error,0.549565
polaris,RF,polaris/adme-fang-hppb-1,42,LOG_HPPB,spearmanr,0.708534
polaris,RF,polaris/adme-fang-hppb-1,42,LOG_HPPB,pearsonr,0.717435
polaris,RF,polaris/adme-fang-hppb-1,42,LOG_HPPB,explained_var,0.451602
polaris,RF,polaris/adme-fang-hppb-1,42,LOG_HPPB,mean_squared_error,0.358463
polaris,RF,polaris/adme-fang-hppb-1,42,LOG_HPPB,r2,0.408125
polaris,RF,polaris/adme-fang-perm-1,42,LOG_MDR1-MDCK_ER,mean_absolute_error,0.413193
polaris,RF,polaris/adme-fang-perm-1,42,LOG_MDR1-MDCK_ER,spearmanr,0.701764
polaris,RF,polaris/adme-fang-perm-1,42,LOG_MDR1-MDCK_ER,pearsonr,0.71761
polaris,RF,polaris/adme-fang-perm-1,42,LOG_MDR1-MDCK_ER,explained_var,0.463924
polaris,RF,polaris/adme-fang-perm-1,42,LOG_MDR1-MDCK_ER,mean_squared_error,0.265689
polaris,RF,polaris/adme-fang-perm-1,42,LOG_MDR1-MDCK_ER,r2,0.46368
polaris,RF,polaris/adme-fang-rclint-1,42,LOG_RLM_CLint,mean_absolute_error,0.490553
polaris,RF,polaris/adme-fang-rclint-1,42,LOG_RLM_CLint,spearmanr,0.643031
polaris,RF,polaris/adme-fang-rclint-1,42,LOG_RLM_CLint,pearsonr,0.645004
polaris,RF,polaris/adme-fang-rclint-1,42,LOG_RLM_CLint,explained_var,0.365557
polaris,RF,polaris/adme-fang-rclint-1,42,LOG_RLM_CLint,mean_squared_error,0.358187
polaris,RF,polaris/adme-fang-rclint-1,42,LOG_RLM_CLint,r2,0.365528
polaris,RF,polaris/adme-fang-hclint-1,42,LOG_HLM_CLint,mean_absolute_error,0.414382
polaris,RF,polaris/adme-fang-hclint-1,42,LOG_HLM_CLint,spearmanr,0.632895
polaris,RF,polaris/adme-fang-hclint-1,42,LOG_HLM_CLint,pearsonr,0.634498
polaris,RF,polaris/adme-fang-hclint-1,42,LOG_HLM_CLint,explained_var,0.361161
polaris,RF,polaris/adme-fang-hclint-1,42,LOG_HLM_CLint,mean_squared_error,0.24914
polaris,RF,polaris/adme-fang-hclint-1,42,LOG_HLM_CLint,r2,0.358564
polaris,RF,tdcommons/lipophilicity-astrazeneca,42,Y,mean_absolute_error,0.712358
polaris,RF,tdcommons/ppbr-az,42,Y,mean_absolute_error,9.39545
polaris,RF,tdcommons/clearance-hepatocyte-az,42,Y,spearmanr,0.465207
polaris,RF,tdcommons/cyp2d6-substrate-carbonmangels,42,Y,pr_auc,0.69929
polaris,RF,tdcommons/half-life-obach,42,Y,spearmanr,0.365739
polaris,RF,tdcommons/cyp2c9-substrate-carbonmangels,42,Y,pr_auc,0.416084
polaris,RF,tdcommons/clearance-microsome-az,42,Y,spearmanr,0.58562
polaris,RF,tdcommons/dili,42,Y,roc_auc,0.924783
polaris,RF,tdcommons/bioavailability-ma,42,Y,roc_auc,0.708015
polaris,RF,tdcommons/vdss-lombardo,42,Y,spearmanr,0.497091
polaris,RF,tdcommons/cyp3a4-substrate-carbonmangels,42,Y,roc_auc,0.66354
polaris,RF,tdcommons/pgp-broccatelli,42,Y,roc_auc,0.923654
polaris,RF,tdcommons/caco2-wang,42,Y,mean_absolute_error,0.315368
polaris,RF,tdcommons/herg,42,Y,roc_auc,0.849632
polaris,RF,tdcommons/bbb-martins,42,Y,roc_auc,0.916784
polaris,RF,tdcommons/ames,42,Y,roc_auc,0.850128
polaris,RF,tdcommons/ld50-zhu,42,Y,mean_absolute_error,0.636944
polaris,RF,polaris/pkis2-ret-wt-cls-v2,117,CLS_RET,roc_auc,0.891276
polaris,RF,polaris/pkis2-ret-wt-cls-v2,117,CLS_RET,cohen_kappa,0.356461
polaris,RF,polaris/pkis2-ret-wt-cls-v2,117,CLS_RET,pr_auc,0.689136
polaris,RF,polaris/pkis2-ret-wt-cls-v2,117,CLS_RET,f1,0.416667
polaris,RF,polaris/pkis2-ret-wt-cls-v2,117,CLS_RET,mcc,0.40138
polaris,RF,polaris/pkis2-ret-wt-cls-v2,117,CLS_RET,accuracy,0.867925
polaris,RF,polaris/pkis2-ret-wt-reg-v2,117,RET,mean_absolute_error,21.2368
polaris,RF,polaris/pkis2-ret-wt-reg-v2,117,RET,spearmanr,0.631151
polaris,RF,polaris/pkis2-ret-wt-reg-v2,117,RET,pearsonr,0.65735
polaris,RF,polaris/pkis2-ret-wt-reg-v2,117,RET,explained_var,0.376829
polaris,RF,polaris/pkis2-ret-wt-reg-v2,117,RET,mean_squared_error,785.182
polaris,RF,polaris/pkis2-ret-wt-reg-v2,117,RET,r2,0.338741
polaris,RF,polaris/pkis2-kit-wt-cls-v2,117,CLS_KIT,roc_auc,0.826161
polaris,RF,polaris/pkis2-kit-wt-cls-v2,117,CLS_KIT,cohen_kappa,0.456674
polaris,RF,polaris/pkis2-kit-wt-cls-v2,117,CLS_KIT,pr_auc,0.642968
polaris,RF,polaris/pkis2-kit-wt-cls-v2,117,CLS_KIT,f1,0.529412
polaris,RF,polaris/pkis2-kit-wt-cls-v2,117,CLS_KIT,mcc,0.485525
polaris,RF,polaris/pkis2-kit-wt-cls-v2,117,CLS_KIT,accuracy,0.862069
polaris,RF,polaris/pkis2-kit-wt-reg-v2,117,KIT,mean_absolute_error,23.4694
polaris,RF,polaris/pkis2-kit-wt-reg-v2,117,KIT,spearmanr,0.555134
polaris,RF,polaris/pkis2-kit-wt-reg-v2,117,KIT,pearsonr,0.583299
polaris,RF,polaris/pkis2-kit-wt-reg-v2,117,KIT,explained_var,0.331631
polaris,RF,polaris/pkis2-kit-wt-reg-v2,117,KIT,mean_squared_error,813.837
polaris,RF,polaris/pkis2-kit-wt-reg-v2,117,KIT,r2,0.325559
polaris,RF,polaris/pkis2-egfr-wt-reg-v2,117,EGFR,mean_absolute_error,17.3197
polaris,RF,polaris/pkis2-egfr-wt-reg-v2,117,EGFR,spearmanr,0.378752
polaris,RF,polaris/pkis2-egfr-wt-reg-v2,117,EGFR,pearsonr,0.64138
polaris,RF,polaris/pkis2-egfr-wt-reg-v2,117,EGFR,explained_var,0.371868
polaris,RF,polaris/pkis2-egfr-wt-reg-v2,117,EGFR,mean_squared_error,506.142
polaris,RF,polaris/pkis2-egfr-wt-reg-v2,117,EGFR,r2,0.371852
polaris,RF,polaris/adme-fang-solu-1,117,LOG_SOLUBILITY,mean_absolute_error,0.440295
polaris,RF,polaris/adme-fang-solu-1,117,LOG_SOLUBILITY,spearmanr,0.461253
polaris,RF,polaris/adme-fang-solu-1,117,LOG_SOLUBILITY,pearsonr,0.573995
polaris,RF,polaris/adme-fang-solu-1,117,LOG_SOLUBILITY,explained_var,0.277887
polaris,RF,polaris/adme-fang-solu-1,117,LOG_SOLUBILITY,mean_squared_error,0.393552
polaris,RF,polaris/adme-fang-solu-1,117,LOG_SOLUBILITY,r2,0.274128
polaris,RF,polaris/adme-fang-rppb-1,117,LOG_RPPB,mean_absolute_error,0.579625
polaris,RF,polaris/adme-fang-rppb-1,117,LOG_RPPB,spearmanr,0.78087
polaris,RF,polaris/adme-fang-rppb-1,117,LOG_RPPB,pearsonr,0.78584
polaris,RF,polaris/adme-fang-rppb-1,117,LOG_RPPB,explained_var,0.411627
polaris,RF,polaris/adme-fang-rppb-1,117,LOG_RPPB,mean_squared_error,0.523012
polaris,RF,polaris/adme-fang-rppb-1,117,LOG_RPPB,r2,0.411343
polaris,RF,polaris/adme-fang-hppb-1,117,LOG_HPPB,mean_absolute_error,0.549762
polaris,RF,polaris/adme-fang-hppb-1,117,LOG_HPPB,spearmanr,0.688059
polaris,RF,polaris/adme-fang-hppb-1,117,LOG_HPPB,pearsonr,0.715459
polaris,RF,polaris/adme-fang-hppb-1,117,LOG_HPPB,explained_var,0.454777
polaris,RF,polaris/adme-fang-hppb-1,117,LOG_HPPB,mean_squared_error,0.358023
polaris,RF,polaris/adme-fang-hppb-1,117,LOG_HPPB,r2,0.40885
polaris,RF,polaris/adme-fang-perm-1,117,LOG_MDR1-MDCK_ER,mean_absolute_error,0.412702
polaris,RF,polaris/adme-fang-perm-1,117,LOG_MDR1-MDCK_ER,spearmanr,0.701423
polaris,RF,polaris/adme-fang-perm-1,117,LOG_MDR1-MDCK_ER,pearsonr,0.715656
polaris,RF,polaris/adme-fang-perm-1,117,LOG_MDR1-MDCK_ER,explained_var,0.46155
polaris,RF,polaris/adme-fang-perm-1,117,LOG_MDR1-MDCK_ER,mean_squared_error,0.266855
polaris,RF,polaris/adme-fang-perm-1,117,LOG_MDR1-MDCK_ER,r2,0.461325
polaris,RF,polaris/adme-fang-rclint-1,117,LOG_RLM_CLint,mean_absolute_error,0.490444
polaris,RF,polaris/adme-fang-rclint-1,117,LOG_RLM_CLint,spearmanr,0.652205
polaris,RF,polaris/adme-fang-rclint-1,117,LOG_RLM_CLint,pearsonr,0.65063
polaris,RF,polaris/adme-fang-rclint-1,117,LOG_RLM_CLint,explained_var,0.369112
polaris,RF,polaris/adme-fang-rclint-1,117,LOG_RLM_CLint,mean_squared_error,0.356191
polaris,RF,polaris/adme-fang-rclint-1,117,LOG_RLM_CLint,r2,0.369063
polaris,RF,polaris/adme-fang-hclint-1,117,LOG_HLM_CLint,mean_absolute_error,0.414211
polaris,RF,polaris/adme-fang-hclint-1,117,LOG_HLM_CLint,spearmanr,0.640073
polaris,RF,polaris/adme-fang-hclint-1,117,LOG_HLM_CLint,pearsonr,0.637868
polaris,RF,polaris/adme-fang-hclint-1,117,LOG_HLM_CLint,explained_var,0.362794
polaris,RF,polaris/adme-fang-hclint-1,117,LOG_HLM_CLint,mean_squared_error,0.24843
polaris,RF,polaris/adme-fang-hclint-1,117,LOG_HLM_CLint,r2,0.360391
polaris,RF,tdcommons/lipophilicity-astrazeneca,117,Y,mean_absolute_error,0.7144
polaris,RF,tdcommons/ppbr-az,117,Y,mean_absolute_error,9.24801
polaris,RF,tdcommons/clearance-hepatocyte-az,117,Y,spearmanr,0.444838
polaris,RF,tdcommons/cyp2d6-substrate-carbonmangels,117,Y,pr_auc,0.690338
polaris,RF,tdcommons/half-life-obach,117,Y,spearmanr,0.372464
polaris,RF,tdcommons/cyp2c9-substrate-carbonmangels,117,Y,pr_auc,0.398673
polaris,RF,tdcommons/clearance-microsome-az,117,Y,spearmanr,0.599694
polaris,RF,tdcommons/dili,117,Y,roc_auc,0.930652
polaris,RF,tdcommons/bioavailability-ma,117,Y,roc_auc,0.707848
polaris,RF,tdcommons/vdss-lombardo,117,Y,spearmanr,0.522593
polaris,RF,tdcommons/cyp3a4-substrate-carbonmangels,117,Y,roc_auc,0.674277
polaris,RF,tdcommons/pgp-broccatelli,117,Y,roc_auc,0.919988
polaris,RF,tdcommons/caco2-wang,117,Y,mean_absolute_error,0.323878
polaris,RF,tdcommons/herg,117,Y,roc_auc,0.843741
polaris,RF,tdcommons/bbb-martins,117,Y,roc_auc,0.905136
polaris,RF,tdcommons/ames,117,Y,roc_auc,0.852873
polaris,RF,tdcommons/ld50-zhu,117,Y,mean_absolute_error,0.63687
polaris,RF,polaris/pkis2-ret-wt-cls-v2,709,CLS_RET,roc_auc,0.88764
polaris,RF,polaris/pkis2-ret-wt-cls-v2,709,CLS_RET,cohen_kappa,0.383169
polaris,RF,polaris/pkis2-ret-wt-cls-v2,709,CLS_RET,pr_auc,0.684744
polaris,RF,polaris/pkis2-ret-wt-cls-v2,709,CLS_RET,f1,0.434783
polaris,RF,polaris/pkis2-ret-wt-cls-v2,709,CLS_RET,mcc,0.449209
polaris,RF,polaris/pkis2-ret-wt-cls-v2,709,CLS_RET,accuracy,0.877358
polaris,RF,polaris/pkis2-ret-wt-reg-v2,709,RET,mean_absolute_error,21.4439
polaris,RF,polaris/pkis2-ret-wt-reg-v2,709,RET,spearmanr,0.628514
polaris,RF,polaris/pkis2-ret-wt-reg-v2,709,RET,pearsonr,0.650367
polaris,RF,polaris/pkis2-ret-wt-reg-v2,709,RET,explained_var,0.370276
polaris,RF,polaris/pkis2-ret-wt-reg-v2,709,RET,mean_squared_error,794.045
polaris,RF,polaris/pkis2-ret-wt-reg-v2,709,RET,r2,0.331277
polaris,RF,polaris/pkis2-kit-wt-cls-v2,709,CLS_KIT,roc_auc,0.824952
polaris,RF,polaris/pkis2-kit-wt-cls-v2,709,CLS_KIT,cohen_kappa,0.456674
polaris,RF,polaris/pkis2-kit-wt-cls-v2,709,CLS_KIT,pr_auc,0.640785
polaris,RF,polaris/pkis2-kit-wt-cls-v2,709,CLS_KIT,f1,0.529412
polaris,RF,polaris/pkis2-kit-wt-cls-v2,709,CLS_KIT,mcc,0.485525
polaris,RF,polaris/pkis2-kit-wt-cls-v2,709,CLS_KIT,accuracy,0.862069
polaris,RF,polaris/pkis2-kit-wt-reg-v2,709,KIT,mean_absolute_error,23.63
polaris,RF,polaris/pkis2-kit-wt-reg-v2,709,KIT,spearmanr,0.542517
polaris,RF,polaris/pkis2-kit-wt-reg-v2,709,KIT,pearsonr,0.568619
polaris,RF,polaris/pkis2-kit-wt-reg-v2,709,KIT,explained_var,0.315787
polaris,RF,polaris/pkis2-kit-wt-reg-v2,709,KIT,mean_squared_error,836.905
polaris,RF,polaris/pkis2-kit-wt-reg-v2,709,KIT,r2,0.306442
polaris,RF,polaris/pkis2-egfr-wt-reg-v2,709,EGFR,mean_absolute_error,17.4331
polaris,RF,polaris/pkis2-egfr-wt-reg-v2,709,EGFR,spearmanr,0.366515
polaris,RF,polaris/pkis2-egfr-wt-reg-v2,709,EGFR,pearsonr,0.63419
polaris,RF,polaris/pkis2-egfr-wt-reg-v2,709,EGFR,explained_var,0.36438
polaris,RF,polaris/pkis2-egfr-wt-reg-v2,709,EGFR,mean_squared_error,512.338
polaris,RF,polaris/pkis2-egfr-wt-reg-v2,709,EGFR,r2,0.364162
polaris,RF,polaris/adme-fang-solu-1,709,LOG_SOLUBILITY,mean_absolute_error,0.440802
polaris,RF,polaris/adme-fang-solu-1,709,LOG_SOLUBILITY,spearmanr,0.456598
polaris,RF,polaris/adme-fang-solu-1,709,LOG_SOLUBILITY,pearsonr,0.568556
polaris,RF,polaris/adme-fang-solu-1,709,LOG_SOLUBILITY,explained_var,0.275029
polaris,RF,polaris/adme-fang-solu-1,709,LOG_SOLUBILITY,mean_squared_error,0.395088
polaris,RF,polaris/adme-fang-solu-1,709,LOG_SOLUBILITY,r2,0.271295
polaris,RF,polaris/adme-fang-rppb-1,709,LOG_RPPB,mean_absolute_error,0.581237
polaris,RF,polaris/adme-fang-rppb-1,709,LOG_RPPB,spearmanr,0.805217
polaris,RF,polaris/adme-fang-rppb-1,709,LOG_RPPB,pearsonr,0.776576
polaris,RF,polaris/adme-fang-rppb-1,709,LOG_RPPB,explained_var,0.413785
polaris,RF,polaris/adme-fang-rppb-1,709,LOG_RPPB,mean_squared_error,0.521235
polaris,RF,polaris/adme-fang-rppb-1,709,LOG_RPPB,r2,0.413342
polaris,RF,polaris/adme-fang-hppb-1,709,LOG_HPPB,mean_absolute_error,0.549706
polaris,RF,polaris/adme-fang-hppb-1,709,LOG_HPPB,spearmanr,0.743983
polaris,RF,polaris/adme-fang-hppb-1,709,LOG_HPPB,pearsonr,0.729374
polaris,RF,polaris/adme-fang-hppb-1,709,LOG_HPPB,explained_var,0.461866
polaris,RF,polaris/adme-fang-hppb-1,709,LOG_HPPB,mean_squared_error,0.3542
polaris,RF,polaris/adme-fang-hppb-1,709,LOG_HPPB,r2,0.415163
polaris,RF,polaris/adme-fang-perm-1,709,LOG_MDR1-MDCK_ER,mean_absolute_error,0.41298
polaris,RF,polaris/adme-fang-perm-1,709,LOG_MDR1-MDCK_ER,spearmanr,0.705669
polaris,RF,polaris/adme-fang-perm-1,709,LOG_MDR1-MDCK_ER,pearsonr,0.719495
polaris,RF,polaris/adme-fang-perm-1,709,LOG_MDR1-MDCK_ER,explained_var,0.464847
polaris,RF,polaris/adme-fang-perm-1,709,LOG_MDR1-MDCK_ER,mean_squared_error,0.26523
polaris,RF,polaris/adme-fang-perm-1,709,LOG_MDR1-MDCK_ER,r2,0.464606
polaris,RF,polaris/adme-fang-rclint-1,709,LOG_RLM_CLint,mean_absolute_error,0.491632
polaris,RF,polaris/adme-fang-rclint-1,709,LOG_RLM_CLint,spearmanr,0.648501
polaris,RF,polaris/adme-fang-rclint-1,709,LOG_RLM_CLint,pearsonr,0.648361
polaris,RF,polaris/adme-fang-rclint-1,709,LOG_RLM_CLint,explained_var,0.366776
polaris,RF,polaris/adme-fang-rclint-1,709,LOG_RLM_CLint,mean_squared_error,0.357534
polaris,RF,polaris/adme-fang-rclint-1,709,LOG_RLM_CLint,r2,0.366684
polaris,RF,polaris/adme-fang-hclint-1,709,LOG_HLM_CLint,mean_absolute_error,0.41541
polaris,RF,polaris/adme-fang-hclint-1,709,LOG_HLM_CLint,spearmanr,0.637782
polaris,RF,polaris/adme-fang-hclint-1,709,LOG_HLM_CLint,pearsonr,0.637145
polaris,RF,polaris/adme-fang-hclint-1,709,LOG_HLM_CLint,explained_var,0.362161
polaris,RF,polaris/adme-fang-hclint-1,709,LOG_HLM_CLint,mean_squared_error,0.248655
polaris,RF,polaris/adme-fang-hclint-1,709,LOG_HLM_CLint,r2,0.359814
polaris,RF,tdcommons/lipophilicity-astrazeneca,709,Y,mean_absolute_error,0.70954
polaris,RF,tdcommons/ppbr-az,709,Y,mean_absolute_error,9.27247
polaris,RF,tdcommons/clearance-hepatocyte-az,709,Y,spearmanr,0.455788
polaris,RF,tdcommons/cyp2d6-substrate-carbonmangels,709,Y,pr_auc,0.687474
polaris,RF,tdcommons/half-life-obach,709,Y,spearmanr,0.39943
polaris,RF,tdcommons/cyp2c9-substrate-carbonmangels,709,Y,pr_auc,0.413276
polaris,RF,tdcommons/clearance-microsome-az,709,Y,spearmanr,0.600144
polaris,RF,tdcommons/dili,709,Y,roc_auc,0.932391
polaris,RF,tdcommons/bioavailability-ma,709,Y,roc_auc,0.711839
polaris,RF,tdcommons/vdss-lombardo,709,Y,spearmanr,0.506865
polaris,RF,tdcommons/cyp3a4-substrate-carbonmangels,709,Y,roc_auc,0.677215
polaris,RF,tdcommons/pgp-broccatelli,709,Y,roc_auc,0.925387
polaris,RF,tdcommons/caco2-wang,709,Y,mean_absolute_error,0.320608
polaris,RF,tdcommons/herg,709,Y,roc_auc,0.851399
polaris,RF,tdcommons/bbb-martins,709,Y,roc_auc,0.914321
polaris,RF,tdcommons/ames,709,Y,roc_auc,0.848505
polaris,RF,tdcommons/ld50-zhu,709,Y,mean_absolute_error,0.634293
polaris,RF,polaris/pkis2-ret-wt-cls-v2,1701,CLS_RET,roc_auc,0.899868
polaris,RF,polaris/pkis2-ret-wt-cls-v2,1701,CLS_RET,cohen_kappa,0.356461
polaris,RF,polaris/pkis2-ret-wt-cls-v2,1701,CLS_RET,pr_auc,0.726303
polaris,RF,polaris/pkis2-ret-wt-cls-v2,1701,CLS_RET,f1,0.416667
polaris,RF,polaris/pkis2-ret-wt-cls-v2,1701,CLS_RET,mcc,0.40138
polaris,RF,polaris/pkis2-ret-wt-cls-v2,1701,CLS_RET,accuracy,0.867925
polaris,RF,polaris/pkis2-ret-wt-reg-v2,1701,RET,mean_absolute_error,21.2197
polaris,RF,polaris/pkis2-ret-wt-reg-v2,1701,RET,spearmanr,0.632351
polaris,RF,polaris/pkis2-ret-wt-reg-v2,1701,RET,pearsonr,0.661743
polaris,RF,polaris/pkis2-ret-wt-reg-v2,1701,RET,explained_var,0.380136
polaris,RF,polaris/pkis2-ret-wt-reg-v2,1701,RET,mean_squared_error,784.588
polaris,RF,polaris/pkis2-ret-wt-reg-v2,1701,RET,r2,0.339241
polaris,RF,polaris/pkis2-kit-wt-cls-v2,1701,CLS_KIT,roc_auc,0.821809
polaris,RF,polaris/pkis2-kit-wt-cls-v2,1701,CLS_KIT,cohen_kappa,0.456674
polaris,RF,polaris/pkis2-kit-wt-cls-v2,1701,CLS_KIT,pr_auc,0.646622
polaris,RF,polaris/pkis2-kit-wt-cls-v2,1701,CLS_KIT,f1,0.529412
polaris,RF,polaris/pkis2-kit-wt-cls-v2,1701,CLS_KIT,mcc,0.485525
polaris,RF,polaris/pkis2-kit-wt-cls-v2,1701,CLS_KIT,accuracy,0.862069
polaris,RF,polaris/pkis2-kit-wt-reg-v2,1701,KIT,mean_absolute_error,23.3412
polaris,RF,polaris/pkis2-kit-wt-reg-v2,1701,KIT,spearmanr,0.550101
polaris,RF,polaris/pkis2-kit-wt-reg-v2,1701,KIT,pearsonr,0.579565
polaris,RF,polaris/pkis2-kit-wt-reg-v2,1701,KIT,explained_var,0.328568
polaris,RF,polaris/pkis2-kit-wt-reg-v2,1701,KIT,mean_squared_error,818.198
polaris,RF,polaris/pkis2-kit-wt-reg-v2,1701,KIT,r2,0.321945
polaris,RF,polaris/pkis2-egfr-wt-reg-v2,1701,EGFR,mean_absolute_error,17.4596
polaris,RF,polaris/pkis2-egfr-wt-reg-v2,1701,EGFR,spearmanr,0.366749
polaris,RF,polaris/pkis2-egfr-wt-reg-v2,1701,EGFR,pearsonr,0.631889
polaris,RF,polaris/pkis2-egfr-wt-reg-v2,1701,EGFR,explained_var,0.362506
polaris,RF,polaris/pkis2-egfr-wt-reg-v2,1701,EGFR,mean_squared_error,513.745
polaris,RF,polaris/pkis2-egfr-wt-reg-v2,1701,EGFR,r2,0.362416
polaris,RF,polaris/adme-fang-solu-1,1701,LOG_SOLUBILITY,mean_absolute_error,0.439675
polaris,RF,polaris/adme-fang-solu-1,1701,LOG_SOLUBILITY,spearmanr,0.463418
polaris,RF,polaris/adme-fang-solu-1,1701,LOG_SOLUBILITY,pearsonr,0.572738
polaris,RF,polaris/adme-fang-solu-1,1701,LOG_SOLUBILITY,explained_var,0.278786
polaris,RF,polaris/adme-fang-solu-1,1701,LOG_SOLUBILITY,mean_squared_error,0.392917
polaris,RF,polaris/adme-fang-solu-1,1701,LOG_SOLUBILITY,r2,0.275299
polaris,RF,polaris/adme-fang-rppb-1,1701,LOG_RPPB,mean_absolute_error,0.590395
polaris,RF,polaris/adme-fang-rppb-1,1701,LOG_RPPB,spearmanr,0.746957
polaris,RF,polaris/adme-fang-rppb-1,1701,LOG_RPPB,pearsonr,0.75638
polaris,RF,polaris/adme-fang-rppb-1,1701,LOG_RPPB,explained_var,0.396565
polaris,RF,polaris/adme-fang-rppb-1,1701,LOG_RPPB,mean_squared_error,0.536646
polaris,RF,polaris/adme-fang-rppb-1,1701,LOG_RPPB,r2,0.395996
polaris,RF,polaris/adme-fang-hppb-1,1701,LOG_HPPB,mean_absolute_error,0.549548
polaris,RF,polaris/adme-fang-hppb-1,1701,LOG_HPPB,spearmanr,0.675223
polaris,RF,polaris/adme-fang-hppb-1,1701,LOG_HPPB,pearsonr,0.708935
polaris,RF,polaris/adme-fang-hppb-1,1701,LOG_HPPB,explained_var,0.453008
polaris,RF,polaris/adme-fang-hppb-1,1701,LOG_HPPB,mean_squared_error,0.356484
polaris,RF,polaris/adme-fang-hppb-1,1701,LOG_HPPB,r2,0.411392
polaris,RF,polaris/adme-fang-perm-1,1701,LOG_MDR1-MDCK_ER,mean_absolute_error,0.414668
polaris,RF,polaris/adme-fang-perm-1,1701,LOG_MDR1-MDCK_ER,spearmanr,0.701528
polaris,RF,polaris/adme-fang-perm-1,1701,LOG_MDR1-MDCK_ER,pearsonr,0.714739
polaris,RF,polaris/adme-fang-perm-1,1701,LOG_MDR1-MDCK_ER,explained_var,0.457576
polaris,RF,polaris/adme-fang-perm-1,1701,LOG_MDR1-MDCK_ER,mean_squared_error,0.268889
polaris,RF,polaris/adme-fang-perm-1,1701,LOG_MDR1-MDCK_ER,r2,0.457221
polaris,RF,polaris/adme-fang-rclint-1,1701,LOG_RLM_CLint,mean_absolute_error,0.490831
polaris,RF,polaris/adme-fang-rclint-1,1701,LOG_RLM_CLint,spearmanr,0.647302
polaris,RF,polaris/adme-fang-rclint-1,1701,LOG_RLM_CLint,pearsonr,0.646493
polaris,RF,polaris/adme-fang-rclint-1,1701,LOG_RLM_CLint,explained_var,0.36517
polaris,RF,polaris/adme-fang-rclint-1,1701,LOG_RLM_CLint,mean_squared_error,0.358416
polaris,RF,polaris/adme-fang-rclint-1,1701,LOG_RLM_CLint,r2,0.365123
polaris,RF,polaris/adme-fang-hclint-1,1701,LOG_HLM_CLint,mean_absolute_error,0.416438
polaris,RF,polaris/adme-fang-hclint-1,1701,LOG_HLM_CLint,spearmanr,0.630526
polaris,RF,polaris/adme-fang-hclint-1,1701,LOG_HLM_CLint,pearsonr,0.628797
polaris,RF,polaris/adme-fang-hclint-1,1701,LOG_HLM_CLint,explained_var,0.35567
polaris,RF,polaris/adme-fang-hclint-1,1701,LOG_HLM_CLint,mean_squared_error,0.251334
polaris,RF,polaris/adme-fang-hclint-1,1701,LOG_HLM_CLint,r2,0.352917
polaris,RF,tdcommons/lipophilicity-astrazeneca,1701,Y,mean_absolute_error,0.711878
polaris,RF,tdcommons/ppbr-az,1701,Y,mean_absolute_error,9.3083
polaris,RF,tdcommons/clearance-hepatocyte-az,1701,Y,spearmanr,0.454964
polaris,RF,tdcommons/cyp2d6-substrate-carbonmangels,1701,Y,pr_auc,0.702514
polaris,RF,tdcommons/half-life-obach,1701,Y,spearmanr,0.372086
polaris,RF,tdcommons/cyp2c9-substrate-carbonmangels,1701,Y,pr_auc,0.396789
polaris,RF,tdcommons/clearance-microsome-az,1701,Y,spearmanr,0.586871
polaris,RF,tdcommons/dili,1701,Y,roc_auc,0.922174
polaris,RF,tdcommons/bioavailability-ma,1701,Y,roc_auc,0.722481
polaris,RF,tdcommons/vdss-lombardo,1701,Y,spearmanr,0.553041
polaris,RF,tdcommons/cyp3a4-substrate-carbonmangels,1701,Y,roc_auc,0.668965
polaris,RF,tdcommons/pgp-broccatelli,1701,Y,roc_auc,0.926153
polaris,RF,tdcommons/caco2-wang,1701,Y,mean_absolute_error,0.318026
polaris,RF,tdcommons/herg,1701,Y,roc_auc,0.85891
polaris,RF,tdcommons/bbb-martins,1701,Y,roc_auc,0.911976
polaris,RF,tdcommons/ames,1701,Y,roc_auc,0.850724
polaris,RF,tdcommons/ld50-zhu,1701,Y,mean_absolute_error,0.634708
polaris,RF,polaris/pkis2-ret-wt-cls-v2,9001,CLS_RET,roc_auc,0.899537
polaris,RF,polaris/pkis2-ret-wt-cls-v2,9001,CLS_RET,cohen_kappa,0.383169
polaris,RF,polaris/pkis2-ret-wt-cls-v2,9001,CLS_RET,pr_auc,0.70733
polaris,RF,polaris/pkis2-ret-wt-cls-v2,9001,CLS_RET,f1,0.434783
polaris,RF,polaris/pkis2-ret-wt-cls-v2,9001,CLS_RET,mcc,0.449209
polaris,RF,polaris/pkis2-ret-wt-cls-v2,9001,CLS_RET,accuracy,0.877358
polaris,RF,polaris/pkis2-ret-wt-reg-v2,9001,RET,mean_absolute_error,21.2459
polaris,RF,polaris/pkis2-ret-wt-reg-v2,9001,RET,spearmanr,0.630377
polaris,RF,polaris/pkis2-ret-wt-reg-v2,9001,RET,pearsonr,0.660342
polaris,RF,polaris/pkis2-ret-wt-reg-v2,9001,RET,explained_var,0.377556
polaris,RF,polaris/pkis2-ret-wt-reg-v2,9001,RET,mean_squared_error,793.208
polaris,RF,polaris/pkis2-ret-wt-reg-v2,9001,RET,r2,0.331982
polaris,RF,polaris/pkis2-kit-wt-cls-v2,9001,CLS_KIT,roc_auc,0.834623
polaris,RF,polaris/pkis2-kit-wt-cls-v2,9001,CLS_KIT,cohen_kappa,0.456674
polaris,RF,polaris/pkis2-kit-wt-cls-v2,9001,CLS_KIT,pr_auc,0.658718
polaris,RF,polaris/pkis2-kit-wt-cls-v2,9001,CLS_KIT,f1,0.529412
polaris,RF,polaris/pkis2-kit-wt-cls-v2,9001,CLS_KIT,mcc,0.485525
polaris,RF,polaris/pkis2-kit-wt-cls-v2,9001,CLS_KIT,accuracy,0.862069
polaris,RF,polaris/pkis2-kit-wt-reg-v2,9001,KIT,mean_absolute_error,23.5292
polaris,RF,polaris/pkis2-kit-wt-reg-v2,9001,KIT,spearmanr,0.557092
polaris,RF,polaris/pkis2-kit-wt-reg-v2,9001,KIT,pearsonr,0.576576
polaris,RF,polaris/pkis2-kit-wt-reg-v2,9001,KIT,explained_var,0.324576
polaris,RF,polaris/pkis2-kit-wt-reg-v2,9001,KIT,mean_squared_error,824.249
polaris,RF,polaris/pkis2-kit-wt-reg-v2,9001,KIT,r2,0.31693
polaris,RF,polaris/pkis2-egfr-wt-reg-v2,9001,EGFR,mean_absolute_error,17.2865
polaris,RF,polaris/pkis2-egfr-wt-reg-v2,9001,EGFR,spearmanr,0.386062
polaris,RF,polaris/pkis2-egfr-wt-reg-v2,9001,EGFR,pearsonr,0.64663
polaris,RF,polaris/pkis2-egfr-wt-reg-v2,9001,EGFR,explained_var,0.380619
polaris,RF,polaris/pkis2-egfr-wt-reg-v2,9001,EGFR,mean_squared_error,499.179
polaris,RF,polaris/pkis2-egfr-wt-reg-v2,9001,EGFR,r2,0.380493
polaris,RF,polaris/adme-fang-solu-1,9001,LOG_SOLUBILITY,mean_absolute_error,0.43783
polaris,RF,polaris/adme-fang-solu-1,9001,LOG_SOLUBILITY,spearmanr,0.471071
polaris,RF,polaris/adme-fang-solu-1,9001,LOG_SOLUBILITY,pearsonr,0.579024
polaris,RF,polaris/adme-fang-solu-1,9001,LOG_SOLUBILITY,explained_var,0.280865
polaris,RF,polaris/adme-fang-solu-1,9001,LOG_SOLUBILITY,mean_squared_error,0.391942
polaris,RF,polaris/adme-fang-solu-1,9001,LOG_SOLUBILITY,r2,0.277098
polaris,RF,polaris/adme-fang-rppb-1,9001,LOG_RPPB,mean_absolute_error,0.579412
polaris,RF,polaris/adme-fang-rppb-1,9001,LOG_RPPB,spearmanr,0.76
polaris,RF,polaris/adme-fang-rppb-1,9001,LOG_RPPB,pearsonr,0.771112
polaris,RF,polaris/adme-fang-rppb-1,9001,LOG_RPPB,explained_var,0.414606
polaris,RF,polaris/adme-fang-rppb-1,9001,LOG_RPPB,mean_squared_error,0.520882
polaris,RF,polaris/adme-fang-rppb-1,9001,LOG_RPPB,r2,0.413739
polaris,RF,polaris/adme-fang-hppb-1,9001,LOG_HPPB,mean_absolute_error,0.543136
polaris,RF,polaris/adme-fang-hppb-1,9001,LOG_HPPB,spearmanr,0.704255
polaris,RF,polaris/adme-fang-hppb-1,9001,LOG_HPPB,pearsonr,0.720944
polaris,RF,polaris/adme-fang-hppb-1,9001,LOG_HPPB,explained_var,0.46572
polaris,RF,polaris/adme-fang-hppb-1,9001,LOG_HPPB,mean_squared_error,0.353337
polaris,RF,polaris/adme-fang-hppb-1,9001,LOG_HPPB,r2,0.416587
polaris,RF,polaris/adme-fang-perm-1,9001,LOG_MDR1-MDCK_ER,mean_absolute_error,0.413893
polaris,RF,polaris/adme-fang-perm-1,9001,LOG_MDR1-MDCK_ER,spearmanr,0.703269
polaris,RF,polaris/adme-fang-perm-1,9001,LOG_MDR1-MDCK_ER,pearsonr,0.718028
polaris,RF,polaris/adme-fang-perm-1,9001,LOG_MDR1-MDCK_ER,explained_var,0.462805
polaris,RF,polaris/adme-fang-perm-1,9001,LOG_MDR1-MDCK_ER,mean_squared_error,0.26625
polaris,RF,polaris/adme-fang-perm-1,9001,LOG_MDR1-MDCK_ER,r2,0.462547
polaris,RF,polaris/adme-fang-rclint-1,9001,LOG_RLM_CLint,mean_absolute_error,0.490152
polaris,RF,polaris/adme-fang-rclint-1,9001,LOG_RLM_CLint,spearmanr,0.648338
polaris,RF,polaris/adme-fang-rclint-1,9001,LOG_RLM_CLint,pearsonr,0.646474
polaris,RF,polaris/adme-fang-rclint-1,9001,LOG_RLM_CLint,explained_var,0.366681
polaris,RF,polaris/adme-fang-rclint-1,9001,LOG_RLM_CLint,mean_squared_error,0.357582
polaris,RF,polaris/adme-fang-rclint-1,9001,LOG_RLM_CLint,r2,0.3666
polaris,RF,polaris/adme-fang-hclint-1,9001,LOG_HLM_CLint,mean_absolute_error,0.415237
polaris,RF,polaris/adme-fang-hclint-1,9001,LOG_HLM_CLint,spearmanr,0.636028
polaris,RF,polaris/adme-fang-hclint-1,9001,LOG_HLM_CLint,pearsonr,0.632278
polaris,RF,polaris/adme-fang-hclint-1,9001,LOG_HLM_CLint,explained_var,0.358013
polaris,RF,polaris/adme-fang-hclint-1,9001,LOG_HLM_CLint,mean_squared_error,0.25045
polaris,RF,polaris/adme-fang-hclint-1,9001,LOG_HLM_CLint,r2,0.355191
polaris,RF,tdcommons/lipophilicity-astrazeneca,9001,Y,mean_absolute_error,0.714281
polaris,RF,tdcommons/ppbr-az,9001,Y,mean_absolute_error,9.19034
polaris,RF,tdcommons/clearance-hepatocyte-az,9001,Y,spearmanr,0.4533
polaris,RF,tdcommons/cyp2d6-substrate-carbonmangels,9001,Y,pr_auc,0.692299
polaris,RF,tdcommons/half-life-obach,9001,Y,spearmanr,0.339466
polaris,RF,tdcommons/cyp2c9-substrate-carbonmangels,9001,Y,pr_auc,0.413615
polaris,RF,tdcommons/clearance-microsome-az,9001,Y,spearmanr,0.589763
polaris,RF,tdcommons/dili,9001,Y,roc_auc,0.934565
polaris,RF,tdcommons/bioavailability-ma,9001,Y,roc_auc,0.719654
polaris,RF,tdcommons/vdss-lombardo,9001,Y,spearmanr,0.522732
polaris,RF,tdcommons/cyp3a4-substrate-carbonmangels,9001,Y,roc_auc,0.665348
polaris,RF,tdcommons/pgp-broccatelli,9001,Y,roc_auc,0.928486
polaris,RF,tdcommons/caco2-wang,9001,Y,mean_absolute_error,0.320337
polaris,RF,tdcommons/herg,9001,Y,roc_auc,0.855817
polaris,RF,tdcommons/bbb-martins,9001,Y,roc_auc,0.918074
polaris,RF,tdcommons/ames,9001,Y,roc_auc,0.847006
polaris,RF,tdcommons/ld50-zhu,9001,Y,mean_absolute_error,0.635621
polaris,RF_Mordred,polaris/pkis2-ret-wt-cls-v2,42,CLS_RET,f1,0.272727
polaris,RF_Mordred,polaris/pkis2-ret-wt-cls-v2,42,CLS_RET,pr_auc,0.424536
polaris,RF_Mordred,polaris/pkis2-ret-wt-cls-v2,42,CLS_RET,cohen_kappa,0.215541
polaris,RF_Mordred,polaris/pkis2-ret-wt-cls-v2,42,CLS_RET,mcc,0.266557
polaris,RF_Mordred,polaris/pkis2-ret-wt-cls-v2,42,CLS_RET,roc_auc,0.728685
polaris,RF_Mordred,polaris/pkis2-ret-wt-cls-v2,42,CLS_RET,accuracy,0.849057
polaris,RF_Mordred,polaris/pkis2-ret-wt-reg-v2,42,RET,mean_squared_error,948.733
polaris,RF_Mordred,polaris/pkis2-ret-wt-reg-v2,42,RET,explained_var,0.228378
polaris,RF_Mordred,polaris/pkis2-ret-wt-reg-v2,42,RET,mean_absolute_error,23.5413
polaris,RF_Mordred,polaris/pkis2-ret-wt-reg-v2,42,RET,r2,0.201003
polaris,RF_Mordred,polaris/pkis2-ret-wt-reg-v2,42,RET,pearsonr,0.477959
polaris,RF_Mordred,polaris/pkis2-ret-wt-reg-v2,42,RET,spearmanr,0.457443
polaris,RF_Mordred,polaris/pkis2-kit-wt-cls-v2,42,CLS_KIT,f1,0.432432
polaris,RF_Mordred,polaris/pkis2-kit-wt-cls-v2,42,CLS_KIT,pr_auc,0.528372
polaris,RF_Mordred,polaris/pkis2-kit-wt-cls-v2,42,CLS_KIT,cohen_kappa,0.329295
polaris,RF_Mordred,polaris/pkis2-kit-wt-cls-v2,42,CLS_KIT,mcc,0.337847
polaris,RF_Mordred,polaris/pkis2-kit-wt-cls-v2,42,CLS_KIT,roc_auc,0.790135
polaris,RF_Mordred,polaris/pkis2-kit-wt-cls-v2,42,CLS_KIT,accuracy,0.818966
polaris,RF_Mordred,polaris/pkis2-kit-wt-reg-v2,42,KIT,mean_squared_error,867.584
polaris,RF_Mordred,polaris/pkis2-kit-wt-reg-v2,42,KIT,explained_var,0.286036
polaris,RF_Mordred,polaris/pkis2-kit-wt-reg-v2,42,KIT,mean_absolute_error,23.5457
polaris,RF_Mordred,polaris/pkis2-kit-wt-reg-v2,42,KIT,r2,0.281018
polaris,RF_Mordred,polaris/pkis2-kit-wt-reg-v2,42,KIT,pearsonr,0.536991
polaris,RF_Mordred,polaris/pkis2-kit-wt-reg-v2,42,KIT,spearmanr,0.487856
polaris,RF_Mordred,polaris/pkis2-egfr-wt-reg-v2,42,EGFR,mean_squared_error,514.957
polaris,RF_Mordred,polaris/pkis2-egfr-wt-reg-v2,42,EGFR,explained_var,0.362066
polaris,RF_Mordred,polaris/pkis2-egfr-wt-reg-v2,42,EGFR,mean_absolute_error,17.6102
polaris,RF_Mordred,polaris/pkis2-egfr-wt-reg-v2,42,EGFR,r2,0.360912
polaris,RF_Mordred,polaris/pkis2-egfr-wt-reg-v2,42,EGFR,pearsonr,0.605712
polaris,RF_Mordred,polaris/pkis2-egfr-wt-reg-v2,42,EGFR,spearmanr,0.358143
polaris,RF_Mordred,polaris/adme-fang-solu-1,42,LOG_SOLUBILITY,mean_squared_error,0.38763
polaris,RF_Mordred,polaris/adme-fang-solu-1,42,LOG_SOLUBILITY,explained_var,0.285608
polaris,RF_Mordred,polaris/adme-fang-solu-1,42,LOG_SOLUBILITY,mean_absolute_error,0.435306
polaris,RF_Mordred,polaris/adme-fang-solu-1,42,LOG_SOLUBILITY,r2,0.285051
polaris,RF_Mordred,polaris/adme-fang-solu-1,42,LOG_SOLUBILITY,pearsonr,0.53621
polaris,RF_Mordred,polaris/adme-fang-solu-1,42,LOG_SOLUBILITY,spearmanr,0.455171
polaris,RF_Mordred,polaris/adme-fang-rppb-1,42,LOG_RPPB,mean_squared_error,0.499332
polaris,RF_Mordred,polaris/adme-fang-rppb-1,42,LOG_RPPB,explained_var,0.438003
polaris,RF_Mordred,polaris/adme-fang-rppb-1,42,LOG_RPPB,mean_absolute_error,0.508196
polaris,RF_Mordred,polaris/adme-fang-rppb-1,42,LOG_RPPB,r2,0.437994
polaris,RF_Mordred,polaris/adme-fang-rppb-1,42,LOG_RPPB,pearsonr,0.696383
polaris,RF_Mordred,polaris/adme-fang-rppb-1,42,LOG_RPPB,spearmanr,0.832174
polaris,RF_Mordred,polaris/adme-fang-hppb-1,42,LOG_HPPB,mean_squared_error,0.237494
polaris,RF_Mordred,polaris/adme-fang-hppb-1,42,LOG_HPPB,explained_var,0.65428
polaris,RF_Mordred,polaris/adme-fang-hppb-1,42,LOG_HPPB,mean_absolute_error,0.392077
polaris,RF_Mordred,polaris/adme-fang-hppb-1,42,LOG_HPPB,r2,0.607861
polaris,RF_Mordred,polaris/adme-fang-hppb-1,42,LOG_HPPB,pearsonr,0.810455
polaris,RF_Mordred,polaris/adme-fang-hppb-1,42,LOG_HPPB,spearmanr,0.814119
polaris,RF_Mordred,polaris/adme-fang-perm-1,42,LOG_MDR1-MDCK_ER,mean_squared_error,0.241688
polaris,RF_Mordred,polaris/adme-fang-perm-1,42,LOG_MDR1-MDCK_ER,explained_var,0.51234
polaris,RF_Mordred,polaris/adme-fang-perm-1,42,LOG_MDR1-MDCK_ER,mean_absolute_error,0.38705
polaris,RF_Mordred,polaris/adme-fang-perm-1,42,LOG_MDR1-MDCK_ER,r2,0.512129
polaris,RF_Mordred,polaris/adme-fang-perm-1,42,LOG_MDR1-MDCK_ER,pearsonr,0.726028
polaris,RF_Mordred,polaris/adme-fang-perm-1,42,LOG_MDR1-MDCK_ER,spearmanr,0.717949
polaris,RF_Mordred,polaris/adme-fang-rclint-1,42,LOG_RLM_CLint,mean_squared_error,0.337696
polaris,RF_Mordred,polaris/adme-fang-rclint-1,42,LOG_RLM_CLint,explained_var,0.401827
polaris,RF_Mordred,polaris/adme-fang-rclint-1,42,LOG_RLM_CLint,mean_absolute_error,0.465775
polaris,RF_Mordred,polaris/adme-fang-rclint-1,42,LOG_RLM_CLint,r2,0.401825
polaris,RF_Mordred,polaris/adme-fang-rclint-1,42,LOG_RLM_CLint,pearsonr,0.634284
polaris,RF_Mordred,polaris/adme-fang-rclint-1,42,LOG_RLM_CLint,spearmanr,0.633687
polaris,RF_Mordred,polaris/adme-fang-hclint-1,42,LOG_HLM_CLint,mean_squared_error,0.232478
polaris,RF_Mordred,polaris/adme-fang-hclint-1,42,LOG_HLM_CLint,explained_var,0.401928
polaris,RF_Mordred,polaris/adme-fang-hclint-1,42,LOG_HLM_CLint,mean_absolute_error,0.386903
polaris,RF_Mordred,polaris/adme-fang-hclint-1,42,LOG_HLM_CLint,r2,0.401462
polaris,RF_Mordred,polaris/adme-fang-hclint-1,42,LOG_HLM_CLint,pearsonr,0.635156
polaris,RF_Mordred,polaris/adme-fang-hclint-1,42,LOG_HLM_CLint,spearmanr,0.642709
polaris,RF_Mordred,tdcommons/lipophilicity-astrazeneca,42,Y,mean_absolute_error,0.582145
polaris,RF_Mordred,tdcommons/ppbr-az,42,Y,mean_absolute_error,8.65084
polaris,RF_Mordred,tdcommons/clearance-hepatocyte-az,42,Y,spearmanr,0.296368
polaris,RF_Mordred,tdcommons/cyp2d6-substrate-carbonmangels,42,Y,pr_auc,0.639051
polaris,RF_Mordred,tdcommons/half-life-obach,42,Y,spearmanr,0.321151
polaris,RF_Mordred,tdcommons/cyp2c9-substrate-carbonmangels,42,Y,pr_auc,0.343236
polaris,RF_Mordred,tdcommons/clearance-microsome-az,42,Y,spearmanr,0.513451
polaris,RF_Mordred,tdcommons/dili,42,Y,roc_auc,0.93913
polaris,RF_Mordred,tdcommons/bioavailability-ma,42,Y,roc_auc,0.641669
polaris,RF_Mordred,tdcommons/vdss-lombardo,42,Y,spearmanr,0.485273
polaris,RF_Mordred,tdcommons/cyp3a4-substrate-carbonmangels,42,Y,roc_auc,0.648282
polaris,RF_Mordred,tdcommons/pgp-broccatelli,42,Y,roc_auc,0.892195
polaris,RF_Mordred,tdcommons/caco2-wang,42,Y,mean_absolute_error,0.313271
polaris,RF_Mordred,tdcommons/herg,42,Y,roc_auc,0.801178
polaris,RF_Mordred,tdcommons/bbb-martins,42,Y,roc_auc,0.877482
polaris,RF_Mordred,tdcommons/ames,42,Y,roc_auc,0.847607
polaris,RF_Mordred,tdcommons/ld50-zhu,42,Y,mean_absolute_error,0.62747
polaris,RF_Mordred,polaris/pkis2-ret-wt-cls-v2,117,CLS_RET,f1,0.272727
polaris,RF_Mordred,polaris/pkis2-ret-wt-cls-v2,117,CLS_RET,pr_auc,0.41899
polaris,RF_Mordred,polaris/pkis2-ret-wt-cls-v2,117,CLS_RET,cohen_kappa,0.215541
polaris,RF_Mordred,polaris/pkis2-ret-wt-cls-v2,117,CLS_RET,mcc,0.266557
polaris,RF_Mordred,polaris/pkis2-ret-wt-cls-v2,117,CLS_RET,roc_auc,0.757436
polaris,RF_Mordred,polaris/pkis2-ret-wt-cls-v2,117,CLS_RET,accuracy,0.849057
polaris,RF_Mordred,polaris/pkis2-ret-wt-reg-v2,117,RET,mean_squared_error,989.07
polaris,RF_Mordred,polaris/pkis2-ret-wt-reg-v2,117,RET,explained_var,0.201657
polaris,RF_Mordred,polaris/pkis2-ret-wt-reg-v2,117,RET,mean_absolute_error,23.9394
polaris,RF_Mordred,polaris/pkis2-ret-wt-reg-v2,117,RET,r2,0.167033
polaris,RF_Mordred,polaris/pkis2-ret-wt-reg-v2,117,RET,pearsonr,0.450163
polaris,RF_Mordred,polaris/pkis2-ret-wt-reg-v2,117,RET,spearmanr,0.429934
polaris,RF_Mordred,polaris/pkis2-kit-wt-cls-v2,117,CLS_KIT,f1,0.540541
polaris,RF_Mordred,polaris/pkis2-kit-wt-cls-v2,117,CLS_KIT,pr_auc,0.612952
polaris,RF_Mordred,polaris/pkis2-kit-wt-cls-v2,117,CLS_KIT,cohen_kappa,0.457048
polaris,RF_Mordred,polaris/pkis2-kit-wt-cls-v2,117,CLS_KIT,mcc,0.468918
polaris,RF_Mordred,polaris/pkis2-kit-wt-cls-v2,117,CLS_KIT,roc_auc,0.779739
polaris,RF_Mordred,polaris/pkis2-kit-wt-cls-v2,117,CLS_KIT,accuracy,0.853448
polaris,RF_Mordred,polaris/pkis2-kit-wt-reg-v2,117,KIT,mean_squared_error,884.464
polaris,RF_Mordred,polaris/pkis2-kit-wt-reg-v2,117,KIT,explained_var,0.274623
polaris,RF_Mordred,polaris/pkis2-kit-wt-reg-v2,117,KIT,mean_absolute_error,23.5659
polaris,RF_Mordred,polaris/pkis2-kit-wt-reg-v2,117,KIT,r2,0.267029
polaris,RF_Mordred,polaris/pkis2-kit-wt-reg-v2,117,KIT,pearsonr,0.527724
polaris,RF_Mordred,polaris/pkis2-kit-wt-reg-v2,117,KIT,spearmanr,0.486078
polaris,RF_Mordred,polaris/pkis2-egfr-wt-reg-v2,117,EGFR,mean_squared_error,525.994
polaris,RF_Mordred,polaris/pkis2-egfr-wt-reg-v2,117,EGFR,explained_var,0.348296
polaris,RF_Mordred,polaris/pkis2-egfr-wt-reg-v2,117,EGFR,mean_absolute_error,17.7983
polaris,RF_Mordred,polaris/pkis2-egfr-wt-reg-v2,117,EGFR,r2,0.347214
polaris,RF_Mordred,polaris/pkis2-egfr-wt-reg-v2,117,EGFR,pearsonr,0.591934
polaris,RF_Mordred,polaris/pkis2-egfr-wt-reg-v2,117,EGFR,spearmanr,0.344683
polaris,RF_Mordred,polaris/adme-fang-solu-1,117,LOG_SOLUBILITY,mean_squared_error,0.391045
polaris,RF_Mordred,polaris/adme-fang-solu-1,117,LOG_SOLUBILITY,explained_var,0.279018
polaris,RF_Mordred,polaris/adme-fang-solu-1,117,LOG_SOLUBILITY,mean_absolute_error,0.439855
polaris,RF_Mordred,polaris/adme-fang-solu-1,117,LOG_SOLUBILITY,r2,0.278752
polaris,RF_Mordred,polaris/adme-fang-solu-1,117,LOG_SOLUBILITY,pearsonr,0.529331
polaris,RF_Mordred,polaris/adme-fang-solu-1,117,LOG_SOLUBILITY,spearmanr,0.438825
polaris,RF_Mordred,polaris/adme-fang-rppb-1,117,LOG_RPPB,mean_squared_error,0.43617
polaris,RF_Mordred,polaris/adme-fang-rppb-1,117,LOG_RPPB,explained_var,0.509087
polaris,RF_Mordred,polaris/adme-fang-rppb-1,117,LOG_RPPB,mean_absolute_error,0.488844
polaris,RF_Mordred,polaris/adme-fang-rppb-1,117,LOG_RPPB,r2,0.509084
polaris,RF_Mordred,polaris/adme-fang-rppb-1,117,LOG_RPPB,pearsonr,0.751125
polaris,RF_Mordred,polaris/adme-fang-rppb-1,117,LOG_RPPB,spearmanr,0.848696
polaris,RF_Mordred,polaris/adme-fang-hppb-1,117,LOG_HPPB,mean_squared_error,0.230762
polaris,RF_Mordred,polaris/adme-fang-hppb-1,117,LOG_HPPB,explained_var,0.667771
polaris,RF_Mordred,polaris/adme-fang-hppb-1,117,LOG_HPPB,mean_absolute_error,0.380266
polaris,RF_Mordred,polaris/adme-fang-hppb-1,117,LOG_HPPB,r2,0.618977
polaris,RF_Mordred,polaris/adme-fang-hppb-1,117,LOG_HPPB,pearsonr,0.81851
polaris,RF_Mordred,polaris/adme-fang-hppb-1,117,LOG_HPPB,spearmanr,0.832302
polaris,RF_Mordred,polaris/adme-fang-perm-1,117,LOG_MDR1-MDCK_ER,mean_squared_error,0.23916
polaris,RF_Mordred,polaris/adme-fang-perm-1,117,LOG_MDR1-MDCK_ER,explained_var,0.517612
polaris,RF_Mordred,polaris/adme-fang-perm-1,117,LOG_MDR1-MDCK_ER,mean_absolute_error,0.382735
polaris,RF_Mordred,polaris/adme-fang-perm-1,117,LOG_MDR1-MDCK_ER,r2,0.517231
polaris,RF_Mordred,polaris/adme-fang-perm-1,117,LOG_MDR1-MDCK_ER,pearsonr,0.729735
polaris,RF_Mordred,polaris/adme-fang-perm-1,117,LOG_MDR1-MDCK_ER,spearmanr,0.714955
polaris,RF_Mordred,polaris/adme-fang-rclint-1,117,LOG_RLM_CLint,mean_squared_error,0.336471
polaris,RF_Mordred,polaris/adme-fang-rclint-1,117,LOG_RLM_CLint,explained_var,0.403995
polaris,RF_Mordred,polaris/adme-fang-rclint-1,117,LOG_RLM_CLint,mean_absolute_error,0.466746
polaris,RF_Mordred,polaris/adme-fang-rclint-1,117,LOG_RLM_CLint,r2,0.403995
polaris,RF_Mordred,polaris/adme-fang-rclint-1,117,LOG_RLM_CLint,pearsonr,0.636161
polaris,RF_Mordred,polaris/adme-fang-rclint-1,117,LOG_RLM_CLint,spearmanr,0.638649
polaris,RF_Mordred,polaris/adme-fang-hclint-1,117,LOG_HLM_CLint,mean_squared_error,0.237015
polaris,RF_Mordred,polaris/adme-fang-hclint-1,117,LOG_HLM_CLint,explained_var,0.390073
polaris,RF_Mordred,polaris/adme-fang-hclint-1,117,LOG_HLM_CLint,mean_absolute_error,0.38859
polaris,RF_Mordred,polaris/adme-fang-hclint-1,117,LOG_HLM_CLint,r2,0.389782
polaris,RF_Mordred,polaris/adme-fang-hclint-1,117,LOG_HLM_CLint,pearsonr,0.624927
polaris,RF_Mordred,polaris/adme-fang-hclint-1,117,LOG_HLM_CLint,spearmanr,0.633656
polaris,RF_Mordred,tdcommons/lipophilicity-astrazeneca,117,Y,mean_absolute_error,0.57911
polaris,RF_Mordred,tdcommons/ppbr-az,117,Y,mean_absolute_error,8.48898
polaris,RF_Mordred,tdcommons/clearance-hepatocyte-az,117,Y,spearmanr,0.320316
polaris,RF_Mordred,tdcommons/cyp2d6-substrate-carbonmangels,117,Y,pr_auc,0.602959
polaris,RF_Mordred,tdcommons/half-life-obach,117,Y,spearmanr,0.352554
polaris,RF_Mordred,tdcommons/cyp2c9-substrate-carbonmangels,117,Y,pr_auc,0.352327
polaris,RF_Mordred,tdcommons/clearance-microsome-az,117,Y,spearmanr,0.531801
polaris,RF_Mordred,tdcommons/dili,117,Y,roc_auc,0.92413
polaris,RF_Mordred,tdcommons/bioavailability-ma,117,Y,roc_auc,0.696043
polaris,RF_Mordred,tdcommons/vdss-lombardo,117,Y,spearmanr,0.471002
polaris,RF_Mordred,tdcommons/cyp3a4-substrate-carbonmangels,117,Y,roc_auc,0.676876
polaris,RF_Mordred,tdcommons/pgp-broccatelli,117,Y,roc_auc,0.898594
polaris,RF_Mordred,tdcommons/caco2-wang,117,Y,mean_absolute_error,0.327235
polaris,RF_Mordred,tdcommons/herg,117,Y,roc_auc,0.783358
polaris,RF_Mordred,tdcommons/bbb-martins,117,Y,roc_auc,0.874961
polaris,RF_Mordred,tdcommons/ames,117,Y,roc_auc,0.846991
polaris,RF_Mordred,tdcommons/ld50-zhu,117,Y,mean_absolute_error,0.639518
polaris,RF_Mordred,polaris/pkis2-ret-wt-cls-v2,709,CLS_RET,f1,0.347826
polaris,RF_Mordred,polaris/pkis2-ret-wt-cls-v2,709,CLS_RET,pr_auc,0.424255
polaris,RF_Mordred,polaris/pkis2-ret-wt-cls-v2,709,CLS_RET,cohen_kappa,0.288272
polaris,RF_Mordred,polaris/pkis2-ret-wt-cls-v2,709,CLS_RET,mcc,0.337956
polaris,RF_Mordred,polaris/pkis2-ret-wt-cls-v2,709,CLS_RET,roc_auc,0.733972
polaris,RF_Mordred,polaris/pkis2-ret-wt-cls-v2,709,CLS_RET,accuracy,0.858491
polaris,RF_Mordred,polaris/pkis2-ret-wt-reg-v2,709,RET,mean_squared_error,991.704
polaris,RF_Mordred,polaris/pkis2-ret-wt-reg-v2,709,RET,explained_var,0.193856
polaris,RF_Mordred,polaris/pkis2-ret-wt-reg-v2,709,RET,mean_absolute_error,23.9925
polaris,RF_Mordred,polaris/pkis2-ret-wt-reg-v2,709,RET,r2,0.164814
polaris,RF_Mordred,polaris/pkis2-ret-wt-reg-v2,709,RET,pearsonr,0.442945
polaris,RF_Mordred,polaris/pkis2-ret-wt-reg-v2,709,RET,spearmanr,0.430997
polaris,RF_Mordred,polaris/pkis2-kit-wt-cls-v2,709,CLS_KIT,f1,0.526316
polaris,RF_Mordred,polaris/pkis2-kit-wt-cls-v2,709,CLS_KIT,pr_auc,0.547095
polaris,RF_Mordred,polaris/pkis2-kit-wt-cls-v2,709,CLS_KIT,cohen_kappa,0.436285
polaris,RF_Mordred,polaris/pkis2-kit-wt-cls-v2,709,CLS_KIT,mcc,0.444197
polaris,RF_Mordred,polaris/pkis2-kit-wt-cls-v2,709,CLS_KIT,roc_auc,0.783849
polaris,RF_Mordred,polaris/pkis2-kit-wt-cls-v2,709,CLS_KIT,accuracy,0.844828
polaris,RF_Mordred,polaris/pkis2-kit-wt-reg-v2,709,KIT,mean_squared_error,929.914
polaris,RF_Mordred,polaris/pkis2-kit-wt-reg-v2,709,KIT,explained_var,0.234544
polaris,RF_Mordred,polaris/pkis2-kit-wt-reg-v2,709,KIT,mean_absolute_error,23.9324
polaris,RF_Mordred,polaris/pkis2-kit-wt-reg-v2,709,KIT,r2,0.229364
polaris,RF_Mordred,polaris/pkis2-kit-wt-reg-v2,709,KIT,pearsonr,0.496219
polaris,RF_Mordred,polaris/pkis2-kit-wt-reg-v2,709,KIT,spearmanr,0.448536
polaris,RF_Mordred,polaris/pkis2-egfr-wt-reg-v2,709,EGFR,mean_squared_error,516.82
polaris,RF_Mordred,polaris/pkis2-egfr-wt-reg-v2,709,EGFR,explained_var,0.35939
polaris,RF_Mordred,polaris/pkis2-egfr-wt-reg-v2,709,EGFR,mean_absolute_error,17.6787
polaris,RF_Mordred,polaris/pkis2-egfr-wt-reg-v2,709,EGFR,r2,0.3586
polaris,RF_Mordred,polaris/pkis2-egfr-wt-reg-v2,709,EGFR,pearsonr,0.601695
polaris,RF_Mordred,polaris/pkis2-egfr-wt-reg-v2,709,EGFR,spearmanr,0.333879
polaris,RF_Mordred,polaris/adme-fang-solu-1,709,LOG_SOLUBILITY,mean_squared_error,0.381076
polaris,RF_Mordred,polaris/adme-fang-solu-1,709,LOG_SOLUBILITY,explained_var,0.297342
polaris,RF_Mordred,polaris/adme-fang-solu-1,709,LOG_SOLUBILITY,mean_absolute_error,0.435483
polaris,RF_Mordred,polaris/adme-fang-solu-1,709,LOG_SOLUBILITY,r2,0.29714
polaris,RF_Mordred,polaris/adme-fang-solu-1,709,LOG_SOLUBILITY,pearsonr,0.547044
polaris,RF_Mordred,polaris/adme-fang-solu-1,709,LOG_SOLUBILITY,spearmanr,0.451144
polaris,RF_Mordred,polaris/adme-fang-rppb-1,709,LOG_RPPB,mean_squared_error,0.456019
polaris,RF_Mordred,polaris/adme-fang-rppb-1,709,LOG_RPPB,explained_var,0.487747
polaris,RF_Mordred,polaris/adme-fang-rppb-1,709,LOG_RPPB,mean_absolute_error,0.484973
polaris,RF_Mordred,polaris/adme-fang-rppb-1,709,LOG_RPPB,r2,0.486743
polaris,RF_Mordred,polaris/adme-fang-rppb-1,709,LOG_RPPB,pearsonr,0.729274
polaris,RF_Mordred,polaris/adme-fang-rppb-1,709,LOG_RPPB,spearmanr,0.813043
polaris,RF_Mordred,polaris/adme-fang-hppb-1,709,LOG_HPPB,mean_squared_error,0.235923
polaris,RF_Mordred,polaris/adme-fang-hppb-1,709,LOG_HPPB,explained_var,0.654586
polaris,RF_Mordred,polaris/adme-fang-hppb-1,709,LOG_HPPB,mean_absolute_error,0.386556
polaris,RF_Mordred,polaris/adme-fang-hppb-1,709,LOG_HPPB,r2,0.610455
polaris,RF_Mordred,polaris/adme-fang-hppb-1,709,LOG_HPPB,pearsonr,0.811405
polaris,RF_Mordred,polaris/adme-fang-hppb-1,709,LOG_HPPB,spearmanr,0.815952
polaris,RF_Mordred,polaris/adme-fang-perm-1,709,LOG_MDR1-MDCK_ER,mean_squared_error,0.243084
polaris,RF_Mordred,polaris/adme-fang-perm-1,709,LOG_MDR1-MDCK_ER,explained_var,0.509489
polaris,RF_Mordred,polaris/adme-fang-perm-1,709,LOG_MDR1-MDCK_ER,mean_absolute_error,0.385552
polaris,RF_Mordred,polaris/adme-fang-perm-1,709,LOG_MDR1-MDCK_ER,r2,0.50931
polaris,RF_Mordred,polaris/adme-fang-perm-1,709,LOG_MDR1-MDCK_ER,pearsonr,0.722658
polaris,RF_Mordred,polaris/adme-fang-perm-1,709,LOG_MDR1-MDCK_ER,spearmanr,0.718896
polaris,RF_Mordred,polaris/adme-fang-rclint-1,709,LOG_RLM_CLint,mean_squared_error,0.330979
polaris,RF_Mordred,polaris/adme-fang-rclint-1,709,LOG_RLM_CLint,explained_var,0.413744
polaris,RF_Mordred,polaris/adme-fang-rclint-1,709,LOG_RLM_CLint,mean_absolute_error,0.459623
polaris,RF_Mordred,polaris/adme-fang-rclint-1,709,LOG_RLM_CLint,r2,0.413723
polaris,RF_Mordred,polaris/adme-fang-rclint-1,709,LOG_RLM_CLint,pearsonr,0.644205
polaris,RF_Mordred,polaris/adme-fang-rclint-1,709,LOG_RLM_CLint,spearmanr,0.645889
polaris,RF_Mordred,polaris/adme-fang-hclint-1,709,LOG_HLM_CLint,mean_squared_error,0.232823
polaris,RF_Mordred,polaris/adme-fang-hclint-1,709,LOG_HLM_CLint,explained_var,0.40138
polaris,RF_Mordred,polaris/adme-fang-hclint-1,709,LOG_HLM_CLint,mean_absolute_error,0.386715
polaris,RF_Mordred,polaris/adme-fang-hclint-1,709,LOG_HLM_CLint,r2,0.400574
polaris,RF_Mordred,polaris/adme-fang-hclint-1,709,LOG_HLM_CLint,pearsonr,0.634438
polaris,RF_Mordred,polaris/adme-fang-hclint-1,709,LOG_HLM_CLint,spearmanr,0.641295
polaris,RF_Mordred,tdcommons/lipophilicity-astrazeneca,709,Y,mean_absolute_error,0.583067
polaris,RF_Mordred,tdcommons/ppbr-az,709,Y,mean_absolute_error,8.66189
polaris,RF_Mordred,tdcommons/clearance-hepatocyte-az,709,Y,spearmanr,0.314395
polaris,RF_Mordred,tdcommons/cyp2d6-substrate-carbonmangels,709,Y,pr_auc,0.633786
polaris,RF_Mordred,tdcommons/half-life-obach,709,Y,spearmanr,0.439078
polaris,RF_Mordred,tdcommons/cyp2c9-substrate-carbonmangels,709,Y,pr_auc,0.343511
polaris,RF_Mordred,tdcommons/clearance-microsome-az,709,Y,spearmanr,0.485208
polaris,RF_Mordred,tdcommons/dili,709,Y,roc_auc,0.929565
polaris,RF_Mordred,tdcommons/bioavailability-ma,709,Y,roc_auc,0.66129
polaris,RF_Mordred,tdcommons/vdss-lombardo,709,Y,spearmanr,0.519411
polaris,RF_Mordred,tdcommons/cyp3a4-substrate-carbonmangels,709,Y,roc_auc,0.656985
polaris,RF_Mordred,tdcommons/pgp-broccatelli,709,Y,roc_auc,0.892962
polaris,RF_Mordred,tdcommons/caco2-wang,709,Y,mean_absolute_error,0.305364
polaris,RF_Mordred,tdcommons/herg,709,Y,roc_auc,0.817526
polaris,RF_Mordred,tdcommons/bbb-martins,709,Y,roc_auc,0.873632
polaris,RF_Mordred,tdcommons/ames,709,Y,roc_auc,0.848916
polaris,RF_Mordred,tdcommons/ld50-zhu,709,Y,mean_absolute_error,0.635504
polaris,RF_Mordred,polaris/pkis2-ret-wt-cls-v2,1701,CLS_RET,f1,0.272727
polaris,RF_Mordred,polaris/pkis2-ret-wt-cls-v2,1701,CLS_RET,pr_auc,0.435149
polaris,RF_Mordred,polaris/pkis2-ret-wt-cls-v2,1701,CLS_RET,cohen_kappa,0.215541
polaris,RF_Mordred,polaris/pkis2-ret-wt-cls-v2,1701,CLS_RET,mcc,0.266557
polaris,RF_Mordred,polaris/pkis2-ret-wt-cls-v2,1701,CLS_RET,roc_auc,0.763054
polaris,RF_Mordred,polaris/pkis2-ret-wt-cls-v2,1701,CLS_RET,accuracy,0.849057
polaris,RF_Mordred,polaris/pkis2-ret-wt-reg-v2,1701,RET,mean_squared_error,979.739
polaris,RF_Mordred,polaris/pkis2-ret-wt-reg-v2,1701,RET,explained_var,0.207521
polaris,RF_Mordred,polaris/pkis2-ret-wt-reg-v2,1701,RET,mean_absolute_error,23.7473
polaris,RF_Mordred,polaris/pkis2-ret-wt-reg-v2,1701,RET,r2,0.174891
polaris,RF_Mordred,polaris/pkis2-ret-wt-reg-v2,1701,RET,pearsonr,0.456182
polaris,RF_Mordred,polaris/pkis2-ret-wt-reg-v2,1701,RET,spearmanr,0.458572
polaris,RF_Mordred,polaris/pkis2-kit-wt-cls-v2,1701,CLS_KIT,f1,0.514286
polaris,RF_Mordred,polaris/pkis2-kit-wt-cls-v2,1701,CLS_KIT,pr_auc,0.568372
polaris,RF_Mordred,polaris/pkis2-kit-wt-cls-v2,1701,CLS_KIT,cohen_kappa,0.434633
polaris,RF_Mordred,polaris/pkis2-kit-wt-cls-v2,1701,CLS_KIT,mcc,0.455516
polaris,RF_Mordred,polaris/pkis2-kit-wt-cls-v2,1701,CLS_KIT,roc_auc,0.790377
polaris,RF_Mordred,polaris/pkis2-kit-wt-cls-v2,1701,CLS_KIT,accuracy,0.853448
polaris,RF_Mordred,polaris/pkis2-kit-wt-reg-v2,1701,KIT,mean_squared_error,857.112
polaris,RF_Mordred,polaris/pkis2-kit-wt-reg-v2,1701,KIT,explained_var,0.295232
polaris,RF_Mordred,polaris/pkis2-kit-wt-reg-v2,1701,KIT,mean_absolute_error,23.0956
polaris,RF_Mordred,polaris/pkis2-kit-wt-reg-v2,1701,KIT,r2,0.289696
polaris,RF_Mordred,polaris/pkis2-kit-wt-reg-v2,1701,KIT,pearsonr,0.545324
polaris,RF_Mordred,polaris/pkis2-kit-wt-reg-v2,1701,KIT,spearmanr,0.508984
polaris,RF_Mordred,polaris/pkis2-egfr-wt-reg-v2,1701,EGFR,mean_squared_error,527.29
polaris,RF_Mordred,polaris/pkis2-egfr-wt-reg-v2,1701,EGFR,explained_var,0.346195
polaris,RF_Mordred,polaris/pkis2-egfr-wt-reg-v2,1701,EGFR,mean_absolute_error,17.9463
polaris,RF_Mordred,polaris/pkis2-egfr-wt-reg-v2,1701,EGFR,r2,0.345606
polaris,RF_Mordred,polaris/pkis2-egfr-wt-reg-v2,1701,EGFR,pearsonr,0.590399
polaris,RF_Mordred,polaris/pkis2-egfr-wt-reg-v2,1701,EGFR,spearmanr,0.320402
polaris,RF_Mordred,polaris/adme-fang-solu-1,1701,LOG_SOLUBILITY,mean_squared_error,0.390772
polaris,RF_Mordred,polaris/adme-fang-solu-1,1701,LOG_SOLUBILITY,explained_var,0.279597
polaris,RF_Mordred,polaris/adme-fang-solu-1,1701,LOG_SOLUBILITY,mean_absolute_error,0.439711
polaris,RF_Mordred,polaris/adme-fang-solu-1,1701,LOG_SOLUBILITY,r2,0.279256
polaris,RF_Mordred,polaris/adme-fang-solu-1,1701,LOG_SOLUBILITY,pearsonr,0.530124
polaris,RF_Mordred,polaris/adme-fang-solu-1,1701,LOG_SOLUBILITY,spearmanr,0.446993
polaris,RF_Mordred,polaris/adme-fang-rppb-1,1701,LOG_RPPB,mean_squared_error,0.463777
polaris,RF_Mordred,polaris/adme-fang-rppb-1,1701,LOG_RPPB,explained_var,0.478194
polaris,RF_Mordred,polaris/adme-fang-rppb-1,1701,LOG_RPPB,mean_absolute_error,0.481523
polaris,RF_Mordred,polaris/adme-fang-rppb-1,1701,LOG_RPPB,r2,0.478012
polaris,RF_Mordred,polaris/adme-fang-rppb-1,1701,LOG_RPPB,pearsonr,0.74237
polaris,RF_Mordred,polaris/adme-fang-rppb-1,1701,LOG_RPPB,spearmanr,0.818261
polaris,RF_Mordred,polaris/adme-fang-hppb-1,1701,LOG_HPPB,mean_squared_error,0.234384
polaris,RF_Mordred,polaris/adme-fang-hppb-1,1701,LOG_HPPB,explained_var,0.655962
polaris,RF_Mordred,polaris/adme-fang-hppb-1,1701,LOG_HPPB,mean_absolute_error,0.389905
polaris,RF_Mordred,polaris/adme-fang-hppb-1,1701,LOG_HPPB,r2,0.612997
polaris,RF_Mordred,polaris/adme-fang-hppb-1,1701,LOG_HPPB,pearsonr,0.813314
polaris,RF_Mordred,polaris/adme-fang-hppb-1,1701,LOG_HPPB,spearmanr,0.815036
polaris,RF_Mordred,polaris/adme-fang-perm-1,1701,LOG_MDR1-MDCK_ER,mean_squared_error,0.238962
polaris,RF_Mordred,polaris/adme-fang-perm-1,1701,LOG_MDR1-MDCK_ER,explained_var,0.517752
polaris,RF_Mordred,polaris/adme-fang-perm-1,1701,LOG_MDR1-MDCK_ER,mean_absolute_error,0.384187
polaris,RF_Mordred,polaris/adme-fang-perm-1,1701,LOG_MDR1-MDCK_ER,r2,0.517631
polaris,RF_Mordred,polaris/adme-fang-perm-1,1701,LOG_MDR1-MDCK_ER,pearsonr,0.730261
polaris,RF_Mordred,polaris/adme-fang-perm-1,1701,LOG_MDR1-MDCK_ER,spearmanr,0.716793
polaris,RF_Mordred,polaris/adme-fang-rclint-1,1701,LOG_RLM_CLint,mean_squared_error,0.337345
polaris,RF_Mordred,polaris/adme-fang-rclint-1,1701,LOG_RLM_CLint,explained_var,0.402481
polaris,RF_Mordred,polaris/adme-fang-rclint-1,1701,LOG_RLM_CLint,mean_absolute_error,0.464562
polaris,RF_Mordred,polaris/adme-fang-rclint-1,1701,LOG_RLM_CLint,r2,0.402447
polaris,RF_Mordred,polaris/adme-fang-rclint-1,1701,LOG_RLM_CLint,pearsonr,0.634997
polaris,RF_Mordred,polaris/adme-fang-rclint-1,1701,LOG_RLM_CLint,spearmanr,0.637751
polaris,RF_Mordred,polaris/adme-fang-hclint-1,1701,LOG_HLM_CLint,mean_squared_error,0.234796
polaris,RF_Mordred,polaris/adme-fang-hclint-1,1701,LOG_HLM_CLint,explained_var,0.395908
polaris,RF_Mordred,polaris/adme-fang-hclint-1,1701,LOG_HLM_CLint,mean_absolute_error,0.388353
polaris,RF_Mordred,polaris/adme-fang-hclint-1,1701,LOG_HLM_CLint,r2,0.395494
polaris,RF_Mordred,polaris/adme-fang-hclint-1,1701,LOG_HLM_CLint,pearsonr,0.629836
polaris,RF_Mordred,polaris/adme-fang-hclint-1,1701,LOG_HLM_CLint,spearmanr,0.63415
polaris,RF_Mordred,tdcommons/lipophilicity-astrazeneca,1701,Y,mean_absolute_error,0.585335
polaris,RF_Mordred,tdcommons/ppbr-az,1701,Y,mean_absolute_error,8.64395
polaris,RF_Mordred,tdcommons/clearance-hepatocyte-az,1701,Y,spearmanr,0.307289
polaris,RF_Mordred,tdcommons/cyp2d6-substrate-carbonmangels,1701,Y,pr_auc,0.616584
polaris,RF_Mordred,tdcommons/half-life-obach,1701,Y,spearmanr,0.345166
polaris,RF_Mordred,tdcommons/cyp2c9-substrate-carbonmangels,1701,Y,pr_auc,0.330362
polaris,RF_Mordred,tdcommons/clearance-microsome-az,1701,Y,spearmanr,0.50978
polaris,RF_Mordred,tdcommons/dili,1701,Y,roc_auc,0.939783
polaris,RF_Mordred,tdcommons/bioavailability-ma,1701,Y,roc_auc,0.670602
polaris,RF_Mordred,tdcommons/vdss-lombardo,1701,Y,spearmanr,0.481279
polaris,RF_Mordred,tdcommons/cyp3a4-substrate-carbonmangels,1701,Y,roc_auc,0.65269
polaris,RF_Mordred,tdcommons/pgp-broccatelli,1701,Y,roc_auc,0.895661
polaris,RF_Mordred,tdcommons/caco2-wang,1701,Y,mean_absolute_error,0.313177
polaris,RF_Mordred,tdcommons/herg,1701,Y,roc_auc,0.790869
polaris,RF_Mordred,tdcommons/bbb-martins,1701,Y,roc_auc,0.876329
polaris,RF_Mordred,tdcommons/ames,1701,Y,roc_auc,0.844284
polaris,RF_Mordred,tdcommons/ld50-zhu,1701,Y,mean_absolute_error,0.632114
polaris,RF_Mordred,polaris/pkis2-ret-wt-cls-v2,9001,CLS_RET,f1,0.363636
polaris,RF_Mordred,polaris/pkis2-ret-wt-cls-v2,9001,CLS_RET,pr_auc,0.494992
polaris,RF_Mordred,polaris/pkis2-ret-wt-cls-v2,9001,CLS_RET,cohen_kappa,0.313599
polaris,RF_Mordred,polaris/pkis2-ret-wt-cls-v2,9001,CLS_RET,mcc,0.387824
polaris,RF_Mordred,polaris/pkis2-ret-wt-cls-v2,9001,CLS_RET,roc_auc,0.777594
polaris,RF_Mordred,polaris/pkis2-ret-wt-cls-v2,9001,CLS_RET,accuracy,0.867925
polaris,RF_Mordred,polaris/pkis2-ret-wt-reg-v2,9001,RET,mean_squared_error,985.127
polaris,RF_Mordred,polaris/pkis2-ret-wt-reg-v2,9001,RET,explained_var,0.201267
polaris,RF_Mordred,polaris/pkis2-ret-wt-reg-v2,9001,RET,mean_absolute_error,23.8362
polaris,RF_Mordred,polaris/pkis2-ret-wt-reg-v2,9001,RET,r2,0.170353
polaris,RF_Mordred,polaris/pkis2-ret-wt-reg-v2,9001,RET,pearsonr,0.451062
polaris,RF_Mordred,polaris/pkis2-ret-wt-reg-v2,9001,RET,spearmanr,0.418432
polaris,RF_Mordred,polaris/pkis2-kit-wt-cls-v2,9001,CLS_KIT,f1,0.5
polaris,RF_Mordred,polaris/pkis2-kit-wt-cls-v2,9001,CLS_KIT,pr_auc,0.626527
polaris,RF_Mordred,polaris/pkis2-kit-wt-cls-v2,9001,CLS_KIT,cohen_kappa,0.413483
polaris,RF_Mordred,polaris/pkis2-kit-wt-cls-v2,9001,CLS_KIT,mcc,0.428291
polaris,RF_Mordred,polaris/pkis2-kit-wt-cls-v2,9001,CLS_KIT,roc_auc,0.809961
polaris,RF_Mordred,polaris/pkis2-kit-wt-cls-v2,9001,CLS_KIT,accuracy,0.844828
polaris,RF_Mordred,polaris/pkis2-kit-wt-reg-v2,9001,KIT,mean_squared_error,892.668
polaris,RF_Mordred,polaris/pkis2-kit-wt-reg-v2,9001,KIT,explained_var,0.266206
polaris,RF_Mordred,polaris/pkis2-kit-wt-reg-v2,9001,KIT,mean_absolute_error,23.7006
polaris,RF_Mordred,polaris/pkis2-kit-wt-reg-v2,9001,KIT,r2,0.26023
polaris,RF_Mordred,polaris/pkis2-kit-wt-reg-v2,9001,KIT,pearsonr,0.520746
polaris,RF_Mordred,polaris/pkis2-kit-wt-reg-v2,9001,KIT,spearmanr,0.474523
polaris,RF_Mordred,polaris/pkis2-egfr-wt-reg-v2,9001,EGFR,mean_squared_error,503.609
polaris,RF_Mordred,polaris/pkis2-egfr-wt-reg-v2,9001,EGFR,explained_var,0.375132
polaris,RF_Mordred,polaris/pkis2-egfr-wt-reg-v2,9001,EGFR,mean_absolute_error,17.1966
polaris,RF_Mordred,polaris/pkis2-egfr-wt-reg-v2,9001,EGFR,r2,0.374995
polaris,RF_Mordred,polaris/pkis2-egfr-wt-reg-v2,9001,EGFR,pearsonr,0.617468
polaris,RF_Mordred,polaris/pkis2-egfr-wt-reg-v2,9001,EGFR,spearmanr,0.369952
polaris,RF_Mordred,polaris/adme-fang-solu-1,9001,LOG_SOLUBILITY,mean_squared_error,0.386554
polaris,RF_Mordred,polaris/adme-fang-solu-1,9001,LOG_SOLUBILITY,explained_var,0.287179
polaris,RF_Mordred,polaris/adme-fang-solu-1,9001,LOG_SOLUBILITY,mean_absolute_error,0.440776
polaris,RF_Mordred,polaris/adme-fang-solu-1,9001,LOG_SOLUBILITY,r2,0.287035
polaris,RF_Mordred,polaris/adme-fang-solu-1,9001,LOG_SOLUBILITY,pearsonr,0.537356
polaris,RF_Mordred,polaris/adme-fang-solu-1,9001,LOG_SOLUBILITY,spearmanr,0.450982
polaris,RF_Mordred,polaris/adme-fang-rppb-1,9001,LOG_RPPB,mean_squared_error,0.502196
polaris,RF_Mordred,polaris/adme-fang-rppb-1,9001,LOG_RPPB,explained_var,0.43538
polaris,RF_Mordred,polaris/adme-fang-rppb-1,9001,LOG_RPPB,mean_absolute_error,0.534432
polaris,RF_Mordred,polaris/adme-fang-rppb-1,9001,LOG_RPPB,r2,0.43477
polaris,RF_Mordred,polaris/adme-fang-rppb-1,9001,LOG_RPPB,pearsonr,0.709945
polaris,RF_Mordred,polaris/adme-fang-rppb-1,9001,LOG_RPPB,spearmanr,0.798261
polaris,RF_Mordred,polaris/adme-fang-hppb-1,9001,LOG_HPPB,mean_squared_error,0.226304
polaris,RF_Mordred,polaris/adme-fang-hppb-1,9001,LOG_HPPB,explained_var,0.67331
polaris,RF_Mordred,polaris/adme-fang-hppb-1,9001,LOG_HPPB,mean_absolute_error,0.393825
polaris,RF_Mordred,polaris/adme-fang-hppb-1,9001,LOG_HPPB,r2,0.626338
polaris,RF_Mordred,polaris/adme-fang-hppb-1,9001,LOG_HPPB,pearsonr,0.827073
polaris,RF_Mordred,polaris/adme-fang-hppb-1,9001,LOG_HPPB,spearmanr,0.833066
polaris,RF_Mordred,polaris/adme-fang-perm-1,9001,LOG_MDR1-MDCK_ER,mean_squared_error,0.243081
polaris,RF_Mordred,polaris/adme-fang-perm-1,9001,LOG_MDR1-MDCK_ER,explained_var,0.509449
polaris,RF_Mordred,polaris/adme-fang-perm-1,9001,LOG_MDR1-MDCK_ER,mean_absolute_error,0.38582
polaris,RF_Mordred,polaris/adme-fang-perm-1,9001,LOG_MDR1-MDCK_ER,r2,0.509317
polaris,RF_Mordred,polaris/adme-fang-perm-1,9001,LOG_MDR1-MDCK_ER,pearsonr,0.722441
polaris,RF_Mordred,polaris/adme-fang-perm-1,9001,LOG_MDR1-MDCK_ER,spearmanr,0.715976
polaris,RF_Mordred,polaris/adme-fang-rclint-1,9001,LOG_RLM_CLint,mean_squared_error,0.327714
polaris,RF_Mordred,polaris/adme-fang-rclint-1,9001,LOG_RLM_CLint,explained_var,0.419561
polaris,RF_Mordred,polaris/adme-fang-rclint-1,9001,LOG_RLM_CLint,mean_absolute_error,0.460102
polaris,RF_Mordred,polaris/adme-fang-rclint-1,9001,LOG_RLM_CLint,r2,0.419506
polaris,RF_Mordred,polaris/adme-fang-rclint-1,9001,LOG_RLM_CLint,pearsonr,0.649364
polaris,RF_Mordred,polaris/adme-fang-rclint-1,9001,LOG_RLM_CLint,spearmanr,0.650511
polaris,RF_Mordred,polaris/adme-fang-hclint-1,9001,LOG_HLM_CLint,mean_squared_error,0.231247
polaris,RF_Mordred,polaris/adme-fang-hclint-1,9001,LOG_HLM_CLint,explained_var,0.40516
polaris,RF_Mordred,polaris/adme-fang-hclint-1,9001,LOG_HLM_CLint,mean_absolute_error,0.384263
polaris,RF_Mordred,polaris/adme-fang-hclint-1,9001,LOG_HLM_CLint,r2,0.404633
polaris,RF_Mordred,polaris/adme-fang-hclint-1,9001,LOG_HLM_CLint,pearsonr,0.637987
polaris,RF_Mordred,polaris/adme-fang-hclint-1,9001,LOG_HLM_CLint,spearmanr,0.643029
polaris,RF_Mordred,tdcommons/lipophilicity-astrazeneca,9001,Y,mean_absolute_error,0.584748
polaris,RF_Mordred,tdcommons/ppbr-az,9001,Y,mean_absolute_error,8.69739
polaris,RF_Mordred,tdcommons/clearance-hepatocyte-az,9001,Y,spearmanr,0.326163
polaris,RF_Mordred,tdcommons/cyp2d6-substrate-carbonmangels,9001,Y,pr_auc,0.634498
polaris,RF_Mordred,tdcommons/half-life-obach,9001,Y,spearmanr,0.319173
polaris,RF_Mordred,tdcommons/cyp2c9-substrate-carbonmangels,9001,Y,pr_auc,0.335627
polaris,RF_Mordred,tdcommons/clearance-microsome-az,9001,Y,spearmanr,0.499395
polaris,RF_Mordred,tdcommons/dili,9001,Y,roc_auc,0.93087
polaris,RF_Mordred,tdcommons/bioavailability-ma,9001,Y,roc_auc,0.658131
polaris,RF_Mordred,tdcommons/vdss-lombardo,9001,Y,spearmanr,0.487221
polaris,RF_Mordred,tdcommons/cyp3a4-substrate-carbonmangels,9001,Y,roc_auc,0.665348
polaris,RF_Mordred,tdcommons/pgp-broccatelli,9001,Y,roc_auc,0.88683
polaris,RF_Mordred,tdcommons/caco2-wang,9001,Y,mean_absolute_error,0.322283
polaris,RF_Mordred,tdcommons/herg,9001,Y,roc_auc,0.800736
polaris,RF_Mordred,tdcommons/bbb-martins,9001,Y,roc_auc,0.882837
polaris,RF_Mordred,tdcommons/ames,9001,Y,roc_auc,0.855452
polaris,RF_Mordred,tdcommons/ld50-zhu,9001,Y,mean_absolute_error,0.635483
polaris,RF_Morgan,polaris/pkis2-ret-wt-cls-v2,42,CLS_RET,pr_auc,0.686581
polaris,RF_Morgan,polaris/pkis2-ret-wt-cls-v2,42,CLS_RET,cohen_kappa,0.480816
polaris,RF_Morgan,polaris/pkis2-ret-wt-cls-v2,42,CLS_RET,mcc,0.512494
polaris,RF_Morgan,polaris/pkis2-ret-wt-cls-v2,42,CLS_RET,f1,0.538462
polaris,RF_Morgan,polaris/pkis2-ret-wt-cls-v2,42,CLS_RET,roc_auc,0.942168
polaris,RF_Morgan,polaris/pkis2-ret-wt-cls-v2,42,CLS_RET,accuracy,0.886792
polaris,RF_Morgan,polaris/pkis2-ret-wt-reg-v2,42,RET,explained_var,0.458857
polaris,RF_Morgan,polaris/pkis2-ret-wt-reg-v2,42,RET,mean_absolute_error,18.9349
polaris,RF_Morgan,polaris/pkis2-ret-wt-reg-v2,42,RET,r2,0.423043
polaris,RF_Morgan,polaris/pkis2-ret-wt-reg-v2,42,RET,spearmanr,0.634811
polaris,RF_Morgan,polaris/pkis2-ret-wt-reg-v2,42,RET,pearsonr,0.678593
polaris,RF_Morgan,polaris/pkis2-ret-wt-reg-v2,42,RET,mean_squared_error,685.082
polaris,RF_Morgan,polaris/pkis2-kit-wt-cls-v2,42,CLS_KIT,pr_auc,0.618431
polaris,RF_Morgan,polaris/pkis2-kit-wt-cls-v2,42,CLS_KIT,cohen_kappa,0.31125
polaris,RF_Morgan,polaris/pkis2-kit-wt-cls-v2,42,CLS_KIT,mcc,0.352891
polaris,RF_Morgan,polaris/pkis2-kit-wt-cls-v2,42,CLS_KIT,f1,0.387097
polaris,RF_Morgan,polaris/pkis2-kit-wt-cls-v2,42,CLS_KIT,roc_auc,0.833414
polaris,RF_Morgan,polaris/pkis2-kit-wt-cls-v2,42,CLS_KIT,accuracy,0.836207
polaris,RF_Morgan,polaris/pkis2-kit-wt-reg-v2,42,KIT,explained_var,0.269877
polaris,RF_Morgan,polaris/pkis2-kit-wt-reg-v2,42,KIT,mean_absolute_error,23.2162
polaris,RF_Morgan,polaris/pkis2-kit-wt-reg-v2,42,KIT,r2,0.240105
polaris,RF_Morgan,polaris/pkis2-kit-wt-reg-v2,42,KIT,spearmanr,0.506529
polaris,RF_Morgan,polaris/pkis2-kit-wt-reg-v2,42,KIT,pearsonr,0.547364
polaris,RF_Morgan,polaris/pkis2-kit-wt-reg-v2,42,KIT,mean_squared_error,916.954
polaris,RF_Morgan,polaris/pkis2-egfr-wt-reg-v2,42,EGFR,explained_var,0.441583
polaris,RF_Morgan,polaris/pkis2-egfr-wt-reg-v2,42,EGFR,mean_absolute_error,16.0041
polaris,RF_Morgan,polaris/pkis2-egfr-wt-reg-v2,42,EGFR,r2,0.441281
polaris,RF_Morgan,polaris/pkis2-egfr-wt-reg-v2,42,EGFR,spearmanr,0.453799
polaris,RF_Morgan,polaris/pkis2-egfr-wt-reg-v2,42,EGFR,pearsonr,0.664532
polaris,RF_Morgan,polaris/pkis2-egfr-wt-reg-v2,42,EGFR,mean_squared_error,450.198
polaris,RF_Morgan,polaris/adme-fang-solu-1,42,LOG_SOLUBILITY,explained_var,0.272359
polaris,RF_Morgan,polaris/adme-fang-solu-1,42,LOG_SOLUBILITY,mean_absolute_error,0.443587
polaris,RF_Morgan,polaris/adme-fang-solu-1,42,LOG_SOLUBILITY,r2,0.266971
polaris,RF_Morgan,polaris/adme-fang-solu-1,42,LOG_SOLUBILITY,spearmanr,0.440267
polaris,RF_Morgan,polaris/adme-fang-solu-1,42,LOG_SOLUBILITY,pearsonr,0.541329
polaris,RF_Morgan,polaris/adme-fang-solu-1,42,LOG_SOLUBILITY,mean_squared_error,0.397433
polaris,RF_Morgan,polaris/adme-fang-rppb-1,42,LOG_RPPB,explained_var,0.220863
polaris,RF_Morgan,polaris/adme-fang-rppb-1,42,LOG_RPPB,mean_absolute_error,0.661256
polaris,RF_Morgan,polaris/adme-fang-rppb-1,42,LOG_RPPB,r2,0.217871
polaris,RF_Morgan,polaris/adme-fang-rppb-1,42,LOG_RPPB,spearmanr,0.70087
polaris,RF_Morgan,polaris/adme-fang-rppb-1,42,LOG_RPPB,pearsonr,0.632976
polaris,RF_Morgan,polaris/adme-fang-rppb-1,42,LOG_RPPB,mean_squared_error,0.694908
polaris,RF_Morgan,polaris/adme-fang-hppb-1,42,LOG_HPPB,explained_var,0.327601
polaris,RF_Morgan,polaris/adme-fang-hppb-1,42,LOG_HPPB,mean_absolute_error,0.552277
polaris,RF_Morgan,polaris/adme-fang-hppb-1,42,LOG_HPPB,r2,0.297465
polaris,RF_Morgan,polaris/adme-fang-hppb-1,42,LOG_HPPB,spearmanr,0.591947
polaris,RF_Morgan,polaris/adme-fang-hppb-1,42,LOG_HPPB,pearsonr,0.587569
polaris,RF_Morgan,polaris/adme-fang-hppb-1,42,LOG_HPPB,mean_squared_error,0.425482
polaris,RF_Morgan,polaris/adme-fang-perm-1,42,LOG_MDR1-MDCK_ER,explained_var,0.43402
polaris,RF_Morgan,polaris/adme-fang-perm-1,42,LOG_MDR1-MDCK_ER,mean_absolute_error,0.41659
polaris,RF_Morgan,polaris/adme-fang-perm-1,42,LOG_MDR1-MDCK_ER,r2,0.428978
polaris,RF_Morgan,polaris/adme-fang-perm-1,42,LOG_MDR1-MDCK_ER,spearmanr,0.654774
polaris,RF_Morgan,polaris/adme-fang-perm-1,42,LOG_MDR1-MDCK_ER,pearsonr,0.681763
polaris,RF_Morgan,polaris/adme-fang-perm-1,42,LOG_MDR1-MDCK_ER,mean_squared_error,0.28288
polaris,RF_Morgan,polaris/adme-fang-rclint-1,42,LOG_RLM_CLint,explained_var,0.293591
polaris,RF_Morgan,polaris/adme-fang-rclint-1,42,LOG_RLM_CLint,mean_absolute_error,0.518901
polaris,RF_Morgan,polaris/adme-fang-rclint-1,42,LOG_RLM_CLint,r2,0.29348
polaris,RF_Morgan,polaris/adme-fang-rclint-1,42,LOG_RLM_CLint,spearmanr,0.54485
polaris,RF_Morgan,polaris/adme-fang-rclint-1,42,LOG_RLM_CLint,pearsonr,0.544521
polaris,RF_Morgan,polaris/adme-fang-rclint-1,42,LOG_RLM_CLint,mean_squared_error,0.398861
polaris,RF_Morgan,polaris/adme-fang-hclint-1,42,LOG_HLM_CLint,explained_var,0.246019
polaris,RF_Morgan,polaris/adme-fang-hclint-1,42,LOG_HLM_CLint,mean_absolute_error,0.446032
polaris,RF_Morgan,polaris/adme-fang-hclint-1,42,LOG_HLM_CLint,r2,0.234688
polaris,RF_Morgan,polaris/adme-fang-hclint-1,42,LOG_HLM_CLint,spearmanr,0.494974
polaris,RF_Morgan,polaris/adme-fang-hclint-1,42,LOG_HLM_CLint,pearsonr,0.496213
polaris,RF_Morgan,polaris/adme-fang-hclint-1,42,LOG_HLM_CLint,mean_squared_error,0.297255
polaris,RF_Morgan,tdcommons/lipophilicity-astrazeneca,42,Y,mean_absolute_error,0.722673
polaris,RF_Morgan,tdcommons/ppbr-az,42,Y,mean_absolute_error,9.88811
polaris,RF_Morgan,tdcommons/clearance-hepatocyte-az,42,Y,spearmanr,0.277262
polaris,RF_Morgan,tdcommons/cyp2d6-substrate-carbonmangels,42,Y,pr_auc,0.666288
polaris,RF_Morgan,tdcommons/half-life-obach,42,Y,spearmanr,0.292146
polaris,RF_Morgan,tdcommons/cyp2c9-substrate-carbonmangels,42,Y,pr_auc,0.367514
polaris,RF_Morgan,tdcommons/clearance-microsome-az,42,Y,spearmanr,0.425684
polaris,RF_Morgan,tdcommons/dili,42,Y,roc_auc,0.883478
polaris,RF_Morgan,tdcommons/bioavailability-ma,42,Y,roc_auc,0.662122
polaris,RF_Morgan,tdcommons/vdss-lombardo,42,Y,spearmanr,0.516587
polaris,RF_Morgan,tdcommons/cyp3a4-substrate-carbonmangels,42,Y,roc_auc,0.661166
polaris,RF_Morgan,tdcommons/pgp-broccatelli,42,Y,roc_auc,0.921288
polaris,RF_Morgan,tdcommons/caco2-wang,42,Y,mean_absolute_error,0.404402
polaris,RF_Morgan,tdcommons/herg,42,Y,roc_auc,0.791016
polaris,RF_Morgan,tdcommons/bbb-martins,42,Y,roc_auc,0.860831
polaris,RF_Morgan,tdcommons/ames,42,Y,roc_auc,0.839694
polaris,RF_Morgan,tdcommons/ld50-zhu,42,Y,mean_absolute_error,0.632347
polaris,RF_Morgan,polaris/pkis2-ret-wt-cls-v2,117,CLS_RET,pr_auc,0.667876
polaris,RF_Morgan,polaris/pkis2-ret-wt-cls-v2,117,CLS_RET,cohen_kappa,0.420521
polaris,RF_Morgan,polaris/pkis2-ret-wt-cls-v2,117,CLS_RET,mcc,0.459084
polaris,RF_Morgan,polaris/pkis2-ret-wt-cls-v2,117,CLS_RET,f1,0.48
polaris,RF_Morgan,polaris/pkis2-ret-wt-cls-v2,117,CLS_RET,roc_auc,0.938533
polaris,RF_Morgan,polaris/pkis2-ret-wt-cls-v2,117,CLS_RET,accuracy,0.877358
polaris,RF_Morgan,polaris/pkis2-ret-wt-reg-v2,117,RET,explained_var,0.462033
polaris,RF_Morgan,polaris/pkis2-ret-wt-reg-v2,117,RET,mean_absolute_error,18.6015
polaris,RF_Morgan,polaris/pkis2-ret-wt-reg-v2,117,RET,r2,0.423375
polaris,RF_Morgan,polaris/pkis2-ret-wt-reg-v2,117,RET,spearmanr,0.623892
polaris,RF_Morgan,polaris/pkis2-ret-wt-reg-v2,117,RET,pearsonr,0.679891
polaris,RF_Morgan,polaris/pkis2-ret-wt-reg-v2,117,RET,mean_squared_error,684.687
polaris,RF_Morgan,polaris/pkis2-kit-wt-cls-v2,117,CLS_KIT,pr_auc,0.584706
polaris,RF_Morgan,polaris/pkis2-kit-wt-cls-v2,117,CLS_KIT,cohen_kappa,0.31125
polaris,RF_Morgan,polaris/pkis2-kit-wt-cls-v2,117,CLS_KIT,mcc,0.352891
polaris,RF_Morgan,polaris/pkis2-kit-wt-cls-v2,117,CLS_KIT,f1,0.387097
polaris,RF_Morgan,polaris/pkis2-kit-wt-cls-v2,117,CLS_KIT,roc_auc,0.816006
polaris,RF_Morgan,polaris/pkis2-kit-wt-cls-v2,117,CLS_KIT,accuracy,0.836207
polaris,RF_Morgan,polaris/pkis2-kit-wt-reg-v2,117,KIT,explained_var,0.289214
polaris,RF_Morgan,polaris/pkis2-kit-wt-reg-v2,117,KIT,mean_absolute_error,23.0032
polaris,RF_Morgan,polaris/pkis2-kit-wt-reg-v2,117,KIT,r2,0.25865
polaris,RF_Morgan,polaris/pkis2-kit-wt-reg-v2,117,KIT,spearmanr,0.548138
polaris,RF_Morgan,polaris/pkis2-kit-wt-reg-v2,117,KIT,pearsonr,0.561126
polaris,RF_Morgan,polaris/pkis2-kit-wt-reg-v2,117,KIT,mean_squared_error,894.576
polaris,RF_Morgan,polaris/pkis2-egfr-wt-reg-v2,117,EGFR,explained_var,0.4149
polaris,RF_Morgan,polaris/pkis2-egfr-wt-reg-v2,117,EGFR,mean_absolute_error,16.1858
polaris,RF_Morgan,polaris/pkis2-egfr-wt-reg-v2,117,EGFR,r2,0.414315
polaris,RF_Morgan,polaris/pkis2-egfr-wt-reg-v2,117,EGFR,spearmanr,0.454184
polaris,RF_Morgan,polaris/pkis2-egfr-wt-reg-v2,117,EGFR,pearsonr,0.64434
polaris,RF_Morgan,polaris/pkis2-egfr-wt-reg-v2,117,EGFR,mean_squared_error,471.927
polaris,RF_Morgan,polaris/adme-fang-solu-1,117,LOG_SOLUBILITY,explained_var,0.262131
polaris,RF_Morgan,polaris/adme-fang-solu-1,117,LOG_SOLUBILITY,mean_absolute_error,0.443923
polaris,RF_Morgan,polaris/adme-fang-solu-1,117,LOG_SOLUBILITY,r2,0.255793
polaris,RF_Morgan,polaris/adme-fang-solu-1,117,LOG_SOLUBILITY,spearmanr,0.440581
polaris,RF_Morgan,polaris/adme-fang-solu-1,117,LOG_SOLUBILITY,pearsonr,0.533715
polaris,RF_Morgan,polaris/adme-fang-solu-1,117,LOG_SOLUBILITY,mean_squared_error,0.403493
polaris,RF_Morgan,polaris/adme-fang-rppb-1,117,LOG_RPPB,explained_var,0.210554
polaris,RF_Morgan,polaris/adme-fang-rppb-1,117,LOG_RPPB,mean_absolute_error,0.674484
polaris,RF_Morgan,polaris/adme-fang-rppb-1,117,LOG_RPPB,r2,0.209973
polaris,RF_Morgan,polaris/adme-fang-rppb-1,117,LOG_RPPB,spearmanr,0.626957
polaris,RF_Morgan,polaris/adme-fang-rppb-1,117,LOG_RPPB,pearsonr,0.606417
polaris,RF_Morgan,polaris/adme-fang-rppb-1,117,LOG_RPPB,mean_squared_error,0.701925
polaris,RF_Morgan,polaris/adme-fang-hppb-1,117,LOG_HPPB,explained_var,0.323892
polaris,RF_Morgan,polaris/adme-fang-hppb-1,117,LOG_HPPB,mean_absolute_error,0.584342
polaris,RF_Morgan,polaris/adme-fang-hppb-1,117,LOG_HPPB,r2,0.283319
polaris,RF_Morgan,polaris/adme-fang-hppb-1,117,LOG_HPPB,spearmanr,0.611353
polaris,RF_Morgan,polaris/adme-fang-hppb-1,117,LOG_HPPB,pearsonr,0.588891
polaris,RF_Morgan,polaris/adme-fang-hppb-1,117,LOG_HPPB,mean_squared_error,0.43405
polaris,RF_Morgan,polaris/adme-fang-perm-1,117,LOG_MDR1-MDCK_ER,explained_var,0.420213
polaris,RF_Morgan,polaris/adme-fang-perm-1,117,LOG_MDR1-MDCK_ER,mean_absolute_error,0.417427
polaris,RF_Morgan,polaris/adme-fang-perm-1,117,LOG_MDR1-MDCK_ER,r2,0.415587
polaris,RF_Morgan,polaris/adme-fang-perm-1,117,LOG_MDR1-MDCK_ER,spearmanr,0.650218
polaris,RF_Morgan,polaris/adme-fang-perm-1,117,LOG_MDR1-MDCK_ER,pearsonr,0.669075
polaris,RF_Morgan,polaris/adme-fang-perm-1,117,LOG_MDR1-MDCK_ER,mean_squared_error,0.289514
polaris,RF_Morgan,polaris/adme-fang-rclint-1,117,LOG_RLM_CLint,explained_var,0.300875
polaris,RF_Morgan,polaris/adme-fang-rclint-1,117,LOG_RLM_CLint,mean_absolute_error,0.513142
polaris,RF_Morgan,polaris/adme-fang-rclint-1,117,LOG_RLM_CLint,r2,0.300826
polaris,RF_Morgan,polaris/adme-fang-rclint-1,117,LOG_RLM_CLint,spearmanr,0.548409
polaris,RF_Morgan,polaris/adme-fang-rclint-1,117,LOG_RLM_CLint,pearsonr,0.552128
polaris,RF_Morgan,polaris/adme-fang-rclint-1,117,LOG_RLM_CLint,mean_squared_error,0.394714
polaris,RF_Morgan,polaris/adme-fang-hclint-1,117,LOG_HLM_CLint,explained_var,0.253124
polaris,RF_Morgan,polaris/adme-fang-hclint-1,117,LOG_HLM_CLint,mean_absolute_error,0.44351
polaris,RF_Morgan,polaris/adme-fang-hclint-1,117,LOG_HLM_CLint,r2,0.242343
polaris,RF_Morgan,polaris/adme-fang-hclint-1,117,LOG_HLM_CLint,spearmanr,0.500351
polaris,RF_Morgan,polaris/adme-fang-hclint-1,117,LOG_HLM_CLint,pearsonr,0.503466
polaris,RF_Morgan,polaris/adme-fang-hclint-1,117,LOG_HLM_CLint,mean_squared_error,0.294281
polaris,RF_Morgan,tdcommons/lipophilicity-astrazeneca,117,Y,mean_absolute_error,0.713804
polaris,RF_Morgan,tdcommons/ppbr-az,117,Y,mean_absolute_error,9.83405
polaris,RF_Morgan,tdcommons/clearance-hepatocyte-az,117,Y,spearmanr,0.244719
polaris,RF_Morgan,tdcommons/cyp2d6-substrate-carbonmangels,117,Y,pr_auc,0.648856
polaris,RF_Morgan,tdcommons/half-life-obach,117,Y,spearmanr,0.309607
polaris,RF_Morgan,tdcommons/cyp2c9-substrate-carbonmangels,117,Y,pr_auc,0.377802
polaris,RF_Morgan,tdcommons/clearance-microsome-az,117,Y,spearmanr,0.440424
polaris,RF_Morgan,tdcommons/dili,117,Y,roc_auc,0.887174
polaris,RF_Morgan,tdcommons/bioavailability-ma,117,Y,roc_auc,0.645494
polaris,RF_Morgan,tdcommons/vdss-lombardo,117,Y,spearmanr,0.511249
polaris,RF_Morgan,tdcommons/cyp3a4-substrate-carbonmangels,117,Y,roc_auc,0.650769
polaris,RF_Morgan,tdcommons/pgp-broccatelli,117,Y,roc_auc,0.913856
polaris,RF_Morgan,tdcommons/caco2-wang,117,Y,mean_absolute_error,0.394374
polaris,RF_Morgan,tdcommons/herg,117,Y,roc_auc,0.792342
polaris,RF_Morgan,tdcommons/bbb-martins,117,Y,roc_auc,0.864583
polaris,RF_Morgan,tdcommons/ames,117,Y,roc_auc,0.842545
polaris,RF_Morgan,tdcommons/ld50-zhu,117,Y,mean_absolute_error,0.634471
polaris,RF_Morgan,polaris/pkis2-ret-wt-cls-v2,709,CLS_RET,pr_auc,0.724006
polaris,RF_Morgan,polaris/pkis2-ret-wt-cls-v2,709,CLS_RET,cohen_kappa,0.420521
polaris,RF_Morgan,polaris/pkis2-ret-wt-cls-v2,709,CLS_RET,mcc,0.459084
polaris,RF_Morgan,polaris/pkis2-ret-wt-cls-v2,709,CLS_RET,f1,0.48
polaris,RF_Morgan,polaris/pkis2-ret-wt-cls-v2,709,CLS_RET,roc_auc,0.94382
polaris,RF_Morgan,polaris/pkis2-ret-wt-cls-v2,709,CLS_RET,accuracy,0.877358
polaris,RF_Morgan,polaris/pkis2-ret-wt-reg-v2,709,RET,explained_var,0.470486
polaris,RF_Morgan,polaris/pkis2-ret-wt-reg-v2,709,RET,mean_absolute_error,18.8799
polaris,RF_Morgan,polaris/pkis2-ret-wt-reg-v2,709,RET,r2,0.432363
polaris,RF_Morgan,polaris/pkis2-ret-wt-reg-v2,709,RET,spearmanr,0.629946
polaris,RF_Morgan,polaris/pkis2-ret-wt-reg-v2,709,RET,pearsonr,0.688595
polaris,RF_Morgan,polaris/pkis2-ret-wt-reg-v2,709,RET,mean_squared_error,674.015
polaris,RF_Morgan,polaris/pkis2-kit-wt-cls-v2,709,CLS_KIT,pr_auc,0.603784
polaris,RF_Morgan,polaris/pkis2-kit-wt-cls-v2,709,CLS_KIT,cohen_kappa,0.31125
polaris,RF_Morgan,polaris/pkis2-kit-wt-cls-v2,709,CLS_KIT,mcc,0.352891
polaris,RF_Morgan,polaris/pkis2-kit-wt-cls-v2,709,CLS_KIT,f1,0.387097
polaris,RF_Morgan,polaris/pkis2-kit-wt-cls-v2,709,CLS_KIT,roc_auc,0.840426
polaris,RF_Morgan,polaris/pkis2-kit-wt-cls-v2,709,CLS_KIT,accuracy,0.836207
polaris,RF_Morgan,polaris/pkis2-kit-wt-reg-v2,709,KIT,explained_var,0.236033
polaris,RF_Morgan,polaris/pkis2-kit-wt-reg-v2,709,KIT,mean_absolute_error,23.7068
polaris,RF_Morgan,polaris/pkis2-kit-wt-reg-v2,709,KIT,r2,0.209216
polaris,RF_Morgan,polaris/pkis2-kit-wt-reg-v2,709,KIT,spearmanr,0.504255
polaris,RF_Morgan,polaris/pkis2-kit-wt-reg-v2,709,KIT,pearsonr,0.528725
polaris,RF_Morgan,polaris/pkis2-kit-wt-reg-v2,709,KIT,mean_squared_error,954.226
polaris,RF_Morgan,polaris/pkis2-egfr-wt-reg-v2,709,EGFR,explained_var,0.40801
polaris,RF_Morgan,polaris/pkis2-egfr-wt-reg-v2,709,EGFR,mean_absolute_error,16.1185
polaris,RF_Morgan,polaris/pkis2-egfr-wt-reg-v2,709,EGFR,r2,0.407922
polaris,RF_Morgan,polaris/pkis2-egfr-wt-reg-v2,709,EGFR,spearmanr,0.460237
polaris,RF_Morgan,polaris/pkis2-egfr-wt-reg-v2,709,EGFR,pearsonr,0.639238
polaris,RF_Morgan,polaris/pkis2-egfr-wt-reg-v2,709,EGFR,mean_squared_error,477.078
polaris,RF_Morgan,polaris/adme-fang-solu-1,709,LOG_SOLUBILITY,explained_var,0.25874
polaris,RF_Morgan,polaris/adme-fang-solu-1,709,LOG_SOLUBILITY,mean_absolute_error,0.446432
polaris,RF_Morgan,polaris/adme-fang-solu-1,709,LOG_SOLUBILITY,r2,0.253377
polaris,RF_Morgan,polaris/adme-fang-solu-1,709,LOG_SOLUBILITY,spearmanr,0.434005
polaris,RF_Morgan,polaris/adme-fang-solu-1,709,LOG_SOLUBILITY,pearsonr,0.527574
polaris,RF_Morgan,polaris/adme-fang-solu-1,709,LOG_SOLUBILITY,mean_squared_error,0.404803
polaris,RF_Morgan,polaris/adme-fang-rppb-1,709,LOG_RPPB,explained_var,0.297502
polaris,RF_Morgan,polaris/adme-fang-rppb-1,709,LOG_RPPB,mean_absolute_error,0.626197
polaris,RF_Morgan,polaris/adme-fang-rppb-1,709,LOG_RPPB,r2,0.289176
polaris,RF_Morgan,polaris/adme-fang-rppb-1,709,LOG_RPPB,spearmanr,0.752174
polaris,RF_Morgan,polaris/adme-fang-rppb-1,709,LOG_RPPB,pearsonr,0.765176
polaris,RF_Morgan,polaris/adme-fang-rppb-1,709,LOG_RPPB,mean_squared_error,0.631554
polaris,RF_Morgan,polaris/adme-fang-hppb-1,709,LOG_HPPB,explained_var,0.298482
polaris,RF_Morgan,polaris/adme-fang-hppb-1,709,LOG_HPPB,mean_absolute_error,0.581021
polaris,RF_Morgan,polaris/adme-fang-hppb-1,709,LOG_HPPB,r2,0.269495
polaris,RF_Morgan,polaris/adme-fang-hppb-1,709,LOG_HPPB,spearmanr,0.544732
polaris,RF_Morgan,polaris/adme-fang-hppb-1,709,LOG_HPPB,pearsonr,0.556271
polaris,RF_Morgan,polaris/adme-fang-hppb-1,709,LOG_HPPB,mean_squared_error,0.442422
polaris,RF_Morgan,polaris/adme-fang-perm-1,709,LOG_MDR1-MDCK_ER,explained_var,0.418834
polaris,RF_Morgan,polaris/adme-fang-perm-1,709,LOG_MDR1-MDCK_ER,mean_absolute_error,0.420767
polaris,RF_Morgan,polaris/adme-fang-perm-1,709,LOG_MDR1-MDCK_ER,r2,0.415538
polaris,RF_Morgan,polaris/adme-fang-perm-1,709,LOG_MDR1-MDCK_ER,spearmanr,0.654564
polaris,RF_Morgan,polaris/adme-fang-perm-1,709,LOG_MDR1-MDCK_ER,pearsonr,0.669355
polaris,RF_Morgan,polaris/adme-fang-perm-1,709,LOG_MDR1-MDCK_ER,mean_squared_error,0.289538
polaris,RF_Morgan,polaris/adme-fang-rclint-1,709,LOG_RLM_CLint,explained_var,0.299292
polaris,RF_Morgan,polaris/adme-fang-rclint-1,709,LOG_RLM_CLint,mean_absolute_error,0.513934
polaris,RF_Morgan,polaris/adme-fang-rclint-1,709,LOG_RLM_CLint,r2,0.299239
polaris,RF_Morgan,polaris/adme-fang-rclint-1,709,LOG_RLM_CLint,spearmanr,0.550653
polaris,RF_Morgan,polaris/adme-fang-rclint-1,709,LOG_RLM_CLint,pearsonr,0.551361
polaris,RF_Morgan,polaris/adme-fang-rclint-1,709,LOG_RLM_CLint,mean_squared_error,0.39561
polaris,RF_Morgan,polaris/adme-fang-hclint-1,709,LOG_HLM_CLint,explained_var,0.258564
polaris,RF_Morgan,polaris/adme-fang-hclint-1,709,LOG_HLM_CLint,mean_absolute_error,0.440047
polaris,RF_Morgan,polaris/adme-fang-hclint-1,709,LOG_HLM_CLint,r2,0.246299
polaris,RF_Morgan,polaris/adme-fang-hclint-1,709,LOG_HLM_CLint,spearmanr,0.505741
polaris,RF_Morgan,polaris/adme-fang-hclint-1,709,LOG_HLM_CLint,pearsonr,0.509253
polaris,RF_Morgan,polaris/adme-fang-hclint-1,709,LOG_HLM_CLint,mean_squared_error,0.292745
polaris,RF_Morgan,tdcommons/lipophilicity-astrazeneca,709,Y,mean_absolute_error,0.71461
polaris,RF_Morgan,tdcommons/ppbr-az,709,Y,mean_absolute_error,9.84974
polaris,RF_Morgan,tdcommons/clearance-hepatocyte-az,709,Y,spearmanr,0.265702
polaris,RF_Morgan,tdcommons/cyp2d6-substrate-carbonmangels,709,Y,pr_auc,0.645968
polaris,RF_Morgan,tdcommons/half-life-obach,709,Y,spearmanr,0.324327
polaris,RF_Morgan,tdcommons/cyp2c9-substrate-carbonmangels,709,Y,pr_auc,0.362484
polaris,RF_Morgan,tdcommons/clearance-microsome-az,709,Y,spearmanr,0.439101
polaris,RF_Morgan,tdcommons/dili,709,Y,roc_auc,0.867826
polaris,RF_Morgan,tdcommons/bioavailability-ma,709,Y,roc_auc,0.630196
polaris,RF_Morgan,tdcommons/vdss-lombardo,709,Y,spearmanr,0.501486
polaris,RF_Morgan,tdcommons/cyp3a4-substrate-carbonmangels,709,Y,roc_auc,0.648734
polaris,RF_Morgan,tdcommons/pgp-broccatelli,709,Y,roc_auc,0.915889
polaris,RF_Morgan,tdcommons/caco2-wang,709,Y,mean_absolute_error,0.417765
polaris,RF_Morgan,tdcommons/herg,709,Y,roc_auc,0.7757
polaris,RF_Morgan,tdcommons/bbb-martins,709,Y,roc_auc,0.877072
polaris,RF_Morgan,tdcommons/ames,709,Y,roc_auc,0.839688
polaris,RF_Morgan,tdcommons/ld50-zhu,709,Y,mean_absolute_error,0.617307
polaris,RF_Morgan,polaris/pkis2-ret-wt-cls-v2,1701,CLS_RET,pr_auc,0.635526
polaris,RF_Morgan,polaris/pkis2-ret-wt-cls-v2,1701,CLS_RET,cohen_kappa,0.420521
polaris,RF_Morgan,polaris/pkis2-ret-wt-cls-v2,1701,CLS_RET,mcc,0.459084
polaris,RF_Morgan,polaris/pkis2-ret-wt-cls-v2,1701,CLS_RET,f1,0.48
polaris,RF_Morgan,polaris/pkis2-ret-wt-cls-v2,1701,CLS_RET,roc_auc,0.921018
polaris,RF_Morgan,polaris/pkis2-ret-wt-cls-v2,1701,CLS_RET,accuracy,0.877358
polaris,RF_Morgan,polaris/pkis2-ret-wt-reg-v2,1701,RET,explained_var,0.470215
polaris,RF_Morgan,polaris/pkis2-ret-wt-reg-v2,1701,RET,mean_absolute_error,18.7764
polaris,RF_Morgan,polaris/pkis2-ret-wt-reg-v2,1701,RET,r2,0.438822
polaris,RF_Morgan,polaris/pkis2-ret-wt-reg-v2,1701,RET,spearmanr,0.634553
polaris,RF_Morgan,polaris/pkis2-ret-wt-reg-v2,1701,RET,pearsonr,0.687536
polaris,RF_Morgan,polaris/pkis2-ret-wt-reg-v2,1701,RET,mean_squared_error,666.345
polaris,RF_Morgan,polaris/pkis2-kit-wt-cls-v2,1701,CLS_KIT,pr_auc,0.633133
polaris,RF_Morgan,polaris/pkis2-kit-wt-cls-v2,1701,CLS_KIT,cohen_kappa,0.290954
polaris,RF_Morgan,polaris/pkis2-kit-wt-cls-v2,1701,CLS_KIT,mcc,0.321498
polaris,RF_Morgan,polaris/pkis2-kit-wt-cls-v2,1701,CLS_KIT,f1,0.375
polaris,RF_Morgan,polaris/pkis2-kit-wt-cls-v2,1701,CLS_KIT,roc_auc,0.854932
polaris,RF_Morgan,polaris/pkis2-kit-wt-cls-v2,1701,CLS_KIT,accuracy,0.827586
polaris,RF_Morgan,polaris/pkis2-kit-wt-reg-v2,1701,KIT,explained_var,0.284845
polaris,RF_Morgan,polaris/pkis2-kit-wt-reg-v2,1701,KIT,mean_absolute_error,22.6707
polaris,RF_Morgan,polaris/pkis2-kit-wt-reg-v2,1701,KIT,r2,0.264457
polaris,RF_Morgan,polaris/pkis2-kit-wt-reg-v2,1701,KIT,spearmanr,0.559493
polaris,RF_Morgan,polaris/pkis2-kit-wt-reg-v2,1701,KIT,pearsonr,0.56423
polaris,RF_Morgan,polaris/pkis2-kit-wt-reg-v2,1701,KIT,mean_squared_error,887.568
polaris,RF_Morgan,polaris/pkis2-egfr-wt-reg-v2,1701,EGFR,explained_var,0.420087
polaris,RF_Morgan,polaris/pkis2-egfr-wt-reg-v2,1701,EGFR,mean_absolute_error,16.0279
polaris,RF_Morgan,polaris/pkis2-egfr-wt-reg-v2,1701,EGFR,r2,0.419759
polaris,RF_Morgan,polaris/pkis2-egfr-wt-reg-v2,1701,EGFR,spearmanr,0.463777
polaris,RF_Morgan,polaris/pkis2-egfr-wt-reg-v2,1701,EGFR,pearsonr,0.648191
polaris,RF_Morgan,polaris/pkis2-egfr-wt-reg-v2,1701,EGFR,mean_squared_error,467.54
polaris,RF_Morgan,polaris/adme-fang-solu-1,1701,LOG_SOLUBILITY,explained_var,0.248593
polaris,RF_Morgan,polaris/adme-fang-solu-1,1701,LOG_SOLUBILITY,mean_absolute_error,0.449005
polaris,RF_Morgan,polaris/adme-fang-solu-1,1701,LOG_SOLUBILITY,r2,0.243489
polaris,RF_Morgan,polaris/adme-fang-solu-1,1701,LOG_SOLUBILITY,spearmanr,0.421313
polaris,RF_Morgan,polaris/adme-fang-solu-1,1701,LOG_SOLUBILITY,pearsonr,0.511542
polaris,RF_Morgan,polaris/adme-fang-solu-1,1701,LOG_SOLUBILITY,mean_squared_error,0.410164
polaris,RF_Morgan,polaris/adme-fang-rppb-1,1701,LOG_RPPB,explained_var,0.248484
polaris,RF_Morgan,polaris/adme-fang-rppb-1,1701,LOG_RPPB,mean_absolute_error,0.663536
polaris,RF_Morgan,polaris/adme-fang-rppb-1,1701,LOG_RPPB,r2,0.248052
polaris,RF_Morgan,polaris/adme-fang-rppb-1,1701,LOG_RPPB,spearmanr,0.677391
polaris,RF_Morgan,polaris/adme-fang-rppb-1,1701,LOG_RPPB,pearsonr,0.697237
polaris,RF_Morgan,polaris/adme-fang-rppb-1,1701,LOG_RPPB,mean_squared_error,0.668092
polaris,RF_Morgan,polaris/adme-fang-hppb-1,1701,LOG_HPPB,explained_var,0.283077
polaris,RF_Morgan,polaris/adme-fang-hppb-1,1701,LOG_HPPB,mean_absolute_error,0.574021
polaris,RF_Morgan,polaris/adme-fang-hppb-1,1701,LOG_HPPB,r2,0.256773
polaris,RF_Morgan,polaris/adme-fang-hppb-1,1701,LOG_HPPB,spearmanr,0.514936
polaris,RF_Morgan,polaris/adme-fang-hppb-1,1701,LOG_HPPB,pearsonr,0.539719
polaris,RF_Morgan,polaris/adme-fang-hppb-1,1701,LOG_HPPB,mean_squared_error,0.450127
polaris,RF_Morgan,polaris/adme-fang-perm-1,1701,LOG_MDR1-MDCK_ER,explained_var,0.411834
polaris,RF_Morgan,polaris/adme-fang-perm-1,1701,LOG_MDR1-MDCK_ER,mean_absolute_error,0.422901
polaris,RF_Morgan,polaris/adme-fang-perm-1,1701,LOG_MDR1-MDCK_ER,r2,0.407656
polaris,RF_Morgan,polaris/adme-fang-perm-1,1701,LOG_MDR1-MDCK_ER,spearmanr,0.645341
polaris,RF_Morgan,polaris/adme-fang-perm-1,1701,LOG_MDR1-MDCK_ER,pearsonr,0.661066
polaris,RF_Morgan,polaris/adme-fang-perm-1,1701,LOG_MDR1-MDCK_ER,mean_squared_error,0.293443
polaris,RF_Morgan,polaris/adme-fang-rclint-1,1701,LOG_RLM_CLint,explained_var,0.28967
polaris,RF_Morgan,polaris/adme-fang-rclint-1,1701,LOG_RLM_CLint,mean_absolute_error,0.516839
polaris,RF_Morgan,polaris/adme-fang-rclint-1,1701,LOG_RLM_CLint,r2,0.289484
polaris,RF_Morgan,polaris/adme-fang-rclint-1,1701,LOG_RLM_CLint,spearmanr,0.540869
polaris,RF_Morgan,polaris/adme-fang-rclint-1,1701,LOG_RLM_CLint,pearsonr,0.540907
polaris,RF_Morgan,polaris/adme-fang-rclint-1,1701,LOG_RLM_CLint,mean_squared_error,0.401117
polaris,RF_Morgan,polaris/adme-fang-hclint-1,1701,LOG_HLM_CLint,explained_var,0.258179
polaris,RF_Morgan,polaris/adme-fang-hclint-1,1701,LOG_HLM_CLint,mean_absolute_error,0.443671
polaris,RF_Morgan,polaris/adme-fang-hclint-1,1701,LOG_HLM_CLint,r2,0.245914
polaris,RF_Morgan,polaris/adme-fang-hclint-1,1701,LOG_HLM_CLint,spearmanr,0.504948
polaris,RF_Morgan,polaris/adme-fang-hclint-1,1701,LOG_HLM_CLint,pearsonr,0.509301
polaris,RF_Morgan,polaris/adme-fang-hclint-1,1701,LOG_HLM_CLint,mean_squared_error,0.292894
polaris,RF_Morgan,tdcommons/lipophilicity-astrazeneca,1701,Y,mean_absolute_error,0.716139
polaris,RF_Morgan,tdcommons/ppbr-az,1701,Y,mean_absolute_error,9.91438
polaris,RF_Morgan,tdcommons/clearance-hepatocyte-az,1701,Y,spearmanr,0.264579
polaris,RF_Morgan,tdcommons/cyp2d6-substrate-carbonmangels,1701,Y,pr_auc,0.645492
polaris,RF_Morgan,tdcommons/half-life-obach,1701,Y,spearmanr,0.292838
polaris,RF_Morgan,tdcommons/cyp2c9-substrate-carbonmangels,1701,Y,pr_auc,0.358152
polaris,RF_Morgan,tdcommons/clearance-microsome-az,1701,Y,spearmanr,0.448494
polaris,RF_Morgan,tdcommons/dili,1701,Y,roc_auc,0.859348
polaris,RF_Morgan,tdcommons/bioavailability-ma,1701,Y,roc_auc,0.643332
polaris,RF_Morgan,tdcommons/vdss-lombardo,1701,Y,spearmanr,0.510001
polaris,RF_Morgan,tdcommons/cyp3a4-substrate-carbonmangels,1701,Y,roc_auc,0.655289
polaris,RF_Morgan,tdcommons/pgp-broccatelli,1701,Y,roc_auc,0.905325
polaris,RF_Morgan,tdcommons/caco2-wang,1701,Y,mean_absolute_error,0.425815
polaris,RF_Morgan,tdcommons/herg,1701,Y,roc_auc,0.792636
polaris,RF_Morgan,tdcommons/bbb-martins,1701,Y,roc_auc,0.863235
polaris,RF_Morgan,tdcommons/ames,1701,Y,roc_auc,0.843166
polaris,RF_Morgan,tdcommons/ld50-zhu,1701,Y,mean_absolute_error,0.633083
polaris,RF_Morgan,polaris/pkis2-ret-wt-cls-v2,9001,CLS_RET,pr_auc,0.712002
polaris,RF_Morgan,polaris/pkis2-ret-wt-cls-v2,9001,CLS_RET,cohen_kappa,0.420521
polaris,RF_Morgan,polaris/pkis2-ret-wt-cls-v2,9001,CLS_RET,mcc,0.459084
polaris,RF_Morgan,polaris/pkis2-ret-wt-cls-v2,9001,CLS_RET,f1,0.48
polaris,RF_Morgan,polaris/pkis2-ret-wt-cls-v2,9001,CLS_RET,roc_auc,0.940185
polaris,RF_Morgan,polaris/pkis2-ret-wt-cls-v2,9001,CLS_RET,accuracy,0.877358
polaris,RF_Morgan,polaris/pkis2-ret-wt-reg-v2,9001,RET,explained_var,0.448977
polaris,RF_Morgan,polaris/pkis2-ret-wt-reg-v2,9001,RET,mean_absolute_error,18.8695
polaris,RF_Morgan,polaris/pkis2-ret-wt-reg-v2,9001,RET,r2,0.409809
polaris,RF_Morgan,polaris/pkis2-ret-wt-reg-v2,9001,RET,spearmanr,0.629172
polaris,RF_Morgan,polaris/pkis2-ret-wt-reg-v2,9001,RET,pearsonr,0.670117
polaris,RF_Morgan,polaris/pkis2-ret-wt-reg-v2,9001,RET,mean_squared_error,700.796
polaris,RF_Morgan,polaris/pkis2-kit-wt-cls-v2,9001,CLS_KIT,pr_auc,0.608766
polaris,RF_Morgan,polaris/pkis2-kit-wt-cls-v2,9001,CLS_KIT,cohen_kappa,0.31125
polaris,RF_Morgan,polaris/pkis2-kit-wt-cls-v2,9001,CLS_KIT,mcc,0.352891
polaris,RF_Morgan,polaris/pkis2-kit-wt-cls-v2,9001,CLS_KIT,f1,0.387097
polaris,RF_Morgan,polaris/pkis2-kit-wt-cls-v2,9001,CLS_KIT,roc_auc,0.834865
polaris,RF_Morgan,polaris/pkis2-kit-wt-cls-v2,9001,CLS_KIT,accuracy,0.836207
polaris,RF_Morgan,polaris/pkis2-kit-wt-reg-v2,9001,KIT,explained_var,0.306182
polaris,RF_Morgan,polaris/pkis2-kit-wt-reg-v2,9001,KIT,mean_absolute_error,22.7332
polaris,RF_Morgan,polaris/pkis2-kit-wt-reg-v2,9001,KIT,r2,0.282008
polaris,RF_Morgan,polaris/pkis2-kit-wt-reg-v2,9001,KIT,spearmanr,0.545645
polaris,RF_Morgan,polaris/pkis2-kit-wt-reg-v2,9001,KIT,pearsonr,0.569629
polaris,RF_Morgan,polaris/pkis2-kit-wt-reg-v2,9001,KIT,mean_squared_error,866.389
polaris,RF_Morgan,polaris/pkis2-egfr-wt-reg-v2,9001,EGFR,explained_var,0.438061
polaris,RF_Morgan,polaris/pkis2-egfr-wt-reg-v2,9001,EGFR,mean_absolute_error,15.8958
polaris,RF_Morgan,polaris/pkis2-egfr-wt-reg-v2,9001,EGFR,r2,0.437308
polaris,RF_Morgan,polaris/pkis2-egfr-wt-reg-v2,9001,EGFR,spearmanr,0.489083
polaris,RF_Morgan,polaris/pkis2-egfr-wt-reg-v2,9001,EGFR,pearsonr,0.661999
polaris,RF_Morgan,polaris/pkis2-egfr-wt-reg-v2,9001,EGFR,mean_squared_error,453.399
polaris,RF_Morgan,polaris/adme-fang-solu-1,9001,LOG_SOLUBILITY,explained_var,0.261
polaris,RF_Morgan,polaris/adme-fang-solu-1,9001,LOG_SOLUBILITY,mean_absolute_error,0.446874
polaris,RF_Morgan,polaris/adme-fang-solu-1,9001,LOG_SOLUBILITY,r2,0.255005
polaris,RF_Morgan,polaris/adme-fang-solu-1,9001,LOG_SOLUBILITY,spearmanr,0.429121
polaris,RF_Morgan,polaris/adme-fang-solu-1,9001,LOG_SOLUBILITY,pearsonr,0.528509
polaris,RF_Morgan,polaris/adme-fang-solu-1,9001,LOG_SOLUBILITY,mean_squared_error,0.40392
polaris,RF_Morgan,polaris/adme-fang-rppb-1,9001,LOG_RPPB,explained_var,0.287908
polaris,RF_Morgan,polaris/adme-fang-rppb-1,9001,LOG_RPPB,mean_absolute_error,0.647088
polaris,RF_Morgan,polaris/adme-fang-rppb-1,9001,LOG_RPPB,r2,0.287504
polaris,RF_Morgan,polaris/adme-fang-rppb-1,9001,LOG_RPPB,spearmanr,0.826087
polaris,RF_Morgan,polaris/adme-fang-rppb-1,9001,LOG_RPPB,pearsonr,0.792598
polaris,RF_Morgan,polaris/adme-fang-rppb-1,9001,LOG_RPPB,mean_squared_error,0.63304
polaris,RF_Morgan,polaris/adme-fang-hppb-1,9001,LOG_HPPB,explained_var,0.308875
polaris,RF_Morgan,polaris/adme-fang-hppb-1,9001,LOG_HPPB,mean_absolute_error,0.579192
polaris,RF_Morgan,polaris/adme-fang-hppb-1,9001,LOG_HPPB,r2,0.274615
polaris,RF_Morgan,polaris/adme-fang-hppb-1,9001,LOG_HPPB,spearmanr,0.556956
polaris,RF_Morgan,polaris/adme-fang-hppb-1,9001,LOG_HPPB,pearsonr,0.570667
polaris,RF_Morgan,polaris/adme-fang-hppb-1,9001,LOG_HPPB,mean_squared_error,0.439321
polaris,RF_Morgan,polaris/adme-fang-perm-1,9001,LOG_MDR1-MDCK_ER,explained_var,0.424225
polaris,RF_Morgan,polaris/adme-fang-perm-1,9001,LOG_MDR1-MDCK_ER,mean_absolute_error,0.418182
polaris,RF_Morgan,polaris/adme-fang-perm-1,9001,LOG_MDR1-MDCK_ER,r2,0.418442
polaris,RF_Morgan,polaris/adme-fang-perm-1,9001,LOG_MDR1-MDCK_ER,spearmanr,0.655788
polaris,RF_Morgan,polaris/adme-fang-perm-1,9001,LOG_MDR1-MDCK_ER,pearsonr,0.676742
polaris,RF_Morgan,polaris/adme-fang-perm-1,9001,LOG_MDR1-MDCK_ER,mean_squared_error,0.288099
polaris,RF_Morgan,polaris/adme-fang-rclint-1,9001,LOG_RLM_CLint,explained_var,0.297142
polaris,RF_Morgan,polaris/adme-fang-rclint-1,9001,LOG_RLM_CLint,mean_absolute_error,0.51617
polaris,RF_Morgan,polaris/adme-fang-rclint-1,9001,LOG_RLM_CLint,r2,0.296712
polaris,RF_Morgan,polaris/adme-fang-rclint-1,9001,LOG_RLM_CLint,spearmanr,0.545827
polaris,RF_Morgan,polaris/adme-fang-rclint-1,9001,LOG_RLM_CLint,pearsonr,0.548642
polaris,RF_Morgan,polaris/adme-fang-rclint-1,9001,LOG_RLM_CLint,mean_squared_error,0.397037
polaris,RF_Morgan,polaris/adme-fang-hclint-1,9001,LOG_HLM_CLint,explained_var,0.264389
polaris,RF_Morgan,polaris/adme-fang-hclint-1,9001,LOG_HLM_CLint,mean_absolute_error,0.440888
polaris,RF_Morgan,polaris/adme-fang-hclint-1,9001,LOG_HLM_CLint,r2,0.252929
polaris,RF_Morgan,polaris/adme-fang-hclint-1,9001,LOG_HLM_CLint,spearmanr,0.512553
polaris,RF_Morgan,polaris/adme-fang-hclint-1,9001,LOG_HLM_CLint,pearsonr,0.515304
polaris,RF_Morgan,polaris/adme-fang-hclint-1,9001,LOG_HLM_CLint,mean_squared_error,0.29017
polaris,RF_Morgan,tdcommons/lipophilicity-astrazeneca,9001,Y,mean_absolute_error,0.716045
polaris,RF_Morgan,tdcommons/ppbr-az,9001,Y,mean_absolute_error,9.94999
polaris,RF_Morgan,tdcommons/clearance-hepatocyte-az,9001,Y,spearmanr,0.26712
polaris,RF_Morgan,tdcommons/cyp2d6-substrate-carbonmangels,9001,Y,pr_auc,0.64659
polaris,RF_Morgan,tdcommons/half-life-obach,9001,Y,spearmanr,0.310458
polaris,RF_Morgan,tdcommons/cyp2c9-substrate-carbonmangels,9001,Y,pr_auc,0.365523
polaris,RF_Morgan,tdcommons/clearance-microsome-az,9001,Y,spearmanr,0.434106
polaris,RF_Morgan,tdcommons/dili,9001,Y,roc_auc,0.878913
polaris,RF_Morgan,tdcommons/bioavailability-ma,9001,Y,roc_auc,0.629697
polaris,RF_Morgan,tdcommons/vdss-lombardo,9001,Y,spearmanr,0.521562
polaris,RF_Morgan,tdcommons/cyp3a4-substrate-carbonmangels,9001,Y,roc_auc,0.656307
polaris,RF_Morgan,tdcommons/pgp-broccatelli,9001,Y,roc_auc,0.920455
polaris,RF_Morgan,tdcommons/caco2-wang,9001,Y,mean_absolute_error,0.430886
polaris,RF_Morgan,tdcommons/herg,9001,Y,roc_auc,0.795729
polaris,RF_Morgan,tdcommons/bbb-martins,9001,Y,roc_auc,0.869938
polaris,RF_Morgan,tdcommons/ames,9001,Y,roc_auc,0.835625
polaris,RF_Morgan,tdcommons/ld50-zhu,9001,Y,mean_absolute_error,0.629882
polaris,RF_Morgan_Physchem,polaris/pkis2-ret-wt-cls-v2,42,CLS_RET,accuracy,0.867925
polaris,RF_Morgan_Physchem,polaris/pkis2-ret-wt-cls-v2,42,CLS_RET,cohen_kappa,0.356461
polaris,RF_Morgan_Physchem,polaris/pkis2-ret-wt-cls-v2,42,CLS_RET,pr_auc,0.702296
polaris,RF_Morgan_Physchem,polaris/pkis2-ret-wt-cls-v2,42,CLS_RET,mcc,0.40138
polaris,RF_Morgan_Physchem,polaris/pkis2-ret-wt-cls-v2,42,CLS_RET,roc_auc,0.870787
polaris,RF_Morgan_Physchem,polaris/pkis2-ret-wt-cls-v2,42,CLS_RET,f1,0.416667
polaris,RF_Morgan_Physchem,polaris/pkis2-ret-wt-reg-v2,42,RET,r2,0.37823
polaris,RF_Morgan_Physchem,polaris/pkis2-ret-wt-reg-v2,42,RET,pearsonr,0.633146
polaris,RF_Morgan_Physchem,polaris/pkis2-ret-wt-reg-v2,42,RET,mean_absolute_error,20.7948
polaris,RF_Morgan_Physchem,polaris/pkis2-ret-wt-reg-v2,42,RET,spearmanr,0.587224
polaris,RF_Morgan_Physchem,polaris/pkis2-ret-wt-reg-v2,42,RET,mean_squared_error,738.292
polaris,RF_Morgan_Physchem,polaris/pkis2-ret-wt-reg-v2,42,RET,explained_var,0.397307
polaris,RF_Morgan_Physchem,polaris/pkis2-kit-wt-cls-v2,42,CLS_KIT,accuracy,0.862069
polaris,RF_Morgan_Physchem,polaris/pkis2-kit-wt-cls-v2,42,CLS_KIT,cohen_kappa,0.456674
polaris,RF_Morgan_Physchem,polaris/pkis2-kit-wt-cls-v2,42,CLS_KIT,pr_auc,0.639495
polaris,RF_Morgan_Physchem,polaris/pkis2-kit-wt-cls-v2,42,CLS_KIT,mcc,0.485525
polaris,RF_Morgan_Physchem,polaris/pkis2-kit-wt-cls-v2,42,CLS_KIT,roc_auc,0.827369
polaris,RF_Morgan_Physchem,polaris/pkis2-kit-wt-cls-v2,42,CLS_KIT,f1,0.529412
polaris,RF_Morgan_Physchem,polaris/pkis2-kit-wt-reg-v2,42,KIT,r2,0.345187
polaris,RF_Morgan_Physchem,polaris/pkis2-kit-wt-reg-v2,42,KIT,pearsonr,0.597525
polaris,RF_Morgan_Physchem,polaris/pkis2-kit-wt-reg-v2,42,KIT,mean_absolute_error,22.1839
polaris,RF_Morgan_Physchem,polaris/pkis2-kit-wt-reg-v2,42,KIT,spearmanr,0.534787
polaris,RF_Morgan_Physchem,polaris/pkis2-kit-wt-reg-v2,42,KIT,mean_squared_error,790.152
polaris,RF_Morgan_Physchem,polaris/pkis2-kit-wt-reg-v2,42,KIT,explained_var,0.357021
polaris,RF_Morgan_Physchem,polaris/pkis2-egfr-wt-reg-v2,42,EGFR,r2,0.394776
polaris,RF_Morgan_Physchem,polaris/pkis2-egfr-wt-reg-v2,42,EGFR,pearsonr,0.629572
polaris,RF_Morgan_Physchem,polaris/pkis2-egfr-wt-reg-v2,42,EGFR,mean_absolute_error,16.923
polaris,RF_Morgan_Physchem,polaris/pkis2-egfr-wt-reg-v2,42,EGFR,spearmanr,0.369061
polaris,RF_Morgan_Physchem,polaris/pkis2-egfr-wt-reg-v2,42,EGFR,mean_squared_error,487.67
polaris,RF_Morgan_Physchem,polaris/pkis2-egfr-wt-reg-v2,42,EGFR,explained_var,0.396351
polaris,RF_Morgan_Physchem,polaris/adme-fang-solu-1,42,LOG_SOLUBILITY,r2,0.320169
polaris,RF_Morgan_Physchem,polaris/adme-fang-solu-1,42,LOG_SOLUBILITY,pearsonr,0.576637
polaris,RF_Morgan_Physchem,polaris/adme-fang-solu-1,42,LOG_SOLUBILITY,mean_absolute_error,0.415963
polaris,RF_Morgan_Physchem,polaris/adme-fang-solu-1,42,LOG_SOLUBILITY,spearmanr,0.484762
polaris,RF_Morgan_Physchem,polaris/adme-fang-solu-1,42,LOG_SOLUBILITY,mean_squared_error,0.36859
polaris,RF_Morgan_Physchem,polaris/adme-fang-solu-1,42,LOG_SOLUBILITY,explained_var,0.322975
polaris,RF_Morgan_Physchem,polaris/adme-fang-rppb-1,42,LOG_RPPB,r2,0.498376
polaris,RF_Morgan_Physchem,polaris/adme-fang-rppb-1,42,LOG_RPPB,pearsonr,0.747581
polaris,RF_Morgan_Physchem,polaris/adme-fang-rppb-1,42,LOG_RPPB,mean_absolute_error,0.475935
polaris,RF_Morgan_Physchem,polaris/adme-fang-rppb-1,42,LOG_RPPB,spearmanr,0.827826
polaris,RF_Morgan_Physchem,polaris/adme-fang-rppb-1,42,LOG_RPPB,mean_squared_error,0.445684
polaris,RF_Morgan_Physchem,polaris/adme-fang-rppb-1,42,LOG_RPPB,explained_var,0.50043
polaris,RF_Morgan_Physchem,polaris/adme-fang-hppb-1,42,LOG_HPPB,r2,0.559473
polaris,RF_Morgan_Physchem,polaris/adme-fang-hppb-1,42,LOG_HPPB,pearsonr,0.769676
polaris,RF_Morgan_Physchem,polaris/adme-fang-hppb-1,42,LOG_HPPB,mean_absolute_error,0.394869
polaris,RF_Morgan_Physchem,polaris/adme-fang-hppb-1,42,LOG_HPPB,spearmanr,0.771335
polaris,RF_Morgan_Physchem,polaris/adme-fang-hppb-1,42,LOG_HPPB,mean_squared_error,0.2668
polaris,RF_Morgan_Physchem,polaris/adme-fang-hppb-1,42,LOG_HPPB,explained_var,0.592395
polaris,RF_Morgan_Physchem,polaris/adme-fang-perm-1,42,LOG_MDR1-MDCK_ER,r2,0.534406
polaris,RF_Morgan_Physchem,polaris/adme-fang-perm-1,42,LOG_MDR1-MDCK_ER,pearsonr,0.742268
polaris,RF_Morgan_Physchem,polaris/adme-fang-perm-1,42,LOG_MDR1-MDCK_ER,mean_absolute_error,0.370155
polaris,RF_Morgan_Physchem,polaris/adme-fang-perm-1,42,LOG_MDR1-MDCK_ER,spearmanr,0.734897
polaris,RF_Morgan_Physchem,polaris/adme-fang-perm-1,42,LOG_MDR1-MDCK_ER,mean_squared_error,0.230652
polaris,RF_Morgan_Physchem,polaris/adme-fang-perm-1,42,LOG_MDR1-MDCK_ER,explained_var,0.534444
polaris,RF_Morgan_Physchem,polaris/adme-fang-rclint-1,42,LOG_RLM_CLint,r2,0.430775
polaris,RF_Morgan_Physchem,polaris/adme-fang-rclint-1,42,LOG_RLM_CLint,pearsonr,0.656515
polaris,RF_Morgan_Physchem,polaris/adme-fang-rclint-1,42,LOG_RLM_CLint,mean_absolute_error,0.451224
polaris,RF_Morgan_Physchem,polaris/adme-fang-rclint-1,42,LOG_RLM_CLint,spearmanr,0.662888
polaris,RF_Morgan_Physchem,polaris/adme-fang-rclint-1,42,LOG_RLM_CLint,mean_squared_error,0.321352
polaris,RF_Morgan_Physchem,polaris/adme-fang-rclint-1,42,LOG_RLM_CLint,explained_var,0.430935
polaris,RF_Morgan_Physchem,polaris/adme-fang-hclint-1,42,LOG_HLM_CLint,r2,0.427349
polaris,RF_Morgan_Physchem,polaris/adme-fang-hclint-1,42,LOG_HLM_CLint,pearsonr,0.655691
polaris,RF_Morgan_Physchem,polaris/adme-fang-hclint-1,42,LOG_HLM_CLint,mean_absolute_error,0.373156
polaris,RF_Morgan_Physchem,polaris/adme-fang-hclint-1,42,LOG_HLM_CLint,spearmanr,0.658386
polaris,RF_Morgan_Physchem,polaris/adme-fang-hclint-1,42,LOG_HLM_CLint,mean_squared_error,0.222423
polaris,RF_Morgan_Physchem,polaris/adme-fang-hclint-1,42,LOG_HLM_CLint,explained_var,0.428455
polaris,RF_Morgan_Physchem,tdcommons/lipophilicity-astrazeneca,42,Y,mean_absolute_error,0.61872
polaris,RF_Morgan_Physchem,tdcommons/ppbr-az,42,Y,mean_absolute_error,8.42369
polaris,RF_Morgan_Physchem,tdcommons/clearance-hepatocyte-az,42,Y,spearmanr,0.45287
polaris,RF_Morgan_Physchem,tdcommons/cyp2d6-substrate-carbonmangels,42,Y,pr_auc,0.7033
polaris,RF_Morgan_Physchem,tdcommons/half-life-obach,42,Y,spearmanr,0.273986
polaris,RF_Morgan_Physchem,tdcommons/cyp2c9-substrate-carbonmangels,42,Y,pr_auc,0.386397
polaris,RF_Morgan_Physchem,tdcommons/clearance-microsome-az,42,Y,spearmanr,0.558189
polaris,RF_Morgan_Physchem,tdcommons/dili,42,Y,roc_auc,0.937174
polaris,RF_Morgan_Physchem,tdcommons/bioavailability-ma,42,Y,roc_auc,0.725141
polaris,RF_Morgan_Physchem,tdcommons/vdss-lombardo,42,Y,spearmanr,0.513721
polaris,RF_Morgan_Physchem,tdcommons/cyp3a4-substrate-carbonmangels,42,Y,roc_auc,0.685014
polaris,RF_Morgan_Physchem,tdcommons/pgp-broccatelli,42,Y,roc_auc,0.91219
polaris,RF_Morgan_Physchem,tdcommons/caco2-wang,42,Y,mean_absolute_error,0.289759
polaris,RF_Morgan_Physchem,tdcommons/herg,42,Y,roc_auc,0.856112
polaris,RF_Morgan_Physchem,tdcommons/bbb-martins,42,Y,roc_auc,0.914087
polaris,RF_Morgan_Physchem,tdcommons/ames,42,Y,roc_auc,0.851282
polaris,RF_Morgan_Physchem,tdcommons/ld50-zhu,42,Y,mean_absolute_error,0.613274
polaris,RF_Morgan_Physchem,polaris/pkis2-ret-wt-cls-v2,117,CLS_RET,accuracy,0.867925
polaris,RF_Morgan_Physchem,polaris/pkis2-ret-wt-cls-v2,117,CLS_RET,cohen_kappa,0.356461
polaris,RF_Morgan_Physchem,polaris/pkis2-ret-wt-cls-v2,117,CLS_RET,pr_auc,0.655123
polaris,RF_Morgan_Physchem,polaris/pkis2-ret-wt-cls-v2,117,CLS_RET,mcc,0.40138
polaris,RF_Morgan_Physchem,polaris/pkis2-ret-wt-cls-v2,117,CLS_RET,roc_auc,0.879709
polaris,RF_Morgan_Physchem,polaris/pkis2-ret-wt-cls-v2,117,CLS_RET,f1,0.416667
polaris,RF_Morgan_Physchem,polaris/pkis2-ret-wt-reg-v2,117,RET,r2,0.380311
polaris,RF_Morgan_Physchem,polaris/pkis2-ret-wt-reg-v2,117,RET,pearsonr,0.635088
polaris,RF_Morgan_Physchem,polaris/pkis2-ret-wt-reg-v2,117,RET,mean_absolute_error,20.9061
polaris,RF_Morgan_Physchem,polaris/pkis2-ret-wt-reg-v2,117,RET,spearmanr,0.583701
polaris,RF_Morgan_Physchem,polaris/pkis2-ret-wt-reg-v2,117,RET,mean_squared_error,735.822
polaris,RF_Morgan_Physchem,polaris/pkis2-ret-wt-reg-v2,117,RET,explained_var,0.398669
polaris,RF_Morgan_Physchem,polaris/pkis2-kit-wt-cls-v2,117,CLS_KIT,accuracy,0.853448
polaris,RF_Morgan_Physchem,polaris/pkis2-kit-wt-cls-v2,117,CLS_KIT,cohen_kappa,0.434633
polaris,RF_Morgan_Physchem,polaris/pkis2-kit-wt-cls-v2,117,CLS_KIT,pr_auc,0.6631
polaris,RF_Morgan_Physchem,polaris/pkis2-kit-wt-cls-v2,117,CLS_KIT,mcc,0.455516
polaris,RF_Morgan_Physchem,polaris/pkis2-kit-wt-cls-v2,117,CLS_KIT,roc_auc,0.829545
polaris,RF_Morgan_Physchem,polaris/pkis2-kit-wt-cls-v2,117,CLS_KIT,f1,0.514286
polaris,RF_Morgan_Physchem,polaris/pkis2-kit-wt-reg-v2,117,KIT,r2,0.347859
polaris,RF_Morgan_Physchem,polaris/pkis2-kit-wt-reg-v2,117,KIT,pearsonr,0.59887
polaris,RF_Morgan_Physchem,polaris/pkis2-kit-wt-reg-v2,117,KIT,mean_absolute_error,22.1337
polaris,RF_Morgan_Physchem,polaris/pkis2-kit-wt-reg-v2,117,KIT,spearmanr,0.540347
polaris,RF_Morgan_Physchem,polaris/pkis2-kit-wt-reg-v2,117,KIT,mean_squared_error,786.928
polaris,RF_Morgan_Physchem,polaris/pkis2-kit-wt-reg-v2,117,KIT,explained_var,0.358601
polaris,RF_Morgan_Physchem,polaris/pkis2-egfr-wt-reg-v2,117,EGFR,r2,0.390839
polaris,RF_Morgan_Physchem,polaris/pkis2-egfr-wt-reg-v2,117,EGFR,pearsonr,0.626689
polaris,RF_Morgan_Physchem,polaris/pkis2-egfr-wt-reg-v2,117,EGFR,mean_absolute_error,16.9823
polaris,RF_Morgan_Physchem,polaris/pkis2-egfr-wt-reg-v2,117,EGFR,spearmanr,0.368623
polaris,RF_Morgan_Physchem,polaris/pkis2-egfr-wt-reg-v2,117,EGFR,mean_squared_error,490.843
polaris,RF_Morgan_Physchem,polaris/pkis2-egfr-wt-reg-v2,117,EGFR,explained_var,0.392661
polaris,RF_Morgan_Physchem,polaris/adme-fang-solu-1,117,LOG_SOLUBILITY,r2,0.317998
polaris,RF_Morgan_Physchem,polaris/adme-fang-solu-1,117,LOG_SOLUBILITY,pearsonr,0.57448
polaris,RF_Morgan_Physchem,polaris/adme-fang-solu-1,117,LOG_SOLUBILITY,mean_absolute_error,0.41743
polaris,RF_Morgan_Physchem,polaris/adme-fang-solu-1,117,LOG_SOLUBILITY,spearmanr,0.484744
polaris,RF_Morgan_Physchem,polaris/adme-fang-solu-1,117,LOG_SOLUBILITY,mean_squared_error,0.369767
polaris,RF_Morgan_Physchem,polaris/adme-fang-solu-1,117,LOG_SOLUBILITY,explained_var,0.320745
polaris,RF_Morgan_Physchem,polaris/adme-fang-rppb-1,117,LOG_RPPB,r2,0.497907
polaris,RF_Morgan_Physchem,polaris/adme-fang-rppb-1,117,LOG_RPPB,pearsonr,0.739643
polaris,RF_Morgan_Physchem,polaris/adme-fang-rppb-1,117,LOG_RPPB,mean_absolute_error,0.472594
polaris,RF_Morgan_Physchem,polaris/adme-fang-rppb-1,117,LOG_RPPB,spearmanr,0.806957
polaris,RF_Morgan_Physchem,polaris/adme-fang-rppb-1,117,LOG_RPPB,mean_squared_error,0.446101
polaris,RF_Morgan_Physchem,polaris/adme-fang-rppb-1,117,LOG_RPPB,explained_var,0.501675
polaris,RF_Morgan_Physchem,polaris/adme-fang-hppb-1,117,LOG_HPPB,r2,0.56388
polaris,RF_Morgan_Physchem,polaris/adme-fang-hppb-1,117,LOG_HPPB,pearsonr,0.771291
polaris,RF_Morgan_Physchem,polaris/adme-fang-hppb-1,117,LOG_HPPB,mean_absolute_error,0.394674
polaris,RF_Morgan_Physchem,polaris/adme-fang-hppb-1,117,LOG_HPPB,spearmanr,0.797311
polaris,RF_Morgan_Physchem,polaris/adme-fang-hppb-1,117,LOG_HPPB,mean_squared_error,0.264131
polaris,RF_Morgan_Physchem,polaris/adme-fang-hppb-1,117,LOG_HPPB,explained_var,0.594889
polaris,RF_Morgan_Physchem,polaris/adme-fang-perm-1,117,LOG_MDR1-MDCK_ER,r2,0.533577
polaris,RF_Morgan_Physchem,polaris/adme-fang-perm-1,117,LOG_MDR1-MDCK_ER,pearsonr,0.741649
polaris,RF_Morgan_Physchem,polaris/adme-fang-perm-1,117,LOG_MDR1-MDCK_ER,mean_absolute_error,0.370795
polaris,RF_Morgan_Physchem,polaris/adme-fang-perm-1,117,LOG_MDR1-MDCK_ER,spearmanr,0.732194
polaris,RF_Morgan_Physchem,polaris/adme-fang-perm-1,117,LOG_MDR1-MDCK_ER,mean_squared_error,0.231063
polaris,RF_Morgan_Physchem,polaris/adme-fang-perm-1,117,LOG_MDR1-MDCK_ER,explained_var,0.53362
polaris,RF_Morgan_Physchem,polaris/adme-fang-rclint-1,117,LOG_RLM_CLint,r2,0.423929
polaris,RF_Morgan_Physchem,polaris/adme-fang-rclint-1,117,LOG_RLM_CLint,pearsonr,0.651289
polaris,RF_Morgan_Physchem,polaris/adme-fang-rclint-1,117,LOG_RLM_CLint,mean_absolute_error,0.454833
polaris,RF_Morgan_Physchem,polaris/adme-fang-rclint-1,117,LOG_RLM_CLint,spearmanr,0.656637
polaris,RF_Morgan_Physchem,polaris/adme-fang-rclint-1,117,LOG_RLM_CLint,mean_squared_error,0.325217
polaris,RF_Morgan_Physchem,polaris/adme-fang-rclint-1,117,LOG_RLM_CLint,explained_var,0.42416
polaris,RF_Morgan_Physchem,polaris/adme-fang-hclint-1,117,LOG_HLM_CLint,r2,0.426743
polaris,RF_Morgan_Physchem,polaris/adme-fang-hclint-1,117,LOG_HLM_CLint,pearsonr,0.654842
polaris,RF_Morgan_Physchem,polaris/adme-fang-hclint-1,117,LOG_HLM_CLint,mean_absolute_error,0.372726
polaris,RF_Morgan_Physchem,polaris/adme-fang-hclint-1,117,LOG_HLM_CLint,spearmanr,0.654756
polaris,RF_Morgan_Physchem,polaris/adme-fang-hclint-1,117,LOG_HLM_CLint,mean_squared_error,0.222659
polaris,RF_Morgan_Physchem,polaris/adme-fang-hclint-1,117,LOG_HLM_CLint,explained_var,0.427618
polaris,RF_Morgan_Physchem,tdcommons/lipophilicity-astrazeneca,117,Y,mean_absolute_error,0.612669
polaris,RF_Morgan_Physchem,tdcommons/ppbr-az,117,Y,mean_absolute_error,8.34085
polaris,RF_Morgan_Physchem,tdcommons/clearance-hepatocyte-az,117,Y,spearmanr,0.457497
polaris,RF_Morgan_Physchem,tdcommons/cyp2d6-substrate-carbonmangels,117,Y,pr_auc,0.682015
polaris,RF_Morgan_Physchem,tdcommons/half-life-obach,117,Y,spearmanr,0.287431
polaris,RF_Morgan_Physchem,tdcommons/cyp2c9-substrate-carbonmangels,117,Y,pr_auc,0.405668
polaris,RF_Morgan_Physchem,tdcommons/clearance-microsome-az,117,Y,spearmanr,0.559682
polaris,RF_Morgan_Physchem,tdcommons/dili,117,Y,roc_auc,0.931087
polaris,RF_Morgan_Physchem,tdcommons/bioavailability-ma,117,Y,roc_auc,0.712005
polaris,RF_Morgan_Physchem,tdcommons/vdss-lombardo,117,Y,spearmanr,0.526579
polaris,RF_Morgan_Physchem,tdcommons/cyp3a4-substrate-carbonmangels,117,Y,roc_auc,0.668174
polaris,RF_Morgan_Physchem,tdcommons/pgp-broccatelli,117,Y,roc_auc,0.916456
polaris,RF_Morgan_Physchem,tdcommons/caco2-wang,117,Y,mean_absolute_error,0.293053
polaris,RF_Morgan_Physchem,tdcommons/herg,117,Y,roc_auc,0.860088
polaris,RF_Morgan_Physchem,tdcommons/bbb-martins,117,Y,roc_auc,0.909572
polaris,RF_Morgan_Physchem,tdcommons/ames,117,Y,roc_auc,0.853044
polaris,RF_Morgan_Physchem,tdcommons/ld50-zhu,117,Y,mean_absolute_error,0.617335
polaris,RF_Morgan_Physchem,polaris/pkis2-ret-wt-cls-v2,709,CLS_RET,accuracy,0.867925
polaris,RF_Morgan_Physchem,polaris/pkis2-ret-wt-cls-v2,709,CLS_RET,cohen_kappa,0.356461
polaris,RF_Morgan_Physchem,polaris/pkis2-ret-wt-cls-v2,709,CLS_RET,pr_auc,0.671395
polaris,RF_Morgan_Physchem,polaris/pkis2-ret-wt-cls-v2,709,CLS_RET,mcc,0.40138
polaris,RF_Morgan_Physchem,polaris/pkis2-ret-wt-cls-v2,709,CLS_RET,roc_auc,0.890945
polaris,RF_Morgan_Physchem,polaris/pkis2-ret-wt-cls-v2,709,CLS_RET,f1,0.416667
polaris,RF_Morgan_Physchem,polaris/pkis2-ret-wt-reg-v2,709,RET,r2,0.378143
polaris,RF_Morgan_Physchem,polaris/pkis2-ret-wt-reg-v2,709,RET,pearsonr,0.633224
polaris,RF_Morgan_Physchem,polaris/pkis2-ret-wt-reg-v2,709,RET,mean_absolute_error,20.7227
polaris,RF_Morgan_Physchem,polaris/pkis2-ret-wt-reg-v2,709,RET,spearmanr,0.586855
polaris,RF_Morgan_Physchem,polaris/pkis2-ret-wt-reg-v2,709,RET,mean_squared_error,738.396
polaris,RF_Morgan_Physchem,polaris/pkis2-ret-wt-reg-v2,709,RET,explained_var,0.397448
polaris,RF_Morgan_Physchem,polaris/pkis2-kit-wt-cls-v2,709,CLS_KIT,accuracy,0.853448
polaris,RF_Morgan_Physchem,polaris/pkis2-kit-wt-cls-v2,709,CLS_KIT,cohen_kappa,0.434633
polaris,RF_Morgan_Physchem,polaris/pkis2-kit-wt-cls-v2,709,CLS_KIT,pr_auc,0.66433
polaris,RF_Morgan_Physchem,polaris/pkis2-kit-wt-cls-v2,709,CLS_KIT,mcc,0.455516
polaris,RF_Morgan_Physchem,polaris/pkis2-kit-wt-cls-v2,709,CLS_KIT,roc_auc,0.832205
polaris,RF_Morgan_Physchem,polaris/pkis2-kit-wt-cls-v2,709,CLS_KIT,f1,0.514286
polaris,RF_Morgan_Physchem,polaris/pkis2-kit-wt-reg-v2,709,KIT,r2,0.339051
polaris,RF_Morgan_Physchem,polaris/pkis2-kit-wt-reg-v2,709,KIT,pearsonr,0.590865
polaris,RF_Morgan_Physchem,polaris/pkis2-kit-wt-reg-v2,709,KIT,mean_absolute_error,22.33
polaris,RF_Morgan_Physchem,polaris/pkis2-kit-wt-reg-v2,709,KIT,spearmanr,0.526737
polaris,RF_Morgan_Physchem,polaris/pkis2-kit-wt-reg-v2,709,KIT,mean_squared_error,797.556
polaris,RF_Morgan_Physchem,polaris/pkis2-kit-wt-reg-v2,709,KIT,explained_var,0.349115
polaris,RF_Morgan_Physchem,polaris/pkis2-egfr-wt-reg-v2,709,EGFR,r2,0.396929
polaris,RF_Morgan_Physchem,polaris/pkis2-egfr-wt-reg-v2,709,EGFR,pearsonr,0.631604
polaris,RF_Morgan_Physchem,polaris/pkis2-egfr-wt-reg-v2,709,EGFR,mean_absolute_error,16.966
polaris,RF_Morgan_Physchem,polaris/pkis2-egfr-wt-reg-v2,709,EGFR,spearmanr,0.376298
polaris,RF_Morgan_Physchem,polaris/pkis2-egfr-wt-reg-v2,709,EGFR,mean_squared_error,485.935
polaris,RF_Morgan_Physchem,polaris/pkis2-egfr-wt-reg-v2,709,EGFR,explained_var,0.398816
polaris,RF_Morgan_Physchem,polaris/adme-fang-solu-1,709,LOG_SOLUBILITY,r2,0.316038
polaris,RF_Morgan_Physchem,polaris/adme-fang-solu-1,709,LOG_SOLUBILITY,pearsonr,0.571402
polaris,RF_Morgan_Physchem,polaris/adme-fang-solu-1,709,LOG_SOLUBILITY,mean_absolute_error,0.417547
polaris,RF_Morgan_Physchem,polaris/adme-fang-solu-1,709,LOG_SOLUBILITY,spearmanr,0.482317
polaris,RF_Morgan_Physchem,polaris/adme-fang-solu-1,709,LOG_SOLUBILITY,mean_squared_error,0.37083
polaris,RF_Morgan_Physchem,polaris/adme-fang-solu-1,709,LOG_SOLUBILITY,explained_var,0.31893
polaris,RF_Morgan_Physchem,polaris/adme-fang-rppb-1,709,LOG_RPPB,r2,0.492942
polaris,RF_Morgan_Physchem,polaris/adme-fang-rppb-1,709,LOG_RPPB,pearsonr,0.73684
polaris,RF_Morgan_Physchem,polaris/adme-fang-rppb-1,709,LOG_RPPB,mean_absolute_error,0.476963
polaris,RF_Morgan_Physchem,polaris/adme-fang-rppb-1,709,LOG_RPPB,spearmanr,0.830435
polaris,RF_Morgan_Physchem,polaris/adme-fang-rppb-1,709,LOG_RPPB,mean_squared_error,0.450512
polaris,RF_Morgan_Physchem,polaris/adme-fang-rppb-1,709,LOG_RPPB,explained_var,0.495221
polaris,RF_Morgan_Physchem,polaris/adme-fang-hppb-1,709,LOG_HPPB,r2,0.547803
polaris,RF_Morgan_Physchem,polaris/adme-fang-hppb-1,709,LOG_HPPB,pearsonr,0.757172
polaris,RF_Morgan_Physchem,polaris/adme-fang-hppb-1,709,LOG_HPPB,mean_absolute_error,0.398714
polaris,RF_Morgan_Physchem,polaris/adme-fang-hppb-1,709,LOG_HPPB,spearmanr,0.759111
polaris,RF_Morgan_Physchem,polaris/adme-fang-hppb-1,709,LOG_HPPB,mean_squared_error,0.273868
polaris,RF_Morgan_Physchem,polaris/adme-fang-hppb-1,709,LOG_HPPB,explained_var,0.573191
polaris,RF_Morgan_Physchem,polaris/adme-fang-perm-1,709,LOG_MDR1-MDCK_ER,r2,0.534354
polaris,RF_Morgan_Physchem,polaris/adme-fang-perm-1,709,LOG_MDR1-MDCK_ER,pearsonr,0.742338
polaris,RF_Morgan_Physchem,polaris/adme-fang-perm-1,709,LOG_MDR1-MDCK_ER,mean_absolute_error,0.370344
polaris,RF_Morgan_Physchem,polaris/adme-fang-perm-1,709,LOG_MDR1-MDCK_ER,spearmanr,0.734766
polaris,RF_Morgan_Physchem,polaris/adme-fang-perm-1,709,LOG_MDR1-MDCK_ER,mean_squared_error,0.230677
polaris,RF_Morgan_Physchem,polaris/adme-fang-perm-1,709,LOG_MDR1-MDCK_ER,explained_var,0.534449
polaris,RF_Morgan_Physchem,polaris/adme-fang-rclint-1,709,LOG_RLM_CLint,r2,0.42753
polaris,RF_Morgan_Physchem,polaris/adme-fang-rclint-1,709,LOG_RLM_CLint,pearsonr,0.654026
polaris,RF_Morgan_Physchem,polaris/adme-fang-rclint-1,709,LOG_RLM_CLint,mean_absolute_error,0.453312
polaris,RF_Morgan_Physchem,polaris/adme-fang-rclint-1,709,LOG_RLM_CLint,spearmanr,0.658862
polaris,RF_Morgan_Physchem,polaris/adme-fang-rclint-1,709,LOG_RLM_CLint,mean_squared_error,0.323184
polaris,RF_Morgan_Physchem,polaris/adme-fang-rclint-1,709,LOG_RLM_CLint,explained_var,0.427672
polaris,RF_Morgan_Physchem,polaris/adme-fang-hclint-1,709,LOG_HLM_CLint,r2,0.427519
polaris,RF_Morgan_Physchem,polaris/adme-fang-hclint-1,709,LOG_HLM_CLint,pearsonr,0.655727
polaris,RF_Morgan_Physchem,polaris/adme-fang-hclint-1,709,LOG_HLM_CLint,mean_absolute_error,0.373998
polaris,RF_Morgan_Physchem,polaris/adme-fang-hclint-1,709,LOG_HLM_CLint,spearmanr,0.655653
polaris,RF_Morgan_Physchem,polaris/adme-fang-hclint-1,709,LOG_HLM_CLint,mean_squared_error,0.222357
polaris,RF_Morgan_Physchem,polaris/adme-fang-hclint-1,709,LOG_HLM_CLint,explained_var,0.428586
polaris,RF_Morgan_Physchem,tdcommons/lipophilicity-astrazeneca,709,Y,mean_absolute_error,0.616013
polaris,RF_Morgan_Physchem,tdcommons/ppbr-az,709,Y,mean_absolute_error,8.40959
polaris,RF_Morgan_Physchem,tdcommons/clearance-hepatocyte-az,709,Y,spearmanr,0.445383
polaris,RF_Morgan_Physchem,tdcommons/cyp2d6-substrate-carbonmangels,709,Y,pr_auc,0.702467
polaris,RF_Morgan_Physchem,tdcommons/half-life-obach,709,Y,spearmanr,0.30195
polaris,RF_Morgan_Physchem,tdcommons/cyp2c9-substrate-carbonmangels,709,Y,pr_auc,0.379456
polaris,RF_Morgan_Physchem,tdcommons/clearance-microsome-az,709,Y,spearmanr,0.558298
polaris,RF_Morgan_Physchem,tdcommons/dili,709,Y,roc_auc,0.935652
polaris,RF_Morgan_Physchem,tdcommons/bioavailability-ma,709,Y,roc_auc,0.715996
polaris,RF_Morgan_Physchem,tdcommons/vdss-lombardo,709,Y,spearmanr,0.506501
polaris,RF_Morgan_Physchem,tdcommons/cyp3a4-substrate-carbonmangels,709,Y,roc_auc,0.668965
polaris,RF_Morgan_Physchem,tdcommons/pgp-broccatelli,709,Y,roc_auc,0.916756
polaris,RF_Morgan_Physchem,tdcommons/caco2-wang,709,Y,mean_absolute_error,0.290832
polaris,RF_Morgan_Physchem,tdcommons/herg,709,Y,roc_auc,0.849485
polaris,RF_Morgan_Physchem,tdcommons/bbb-martins,709,Y,roc_auc,0.915846
polaris,RF_Morgan_Physchem,tdcommons/ames,709,Y,roc_auc,0.852872
polaris,RF_Morgan_Physchem,tdcommons/ld50-zhu,709,Y,mean_absolute_error,0.616022
polaris,RF_Morgan_Physchem,polaris/pkis2-ret-wt-cls-v2,1701,CLS_RET,accuracy,0.867925
polaris,RF_Morgan_Physchem,polaris/pkis2-ret-wt-cls-v2,1701,CLS_RET,cohen_kappa,0.356461
polaris,RF_Morgan_Physchem,polaris/pkis2-ret-wt-cls-v2,1701,CLS_RET,pr_auc,0.661677
polaris,RF_Morgan_Physchem,polaris/pkis2-ret-wt-cls-v2,1701,CLS_RET,mcc,0.40138
polaris,RF_Morgan_Physchem,polaris/pkis2-ret-wt-cls-v2,1701,CLS_RET,roc_auc,0.892928
polaris,RF_Morgan_Physchem,polaris/pkis2-ret-wt-cls-v2,1701,CLS_RET,f1,0.416667
polaris,RF_Morgan_Physchem,polaris/pkis2-ret-wt-reg-v2,1701,RET,r2,0.399526
polaris,RF_Morgan_Physchem,polaris/pkis2-ret-wt-reg-v2,1701,RET,pearsonr,0.65252
polaris,RF_Morgan_Physchem,polaris/pkis2-ret-wt-reg-v2,1701,RET,mean_absolute_error,20.4289
polaris,RF_Morgan_Physchem,polaris/pkis2-ret-wt-reg-v2,1701,RET,spearmanr,0.591821
polaris,RF_Morgan_Physchem,polaris/pkis2-ret-wt-reg-v2,1701,RET,mean_squared_error,713.006
polaris,RF_Morgan_Physchem,polaris/pkis2-ret-wt-reg-v2,1701,RET,explained_var,0.419534
polaris,RF_Morgan_Physchem,polaris/pkis2-kit-wt-cls-v2,1701,CLS_KIT,accuracy,0.853448
polaris,RF_Morgan_Physchem,polaris/pkis2-kit-wt-cls-v2,1701,CLS_KIT,cohen_kappa,0.434633
polaris,RF_Morgan_Physchem,polaris/pkis2-kit-wt-cls-v2,1701,CLS_KIT,pr_auc,0.658438
polaris,RF_Morgan_Physchem,polaris/pkis2-kit-wt-cls-v2,1701,CLS_KIT,mcc,0.455516
polaris,RF_Morgan_Physchem,polaris/pkis2-kit-wt-cls-v2,1701,CLS_KIT,roc_auc,0.821325
polaris,RF_Morgan_Physchem,polaris/pkis2-kit-wt-cls-v2,1701,CLS_KIT,f1,0.514286
polaris,RF_Morgan_Physchem,polaris/pkis2-kit-wt-reg-v2,1701,KIT,r2,0.353331
polaris,RF_Morgan_Physchem,polaris/pkis2-kit-wt-reg-v2,1701,KIT,pearsonr,0.602194
polaris,RF_Morgan_Physchem,polaris/pkis2-kit-wt-reg-v2,1701,KIT,mean_absolute_error,22.0227
polaris,RF_Morgan_Physchem,polaris/pkis2-kit-wt-reg-v2,1701,KIT,spearmanr,0.546976
polaris,RF_Morgan_Physchem,polaris/pkis2-kit-wt-reg-v2,1701,KIT,mean_squared_error,780.325
polaris,RF_Morgan_Physchem,polaris/pkis2-kit-wt-reg-v2,1701,KIT,explained_var,0.362638
polaris,RF_Morgan_Physchem,polaris/pkis2-egfr-wt-reg-v2,1701,EGFR,r2,0.394218
polaris,RF_Morgan_Physchem,polaris/pkis2-egfr-wt-reg-v2,1701,EGFR,pearsonr,0.628827
polaris,RF_Morgan_Physchem,polaris/pkis2-egfr-wt-reg-v2,1701,EGFR,mean_absolute_error,16.9349
polaris,RF_Morgan_Physchem,polaris/pkis2-egfr-wt-reg-v2,1701,EGFR,spearmanr,0.380753
polaris,RF_Morgan_Physchem,polaris/pkis2-egfr-wt-reg-v2,1701,EGFR,mean_squared_error,488.12
polaris,RF_Morgan_Physchem,polaris/pkis2-egfr-wt-reg-v2,1701,EGFR,explained_var,0.395252
polaris,RF_Morgan_Physchem,polaris/adme-fang-solu-1,1701,LOG_SOLUBILITY,r2,0.31828
polaris,RF_Morgan_Physchem,polaris/adme-fang-solu-1,1701,LOG_SOLUBILITY,pearsonr,0.574354
polaris,RF_Morgan_Physchem,polaris/adme-fang-solu-1,1701,LOG_SOLUBILITY,mean_absolute_error,0.417285
polaris,RF_Morgan_Physchem,polaris/adme-fang-solu-1,1701,LOG_SOLUBILITY,spearmanr,0.483585
polaris,RF_Morgan_Physchem,polaris/adme-fang-solu-1,1701,LOG_SOLUBILITY,mean_squared_error,0.369614
polaris,RF_Morgan_Physchem,polaris/adme-fang-solu-1,1701,LOG_SOLUBILITY,explained_var,0.320981
polaris,RF_Morgan_Physchem,polaris/adme-fang-rppb-1,1701,LOG_RPPB,r2,0.520859
polaris,RF_Morgan_Physchem,polaris/adme-fang-rppb-1,1701,LOG_RPPB,pearsonr,0.758855
polaris,RF_Morgan_Physchem,polaris/adme-fang-rppb-1,1701,LOG_RPPB,mean_absolute_error,0.463716
polaris,RF_Morgan_Physchem,polaris/adme-fang-rppb-1,1701,LOG_RPPB,spearmanr,0.825217
polaris,RF_Morgan_Physchem,polaris/adme-fang-rppb-1,1701,LOG_RPPB,mean_squared_error,0.425708
polaris,RF_Morgan_Physchem,polaris/adme-fang-rppb-1,1701,LOG_RPPB,explained_var,0.522779
polaris,RF_Morgan_Physchem,polaris/adme-fang-hppb-1,1701,LOG_HPPB,r2,0.564671
polaris,RF_Morgan_Physchem,polaris/adme-fang-hppb-1,1701,LOG_HPPB,pearsonr,0.770215
polaris,RF_Morgan_Physchem,polaris/adme-fang-hppb-1,1701,LOG_HPPB,mean_absolute_error,0.389709
polaris,RF_Morgan_Physchem,polaris/adme-fang-hppb-1,1701,LOG_HPPB,spearmanr,0.786004
polaris,RF_Morgan_Physchem,polaris/adme-fang-hppb-1,1701,LOG_HPPB,mean_squared_error,0.263652
polaris,RF_Morgan_Physchem,polaris/adme-fang-hppb-1,1701,LOG_HPPB,explained_var,0.593227
polaris,RF_Morgan_Physchem,polaris/adme-fang-perm-1,1701,LOG_MDR1-MDCK_ER,r2,0.53516
polaris,RF_Morgan_Physchem,polaris/adme-fang-perm-1,1701,LOG_MDR1-MDCK_ER,pearsonr,0.743719
polaris,RF_Morgan_Physchem,polaris/adme-fang-perm-1,1701,LOG_MDR1-MDCK_ER,mean_absolute_error,0.37063
polaris,RF_Morgan_Physchem,polaris/adme-fang-perm-1,1701,LOG_MDR1-MDCK_ER,spearmanr,0.735899
polaris,RF_Morgan_Physchem,polaris/adme-fang-perm-1,1701,LOG_MDR1-MDCK_ER,mean_squared_error,0.230278
polaris,RF_Morgan_Physchem,polaris/adme-fang-perm-1,1701,LOG_MDR1-MDCK_ER,explained_var,0.535248
polaris,RF_Morgan_Physchem,polaris/adme-fang-rclint-1,1701,LOG_RLM_CLint,r2,0.429779
polaris,RF_Morgan_Physchem,polaris/adme-fang-rclint-1,1701,LOG_RLM_CLint,pearsonr,0.655843
polaris,RF_Morgan_Physchem,polaris/adme-fang-rclint-1,1701,LOG_RLM_CLint,mean_absolute_error,0.451919
polaris,RF_Morgan_Physchem,polaris/adme-fang-rclint-1,1701,LOG_RLM_CLint,spearmanr,0.660873
polaris,RF_Morgan_Physchem,polaris/adme-fang-rclint-1,1701,LOG_RLM_CLint,mean_squared_error,0.321914
polaris,RF_Morgan_Physchem,polaris/adme-fang-rclint-1,1701,LOG_RLM_CLint,explained_var,0.430062
polaris,RF_Morgan_Physchem,polaris/adme-fang-hclint-1,1701,LOG_HLM_CLint,r2,0.431774
polaris,RF_Morgan_Physchem,polaris/adme-fang-hclint-1,1701,LOG_HLM_CLint,pearsonr,0.658983
polaris,RF_Morgan_Physchem,polaris/adme-fang-hclint-1,1701,LOG_HLM_CLint,mean_absolute_error,0.372603
polaris,RF_Morgan_Physchem,polaris/adme-fang-hclint-1,1701,LOG_HLM_CLint,spearmanr,0.658935
polaris,RF_Morgan_Physchem,polaris/adme-fang-hclint-1,1701,LOG_HLM_CLint,mean_squared_error,0.220705
polaris,RF_Morgan_Physchem,polaris/adme-fang-hclint-1,1701,LOG_HLM_CLint,explained_var,0.432722
polaris,RF_Morgan_Physchem,tdcommons/lipophilicity-astrazeneca,1701,Y,mean_absolute_error,0.618985
polaris,RF_Morgan_Physchem,tdcommons/ppbr-az,1701,Y,mean_absolute_error,8.36609
polaris,RF_Morgan_Physchem,tdcommons/clearance-hepatocyte-az,1701,Y,spearmanr,0.44295
polaris,RF_Morgan_Physchem,tdcommons/cyp2d6-substrate-carbonmangels,1701,Y,pr_auc,0.699393
polaris,RF_Morgan_Physchem,tdcommons/half-life-obach,1701,Y,spearmanr,0.290467
polaris,RF_Morgan_Physchem,tdcommons/cyp2c9-substrate-carbonmangels,1701,Y,pr_auc,0.397675
polaris,RF_Morgan_Physchem,tdcommons/clearance-microsome-az,1701,Y,spearmanr,0.552027
polaris,RF_Morgan_Physchem,tdcommons/dili,1701,Y,roc_auc,0.927609
polaris,RF_Morgan_Physchem,tdcommons/bioavailability-ma,1701,Y,roc_auc,0.711506
polaris,RF_Morgan_Physchem,tdcommons/vdss-lombardo,1701,Y,spearmanr,0.510611
polaris,RF_Morgan_Physchem,tdcommons/cyp3a4-substrate-carbonmangels,1701,Y,roc_auc,0.682753
polaris,RF_Morgan_Physchem,tdcommons/pgp-broccatelli,1701,Y,roc_auc,0.916022
polaris,RF_Morgan_Physchem,tdcommons/caco2-wang,1701,Y,mean_absolute_error,0.294397
polaris,RF_Morgan_Physchem,tdcommons/herg,1701,Y,roc_auc,0.850074
polaris,RF_Morgan_Physchem,tdcommons/bbb-martins,1701,Y,roc_auc,0.913852
polaris,RF_Morgan_Physchem,tdcommons/ames,1701,Y,roc_auc,0.849638
polaris,RF_Morgan_Physchem,tdcommons/ld50-zhu,1701,Y,mean_absolute_error,0.616369
polaris,RF_Morgan_Physchem,polaris/pkis2-ret-wt-cls-v2,9001,CLS_RET,accuracy,0.867925
polaris,RF_Morgan_Physchem,polaris/pkis2-ret-wt-cls-v2,9001,CLS_RET,cohen_kappa,0.356461
polaris,RF_Morgan_Physchem,polaris/pkis2-ret-wt-cls-v2,9001,CLS_RET,pr_auc,0.642802
polaris,RF_Morgan_Physchem,polaris/pkis2-ret-wt-cls-v2,9001,CLS_RET,mcc,0.40138
polaris,RF_Morgan_Physchem,polaris/pkis2-ret-wt-cls-v2,9001,CLS_RET,roc_auc,0.875413
polaris,RF_Morgan_Physchem,polaris/pkis2-ret-wt-cls-v2,9001,CLS_RET,f1,0.416667
polaris,RF_Morgan_Physchem,polaris/pkis2-ret-wt-reg-v2,9001,RET,r2,0.383719
polaris,RF_Morgan_Physchem,polaris/pkis2-ret-wt-reg-v2,9001,RET,pearsonr,0.637204
polaris,RF_Morgan_Physchem,polaris/pkis2-ret-wt-reg-v2,9001,RET,mean_absolute_error,20.8423
polaris,RF_Morgan_Physchem,polaris/pkis2-ret-wt-reg-v2,9001,RET,spearmanr,0.578628
polaris,RF_Morgan_Physchem,polaris/pkis2-ret-wt-reg-v2,9001,RET,mean_squared_error,731.775
polaris,RF_Morgan_Physchem,polaris/pkis2-ret-wt-reg-v2,9001,RET,explained_var,0.401906
polaris,RF_Morgan_Physchem,polaris/pkis2-kit-wt-cls-v2,9001,CLS_KIT,accuracy,0.853448
polaris,RF_Morgan_Physchem,polaris/pkis2-kit-wt-cls-v2,9001,CLS_KIT,cohen_kappa,0.434633
polaris,RF_Morgan_Physchem,polaris/pkis2-kit-wt-cls-v2,9001,CLS_KIT,pr_auc,0.64359
polaris,RF_Morgan_Physchem,polaris/pkis2-kit-wt-cls-v2,9001,CLS_KIT,mcc,0.455516
polaris,RF_Morgan_Physchem,polaris/pkis2-kit-wt-cls-v2,9001,CLS_KIT,roc_auc,0.817456
polaris,RF_Morgan_Physchem,polaris/pkis2-kit-wt-cls-v2,9001,CLS_KIT,f1,0.514286
polaris,RF_Morgan_Physchem,polaris/pkis2-kit-wt-reg-v2,9001,KIT,r2,0.352728
polaris,RF_Morgan_Physchem,polaris/pkis2-kit-wt-reg-v2,9001,KIT,pearsonr,0.601398
polaris,RF_Morgan_Physchem,polaris/pkis2-kit-wt-reg-v2,9001,KIT,mean_absolute_error,22.1985
polaris,RF_Morgan_Physchem,polaris/pkis2-kit-wt-reg-v2,9001,KIT,spearmanr,0.543433
polaris,RF_Morgan_Physchem,polaris/pkis2-kit-wt-reg-v2,9001,KIT,mean_squared_error,781.053
polaris,RF_Morgan_Physchem,polaris/pkis2-kit-wt-reg-v2,9001,KIT,explained_var,0.361666
polaris,RF_Morgan_Physchem,polaris/pkis2-egfr-wt-reg-v2,9001,EGFR,r2,0.397478
polaris,RF_Morgan_Physchem,polaris/pkis2-egfr-wt-reg-v2,9001,EGFR,pearsonr,0.631574
polaris,RF_Morgan_Physchem,polaris/pkis2-egfr-wt-reg-v2,9001,EGFR,mean_absolute_error,16.8909
polaris,RF_Morgan_Physchem,polaris/pkis2-egfr-wt-reg-v2,9001,EGFR,spearmanr,0.362438
polaris,RF_Morgan_Physchem,polaris/pkis2-egfr-wt-reg-v2,9001,EGFR,mean_squared_error,485.494
polaris,RF_Morgan_Physchem,polaris/pkis2-egfr-wt-reg-v2,9001,EGFR,explained_var,0.39884
polaris,RF_Morgan_Physchem,polaris/adme-fang-solu-1,9001,LOG_SOLUBILITY,r2,0.323888
polaris,RF_Morgan_Physchem,polaris/adme-fang-solu-1,9001,LOG_SOLUBILITY,pearsonr,0.580213
polaris,RF_Morgan_Physchem,polaris/adme-fang-solu-1,9001,LOG_SOLUBILITY,mean_absolute_error,0.417354
polaris,RF_Morgan_Physchem,polaris/adme-fang-solu-1,9001,LOG_SOLUBILITY,spearmanr,0.483201
polaris,RF_Morgan_Physchem,polaris/adme-fang-solu-1,9001,LOG_SOLUBILITY,mean_squared_error,0.366573
polaris,RF_Morgan_Physchem,polaris/adme-fang-solu-1,9001,LOG_SOLUBILITY,explained_var,0.326509
polaris,RF_Morgan_Physchem,polaris/adme-fang-rppb-1,9001,LOG_RPPB,r2,0.512233
polaris,RF_Morgan_Physchem,polaris/adme-fang-rppb-1,9001,LOG_RPPB,pearsonr,0.750619
polaris,RF_Morgan_Physchem,polaris/adme-fang-rppb-1,9001,LOG_RPPB,mean_absolute_error,0.472313
polaris,RF_Morgan_Physchem,polaris/adme-fang-rppb-1,9001,LOG_RPPB,spearmanr,0.817391
polaris,RF_Morgan_Physchem,polaris/adme-fang-rppb-1,9001,LOG_RPPB,mean_squared_error,0.433372
polaris,RF_Morgan_Physchem,polaris/adme-fang-rppb-1,9001,LOG_RPPB,explained_var,0.513011
polaris,RF_Morgan_Physchem,polaris/adme-fang-hppb-1,9001,LOG_HPPB,r2,0.558784
polaris,RF_Morgan_Physchem,polaris/adme-fang-hppb-1,9001,LOG_HPPB,pearsonr,0.766704
polaris,RF_Morgan_Physchem,polaris/adme-fang-hppb-1,9001,LOG_HPPB,mean_absolute_error,0.395653
polaris,RF_Morgan_Physchem,polaris/adme-fang-hppb-1,9001,LOG_HPPB,spearmanr,0.785392
polaris,RF_Morgan_Physchem,polaris/adme-fang-hppb-1,9001,LOG_HPPB,mean_squared_error,0.267218
polaris,RF_Morgan_Physchem,polaris/adme-fang-hppb-1,9001,LOG_HPPB,explained_var,0.587803
polaris,RF_Morgan_Physchem,polaris/adme-fang-perm-1,9001,LOG_MDR1-MDCK_ER,r2,0.534292
polaris,RF_Morgan_Physchem,polaris/adme-fang-perm-1,9001,LOG_MDR1-MDCK_ER,pearsonr,0.741684
polaris,RF_Morgan_Physchem,polaris/adme-fang-perm-1,9001,LOG_MDR1-MDCK_ER,mean_absolute_error,0.370854
polaris,RF_Morgan_Physchem,polaris/adme-fang-perm-1,9001,LOG_MDR1-MDCK_ER,spearmanr,0.733477
polaris,RF_Morgan_Physchem,polaris/adme-fang-perm-1,9001,LOG_MDR1-MDCK_ER,mean_squared_error,0.230708
polaris,RF_Morgan_Physchem,polaris/adme-fang-perm-1,9001,LOG_MDR1-MDCK_ER,explained_var,0.534374
polaris,RF_Morgan_Physchem,polaris/adme-fang-rclint-1,9001,LOG_RLM_CLint,r2,0.433113
polaris,RF_Morgan_Physchem,polaris/adme-fang-rclint-1,9001,LOG_RLM_CLint,pearsonr,0.658404
polaris,RF_Morgan_Physchem,polaris/adme-fang-rclint-1,9001,LOG_RLM_CLint,mean_absolute_error,0.450755
polaris,RF_Morgan_Physchem,polaris/adme-fang-rclint-1,9001,LOG_RLM_CLint,spearmanr,0.662974
polaris,RF_Morgan_Physchem,polaris/adme-fang-rclint-1,9001,LOG_RLM_CLint,mean_squared_error,0.320032
polaris,RF_Morgan_Physchem,polaris/adme-fang-rclint-1,9001,LOG_RLM_CLint,explained_var,0.433244
polaris,RF_Morgan_Physchem,polaris/adme-fang-hclint-1,9001,LOG_HLM_CLint,r2,0.431616
polaris,RF_Morgan_Physchem,polaris/adme-fang-hclint-1,9001,LOG_HLM_CLint,pearsonr,0.658885
polaris,RF_Morgan_Physchem,polaris/adme-fang-hclint-1,9001,LOG_HLM_CLint,mean_absolute_error,0.372242
polaris,RF_Morgan_Physchem,polaris/adme-fang-hclint-1,9001,LOG_HLM_CLint,spearmanr,0.657408
polaris,RF_Morgan_Physchem,polaris/adme-fang-hclint-1,9001,LOG_HLM_CLint,mean_squared_error,0.220766
polaris,RF_Morgan_Physchem,polaris/adme-fang-hclint-1,9001,LOG_HLM_CLint,explained_var,0.432576
polaris,RF_Morgan_Physchem,tdcommons/lipophilicity-astrazeneca,9001,Y,mean_absolute_error,0.612915
polaris,RF_Morgan_Physchem,tdcommons/ppbr-az,9001,Y,mean_absolute_error,8.31931
polaris,RF_Morgan_Physchem,tdcommons/clearance-hepatocyte-az,9001,Y,spearmanr,0.44081
polaris,RF_Morgan_Physchem,tdcommons/cyp2d6-substrate-carbonmangels,9001,Y,pr_auc,0.701919
polaris,RF_Morgan_Physchem,tdcommons/half-life-obach,9001,Y,spearmanr,0.279826
polaris,RF_Morgan_Physchem,tdcommons/cyp2c9-substrate-carbonmangels,9001,Y,pr_auc,0.390227
polaris,RF_Morgan_Physchem,tdcommons/clearance-microsome-az,9001,Y,spearmanr,0.54368
polaris,RF_Morgan_Physchem,tdcommons/dili,9001,Y,roc_auc,0.939783
polaris,RF_Morgan_Physchem,tdcommons/bioavailability-ma,9001,Y,roc_auc,0.710675
polaris,RF_Morgan_Physchem,tdcommons/vdss-lombardo,9001,Y,spearmanr,0.511877
polaris,RF_Morgan_Physchem,tdcommons/cyp3a4-substrate-carbonmangels,9001,Y,roc_auc,0.673259
polaris,RF_Morgan_Physchem,tdcommons/pgp-broccatelli,9001,Y,roc_auc,0.91399
polaris,RF_Morgan_Physchem,tdcommons/caco2-wang,9001,Y,mean_absolute_error,0.285399
polaris,RF_Morgan_Physchem,tdcommons/herg,9001,Y,roc_auc,0.85729
polaris,RF_Morgan_Physchem,tdcommons/bbb-martins,9001,Y,roc_auc,0.909924
polaris,RF_Morgan_Physchem,tdcommons/ames,9001,Y,roc_auc,0.852545
polaris,RF_Morgan_Physchem,tdcommons/ld50-zhu,9001,Y,mean_absolute_error,0.615049
polaris,fastprop,polaris/pkis2-ret-wt-cls-v2,42,CLS_RET,pr_auc,0.634433
polaris,fastprop,polaris/pkis2-ret-wt-cls-v2,42,CLS_RET,roc_auc,0.840714
polaris,fastprop,polaris/pkis2-ret-wt-cls-v2,42,CLS_RET,mcc,0.266557
polaris,fastprop,polaris/pkis2-ret-wt-cls-v2,42,CLS_RET,accuracy,0.849057
polaris,fastprop,polaris/pkis2-ret-wt-cls-v2,42,CLS_RET,f1,0.272727
polaris,fastprop,polaris/pkis2-ret-wt-cls-v2,42,CLS_RET,cohen_kappa,0.215541
polaris,fastprop,polaris/pkis2-ret-wt-reg-v2,42,RET,mean_squared_error,822.5
polaris,fastprop,polaris/pkis2-ret-wt-reg-v2,42,RET,mean_absolute_error,21.9797
polaris,fastprop,polaris/pkis2-ret-wt-reg-v2,42,RET,pearsonr,0.576737
polaris,fastprop,polaris/pkis2-ret-wt-reg-v2,42,RET,explained_var,0.329512
polaris,fastprop,polaris/pkis2-ret-wt-reg-v2,42,RET,spearmanr,0.571227
polaris,fastprop,polaris/pkis2-ret-wt-reg-v2,42,RET,r2,0.307313
polaris,fastprop,polaris/pkis2-kit-wt-cls-v2,42,CLS_KIT,pr_auc,0.483658
polaris,fastprop,polaris/pkis2-kit-wt-cls-v2,42,CLS_KIT,roc_auc,0.75677
polaris,fastprop,polaris/pkis2-kit-wt-cls-v2,42,CLS_KIT,mcc,0.218701
polaris,fastprop,polaris/pkis2-kit-wt-cls-v2,42,CLS_KIT,accuracy,0.801724
polaris,fastprop,polaris/pkis2-kit-wt-cls-v2,42,CLS_KIT,f1,0.30303
polaris,fastprop,polaris/pkis2-kit-wt-cls-v2,42,CLS_KIT,cohen_kappa,0.202153
polaris,fastprop,polaris/pkis2-kit-wt-reg-v2,42,KIT,mean_squared_error,1009.68
polaris,fastprop,polaris/pkis2-kit-wt-reg-v2,42,KIT,mean_absolute_error,25.6487
polaris,fastprop,polaris/pkis2-kit-wt-reg-v2,42,KIT,pearsonr,0.445213
polaris,fastprop,polaris/pkis2-kit-wt-reg-v2,42,KIT,explained_var,0.168244
polaris,fastprop,polaris/pkis2-kit-wt-reg-v2,42,KIT,spearmanr,0.42032
polaris,fastprop,polaris/pkis2-kit-wt-reg-v2,42,KIT,r2,0.163258
polaris,fastprop,polaris/pkis2-egfr-wt-reg-v2,42,EGFR,mean_squared_error,561.686
polaris,fastprop,polaris/pkis2-egfr-wt-reg-v2,42,EGFR,mean_absolute_error,18.6954
polaris,fastprop,polaris/pkis2-egfr-wt-reg-v2,42,EGFR,pearsonr,0.559434
polaris,fastprop,polaris/pkis2-egfr-wt-reg-v2,42,EGFR,explained_var,0.309873
polaris,fastprop,polaris/pkis2-egfr-wt-reg-v2,42,EGFR,spearmanr,0.317169
polaris,fastprop,polaris/pkis2-egfr-wt-reg-v2,42,EGFR,r2,0.302918
polaris,fastprop,polaris/adme-fang-solu-1,42,LOG_SOLUBILITY,mean_squared_error,0.357987
polaris,fastprop,polaris/adme-fang-solu-1,42,LOG_SOLUBILITY,mean_absolute_error,0.40975
polaris,fastprop,polaris/adme-fang-solu-1,42,LOG_SOLUBILITY,pearsonr,0.586616
polaris,fastprop,polaris/adme-fang-solu-1,42,LOG_SOLUBILITY,explained_var,0.343467
polaris,fastprop,polaris/adme-fang-solu-1,42,LOG_SOLUBILITY,spearmanr,0.475695
polaris,fastprop,polaris/adme-fang-solu-1,42,LOG_SOLUBILITY,r2,0.339725
polaris,fastprop,polaris/adme-fang-rppb-1,42,LOG_RPPB,mean_squared_error,0.4391
polaris,fastprop,polaris/adme-fang-rppb-1,42,LOG_RPPB,mean_absolute_error,0.471991
polaris,fastprop,polaris/adme-fang-rppb-1,42,LOG_RPPB,pearsonr,0.752482
polaris,fastprop,polaris/adme-fang-rppb-1,42,LOG_RPPB,explained_var,0.505955
polaris,fastprop,polaris/adme-fang-rppb-1,42,LOG_RPPB,spearmanr,0.82087
polaris,fastprop,polaris/adme-fang-rppb-1,42,LOG_RPPB,r2,0.505787
polaris,fastprop,polaris/adme-fang-hppb-1,42,LOG_HPPB,mean_squared_error,0.233505
polaris,fastprop,polaris/adme-fang-hppb-1,42,LOG_HPPB,mean_absolute_error,0.421878
polaris,fastprop,polaris/adme-fang-hppb-1,42,LOG_HPPB,pearsonr,0.846636
polaris,fastprop,polaris/adme-fang-hppb-1,42,LOG_HPPB,explained_var,0.701461
polaris,fastprop,polaris/adme-fang-hppb-1,42,LOG_HPPB,spearmanr,0.856903
polaris,fastprop,polaris/adme-fang-hppb-1,42,LOG_HPPB,r2,0.614449
polaris,fastprop,polaris/adme-fang-perm-1,42,LOG_MDR1-MDCK_ER,mean_squared_error,0.216888
polaris,fastprop,polaris/adme-fang-perm-1,42,LOG_MDR1-MDCK_ER,mean_absolute_error,0.356276
polaris,fastprop,polaris/adme-fang-perm-1,42,LOG_MDR1-MDCK_ER,pearsonr,0.749812
polaris,fastprop,polaris/adme-fang-perm-1,42,LOG_MDR1-MDCK_ER,explained_var,0.562195
polaris,fastprop,polaris/adme-fang-perm-1,42,LOG_MDR1-MDCK_ER,spearmanr,0.747893
polaris,fastprop,polaris/adme-fang-perm-1,42,LOG_MDR1-MDCK_ER,r2,0.562189
polaris,fastprop,polaris/adme-fang-rclint-1,42,LOG_RLM_CLint,mean_squared_error,0.313167
polaris,fastprop,polaris/adme-fang-rclint-1,42,LOG_RLM_CLint,mean_absolute_error,0.444431
polaris,fastprop,polaris/adme-fang-rclint-1,42,LOG_RLM_CLint,pearsonr,0.668994
polaris,fastprop,polaris/adme-fang-rclint-1,42,LOG_RLM_CLint,explained_var,0.445882
polaris,fastprop,polaris/adme-fang-rclint-1,42,LOG_RLM_CLint,spearmanr,0.667493
polaris,fastprop,polaris/adme-fang-rclint-1,42,LOG_RLM_CLint,r2,0.445274
polaris,fastprop,polaris/adme-fang-hclint-1,42,LOG_HLM_CLint,mean_squared_error,0.234436
polaris,fastprop,polaris/adme-fang-hclint-1,42,LOG_HLM_CLint,mean_absolute_error,0.381739
polaris,fastprop,polaris/adme-fang-hclint-1,42,LOG_HLM_CLint,pearsonr,0.645224
polaris,fastprop,polaris/adme-fang-hclint-1,42,LOG_HLM_CLint,explained_var,0.398216
polaris,fastprop,polaris/adme-fang-hclint-1,42,LOG_HLM_CLint,spearmanr,0.669958
polaris,fastprop,polaris/adme-fang-hclint-1,42,LOG_HLM_CLint,r2,0.39642
polaris,fastprop,tdcommons/lipophilicity-astrazeneca,42,Y,mean_absolute_error,0.550494
polaris,fastprop,tdcommons/ppbr-az,42,Y,mean_absolute_error,8.76612
polaris,fastprop,tdcommons/clearance-hepatocyte-az,42,Y,spearmanr,0.338182
polaris,fastprop,tdcommons/cyp2d6-substrate-carbonmangels,42,Y,pr_auc,0.67832
polaris,fastprop,tdcommons/half-life-obach,42,Y,spearmanr,0.348983
polaris,fastprop,tdcommons/cyp2c9-substrate-carbonmangels,42,Y,pr_auc,0.38175
polaris,fastprop,tdcommons/clearance-microsome-az,42,Y,spearmanr,0.544154
polaris,fastprop,tdcommons/dili,42,Y,roc_auc,0.91
polaris,fastprop,tdcommons/bioavailability-ma,42,Y,roc_auc,0.682408
polaris,fastprop,tdcommons/vdss-lombardo,42,Y,spearmanr,0.515669
polaris,fastprop,tdcommons/cyp3a4-substrate-carbonmangels,42,Y,roc_auc,0.599797
polaris,fastprop,tdcommons/pgp-broccatelli,42,Y,roc_auc,0.924154
polaris,fastprop,tdcommons/caco2-wang,42,Y,mean_absolute_error,0.28448
polaris,fastprop,tdcommons/herg,42,Y,roc_auc,0.849632
polaris,fastprop,tdcommons/bbb-martins,42,Y,roc_auc,0.901423
polaris,fastprop,tdcommons/ames,42,Y,roc_auc,0.8419
polaris,fastprop,tdcommons/ld50-zhu,42,Y,mean_absolute_error,0.609437
polaris,fastprop,polaris/pkis2-ret-wt-cls-v2,117,CLS_RET,pr_auc,0.659285
polaris,fastprop,polaris/pkis2-ret-wt-cls-v2,117,CLS_RET,roc_auc,0.879709
polaris,fastprop,polaris/pkis2-ret-wt-cls-v2,117,CLS_RET,mcc,0.453107
polaris,fastprop,polaris/pkis2-ret-wt-cls-v2,117,CLS_RET,accuracy,0.877358
polaris,fastprop,polaris/pkis2-ret-wt-cls-v2,117,CLS_RET,f1,0.380952
polaris,fastprop,polaris/pkis2-ret-wt-cls-v2,117,CLS_RET,cohen_kappa,0.34067
polaris,fastprop,polaris/pkis2-ret-wt-reg-v2,117,RET,mean_squared_error,752.283
polaris,fastprop,polaris/pkis2-ret-wt-reg-v2,117,RET,mean_absolute_error,20.5789
polaris,fastprop,polaris/pkis2-ret-wt-reg-v2,117,RET,pearsonr,0.622371
polaris,fastprop,polaris/pkis2-ret-wt-reg-v2,117,RET,explained_var,0.386534
polaris,fastprop,polaris/pkis2-ret-wt-reg-v2,117,RET,spearmanr,0.627947
polaris,fastprop,polaris/pkis2-ret-wt-reg-v2,117,RET,r2,0.366448
polaris,fastprop,polaris/pkis2-kit-wt-cls-v2,117,CLS_KIT,pr_auc,0.438832
polaris,fastprop,polaris/pkis2-kit-wt-cls-v2,117,CLS_KIT,roc_auc,0.745164
polaris,fastprop,polaris/pkis2-kit-wt-cls-v2,117,CLS_KIT,mcc,0.246387
polaris,fastprop,polaris/pkis2-kit-wt-cls-v2,117,CLS_KIT,accuracy,0.801724
polaris,fastprop,polaris/pkis2-kit-wt-cls-v2,117,CLS_KIT,f1,0.342857
polaris,fastprop,polaris/pkis2-kit-wt-cls-v2,117,CLS_KIT,cohen_kappa,0.235092
polaris,fastprop,polaris/pkis2-kit-wt-reg-v2,117,KIT,mean_squared_error,1031.48
polaris,fastprop,polaris/pkis2-kit-wt-reg-v2,117,KIT,mean_absolute_error,25.482
polaris,fastprop,polaris/pkis2-kit-wt-reg-v2,117,KIT,pearsonr,0.446951
polaris,fastprop,polaris/pkis2-kit-wt-reg-v2,117,KIT,explained_var,0.1537
polaris,fastprop,polaris/pkis2-kit-wt-reg-v2,117,KIT,spearmanr,0.421544
polaris,fastprop,polaris/pkis2-kit-wt-reg-v2,117,KIT,r2,0.145195
polaris,fastprop,polaris/pkis2-egfr-wt-reg-v2,117,EGFR,mean_squared_error,511.199
polaris,fastprop,polaris/pkis2-egfr-wt-reg-v2,117,EGFR,mean_absolute_error,18.0993
polaris,fastprop,polaris/pkis2-egfr-wt-reg-v2,117,EGFR,pearsonr,0.61194
polaris,fastprop,polaris/pkis2-egfr-wt-reg-v2,117,EGFR,explained_var,0.37375
polaris,fastprop,polaris/pkis2-egfr-wt-reg-v2,117,EGFR,spearmanr,0.318681
polaris,fastprop,polaris/pkis2-egfr-wt-reg-v2,117,EGFR,r2,0.365575
polaris,fastprop,polaris/adme-fang-solu-1,117,LOG_SOLUBILITY,mean_squared_error,0.360191
polaris,fastprop,polaris/adme-fang-solu-1,117,LOG_SOLUBILITY,mean_absolute_error,0.416918
polaris,fastprop,polaris/adme-fang-solu-1,117,LOG_SOLUBILITY,pearsonr,0.583697
polaris,fastprop,polaris/adme-fang-solu-1,117,LOG_SOLUBILITY,explained_var,0.339759
polaris,fastprop,polaris/adme-fang-solu-1,117,LOG_SOLUBILITY,spearmanr,0.484383
polaris,fastprop,polaris/adme-fang-solu-1,117,LOG_SOLUBILITY,r2,0.335661
polaris,fastprop,polaris/adme-fang-rppb-1,117,LOG_RPPB,mean_squared_error,0.325038
polaris,fastprop,polaris/adme-fang-rppb-1,117,LOG_RPPB,mean_absolute_error,0.411402
polaris,fastprop,polaris/adme-fang-rppb-1,117,LOG_RPPB,pearsonr,0.823436
polaris,fastprop,polaris/adme-fang-rppb-1,117,LOG_RPPB,explained_var,0.637619
polaris,fastprop,polaris/adme-fang-rppb-1,117,LOG_RPPB,spearmanr,0.847826
polaris,fastprop,polaris/adme-fang-rppb-1,117,LOG_RPPB,r2,0.634165
polaris,fastprop,polaris/adme-fang-hppb-1,117,LOG_HPPB,mean_squared_error,0.30948
polaris,fastprop,polaris/adme-fang-hppb-1,117,LOG_HPPB,mean_absolute_error,0.501832
polaris,fastprop,polaris/adme-fang-hppb-1,117,LOG_HPPB,pearsonr,0.785331
polaris,fastprop,polaris/adme-fang-hppb-1,117,LOG_HPPB,explained_var,0.579612
polaris,fastprop,polaris/adme-fang-hppb-1,117,LOG_HPPB,spearmanr,0.759722
polaris,fastprop,polaris/adme-fang-hppb-1,117,LOG_HPPB,r2,0.489002
polaris,fastprop,polaris/adme-fang-perm-1,117,LOG_MDR1-MDCK_ER,mean_squared_error,0.22138
polaris,fastprop,polaris/adme-fang-perm-1,117,LOG_MDR1-MDCK_ER,mean_absolute_error,0.360233
polaris,fastprop,polaris/adme-fang-perm-1,117,LOG_MDR1-MDCK_ER,pearsonr,0.744691
polaris,fastprop,polaris/adme-fang-perm-1,117,LOG_MDR1-MDCK_ER,explained_var,0.553138
polaris,fastprop,polaris/adme-fang-perm-1,117,LOG_MDR1-MDCK_ER,spearmanr,0.739643
polaris,fastprop,polaris/adme-fang-perm-1,117,LOG_MDR1-MDCK_ER,r2,0.553123
polaris,fastprop,polaris/adme-fang-rclint-1,117,LOG_RLM_CLint,mean_squared_error,0.30221
polaris,fastprop,polaris/adme-fang-rclint-1,117,LOG_RLM_CLint,mean_absolute_error,0.42962
polaris,fastprop,polaris/adme-fang-rclint-1,117,LOG_RLM_CLint,pearsonr,0.683436
polaris,fastprop,polaris/adme-fang-rclint-1,117,LOG_RLM_CLint,explained_var,0.464947
polaris,fastprop,polaris/adme-fang-rclint-1,117,LOG_RLM_CLint,spearmanr,0.685663
polaris,fastprop,polaris/adme-fang-rclint-1,117,LOG_RLM_CLint,r2,0.464683
polaris,fastprop,polaris/adme-fang-hclint-1,117,LOG_HLM_CLint,mean_squared_error,0.231565
polaris,fastprop,polaris/adme-fang-hclint-1,117,LOG_HLM_CLint,mean_absolute_error,0.377
polaris,fastprop,polaris/adme-fang-hclint-1,117,LOG_HLM_CLint,pearsonr,0.648983
polaris,fastprop,polaris/adme-fang-hclint-1,117,LOG_HLM_CLint,explained_var,0.40546
polaris,fastprop,polaris/adme-fang-hclint-1,117,LOG_HLM_CLint,spearmanr,0.672463
polaris,fastprop,polaris/adme-fang-hclint-1,117,LOG_HLM_CLint,r2,0.403813
polaris,fastprop,tdcommons/lipophilicity-astrazeneca,117,Y,mean_absolute_error,0.533609
polaris,fastprop,tdcommons/ppbr-az,117,Y,mean_absolute_error,8.47792
polaris,fastprop,tdcommons/clearance-hepatocyte-az,117,Y,spearmanr,0.327811
polaris,fastprop,tdcommons/cyp2d6-substrate-carbonmangels,117,Y,pr_auc,0.680503
polaris,fastprop,tdcommons/half-life-obach,117,Y,spearmanr,0.279265
polaris,fastprop,tdcommons/cyp2c9-substrate-carbonmangels,117,Y,pr_auc,0.381371
polaris,fastprop,tdcommons/clearance-microsome-az,117,Y,spearmanr,0.496948
polaris,fastprop,tdcommons/dili,117,Y,roc_auc,0.904783
polaris,fastprop,tdcommons/bioavailability-ma,117,Y,roc_auc,0.63984
polaris,fastprop,tdcommons/vdss-lombardo,117,Y,spearmanr,0.540753
polaris,fastprop,tdcommons/cyp3a4-substrate-carbonmangels,117,Y,roc_auc,0.596632
polaris,fastprop,tdcommons/pgp-broccatelli,117,Y,roc_auc,0.91389
polaris,fastprop,tdcommons/caco2-wang,117,Y,mean_absolute_error,0.302933
polaris,fastprop,tdcommons/herg,117,Y,roc_auc,0.832253
polaris,fastprop,tdcommons/bbb-martins,117,Y,roc_auc,0.913579
polaris,fastprop,tdcommons/ames,117,Y,roc_auc,0.843518
polaris,fastprop,tdcommons/ld50-zhu,117,Y,mean_absolute_error,0.64841
polaris,fastprop,polaris/pkis2-ret-wt-cls-v2,709,CLS_RET,pr_auc,0.611109
polaris,fastprop,polaris/pkis2-ret-wt-cls-v2,709,CLS_RET,roc_auc,0.857898
polaris,fastprop,polaris/pkis2-ret-wt-cls-v2,709,CLS_RET,mcc,0.266557
polaris,fastprop,polaris/pkis2-ret-wt-cls-v2,709,CLS_RET,accuracy,0.849057
polaris,fastprop,polaris/pkis2-ret-wt-cls-v2,709,CLS_RET,f1,0.272727
polaris,fastprop,polaris/pkis2-ret-wt-cls-v2,709,CLS_RET,cohen_kappa,0.215541
polaris,fastprop,polaris/pkis2-ret-wt-reg-v2,709,RET,mean_squared_error,853.174
polaris,fastprop,polaris/pkis2-ret-wt-reg-v2,709,RET,mean_absolute_error,22.1062
polaris,fastprop,polaris/pkis2-ret-wt-reg-v2,709,RET,pearsonr,0.560695
polaris,fastprop,polaris/pkis2-ret-wt-reg-v2,709,RET,explained_var,0.31263
polaris,fastprop,polaris/pkis2-ret-wt-reg-v2,709,RET,spearmanr,0.603024
polaris,fastprop,polaris/pkis2-ret-wt-reg-v2,709,RET,r2,0.28148
polaris,fastprop,polaris/pkis2-kit-wt-cls-v2,709,CLS_KIT,pr_auc,0.467767
polaris,fastprop,polaris/pkis2-kit-wt-cls-v2,709,CLS_KIT,roc_auc,0.755319
polaris,fastprop,polaris/pkis2-kit-wt-cls-v2,709,CLS_KIT,mcc,0.218701
polaris,fastprop,polaris/pkis2-kit-wt-cls-v2,709,CLS_KIT,accuracy,0.801724
polaris,fastprop,polaris/pkis2-kit-wt-cls-v2,709,CLS_KIT,f1,0.30303
polaris,fastprop,polaris/pkis2-kit-wt-cls-v2,709,CLS_KIT,cohen_kappa,0.202153
polaris,fastprop,polaris/pkis2-kit-wt-reg-v2,709,KIT,mean_squared_error,966.288
polaris,fastprop,polaris/pkis2-kit-wt-reg-v2,709,KIT,mean_absolute_error,24.6991
polaris,fastprop,polaris/pkis2-kit-wt-reg-v2,709,KIT,pearsonr,0.476524
polaris,fastprop,polaris/pkis2-kit-wt-reg-v2,709,KIT,explained_var,0.204849
polaris,fastprop,polaris/pkis2-kit-wt-reg-v2,709,KIT,spearmanr,0.461556
polaris,fastprop,polaris/pkis2-kit-wt-reg-v2,709,KIT,r2,0.19922
polaris,fastprop,polaris/pkis2-egfr-wt-reg-v2,709,EGFR,mean_squared_error,510.569
polaris,fastprop,polaris/pkis2-egfr-wt-reg-v2,709,EGFR,mean_absolute_error,17.9502
polaris,fastprop,polaris/pkis2-egfr-wt-reg-v2,709,EGFR,pearsonr,0.612203
polaris,fastprop,polaris/pkis2-egfr-wt-reg-v2,709,EGFR,explained_var,0.372962
polaris,fastprop,polaris/pkis2-egfr-wt-reg-v2,709,EGFR,spearmanr,0.335811
polaris,fastprop,polaris/pkis2-egfr-wt-reg-v2,709,EGFR,r2,0.366357
polaris,fastprop,polaris/adme-fang-solu-1,709,LOG_SOLUBILITY,mean_squared_error,0.382441
polaris,fastprop,polaris/adme-fang-solu-1,709,LOG_SOLUBILITY,mean_absolute_error,0.428245
polaris,fastprop,polaris/adme-fang-solu-1,709,LOG_SOLUBILITY,pearsonr,0.548578
polaris,fastprop,polaris/adme-fang-solu-1,709,LOG_SOLUBILITY,explained_var,0.298819
polaris,fastprop,polaris/adme-fang-solu-1,709,LOG_SOLUBILITY,spearmanr,0.454484
polaris,fastprop,polaris/adme-fang-solu-1,709,LOG_SOLUBILITY,r2,0.294623
polaris,fastprop,polaris/adme-fang-rppb-1,709,LOG_RPPB,mean_squared_error,0.351544
polaris,fastprop,polaris/adme-fang-rppb-1,709,LOG_RPPB,mean_absolute_error,0.430415
polaris,fastprop,polaris/adme-fang-rppb-1,709,LOG_RPPB,pearsonr,0.815248
polaris,fastprop,polaris/adme-fang-rppb-1,709,LOG_RPPB,explained_var,0.605441
polaris,fastprop,polaris/adme-fang-rppb-1,709,LOG_RPPB,spearmanr,0.845217
polaris,fastprop,polaris/adme-fang-rppb-1,709,LOG_RPPB,r2,0.604332
polaris,fastprop,polaris/adme-fang-hppb-1,709,LOG_HPPB,mean_squared_error,0.311617
polaris,fastprop,polaris/adme-fang-hppb-1,709,LOG_HPPB,mean_absolute_error,0.513691
polaris,fastprop,polaris/adme-fang-hppb-1,709,LOG_HPPB,pearsonr,0.780446
polaris,fastprop,polaris/adme-fang-hppb-1,709,LOG_HPPB,explained_var,0.570081
polaris,fastprop,polaris/adme-fang-hppb-1,709,LOG_HPPB,spearmanr,0.81473
polaris,fastprop,polaris/adme-fang-hppb-1,709,LOG_HPPB,r2,0.485473
polaris,fastprop,polaris/adme-fang-perm-1,709,LOG_MDR1-MDCK_ER,mean_squared_error,0.227926
polaris,fastprop,polaris/adme-fang-perm-1,709,LOG_MDR1-MDCK_ER,mean_absolute_error,0.361984
polaris,fastprop,polaris/adme-fang-perm-1,709,LOG_MDR1-MDCK_ER,pearsonr,0.736547
polaris,fastprop,polaris/adme-fang-perm-1,709,LOG_MDR1-MDCK_ER,explained_var,0.540637
polaris,fastprop,polaris/adme-fang-perm-1,709,LOG_MDR1-MDCK_ER,spearmanr,0.734597
polaris,fastprop,polaris/adme-fang-perm-1,709,LOG_MDR1-MDCK_ER,r2,0.539908
polaris,fastprop,polaris/adme-fang-rclint-1,709,LOG_RLM_CLint,mean_squared_error,0.300449
polaris,fastprop,polaris/adme-fang-rclint-1,709,LOG_RLM_CLint,mean_absolute_error,0.428665
polaris,fastprop,polaris/adme-fang-rclint-1,709,LOG_RLM_CLint,pearsonr,0.685128
polaris,fastprop,polaris/adme-fang-rclint-1,709,LOG_RLM_CLint,explained_var,0.46891
polaris,fastprop,polaris/adme-fang-rclint-1,709,LOG_RLM_CLint,spearmanr,0.689552
polaris,fastprop,polaris/adme-fang-rclint-1,709,LOG_RLM_CLint,r2,0.467802
polaris,fastprop,polaris/adme-fang-hclint-1,709,LOG_HLM_CLint,mean_squared_error,0.230572
polaris,fastprop,polaris/adme-fang-hclint-1,709,LOG_HLM_CLint,mean_absolute_error,0.380956
polaris,fastprop,polaris/adme-fang-hclint-1,709,LOG_HLM_CLint,pearsonr,0.641758
polaris,fastprop,polaris/adme-fang-hclint-1,709,LOG_HLM_CLint,explained_var,0.407037
polaris,fastprop,polaris/adme-fang-hclint-1,709,LOG_HLM_CLint,spearmanr,0.661496
polaris,fastprop,polaris/adme-fang-hclint-1,709,LOG_HLM_CLint,r2,0.406369
polaris,fastprop,tdcommons/lipophilicity-astrazeneca,709,Y,mean_absolute_error,0.550162
polaris,fastprop,tdcommons/ppbr-az,709,Y,mean_absolute_error,8.4425
polaris,fastprop,tdcommons/clearance-hepatocyte-az,709,Y,spearmanr,0.379186
polaris,fastprop,tdcommons/cyp2d6-substrate-carbonmangels,709,Y,pr_auc,0.690576
polaris,fastprop,tdcommons/half-life-obach,709,Y,spearmanr,0.296136
polaris,fastprop,tdcommons/cyp2c9-substrate-carbonmangels,709,Y,pr_auc,0.312685
polaris,fastprop,tdcommons/clearance-microsome-az,709,Y,spearmanr,0.5349
polaris,fastprop,tdcommons/dili,709,Y,roc_auc,0.886522
polaris,fastprop,tdcommons/bioavailability-ma,709,Y,roc_auc,0.603592
polaris,fastprop,tdcommons/vdss-lombardo,709,Y,spearmanr,0.522128
polaris,fastprop,tdcommons/cyp3a4-substrate-carbonmangels,709,Y,roc_auc,0.591433
polaris,fastprop,tdcommons/pgp-broccatelli,709,Y,roc_auc,0.92522
polaris,fastprop,tdcommons/caco2-wang,709,Y,mean_absolute_error,0.275029
polaris,fastprop,tdcommons/herg,709,Y,roc_auc,0.823711
polaris,fastprop,tdcommons/bbb-martins,709,Y,roc_auc,0.91483
polaris,fastprop,tdcommons/ames,709,Y,roc_auc,0.851587
polaris,fastprop,tdcommons/ld50-zhu,709,Y,mean_absolute_error,0.638441
polaris,fastprop,polaris/pkis2-ret-wt-cls-v2,1701,CLS_RET,pr_auc,0.443833
polaris,fastprop,polaris/pkis2-ret-wt-cls-v2,1701,CLS_RET,roc_auc,0.796431
polaris,fastprop,polaris/pkis2-ret-wt-cls-v2,1701,CLS_RET,mcc,0.0
polaris,fastprop,polaris/pkis2-ret-wt-cls-v2,1701,CLS_RET,accuracy,0.839623
polaris,fastprop,polaris/pkis2-ret-wt-cls-v2,1701,CLS_RET,f1,0.0
polaris,fastprop,polaris/pkis2-ret-wt-cls-v2,1701,CLS_RET,cohen_kappa,0.0
polaris,fastprop,polaris/pkis2-ret-wt-reg-v2,1701,RET,mean_squared_error,795.13
polaris,fastprop,polaris/pkis2-ret-wt-reg-v2,1701,RET,mean_absolute_error,21.4411
polaris,fastprop,polaris/pkis2-ret-wt-reg-v2,1701,RET,pearsonr,0.589062
polaris,fastprop,polaris/pkis2-ret-wt-reg-v2,1701,RET,explained_var,0.346982
polaris,fastprop,polaris/pkis2-ret-wt-reg-v2,1701,RET,spearmanr,0.58893
polaris,fastprop,polaris/pkis2-ret-wt-reg-v2,1701,RET,r2,0.330363
polaris,fastprop,polaris/pkis2-kit-wt-cls-v2,1701,CLS_KIT,pr_auc,0.495573
polaris,fastprop,polaris/pkis2-kit-wt-cls-v2,1701,CLS_KIT,roc_auc,0.772727
polaris,fastprop,polaris/pkis2-kit-wt-cls-v2,1701,CLS_KIT,mcc,0.225784
polaris,fastprop,polaris/pkis2-kit-wt-cls-v2,1701,CLS_KIT,accuracy,0.793103
polaris,fastprop,polaris/pkis2-kit-wt-cls-v2,1701,CLS_KIT,f1,0.333333
polaris,fastprop,polaris/pkis2-kit-wt-cls-v2,1701,CLS_KIT,cohen_kappa,0.217978
polaris,fastprop,polaris/pkis2-kit-wt-reg-v2,1701,KIT,mean_squared_error,964.653
polaris,fastprop,polaris/pkis2-kit-wt-reg-v2,1701,KIT,mean_absolute_error,24.0988
polaris,fastprop,polaris/pkis2-kit-wt-reg-v2,1701,KIT,pearsonr,0.494547
polaris,fastprop,polaris/pkis2-kit-wt-reg-v2,1701,KIT,explained_var,0.213922
polaris,fastprop,polaris/pkis2-kit-wt-reg-v2,1701,KIT,spearmanr,0.465785
polaris,fastprop,polaris/pkis2-kit-wt-reg-v2,1701,KIT,r2,0.200575
polaris,fastprop,polaris/pkis2-egfr-wt-reg-v2,1701,EGFR,mean_squared_error,585.943
polaris,fastprop,polaris/pkis2-egfr-wt-reg-v2,1701,EGFR,mean_absolute_error,19.0369
polaris,fastprop,polaris/pkis2-egfr-wt-reg-v2,1701,EGFR,pearsonr,0.529421
polaris,fastprop,polaris/pkis2-egfr-wt-reg-v2,1701,EGFR,explained_var,0.279157
polaris,fastprop,polaris/pkis2-egfr-wt-reg-v2,1701,EGFR,spearmanr,0.256412
polaris,fastprop,polaris/pkis2-egfr-wt-reg-v2,1701,EGFR,r2,0.272815
polaris,fastprop,polaris/adme-fang-solu-1,1701,LOG_SOLUBILITY,mean_squared_error,0.381749
polaris,fastprop,polaris/adme-fang-solu-1,1701,LOG_SOLUBILITY,mean_absolute_error,0.433968
polaris,fastprop,polaris/adme-fang-solu-1,1701,LOG_SOLUBILITY,pearsonr,0.54629
polaris,fastprop,polaris/adme-fang-solu-1,1701,LOG_SOLUBILITY,explained_var,0.298419
polaris,fastprop,polaris/adme-fang-solu-1,1701,LOG_SOLUBILITY,spearmanr,0.444799
polaris,fastprop,polaris/adme-fang-solu-1,1701,LOG_SOLUBILITY,r2,0.295898
polaris,fastprop,polaris/adme-fang-rppb-1,1701,LOG_RPPB,mean_squared_error,0.450754
polaris,fastprop,polaris/adme-fang-rppb-1,1701,LOG_RPPB,mean_absolute_error,0.511809
polaris,fastprop,polaris/adme-fang-rppb-1,1701,LOG_RPPB,pearsonr,0.748231
polaris,fastprop,polaris/adme-fang-rppb-1,1701,LOG_RPPB,explained_var,0.493443
polaris,fastprop,polaris/adme-fang-rppb-1,1701,LOG_RPPB,spearmanr,0.751304
polaris,fastprop,polaris/adme-fang-rppb-1,1701,LOG_RPPB,r2,0.492669
polaris,fastprop,polaris/adme-fang-hppb-1,1701,LOG_HPPB,mean_squared_error,0.227221
polaris,fastprop,polaris/adme-fang-hppb-1,1701,LOG_HPPB,mean_absolute_error,0.419362
polaris,fastprop,polaris/adme-fang-hppb-1,1701,LOG_HPPB,pearsonr,0.838238
polaris,fastprop,polaris/adme-fang-hppb-1,1701,LOG_HPPB,explained_var,0.674398
polaris,fastprop,polaris/adme-fang-hppb-1,1701,LOG_HPPB,spearmanr,0.851249
polaris,fastprop,polaris/adme-fang-hppb-1,1701,LOG_HPPB,r2,0.624824
polaris,fastprop,polaris/adme-fang-perm-1,1701,LOG_MDR1-MDCK_ER,mean_squared_error,0.217689
polaris,fastprop,polaris/adme-fang-perm-1,1701,LOG_MDR1-MDCK_ER,mean_absolute_error,0.352027
polaris,fastprop,polaris/adme-fang-perm-1,1701,LOG_MDR1-MDCK_ER,pearsonr,0.749728
polaris,fastprop,polaris/adme-fang-perm-1,1701,LOG_MDR1-MDCK_ER,explained_var,0.56117
polaris,fastprop,polaris/adme-fang-perm-1,1701,LOG_MDR1-MDCK_ER,spearmanr,0.752496
polaris,fastprop,polaris/adme-fang-perm-1,1701,LOG_MDR1-MDCK_ER,r2,0.560572
polaris,fastprop,polaris/adme-fang-rclint-1,1701,LOG_RLM_CLint,mean_squared_error,0.303266
polaris,fastprop,polaris/adme-fang-rclint-1,1701,LOG_RLM_CLint,mean_absolute_error,0.437166
polaris,fastprop,polaris/adme-fang-rclint-1,1701,LOG_RLM_CLint,pearsonr,0.680435
polaris,fastprop,polaris/adme-fang-rclint-1,1701,LOG_RLM_CLint,explained_var,0.46286
polaris,fastprop,polaris/adme-fang-rclint-1,1701,LOG_RLM_CLint,spearmanr,0.675385
polaris,fastprop,polaris/adme-fang-rclint-1,1701,LOG_RLM_CLint,r2,0.462811
polaris,fastprop,polaris/adme-fang-hclint-1,1701,LOG_HLM_CLint,mean_squared_error,0.227403
polaris,fastprop,polaris/adme-fang-hclint-1,1701,LOG_HLM_CLint,mean_absolute_error,0.371084
polaris,fastprop,polaris/adme-fang-hclint-1,1701,LOG_HLM_CLint,pearsonr,0.65453
polaris,fastprop,polaris/adme-fang-hclint-1,1701,LOG_HLM_CLint,explained_var,0.415898
polaris,fastprop,polaris/adme-fang-hclint-1,1701,LOG_HLM_CLint,spearmanr,0.684044
polaris,fastprop,polaris/adme-fang-hclint-1,1701,LOG_HLM_CLint,r2,0.414527
polaris,fastprop,tdcommons/lipophilicity-astrazeneca,1701,Y,mean_absolute_error,0.554748
polaris,fastprop,tdcommons/ppbr-az,1701,Y,mean_absolute_error,8.21279
polaris,fastprop,tdcommons/clearance-hepatocyte-az,1701,Y,spearmanr,0.383427
polaris,fastprop,tdcommons/cyp2d6-substrate-carbonmangels,1701,Y,pr_auc,0.602108
polaris,fastprop,tdcommons/half-life-obach,1701,Y,spearmanr,0.102281
polaris,fastprop,tdcommons/cyp2c9-substrate-carbonmangels,1701,Y,pr_auc,0.358189
polaris,fastprop,tdcommons/clearance-microsome-az,1701,Y,spearmanr,0.528328
polaris,fastprop,tdcommons/dili,1701,Y,roc_auc,0.882609
polaris,fastprop,tdcommons/bioavailability-ma,1701,Y,roc_auc,0.62288
polaris,fastprop,tdcommons/vdss-lombardo,1701,Y,spearmanr,0.452852
polaris,fastprop,tdcommons/cyp3a4-substrate-carbonmangels,1701,Y,roc_auc,0.610873
polaris,fastprop,tdcommons/pgp-broccatelli,1701,Y,roc_auc,0.919355
polaris,fastprop,tdcommons/caco2-wang,1701,Y,mean_absolute_error,0.277743
polaris,fastprop,tdcommons/herg,1701,Y,roc_auc,0.843152
polaris,fastprop,tdcommons/bbb-martins,1701,Y,roc_auc,0.91823
polaris,fastprop,tdcommons/ames,1701,Y,roc_auc,0.846314
polaris,fastprop,tdcommons/ld50-zhu,1701,Y,mean_absolute_error,0.644551
polaris,fastprop,polaris/pkis2-ret-wt-cls-v2,9001,CLS_RET,pr_auc,0.66591
polaris,fastprop,polaris/pkis2-ret-wt-cls-v2,9001,CLS_RET,roc_auc,0.85922
polaris,fastprop,polaris/pkis2-ret-wt-cls-v2,9001,CLS_RET,mcc,0.504899
polaris,fastprop,polaris/pkis2-ret-wt-cls-v2,9001,CLS_RET,accuracy,0.886792
polaris,fastprop,polaris/pkis2-ret-wt-cls-v2,9001,CLS_RET,f1,0.5
polaris,fastprop,polaris/pkis2-ret-wt-cls-v2,9001,CLS_RET,cohen_kappa,0.448395
polaris,fastprop,polaris/pkis2-ret-wt-reg-v2,9001,RET,mean_squared_error,782.444
polaris,fastprop,polaris/pkis2-ret-wt-reg-v2,9001,RET,mean_absolute_error,21.4517
polaris,fastprop,polaris/pkis2-ret-wt-reg-v2,9001,RET,pearsonr,0.599664
polaris,fastprop,polaris/pkis2-ret-wt-reg-v2,9001,RET,explained_var,0.357976
polaris,fastprop,polaris/pkis2-ret-wt-reg-v2,9001,RET,spearmanr,0.594145
polaris,fastprop,polaris/pkis2-ret-wt-reg-v2,9001,RET,r2,0.341047
polaris,fastprop,polaris/pkis2-kit-wt-cls-v2,9001,CLS_KIT,pr_auc,0.441419
polaris,fastprop,polaris/pkis2-kit-wt-cls-v2,9001,CLS_KIT,roc_auc,0.776112
polaris,fastprop,polaris/pkis2-kit-wt-cls-v2,9001,CLS_KIT,mcc,0.172599
polaris,fastprop,polaris/pkis2-kit-wt-cls-v2,9001,CLS_KIT,accuracy,0.767241
polaris,fastprop,polaris/pkis2-kit-wt-cls-v2,9001,CLS_KIT,f1,0.307692
polaris,fastprop,polaris/pkis2-kit-wt-cls-v2,9001,CLS_KIT,cohen_kappa,0.170551
polaris,fastprop,polaris/pkis2-kit-wt-reg-v2,9001,KIT,mean_squared_error,965.019
polaris,fastprop,polaris/pkis2-kit-wt-reg-v2,9001,KIT,mean_absolute_error,24.9938
polaris,fastprop,polaris/pkis2-kit-wt-reg-v2,9001,KIT,pearsonr,0.470918
polaris,fastprop,polaris/pkis2-kit-wt-reg-v2,9001,KIT,explained_var,0.203611
polaris,fastprop,polaris/pkis2-kit-wt-reg-v2,9001,KIT,spearmanr,0.473977
polaris,fastprop,polaris/pkis2-kit-wt-reg-v2,9001,KIT,r2,0.200272
polaris,fastprop,polaris/pkis2-egfr-wt-reg-v2,9001,EGFR,mean_squared_error,574.487
polaris,fastprop,polaris/pkis2-egfr-wt-reg-v2,9001,EGFR,mean_absolute_error,18.5672
polaris,fastprop,polaris/pkis2-egfr-wt-reg-v2,9001,EGFR,pearsonr,0.547643
polaris,fastprop,polaris/pkis2-egfr-wt-reg-v2,9001,EGFR,explained_var,0.290257
polaris,fastprop,polaris/pkis2-egfr-wt-reg-v2,9001,EGFR,spearmanr,0.292963
polaris,fastprop,polaris/pkis2-egfr-wt-reg-v2,9001,EGFR,r2,0.287032
polaris,fastprop,polaris/adme-fang-solu-1,9001,LOG_SOLUBILITY,mean_squared_error,0.385034
polaris,fastprop,polaris/adme-fang-solu-1,9001,LOG_SOLUBILITY,mean_absolute_error,0.438289
polaris,fastprop,polaris/adme-fang-solu-1,9001,LOG_SOLUBILITY,pearsonr,0.540951
polaris,fastprop,polaris/adme-fang-solu-1,9001,LOG_SOLUBILITY,explained_var,0.292599
polaris,fastprop,polaris/adme-fang-solu-1,9001,LOG_SOLUBILITY,spearmanr,0.439093
polaris,fastprop,polaris/adme-fang-solu-1,9001,LOG_SOLUBILITY,r2,0.28984
polaris,fastprop,polaris/adme-fang-rppb-1,9001,LOG_RPPB,mean_squared_error,0.30793
polaris,fastprop,polaris/adme-fang-rppb-1,9001,LOG_RPPB,mean_absolute_error,0.427651
polaris,fastprop,polaris/adme-fang-rppb-1,9001,LOG_RPPB,pearsonr,0.837617
polaris,fastprop,polaris/adme-fang-rppb-1,9001,LOG_RPPB,explained_var,0.654042
polaris,fastprop,polaris/adme-fang-rppb-1,9001,LOG_RPPB,spearmanr,0.84
polaris,fastprop,polaris/adme-fang-rppb-1,9001,LOG_RPPB,r2,0.653421
polaris,fastprop,polaris/adme-fang-hppb-1,9001,LOG_HPPB,mean_squared_error,0.265237
polaris,fastprop,polaris/adme-fang-hppb-1,9001,LOG_HPPB,mean_absolute_error,0.466113
polaris,fastprop,polaris/adme-fang-hppb-1,9001,LOG_HPPB,pearsonr,0.798975
polaris,fastprop,polaris/adme-fang-hppb-1,9001,LOG_HPPB,explained_var,0.592553
polaris,fastprop,polaris/adme-fang-hppb-1,9001,LOG_HPPB,spearmanr,0.794866
polaris,fastprop,polaris/adme-fang-hppb-1,9001,LOG_HPPB,r2,0.562054
polaris,fastprop,polaris/adme-fang-perm-1,9001,LOG_MDR1-MDCK_ER,mean_squared_error,0.224208
polaris,fastprop,polaris/adme-fang-perm-1,9001,LOG_MDR1-MDCK_ER,mean_absolute_error,0.367235
polaris,fastprop,polaris/adme-fang-perm-1,9001,LOG_MDR1-MDCK_ER,pearsonr,0.73998
polaris,fastprop,polaris/adme-fang-perm-1,9001,LOG_MDR1-MDCK_ER,explained_var,0.547414
polaris,fastprop,polaris/adme-fang-perm-1,9001,LOG_MDR1-MDCK_ER,spearmanr,0.744148
polaris,fastprop,polaris/adme-fang-perm-1,9001,LOG_MDR1-MDCK_ER,r2,0.547413
polaris,fastprop,polaris/adme-fang-rclint-1,9001,LOG_RLM_CLint,mean_squared_error,0.302884
polaris,fastprop,polaris/adme-fang-rclint-1,9001,LOG_RLM_CLint,mean_absolute_error,0.434263
polaris,fastprop,polaris/adme-fang-rclint-1,9001,LOG_RLM_CLint,pearsonr,0.686578
polaris,fastprop,polaris/adme-fang-rclint-1,9001,LOG_RLM_CLint,explained_var,0.466742
polaris,fastprop,polaris/adme-fang-rclint-1,9001,LOG_RLM_CLint,spearmanr,0.688579
polaris,fastprop,polaris/adme-fang-rclint-1,9001,LOG_RLM_CLint,r2,0.463488
polaris,fastprop,polaris/adme-fang-hclint-1,9001,LOG_HLM_CLint,mean_squared_error,0.228231
polaris,fastprop,polaris/adme-fang-hclint-1,9001,LOG_HLM_CLint,mean_absolute_error,0.372919
polaris,fastprop,polaris/adme-fang-hclint-1,9001,LOG_HLM_CLint,pearsonr,0.658202
polaris,fastprop,polaris/adme-fang-hclint-1,9001,LOG_HLM_CLint,explained_var,0.412504
polaris,fastprop,polaris/adme-fang-hclint-1,9001,LOG_HLM_CLint,spearmanr,0.681554
polaris,fastprop,polaris/adme-fang-hclint-1,9001,LOG_HLM_CLint,r2,0.412397
polaris,fastprop,tdcommons/lipophilicity-astrazeneca,9001,Y,mean_absolute_error,0.526586
polaris,fastprop,tdcommons/ppbr-az,9001,Y,mean_absolute_error,8.1464
polaris,fastprop,tdcommons/clearance-hepatocyte-az,9001,Y,spearmanr,0.33694
polaris,fastprop,tdcommons/cyp2d6-substrate-carbonmangels,9001,Y,pr_auc,0.594729
polaris,fastprop,tdcommons/half-life-obach,9001,Y,spearmanr,0.249111
polaris,fastprop,tdcommons/cyp2c9-substrate-carbonmangels,9001,Y,pr_auc,0.445102
polaris,fastprop,tdcommons/clearance-microsome-az,9001,Y,spearmanr,0.53072
polaris,fastprop,tdcommons/dili,9001,Y,roc_auc,0.886522
polaris,fastprop,tdcommons/bioavailability-ma,9001,Y,roc_auc,0.619887
polaris,fastprop,tdcommons/vdss-lombardo,9001,Y,spearmanr,0.487928
polaris,fastprop,tdcommons/cyp3a4-substrate-carbonmangels,9001,Y,roc_auc,0.622401
polaris,fastprop,tdcommons/pgp-broccatelli,9001,Y,roc_auc,0.924953
polaris,fastprop,tdcommons/caco2-wang,9001,Y,mean_absolute_error,0.309463
polaris,fastprop,tdcommons/herg,9001,Y,roc_auc,0.826951
polaris,fastprop,tdcommons/bbb-martins,9001,Y,roc_auc,0.918699
polaris,fastprop,tdcommons/ames,9001,Y,roc_auc,0.847334
polaris,fastprop,tdcommons/ld50-zhu,9001,Y,mean_absolute_error,0.63125
polaris,minimol,polaris/pkis2-ret-wt-cls-v2,42,CLS_RET,accuracy,0.915094
polaris,minimol,polaris/pkis2-ret-wt-cls-v2,42,CLS_RET,f1,0.666667
polaris,minimol,polaris/pkis2-ret-wt-cls-v2,42,CLS_RET,roc_auc,0.942498
polaris,minimol,polaris/pkis2-ret-wt-cls-v2,42,CLS_RET,cohen_kappa,0.621729
polaris,minimol,polaris/pkis2-ret-wt-cls-v2,42,CLS_RET,pr_auc,0.851023
polaris,minimol,polaris/pkis2-ret-wt-cls-v2,42,CLS_RET,mcc,0.65052
polaris,minimol,polaris/pkis2-ret-wt-reg-v2,42,RET,pearsonr,0.736403
polaris,minimol,polaris/pkis2-ret-wt-reg-v2,42,RET,explained_var,0.532611
polaris,minimol,polaris/pkis2-ret-wt-reg-v2,42,RET,r2,0.512238
polaris,minimol,polaris/pkis2-ret-wt-reg-v2,42,RET,mean_absolute_error,18.2639
polaris,minimol,polaris/pkis2-ret-wt-reg-v2,42,RET,spearmanr,0.663328
polaris,minimol,polaris/pkis2-ret-wt-reg-v2,42,RET,mean_squared_error,579.171
polaris,minimol,polaris/pkis2-kit-wt-cls-v2,42,CLS_KIT,accuracy,0.853448
polaris,minimol,polaris/pkis2-kit-wt-cls-v2,42,CLS_KIT,f1,0.413793
polaris,minimol,polaris/pkis2-kit-wt-cls-v2,42,CLS_KIT,roc_auc,0.794004
polaris,minimol,polaris/pkis2-kit-wt-cls-v2,42,CLS_KIT,cohen_kappa,0.354712
polaris,minimol,polaris/pkis2-kit-wt-cls-v2,42,CLS_KIT,pr_auc,0.593392
polaris,minimol,polaris/pkis2-kit-wt-cls-v2,42,CLS_KIT,mcc,0.431481
polaris,minimol,polaris/pkis2-kit-wt-reg-v2,42,KIT,pearsonr,0.486813
polaris,minimol,polaris/pkis2-kit-wt-reg-v2,42,KIT,explained_var,0.191486
polaris,minimol,polaris/pkis2-kit-wt-reg-v2,42,KIT,r2,0.185729
polaris,minimol,polaris/pkis2-kit-wt-reg-v2,42,KIT,mean_absolute_error,24.9348
polaris,minimol,polaris/pkis2-kit-wt-reg-v2,42,KIT,spearmanr,0.423964
polaris,minimol,polaris/pkis2-kit-wt-reg-v2,42,KIT,mean_squared_error,982.568
polaris,minimol,polaris/pkis2-egfr-wt-reg-v2,42,EGFR,pearsonr,0.561161
polaris,minimol,polaris/pkis2-egfr-wt-reg-v2,42,EGFR,explained_var,0.314778
polaris,minimol,polaris/pkis2-egfr-wt-reg-v2,42,EGFR,r2,0.253099
polaris,minimol,polaris/pkis2-egfr-wt-reg-v2,42,EGFR,mean_absolute_error,20.0308
polaris,minimol,polaris/pkis2-egfr-wt-reg-v2,42,EGFR,spearmanr,0.385967
polaris,minimol,polaris/pkis2-egfr-wt-reg-v2,42,EGFR,mean_squared_error,601.829
polaris,minimol,polaris/adme-fang-solu-1,42,LOG_SOLUBILITY,pearsonr,0.681049
polaris,minimol,polaris/adme-fang-solu-1,42,LOG_SOLUBILITY,explained_var,0.463822
polaris,minimol,polaris/adme-fang-solu-1,42,LOG_SOLUBILITY,r2,0.461654
polaris,minimol,polaris/adme-fang-solu-1,42,LOG_SOLUBILITY,mean_absolute_error,0.38461
polaris,minimol,polaris/adme-fang-solu-1,42,LOG_SOLUBILITY,spearmanr,0.555673
polaris,minimol,polaris/adme-fang-solu-1,42,LOG_SOLUBILITY,mean_squared_error,0.29188
polaris,minimol,polaris/adme-fang-rppb-1,42,LOG_RPPB,pearsonr,0.146509
polaris,minimol,polaris/adme-fang-rppb-1,42,LOG_RPPB,explained_var,0.0199137
polaris,minimol,polaris/adme-fang-rppb-1,42,LOG_RPPB,r2,-0.0463204
polaris,minimol,polaris/adme-fang-rppb-1,42,LOG_RPPB,mean_absolute_error,0.835573
polaris,minimol,polaris/adme-fang-rppb-1,42,LOG_RPPB,spearmanr,0.163478
polaris,minimol,polaris/adme-fang-rppb-1,42,LOG_RPPB,mean_squared_error,0.929637
polaris,minimol,polaris/adme-fang-hppb-1,42,LOG_HPPB,pearsonr,-0.284429
polaris,minimol,polaris/adme-fang-hppb-1,42,LOG_HPPB,explained_var,-0.187037
polaris,minimol,polaris/adme-fang-hppb-1,42,LOG_HPPB,r2,-0.245089
polaris,minimol,polaris/adme-fang-hppb-1,42,LOG_HPPB,mean_absolute_error,0.771848
polaris,minimol,polaris/adme-fang-hppb-1,42,LOG_HPPB,spearmanr,-0.261135
polaris,minimol,polaris/adme-fang-hppb-1,42,LOG_HPPB,mean_squared_error,0.754074
polaris,minimol,polaris/adme-fang-perm-1,42,LOG_MDR1-MDCK_ER,pearsonr,0.789688
polaris,minimol,polaris/adme-fang-perm-1,42,LOG_MDR1-MDCK_ER,explained_var,0.623597
polaris,minimol,polaris/adme-fang-perm-1,42,LOG_MDR1-MDCK_ER,r2,0.615096
polaris,minimol,polaris/adme-fang-perm-1,42,LOG_MDR1-MDCK_ER,mean_absolute_error,0.317457
polaris,minimol,polaris/adme-fang-perm-1,42,LOG_MDR1-MDCK_ER,spearmanr,0.802601
polaris,minimol,polaris/adme-fang-perm-1,42,LOG_MDR1-MDCK_ER,mean_squared_error,0.190679
polaris,minimol,polaris/adme-fang-rclint-1,42,LOG_RLM_CLint,pearsonr,0.742477
polaris,minimol,polaris/adme-fang-rclint-1,42,LOG_RLM_CLint,explained_var,0.550711
polaris,minimol,polaris/adme-fang-rclint-1,42,LOG_RLM_CLint,r2,0.536625
polaris,minimol,polaris/adme-fang-rclint-1,42,LOG_RLM_CLint,mean_absolute_error,0.403608
polaris,minimol,polaris/adme-fang-rclint-1,42,LOG_RLM_CLint,spearmanr,0.74331
polaris,minimol,polaris/adme-fang-rclint-1,42,LOG_RLM_CLint,mean_squared_error,0.261595
polaris,minimol,polaris/adme-fang-hclint-1,42,LOG_HLM_CLint,pearsonr,0.742397
polaris,minimol,polaris/adme-fang-hclint-1,42,LOG_HLM_CLint,explained_var,0.551031
polaris,minimol,polaris/adme-fang-hclint-1,42,LOG_HLM_CLint,r2,0.538207
polaris,minimol,polaris/adme-fang-hclint-1,42,LOG_HLM_CLint,mean_absolute_error,0.330452
polaris,minimol,polaris/adme-fang-hclint-1,42,LOG_HLM_CLint,spearmanr,0.731341
polaris,minimol,polaris/adme-fang-hclint-1,42,LOG_HLM_CLint,mean_squared_error,0.179365
polaris,minimol,tdcommons/lipophilicity-astrazeneca,42,Y,mean_absolute_error,0.48741
polaris,minimol,tdcommons/ppbr-az,42,Y,mean_absolute_error,9.65137
polaris,minimol,tdcommons/clearance-hepatocyte-az,42,Y,spearmanr,0.405727
polaris,minimol,tdcommons/cyp2d6-substrate-carbonmangels,42,Y,pr_auc,0.667431
polaris,minimol,tdcommons/half-life-obach,42,Y,spearmanr,0.16968
polaris,minimol,tdcommons/cyp2c9-substrate-carbonmangels,42,Y,pr_auc,0.453468
polaris,minimol,tdcommons/clearance-microsome-az,42,Y,spearmanr,0.618951
polaris,minimol,tdcommons/dili,42,Y,roc_auc,0.933913
polaris,minimol,tdcommons/bioavailability-ma,42,Y,roc_auc,0.675757
polaris,minimol,tdcommons/vdss-lombardo,42,Y,spearmanr,0.0657942
polaris,minimol,tdcommons/cyp3a4-substrate-carbonmangels,42,Y,roc_auc,0.647152
polaris,minimol,tdcommons/pgp-broccatelli,42,Y,roc_auc,0.943415
polaris,minimol,tdcommons/caco2-wang,42,Y,mean_absolute_error,0.286195
polaris,minimol,tdcommons/herg,42,Y,roc_auc,0.838439
polaris,minimol,tdcommons/bbb-martins,42,Y,roc_auc,0.901892
polaris,minimol,tdcommons/ames,42,Y,roc_auc,0.858724
polaris,minimol,tdcommons/ld50-zhu,42,Y,mean_absolute_error,0.616083
polaris,minimol,polaris/pkis2-ret-wt-cls-v2,117,CLS_RET,accuracy,0.924528
polaris,minimol,polaris/pkis2-ret-wt-cls-v2,117,CLS_RET,f1,0.692308
polaris,minimol,polaris/pkis2-ret-wt-cls-v2,117,CLS_RET,roc_auc,0.923992
polaris,minimol,polaris/pkis2-ret-wt-cls-v2,117,CLS_RET,cohen_kappa,0.653878
polaris,minimol,polaris/pkis2-ret-wt-cls-v2,117,CLS_RET,pr_auc,0.865513
polaris,minimol,polaris/pkis2-ret-wt-cls-v2,117,CLS_RET,mcc,0.696957
polaris,minimol,polaris/pkis2-ret-wt-reg-v2,117,RET,pearsonr,0.709759
polaris,minimol,polaris/pkis2-ret-wt-reg-v2,117,RET,explained_var,0.489969
polaris,minimol,polaris/pkis2-ret-wt-reg-v2,117,RET,r2,0.432204
polaris,minimol,polaris/pkis2-ret-wt-reg-v2,117,RET,mean_absolute_error,19.3357
polaris,minimol,polaris/pkis2-ret-wt-reg-v2,117,RET,spearmanr,0.64767
polaris,minimol,polaris/pkis2-ret-wt-reg-v2,117,RET,mean_squared_error,674.204
polaris,minimol,polaris/pkis2-kit-wt-cls-v2,117,CLS_KIT,accuracy,0.818966
polaris,minimol,polaris/pkis2-kit-wt-cls-v2,117,CLS_KIT,f1,0.461538
polaris,minimol,polaris/pkis2-kit-wt-cls-v2,117,CLS_KIT,roc_auc,0.794971
polaris,minimol,polaris/pkis2-kit-wt-cls-v2,117,CLS_KIT,cohen_kappa,0.354873
polaris,minimol,polaris/pkis2-kit-wt-cls-v2,117,CLS_KIT,pr_auc,0.516539
polaris,minimol,polaris/pkis2-kit-wt-cls-v2,117,CLS_KIT,mcc,0.359135
polaris,minimol,polaris/pkis2-kit-wt-reg-v2,117,KIT,pearsonr,0.491586
polaris,minimol,polaris/pkis2-kit-wt-reg-v2,117,KIT,explained_var,0.20002
polaris,minimol,polaris/pkis2-kit-wt-reg-v2,117,KIT,r2,0.20002
polaris,minimol,polaris/pkis2-kit-wt-reg-v2,117,KIT,mean_absolute_error,24.5059
polaris,minimol,polaris/pkis2-kit-wt-reg-v2,117,KIT,spearmanr,0.484766
polaris,minimol,polaris/pkis2-kit-wt-reg-v2,117,KIT,mean_squared_error,965.323
polaris,minimol,polaris/pkis2-egfr-wt-reg-v2,117,EGFR,pearsonr,0.578794
polaris,minimol,polaris/pkis2-egfr-wt-reg-v2,117,EGFR,explained_var,0.331162
polaris,minimol,polaris/pkis2-egfr-wt-reg-v2,117,EGFR,r2,0.331081
polaris,minimol,polaris/pkis2-egfr-wt-reg-v2,117,EGFR,mean_absolute_error,17.2224
polaris,minimol,polaris/pkis2-egfr-wt-reg-v2,117,EGFR,spearmanr,0.37397
polaris,minimol,polaris/pkis2-egfr-wt-reg-v2,117,EGFR,mean_squared_error,538.993
polaris,minimol,polaris/adme-fang-solu-1,117,LOG_SOLUBILITY,pearsonr,0.690968
polaris,minimol,polaris/adme-fang-solu-1,117,LOG_SOLUBILITY,explained_var,0.477413
polaris,minimol,polaris/adme-fang-solu-1,117,LOG_SOLUBILITY,r2,0.472893
polaris,minimol,polaris/adme-fang-solu-1,117,LOG_SOLUBILITY,mean_absolute_error,0.392066
polaris,minimol,polaris/adme-fang-solu-1,117,LOG_SOLUBILITY,spearmanr,0.578137
polaris,minimol,polaris/adme-fang-solu-1,117,LOG_SOLUBILITY,mean_squared_error,0.285786
polaris,minimol,polaris/adme-fang-rppb-1,117,LOG_RPPB,pearsonr,0.637209
polaris,minimol,polaris/adme-fang-rppb-1,117,LOG_RPPB,explained_var,0.382578
polaris,minimol,polaris/adme-fang-rppb-1,117,LOG_RPPB,r2,0.377221
polaris,minimol,polaris/adme-fang-rppb-1,117,LOG_RPPB,mean_absolute_error,0.576236
polaris,minimol,polaris/adme-fang-rppb-1,117,LOG_RPPB,spearmanr,0.729565
polaris,minimol,polaris/adme-fang-rppb-1,117,LOG_RPPB,mean_squared_error,0.553328
polaris,minimol,polaris/adme-fang-hppb-1,117,LOG_HPPB,pearsonr,0.443867
polaris,minimol,polaris/adme-fang-hppb-1,117,LOG_HPPB,explained_var,0.171974
polaris,minimol,polaris/adme-fang-hppb-1,117,LOG_HPPB,r2,0.0521256
polaris,minimol,polaris/adme-fang-hppb-1,117,LOG_HPPB,mean_absolute_error,0.65709
polaris,minimol,polaris/adme-fang-hppb-1,117,LOG_HPPB,spearmanr,0.405837
polaris,minimol,polaris/adme-fang-hppb-1,117,LOG_HPPB,mean_squared_error,0.574069
polaris,minimol,polaris/adme-fang-perm-1,117,LOG_MDR1-MDCK_ER,pearsonr,0.802734
polaris,minimol,polaris/adme-fang-perm-1,117,LOG_MDR1-MDCK_ER,explained_var,0.643286
polaris,minimol,polaris/adme-fang-perm-1,117,LOG_MDR1-MDCK_ER,r2,0.632755
polaris,minimol,polaris/adme-fang-perm-1,117,LOG_MDR1-MDCK_ER,mean_absolute_error,0.320816
polaris,minimol,polaris/adme-fang-perm-1,117,LOG_MDR1-MDCK_ER,spearmanr,0.798463
polaris,minimol,polaris/adme-fang-perm-1,117,LOG_MDR1-MDCK_ER,mean_squared_error,0.18193
polaris,minimol,polaris/adme-fang-rclint-1,117,LOG_RLM_CLint,pearsonr,0.698908
polaris,minimol,polaris/adme-fang-rclint-1,117,LOG_RLM_CLint,explained_var,0.488192
polaris,minimol,polaris/adme-fang-rclint-1,117,LOG_RLM_CLint,r2,0.48789
polaris,minimol,polaris/adme-fang-rclint-1,117,LOG_RLM_CLint,mean_absolute_error,0.430166
polaris,minimol,polaris/adme-fang-rclint-1,117,LOG_RLM_CLint,spearmanr,0.694712
polaris,minimol,polaris/adme-fang-rclint-1,117,LOG_RLM_CLint,mean_squared_error,0.289108
polaris,minimol,polaris/adme-fang-hclint-1,117,LOG_HLM_CLint,pearsonr,0.71801
polaris,minimol,polaris/adme-fang-hclint-1,117,LOG_HLM_CLint,explained_var,0.515281
polaris,minimol,polaris/adme-fang-hclint-1,117,LOG_HLM_CLint,r2,0.515278
polaris,minimol,polaris/adme-fang-hclint-1,117,LOG_HLM_CLint,mean_absolute_error,0.340564
polaris,minimol,polaris/adme-fang-hclint-1,117,LOG_HLM_CLint,spearmanr,0.709088
polaris,minimol,polaris/adme-fang-hclint-1,117,LOG_HLM_CLint,mean_squared_error,0.188271
polaris,minimol,tdcommons/lipophilicity-astrazeneca,117,Y,mean_absolute_error,0.470574
polaris,minimol,tdcommons/ppbr-az,117,Y,mean_absolute_error,9.08145
polaris,minimol,tdcommons/clearance-hepatocyte-az,117,Y,spearmanr,0.437722
polaris,minimol,tdcommons/cyp2d6-substrate-carbonmangels,117,Y,pr_auc,0.676996
polaris,minimol,tdcommons/half-life-obach,117,Y,spearmanr,0.21161
polaris,minimol,tdcommons/cyp2c9-substrate-carbonmangels,117,Y,pr_auc,0.474058
polaris,minimol,tdcommons/clearance-microsome-az,117,Y,spearmanr,0.600147
polaris,minimol,tdcommons/dili,117,Y,roc_auc,0.958261
polaris,minimol,tdcommons/bioavailability-ma,117,Y,roc_auc,0.588627
polaris,minimol,tdcommons/vdss-lombardo,117,Y,spearmanr,-0.14298
polaris,minimol,tdcommons/cyp3a4-substrate-carbonmangels,117,Y,roc_auc,0.679476
polaris,minimol,tdcommons/pgp-broccatelli,117,Y,roc_auc,0.941949
polaris,minimol,tdcommons/caco2-wang,117,Y,mean_absolute_error,0.314793
polaris,minimol,tdcommons/herg,117,Y,roc_auc,0.826951
polaris,minimol,tdcommons/bbb-martins,117,Y,roc_auc,0.917566
polaris,minimol,tdcommons/ames,117,Y,roc_auc,0.849094
polaris,minimol,tdcommons/ld50-zhu,117,Y,mean_absolute_error,0.597166
polaris,minimol,polaris/pkis2-ret-wt-cls-v2,709,CLS_RET,accuracy,0.90566
polaris,minimol,polaris/pkis2-ret-wt-cls-v2,709,CLS_RET,f1,0.615385
polaris,minimol,polaris/pkis2-ret-wt-cls-v2,709,CLS_RET,roc_auc,0.919365
polaris,minimol,polaris/pkis2-ret-wt-cls-v2,709,CLS_RET,cohen_kappa,0.567347
polaris,minimol,polaris/pkis2-ret-wt-cls-v2,709,CLS_RET,pr_auc,0.793604
polaris,minimol,polaris/pkis2-ret-wt-cls-v2,709,CLS_RET,mcc,0.604725
polaris,minimol,polaris/pkis2-ret-wt-reg-v2,709,RET,pearsonr,0.760698
polaris,minimol,polaris/pkis2-ret-wt-reg-v2,709,RET,explained_var,0.57399
polaris,minimol,polaris/pkis2-ret-wt-reg-v2,709,RET,r2,0.561037
polaris,minimol,polaris/pkis2-ret-wt-reg-v2,709,RET,mean_absolute_error,17.1611
polaris,minimol,polaris/pkis2-ret-wt-reg-v2,709,RET,spearmanr,0.684484
polaris,minimol,polaris/pkis2-ret-wt-reg-v2,709,RET,mean_squared_error,521.227
polaris,minimol,polaris/pkis2-kit-wt-cls-v2,709,CLS_KIT,accuracy,0.818966
polaris,minimol,polaris/pkis2-kit-wt-cls-v2,709,CLS_KIT,f1,0.322581
polaris,minimol,polaris/pkis2-kit-wt-cls-v2,709,CLS_KIT,roc_auc,0.797872
polaris,minimol,polaris/pkis2-kit-wt-cls-v2,709,CLS_KIT,cohen_kappa,0.23875
polaris,minimol,polaris/pkis2-kit-wt-cls-v2,709,CLS_KIT,pr_auc,0.569506
polaris,minimol,polaris/pkis2-kit-wt-cls-v2,709,CLS_KIT,mcc,0.270692
polaris,minimol,polaris/pkis2-kit-wt-reg-v2,709,KIT,pearsonr,0.484891
polaris,minimol,polaris/pkis2-kit-wt-reg-v2,709,KIT,explained_var,0.215393
polaris,minimol,polaris/pkis2-kit-wt-reg-v2,709,KIT,r2,0.21396
polaris,minimol,polaris/pkis2-kit-wt-reg-v2,709,KIT,mean_absolute_error,24.9398
polaris,minimol,polaris/pkis2-kit-wt-reg-v2,709,KIT,spearmanr,0.467913
polaris,minimol,polaris/pkis2-kit-wt-reg-v2,709,KIT,mean_squared_error,948.501
polaris,minimol,polaris/pkis2-egfr-wt-reg-v2,709,EGFR,pearsonr,0.565043
polaris,minimol,polaris/pkis2-egfr-wt-reg-v2,709,EGFR,explained_var,0.318892
polaris,minimol,polaris/pkis2-egfr-wt-reg-v2,709,EGFR,r2,0.313394
polaris,minimol,polaris/pkis2-egfr-wt-reg-v2,709,EGFR,mean_absolute_error,18.7419
polaris,minimol,polaris/pkis2-egfr-wt-reg-v2,709,EGFR,spearmanr,0.387835
polaris,minimol,polaris/pkis2-egfr-wt-reg-v2,709,EGFR,mean_squared_error,553.246
polaris,minimol,polaris/adme-fang-solu-1,709,LOG_SOLUBILITY,pearsonr,0.700224
polaris,minimol,polaris/adme-fang-solu-1,709,LOG_SOLUBILITY,explained_var,0.488335
polaris,minimol,polaris/adme-fang-solu-1,709,LOG_SOLUBILITY,r2,0.480508
polaris,minimol,polaris/adme-fang-solu-1,709,LOG_SOLUBILITY,mean_absolute_error,0.376034
polaris,minimol,polaris/adme-fang-solu-1,709,LOG_SOLUBILITY,spearmanr,0.590849
polaris,minimol,polaris/adme-fang-solu-1,709,LOG_SOLUBILITY,mean_squared_error,0.281658
polaris,minimol,polaris/adme-fang-rppb-1,709,LOG_RPPB,pearsonr,0.65709
polaris,minimol,polaris/adme-fang-rppb-1,709,LOG_RPPB,explained_var,0.208124
polaris,minimol,polaris/adme-fang-rppb-1,709,LOG_RPPB,r2,0.166422
polaris,minimol,polaris/adme-fang-rppb-1,709,LOG_RPPB,mean_absolute_error,0.714835
polaris,minimol,polaris/adme-fang-rppb-1,709,LOG_RPPB,spearmanr,0.576522
polaris,minimol,polaris/adme-fang-rppb-1,709,LOG_RPPB,mean_squared_error,0.740619
polaris,minimol,polaris/adme-fang-hppb-1,709,LOG_HPPB,pearsonr,0.679189
polaris,minimol,polaris/adme-fang-hppb-1,709,LOG_HPPB,explained_var,0.460848
polaris,minimol,polaris/adme-fang-hppb-1,709,LOG_HPPB,r2,0.422383
polaris,minimol,polaris/adme-fang-hppb-1,709,LOG_HPPB,mean_absolute_error,0.473294
polaris,minimol,polaris/adme-fang-hppb-1,709,LOG_HPPB,spearmanr,0.629536
polaris,minimol,polaris/adme-fang-hppb-1,709,LOG_HPPB,mean_squared_error,0.349827
polaris,minimol,polaris/adme-fang-perm-1,709,LOG_MDR1-MDCK_ER,pearsonr,0.794092
polaris,minimol,polaris/adme-fang-perm-1,709,LOG_MDR1-MDCK_ER,explained_var,0.630458
polaris,minimol,polaris/adme-fang-perm-1,709,LOG_MDR1-MDCK_ER,r2,0.630259
polaris,minimol,polaris/adme-fang-perm-1,709,LOG_MDR1-MDCK_ER,mean_absolute_error,0.319525
polaris,minimol,polaris/adme-fang-perm-1,709,LOG_MDR1-MDCK_ER,spearmanr,0.799187
polaris,minimol,polaris/adme-fang-perm-1,709,LOG_MDR1-MDCK_ER,mean_squared_error,0.183167
polaris,minimol,polaris/adme-fang-rclint-1,709,LOG_RLM_CLint,pearsonr,0.735989
polaris,minimol,polaris/adme-fang-rclint-1,709,LOG_RLM_CLint,explained_var,0.541418
polaris,minimol,polaris/adme-fang-rclint-1,709,LOG_RLM_CLint,r2,0.539605
polaris,minimol,polaris/adme-fang-rclint-1,709,LOG_RLM_CLint,mean_absolute_error,0.392493
polaris,minimol,polaris/adme-fang-rclint-1,709,LOG_RLM_CLint,spearmanr,0.737053
polaris,minimol,polaris/adme-fang-rclint-1,709,LOG_RLM_CLint,mean_squared_error,0.259913
polaris,minimol,polaris/adme-fang-hclint-1,709,LOG_HLM_CLint,pearsonr,0.718091
polaris,minimol,polaris/adme-fang-hclint-1,709,LOG_HLM_CLint,explained_var,0.512253
polaris,minimol,polaris/adme-fang-hclint-1,709,LOG_HLM_CLint,r2,0.511374
polaris,minimol,polaris/adme-fang-hclint-1,709,LOG_HLM_CLint,mean_absolute_error,0.3422
polaris,minimol,polaris/adme-fang-hclint-1,709,LOG_HLM_CLint,spearmanr,0.719074
polaris,minimol,polaris/adme-fang-hclint-1,709,LOG_HLM_CLint,mean_squared_error,0.189787
polaris,minimol,tdcommons/lipophilicity-astrazeneca,709,Y,mean_absolute_error,0.505835
polaris,minimol,tdcommons/ppbr-az,709,Y,mean_absolute_error,8.79596
polaris,minimol,tdcommons/clearance-hepatocyte-az,709,Y,spearmanr,0.392634
polaris,minimol,tdcommons/cyp2d6-substrate-carbonmangels,709,Y,pr_auc,0.720113
polaris,minimol,tdcommons/half-life-obach,709,Y,spearmanr,0.254776
polaris,minimol,tdcommons/cyp2c9-substrate-carbonmangels,709,Y,pr_auc,0.492923
polaris,minimol,tdcommons/clearance-microsome-az,709,Y,spearmanr,0.560329
polaris,minimol,tdcommons/dili,709,Y,roc_auc,0.939565
polaris,minimol,tdcommons/bioavailability-ma,709,Y,roc_auc,0.507815
polaris,minimol,tdcommons/vdss-lombardo,709,Y,spearmanr,0.480336
polaris,minimol,tdcommons/cyp3a4-substrate-carbonmangels,709,Y,roc_auc,0.691456
polaris,minimol,tdcommons/pgp-broccatelli,709,Y,roc_auc,0.940349
polaris,minimol,tdcommons/caco2-wang,709,Y,mean_absolute_error,0.321466
polaris,minimol,tdcommons/herg,709,Y,roc_auc,0.799853
polaris,minimol,tdcommons/bbb-martins,709,Y,roc_auc,0.897475
polaris,minimol,tdcommons/ames,709,Y,roc_auc,0.851846
polaris,minimol,tdcommons/ld50-zhu,709,Y,mean_absolute_error,0.613341
polaris,minimol,polaris/pkis2-ret-wt-cls-v2,1701,CLS_RET,accuracy,0.896226
polaris,minimol,polaris/pkis2-ret-wt-cls-v2,1701,CLS_RET,f1,0.521739
polaris,minimol,polaris/pkis2-ret-wt-cls-v2,1701,CLS_RET,roc_auc,0.933906
polaris,minimol,polaris/pkis2-ret-wt-cls-v2,1701,CLS_RET,cohen_kappa,0.478066
polaris,minimol,polaris/pkis2-ret-wt-cls-v2,1701,CLS_RET,pr_auc,0.843579
polaris,minimol,polaris/pkis2-ret-wt-cls-v2,1701,CLS_RET,mcc,0.560462
polaris,minimol,polaris/pkis2-ret-wt-reg-v2,1701,RET,pearsonr,0.748644
polaris,minimol,polaris/pkis2-ret-wt-reg-v2,1701,RET,explained_var,0.541904
polaris,minimol,polaris/pkis2-ret-wt-reg-v2,1701,RET,r2,0.540717
polaris,minimol,polaris/pkis2-ret-wt-reg-v2,1701,RET,mean_absolute_error,18.325
polaris,minimol,polaris/pkis2-ret-wt-reg-v2,1701,RET,spearmanr,0.66957
polaris,minimol,polaris/pkis2-ret-wt-reg-v2,1701,RET,mean_squared_error,545.355
polaris,minimol,polaris/pkis2-kit-wt-cls-v2,1701,CLS_KIT,accuracy,0.87069
polaris,minimol,polaris/pkis2-kit-wt-cls-v2,1701,CLS_KIT,f1,0.571429
polaris,minimol,polaris/pkis2-kit-wt-cls-v2,1701,CLS_KIT,roc_auc,0.844778
polaris,minimol,polaris/pkis2-kit-wt-cls-v2,1701,CLS_KIT,cohen_kappa,0.501147
polaris,minimol,polaris/pkis2-kit-wt-cls-v2,1701,CLS_KIT,pr_auc,0.728709
polaris,minimol,polaris/pkis2-kit-wt-cls-v2,1701,CLS_KIT,mcc,0.525226
polaris,minimol,polaris/pkis2-kit-wt-reg-v2,1701,KIT,pearsonr,0.576312
polaris,minimol,polaris/pkis2-kit-wt-reg-v2,1701,KIT,explained_var,0.328783
polaris,minimol,polaris/pkis2-kit-wt-reg-v2,1701,KIT,r2,0.328236
polaris,minimol,polaris/pkis2-kit-wt-reg-v2,1701,KIT,mean_absolute_error,23.3552
polaris,minimol,polaris/pkis2-kit-wt-reg-v2,1701,KIT,spearmanr,0.542094
polaris,minimol,polaris/pkis2-kit-wt-reg-v2,1701,KIT,mean_squared_error,810.607
polaris,minimol,polaris/pkis2-egfr-wt-reg-v2,1701,EGFR,pearsonr,0.507156
polaris,minimol,polaris/pkis2-egfr-wt-reg-v2,1701,EGFR,explained_var,0.257199
polaris,minimol,polaris/pkis2-egfr-wt-reg-v2,1701,EGFR,r2,0.241514
polaris,minimol,polaris/pkis2-egfr-wt-reg-v2,1701,EGFR,mean_absolute_error,19.5252
polaris,minimol,polaris/pkis2-egfr-wt-reg-v2,1701,EGFR,spearmanr,0.294129
polaris,minimol,polaris/pkis2-egfr-wt-reg-v2,1701,EGFR,mean_squared_error,611.164
polaris,minimol,polaris/adme-fang-solu-1,1701,LOG_SOLUBILITY,pearsonr,0.682384
polaris,minimol,polaris/adme-fang-solu-1,1701,LOG_SOLUBILITY,explained_var,0.464796
polaris,minimol,polaris/adme-fang-solu-1,1701,LOG_SOLUBILITY,r2,0.463423
polaris,minimol,polaris/adme-fang-solu-1,1701,LOG_SOLUBILITY,mean_absolute_error,0.376074
polaris,minimol,polaris/adme-fang-solu-1,1701,LOG_SOLUBILITY,spearmanr,0.566626
polaris,minimol,polaris/adme-fang-solu-1,1701,LOG_SOLUBILITY,mean_squared_error,0.290921
polaris,minimol,polaris/adme-fang-rppb-1,1701,LOG_RPPB,pearsonr,0.00702348
polaris,minimol,polaris/adme-fang-rppb-1,1701,LOG_RPPB,explained_var,-0.0129439
polaris,minimol,polaris/adme-fang-rppb-1,1701,LOG_RPPB,r2,-0.0379088
polaris,minimol,polaris/adme-fang-rppb-1,1701,LOG_RPPB,mean_absolute_error,0.803866
polaris,minimol,polaris/adme-fang-rppb-1,1701,LOG_RPPB,spearmanr,0.14
polaris,minimol,polaris/adme-fang-rppb-1,1701,LOG_RPPB,mean_squared_error,0.922163
polaris,minimol,polaris/adme-fang-hppb-1,1701,LOG_HPPB,pearsonr,0.666142
polaris,minimol,polaris/adme-fang-hppb-1,1701,LOG_HPPB,explained_var,0.433177
polaris,minimol,polaris/adme-fang-hppb-1,1701,LOG_HPPB,r2,0.416395
polaris,minimol,polaris/adme-fang-hppb-1,1701,LOG_HPPB,mean_absolute_error,0.501047
polaris,minimol,polaris/adme-fang-hppb-1,1701,LOG_HPPB,spearmanr,0.605088
polaris,minimol,polaris/adme-fang-hppb-1,1701,LOG_HPPB,mean_squared_error,0.353454
polaris,minimol,polaris/adme-fang-perm-1,1701,LOG_MDR1-MDCK_ER,pearsonr,0.790869
polaris,minimol,polaris/adme-fang-perm-1,1701,LOG_MDR1-MDCK_ER,explained_var,0.624878
polaris,minimol,polaris/adme-fang-perm-1,1701,LOG_MDR1-MDCK_ER,r2,0.6247
polaris,minimol,polaris/adme-fang-perm-1,1701,LOG_MDR1-MDCK_ER,mean_absolute_error,0.31597
polaris,minimol,polaris/adme-fang-perm-1,1701,LOG_MDR1-MDCK_ER,spearmanr,0.808216
polaris,minimol,polaris/adme-fang-perm-1,1701,LOG_MDR1-MDCK_ER,mean_squared_error,0.185921
polaris,minimol,polaris/adme-fang-rclint-1,1701,LOG_RLM_CLint,pearsonr,0.747998
polaris,minimol,polaris/adme-fang-rclint-1,1701,LOG_RLM_CLint,explained_var,0.558895
polaris,minimol,polaris/adme-fang-rclint-1,1701,LOG_RLM_CLint,r2,0.555732
polaris,minimol,polaris/adme-fang-rclint-1,1701,LOG_RLM_CLint,mean_absolute_error,0.403196
polaris,minimol,polaris/adme-fang-rclint-1,1701,LOG_RLM_CLint,spearmanr,0.74963
polaris,minimol,polaris/adme-fang-rclint-1,1701,LOG_RLM_CLint,mean_squared_error,0.250809
polaris,minimol,polaris/adme-fang-hclint-1,1701,LOG_HLM_CLint,pearsonr,0.720306
polaris,minimol,polaris/adme-fang-hclint-1,1701,LOG_HLM_CLint,explained_var,0.514091
polaris,minimol,polaris/adme-fang-hclint-1,1701,LOG_HLM_CLint,r2,0.514091
polaris,minimol,polaris/adme-fang-hclint-1,1701,LOG_HLM_CLint,mean_absolute_error,0.337516
polaris,minimol,polaris/adme-fang-hclint-1,1701,LOG_HLM_CLint,spearmanr,0.710754
polaris,minimol,polaris/adme-fang-hclint-1,1701,LOG_HLM_CLint,mean_squared_error,0.188732
polaris,minimol,tdcommons/lipophilicity-astrazeneca,1701,Y,mean_absolute_error,0.468789
polaris,minimol,tdcommons/ppbr-az,1701,Y,mean_absolute_error,8.5794
polaris,minimol,tdcommons/clearance-hepatocyte-az,1701,Y,spearmanr,0.462401
polaris,minimol,tdcommons/cyp2d6-substrate-carbonmangels,1701,Y,pr_auc,0.661034
polaris,minimol,tdcommons/half-life-obach,1701,Y,spearmanr,0.0213235
polaris,minimol,tdcommons/cyp2c9-substrate-carbonmangels,1701,Y,pr_auc,0.394211
polaris,minimol,tdcommons/clearance-microsome-az,1701,Y,spearmanr,0.573467
polaris,minimol,tdcommons/dili,1701,Y,roc_auc,0.949565
polaris,minimol,tdcommons/bioavailability-ma,1701,Y,roc_auc,0.677752
polaris,minimol,tdcommons/vdss-lombardo,1701,Y,spearmanr,0.362153
polaris,minimol,tdcommons/cyp3a4-substrate-carbonmangels,1701,Y,roc_auc,0.653481
polaris,minimol,tdcommons/pgp-broccatelli,1701,Y,roc_auc,0.93675
polaris,minimol,tdcommons/caco2-wang,1701,Y,mean_absolute_error,0.315054
polaris,minimol,tdcommons/herg,1701,Y,roc_auc,0.797791
polaris,minimol,tdcommons/bbb-martins,1701,Y,roc_auc,0.914204
polaris,minimol,tdcommons/ames,1701,Y,roc_auc,0.853064
polaris,minimol,tdcommons/ld50-zhu,1701,Y,mean_absolute_error,0.612571
polaris,minimol,polaris/pkis2-ret-wt-cls-v2,9001,CLS_RET,accuracy,0.924528
polaris,minimol,polaris/pkis2-ret-wt-cls-v2,9001,CLS_RET,f1,0.714286
polaris,minimol,polaris/pkis2-ret-wt-cls-v2,9001,CLS_RET,roc_auc,0.923992
polaris,minimol,polaris/pkis2-ret-wt-cls-v2,9001,CLS_RET,cohen_kappa,0.673092
polaris,minimol,polaris/pkis2-ret-wt-cls-v2,9001,CLS_RET,pr_auc,0.862396
polaris,minimol,polaris/pkis2-ret-wt-cls-v2,9001,CLS_RET,mcc,0.694283
polaris,minimol,polaris/pkis2-ret-wt-reg-v2,9001,RET,pearsonr,0.69742
polaris,minimol,polaris/pkis2-ret-wt-reg-v2,9001,RET,explained_var,0.475322
polaris,minimol,polaris/pkis2-ret-wt-reg-v2,9001,RET,r2,0.420006
polaris,minimol,polaris/pkis2-ret-wt-reg-v2,9001,RET,mean_absolute_error,19.6117
polaris,minimol,polaris/pkis2-ret-wt-reg-v2,9001,RET,spearmanr,0.598868
polaris,minimol,polaris/pkis2-ret-wt-reg-v2,9001,RET,mean_squared_error,688.688
polaris,minimol,polaris/pkis2-kit-wt-cls-v2,9001,CLS_KIT,accuracy,0.887931
polaris,minimol,polaris/pkis2-kit-wt-cls-v2,9001,CLS_KIT,f1,0.666667
polaris,minimol,polaris/pkis2-kit-wt-cls-v2,9001,CLS_KIT,roc_auc,0.827853
polaris,minimol,polaris/pkis2-kit-wt-cls-v2,9001,CLS_KIT,cohen_kappa,0.600636
polaris,minimol,polaris/pkis2-kit-wt-cls-v2,9001,CLS_KIT,pr_auc,0.676243
polaris,minimol,polaris/pkis2-kit-wt-cls-v2,9001,CLS_KIT,mcc,0.607849
polaris,minimol,polaris/pkis2-kit-wt-reg-v2,9001,KIT,pearsonr,0.522014
polaris,minimol,polaris/pkis2-kit-wt-reg-v2,9001,KIT,explained_var,0.239562
polaris,minimol,polaris/pkis2-kit-wt-reg-v2,9001,KIT,r2,0.234983
polaris,minimol,polaris/pkis2-kit-wt-reg-v2,9001,KIT,mean_absolute_error,24.1229
polaris,minimol,polaris/pkis2-kit-wt-reg-v2,9001,KIT,spearmanr,0.497437
polaris,minimol,polaris/pkis2-kit-wt-reg-v2,9001,KIT,mean_squared_error,923.133
polaris,minimol,polaris/pkis2-egfr-wt-reg-v2,9001,EGFR,pearsonr,0.572174
polaris,minimol,polaris/pkis2-egfr-wt-reg-v2,9001,EGFR,explained_var,0.323572
polaris,minimol,polaris/pkis2-egfr-wt-reg-v2,9001,EGFR,r2,0.323546
polaris,minimol,polaris/pkis2-egfr-wt-reg-v2,9001,EGFR,mean_absolute_error,17.8822
polaris,minimol,polaris/pkis2-egfr-wt-reg-v2,9001,EGFR,spearmanr,0.425103
polaris,minimol,polaris/pkis2-egfr-wt-reg-v2,9001,EGFR,mean_squared_error,545.066
polaris,minimol,polaris/adme-fang-solu-1,9001,LOG_SOLUBILITY,pearsonr,0.679775
polaris,minimol,polaris/adme-fang-solu-1,9001,LOG_SOLUBILITY,explained_var,0.456899
polaris,minimol,polaris/adme-fang-solu-1,9001,LOG_SOLUBILITY,r2,0.453326
polaris,minimol,polaris/adme-fang-solu-1,9001,LOG_SOLUBILITY,mean_absolute_error,0.385757
polaris,minimol,polaris/adme-fang-solu-1,9001,LOG_SOLUBILITY,spearmanr,0.565044
polaris,minimol,polaris/adme-fang-solu-1,9001,LOG_SOLUBILITY,mean_squared_error,0.296395
polaris,minimol,polaris/adme-fang-rppb-1,9001,LOG_RPPB,pearsonr,0.729671
polaris,minimol,polaris/adme-fang-rppb-1,9001,LOG_RPPB,explained_var,0.462
polaris,minimol,polaris/adme-fang-rppb-1,9001,LOG_RPPB,r2,0.460049
polaris,minimol,polaris/adme-fang-rppb-1,9001,LOG_RPPB,mean_absolute_error,0.525705
polaris,minimol,polaris/adme-fang-rppb-1,9001,LOG_RPPB,spearmanr,0.788696
polaris,minimol,polaris/adme-fang-rppb-1,9001,LOG_RPPB,mean_squared_error,0.479737
polaris,minimol,polaris/adme-fang-hppb-1,9001,LOG_HPPB,pearsonr,0.663344
polaris,minimol,polaris/adme-fang-hppb-1,9001,LOG_HPPB,explained_var,0.438343
polaris,minimol,polaris/adme-fang-hppb-1,9001,LOG_HPPB,r2,0.374274
polaris,minimol,polaris/adme-fang-hppb-1,9001,LOG_HPPB,mean_absolute_error,0.504335
polaris,minimol,polaris/adme-fang-hppb-1,9001,LOG_HPPB,spearmanr,0.617465
polaris,minimol,polaris/adme-fang-hppb-1,9001,LOG_HPPB,mean_squared_error,0.378964
polaris,minimol,polaris/adme-fang-perm-1,9001,LOG_MDR1-MDCK_ER,pearsonr,0.783901
polaris,minimol,polaris/adme-fang-perm-1,9001,LOG_MDR1-MDCK_ER,explained_var,0.613434
polaris,minimol,polaris/adme-fang-perm-1,9001,LOG_MDR1-MDCK_ER,r2,0.6124
polaris,minimol,polaris/adme-fang-perm-1,9001,LOG_MDR1-MDCK_ER,mean_absolute_error,0.328789
polaris,minimol,polaris/adme-fang-perm-1,9001,LOG_MDR1-MDCK_ER,spearmanr,0.801561
polaris,minimol,polaris/adme-fang-perm-1,9001,LOG_MDR1-MDCK_ER,mean_squared_error,0.192014
polaris,minimol,polaris/adme-fang-rclint-1,9001,LOG_RLM_CLint,pearsonr,0.736051
polaris,minimol,polaris/adme-fang-rclint-1,9001,LOG_RLM_CLint,explained_var,0.53906
polaris,minimol,polaris/adme-fang-rclint-1,9001,LOG_RLM_CLint,r2,0.537234
polaris,minimol,polaris/adme-fang-rclint-1,9001,LOG_RLM_CLint,mean_absolute_error,0.411128
polaris,minimol,polaris/adme-fang-rclint-1,9001,LOG_RLM_CLint,spearmanr,0.739596
polaris,minimol,polaris/adme-fang-rclint-1,9001,LOG_RLM_CLint,mean_squared_error,0.261251
polaris,minimol,polaris/adme-fang-hclint-1,9001,LOG_HLM_CLint,pearsonr,0.722798
polaris,minimol,polaris/adme-fang-hclint-1,9001,LOG_HLM_CLint,explained_var,0.522262
polaris,minimol,polaris/adme-fang-hclint-1,9001,LOG_HLM_CLint,r2,0.512061
polaris,minimol,polaris/adme-fang-hclint-1,9001,LOG_HLM_CLint,mean_absolute_error,0.340913
polaris,minimol,polaris/adme-fang-hclint-1,9001,LOG_HLM_CLint,spearmanr,0.725522
polaris,minimol,polaris/adme-fang-hclint-1,9001,LOG_HLM_CLint,mean_squared_error,0.18952
polaris,minimol,tdcommons/lipophilicity-astrazeneca,9001,Y,mean_absolute_error,0.490094
polaris,minimol,tdcommons/ppbr-az,9001,Y,mean_absolute_error,9.66233
polaris,minimol,tdcommons/clearance-hepatocyte-az,9001,Y,spearmanr,0.393638
polaris,minimol,tdcommons/cyp2d6-substrate-carbonmangels,9001,Y,pr_auc,0.649422
polaris,minimol,tdcommons/half-life-obach,9001,Y,spearmanr,0.337185
polaris,minimol,tdcommons/cyp2c9-substrate-carbonmangels,9001,Y,pr_auc,0.43364
polaris,minimol,tdcommons/clearance-microsome-az,9001,Y,spearmanr,0.589488
polaris,minimol,tdcommons/dili,9001,Y,roc_auc,0.944348
polaris,minimol,tdcommons/bioavailability-ma,9001,Y,roc_auc,0.735949
polaris,minimol,tdcommons/vdss-lombardo,9001,Y,spearmanr,0.296823
polaris,minimol,tdcommons/cyp3a4-substrate-carbonmangels,9001,Y,roc_auc,0.648056
polaris,minimol,tdcommons/pgp-broccatelli,9001,Y,roc_auc,0.945548
polaris,minimol,tdcommons/caco2-wang,9001,Y,mean_absolute_error,0.387194
polaris,minimol,tdcommons/herg,9001,Y,roc_auc,0.833726
polaris,minimol,tdcommons/bbb-martins,9001,Y,roc_auc,0.91352
polaris,minimol,tdcommons/ames,9001,Y,roc_auc,0.850491
polaris,minimol,tdcommons/ld50-zhu,9001,Y,mean_absolute_error,0.585139
moleculeace,CheMeleon,CHEMBL1862_Ki,42,,overall test rmse,0.729604
moleculeace,CheMeleon,CHEMBL1862_Ki,42,,noncliff test rmse,0.759236
moleculeace,CheMeleon,CHEMBL1862_Ki,42,,cliff test rmse,0.685876
moleculeace,CheMeleon,CHEMBL1871_Ki,42,,overall test rmse,0.597497
moleculeace,CheMeleon,CHEMBL1871_Ki,42,,noncliff test rmse,0.486996
moleculeace,CheMeleon,CHEMBL1871_Ki,42,,cliff test rmse,0.85964
moleculeace,CheMeleon,CHEMBL2034_Ki,42,,overall test rmse,0.74526
moleculeace,CheMeleon,CHEMBL2034_Ki,42,,noncliff test rmse,0.681343
moleculeace,CheMeleon,CHEMBL2034_Ki,42,,cliff test rmse,0.854848
moleculeace,CheMeleon,CHEMBL2047_EC50,42,,overall test rmse,0.597392
moleculeace,CheMeleon,CHEMBL2047_EC50,42,,noncliff test rmse,0.580875
moleculeace,CheMeleon,CHEMBL2047_EC50,42,,cliff test rmse,0.622283
moleculeace,CheMeleon,CHEMBL204_Ki,42,,overall test rmse,0.709071
moleculeace,CheMeleon,CHEMBL204_Ki,42,,noncliff test rmse,0.607168
moleculeace,CheMeleon,CHEMBL204_Ki,42,,cliff test rmse,0.840121
moleculeace,CheMeleon,CHEMBL2147_Ki,42,,overall test rmse,0.55984
moleculeace,CheMeleon,CHEMBL2147_Ki,42,,noncliff test rmse,0.559007
moleculeace,CheMeleon,CHEMBL2147_Ki,42,,cliff test rmse,0.561117
moleculeace,CheMeleon,CHEMBL214_Ki,42,,overall test rmse,0.655264
moleculeace,CheMeleon,CHEMBL214_Ki,42,,noncliff test rmse,0.562701
moleculeace,CheMeleon,CHEMBL214_Ki,42,,cliff test rmse,0.789366
moleculeace,CheMeleon,CHEMBL218_EC50,42,,overall test rmse,0.690606
moleculeace,CheMeleon,CHEMBL218_EC50,42,,noncliff test rmse,0.674588
moleculeace,CheMeleon,CHEMBL218_EC50,42,,cliff test rmse,0.717578
moleculeace,CheMeleon,CHEMBL219_Ki,42,,overall test rmse,0.683552
moleculeace,CheMeleon,CHEMBL219_Ki,42,,noncliff test rmse,0.641524
moleculeace,CheMeleon,CHEMBL219_Ki,42,,cliff test rmse,0.743158
moleculeace,CheMeleon,CHEMBL228_Ki,42,,overall test rmse,0.671508
moleculeace,CheMeleon,CHEMBL228_Ki,42,,noncliff test rmse,0.640803
moleculeace,CheMeleon,CHEMBL228_Ki,42,,cliff test rmse,0.720512
moleculeace,CheMeleon,CHEMBL231_Ki,42,,overall test rmse,0.639547
moleculeace,CheMeleon,CHEMBL231_Ki,42,,noncliff test rmse,0.598566
moleculeace,CheMeleon,CHEMBL231_Ki,42,,cliff test rmse,0.752675
moleculeace,CheMeleon,CHEMBL233_Ki,42,,overall test rmse,0.755111
moleculeace,CheMeleon,CHEMBL233_Ki,42,,noncliff test rmse,0.700814
moleculeace,CheMeleon,CHEMBL233_Ki,42,,cliff test rmse,0.826699
moleculeace,CheMeleon,CHEMBL234_Ki,42,,overall test rmse,0.609791
moleculeace,CheMeleon,CHEMBL234_Ki,42,,noncliff test rmse,0.596894
moleculeace,CheMeleon,CHEMBL234_Ki,42,,cliff test rmse,0.626043
moleculeace,CheMeleon,CHEMBL235_EC50,42,,overall test rmse,0.626893
moleculeace,CheMeleon,CHEMBL235_EC50,42,,noncliff test rmse,0.534751
moleculeace,CheMeleon,CHEMBL235_EC50,42,,cliff test rmse,0.75484
moleculeace,CheMeleon,CHEMBL236_Ki,42,,overall test rmse,0.740632
moleculeace,CheMeleon,CHEMBL236_Ki,42,,noncliff test rmse,0.671481
moleculeace,CheMeleon,CHEMBL236_Ki,42,,cliff test rmse,0.836824
moleculeace,CheMeleon,CHEMBL237_EC50,42,,overall test rmse,0.800105
moleculeace,CheMeleon,CHEMBL237_EC50,42,,noncliff test rmse,0.70807
moleculeace,CheMeleon,CHEMBL237_EC50,42,,cliff test rmse,0.892048
moleculeace,CheMeleon,CHEMBL237_Ki,42,,overall test rmse,0.712295
moleculeace,CheMeleon,CHEMBL237_Ki,42,,noncliff test rmse,0.673165
moleculeace,CheMeleon,CHEMBL237_Ki,42,,cliff test rmse,0.761612
moleculeace,CheMeleon,CHEMBL238_Ki,42,,overall test rmse,0.622802
moleculeace,CheMeleon,CHEMBL238_Ki,42,,noncliff test rmse,0.575983
moleculeace,CheMeleon,CHEMBL238_Ki,42,,cliff test rmse,0.741023
moleculeace,CheMeleon,CHEMBL239_EC50,42,,overall test rmse,0.753277
moleculeace,CheMeleon,CHEMBL239_EC50,42,,noncliff test rmse,0.628924
moleculeace,CheMeleon,CHEMBL239_EC50,42,,cliff test rmse,0.904734
moleculeace,CheMeleon,CHEMBL244_Ki,42,,overall test rmse,0.697898
moleculeace,CheMeleon,CHEMBL244_Ki,42,,noncliff test rmse,0.614846
moleculeace,CheMeleon,CHEMBL244_Ki,42,,cliff test rmse,0.778954
moleculeace,CheMeleon,CHEMBL262_Ki,42,,overall test rmse,0.68735
moleculeace,CheMeleon,CHEMBL262_Ki,42,,noncliff test rmse,0.696412
moleculeace,CheMeleon,CHEMBL262_Ki,42,,cliff test rmse,0.64591
moleculeace,CheMeleon,CHEMBL264_Ki,42,,overall test rmse,0.584929
moleculeace,CheMeleon,CHEMBL264_Ki,42,,noncliff test rmse,0.541987
moleculeace,CheMeleon,CHEMBL264_Ki,42,,cliff test rmse,0.640291
moleculeace,CheMeleon,CHEMBL2835_Ki,42,,overall test rmse,0.426383
moleculeace,CheMeleon,CHEMBL2835_Ki,42,,noncliff test rmse,0.354587
moleculeace,CheMeleon,CHEMBL2835_Ki,42,,cliff test rmse,0.818038
moleculeace,CheMeleon,CHEMBL287_Ki,42,,overall test rmse,0.664279
moleculeace,CheMeleon,CHEMBL287_Ki,42,,noncliff test rmse,0.635801
moleculeace,CheMeleon,CHEMBL287_Ki,42,,cliff test rmse,0.707258
moleculeace,CheMeleon,CHEMBL2971_Ki,42,,overall test rmse,0.648452
moleculeace,CheMeleon,CHEMBL2971_Ki,42,,noncliff test rmse,0.594816
moleculeace,CheMeleon,CHEMBL2971_Ki,42,,cliff test rmse,0.860339
moleculeace,CheMeleon,CHEMBL3979_EC50,42,,overall test rmse,0.6034
moleculeace,CheMeleon,CHEMBL3979_EC50,42,,noncliff test rmse,0.578479
moleculeace,CheMeleon,CHEMBL3979_EC50,42,,cliff test rmse,0.636751
moleculeace,CheMeleon,CHEMBL4005_Ki,42,,overall test rmse,0.671945
moleculeace,CheMeleon,CHEMBL4005_Ki,42,,noncliff test rmse,0.568846
moleculeace,CheMeleon,CHEMBL4005_Ki,42,,cliff test rmse,0.792712
moleculeace,CheMeleon,CHEMBL4203_Ki,42,,overall test rmse,0.838285
moleculeace,CheMeleon,CHEMBL4203_Ki,42,,noncliff test rmse,0.798302
moleculeace,CheMeleon,CHEMBL4203_Ki,42,,cliff test rmse,1.17783
moleculeace,CheMeleon,CHEMBL4616_EC50,42,,overall test rmse,0.701364
moleculeace,CheMeleon,CHEMBL4616_EC50,42,,noncliff test rmse,0.645579
moleculeace,CheMeleon,CHEMBL4616_EC50,42,,cliff test rmse,0.748228
moleculeace,CheMeleon,CHEMBL4792_Ki,42,,overall test rmse,0.57824
moleculeace,CheMeleon,CHEMBL4792_Ki,42,,noncliff test rmse,0.559271
moleculeace,CheMeleon,CHEMBL4792_Ki,42,,cliff test rmse,0.594002
moleculeace,CheMeleon,CHEMBL1862_Ki,117,,overall test rmse,0.773884
moleculeace,CheMeleon,CHEMBL1862_Ki,117,,noncliff test rmse,0.772562
moleculeace,CheMeleon,CHEMBL1862_Ki,117,,cliff test rmse,0.775735
moleculeace,CheMeleon,CHEMBL1871_Ki,117,,overall test rmse,0.623575
moleculeace,CheMeleon,CHEMBL1871_Ki,117,,noncliff test rmse,0.540997
moleculeace,CheMeleon,CHEMBL1871_Ki,117,,cliff test rmse,0.833897
moleculeace,CheMeleon,CHEMBL2034_Ki,117,,overall test rmse,0.653379
moleculeace,CheMeleon,CHEMBL2034_Ki,117,,noncliff test rmse,0.579926
moleculeace,CheMeleon,CHEMBL2034_Ki,117,,cliff test rmse,0.775317
moleculeace,CheMeleon,CHEMBL2047_EC50,117,,overall test rmse,0.605485
moleculeace,CheMeleon,CHEMBL2047_EC50,117,,noncliff test rmse,0.545586
moleculeace,CheMeleon,CHEMBL2047_EC50,117,,cliff test rmse,0.6886
moleculeace,CheMeleon,CHEMBL204_Ki,117,,overall test rmse,0.730386
moleculeace,CheMeleon,CHEMBL204_Ki,117,,noncliff test rmse,0.614161
moleculeace,CheMeleon,CHEMBL204_Ki,117,,cliff test rmse,0.877495
moleculeace,CheMeleon,CHEMBL2147_Ki,117,,overall test rmse,0.576988
moleculeace,CheMeleon,CHEMBL2147_Ki,117,,noncliff test rmse,0.578008
moleculeace,CheMeleon,CHEMBL2147_Ki,117,,cliff test rmse,0.575419
moleculeace,CheMeleon,CHEMBL214_Ki,117,,overall test rmse,0.637943
moleculeace,CheMeleon,CHEMBL214_Ki,117,,noncliff test rmse,0.576638
moleculeace,CheMeleon,CHEMBL214_Ki,117,,cliff test rmse,0.731382
moleculeace,CheMeleon,CHEMBL218_EC50,117,,overall test rmse,0.675678
moleculeace,CheMeleon,CHEMBL218_EC50,117,,noncliff test rmse,0.655048
moleculeace,CheMeleon,CHEMBL218_EC50,117,,cliff test rmse,0.710086
moleculeace,CheMeleon,CHEMBL219_Ki,117,,overall test rmse,0.696445
moleculeace,CheMeleon,CHEMBL219_Ki,117,,noncliff test rmse,0.630249
moleculeace,CheMeleon,CHEMBL219_Ki,117,,cliff test rmse,0.786856
moleculeace,CheMeleon,CHEMBL228_Ki,117,,overall test rmse,0.66198
moleculeace,CheMeleon,CHEMBL228_Ki,117,,noncliff test rmse,0.618354
moleculeace,CheMeleon,CHEMBL228_Ki,117,,cliff test rmse,0.729916
moleculeace,CheMeleon,CHEMBL231_Ki,117,,overall test rmse,0.669
moleculeace,CheMeleon,CHEMBL231_Ki,117,,noncliff test rmse,0.601958
moleculeace,CheMeleon,CHEMBL231_Ki,117,,cliff test rmse,0.843838
moleculeace,CheMeleon,CHEMBL233_Ki,117,,overall test rmse,0.770171
moleculeace,CheMeleon,CHEMBL233_Ki,117,,noncliff test rmse,0.706659
moleculeace,CheMeleon,CHEMBL233_Ki,117,,cliff test rmse,0.852948
moleculeace,CheMeleon,CHEMBL234_Ki,117,,overall test rmse,0.62072
moleculeace,CheMeleon,CHEMBL234_Ki,117,,noncliff test rmse,0.625893
moleculeace,CheMeleon,CHEMBL234_Ki,117,,cliff test rmse,0.613978
moleculeace,CheMeleon,CHEMBL235_EC50,117,,overall test rmse,0.653911
moleculeace,CheMeleon,CHEMBL235_EC50,117,,noncliff test rmse,0.563392
moleculeace,CheMeleon,CHEMBL235_EC50,117,,cliff test rmse,0.780767
moleculeace,CheMeleon,CHEMBL236_Ki,117,,overall test rmse,0.729822
moleculeace,CheMeleon,CHEMBL236_Ki,117,,noncliff test rmse,0.671572
moleculeace,CheMeleon,CHEMBL236_Ki,117,,cliff test rmse,0.81209
moleculeace,CheMeleon,CHEMBL237_EC50,117,,overall test rmse,0.754317
moleculeace,CheMeleon,CHEMBL237_EC50,117,,noncliff test rmse,0.674532
moleculeace,CheMeleon,CHEMBL237_EC50,117,,cliff test rmse,0.834731
moleculeace,CheMeleon,CHEMBL237_Ki,117,,overall test rmse,0.69408
moleculeace,CheMeleon,CHEMBL237_Ki,117,,noncliff test rmse,0.645769
moleculeace,CheMeleon,CHEMBL237_Ki,117,,cliff test rmse,0.754012
moleculeace,CheMeleon,CHEMBL238_Ki,117,,overall test rmse,0.636739
moleculeace,CheMeleon,CHEMBL238_Ki,117,,noncliff test rmse,0.60085
moleculeace,CheMeleon,CHEMBL238_Ki,117,,cliff test rmse,0.73009
moleculeace,CheMeleon,CHEMBL239_EC50,117,,overall test rmse,0.71427
moleculeace,CheMeleon,CHEMBL239_EC50,117,,noncliff test rmse,0.598253
moleculeace,CheMeleon,CHEMBL239_EC50,117,,cliff test rmse,0.855953
moleculeace,CheMeleon,CHEMBL244_Ki,117,,overall test rmse,0.671344
moleculeace,CheMeleon,CHEMBL244_Ki,117,,noncliff test rmse,0.617599
moleculeace,CheMeleon,CHEMBL244_Ki,117,,cliff test rmse,0.725785
moleculeace,CheMeleon,CHEMBL262_Ki,117,,overall test rmse,0.677106
moleculeace,CheMeleon,CHEMBL262_Ki,117,,noncliff test rmse,0.679866
moleculeace,CheMeleon,CHEMBL262_Ki,117,,cliff test rmse,0.664809
moleculeace,CheMeleon,CHEMBL264_Ki,117,,overall test rmse,0.6084
moleculeace,CheMeleon,CHEMBL264_Ki,117,,noncliff test rmse,0.573804
moleculeace,CheMeleon,CHEMBL264_Ki,117,,cliff test rmse,0.65382
moleculeace,CheMeleon,CHEMBL2835_Ki,117,,overall test rmse,0.434882
moleculeace,CheMeleon,CHEMBL2835_Ki,117,,noncliff test rmse,0.342347
moleculeace,CheMeleon,CHEMBL2835_Ki,117,,cliff test rmse,0.902376
moleculeace,CheMeleon,CHEMBL287_Ki,117,,overall test rmse,0.676528
moleculeace,CheMeleon,CHEMBL287_Ki,117,,noncliff test rmse,0.684702
moleculeace,CheMeleon,CHEMBL287_Ki,117,,cliff test rmse,0.663305
moleculeace,CheMeleon,CHEMBL2971_Ki,117,,overall test rmse,0.629736
moleculeace,CheMeleon,CHEMBL2971_Ki,117,,noncliff test rmse,0.599055
moleculeace,CheMeleon,CHEMBL2971_Ki,117,,cliff test rmse,0.75981
moleculeace,CheMeleon,CHEMBL3979_EC50,117,,overall test rmse,0.593787
moleculeace,CheMeleon,CHEMBL3979_EC50,117,,noncliff test rmse,0.559013
moleculeace,CheMeleon,CHEMBL3979_EC50,117,,cliff test rmse,0.639434
moleculeace,CheMeleon,CHEMBL4005_Ki,117,,overall test rmse,0.66405
moleculeace,CheMeleon,CHEMBL4005_Ki,117,,noncliff test rmse,0.570337
moleculeace,CheMeleon,CHEMBL4005_Ki,117,,cliff test rmse,0.775185
moleculeace,CheMeleon,CHEMBL4203_Ki,117,,overall test rmse,0.849354
moleculeace,CheMeleon,CHEMBL4203_Ki,117,,noncliff test rmse,0.804675
moleculeace,CheMeleon,CHEMBL4203_Ki,117,,cliff test rmse,1.2225
moleculeace,CheMeleon,CHEMBL4616_EC50,117,,overall test rmse,0.669685
moleculeace,CheMeleon,CHEMBL4616_EC50,117,,noncliff test rmse,0.589332
moleculeace,CheMeleon,CHEMBL4616_EC50,117,,cliff test rmse,0.734808
moleculeace,CheMeleon,CHEMBL4792_Ki,117,,overall test rmse,0.568125
moleculeace,CheMeleon,CHEMBL4792_Ki,117,,noncliff test rmse,0.505382
moleculeace,CheMeleon,CHEMBL4792_Ki,117,,cliff test rmse,0.616798
moleculeace,CheMeleon,CHEMBL1862_Ki,709,,overall test rmse,0.76713
moleculeace,CheMeleon,CHEMBL1862_Ki,709,,noncliff test rmse,0.755656
moleculeace,CheMeleon,CHEMBL1862_Ki,709,,cliff test rmse,0.782945
moleculeace,CheMeleon,CHEMBL1871_Ki,709,,overall test rmse,0.598294
moleculeace,CheMeleon,CHEMBL1871_Ki,709,,noncliff test rmse,0.528152
moleculeace,CheMeleon,CHEMBL1871_Ki,709,,cliff test rmse,0.7809
moleculeace,CheMeleon,CHEMBL2034_Ki,709,,overall test rmse,0.77245
moleculeace,CheMeleon,CHEMBL2034_Ki,709,,noncliff test rmse,0.684545
moleculeace,CheMeleon,CHEMBL2034_Ki,709,,cliff test rmse,0.91814
moleculeace,CheMeleon,CHEMBL2047_EC50,709,,overall test rmse,0.616036
moleculeace,CheMeleon,CHEMBL2047_EC50,709,,noncliff test rmse,0.583754
moleculeace,CheMeleon,CHEMBL2047_EC50,709,,cliff test rmse,0.663265
moleculeace,CheMeleon,CHEMBL204_Ki,709,,overall test rmse,0.699105
moleculeace,CheMeleon,CHEMBL204_Ki,709,,noncliff test rmse,0.569656
moleculeace,CheMeleon,CHEMBL204_Ki,709,,cliff test rmse,0.858689
moleculeace,CheMeleon,CHEMBL2147_Ki,709,,overall test rmse,0.576896
moleculeace,CheMeleon,CHEMBL2147_Ki,709,,noncliff test rmse,0.553335
moleculeace,CheMeleon,CHEMBL2147_Ki,709,,cliff test rmse,0.611286
moleculeace,CheMeleon,CHEMBL214_Ki,709,,overall test rmse,0.609433
moleculeace,CheMeleon,CHEMBL214_Ki,709,,noncliff test rmse,0.544485
moleculeace,CheMeleon,CHEMBL214_Ki,709,,cliff test rmse,0.707241
moleculeace,CheMeleon,CHEMBL218_EC50,709,,overall test rmse,0.669413
moleculeace,CheMeleon,CHEMBL218_EC50,709,,noncliff test rmse,0.636362
moleculeace,CheMeleon,CHEMBL218_EC50,709,,cliff test rmse,0.723235
moleculeace,CheMeleon,CHEMBL219_Ki,709,,overall test rmse,0.716943
moleculeace,CheMeleon,CHEMBL219_Ki,709,,noncliff test rmse,0.657899
moleculeace,CheMeleon,CHEMBL219_Ki,709,,cliff test rmse,0.798729
moleculeace,CheMeleon,CHEMBL228_Ki,709,,overall test rmse,0.656819
moleculeace,CheMeleon,CHEMBL228_Ki,709,,noncliff test rmse,0.626128
moleculeace,CheMeleon,CHEMBL228_Ki,709,,cliff test rmse,0.70574
moleculeace,CheMeleon,CHEMBL231_Ki,709,,overall test rmse,0.668927
moleculeace,CheMeleon,CHEMBL231_Ki,709,,noncliff test rmse,0.587847
moleculeace,CheMeleon,CHEMBL231_Ki,709,,cliff test rmse,0.873943
moleculeace,CheMeleon,CHEMBL233_Ki,709,,overall test rmse,0.770875
moleculeace,CheMeleon,CHEMBL233_Ki,709,,noncliff test rmse,0.716721
moleculeace,CheMeleon,CHEMBL233_Ki,709,,cliff test rmse,0.842403
moleculeace,CheMeleon,CHEMBL234_Ki,709,,overall test rmse,0.627607
moleculeace,CheMeleon,CHEMBL234_Ki,709,,noncliff test rmse,0.627556
moleculeace,CheMeleon,CHEMBL234_Ki,709,,cliff test rmse,0.627674
moleculeace,CheMeleon,CHEMBL235_EC50,709,,overall test rmse,0.639701
moleculeace,CheMeleon,CHEMBL235_EC50,709,,noncliff test rmse,0.550232
moleculeace,CheMeleon,CHEMBL235_EC50,709,,cliff test rmse,0.764891
moleculeace,CheMeleon,CHEMBL236_Ki,709,,overall test rmse,0.73987
moleculeace,CheMeleon,CHEMBL236_Ki,709,,noncliff test rmse,0.67478
moleculeace,CheMeleon,CHEMBL236_Ki,709,,cliff test rmse,0.830958
moleculeace,CheMeleon,CHEMBL237_EC50,709,,overall test rmse,0.732205
moleculeace,CheMeleon,CHEMBL237_EC50,709,,noncliff test rmse,0.652187
moleculeace,CheMeleon,CHEMBL237_EC50,709,,cliff test rmse,0.812582
moleculeace,CheMeleon,CHEMBL237_Ki,709,,overall test rmse,0.715375
moleculeace,CheMeleon,CHEMBL237_Ki,709,,noncliff test rmse,0.673196
moleculeace,CheMeleon,CHEMBL237_Ki,709,,cliff test rmse,0.768303
moleculeace,CheMeleon,CHEMBL238_Ki,709,,overall test rmse,0.649913
moleculeace,CheMeleon,CHEMBL238_Ki,709,,noncliff test rmse,0.626444
moleculeace,CheMeleon,CHEMBL238_Ki,709,,cliff test rmse,0.713048
moleculeace,CheMeleon,CHEMBL239_EC50,709,,overall test rmse,0.702204
moleculeace,CheMeleon,CHEMBL239_EC50,709,,noncliff test rmse,0.576135
moleculeace,CheMeleon,CHEMBL239_EC50,709,,cliff test rmse,0.853547
moleculeace,CheMeleon,CHEMBL244_Ki,709,,overall test rmse,0.707239
moleculeace,CheMeleon,CHEMBL244_Ki,709,,noncliff test rmse,0.642878
moleculeace,CheMeleon,CHEMBL244_Ki,709,,cliff test rmse,0.771749
moleculeace,CheMeleon,CHEMBL262_Ki,709,,overall test rmse,0.679417
moleculeace,CheMeleon,CHEMBL262_Ki,709,,noncliff test rmse,0.685775
moleculeace,CheMeleon,CHEMBL262_Ki,709,,cliff test rmse,0.650662
moleculeace,CheMeleon,CHEMBL264_Ki,709,,overall test rmse,0.595392
moleculeace,CheMeleon,CHEMBL264_Ki,709,,noncliff test rmse,0.557355
moleculeace,CheMeleon,CHEMBL264_Ki,709,,cliff test rmse,0.644943
moleculeace,CheMeleon,CHEMBL2835_Ki,709,,overall test rmse,0.416265
moleculeace,CheMeleon,CHEMBL2835_Ki,709,,noncliff test rmse,0.365665
moleculeace,CheMeleon,CHEMBL2835_Ki,709,,cliff test rmse,0.719162
moleculeace,CheMeleon,CHEMBL287_Ki,709,,overall test rmse,0.635167
moleculeace,CheMeleon,CHEMBL287_Ki,709,,noncliff test rmse,0.635133
moleculeace,CheMeleon,CHEMBL287_Ki,709,,cliff test rmse,0.635222
moleculeace,CheMeleon,CHEMBL2971_Ki,709,,overall test rmse,0.620242
moleculeace,CheMeleon,CHEMBL2971_Ki,709,,noncliff test rmse,0.597892
moleculeace,CheMeleon,CHEMBL2971_Ki,709,,cliff test rmse,0.717787
moleculeace,CheMeleon,CHEMBL3979_EC50,709,,overall test rmse,0.613138
moleculeace,CheMeleon,CHEMBL3979_EC50,709,,noncliff test rmse,0.565285
moleculeace,CheMeleon,CHEMBL3979_EC50,709,,cliff test rmse,0.674631
moleculeace,CheMeleon,CHEMBL4005_Ki,709,,overall test rmse,0.69012
moleculeace,CheMeleon,CHEMBL4005_Ki,709,,noncliff test rmse,0.598555
moleculeace,CheMeleon,CHEMBL4005_Ki,709,,cliff test rmse,0.799638
moleculeace,CheMeleon,CHEMBL4203_Ki,709,,overall test rmse,0.853792
moleculeace,CheMeleon,CHEMBL4203_Ki,709,,noncliff test rmse,0.824272
moleculeace,CheMeleon,CHEMBL4203_Ki,709,,cliff test rmse,1.11678
moleculeace,CheMeleon,CHEMBL4616_EC50,709,,overall test rmse,0.697858
moleculeace,CheMeleon,CHEMBL4616_EC50,709,,noncliff test rmse,0.651915
moleculeace,CheMeleon,CHEMBL4616_EC50,709,,cliff test rmse,0.736934
moleculeace,CheMeleon,CHEMBL4792_Ki,709,,overall test rmse,0.573006
moleculeace,CheMeleon,CHEMBL4792_Ki,709,,noncliff test rmse,0.551752
moleculeace,CheMeleon,CHEMBL4792_Ki,709,,cliff test rmse,0.590596
moleculeace,CheMeleon,CHEMBL1862_Ki,1701,,overall test rmse,0.709558
moleculeace,CheMeleon,CHEMBL1862_Ki,1701,,noncliff test rmse,0.721632
moleculeace,CheMeleon,CHEMBL1862_Ki,1701,,cliff test rmse,0.692265
moleculeace,CheMeleon,CHEMBL1871_Ki,1701,,overall test rmse,0.704218
moleculeace,CheMeleon,CHEMBL1871_Ki,1701,,noncliff test rmse,0.589538
moleculeace,CheMeleon,CHEMBL1871_Ki,1701,,cliff test rmse,0.984301
moleculeace,CheMeleon,CHEMBL2034_Ki,1701,,overall test rmse,0.637664
moleculeace,CheMeleon,CHEMBL2034_Ki,1701,,noncliff test rmse,0.588552
moleculeace,CheMeleon,CHEMBL2034_Ki,1701,,cliff test rmse,0.722791
moleculeace,CheMeleon,CHEMBL2047_EC50,1701,,overall test rmse,0.618533
moleculeace,CheMeleon,CHEMBL2047_EC50,1701,,noncliff test rmse,0.60344
moleculeace,CheMeleon,CHEMBL2047_EC50,1701,,cliff test rmse,0.641369
moleculeace,CheMeleon,CHEMBL204_Ki,1701,,overall test rmse,0.687941
moleculeace,CheMeleon,CHEMBL204_Ki,1701,,noncliff test rmse,0.581693
moleculeace,CheMeleon,CHEMBL204_Ki,1701,,cliff test rmse,0.823072
moleculeace,CheMeleon,CHEMBL2147_Ki,1701,,overall test rmse,0.56669
moleculeace,CheMeleon,CHEMBL2147_Ki,1701,,noncliff test rmse,0.531848
moleculeace,CheMeleon,CHEMBL2147_Ki,1701,,cliff test rmse,0.616335
moleculeace,CheMeleon,CHEMBL214_Ki,1701,,overall test rmse,0.641724
moleculeace,CheMeleon,CHEMBL214_Ki,1701,,noncliff test rmse,0.573553
moleculeace,CheMeleon,CHEMBL214_Ki,1701,,cliff test rmse,0.744426
moleculeace,CheMeleon,CHEMBL218_EC50,1701,,overall test rmse,0.693425
moleculeace,CheMeleon,CHEMBL218_EC50,1701,,noncliff test rmse,0.666793
moleculeace,CheMeleon,CHEMBL218_EC50,1701,,cliff test rmse,0.737398
moleculeace,CheMeleon,CHEMBL219_Ki,1701,,overall test rmse,0.680843
moleculeace,CheMeleon,CHEMBL219_Ki,1701,,noncliff test rmse,0.663707
moleculeace,CheMeleon,CHEMBL219_Ki,1701,,cliff test rmse,0.706208
moleculeace,CheMeleon,CHEMBL228_Ki,1701,,overall test rmse,0.653799
moleculeace,CheMeleon,CHEMBL228_Ki,1701,,noncliff test rmse,0.623457
moleculeace,CheMeleon,CHEMBL228_Ki,1701,,cliff test rmse,0.702184
moleculeace,CheMeleon,CHEMBL231_Ki,1701,,overall test rmse,0.644227
moleculeace,CheMeleon,CHEMBL231_Ki,1701,,noncliff test rmse,0.583372
moleculeace,CheMeleon,CHEMBL231_Ki,1701,,cliff test rmse,0.804316
moleculeace,CheMeleon,CHEMBL233_Ki,1701,,overall test rmse,0.755723
moleculeace,CheMeleon,CHEMBL233_Ki,1701,,noncliff test rmse,0.69464
moleculeace,CheMeleon,CHEMBL233_Ki,1701,,cliff test rmse,0.835475
moleculeace,CheMeleon,CHEMBL234_Ki,1701,,overall test rmse,0.631856
moleculeace,CheMeleon,CHEMBL234_Ki,1701,,noncliff test rmse,0.633802
moleculeace,CheMeleon,CHEMBL234_Ki,1701,,cliff test rmse,0.629335
moleculeace,CheMeleon,CHEMBL235_EC50,1701,,overall test rmse,0.66484
moleculeace,CheMeleon,CHEMBL235_EC50,1701,,noncliff test rmse,0.574988
moleculeace,CheMeleon,CHEMBL235_EC50,1701,,cliff test rmse,0.791209
moleculeace,CheMeleon,CHEMBL236_Ki,1701,,overall test rmse,0.702031
moleculeace,CheMeleon,CHEMBL236_Ki,1701,,noncliff test rmse,0.647723
moleculeace,CheMeleon,CHEMBL236_Ki,1701,,cliff test rmse,0.778945
moleculeace,CheMeleon,CHEMBL237_EC50,1701,,overall test rmse,0.733214
moleculeace,CheMeleon,CHEMBL237_EC50,1701,,noncliff test rmse,0.610651
moleculeace,CheMeleon,CHEMBL237_EC50,1701,,cliff test rmse,0.849835
moleculeace,CheMeleon,CHEMBL237_Ki,1701,,overall test rmse,0.711466
moleculeace,CheMeleon,CHEMBL237_Ki,1701,,noncliff test rmse,0.663378
moleculeace,CheMeleon,CHEMBL237_Ki,1701,,cliff test rmse,0.771252
moleculeace,CheMeleon,CHEMBL238_Ki,1701,,overall test rmse,0.619609
moleculeace,CheMeleon,CHEMBL238_Ki,1701,,noncliff test rmse,0.583303
moleculeace,CheMeleon,CHEMBL238_Ki,1701,,cliff test rmse,0.713706
moleculeace,CheMeleon,CHEMBL239_EC50,1701,,overall test rmse,0.725179
moleculeace,CheMeleon,CHEMBL239_EC50,1701,,noncliff test rmse,0.593271
moleculeace,CheMeleon,CHEMBL239_EC50,1701,,cliff test rmse,0.88316
moleculeace,CheMeleon,CHEMBL244_Ki,1701,,overall test rmse,0.672199
moleculeace,CheMeleon,CHEMBL244_Ki,1701,,noncliff test rmse,0.592351
moleculeace,CheMeleon,CHEMBL244_Ki,1701,,cliff test rmse,0.750143
moleculeace,CheMeleon,CHEMBL262_Ki,1701,,overall test rmse,0.690434
moleculeace,CheMeleon,CHEMBL262_Ki,1701,,noncliff test rmse,0.702341
moleculeace,CheMeleon,CHEMBL262_Ki,1701,,cliff test rmse,0.635317
moleculeace,CheMeleon,CHEMBL264_Ki,1701,,overall test rmse,0.574076
moleculeace,CheMeleon,CHEMBL264_Ki,1701,,noncliff test rmse,0.543355
moleculeace,CheMeleon,CHEMBL264_Ki,1701,,cliff test rmse,0.614557
moleculeace,CheMeleon,CHEMBL2835_Ki,1701,,overall test rmse,0.431463
moleculeace,CheMeleon,CHEMBL2835_Ki,1701,,noncliff test rmse,0.363257
moleculeace,CheMeleon,CHEMBL2835_Ki,1701,,cliff test rmse,0.810758
moleculeace,CheMeleon,CHEMBL287_Ki,1701,,overall test rmse,0.665177
moleculeace,CheMeleon,CHEMBL287_Ki,1701,,noncliff test rmse,0.647064
moleculeace,CheMeleon,CHEMBL287_Ki,1701,,cliff test rmse,0.693042
moleculeace,CheMeleon,CHEMBL2971_Ki,1701,,overall test rmse,0.601579
moleculeace,CheMeleon,CHEMBL2971_Ki,1701,,noncliff test rmse,0.556556
moleculeace,CheMeleon,CHEMBL2971_Ki,1701,,cliff test rmse,0.782224
moleculeace,CheMeleon,CHEMBL3979_EC50,1701,,overall test rmse,0.635258
moleculeace,CheMeleon,CHEMBL3979_EC50,1701,,noncliff test rmse,0.598628
moleculeace,CheMeleon,CHEMBL3979_EC50,1701,,cliff test rmse,0.683389
moleculeace,CheMeleon,CHEMBL4005_Ki,1701,,overall test rmse,0.704768
moleculeace,CheMeleon,CHEMBL4005_Ki,1701,,noncliff test rmse,0.602598
moleculeace,CheMeleon,CHEMBL4005_Ki,1701,,cliff test rmse,0.825464
moleculeace,CheMeleon,CHEMBL4203_Ki,1701,,overall test rmse,0.848025
moleculeace,CheMeleon,CHEMBL4203_Ki,1701,,noncliff test rmse,0.79742
moleculeace,CheMeleon,CHEMBL4203_Ki,1701,,cliff test rmse,1.26105
moleculeace,CheMeleon,CHEMBL4616_EC50,1701,,overall test rmse,0.784088
moleculeace,CheMeleon,CHEMBL4616_EC50,1701,,noncliff test rmse,0.712699
moleculeace,CheMeleon,CHEMBL4616_EC50,1701,,cliff test rmse,0.843447
moleculeace,CheMeleon,CHEMBL4792_Ki,1701,,overall test rmse,0.589955
moleculeace,CheMeleon,CHEMBL4792_Ki,1701,,noncliff test rmse,0.534548
moleculeace,CheMeleon,CHEMBL4792_Ki,1701,,cliff test rmse,0.633559
moleculeace,CheMeleon,CHEMBL1862_Ki,9001,,overall test rmse,0.778279
moleculeace,CheMeleon,CHEMBL1862_Ki,9001,,noncliff test rmse,0.741465
moleculeace,CheMeleon,CHEMBL1862_Ki,9001,,cliff test rmse,0.827172
moleculeace,CheMeleon,CHEMBL1871_Ki,9001,,overall test rmse,0.677005
moleculeace,CheMeleon,CHEMBL1871_Ki,9001,,noncliff test rmse,0.581376
moleculeace,CheMeleon,CHEMBL1871_Ki,9001,,cliff test rmse,0.917559
moleculeace,CheMeleon,CHEMBL2034_Ki,9001,,overall test rmse,0.682849
moleculeace,CheMeleon,CHEMBL2034_Ki,9001,,noncliff test rmse,0.613179
moleculeace,CheMeleon,CHEMBL2034_Ki,9001,,cliff test rmse,0.799954
moleculeace,CheMeleon,CHEMBL2047_EC50,9001,,overall test rmse,0.612683
moleculeace,CheMeleon,CHEMBL2047_EC50,9001,,noncliff test rmse,0.553023
moleculeace,CheMeleon,CHEMBL2047_EC50,9001,,cliff test rmse,0.695608
moleculeace,CheMeleon,CHEMBL204_Ki,9001,,overall test rmse,0.69521
moleculeace,CheMeleon,CHEMBL204_Ki,9001,,noncliff test rmse,0.602986
moleculeace,CheMeleon,CHEMBL204_Ki,9001,,cliff test rmse,0.815192
moleculeace,CheMeleon,CHEMBL2147_Ki,9001,,overall test rmse,0.566766
moleculeace,CheMeleon,CHEMBL2147_Ki,9001,,noncliff test rmse,0.53745
moleculeace,CheMeleon,CHEMBL2147_Ki,9001,,cliff test rmse,0.609012
moleculeace,CheMeleon,CHEMBL214_Ki,9001,,overall test rmse,0.651908
moleculeace,CheMeleon,CHEMBL214_Ki,9001,,noncliff test rmse,0.573642
moleculeace,CheMeleon,CHEMBL214_Ki,9001,,cliff test rmse,0.76799
moleculeace,CheMeleon,CHEMBL218_EC50,9001,,overall test rmse,0.687056
moleculeace,CheMeleon,CHEMBL218_EC50,9001,,noncliff test rmse,0.645071
moleculeace,CheMeleon,CHEMBL218_EC50,9001,,cliff test rmse,0.754444
moleculeace,CheMeleon,CHEMBL219_Ki,9001,,overall test rmse,0.654385
moleculeace,CheMeleon,CHEMBL219_Ki,9001,,noncliff test rmse,0.643367
moleculeace,CheMeleon,CHEMBL219_Ki,9001,,cliff test rmse,0.670862
moleculeace,CheMeleon,CHEMBL228_Ki,9001,,overall test rmse,0.661583
moleculeace,CheMeleon,CHEMBL228_Ki,9001,,noncliff test rmse,0.621975
moleculeace,CheMeleon,CHEMBL228_Ki,9001,,cliff test rmse,0.723711
moleculeace,CheMeleon,CHEMBL231_Ki,9001,,overall test rmse,0.653843
moleculeace,CheMeleon,CHEMBL231_Ki,9001,,noncliff test rmse,0.593009
moleculeace,CheMeleon,CHEMBL231_Ki,9001,,cliff test rmse,0.814226
moleculeace,CheMeleon,CHEMBL233_Ki,9001,,overall test rmse,0.765569
moleculeace,CheMeleon,CHEMBL233_Ki,9001,,noncliff test rmse,0.718653
moleculeace,CheMeleon,CHEMBL233_Ki,9001,,cliff test rmse,0.828156
moleculeace,CheMeleon,CHEMBL234_Ki,9001,,overall test rmse,0.612971
moleculeace,CheMeleon,CHEMBL234_Ki,9001,,noncliff test rmse,0.594051
moleculeace,CheMeleon,CHEMBL234_Ki,9001,,cliff test rmse,0.636559
moleculeace,CheMeleon,CHEMBL235_EC50,9001,,overall test rmse,0.684463
moleculeace,CheMeleon,CHEMBL235_EC50,9001,,noncliff test rmse,0.602613
moleculeace,CheMeleon,CHEMBL235_EC50,9001,,cliff test rmse,0.801554
moleculeace,CheMeleon,CHEMBL236_Ki,9001,,overall test rmse,0.719912
moleculeace,CheMeleon,CHEMBL236_Ki,9001,,noncliff test rmse,0.678878
moleculeace,CheMeleon,CHEMBL236_Ki,9001,,cliff test rmse,0.7794
moleculeace,CheMeleon,CHEMBL237_EC50,9001,,overall test rmse,0.744694
moleculeace,CheMeleon,CHEMBL237_EC50,9001,,noncliff test rmse,0.628339
moleculeace,CheMeleon,CHEMBL237_EC50,9001,,cliff test rmse,0.856528
moleculeace,CheMeleon,CHEMBL237_Ki,9001,,overall test rmse,0.681813
moleculeace,CheMeleon,CHEMBL237_Ki,9001,,noncliff test rmse,0.623723
moleculeace,CheMeleon,CHEMBL237_Ki,9001,,cliff test rmse,0.752698
moleculeace,CheMeleon,CHEMBL238_Ki,9001,,overall test rmse,0.60506
moleculeace,CheMeleon,CHEMBL238_Ki,9001,,noncliff test rmse,0.564251
moleculeace,CheMeleon,CHEMBL238_Ki,9001,,cliff test rmse,0.70935
moleculeace,CheMeleon,CHEMBL239_EC50,9001,,overall test rmse,0.689252
moleculeace,CheMeleon,CHEMBL239_EC50,9001,,noncliff test rmse,0.574938
moleculeace,CheMeleon,CHEMBL239_EC50,9001,,cliff test rmse,0.828373
moleculeace,CheMeleon,CHEMBL244_Ki,9001,,overall test rmse,0.692171
moleculeace,CheMeleon,CHEMBL244_Ki,9001,,noncliff test rmse,0.601179
moleculeace,CheMeleon,CHEMBL244_Ki,9001,,cliff test rmse,0.779945
moleculeace,CheMeleon,CHEMBL262_Ki,9001,,overall test rmse,0.676239
moleculeace,CheMeleon,CHEMBL262_Ki,9001,,noncliff test rmse,0.69211
moleculeace,CheMeleon,CHEMBL262_Ki,9001,,cliff test rmse,0.601336
moleculeace,CheMeleon,CHEMBL264_Ki,9001,,overall test rmse,0.590104
moleculeace,CheMeleon,CHEMBL264_Ki,9001,,noncliff test rmse,0.551038
moleculeace,CheMeleon,CHEMBL264_Ki,9001,,cliff test rmse,0.640866
moleculeace,CheMeleon,CHEMBL2835_Ki,9001,,overall test rmse,0.444738
moleculeace,CheMeleon,CHEMBL2835_Ki,9001,,noncliff test rmse,0.35423
moleculeace,CheMeleon,CHEMBL2835_Ki,9001,,cliff test rmse,0.909043
moleculeace,CheMeleon,CHEMBL287_Ki,9001,,overall test rmse,0.676831
moleculeace,CheMeleon,CHEMBL287_Ki,9001,,noncliff test rmse,0.675316
moleculeace,CheMeleon,CHEMBL287_Ki,9001,,cliff test rmse,0.679236
moleculeace,CheMeleon,CHEMBL2971_Ki,9001,,overall test rmse,0.633734
moleculeace,CheMeleon,CHEMBL2971_Ki,9001,,noncliff test rmse,0.581012
moleculeace,CheMeleon,CHEMBL2971_Ki,9001,,cliff test rmse,0.841814
moleculeace,CheMeleon,CHEMBL3979_EC50,9001,,overall test rmse,0.606836
moleculeace,CheMeleon,CHEMBL3979_EC50,9001,,noncliff test rmse,0.556314
moleculeace,CheMeleon,CHEMBL3979_EC50,9001,,cliff test rmse,0.671394
moleculeace,CheMeleon,CHEMBL4005_Ki,9001,,overall test rmse,0.670909
moleculeace,CheMeleon,CHEMBL4005_Ki,9001,,noncliff test rmse,0.547781
moleculeace,CheMeleon,CHEMBL4005_Ki,9001,,cliff test rmse,0.810928
moleculeace,CheMeleon,CHEMBL4203_Ki,9001,,overall test rmse,0.887189
moleculeace,CheMeleon,CHEMBL4203_Ki,9001,,noncliff test rmse,0.843179
moleculeace,CheMeleon,CHEMBL4203_Ki,9001,,cliff test rmse,1.25849
moleculeace,CheMeleon,CHEMBL4616_EC50,9001,,overall test rmse,0.777018
moleculeace,CheMeleon,CHEMBL4616_EC50,9001,,noncliff test rmse,0.726404
moleculeace,CheMeleon,CHEMBL4616_EC50,9001,,cliff test rmse,0.820094
moleculeace,CheMeleon,CHEMBL4792_Ki,9001,,overall test rmse,0.562688
moleculeace,CheMeleon,CHEMBL4792_Ki,9001,,noncliff test rmse,0.517053
moleculeace,CheMeleon,CHEMBL4792_Ki,9001,,cliff test rmse,0.599006
moleculeace,Chemprop,CHEMBL1862_Ki,42,,overall test rmse,0.903044
moleculeace,Chemprop,CHEMBL1862_Ki,42,,noncliff test rmse,0.961953
moleculeace,Chemprop,CHEMBL1862_Ki,42,,cliff test rmse,0.813235
moleculeace,Chemprop,CHEMBL1871_Ki,42,,overall test rmse,0.782066
moleculeace,Chemprop,CHEMBL1871_Ki,42,,noncliff test rmse,0.667196
moleculeace,Chemprop,CHEMBL1871_Ki,42,,cliff test rmse,1.06877
moleculeace,Chemprop,CHEMBL2034_Ki,42,,overall test rmse,0.967322
moleculeace,Chemprop,CHEMBL2034_Ki,42,,noncliff test rmse,1.00203
moleculeace,Chemprop,CHEMBL2034_Ki,42,,cliff test rmse,0.896805
moleculeace,Chemprop,CHEMBL2047_EC50,42,,overall test rmse,0.732266
moleculeace,Chemprop,CHEMBL2047_EC50,42,,noncliff test rmse,0.718384
moleculeace,Chemprop,CHEMBL2047_EC50,42,,cliff test rmse,0.753412
moleculeace,Chemprop,CHEMBL204_Ki,42,,overall test rmse,0.928071
moleculeace,Chemprop,CHEMBL204_Ki,42,,noncliff test rmse,0.836549
moleculeace,Chemprop,CHEMBL204_Ki,42,,cliff test rmse,1.05156
moleculeace,Chemprop,CHEMBL2147_Ki,42,,overall test rmse,0.859717
moleculeace,Chemprop,CHEMBL2147_Ki,42,,noncliff test rmse,0.844959
moleculeace,Chemprop,CHEMBL2147_Ki,42,,cliff test rmse,0.881882
moleculeace,Chemprop,CHEMBL214_Ki,42,,overall test rmse,0.696856
moleculeace,Chemprop,CHEMBL214_Ki,42,,noncliff test rmse,0.636959
moleculeace,Chemprop,CHEMBL214_Ki,42,,cliff test rmse,0.789236
moleculeace,Chemprop,CHEMBL218_EC50,42,,overall test rmse,0.886887
moleculeace,Chemprop,CHEMBL218_EC50,42,,noncliff test rmse,0.848924
moleculeace,Chemprop,CHEMBL218_EC50,42,,cliff test rmse,0.949221
moleculeace,Chemprop,CHEMBL219_Ki,42,,overall test rmse,0.818482
moleculeace,Chemprop,CHEMBL219_Ki,42,,noncliff test rmse,0.79226
moleculeace,Chemprop,CHEMBL219_Ki,42,,cliff test rmse,0.856976
moleculeace,Chemprop,CHEMBL228_Ki,42,,overall test rmse,0.794179
moleculeace,Chemprop,CHEMBL228_Ki,42,,noncliff test rmse,0.773104
moleculeace,Chemprop,CHEMBL228_Ki,42,,cliff test rmse,0.828635
moleculeace,Chemprop,CHEMBL231_Ki,42,,overall test rmse,0.838724
moleculeace,Chemprop,CHEMBL231_Ki,42,,noncliff test rmse,0.850743
moleculeace,Chemprop,CHEMBL231_Ki,42,,cliff test rmse,0.800268
moleculeace,Chemprop,CHEMBL233_Ki,42,,overall test rmse,0.960307
moleculeace,Chemprop,CHEMBL233_Ki,42,,noncliff test rmse,0.932346
moleculeace,Chemprop,CHEMBL233_Ki,42,,cliff test rmse,0.998997
moleculeace,Chemprop,CHEMBL234_Ki,42,,overall test rmse,0.742635
moleculeace,Chemprop,CHEMBL234_Ki,42,,noncliff test rmse,0.773408
moleculeace,Chemprop,CHEMBL234_Ki,42,,cliff test rmse,0.700925
moleculeace,Chemprop,CHEMBL235_EC50,42,,overall test rmse,0.745392
moleculeace,Chemprop,CHEMBL235_EC50,42,,noncliff test rmse,0.678818
moleculeace,Chemprop,CHEMBL235_EC50,42,,cliff test rmse,0.843927
moleculeace,Chemprop,CHEMBL236_Ki,42,,overall test rmse,0.872935
moleculeace,Chemprop,CHEMBL236_Ki,42,,noncliff test rmse,0.824803
moleculeace,Chemprop,CHEMBL236_Ki,42,,cliff test rmse,0.942866
moleculeace,Chemprop,CHEMBL237_EC50,42,,overall test rmse,0.957714
moleculeace,Chemprop,CHEMBL237_EC50,42,,noncliff test rmse,0.957214
moleculeace,Chemprop,CHEMBL237_EC50,42,,cliff test rmse,0.958274
moleculeace,Chemprop,CHEMBL237_Ki,42,,overall test rmse,0.792665
moleculeace,Chemprop,CHEMBL237_Ki,42,,noncliff test rmse,0.750545
moleculeace,Chemprop,CHEMBL237_Ki,42,,cliff test rmse,0.845854
moleculeace,Chemprop,CHEMBL238_Ki,42,,overall test rmse,0.889551
moleculeace,Chemprop,CHEMBL238_Ki,42,,noncliff test rmse,0.898067
moleculeace,Chemprop,CHEMBL238_Ki,42,,cliff test rmse,0.86462
moleculeace,Chemprop,CHEMBL239_EC50,42,,overall test rmse,0.836144
moleculeace,Chemprop,CHEMBL239_EC50,42,,noncliff test rmse,0.693881
moleculeace,Chemprop,CHEMBL239_EC50,42,,cliff test rmse,1.00854
moleculeace,Chemprop,CHEMBL244_Ki,42,,overall test rmse,0.831642
moleculeace,Chemprop,CHEMBL244_Ki,42,,noncliff test rmse,0.787705
moleculeace,Chemprop,CHEMBL244_Ki,42,,cliff test rmse,0.877353
moleculeace,Chemprop,CHEMBL262_Ki,42,,overall test rmse,0.927242
moleculeace,Chemprop,CHEMBL262_Ki,42,,noncliff test rmse,0.922108
moleculeace,Chemprop,CHEMBL262_Ki,42,,cliff test rmse,0.949535
moleculeace,Chemprop,CHEMBL264_Ki,42,,overall test rmse,0.74909
moleculeace,Chemprop,CHEMBL264_Ki,42,,noncliff test rmse,0.690601
moleculeace,Chemprop,CHEMBL264_Ki,42,,cliff test rmse,0.824114
moleculeace,Chemprop,CHEMBL2835_Ki,42,,overall test rmse,0.543221
moleculeace,Chemprop,CHEMBL2835_Ki,42,,noncliff test rmse,0.462763
moleculeace,Chemprop,CHEMBL2835_Ki,42,,cliff test rmse,0.999321
moleculeace,Chemprop,CHEMBL287_Ki,42,,overall test rmse,0.825221
moleculeace,Chemprop,CHEMBL287_Ki,42,,noncliff test rmse,0.796945
moleculeace,Chemprop,CHEMBL287_Ki,42,,cliff test rmse,0.868343
moleculeace,Chemprop,CHEMBL2971_Ki,42,,overall test rmse,0.749353
moleculeace,Chemprop,CHEMBL2971_Ki,42,,noncliff test rmse,0.726082
moleculeace,Chemprop,CHEMBL2971_Ki,42,,cliff test rmse,0.852133
moleculeace,Chemprop,CHEMBL3979_EC50,42,,overall test rmse,0.739691
moleculeace,Chemprop,CHEMBL3979_EC50,42,,noncliff test rmse,0.716889
moleculeace,Chemprop,CHEMBL3979_EC50,42,,cliff test rmse,0.770573
moleculeace,Chemprop,CHEMBL4005_Ki,42,,overall test rmse,0.830945
moleculeace,Chemprop,CHEMBL4005_Ki,42,,noncliff test rmse,0.805951
moleculeace,Chemprop,CHEMBL4005_Ki,42,,cliff test rmse,0.864315
moleculeace,Chemprop,CHEMBL4203_Ki,42,,overall test rmse,1.02221
moleculeace,Chemprop,CHEMBL4203_Ki,42,,noncliff test rmse,1.017
moleculeace,Chemprop,CHEMBL4203_Ki,42,,cliff test rmse,1.07517
moleculeace,Chemprop,CHEMBL4616_EC50,42,,overall test rmse,0.822258
moleculeace,Chemprop,CHEMBL4616_EC50,42,,noncliff test rmse,0.842299
moleculeace,Chemprop,CHEMBL4616_EC50,42,,cliff test rmse,0.803708
moleculeace,Chemprop,CHEMBL4792_Ki,42,,overall test rmse,0.834538
moleculeace,Chemprop,CHEMBL4792_Ki,42,,noncliff test rmse,0.848508
moleculeace,Chemprop,CHEMBL4792_Ki,42,,cliff test rmse,0.822387
moleculeace,Chemprop,CHEMBL1862_Ki,117,,overall test rmse,0.923682
moleculeace,Chemprop,CHEMBL1862_Ki,117,,noncliff test rmse,0.969501
moleculeace,Chemprop,CHEMBL1862_Ki,117,,cliff test rmse,0.855272
moleculeace,Chemprop,CHEMBL1871_Ki,117,,overall test rmse,0.806835
moleculeace,Chemprop,CHEMBL1871_Ki,117,,noncliff test rmse,0.695485
moleculeace,Chemprop,CHEMBL1871_Ki,117,,cliff test rmse,1.08821
moleculeace,Chemprop,CHEMBL2034_Ki,117,,overall test rmse,0.909987
moleculeace,Chemprop,CHEMBL2034_Ki,117,,noncliff test rmse,0.842838
moleculeace,Chemprop,CHEMBL2034_Ki,117,,cliff test rmse,1.02685
moleculeace,Chemprop,CHEMBL2047_EC50,117,,overall test rmse,0.700326
moleculeace,Chemprop,CHEMBL2047_EC50,117,,noncliff test rmse,0.702663
moleculeace,Chemprop,CHEMBL2047_EC50,117,,cliff test rmse,0.696666
moleculeace,Chemprop,CHEMBL204_Ki,117,,overall test rmse,0.955295
moleculeace,Chemprop,CHEMBL204_Ki,117,,noncliff test rmse,0.876291
moleculeace,Chemprop,CHEMBL204_Ki,117,,cliff test rmse,1.06378
moleculeace,Chemprop,CHEMBL2147_Ki,117,,overall test rmse,0.886123
moleculeace,Chemprop,CHEMBL2147_Ki,117,,noncliff test rmse,0.87463
moleculeace,Chemprop,CHEMBL2147_Ki,117,,cliff test rmse,0.903475
moleculeace,Chemprop,CHEMBL214_Ki,117,,overall test rmse,0.747519
moleculeace,Chemprop,CHEMBL214_Ki,117,,noncliff test rmse,0.703168
moleculeace,Chemprop,CHEMBL214_Ki,117,,cliff test rmse,0.818134
moleculeace,Chemprop,CHEMBL218_EC50,117,,overall test rmse,0.829957
moleculeace,Chemprop,CHEMBL218_EC50,117,,noncliff test rmse,0.811933
moleculeace,Chemprop,CHEMBL218_EC50,117,,cliff test rmse,0.860366
moleculeace,Chemprop,CHEMBL219_Ki,117,,overall test rmse,0.853168
moleculeace,Chemprop,CHEMBL219_Ki,117,,noncliff test rmse,0.833518
moleculeace,Chemprop,CHEMBL219_Ki,117,,cliff test rmse,0.882331
moleculeace,Chemprop,CHEMBL228_Ki,117,,overall test rmse,0.821287
moleculeace,Chemprop,CHEMBL228_Ki,117,,noncliff test rmse,0.764083
moleculeace,Chemprop,CHEMBL228_Ki,117,,cliff test rmse,0.909968
moleculeace,Chemprop,CHEMBL231_Ki,117,,overall test rmse,0.840989
moleculeace,Chemprop,CHEMBL231_Ki,117,,noncliff test rmse,0.833985
moleculeace,Chemprop,CHEMBL231_Ki,117,,cliff test rmse,0.862366
moleculeace,Chemprop,CHEMBL233_Ki,117,,overall test rmse,0.895203
moleculeace,Chemprop,CHEMBL233_Ki,117,,noncliff test rmse,0.841997
moleculeace,Chemprop,CHEMBL233_Ki,117,,cliff test rmse,0.966328
moleculeace,Chemprop,CHEMBL234_Ki,117,,overall test rmse,0.777298
moleculeace,Chemprop,CHEMBL234_Ki,117,,noncliff test rmse,0.817467
moleculeace,Chemprop,CHEMBL234_Ki,117,,cliff test rmse,0.72216
moleculeace,Chemprop,CHEMBL235_EC50,117,,overall test rmse,0.790879
moleculeace,Chemprop,CHEMBL235_EC50,117,,noncliff test rmse,0.728551
moleculeace,Chemprop,CHEMBL235_EC50,117,,cliff test rmse,0.884256
moleculeace,Chemprop,CHEMBL236_Ki,117,,overall test rmse,0.856109
moleculeace,Chemprop,CHEMBL236_Ki,117,,noncliff test rmse,0.81651
moleculeace,Chemprop,CHEMBL236_Ki,117,,cliff test rmse,0.914247
moleculeace,Chemprop,CHEMBL237_EC50,117,,overall test rmse,1.03089
moleculeace,Chemprop,CHEMBL237_EC50,117,,noncliff test rmse,1.05218
moleculeace,Chemprop,CHEMBL237_EC50,117,,cliff test rmse,1.0065
moleculeace,Chemprop,CHEMBL237_Ki,117,,overall test rmse,0.78166
moleculeace,Chemprop,CHEMBL237_Ki,117,,noncliff test rmse,0.725921
moleculeace,Chemprop,CHEMBL237_Ki,117,,cliff test rmse,0.850683
moleculeace,Chemprop,CHEMBL238_Ki,117,,overall test rmse,0.806825
moleculeace,Chemprop,CHEMBL238_Ki,117,,noncliff test rmse,0.806389
moleculeace,Chemprop,CHEMBL238_Ki,117,,cliff test rmse,0.808076
moleculeace,Chemprop,CHEMBL239_EC50,117,,overall test rmse,0.800686
moleculeace,Chemprop,CHEMBL239_EC50,117,,noncliff test rmse,0.665645
moleculeace,Chemprop,CHEMBL239_EC50,117,,cliff test rmse,0.96457
moleculeace,Chemprop,CHEMBL244_Ki,117,,overall test rmse,0.969082
moleculeace,Chemprop,CHEMBL244_Ki,117,,noncliff test rmse,0.913797
moleculeace,Chemprop,CHEMBL244_Ki,117,,cliff test rmse,1.02636
moleculeace,Chemprop,CHEMBL262_Ki,117,,overall test rmse,0.969279
moleculeace,Chemprop,CHEMBL262_Ki,117,,noncliff test rmse,0.977698
moleculeace,Chemprop,CHEMBL262_Ki,117,,cliff test rmse,0.931277
moleculeace,Chemprop,CHEMBL264_Ki,117,,overall test rmse,0.737384
moleculeace,Chemprop,CHEMBL264_Ki,117,,noncliff test rmse,0.679769
moleculeace,Chemprop,CHEMBL264_Ki,117,,cliff test rmse,0.811284
moleculeace,Chemprop,CHEMBL2835_Ki,117,,overall test rmse,0.514457
moleculeace,Chemprop,CHEMBL2835_Ki,117,,noncliff test rmse,0.4271
moleculeace,Chemprop,CHEMBL2835_Ki,117,,cliff test rmse,0.989758
moleculeace,Chemprop,CHEMBL287_Ki,117,,overall test rmse,0.858558
moleculeace,Chemprop,CHEMBL287_Ki,117,,noncliff test rmse,0.814816
moleculeace,Chemprop,CHEMBL287_Ki,117,,cliff test rmse,0.923941
moleculeace,Chemprop,CHEMBL2971_Ki,117,,overall test rmse,0.75435
moleculeace,Chemprop,CHEMBL2971_Ki,117,,noncliff test rmse,0.731522
moleculeace,Chemprop,CHEMBL2971_Ki,117,,cliff test rmse,0.855373
moleculeace,Chemprop,CHEMBL3979_EC50,117,,overall test rmse,0.733399
moleculeace,Chemprop,CHEMBL3979_EC50,117,,noncliff test rmse,0.714685
moleculeace,Chemprop,CHEMBL3979_EC50,117,,cliff test rmse,0.758899
moleculeace,Chemprop,CHEMBL4005_Ki,117,,overall test rmse,0.744188
moleculeace,Chemprop,CHEMBL4005_Ki,117,,noncliff test rmse,0.702555
moleculeace,Chemprop,CHEMBL4005_Ki,117,,cliff test rmse,0.798186
moleculeace,Chemprop,CHEMBL4203_Ki,117,,overall test rmse,0.971012
moleculeace,Chemprop,CHEMBL4203_Ki,117,,noncliff test rmse,0.953372
moleculeace,Chemprop,CHEMBL4203_Ki,117,,cliff test rmse,1.13929
moleculeace,Chemprop,CHEMBL4616_EC50,117,,overall test rmse,0.819644
moleculeace,Chemprop,CHEMBL4616_EC50,117,,noncliff test rmse,0.84746
moleculeace,Chemprop,CHEMBL4616_EC50,117,,cliff test rmse,0.793656
moleculeace,Chemprop,CHEMBL4792_Ki,117,,overall test rmse,0.833483
moleculeace,Chemprop,CHEMBL4792_Ki,117,,noncliff test rmse,0.841759
moleculeace,Chemprop,CHEMBL4792_Ki,117,,cliff test rmse,0.82633
moleculeace,Chemprop,CHEMBL1862_Ki,709,,overall test rmse,0.970804
moleculeace,Chemprop,CHEMBL1862_Ki,709,,noncliff test rmse,1.00073
moleculeace,Chemprop,CHEMBL1862_Ki,709,,cliff test rmse,0.927188
moleculeace,Chemprop,CHEMBL1871_Ki,709,,overall test rmse,0.749093
moleculeace,Chemprop,CHEMBL1871_Ki,709,,noncliff test rmse,0.635047
moleculeace,Chemprop,CHEMBL1871_Ki,709,,cliff test rmse,1.03165
moleculeace,Chemprop,CHEMBL2034_Ki,709,,overall test rmse,0.860239
moleculeace,Chemprop,CHEMBL2034_Ki,709,,noncliff test rmse,0.801714
moleculeace,Chemprop,CHEMBL2034_Ki,709,,cliff test rmse,0.962841
moleculeace,Chemprop,CHEMBL2047_EC50,709,,overall test rmse,0.879106
moleculeace,Chemprop,CHEMBL2047_EC50,709,,noncliff test rmse,0.902785
moleculeace,Chemprop,CHEMBL2047_EC50,709,,cliff test rmse,0.840835
moleculeace,Chemprop,CHEMBL204_Ki,709,,overall test rmse,0.960169
moleculeace,Chemprop,CHEMBL204_Ki,709,,noncliff test rmse,0.882415
moleculeace,Chemprop,CHEMBL204_Ki,709,,cliff test rmse,1.06714
moleculeace,Chemprop,CHEMBL2147_Ki,709,,overall test rmse,0.878394
moleculeace,Chemprop,CHEMBL2147_Ki,709,,noncliff test rmse,0.860253
moleculeace,Chemprop,CHEMBL2147_Ki,709,,cliff test rmse,0.905525
moleculeace,Chemprop,CHEMBL214_Ki,709,,overall test rmse,0.706641
moleculeace,Chemprop,CHEMBL214_Ki,709,,noncliff test rmse,0.660549
moleculeace,Chemprop,CHEMBL214_Ki,709,,cliff test rmse,0.779504
moleculeace,Chemprop,CHEMBL218_EC50,709,,overall test rmse,0.831373
moleculeace,Chemprop,CHEMBL218_EC50,709,,noncliff test rmse,0.802054
moleculeace,Chemprop,CHEMBL218_EC50,709,,cliff test rmse,0.879977
moleculeace,Chemprop,CHEMBL219_Ki,709,,overall test rmse,0.852187
moleculeace,Chemprop,CHEMBL219_Ki,709,,noncliff test rmse,0.828496
moleculeace,Chemprop,CHEMBL219_Ki,709,,cliff test rmse,0.887145
moleculeace,Chemprop,CHEMBL228_Ki,709,,overall test rmse,0.842345
moleculeace,Chemprop,CHEMBL228_Ki,709,,noncliff test rmse,0.807097
moleculeace,Chemprop,CHEMBL228_Ki,709,,cliff test rmse,0.898872
moleculeace,Chemprop,CHEMBL231_Ki,709,,overall test rmse,0.843927
moleculeace,Chemprop,CHEMBL231_Ki,709,,noncliff test rmse,0.840898
moleculeace,Chemprop,CHEMBL231_Ki,709,,cliff test rmse,0.853259
moleculeace,Chemprop,CHEMBL233_Ki,709,,overall test rmse,0.90973
moleculeace,Chemprop,CHEMBL233_Ki,709,,noncliff test rmse,0.859574
moleculeace,Chemprop,CHEMBL233_Ki,709,,cliff test rmse,0.977099
moleculeace,Chemprop,CHEMBL234_Ki,709,,overall test rmse,0.767845
moleculeace,Chemprop,CHEMBL234_Ki,709,,noncliff test rmse,0.807918
moleculeace,Chemprop,CHEMBL234_Ki,709,,cliff test rmse,0.712804
moleculeace,Chemprop,CHEMBL235_EC50,709,,overall test rmse,0.755087
moleculeace,Chemprop,CHEMBL235_EC50,709,,noncliff test rmse,0.680953
moleculeace,Chemprop,CHEMBL235_EC50,709,,cliff test rmse,0.86371
moleculeace,Chemprop,CHEMBL236_Ki,709,,overall test rmse,0.87069
moleculeace,Chemprop,CHEMBL236_Ki,709,,noncliff test rmse,0.813107
moleculeace,Chemprop,CHEMBL236_Ki,709,,cliff test rmse,0.953294
moleculeace,Chemprop,CHEMBL237_EC50,709,,overall test rmse,1.07764
moleculeace,Chemprop,CHEMBL237_EC50,709,,noncliff test rmse,1.1046
moleculeace,Chemprop,CHEMBL237_EC50,709,,cliff test rmse,1.04658
moleculeace,Chemprop,CHEMBL237_Ki,709,,overall test rmse,0.794919
moleculeace,Chemprop,CHEMBL237_Ki,709,,noncliff test rmse,0.763454
moleculeace,Chemprop,CHEMBL237_Ki,709,,cliff test rmse,0.835249
moleculeace,Chemprop,CHEMBL238_Ki,709,,overall test rmse,0.781883
moleculeace,Chemprop,CHEMBL238_Ki,709,,noncliff test rmse,0.770466
moleculeace,Chemprop,CHEMBL238_Ki,709,,cliff test rmse,0.813791
moleculeace,Chemprop,CHEMBL239_EC50,709,,overall test rmse,0.855688
moleculeace,Chemprop,CHEMBL239_EC50,709,,noncliff test rmse,0.716743
moleculeace,Chemprop,CHEMBL239_EC50,709,,cliff test rmse,1.02538
moleculeace,Chemprop,CHEMBL244_Ki,709,,overall test rmse,0.875731
moleculeace,Chemprop,CHEMBL244_Ki,709,,noncliff test rmse,0.839072
moleculeace,Chemprop,CHEMBL244_Ki,709,,cliff test rmse,0.91429
moleculeace,Chemprop,CHEMBL262_Ki,709,,overall test rmse,0.916879
moleculeace,Chemprop,CHEMBL262_Ki,709,,noncliff test rmse,0.902482
moleculeace,Chemprop,CHEMBL262_Ki,709,,cliff test rmse,0.977796
moleculeace,Chemprop,CHEMBL264_Ki,709,,overall test rmse,0.689603
moleculeace,Chemprop,CHEMBL264_Ki,709,,noncliff test rmse,0.634584
moleculeace,Chemprop,CHEMBL264_Ki,709,,cliff test rmse,0.760048
moleculeace,Chemprop,CHEMBL2835_Ki,709,,overall test rmse,0.578348
moleculeace,Chemprop,CHEMBL2835_Ki,709,,noncliff test rmse,0.502032
moleculeace,Chemprop,CHEMBL2835_Ki,709,,cliff test rmse,1.02526
moleculeace,Chemprop,CHEMBL287_Ki,709,,overall test rmse,0.811962
moleculeace,Chemprop,CHEMBL287_Ki,709,,noncliff test rmse,0.790167
moleculeace,Chemprop,CHEMBL287_Ki,709,,cliff test rmse,0.845507
moleculeace,Chemprop,CHEMBL2971_Ki,709,,overall test rmse,0.961719
moleculeace,Chemprop,CHEMBL2971_Ki,709,,noncliff test rmse,0.946353
moleculeace,Chemprop,CHEMBL2971_Ki,709,,cliff test rmse,1.03221
moleculeace,Chemprop,CHEMBL3979_EC50,709,,overall test rmse,0.750493
moleculeace,Chemprop,CHEMBL3979_EC50,709,,noncliff test rmse,0.714048
moleculeace,Chemprop,CHEMBL3979_EC50,709,,cliff test rmse,0.798869
moleculeace,Chemprop,CHEMBL4005_Ki,709,,overall test rmse,0.763582
moleculeace,Chemprop,CHEMBL4005_Ki,709,,noncliff test rmse,0.726307
moleculeace,Chemprop,CHEMBL4005_Ki,709,,cliff test rmse,0.812309
moleculeace,Chemprop,CHEMBL4203_Ki,709,,overall test rmse,0.995987
moleculeace,Chemprop,CHEMBL4203_Ki,709,,noncliff test rmse,0.977194
moleculeace,Chemprop,CHEMBL4203_Ki,709,,cliff test rmse,1.1747
moleculeace,Chemprop,CHEMBL4616_EC50,709,,overall test rmse,0.804589
moleculeace,Chemprop,CHEMBL4616_EC50,709,,noncliff test rmse,0.820163
moleculeace,Chemprop,CHEMBL4616_EC50,709,,cliff test rmse,0.790244
moleculeace,Chemprop,CHEMBL4792_Ki,709,,overall test rmse,0.81639
moleculeace,Chemprop,CHEMBL4792_Ki,709,,noncliff test rmse,0.833964
moleculeace,Chemprop,CHEMBL4792_Ki,709,,cliff test rmse,0.801035
moleculeace,Chemprop,CHEMBL1862_Ki,1701,,overall test rmse,1.02689
moleculeace,Chemprop,CHEMBL1862_Ki,1701,,noncliff test rmse,1.06833
moleculeace,Chemprop,CHEMBL1862_Ki,1701,,cliff test rmse,0.965742
moleculeace,Chemprop,CHEMBL1871_Ki,1701,,overall test rmse,0.741722
moleculeace,Chemprop,CHEMBL1871_Ki,1701,,noncliff test rmse,0.629038
moleculeace,Chemprop,CHEMBL1871_Ki,1701,,cliff test rmse,1.02103
moleculeace,Chemprop,CHEMBL2034_Ki,1701,,overall test rmse,0.918565
moleculeace,Chemprop,CHEMBL2034_Ki,1701,,noncliff test rmse,0.912298
moleculeace,Chemprop,CHEMBL2034_Ki,1701,,cliff test rmse,0.930499
moleculeace,Chemprop,CHEMBL2047_EC50,1701,,overall test rmse,0.74452
moleculeace,Chemprop,CHEMBL2047_EC50,1701,,noncliff test rmse,0.718768
moleculeace,Chemprop,CHEMBL2047_EC50,1701,,cliff test rmse,0.783004
moleculeace,Chemprop,CHEMBL204_Ki,1701,,overall test rmse,0.938677
moleculeace,Chemprop,CHEMBL204_Ki,1701,,noncliff test rmse,0.841672
moleculeace,Chemprop,CHEMBL204_Ki,1701,,cliff test rmse,1.06889
moleculeace,Chemprop,CHEMBL2147_Ki,1701,,overall test rmse,0.877207
moleculeace,Chemprop,CHEMBL2147_Ki,1701,,noncliff test rmse,0.879089
moleculeace,Chemprop,CHEMBL2147_Ki,1701,,cliff test rmse,0.874311
moleculeace,Chemprop,CHEMBL214_Ki,1701,,overall test rmse,0.707464
moleculeace,Chemprop,CHEMBL214_Ki,1701,,noncliff test rmse,0.657239
moleculeace,Chemprop,CHEMBL214_Ki,1701,,cliff test rmse,0.786311
moleculeace,Chemprop,CHEMBL218_EC50,1701,,overall test rmse,0.836796
moleculeace,Chemprop,CHEMBL218_EC50,1701,,noncliff test rmse,0.811636
moleculeace,Chemprop,CHEMBL218_EC50,1701,,cliff test rmse,0.878784
moleculeace,Chemprop,CHEMBL219_Ki,1701,,overall test rmse,0.827404
moleculeace,Chemprop,CHEMBL219_Ki,1701,,noncliff test rmse,0.819399
moleculeace,Chemprop,CHEMBL219_Ki,1701,,cliff test rmse,0.839481
moleculeace,Chemprop,CHEMBL228_Ki,1701,,overall test rmse,0.791513
moleculeace,Chemprop,CHEMBL228_Ki,1701,,noncliff test rmse,0.754686
moleculeace,Chemprop,CHEMBL228_Ki,1701,,cliff test rmse,0.850231
moleculeace,Chemprop,CHEMBL231_Ki,1701,,overall test rmse,0.840379
moleculeace,Chemprop,CHEMBL231_Ki,1701,,noncliff test rmse,0.834898
moleculeace,Chemprop,CHEMBL231_Ki,1701,,cliff test rmse,0.85717
moleculeace,Chemprop,CHEMBL233_Ki,1701,,overall test rmse,0.917728
moleculeace,Chemprop,CHEMBL233_Ki,1701,,noncliff test rmse,0.879632
moleculeace,Chemprop,CHEMBL233_Ki,1701,,cliff test rmse,0.969694
moleculeace,Chemprop,CHEMBL234_Ki,1701,,overall test rmse,0.77507
moleculeace,Chemprop,CHEMBL234_Ki,1701,,noncliff test rmse,0.800532
moleculeace,Chemprop,CHEMBL234_Ki,1701,,cliff test rmse,0.740917
moleculeace,Chemprop,CHEMBL235_EC50,1701,,overall test rmse,0.795828
moleculeace,Chemprop,CHEMBL235_EC50,1701,,noncliff test rmse,0.752672
moleculeace,Chemprop,CHEMBL235_EC50,1701,,cliff test rmse,0.862392
moleculeace,Chemprop,CHEMBL236_Ki,1701,,overall test rmse,0.828083
moleculeace,Chemprop,CHEMBL236_Ki,1701,,noncliff test rmse,0.774331
moleculeace,Chemprop,CHEMBL236_Ki,1701,,cliff test rmse,0.9053
moleculeace,Chemprop,CHEMBL237_EC50,1701,,overall test rmse,0.965317
moleculeace,Chemprop,CHEMBL237_EC50,1701,,noncliff test rmse,0.966351
moleculeace,Chemprop,CHEMBL237_EC50,1701,,cliff test rmse,0.964157
moleculeace,Chemprop,CHEMBL237_Ki,1701,,overall test rmse,0.801482
moleculeace,Chemprop,CHEMBL237_Ki,1701,,noncliff test rmse,0.741129
moleculeace,Chemprop,CHEMBL237_Ki,1701,,cliff test rmse,0.875902
moleculeace,Chemprop,CHEMBL238_Ki,1701,,overall test rmse,0.857179
moleculeace,Chemprop,CHEMBL238_Ki,1701,,noncliff test rmse,0.873298
moleculeace,Chemprop,CHEMBL238_Ki,1701,,cliff test rmse,0.809091
moleculeace,Chemprop,CHEMBL239_EC50,1701,,overall test rmse,0.841672
moleculeace,Chemprop,CHEMBL239_EC50,1701,,noncliff test rmse,0.670802
moleculeace,Chemprop,CHEMBL239_EC50,1701,,cliff test rmse,1.04211
moleculeace,Chemprop,CHEMBL244_Ki,1701,,overall test rmse,0.854538
moleculeace,Chemprop,CHEMBL244_Ki,1701,,noncliff test rmse,0.808961
moleculeace,Chemprop,CHEMBL244_Ki,1701,,cliff test rmse,0.901931
moleculeace,Chemprop,CHEMBL262_Ki,1701,,overall test rmse,0.926261
moleculeace,Chemprop,CHEMBL262_Ki,1701,,noncliff test rmse,0.926271
moleculeace,Chemprop,CHEMBL262_Ki,1701,,cliff test rmse,0.92622
moleculeace,Chemprop,CHEMBL264_Ki,1701,,overall test rmse,0.726649
moleculeace,Chemprop,CHEMBL264_Ki,1701,,noncliff test rmse,0.675954
moleculeace,Chemprop,CHEMBL264_Ki,1701,,cliff test rmse,0.792265
moleculeace,Chemprop,CHEMBL2835_Ki,1701,,overall test rmse,0.641475
moleculeace,Chemprop,CHEMBL2835_Ki,1701,,noncliff test rmse,0.578106
moleculeace,Chemprop,CHEMBL2835_Ki,1701,,cliff test rmse,1.0408
moleculeace,Chemprop,CHEMBL287_Ki,1701,,overall test rmse,0.831397
moleculeace,Chemprop,CHEMBL287_Ki,1701,,noncliff test rmse,0.811923
moleculeace,Chemprop,CHEMBL287_Ki,1701,,cliff test rmse,0.861497
moleculeace,Chemprop,CHEMBL2971_Ki,1701,,overall test rmse,0.834363
moleculeace,Chemprop,CHEMBL2971_Ki,1701,,noncliff test rmse,0.811421
moleculeace,Chemprop,CHEMBL2971_Ki,1701,,cliff test rmse,0.936579
moleculeace,Chemprop,CHEMBL3979_EC50,1701,,overall test rmse,0.778894
moleculeace,Chemprop,CHEMBL3979_EC50,1701,,noncliff test rmse,0.770421
moleculeace,Chemprop,CHEMBL3979_EC50,1701,,cliff test rmse,0.790639
moleculeace,Chemprop,CHEMBL4005_Ki,1701,,overall test rmse,0.711318
moleculeace,Chemprop,CHEMBL4005_Ki,1701,,noncliff test rmse,0.654597
moleculeace,Chemprop,CHEMBL4005_Ki,1701,,cliff test rmse,0.783007
moleculeace,Chemprop,CHEMBL4203_Ki,1701,,overall test rmse,0.983354
moleculeace,Chemprop,CHEMBL4203_Ki,1701,,noncliff test rmse,0.960129
moleculeace,Chemprop,CHEMBL4203_Ki,1701,,cliff test rmse,1.19966
moleculeace,Chemprop,CHEMBL4616_EC50,1701,,overall test rmse,0.838168
moleculeace,Chemprop,CHEMBL4616_EC50,1701,,noncliff test rmse,0.844366
moleculeace,Chemprop,CHEMBL4616_EC50,1701,,cliff test rmse,0.832525
moleculeace,Chemprop,CHEMBL4792_Ki,1701,,overall test rmse,0.823086
moleculeace,Chemprop,CHEMBL4792_Ki,1701,,noncliff test rmse,0.826593
moleculeace,Chemprop,CHEMBL4792_Ki,1701,,cliff test rmse,0.820072
moleculeace,Chemprop,CHEMBL1862_Ki,9001,,overall test rmse,0.9475
moleculeace,Chemprop,CHEMBL1862_Ki,9001,,noncliff test rmse,1.00016
moleculeace,Chemprop,CHEMBL1862_Ki,9001,,cliff test rmse,0.868257
moleculeace,Chemprop,CHEMBL1871_Ki,9001,,overall test rmse,0.81227
moleculeace,Chemprop,CHEMBL1871_Ki,9001,,noncliff test rmse,0.697798
moleculeace,Chemprop,CHEMBL1871_Ki,9001,,cliff test rmse,1.10035
moleculeace,Chemprop,CHEMBL2034_Ki,9001,,overall test rmse,0.89457
moleculeace,Chemprop,CHEMBL2034_Ki,9001,,noncliff test rmse,0.841158
moleculeace,Chemprop,CHEMBL2034_Ki,9001,,cliff test rmse,0.989213
moleculeace,Chemprop,CHEMBL2047_EC50,9001,,overall test rmse,0.720691
moleculeace,Chemprop,CHEMBL2047_EC50,9001,,noncliff test rmse,0.717174
moleculeace,Chemprop,CHEMBL2047_EC50,9001,,cliff test rmse,0.726143
moleculeace,Chemprop,CHEMBL204_Ki,9001,,overall test rmse,0.939663
moleculeace,Chemprop,CHEMBL204_Ki,9001,,noncliff test rmse,0.844555
moleculeace,Chemprop,CHEMBL204_Ki,9001,,cliff test rmse,1.06762
moleculeace,Chemprop,CHEMBL2147_Ki,9001,,overall test rmse,0.842092
moleculeace,Chemprop,CHEMBL2147_Ki,9001,,noncliff test rmse,0.830809
moleculeace,Chemprop,CHEMBL2147_Ki,9001,,cliff test rmse,0.859117
moleculeace,Chemprop,CHEMBL214_Ki,9001,,overall test rmse,0.714172
moleculeace,Chemprop,CHEMBL214_Ki,9001,,noncliff test rmse,0.656475
moleculeace,Chemprop,CHEMBL214_Ki,9001,,cliff test rmse,0.8037
moleculeace,Chemprop,CHEMBL218_EC50,9001,,overall test rmse,0.828516
moleculeace,Chemprop,CHEMBL218_EC50,9001,,noncliff test rmse,0.79923
moleculeace,Chemprop,CHEMBL218_EC50,9001,,cliff test rmse,0.877061
moleculeace,Chemprop,CHEMBL219_Ki,9001,,overall test rmse,0.83918
moleculeace,Chemprop,CHEMBL219_Ki,9001,,noncliff test rmse,0.829985
moleculeace,Chemprop,CHEMBL219_Ki,9001,,cliff test rmse,0.853029
moleculeace,Chemprop,CHEMBL228_Ki,9001,,overall test rmse,0.811008
moleculeace,Chemprop,CHEMBL228_Ki,9001,,noncliff test rmse,0.771312
moleculeace,Chemprop,CHEMBL228_Ki,9001,,cliff test rmse,0.874111
moleculeace,Chemprop,CHEMBL231_Ki,9001,,overall test rmse,0.825139
moleculeace,Chemprop,CHEMBL231_Ki,9001,,noncliff test rmse,0.802066
moleculeace,Chemprop,CHEMBL231_Ki,9001,,cliff test rmse,0.89297
moleculeace,Chemprop,CHEMBL233_Ki,9001,,overall test rmse,0.887305
moleculeace,Chemprop,CHEMBL233_Ki,9001,,noncliff test rmse,0.844889
moleculeace,Chemprop,CHEMBL233_Ki,9001,,cliff test rmse,0.944751
moleculeace,Chemprop,CHEMBL234_Ki,9001,,overall test rmse,0.7545
moleculeace,Chemprop,CHEMBL234_Ki,9001,,noncliff test rmse,0.795163
moleculeace,Chemprop,CHEMBL234_Ki,9001,,cliff test rmse,0.698531
moleculeace,Chemprop,CHEMBL235_EC50,9001,,overall test rmse,0.773694
moleculeace,Chemprop,CHEMBL235_EC50,9001,,noncliff test rmse,0.736001
moleculeace,Chemprop,CHEMBL235_EC50,9001,,cliff test rmse,0.83222
moleculeace,Chemprop,CHEMBL236_Ki,9001,,overall test rmse,0.836564
moleculeace,Chemprop,CHEMBL236_Ki,9001,,noncliff test rmse,0.788273
moleculeace,Chemprop,CHEMBL236_Ki,9001,,cliff test rmse,0.906515
moleculeace,Chemprop,CHEMBL237_EC50,9001,,overall test rmse,0.981626
moleculeace,Chemprop,CHEMBL237_EC50,9001,,noncliff test rmse,0.975022
moleculeace,Chemprop,CHEMBL237_EC50,9001,,cliff test rmse,0.988977
moleculeace,Chemprop,CHEMBL237_Ki,9001,,overall test rmse,0.767845
moleculeace,Chemprop,CHEMBL237_Ki,9001,,noncliff test rmse,0.714553
moleculeace,Chemprop,CHEMBL237_Ki,9001,,cliff test rmse,0.833971
moleculeace,Chemprop,CHEMBL238_Ki,9001,,overall test rmse,0.827255
moleculeace,Chemprop,CHEMBL238_Ki,9001,,noncliff test rmse,0.830982
moleculeace,Chemprop,CHEMBL238_Ki,9001,,cliff test rmse,0.816452
moleculeace,Chemprop,CHEMBL239_EC50,9001,,overall test rmse,0.818487
moleculeace,Chemprop,CHEMBL239_EC50,9001,,noncliff test rmse,0.664003
moleculeace,Chemprop,CHEMBL239_EC50,9001,,cliff test rmse,1.00226
moleculeace,Chemprop,CHEMBL244_Ki,9001,,overall test rmse,0.898918
moleculeace,Chemprop,CHEMBL244_Ki,9001,,noncliff test rmse,0.853957
moleculeace,Chemprop,CHEMBL244_Ki,9001,,cliff test rmse,0.945826
moleculeace,Chemprop,CHEMBL262_Ki,9001,,overall test rmse,0.962757
moleculeace,Chemprop,CHEMBL262_Ki,9001,,noncliff test rmse,0.968625
moleculeace,Chemprop,CHEMBL262_Ki,9001,,cliff test rmse,0.936465
moleculeace,Chemprop,CHEMBL264_Ki,9001,,overall test rmse,0.70701
moleculeace,Chemprop,CHEMBL264_Ki,9001,,noncliff test rmse,0.654041
moleculeace,Chemprop,CHEMBL264_Ki,9001,,cliff test rmse,0.775186
moleculeace,Chemprop,CHEMBL2835_Ki,9001,,overall test rmse,0.6946
moleculeace,Chemprop,CHEMBL2835_Ki,9001,,noncliff test rmse,0.643788
moleculeace,Chemprop,CHEMBL2835_Ki,9001,,cliff test rmse,1.03615
moleculeace,Chemprop,CHEMBL287_Ki,9001,,overall test rmse,0.815604
moleculeace,Chemprop,CHEMBL287_Ki,9001,,noncliff test rmse,0.791539
moleculeace,Chemprop,CHEMBL287_Ki,9001,,cliff test rmse,0.85252
moleculeace,Chemprop,CHEMBL2971_Ki,9001,,overall test rmse,0.896843
moleculeace,Chemprop,CHEMBL2971_Ki,9001,,noncliff test rmse,0.87868
moleculeace,Chemprop,CHEMBL2971_Ki,9001,,cliff test rmse,0.979252
moleculeace,Chemprop,CHEMBL3979_EC50,9001,,overall test rmse,0.720178
moleculeace,Chemprop,CHEMBL3979_EC50,9001,,noncliff test rmse,0.691851
moleculeace,Chemprop,CHEMBL3979_EC50,9001,,cliff test rmse,0.758172
moleculeace,Chemprop,CHEMBL4005_Ki,9001,,overall test rmse,0.706008
moleculeace,Chemprop,CHEMBL4005_Ki,9001,,noncliff test rmse,0.674825
moleculeace,Chemprop,CHEMBL4005_Ki,9001,,cliff test rmse,0.746984
moleculeace,Chemprop,CHEMBL4203_Ki,9001,,overall test rmse,0.969877
moleculeace,Chemprop,CHEMBL4203_Ki,9001,,noncliff test rmse,0.946484
moleculeace,Chemprop,CHEMBL4203_Ki,9001,,cliff test rmse,1.18729
moleculeace,Chemprop,CHEMBL4616_EC50,9001,,overall test rmse,0.814283
moleculeace,Chemprop,CHEMBL4616_EC50,9001,,noncliff test rmse,0.843974
moleculeace,Chemprop,CHEMBL4616_EC50,9001,,cliff test rmse,0.786475
moleculeace,Chemprop,CHEMBL4792_Ki,9001,,overall test rmse,0.808366
moleculeace,Chemprop,CHEMBL4792_Ki,9001,,noncliff test rmse,0.833907
moleculeace,Chemprop,CHEMBL4792_Ki,9001,,cliff test rmse,0.785837
moleculeace,Chemprop_Mordred,CHEMBL1862_Ki,42,,overall test rmse,0.813534
moleculeace,Chemprop_Mordred,CHEMBL1862_Ki,42,,noncliff test rmse,0.856208
moleculeace,Chemprop_Mordred,CHEMBL1862_Ki,42,,cliff test rmse,0.74958
moleculeace,Chemprop_Mordred,CHEMBL1871_Ki,42,,overall test rmse,0.663
moleculeace,Chemprop_Mordred,CHEMBL1871_Ki,42,,noncliff test rmse,0.592766
moleculeace,Chemprop_Mordred,CHEMBL1871_Ki,42,,cliff test rmse,0.848942
moleculeace,Chemprop_Mordred,CHEMBL2034_Ki,42,,overall test rmse,0.812921
moleculeace,Chemprop_Mordred,CHEMBL2034_Ki,42,,noncliff test rmse,0.711445
moleculeace,Chemprop_Mordred,CHEMBL2034_Ki,42,,cliff test rmse,0.978936
moleculeace,Chemprop_Mordred,CHEMBL2047_EC50,42,,overall test rmse,0.802696
moleculeace,Chemprop_Mordred,CHEMBL2047_EC50,42,,noncliff test rmse,0.852819
moleculeace,Chemprop_Mordred,CHEMBL2047_EC50,42,,cliff test rmse,0.717547
moleculeace,Chemprop_Mordred,CHEMBL204_Ki,42,,overall test rmse,0.826626
moleculeace,Chemprop_Mordred,CHEMBL204_Ki,42,,noncliff test rmse,0.744163
moleculeace,Chemprop_Mordred,CHEMBL204_Ki,42,,cliff test rmse,0.937751
moleculeace,Chemprop_Mordred,CHEMBL2147_Ki,42,,overall test rmse,0.712626
moleculeace,Chemprop_Mordred,CHEMBL2147_Ki,42,,noncliff test rmse,0.708819
moleculeace,Chemprop_Mordred,CHEMBL2147_Ki,42,,cliff test rmse,0.718429
moleculeace,Chemprop_Mordred,CHEMBL214_Ki,42,,overall test rmse,0.742206
moleculeace,Chemprop_Mordred,CHEMBL214_Ki,42,,noncliff test rmse,0.673243
moleculeace,Chemprop_Mordred,CHEMBL214_Ki,42,,cliff test rmse,0.847706
moleculeace,Chemprop_Mordred,CHEMBL218_EC50,42,,overall test rmse,0.78042
moleculeace,Chemprop_Mordred,CHEMBL218_EC50,42,,noncliff test rmse,0.793823
moleculeace,Chemprop_Mordred,CHEMBL218_EC50,42,,cliff test rmse,0.756578
moleculeace,Chemprop_Mordred,CHEMBL219_Ki,42,,overall test rmse,0.794371
moleculeace,Chemprop_Mordred,CHEMBL219_Ki,42,,noncliff test rmse,0.75652
moleculeace,Chemprop_Mordred,CHEMBL219_Ki,42,,cliff test rmse,0.848922
moleculeace,Chemprop_Mordred,CHEMBL228_Ki,42,,overall test rmse,0.780516
moleculeace,Chemprop_Mordred,CHEMBL228_Ki,42,,noncliff test rmse,0.766396
moleculeace,Chemprop_Mordred,CHEMBL228_Ki,42,,cliff test rmse,0.803854
moleculeace,Chemprop_Mordred,CHEMBL231_Ki,42,,overall test rmse,0.776564
moleculeace,Chemprop_Mordred,CHEMBL231_Ki,42,,noncliff test rmse,0.75791
moleculeace,Chemprop_Mordred,CHEMBL231_Ki,42,,cliff test rmse,0.831806
moleculeace,Chemprop_Mordred,CHEMBL233_Ki,42,,overall test rmse,0.863416
moleculeace,Chemprop_Mordred,CHEMBL233_Ki,42,,noncliff test rmse,0.830142
moleculeace,Chemprop_Mordred,CHEMBL233_Ki,42,,cliff test rmse,0.90896
moleculeace,Chemprop_Mordred,CHEMBL234_Ki,42,,overall test rmse,0.715356
moleculeace,Chemprop_Mordred,CHEMBL234_Ki,42,,noncliff test rmse,0.740361
moleculeace,Chemprop_Mordred,CHEMBL234_Ki,42,,cliff test rmse,0.68173
moleculeace,Chemprop_Mordred,CHEMBL235_EC50,42,,overall test rmse,0.732056
moleculeace,Chemprop_Mordred,CHEMBL235_EC50,42,,noncliff test rmse,0.66936
moleculeace,Chemprop_Mordred,CHEMBL235_EC50,42,,cliff test rmse,0.825246
moleculeace,Chemprop_Mordred,CHEMBL236_Ki,42,,overall test rmse,0.81252
moleculeace,Chemprop_Mordred,CHEMBL236_Ki,42,,noncliff test rmse,0.770315
moleculeace,Chemprop_Mordred,CHEMBL236_Ki,42,,cliff test rmse,0.874068
moleculeace,Chemprop_Mordred,CHEMBL237_EC50,42,,overall test rmse,0.79719
moleculeace,Chemprop_Mordred,CHEMBL237_EC50,42,,noncliff test rmse,0.642886
moleculeace,Chemprop_Mordred,CHEMBL237_EC50,42,,cliff test rmse,0.940522
moleculeace,Chemprop_Mordred,CHEMBL237_Ki,42,,overall test rmse,0.788414
moleculeace,Chemprop_Mordred,CHEMBL237_Ki,42,,noncliff test rmse,0.76022
moleculeace,Chemprop_Mordred,CHEMBL237_Ki,42,,cliff test rmse,0.824705
moleculeace,Chemprop_Mordred,CHEMBL238_Ki,42,,overall test rmse,0.767755
moleculeace,Chemprop_Mordred,CHEMBL238_Ki,42,,noncliff test rmse,0.743541
moleculeace,Chemprop_Mordred,CHEMBL238_Ki,42,,cliff test rmse,0.833412
moleculeace,Chemprop_Mordred,CHEMBL239_EC50,42,,overall test rmse,0.76533
moleculeace,Chemprop_Mordred,CHEMBL239_EC50,42,,noncliff test rmse,0.692184
moleculeace,Chemprop_Mordred,CHEMBL239_EC50,42,,cliff test rmse,0.861097
moleculeace,Chemprop_Mordred,CHEMBL244_Ki,42,,overall test rmse,0.810791
moleculeace,Chemprop_Mordred,CHEMBL244_Ki,42,,noncliff test rmse,0.750549
moleculeace,Chemprop_Mordred,CHEMBL244_Ki,42,,cliff test rmse,0.872154
moleculeace,Chemprop_Mordred,CHEMBL262_Ki,42,,overall test rmse,0.813513
moleculeace,Chemprop_Mordred,CHEMBL262_Ki,42,,noncliff test rmse,0.814519
moleculeace,Chemprop_Mordred,CHEMBL262_Ki,42,,cliff test rmse,0.809062
moleculeace,Chemprop_Mordred,CHEMBL264_Ki,42,,overall test rmse,0.716256
moleculeace,Chemprop_Mordred,CHEMBL264_Ki,42,,noncliff test rmse,0.702368
moleculeace,Chemprop_Mordred,CHEMBL264_Ki,42,,cliff test rmse,0.73528
moleculeace,Chemprop_Mordred,CHEMBL2835_Ki,42,,overall test rmse,0.492985
moleculeace,Chemprop_Mordred,CHEMBL2835_Ki,42,,noncliff test rmse,0.396046
moleculeace,Chemprop_Mordred,CHEMBL2835_Ki,42,,cliff test rmse,0.996068
moleculeace,Chemprop_Mordred,CHEMBL287_Ki,42,,overall test rmse,0.756042
moleculeace,Chemprop_Mordred,CHEMBL287_Ki,42,,noncliff test rmse,0.709653
moleculeace,Chemprop_Mordred,CHEMBL287_Ki,42,,cliff test rmse,0.824536
moleculeace,Chemprop_Mordred,CHEMBL2971_Ki,42,,overall test rmse,0.684182
moleculeace,Chemprop_Mordred,CHEMBL2971_Ki,42,,noncliff test rmse,0.622488
moleculeace,Chemprop_Mordred,CHEMBL2971_Ki,42,,cliff test rmse,0.924434
moleculeace,Chemprop_Mordred,CHEMBL3979_EC50,42,,overall test rmse,0.667306
moleculeace,Chemprop_Mordred,CHEMBL3979_EC50,42,,noncliff test rmse,0.649478
moleculeace,Chemprop_Mordred,CHEMBL3979_EC50,42,,cliff test rmse,0.691565
moleculeace,Chemprop_Mordred,CHEMBL4005_Ki,42,,overall test rmse,0.702453
moleculeace,Chemprop_Mordred,CHEMBL4005_Ki,42,,noncliff test rmse,0.616659
moleculeace,Chemprop_Mordred,CHEMBL4005_Ki,42,,cliff test rmse,0.80618
moleculeace,Chemprop_Mordred,CHEMBL4203_Ki,42,,overall test rmse,1.03853
moleculeace,Chemprop_Mordred,CHEMBL4203_Ki,42,,noncliff test rmse,1.01819
moleculeace,Chemprop_Mordred,CHEMBL4203_Ki,42,,cliff test rmse,1.23133
moleculeace,Chemprop_Mordred,CHEMBL4616_EC50,42,,overall test rmse,0.826017
moleculeace,Chemprop_Mordred,CHEMBL4616_EC50,42,,noncliff test rmse,0.851072
moleculeace,Chemprop_Mordred,CHEMBL4616_EC50,42,,cliff test rmse,0.802691
moleculeace,Chemprop_Mordred,CHEMBL4792_Ki,42,,overall test rmse,0.760993
moleculeace,Chemprop_Mordred,CHEMBL4792_Ki,42,,noncliff test rmse,0.77232
moleculeace,Chemprop_Mordred,CHEMBL4792_Ki,42,,cliff test rmse,0.751159
moleculeace,Chemprop_Mordred,CHEMBL1862_Ki,117,,overall test rmse,0.819728
moleculeace,Chemprop_Mordred,CHEMBL1862_Ki,117,,noncliff test rmse,0.876208
moleculeace,Chemprop_Mordred,CHEMBL1862_Ki,117,,cliff test rmse,0.73319
moleculeace,Chemprop_Mordred,CHEMBL1871_Ki,117,,overall test rmse,0.683851
moleculeace,Chemprop_Mordred,CHEMBL1871_Ki,117,,noncliff test rmse,0.639173
moleculeace,Chemprop_Mordred,CHEMBL1871_Ki,117,,cliff test rmse,0.809979
moleculeace,Chemprop_Mordred,CHEMBL2034_Ki,117,,overall test rmse,0.742413
moleculeace,Chemprop_Mordred,CHEMBL2034_Ki,117,,noncliff test rmse,0.615866
moleculeace,Chemprop_Mordred,CHEMBL2034_Ki,117,,cliff test rmse,0.939004
moleculeace,Chemprop_Mordred,CHEMBL2047_EC50,117,,overall test rmse,0.69629
moleculeace,Chemprop_Mordred,CHEMBL2047_EC50,117,,noncliff test rmse,0.666726
moleculeace,Chemprop_Mordred,CHEMBL2047_EC50,117,,cliff test rmse,0.740055
moleculeace,Chemprop_Mordred,CHEMBL204_Ki,117,,overall test rmse,0.838429
moleculeace,Chemprop_Mordred,CHEMBL204_Ki,117,,noncliff test rmse,0.742997
moleculeace,Chemprop_Mordred,CHEMBL204_Ki,117,,cliff test rmse,0.965091
moleculeace,Chemprop_Mordred,CHEMBL2147_Ki,117,,overall test rmse,0.677952
moleculeace,Chemprop_Mordred,CHEMBL2147_Ki,117,,noncliff test rmse,0.682518
moleculeace,Chemprop_Mordred,CHEMBL2147_Ki,117,,cliff test rmse,0.670885
moleculeace,Chemprop_Mordred,CHEMBL214_Ki,117,,overall test rmse,0.74526
moleculeace,Chemprop_Mordred,CHEMBL214_Ki,117,,noncliff test rmse,0.673028
moleculeace,Chemprop_Mordred,CHEMBL214_Ki,117,,cliff test rmse,0.855249
moleculeace,Chemprop_Mordred,CHEMBL218_EC50,117,,overall test rmse,0.751343
moleculeace,Chemprop_Mordred,CHEMBL218_EC50,117,,noncliff test rmse,0.741541
moleculeace,Chemprop_Mordred,CHEMBL218_EC50,117,,cliff test rmse,0.768069
moleculeace,Chemprop_Mordred,CHEMBL219_Ki,117,,overall test rmse,0.850417
moleculeace,Chemprop_Mordred,CHEMBL219_Ki,117,,noncliff test rmse,0.809891
moleculeace,Chemprop_Mordred,CHEMBL219_Ki,117,,cliff test rmse,0.908822
moleculeace,Chemprop_Mordred,CHEMBL228_Ki,117,,overall test rmse,0.771918
moleculeace,Chemprop_Mordred,CHEMBL228_Ki,117,,noncliff test rmse,0.724788
moleculeace,Chemprop_Mordred,CHEMBL228_Ki,117,,cliff test rmse,0.845739
moleculeace,Chemprop_Mordred,CHEMBL231_Ki,117,,overall test rmse,0.791884
moleculeace,Chemprop_Mordred,CHEMBL231_Ki,117,,noncliff test rmse,0.764447
moleculeace,Chemprop_Mordred,CHEMBL231_Ki,117,,cliff test rmse,0.871568
moleculeace,Chemprop_Mordred,CHEMBL233_Ki,117,,overall test rmse,0.866892
moleculeace,Chemprop_Mordred,CHEMBL233_Ki,117,,noncliff test rmse,0.824926
moleculeace,Chemprop_Mordred,CHEMBL233_Ki,117,,cliff test rmse,0.92369
moleculeace,Chemprop_Mordred,CHEMBL234_Ki,117,,overall test rmse,0.719885
moleculeace,Chemprop_Mordred,CHEMBL234_Ki,117,,noncliff test rmse,0.772444
moleculeace,Chemprop_Mordred,CHEMBL234_Ki,117,,cliff test rmse,0.645759
moleculeace,Chemprop_Mordred,CHEMBL235_EC50,117,,overall test rmse,0.747158
moleculeace,Chemprop_Mordred,CHEMBL235_EC50,117,,noncliff test rmse,0.683915
moleculeace,Chemprop_Mordred,CHEMBL235_EC50,117,,cliff test rmse,0.841268
moleculeace,Chemprop_Mordred,CHEMBL236_Ki,117,,overall test rmse,0.802032
moleculeace,Chemprop_Mordred,CHEMBL236_Ki,117,,noncliff test rmse,0.759642
moleculeace,Chemprop_Mordred,CHEMBL236_Ki,117,,cliff test rmse,0.863785
moleculeace,Chemprop_Mordred,CHEMBL237_EC50,117,,overall test rmse,0.901338
moleculeace,Chemprop_Mordred,CHEMBL237_EC50,117,,noncliff test rmse,0.832876
moleculeace,Chemprop_Mordred,CHEMBL237_EC50,117,,cliff test rmse,0.972364
moleculeace,Chemprop_Mordred,CHEMBL237_Ki,117,,overall test rmse,0.804729
moleculeace,Chemprop_Mordred,CHEMBL237_Ki,117,,noncliff test rmse,0.778602
moleculeace,Chemprop_Mordred,CHEMBL237_Ki,117,,cliff test rmse,0.838482
moleculeace,Chemprop_Mordred,CHEMBL238_Ki,117,,overall test rmse,0.81067
moleculeace,Chemprop_Mordred,CHEMBL238_Ki,117,,noncliff test rmse,0.775699
moleculeace,Chemprop_Mordred,CHEMBL238_Ki,117,,cliff test rmse,0.903633
moleculeace,Chemprop_Mordred,CHEMBL239_EC50,117,,overall test rmse,0.878453
moleculeace,Chemprop_Mordred,CHEMBL239_EC50,117,,noncliff test rmse,0.791806
moleculeace,Chemprop_Mordred,CHEMBL239_EC50,117,,cliff test rmse,0.991524
moleculeace,Chemprop_Mordred,CHEMBL244_Ki,117,,overall test rmse,0.786764
moleculeace,Chemprop_Mordred,CHEMBL244_Ki,117,,noncliff test rmse,0.757534
moleculeace,Chemprop_Mordred,CHEMBL244_Ki,117,,cliff test rmse,0.817656
moleculeace,Chemprop_Mordred,CHEMBL262_Ki,117,,overall test rmse,0.808264
moleculeace,Chemprop_Mordred,CHEMBL262_Ki,117,,noncliff test rmse,0.798425
moleculeace,Chemprop_Mordred,CHEMBL262_Ki,117,,cliff test rmse,0.850261
moleculeace,Chemprop_Mordred,CHEMBL264_Ki,117,,overall test rmse,0.651087
moleculeace,Chemprop_Mordred,CHEMBL264_Ki,117,,noncliff test rmse,0.636145
moleculeace,Chemprop_Mordred,CHEMBL264_Ki,117,,cliff test rmse,0.671472
moleculeace,Chemprop_Mordred,CHEMBL2835_Ki,117,,overall test rmse,0.450043
moleculeace,Chemprop_Mordred,CHEMBL2835_Ki,117,,noncliff test rmse,0.367377
moleculeace,Chemprop_Mordred,CHEMBL2835_Ki,117,,cliff test rmse,0.888764
moleculeace,Chemprop_Mordred,CHEMBL287_Ki,117,,overall test rmse,0.7232
moleculeace,Chemprop_Mordred,CHEMBL287_Ki,117,,noncliff test rmse,0.67999
moleculeace,Chemprop_Mordred,CHEMBL287_Ki,117,,cliff test rmse,0.78712
moleculeace,Chemprop_Mordred,CHEMBL2971_Ki,117,,overall test rmse,0.695705
moleculeace,Chemprop_Mordred,CHEMBL2971_Ki,117,,noncliff test rmse,0.655382
moleculeace,Chemprop_Mordred,CHEMBL2971_Ki,117,,cliff test rmse,0.863242
moleculeace,Chemprop_Mordred,CHEMBL3979_EC50,117,,overall test rmse,0.702973
moleculeace,Chemprop_Mordred,CHEMBL3979_EC50,117,,noncliff test rmse,0.721237
moleculeace,Chemprop_Mordred,CHEMBL3979_EC50,117,,cliff test rmse,0.676495
moleculeace,Chemprop_Mordred,CHEMBL4005_Ki,117,,overall test rmse,0.693069
moleculeace,Chemprop_Mordred,CHEMBL4005_Ki,117,,noncliff test rmse,0.572307
moleculeace,Chemprop_Mordred,CHEMBL4005_Ki,117,,cliff test rmse,0.831648
moleculeace,Chemprop_Mordred,CHEMBL4203_Ki,117,,overall test rmse,0.988962
moleculeace,Chemprop_Mordred,CHEMBL4203_Ki,117,,noncliff test rmse,0.939882
moleculeace,Chemprop_Mordred,CHEMBL4203_Ki,117,,cliff test rmse,1.40301
moleculeace,Chemprop_Mordred,CHEMBL4616_EC50,117,,overall test rmse,0.697945
moleculeace,Chemprop_Mordred,CHEMBL4616_EC50,117,,noncliff test rmse,0.687719
moleculeace,Chemprop_Mordred,CHEMBL4616_EC50,117,,cliff test rmse,0.707062
moleculeace,Chemprop_Mordred,CHEMBL4792_Ki,117,,overall test rmse,0.693317
moleculeace,Chemprop_Mordred,CHEMBL4792_Ki,117,,noncliff test rmse,0.662262
moleculeace,Chemprop_Mordred,CHEMBL4792_Ki,117,,cliff test rmse,0.718842
moleculeace,Chemprop_Mordred,CHEMBL1862_Ki,709,,overall test rmse,0.83749
moleculeace,Chemprop_Mordred,CHEMBL1862_Ki,709,,noncliff test rmse,0.858009
moleculeace,Chemprop_Mordred,CHEMBL1862_Ki,709,,cliff test rmse,0.807826
moleculeace,Chemprop_Mordred,CHEMBL1871_Ki,709,,overall test rmse,0.681324
moleculeace,Chemprop_Mordred,CHEMBL1871_Ki,709,,noncliff test rmse,0.608256
moleculeace,Chemprop_Mordred,CHEMBL1871_Ki,709,,cliff test rmse,0.874386
moleculeace,Chemprop_Mordred,CHEMBL2034_Ki,709,,overall test rmse,0.766231
moleculeace,Chemprop_Mordred,CHEMBL2034_Ki,709,,noncliff test rmse,0.652723
moleculeace,Chemprop_Mordred,CHEMBL2034_Ki,709,,cliff test rmse,0.94702
moleculeace,Chemprop_Mordred,CHEMBL2047_EC50,709,,overall test rmse,0.719696
moleculeace,Chemprop_Mordred,CHEMBL2047_EC50,709,,noncliff test rmse,0.75193
moleculeace,Chemprop_Mordred,CHEMBL2047_EC50,709,,cliff test rmse,0.666305
moleculeace,Chemprop_Mordred,CHEMBL204_Ki,709,,overall test rmse,0.826607
moleculeace,Chemprop_Mordred,CHEMBL204_Ki,709,,noncliff test rmse,0.750817
moleculeace,Chemprop_Mordred,CHEMBL204_Ki,709,,cliff test rmse,0.929644
moleculeace,Chemprop_Mordred,CHEMBL2147_Ki,709,,overall test rmse,0.701955
moleculeace,Chemprop_Mordred,CHEMBL2147_Ki,709,,noncliff test rmse,0.67299
moleculeace,Chemprop_Mordred,CHEMBL2147_Ki,709,,cliff test rmse,0.744213
moleculeace,Chemprop_Mordred,CHEMBL214_Ki,709,,overall test rmse,0.745573
moleculeace,Chemprop_Mordred,CHEMBL214_Ki,709,,noncliff test rmse,0.676107
moleculeace,Chemprop_Mordred,CHEMBL214_Ki,709,,cliff test rmse,0.851812
moleculeace,Chemprop_Mordred,CHEMBL218_EC50,709,,overall test rmse,0.792399
moleculeace,Chemprop_Mordred,CHEMBL218_EC50,709,,noncliff test rmse,0.789189
moleculeace,Chemprop_Mordred,CHEMBL218_EC50,709,,cliff test rmse,0.797943
moleculeace,Chemprop_Mordred,CHEMBL219_Ki,709,,overall test rmse,0.831496
moleculeace,Chemprop_Mordred,CHEMBL219_Ki,709,,noncliff test rmse,0.75944
moleculeace,Chemprop_Mordred,CHEMBL219_Ki,709,,cliff test rmse,0.930826
moleculeace,Chemprop_Mordred,CHEMBL228_Ki,709,,overall test rmse,0.754497
moleculeace,Chemprop_Mordred,CHEMBL228_Ki,709,,noncliff test rmse,0.725844
moleculeace,Chemprop_Mordred,CHEMBL228_Ki,709,,cliff test rmse,0.800671
moleculeace,Chemprop_Mordred,CHEMBL231_Ki,709,,overall test rmse,0.789341
moleculeace,Chemprop_Mordred,CHEMBL231_Ki,709,,noncliff test rmse,0.745401
moleculeace,Chemprop_Mordred,CHEMBL231_Ki,709,,cliff test rmse,0.912358
moleculeace,Chemprop_Mordred,CHEMBL233_Ki,709,,overall test rmse,0.893545
moleculeace,Chemprop_Mordred,CHEMBL233_Ki,709,,noncliff test rmse,0.858163
moleculeace,Chemprop_Mordred,CHEMBL233_Ki,709,,cliff test rmse,0.941914
moleculeace,Chemprop_Mordred,CHEMBL234_Ki,709,,overall test rmse,0.714919
moleculeace,Chemprop_Mordred,CHEMBL234_Ki,709,,noncliff test rmse,0.747842
moleculeace,Chemprop_Mordred,CHEMBL234_Ki,709,,cliff test rmse,0.670041
moleculeace,Chemprop_Mordred,CHEMBL235_EC50,709,,overall test rmse,0.73436
moleculeace,Chemprop_Mordred,CHEMBL235_EC50,709,,noncliff test rmse,0.66441
moleculeace,Chemprop_Mordred,CHEMBL235_EC50,709,,cliff test rmse,0.837193
moleculeace,Chemprop_Mordred,CHEMBL236_Ki,709,,overall test rmse,0.837695
moleculeace,Chemprop_Mordred,CHEMBL236_Ki,709,,noncliff test rmse,0.76443
moleculeace,Chemprop_Mordred,CHEMBL236_Ki,709,,cliff test rmse,0.940283
moleculeace,Chemprop_Mordred,CHEMBL237_EC50,709,,overall test rmse,0.903268
moleculeace,Chemprop_Mordred,CHEMBL237_EC50,709,,noncliff test rmse,0.825294
moleculeace,Chemprop_Mordred,CHEMBL237_EC50,709,,cliff test rmse,0.983346
moleculeace,Chemprop_Mordred,CHEMBL237_Ki,709,,overall test rmse,0.834717
moleculeace,Chemprop_Mordred,CHEMBL237_Ki,709,,noncliff test rmse,0.817659
moleculeace,Chemprop_Mordred,CHEMBL237_Ki,709,,cliff test rmse,0.857056
moleculeace,Chemprop_Mordred,CHEMBL238_Ki,709,,overall test rmse,0.749026
moleculeace,Chemprop_Mordred,CHEMBL238_Ki,709,,noncliff test rmse,0.725305
moleculeace,Chemprop_Mordred,CHEMBL238_Ki,709,,cliff test rmse,0.813331
moleculeace,Chemprop_Mordred,CHEMBL239_EC50,709,,overall test rmse,0.753159
moleculeace,Chemprop_Mordred,CHEMBL239_EC50,709,,noncliff test rmse,0.684179
moleculeace,Chemprop_Mordred,CHEMBL239_EC50,709,,cliff test rmse,0.843862
moleculeace,Chemprop_Mordred,CHEMBL244_Ki,709,,overall test rmse,0.812095
moleculeace,Chemprop_Mordred,CHEMBL244_Ki,709,,noncliff test rmse,0.780823
moleculeace,Chemprop_Mordred,CHEMBL244_Ki,709,,cliff test rmse,0.845099
moleculeace,Chemprop_Mordred,CHEMBL262_Ki,709,,overall test rmse,0.794285
moleculeace,Chemprop_Mordred,CHEMBL262_Ki,709,,noncliff test rmse,0.78766
moleculeace,Chemprop_Mordred,CHEMBL262_Ki,709,,cliff test rmse,0.82284
moleculeace,Chemprop_Mordred,CHEMBL264_Ki,709,,overall test rmse,0.63666
moleculeace,Chemprop_Mordred,CHEMBL264_Ki,709,,noncliff test rmse,0.616361
moleculeace,Chemprop_Mordred,CHEMBL264_Ki,709,,cliff test rmse,0.664067
moleculeace,Chemprop_Mordred,CHEMBL2835_Ki,709,,overall test rmse,0.508919
moleculeace,Chemprop_Mordred,CHEMBL2835_Ki,709,,noncliff test rmse,0.479575
moleculeace,Chemprop_Mordred,CHEMBL2835_Ki,709,,cliff test rmse,0.714938
moleculeace,Chemprop_Mordred,CHEMBL287_Ki,709,,overall test rmse,0.702582
moleculeace,Chemprop_Mordred,CHEMBL287_Ki,709,,noncliff test rmse,0.699437
moleculeace,Chemprop_Mordred,CHEMBL287_Ki,709,,cliff test rmse,0.707562
moleculeace,Chemprop_Mordred,CHEMBL2971_Ki,709,,overall test rmse,0.685652
moleculeace,Chemprop_Mordred,CHEMBL2971_Ki,709,,noncliff test rmse,0.635379
moleculeace,Chemprop_Mordred,CHEMBL2971_Ki,709,,cliff test rmse,0.887979
moleculeace,Chemprop_Mordred,CHEMBL3979_EC50,709,,overall test rmse,0.676065
moleculeace,Chemprop_Mordred,CHEMBL3979_EC50,709,,noncliff test rmse,0.650176
moleculeace,Chemprop_Mordred,CHEMBL3979_EC50,709,,cliff test rmse,0.710831
moleculeace,Chemprop_Mordred,CHEMBL4005_Ki,709,,overall test rmse,0.686747
moleculeace,Chemprop_Mordred,CHEMBL4005_Ki,709,,noncliff test rmse,0.578761
moleculeace,Chemprop_Mordred,CHEMBL4005_Ki,709,,cliff test rmse,0.812759
moleculeace,Chemprop_Mordred,CHEMBL4203_Ki,709,,overall test rmse,0.961353
moleculeace,Chemprop_Mordred,CHEMBL4203_Ki,709,,noncliff test rmse,0.927701
moleculeace,Chemprop_Mordred,CHEMBL4203_Ki,709,,cliff test rmse,1.26065
moleculeace,Chemprop_Mordred,CHEMBL4616_EC50,709,,overall test rmse,0.696087
moleculeace,Chemprop_Mordred,CHEMBL4616_EC50,709,,noncliff test rmse,0.696724
moleculeace,Chemprop_Mordred,CHEMBL4616_EC50,709,,cliff test rmse,0.695509
moleculeace,Chemprop_Mordred,CHEMBL4792_Ki,709,,overall test rmse,0.719217
moleculeace,Chemprop_Mordred,CHEMBL4792_Ki,709,,noncliff test rmse,0.699126
moleculeace,Chemprop_Mordred,CHEMBL4792_Ki,709,,cliff test rmse,0.735984
moleculeace,Chemprop_Mordred,CHEMBL1862_Ki,1701,,overall test rmse,0.820681
moleculeace,Chemprop_Mordred,CHEMBL1862_Ki,1701,,noncliff test rmse,0.850554
moleculeace,Chemprop_Mordred,CHEMBL1862_Ki,1701,,cliff test rmse,0.776836
moleculeace,Chemprop_Mordred,CHEMBL1871_Ki,1701,,overall test rmse,0.679067
moleculeace,Chemprop_Mordred,CHEMBL1871_Ki,1701,,noncliff test rmse,0.589605
moleculeace,Chemprop_Mordred,CHEMBL1871_Ki,1701,,cliff test rmse,0.907142
moleculeace,Chemprop_Mordred,CHEMBL2034_Ki,1701,,overall test rmse,0.772911
moleculeace,Chemprop_Mordred,CHEMBL2034_Ki,1701,,noncliff test rmse,0.664784
moleculeace,Chemprop_Mordred,CHEMBL2034_Ki,1701,,cliff test rmse,0.946754
moleculeace,Chemprop_Mordred,CHEMBL2047_EC50,1701,,overall test rmse,0.730376
moleculeace,Chemprop_Mordred,CHEMBL2047_EC50,1701,,noncliff test rmse,0.737978
moleculeace,Chemprop_Mordred,CHEMBL2047_EC50,1701,,cliff test rmse,0.718357
moleculeace,Chemprop_Mordred,CHEMBL204_Ki,1701,,overall test rmse,0.845115
moleculeace,Chemprop_Mordred,CHEMBL204_Ki,1701,,noncliff test rmse,0.783915
moleculeace,Chemprop_Mordred,CHEMBL204_Ki,1701,,cliff test rmse,0.930119
moleculeace,Chemprop_Mordred,CHEMBL2147_Ki,1701,,overall test rmse,0.690212
moleculeace,Chemprop_Mordred,CHEMBL2147_Ki,1701,,noncliff test rmse,0.689473
moleculeace,Chemprop_Mordred,CHEMBL2147_Ki,1701,,cliff test rmse,0.691346
moleculeace,Chemprop_Mordred,CHEMBL214_Ki,1701,,overall test rmse,0.740442
moleculeace,Chemprop_Mordred,CHEMBL214_Ki,1701,,noncliff test rmse,0.65545
moleculeace,Chemprop_Mordred,CHEMBL214_Ki,1701,,cliff test rmse,0.867249
moleculeace,Chemprop_Mordred,CHEMBL218_EC50,1701,,overall test rmse,0.804187
moleculeace,Chemprop_Mordred,CHEMBL218_EC50,1701,,noncliff test rmse,0.79259
moleculeace,Chemprop_Mordred,CHEMBL218_EC50,1701,,cliff test rmse,0.823943
moleculeace,Chemprop_Mordred,CHEMBL219_Ki,1701,,overall test rmse,0.791626
moleculeace,Chemprop_Mordred,CHEMBL219_Ki,1701,,noncliff test rmse,0.745285
moleculeace,Chemprop_Mordred,CHEMBL219_Ki,1701,,cliff test rmse,0.857573
moleculeace,Chemprop_Mordred,CHEMBL228_Ki,1701,,overall test rmse,0.746381
moleculeace,Chemprop_Mordred,CHEMBL228_Ki,1701,,noncliff test rmse,0.730754
moleculeace,Chemprop_Mordred,CHEMBL228_Ki,1701,,cliff test rmse,0.772116
moleculeace,Chemprop_Mordred,CHEMBL231_Ki,1701,,overall test rmse,0.72483
moleculeace,Chemprop_Mordred,CHEMBL231_Ki,1701,,noncliff test rmse,0.694047
moleculeace,Chemprop_Mordred,CHEMBL231_Ki,1701,,cliff test rmse,0.812992
moleculeace,Chemprop_Mordred,CHEMBL233_Ki,1701,,overall test rmse,0.881225
moleculeace,Chemprop_Mordred,CHEMBL233_Ki,1701,,noncliff test rmse,0.852908
moleculeace,Chemprop_Mordred,CHEMBL233_Ki,1701,,cliff test rmse,0.920269
moleculeace,Chemprop_Mordred,CHEMBL234_Ki,1701,,overall test rmse,0.700085
moleculeace,Chemprop_Mordred,CHEMBL234_Ki,1701,,noncliff test rmse,0.744593
moleculeace,Chemprop_Mordred,CHEMBL234_Ki,1701,,cliff test rmse,0.638069
moleculeace,Chemprop_Mordred,CHEMBL235_EC50,1701,,overall test rmse,0.747314
moleculeace,Chemprop_Mordred,CHEMBL235_EC50,1701,,noncliff test rmse,0.699804
moleculeace,Chemprop_Mordred,CHEMBL235_EC50,1701,,cliff test rmse,0.81978
moleculeace,Chemprop_Mordred,CHEMBL236_Ki,1701,,overall test rmse,0.800365
moleculeace,Chemprop_Mordred,CHEMBL236_Ki,1701,,noncliff test rmse,0.741105
moleculeace,Chemprop_Mordred,CHEMBL236_Ki,1701,,cliff test rmse,0.884607
moleculeace,Chemprop_Mordred,CHEMBL237_EC50,1701,,overall test rmse,0.826216
moleculeace,Chemprop_Mordred,CHEMBL237_EC50,1701,,noncliff test rmse,0.697545
moleculeace,Chemprop_Mordred,CHEMBL237_EC50,1701,,cliff test rmse,0.949946
moleculeace,Chemprop_Mordred,CHEMBL237_Ki,1701,,overall test rmse,0.791084
moleculeace,Chemprop_Mordred,CHEMBL237_Ki,1701,,noncliff test rmse,0.731367
moleculeace,Chemprop_Mordred,CHEMBL237_Ki,1701,,cliff test rmse,0.864705
moleculeace,Chemprop_Mordred,CHEMBL238_Ki,1701,,overall test rmse,0.742205
moleculeace,Chemprop_Mordred,CHEMBL238_Ki,1701,,noncliff test rmse,0.728672
moleculeace,Chemprop_Mordred,CHEMBL238_Ki,1701,,cliff test rmse,0.779777
moleculeace,Chemprop_Mordred,CHEMBL239_EC50,1701,,overall test rmse,0.79559
moleculeace,Chemprop_Mordred,CHEMBL239_EC50,1701,,noncliff test rmse,0.728401
moleculeace,Chemprop_Mordred,CHEMBL239_EC50,1701,,cliff test rmse,0.884624
moleculeace,Chemprop_Mordred,CHEMBL244_Ki,1701,,overall test rmse,0.819364
moleculeace,Chemprop_Mordred,CHEMBL244_Ki,1701,,noncliff test rmse,0.750335
moleculeace,Chemprop_Mordred,CHEMBL244_Ki,1701,,cliff test rmse,0.889004
moleculeace,Chemprop_Mordred,CHEMBL262_Ki,1701,,overall test rmse,0.811417
moleculeace,Chemprop_Mordred,CHEMBL262_Ki,1701,,noncliff test rmse,0.793194
moleculeace,Chemprop_Mordred,CHEMBL262_Ki,1701,,cliff test rmse,0.887264
moleculeace,Chemprop_Mordred,CHEMBL264_Ki,1701,,overall test rmse,0.651095
moleculeace,Chemprop_Mordred,CHEMBL264_Ki,1701,,noncliff test rmse,0.620332
moleculeace,Chemprop_Mordred,CHEMBL264_Ki,1701,,cliff test rmse,0.691917
moleculeace,Chemprop_Mordred,CHEMBL2835_Ki,1701,,overall test rmse,0.447768
moleculeace,Chemprop_Mordred,CHEMBL2835_Ki,1701,,noncliff test rmse,0.364901
moleculeace,Chemprop_Mordred,CHEMBL2835_Ki,1701,,cliff test rmse,0.88649
moleculeace,Chemprop_Mordred,CHEMBL287_Ki,1701,,overall test rmse,0.739569
moleculeace,Chemprop_Mordred,CHEMBL287_Ki,1701,,noncliff test rmse,0.742373
moleculeace,Chemprop_Mordred,CHEMBL287_Ki,1701,,cliff test rmse,0.735081
moleculeace,Chemprop_Mordred,CHEMBL2971_Ki,1701,,overall test rmse,0.651829
moleculeace,Chemprop_Mordred,CHEMBL2971_Ki,1701,,noncliff test rmse,0.597616
moleculeace,Chemprop_Mordred,CHEMBL2971_Ki,1701,,cliff test rmse,0.865805
moleculeace,Chemprop_Mordred,CHEMBL3979_EC50,1701,,overall test rmse,0.670626
moleculeace,Chemprop_Mordred,CHEMBL3979_EC50,1701,,noncliff test rmse,0.680155
moleculeace,Chemprop_Mordred,CHEMBL3979_EC50,1701,,cliff test rmse,0.657011
moleculeace,Chemprop_Mordred,CHEMBL4005_Ki,1701,,overall test rmse,0.672975
moleculeace,Chemprop_Mordred,CHEMBL4005_Ki,1701,,noncliff test rmse,0.562885
moleculeace,Chemprop_Mordred,CHEMBL4005_Ki,1701,,cliff test rmse,0.800639
moleculeace,Chemprop_Mordred,CHEMBL4203_Ki,1701,,overall test rmse,1.00892
moleculeace,Chemprop_Mordred,CHEMBL4203_Ki,1701,,noncliff test rmse,0.953069
moleculeace,Chemprop_Mordred,CHEMBL4203_Ki,1701,,cliff test rmse,1.47116
moleculeace,Chemprop_Mordred,CHEMBL4616_EC50,1701,,overall test rmse,0.726414
moleculeace,Chemprop_Mordred,CHEMBL4616_EC50,1701,,noncliff test rmse,0.684405
moleculeace,Chemprop_Mordred,CHEMBL4616_EC50,1701,,cliff test rmse,0.762404
moleculeace,Chemprop_Mordred,CHEMBL4792_Ki,1701,,overall test rmse,0.703887
moleculeace,Chemprop_Mordred,CHEMBL4792_Ki,1701,,noncliff test rmse,0.674278
moleculeace,Chemprop_Mordred,CHEMBL4792_Ki,1701,,cliff test rmse,0.728284
moleculeace,Chemprop_Mordred,CHEMBL1862_Ki,9001,,overall test rmse,0.847281
moleculeace,Chemprop_Mordred,CHEMBL1862_Ki,9001,,noncliff test rmse,0.895161
moleculeace,Chemprop_Mordred,CHEMBL1862_Ki,9001,,cliff test rmse,0.775136
moleculeace,Chemprop_Mordred,CHEMBL1871_Ki,9001,,overall test rmse,0.686191
moleculeace,Chemprop_Mordred,CHEMBL1871_Ki,9001,,noncliff test rmse,0.620944
moleculeace,Chemprop_Mordred,CHEMBL1871_Ki,9001,,cliff test rmse,0.861805
moleculeace,Chemprop_Mordred,CHEMBL2034_Ki,9001,,overall test rmse,0.746331
moleculeace,Chemprop_Mordred,CHEMBL2034_Ki,9001,,noncliff test rmse,0.638895
moleculeace,Chemprop_Mordred,CHEMBL2034_Ki,9001,,cliff test rmse,0.918264
moleculeace,Chemprop_Mordred,CHEMBL2047_EC50,9001,,overall test rmse,0.709082
moleculeace,Chemprop_Mordred,CHEMBL2047_EC50,9001,,noncliff test rmse,0.654506
moleculeace,Chemprop_Mordred,CHEMBL2047_EC50,9001,,cliff test rmse,0.786698
moleculeace,Chemprop_Mordred,CHEMBL204_Ki,9001,,overall test rmse,0.822563
moleculeace,Chemprop_Mordred,CHEMBL204_Ki,9001,,noncliff test rmse,0.766389
moleculeace,Chemprop_Mordred,CHEMBL204_Ki,9001,,cliff test rmse,0.900951
moleculeace,Chemprop_Mordred,CHEMBL2147_Ki,9001,,overall test rmse,0.664292
moleculeace,Chemprop_Mordred,CHEMBL2147_Ki,9001,,noncliff test rmse,0.657658
moleculeace,Chemprop_Mordred,CHEMBL2147_Ki,9001,,cliff test rmse,0.674346
moleculeace,Chemprop_Mordred,CHEMBL214_Ki,9001,,overall test rmse,0.747982
moleculeace,Chemprop_Mordred,CHEMBL214_Ki,9001,,noncliff test rmse,0.655248
moleculeace,Chemprop_Mordred,CHEMBL214_Ki,9001,,cliff test rmse,0.884921
moleculeace,Chemprop_Mordred,CHEMBL218_EC50,9001,,overall test rmse,0.789469
moleculeace,Chemprop_Mordred,CHEMBL218_EC50,9001,,noncliff test rmse,0.778941
moleculeace,Chemprop_Mordred,CHEMBL218_EC50,9001,,cliff test rmse,0.807427
moleculeace,Chemprop_Mordred,CHEMBL219_Ki,9001,,overall test rmse,0.799754
moleculeace,Chemprop_Mordred,CHEMBL219_Ki,9001,,noncliff test rmse,0.756278
moleculeace,Chemprop_Mordred,CHEMBL219_Ki,9001,,cliff test rmse,0.861921
moleculeace,Chemprop_Mordred,CHEMBL228_Ki,9001,,overall test rmse,0.783175
moleculeace,Chemprop_Mordred,CHEMBL228_Ki,9001,,noncliff test rmse,0.78008
moleculeace,Chemprop_Mordred,CHEMBL228_Ki,9001,,cliff test rmse,0.788387
moleculeace,Chemprop_Mordred,CHEMBL231_Ki,9001,,overall test rmse,0.774173
moleculeace,Chemprop_Mordred,CHEMBL231_Ki,9001,,noncliff test rmse,0.735965
moleculeace,Chemprop_Mordred,CHEMBL231_Ki,9001,,cliff test rmse,0.8823
moleculeace,Chemprop_Mordred,CHEMBL233_Ki,9001,,overall test rmse,0.877
moleculeace,Chemprop_Mordred,CHEMBL233_Ki,9001,,noncliff test rmse,0.831996
moleculeace,Chemprop_Mordred,CHEMBL233_Ki,9001,,cliff test rmse,0.937709
moleculeace,Chemprop_Mordred,CHEMBL234_Ki,9001,,overall test rmse,0.72747
moleculeace,Chemprop_Mordred,CHEMBL234_Ki,9001,,noncliff test rmse,0.769
moleculeace,Chemprop_Mordred,CHEMBL234_Ki,9001,,cliff test rmse,0.670075
moleculeace,Chemprop_Mordred,CHEMBL235_EC50,9001,,overall test rmse,0.750906
moleculeace,Chemprop_Mordred,CHEMBL235_EC50,9001,,noncliff test rmse,0.682755
moleculeace,Chemprop_Mordred,CHEMBL235_EC50,9001,,cliff test rmse,0.85161
moleculeace,Chemprop_Mordred,CHEMBL236_Ki,9001,,overall test rmse,0.799762
moleculeace,Chemprop_Mordred,CHEMBL236_Ki,9001,,noncliff test rmse,0.766695
moleculeace,Chemprop_Mordred,CHEMBL236_Ki,9001,,cliff test rmse,0.848591
moleculeace,Chemprop_Mordred,CHEMBL237_EC50,9001,,overall test rmse,0.923651
moleculeace,Chemprop_Mordred,CHEMBL237_EC50,9001,,noncliff test rmse,0.85532
moleculeace,Chemprop_Mordred,CHEMBL237_EC50,9001,,cliff test rmse,0.994679
moleculeace,Chemprop_Mordred,CHEMBL237_Ki,9001,,overall test rmse,0.815438
moleculeace,Chemprop_Mordred,CHEMBL237_Ki,9001,,noncliff test rmse,0.767222
moleculeace,Chemprop_Mordred,CHEMBL237_Ki,9001,,cliff test rmse,0.87593
moleculeace,Chemprop_Mordred,CHEMBL238_Ki,9001,,overall test rmse,0.785655
moleculeace,Chemprop_Mordred,CHEMBL238_Ki,9001,,noncliff test rmse,0.771981
moleculeace,Chemprop_Mordred,CHEMBL238_Ki,9001,,cliff test rmse,0.823674
moleculeace,Chemprop_Mordred,CHEMBL239_EC50,9001,,overall test rmse,0.751873
moleculeace,Chemprop_Mordred,CHEMBL239_EC50,9001,,noncliff test rmse,0.703885
moleculeace,Chemprop_Mordred,CHEMBL239_EC50,9001,,cliff test rmse,0.816933
moleculeace,Chemprop_Mordred,CHEMBL244_Ki,9001,,overall test rmse,0.821994
moleculeace,Chemprop_Mordred,CHEMBL244_Ki,9001,,noncliff test rmse,0.75748
moleculeace,Chemprop_Mordred,CHEMBL244_Ki,9001,,cliff test rmse,0.887443
moleculeace,Chemprop_Mordred,CHEMBL262_Ki,9001,,overall test rmse,0.865188
moleculeace,Chemprop_Mordred,CHEMBL262_Ki,9001,,noncliff test rmse,0.854445
moleculeace,Chemprop_Mordred,CHEMBL262_Ki,9001,,cliff test rmse,0.911018
moleculeace,Chemprop_Mordred,CHEMBL264_Ki,9001,,overall test rmse,0.681967
moleculeace,Chemprop_Mordred,CHEMBL264_Ki,9001,,noncliff test rmse,0.635115
moleculeace,Chemprop_Mordred,CHEMBL264_Ki,9001,,cliff test rmse,0.742681
moleculeace,Chemprop_Mordred,CHEMBL2835_Ki,9001,,overall test rmse,0.464774
moleculeace,Chemprop_Mordred,CHEMBL2835_Ki,9001,,noncliff test rmse,0.378445
moleculeace,Chemprop_Mordred,CHEMBL2835_Ki,9001,,cliff test rmse,0.921284
moleculeace,Chemprop_Mordred,CHEMBL287_Ki,9001,,overall test rmse,0.743084
moleculeace,Chemprop_Mordred,CHEMBL287_Ki,9001,,noncliff test rmse,0.734771
moleculeace,Chemprop_Mordred,CHEMBL287_Ki,9001,,cliff test rmse,0.756132
moleculeace,Chemprop_Mordred,CHEMBL2971_Ki,9001,,overall test rmse,0.690385
moleculeace,Chemprop_Mordred,CHEMBL2971_Ki,9001,,noncliff test rmse,0.640505
moleculeace,Chemprop_Mordred,CHEMBL2971_Ki,9001,,cliff test rmse,0.891564
moleculeace,Chemprop_Mordred,CHEMBL3979_EC50,9001,,overall test rmse,0.668727
moleculeace,Chemprop_Mordred,CHEMBL3979_EC50,9001,,noncliff test rmse,0.671984
moleculeace,Chemprop_Mordred,CHEMBL3979_EC50,9001,,cliff test rmse,0.664127
moleculeace,Chemprop_Mordred,CHEMBL4005_Ki,9001,,overall test rmse,0.655361
moleculeace,Chemprop_Mordred,CHEMBL4005_Ki,9001,,noncliff test rmse,0.524951
moleculeace,Chemprop_Mordred,CHEMBL4005_Ki,9001,,cliff test rmse,0.801455
moleculeace,Chemprop_Mordred,CHEMBL4203_Ki,9001,,overall test rmse,0.997115
moleculeace,Chemprop_Mordred,CHEMBL4203_Ki,9001,,noncliff test rmse,0.945403
moleculeace,Chemprop_Mordred,CHEMBL4203_Ki,9001,,cliff test rmse,1.43008
moleculeace,Chemprop_Mordred,CHEMBL4616_EC50,9001,,overall test rmse,0.761876
moleculeace,Chemprop_Mordred,CHEMBL4616_EC50,9001,,noncliff test rmse,0.755192
moleculeace,Chemprop_Mordred,CHEMBL4616_EC50,9001,,cliff test rmse,0.767869
moleculeace,Chemprop_Mordred,CHEMBL4792_Ki,9001,,overall test rmse,0.725387
moleculeace,Chemprop_Mordred,CHEMBL4792_Ki,9001,,noncliff test rmse,0.698186
moleculeace,Chemprop_Mordred,CHEMBL4792_Ki,9001,,cliff test rmse,0.747893
moleculeace,MLP_PLR_Pretrained,CHEMBL1862_Ki,42,,overall test rmse,0.797389
moleculeace,MLP_PLR_Pretrained,CHEMBL1862_Ki,42,,noncliff test rmse,0.783582
moleculeace,MLP_PLR_Pretrained,CHEMBL1862_Ki,42,,cliff test rmse,0.816367
moleculeace,MLP_PLR_Pretrained,CHEMBL1871_Ki,42,,overall test rmse,0.668795
moleculeace,MLP_PLR_Pretrained,CHEMBL1871_Ki,42,,noncliff test rmse,0.596668
moleculeace,MLP_PLR_Pretrained,CHEMBL1871_Ki,42,,cliff test rmse,0.859199
moleculeace,MLP_PLR_Pretrained,CHEMBL2034_Ki,42,,overall test rmse,0.788236
moleculeace,MLP_PLR_Pretrained,CHEMBL2034_Ki,42,,noncliff test rmse,0.676631
moleculeace,MLP_PLR_Pretrained,CHEMBL2034_Ki,42,,cliff test rmse,0.967323
moleculeace,MLP_PLR_Pretrained,CHEMBL2047_EC50,42,,overall test rmse,0.717543
moleculeace,MLP_PLR_Pretrained,CHEMBL2047_EC50,42,,noncliff test rmse,0.735731
moleculeace,MLP_PLR_Pretrained,CHEMBL2047_EC50,42,,cliff test rmse,0.68821
moleculeace,MLP_PLR_Pretrained,CHEMBL204_Ki,42,,overall test rmse,0.800204
moleculeace,MLP_PLR_Pretrained,CHEMBL204_Ki,42,,noncliff test rmse,0.692517
moleculeace,MLP_PLR_Pretrained,CHEMBL204_Ki,42,,cliff test rmse,0.940021
moleculeace,MLP_PLR_Pretrained,CHEMBL2147_Ki,42,,overall test rmse,0.705897
moleculeace,MLP_PLR_Pretrained,CHEMBL2147_Ki,42,,noncliff test rmse,0.675938
moleculeace,MLP_PLR_Pretrained,CHEMBL2147_Ki,42,,cliff test rmse,0.749545
moleculeace,MLP_PLR_Pretrained,CHEMBL214_Ki,42,,overall test rmse,0.726641
moleculeace,MLP_PLR_Pretrained,CHEMBL214_Ki,42,,noncliff test rmse,0.622529
moleculeace,MLP_PLR_Pretrained,CHEMBL214_Ki,42,,cliff test rmse,0.877141
moleculeace,MLP_PLR_Pretrained,CHEMBL218_EC50,42,,overall test rmse,0.77287
moleculeace,MLP_PLR_Pretrained,CHEMBL218_EC50,42,,noncliff test rmse,0.768117
moleculeace,MLP_PLR_Pretrained,CHEMBL218_EC50,42,,cliff test rmse,0.781056
moleculeace,MLP_PLR_Pretrained,CHEMBL219_Ki,42,,overall test rmse,0.799465
moleculeace,MLP_PLR_Pretrained,CHEMBL219_Ki,42,,noncliff test rmse,0.762476
moleculeace,MLP_PLR_Pretrained,CHEMBL219_Ki,42,,cliff test rmse,0.852859
moleculeace,MLP_PLR_Pretrained,CHEMBL228_Ki,42,,overall test rmse,0.785272
moleculeace,MLP_PLR_Pretrained,CHEMBL228_Ki,42,,noncliff test rmse,0.76082
moleculeace,MLP_PLR_Pretrained,CHEMBL228_Ki,42,,cliff test rmse,0.825017
moleculeace,MLP_PLR_Pretrained,CHEMBL231_Ki,42,,overall test rmse,0.719813
moleculeace,MLP_PLR_Pretrained,CHEMBL231_Ki,42,,noncliff test rmse,0.683248
moleculeace,MLP_PLR_Pretrained,CHEMBL231_Ki,42,,cliff test rmse,0.823033
moleculeace,MLP_PLR_Pretrained,CHEMBL233_Ki,42,,overall test rmse,0.854159
moleculeace,MLP_PLR_Pretrained,CHEMBL233_Ki,42,,noncliff test rmse,0.811142
moleculeace,MLP_PLR_Pretrained,CHEMBL233_Ki,42,,cliff test rmse,0.912252
moleculeace,MLP_PLR_Pretrained,CHEMBL234_Ki,42,,overall test rmse,0.697999
moleculeace,MLP_PLR_Pretrained,CHEMBL234_Ki,42,,noncliff test rmse,0.71306
moleculeace,MLP_PLR_Pretrained,CHEMBL234_Ki,42,,cliff test rmse,0.678065
moleculeace,MLP_PLR_Pretrained,CHEMBL235_EC50,42,,overall test rmse,0.691694
moleculeace,MLP_PLR_Pretrained,CHEMBL235_EC50,42,,noncliff test rmse,0.584967
moleculeace,MLP_PLR_Pretrained,CHEMBL235_EC50,42,,cliff test rmse,0.838742
moleculeace,MLP_PLR_Pretrained,CHEMBL236_Ki,42,,overall test rmse,0.855796
moleculeace,MLP_PLR_Pretrained,CHEMBL236_Ki,42,,noncliff test rmse,0.79333
moleculeace,MLP_PLR_Pretrained,CHEMBL236_Ki,42,,cliff test rmse,0.944702
moleculeace,MLP_PLR_Pretrained,CHEMBL237_EC50,42,,overall test rmse,0.817847
moleculeace,MLP_PLR_Pretrained,CHEMBL237_EC50,42,,noncliff test rmse,0.693227
moleculeace,MLP_PLR_Pretrained,CHEMBL237_EC50,42,,cliff test rmse,0.938055
moleculeace,MLP_PLR_Pretrained,CHEMBL237_Ki,42,,overall test rmse,0.762603
moleculeace,MLP_PLR_Pretrained,CHEMBL237_Ki,42,,noncliff test rmse,0.706447
moleculeace,MLP_PLR_Pretrained,CHEMBL237_Ki,42,,cliff test rmse,0.831971
moleculeace,MLP_PLR_Pretrained,CHEMBL238_Ki,42,,overall test rmse,0.734399
moleculeace,MLP_PLR_Pretrained,CHEMBL238_Ki,42,,noncliff test rmse,0.704332
moleculeace,MLP_PLR_Pretrained,CHEMBL238_Ki,42,,cliff test rmse,0.814624
moleculeace,MLP_PLR_Pretrained,CHEMBL239_EC50,42,,overall test rmse,0.776689
moleculeace,MLP_PLR_Pretrained,CHEMBL239_EC50,42,,noncliff test rmse,0.69383
moleculeace,MLP_PLR_Pretrained,CHEMBL239_EC50,42,,cliff test rmse,0.88389
moleculeace,MLP_PLR_Pretrained,CHEMBL244_Ki,42,,overall test rmse,0.80665
moleculeace,MLP_PLR_Pretrained,CHEMBL244_Ki,42,,noncliff test rmse,0.74928
moleculeace,MLP_PLR_Pretrained,CHEMBL244_Ki,42,,cliff test rmse,0.86527
moleculeace,MLP_PLR_Pretrained,CHEMBL262_Ki,42,,overall test rmse,0.797228
moleculeace,MLP_PLR_Pretrained,CHEMBL262_Ki,42,,noncliff test rmse,0.776104
moleculeace,MLP_PLR_Pretrained,CHEMBL262_Ki,42,,cliff test rmse,0.884313
moleculeace,MLP_PLR_Pretrained,CHEMBL264_Ki,42,,overall test rmse,0.649755
moleculeace,MLP_PLR_Pretrained,CHEMBL264_Ki,42,,noncliff test rmse,0.604696
moleculeace,MLP_PLR_Pretrained,CHEMBL264_Ki,42,,cliff test rmse,0.708104
moleculeace,MLP_PLR_Pretrained,CHEMBL2835_Ki,42,,overall test rmse,0.458856
moleculeace,MLP_PLR_Pretrained,CHEMBL2835_Ki,42,,noncliff test rmse,0.374496
moleculeace,MLP_PLR_Pretrained,CHEMBL2835_Ki,42,,cliff test rmse,0.906437
moleculeace,MLP_PLR_Pretrained,CHEMBL287_Ki,42,,overall test rmse,0.736127
moleculeace,MLP_PLR_Pretrained,CHEMBL287_Ki,42,,noncliff test rmse,0.702181
moleculeace,MLP_PLR_Pretrained,CHEMBL287_Ki,42,,cliff test rmse,0.787162
moleculeace,MLP_PLR_Pretrained,CHEMBL2971_Ki,42,,overall test rmse,0.75803
moleculeace,MLP_PLR_Pretrained,CHEMBL2971_Ki,42,,noncliff test rmse,0.714324
moleculeace,MLP_PLR_Pretrained,CHEMBL2971_Ki,42,,cliff test rmse,0.939741
moleculeace,MLP_PLR_Pretrained,CHEMBL3979_EC50,42,,overall test rmse,0.674574
moleculeace,MLP_PLR_Pretrained,CHEMBL3979_EC50,42,,noncliff test rmse,0.645627
moleculeace,MLP_PLR_Pretrained,CHEMBL3979_EC50,42,,cliff test rmse,0.713243
moleculeace,MLP_PLR_Pretrained,CHEMBL4005_Ki,42,,overall test rmse,0.654253
moleculeace,MLP_PLR_Pretrained,CHEMBL4005_Ki,42,,noncliff test rmse,0.54968
moleculeace,MLP_PLR_Pretrained,CHEMBL4005_Ki,42,,cliff test rmse,0.775969
moleculeace,MLP_PLR_Pretrained,CHEMBL4203_Ki,42,,overall test rmse,0.932823
moleculeace,MLP_PLR_Pretrained,CHEMBL4203_Ki,42,,noncliff test rmse,0.903633
moleculeace,MLP_PLR_Pretrained,CHEMBL4203_Ki,42,,cliff test rmse,1.19623
moleculeace,MLP_PLR_Pretrained,CHEMBL4616_EC50,42,,overall test rmse,0.73552
moleculeace,MLP_PLR_Pretrained,CHEMBL4616_EC50,42,,noncliff test rmse,0.719933
moleculeace,MLP_PLR_Pretrained,CHEMBL4616_EC50,42,,cliff test rmse,0.749333
moleculeace,MLP_PLR_Pretrained,CHEMBL4792_Ki,42,,overall test rmse,0.722723
moleculeace,MLP_PLR_Pretrained,CHEMBL4792_Ki,42,,noncliff test rmse,0.713563
moleculeace,MLP_PLR_Pretrained,CHEMBL4792_Ki,42,,cliff test rmse,0.730475
moleculeace,MLP_PLR_Pretrained,CHEMBL1862_Ki,117,,overall test rmse,0.812775
moleculeace,MLP_PLR_Pretrained,CHEMBL1862_Ki,117,,noncliff test rmse,0.803299
moleculeace,MLP_PLR_Pretrained,CHEMBL1862_Ki,117,,cliff test rmse,0.825888
moleculeace,MLP_PLR_Pretrained,CHEMBL1871_Ki,117,,overall test rmse,0.753985
moleculeace,MLP_PLR_Pretrained,CHEMBL1871_Ki,117,,noncliff test rmse,0.670977
moleculeace,MLP_PLR_Pretrained,CHEMBL1871_Ki,117,,cliff test rmse,0.972378
moleculeace,MLP_PLR_Pretrained,CHEMBL2034_Ki,117,,overall test rmse,0.767489
moleculeace,MLP_PLR_Pretrained,CHEMBL2034_Ki,117,,noncliff test rmse,0.660008
moleculeace,MLP_PLR_Pretrained,CHEMBL2034_Ki,117,,cliff test rmse,0.940263
moleculeace,MLP_PLR_Pretrained,CHEMBL2047_EC50,117,,overall test rmse,0.71169
moleculeace,MLP_PLR_Pretrained,CHEMBL2047_EC50,117,,noncliff test rmse,0.723279
moleculeace,MLP_PLR_Pretrained,CHEMBL2047_EC50,117,,cliff test rmse,0.693225
moleculeace,MLP_PLR_Pretrained,CHEMBL204_Ki,117,,overall test rmse,0.845145
moleculeace,MLP_PLR_Pretrained,CHEMBL204_Ki,117,,noncliff test rmse,0.734409
moleculeace,MLP_PLR_Pretrained,CHEMBL204_Ki,117,,cliff test rmse,0.989457
moleculeace,MLP_PLR_Pretrained,CHEMBL2147_Ki,117,,overall test rmse,0.660507
moleculeace,MLP_PLR_Pretrained,CHEMBL2147_Ki,117,,noncliff test rmse,0.635219
moleculeace,MLP_PLR_Pretrained,CHEMBL2147_Ki,117,,cliff test rmse,0.69753
moleculeace,MLP_PLR_Pretrained,CHEMBL214_Ki,117,,overall test rmse,0.717861
moleculeace,MLP_PLR_Pretrained,CHEMBL214_Ki,117,,noncliff test rmse,0.612256
moleculeace,MLP_PLR_Pretrained,CHEMBL214_Ki,117,,cliff test rmse,0.869885
moleculeace,MLP_PLR_Pretrained,CHEMBL218_EC50,117,,overall test rmse,0.780879
moleculeace,MLP_PLR_Pretrained,CHEMBL218_EC50,117,,noncliff test rmse,0.78243
moleculeace,MLP_PLR_Pretrained,CHEMBL218_EC50,117,,cliff test rmse,0.778177
moleculeace,MLP_PLR_Pretrained,CHEMBL219_Ki,117,,overall test rmse,0.817637
moleculeace,MLP_PLR_Pretrained,CHEMBL219_Ki,117,,noncliff test rmse,0.74814
moleculeace,MLP_PLR_Pretrained,CHEMBL219_Ki,117,,cliff test rmse,0.913616
moleculeace,MLP_PLR_Pretrained,CHEMBL228_Ki,117,,overall test rmse,0.747597
moleculeace,MLP_PLR_Pretrained,CHEMBL228_Ki,117,,noncliff test rmse,0.701627
moleculeace,MLP_PLR_Pretrained,CHEMBL228_Ki,117,,cliff test rmse,0.819563
moleculeace,MLP_PLR_Pretrained,CHEMBL231_Ki,117,,overall test rmse,0.736695
moleculeace,MLP_PLR_Pretrained,CHEMBL231_Ki,117,,noncliff test rmse,0.709589
moleculeace,MLP_PLR_Pretrained,CHEMBL231_Ki,117,,cliff test rmse,0.815113
moleculeace,MLP_PLR_Pretrained,CHEMBL233_Ki,117,,overall test rmse,0.845343
moleculeace,MLP_PLR_Pretrained,CHEMBL233_Ki,117,,noncliff test rmse,0.800491
moleculeace,MLP_PLR_Pretrained,CHEMBL233_Ki,117,,cliff test rmse,0.90573
moleculeace,MLP_PLR_Pretrained,CHEMBL234_Ki,117,,overall test rmse,0.702611
moleculeace,MLP_PLR_Pretrained,CHEMBL234_Ki,117,,noncliff test rmse,0.743933
moleculeace,MLP_PLR_Pretrained,CHEMBL234_Ki,117,,cliff test rmse,0.645381
moleculeace,MLP_PLR_Pretrained,CHEMBL235_EC50,117,,overall test rmse,0.700498
moleculeace,MLP_PLR_Pretrained,CHEMBL235_EC50,117,,noncliff test rmse,0.608191
moleculeace,MLP_PLR_Pretrained,CHEMBL235_EC50,117,,cliff test rmse,0.830797
moleculeace,MLP_PLR_Pretrained,CHEMBL236_Ki,117,,overall test rmse,0.79907
moleculeace,MLP_PLR_Pretrained,CHEMBL236_Ki,117,,noncliff test rmse,0.741194
moleculeace,MLP_PLR_Pretrained,CHEMBL236_Ki,117,,cliff test rmse,0.881498
moleculeace,MLP_PLR_Pretrained,CHEMBL237_EC50,117,,overall test rmse,0.824146
moleculeace,MLP_PLR_Pretrained,CHEMBL237_EC50,117,,noncliff test rmse,0.725201
moleculeace,MLP_PLR_Pretrained,CHEMBL237_EC50,117,,cliff test rmse,0.922522
moleculeace,MLP_PLR_Pretrained,CHEMBL237_Ki,117,,overall test rmse,0.739334
moleculeace,MLP_PLR_Pretrained,CHEMBL237_Ki,117,,noncliff test rmse,0.688718
moleculeace,MLP_PLR_Pretrained,CHEMBL237_Ki,117,,cliff test rmse,0.802205
moleculeace,MLP_PLR_Pretrained,CHEMBL238_Ki,117,,overall test rmse,0.761054
moleculeace,MLP_PLR_Pretrained,CHEMBL238_Ki,117,,noncliff test rmse,0.734511
moleculeace,MLP_PLR_Pretrained,CHEMBL238_Ki,117,,cliff test rmse,0.83261
moleculeace,MLP_PLR_Pretrained,CHEMBL239_EC50,117,,overall test rmse,0.76519
moleculeace,MLP_PLR_Pretrained,CHEMBL239_EC50,117,,noncliff test rmse,0.68237
moleculeace,MLP_PLR_Pretrained,CHEMBL239_EC50,117,,cliff test rmse,0.872164
moleculeace,MLP_PLR_Pretrained,CHEMBL244_Ki,117,,overall test rmse,0.760891
moleculeace,MLP_PLR_Pretrained,CHEMBL244_Ki,117,,noncliff test rmse,0.704275
moleculeace,MLP_PLR_Pretrained,CHEMBL244_Ki,117,,cliff test rmse,0.818556
moleculeace,MLP_PLR_Pretrained,CHEMBL262_Ki,117,,overall test rmse,0.780733
moleculeace,MLP_PLR_Pretrained,CHEMBL262_Ki,117,,noncliff test rmse,0.762856
moleculeace,MLP_PLR_Pretrained,CHEMBL262_Ki,117,,cliff test rmse,0.855066
moleculeace,MLP_PLR_Pretrained,CHEMBL264_Ki,117,,overall test rmse,0.666574
moleculeace,MLP_PLR_Pretrained,CHEMBL264_Ki,117,,noncliff test rmse,0.643474
moleculeace,MLP_PLR_Pretrained,CHEMBL264_Ki,117,,cliff test rmse,0.697667
moleculeace,MLP_PLR_Pretrained,CHEMBL2835_Ki,117,,overall test rmse,0.439216
moleculeace,MLP_PLR_Pretrained,CHEMBL2835_Ki,117,,noncliff test rmse,0.365603
moleculeace,MLP_PLR_Pretrained,CHEMBL2835_Ki,117,,cliff test rmse,0.841359
moleculeace,MLP_PLR_Pretrained,CHEMBL287_Ki,117,,overall test rmse,0.727075
moleculeace,MLP_PLR_Pretrained,CHEMBL287_Ki,117,,noncliff test rmse,0.704372
moleculeace,MLP_PLR_Pretrained,CHEMBL287_Ki,117,,cliff test rmse,0.761829
moleculeace,MLP_PLR_Pretrained,CHEMBL2971_Ki,117,,overall test rmse,0.697205
moleculeace,MLP_PLR_Pretrained,CHEMBL2971_Ki,117,,noncliff test rmse,0.634214
moleculeace,MLP_PLR_Pretrained,CHEMBL2971_Ki,117,,cliff test rmse,0.942426
moleculeace,MLP_PLR_Pretrained,CHEMBL3979_EC50,117,,overall test rmse,0.655693
moleculeace,MLP_PLR_Pretrained,CHEMBL3979_EC50,117,,noncliff test rmse,0.634347
moleculeace,MLP_PLR_Pretrained,CHEMBL3979_EC50,117,,cliff test rmse,0.684545
moleculeace,MLP_PLR_Pretrained,CHEMBL4005_Ki,117,,overall test rmse,0.677328
moleculeace,MLP_PLR_Pretrained,CHEMBL4005_Ki,117,,noncliff test rmse,0.547419
moleculeace,MLP_PLR_Pretrained,CHEMBL4005_Ki,117,,cliff test rmse,0.823876
moleculeace,MLP_PLR_Pretrained,CHEMBL4203_Ki,117,,overall test rmse,0.982682
moleculeace,MLP_PLR_Pretrained,CHEMBL4203_Ki,117,,noncliff test rmse,0.957915
moleculeace,MLP_PLR_Pretrained,CHEMBL4203_Ki,117,,cliff test rmse,1.21181
moleculeace,MLP_PLR_Pretrained,CHEMBL4616_EC50,117,,overall test rmse,0.757566
moleculeace,MLP_PLR_Pretrained,CHEMBL4616_EC50,117,,noncliff test rmse,0.761414
moleculeace,MLP_PLR_Pretrained,CHEMBL4616_EC50,117,,cliff test rmse,0.754071
moleculeace,MLP_PLR_Pretrained,CHEMBL4792_Ki,117,,overall test rmse,0.759076
moleculeace,MLP_PLR_Pretrained,CHEMBL4792_Ki,117,,noncliff test rmse,0.728131
moleculeace,MLP_PLR_Pretrained,CHEMBL4792_Ki,117,,cliff test rmse,0.784603
moleculeace,MLP_PLR_Pretrained,CHEMBL1862_Ki,709,,overall test rmse,0.824322
moleculeace,MLP_PLR_Pretrained,CHEMBL1862_Ki,709,,noncliff test rmse,0.796404
moleculeace,MLP_PLR_Pretrained,CHEMBL1862_Ki,709,,cliff test rmse,0.861968
moleculeace,MLP_PLR_Pretrained,CHEMBL1871_Ki,709,,overall test rmse,0.719036
moleculeace,MLP_PLR_Pretrained,CHEMBL1871_Ki,709,,noncliff test rmse,0.62244
moleculeace,MLP_PLR_Pretrained,CHEMBL1871_Ki,709,,cliff test rmse,0.964391
moleculeace,MLP_PLR_Pretrained,CHEMBL2034_Ki,709,,overall test rmse,0.758004
moleculeace,MLP_PLR_Pretrained,CHEMBL2034_Ki,709,,noncliff test rmse,0.657633
moleculeace,MLP_PLR_Pretrained,CHEMBL2034_Ki,709,,cliff test rmse,0.92077
moleculeace,MLP_PLR_Pretrained,CHEMBL2047_EC50,709,,overall test rmse,0.741872
moleculeace,MLP_PLR_Pretrained,CHEMBL2047_EC50,709,,noncliff test rmse,0.758969
moleculeace,MLP_PLR_Pretrained,CHEMBL2047_EC50,709,,cliff test rmse,0.714385
moleculeace,MLP_PLR_Pretrained,CHEMBL204_Ki,709,,overall test rmse,0.790545
moleculeace,MLP_PLR_Pretrained,CHEMBL204_Ki,709,,noncliff test rmse,0.691883
moleculeace,MLP_PLR_Pretrained,CHEMBL204_Ki,709,,cliff test rmse,0.91997
moleculeace,MLP_PLR_Pretrained,CHEMBL2147_Ki,709,,overall test rmse,0.659682
moleculeace,MLP_PLR_Pretrained,CHEMBL2147_Ki,709,,noncliff test rmse,0.635199
moleculeace,MLP_PLR_Pretrained,CHEMBL2147_Ki,709,,cliff test rmse,0.695577
moleculeace,MLP_PLR_Pretrained,CHEMBL214_Ki,709,,overall test rmse,0.706041
moleculeace,MLP_PLR_Pretrained,CHEMBL214_Ki,709,,noncliff test rmse,0.602935
moleculeace,MLP_PLR_Pretrained,CHEMBL214_Ki,709,,cliff test rmse,0.85464
moleculeace,MLP_PLR_Pretrained,CHEMBL218_EC50,709,,overall test rmse,0.748811
moleculeace,MLP_PLR_Pretrained,CHEMBL218_EC50,709,,noncliff test rmse,0.738068
moleculeace,MLP_PLR_Pretrained,CHEMBL218_EC50,709,,cliff test rmse,0.767114
moleculeace,MLP_PLR_Pretrained,CHEMBL219_Ki,709,,overall test rmse,0.795317
moleculeace,MLP_PLR_Pretrained,CHEMBL219_Ki,709,,noncliff test rmse,0.737318
moleculeace,MLP_PLR_Pretrained,CHEMBL219_Ki,709,,cliff test rmse,0.876511
moleculeace,MLP_PLR_Pretrained,CHEMBL228_Ki,709,,overall test rmse,0.729651
moleculeace,MLP_PLR_Pretrained,CHEMBL228_Ki,709,,noncliff test rmse,0.703905
moleculeace,MLP_PLR_Pretrained,CHEMBL228_Ki,709,,cliff test rmse,0.771282
moleculeace,MLP_PLR_Pretrained,CHEMBL231_Ki,709,,overall test rmse,0.75315
moleculeace,MLP_PLR_Pretrained,CHEMBL231_Ki,709,,noncliff test rmse,0.72079
moleculeace,MLP_PLR_Pretrained,CHEMBL231_Ki,709,,cliff test rmse,0.845751
moleculeace,MLP_PLR_Pretrained,CHEMBL233_Ki,709,,overall test rmse,0.852034
moleculeace,MLP_PLR_Pretrained,CHEMBL233_Ki,709,,noncliff test rmse,0.805238
moleculeace,MLP_PLR_Pretrained,CHEMBL233_Ki,709,,cliff test rmse,0.914906
moleculeace,MLP_PLR_Pretrained,CHEMBL234_Ki,709,,overall test rmse,0.715075
moleculeace,MLP_PLR_Pretrained,CHEMBL234_Ki,709,,noncliff test rmse,0.750643
moleculeace,MLP_PLR_Pretrained,CHEMBL234_Ki,709,,cliff test rmse,0.666369
moleculeace,MLP_PLR_Pretrained,CHEMBL235_EC50,709,,overall test rmse,0.683662
moleculeace,MLP_PLR_Pretrained,CHEMBL235_EC50,709,,noncliff test rmse,0.58838
moleculeace,MLP_PLR_Pretrained,CHEMBL235_EC50,709,,cliff test rmse,0.817058
moleculeace,MLP_PLR_Pretrained,CHEMBL236_Ki,709,,overall test rmse,0.889597
moleculeace,MLP_PLR_Pretrained,CHEMBL236_Ki,709,,noncliff test rmse,0.813128
moleculeace,MLP_PLR_Pretrained,CHEMBL236_Ki,709,,cliff test rmse,0.996851
moleculeace,MLP_PLR_Pretrained,CHEMBL237_EC50,709,,overall test rmse,0.816833
moleculeace,MLP_PLR_Pretrained,CHEMBL237_EC50,709,,noncliff test rmse,0.703121
moleculeace,MLP_PLR_Pretrained,CHEMBL237_EC50,709,,cliff test rmse,0.927871
moleculeace,MLP_PLR_Pretrained,CHEMBL237_Ki,709,,overall test rmse,0.780391
moleculeace,MLP_PLR_Pretrained,CHEMBL237_Ki,709,,noncliff test rmse,0.757401
moleculeace,MLP_PLR_Pretrained,CHEMBL237_Ki,709,,cliff test rmse,0.810194
moleculeace,MLP_PLR_Pretrained,CHEMBL238_Ki,709,,overall test rmse,0.748601
moleculeace,MLP_PLR_Pretrained,CHEMBL238_Ki,709,,noncliff test rmse,0.697999
moleculeace,MLP_PLR_Pretrained,CHEMBL238_Ki,709,,cliff test rmse,0.87789
moleculeace,MLP_PLR_Pretrained,CHEMBL239_EC50,709,,overall test rmse,0.763681
moleculeace,MLP_PLR_Pretrained,CHEMBL239_EC50,709,,noncliff test rmse,0.699364
moleculeace,MLP_PLR_Pretrained,CHEMBL239_EC50,709,,cliff test rmse,0.848931
moleculeace,MLP_PLR_Pretrained,CHEMBL244_Ki,709,,overall test rmse,0.799066
moleculeace,MLP_PLR_Pretrained,CHEMBL244_Ki,709,,noncliff test rmse,0.75794
moleculeace,MLP_PLR_Pretrained,CHEMBL244_Ki,709,,cliff test rmse,0.84191
moleculeace,MLP_PLR_Pretrained,CHEMBL262_Ki,709,,overall test rmse,0.801151
moleculeace,MLP_PLR_Pretrained,CHEMBL262_Ki,709,,noncliff test rmse,0.793037
moleculeace,MLP_PLR_Pretrained,CHEMBL262_Ki,709,,cliff test rmse,0.835964
moleculeace,MLP_PLR_Pretrained,CHEMBL264_Ki,709,,overall test rmse,0.652418
moleculeace,MLP_PLR_Pretrained,CHEMBL264_Ki,709,,noncliff test rmse,0.620489
moleculeace,MLP_PLR_Pretrained,CHEMBL264_Ki,709,,cliff test rmse,0.694706
moleculeace,MLP_PLR_Pretrained,CHEMBL2835_Ki,709,,overall test rmse,0.433803
moleculeace,MLP_PLR_Pretrained,CHEMBL2835_Ki,709,,noncliff test rmse,0.358718
moleculeace,MLP_PLR_Pretrained,CHEMBL2835_Ki,709,,cliff test rmse,0.839899
moleculeace,MLP_PLR_Pretrained,CHEMBL287_Ki,709,,overall test rmse,0.728429
moleculeace,MLP_PLR_Pretrained,CHEMBL287_Ki,709,,noncliff test rmse,0.7202
moleculeace,MLP_PLR_Pretrained,CHEMBL287_Ki,709,,cliff test rmse,0.741343
moleculeace,MLP_PLR_Pretrained,CHEMBL2971_Ki,709,,overall test rmse,0.70234
moleculeace,MLP_PLR_Pretrained,CHEMBL2971_Ki,709,,noncliff test rmse,0.651502
moleculeace,MLP_PLR_Pretrained,CHEMBL2971_Ki,709,,cliff test rmse,0.907331
moleculeace,MLP_PLR_Pretrained,CHEMBL3979_EC50,709,,overall test rmse,0.674248
moleculeace,MLP_PLR_Pretrained,CHEMBL3979_EC50,709,,noncliff test rmse,0.64191
moleculeace,MLP_PLR_Pretrained,CHEMBL3979_EC50,709,,cliff test rmse,0.717201
moleculeace,MLP_PLR_Pretrained,CHEMBL4005_Ki,709,,overall test rmse,0.721331
moleculeace,MLP_PLR_Pretrained,CHEMBL4005_Ki,709,,noncliff test rmse,0.642516
moleculeace,MLP_PLR_Pretrained,CHEMBL4005_Ki,709,,cliff test rmse,0.817893
moleculeace,MLP_PLR_Pretrained,CHEMBL4203_Ki,709,,overall test rmse,0.96107
moleculeace,MLP_PLR_Pretrained,CHEMBL4203_Ki,709,,noncliff test rmse,0.927478
moleculeace,MLP_PLR_Pretrained,CHEMBL4203_Ki,709,,cliff test rmse,1.2599
moleculeace,MLP_PLR_Pretrained,CHEMBL4616_EC50,709,,overall test rmse,0.761055
moleculeace,MLP_PLR_Pretrained,CHEMBL4616_EC50,709,,noncliff test rmse,0.755378
moleculeace,MLP_PLR_Pretrained,CHEMBL4616_EC50,709,,cliff test rmse,0.766151
moleculeace,MLP_PLR_Pretrained,CHEMBL4792_Ki,709,,overall test rmse,0.761374
moleculeace,MLP_PLR_Pretrained,CHEMBL4792_Ki,709,,noncliff test rmse,0.761485
moleculeace,MLP_PLR_Pretrained,CHEMBL4792_Ki,709,,cliff test rmse,0.761279
moleculeace,MLP_PLR_Pretrained,CHEMBL1862_Ki,1701,,overall test rmse,0.812447
moleculeace,MLP_PLR_Pretrained,CHEMBL1862_Ki,1701,,noncliff test rmse,0.796716
moleculeace,MLP_PLR_Pretrained,CHEMBL1862_Ki,1701,,cliff test rmse,0.834018
moleculeace,MLP_PLR_Pretrained,CHEMBL1871_Ki,1701,,overall test rmse,0.730547
moleculeace,MLP_PLR_Pretrained,CHEMBL1871_Ki,1701,,noncliff test rmse,0.621365
moleculeace,MLP_PLR_Pretrained,CHEMBL1871_Ki,1701,,cliff test rmse,1.00209
moleculeace,MLP_PLR_Pretrained,CHEMBL2034_Ki,1701,,overall test rmse,0.743108
moleculeace,MLP_PLR_Pretrained,CHEMBL2034_Ki,1701,,noncliff test rmse,0.619583
moleculeace,MLP_PLR_Pretrained,CHEMBL2034_Ki,1701,,cliff test rmse,0.935903
moleculeace,MLP_PLR_Pretrained,CHEMBL2047_EC50,1701,,overall test rmse,0.711418
moleculeace,MLP_PLR_Pretrained,CHEMBL2047_EC50,1701,,noncliff test rmse,0.725406
moleculeace,MLP_PLR_Pretrained,CHEMBL2047_EC50,1701,,cliff test rmse,0.689028
moleculeace,MLP_PLR_Pretrained,CHEMBL204_Ki,1701,,overall test rmse,0.809094
moleculeace,MLP_PLR_Pretrained,CHEMBL204_Ki,1701,,noncliff test rmse,0.697458
moleculeace,MLP_PLR_Pretrained,CHEMBL204_Ki,1701,,cliff test rmse,0.953523
moleculeace,MLP_PLR_Pretrained,CHEMBL2147_Ki,1701,,overall test rmse,0.670053
moleculeace,MLP_PLR_Pretrained,CHEMBL2147_Ki,1701,,noncliff test rmse,0.641567
moleculeace,MLP_PLR_Pretrained,CHEMBL2147_Ki,1701,,cliff test rmse,0.711549
moleculeace,MLP_PLR_Pretrained,CHEMBL214_Ki,1701,,overall test rmse,0.731902
moleculeace,MLP_PLR_Pretrained,CHEMBL214_Ki,1701,,noncliff test rmse,0.63277
moleculeace,MLP_PLR_Pretrained,CHEMBL214_Ki,1701,,cliff test rmse,0.87644
moleculeace,MLP_PLR_Pretrained,CHEMBL218_EC50,1701,,overall test rmse,0.813931
moleculeace,MLP_PLR_Pretrained,CHEMBL218_EC50,1701,,noncliff test rmse,0.80691
moleculeace,MLP_PLR_Pretrained,CHEMBL218_EC50,1701,,cliff test rmse,0.825983
moleculeace,MLP_PLR_Pretrained,CHEMBL219_Ki,1701,,overall test rmse,0.773066
moleculeace,MLP_PLR_Pretrained,CHEMBL219_Ki,1701,,noncliff test rmse,0.729224
moleculeace,MLP_PLR_Pretrained,CHEMBL219_Ki,1701,,cliff test rmse,0.835587
moleculeace,MLP_PLR_Pretrained,CHEMBL228_Ki,1701,,overall test rmse,0.757752
moleculeace,MLP_PLR_Pretrained,CHEMBL228_Ki,1701,,noncliff test rmse,0.725466
moleculeace,MLP_PLR_Pretrained,CHEMBL228_Ki,1701,,cliff test rmse,0.80948
moleculeace,MLP_PLR_Pretrained,CHEMBL231_Ki,1701,,overall test rmse,0.723846
moleculeace,MLP_PLR_Pretrained,CHEMBL231_Ki,1701,,noncliff test rmse,0.694316
moleculeace,MLP_PLR_Pretrained,CHEMBL231_Ki,1701,,cliff test rmse,0.808672
moleculeace,MLP_PLR_Pretrained,CHEMBL233_Ki,1701,,overall test rmse,0.851725
moleculeace,MLP_PLR_Pretrained,CHEMBL233_Ki,1701,,noncliff test rmse,0.809142
moleculeace,MLP_PLR_Pretrained,CHEMBL233_Ki,1701,,cliff test rmse,0.909255
moleculeace,MLP_PLR_Pretrained,CHEMBL234_Ki,1701,,overall test rmse,0.716043
moleculeace,MLP_PLR_Pretrained,CHEMBL234_Ki,1701,,noncliff test rmse,0.748387
moleculeace,MLP_PLR_Pretrained,CHEMBL234_Ki,1701,,cliff test rmse,0.672001
moleculeace,MLP_PLR_Pretrained,CHEMBL235_EC50,1701,,overall test rmse,0.702977
moleculeace,MLP_PLR_Pretrained,CHEMBL235_EC50,1701,,noncliff test rmse,0.60857
moleculeace,MLP_PLR_Pretrained,CHEMBL235_EC50,1701,,cliff test rmse,0.835875
moleculeace,MLP_PLR_Pretrained,CHEMBL236_Ki,1701,,overall test rmse,0.803494
moleculeace,MLP_PLR_Pretrained,CHEMBL236_Ki,1701,,noncliff test rmse,0.735514
moleculeace,MLP_PLR_Pretrained,CHEMBL236_Ki,1701,,cliff test rmse,0.898988
moleculeace,MLP_PLR_Pretrained,CHEMBL237_EC50,1701,,overall test rmse,0.807536
moleculeace,MLP_PLR_Pretrained,CHEMBL237_EC50,1701,,noncliff test rmse,0.670042
moleculeace,MLP_PLR_Pretrained,CHEMBL237_EC50,1701,,cliff test rmse,0.937992
moleculeace,MLP_PLR_Pretrained,CHEMBL237_Ki,1701,,overall test rmse,0.749626
moleculeace,MLP_PLR_Pretrained,CHEMBL237_Ki,1701,,noncliff test rmse,0.684597
moleculeace,MLP_PLR_Pretrained,CHEMBL237_Ki,1701,,cliff test rmse,0.82885
moleculeace,MLP_PLR_Pretrained,CHEMBL238_Ki,1701,,overall test rmse,0.748515
moleculeace,MLP_PLR_Pretrained,CHEMBL238_Ki,1701,,noncliff test rmse,0.742892
moleculeace,MLP_PLR_Pretrained,CHEMBL238_Ki,1701,,cliff test rmse,0.764439
moleculeace,MLP_PLR_Pretrained,CHEMBL239_EC50,1701,,overall test rmse,0.773127
moleculeace,MLP_PLR_Pretrained,CHEMBL239_EC50,1701,,noncliff test rmse,0.697783
moleculeace,MLP_PLR_Pretrained,CHEMBL239_EC50,1701,,cliff test rmse,0.871573
moleculeace,MLP_PLR_Pretrained,CHEMBL244_Ki,1701,,overall test rmse,0.755442
moleculeace,MLP_PLR_Pretrained,CHEMBL244_Ki,1701,,noncliff test rmse,0.664951
moleculeace,MLP_PLR_Pretrained,CHEMBL244_Ki,1701,,cliff test rmse,0.843693
moleculeace,MLP_PLR_Pretrained,CHEMBL262_Ki,1701,,overall test rmse,0.782994
moleculeace,MLP_PLR_Pretrained,CHEMBL262_Ki,1701,,noncliff test rmse,0.767147
moleculeace,MLP_PLR_Pretrained,CHEMBL262_Ki,1701,,cliff test rmse,0.849306
moleculeace,MLP_PLR_Pretrained,CHEMBL264_Ki,1701,,overall test rmse,0.645966
moleculeace,MLP_PLR_Pretrained,CHEMBL264_Ki,1701,,noncliff test rmse,0.619442
moleculeace,MLP_PLR_Pretrained,CHEMBL264_Ki,1701,,cliff test rmse,0.681409
moleculeace,MLP_PLR_Pretrained,CHEMBL2835_Ki,1701,,overall test rmse,0.451308
moleculeace,MLP_PLR_Pretrained,CHEMBL2835_Ki,1701,,noncliff test rmse,0.36315
moleculeace,MLP_PLR_Pretrained,CHEMBL2835_Ki,1701,,cliff test rmse,0.909832
moleculeace,MLP_PLR_Pretrained,CHEMBL287_Ki,1701,,overall test rmse,0.727572
moleculeace,MLP_PLR_Pretrained,CHEMBL287_Ki,1701,,noncliff test rmse,0.71017
moleculeace,MLP_PLR_Pretrained,CHEMBL287_Ki,1701,,cliff test rmse,0.754453
moleculeace,MLP_PLR_Pretrained,CHEMBL2971_Ki,1701,,overall test rmse,0.651202
moleculeace,MLP_PLR_Pretrained,CHEMBL2971_Ki,1701,,noncliff test rmse,0.587207
moleculeace,MLP_PLR_Pretrained,CHEMBL2971_Ki,1701,,cliff test rmse,0.896664
moleculeace,MLP_PLR_Pretrained,CHEMBL3979_EC50,1701,,overall test rmse,0.647685
moleculeace,MLP_PLR_Pretrained,CHEMBL3979_EC50,1701,,noncliff test rmse,0.629853
moleculeace,MLP_PLR_Pretrained,CHEMBL3979_EC50,1701,,cliff test rmse,0.671928
moleculeace,MLP_PLR_Pretrained,CHEMBL4005_Ki,1701,,overall test rmse,0.697306
moleculeace,MLP_PLR_Pretrained,CHEMBL4005_Ki,1701,,noncliff test rmse,0.595284
moleculeace,MLP_PLR_Pretrained,CHEMBL4005_Ki,1701,,cliff test rmse,0.817666
moleculeace,MLP_PLR_Pretrained,CHEMBL4203_Ki,1701,,overall test rmse,0.917097
moleculeace,MLP_PLR_Pretrained,CHEMBL4203_Ki,1701,,noncliff test rmse,0.88646
moleculeace,MLP_PLR_Pretrained,CHEMBL4203_Ki,1701,,cliff test rmse,1.19127
moleculeace,MLP_PLR_Pretrained,CHEMBL4616_EC50,1701,,overall test rmse,0.726089
moleculeace,MLP_PLR_Pretrained,CHEMBL4616_EC50,1701,,noncliff test rmse,0.687618
moleculeace,MLP_PLR_Pretrained,CHEMBL4616_EC50,1701,,cliff test rmse,0.759195
moleculeace,MLP_PLR_Pretrained,CHEMBL4792_Ki,1701,,overall test rmse,0.677997
moleculeace,MLP_PLR_Pretrained,CHEMBL4792_Ki,1701,,noncliff test rmse,0.631961
moleculeace,MLP_PLR_Pretrained,CHEMBL4792_Ki,1701,,cliff test rmse,0.715063
moleculeace,MLP_PLR_Pretrained,CHEMBL1862_Ki,9001,,overall test rmse,0.798985
moleculeace,MLP_PLR_Pretrained,CHEMBL1862_Ki,9001,,noncliff test rmse,0.779697
moleculeace,MLP_PLR_Pretrained,CHEMBL1862_Ki,9001,,cliff test rmse,0.825285
moleculeace,MLP_PLR_Pretrained,CHEMBL1871_Ki,9001,,overall test rmse,0.705698
moleculeace,MLP_PLR_Pretrained,CHEMBL1871_Ki,9001,,noncliff test rmse,0.611156
moleculeace,MLP_PLR_Pretrained,CHEMBL1871_Ki,9001,,cliff test rmse,0.945962
moleculeace,MLP_PLR_Pretrained,CHEMBL2034_Ki,9001,,overall test rmse,0.768454
moleculeace,MLP_PLR_Pretrained,CHEMBL2034_Ki,9001,,noncliff test rmse,0.638221
moleculeace,MLP_PLR_Pretrained,CHEMBL2034_Ki,9001,,cliff test rmse,0.970989
moleculeace,MLP_PLR_Pretrained,CHEMBL2047_EC50,9001,,overall test rmse,0.693965
moleculeace,MLP_PLR_Pretrained,CHEMBL2047_EC50,9001,,noncliff test rmse,0.696876
moleculeace,MLP_PLR_Pretrained,CHEMBL2047_EC50,9001,,cliff test rmse,0.689399
moleculeace,MLP_PLR_Pretrained,CHEMBL204_Ki,9001,,overall test rmse,0.833511
moleculeace,MLP_PLR_Pretrained,CHEMBL204_Ki,9001,,noncliff test rmse,0.744363
moleculeace,MLP_PLR_Pretrained,CHEMBL204_Ki,9001,,cliff test rmse,0.95271
moleculeace,MLP_PLR_Pretrained,CHEMBL2147_Ki,9001,,overall test rmse,0.657905
moleculeace,MLP_PLR_Pretrained,CHEMBL2147_Ki,9001,,noncliff test rmse,0.650369
moleculeace,MLP_PLR_Pretrained,CHEMBL2147_Ki,9001,,cliff test rmse,0.669305
moleculeace,MLP_PLR_Pretrained,CHEMBL214_Ki,9001,,overall test rmse,0.74321
moleculeace,MLP_PLR_Pretrained,CHEMBL214_Ki,9001,,noncliff test rmse,0.639923
moleculeace,MLP_PLR_Pretrained,CHEMBL214_Ki,9001,,cliff test rmse,0.893221
moleculeace,MLP_PLR_Pretrained,CHEMBL218_EC50,9001,,overall test rmse,0.811264
moleculeace,MLP_PLR_Pretrained,CHEMBL218_EC50,9001,,noncliff test rmse,0.80864
moleculeace,MLP_PLR_Pretrained,CHEMBL218_EC50,9001,,cliff test rmse,0.815802
moleculeace,MLP_PLR_Pretrained,CHEMBL219_Ki,9001,,overall test rmse,0.766766
moleculeace,MLP_PLR_Pretrained,CHEMBL219_Ki,9001,,noncliff test rmse,0.725221
moleculeace,MLP_PLR_Pretrained,CHEMBL219_Ki,9001,,cliff test rmse,0.826187
moleculeace,MLP_PLR_Pretrained,CHEMBL228_Ki,9001,,overall test rmse,0.763006
moleculeace,MLP_PLR_Pretrained,CHEMBL228_Ki,9001,,noncliff test rmse,0.737946
moleculeace,MLP_PLR_Pretrained,CHEMBL228_Ki,9001,,cliff test rmse,0.803651
moleculeace,MoLFormer,CHEMBL1862_Ki,42,,overall test rmse,0.790254
moleculeace,MoLFormer,CHEMBL1862_Ki,42,,noncliff test rmse,0.784344
moleculeace,MoLFormer,CHEMBL1862_Ki,42,,cliff test rmse,0.798471
moleculeace,MoLFormer,CHEMBL1871_Ki,42,,overall test rmse,0.740123
moleculeace,MoLFormer,CHEMBL1871_Ki,42,,noncliff test rmse,0.655728
moleculeace,MoLFormer,CHEMBL1871_Ki,42,,cliff test rmse,0.960874
moleculeace,MoLFormer,CHEMBL2034_Ki,42,,overall test rmse,0.78726
moleculeace,MoLFormer,CHEMBL2034_Ki,42,,noncliff test rmse,0.684666
moleculeace,MoLFormer,CHEMBL2034_Ki,42,,cliff test rmse,0.954036
moleculeace,MoLFormer,CHEMBL2047_EC50,42,,overall test rmse,0.668088
moleculeace,MoLFormer,CHEMBL2047_EC50,42,,noncliff test rmse,0.673058
moleculeace,MoLFormer,CHEMBL2047_EC50,42,,cliff test rmse,0.660261
moleculeace,MoLFormer,CHEMBL204_Ki,42,,overall test rmse,0.832571
moleculeace,MoLFormer,CHEMBL204_Ki,42,,noncliff test rmse,0.733319
moleculeace,MoLFormer,CHEMBL204_Ki,42,,cliff test rmse,0.963545
moleculeace,MoLFormer,CHEMBL2147_Ki,42,,overall test rmse,0.67953
moleculeace,MoLFormer,CHEMBL2147_Ki,42,,noncliff test rmse,0.583472
moleculeace,MoLFormer,CHEMBL2147_Ki,42,,cliff test rmse,0.804939
moleculeace,MoLFormer,CHEMBL214_Ki,42,,overall test rmse,0.728097
moleculeace,MoLFormer,CHEMBL214_Ki,42,,noncliff test rmse,0.644325
moleculeace,MoLFormer,CHEMBL214_Ki,42,,cliff test rmse,0.853045
moleculeace,MoLFormer,CHEMBL218_EC50,42,,overall test rmse,0.816833
moleculeace,MoLFormer,CHEMBL218_EC50,42,,noncliff test rmse,0.807341
moleculeace,MoLFormer,CHEMBL218_EC50,42,,cliff test rmse,0.833062
moleculeace,MoLFormer,CHEMBL219_Ki,42,,overall test rmse,0.760952
moleculeace,MoLFormer,CHEMBL219_Ki,42,,noncliff test rmse,0.696475
moleculeace,MoLFormer,CHEMBL219_Ki,42,,cliff test rmse,0.850026
moleculeace,MoLFormer,CHEMBL228_Ki,42,,overall test rmse,0.777284
moleculeace,MoLFormer,CHEMBL228_Ki,42,,noncliff test rmse,0.740728
moleculeace,MoLFormer,CHEMBL228_Ki,42,,cliff test rmse,0.835533
moleculeace,MoLFormer,CHEMBL231_Ki,42,,overall test rmse,0.775593
moleculeace,MoLFormer,CHEMBL231_Ki,42,,noncliff test rmse,0.731015
moleculeace,MoLFormer,CHEMBL231_Ki,42,,cliff test rmse,0.900012
moleculeace,MoLFormer,CHEMBL233_Ki,42,,overall test rmse,0.853349
moleculeace,MoLFormer,CHEMBL233_Ki,42,,noncliff test rmse,0.812177
moleculeace,MoLFormer,CHEMBL233_Ki,42,,cliff test rmse,0.909083
moleculeace,MoLFormer,CHEMBL234_Ki,42,,overall test rmse,0.72648
moleculeace,MoLFormer,CHEMBL234_Ki,42,,noncliff test rmse,0.732389
moleculeace,MoLFormer,CHEMBL234_Ki,42,,cliff test rmse,0.718781
moleculeace,MoLFormer,CHEMBL235_EC50,42,,overall test rmse,0.697849
moleculeace,MoLFormer,CHEMBL235_EC50,42,,noncliff test rmse,0.615661
moleculeace,MoLFormer,CHEMBL235_EC50,42,,cliff test rmse,0.81566
moleculeace,MoLFormer,CHEMBL236_Ki,42,,overall test rmse,0.836787
moleculeace,MoLFormer,CHEMBL236_Ki,42,,noncliff test rmse,0.775959
moleculeace,MoLFormer,CHEMBL236_Ki,42,,cliff test rmse,0.923392
moleculeace,MoLFormer,CHEMBL237_EC50,42,,overall test rmse,0.842657
moleculeace,MoLFormer,CHEMBL237_EC50,42,,noncliff test rmse,0.796249
moleculeace,MoLFormer,CHEMBL237_EC50,42,,cliff test rmse,0.891808
moleculeace,MoLFormer,CHEMBL237_Ki,42,,overall test rmse,0.770388
moleculeace,MoLFormer,CHEMBL237_Ki,42,,noncliff test rmse,0.730633
moleculeace,MoLFormer,CHEMBL237_Ki,42,,cliff test rmse,0.820675
moleculeace,MoLFormer,CHEMBL238_Ki,42,,overall test rmse,0.687569
moleculeace,MoLFormer,CHEMBL238_Ki,42,,noncliff test rmse,0.678927
moleculeace,MoLFormer,CHEMBL238_Ki,42,,cliff test rmse,0.711812
moleculeace,MoLFormer,CHEMBL239_EC50,42,,overall test rmse,0.758229
moleculeace,MoLFormer,CHEMBL239_EC50,42,,noncliff test rmse,0.656715
moleculeace,MoLFormer,CHEMBL239_EC50,42,,cliff test rmse,0.885868
moleculeace,MoLFormer,CHEMBL244_Ki,42,,overall test rmse,0.826609
moleculeace,MoLFormer,CHEMBL244_Ki,42,,noncliff test rmse,0.741632
moleculeace,MoLFormer,CHEMBL244_Ki,42,,cliff test rmse,0.910826
moleculeace,MoLFormer,CHEMBL262_Ki,42,,overall test rmse,0.785861
moleculeace,MoLFormer,CHEMBL262_Ki,42,,noncliff test rmse,0.728402
moleculeace,MoLFormer,CHEMBL262_Ki,42,,cliff test rmse,1.00048
moleculeace,MoLFormer,CHEMBL264_Ki,42,,overall test rmse,0.647188
moleculeace,MoLFormer,CHEMBL264_Ki,42,,noncliff test rmse,0.605269
moleculeace,MoLFormer,CHEMBL264_Ki,42,,cliff test rmse,0.701743
moleculeace,MoLFormer,CHEMBL2835_Ki,42,,overall test rmse,0.471519
moleculeace,MoLFormer,CHEMBL2835_Ki,42,,noncliff test rmse,0.368792
moleculeace,MoLFormer,CHEMBL2835_Ki,42,,cliff test rmse,0.986244
moleculeace,MoLFormer,CHEMBL287_Ki,42,,overall test rmse,0.721964
moleculeace,MoLFormer,CHEMBL287_Ki,42,,noncliff test rmse,0.69826
moleculeace,MoLFormer,CHEMBL287_Ki,42,,cliff test rmse,0.758178
moleculeace,MoLFormer,CHEMBL2971_Ki,42,,overall test rmse,0.713153
moleculeace,MoLFormer,CHEMBL2971_Ki,42,,noncliff test rmse,0.670864
moleculeace,MoLFormer,CHEMBL2971_Ki,42,,cliff test rmse,0.888357
moleculeace,MoLFormer,CHEMBL3979_EC50,42,,overall test rmse,0.720413
moleculeace,MoLFormer,CHEMBL3979_EC50,42,,noncliff test rmse,0.632211
moleculeace,MoLFormer,CHEMBL3979_EC50,42,,cliff test rmse,0.828571
moleculeace,MoLFormer,CHEMBL4005_Ki,42,,overall test rmse,0.696171
moleculeace,MoLFormer,CHEMBL4005_Ki,42,,noncliff test rmse,0.606062
moleculeace,MoLFormer,CHEMBL4005_Ki,42,,cliff test rmse,0.804305
moleculeace,MoLFormer,CHEMBL4203_Ki,42,,overall test rmse,0.912371
moleculeace,MoLFormer,CHEMBL4203_Ki,42,,noncliff test rmse,0.876422
moleculeace,MoLFormer,CHEMBL4203_Ki,42,,cliff test rmse,1.22685
moleculeace,MoLFormer,CHEMBL4616_EC50,42,,overall test rmse,0.762481
moleculeace,MoLFormer,CHEMBL4616_EC50,42,,noncliff test rmse,0.680318
moleculeace,MoLFormer,CHEMBL4616_EC50,42,,cliff test rmse,0.829792
moleculeace,MoLFormer,CHEMBL4792_Ki,42,,overall test rmse,0.700284
moleculeace,MoLFormer,CHEMBL4792_Ki,42,,noncliff test rmse,0.695006
moleculeace,MoLFormer,CHEMBL4792_Ki,42,,cliff test rmse,0.704772
moleculeace,MoLFormer,CHEMBL1862_Ki,117,,overall test rmse,0.807459
moleculeace,MoLFormer,CHEMBL1862_Ki,117,,noncliff test rmse,0.807843
moleculeace,MoLFormer,CHEMBL1862_Ki,117,,cliff test rmse,0.806918
moleculeace,MoLFormer,CHEMBL1871_Ki,117,,overall test rmse,0.76554
moleculeace,MoLFormer,CHEMBL1871_Ki,117,,noncliff test rmse,0.707055
moleculeace,MoLFormer,CHEMBL1871_Ki,117,,cliff test rmse,0.927669
moleculeace,MoLFormer,CHEMBL2034_Ki,117,,overall test rmse,0.762441
moleculeace,MoLFormer,CHEMBL2034_Ki,117,,noncliff test rmse,0.608248
moleculeace,MoLFormer,CHEMBL2034_Ki,117,,cliff test rmse,0.993861
moleculeace,MoLFormer,CHEMBL2047_EC50,117,,overall test rmse,0.637882
moleculeace,MoLFormer,CHEMBL2047_EC50,117,,noncliff test rmse,0.594592
moleculeace,MoLFormer,CHEMBL2047_EC50,117,,cliff test rmse,0.700088
moleculeace,MoLFormer,CHEMBL204_Ki,117,,overall test rmse,0.804725
moleculeace,MoLFormer,CHEMBL204_Ki,117,,noncliff test rmse,0.707007
moleculeace,MoLFormer,CHEMBL204_Ki,117,,cliff test rmse,0.933372
moleculeace,MoLFormer,CHEMBL2147_Ki,117,,overall test rmse,0.657037
moleculeace,MoLFormer,CHEMBL2147_Ki,117,,noncliff test rmse,0.591422
moleculeace,MoLFormer,CHEMBL2147_Ki,117,,cliff test rmse,0.746591
moleculeace,MoLFormer,CHEMBL214_Ki,117,,overall test rmse,0.725895
moleculeace,MoLFormer,CHEMBL214_Ki,117,,noncliff test rmse,0.645228
moleculeace,MoLFormer,CHEMBL214_Ki,117,,cliff test rmse,0.846748
moleculeace,MoLFormer,CHEMBL218_EC50,117,,overall test rmse,0.806556
moleculeace,MoLFormer,CHEMBL218_EC50,117,,noncliff test rmse,0.791266
moleculeace,MoLFormer,CHEMBL218_EC50,117,,cliff test rmse,0.832446
moleculeace,MoLFormer,CHEMBL219_Ki,117,,overall test rmse,0.78858
moleculeace,MoLFormer,CHEMBL219_Ki,117,,noncliff test rmse,0.730704
moleculeace,MoLFormer,CHEMBL219_Ki,117,,cliff test rmse,0.869558
moleculeace,MoLFormer,CHEMBL228_Ki,117,,overall test rmse,0.797982
moleculeace,MoLFormer,CHEMBL228_Ki,117,,noncliff test rmse,0.757084
moleculeace,MoLFormer,CHEMBL228_Ki,117,,cliff test rmse,0.862811
moleculeace,MoLFormer,CHEMBL231_Ki,117,,overall test rmse,0.796527
moleculeace,MoLFormer,CHEMBL231_Ki,117,,noncliff test rmse,0.763382
moleculeace,MoLFormer,CHEMBL231_Ki,117,,cliff test rmse,0.891602
moleculeace,MoLFormer,CHEMBL233_Ki,117,,overall test rmse,0.822155
moleculeace,MoLFormer,CHEMBL233_Ki,117,,noncliff test rmse,0.733566
moleculeace,MoLFormer,CHEMBL233_Ki,117,,cliff test rmse,0.934536
moleculeace,MoLFormer,CHEMBL234_Ki,117,,overall test rmse,0.71509
moleculeace,MoLFormer,CHEMBL234_Ki,117,,noncliff test rmse,0.717156
moleculeace,MoLFormer,CHEMBL234_Ki,117,,cliff test rmse,0.712415
moleculeace,MoLFormer,CHEMBL235_EC50,117,,overall test rmse,0.709077
moleculeace,MoLFormer,CHEMBL235_EC50,117,,noncliff test rmse,0.627517
moleculeace,MoLFormer,CHEMBL235_EC50,117,,cliff test rmse,0.826344
moleculeace,MoLFormer,CHEMBL236_Ki,117,,overall test rmse,0.807091
moleculeace,MoLFormer,CHEMBL236_Ki,117,,noncliff test rmse,0.765159
moleculeace,MoLFormer,CHEMBL236_Ki,117,,cliff test rmse,0.868241
moleculeace,MoLFormer,CHEMBL237_EC50,117,,overall test rmse,0.813787
moleculeace,MoLFormer,CHEMBL237_EC50,117,,noncliff test rmse,0.761711
moleculeace,MoLFormer,CHEMBL237_EC50,117,,cliff test rmse,0.868453
moleculeace,MoLFormer,CHEMBL237_Ki,117,,overall test rmse,0.758187
moleculeace,MoLFormer,CHEMBL237_Ki,117,,noncliff test rmse,0.703947
moleculeace,MoLFormer,CHEMBL237_Ki,117,,cliff test rmse,0.825339
moleculeace,MoLFormer,CHEMBL238_Ki,117,,overall test rmse,0.718026
moleculeace,MoLFormer,CHEMBL238_Ki,117,,noncliff test rmse,0.70251
moleculeace,MoLFormer,CHEMBL238_Ki,117,,cliff test rmse,0.760843
moleculeace,MoLFormer,CHEMBL239_EC50,117,,overall test rmse,0.735255
moleculeace,MoLFormer,CHEMBL239_EC50,117,,noncliff test rmse,0.640266
moleculeace,MoLFormer,CHEMBL239_EC50,117,,cliff test rmse,0.855273
moleculeace,MoLFormer,CHEMBL244_Ki,117,,overall test rmse,0.820841
moleculeace,MoLFormer,CHEMBL244_Ki,117,,noncliff test rmse,0.77238
moleculeace,MoLFormer,CHEMBL244_Ki,117,,cliff test rmse,0.87095
moleculeace,MoLFormer,CHEMBL262_Ki,117,,overall test rmse,0.769082
moleculeace,MoLFormer,CHEMBL262_Ki,117,,noncliff test rmse,0.725869
moleculeace,MoLFormer,CHEMBL262_Ki,117,,cliff test rmse,0.936022
moleculeace,MoLFormer,CHEMBL264_Ki,117,,overall test rmse,0.644051
moleculeace,MoLFormer,CHEMBL264_Ki,117,,noncliff test rmse,0.603772
moleculeace,MoLFormer,CHEMBL264_Ki,117,,cliff test rmse,0.696601
moleculeace,MoLFormer,CHEMBL2835_Ki,117,,overall test rmse,0.448137
moleculeace,MoLFormer,CHEMBL2835_Ki,117,,noncliff test rmse,0.378524
moleculeace,MoLFormer,CHEMBL2835_Ki,117,,cliff test rmse,0.837281
moleculeace,MoLFormer,CHEMBL287_Ki,117,,overall test rmse,0.765533
moleculeace,MoLFormer,CHEMBL287_Ki,117,,noncliff test rmse,0.755876
moleculeace,MoLFormer,CHEMBL287_Ki,117,,cliff test rmse,0.780663
moleculeace,MoLFormer,CHEMBL2971_Ki,117,,overall test rmse,0.702878
moleculeace,MoLFormer,CHEMBL2971_Ki,117,,noncliff test rmse,0.653926
moleculeace,MoLFormer,CHEMBL2971_Ki,117,,cliff test rmse,0.901364
moleculeace,MoLFormer,CHEMBL3979_EC50,117,,overall test rmse,0.690686
moleculeace,MoLFormer,CHEMBL3979_EC50,117,,noncliff test rmse,0.612397
moleculeace,MoLFormer,CHEMBL3979_EC50,117,,cliff test rmse,0.787594
moleculeace,MoLFormer,CHEMBL4005_Ki,117,,overall test rmse,0.688343
moleculeace,MoLFormer,CHEMBL4005_Ki,117,,noncliff test rmse,0.588943
moleculeace,MoLFormer,CHEMBL4005_Ki,117,,cliff test rmse,0.805834
moleculeace,MoLFormer,CHEMBL4203_Ki,117,,overall test rmse,0.950411
moleculeace,MoLFormer,CHEMBL4203_Ki,117,,noncliff test rmse,0.913745
moleculeace,MoLFormer,CHEMBL4203_Ki,117,,cliff test rmse,1.27214
moleculeace,MoLFormer,CHEMBL4616_EC50,117,,overall test rmse,0.727854
moleculeace,MoLFormer,CHEMBL4616_EC50,117,,noncliff test rmse,0.633959
moleculeace,MoLFormer,CHEMBL4616_EC50,117,,cliff test rmse,0.803354
moleculeace,MoLFormer,CHEMBL4792_Ki,117,,overall test rmse,0.69048
moleculeace,MoLFormer,CHEMBL4792_Ki,117,,noncliff test rmse,0.644967
moleculeace,MoLFormer,CHEMBL4792_Ki,117,,cliff test rmse,0.727191
moleculeace,MoLFormer,CHEMBL1862_Ki,709,,overall test rmse,0.815251
moleculeace,MoLFormer,CHEMBL1862_Ki,709,,noncliff test rmse,0.807756
moleculeace,MoLFormer,CHEMBL1862_Ki,709,,cliff test rmse,0.825653
moleculeace,MoLFormer,CHEMBL1871_Ki,709,,overall test rmse,0.736222
moleculeace,MoLFormer,CHEMBL1871_Ki,709,,noncliff test rmse,0.689643
moleculeace,MoLFormer,CHEMBL1871_Ki,709,,cliff test rmse,0.868171
moleculeace,MoLFormer,CHEMBL2034_Ki,709,,overall test rmse,0.753387
moleculeace,MoLFormer,CHEMBL2034_Ki,709,,noncliff test rmse,0.630018
moleculeace,MoLFormer,CHEMBL2034_Ki,709,,cliff test rmse,0.946469
moleculeace,MoLFormer,CHEMBL2047_EC50,709,,overall test rmse,0.647571
moleculeace,MoLFormer,CHEMBL2047_EC50,709,,noncliff test rmse,0.622354
moleculeace,MoLFormer,CHEMBL2047_EC50,709,,cliff test rmse,0.68506
moleculeace,MoLFormer,CHEMBL204_Ki,709,,overall test rmse,0.84223
moleculeace,MoLFormer,CHEMBL204_Ki,709,,noncliff test rmse,0.733724
moleculeace,MoLFormer,CHEMBL204_Ki,709,,cliff test rmse,0.983964
moleculeace,MoLFormer,CHEMBL2147_Ki,709,,overall test rmse,0.667805
moleculeace,MoLFormer,CHEMBL2147_Ki,709,,noncliff test rmse,0.604039
moleculeace,MoLFormer,CHEMBL2147_Ki,709,,cliff test rmse,0.755254
moleculeace,MoLFormer,CHEMBL214_Ki,709,,overall test rmse,0.717841
moleculeace,MoLFormer,CHEMBL214_Ki,709,,noncliff test rmse,0.648196
moleculeace,MoLFormer,CHEMBL214_Ki,709,,cliff test rmse,0.823879
moleculeace,MoLFormer,CHEMBL218_EC50,709,,overall test rmse,0.829793
moleculeace,MoLFormer,CHEMBL218_EC50,709,,noncliff test rmse,0.815582
moleculeace,MoLFormer,CHEMBL218_EC50,709,,cliff test rmse,0.853913
moleculeace,MoLFormer,CHEMBL219_Ki,709,,overall test rmse,0.794961
moleculeace,MoLFormer,CHEMBL219_Ki,709,,noncliff test rmse,0.742193
moleculeace,MoLFormer,CHEMBL219_Ki,709,,cliff test rmse,0.869382
moleculeace,MoLFormer,CHEMBL228_Ki,709,,overall test rmse,0.775073
moleculeace,MoLFormer,CHEMBL228_Ki,709,,noncliff test rmse,0.71879
moleculeace,MoLFormer,CHEMBL228_Ki,709,,cliff test rmse,0.862019
moleculeace,MoLFormer,CHEMBL231_Ki,709,,overall test rmse,0.806681
moleculeace,MoLFormer,CHEMBL231_Ki,709,,noncliff test rmse,0.764062
moleculeace,MoLFormer,CHEMBL231_Ki,709,,cliff test rmse,0.926572
moleculeace,MoLFormer,CHEMBL233_Ki,709,,overall test rmse,0.829204
moleculeace,MoLFormer,CHEMBL233_Ki,709,,noncliff test rmse,0.768668
moleculeace,MoLFormer,CHEMBL233_Ki,709,,cliff test rmse,0.908921
moleculeace,MoLFormer,CHEMBL234_Ki,709,,overall test rmse,0.732344
moleculeace,MoLFormer,CHEMBL234_Ki,709,,noncliff test rmse,0.736367
moleculeace,MoLFormer,CHEMBL234_Ki,709,,cliff test rmse,0.72712
moleculeace,MoLFormer,CHEMBL235_EC50,709,,overall test rmse,0.683449
moleculeace,MoLFormer,CHEMBL235_EC50,709,,noncliff test rmse,0.59645
moleculeace,MoLFormer,CHEMBL235_EC50,709,,cliff test rmse,0.806856
moleculeace,MoLFormer,CHEMBL236_Ki,709,,overall test rmse,0.840548
moleculeace,MoLFormer,CHEMBL236_Ki,709,,noncliff test rmse,0.788147
moleculeace,MoLFormer,CHEMBL236_Ki,709,,cliff test rmse,0.916047
moleculeace,MoLFormer,CHEMBL237_EC50,709,,overall test rmse,0.785626
moleculeace,MoLFormer,CHEMBL237_EC50,709,,noncliff test rmse,0.72301
moleculeace,MoLFormer,CHEMBL237_EC50,709,,cliff test rmse,0.850348
moleculeace,MoLFormer,CHEMBL237_Ki,709,,overall test rmse,0.790625
moleculeace,MoLFormer,CHEMBL237_Ki,709,,noncliff test rmse,0.744131
moleculeace,MoLFormer,CHEMBL237_Ki,709,,cliff test rmse,0.848978
moleculeace,MoLFormer,CHEMBL238_Ki,709,,overall test rmse,0.710926
moleculeace,MoLFormer,CHEMBL238_Ki,709,,noncliff test rmse,0.69618
moleculeace,MoLFormer,CHEMBL238_Ki,709,,cliff test rmse,0.75168
moleculeace,MoLFormer,CHEMBL239_EC50,709,,overall test rmse,0.766635
moleculeace,MoLFormer,CHEMBL239_EC50,709,,noncliff test rmse,0.667599
moleculeace,MoLFormer,CHEMBL239_EC50,709,,cliff test rmse,0.891768
moleculeace,MoLFormer,CHEMBL244_Ki,709,,overall test rmse,0.830311
moleculeace,MoLFormer,CHEMBL244_Ki,709,,noncliff test rmse,0.728968
moleculeace,MoLFormer,CHEMBL244_Ki,709,,cliff test rmse,0.928935
moleculeace,MoLFormer,CHEMBL262_Ki,709,,overall test rmse,0.764128
moleculeace,MoLFormer,CHEMBL262_Ki,709,,noncliff test rmse,0.730894
moleculeace,MoLFormer,CHEMBL262_Ki,709,,cliff test rmse,0.896004
moleculeace,MoLFormer,CHEMBL264_Ki,709,,overall test rmse,0.656999
moleculeace,MoLFormer,CHEMBL264_Ki,709,,noncliff test rmse,0.617539
moleculeace,MoLFormer,CHEMBL264_Ki,709,,cliff test rmse,0.70862
moleculeace,MoLFormer,CHEMBL2835_Ki,709,,overall test rmse,0.468983
moleculeace,MoLFormer,CHEMBL2835_Ki,709,,noncliff test rmse,0.395433
moleculeace,MoLFormer,CHEMBL2835_Ki,709,,cliff test rmse,0.878967
moleculeace,MoLFormer,CHEMBL287_Ki,709,,overall test rmse,0.727283
moleculeace,MoLFormer,CHEMBL287_Ki,709,,noncliff test rmse,0.716076
moleculeace,MoLFormer,CHEMBL287_Ki,709,,cliff test rmse,0.744778
moleculeace,MoLFormer,CHEMBL2971_Ki,709,,overall test rmse,0.663122
moleculeace,MoLFormer,CHEMBL2971_Ki,709,,noncliff test rmse,0.617625
moleculeace,MoLFormer,CHEMBL2971_Ki,709,,cliff test rmse,0.847988
moleculeace,MoLFormer,CHEMBL3979_EC50,709,,overall test rmse,0.712041
moleculeace,MoLFormer,CHEMBL3979_EC50,709,,noncliff test rmse,0.618035
moleculeace,MoLFormer,CHEMBL3979_EC50,709,,cliff test rmse,0.826185
moleculeace,MoLFormer,CHEMBL4005_Ki,709,,overall test rmse,0.716996
moleculeace,MoLFormer,CHEMBL4005_Ki,709,,noncliff test rmse,0.631005
moleculeace,MoLFormer,CHEMBL4005_Ki,709,,cliff test rmse,0.821194
moleculeace,MoLFormer,CHEMBL4203_Ki,709,,overall test rmse,0.946974
moleculeace,MoLFormer,CHEMBL4203_Ki,709,,noncliff test rmse,0.903672
moleculeace,MoLFormer,CHEMBL4203_Ki,709,,cliff test rmse,1.31724
moleculeace,MoLFormer,CHEMBL4616_EC50,709,,overall test rmse,0.735057
moleculeace,MoLFormer,CHEMBL4616_EC50,709,,noncliff test rmse,0.661573
moleculeace,MoLFormer,CHEMBL4616_EC50,709,,cliff test rmse,0.795674
moleculeace,MoLFormer,CHEMBL4792_Ki,709,,overall test rmse,0.702004
moleculeace,MoLFormer,CHEMBL4792_Ki,709,,noncliff test rmse,0.662549
moleculeace,MoLFormer,CHEMBL4792_Ki,709,,cliff test rmse,0.734104
moleculeace,MoLFormer,CHEMBL1862_Ki,1701,,overall test rmse,0.804582
moleculeace,MoLFormer,CHEMBL1862_Ki,1701,,noncliff test rmse,0.787638
moleculeace,MoLFormer,CHEMBL1862_Ki,1701,,cliff test rmse,0.82777
moleculeace,MoLFormer,CHEMBL1871_Ki,1701,,overall test rmse,0.706381
moleculeace,MoLFormer,CHEMBL1871_Ki,1701,,noncliff test rmse,0.638154
moleculeace,MoLFormer,CHEMBL1871_Ki,1701,,cliff test rmse,0.889593
moleculeace,MoLFormer,CHEMBL2034_Ki,1701,,overall test rmse,0.754632
moleculeace,MoLFormer,CHEMBL2034_Ki,1701,,noncliff test rmse,0.608326
moleculeace,MoLFormer,CHEMBL2034_Ki,1701,,cliff test rmse,0.97619
moleculeace,MoLFormer,CHEMBL2047_EC50,1701,,overall test rmse,0.681724
moleculeace,MoLFormer,CHEMBL2047_EC50,1701,,noncliff test rmse,0.680898
moleculeace,MoLFormer,CHEMBL2047_EC50,1701,,cliff test rmse,0.683009
moleculeace,MoLFormer,CHEMBL204_Ki,1701,,overall test rmse,0.820572
moleculeace,MoLFormer,CHEMBL204_Ki,1701,,noncliff test rmse,0.708884
moleculeace,MoLFormer,CHEMBL204_Ki,1701,,cliff test rmse,0.965351
moleculeace,MoLFormer,CHEMBL2147_Ki,1701,,overall test rmse,0.667725
moleculeace,MoLFormer,CHEMBL2147_Ki,1701,,noncliff test rmse,0.604398
moleculeace,MoLFormer,CHEMBL2147_Ki,1701,,cliff test rmse,0.754635
moleculeace,MoLFormer,CHEMBL214_Ki,1701,,overall test rmse,0.723372
moleculeace,MoLFormer,CHEMBL214_Ki,1701,,noncliff test rmse,0.634405
moleculeace,MoLFormer,CHEMBL214_Ki,1701,,cliff test rmse,0.854893
moleculeace,MoLFormer,CHEMBL218_EC50,1701,,overall test rmse,0.793323
moleculeace,MoLFormer,CHEMBL218_EC50,1701,,noncliff test rmse,0.762275
moleculeace,MoLFormer,CHEMBL218_EC50,1701,,cliff test rmse,0.844539
moleculeace,MoLFormer,CHEMBL219_Ki,1701,,overall test rmse,0.796717
moleculeace,MoLFormer,CHEMBL219_Ki,1701,,noncliff test rmse,0.743978
moleculeace,MoLFormer,CHEMBL219_Ki,1701,,cliff test rmse,0.871113
moleculeace,MoLFormer,CHEMBL228_Ki,1701,,overall test rmse,0.741541
moleculeace,MoLFormer,CHEMBL228_Ki,1701,,noncliff test rmse,0.693313
moleculeace,MoLFormer,CHEMBL228_Ki,1701,,cliff test rmse,0.816722
moleculeace,MoLFormer,CHEMBL231_Ki,1701,,overall test rmse,0.787399
moleculeace,MoLFormer,CHEMBL231_Ki,1701,,noncliff test rmse,0.746905
moleculeace,MoLFormer,CHEMBL231_Ki,1701,,cliff test rmse,0.901587
moleculeace,MoLFormer,CHEMBL233_Ki,1701,,overall test rmse,0.83346
moleculeace,MoLFormer,CHEMBL233_Ki,1701,,noncliff test rmse,0.753097
moleculeace,MoLFormer,CHEMBL233_Ki,1701,,cliff test rmse,0.936638
moleculeace,MoLFormer,CHEMBL234_Ki,1701,,overall test rmse,0.728775
moleculeace,MoLFormer,CHEMBL234_Ki,1701,,noncliff test rmse,0.725687
moleculeace,MoLFormer,CHEMBL234_Ki,1701,,cliff test rmse,0.732743
moleculeace,MoLFormer,CHEMBL235_EC50,1701,,overall test rmse,0.712154
moleculeace,MoLFormer,CHEMBL235_EC50,1701,,noncliff test rmse,0.626874
moleculeace,MoLFormer,CHEMBL235_EC50,1701,,cliff test rmse,0.83413
moleculeace,MoLFormer,CHEMBL236_Ki,1701,,overall test rmse,0.810472
moleculeace,MoLFormer,CHEMBL236_Ki,1701,,noncliff test rmse,0.762546
moleculeace,MoLFormer,CHEMBL236_Ki,1701,,cliff test rmse,0.87978
moleculeace,MoLFormer,CHEMBL237_EC50,1701,,overall test rmse,0.773327
moleculeace,MoLFormer,CHEMBL237_EC50,1701,,noncliff test rmse,0.707909
moleculeace,MoLFormer,CHEMBL237_EC50,1701,,cliff test rmse,0.840623
moleculeace,MoLFormer,CHEMBL237_Ki,1701,,overall test rmse,0.778634
moleculeace,MoLFormer,CHEMBL237_Ki,1701,,noncliff test rmse,0.72772
moleculeace,MoLFormer,CHEMBL237_Ki,1701,,cliff test rmse,0.842083
moleculeace,MoLFormer,CHEMBL238_Ki,1701,,overall test rmse,0.727073
moleculeace,MoLFormer,CHEMBL238_Ki,1701,,noncliff test rmse,0.729986
moleculeace,MoLFormer,CHEMBL238_Ki,1701,,cliff test rmse,0.718638
moleculeace,MoLFormer,CHEMBL239_EC50,1701,,overall test rmse,0.800674
moleculeace,MoLFormer,CHEMBL239_EC50,1701,,noncliff test rmse,0.673628
moleculeace,MoLFormer,CHEMBL239_EC50,1701,,cliff test rmse,0.956415
moleculeace,MoLFormer,CHEMBL244_Ki,1701,,overall test rmse,0.816166
moleculeace,MoLFormer,CHEMBL244_Ki,1701,,noncliff test rmse,0.707437
moleculeace,MoLFormer,CHEMBL244_Ki,1701,,cliff test rmse,0.920878
moleculeace,MoLFormer,CHEMBL262_Ki,1701,,overall test rmse,0.77559
moleculeace,MoLFormer,CHEMBL262_Ki,1701,,noncliff test rmse,0.742359
moleculeace,MoLFormer,CHEMBL262_Ki,1701,,cliff test rmse,0.907635
moleculeace,MoLFormer,CHEMBL264_Ki,1701,,overall test rmse,0.632936
moleculeace,MoLFormer,CHEMBL264_Ki,1701,,noncliff test rmse,0.597637
moleculeace,MoLFormer,CHEMBL264_Ki,1701,,cliff test rmse,0.679333
moleculeace,MoLFormer,CHEMBL2835_Ki,1701,,overall test rmse,0.455228
moleculeace,MoLFormer,CHEMBL2835_Ki,1701,,noncliff test rmse,0.376888
moleculeace,MoLFormer,CHEMBL2835_Ki,1701,,cliff test rmse,0.879695
moleculeace,MoLFormer,CHEMBL287_Ki,1701,,overall test rmse,0.720273
moleculeace,MoLFormer,CHEMBL287_Ki,1701,,noncliff test rmse,0.71944
moleculeace,MoLFormer,CHEMBL287_Ki,1701,,cliff test rmse,0.721596
moleculeace,MoLFormer,CHEMBL2971_Ki,1701,,overall test rmse,0.674157
moleculeace,MoLFormer,CHEMBL2971_Ki,1701,,noncliff test rmse,0.612701
moleculeace,MoLFormer,CHEMBL2971_Ki,1701,,cliff test rmse,0.913035
moleculeace,MoLFormer,CHEMBL3979_EC50,1701,,overall test rmse,0.719494
moleculeace,MoLFormer,CHEMBL3979_EC50,1701,,noncliff test rmse,0.621826
moleculeace,MoLFormer,CHEMBL3979_EC50,1701,,cliff test rmse,0.837637
moleculeace,MoLFormer,CHEMBL4005_Ki,1701,,overall test rmse,0.686355
moleculeace,MoLFormer,CHEMBL4005_Ki,1701,,noncliff test rmse,0.600571
moleculeace,MoLFormer,CHEMBL4005_Ki,1701,,cliff test rmse,0.789768
moleculeace,MoLFormer,CHEMBL4203_Ki,1701,,overall test rmse,0.899648
moleculeace,MoLFormer,CHEMBL4203_Ki,1701,,noncliff test rmse,0.860077
moleculeace,MoLFormer,CHEMBL4203_Ki,1701,,cliff test rmse,1.2401
moleculeace,MoLFormer,CHEMBL4616_EC50,1701,,overall test rmse,0.80865
moleculeace,MoLFormer,CHEMBL4616_EC50,1701,,noncliff test rmse,0.677098
moleculeace,MoLFormer,CHEMBL4616_EC50,1701,,cliff test rmse,0.911387
moleculeace,MoLFormer,CHEMBL4792_Ki,1701,,overall test rmse,0.704484
moleculeace,MoLFormer,CHEMBL4792_Ki,1701,,noncliff test rmse,0.694063
moleculeace,MoLFormer,CHEMBL4792_Ki,1701,,cliff test rmse,0.713287
moleculeace,MoLFormer,CHEMBL1862_Ki,9001,,overall test rmse,0.784756
moleculeace,MoLFormer,CHEMBL1862_Ki,9001,,noncliff test rmse,0.792213
moleculeace,MoLFormer,CHEMBL1862_Ki,9001,,cliff test rmse,0.774171
moleculeace,MoLFormer,CHEMBL1871_Ki,9001,,overall test rmse,0.746732
moleculeace,MoLFormer,CHEMBL1871_Ki,9001,,noncliff test rmse,0.69581
moleculeace,MoLFormer,CHEMBL1871_Ki,9001,,cliff test rmse,0.889807
moleculeace,MoLFormer,CHEMBL2034_Ki,9001,,overall test rmse,0.752555
moleculeace,MoLFormer,CHEMBL2034_Ki,9001,,noncliff test rmse,0.645876
moleculeace,MoLFormer,CHEMBL2034_Ki,9001,,cliff test rmse,0.923704
moleculeace,MoLFormer,CHEMBL2047_EC50,9001,,overall test rmse,0.631515
moleculeace,MoLFormer,CHEMBL2047_EC50,9001,,noncliff test rmse,0.590533
moleculeace,MoLFormer,CHEMBL2047_EC50,9001,,cliff test rmse,0.690608
moleculeace,MoLFormer,CHEMBL204_Ki,9001,,overall test rmse,0.811318
moleculeace,MoLFormer,CHEMBL204_Ki,9001,,noncliff test rmse,0.704473
moleculeace,MoLFormer,CHEMBL204_Ki,9001,,cliff test rmse,0.950462
moleculeace,MoLFormer,CHEMBL2147_Ki,9001,,overall test rmse,0.669396
moleculeace,MoLFormer,CHEMBL2147_Ki,9001,,noncliff test rmse,0.603161
moleculeace,MoLFormer,CHEMBL2147_Ki,9001,,cliff test rmse,0.759887
moleculeace,MoLFormer,CHEMBL214_Ki,9001,,overall test rmse,0.729404
moleculeace,MoLFormer,CHEMBL214_Ki,9001,,noncliff test rmse,0.65034
moleculeace,MoLFormer,CHEMBL214_Ki,9001,,cliff test rmse,0.848225
moleculeace,MoLFormer,CHEMBL218_EC50,9001,,overall test rmse,0.814466
moleculeace,MoLFormer,CHEMBL218_EC50,9001,,noncliff test rmse,0.781741
moleculeace,MoLFormer,CHEMBL218_EC50,9001,,cliff test rmse,0.868378
moleculeace,MoLFormer,CHEMBL219_Ki,9001,,overall test rmse,0.75398
moleculeace,MoLFormer,CHEMBL219_Ki,9001,,noncliff test rmse,0.706889
moleculeace,MoLFormer,CHEMBL219_Ki,9001,,cliff test rmse,0.820693
moleculeace,MoLFormer,CHEMBL228_Ki,9001,,overall test rmse,0.795781
moleculeace,MoLFormer,CHEMBL228_Ki,9001,,noncliff test rmse,0.733293
moleculeace,MoLFormer,CHEMBL228_Ki,9001,,cliff test rmse,0.891641
moleculeace,MoLFormer,CHEMBL231_Ki,9001,,overall test rmse,0.764001
moleculeace,MoLFormer,CHEMBL231_Ki,9001,,noncliff test rmse,0.714088
moleculeace,MoLFormer,CHEMBL231_Ki,9001,,cliff test rmse,0.901503
moleculeace,MoLFormer,CHEMBL233_Ki,9001,,overall test rmse,0.831954
moleculeace,MoLFormer,CHEMBL233_Ki,9001,,noncliff test rmse,0.761637
moleculeace,MoLFormer,CHEMBL233_Ki,9001,,cliff test rmse,0.923396
moleculeace,MoLFormer,CHEMBL234_Ki,9001,,overall test rmse,0.742951
moleculeace,MoLFormer,CHEMBL234_Ki,9001,,noncliff test rmse,0.720869
moleculeace,MoLFormer,CHEMBL234_Ki,9001,,cliff test rmse,0.770517
moleculeace,MoLFormer,CHEMBL235_EC50,9001,,overall test rmse,0.707695
moleculeace,MoLFormer,CHEMBL235_EC50,9001,,noncliff test rmse,0.631035
moleculeace,MoLFormer,CHEMBL235_EC50,9001,,cliff test rmse,0.818743
moleculeace,MoLFormer,CHEMBL236_Ki,9001,,overall test rmse,0.840203
moleculeace,MoLFormer,CHEMBL236_Ki,9001,,noncliff test rmse,0.796267
moleculeace,MoLFormer,CHEMBL236_Ki,9001,,cliff test rmse,0.904248
moleculeace,MoLFormer,CHEMBL237_EC50,9001,,overall test rmse,0.799029
moleculeace,MoLFormer,CHEMBL237_EC50,9001,,noncliff test rmse,0.710236
moleculeace,MoLFormer,CHEMBL237_EC50,9001,,cliff test rmse,0.888065
moleculeace,MoLFormer,CHEMBL237_Ki,9001,,overall test rmse,0.776059
moleculeace,MoLFormer,CHEMBL237_Ki,9001,,noncliff test rmse,0.713487
moleculeace,MoLFormer,CHEMBL237_Ki,9001,,cliff test rmse,0.852781
moleculeace,MoLFormer,CHEMBL238_Ki,9001,,overall test rmse,0.670881
moleculeace,MoLFormer,CHEMBL238_Ki,9001,,noncliff test rmse,0.664457
moleculeace,MoLFormer,CHEMBL238_Ki,9001,,cliff test rmse,0.689002
moleculeace,MoLFormer,CHEMBL239_EC50,9001,,overall test rmse,0.772039
moleculeace,MoLFormer,CHEMBL239_EC50,9001,,noncliff test rmse,0.663149
moleculeace,MoLFormer,CHEMBL239_EC50,9001,,cliff test rmse,0.907945
moleculeace,MoLFormer,CHEMBL244_Ki,9001,,overall test rmse,0.865118
moleculeace,MoLFormer,CHEMBL244_Ki,9001,,noncliff test rmse,0.76384
moleculeace,MoLFormer,CHEMBL244_Ki,9001,,cliff test rmse,0.964142
moleculeace,MoLFormer,CHEMBL262_Ki,9001,,overall test rmse,0.762409
moleculeace,MoLFormer,CHEMBL262_Ki,9001,,noncliff test rmse,0.746527
moleculeace,MoLFormer,CHEMBL262_Ki,9001,,cliff test rmse,0.828773
moleculeace,MoLFormer,CHEMBL264_Ki,9001,,overall test rmse,0.637111
moleculeace,MoLFormer,CHEMBL264_Ki,9001,,noncliff test rmse,0.598712
moleculeace,MoLFormer,CHEMBL264_Ki,9001,,cliff test rmse,0.687332
moleculeace,MoLFormer,CHEMBL2835_Ki,9001,,overall test rmse,0.457824
moleculeace,MoLFormer,CHEMBL2835_Ki,9001,,noncliff test rmse,0.349382
moleculeace,MoLFormer,CHEMBL2835_Ki,9001,,cliff test rmse,0.985134
moleculeace,MoLFormer,CHEMBL287_Ki,9001,,overall test rmse,0.742066
moleculeace,MoLFormer,CHEMBL287_Ki,9001,,noncliff test rmse,0.74123
moleculeace,MoLFormer,CHEMBL287_Ki,9001,,cliff test rmse,0.743394
moleculeace,MoLFormer,CHEMBL2971_Ki,9001,,overall test rmse,0.670971
moleculeace,MoLFormer,CHEMBL2971_Ki,9001,,noncliff test rmse,0.620869
moleculeace,MoLFormer,CHEMBL2971_Ki,9001,,cliff test rmse,0.872062
moleculeace,MoLFormer,CHEMBL3979_EC50,9001,,overall test rmse,0.695638
moleculeace,MoLFormer,CHEMBL3979_EC50,9001,,noncliff test rmse,0.62612
moleculeace,MoLFormer,CHEMBL3979_EC50,9001,,cliff test rmse,0.782907
moleculeace,MoLFormer,CHEMBL4005_Ki,9001,,overall test rmse,0.702072
moleculeace,MoLFormer,CHEMBL4005_Ki,9001,,noncliff test rmse,0.610442
moleculeace,MoLFormer,CHEMBL4005_Ki,9001,,cliff test rmse,0.811909
moleculeace,MoLFormer,CHEMBL4203_Ki,9001,,overall test rmse,0.974392
moleculeace,MoLFormer,CHEMBL4203_Ki,9001,,noncliff test rmse,0.935926
moleculeace,MoLFormer,CHEMBL4203_Ki,9001,,cliff test rmse,1.3108
moleculeace,MoLFormer,CHEMBL4616_EC50,9001,,overall test rmse,0.789056
moleculeace,MoLFormer,CHEMBL4616_EC50,9001,,noncliff test rmse,0.705388
moleculeace,MoLFormer,CHEMBL4616_EC50,9001,,cliff test rmse,0.857705
moleculeace,MoLFormer,CHEMBL4792_Ki,9001,,overall test rmse,0.68414
moleculeace,MoLFormer,CHEMBL4792_Ki,9001,,noncliff test rmse,0.650272
moleculeace,MoLFormer,CHEMBL4792_Ki,9001,,cliff test rmse,0.71186
moleculeace,MolCLR,CHEMBL1862_Ki,42,,overall test rmse,1.03032
moleculeace,MolCLR,CHEMBL1862_Ki,42,,noncliff test rmse,1.092215
moleculeace,MolCLR,CHEMBL1862_Ki,42,,cliff test rmse,0.936612
moleculeace,MolCLR,CHEMBL1871_Ki,42,,overall test rmse,0.879946
moleculeace,MolCLR,CHEMBL1871_Ki,42,,noncliff test rmse,0.735152
moleculeace,MolCLR,CHEMBL1871_Ki,42,,cliff test rmse,1.232772
moleculeace,MolCLR,CHEMBL2034_Ki,42,,overall test rmse,0.936571
moleculeace,MolCLR,CHEMBL2034_Ki,42,,noncliff test rmse,0.956473
moleculeace,MolCLR,CHEMBL2034_Ki,42,,cliff test rmse,0.897058
moleculeace,MolCLR,CHEMBL2047_EC50,42,,overall test rmse,0.83057
moleculeace,MolCLR,CHEMBL2047_EC50,42,,noncliff test rmse,0.837324
moleculeace,MolCLR,CHEMBL2047_EC50,42,,cliff test rmse,0.819922
moleculeace,MolCLR,CHEMBL204_Ki,42,,overall test rmse,1.179371
moleculeace,MolCLR,CHEMBL204_Ki,42,,noncliff test rmse,1.079271
moleculeace,MolCLR,CHEMBL204_Ki,42,,cliff test rmse,1.316486
moleculeace,MolCLR,CHEMBL2147_Ki,42,,overall test rmse,1.035772
moleculeace,MolCLR,CHEMBL2147_Ki,42,,noncliff test rmse,1.027529
moleculeace,MolCLR,CHEMBL2147_Ki,42,,cliff test rmse,1.048294
moleculeace,MolCLR,CHEMBL214_Ki,42,,overall test rmse,0.970376
moleculeace,MolCLR,CHEMBL214_Ki,42,,noncliff test rmse,0.932841
moleculeace,MolCLR,CHEMBL214_Ki,42,,cliff test rmse,1.031689
moleculeace,MolCLR,CHEMBL218_EC50,42,,overall test rmse,1.006306
moleculeace,MolCLR,CHEMBL218_EC50,42,,noncliff test rmse,0.997234
moleculeace,MolCLR,CHEMBL218_EC50,42,,cliff test rmse,1.021872
moleculeace,MolCLR,CHEMBL219_Ki,42,,overall test rmse,0.995345
moleculeace,MolCLR,CHEMBL219_Ki,42,,noncliff test rmse,0.984754
moleculeace,MolCLR,CHEMBL219_Ki,42,,cliff test rmse,1.011304
moleculeace,MolCLR,CHEMBL228_Ki,42,,overall test rmse,1.023177
moleculeace,MolCLR,CHEMBL228_Ki,42,,noncliff test rmse,1.000272
moleculeace,MolCLR,CHEMBL228_Ki,42,,cliff test rmse,1.060827
moleculeace,MolCLR,CHEMBL231_Ki,42,,overall test rmse,1.017463
moleculeace,MolCLR,CHEMBL231_Ki,42,,noncliff test rmse,1.03979
moleculeace,MolCLR,CHEMBL231_Ki,42,,cliff test rmse,0.944801
moleculeace,MolCLR,CHEMBL233_Ki,42,,overall test rmse,1.066408
moleculeace,MolCLR,CHEMBL233_Ki,42,,noncliff test rmse,1.075234
moleculeace,MolCLR,CHEMBL233_Ki,42,,cliff test rmse,1.053637
moleculeace,MolCLR,CHEMBL234_Ki,42,,overall test rmse,0.965763
moleculeace,MolCLR,CHEMBL234_Ki,42,,noncliff test rmse,0.99724
moleculeace,MolCLR,CHEMBL234_Ki,42,,cliff test rmse,0.923552
moleculeace,MolCLR,CHEMBL235_EC50,42,,overall test rmse,0.93461
moleculeace,MolCLR,CHEMBL235_EC50,42,,noncliff test rmse,0.859561
moleculeace,MolCLR,CHEMBL235_EC50,42,,cliff test rmse,1.04685
moleculeace,MolCLR,CHEMBL236_Ki,42,,overall test rmse,1.049744
moleculeace,MolCLR,CHEMBL236_Ki,42,,noncliff test rmse,0.993132
moleculeace,MolCLR,CHEMBL236_Ki,42,,cliff test rmse,1.132113
moleculeace,MolCLR,CHEMBL237_EC50,42,,overall test rmse,1.159899
moleculeace,MolCLR,CHEMBL237_EC50,42,,noncliff test rmse,1.183199
moleculeace,MolCLR,CHEMBL237_EC50,42,,cliff test rmse,1.133213
moleculeace,MolCLR,CHEMBL237_Ki,42,,overall test rmse,1.063598
moleculeace,MolCLR,CHEMBL237_Ki,42,,noncliff test rmse,1.036749
moleculeace,MolCLR,CHEMBL237_Ki,42,,cliff test rmse,1.098569
moleculeace,MolCLR,CHEMBL238_Ki,42,,overall test rmse,0.972807
moleculeace,MolCLR,CHEMBL238_Ki,42,,noncliff test rmse,0.985773
moleculeace,MolCLR,CHEMBL238_Ki,42,,cliff test rmse,0.934559
moleculeace,MolCLR,CHEMBL239_EC50,42,,overall test rmse,0.966424
moleculeace,MolCLR,CHEMBL239_EC50,42,,noncliff test rmse,0.893395
moleculeace,MolCLR,CHEMBL239_EC50,42,,cliff test rmse,1.064146
moleculeace,MolCLR,CHEMBL244_Ki,42,,overall test rmse,1.135141
moleculeace,MolCLR,CHEMBL244_Ki,42,,noncliff test rmse,1.137518
moleculeace,MolCLR,CHEMBL244_Ki,42,,cliff test rmse,1.132527
moleculeace,MolCLR,CHEMBL262_Ki,42,,overall test rmse,1.026949
moleculeace,MolCLR,CHEMBL262_Ki,42,,noncliff test rmse,1.039706
moleculeace,MolCLR,CHEMBL262_Ki,42,,cliff test rmse,0.968741
moleculeace,MolCLR,CHEMBL264_Ki,42,,overall test rmse,0.934304
moleculeace,MolCLR,CHEMBL264_Ki,42,,noncliff test rmse,0.894874
moleculeace,MolCLR,CHEMBL264_Ki,42,,cliff test rmse,0.986925
moleculeace,MolCLR,CHEMBL2835_Ki,42,,overall test rmse,0.641066
moleculeace,MolCLR,CHEMBL2835_Ki,42,,noncliff test rmse,0.583098
moleculeace,MolCLR,CHEMBL2835_Ki,42,,cliff test rmse,1.013805
moleculeace,MolCLR,CHEMBL287_Ki,42,,overall test rmse,0.894022
moleculeace,MolCLR,CHEMBL287_Ki,42,,noncliff test rmse,0.867517
moleculeace,MolCLR,CHEMBL287_Ki,42,,cliff test rmse,0.934673
moleculeace,MolCLR,CHEMBL2971_Ki,42,,overall test rmse,0.915187
moleculeace,MolCLR,CHEMBL2971_Ki,42,,noncliff test rmse,0.915855
moleculeace,MolCLR,CHEMBL2971_Ki,42,,cliff test rmse,0.911979
moleculeace,MolCLR,CHEMBL3979_EC50,42,,overall test rmse,0.893125
moleculeace,MolCLR,CHEMBL3979_EC50,42,,noncliff test rmse,0.875661
moleculeace,MolCLR,CHEMBL3979_EC50,42,,cliff test rmse,0.917087
moleculeace,MolCLR,CHEMBL4005_Ki,42,,overall test rmse,0.951429
moleculeace,MolCLR,CHEMBL4005_Ki,42,,noncliff test rmse,0.957193
moleculeace,MolCLR,CHEMBL4005_Ki,42,,cliff test rmse,0.943402
moleculeace,MolCLR,CHEMBL4203_Ki,42,,overall test rmse,1.001699
moleculeace,MolCLR,CHEMBL4203_Ki,42,,noncliff test rmse,0.998895
moleculeace,MolCLR,CHEMBL4203_Ki,42,,cliff test rmse,1.030576
moleculeace,MolCLR,CHEMBL4616_EC50,42,,overall test rmse,0.867509
moleculeace,MolCLR,CHEMBL4616_EC50,42,,noncliff test rmse,0.922931
moleculeace,MolCLR,CHEMBL4616_EC50,42,,cliff test rmse,0.81416
moleculeace,MolCLR,CHEMBL4792_Ki,42,,overall test rmse,0.981772
moleculeace,MolCLR,CHEMBL4792_Ki,42,,noncliff test rmse,0.990769
moleculeace,MolCLR,CHEMBL4792_Ki,42,,cliff test rmse,0.974002
moleculeace,MolCLR,CHEMBL1862_Ki,117,,overall test rmse,1.005396
moleculeace,MolCLR,CHEMBL1862_Ki,117,,noncliff test rmse,1.05534
moleculeace,MolCLR,CHEMBL1862_Ki,117,,cliff test rmse,0.930817
moleculeace,MolCLR,CHEMBL1871_Ki,117,,overall test rmse,0.8798
moleculeace,MolCLR,CHEMBL1871_Ki,117,,noncliff test rmse,0.742404
moleculeace,MolCLR,CHEMBL1871_Ki,117,,cliff test rmse,1.218398
moleculeace,MolCLR,CHEMBL2034_Ki,117,,overall test rmse,0.928791
moleculeace,MolCLR,CHEMBL2034_Ki,117,,noncliff test rmse,0.951318
moleculeace,MolCLR,CHEMBL2034_Ki,117,,cliff test rmse,0.883858
moleculeace,MolCLR,CHEMBL2047_EC50,117,,overall test rmse,0.83295
moleculeace,MolCLR,CHEMBL2047_EC50,117,,noncliff test rmse,0.836112
moleculeace,MolCLR,CHEMBL2047_EC50,117,,cliff test rmse,0.827993
moleculeace,MolCLR,CHEMBL204_Ki,117,,overall test rmse,1.216532
moleculeace,MolCLR,CHEMBL204_Ki,117,,noncliff test rmse,1.124316
moleculeace,MolCLR,CHEMBL204_Ki,117,,cliff test rmse,1.344132
moleculeace,MolCLR,CHEMBL2147_Ki,117,,overall test rmse,1.086096
moleculeace,MolCLR,CHEMBL2147_Ki,117,,noncliff test rmse,1.102869
moleculeace,MolCLR,CHEMBL2147_Ki,117,,cliff test rmse,1.059842
moleculeace,MolCLR,CHEMBL214_Ki,117,,overall test rmse,0.971623
moleculeace,MolCLR,CHEMBL214_Ki,117,,noncliff test rmse,0.947438
moleculeace,MolCLR,CHEMBL214_Ki,117,,cliff test rmse,1.011834
moleculeace,MolCLR,CHEMBL218_EC50,117,,overall test rmse,0.985462
moleculeace,MolCLR,CHEMBL218_EC50,117,,noncliff test rmse,0.973844
moleculeace,MolCLR,CHEMBL218_EC50,117,,cliff test rmse,1.00532
moleculeace,MolCLR,CHEMBL219_Ki,117,,overall test rmse,1.013302
moleculeace,MolCLR,CHEMBL219_Ki,117,,noncliff test rmse,1.017648
moleculeace,MolCLR,CHEMBL219_Ki,117,,cliff test rmse,1.006629
moleculeace,MolCLR,CHEMBL228_Ki,117,,overall test rmse,0.99605
moleculeace,MolCLR,CHEMBL228_Ki,117,,noncliff test rmse,0.972822
moleculeace,MolCLR,CHEMBL228_Ki,117,,cliff test rmse,1.034183
moleculeace,MolCLR,CHEMBL231_Ki,117,,overall test rmse,0.996371
moleculeace,MolCLR,CHEMBL231_Ki,117,,noncliff test rmse,1.009874
moleculeace,MolCLR,CHEMBL231_Ki,117,,cliff test rmse,0.953235
moleculeace,MolCLR,CHEMBL233_Ki,117,,overall test rmse,1.053854
moleculeace,MolCLR,CHEMBL233_Ki,117,,noncliff test rmse,1.059925
moleculeace,MolCLR,CHEMBL233_Ki,117,,cliff test rmse,1.045096
moleculeace,MolCLR,CHEMBL234_Ki,117,,overall test rmse,0.954931
moleculeace,MolCLR,CHEMBL234_Ki,117,,noncliff test rmse,0.98626
moleculeace,MolCLR,CHEMBL234_Ki,117,,cliff test rmse,0.91291
moleculeace,MolCLR,CHEMBL235_EC50,117,,overall test rmse,0.922585
moleculeace,MolCLR,CHEMBL235_EC50,117,,noncliff test rmse,0.870515
moleculeace,MolCLR,CHEMBL235_EC50,117,,cliff test rmse,1.002684
moleculeace,MolCLR,CHEMBL236_Ki,117,,overall test rmse,1.037769
moleculeace,MolCLR,CHEMBL236_Ki,117,,noncliff test rmse,0.987994
moleculeace,MolCLR,CHEMBL236_Ki,117,,cliff test rmse,1.110697
moleculeace,MolCLR,CHEMBL237_EC50,117,,overall test rmse,1.225138
moleculeace,MolCLR,CHEMBL237_EC50,117,,noncliff test rmse,1.267614
moleculeace,MolCLR,CHEMBL237_EC50,117,,cliff test rmse,1.175705
moleculeace,MolCLR,CHEMBL237_Ki,117,,overall test rmse,1.044196
moleculeace,MolCLR,CHEMBL237_Ki,117,,noncliff test rmse,1.041228
moleculeace,MolCLR,CHEMBL237_Ki,117,,cliff test rmse,1.048163
moleculeace,MolCLR,CHEMBL238_Ki,117,,overall test rmse,1.026925
moleculeace,MolCLR,CHEMBL238_Ki,117,,noncliff test rmse,1.021217
moleculeace,MolCLR,CHEMBL238_Ki,117,,cliff test rmse,1.043148
moleculeace,MolCLR,CHEMBL239_EC50,117,,overall test rmse,0.984
moleculeace,MolCLR,CHEMBL239_EC50,117,,noncliff test rmse,0.933066
moleculeace,MolCLR,CHEMBL239_EC50,117,,cliff test rmse,1.053999
moleculeace,MolCLR,CHEMBL244_Ki,117,,overall test rmse,1.092785
moleculeace,MolCLR,CHEMBL244_Ki,117,,noncliff test rmse,1.088794
moleculeace,MolCLR,CHEMBL244_Ki,117,,cliff test rmse,1.097151
moleculeace,MolCLR,CHEMBL262_Ki,117,,overall test rmse,1.024251
moleculeace,MolCLR,CHEMBL262_Ki,117,,noncliff test rmse,1.039508
moleculeace,MolCLR,CHEMBL262_Ki,117,,cliff test rmse,0.954124
moleculeace,MolCLR,CHEMBL264_Ki,117,,overall test rmse,0.920559
moleculeace,MolCLR,CHEMBL264_Ki,117,,noncliff test rmse,0.890042
moleculeace,MolCLR,CHEMBL264_Ki,117,,cliff test rmse,0.961704
moleculeace,MolCLR,CHEMBL2835_Ki,117,,overall test rmse,0.651979
moleculeace,MolCLR,CHEMBL2835_Ki,117,,noncliff test rmse,0.590224
moleculeace,MolCLR,CHEMBL2835_Ki,117,,cliff test rmse,1.044935
moleculeace,MolCLR,CHEMBL287_Ki,117,,overall test rmse,0.876959
moleculeace,MolCLR,CHEMBL287_Ki,117,,noncliff test rmse,0.848375
moleculeace,MolCLR,CHEMBL287_Ki,117,,cliff test rmse,0.920642
moleculeace,MolCLR,CHEMBL2971_Ki,117,,overall test rmse,0.919144
moleculeace,MolCLR,CHEMBL2971_Ki,117,,noncliff test rmse,0.925863
moleculeace,MolCLR,CHEMBL2971_Ki,117,,cliff test rmse,0.886223
moleculeace,MolCLR,CHEMBL3979_EC50,117,,overall test rmse,0.917135
moleculeace,MolCLR,CHEMBL3979_EC50,117,,noncliff test rmse,0.90075
moleculeace,MolCLR,CHEMBL3979_EC50,117,,cliff test rmse,0.939662
moleculeace,MolCLR,CHEMBL4005_Ki,117,,overall test rmse,0.925363
moleculeace,MolCLR,CHEMBL4005_Ki,117,,noncliff test rmse,0.923019
moleculeace,MolCLR,CHEMBL4005_Ki,117,,cliff test rmse,0.928595
moleculeace,MolCLR,CHEMBL4203_Ki,117,,overall test rmse,1.007056
moleculeace,MolCLR,CHEMBL4203_Ki,117,,noncliff test rmse,1.005754
moleculeace,MolCLR,CHEMBL4203_Ki,117,,cliff test rmse,1.020575
moleculeace,MolCLR,CHEMBL4616_EC50,117,,overall test rmse,0.904927
moleculeace,MolCLR,CHEMBL4616_EC50,117,,noncliff test rmse,0.949957
moleculeace,MolCLR,CHEMBL4616_EC50,117,,cliff test rmse,0.862192
moleculeace,MolCLR,CHEMBL4792_Ki,117,,overall test rmse,0.967287
moleculeace,MolCLR,CHEMBL4792_Ki,117,,noncliff test rmse,0.96671
moleculeace,MolCLR,CHEMBL4792_Ki,117,,cliff test rmse,0.967781
moleculeace,MolCLR,CHEMBL1862_Ki,709,,overall test rmse,1.050295
moleculeace,MolCLR,CHEMBL1862_Ki,709,,noncliff test rmse,1.112796
moleculeace,MolCLR,CHEMBL1862_Ki,709,,cliff test rmse,0.955743
moleculeace,MolCLR,CHEMBL1871_Ki,709,,overall test rmse,0.886352
moleculeace,MolCLR,CHEMBL1871_Ki,709,,noncliff test rmse,0.745314
moleculeace,MolCLR,CHEMBL1871_Ki,709,,cliff test rmse,1.232539
moleculeace,MolCLR,CHEMBL2034_Ki,709,,overall test rmse,0.914105
moleculeace,MolCLR,CHEMBL2034_Ki,709,,noncliff test rmse,0.933514
moleculeace,MolCLR,CHEMBL2034_Ki,709,,cliff test rmse,0.87557
moleculeace,MolCLR,CHEMBL2047_EC50,709,,overall test rmse,0.812264
moleculeace,MolCLR,CHEMBL2047_EC50,709,,noncliff test rmse,0.824442
moleculeace,MolCLR,CHEMBL2047_EC50,709,,cliff test rmse,0.792893
moleculeace,MolCLR,CHEMBL204_Ki,709,,overall test rmse,1.236507
moleculeace,MolCLR,CHEMBL204_Ki,709,,noncliff test rmse,1.163725
moleculeace,MolCLR,CHEMBL204_Ki,709,,cliff test rmse,1.339169
moleculeace,MolCLR,CHEMBL2147_Ki,709,,overall test rmse,1.071656
moleculeace,MolCLR,CHEMBL2147_Ki,709,,noncliff test rmse,1.055281
moleculeace,MolCLR,CHEMBL2147_Ki,709,,cliff test rmse,1.096308
moleculeace,MolCLR,CHEMBL214_Ki,709,,overall test rmse,0.96019
moleculeace,MolCLR,CHEMBL214_Ki,709,,noncliff test rmse,0.918971
moleculeace,MolCLR,CHEMBL214_Ki,709,,cliff test rmse,1.027162
moleculeace,MolCLR,CHEMBL218_EC50,709,,overall test rmse,0.991339
moleculeace,MolCLR,CHEMBL218_EC50,709,,noncliff test rmse,0.976977
moleculeace,MolCLR,CHEMBL218_EC50,709,,cliff test rmse,1.0158
moleculeace,MolCLR,CHEMBL219_Ki,709,,overall test rmse,1.013939
moleculeace,MolCLR,CHEMBL219_Ki,709,,noncliff test rmse,1.008221
moleculeace,MolCLR,CHEMBL219_Ki,709,,cliff test rmse,1.022608
moleculeace,MolCLR,CHEMBL228_Ki,709,,overall test rmse,0.976335
moleculeace,MolCLR,CHEMBL228_Ki,709,,noncliff test rmse,0.951578
moleculeace,MolCLR,CHEMBL228_Ki,709,,cliff test rmse,1.016873
moleculeace,MolCLR,CHEMBL231_Ki,709,,overall test rmse,1.011203
moleculeace,MolCLR,CHEMBL231_Ki,709,,noncliff test rmse,1.026358
moleculeace,MolCLR,CHEMBL231_Ki,709,,cliff test rmse,0.96264
moleculeace,MolCLR,CHEMBL233_Ki,709,,overall test rmse,1.061123
moleculeace,MolCLR,CHEMBL233_Ki,709,,noncliff test rmse,1.056767
moleculeace,MolCLR,CHEMBL233_Ki,709,,cliff test rmse,1.067331
moleculeace,MolCLR,CHEMBL234_Ki,709,,overall test rmse,0.953932
moleculeace,MolCLR,CHEMBL234_Ki,709,,noncliff test rmse,0.975389
moleculeace,MolCLR,CHEMBL234_Ki,709,,cliff test rmse,0.925503
moleculeace,MolCLR,CHEMBL235_EC50,709,,overall test rmse,0.911088
moleculeace,MolCLR,CHEMBL235_EC50,709,,noncliff test rmse,0.838791
moleculeace,MolCLR,CHEMBL235_EC50,709,,cliff test rmse,1.019333
moleculeace,MolCLR,CHEMBL236_Ki,709,,overall test rmse,1.024976
moleculeace,MolCLR,CHEMBL236_Ki,709,,noncliff test rmse,0.971184
moleculeace,MolCLR,CHEMBL236_Ki,709,,cliff test rmse,1.103375
moleculeace,MolCLR,CHEMBL237_EC50,709,,overall test rmse,1.189563
moleculeace,MolCLR,CHEMBL237_EC50,709,,noncliff test rmse,1.209174
moleculeace,MolCLR,CHEMBL237_EC50,709,,cliff test rmse,1.16719
moleculeace,MolCLR,CHEMBL237_Ki,709,,overall test rmse,1.050697
moleculeace,MolCLR,CHEMBL237_Ki,709,,noncliff test rmse,1.044736
moleculeace,MolCLR,CHEMBL237_Ki,709,,cliff test rmse,1.058637
moleculeace,MolCLR,CHEMBL238_Ki,709,,overall test rmse,0.994634
moleculeace,MolCLR,CHEMBL238_Ki,709,,noncliff test rmse,1.009928
moleculeace,MolCLR,CHEMBL238_Ki,709,,cliff test rmse,0.94933
moleculeace,MolCLR,CHEMBL239_EC50,709,,overall test rmse,0.95617
moleculeace,MolCLR,CHEMBL239_EC50,709,,noncliff test rmse,0.884631
moleculeace,MolCLR,CHEMBL239_EC50,709,,cliff test rmse,1.051978
moleculeace,MolCLR,CHEMBL244_Ki,709,,overall test rmse,1.115096
moleculeace,MolCLR,CHEMBL244_Ki,709,,noncliff test rmse,1.104439
moleculeace,MolCLR,CHEMBL244_Ki,709,,cliff test rmse,1.126682
moleculeace,MolCLR,CHEMBL262_Ki,709,,overall test rmse,1.007402
moleculeace,MolCLR,CHEMBL262_Ki,709,,noncliff test rmse,1.021855
moleculeace,MolCLR,CHEMBL262_Ki,709,,cliff test rmse,0.941074
moleculeace,MolCLR,CHEMBL264_Ki,709,,overall test rmse,0.940397
moleculeace,MolCLR,CHEMBL264_Ki,709,,noncliff test rmse,0.90257
moleculeace,MolCLR,CHEMBL264_Ki,709,,cliff test rmse,0.99099
moleculeace,MolCLR,CHEMBL2835_Ki,709,,overall test rmse,0.641978
moleculeace,MolCLR,CHEMBL2835_Ki,709,,noncliff test rmse,0.568959
moleculeace,MolCLR,CHEMBL2835_Ki,709,,cliff test rmse,1.086606
moleculeace,MolCLR,CHEMBL287_Ki,709,,overall test rmse,0.883914
moleculeace,MolCLR,CHEMBL287_Ki,709,,noncliff test rmse,0.865555
moleculeace,MolCLR,CHEMBL287_Ki,709,,cliff test rmse,0.912383
moleculeace,MolCLR,CHEMBL2971_Ki,709,,overall test rmse,0.948644
moleculeace,MolCLR,CHEMBL2971_Ki,709,,noncliff test rmse,0.943667
moleculeace,MolCLR,CHEMBL2971_Ki,709,,cliff test rmse,0.972149
moleculeace,MolCLR,CHEMBL3979_EC50,709,,overall test rmse,0.915967
moleculeace,MolCLR,CHEMBL3979_EC50,709,,noncliff test rmse,0.901327
moleculeace,MolCLR,CHEMBL3979_EC50,709,,cliff test rmse,0.936141
moleculeace,MolCLR,CHEMBL4005_Ki,709,,overall test rmse,0.940555
moleculeace,MolCLR,CHEMBL4005_Ki,709,,noncliff test rmse,0.950836
moleculeace,MolCLR,CHEMBL4005_Ki,709,,cliff test rmse,0.926152
moleculeace,MolCLR,CHEMBL4203_Ki,709,,overall test rmse,1.012948
moleculeace,MolCLR,CHEMBL4203_Ki,709,,noncliff test rmse,1.009435
moleculeace,MolCLR,CHEMBL4203_Ki,709,,cliff test rmse,1.048997
moleculeace,MolCLR,CHEMBL4616_EC50,709,,overall test rmse,0.875561
moleculeace,MolCLR,CHEMBL4616_EC50,709,,noncliff test rmse,0.915469
moleculeace,MolCLR,CHEMBL4616_EC50,709,,cliff test rmse,0.837846
moleculeace,MolCLR,CHEMBL4792_Ki,709,,overall test rmse,0.980038
moleculeace,MolCLR,CHEMBL4792_Ki,709,,noncliff test rmse,0.994024
moleculeace,MolCLR,CHEMBL4792_Ki,709,,cliff test rmse,0.967901
moleculeace,MolCLR,CHEMBL1862_Ki,1701,,overall test rmse,1.026808
moleculeace,MolCLR,CHEMBL1862_Ki,1701,,noncliff test rmse,1.072708
moleculeace,MolCLR,CHEMBL1862_Ki,1701,,cliff test rmse,0.958714
moleculeace,MolCLR,CHEMBL1871_Ki,1701,,overall test rmse,0.8692
moleculeace,MolCLR,CHEMBL1871_Ki,1701,,noncliff test rmse,0.74075
moleculeace,MolCLR,CHEMBL1871_Ki,1701,,cliff test rmse,1.189403
moleculeace,MolCLR,CHEMBL2034_Ki,1701,,overall test rmse,0.933095
moleculeace,MolCLR,CHEMBL2034_Ki,1701,,noncliff test rmse,0.955104
moleculeace,MolCLR,CHEMBL2034_Ki,1701,,cliff test rmse,0.889242
moleculeace,MolCLR,CHEMBL2047_EC50,1701,,overall test rmse,0.837034
moleculeace,MolCLR,CHEMBL2047_EC50,1701,,noncliff test rmse,0.844167
moleculeace,MolCLR,CHEMBL2047_EC50,1701,,cliff test rmse,0.825783
moleculeace,MolCLR,CHEMBL204_Ki,1701,,overall test rmse,1.199426
moleculeace,MolCLR,CHEMBL204_Ki,1701,,noncliff test rmse,1.102852
moleculeace,MolCLR,CHEMBL204_Ki,1701,,cliff test rmse,1.332352
moleculeace,MolCLR,CHEMBL2147_Ki,1701,,overall test rmse,1.087614
moleculeace,MolCLR,CHEMBL2147_Ki,1701,,noncliff test rmse,1.104425
moleculeace,MolCLR,CHEMBL2147_Ki,1701,,cliff test rmse,1.0613
moleculeace,MolCLR,CHEMBL214_Ki,1701,,overall test rmse,0.961369
moleculeace,MolCLR,CHEMBL214_Ki,1701,,noncliff test rmse,0.926994
moleculeace,MolCLR,CHEMBL214_Ki,1701,,cliff test rmse,1.017731
moleculeace,MolCLR,CHEMBL218_EC50,1701,,overall test rmse,0.982539
moleculeace,MolCLR,CHEMBL218_EC50,1701,,noncliff test rmse,0.972084
moleculeace,MolCLR,CHEMBL218_EC50,1701,,cliff test rmse,1.000438
moleculeace,MolCLR,CHEMBL219_Ki,1701,,overall test rmse,1.021359
moleculeace,MolCLR,CHEMBL219_Ki,1701,,noncliff test rmse,1.020296
moleculeace,MolCLR,CHEMBL219_Ki,1701,,cliff test rmse,1.022979
moleculeace,MolCLR,CHEMBL228_Ki,1701,,overall test rmse,0.998428
moleculeace,MolCLR,CHEMBL228_Ki,1701,,noncliff test rmse,0.974253
moleculeace,MolCLR,CHEMBL228_Ki,1701,,cliff test rmse,1.038071
moleculeace,MolCLR,CHEMBL231_Ki,1701,,overall test rmse,1.006889
moleculeace,MolCLR,CHEMBL231_Ki,1701,,noncliff test rmse,1.020539
moleculeace,MolCLR,CHEMBL231_Ki,1701,,cliff test rmse,0.963284
moleculeace,MolCLR,CHEMBL233_Ki,1701,,overall test rmse,1.054874
moleculeace,MolCLR,CHEMBL233_Ki,1701,,noncliff test rmse,1.06365
moleculeace,MolCLR,CHEMBL233_Ki,1701,,cliff test rmse,1.042174
moleculeace,MolCLR,CHEMBL234_Ki,1701,,overall test rmse,0.940272
moleculeace,MolCLR,CHEMBL234_Ki,1701,,noncliff test rmse,0.9608
moleculeace,MolCLR,CHEMBL234_Ki,1701,,cliff test rmse,0.913096
moleculeace,MolCLR,CHEMBL235_EC50,1701,,overall test rmse,0.91782
moleculeace,MolCLR,CHEMBL235_EC50,1701,,noncliff test rmse,0.840602
moleculeace,MolCLR,CHEMBL235_EC50,1701,,cliff test rmse,1.032793
moleculeace,MolCLR,CHEMBL236_Ki,1701,,overall test rmse,1.0433
moleculeace,MolCLR,CHEMBL236_Ki,1701,,noncliff test rmse,0.99249
moleculeace,MolCLR,CHEMBL236_Ki,1701,,cliff test rmse,1.11768
moleculeace,MolCLR,CHEMBL237_EC50,1701,,overall test rmse,1.171433
moleculeace,MolCLR,CHEMBL237_EC50,1701,,noncliff test rmse,1.201713
moleculeace,MolCLR,CHEMBL237_EC50,1701,,cliff test rmse,1.136534
moleculeace,MolCLR,CHEMBL237_Ki,1701,,overall test rmse,1.052433
moleculeace,MolCLR,CHEMBL237_Ki,1701,,noncliff test rmse,1.039556
moleculeace,MolCLR,CHEMBL237_Ki,1701,,cliff test rmse,1.069455
moleculeace,MolCLR,CHEMBL238_Ki,1701,,overall test rmse,0.97367
moleculeace,MolCLR,CHEMBL238_Ki,1701,,noncliff test rmse,0.990207
moleculeace,MolCLR,CHEMBL238_Ki,1701,,cliff test rmse,0.92452
moleculeace,MolCLR,CHEMBL239_EC50,1701,,overall test rmse,0.970462
moleculeace,MolCLR,CHEMBL239_EC50,1701,,noncliff test rmse,0.909455
moleculeace,MolCLR,CHEMBL239_EC50,1701,,cliff test rmse,1.053259
moleculeace,MolCLR,CHEMBL244_Ki,1701,,overall test rmse,1.119623
moleculeace,MolCLR,CHEMBL244_Ki,1701,,noncliff test rmse,1.124838
moleculeace,MolCLR,CHEMBL244_Ki,1701,,cliff test rmse,1.113869
moleculeace,MolCLR,CHEMBL262_Ki,1701,,overall test rmse,1.02982
moleculeace,MolCLR,CHEMBL262_Ki,1701,,noncliff test rmse,1.039437
moleculeace,MolCLR,CHEMBL262_Ki,1701,,cliff test rmse,0.986329
moleculeace,MolCLR,CHEMBL264_Ki,1701,,overall test rmse,0.948298
moleculeace,MolCLR,CHEMBL264_Ki,1701,,noncliff test rmse,0.922905
moleculeace,MolCLR,CHEMBL264_Ki,1701,,cliff test rmse,0.982788
moleculeace,MolCLR,CHEMBL2835_Ki,1701,,overall test rmse,0.65761
moleculeace,MolCLR,CHEMBL2835_Ki,1701,,noncliff test rmse,0.593524
moleculeace,MolCLR,CHEMBL2835_Ki,1701,,cliff test rmse,1.062733
moleculeace,MolCLR,CHEMBL287_Ki,1701,,overall test rmse,0.872599
moleculeace,MolCLR,CHEMBL287_Ki,1701,,noncliff test rmse,0.845152
moleculeace,MolCLR,CHEMBL287_Ki,1701,,cliff test rmse,0.914603
moleculeace,MolCLR,CHEMBL2971_Ki,1701,,overall test rmse,0.936457
moleculeace,MolCLR,CHEMBL2971_Ki,1701,,noncliff test rmse,0.930114
moleculeace,MolCLR,CHEMBL2971_Ki,1701,,cliff test rmse,0.966289
moleculeace,MolCLR,CHEMBL3979_EC50,1701,,overall test rmse,0.908767
moleculeace,MolCLR,CHEMBL3979_EC50,1701,,noncliff test rmse,0.873791
moleculeace,MolCLR,CHEMBL3979_EC50,1701,,cliff test rmse,0.955723
moleculeace,MolCLR,CHEMBL4005_Ki,1701,,overall test rmse,0.915851
moleculeace,MolCLR,CHEMBL4005_Ki,1701,,noncliff test rmse,0.931383
moleculeace,MolCLR,CHEMBL4005_Ki,1701,,cliff test rmse,0.89393
moleculeace,MolCLR,CHEMBL4203_Ki,1701,,overall test rmse,1.016538
moleculeace,MolCLR,CHEMBL4203_Ki,1701,,noncliff test rmse,1.01442
moleculeace,MolCLR,CHEMBL4203_Ki,1701,,cliff test rmse,1.038431
moleculeace,MolCLR,CHEMBL4616_EC50,1701,,overall test rmse,0.899679
moleculeace,MolCLR,CHEMBL4616_EC50,1701,,noncliff test rmse,0.949529
moleculeace,MolCLR,CHEMBL4616_EC50,1701,,cliff test rmse,0.852102
moleculeace,MolCLR,CHEMBL4792_Ki,1701,,overall test rmse,0.963989
moleculeace,MolCLR,CHEMBL4792_Ki,1701,,noncliff test rmse,0.960795
moleculeace,MolCLR,CHEMBL4792_Ki,1701,,cliff test rmse,0.966716
moleculeace,MolCLR,CHEMBL1862_Ki,9001,,overall test rmse,1.003257
moleculeace,MolCLR,CHEMBL1862_Ki,9001,,noncliff test rmse,1.046889
moleculeace,MolCLR,CHEMBL1862_Ki,9001,,cliff test rmse,0.93863
moleculeace,MolCLR,CHEMBL1871_Ki,9001,,overall test rmse,0.882405
moleculeace,MolCLR,CHEMBL1871_Ki,9001,,noncliff test rmse,0.749873
moleculeace,MolCLR,CHEMBL1871_Ki,9001,,cliff test rmse,1.211688
moleculeace,MolCLR,CHEMBL2034_Ki,9001,,overall test rmse,0.912258
moleculeace,MolCLR,CHEMBL2034_Ki,9001,,noncliff test rmse,0.930276
moleculeace,MolCLR,CHEMBL2034_Ki,9001,,cliff test rmse,0.876568
moleculeace,MolCLR,CHEMBL2047_EC50,9001,,overall test rmse,0.811855
moleculeace,MolCLR,CHEMBL2047_EC50,9001,,noncliff test rmse,0.819605
moleculeace,MolCLR,CHEMBL2047_EC50,9001,,cliff test rmse,0.799615
moleculeace,MolCLR,CHEMBL204_Ki,9001,,overall test rmse,1.194767
moleculeace,MolCLR,CHEMBL204_Ki,9001,,noncliff test rmse,1.093974
moleculeace,MolCLR,CHEMBL204_Ki,9001,,cliff test rmse,1.332909
moleculeace,MolCLR,CHEMBL2147_Ki,9001,,overall test rmse,1.090846
moleculeace,MolCLR,CHEMBL2147_Ki,9001,,noncliff test rmse,1.119692
moleculeace,MolCLR,CHEMBL2147_Ki,9001,,cliff test rmse,1.045037
moleculeace,MolCLR,CHEMBL214_Ki,9001,,overall test rmse,0.97017
moleculeace,MolCLR,CHEMBL214_Ki,9001,,noncliff test rmse,0.938984
moleculeace,MolCLR,CHEMBL214_Ki,9001,,cliff test rmse,1.021539
moleculeace,MolCLR,CHEMBL218_EC50,9001,,overall test rmse,0.990937
moleculeace,MolCLR,CHEMBL218_EC50,9001,,noncliff test rmse,0.995575
moleculeace,MolCLR,CHEMBL218_EC50,9001,,cliff test rmse,0.98283
moleculeace,MolCLR,CHEMBL219_Ki,9001,,overall test rmse,1.020908
moleculeace,MolCLR,CHEMBL219_Ki,9001,,noncliff test rmse,1.010861
moleculeace,MolCLR,CHEMBL219_Ki,9001,,cliff test rmse,1.036061
moleculeace,MolCLR,CHEMBL228_Ki,9001,,overall test rmse,1.016671
moleculeace,MolCLR,CHEMBL228_Ki,9001,,noncliff test rmse,1.003743
moleculeace,MolCLR,CHEMBL228_Ki,9001,,cliff test rmse,1.03819
moleculeace,MolCLR,CHEMBL231_Ki,9001,,overall test rmse,0.976166
moleculeace,MolCLR,CHEMBL231_Ki,9001,,noncliff test rmse,0.98962
moleculeace,MolCLR,CHEMBL231_Ki,9001,,cliff test rmse,0.933166
moleculeace,MolCLR,CHEMBL233_Ki,9001,,overall test rmse,1.087144
moleculeace,MolCLR,CHEMBL233_Ki,9001,,noncliff test rmse,1.100197
moleculeace,MolCLR,CHEMBL233_Ki,9001,,cliff test rmse,1.068169
moleculeace,MolCLR,CHEMBL234_Ki,9001,,overall test rmse,0.940387
moleculeace,MolCLR,CHEMBL234_Ki,9001,,noncliff test rmse,0.97053
moleculeace,MolCLR,CHEMBL234_Ki,9001,,cliff test rmse,0.899993
moleculeace,MolCLR,CHEMBL235_EC50,9001,,overall test rmse,0.909585
moleculeace,MolCLR,CHEMBL235_EC50,9001,,noncliff test rmse,0.822608
moleculeace,MolCLR,CHEMBL235_EC50,9001,,cliff test rmse,1.037395
moleculeace,MolCLR,CHEMBL236_Ki,9001,,overall test rmse,1.022122
moleculeace,MolCLR,CHEMBL236_Ki,9001,,noncliff test rmse,0.983375
moleculeace,MolCLR,CHEMBL236_Ki,9001,,cliff test rmse,1.079575
moleculeace,MolCLR,CHEMBL237_EC50,9001,,overall test rmse,1.169307
moleculeace,MolCLR,CHEMBL237_EC50,9001,,noncliff test rmse,1.179633
moleculeace,MolCLR,CHEMBL237_EC50,9001,,cliff test rmse,1.157624
moleculeace,MolCLR,CHEMBL237_Ki,9001,,overall test rmse,1.050026
moleculeace,MolCLR,CHEMBL237_Ki,9001,,noncliff test rmse,1.033626
moleculeace,MolCLR,CHEMBL237_Ki,9001,,cliff test rmse,1.07162
moleculeace,MolCLR,CHEMBL238_Ki,9001,,overall test rmse,0.980783
moleculeace,MolCLR,CHEMBL238_Ki,9001,,noncliff test rmse,0.991239
moleculeace,MolCLR,CHEMBL238_Ki,9001,,cliff test rmse,0.950106
moleculeace,MolCLR,CHEMBL239_EC50,9001,,overall test rmse,0.976282
moleculeace,MolCLR,CHEMBL239_EC50,9001,,noncliff test rmse,0.911155
moleculeace,MolCLR,CHEMBL239_EC50,9001,,cliff test rmse,1.064291
moleculeace,MolCLR,CHEMBL244_Ki,9001,,overall test rmse,1.099234
moleculeace,MolCLR,CHEMBL244_Ki,9001,,noncliff test rmse,1.087966
moleculeace,MolCLR,CHEMBL244_Ki,9001,,cliff test rmse,1.111475
moleculeace,MolCLR,CHEMBL262_Ki,9001,,overall test rmse,1.025434
moleculeace,MolCLR,CHEMBL262_Ki,9001,,noncliff test rmse,1.035783
moleculeace,MolCLR,CHEMBL262_Ki,9001,,cliff test rmse,0.978528
moleculeace,MolCLR,CHEMBL264_Ki,9001,,overall test rmse,0.917061
moleculeace,MolCLR,CHEMBL264_Ki,9001,,noncliff test rmse,0.881535
moleculeace,MolCLR,CHEMBL264_Ki,9001,,cliff test rmse,0.964657
moleculeace,MolCLR,CHEMBL2835_Ki,9001,,overall test rmse,0.635511
moleculeace,MolCLR,CHEMBL2835_Ki,9001,,noncliff test rmse,0.574413
moleculeace,MolCLR,CHEMBL2835_Ki,9001,,cliff test rmse,1.02296
moleculeace,MolCLR,CHEMBL287_Ki,9001,,overall test rmse,0.875883
moleculeace,MolCLR,CHEMBL287_Ki,9001,,noncliff test rmse,0.850137
moleculeace,MolCLR,CHEMBL287_Ki,9001,,cliff test rmse,0.915383
moleculeace,MolCLR,CHEMBL2971_Ki,9001,,overall test rmse,0.942779
moleculeace,MolCLR,CHEMBL2971_Ki,9001,,noncliff test rmse,0.936031
moleculeace,MolCLR,CHEMBL2971_Ki,9001,,cliff test rmse,0.974482
moleculeace,MolCLR,CHEMBL3979_EC50,9001,,overall test rmse,0.904366
moleculeace,MolCLR,CHEMBL3979_EC50,9001,,noncliff test rmse,0.907889
moleculeace,MolCLR,CHEMBL3979_EC50,9001,,cliff test rmse,0.899394
moleculeace,MolCLR,CHEMBL4005_Ki,9001,,overall test rmse,0.940669
moleculeace,MolCLR,CHEMBL4005_Ki,9001,,noncliff test rmse,0.945937
moleculeace,MolCLR,CHEMBL4005_Ki,9001,,cliff test rmse,0.933335
moleculeace,MolCLR,CHEMBL4203_Ki,9001,,overall test rmse,1.0299
moleculeace,MolCLR,CHEMBL4203_Ki,9001,,noncliff test rmse,1.029744
moleculeace,MolCLR,CHEMBL4203_Ki,9001,,cliff test rmse,1.031535
moleculeace,MolCLR,CHEMBL4616_EC50,9001,,overall test rmse,0.86899
moleculeace,MolCLR,CHEMBL4616_EC50,9001,,noncliff test rmse,0.932185
moleculeace,MolCLR,CHEMBL4616_EC50,9001,,cliff test rmse,0.80761
moleculeace,MolCLR,CHEMBL4792_Ki,9001,,overall test rmse,0.959677
moleculeace,MolCLR,CHEMBL4792_Ki,9001,,noncliff test rmse,0.953459
moleculeace,MolCLR,CHEMBL4792_Ki,9001,,cliff test rmse,0.96497
moleculeace,PCA_MLP,CHEMBL1862_Ki,42,,overall test rmse,0.802913
moleculeace,PCA_MLP,CHEMBL1862_Ki,42,,noncliff test rmse,0.809876
moleculeace,PCA_MLP,CHEMBL1862_Ki,42,,cliff test rmse,0.793042
moleculeace,PCA_MLP,CHEMBL1871_Ki,42,,overall test rmse,0.662915
moleculeace,PCA_MLP,CHEMBL1871_Ki,42,,noncliff test rmse,0.577566
moleculeace,PCA_MLP,CHEMBL1871_Ki,42,,cliff test rmse,0.881437
moleculeace,PCA_MLP,CHEMBL2034_Ki,42,,overall test rmse,0.761506
moleculeace,PCA_MLP,CHEMBL2034_Ki,42,,noncliff test rmse,0.635215
moleculeace,PCA_MLP,CHEMBL2034_Ki,42,,cliff test rmse,0.958702
moleculeace,PCA_MLP,CHEMBL2047_EC50,42,,overall test rmse,0.712516
moleculeace,PCA_MLP,CHEMBL2047_EC50,42,,noncliff test rmse,0.723489
moleculeace,PCA_MLP,CHEMBL2047_EC50,42,,cliff test rmse,0.695053
moleculeace,PCA_MLP,CHEMBL204_Ki,42,,overall test rmse,0.847767
moleculeace,PCA_MLP,CHEMBL204_Ki,42,,noncliff test rmse,0.764935
moleculeace,PCA_MLP,CHEMBL204_Ki,42,,cliff test rmse,0.959639
moleculeace,PCA_MLP,CHEMBL2147_Ki,42,,overall test rmse,0.741339
moleculeace,PCA_MLP,CHEMBL2147_Ki,42,,noncliff test rmse,0.750784
moleculeace,PCA_MLP,CHEMBL2147_Ki,42,,cliff test rmse,0.726608
moleculeace,PCA_MLP,CHEMBL214_Ki,42,,overall test rmse,0.736392
moleculeace,PCA_MLP,CHEMBL214_Ki,42,,noncliff test rmse,0.642511
moleculeace,PCA_MLP,CHEMBL214_Ki,42,,cliff test rmse,0.874482
moleculeace,PCA_MLP,CHEMBL218_EC50,42,,overall test rmse,0.79335
moleculeace,PCA_MLP,CHEMBL218_EC50,42,,noncliff test rmse,0.80139
moleculeace,PCA_MLP,CHEMBL218_EC50,42,,cliff test rmse,0.779189
moleculeace,PCA_MLP,CHEMBL219_Ki,42,,overall test rmse,0.8105
moleculeace,PCA_MLP,CHEMBL219_Ki,42,,noncliff test rmse,0.776566
moleculeace,PCA_MLP,CHEMBL219_Ki,42,,cliff test rmse,0.859738
moleculeace,PCA_MLP,CHEMBL228_Ki,42,,overall test rmse,0.790219
moleculeace,PCA_MLP,CHEMBL228_Ki,42,,noncliff test rmse,0.753137
moleculeace,PCA_MLP,CHEMBL228_Ki,42,,cliff test rmse,0.849313
moleculeace,PCA_MLP,CHEMBL231_Ki,42,,overall test rmse,0.728961
moleculeace,PCA_MLP,CHEMBL231_Ki,42,,noncliff test rmse,0.698371
moleculeace,PCA_MLP,CHEMBL231_Ki,42,,cliff test rmse,0.816652
moleculeace,PCA_MLP,CHEMBL233_Ki,42,,overall test rmse,0.846593
moleculeace,PCA_MLP,CHEMBL233_Ki,42,,noncliff test rmse,0.814127
moleculeace,PCA_MLP,CHEMBL233_Ki,42,,cliff test rmse,0.891039
moleculeace,PCA_MLP,CHEMBL234_Ki,42,,overall test rmse,0.685177
moleculeace,PCA_MLP,CHEMBL234_Ki,42,,noncliff test rmse,0.695548
moleculeace,PCA_MLP,CHEMBL234_Ki,42,,cliff test rmse,0.671555
moleculeace,PCA_MLP,CHEMBL235_EC50,42,,overall test rmse,0.716883
moleculeace,PCA_MLP,CHEMBL235_EC50,42,,noncliff test rmse,0.624982
moleculeace,PCA_MLP,CHEMBL235_EC50,42,,cliff test rmse,0.847117
moleculeace,PCA_MLP,CHEMBL236_Ki,42,,overall test rmse,0.826333
moleculeace,PCA_MLP,CHEMBL236_Ki,42,,noncliff test rmse,0.780781
moleculeace,PCA_MLP,CHEMBL236_Ki,42,,cliff test rmse,0.892515
moleculeace,PCA_MLP,CHEMBL237_EC50,42,,overall test rmse,0.829612
moleculeace,PCA_MLP,CHEMBL237_EC50,42,,noncliff test rmse,0.745524
moleculeace,PCA_MLP,CHEMBL237_EC50,42,,cliff test rmse,0.914723
moleculeace,PCA_MLP,CHEMBL237_Ki,42,,overall test rmse,0.788377
moleculeace,PCA_MLP,CHEMBL237_Ki,42,,noncliff test rmse,0.750883
moleculeace,PCA_MLP,CHEMBL237_Ki,42,,cliff test rmse,0.836015
moleculeace,PCA_MLP,CHEMBL238_Ki,42,,overall test rmse,0.762796
moleculeace,PCA_MLP,CHEMBL238_Ki,42,,noncliff test rmse,0.745651
moleculeace,PCA_MLP,CHEMBL238_Ki,42,,cliff test rmse,0.81003
moleculeace,PCA_MLP,CHEMBL239_EC50,42,,overall test rmse,0.768206
moleculeace,PCA_MLP,CHEMBL239_EC50,42,,noncliff test rmse,0.691952
moleculeace,PCA_MLP,CHEMBL239_EC50,42,,cliff test rmse,0.867647
moleculeace,PCA_MLP,CHEMBL244_Ki,42,,overall test rmse,0.826862
moleculeace,PCA_MLP,CHEMBL244_Ki,42,,noncliff test rmse,0.782792
moleculeace,PCA_MLP,CHEMBL244_Ki,42,,cliff test rmse,0.87269
moleculeace,PCA_MLP,CHEMBL262_Ki,42,,overall test rmse,0.813458
moleculeace,PCA_MLP,CHEMBL262_Ki,42,,noncliff test rmse,0.801082
moleculeace,PCA_MLP,CHEMBL262_Ki,42,,cliff test rmse,0.865884
moleculeace,PCA_MLP,CHEMBL264_Ki,42,,overall test rmse,0.643972
moleculeace,PCA_MLP,CHEMBL264_Ki,42,,noncliff test rmse,0.604207
moleculeace,PCA_MLP,CHEMBL264_Ki,42,,cliff test rmse,0.695895
moleculeace,PCA_MLP,CHEMBL2835_Ki,42,,overall test rmse,0.448025
moleculeace,PCA_MLP,CHEMBL2835_Ki,42,,noncliff test rmse,0.378155
moleculeace,PCA_MLP,CHEMBL2835_Ki,42,,cliff test rmse,0.838148
moleculeace,PCA_MLP,CHEMBL287_Ki,42,,overall test rmse,0.746892
moleculeace,PCA_MLP,CHEMBL287_Ki,42,,noncliff test rmse,0.704731
moleculeace,PCA_MLP,CHEMBL287_Ki,42,,cliff test rmse,0.809505
moleculeace,PCA_MLP,CHEMBL2971_Ki,42,,overall test rmse,0.707113
moleculeace,PCA_MLP,CHEMBL2971_Ki,42,,noncliff test rmse,0.647402
moleculeace,PCA_MLP,CHEMBL2971_Ki,42,,cliff test rmse,0.942207
moleculeace,PCA_MLP,CHEMBL3979_EC50,42,,overall test rmse,0.677238
moleculeace,PCA_MLP,CHEMBL3979_EC50,42,,noncliff test rmse,0.682718
moleculeace,PCA_MLP,CHEMBL3979_EC50,42,,cliff test rmse,0.669467
moleculeace,PCA_MLP,CHEMBL4005_Ki,42,,overall test rmse,0.697189
moleculeace,PCA_MLP,CHEMBL4005_Ki,42,,noncliff test rmse,0.592458
moleculeace,PCA_MLP,CHEMBL4005_Ki,42,,cliff test rmse,0.820262
moleculeace,PCA_MLP,CHEMBL4203_Ki,42,,overall test rmse,0.949938
moleculeace,PCA_MLP,CHEMBL4203_Ki,42,,noncliff test rmse,0.919405
moleculeace,PCA_MLP,CHEMBL4203_Ki,42,,cliff test rmse,1.22454
moleculeace,PCA_MLP,CHEMBL4616_EC50,42,,overall test rmse,0.757156
moleculeace,PCA_MLP,CHEMBL4616_EC50,42,,noncliff test rmse,0.707527
moleculeace,PCA_MLP,CHEMBL4616_EC50,42,,cliff test rmse,0.799379
moleculeace,PCA_MLP,CHEMBL4792_Ki,42,,overall test rmse,0.727648
moleculeace,PCA_MLP,CHEMBL4792_Ki,42,,noncliff test rmse,0.735435
moleculeace,PCA_MLP,CHEMBL4792_Ki,42,,cliff test rmse,0.720914
moleculeace,PCA_MLP,CHEMBL1862_Ki,117,,overall test rmse,0.801483
moleculeace,PCA_MLP,CHEMBL1862_Ki,117,,noncliff test rmse,0.81345
moleculeace,PCA_MLP,CHEMBL1862_Ki,117,,cliff test rmse,0.784386
moleculeace,PCA_MLP,CHEMBL1871_Ki,117,,overall test rmse,0.792536
moleculeace,PCA_MLP,CHEMBL1871_Ki,117,,noncliff test rmse,0.683196
moleculeace,PCA_MLP,CHEMBL1871_Ki,117,,cliff test rmse,1.06885
moleculeace,PCA_MLP,CHEMBL2034_Ki,117,,overall test rmse,0.744078
moleculeace,PCA_MLP,CHEMBL2034_Ki,117,,noncliff test rmse,0.639904
moleculeace,PCA_MLP,CHEMBL2034_Ki,117,,cliff test rmse,0.911544
moleculeace,PCA_MLP,CHEMBL2047_EC50,117,,overall test rmse,0.703261
moleculeace,PCA_MLP,CHEMBL2047_EC50,117,,noncliff test rmse,0.676564
moleculeace,PCA_MLP,CHEMBL2047_EC50,117,,cliff test rmse,0.742996
moleculeace,PCA_MLP,CHEMBL204_Ki,117,,overall test rmse,0.859053
moleculeace,PCA_MLP,CHEMBL204_Ki,117,,noncliff test rmse,0.770093
moleculeace,PCA_MLP,CHEMBL204_Ki,117,,cliff test rmse,0.978439
moleculeace,PCA_MLP,CHEMBL2147_Ki,117,,overall test rmse,0.72681
moleculeace,PCA_MLP,CHEMBL2147_Ki,117,,noncliff test rmse,0.738896
moleculeace,PCA_MLP,CHEMBL2147_Ki,117,,cliff test rmse,0.707862
moleculeace,PCA_MLP,CHEMBL214_Ki,117,,overall test rmse,0.758656
moleculeace,PCA_MLP,CHEMBL214_Ki,117,,noncliff test rmse,0.676831
moleculeace,PCA_MLP,CHEMBL214_Ki,117,,cliff test rmse,0.881701
moleculeace,PCA_MLP,CHEMBL218_EC50,117,,overall test rmse,0.780506
moleculeace,PCA_MLP,CHEMBL218_EC50,117,,noncliff test rmse,0.766381
moleculeace,PCA_MLP,CHEMBL218_EC50,117,,cliff test rmse,0.804448
moleculeace,PCA_MLP,CHEMBL219_Ki,117,,overall test rmse,0.823262
moleculeace,PCA_MLP,CHEMBL219_Ki,117,,noncliff test rmse,0.775604
moleculeace,PCA_MLP,CHEMBL219_Ki,117,,cliff test rmse,0.891134
moleculeace,PCA_MLP,CHEMBL228_Ki,117,,overall test rmse,0.799095
moleculeace,PCA_MLP,CHEMBL228_Ki,117,,noncliff test rmse,0.769968
moleculeace,PCA_MLP,CHEMBL228_Ki,117,,cliff test rmse,0.846122
moleculeace,PCA_MLP,CHEMBL231_Ki,117,,overall test rmse,0.740722
moleculeace,PCA_MLP,CHEMBL231_Ki,117,,noncliff test rmse,0.720887
moleculeace,PCA_MLP,CHEMBL231_Ki,117,,cliff test rmse,0.799163
moleculeace,PCA_MLP,CHEMBL233_Ki,117,,overall test rmse,0.851999
moleculeace,PCA_MLP,CHEMBL233_Ki,117,,noncliff test rmse,0.79859
moleculeace,PCA_MLP,CHEMBL233_Ki,117,,cliff test rmse,0.923136
moleculeace,PCA_MLP,CHEMBL234_Ki,117,,overall test rmse,0.699064
moleculeace,PCA_MLP,CHEMBL234_Ki,117,,noncliff test rmse,0.721891
moleculeace,PCA_MLP,CHEMBL234_Ki,117,,cliff test rmse,0.668452
moleculeace,PCA_MLP,CHEMBL235_EC50,117,,overall test rmse,0.70701
moleculeace,PCA_MLP,CHEMBL235_EC50,117,,noncliff test rmse,0.626686
moleculeace,PCA_MLP,CHEMBL235_EC50,117,,cliff test rmse,0.82268
moleculeace,PCA_MLP,CHEMBL236_Ki,117,,overall test rmse,0.818515
moleculeace,PCA_MLP,CHEMBL236_Ki,117,,noncliff test rmse,0.772354
moleculeace,PCA_MLP,CHEMBL236_Ki,117,,cliff test rmse,0.885485
moleculeace,PCA_MLP,CHEMBL237_EC50,117,,overall test rmse,0.818176
moleculeace,PCA_MLP,CHEMBL237_EC50,117,,noncliff test rmse,0.748817
moleculeace,PCA_MLP,CHEMBL237_EC50,117,,cliff test rmse,0.889513
moleculeace,PCA_MLP,CHEMBL237_Ki,117,,overall test rmse,0.783658
moleculeace,PCA_MLP,CHEMBL237_Ki,117,,noncliff test rmse,0.753597
moleculeace,PCA_MLP,CHEMBL237_Ki,117,,cliff test rmse,0.822242
moleculeace,PCA_MLP,CHEMBL238_Ki,117,,overall test rmse,0.776302
moleculeace,PCA_MLP,CHEMBL238_Ki,117,,noncliff test rmse,0.762549
moleculeace,PCA_MLP,CHEMBL238_Ki,117,,cliff test rmse,0.814523
moleculeace,PCA_MLP,CHEMBL239_EC50,117,,overall test rmse,0.725008
moleculeace,PCA_MLP,CHEMBL239_EC50,117,,noncliff test rmse,0.664989
moleculeace,PCA_MLP,CHEMBL239_EC50,117,,cliff test rmse,0.804687
moleculeace,PCA_MLP,CHEMBL244_Ki,117,,overall test rmse,0.791326
moleculeace,PCA_MLP,CHEMBL244_Ki,117,,noncliff test rmse,0.742978
moleculeace,PCA_MLP,CHEMBL244_Ki,117,,cliff test rmse,0.841216
moleculeace,PCA_MLP,CHEMBL262_Ki,117,,overall test rmse,0.837255
moleculeace,PCA_MLP,CHEMBL262_Ki,117,,noncliff test rmse,0.825167
moleculeace,PCA_MLP,CHEMBL262_Ki,117,,cliff test rmse,0.88856
moleculeace,PCA_MLP,CHEMBL264_Ki,117,,overall test rmse,0.648376
moleculeace,PCA_MLP,CHEMBL264_Ki,117,,noncliff test rmse,0.619535
moleculeace,PCA_MLP,CHEMBL264_Ki,117,,cliff test rmse,0.686767
moleculeace,PCA_MLP,CHEMBL2835_Ki,117,,overall test rmse,0.441662
moleculeace,PCA_MLP,CHEMBL2835_Ki,117,,noncliff test rmse,0.387826
moleculeace,PCA_MLP,CHEMBL2835_Ki,117,,cliff test rmse,0.763694
moleculeace,PCA_MLP,CHEMBL287_Ki,117,,overall test rmse,0.73767
moleculeace,PCA_MLP,CHEMBL287_Ki,117,,noncliff test rmse,0.715987
moleculeace,PCA_MLP,CHEMBL287_Ki,117,,cliff test rmse,0.770936
moleculeace,PCA_MLP,CHEMBL2971_Ki,117,,overall test rmse,0.715779
moleculeace,PCA_MLP,CHEMBL2971_Ki,117,,noncliff test rmse,0.651274
moleculeace,PCA_MLP,CHEMBL2971_Ki,117,,cliff test rmse,0.967004
moleculeace,PCA_MLP,CHEMBL3979_EC50,117,,overall test rmse,0.664413
moleculeace,PCA_MLP,CHEMBL3979_EC50,117,,noncliff test rmse,0.676086
moleculeace,PCA_MLP,CHEMBL3979_EC50,117,,cliff test rmse,0.647666
moleculeace,PCA_MLP,CHEMBL4005_Ki,117,,overall test rmse,0.69235
moleculeace,PCA_MLP,CHEMBL4005_Ki,117,,noncliff test rmse,0.578195
moleculeace,PCA_MLP,CHEMBL4005_Ki,117,,cliff test rmse,0.824559
moleculeace,PCA_MLP,CHEMBL4203_Ki,117,,overall test rmse,0.951466
moleculeace,PCA_MLP,CHEMBL4203_Ki,117,,noncliff test rmse,0.924321
moleculeace,PCA_MLP,CHEMBL4203_Ki,117,,cliff test rmse,1.19916
moleculeace,PCA_MLP,CHEMBL4616_EC50,117,,overall test rmse,0.716454
moleculeace,PCA_MLP,CHEMBL4616_EC50,117,,noncliff test rmse,0.651159
moleculeace,PCA_MLP,CHEMBL4616_EC50,117,,cliff test rmse,0.77074
moleculeace,PCA_MLP,CHEMBL4792_Ki,117,,overall test rmse,0.734434
moleculeace,PCA_MLP,CHEMBL4792_Ki,117,,noncliff test rmse,0.730506
moleculeace,PCA_MLP,CHEMBL4792_Ki,117,,cliff test rmse,0.73778
moleculeace,PCA_MLP,CHEMBL1862_Ki,709,,overall test rmse,0.841868
moleculeace,PCA_MLP,CHEMBL1862_Ki,709,,noncliff test rmse,0.834727
moleculeace,PCA_MLP,CHEMBL1862_Ki,709,,cliff test rmse,0.851784
moleculeace,PCA_MLP,CHEMBL1871_Ki,709,,overall test rmse,0.666841
moleculeace,PCA_MLP,CHEMBL1871_Ki,709,,noncliff test rmse,0.59403
moleculeace,PCA_MLP,CHEMBL1871_Ki,709,,cliff test rmse,0.858664
moleculeace,PCA_MLP,CHEMBL2034_Ki,709,,overall test rmse,0.740699
moleculeace,PCA_MLP,CHEMBL2034_Ki,709,,noncliff test rmse,0.646575
moleculeace,PCA_MLP,CHEMBL2034_Ki,709,,cliff test rmse,0.894285
moleculeace,PCA_MLP,CHEMBL2047_EC50,709,,overall test rmse,0.717597
moleculeace,PCA_MLP,CHEMBL2047_EC50,709,,noncliff test rmse,0.725403
moleculeace,PCA_MLP,CHEMBL2047_EC50,709,,cliff test rmse,0.705246
moleculeace,PCA_MLP,CHEMBL204_Ki,709,,overall test rmse,0.8559
moleculeace,PCA_MLP,CHEMBL204_Ki,709,,noncliff test rmse,0.775171
moleculeace,PCA_MLP,CHEMBL204_Ki,709,,cliff test rmse,0.965335
moleculeace,PCA_MLP,CHEMBL2147_Ki,709,,overall test rmse,0.726046
moleculeace,PCA_MLP,CHEMBL2147_Ki,709,,noncliff test rmse,0.731487
moleculeace,PCA_MLP,CHEMBL2147_Ki,709,,cliff test rmse,0.717617
moleculeace,PCA_MLP,CHEMBL214_Ki,709,,overall test rmse,0.725166
moleculeace,PCA_MLP,CHEMBL214_Ki,709,,noncliff test rmse,0.637553
moleculeace,PCA_MLP,CHEMBL214_Ki,709,,cliff test rmse,0.855
moleculeace,PCA_MLP,CHEMBL218_EC50,709,,overall test rmse,0.75133
moleculeace,PCA_MLP,CHEMBL218_EC50,709,,noncliff test rmse,0.728839
moleculeace,PCA_MLP,CHEMBL218_EC50,709,,cliff test rmse,0.788871
moleculeace,PCA_MLP,CHEMBL219_Ki,709,,overall test rmse,0.823467
moleculeace,PCA_MLP,CHEMBL219_Ki,709,,noncliff test rmse,0.781743
moleculeace,PCA_MLP,CHEMBL219_Ki,709,,cliff test rmse,0.883385
moleculeace,PCA_MLP,CHEMBL228_Ki,709,,overall test rmse,0.747056
moleculeace,PCA_MLP,CHEMBL228_Ki,709,,noncliff test rmse,0.712818
moleculeace,PCA_MLP,CHEMBL228_Ki,709,,cliff test rmse,0.801692
moleculeace,PCA_MLP,CHEMBL231_Ki,709,,overall test rmse,0.757556
moleculeace,PCA_MLP,CHEMBL231_Ki,709,,noncliff test rmse,0.742561
moleculeace,PCA_MLP,CHEMBL231_Ki,709,,cliff test rmse,0.802321
moleculeace,PCA_MLP,CHEMBL233_Ki,709,,overall test rmse,0.858524
moleculeace,PCA_MLP,CHEMBL233_Ki,709,,noncliff test rmse,0.81165
moleculeace,PCA_MLP,CHEMBL233_Ki,709,,cliff test rmse,0.921524
moleculeace,PCA_MLP,CHEMBL234_Ki,709,,overall test rmse,0.701781
moleculeace,PCA_MLP,CHEMBL234_Ki,709,,noncliff test rmse,0.715235
moleculeace,PCA_MLP,CHEMBL234_Ki,709,,cliff test rmse,0.684026
moleculeace,PCA_MLP,CHEMBL235_EC50,709,,overall test rmse,0.70182
moleculeace,PCA_MLP,CHEMBL235_EC50,709,,noncliff test rmse,0.61142
moleculeace,PCA_MLP,CHEMBL235_EC50,709,,cliff test rmse,0.829841
moleculeace,PCA_MLP,CHEMBL236_Ki,709,,overall test rmse,0.797287
moleculeace,PCA_MLP,CHEMBL236_Ki,709,,noncliff test rmse,0.742234
moleculeace,PCA_MLP,CHEMBL236_Ki,709,,cliff test rmse,0.875997
moleculeace,PCA_MLP,CHEMBL237_EC50,709,,overall test rmse,0.815017
moleculeace,PCA_MLP,CHEMBL237_EC50,709,,noncliff test rmse,0.745711
moleculeace,PCA_MLP,CHEMBL237_EC50,709,,cliff test rmse,0.886282
moleculeace,PCA_MLP,CHEMBL237_Ki,709,,overall test rmse,0.807663
moleculeace,PCA_MLP,CHEMBL237_Ki,709,,noncliff test rmse,0.788487
moleculeace,PCA_MLP,CHEMBL237_Ki,709,,cliff test rmse,0.832681
moleculeace,PCA_MLP,CHEMBL238_Ki,709,,overall test rmse,0.763588
moleculeace,PCA_MLP,CHEMBL238_Ki,709,,noncliff test rmse,0.747731
moleculeace,PCA_MLP,CHEMBL238_Ki,709,,cliff test rmse,0.807412
moleculeace,PCA_MLP,CHEMBL239_EC50,709,,overall test rmse,0.731108
moleculeace,PCA_MLP,CHEMBL239_EC50,709,,noncliff test rmse,0.679109
moleculeace,PCA_MLP,CHEMBL239_EC50,709,,cliff test rmse,0.801033
moleculeace,PCA_MLP,CHEMBL244_Ki,709,,overall test rmse,0.831074
moleculeace,PCA_MLP,CHEMBL244_Ki,709,,noncliff test rmse,0.79735
moleculeace,PCA_MLP,CHEMBL244_Ki,709,,cliff test rmse,0.866591
moleculeace,PCA_MLP,CHEMBL262_Ki,709,,overall test rmse,0.825222
moleculeace,PCA_MLP,CHEMBL262_Ki,709,,noncliff test rmse,0.823531
moleculeace,PCA_MLP,CHEMBL262_Ki,709,,cliff test rmse,0.832632
moleculeace,PCA_MLP,CHEMBL264_Ki,709,,overall test rmse,0.654609
moleculeace,PCA_MLP,CHEMBL264_Ki,709,,noncliff test rmse,0.612011
moleculeace,PCA_MLP,CHEMBL264_Ki,709,,cliff test rmse,0.710028
moleculeace,PCA_MLP,CHEMBL2835_Ki,709,,overall test rmse,0.459844
moleculeace,PCA_MLP,CHEMBL2835_Ki,709,,noncliff test rmse,0.399425
moleculeace,PCA_MLP,CHEMBL2835_Ki,709,,cliff test rmse,0.81408
moleculeace,PCA_MLP,CHEMBL287_Ki,709,,overall test rmse,0.751088
moleculeace,PCA_MLP,CHEMBL287_Ki,709,,noncliff test rmse,0.742903
moleculeace,PCA_MLP,CHEMBL287_Ki,709,,cliff test rmse,0.76394
moleculeace,PCA_MLP,CHEMBL2971_Ki,709,,overall test rmse,0.72353
moleculeace,PCA_MLP,CHEMBL2971_Ki,709,,noncliff test rmse,0.667305
moleculeace,PCA_MLP,CHEMBL2971_Ki,709,,cliff test rmse,0.947837
moleculeace,PCA_MLP,CHEMBL3979_EC50,709,,overall test rmse,0.67327
moleculeace,PCA_MLP,CHEMBL3979_EC50,709,,noncliff test rmse,0.664441
moleculeace,PCA_MLP,CHEMBL3979_EC50,709,,cliff test rmse,0.685476
moleculeace,PCA_MLP,CHEMBL4005_Ki,709,,overall test rmse,0.67768
moleculeace,PCA_MLP,CHEMBL4005_Ki,709,,noncliff test rmse,0.574113
moleculeace,PCA_MLP,CHEMBL4005_Ki,709,,cliff test rmse,0.799068
moleculeace,PCA_MLP,CHEMBL4203_Ki,709,,overall test rmse,0.936788
moleculeace,PCA_MLP,CHEMBL4203_Ki,709,,noncliff test rmse,0.900358
moleculeace,PCA_MLP,CHEMBL4203_Ki,709,,cliff test rmse,1.25608
moleculeace,PCA_MLP,CHEMBL4616_EC50,709,,overall test rmse,0.724295
moleculeace,PCA_MLP,CHEMBL4616_EC50,709,,noncliff test rmse,0.694041
moleculeace,PCA_MLP,CHEMBL4616_EC50,709,,cliff test rmse,0.750598
moleculeace,PCA_MLP,CHEMBL4792_Ki,709,,overall test rmse,0.736454
moleculeace,PCA_MLP,CHEMBL4792_Ki,709,,noncliff test rmse,0.742022
moleculeace,PCA_MLP,CHEMBL4792_Ki,709,,cliff test rmse,0.731653
moleculeace,PCA_MLP,CHEMBL1862_Ki,1701,,overall test rmse,0.797278
moleculeace,PCA_MLP,CHEMBL1862_Ki,1701,,noncliff test rmse,0.808463
moleculeace,PCA_MLP,CHEMBL1862_Ki,1701,,cliff test rmse,0.781316
moleculeace,PCA_MLP,CHEMBL1871_Ki,1701,,overall test rmse,0.702315
moleculeace,PCA_MLP,CHEMBL1871_Ki,1701,,noncliff test rmse,0.603598
moleculeace,PCA_MLP,CHEMBL1871_Ki,1701,,cliff test rmse,0.950876
moleculeace,PCA_MLP,CHEMBL2034_Ki,1701,,overall test rmse,0.743052
moleculeace,PCA_MLP,CHEMBL2034_Ki,1701,,noncliff test rmse,0.611052
moleculeace,PCA_MLP,CHEMBL2034_Ki,1701,,cliff test rmse,0.9465
moleculeace,PCA_MLP,CHEMBL2047_EC50,1701,,overall test rmse,0.695064
moleculeace,PCA_MLP,CHEMBL2047_EC50,1701,,noncliff test rmse,0.683646
moleculeace,PCA_MLP,CHEMBL2047_EC50,1701,,cliff test rmse,0.712511
moleculeace,PCA_MLP,CHEMBL204_Ki,1701,,overall test rmse,0.840747
moleculeace,PCA_MLP,CHEMBL204_Ki,1701,,noncliff test rmse,0.750586
moleculeace,PCA_MLP,CHEMBL204_Ki,1701,,cliff test rmse,0.961262
moleculeace,PCA_MLP,CHEMBL2147_Ki,1701,,overall test rmse,0.725309
moleculeace,PCA_MLP,CHEMBL2147_Ki,1701,,noncliff test rmse,0.736707
moleculeace,PCA_MLP,CHEMBL2147_Ki,1701,,cliff test rmse,0.707462
moleculeace,PCA_MLP,CHEMBL214_Ki,1701,,overall test rmse,0.714776
moleculeace,PCA_MLP,CHEMBL214_Ki,1701,,noncliff test rmse,0.624148
moleculeace,PCA_MLP,CHEMBL214_Ki,1701,,cliff test rmse,0.848185
moleculeace,PCA_MLP,CHEMBL218_EC50,1701,,overall test rmse,0.797845
moleculeace,PCA_MLP,CHEMBL218_EC50,1701,,noncliff test rmse,0.801186
moleculeace,PCA_MLP,CHEMBL218_EC50,1701,,cliff test rmse,0.792008
moleculeace,PCA_MLP,CHEMBL219_Ki,1701,,overall test rmse,0.80765
moleculeace,PCA_MLP,CHEMBL219_Ki,1701,,noncliff test rmse,0.771178
moleculeace,PCA_MLP,CHEMBL219_Ki,1701,,cliff test rmse,0.860366
moleculeace,PCA_MLP,CHEMBL228_Ki,1701,,overall test rmse,0.798385
moleculeace,PCA_MLP,CHEMBL228_Ki,1701,,noncliff test rmse,0.73407
moleculeace,PCA_MLP,CHEMBL228_Ki,1701,,cliff test rmse,0.896813
moleculeace,PCA_MLP,CHEMBL231_Ki,1701,,overall test rmse,0.714882
moleculeace,PCA_MLP,CHEMBL231_Ki,1701,,noncliff test rmse,0.697172
moleculeace,PCA_MLP,CHEMBL231_Ki,1701,,cliff test rmse,0.767257
moleculeace,PCA_MLP,CHEMBL233_Ki,1701,,overall test rmse,0.87
moleculeace,PCA_MLP,CHEMBL233_Ki,1701,,noncliff test rmse,0.834254
moleculeace,PCA_MLP,CHEMBL233_Ki,1701,,cliff test rmse,0.918784
moleculeace,PCA_MLP,CHEMBL234_Ki,1701,,overall test rmse,0.728324
moleculeace,PCA_MLP,CHEMBL234_Ki,1701,,noncliff test rmse,0.750875
moleculeace,PCA_MLP,CHEMBL234_Ki,1701,,cliff test rmse,0.698143
moleculeace,PCA_MLP,CHEMBL235_EC50,1701,,overall test rmse,0.726459
moleculeace,PCA_MLP,CHEMBL235_EC50,1701,,noncliff test rmse,0.628974
moleculeace,PCA_MLP,CHEMBL235_EC50,1701,,cliff test rmse,0.863705
moleculeace,PCA_MLP,CHEMBL236_Ki,1701,,overall test rmse,0.846733
moleculeace,PCA_MLP,CHEMBL236_Ki,1701,,noncliff test rmse,0.79178
moleculeace,PCA_MLP,CHEMBL236_Ki,1701,,cliff test rmse,0.925676
moleculeace,PCA_MLP,CHEMBL237_EC50,1701,,overall test rmse,0.801162
moleculeace,PCA_MLP,CHEMBL237_EC50,1701,,noncliff test rmse,0.708279
moleculeace,PCA_MLP,CHEMBL237_EC50,1701,,cliff test rmse,0.893873
moleculeace,PCA_MLP,CHEMBL237_Ki,1701,,overall test rmse,0.789627
moleculeace,PCA_MLP,CHEMBL237_Ki,1701,,noncliff test rmse,0.730062
moleculeace,PCA_MLP,CHEMBL237_Ki,1701,,cliff test rmse,0.863064
moleculeace,PCA_MLP,CHEMBL238_Ki,1701,,overall test rmse,0.747525
moleculeace,PCA_MLP,CHEMBL238_Ki,1701,,noncliff test rmse,0.749558
moleculeace,PCA_MLP,CHEMBL238_Ki,1701,,cliff test rmse,0.741654
moleculeace,PCA_MLP,CHEMBL239_EC50,1701,,overall test rmse,0.782285
moleculeace,PCA_MLP,CHEMBL239_EC50,1701,,noncliff test rmse,0.68411
moleculeace,PCA_MLP,CHEMBL239_EC50,1701,,cliff test rmse,0.906806
moleculeace,PCA_MLP,CHEMBL244_Ki,1701,,overall test rmse,0.817416
moleculeace,PCA_MLP,CHEMBL244_Ki,1701,,noncliff test rmse,0.75041
moleculeace,PCA_MLP,CHEMBL244_Ki,1701,,cliff test rmse,0.885165
moleculeace,PCA_MLP,CHEMBL262_Ki,1701,,overall test rmse,0.842724
moleculeace,PCA_MLP,CHEMBL262_Ki,1701,,noncliff test rmse,0.843657
moleculeace,PCA_MLP,CHEMBL262_Ki,1701,,cliff test rmse,0.8386
moleculeace,PCA_MLP,CHEMBL264_Ki,1701,,overall test rmse,0.649536
moleculeace,PCA_MLP,CHEMBL264_Ki,1701,,noncliff test rmse,0.620232
moleculeace,PCA_MLP,CHEMBL264_Ki,1701,,cliff test rmse,0.688513
moleculeace,PCA_MLP,CHEMBL2835_Ki,1701,,overall test rmse,0.48642
moleculeace,PCA_MLP,CHEMBL2835_Ki,1701,,noncliff test rmse,0.429982
moleculeace,PCA_MLP,CHEMBL2835_Ki,1701,,cliff test rmse,0.828357
moleculeace,PCA_MLP,CHEMBL287_Ki,1701,,overall test rmse,0.734686
moleculeace,PCA_MLP,CHEMBL287_Ki,1701,,noncliff test rmse,0.720634
moleculeace,PCA_MLP,CHEMBL287_Ki,1701,,cliff test rmse,0.756523
moleculeace,PCA_MLP,CHEMBL2971_Ki,1701,,overall test rmse,0.684709
moleculeace,PCA_MLP,CHEMBL2971_Ki,1701,,noncliff test rmse,0.631091
moleculeace,PCA_MLP,CHEMBL2971_Ki,1701,,cliff test rmse,0.898366
moleculeace,PCA_MLP,CHEMBL3979_EC50,1701,,overall test rmse,0.663606
moleculeace,PCA_MLP,CHEMBL3979_EC50,1701,,noncliff test rmse,0.675421
moleculeace,PCA_MLP,CHEMBL3979_EC50,1701,,cliff test rmse,0.646651
moleculeace,PCA_MLP,CHEMBL4005_Ki,1701,,overall test rmse,0.689199
moleculeace,PCA_MLP,CHEMBL4005_Ki,1701,,noncliff test rmse,0.585831
moleculeace,PCA_MLP,CHEMBL4005_Ki,1701,,cliff test rmse,0.810699
moleculeace,PCA_MLP,CHEMBL4203_Ki,1701,,overall test rmse,0.914239
moleculeace,PCA_MLP,CHEMBL4203_Ki,1701,,noncliff test rmse,0.880398
moleculeace,PCA_MLP,CHEMBL4203_Ki,1701,,cliff test rmse,1.21293
moleculeace,PCA_MLP,CHEMBL4616_EC50,1701,,overall test rmse,0.7433
moleculeace,PCA_MLP,CHEMBL4616_EC50,1701,,noncliff test rmse,0.691134
moleculeace,PCA_MLP,CHEMBL4616_EC50,1701,,cliff test rmse,0.787495
moleculeace,PCA_MLP,CHEMBL4792_Ki,1701,,overall test rmse,0.730887
moleculeace,PCA_MLP,CHEMBL4792_Ki,1701,,noncliff test rmse,0.713193
moleculeace,PCA_MLP,CHEMBL4792_Ki,1701,,cliff test rmse,0.745703
moleculeace,PCA_MLP,CHEMBL1862_Ki,9001,,overall test rmse,0.800035
moleculeace,PCA_MLP,CHEMBL1862_Ki,9001,,noncliff test rmse,0.79399
moleculeace,PCA_MLP,CHEMBL1862_Ki,9001,,cliff test rmse,0.808441
moleculeace,PCA_MLP,CHEMBL1871_Ki,9001,,overall test rmse,0.720814
moleculeace,PCA_MLP,CHEMBL1871_Ki,9001,,noncliff test rmse,0.630991
moleculeace,PCA_MLP,CHEMBL1871_Ki,9001,,cliff test rmse,0.95216
moleculeace,PCA_MLP,CHEMBL2034_Ki,9001,,overall test rmse,0.735293
moleculeace,PCA_MLP,CHEMBL2034_Ki,9001,,noncliff test rmse,0.605193
moleculeace,PCA_MLP,CHEMBL2034_Ki,9001,,cliff test rmse,0.935968
moleculeace,PCA_MLP,CHEMBL2047_EC50,9001,,overall test rmse,0.704074
moleculeace,PCA_MLP,CHEMBL2047_EC50,9001,,noncliff test rmse,0.717744
moleculeace,PCA_MLP,CHEMBL2047_EC50,9001,,cliff test rmse,0.682203
moleculeace,PCA_MLP,CHEMBL204_Ki,9001,,overall test rmse,0.856659
moleculeace,PCA_MLP,CHEMBL204_Ki,9001,,noncliff test rmse,0.783032
moleculeace,PCA_MLP,CHEMBL204_Ki,9001,,cliff test rmse,0.957392
moleculeace,PCA_MLP,CHEMBL2147_Ki,9001,,overall test rmse,0.748982
moleculeace,PCA_MLP,CHEMBL2147_Ki,9001,,noncliff test rmse,0.76192
moleculeace,PCA_MLP,CHEMBL2147_Ki,9001,,cliff test rmse,0.728681
moleculeace,PCA_MLP,CHEMBL214_Ki,9001,,overall test rmse,0.73947
moleculeace,PCA_MLP,CHEMBL214_Ki,9001,,noncliff test rmse,0.667903
moleculeace,PCA_MLP,CHEMBL214_Ki,9001,,cliff test rmse,0.848463
moleculeace,PCA_MLP,CHEMBL218_EC50,9001,,overall test rmse,0.786833
moleculeace,PCA_MLP,CHEMBL218_EC50,9001,,noncliff test rmse,0.762418
moleculeace,PCA_MLP,CHEMBL218_EC50,9001,,cliff test rmse,0.827527
moleculeace,PCA_MLP,CHEMBL219_Ki,9001,,overall test rmse,0.804743
moleculeace,PCA_MLP,CHEMBL219_Ki,9001,,noncliff test rmse,0.765463
moleculeace,PCA_MLP,CHEMBL219_Ki,9001,,cliff test rmse,0.861276
moleculeace,PCA_MLP,CHEMBL228_Ki,9001,,overall test rmse,0.767857
moleculeace,PCA_MLP,CHEMBL228_Ki,9001,,noncliff test rmse,0.752472
moleculeace,PCA_MLP,CHEMBL228_Ki,9001,,cliff test rmse,0.793223
moleculeace,PCA_MLP,CHEMBL231_Ki,9001,,overall test rmse,0.715333
moleculeace,PCA_MLP,CHEMBL231_Ki,9001,,noncliff test rmse,0.687501
moleculeace,PCA_MLP,CHEMBL231_Ki,9001,,cliff test rmse,0.795549
moleculeace,PCA_MLP,CHEMBL233_Ki,9001,,overall test rmse,0.869603
moleculeace,PCA_MLP,CHEMBL233_Ki,9001,,noncliff test rmse,0.823539
moleculeace,PCA_MLP,CHEMBL233_Ki,9001,,cliff test rmse,0.931627
moleculeace,PCA_MLP,CHEMBL234_Ki,9001,,overall test rmse,0.708226
moleculeace,PCA_MLP,CHEMBL234_Ki,9001,,noncliff test rmse,0.736628
moleculeace,PCA_MLP,CHEMBL234_Ki,9001,,cliff test rmse,0.669792
moleculeace,PCA_MLP,CHEMBL235_EC50,9001,,overall test rmse,0.731462
moleculeace,PCA_MLP,CHEMBL235_EC50,9001,,noncliff test rmse,0.63943
moleculeace,PCA_MLP,CHEMBL235_EC50,9001,,cliff test rmse,0.862221
moleculeace,PCA_MLP,CHEMBL236_Ki,9001,,overall test rmse,0.806937
moleculeace,PCA_MLP,CHEMBL236_Ki,9001,,noncliff test rmse,0.768752
moleculeace,PCA_MLP,CHEMBL236_Ki,9001,,cliff test rmse,0.862927
moleculeace,PCA_MLP,CHEMBL237_EC50,9001,,overall test rmse,0.846455
moleculeace,PCA_MLP,CHEMBL237_EC50,9001,,noncliff test rmse,0.788547
moleculeace,PCA_MLP,CHEMBL237_EC50,9001,,cliff test rmse,0.906978
moleculeace,PCA_MLP,CHEMBL237_Ki,9001,,overall test rmse,0.777954
moleculeace,PCA_MLP,CHEMBL237_Ki,9001,,noncliff test rmse,0.756122
moleculeace,PCA_MLP,CHEMBL237_Ki,9001,,cliff test rmse,0.8063
moleculeace,PCA_MLP,CHEMBL238_Ki,9001,,overall test rmse,0.753652
moleculeace,PCA_MLP,CHEMBL238_Ki,9001,,noncliff test rmse,0.747234
moleculeace,PCA_MLP,CHEMBL238_Ki,9001,,cliff test rmse,0.771792
moleculeace,PCA_MLP,CHEMBL239_EC50,9001,,overall test rmse,0.739794
moleculeace,PCA_MLP,CHEMBL239_EC50,9001,,noncliff test rmse,0.685763
moleculeace,PCA_MLP,CHEMBL239_EC50,9001,,cliff test rmse,0.812299
moleculeace,PCA_MLP,CHEMBL244_Ki,9001,,overall test rmse,0.830603
moleculeace,PCA_MLP,CHEMBL244_Ki,9001,,noncliff test rmse,0.771169
moleculeace,PCA_MLP,CHEMBL244_Ki,9001,,cliff test rmse,0.891306
moleculeace,PCA_MLP,CHEMBL262_Ki,9001,,overall test rmse,0.82492
moleculeace,PCA_MLP,CHEMBL262_Ki,9001,,noncliff test rmse,0.814007
moleculeace,PCA_MLP,CHEMBL262_Ki,9001,,cliff test rmse,0.87138
moleculeace,PCA_MLP,CHEMBL264_Ki,9001,,overall test rmse,0.645391
moleculeace,PCA_MLP,CHEMBL264_Ki,9001,,noncliff test rmse,0.613183
moleculeace,PCA_MLP,CHEMBL264_Ki,9001,,cliff test rmse,0.688002
moleculeace,PCA_MLP,CHEMBL2835_Ki,9001,,overall test rmse,0.46595
moleculeace,PCA_MLP,CHEMBL2835_Ki,9001,,noncliff test rmse,0.371328
moleculeace,PCA_MLP,CHEMBL2835_Ki,9001,,cliff test rmse,0.951713
moleculeace,PCA_MLP,CHEMBL287_Ki,9001,,overall test rmse,0.731216
moleculeace,PCA_MLP,CHEMBL287_Ki,9001,,noncliff test rmse,0.72704
moleculeace,PCA_MLP,CHEMBL287_Ki,9001,,cliff test rmse,0.737817
moleculeace,PCA_MLP,CHEMBL2971_Ki,9001,,overall test rmse,0.675161
moleculeace,PCA_MLP,CHEMBL2971_Ki,9001,,noncliff test rmse,0.616182
moleculeace,PCA_MLP,CHEMBL2971_Ki,9001,,cliff test rmse,0.906074
moleculeace,PCA_MLP,CHEMBL3979_EC50,9001,,overall test rmse,0.666163
moleculeace,PCA_MLP,CHEMBL3979_EC50,9001,,noncliff test rmse,0.680509
moleculeace,PCA_MLP,CHEMBL3979_EC50,9001,,cliff test rmse,0.645479
moleculeace,PCA_MLP,CHEMBL4005_Ki,9001,,overall test rmse,0.69215
moleculeace,PCA_MLP,CHEMBL4005_Ki,9001,,noncliff test rmse,0.579935
moleculeace,PCA_MLP,CHEMBL4005_Ki,9001,,cliff test rmse,0.822465
moleculeace,PCA_MLP,CHEMBL4203_Ki,9001,,overall test rmse,0.96238
moleculeace,PCA_MLP,CHEMBL4203_Ki,9001,,noncliff test rmse,0.918876
moleculeace,PCA_MLP,CHEMBL4203_Ki,9001,,cliff test rmse,1.33505
moleculeace,PCA_MLP,CHEMBL4616_EC50,9001,,overall test rmse,0.747376
moleculeace,PCA_MLP,CHEMBL4616_EC50,9001,,noncliff test rmse,0.717316
moleculeace,PCA_MLP,CHEMBL4616_EC50,9001,,cliff test rmse,0.773548
moleculeace,PCA_MLP,CHEMBL4792_Ki,9001,,overall test rmse,0.709792
moleculeace,PCA_MLP,CHEMBL4792_Ki,9001,,noncliff test rmse,0.694632
moleculeace,PCA_MLP,CHEMBL4792_Ki,9001,,cliff test rmse,0.72252
moleculeace,PCA_MLP_Prefitted,CHEMBL1862_Ki,42,,overall test rmse,0.781789
moleculeace,PCA_MLP_Prefitted,CHEMBL1862_Ki,42,,noncliff test rmse,0.794382
moleculeace,PCA_MLP_Prefitted,CHEMBL1862_Ki,42,,cliff test rmse,0.763771
moleculeace,PCA_MLP_Prefitted,CHEMBL1871_Ki,42,,overall test rmse,0.689228
moleculeace,PCA_MLP_Prefitted,CHEMBL1871_Ki,42,,noncliff test rmse,0.604265
moleculeace,PCA_MLP_Prefitted,CHEMBL1871_Ki,42,,cliff test rmse,0.908482
moleculeace,PCA_MLP_Prefitted,CHEMBL2034_Ki,42,,overall test rmse,0.74485
moleculeace,PCA_MLP_Prefitted,CHEMBL2034_Ki,42,,noncliff test rmse,0.630755
moleculeace,PCA_MLP_Prefitted,CHEMBL2034_Ki,42,,cliff test rmse,0.925543
moleculeace,PCA_MLP_Prefitted,CHEMBL2047_EC50,42,,overall test rmse,0.690532
moleculeace,PCA_MLP_Prefitted,CHEMBL2047_EC50,42,,noncliff test rmse,0.707236
moleculeace,PCA_MLP_Prefitted,CHEMBL2047_EC50,42,,cliff test rmse,0.663636
moleculeace,PCA_MLP_Prefitted,CHEMBL204_Ki,42,,overall test rmse,0.842542
moleculeace,PCA_MLP_Prefitted,CHEMBL204_Ki,42,,noncliff test rmse,0.761326
moleculeace,PCA_MLP_Prefitted,CHEMBL204_Ki,42,,cliff test rmse,0.952387
moleculeace,PCA_MLP_Prefitted,CHEMBL2147_Ki,42,,overall test rmse,0.739543
moleculeace,PCA_MLP_Prefitted,CHEMBL2147_Ki,42,,noncliff test rmse,0.761639
moleculeace,PCA_MLP_Prefitted,CHEMBL2147_Ki,42,,cliff test rmse,0.704289
moleculeace,PCA_MLP_Prefitted,CHEMBL214_Ki,42,,overall test rmse,0.741765
moleculeace,PCA_MLP_Prefitted,CHEMBL214_Ki,42,,noncliff test rmse,0.654457
moleculeace,PCA_MLP_Prefitted,CHEMBL214_Ki,42,,cliff test rmse,0.871601
moleculeace,PCA_MLP_Prefitted,CHEMBL218_EC50,42,,overall test rmse,0.769936
moleculeace,PCA_MLP_Prefitted,CHEMBL218_EC50,42,,noncliff test rmse,0.765795
moleculeace,PCA_MLP_Prefitted,CHEMBL218_EC50,42,,cliff test rmse,0.777075
moleculeace,PCA_MLP_Prefitted,CHEMBL219_Ki,42,,overall test rmse,0.804074
moleculeace,PCA_MLP_Prefitted,CHEMBL219_Ki,42,,noncliff test rmse,0.763549
moleculeace,PCA_MLP_Prefitted,CHEMBL219_Ki,42,,cliff test rmse,0.86229
moleculeace,PCA_MLP_Prefitted,CHEMBL228_Ki,42,,overall test rmse,0.759176
moleculeace,PCA_MLP_Prefitted,CHEMBL228_Ki,42,,noncliff test rmse,0.72646
moleculeace,PCA_MLP_Prefitted,CHEMBL228_Ki,42,,cliff test rmse,0.811561
moleculeace,PCA_MLP_Prefitted,CHEMBL231_Ki,42,,overall test rmse,0.72073
moleculeace,PCA_MLP_Prefitted,CHEMBL231_Ki,42,,noncliff test rmse,0.709731
moleculeace,PCA_MLP_Prefitted,CHEMBL231_Ki,42,,cliff test rmse,0.753848
moleculeace,PCA_MLP_Prefitted,CHEMBL233_Ki,42,,overall test rmse,0.870526
moleculeace,PCA_MLP_Prefitted,CHEMBL233_Ki,42,,noncliff test rmse,0.830977
moleculeace,PCA_MLP_Prefitted,CHEMBL233_Ki,42,,cliff test rmse,0.924235
moleculeace,PCA_MLP_Prefitted,CHEMBL234_Ki,42,,overall test rmse,0.690775
moleculeace,PCA_MLP_Prefitted,CHEMBL234_Ki,42,,noncliff test rmse,0.71102
moleculeace,PCA_MLP_Prefitted,CHEMBL234_Ki,42,,cliff test rmse,0.663734
moleculeace,PCA_MLP_Prefitted,CHEMBL235_EC50,42,,overall test rmse,0.706682
moleculeace,PCA_MLP_Prefitted,CHEMBL235_EC50,42,,noncliff test rmse,0.608892
moleculeace,PCA_MLP_Prefitted,CHEMBL235_EC50,42,,cliff test rmse,0.843734
moleculeace,PCA_MLP_Prefitted,CHEMBL236_Ki,42,,overall test rmse,0.815928
moleculeace,PCA_MLP_Prefitted,CHEMBL236_Ki,42,,noncliff test rmse,0.771001
moleculeace,PCA_MLP_Prefitted,CHEMBL236_Ki,42,,cliff test rmse,0.881209
moleculeace,PCA_MLP_Prefitted,CHEMBL237_EC50,42,,overall test rmse,0.82249
moleculeace,PCA_MLP_Prefitted,CHEMBL237_EC50,42,,noncliff test rmse,0.73974
moleculeace,PCA_MLP_Prefitted,CHEMBL237_EC50,42,,cliff test rmse,0.906306
moleculeace,PCA_MLP_Prefitted,CHEMBL237_Ki,42,,overall test rmse,0.774795
moleculeace,PCA_MLP_Prefitted,CHEMBL237_Ki,42,,noncliff test rmse,0.73979
moleculeace,PCA_MLP_Prefitted,CHEMBL237_Ki,42,,cliff test rmse,0.819386
moleculeace,PCA_MLP_Prefitted,CHEMBL238_Ki,42,,overall test rmse,0.763073
moleculeace,PCA_MLP_Prefitted,CHEMBL238_Ki,42,,noncliff test rmse,0.750808
moleculeace,PCA_MLP_Prefitted,CHEMBL238_Ki,42,,cliff test rmse,0.797257
moleculeace,PCA_MLP_Prefitted,CHEMBL239_EC50,42,,overall test rmse,0.77435
moleculeace,PCA_MLP_Prefitted,CHEMBL239_EC50,42,,noncliff test rmse,0.696972
moleculeace,PCA_MLP_Prefitted,CHEMBL239_EC50,42,,cliff test rmse,0.875185
moleculeace,PCA_MLP_Prefitted,CHEMBL244_Ki,42,,overall test rmse,0.817419
moleculeace,PCA_MLP_Prefitted,CHEMBL244_Ki,42,,noncliff test rmse,0.775382
moleculeace,PCA_MLP_Prefitted,CHEMBL244_Ki,42,,cliff test rmse,0.861215
moleculeace,PCA_MLP_Prefitted,CHEMBL262_Ki,42,,overall test rmse,0.820138
moleculeace,PCA_MLP_Prefitted,CHEMBL262_Ki,42,,noncliff test rmse,0.8073
moleculeace,PCA_MLP_Prefitted,CHEMBL262_Ki,42,,cliff test rmse,0.874464
moleculeace,PCA_MLP_Prefitted,CHEMBL264_Ki,42,,overall test rmse,0.647302
moleculeace,PCA_MLP_Prefitted,CHEMBL264_Ki,42,,noncliff test rmse,0.620514
moleculeace,PCA_MLP_Prefitted,CHEMBL264_Ki,42,,cliff test rmse,0.683085
moleculeace,PCA_MLP_Prefitted,CHEMBL2835_Ki,42,,overall test rmse,0.434558
moleculeace,PCA_MLP_Prefitted,CHEMBL2835_Ki,42,,noncliff test rmse,0.357024
moleculeace,PCA_MLP_Prefitted,CHEMBL2835_Ki,42,,cliff test rmse,0.849899
moleculeace,PCA_MLP_Prefitted,CHEMBL287_Ki,42,,overall test rmse,0.74483
moleculeace,PCA_MLP_Prefitted,CHEMBL287_Ki,42,,noncliff test rmse,0.708019
moleculeace,PCA_MLP_Prefitted,CHEMBL287_Ki,42,,cliff test rmse,0.799955
moleculeace,PCA_MLP_Prefitted,CHEMBL2971_Ki,42,,overall test rmse,0.737883
moleculeace,PCA_MLP_Prefitted,CHEMBL2971_Ki,42,,noncliff test rmse,0.681326
moleculeace,PCA_MLP_Prefitted,CHEMBL2971_Ki,42,,cliff test rmse,0.963989
moleculeace,PCA_MLP_Prefitted,CHEMBL3979_EC50,42,,overall test rmse,0.693601
moleculeace,PCA_MLP_Prefitted,CHEMBL3979_EC50,42,,noncliff test rmse,0.684648
moleculeace,PCA_MLP_Prefitted,CHEMBL3979_EC50,42,,cliff test rmse,0.705982
moleculeace,PCA_MLP_Prefitted,CHEMBL4005_Ki,42,,overall test rmse,0.664583
moleculeace,PCA_MLP_Prefitted,CHEMBL4005_Ki,42,,noncliff test rmse,0.572445
moleculeace,PCA_MLP_Prefitted,CHEMBL4005_Ki,42,,cliff test rmse,0.774123
moleculeace,PCA_MLP_Prefitted,CHEMBL4203_Ki,42,,overall test rmse,0.949581
moleculeace,PCA_MLP_Prefitted,CHEMBL4203_Ki,42,,noncliff test rmse,0.91422
moleculeace,PCA_MLP_Prefitted,CHEMBL4203_Ki,42,,cliff test rmse,1.26142
moleculeace,PCA_MLP_Prefitted,CHEMBL4616_EC50,42,,overall test rmse,0.7516
moleculeace,PCA_MLP_Prefitted,CHEMBL4616_EC50,42,,noncliff test rmse,0.72311
moleculeace,PCA_MLP_Prefitted,CHEMBL4616_EC50,42,,cliff test rmse,0.776459
moleculeace,PCA_MLP_Prefitted,CHEMBL4792_Ki,42,,overall test rmse,0.721315
moleculeace,PCA_MLP_Prefitted,CHEMBL4792_Ki,42,,noncliff test rmse,0.725691
moleculeace,PCA_MLP_Prefitted,CHEMBL4792_Ki,42,,cliff test rmse,0.717546
moleculeace,PCA_MLP_Prefitted,CHEMBL1862_Ki,117,,overall test rmse,0.785356
moleculeace,PCA_MLP_Prefitted,CHEMBL1862_Ki,117,,noncliff test rmse,0.813539
moleculeace,PCA_MLP_Prefitted,CHEMBL1862_Ki,117,,cliff test rmse,0.744018
moleculeace,PCA_MLP_Prefitted,CHEMBL1871_Ki,117,,overall test rmse,0.770012
moleculeace,PCA_MLP_Prefitted,CHEMBL1871_Ki,117,,noncliff test rmse,0.668966
moleculeace,PCA_MLP_Prefitted,CHEMBL1871_Ki,117,,cliff test rmse,1.02781
moleculeace,PCA_MLP_Prefitted,CHEMBL2034_Ki,117,,overall test rmse,0.727197
moleculeace,PCA_MLP_Prefitted,CHEMBL2034_Ki,117,,noncliff test rmse,0.610088
moleculeace,PCA_MLP_Prefitted,CHEMBL2034_Ki,117,,cliff test rmse,0.911035
moleculeace,PCA_MLP_Prefitted,CHEMBL2047_EC50,117,,overall test rmse,0.68737
moleculeace,PCA_MLP_Prefitted,CHEMBL2047_EC50,117,,noncliff test rmse,0.655617
moleculeace,PCA_MLP_Prefitted,CHEMBL2047_EC50,117,,cliff test rmse,0.734168
moleculeace,PCA_MLP_Prefitted,CHEMBL204_Ki,117,,overall test rmse,0.857178
moleculeace,PCA_MLP_Prefitted,CHEMBL204_Ki,117,,noncliff test rmse,0.764473
moleculeace,PCA_MLP_Prefitted,CHEMBL204_Ki,117,,cliff test rmse,0.980972
moleculeace,PCA_MLP_Prefitted,CHEMBL2147_Ki,117,,overall test rmse,0.717227
moleculeace,PCA_MLP_Prefitted,CHEMBL2147_Ki,117,,noncliff test rmse,0.747753
moleculeace,PCA_MLP_Prefitted,CHEMBL2147_Ki,117,,cliff test rmse,0.667677
moleculeace,PCA_MLP_Prefitted,CHEMBL214_Ki,117,,overall test rmse,0.749183
moleculeace,PCA_MLP_Prefitted,CHEMBL214_Ki,117,,noncliff test rmse,0.672529
moleculeace,PCA_MLP_Prefitted,CHEMBL214_Ki,117,,cliff test rmse,0.865184
moleculeace,PCA_MLP_Prefitted,CHEMBL218_EC50,117,,overall test rmse,0.765984
moleculeace,PCA_MLP_Prefitted,CHEMBL218_EC50,117,,noncliff test rmse,0.737716
moleculeace,PCA_MLP_Prefitted,CHEMBL218_EC50,117,,cliff test rmse,0.812748
moleculeace,PCA_MLP_Prefitted,CHEMBL219_Ki,117,,overall test rmse,0.826675
moleculeace,PCA_MLP_Prefitted,CHEMBL219_Ki,117,,noncliff test rmse,0.772802
moleculeace,PCA_MLP_Prefitted,CHEMBL219_Ki,117,,cliff test rmse,0.90276
moleculeace,PCA_MLP_Prefitted,CHEMBL228_Ki,117,,overall test rmse,0.770782
moleculeace,PCA_MLP_Prefitted,CHEMBL228_Ki,117,,noncliff test rmse,0.726875
moleculeace,PCA_MLP_Prefitted,CHEMBL228_Ki,117,,cliff test rmse,0.839897
moleculeace,PCA_MLP_Prefitted,CHEMBL231_Ki,117,,overall test rmse,0.732284
moleculeace,PCA_MLP_Prefitted,CHEMBL231_Ki,117,,noncliff test rmse,0.710333
moleculeace,PCA_MLP_Prefitted,CHEMBL231_Ki,117,,cliff test rmse,0.796579
moleculeace,PCA_MLP_Prefitted,CHEMBL233_Ki,117,,overall test rmse,0.871493
moleculeace,PCA_MLP_Prefitted,CHEMBL233_Ki,117,,noncliff test rmse,0.822914
moleculeace,PCA_MLP_Prefitted,CHEMBL233_Ki,117,,cliff test rmse,0.9367
moleculeace,PCA_MLP_Prefitted,CHEMBL234_Ki,117,,overall test rmse,0.691789
moleculeace,PCA_MLP_Prefitted,CHEMBL234_Ki,117,,noncliff test rmse,0.727484
moleculeace,PCA_MLP_Prefitted,CHEMBL234_Ki,117,,cliff test rmse,0.642797
moleculeace,PCA_MLP_Prefitted,CHEMBL235_EC50,117,,overall test rmse,0.718673
moleculeace,PCA_MLP_Prefitted,CHEMBL235_EC50,117,,noncliff test rmse,0.636877
moleculeace,PCA_MLP_Prefitted,CHEMBL235_EC50,117,,cliff test rmse,0.836436
moleculeace,PCA_MLP_Prefitted,CHEMBL236_Ki,117,,overall test rmse,0.79662
moleculeace,PCA_MLP_Prefitted,CHEMBL236_Ki,117,,noncliff test rmse,0.754342
moleculeace,PCA_MLP_Prefitted,CHEMBL236_Ki,117,,cliff test rmse,0.858194
moleculeace,PCA_MLP_Prefitted,CHEMBL237_EC50,117,,overall test rmse,0.86902
moleculeace,PCA_MLP_Prefitted,CHEMBL237_EC50,117,,noncliff test rmse,0.809897
moleculeace,PCA_MLP_Prefitted,CHEMBL237_EC50,117,,cliff test rmse,0.930836
moleculeace,PCA_MLP_Prefitted,CHEMBL237_Ki,117,,overall test rmse,0.765866
moleculeace,PCA_MLP_Prefitted,CHEMBL237_Ki,117,,noncliff test rmse,0.732587
moleculeace,PCA_MLP_Prefitted,CHEMBL237_Ki,117,,cliff test rmse,0.808339
moleculeace,PCA_MLP_Prefitted,CHEMBL238_Ki,117,,overall test rmse,0.7803
moleculeace,PCA_MLP_Prefitted,CHEMBL238_Ki,117,,noncliff test rmse,0.772292
moleculeace,PCA_MLP_Prefitted,CHEMBL238_Ki,117,,cliff test rmse,0.802863
moleculeace,PCA_MLP_Prefitted,CHEMBL239_EC50,117,,overall test rmse,0.786949
moleculeace,PCA_MLP_Prefitted,CHEMBL239_EC50,117,,noncliff test rmse,0.704709
moleculeace,PCA_MLP_Prefitted,CHEMBL239_EC50,117,,cliff test rmse,0.893597
moleculeace,PCA_MLP_Prefitted,CHEMBL244_Ki,117,,overall test rmse,0.790608
moleculeace,PCA_MLP_Prefitted,CHEMBL244_Ki,117,,noncliff test rmse,0.752017
moleculeace,PCA_MLP_Prefitted,CHEMBL244_Ki,117,,cliff test rmse,0.83092
moleculeace,PCA_MLP_Prefitted,CHEMBL262_Ki,117,,overall test rmse,0.824604
moleculeace,PCA_MLP_Prefitted,CHEMBL262_Ki,117,,noncliff test rmse,0.808707
moleculeace,PCA_MLP_Prefitted,CHEMBL262_Ki,117,,cliff test rmse,0.891276
moleculeace,PCA_MLP_Prefitted,CHEMBL264_Ki,117,,overall test rmse,0.650301
moleculeace,PCA_MLP_Prefitted,CHEMBL264_Ki,117,,noncliff test rmse,0.621374
moleculeace,PCA_MLP_Prefitted,CHEMBL264_Ki,117,,cliff test rmse,0.688805
moleculeace,PCA_MLP_Prefitted,CHEMBL2835_Ki,117,,overall test rmse,0.442892
moleculeace,PCA_MLP_Prefitted,CHEMBL2835_Ki,117,,noncliff test rmse,0.384596
moleculeace,PCA_MLP_Prefitted,CHEMBL2835_Ki,117,,cliff test rmse,0.784514
moleculeace,PCA_MLP_Prefitted,CHEMBL287_Ki,117,,overall test rmse,0.735575
moleculeace,PCA_MLP_Prefitted,CHEMBL287_Ki,117,,noncliff test rmse,0.688535
moleculeace,PCA_MLP_Prefitted,CHEMBL287_Ki,117,,cliff test rmse,0.804819
moleculeace,PCA_MLP_Prefitted,CHEMBL2971_Ki,117,,overall test rmse,0.694881
moleculeace,PCA_MLP_Prefitted,CHEMBL2971_Ki,117,,noncliff test rmse,0.649182
moleculeace,PCA_MLP_Prefitted,CHEMBL2971_Ki,117,,cliff test rmse,0.88166
moleculeace,PCA_MLP_Prefitted,CHEMBL3979_EC50,117,,overall test rmse,0.681706
moleculeace,PCA_MLP_Prefitted,CHEMBL3979_EC50,117,,noncliff test rmse,0.689632
moleculeace,PCA_MLP_Prefitted,CHEMBL3979_EC50,117,,cliff test rmse,0.67042
moleculeace,PCA_MLP_Prefitted,CHEMBL4005_Ki,117,,overall test rmse,0.687564
moleculeace,PCA_MLP_Prefitted,CHEMBL4005_Ki,117,,noncliff test rmse,0.576764
moleculeace,PCA_MLP_Prefitted,CHEMBL4005_Ki,117,,cliff test rmse,0.816361
moleculeace,PCA_MLP_Prefitted,CHEMBL4203_Ki,117,,overall test rmse,0.964135
moleculeace,PCA_MLP_Prefitted,CHEMBL4203_Ki,117,,noncliff test rmse,0.937262
moleculeace,PCA_MLP_Prefitted,CHEMBL4203_Ki,117,,cliff test rmse,1.20999
moleculeace,PCA_MLP_Prefitted,CHEMBL4616_EC50,117,,overall test rmse,0.714718
moleculeace,PCA_MLP_Prefitted,CHEMBL4616_EC50,117,,noncliff test rmse,0.702207
moleculeace,PCA_MLP_Prefitted,CHEMBL4616_EC50,117,,cliff test rmse,0.725843
moleculeace,PCA_MLP_Prefitted,CHEMBL4792_Ki,117,,overall test rmse,0.717952
moleculeace,PCA_MLP_Prefitted,CHEMBL4792_Ki,117,,noncliff test rmse,0.712899
moleculeace,PCA_MLP_Prefitted,CHEMBL4792_Ki,117,,cliff test rmse,0.722251
moleculeace,PCA_MLP_Prefitted,CHEMBL1862_Ki,709,,overall test rmse,0.797742
moleculeace,PCA_MLP_Prefitted,CHEMBL1862_Ki,709,,noncliff test rmse,0.791208
moleculeace,PCA_MLP_Prefitted,CHEMBL1862_Ki,709,,cliff test rmse,0.80682
moleculeace,PCA_MLP_Prefitted,CHEMBL1871_Ki,709,,overall test rmse,0.69132
moleculeace,PCA_MLP_Prefitted,CHEMBL1871_Ki,709,,noncliff test rmse,0.614862
moleculeace,PCA_MLP_Prefitted,CHEMBL1871_Ki,709,,cliff test rmse,0.89233
moleculeace,PCA_MLP_Prefitted,CHEMBL2034_Ki,709,,overall test rmse,0.744589
moleculeace,PCA_MLP_Prefitted,CHEMBL2034_Ki,709,,noncliff test rmse,0.643711
moleculeace,PCA_MLP_Prefitted,CHEMBL2034_Ki,709,,cliff test rmse,0.9076
moleculeace,PCA_MLP_Prefitted,CHEMBL2047_EC50,709,,overall test rmse,0.698345
moleculeace,PCA_MLP_Prefitted,CHEMBL2047_EC50,709,,noncliff test rmse,0.717969
moleculeace,PCA_MLP_Prefitted,CHEMBL2047_EC50,709,,cliff test rmse,0.666578
moleculeace,PCA_MLP_Prefitted,CHEMBL204_Ki,709,,overall test rmse,0.846115
moleculeace,PCA_MLP_Prefitted,CHEMBL204_Ki,709,,noncliff test rmse,0.758351
moleculeace,PCA_MLP_Prefitted,CHEMBL204_Ki,709,,cliff test rmse,0.963873
moleculeace,PCA_MLP_Prefitted,CHEMBL2147_Ki,709,,overall test rmse,0.719166
moleculeace,PCA_MLP_Prefitted,CHEMBL2147_Ki,709,,noncliff test rmse,0.733605
moleculeace,PCA_MLP_Prefitted,CHEMBL2147_Ki,709,,cliff test rmse,0.696428
moleculeace,PCA_MLP_Prefitted,CHEMBL214_Ki,709,,overall test rmse,0.729812
moleculeace,PCA_MLP_Prefitted,CHEMBL214_Ki,709,,noncliff test rmse,0.649342
moleculeace,PCA_MLP_Prefitted,CHEMBL214_Ki,709,,cliff test rmse,0.850488
moleculeace,PCA_MLP_Prefitted,CHEMBL218_EC50,709,,overall test rmse,0.727534
moleculeace,PCA_MLP_Prefitted,CHEMBL218_EC50,709,,noncliff test rmse,0.703388
moleculeace,PCA_MLP_Prefitted,CHEMBL218_EC50,709,,cliff test rmse,0.767667
moleculeace,PCA_MLP_Prefitted,CHEMBL219_Ki,709,,overall test rmse,0.834689
moleculeace,PCA_MLP_Prefitted,CHEMBL219_Ki,709,,noncliff test rmse,0.783474
moleculeace,PCA_MLP_Prefitted,CHEMBL219_Ki,709,,cliff test rmse,0.907336
moleculeace,PCA_MLP_Prefitted,CHEMBL228_Ki,709,,overall test rmse,0.764015
moleculeace,PCA_MLP_Prefitted,CHEMBL228_Ki,709,,noncliff test rmse,0.749783
moleculeace,PCA_MLP_Prefitted,CHEMBL228_Ki,709,,cliff test rmse,0.787523
moleculeace,PCA_MLP_Prefitted,CHEMBL231_Ki,709,,overall test rmse,0.736694
moleculeace,PCA_MLP_Prefitted,CHEMBL231_Ki,709,,noncliff test rmse,0.709685
moleculeace,PCA_MLP_Prefitted,CHEMBL231_Ki,709,,cliff test rmse,0.81485
moleculeace,PCA_MLP_Prefitted,CHEMBL233_Ki,709,,overall test rmse,0.864632
moleculeace,PCA_MLP_Prefitted,CHEMBL233_Ki,709,,noncliff test rmse,0.815376
moleculeace,PCA_MLP_Prefitted,CHEMBL233_Ki,709,,cliff test rmse,0.930657
moleculeace,PCA_MLP_Prefitted,CHEMBL234_Ki,709,,overall test rmse,0.705417
moleculeace,PCA_MLP_Prefitted,CHEMBL234_Ki,709,,noncliff test rmse,0.72123
moleculeace,PCA_MLP_Prefitted,CHEMBL234_Ki,709,,cliff test rmse,0.68447
moleculeace,PCA_MLP_Prefitted,CHEMBL235_EC50,709,,overall test rmse,0.697497
moleculeace,PCA_MLP_Prefitted,CHEMBL235_EC50,709,,noncliff test rmse,0.597125
moleculeace,PCA_MLP_Prefitted,CHEMBL235_EC50,709,,cliff test rmse,0.837335
moleculeace,PCA_MLP_Prefitted,CHEMBL236_Ki,709,,overall test rmse,0.80401
moleculeace,PCA_MLP_Prefitted,CHEMBL236_Ki,709,,noncliff test rmse,0.747679
moleculeace,PCA_MLP_Prefitted,CHEMBL236_Ki,709,,cliff test rmse,0.884454
moleculeace,PCA_MLP_Prefitted,CHEMBL237_EC50,709,,overall test rmse,0.812295
moleculeace,PCA_MLP_Prefitted,CHEMBL237_EC50,709,,noncliff test rmse,0.729272
moleculeace,PCA_MLP_Prefitted,CHEMBL237_EC50,709,,cliff test rmse,0.896258
moleculeace,PCA_MLP_Prefitted,CHEMBL237_Ki,709,,overall test rmse,0.797064
moleculeace,PCA_MLP_Prefitted,CHEMBL237_Ki,709,,noncliff test rmse,0.769369
moleculeace,PCA_MLP_Prefitted,CHEMBL237_Ki,709,,cliff test rmse,0.832753
moleculeace,PCA_MLP_Prefitted,CHEMBL238_Ki,709,,overall test rmse,0.765529
moleculeace,PCA_MLP_Prefitted,CHEMBL238_Ki,709,,noncliff test rmse,0.760402
moleculeace,PCA_MLP_Prefitted,CHEMBL238_Ki,709,,cliff test rmse,0.780072
moleculeace,PCA_MLP_Prefitted,CHEMBL239_EC50,709,,overall test rmse,0.760452
moleculeace,PCA_MLP_Prefitted,CHEMBL239_EC50,709,,noncliff test rmse,0.718171
moleculeace,PCA_MLP_Prefitted,CHEMBL239_EC50,709,,cliff test rmse,0.818307
moleculeace,PCA_MLP_Prefitted,CHEMBL244_Ki,709,,overall test rmse,0.828719
moleculeace,PCA_MLP_Prefitted,CHEMBL244_Ki,709,,noncliff test rmse,0.783973
moleculeace,PCA_MLP_Prefitted,CHEMBL244_Ki,709,,cliff test rmse,0.875219
moleculeace,PCA_MLP_Prefitted,CHEMBL262_Ki,709,,overall test rmse,0.808584
moleculeace,PCA_MLP_Prefitted,CHEMBL262_Ki,709,,noncliff test rmse,0.802741
moleculeace,PCA_MLP_Prefitted,CHEMBL262_Ki,709,,cliff test rmse,0.833843
moleculeace,PCA_MLP_Prefitted,CHEMBL264_Ki,709,,overall test rmse,0.650762
moleculeace,PCA_MLP_Prefitted,CHEMBL264_Ki,709,,noncliff test rmse,0.615642
moleculeace,PCA_MLP_Prefitted,CHEMBL264_Ki,709,,cliff test rmse,0.697018
moleculeace,PCA_MLP_Prefitted,CHEMBL2835_Ki,709,,overall test rmse,0.456458
moleculeace,PCA_MLP_Prefitted,CHEMBL2835_Ki,709,,noncliff test rmse,0.399391
moleculeace,PCA_MLP_Prefitted,CHEMBL2835_Ki,709,,cliff test rmse,0.795548
moleculeace,PCA_MLP_Prefitted,CHEMBL287_Ki,709,,overall test rmse,0.703922
moleculeace,PCA_MLP_Prefitted,CHEMBL287_Ki,709,,noncliff test rmse,0.6814
moleculeace,PCA_MLP_Prefitted,CHEMBL287_Ki,709,,cliff test rmse,0.738367
moleculeace,PCA_MLP_Prefitted,CHEMBL2971_Ki,709,,overall test rmse,0.730289
moleculeace,PCA_MLP_Prefitted,CHEMBL2971_Ki,709,,noncliff test rmse,0.689317
moleculeace,PCA_MLP_Prefitted,CHEMBL2971_Ki,709,,cliff test rmse,0.901205
moleculeace,PCA_MLP_Prefitted,CHEMBL3979_EC50,709,,overall test rmse,0.679812
moleculeace,PCA_MLP_Prefitted,CHEMBL3979_EC50,709,,noncliff test rmse,0.678442
moleculeace,PCA_MLP_Prefitted,CHEMBL3979_EC50,709,,cliff test rmse,0.681731
moleculeace,PCA_MLP_Prefitted,CHEMBL4005_Ki,709,,overall test rmse,0.659743
moleculeace,PCA_MLP_Prefitted,CHEMBL4005_Ki,709,,noncliff test rmse,0.549017
moleculeace,PCA_MLP_Prefitted,CHEMBL4005_Ki,709,,cliff test rmse,0.787607
moleculeace,PCA_MLP_Prefitted,CHEMBL4203_Ki,709,,overall test rmse,0.947619
moleculeace,PCA_MLP_Prefitted,CHEMBL4203_Ki,709,,noncliff test rmse,0.911388
moleculeace,PCA_MLP_Prefitted,CHEMBL4203_Ki,709,,cliff test rmse,1.26594
moleculeace,PCA_MLP_Prefitted,CHEMBL4616_EC50,709,,overall test rmse,0.723392
moleculeace,PCA_MLP_Prefitted,CHEMBL4616_EC50,709,,noncliff test rmse,0.697563
moleculeace,PCA_MLP_Prefitted,CHEMBL4616_EC50,709,,cliff test rmse,0.745974
moleculeace,PCA_MLP_Prefitted,CHEMBL4792_Ki,709,,overall test rmse,0.716567
moleculeace,PCA_MLP_Prefitted,CHEMBL4792_Ki,709,,noncliff test rmse,0.710352
moleculeace,PCA_MLP_Prefitted,CHEMBL4792_Ki,709,,cliff test rmse,0.721847
moleculeace,PCA_MLP_Prefitted,CHEMBL1862_Ki,1701,,overall test rmse,0.785585
moleculeace,PCA_MLP_Prefitted,CHEMBL1862_Ki,1701,,noncliff test rmse,0.791424
moleculeace,PCA_MLP_Prefitted,CHEMBL1862_Ki,1701,,cliff test rmse,0.777319
moleculeace,PCA_MLP_Prefitted,CHEMBL1871_Ki,1701,,overall test rmse,0.701921
moleculeace,PCA_MLP_Prefitted,CHEMBL1871_Ki,1701,,noncliff test rmse,0.604284
moleculeace,PCA_MLP_Prefitted,CHEMBL1871_Ki,1701,,cliff test rmse,0.948267
moleculeace,PCA_MLP_Prefitted,CHEMBL2034_Ki,1701,,overall test rmse,0.708132
moleculeace,PCA_MLP_Prefitted,CHEMBL2034_Ki,1701,,noncliff test rmse,0.594744
moleculeace,PCA_MLP_Prefitted,CHEMBL2034_Ki,1701,,cliff test rmse,0.886312
moleculeace,PCA_MLP_Prefitted,CHEMBL2047_EC50,1701,,overall test rmse,0.725961
moleculeace,PCA_MLP_Prefitted,CHEMBL2047_EC50,1701,,noncliff test rmse,0.716352
moleculeace,PCA_MLP_Prefitted,CHEMBL2047_EC50,1701,,cliff test rmse,0.7407
moleculeace,PCA_MLP_Prefitted,CHEMBL204_Ki,1701,,overall test rmse,0.86095
moleculeace,PCA_MLP_Prefitted,CHEMBL204_Ki,1701,,noncliff test rmse,0.770488
moleculeace,PCA_MLP_Prefitted,CHEMBL204_Ki,1701,,cliff test rmse,0.982151
moleculeace,PCA_MLP_Prefitted,CHEMBL2147_Ki,1701,,overall test rmse,0.713479
moleculeace,PCA_MLP_Prefitted,CHEMBL2147_Ki,1701,,noncliff test rmse,0.708847
moleculeace,PCA_MLP_Prefitted,CHEMBL2147_Ki,1701,,cliff test rmse,0.720529
moleculeace,PCA_MLP_Prefitted,CHEMBL214_Ki,1701,,overall test rmse,0.732838
moleculeace,PCA_MLP_Prefitted,CHEMBL214_Ki,1701,,noncliff test rmse,0.658771
moleculeace,PCA_MLP_Prefitted,CHEMBL214_Ki,1701,,cliff test rmse,0.845083
moleculeace,PCA_MLP_Prefitted,CHEMBL218_EC50,1701,,overall test rmse,0.793263
moleculeace,PCA_MLP_Prefitted,CHEMBL218_EC50,1701,,noncliff test rmse,0.785921
moleculeace,PCA_MLP_Prefitted,CHEMBL218_EC50,1701,,cliff test rmse,0.805856
moleculeace,PCA_MLP_Prefitted,CHEMBL219_Ki,1701,,overall test rmse,0.81213
moleculeace,PCA_MLP_Prefitted,CHEMBL219_Ki,1701,,noncliff test rmse,0.767232
moleculeace,PCA_MLP_Prefitted,CHEMBL219_Ki,1701,,cliff test rmse,0.876262
moleculeace,PCA_MLP_Prefitted,CHEMBL228_Ki,1701,,overall test rmse,0.716955
moleculeace,PCA_MLP_Prefitted,CHEMBL228_Ki,1701,,noncliff test rmse,0.688227
moleculeace,PCA_MLP_Prefitted,CHEMBL228_Ki,1701,,cliff test rmse,0.763127
moleculeace,PCA_MLP_Prefitted,CHEMBL231_Ki,1701,,overall test rmse,0.726963
moleculeace,PCA_MLP_Prefitted,CHEMBL231_Ki,1701,,noncliff test rmse,0.710749
moleculeace,PCA_MLP_Prefitted,CHEMBL231_Ki,1701,,cliff test rmse,0.775138
moleculeace,PCA_MLP_Prefitted,CHEMBL233_Ki,1701,,overall test rmse,0.855487
moleculeace,PCA_MLP_Prefitted,CHEMBL233_Ki,1701,,noncliff test rmse,0.813168
moleculeace,PCA_MLP_Prefitted,CHEMBL233_Ki,1701,,cliff test rmse,0.912695
moleculeace,PCA_MLP_Prefitted,CHEMBL234_Ki,1701,,overall test rmse,0.728345
moleculeace,PCA_MLP_Prefitted,CHEMBL234_Ki,1701,,noncliff test rmse,0.752287
moleculeace,PCA_MLP_Prefitted,CHEMBL234_Ki,1701,,cliff test rmse,0.696229
moleculeace,PCA_MLP_Prefitted,CHEMBL235_EC50,1701,,overall test rmse,0.720947
moleculeace,PCA_MLP_Prefitted,CHEMBL235_EC50,1701,,noncliff test rmse,0.636293
moleculeace,PCA_MLP_Prefitted,CHEMBL235_EC50,1701,,cliff test rmse,0.84234
moleculeace,PCA_MLP_Prefitted,CHEMBL236_Ki,1701,,overall test rmse,0.844491
moleculeace,PCA_MLP_Prefitted,CHEMBL236_Ki,1701,,noncliff test rmse,0.780309
moleculeace,PCA_MLP_Prefitted,CHEMBL236_Ki,1701,,cliff test rmse,0.935527
moleculeace,PCA_MLP_Prefitted,CHEMBL237_EC50,1701,,overall test rmse,0.811833
moleculeace,PCA_MLP_Prefitted,CHEMBL237_EC50,1701,,noncliff test rmse,0.732458
moleculeace,PCA_MLP_Prefitted,CHEMBL237_EC50,1701,,cliff test rmse,0.89245
moleculeace,PCA_MLP_Prefitted,CHEMBL237_Ki,1701,,overall test rmse,0.755277
moleculeace,PCA_MLP_Prefitted,CHEMBL237_Ki,1701,,noncliff test rmse,0.691484
moleculeace,PCA_MLP_Prefitted,CHEMBL237_Ki,1701,,cliff test rmse,0.833181
moleculeace,PCA_MLP_Prefitted,CHEMBL238_Ki,1701,,overall test rmse,0.755518
moleculeace,PCA_MLP_Prefitted,CHEMBL238_Ki,1701,,noncliff test rmse,0.750613
moleculeace,PCA_MLP_Prefitted,CHEMBL238_Ki,1701,,cliff test rmse,0.769436
moleculeace,PCA_MLP_Prefitted,CHEMBL239_EC50,1701,,overall test rmse,0.773831
moleculeace,PCA_MLP_Prefitted,CHEMBL239_EC50,1701,,noncliff test rmse,0.695511
moleculeace,PCA_MLP_Prefitted,CHEMBL239_EC50,1701,,cliff test rmse,0.875752
moleculeace,PCA_MLP_Prefitted,CHEMBL244_Ki,1701,,overall test rmse,0.806548
moleculeace,PCA_MLP_Prefitted,CHEMBL244_Ki,1701,,noncliff test rmse,0.745131
moleculeace,PCA_MLP_Prefitted,CHEMBL244_Ki,1701,,cliff test rmse,0.868997
moleculeace,PCA_MLP_Prefitted,CHEMBL262_Ki,1701,,overall test rmse,0.827156
moleculeace,PCA_MLP_Prefitted,CHEMBL262_Ki,1701,,noncliff test rmse,0.821062
moleculeace,PCA_MLP_Prefitted,CHEMBL262_Ki,1701,,cliff test rmse,0.853488
moleculeace,PCA_MLP_Prefitted,CHEMBL264_Ki,1701,,overall test rmse,0.646199
moleculeace,PCA_MLP_Prefitted,CHEMBL264_Ki,1701,,noncliff test rmse,0.617718
moleculeace,PCA_MLP_Prefitted,CHEMBL264_Ki,1701,,cliff test rmse,0.684127
moleculeace,PCA_MLP_Prefitted,CHEMBL2835_Ki,1701,,overall test rmse,0.454403
moleculeace,PCA_MLP_Prefitted,CHEMBL2835_Ki,1701,,noncliff test rmse,0.38266
moleculeace,PCA_MLP_Prefitted,CHEMBL2835_Ki,1701,,cliff test rmse,0.853515
moleculeace,PCA_MLP_Prefitted,CHEMBL287_Ki,1701,,overall test rmse,0.717946
moleculeace,PCA_MLP_Prefitted,CHEMBL287_Ki,1701,,noncliff test rmse,0.694392
moleculeace,PCA_MLP_Prefitted,CHEMBL287_Ki,1701,,cliff test rmse,0.753931
moleculeace,PCA_MLP_Prefitted,CHEMBL2971_Ki,1701,,overall test rmse,0.667237
moleculeace,PCA_MLP_Prefitted,CHEMBL2971_Ki,1701,,noncliff test rmse,0.606856
moleculeace,PCA_MLP_Prefitted,CHEMBL2971_Ki,1701,,cliff test rmse,0.90223
moleculeace,PCA_MLP_Prefitted,CHEMBL3979_EC50,1701,,overall test rmse,0.673817
moleculeace,PCA_MLP_Prefitted,CHEMBL3979_EC50,1701,,noncliff test rmse,0.674109
moleculeace,PCA_MLP_Prefitted,CHEMBL3979_EC50,1701,,cliff test rmse,0.673406
moleculeace,PCA_MLP_Prefitted,CHEMBL4005_Ki,1701,,overall test rmse,0.664662
moleculeace,PCA_MLP_Prefitted,CHEMBL4005_Ki,1701,,noncliff test rmse,0.551569
moleculeace,PCA_MLP_Prefitted,CHEMBL4005_Ki,1701,,cliff test rmse,0.794961
moleculeace,PCA_MLP_Prefitted,CHEMBL4203_Ki,1701,,overall test rmse,0.933642
moleculeace,PCA_MLP_Prefitted,CHEMBL4203_Ki,1701,,noncliff test rmse,0.888918
moleculeace,PCA_MLP_Prefitted,CHEMBL4203_Ki,1701,,cliff test rmse,1.31318
moleculeace,PCA_MLP_Prefitted,CHEMBL4616_EC50,1701,,overall test rmse,0.73372
moleculeace,PCA_MLP_Prefitted,CHEMBL4616_EC50,1701,,noncliff test rmse,0.682739
moleculeace,PCA_MLP_Prefitted,CHEMBL4616_EC50,1701,,cliff test rmse,0.776939
moleculeace,PCA_MLP_Prefitted,CHEMBL4792_Ki,1701,,overall test rmse,0.706953
moleculeace,PCA_MLP_Prefitted,CHEMBL4792_Ki,1701,,noncliff test rmse,0.691234
moleculeace,PCA_MLP_Prefitted,CHEMBL4792_Ki,1701,,cliff test rmse,0.72014
moleculeace,PCA_MLP_Prefitted,CHEMBL1862_Ki,9001,,overall test rmse,0.794215
moleculeace,PCA_MLP_Prefitted,CHEMBL1862_Ki,9001,,noncliff test rmse,0.805497
moleculeace,PCA_MLP_Prefitted,CHEMBL1862_Ki,9001,,cliff test rmse,0.77811
moleculeace,PCA_MLP_Prefitted,CHEMBL1871_Ki,9001,,overall test rmse,0.720887
moleculeace,PCA_MLP_Prefitted,CHEMBL1871_Ki,9001,,noncliff test rmse,0.635482
moleculeace,PCA_MLP_Prefitted,CHEMBL1871_Ki,9001,,cliff test rmse,0.942827
moleculeace,PCA_MLP_Prefitted,CHEMBL2034_Ki,9001,,overall test rmse,0.722744
moleculeace,PCA_MLP_Prefitted,CHEMBL2034_Ki,9001,,noncliff test rmse,0.617076
moleculeace,PCA_MLP_Prefitted,CHEMBL2034_Ki,9001,,cliff test rmse,0.891415
moleculeace,PCA_MLP_Prefitted,CHEMBL2047_EC50,9001,,overall test rmse,0.681995
moleculeace,PCA_MLP_Prefitted,CHEMBL2047_EC50,9001,,noncliff test rmse,0.659598
moleculeace,PCA_MLP_Prefitted,CHEMBL2047_EC50,9001,,cliff test rmse,0.715537
moleculeace,PCA_MLP_Prefitted,CHEMBL204_Ki,9001,,overall test rmse,0.854977
moleculeace,PCA_MLP_Prefitted,CHEMBL204_Ki,9001,,noncliff test rmse,0.781986
moleculeace,PCA_MLP_Prefitted,CHEMBL204_Ki,9001,,cliff test rmse,0.954903
moleculeace,PCA_MLP_Prefitted,CHEMBL2147_Ki,9001,,overall test rmse,0.725549
moleculeace,PCA_MLP_Prefitted,CHEMBL2147_Ki,9001,,noncliff test rmse,0.730349
moleculeace,PCA_MLP_Prefitted,CHEMBL2147_Ki,9001,,cliff test rmse,0.718122
moleculeace,PCA_MLP_Prefitted,CHEMBL214_Ki,9001,,overall test rmse,0.74562
moleculeace,PCA_MLP_Prefitted,CHEMBL214_Ki,9001,,noncliff test rmse,0.656846
moleculeace,PCA_MLP_Prefitted,CHEMBL214_Ki,9001,,cliff test rmse,0.877435
moleculeace,PCA_MLP_Prefitted,CHEMBL218_EC50,9001,,overall test rmse,0.766943
moleculeace,PCA_MLP_Prefitted,CHEMBL218_EC50,9001,,noncliff test rmse,0.75515
moleculeace,PCA_MLP_Prefitted,CHEMBL218_EC50,9001,,cliff test rmse,0.787004
moleculeace,PCA_MLP_Prefitted,CHEMBL219_Ki,9001,,overall test rmse,0.806244
moleculeace,PCA_MLP_Prefitted,CHEMBL219_Ki,9001,,noncliff test rmse,0.763369
moleculeace,PCA_MLP_Prefitted,CHEMBL219_Ki,9001,,cliff test rmse,0.867638
moleculeace,PCA_MLP_Prefitted,CHEMBL228_Ki,9001,,overall test rmse,0.774503
moleculeace,PCA_MLP_Prefitted,CHEMBL228_Ki,9001,,noncliff test rmse,0.765638
moleculeace,PCA_MLP_Prefitted,CHEMBL228_Ki,9001,,cliff test rmse,0.789285
moleculeace,PCA_MLP_Prefitted,CHEMBL231_Ki,9001,,overall test rmse,0.737509
moleculeace,PCA_MLP_Prefitted,CHEMBL231_Ki,9001,,noncliff test rmse,0.719073
moleculeace,PCA_MLP_Prefitted,CHEMBL231_Ki,9001,,cliff test rmse,0.79201
moleculeace,PCA_MLP_Prefitted,CHEMBL233_Ki,9001,,overall test rmse,0.874314
moleculeace,PCA_MLP_Prefitted,CHEMBL233_Ki,9001,,noncliff test rmse,0.824659
moleculeace,PCA_MLP_Prefitted,CHEMBL233_Ki,9001,,cliff test rmse,0.940886
moleculeace,PCA_MLP_Prefitted,CHEMBL234_Ki,9001,,overall test rmse,0.728657
moleculeace,PCA_MLP_Prefitted,CHEMBL234_Ki,9001,,noncliff test rmse,0.750523
moleculeace,PCA_MLP_Prefitted,CHEMBL234_Ki,9001,,cliff test rmse,0.699427
moleculeace,PCA_MLP_Prefitted,CHEMBL235_EC50,9001,,overall test rmse,0.722343
moleculeace,PCA_MLP_Prefitted,CHEMBL235_EC50,9001,,noncliff test rmse,0.623571
moleculeace,PCA_MLP_Prefitted,CHEMBL235_EC50,9001,,cliff test rmse,0.861018
moleculeace,PCA_MLP_Prefitted,CHEMBL236_Ki,9001,,overall test rmse,0.793698
moleculeace,PCA_MLP_Prefitted,CHEMBL236_Ki,9001,,noncliff test rmse,0.749662
moleculeace,PCA_MLP_Prefitted,CHEMBL236_Ki,9001,,cliff test rmse,0.857652
moleculeace,PCA_MLP_Prefitted,CHEMBL237_EC50,9001,,overall test rmse,0.843165
moleculeace,PCA_MLP_Prefitted,CHEMBL237_EC50,9001,,noncliff test rmse,0.75957
moleculeace,PCA_MLP_Prefitted,CHEMBL237_EC50,9001,,cliff test rmse,0.927957
moleculeace,PCA_MLP_Prefitted,CHEMBL237_Ki,9001,,overall test rmse,0.768777
moleculeace,PCA_MLP_Prefitted,CHEMBL237_Ki,9001,,noncliff test rmse,0.730335
moleculeace,PCA_MLP_Prefitted,CHEMBL237_Ki,9001,,cliff test rmse,0.817489
moleculeace,PCA_MLP_Prefitted,CHEMBL238_Ki,9001,,overall test rmse,0.74784
moleculeace,PCA_MLP_Prefitted,CHEMBL238_Ki,9001,,noncliff test rmse,0.745581
moleculeace,PCA_MLP_Prefitted,CHEMBL238_Ki,9001,,cliff test rmse,0.75429
moleculeace,PCA_MLP_Prefitted,CHEMBL239_EC50,9001,,overall test rmse,0.756212
moleculeace,PCA_MLP_Prefitted,CHEMBL239_EC50,9001,,noncliff test rmse,0.68679
moleculeace,PCA_MLP_Prefitted,CHEMBL239_EC50,9001,,cliff test rmse,0.847475
moleculeace,PCA_MLP_Prefitted,CHEMBL244_Ki,9001,,overall test rmse,0.829784
moleculeace,PCA_MLP_Prefitted,CHEMBL244_Ki,9001,,noncliff test rmse,0.771725
moleculeace,PCA_MLP_Prefitted,CHEMBL244_Ki,9001,,cliff test rmse,0.889175
moleculeace,PCA_MLP_Prefitted,CHEMBL262_Ki,9001,,overall test rmse,0.829228
moleculeace,PCA_MLP_Prefitted,CHEMBL262_Ki,9001,,noncliff test rmse,0.817363
moleculeace,PCA_MLP_Prefitted,CHEMBL262_Ki,9001,,cliff test rmse,0.879602
moleculeace,PCA_MLP_Prefitted,CHEMBL264_Ki,9001,,overall test rmse,0.631726
moleculeace,PCA_MLP_Prefitted,CHEMBL264_Ki,9001,,noncliff test rmse,0.5923
moleculeace,PCA_MLP_Prefitted,CHEMBL264_Ki,9001,,cliff test rmse,0.68317
moleculeace,PCA_MLP_Prefitted,CHEMBL2835_Ki,9001,,overall test rmse,0.477251
moleculeace,PCA_MLP_Prefitted,CHEMBL2835_Ki,9001,,noncliff test rmse,0.412744
moleculeace,PCA_MLP_Prefitted,CHEMBL2835_Ki,9001,,cliff test rmse,0.852527
moleculeace,PCA_MLP_Prefitted,CHEMBL287_Ki,9001,,overall test rmse,0.697746
moleculeace,PCA_MLP_Prefitted,CHEMBL287_Ki,9001,,noncliff test rmse,0.692215
moleculeace,PCA_MLP_Prefitted,CHEMBL287_Ki,9001,,cliff test rmse,0.706463
moleculeace,PCA_MLP_Prefitted,CHEMBL2971_Ki,9001,,overall test rmse,0.708376
moleculeace,PCA_MLP_Prefitted,CHEMBL2971_Ki,9001,,noncliff test rmse,0.649609
moleculeace,PCA_MLP_Prefitted,CHEMBL2971_Ki,9001,,cliff test rmse,0.940418
moleculeace,PCA_MLP_Prefitted,CHEMBL3979_EC50,9001,,overall test rmse,0.686763
moleculeace,PCA_MLP_Prefitted,CHEMBL3979_EC50,9001,,noncliff test rmse,0.684692
moleculeace,PCA_MLP_Prefitted,CHEMBL3979_EC50,9001,,cliff test rmse,0.689661
moleculeace,PCA_MLP_Prefitted,CHEMBL4005_Ki,9001,,overall test rmse,0.651413
moleculeace,PCA_MLP_Prefitted,CHEMBL4005_Ki,9001,,noncliff test rmse,0.533573
moleculeace,PCA_MLP_Prefitted,CHEMBL4005_Ki,9001,,cliff test rmse,0.78576
moleculeace,PCA_MLP_Prefitted,CHEMBL4203_Ki,9001,,overall test rmse,0.941514
moleculeace,PCA_MLP_Prefitted,CHEMBL4203_Ki,9001,,noncliff test rmse,0.895864
moleculeace,PCA_MLP_Prefitted,CHEMBL4203_Ki,9001,,cliff test rmse,1.32813
moleculeace,PCA_MLP_Prefitted,CHEMBL4616_EC50,9001,,overall test rmse,0.738552
moleculeace,PCA_MLP_Prefitted,CHEMBL4616_EC50,9001,,noncliff test rmse,0.727309
moleculeace,PCA_MLP_Prefitted,CHEMBL4616_EC50,9001,,cliff test rmse,0.748571
moleculeace,PCA_MLP_Prefitted,CHEMBL4792_Ki,9001,,overall test rmse,0.712361
moleculeace,PCA_MLP_Prefitted,CHEMBL4792_Ki,9001,,noncliff test rmse,0.708005
moleculeace,PCA_MLP_Prefitted,CHEMBL4792_Ki,9001,,cliff test rmse,0.716069
moleculeace,RF,CHEMBL1862_Ki,42,,overall test rmse,0.749095
moleculeace,RF,CHEMBL1862_Ki,42,,noncliff test rmse,0.708358
moleculeace,RF,CHEMBL1862_Ki,42,,cliff test rmse,0.802772
moleculeace,RF,CHEMBL1871_Ki,42,,overall test rmse,0.671524
moleculeace,RF,CHEMBL1871_Ki,42,,noncliff test rmse,0.58103
moleculeace,RF,CHEMBL1871_Ki,42,,cliff test rmse,0.901244
moleculeace,RF,CHEMBL2034_Ki,42,,overall test rmse,0.648714
moleculeace,RF,CHEMBL2034_Ki,42,,noncliff test rmse,0.569868
moleculeace,RF,CHEMBL2034_Ki,42,,cliff test rmse,0.778204
moleculeace,RF,CHEMBL2047_EC50,42,,overall test rmse,0.620676
moleculeace,RF,CHEMBL2047_EC50,42,,noncliff test rmse,0.609571
moleculeace,RF,CHEMBL2047_EC50,42,,cliff test rmse,0.637613
moleculeace,RF,CHEMBL204_Ki,42,,overall test rmse,0.785723
moleculeace,RF,CHEMBL204_Ki,42,,noncliff test rmse,0.678856
moleculeace,RF,CHEMBL204_Ki,42,,cliff test rmse,0.924265
moleculeace,RF,CHEMBL2147_Ki,42,,overall test rmse,0.660252
moleculeace,RF,CHEMBL2147_Ki,42,,noncliff test rmse,0.666338
moleculeace,RF,CHEMBL2147_Ki,42,,cliff test rmse,0.650802
moleculeace,RF,CHEMBL214_Ki,42,,overall test rmse,0.727835
moleculeace,RF,CHEMBL214_Ki,42,,noncliff test rmse,0.657126
moleculeace,RF,CHEMBL214_Ki,42,,cliff test rmse,0.835478
moleculeace,RF,CHEMBL218_EC50,42,,overall test rmse,0.695958
moleculeace,RF,CHEMBL218_EC50,42,,noncliff test rmse,0.657281
moleculeace,RF,CHEMBL218_EC50,42,,cliff test rmse,0.75846
moleculeace,RF,CHEMBL219_Ki,42,,overall test rmse,0.746789
moleculeace,RF,CHEMBL219_Ki,42,,noncliff test rmse,0.715303
moleculeace,RF,CHEMBL219_Ki,42,,cliff test rmse,0.792459
moleculeace,RF,CHEMBL228_Ki,42,,overall test rmse,0.71827
moleculeace,RF,CHEMBL228_Ki,42,,noncliff test rmse,0.689864
moleculeace,RF,CHEMBL228_Ki,42,,cliff test rmse,0.763956
moleculeace,RF,CHEMBL231_Ki,42,,overall test rmse,0.73631
moleculeace,RF,CHEMBL231_Ki,42,,noncliff test rmse,0.727239
moleculeace,RF,CHEMBL231_Ki,42,,cliff test rmse,0.76378
moleculeace,RF,CHEMBL233_Ki,42,,overall test rmse,0.804378
moleculeace,RF,CHEMBL233_Ki,42,,noncliff test rmse,0.762509
moleculeace,RF,CHEMBL233_Ki,42,,cliff test rmse,0.860811
moleculeace,RF,CHEMBL234_Ki,42,,overall test rmse,0.692033
moleculeace,RF,CHEMBL234_Ki,42,,noncliff test rmse,0.702792
moleculeace,RF,CHEMBL234_Ki,42,,cliff test rmse,0.677894
moleculeace,RF,CHEMBL235_EC50,42,,overall test rmse,0.641531
moleculeace,RF,CHEMBL235_EC50,42,,noncliff test rmse,0.547697
moleculeace,RF,CHEMBL235_EC50,42,,cliff test rmse,0.771929
moleculeace,RF,CHEMBL236_Ki,42,,overall test rmse,0.73106
moleculeace,RF,CHEMBL236_Ki,42,,noncliff test rmse,0.677511
moleculeace,RF,CHEMBL236_Ki,42,,cliff test rmse,0.807254
moleculeace,RF,CHEMBL237_EC50,42,,overall test rmse,0.772547
moleculeace,RF,CHEMBL237_EC50,42,,noncliff test rmse,0.736746
moleculeace,RF,CHEMBL237_EC50,42,,cliff test rmse,0.810798
moleculeace,RF,CHEMBL237_Ki,42,,overall test rmse,0.723628
moleculeace,RF,CHEMBL237_Ki,42,,noncliff test rmse,0.679382
moleculeace,RF,CHEMBL237_Ki,42,,cliff test rmse,0.779019
moleculeace,RF,CHEMBL238_Ki,42,,overall test rmse,0.672271
moleculeace,RF,CHEMBL238_Ki,42,,noncliff test rmse,0.664344
moleculeace,RF,CHEMBL238_Ki,42,,cliff test rmse,0.69454
moleculeace,RF,CHEMBL239_EC50,42,,overall test rmse,0.715595
moleculeace,RF,CHEMBL239_EC50,42,,noncliff test rmse,0.6204
moleculeace,RF,CHEMBL239_EC50,42,,cliff test rmse,0.835396
moleculeace,RF,CHEMBL244_Ki,42,,overall test rmse,0.78791
moleculeace,RF,CHEMBL244_Ki,42,,noncliff test rmse,0.736686
moleculeace,RF,CHEMBL244_Ki,42,,cliff test rmse,0.840565
moleculeace,RF,CHEMBL262_Ki,42,,overall test rmse,0.745753
moleculeace,RF,CHEMBL262_Ki,42,,noncliff test rmse,0.730831
moleculeace,RF,CHEMBL262_Ki,42,,cliff test rmse,0.808228
moleculeace,RF,CHEMBL264_Ki,42,,overall test rmse,0.655736
moleculeace,RF,CHEMBL264_Ki,42,,noncliff test rmse,0.599946
moleculeace,RF,CHEMBL264_Ki,42,,cliff test rmse,0.726762
moleculeace,RF,CHEMBL2835_Ki,42,,overall test rmse,0.405556
moleculeace,RF,CHEMBL2835_Ki,42,,noncliff test rmse,0.329377
moleculeace,RF,CHEMBL2835_Ki,42,,cliff test rmse,0.806925
moleculeace,RF,CHEMBL287_Ki,42,,overall test rmse,0.698862
moleculeace,RF,CHEMBL287_Ki,42,,noncliff test rmse,0.665994
moleculeace,RF,CHEMBL287_Ki,42,,cliff test rmse,0.748222
moleculeace,RF,CHEMBL2971_Ki,42,,overall test rmse,0.64074
moleculeace,RF,CHEMBL2971_Ki,42,,noncliff test rmse,0.621867
moleculeace,RF,CHEMBL2971_Ki,42,,cliff test rmse,0.724421
moleculeace,RF,CHEMBL3979_EC50,42,,overall test rmse,0.640207
moleculeace,RF,CHEMBL3979_EC50,42,,noncliff test rmse,0.623101
moleculeace,RF,CHEMBL3979_EC50,42,,cliff test rmse,0.663484
moleculeace,RF,CHEMBL4005_Ki,42,,overall test rmse,0.658517
moleculeace,RF,CHEMBL4005_Ki,42,,noncliff test rmse,0.565474
moleculeace,RF,CHEMBL4005_Ki,42,,cliff test rmse,0.768839
moleculeace,RF,CHEMBL4203_Ki,42,,overall test rmse,0.88905
moleculeace,RF,CHEMBL4203_Ki,42,,noncliff test rmse,0.851177
moleculeace,RF,CHEMBL4203_Ki,42,,cliff test rmse,1.21652
moleculeace,RF,CHEMBL4616_EC50,42,,overall test rmse,0.691006
moleculeace,RF,CHEMBL4616_EC50,42,,noncliff test rmse,0.642181
moleculeace,RF,CHEMBL4616_EC50,42,,cliff test rmse,0.732352
moleculeace,RF,CHEMBL4792_Ki,42,,overall test rmse,0.731077
moleculeace,RF,CHEMBL4792_Ki,42,,noncliff test rmse,0.720619
moleculeace,RF,CHEMBL4792_Ki,42,,cliff test rmse,0.739915
moleculeace,RF,CHEMBL1862_Ki,117,,overall test rmse,0.751719
moleculeace,RF,CHEMBL1862_Ki,117,,noncliff test rmse,0.72736
moleculeace,RF,CHEMBL1862_Ki,117,,cliff test rmse,0.78462
moleculeace,RF,CHEMBL1871_Ki,117,,overall test rmse,0.675375
moleculeace,RF,CHEMBL1871_Ki,117,,noncliff test rmse,0.592231
moleculeace,RF,CHEMBL1871_Ki,117,,cliff test rmse,0.889985
moleculeace,RF,CHEMBL2034_Ki,117,,overall test rmse,0.647209
moleculeace,RF,CHEMBL2034_Ki,117,,noncliff test rmse,0.571112
moleculeace,RF,CHEMBL2034_Ki,117,,cliff test rmse,0.772767
moleculeace,RF,CHEMBL2047_EC50,117,,overall test rmse,0.624079
moleculeace,RF,CHEMBL2047_EC50,117,,noncliff test rmse,0.617175
moleculeace,RF,CHEMBL2047_EC50,117,,cliff test rmse,0.634699
moleculeace,RF,CHEMBL204_Ki,117,,overall test rmse,0.784562
moleculeace,RF,CHEMBL204_Ki,117,,noncliff test rmse,0.678957
moleculeace,RF,CHEMBL204_Ki,117,,cliff test rmse,0.92167
moleculeace,RF,CHEMBL2147_Ki,117,,overall test rmse,0.656329
moleculeace,RF,CHEMBL2147_Ki,117,,noncliff test rmse,0.662601
moleculeace,RF,CHEMBL2147_Ki,117,,cliff test rmse,0.646588
moleculeace,RF,CHEMBL214_Ki,117,,overall test rmse,0.728253
moleculeace,RF,CHEMBL214_Ki,117,,noncliff test rmse,0.65976
moleculeace,RF,CHEMBL214_Ki,117,,cliff test rmse,0.832897
moleculeace,RF,CHEMBL218_EC50,117,,overall test rmse,0.692703
moleculeace,RF,CHEMBL218_EC50,117,,noncliff test rmse,0.651612
moleculeace,RF,CHEMBL218_EC50,117,,cliff test rmse,0.758801
moleculeace,RF,CHEMBL219_Ki,117,,overall test rmse,0.744832
moleculeace,RF,CHEMBL219_Ki,117,,noncliff test rmse,0.708081
moleculeace,RF,CHEMBL219_Ki,117,,cliff test rmse,0.797691
moleculeace,RF,CHEMBL228_Ki,117,,overall test rmse,0.722912
moleculeace,RF,CHEMBL228_Ki,117,,noncliff test rmse,0.69349
moleculeace,RF,CHEMBL228_Ki,117,,cliff test rmse,0.770162
moleculeace,RF,CHEMBL231_Ki,117,,overall test rmse,0.735296
moleculeace,RF,CHEMBL231_Ki,117,,noncliff test rmse,0.724601
moleculeace,RF,CHEMBL231_Ki,117,,cliff test rmse,0.767548
moleculeace,RF,CHEMBL233_Ki,117,,overall test rmse,0.801294
moleculeace,RF,CHEMBL233_Ki,117,,noncliff test rmse,0.756978
moleculeace,RF,CHEMBL233_Ki,117,,cliff test rmse,0.860809
moleculeace,RF,CHEMBL234_Ki,117,,overall test rmse,0.687173
moleculeace,RF,CHEMBL234_Ki,117,,noncliff test rmse,0.697061
moleculeace,RF,CHEMBL234_Ki,117,,cliff test rmse,0.674197
moleculeace,RF,CHEMBL235_EC50,117,,overall test rmse,0.642765
moleculeace,RF,CHEMBL235_EC50,117,,noncliff test rmse,0.550376
moleculeace,RF,CHEMBL235_EC50,117,,cliff test rmse,0.771504
moleculeace,RF,CHEMBL236_Ki,117,,overall test rmse,0.732995
moleculeace,RF,CHEMBL236_Ki,117,,noncliff test rmse,0.679731
moleculeace,RF,CHEMBL236_Ki,117,,cliff test rmse,0.808833
moleculeace,RF,CHEMBL237_EC50,117,,overall test rmse,0.766014
moleculeace,RF,CHEMBL237_EC50,117,,noncliff test rmse,0.732257
moleculeace,RF,CHEMBL237_EC50,117,,cliff test rmse,0.802165
moleculeace,RF,CHEMBL237_Ki,117,,overall test rmse,0.727959
moleculeace,RF,CHEMBL237_Ki,117,,noncliff test rmse,0.688633
moleculeace,RF,CHEMBL237_Ki,117,,cliff test rmse,0.777574
moleculeace,RF,CHEMBL238_Ki,117,,overall test rmse,0.674949
moleculeace,RF,CHEMBL238_Ki,117,,noncliff test rmse,0.664261
moleculeace,RF,CHEMBL238_Ki,117,,cliff test rmse,0.704753
moleculeace,RF,CHEMBL239_EC50,117,,overall test rmse,0.714233
moleculeace,RF,CHEMBL239_EC50,117,,noncliff test rmse,0.621264
moleculeace,RF,CHEMBL239_EC50,117,,cliff test rmse,0.831579
moleculeace,RF,CHEMBL244_Ki,117,,overall test rmse,0.793007
moleculeace,RF,CHEMBL244_Ki,117,,noncliff test rmse,0.744795
moleculeace,RF,CHEMBL244_Ki,117,,cliff test rmse,0.842772
moleculeace,RF,CHEMBL262_Ki,117,,overall test rmse,0.744995
moleculeace,RF,CHEMBL262_Ki,117,,noncliff test rmse,0.730487
moleculeace,RF,CHEMBL262_Ki,117,,cliff test rmse,0.805814
moleculeace,RF,CHEMBL264_Ki,117,,overall test rmse,0.651543
moleculeace,RF,CHEMBL264_Ki,117,,noncliff test rmse,0.598346
moleculeace,RF,CHEMBL264_Ki,117,,cliff test rmse,0.719519
moleculeace,RF,CHEMBL2835_Ki,117,,overall test rmse,0.407992
moleculeace,RF,CHEMBL2835_Ki,117,,noncliff test rmse,0.33134
moleculeace,RF,CHEMBL2835_Ki,117,,cliff test rmse,0.811827
moleculeace,RF,CHEMBL287_Ki,117,,overall test rmse,0.694578
moleculeace,RF,CHEMBL287_Ki,117,,noncliff test rmse,0.660565
moleculeace,RF,CHEMBL287_Ki,117,,cliff test rmse,0.745539
moleculeace,RF,CHEMBL2971_Ki,117,,overall test rmse,0.638897
moleculeace,RF,CHEMBL2971_Ki,117,,noncliff test rmse,0.622446
moleculeace,RF,CHEMBL2971_Ki,117,,cliff test rmse,0.712511
moleculeace,RF,CHEMBL3979_EC50,117,,overall test rmse,0.641771
moleculeace,RF,CHEMBL3979_EC50,117,,noncliff test rmse,0.62114
moleculeace,RF,CHEMBL3979_EC50,117,,cliff test rmse,0.669671
moleculeace,RF,CHEMBL4005_Ki,117,,overall test rmse,0.65579
moleculeace,RF,CHEMBL4005_Ki,117,,noncliff test rmse,0.569815
moleculeace,RF,CHEMBL4005_Ki,117,,cliff test rmse,0.758788
moleculeace,RF,CHEMBL4203_Ki,117,,overall test rmse,0.896844
moleculeace,RF,CHEMBL4203_Ki,117,,noncliff test rmse,0.855313
moleculeace,RF,CHEMBL4203_Ki,117,,cliff test rmse,1.25124
moleculeace,RF,CHEMBL4616_EC50,117,,overall test rmse,0.68738
moleculeace,RF,CHEMBL4616_EC50,117,,noncliff test rmse,0.640869
moleculeace,RF,CHEMBL4616_EC50,117,,cliff test rmse,0.726873
moleculeace,RF,CHEMBL4792_Ki,117,,overall test rmse,0.72995
moleculeace,RF,CHEMBL4792_Ki,117,,noncliff test rmse,0.719906
moleculeace,RF,CHEMBL4792_Ki,117,,cliff test rmse,0.738441
moleculeace,RF,CHEMBL1862_Ki,709,,overall test rmse,0.74816
moleculeace,RF,CHEMBL1862_Ki,709,,noncliff test rmse,0.72319
moleculeace,RF,CHEMBL1862_Ki,709,,cliff test rmse,0.78185
moleculeace,RF,CHEMBL1871_Ki,709,,overall test rmse,0.673577
moleculeace,RF,CHEMBL1871_Ki,709,,noncliff test rmse,0.589516
moleculeace,RF,CHEMBL1871_Ki,709,,cliff test rmse,0.890025
moleculeace,RF,CHEMBL2034_Ki,709,,overall test rmse,0.642061
moleculeace,RF,CHEMBL2034_Ki,709,,noncliff test rmse,0.557825
moleculeace,RF,CHEMBL2034_Ki,709,,cliff test rmse,0.778854
moleculeace,RF,CHEMBL2047_EC50,709,,overall test rmse,0.622244
moleculeace,RF,CHEMBL2047_EC50,709,,noncliff test rmse,0.615446
moleculeace,RF,CHEMBL2047_EC50,709,,cliff test rmse,0.632702
moleculeace,RF,CHEMBL204_Ki,709,,overall test rmse,0.779267
moleculeace,RF,CHEMBL204_Ki,709,,noncliff test rmse,0.673682
moleculeace,RF,CHEMBL204_Ki,709,,cliff test rmse,0.916222
moleculeace,RF,CHEMBL2147_Ki,709,,overall test rmse,0.660496
moleculeace,RF,CHEMBL2147_Ki,709,,noncliff test rmse,0.664516
moleculeace,RF,CHEMBL2147_Ki,709,,cliff test rmse,0.65428
moleculeace,RF,CHEMBL214_Ki,709,,overall test rmse,0.724198
moleculeace,RF,CHEMBL214_Ki,709,,noncliff test rmse,0.654744
moleculeace,RF,CHEMBL214_Ki,709,,cliff test rmse,0.830082
moleculeace,RF,CHEMBL218_EC50,709,,overall test rmse,0.698061
moleculeace,RF,CHEMBL218_EC50,709,,noncliff test rmse,0.663379
moleculeace,RF,CHEMBL218_EC50,709,,cliff test rmse,0.754519
moleculeace,RF,CHEMBL219_Ki,709,,overall test rmse,0.750796
moleculeace,RF,CHEMBL219_Ki,709,,noncliff test rmse,0.719298
moleculeace,RF,CHEMBL219_Ki,709,,cliff test rmse,0.796494
moleculeace,RF,CHEMBL228_Ki,709,,overall test rmse,0.721826
moleculeace,RF,CHEMBL228_Ki,709,,noncliff test rmse,0.691499
moleculeace,RF,CHEMBL228_Ki,709,,cliff test rmse,0.770451
moleculeace,RF,CHEMBL231_Ki,709,,overall test rmse,0.738304
moleculeace,RF,CHEMBL231_Ki,709,,noncliff test rmse,0.731069
moleculeace,RF,CHEMBL231_Ki,709,,cliff test rmse,0.760322
moleculeace,RF,CHEMBL233_Ki,709,,overall test rmse,0.79995
moleculeace,RF,CHEMBL233_Ki,709,,noncliff test rmse,0.757967
moleculeace,RF,CHEMBL233_Ki,709,,cliff test rmse,0.856511
moleculeace,RF,CHEMBL234_Ki,709,,overall test rmse,0.692597
moleculeace,RF,CHEMBL234_Ki,709,,noncliff test rmse,0.702483
moleculeace,RF,CHEMBL234_Ki,709,,cliff test rmse,0.679626
moleculeace,RF,CHEMBL235_EC50,709,,overall test rmse,0.642081
moleculeace,RF,CHEMBL235_EC50,709,,noncliff test rmse,0.549498
moleculeace,RF,CHEMBL235_EC50,709,,cliff test rmse,0.771026
moleculeace,RF,CHEMBL236_Ki,709,,overall test rmse,0.734754
moleculeace,RF,CHEMBL236_Ki,709,,noncliff test rmse,0.676531
moleculeace,RF,CHEMBL236_Ki,709,,cliff test rmse,0.817036
moleculeace,RF,CHEMBL237_EC50,709,,overall test rmse,0.775764
moleculeace,RF,CHEMBL237_EC50,709,,noncliff test rmse,0.734516
moleculeace,RF,CHEMBL237_EC50,709,,cliff test rmse,0.819535
moleculeace,RF,CHEMBL237_Ki,709,,overall test rmse,0.722853
moleculeace,RF,CHEMBL237_Ki,709,,noncliff test rmse,0.681257
moleculeace,RF,CHEMBL237_Ki,709,,cliff test rmse,0.77513
moleculeace,RF,CHEMBL238_Ki,709,,overall test rmse,0.674992
moleculeace,RF,CHEMBL238_Ki,709,,noncliff test rmse,0.665529
moleculeace,RF,CHEMBL238_Ki,709,,cliff test rmse,0.701466
moleculeace,RF,CHEMBL239_EC50,709,,overall test rmse,0.714676
moleculeace,RF,CHEMBL239_EC50,709,,noncliff test rmse,0.619702
moleculeace,RF,CHEMBL239_EC50,709,,cliff test rmse,0.834215
moleculeace,RF,CHEMBL244_Ki,709,,overall test rmse,0.791034
moleculeace,RF,CHEMBL244_Ki,709,,noncliff test rmse,0.741086
moleculeace,RF,CHEMBL244_Ki,709,,cliff test rmse,0.842472
moleculeace,RF,CHEMBL262_Ki,709,,overall test rmse,0.740518
moleculeace,RF,CHEMBL262_Ki,709,,noncliff test rmse,0.728276
moleculeace,RF,CHEMBL262_Ki,709,,cliff test rmse,0.792206
moleculeace,RF,CHEMBL264_Ki,709,,overall test rmse,0.650935
moleculeace,RF,CHEMBL264_Ki,709,,noncliff test rmse,0.599461
moleculeace,RF,CHEMBL264_Ki,709,,cliff test rmse,0.716889
moleculeace,RF,CHEMBL2835_Ki,709,,overall test rmse,0.406868
moleculeace,RF,CHEMBL2835_Ki,709,,noncliff test rmse,0.330541
moleculeace,RF,CHEMBL2835_Ki,709,,cliff test rmse,0.809189
moleculeace,RF,CHEMBL287_Ki,709,,overall test rmse,0.696373
moleculeace,RF,CHEMBL287_Ki,709,,noncliff test rmse,0.659831
moleculeace,RF,CHEMBL287_Ki,709,,cliff test rmse,0.750895
moleculeace,RF,CHEMBL2971_Ki,709,,overall test rmse,0.63985
moleculeace,RF,CHEMBL2971_Ki,709,,noncliff test rmse,0.620132
moleculeace,RF,CHEMBL2971_Ki,709,,cliff test rmse,0.726991
moleculeace,RF,CHEMBL3979_EC50,709,,overall test rmse,0.641239
moleculeace,RF,CHEMBL3979_EC50,709,,noncliff test rmse,0.619033
moleculeace,RF,CHEMBL3979_EC50,709,,cliff test rmse,0.671182
moleculeace,RF,CHEMBL4005_Ki,709,,overall test rmse,0.65952
moleculeace,RF,CHEMBL4005_Ki,709,,noncliff test rmse,0.576517
moleculeace,RF,CHEMBL4005_Ki,709,,cliff test rmse,0.759491
moleculeace,RF,CHEMBL4203_Ki,709,,overall test rmse,0.895269
moleculeace,RF,CHEMBL4203_Ki,709,,noncliff test rmse,0.855755
moleculeace,RF,CHEMBL4203_Ki,709,,cliff test rmse,1.23504
moleculeace,RF,CHEMBL4616_EC50,709,,overall test rmse,0.692241
moleculeace,RF,CHEMBL4616_EC50,709,,noncliff test rmse,0.646555
moleculeace,RF,CHEMBL4616_EC50,709,,cliff test rmse,0.731092
moleculeace,RF,CHEMBL4792_Ki,709,,overall test rmse,0.729291
moleculeace,RF,CHEMBL4792_Ki,709,,noncliff test rmse,0.718853
moleculeace,RF,CHEMBL4792_Ki,709,,cliff test rmse,0.738112
moleculeace,RF,CHEMBL1862_Ki,1701,,overall test rmse,0.750618
moleculeace,RF,CHEMBL1862_Ki,1701,,noncliff test rmse,0.718511
moleculeace,RF,CHEMBL1862_Ki,1701,,cliff test rmse,0.793476
moleculeace,RF,CHEMBL1871_Ki,1701,,overall test rmse,0.675418
moleculeace,RF,CHEMBL1871_Ki,1701,,noncliff test rmse,0.582709
moleculeace,RF,CHEMBL1871_Ki,1701,,cliff test rmse,0.909934
moleculeace,RF,CHEMBL2034_Ki,1701,,overall test rmse,0.64926
moleculeace,RF,CHEMBL2034_Ki,1701,,noncliff test rmse,0.566607
moleculeace,RF,CHEMBL2034_Ki,1701,,cliff test rmse,0.784091
moleculeace,RF,CHEMBL2047_EC50,1701,,overall test rmse,0.626136
moleculeace,RF,CHEMBL2047_EC50,1701,,noncliff test rmse,0.62041
moleculeace,RF,CHEMBL2047_EC50,1701,,cliff test rmse,0.634967
moleculeace,RF,CHEMBL204_Ki,1701,,overall test rmse,0.786454
moleculeace,RF,CHEMBL204_Ki,1701,,noncliff test rmse,0.682061
moleculeace,RF,CHEMBL204_Ki,1701,,cliff test rmse,0.922255
moleculeace,RF,CHEMBL2147_Ki,1701,,overall test rmse,0.661402
moleculeace,RF,CHEMBL2147_Ki,1701,,noncliff test rmse,0.662035
moleculeace,RF,CHEMBL2147_Ki,1701,,cliff test rmse,0.66043
moleculeace,RF,CHEMBL214_Ki,1701,,overall test rmse,0.726999
moleculeace,RF,CHEMBL214_Ki,1701,,noncliff test rmse,0.658838
moleculeace,RF,CHEMBL214_Ki,1701,,cliff test rmse,0.831172
moleculeace,RF,CHEMBL218_EC50,1701,,overall test rmse,0.694334
moleculeace,RF,CHEMBL218_EC50,1701,,noncliff test rmse,0.653592
moleculeace,RF,CHEMBL218_EC50,1701,,cliff test rmse,0.759921
moleculeace,RF,CHEMBL219_Ki,1701,,overall test rmse,0.748966
moleculeace,RF,CHEMBL219_Ki,1701,,noncliff test rmse,0.714357
moleculeace,RF,CHEMBL219_Ki,1701,,cliff test rmse,0.798926
moleculeace,RF,CHEMBL228_Ki,1701,,overall test rmse,0.717843
moleculeace,RF,CHEMBL228_Ki,1701,,noncliff test rmse,0.690046
moleculeace,RF,CHEMBL228_Ki,1701,,cliff test rmse,0.762596
moleculeace,RF,CHEMBL231_Ki,1701,,overall test rmse,0.741868
moleculeace,RF,CHEMBL231_Ki,1701,,noncliff test rmse,0.733708
moleculeace,RF,CHEMBL231_Ki,1701,,cliff test rmse,0.766644
moleculeace,RF,CHEMBL233_Ki,1701,,overall test rmse,0.800325
moleculeace,RF,CHEMBL233_Ki,1701,,noncliff test rmse,0.759026
moleculeace,RF,CHEMBL233_Ki,1701,,cliff test rmse,0.856018
moleculeace,RF,CHEMBL234_Ki,1701,,overall test rmse,0.691757
moleculeace,RF,CHEMBL234_Ki,1701,,noncliff test rmse,0.700721
moleculeace,RF,CHEMBL234_Ki,1701,,cliff test rmse,0.680013
moleculeace,RF,CHEMBL235_EC50,1701,,overall test rmse,0.64318
moleculeace,RF,CHEMBL235_EC50,1701,,noncliff test rmse,0.551061
moleculeace,RF,CHEMBL235_EC50,1701,,cliff test rmse,0.771611
moleculeace,RF,CHEMBL236_Ki,1701,,overall test rmse,0.735355
moleculeace,RF,CHEMBL236_Ki,1701,,noncliff test rmse,0.67991
moleculeace,RF,CHEMBL236_Ki,1701,,cliff test rmse,0.814052
moleculeace,RF,CHEMBL237_EC50,1701,,overall test rmse,0.775677
moleculeace,RF,CHEMBL237_EC50,1701,,noncliff test rmse,0.742293
moleculeace,RF,CHEMBL237_EC50,1701,,cliff test rmse,0.811466
moleculeace,RF,CHEMBL237_Ki,1701,,overall test rmse,0.728278
moleculeace,RF,CHEMBL237_Ki,1701,,noncliff test rmse,0.688685
moleculeace,RF,CHEMBL237_Ki,1701,,cliff test rmse,0.77821
moleculeace,RF,CHEMBL238_Ki,1701,,overall test rmse,0.668927
moleculeace,RF,CHEMBL238_Ki,1701,,noncliff test rmse,0.656906
moleculeace,RF,CHEMBL238_Ki,1701,,cliff test rmse,0.702314
moleculeace,RF,CHEMBL239_EC50,1701,,overall test rmse,0.716806
moleculeace,RF,CHEMBL239_EC50,1701,,noncliff test rmse,0.622924
moleculeace,RF,CHEMBL239_EC50,1701,,cliff test rmse,0.835205
moleculeace,RF,CHEMBL244_Ki,1701,,overall test rmse,0.789412
moleculeace,RF,CHEMBL244_Ki,1701,,noncliff test rmse,0.74208
moleculeace,RF,CHEMBL244_Ki,1701,,cliff test rmse,0.838309
moleculeace,RF,CHEMBL262_Ki,1701,,overall test rmse,0.74905
moleculeace,RF,CHEMBL262_Ki,1701,,noncliff test rmse,0.732954
moleculeace,RF,CHEMBL262_Ki,1701,,cliff test rmse,0.816203
moleculeace,RF,CHEMBL264_Ki,1701,,overall test rmse,0.653073
moleculeace,RF,CHEMBL264_Ki,1701,,noncliff test rmse,0.600075
moleculeace,RF,CHEMBL264_Ki,1701,,cliff test rmse,0.720831
moleculeace,RF,CHEMBL2835_Ki,1701,,overall test rmse,0.406007
moleculeace,RF,CHEMBL2835_Ki,1701,,noncliff test rmse,0.332168
moleculeace,RF,CHEMBL2835_Ki,1701,,cliff test rmse,0.799143
moleculeace,RF,CHEMBL287_Ki,1701,,overall test rmse,0.693693
moleculeace,RF,CHEMBL287_Ki,1701,,noncliff test rmse,0.662485
moleculeace,RF,CHEMBL287_Ki,1701,,cliff test rmse,0.740675
moleculeace,RF,CHEMBL2971_Ki,1701,,overall test rmse,0.638846
moleculeace,RF,CHEMBL2971_Ki,1701,,noncliff test rmse,0.619566
moleculeace,RF,CHEMBL2971_Ki,1701,,cliff test rmse,0.724184
moleculeace,RF,CHEMBL3979_EC50,1701,,overall test rmse,0.637856
moleculeace,RF,CHEMBL3979_EC50,1701,,noncliff test rmse,0.618432
moleculeace,RF,CHEMBL3979_EC50,1701,,cliff test rmse,0.664173
moleculeace,RF,CHEMBL4005_Ki,1701,,overall test rmse,0.651852
moleculeace,RF,CHEMBL4005_Ki,1701,,noncliff test rmse,0.565652
moleculeace,RF,CHEMBL4005_Ki,1701,,cliff test rmse,0.755001
moleculeace,RF,CHEMBL4203_Ki,1701,,overall test rmse,0.891627
moleculeace,RF,CHEMBL4203_Ki,1701,,noncliff test rmse,0.852628
moleculeace,RF,CHEMBL4203_Ki,1701,,cliff test rmse,1.22745
moleculeace,RF,CHEMBL4616_EC50,1701,,overall test rmse,0.688125
moleculeace,RF,CHEMBL4616_EC50,1701,,noncliff test rmse,0.640949
moleculeace,RF,CHEMBL4616_EC50,1701,,cliff test rmse,0.728151
moleculeace,RF,CHEMBL4792_Ki,1701,,overall test rmse,0.731449
moleculeace,RF,CHEMBL4792_Ki,1701,,noncliff test rmse,0.720441
moleculeace,RF,CHEMBL4792_Ki,1701,,cliff test rmse,0.740744
moleculeace,RF,CHEMBL1862_Ki,9001,,overall test rmse,0.747089
moleculeace,RF,CHEMBL1862_Ki,9001,,noncliff test rmse,0.719251
moleculeace,RF,CHEMBL1862_Ki,9001,,cliff test rmse,0.784483
moleculeace,RF,CHEMBL1871_Ki,9001,,overall test rmse,0.676503
moleculeace,RF,CHEMBL1871_Ki,9001,,noncliff test rmse,0.585278
moleculeace,RF,CHEMBL1871_Ki,9001,,cliff test rmse,0.908052
moleculeace,RF,CHEMBL2034_Ki,9001,,overall test rmse,0.653224
moleculeace,RF,CHEMBL2034_Ki,9001,,noncliff test rmse,0.576257
moleculeace,RF,CHEMBL2034_Ki,9001,,cliff test rmse,0.780179
moleculeace,RF,CHEMBL2047_EC50,9001,,overall test rmse,0.625336
moleculeace,RF,CHEMBL2047_EC50,9001,,noncliff test rmse,0.617317
moleculeace,RF,CHEMBL2047_EC50,9001,,cliff test rmse,0.637644
moleculeace,RF,CHEMBL204_Ki,9001,,overall test rmse,0.781389
moleculeace,RF,CHEMBL204_Ki,9001,,noncliff test rmse,0.668807
moleculeace,RF,CHEMBL204_Ki,9001,,cliff test rmse,0.926118
moleculeace,RF,CHEMBL2147_Ki,9001,,overall test rmse,0.664711
moleculeace,RF,CHEMBL2147_Ki,9001,,noncliff test rmse,0.675938
moleculeace,RF,CHEMBL2147_Ki,9001,,cliff test rmse,0.647104
moleculeace,RF,CHEMBL214_Ki,9001,,overall test rmse,0.726796
moleculeace,RF,CHEMBL214_Ki,9001,,noncliff test rmse,0.657592
moleculeace,RF,CHEMBL214_Ki,9001,,cliff test rmse,0.832382
moleculeace,RF,CHEMBL218_EC50,9001,,overall test rmse,0.700468
moleculeace,RF,CHEMBL218_EC50,9001,,noncliff test rmse,0.658278
moleculeace,RF,CHEMBL218_EC50,9001,,cliff test rmse,0.768259
moleculeace,RF,CHEMBL219_Ki,9001,,overall test rmse,0.746481
moleculeace,RF,CHEMBL219_Ki,9001,,noncliff test rmse,0.711908
moleculeace,RF,CHEMBL219_Ki,9001,,cliff test rmse,0.796384
moleculeace,RF,CHEMBL228_Ki,9001,,overall test rmse,0.720183
moleculeace,RF,CHEMBL228_Ki,9001,,noncliff test rmse,0.692408
moleculeace,RF,CHEMBL228_Ki,9001,,cliff test rmse,0.764909
moleculeace,RF,CHEMBL231_Ki,9001,,overall test rmse,0.731315
moleculeace,RF,CHEMBL231_Ki,9001,,noncliff test rmse,0.72223
moleculeace,RF,CHEMBL231_Ki,9001,,cliff test rmse,0.758825
moleculeace,RF,CHEMBL233_Ki,9001,,overall test rmse,0.801883
moleculeace,RF,CHEMBL233_Ki,9001,,noncliff test rmse,0.758261
moleculeace,RF,CHEMBL233_Ki,9001,,cliff test rmse,0.860525
moleculeace,RF,CHEMBL234_Ki,9001,,overall test rmse,0.693861
moleculeace,RF,CHEMBL234_Ki,9001,,noncliff test rmse,0.70542
moleculeace,RF,CHEMBL234_Ki,9001,,cliff test rmse,0.678651
moleculeace,RF,CHEMBL235_EC50,9001,,overall test rmse,0.643432
moleculeace,RF,CHEMBL235_EC50,9001,,noncliff test rmse,0.547791
moleculeace,RF,CHEMBL235_EC50,9001,,cliff test rmse,0.776003
moleculeace,RF,CHEMBL236_Ki,9001,,overall test rmse,0.742996
moleculeace,RF,CHEMBL236_Ki,9001,,noncliff test rmse,0.687888
moleculeace,RF,CHEMBL236_Ki,9001,,cliff test rmse,0.821325
moleculeace,RF,CHEMBL237_EC50,9001,,overall test rmse,0.779193
moleculeace,RF,CHEMBL237_EC50,9001,,noncliff test rmse,0.742014
moleculeace,RF,CHEMBL237_EC50,9001,,cliff test rmse,0.818862
moleculeace,RF,CHEMBL237_Ki,9001,,overall test rmse,0.724595
moleculeace,RF,CHEMBL237_Ki,9001,,noncliff test rmse,0.684337
moleculeace,RF,CHEMBL237_Ki,9001,,cliff test rmse,0.775299
moleculeace,RF,CHEMBL238_Ki,9001,,overall test rmse,0.673985
moleculeace,RF,CHEMBL238_Ki,9001,,noncliff test rmse,0.663827
moleculeace,RF,CHEMBL238_Ki,9001,,cliff test rmse,0.702351
moleculeace,RF,CHEMBL239_EC50,9001,,overall test rmse,0.714493
moleculeace,RF,CHEMBL239_EC50,9001,,noncliff test rmse,0.624224
moleculeace,RF,CHEMBL239_EC50,9001,,cliff test rmse,0.828886
moleculeace,RF,CHEMBL244_Ki,9001,,overall test rmse,0.792135
moleculeace,RF,CHEMBL244_Ki,9001,,noncliff test rmse,0.741045
moleculeace,RF,CHEMBL244_Ki,9001,,cliff test rmse,0.84468
moleculeace,RF,CHEMBL262_Ki,9001,,overall test rmse,0.746683
moleculeace,RF,CHEMBL262_Ki,9001,,noncliff test rmse,0.734008
moleculeace,RF,CHEMBL262_Ki,9001,,cliff test rmse,0.800146
moleculeace,RF,CHEMBL264_Ki,9001,,overall test rmse,0.652176
moleculeace,RF,CHEMBL264_Ki,9001,,noncliff test rmse,0.598192
moleculeace,RF,CHEMBL264_Ki,9001,,cliff test rmse,0.721073
moleculeace,RF,CHEMBL2835_Ki,9001,,overall test rmse,0.399575
moleculeace,RF,CHEMBL2835_Ki,9001,,noncliff test rmse,0.323469
moleculeace,RF,CHEMBL2835_Ki,9001,,cliff test rmse,0.798738
moleculeace,RF,CHEMBL287_Ki,9001,,overall test rmse,0.696811
moleculeace,RF,CHEMBL287_Ki,9001,,noncliff test rmse,0.663336
moleculeace,RF,CHEMBL287_Ki,9001,,cliff test rmse,0.747021
moleculeace,RF,CHEMBL2971_Ki,9001,,overall test rmse,0.647795
moleculeace,RF,CHEMBL2971_Ki,9001,,noncliff test rmse,0.628553
moleculeace,RF,CHEMBL2971_Ki,9001,,cliff test rmse,0.733059
moleculeace,RF,CHEMBL3979_EC50,9001,,overall test rmse,0.645864
moleculeace,RF,CHEMBL3979_EC50,9001,,noncliff test rmse,0.621544
moleculeace,RF,CHEMBL3979_EC50,9001,,cliff test rmse,0.678544
moleculeace,RF,CHEMBL4005_Ki,9001,,overall test rmse,0.66087
moleculeace,RF,CHEMBL4005_Ki,9001,,noncliff test rmse,0.569428
moleculeace,RF,CHEMBL4005_Ki,9001,,cliff test rmse,0.769614
moleculeace,RF,CHEMBL4203_Ki,9001,,overall test rmse,0.887878
moleculeace,RF,CHEMBL4203_Ki,9001,,noncliff test rmse,0.850025
moleculeace,RF,CHEMBL4203_Ki,9001,,cliff test rmse,1.21513
moleculeace,RF,CHEMBL4616_EC50,9001,,overall test rmse,0.689231
moleculeace,RF,CHEMBL4616_EC50,9001,,noncliff test rmse,0.641775
moleculeace,RF,CHEMBL4616_EC50,9001,,cliff test rmse,0.729483
moleculeace,RF,CHEMBL4792_Ki,9001,,overall test rmse,0.729366
moleculeace,RF,CHEMBL4792_Ki,9001,,noncliff test rmse,0.720681
moleculeace,RF,CHEMBL4792_Ki,9001,,cliff test rmse,0.736722
moleculeace,RF_Mordred,CHEMBL1862_Ki,42,,overall test rmse,0.759907
moleculeace,RF_Mordred,CHEMBL1862_Ki,42,,noncliff test rmse,0.735557
moleculeace,RF_Mordred,CHEMBL1862_Ki,42,,cliff test rmse,0.79281
moleculeace,RF_Mordred,CHEMBL1871_Ki,42,,overall test rmse,0.698588
moleculeace,RF_Mordred,CHEMBL1871_Ki,42,,noncliff test rmse,0.611825
moleculeace,RF_Mordred,CHEMBL1871_Ki,42,,cliff test rmse,0.922187
moleculeace,RF_Mordred,CHEMBL2034_Ki,42,,overall test rmse,0.670914
moleculeace,RF_Mordred,CHEMBL2034_Ki,42,,noncliff test rmse,0.596744
moleculeace,RF_Mordred,CHEMBL2034_Ki,42,,cliff test rmse,0.794315
moleculeace,RF_Mordred,CHEMBL2047_EC50,42,,overall test rmse,0.658193
moleculeace,RF_Mordred,CHEMBL2047_EC50,42,,noncliff test rmse,0.662634
moleculeace,RF_Mordred,CHEMBL2047_EC50,42,,cliff test rmse,0.651206
moleculeace,RF_Mordred,CHEMBL204_Ki,42,,overall test rmse,0.824886
moleculeace,RF_Mordred,CHEMBL204_Ki,42,,noncliff test rmse,0.727167
moleculeace,RF_Mordred,CHEMBL204_Ki,42,,cliff test rmse,0.953941
moleculeace,RF_Mordred,CHEMBL2147_Ki,42,,overall test rmse,0.746536
moleculeace,RF_Mordred,CHEMBL2147_Ki,42,,noncliff test rmse,0.779227
moleculeace,RF_Mordred,CHEMBL2147_Ki,42,,cliff test rmse,0.693383
moleculeace,RF_Mordred,CHEMBL214_Ki,42,,overall test rmse,0.734678
moleculeace,RF_Mordred,CHEMBL214_Ki,42,,noncliff test rmse,0.666394
moleculeace,RF_Mordred,CHEMBL214_Ki,42,,cliff test rmse,0.839137
moleculeace,RF_Mordred,CHEMBL218_EC50,42,,overall test rmse,0.752179
moleculeace,RF_Mordred,CHEMBL218_EC50,42,,noncliff test rmse,0.72257
moleculeace,RF_Mordred,CHEMBL218_EC50,42,,cliff test rmse,0.801008
moleculeace,RF_Mordred,CHEMBL219_Ki,42,,overall test rmse,0.773504
moleculeace,RF_Mordred,CHEMBL219_Ki,42,,noncliff test rmse,0.75076
moleculeace,RF_Mordred,CHEMBL219_Ki,42,,cliff test rmse,0.806999
moleculeace,RF_Mordred,CHEMBL228_Ki,42,,overall test rmse,0.768458
moleculeace,RF_Mordred,CHEMBL228_Ki,42,,noncliff test rmse,0.738316
moleculeace,RF_Mordred,CHEMBL228_Ki,42,,cliff test rmse,0.816954
moleculeace,RF_Mordred,CHEMBL231_Ki,42,,overall test rmse,0.726967
moleculeace,RF_Mordred,CHEMBL231_Ki,42,,noncliff test rmse,0.736031
moleculeace,RF_Mordred,CHEMBL231_Ki,42,,cliff test rmse,0.698083
moleculeace,RF_Mordred,CHEMBL233_Ki,42,,overall test rmse,0.820398
moleculeace,RF_Mordred,CHEMBL233_Ki,42,,noncliff test rmse,0.774418
moleculeace,RF_Mordred,CHEMBL233_Ki,42,,cliff test rmse,0.882095
moleculeace,RF_Mordred,CHEMBL234_Ki,42,,overall test rmse,0.737324
moleculeace,RF_Mordred,CHEMBL234_Ki,42,,noncliff test rmse,0.762945
moleculeace,RF_Mordred,CHEMBL234_Ki,42,,cliff test rmse,0.702877
moleculeace,RF_Mordred,CHEMBL235_EC50,42,,overall test rmse,0.672284
moleculeace,RF_Mordred,CHEMBL235_EC50,42,,noncliff test rmse,0.577046
moleculeace,RF_Mordred,CHEMBL235_EC50,42,,cliff test rmse,0.805289
moleculeace,RF_Mordred,CHEMBL236_Ki,42,,overall test rmse,0.782398
moleculeace,RF_Mordred,CHEMBL236_Ki,42,,noncliff test rmse,0.751143
moleculeace,RF_Mordred,CHEMBL236_Ki,42,,cliff test rmse,0.828629
moleculeace,RF_Mordred,CHEMBL237_EC50,42,,overall test rmse,0.842451
moleculeace,RF_Mordred,CHEMBL237_EC50,42,,noncliff test rmse,0.823964
moleculeace,RF_Mordred,CHEMBL237_EC50,42,,cliff test rmse,0.862702
moleculeace,RF_Mordred,CHEMBL237_Ki,42,,overall test rmse,0.776328
moleculeace,RF_Mordred,CHEMBL237_Ki,42,,noncliff test rmse,0.72811
moleculeace,RF_Mordred,CHEMBL237_Ki,42,,cliff test rmse,0.836629
moleculeace,RF_Mordred,CHEMBL238_Ki,42,,overall test rmse,0.701779
moleculeace,RF_Mordred,CHEMBL238_Ki,42,,noncliff test rmse,0.705898
moleculeace,RF_Mordred,CHEMBL238_Ki,42,,cliff test rmse,0.689812
moleculeace,RF_Mordred,CHEMBL239_EC50,42,,overall test rmse,0.769686
moleculeace,RF_Mordred,CHEMBL239_EC50,42,,noncliff test rmse,0.664964
moleculeace,RF_Mordred,CHEMBL239_EC50,42,,cliff test rmse,0.901063
moleculeace,RF_Mordred,CHEMBL244_Ki,42,,overall test rmse,0.839566
moleculeace,RF_Mordred,CHEMBL244_Ki,42,,noncliff test rmse,0.835071
moleculeace,RF_Mordred,CHEMBL244_Ki,42,,cliff test rmse,0.844475
moleculeace,RF_Mordred,CHEMBL262_Ki,42,,overall test rmse,0.774024
moleculeace,RF_Mordred,CHEMBL262_Ki,42,,noncliff test rmse,0.766931
moleculeace,RF_Mordred,CHEMBL262_Ki,42,,cliff test rmse,0.804533
moleculeace,RF_Mordred,CHEMBL264_Ki,42,,overall test rmse,0.648629
moleculeace,RF_Mordred,CHEMBL264_Ki,42,,noncliff test rmse,0.61311
moleculeace,RF_Mordred,CHEMBL264_Ki,42,,cliff test rmse,0.695368
moleculeace,RF_Mordred,CHEMBL2835_Ki,42,,overall test rmse,0.410786
moleculeace,RF_Mordred,CHEMBL2835_Ki,42,,noncliff test rmse,0.336673
moleculeace,RF_Mordred,CHEMBL2835_Ki,42,,cliff test rmse,0.806392
moleculeace,RF_Mordred,CHEMBL287_Ki,42,,overall test rmse,0.701716
moleculeace,RF_Mordred,CHEMBL287_Ki,42,,noncliff test rmse,0.673139
moleculeace,RF_Mordred,CHEMBL287_Ki,42,,cliff test rmse,0.744957
moleculeace,RF_Mordred,CHEMBL2971_Ki,42,,overall test rmse,0.694117
moleculeace,RF_Mordred,CHEMBL2971_Ki,42,,noncliff test rmse,0.666418
moleculeace,RF_Mordred,CHEMBL2971_Ki,42,,cliff test rmse,0.81392
moleculeace,RF_Mordred,CHEMBL3979_EC50,42,,overall test rmse,0.683049
moleculeace,RF_Mordred,CHEMBL3979_EC50,42,,noncliff test rmse,0.664715
moleculeace,RF_Mordred,CHEMBL3979_EC50,42,,cliff test rmse,0.707994
moleculeace,RF_Mordred,CHEMBL4005_Ki,42,,overall test rmse,0.689512
moleculeace,RF_Mordred,CHEMBL4005_Ki,42,,noncliff test rmse,0.581646
moleculeace,RF_Mordred,CHEMBL4005_Ki,42,,cliff test rmse,0.815486
moleculeace,RF_Mordred,CHEMBL4203_Ki,42,,overall test rmse,0.944339
moleculeace,RF_Mordred,CHEMBL4203_Ki,42,,noncliff test rmse,0.904764
moleculeace,RF_Mordred,CHEMBL4203_Ki,42,,cliff test rmse,1.28737
moleculeace,RF_Mordred,CHEMBL4616_EC50,42,,overall test rmse,0.705219
moleculeace,RF_Mordred,CHEMBL4616_EC50,42,,noncliff test rmse,0.696519
moleculeace,RF_Mordred,CHEMBL4616_EC50,42,,cliff test rmse,0.712994
moleculeace,RF_Mordred,CHEMBL4792_Ki,42,,overall test rmse,0.749546
moleculeace,RF_Mordred,CHEMBL4792_Ki,42,,noncliff test rmse,0.721453
moleculeace,RF_Mordred,CHEMBL4792_Ki,42,,cliff test rmse,0.772789
moleculeace,RF_Mordred,CHEMBL1862_Ki,117,,overall test rmse,0.771088
moleculeace,RF_Mordred,CHEMBL1862_Ki,117,,noncliff test rmse,0.739329
moleculeace,RF_Mordred,CHEMBL1862_Ki,117,,cliff test rmse,0.81356
moleculeace,RF_Mordred,CHEMBL1871_Ki,117,,overall test rmse,0.689588
moleculeace,RF_Mordred,CHEMBL1871_Ki,117,,noncliff test rmse,0.5985
moleculeace,RF_Mordred,CHEMBL1871_Ki,117,,cliff test rmse,0.921693
moleculeace,RF_Mordred,CHEMBL2034_Ki,117,,overall test rmse,0.664533
moleculeace,RF_Mordred,CHEMBL2034_Ki,117,,noncliff test rmse,0.598036
moleculeace,RF_Mordred,CHEMBL2034_Ki,117,,cliff test rmse,0.776571
moleculeace,RF_Mordred,CHEMBL2047_EC50,117,,overall test rmse,0.666486
moleculeace,RF_Mordred,CHEMBL2047_EC50,117,,noncliff test rmse,0.66682
moleculeace,RF_Mordred,CHEMBL2047_EC50,117,,cliff test rmse,0.665965
moleculeace,RF_Mordred,CHEMBL204_Ki,117,,overall test rmse,0.837405
moleculeace,RF_Mordred,CHEMBL204_Ki,117,,noncliff test rmse,0.737531
moleculeace,RF_Mordred,CHEMBL204_Ki,117,,cliff test rmse,0.969193
moleculeace,RF_Mordred,CHEMBL2147_Ki,117,,overall test rmse,0.738512
moleculeace,RF_Mordred,CHEMBL2147_Ki,117,,noncliff test rmse,0.771134
moleculeace,RF_Mordred,CHEMBL2147_Ki,117,,cliff test rmse,0.685441
moleculeace,RF_Mordred,CHEMBL214_Ki,117,,overall test rmse,0.733924
moleculeace,RF_Mordred,CHEMBL214_Ki,117,,noncliff test rmse,0.664379
moleculeace,RF_Mordred,CHEMBL214_Ki,117,,cliff test rmse,0.840087
moleculeace,RF_Mordred,CHEMBL218_EC50,117,,overall test rmse,0.744938
moleculeace,RF_Mordred,CHEMBL218_EC50,117,,noncliff test rmse,0.714586
moleculeace,RF_Mordred,CHEMBL218_EC50,117,,cliff test rmse,0.794905
moleculeace,RF_Mordred,CHEMBL219_Ki,117,,overall test rmse,0.777944
moleculeace,RF_Mordred,CHEMBL219_Ki,117,,noncliff test rmse,0.752655
moleculeace,RF_Mordred,CHEMBL219_Ki,117,,cliff test rmse,0.81505
moleculeace,RF_Mordred,CHEMBL228_Ki,117,,overall test rmse,0.759865
moleculeace,RF_Mordred,CHEMBL228_Ki,117,,noncliff test rmse,0.731471
moleculeace,RF_Mordred,CHEMBL228_Ki,117,,cliff test rmse,0.805656
moleculeace,RF_Mordred,CHEMBL231_Ki,117,,overall test rmse,0.725551
moleculeace,RF_Mordred,CHEMBL231_Ki,117,,noncliff test rmse,0.730479
moleculeace,RF_Mordred,CHEMBL231_Ki,117,,cliff test rmse,0.710033
moleculeace,RF_Mordred,CHEMBL233_Ki,117,,overall test rmse,0.822139
moleculeace,RF_Mordred,CHEMBL233_Ki,117,,noncliff test rmse,0.773426
moleculeace,RF_Mordred,CHEMBL233_Ki,117,,cliff test rmse,0.88727
moleculeace,RF_Mordred,CHEMBL234_Ki,117,,overall test rmse,0.734375
moleculeace,RF_Mordred,CHEMBL234_Ki,117,,noncliff test rmse,0.759665
moleculeace,RF_Mordred,CHEMBL234_Ki,117,,cliff test rmse,0.700387
moleculeace,RF_Mordred,CHEMBL235_EC50,117,,overall test rmse,0.663117
moleculeace,RF_Mordred,CHEMBL235_EC50,117,,noncliff test rmse,0.561383
moleculeace,RF_Mordred,CHEMBL235_EC50,117,,cliff test rmse,0.803419
moleculeace,RF_Mordred,CHEMBL236_Ki,117,,overall test rmse,0.782188
moleculeace,RF_Mordred,CHEMBL236_Ki,117,,noncliff test rmse,0.748797
moleculeace,RF_Mordred,CHEMBL236_Ki,117,,cliff test rmse,0.831419
moleculeace,RF_Mordred,CHEMBL237_EC50,117,,overall test rmse,0.832441
moleculeace,RF_Mordred,CHEMBL237_EC50,117,,noncliff test rmse,0.795802
moleculeace,RF_Mordred,CHEMBL237_EC50,117,,cliff test rmse,0.871681
moleculeace,RF_Mordred,CHEMBL237_Ki,117,,overall test rmse,0.775473
moleculeace,RF_Mordred,CHEMBL237_Ki,117,,noncliff test rmse,0.730035
moleculeace,RF_Mordred,CHEMBL237_Ki,117,,cliff test rmse,0.832515
moleculeace,RF_Mordred,CHEMBL238_Ki,117,,overall test rmse,0.692456
moleculeace,RF_Mordred,CHEMBL238_Ki,117,,noncliff test rmse,0.691524
moleculeace,RF_Mordred,CHEMBL238_Ki,117,,cliff test rmse,0.695128
moleculeace,RF_Mordred,CHEMBL239_EC50,117,,overall test rmse,0.768103
moleculeace,RF_Mordred,CHEMBL239_EC50,117,,noncliff test rmse,0.665252
moleculeace,RF_Mordred,CHEMBL239_EC50,117,,cliff test rmse,0.897421
moleculeace,RF_Mordred,CHEMBL244_Ki,117,,overall test rmse,0.842563
moleculeace,RF_Mordred,CHEMBL244_Ki,117,,noncliff test rmse,0.840908
moleculeace,RF_Mordred,CHEMBL244_Ki,117,,cliff test rmse,0.844377
moleculeace,RF_Mordred,CHEMBL262_Ki,117,,overall test rmse,0.790418
moleculeace,RF_Mordred,CHEMBL262_Ki,117,,noncliff test rmse,0.775346
moleculeace,RF_Mordred,CHEMBL262_Ki,117,,cliff test rmse,0.853664
moleculeace,RF_Mordred,CHEMBL264_Ki,117,,overall test rmse,0.644947
moleculeace,RF_Mordred,CHEMBL264_Ki,117,,noncliff test rmse,0.602186
moleculeace,RF_Mordred,CHEMBL264_Ki,117,,cliff test rmse,0.700503
moleculeace,RF_Mordred,CHEMBL2835_Ki,117,,overall test rmse,0.41222
moleculeace,RF_Mordred,CHEMBL2835_Ki,117,,noncliff test rmse,0.343475
moleculeace,RF_Mordred,CHEMBL2835_Ki,117,,cliff test rmse,0.788346
moleculeace,RF_Mordred,CHEMBL287_Ki,117,,overall test rmse,0.709248
moleculeace,RF_Mordred,CHEMBL287_Ki,117,,noncliff test rmse,0.680508
moleculeace,RF_Mordred,CHEMBL287_Ki,117,,cliff test rmse,0.752747
moleculeace,RF_Mordred,CHEMBL2971_Ki,117,,overall test rmse,0.681879
moleculeace,RF_Mordred,CHEMBL2971_Ki,117,,noncliff test rmse,0.652431
moleculeace,RF_Mordred,CHEMBL2971_Ki,117,,cliff test rmse,0.808288
moleculeace,RF_Mordred,CHEMBL3979_EC50,117,,overall test rmse,0.673062
moleculeace,RF_Mordred,CHEMBL3979_EC50,117,,noncliff test rmse,0.666055
moleculeace,RF_Mordred,CHEMBL3979_EC50,117,,cliff test rmse,0.682782
moleculeace,RF_Mordred,CHEMBL4005_Ki,117,,overall test rmse,0.681242
moleculeace,RF_Mordred,CHEMBL4005_Ki,117,,noncliff test rmse,0.572174
moleculeace,RF_Mordred,CHEMBL4005_Ki,117,,cliff test rmse,0.808157
moleculeace,RF_Mordred,CHEMBL4203_Ki,117,,overall test rmse,0.947155
moleculeace,RF_Mordred,CHEMBL4203_Ki,117,,noncliff test rmse,0.902569
moleculeace,RF_Mordred,CHEMBL4203_Ki,117,,cliff test rmse,1.32661
moleculeace,RF_Mordred,CHEMBL4616_EC50,117,,overall test rmse,0.705222
moleculeace,RF_Mordred,CHEMBL4616_EC50,117,,noncliff test rmse,0.691924
moleculeace,RF_Mordred,CHEMBL4616_EC50,117,,cliff test rmse,0.717033
moleculeace,RF_Mordred,CHEMBL4792_Ki,117,,overall test rmse,0.750853
moleculeace,RF_Mordred,CHEMBL4792_Ki,117,,noncliff test rmse,0.719078
moleculeace,RF_Mordred,CHEMBL4792_Ki,117,,cliff test rmse,0.777029
moleculeace,RF_Mordred,CHEMBL1862_Ki,709,,overall test rmse,0.764841
moleculeace,RF_Mordred,CHEMBL1862_Ki,709,,noncliff test rmse,0.730591
moleculeace,RF_Mordred,CHEMBL1862_Ki,709,,cliff test rmse,0.810456
moleculeace,RF_Mordred,CHEMBL1871_Ki,709,,overall test rmse,0.70221
moleculeace,RF_Mordred,CHEMBL1871_Ki,709,,noncliff test rmse,0.613262
moleculeace,RF_Mordred,CHEMBL1871_Ki,709,,cliff test rmse,0.930624
moleculeace,RF_Mordred,CHEMBL2034_Ki,709,,overall test rmse,0.667219
moleculeace,RF_Mordred,CHEMBL2034_Ki,709,,noncliff test rmse,0.584032
moleculeace,RF_Mordred,CHEMBL2034_Ki,709,,cliff test rmse,0.803337
moleculeace,RF_Mordred,CHEMBL2047_EC50,709,,overall test rmse,0.666139
moleculeace,RF_Mordred,CHEMBL2047_EC50,709,,noncliff test rmse,0.671927
moleculeace,RF_Mordred,CHEMBL2047_EC50,709,,cliff test rmse,0.657007
moleculeace,RF_Mordred,CHEMBL204_Ki,709,,overall test rmse,0.834153
moleculeace,RF_Mordred,CHEMBL204_Ki,709,,noncliff test rmse,0.738044
moleculeace,RF_Mordred,CHEMBL204_Ki,709,,cliff test rmse,0.961521
moleculeace,RF_Mordred,CHEMBL2147_Ki,709,,overall test rmse,0.731226
moleculeace,RF_Mordred,CHEMBL2147_Ki,709,,noncliff test rmse,0.754401
moleculeace,RF_Mordred,CHEMBL2147_Ki,709,,cliff test rmse,0.69416
moleculeace,RF_Mordred,CHEMBL214_Ki,709,,overall test rmse,0.736287
moleculeace,RF_Mordred,CHEMBL214_Ki,709,,noncliff test rmse,0.663203
moleculeace,RF_Mordred,CHEMBL214_Ki,709,,cliff test rmse,0.847275
moleculeace,RF_Mordred,CHEMBL218_EC50,709,,overall test rmse,0.748322
moleculeace,RF_Mordred,CHEMBL218_EC50,709,,noncliff test rmse,0.721655
moleculeace,RF_Mordred,CHEMBL218_EC50,709,,cliff test rmse,0.79251
moleculeace,RF_Mordred,CHEMBL219_Ki,709,,overall test rmse,0.780275
moleculeace,RF_Mordred,CHEMBL219_Ki,709,,noncliff test rmse,0.754588
moleculeace,RF_Mordred,CHEMBL219_Ki,709,,cliff test rmse,0.817945
moleculeace,RF_Mordred,CHEMBL228_Ki,709,,overall test rmse,0.763492
moleculeace,RF_Mordred,CHEMBL228_Ki,709,,noncliff test rmse,0.731241
moleculeace,RF_Mordred,CHEMBL228_Ki,709,,cliff test rmse,0.815188
moleculeace,RF_Mordred,CHEMBL231_Ki,709,,overall test rmse,0.730538
moleculeace,RF_Mordred,CHEMBL231_Ki,709,,noncliff test rmse,0.74067
moleculeace,RF_Mordred,CHEMBL231_Ki,709,,cliff test rmse,0.698148
moleculeace,RF_Mordred,CHEMBL233_Ki,709,,overall test rmse,0.825281
moleculeace,RF_Mordred,CHEMBL233_Ki,709,,noncliff test rmse,0.782023
moleculeace,RF_Mordred,CHEMBL233_Ki,709,,cliff test rmse,0.883563
moleculeace,RF_Mordred,CHEMBL234_Ki,709,,overall test rmse,0.746435
moleculeace,RF_Mordred,CHEMBL234_Ki,709,,noncliff test rmse,0.773067
moleculeace,RF_Mordred,CHEMBL234_Ki,709,,cliff test rmse,0.71059
moleculeace,RF_Mordred,CHEMBL235_EC50,709,,overall test rmse,0.66571
moleculeace,RF_Mordred,CHEMBL235_EC50,709,,noncliff test rmse,0.555437
moleculeace,RF_Mordred,CHEMBL235_EC50,709,,cliff test rmse,0.815834
moleculeace,RF_Mordred,CHEMBL236_Ki,709,,overall test rmse,0.791896
moleculeace,RF_Mordred,CHEMBL236_Ki,709,,noncliff test rmse,0.759995
moleculeace,RF_Mordred,CHEMBL236_Ki,709,,cliff test rmse,0.839065
moleculeace,RF_Mordred,CHEMBL237_EC50,709,,overall test rmse,0.83476
moleculeace,RF_Mordred,CHEMBL237_EC50,709,,noncliff test rmse,0.791849
moleculeace,RF_Mordred,CHEMBL237_EC50,709,,cliff test rmse,0.880376
moleculeace,RF_Mordred,CHEMBL237_Ki,709,,overall test rmse,0.785857
moleculeace,RF_Mordred,CHEMBL237_Ki,709,,noncliff test rmse,0.732851
moleculeace,RF_Mordred,CHEMBL237_Ki,709,,cliff test rmse,0.851767
moleculeace,RF_Mordred,CHEMBL238_Ki,709,,overall test rmse,0.699021
moleculeace,RF_Mordred,CHEMBL238_Ki,709,,noncliff test rmse,0.693816
moleculeace,RF_Mordred,CHEMBL238_Ki,709,,cliff test rmse,0.713765
moleculeace,RF_Mordred,CHEMBL239_EC50,709,,overall test rmse,0.778651
moleculeace,RF_Mordred,CHEMBL239_EC50,709,,noncliff test rmse,0.665192
moleculeace,RF_Mordred,CHEMBL239_EC50,709,,cliff test rmse,0.919584
moleculeace,RF_Mordred,CHEMBL244_Ki,709,,overall test rmse,0.851485
moleculeace,RF_Mordred,CHEMBL244_Ki,709,,noncliff test rmse,0.838498
moleculeace,RF_Mordred,CHEMBL244_Ki,709,,cliff test rmse,0.865521
moleculeace,RF_Mordred,CHEMBL262_Ki,709,,overall test rmse,0.795967
moleculeace,RF_Mordred,CHEMBL262_Ki,709,,noncliff test rmse,0.785976
moleculeace,RF_Mordred,CHEMBL262_Ki,709,,cliff test rmse,0.838573
moleculeace,RF_Mordred,CHEMBL264_Ki,709,,overall test rmse,0.644954
moleculeace,RF_Mordred,CHEMBL264_Ki,709,,noncliff test rmse,0.610853
moleculeace,RF_Mordred,CHEMBL264_Ki,709,,cliff test rmse,0.689921
moleculeace,RF_Mordred,CHEMBL2835_Ki,709,,overall test rmse,0.409968
moleculeace,RF_Mordred,CHEMBL2835_Ki,709,,noncliff test rmse,0.328068
moleculeace,RF_Mordred,CHEMBL2835_Ki,709,,cliff test rmse,0.832752
moleculeace,RF_Mordred,CHEMBL287_Ki,709,,overall test rmse,0.707888
moleculeace,RF_Mordred,CHEMBL287_Ki,709,,noncliff test rmse,0.678832
moleculeace,RF_Mordred,CHEMBL287_Ki,709,,cliff test rmse,0.751838
moleculeace,RF_Mordred,CHEMBL2971_Ki,709,,overall test rmse,0.679852
moleculeace,RF_Mordred,CHEMBL2971_Ki,709,,noncliff test rmse,0.649951
moleculeace,RF_Mordred,CHEMBL2971_Ki,709,,cliff test rmse,0.807974
moleculeace,RF_Mordred,CHEMBL3979_EC50,709,,overall test rmse,0.681613
moleculeace,RF_Mordred,CHEMBL3979_EC50,709,,noncliff test rmse,0.671486
moleculeace,RF_Mordred,CHEMBL3979_EC50,709,,cliff test rmse,0.695586
moleculeace,RF_Mordred,CHEMBL4005_Ki,709,,overall test rmse,0.689466
moleculeace,RF_Mordred,CHEMBL4005_Ki,709,,noncliff test rmse,0.580348
moleculeace,RF_Mordred,CHEMBL4005_Ki,709,,cliff test rmse,0.81667
moleculeace,RF_Mordred,CHEMBL4203_Ki,709,,overall test rmse,0.939053
moleculeace,RF_Mordred,CHEMBL4203_Ki,709,,noncliff test rmse,0.896293
moleculeace,RF_Mordred,CHEMBL4203_Ki,709,,cliff test rmse,1.30492
moleculeace,RF_Mordred,CHEMBL4616_EC50,709,,overall test rmse,0.708685
moleculeace,RF_Mordred,CHEMBL4616_EC50,709,,noncliff test rmse,0.692581
moleculeace,RF_Mordred,CHEMBL4616_EC50,709,,cliff test rmse,0.722936
moleculeace,RF_Mordred,CHEMBL4792_Ki,709,,overall test rmse,0.737746
moleculeace,RF_Mordred,CHEMBL4792_Ki,709,,noncliff test rmse,0.705765
moleculeace,RF_Mordred,CHEMBL4792_Ki,709,,cliff test rmse,0.764067
moleculeace,RF_Mordred,CHEMBL1862_Ki,1701,,overall test rmse,0.769529
moleculeace,RF_Mordred,CHEMBL1862_Ki,1701,,noncliff test rmse,0.747946
moleculeace,RF_Mordred,CHEMBL1862_Ki,1701,,cliff test rmse,0.798827
moleculeace,RF_Mordred,CHEMBL1871_Ki,1701,,overall test rmse,0.701816
moleculeace,RF_Mordred,CHEMBL1871_Ki,1701,,noncliff test rmse,0.611273
moleculeace,RF_Mordred,CHEMBL1871_Ki,1701,,cliff test rmse,0.933548
moleculeace,RF_Mordred,CHEMBL2034_Ki,1701,,overall test rmse,0.664188
moleculeace,RF_Mordred,CHEMBL2034_Ki,1701,,noncliff test rmse,0.586091
moleculeace,RF_Mordred,CHEMBL2034_Ki,1701,,cliff test rmse,0.793045
moleculeace,RF_Mordred,CHEMBL2047_EC50,1701,,overall test rmse,0.660559
moleculeace,RF_Mordred,CHEMBL2047_EC50,1701,,noncliff test rmse,0.653299
moleculeace,RF_Mordred,CHEMBL2047_EC50,1701,,cliff test rmse,0.671727
moleculeace,RF_Mordred,CHEMBL204_Ki,1701,,overall test rmse,0.842705
moleculeace,RF_Mordred,CHEMBL204_Ki,1701,,noncliff test rmse,0.739382
moleculeace,RF_Mordred,CHEMBL204_Ki,1701,,cliff test rmse,0.97856
moleculeace,RF_Mordred,CHEMBL2147_Ki,1701,,overall test rmse,0.737112
moleculeace,RF_Mordred,CHEMBL2147_Ki,1701,,noncliff test rmse,0.771531
moleculeace,RF_Mordred,CHEMBL2147_Ki,1701,,cliff test rmse,0.680923
moleculeace,RF_Mordred,CHEMBL214_Ki,1701,,overall test rmse,0.738401
moleculeace,RF_Mordred,CHEMBL214_Ki,1701,,noncliff test rmse,0.671122
moleculeace,RF_Mordred,CHEMBL214_Ki,1701,,cliff test rmse,0.841542
moleculeace,RF_Mordred,CHEMBL218_EC50,1701,,overall test rmse,0.758119
moleculeace,RF_Mordred,CHEMBL218_EC50,1701,,noncliff test rmse,0.722301
moleculeace,RF_Mordred,CHEMBL218_EC50,1701,,cliff test rmse,0.816603
moleculeace,RF_Mordred,CHEMBL219_Ki,1701,,overall test rmse,0.771653
moleculeace,RF_Mordred,CHEMBL219_Ki,1701,,noncliff test rmse,0.74803
moleculeace,RF_Mordred,CHEMBL219_Ki,1701,,cliff test rmse,0.806392
moleculeace,RF_Mordred,CHEMBL228_Ki,1701,,overall test rmse,0.763951
moleculeace,RF_Mordred,CHEMBL228_Ki,1701,,noncliff test rmse,0.727759
moleculeace,RF_Mordred,CHEMBL228_Ki,1701,,cliff test rmse,0.821596
moleculeace,RF_Mordred,CHEMBL231_Ki,1701,,overall test rmse,0.716226
moleculeace,RF_Mordred,CHEMBL231_Ki,1701,,noncliff test rmse,0.718932
moleculeace,RF_Mordred,CHEMBL231_Ki,1701,,cliff test rmse,0.70776
moleculeace,RF_Mordred,CHEMBL233_Ki,1701,,overall test rmse,0.815891
moleculeace,RF_Mordred,CHEMBL233_Ki,1701,,noncliff test rmse,0.759886
moleculeace,RF_Mordred,CHEMBL233_Ki,1701,,cliff test rmse,0.889996
moleculeace,RF_Mordred,CHEMBL234_Ki,1701,,overall test rmse,0.732565
moleculeace,RF_Mordred,CHEMBL234_Ki,1701,,noncliff test rmse,0.75693
moleculeace,RF_Mordred,CHEMBL234_Ki,1701,,cliff test rmse,0.699866
moleculeace,RF_Mordred,CHEMBL235_EC50,1701,,overall test rmse,0.659964
moleculeace,RF_Mordred,CHEMBL235_EC50,1701,,noncliff test rmse,0.563753
moleculeace,RF_Mordred,CHEMBL235_EC50,1701,,cliff test rmse,0.793733
moleculeace,RF_Mordred,CHEMBL236_Ki,1701,,overall test rmse,0.787727
moleculeace,RF_Mordred,CHEMBL236_Ki,1701,,noncliff test rmse,0.74844
moleculeace,RF_Mordred,CHEMBL236_Ki,1701,,cliff test rmse,0.845161
moleculeace,RF_Mordred,CHEMBL237_EC50,1701,,overall test rmse,0.843625
moleculeace,RF_Mordred,CHEMBL237_EC50,1701,,noncliff test rmse,0.817465
moleculeace,RF_Mordred,CHEMBL237_EC50,1701,,cliff test rmse,0.872014
moleculeace,RF_Mordred,CHEMBL237_Ki,1701,,overall test rmse,0.779732
moleculeace,RF_Mordred,CHEMBL237_Ki,1701,,noncliff test rmse,0.725124
moleculeace,RF_Mordred,CHEMBL237_Ki,1701,,cliff test rmse,0.847446
moleculeace,RF_Mordred,CHEMBL238_Ki,1701,,overall test rmse,0.700134
moleculeace,RF_Mordred,CHEMBL238_Ki,1701,,noncliff test rmse,0.69643
moleculeace,RF_Mordred,CHEMBL238_Ki,1701,,cliff test rmse,0.710667
moleculeace,RF_Mordred,CHEMBL239_EC50,1701,,overall test rmse,0.772569
moleculeace,RF_Mordred,CHEMBL239_EC50,1701,,noncliff test rmse,0.661165
moleculeace,RF_Mordred,CHEMBL239_EC50,1701,,cliff test rmse,0.911162
moleculeace,RF_Mordred,CHEMBL244_Ki,1701,,overall test rmse,0.846373
moleculeace,RF_Mordred,CHEMBL244_Ki,1701,,noncliff test rmse,0.835881
moleculeace,RF_Mordred,CHEMBL244_Ki,1701,,cliff test rmse,0.857745
moleculeace,RF_Mordred,CHEMBL262_Ki,1701,,overall test rmse,0.781611
moleculeace,RF_Mordred,CHEMBL262_Ki,1701,,noncliff test rmse,0.772009
moleculeace,RF_Mordred,CHEMBL262_Ki,1701,,cliff test rmse,0.822585
moleculeace,RF_Mordred,CHEMBL264_Ki,1701,,overall test rmse,0.645162
moleculeace,RF_Mordred,CHEMBL264_Ki,1701,,noncliff test rmse,0.611967
moleculeace,RF_Mordred,CHEMBL264_Ki,1701,,cliff test rmse,0.689005
moleculeace,RF_Mordred,CHEMBL2835_Ki,1701,,overall test rmse,0.404479
moleculeace,RF_Mordred,CHEMBL2835_Ki,1701,,noncliff test rmse,0.335749
moleculeace,RF_Mordred,CHEMBL2835_Ki,1701,,cliff test rmse,0.778352
moleculeace,RF_Mordred,CHEMBL287_Ki,1701,,overall test rmse,0.702661
moleculeace,RF_Mordred,CHEMBL287_Ki,1701,,noncliff test rmse,0.667985
moleculeace,RF_Mordred,CHEMBL287_Ki,1701,,cliff test rmse,0.754592
moleculeace,RF_Mordred,CHEMBL2971_Ki,1701,,overall test rmse,0.670045
moleculeace,RF_Mordred,CHEMBL2971_Ki,1701,,noncliff test rmse,0.643689
moleculeace,RF_Mordred,CHEMBL2971_Ki,1701,,cliff test rmse,0.784192
moleculeace,RF_Mordred,CHEMBL3979_EC50,1701,,overall test rmse,0.666629
moleculeace,RF_Mordred,CHEMBL3979_EC50,1701,,noncliff test rmse,0.660079
moleculeace,RF_Mordred,CHEMBL3979_EC50,1701,,cliff test rmse,0.67572
moleculeace,RF_Mordred,CHEMBL4005_Ki,1701,,overall test rmse,0.687124
moleculeace,RF_Mordred,CHEMBL4005_Ki,1701,,noncliff test rmse,0.582321
moleculeace,RF_Mordred,CHEMBL4005_Ki,1701,,cliff test rmse,0.81
moleculeace,RF_Mordred,CHEMBL4203_Ki,1701,,overall test rmse,0.95283
moleculeace,RF_Mordred,CHEMBL4203_Ki,1701,,noncliff test rmse,0.91346
moleculeace,RF_Mordred,CHEMBL4203_Ki,1701,,cliff test rmse,1.29482
moleculeace,RF_Mordred,CHEMBL4616_EC50,1701,,overall test rmse,0.716452
moleculeace,RF_Mordred,CHEMBL4616_EC50,1701,,noncliff test rmse,0.711562
moleculeace,RF_Mordred,CHEMBL4616_EC50,1701,,cliff test rmse,0.720846
moleculeace,RF_Mordred,CHEMBL4792_Ki,1701,,overall test rmse,0.750238
moleculeace,RF_Mordred,CHEMBL4792_Ki,1701,,noncliff test rmse,0.729837
moleculeace,RF_Mordred,CHEMBL4792_Ki,1701,,cliff test rmse,0.767275
moleculeace,RF_Mordred,CHEMBL1862_Ki,9001,,overall test rmse,0.777918
moleculeace,RF_Mordred,CHEMBL1862_Ki,9001,,noncliff test rmse,0.755175
moleculeace,RF_Mordred,CHEMBL1862_Ki,9001,,cliff test rmse,0.808748
moleculeace,RF_Mordred,CHEMBL1871_Ki,9001,,overall test rmse,0.703364
moleculeace,RF_Mordred,CHEMBL1871_Ki,9001,,noncliff test rmse,0.623104
moleculeace,RF_Mordred,CHEMBL1871_Ki,9001,,cliff test rmse,0.913276
moleculeace,RF_Mordred,CHEMBL2034_Ki,9001,,overall test rmse,0.682547
moleculeace,RF_Mordred,CHEMBL2034_Ki,9001,,noncliff test rmse,0.604343
moleculeace,RF_Mordred,CHEMBL2034_Ki,9001,,cliff test rmse,0.812041
moleculeace,RF_Mordred,CHEMBL2047_EC50,9001,,overall test rmse,0.643966
moleculeace,RF_Mordred,CHEMBL2047_EC50,9001,,noncliff test rmse,0.646946
moleculeace,RF_Mordred,CHEMBL2047_EC50,9001,,cliff test rmse,0.639289
moleculeace,RF_Mordred,CHEMBL204_Ki,9001,,overall test rmse,0.8349
moleculeace,RF_Mordred,CHEMBL204_Ki,9001,,noncliff test rmse,0.725443
moleculeace,RF_Mordred,CHEMBL204_Ki,9001,,cliff test rmse,0.977533
moleculeace,RF_Mordred,CHEMBL2147_Ki,9001,,overall test rmse,0.731673
moleculeace,RF_Mordred,CHEMBL2147_Ki,9001,,noncliff test rmse,0.766648
moleculeace,RF_Mordred,CHEMBL2147_Ki,9001,,cliff test rmse,0.674488
moleculeace,RF_Mordred,CHEMBL214_Ki,9001,,overall test rmse,0.735885
moleculeace,RF_Mordred,CHEMBL214_Ki,9001,,noncliff test rmse,0.665253
moleculeace,RF_Mordred,CHEMBL214_Ki,9001,,cliff test rmse,0.843555
moleculeace,RF_Mordred,CHEMBL218_EC50,9001,,overall test rmse,0.748014
moleculeace,RF_Mordred,CHEMBL218_EC50,9001,,noncliff test rmse,0.713586
moleculeace,RF_Mordred,CHEMBL218_EC50,9001,,cliff test rmse,0.804315
moleculeace,RF_Mordred,CHEMBL219_Ki,9001,,overall test rmse,0.782299
moleculeace,RF_Mordred,CHEMBL219_Ki,9001,,noncliff test rmse,0.758173
moleculeace,RF_Mordred,CHEMBL219_Ki,9001,,cliff test rmse,0.817767
moleculeace,RF_Mordred,CHEMBL228_Ki,9001,,overall test rmse,0.758312
moleculeace,RF_Mordred,CHEMBL228_Ki,9001,,noncliff test rmse,0.737641
moleculeace,RF_Mordred,CHEMBL228_Ki,9001,,cliff test rmse,0.792077
moleculeace,RF_Mordred,CHEMBL231_Ki,9001,,overall test rmse,0.73122
moleculeace,RF_Mordred,CHEMBL231_Ki,9001,,noncliff test rmse,0.733759
moleculeace,RF_Mordred,CHEMBL231_Ki,9001,,cliff test rmse,0.723279
moleculeace,RF_Mordred,CHEMBL233_Ki,9001,,overall test rmse,0.821893
moleculeace,RF_Mordred,CHEMBL233_Ki,9001,,noncliff test rmse,0.776943
moleculeace,RF_Mordred,CHEMBL233_Ki,9001,,cliff test rmse,0.882301
moleculeace,RF_Mordred,CHEMBL234_Ki,9001,,overall test rmse,0.733107
moleculeace,RF_Mordred,CHEMBL234_Ki,9001,,noncliff test rmse,0.759778
moleculeace,RF_Mordred,CHEMBL234_Ki,9001,,cliff test rmse,0.697177
moleculeace,RF_Mordred,CHEMBL235_EC50,9001,,overall test rmse,0.659256
moleculeace,RF_Mordred,CHEMBL235_EC50,9001,,noncliff test rmse,0.560278
moleculeace,RF_Mordred,CHEMBL235_EC50,9001,,cliff test rmse,0.796234
moleculeace,RF_Mordred,CHEMBL236_Ki,9001,,overall test rmse,0.794764
moleculeace,RF_Mordred,CHEMBL236_Ki,9001,,noncliff test rmse,0.762521
moleculeace,RF_Mordred,CHEMBL236_Ki,9001,,cliff test rmse,0.842421
moleculeace,RF_Mordred,CHEMBL237_EC50,9001,,overall test rmse,0.840619
moleculeace,RF_Mordred,CHEMBL237_EC50,9001,,noncliff test rmse,0.819107
moleculeace,RF_Mordred,CHEMBL237_EC50,9001,,cliff test rmse,0.864095
moleculeace,RF_Mordred,CHEMBL237_Ki,9001,,overall test rmse,0.785191
moleculeace,RF_Mordred,CHEMBL237_Ki,9001,,noncliff test rmse,0.74199
moleculeace,RF_Mordred,CHEMBL237_Ki,9001,,cliff test rmse,0.839634
moleculeace,RF_Mordred,CHEMBL238_Ki,9001,,overall test rmse,0.686643
moleculeace,RF_Mordred,CHEMBL238_Ki,9001,,noncliff test rmse,0.68402
moleculeace,RF_Mordred,CHEMBL238_Ki,9001,,cliff test rmse,0.694123
moleculeace,RF_Mordred,CHEMBL239_EC50,9001,,overall test rmse,0.768026
moleculeace,RF_Mordred,CHEMBL239_EC50,9001,,noncliff test rmse,0.659977
moleculeace,RF_Mordred,CHEMBL239_EC50,9001,,cliff test rmse,0.902933
moleculeace,RF_Mordred,CHEMBL244_Ki,9001,,overall test rmse,0.840065
moleculeace,RF_Mordred,CHEMBL244_Ki,9001,,noncliff test rmse,0.82804
moleculeace,RF_Mordred,CHEMBL244_Ki,9001,,cliff test rmse,0.853072
moleculeace,RF_Mordred,CHEMBL262_Ki,9001,,overall test rmse,0.796564
moleculeace,RF_Mordred,CHEMBL262_Ki,9001,,noncliff test rmse,0.786537
moleculeace,RF_Mordred,CHEMBL262_Ki,9001,,cliff test rmse,0.839322
moleculeace,RF_Mordred,CHEMBL264_Ki,9001,,overall test rmse,0.649211
moleculeace,RF_Mordred,CHEMBL264_Ki,9001,,noncliff test rmse,0.613476
moleculeace,RF_Mordred,CHEMBL264_Ki,9001,,cliff test rmse,0.696218
moleculeace,RF_Mordred,CHEMBL2835_Ki,9001,,overall test rmse,0.412083
moleculeace,RF_Mordred,CHEMBL2835_Ki,9001,,noncliff test rmse,0.340612
moleculeace,RF_Mordred,CHEMBL2835_Ki,9001,,cliff test rmse,0.798389
moleculeace,RF_Mordred,CHEMBL287_Ki,9001,,overall test rmse,0.688257
moleculeace,RF_Mordred,CHEMBL287_Ki,9001,,noncliff test rmse,0.659381
moleculeace,RF_Mordred,CHEMBL287_Ki,9001,,cliff test rmse,0.731888
moleculeace,RF_Mordred,CHEMBL2971_Ki,9001,,overall test rmse,0.698294
moleculeace,RF_Mordred,CHEMBL2971_Ki,9001,,noncliff test rmse,0.671492
moleculeace,RF_Mordred,CHEMBL2971_Ki,9001,,cliff test rmse,0.814631
moleculeace,RF_Mordred,CHEMBL3979_EC50,9001,,overall test rmse,0.682268
moleculeace,RF_Mordred,CHEMBL3979_EC50,9001,,noncliff test rmse,0.676695
moleculeace,RF_Mordred,CHEMBL3979_EC50,9001,,cliff test rmse,0.690018
moleculeace,RF_Mordred,CHEMBL4005_Ki,9001,,overall test rmse,0.677455
moleculeace,RF_Mordred,CHEMBL4005_Ki,9001,,noncliff test rmse,0.574863
moleculeace,RF_Mordred,CHEMBL4005_Ki,9001,,cliff test rmse,0.797868
moleculeace,RF_Mordred,CHEMBL4203_Ki,9001,,overall test rmse,0.949571
moleculeace,RF_Mordred,CHEMBL4203_Ki,9001,,noncliff test rmse,0.909794
moleculeace,RF_Mordred,CHEMBL4203_Ki,9001,,cliff test rmse,1.29438
moleculeace,RF_Mordred,CHEMBL4616_EC50,9001,,overall test rmse,0.716083
moleculeace,RF_Mordred,CHEMBL4616_EC50,9001,,noncliff test rmse,0.704652
moleculeace,RF_Mordred,CHEMBL4616_EC50,9001,,cliff test rmse,0.726263
moleculeace,RF_Mordred,CHEMBL4792_Ki,9001,,overall test rmse,0.744319
moleculeace,RF_Mordred,CHEMBL4792_Ki,9001,,noncliff test rmse,0.717703
moleculeace,RF_Mordred,CHEMBL4792_Ki,9001,,cliff test rmse,0.766375
moleculeace,RF_Morgan,CHEMBL1862_Ki,42,,overall test rmse,0.776132
moleculeace,RF_Morgan,CHEMBL1862_Ki,42,,noncliff test rmse,0.828127
moleculeace,RF_Morgan,CHEMBL1862_Ki,42,,cliff test rmse,0.696672
moleculeace,RF_Morgan,CHEMBL1871_Ki,42,,overall test rmse,0.663331
moleculeace,RF_Morgan,CHEMBL1871_Ki,42,,noncliff test rmse,0.568255
moleculeace,RF_Morgan,CHEMBL1871_Ki,42,,cliff test rmse,0.901803
moleculeace,RF_Morgan,CHEMBL2034_Ki,42,,overall test rmse,0.752705
moleculeace,RF_Morgan,CHEMBL2034_Ki,42,,noncliff test rmse,0.673084
moleculeace,RF_Morgan,CHEMBL2034_Ki,42,,cliff test rmse,0.885935
moleculeace,RF_Morgan,CHEMBL2047_EC50,42,,overall test rmse,0.63034
moleculeace,RF_Morgan,CHEMBL2047_EC50,42,,noncliff test rmse,0.588542
moleculeace,RF_Morgan,CHEMBL2047_EC50,42,,cliff test rmse,0.690511
moleculeace,RF_Morgan,CHEMBL204_Ki,42,,overall test rmse,0.755745
moleculeace,RF_Morgan,CHEMBL204_Ki,42,,noncliff test rmse,0.643254
moleculeace,RF_Morgan,CHEMBL204_Ki,42,,cliff test rmse,0.899643
moleculeace,RF_Morgan,CHEMBL2147_Ki,42,,overall test rmse,0.665326
moleculeace,RF_Morgan,CHEMBL2147_Ki,42,,noncliff test rmse,0.670967
moleculeace,RF_Morgan,CHEMBL2147_Ki,42,,cliff test rmse,0.656575
moleculeace,RF_Morgan,CHEMBL214_Ki,42,,overall test rmse,0.699688
moleculeace,RF_Morgan,CHEMBL214_Ki,42,,noncliff test rmse,0.625906
moleculeace,RF_Morgan,CHEMBL214_Ki,42,,cliff test rmse,0.810943
moleculeace,RF_Morgan,CHEMBL218_EC50,42,,overall test rmse,0.683041
moleculeace,RF_Morgan,CHEMBL218_EC50,42,,noncliff test rmse,0.665608
moleculeace,RF_Morgan,CHEMBL218_EC50,42,,cliff test rmse,0.712306
moleculeace,RF_Morgan,CHEMBL219_Ki,42,,overall test rmse,0.700835
moleculeace,RF_Morgan,CHEMBL219_Ki,42,,noncliff test rmse,0.666274
moleculeace,RF_Morgan,CHEMBL219_Ki,42,,cliff test rmse,0.750546
moleculeace,RF_Morgan,CHEMBL228_Ki,42,,overall test rmse,0.693595
moleculeace,RF_Morgan,CHEMBL228_Ki,42,,noncliff test rmse,0.651632
moleculeace,RF_Morgan,CHEMBL228_Ki,42,,cliff test rmse,0.759367
moleculeace,RF_Morgan,CHEMBL231_Ki,42,,overall test rmse,0.770265
moleculeace,RF_Morgan,CHEMBL231_Ki,42,,noncliff test rmse,0.730026
moleculeace,RF_Morgan,CHEMBL231_Ki,42,,cliff test rmse,0.883576
moleculeace,RF_Morgan,CHEMBL233_Ki,42,,overall test rmse,0.797366
moleculeace,RF_Morgan,CHEMBL233_Ki,42,,noncliff test rmse,0.734446
moleculeace,RF_Morgan,CHEMBL233_Ki,42,,cliff test rmse,0.87969
moleculeace,RF_Morgan,CHEMBL234_Ki,42,,overall test rmse,0.666401
moleculeace,RF_Morgan,CHEMBL234_Ki,42,,noncliff test rmse,0.644555
moleculeace,RF_Morgan,CHEMBL234_Ki,42,,cliff test rmse,0.693581
moleculeace,RF_Morgan,CHEMBL235_EC50,42,,overall test rmse,0.643546
moleculeace,RF_Morgan,CHEMBL235_EC50,42,,noncliff test rmse,0.561702
moleculeace,RF_Morgan,CHEMBL235_EC50,42,,cliff test rmse,0.759657
moleculeace,RF_Morgan,CHEMBL236_Ki,42,,overall test rmse,0.709973
moleculeace,RF_Morgan,CHEMBL236_Ki,42,,noncliff test rmse,0.654341
moleculeace,RF_Morgan,CHEMBL236_Ki,42,,cliff test rmse,0.788672
moleculeace,RF_Morgan,CHEMBL237_EC50,42,,overall test rmse,0.713709
moleculeace,RF_Morgan,CHEMBL237_EC50,42,,noncliff test rmse,0.690794
moleculeace,RF_Morgan,CHEMBL237_EC50,42,,cliff test rmse,0.738549
moleculeace,RF_Morgan,CHEMBL237_Ki,42,,overall test rmse,0.730248
moleculeace,RF_Morgan,CHEMBL237_Ki,42,,noncliff test rmse,0.676486
moleculeace,RF_Morgan,CHEMBL237_Ki,42,,cliff test rmse,0.796659
moleculeace,RF_Morgan,CHEMBL238_Ki,42,,overall test rmse,0.612502
moleculeace,RF_Morgan,CHEMBL238_Ki,42,,noncliff test rmse,0.587949
moleculeace,RF_Morgan,CHEMBL238_Ki,42,,cliff test rmse,0.678109
moleculeace,RF_Morgan,CHEMBL239_EC50,42,,overall test rmse,0.691644
moleculeace,RF_Morgan,CHEMBL239_EC50,42,,noncliff test rmse,0.573828
moleculeace,RF_Morgan,CHEMBL239_EC50,42,,cliff test rmse,0.834384
moleculeace,RF_Morgan,CHEMBL244_Ki,42,,overall test rmse,0.737684
moleculeace,RF_Morgan,CHEMBL244_Ki,42,,noncliff test rmse,0.630431
moleculeace,RF_Morgan,CHEMBL244_Ki,42,,cliff test rmse,0.839815
moleculeace,RF_Morgan,CHEMBL262_Ki,42,,overall test rmse,0.690679
moleculeace,RF_Morgan,CHEMBL262_Ki,42,,noncliff test rmse,0.687114
moleculeace,RF_Morgan,CHEMBL262_Ki,42,,cliff test rmse,0.706176
moleculeace,RF_Morgan,CHEMBL264_Ki,42,,overall test rmse,0.660363
moleculeace,RF_Morgan,CHEMBL264_Ki,42,,noncliff test rmse,0.591482
moleculeace,RF_Morgan,CHEMBL264_Ki,42,,cliff test rmse,0.746287
moleculeace,RF_Morgan,CHEMBL2835_Ki,42,,overall test rmse,0.396465
moleculeace,RF_Morgan,CHEMBL2835_Ki,42,,noncliff test rmse,0.316468
moleculeace,RF_Morgan,CHEMBL2835_Ki,42,,cliff test rmse,0.80804
moleculeace,RF_Morgan,CHEMBL287_Ki,42,,overall test rmse,0.767048
moleculeace,RF_Morgan,CHEMBL287_Ki,42,,noncliff test rmse,0.690935
moleculeace,RF_Morgan,CHEMBL287_Ki,42,,cliff test rmse,0.874673
moleculeace,RF_Morgan,CHEMBL2971_Ki,42,,overall test rmse,0.648908
moleculeace,RF_Morgan,CHEMBL2971_Ki,42,,noncliff test rmse,0.648734
moleculeace,RF_Morgan,CHEMBL2971_Ki,42,,cliff test rmse,0.649741
moleculeace,RF_Morgan,CHEMBL3979_EC50,42,,overall test rmse,0.646955
moleculeace,RF_Morgan,CHEMBL3979_EC50,42,,noncliff test rmse,0.612263
moleculeace,RF_Morgan,CHEMBL3979_EC50,42,,cliff test rmse,0.692744
moleculeace,RF_Morgan,CHEMBL4005_Ki,42,,overall test rmse,0.640606
moleculeace,RF_Morgan,CHEMBL4005_Ki,42,,noncliff test rmse,0.568834
moleculeace,RF_Morgan,CHEMBL4005_Ki,42,,cliff test rmse,0.728286
moleculeace,RF_Morgan,CHEMBL4203_Ki,42,,overall test rmse,0.842153
moleculeace,RF_Morgan,CHEMBL4203_Ki,42,,noncliff test rmse,0.820103
moleculeace,RF_Morgan,CHEMBL4203_Ki,42,,cliff test rmse,1.04531
moleculeace,RF_Morgan,CHEMBL4616_EC50,42,,overall test rmse,0.701584
moleculeace,RF_Morgan,CHEMBL4616_EC50,42,,noncliff test rmse,0.605659
moleculeace,RF_Morgan,CHEMBL4616_EC50,42,,cliff test rmse,0.778199
moleculeace,RF_Morgan,CHEMBL4792_Ki,42,,overall test rmse,0.71514
moleculeace,RF_Morgan,CHEMBL4792_Ki,42,,noncliff test rmse,0.707636
moleculeace,RF_Morgan,CHEMBL4792_Ki,42,,cliff test rmse,0.721503
moleculeace,RF_Morgan,CHEMBL1862_Ki,117,,overall test rmse,0.781847
moleculeace,RF_Morgan,CHEMBL1862_Ki,117,,noncliff test rmse,0.834938
moleculeace,RF_Morgan,CHEMBL1862_Ki,117,,cliff test rmse,0.700611
moleculeace,RF_Morgan,CHEMBL1871_Ki,117,,overall test rmse,0.667627
moleculeace,RF_Morgan,CHEMBL1871_Ki,117,,noncliff test rmse,0.562666
moleculeace,RF_Morgan,CHEMBL1871_Ki,117,,cliff test rmse,0.925925
moleculeace,RF_Morgan,CHEMBL2034_Ki,117,,overall test rmse,0.729323
moleculeace,RF_Morgan,CHEMBL2034_Ki,117,,noncliff test rmse,0.644014
moleculeace,RF_Morgan,CHEMBL2034_Ki,117,,cliff test rmse,0.870183
moleculeace,RF_Morgan,CHEMBL2047_EC50,117,,overall test rmse,0.623921
moleculeace,RF_Morgan,CHEMBL2047_EC50,117,,noncliff test rmse,0.577042
moleculeace,RF_Morgan,CHEMBL2047_EC50,117,,cliff test rmse,0.690728
moleculeace,RF_Morgan,CHEMBL204_Ki,117,,overall test rmse,0.752006
moleculeace,RF_Morgan,CHEMBL204_Ki,117,,noncliff test rmse,0.648915
moleculeace,RF_Morgan,CHEMBL204_Ki,117,,cliff test rmse,0.885504
moleculeace,RF_Morgan,CHEMBL2147_Ki,117,,overall test rmse,0.668892
moleculeace,RF_Morgan,CHEMBL2147_Ki,117,,noncliff test rmse,0.680559
moleculeace,RF_Morgan,CHEMBL2147_Ki,117,,cliff test rmse,0.650583
moleculeace,RF_Morgan,CHEMBL214_Ki,117,,overall test rmse,0.706063
moleculeace,RF_Morgan,CHEMBL214_Ki,117,,noncliff test rmse,0.635186
moleculeace,RF_Morgan,CHEMBL214_Ki,117,,cliff test rmse,0.813559
moleculeace,RF_Morgan,CHEMBL218_EC50,117,,overall test rmse,0.681184
moleculeace,RF_Morgan,CHEMBL218_EC50,117,,noncliff test rmse,0.657192
moleculeace,RF_Morgan,CHEMBL218_EC50,117,,cliff test rmse,0.720959
moleculeace,RF_Morgan,CHEMBL219_Ki,117,,overall test rmse,0.71033
moleculeace,RF_Morgan,CHEMBL219_Ki,117,,noncliff test rmse,0.675786
moleculeace,RF_Morgan,CHEMBL219_Ki,117,,cliff test rmse,0.760056
moleculeace,RF_Morgan,CHEMBL228_Ki,117,,overall test rmse,0.690223
moleculeace,RF_Morgan,CHEMBL228_Ki,117,,noncliff test rmse,0.645673
moleculeace,RF_Morgan,CHEMBL228_Ki,117,,cliff test rmse,0.759711
moleculeace,RF_Morgan,CHEMBL231_Ki,117,,overall test rmse,0.770382
moleculeace,RF_Morgan,CHEMBL231_Ki,117,,noncliff test rmse,0.724805
moleculeace,RF_Morgan,CHEMBL231_Ki,117,,cliff test rmse,0.897233
moleculeace,RF_Morgan,CHEMBL233_Ki,117,,overall test rmse,0.795906
moleculeace,RF_Morgan,CHEMBL233_Ki,117,,noncliff test rmse,0.736633
moleculeace,RF_Morgan,CHEMBL233_Ki,117,,cliff test rmse,0.873835
moleculeace,RF_Morgan,CHEMBL234_Ki,117,,overall test rmse,0.665313
moleculeace,RF_Morgan,CHEMBL234_Ki,117,,noncliff test rmse,0.64013
moleculeace,RF_Morgan,CHEMBL234_Ki,117,,cliff test rmse,0.696471
moleculeace,RF_Morgan,CHEMBL235_EC50,117,,overall test rmse,0.640473
moleculeace,RF_Morgan,CHEMBL235_EC50,117,,noncliff test rmse,0.556354
moleculeace,RF_Morgan,CHEMBL235_EC50,117,,cliff test rmse,0.759271
moleculeace,RF_Morgan,CHEMBL236_Ki,117,,overall test rmse,0.718607
moleculeace,RF_Morgan,CHEMBL236_Ki,117,,noncliff test rmse,0.654969
moleculeace,RF_Morgan,CHEMBL236_Ki,117,,cliff test rmse,0.807606
moleculeace,RF_Morgan,CHEMBL237_EC50,117,,overall test rmse,0.719057
moleculeace,RF_Morgan,CHEMBL237_EC50,117,,noncliff test rmse,0.682531
moleculeace,RF_Morgan,CHEMBL237_EC50,117,,cliff test rmse,0.757909
moleculeace,RF_Morgan,CHEMBL237_Ki,117,,overall test rmse,0.726253
moleculeace,RF_Morgan,CHEMBL237_Ki,117,,noncliff test rmse,0.66911
moleculeace,RF_Morgan,CHEMBL237_Ki,117,,cliff test rmse,0.796462
moleculeace,RF_Morgan,CHEMBL238_Ki,117,,overall test rmse,0.633471
moleculeace,RF_Morgan,CHEMBL238_Ki,117,,noncliff test rmse,0.612118
moleculeace,RF_Morgan,CHEMBL238_Ki,117,,cliff test rmse,0.691151
moleculeace,RF_Morgan,CHEMBL239_EC50,117,,overall test rmse,0.684213
moleculeace,RF_Morgan,CHEMBL239_EC50,117,,noncliff test rmse,0.569928
moleculeace,RF_Morgan,CHEMBL239_EC50,117,,cliff test rmse,0.823135
moleculeace,RF_Morgan,CHEMBL244_Ki,117,,overall test rmse,0.732074
moleculeace,RF_Morgan,CHEMBL244_Ki,117,,noncliff test rmse,0.628056
moleculeace,RF_Morgan,CHEMBL244_Ki,117,,cliff test rmse,0.831427
moleculeace,RF_Morgan,CHEMBL262_Ki,117,,overall test rmse,0.697305
moleculeace,RF_Morgan,CHEMBL262_Ki,117,,noncliff test rmse,0.690499
moleculeace,RF_Morgan,CHEMBL262_Ki,117,,cliff test rmse,0.726538
moleculeace,RF_Morgan,CHEMBL264_Ki,117,,overall test rmse,0.656539
moleculeace,RF_Morgan,CHEMBL264_Ki,117,,noncliff test rmse,0.583359
moleculeace,RF_Morgan,CHEMBL264_Ki,117,,cliff test rmse,0.747144
moleculeace,RF_Morgan,CHEMBL2835_Ki,117,,overall test rmse,0.393158
moleculeace,RF_Morgan,CHEMBL2835_Ki,117,,noncliff test rmse,0.31302
moleculeace,RF_Morgan,CHEMBL2835_Ki,117,,cliff test rmse,0.804044
moleculeace,RF_Morgan,CHEMBL287_Ki,117,,overall test rmse,0.75909
moleculeace,RF_Morgan,CHEMBL287_Ki,117,,noncliff test rmse,0.686173
moleculeace,RF_Morgan,CHEMBL287_Ki,117,,cliff test rmse,0.862562
moleculeace,RF_Morgan,CHEMBL2971_Ki,117,,overall test rmse,0.649395
moleculeace,RF_Morgan,CHEMBL2971_Ki,117,,noncliff test rmse,0.650625
moleculeace,RF_Morgan,CHEMBL2971_Ki,117,,cliff test rmse,0.643468
moleculeace,RF_Morgan,CHEMBL3979_EC50,117,,overall test rmse,0.646424
moleculeace,RF_Morgan,CHEMBL3979_EC50,117,,noncliff test rmse,0.60968
moleculeace,RF_Morgan,CHEMBL3979_EC50,117,,cliff test rmse,0.69475
moleculeace,RF_Morgan,CHEMBL4005_Ki,117,,overall test rmse,0.645225
moleculeace,RF_Morgan,CHEMBL4005_Ki,117,,noncliff test rmse,0.566849
moleculeace,RF_Morgan,CHEMBL4005_Ki,117,,cliff test rmse,0.740048
moleculeace,RF_Morgan,CHEMBL4203_Ki,117,,overall test rmse,0.84444
moleculeace,RF_Morgan,CHEMBL4203_Ki,117,,noncliff test rmse,0.823308
moleculeace,RF_Morgan,CHEMBL4203_Ki,117,,cliff test rmse,1.04008
moleculeace,RF_Morgan,CHEMBL4616_EC50,117,,overall test rmse,0.714761
moleculeace,RF_Morgan,CHEMBL4616_EC50,117,,noncliff test rmse,0.61666
moleculeace,RF_Morgan,CHEMBL4616_EC50,117,,cliff test rmse,0.793077
moleculeace,RF_Morgan,CHEMBL4792_Ki,117,,overall test rmse,0.718476
moleculeace,RF_Morgan,CHEMBL4792_Ki,117,,noncliff test rmse,0.708947
moleculeace,RF_Morgan,CHEMBL4792_Ki,117,,cliff test rmse,0.726536
moleculeace,RF_Morgan,CHEMBL1862_Ki,709,,overall test rmse,0.761622
moleculeace,RF_Morgan,CHEMBL1862_Ki,709,,noncliff test rmse,0.819492
moleculeace,RF_Morgan,CHEMBL1862_Ki,709,,cliff test rmse,0.672084
moleculeace,RF_Morgan,CHEMBL1871_Ki,709,,overall test rmse,0.662591
moleculeace,RF_Morgan,CHEMBL1871_Ki,709,,noncliff test rmse,0.555497
moleculeace,RF_Morgan,CHEMBL1871_Ki,709,,cliff test rmse,0.924574
moleculeace,RF_Morgan,CHEMBL2034_Ki,709,,overall test rmse,0.734921
moleculeace,RF_Morgan,CHEMBL2034_Ki,709,,noncliff test rmse,0.653024
moleculeace,RF_Morgan,CHEMBL2034_Ki,709,,cliff test rmse,0.871034
moleculeace,RF_Morgan,CHEMBL2047_EC50,709,,overall test rmse,0.626885
moleculeace,RF_Morgan,CHEMBL2047_EC50,709,,noncliff test rmse,0.59487
moleculeace,RF_Morgan,CHEMBL2047_EC50,709,,cliff test rmse,0.673799
moleculeace,RF_Morgan,CHEMBL204_Ki,709,,overall test rmse,0.761055
moleculeace,RF_Morgan,CHEMBL204_Ki,709,,noncliff test rmse,0.650837
moleculeace,RF_Morgan,CHEMBL204_Ki,709,,cliff test rmse,0.902635
moleculeace,RF_Morgan,CHEMBL2147_Ki,709,,overall test rmse,0.663145
moleculeace,RF_Morgan,CHEMBL2147_Ki,709,,noncliff test rmse,0.661436
moleculeace,RF_Morgan,CHEMBL2147_Ki,709,,cliff test rmse,0.66576
moleculeace,RF_Morgan,CHEMBL214_Ki,709,,overall test rmse,0.706974
moleculeace,RF_Morgan,CHEMBL214_Ki,709,,noncliff test rmse,0.633946
moleculeace,RF_Morgan,CHEMBL214_Ki,709,,cliff test rmse,0.817363
moleculeace,RF_Morgan,CHEMBL218_EC50,709,,overall test rmse,0.676985
moleculeace,RF_Morgan,CHEMBL218_EC50,709,,noncliff test rmse,0.658056
moleculeace,RF_Morgan,CHEMBL218_EC50,709,,cliff test rmse,0.708661
moleculeace,RF_Morgan,CHEMBL219_Ki,709,,overall test rmse,0.714051
moleculeace,RF_Morgan,CHEMBL219_Ki,709,,noncliff test rmse,0.683926
moleculeace,RF_Morgan,CHEMBL219_Ki,709,,cliff test rmse,0.757744
moleculeace,RF_Morgan,CHEMBL228_Ki,709,,overall test rmse,0.699256
moleculeace,RF_Morgan,CHEMBL228_Ki,709,,noncliff test rmse,0.651119
moleculeace,RF_Morgan,CHEMBL228_Ki,709,,cliff test rmse,0.773954
moleculeace,RF_Morgan,CHEMBL231_Ki,709,,overall test rmse,0.778269
moleculeace,RF_Morgan,CHEMBL231_Ki,709,,noncliff test rmse,0.729883
moleculeace,RF_Morgan,CHEMBL231_Ki,709,,cliff test rmse,0.912264
moleculeace,RF_Morgan,CHEMBL233_Ki,709,,overall test rmse,0.796326
moleculeace,RF_Morgan,CHEMBL233_Ki,709,,noncliff test rmse,0.736316
moleculeace,RF_Morgan,CHEMBL233_Ki,709,,cliff test rmse,0.875147
moleculeace,RF_Morgan,CHEMBL234_Ki,709,,overall test rmse,0.668456
moleculeace,RF_Morgan,CHEMBL234_Ki,709,,noncliff test rmse,0.644223
moleculeace,RF_Morgan,CHEMBL234_Ki,709,,cliff test rmse,0.69849
moleculeace,RF_Morgan,CHEMBL235_EC50,709,,overall test rmse,0.638539
moleculeace,RF_Morgan,CHEMBL235_EC50,709,,noncliff test rmse,0.554942
moleculeace,RF_Morgan,CHEMBL235_EC50,709,,cliff test rmse,0.756653
moleculeace,RF_Morgan,CHEMBL236_Ki,709,,overall test rmse,0.709656
moleculeace,RF_Morgan,CHEMBL236_Ki,709,,noncliff test rmse,0.64939
moleculeace,RF_Morgan,CHEMBL236_Ki,709,,cliff test rmse,0.794282
moleculeace,RF_Morgan,CHEMBL237_EC50,709,,overall test rmse,0.715163
moleculeace,RF_Morgan,CHEMBL237_EC50,709,,noncliff test rmse,0.688061
moleculeace,RF_Morgan,CHEMBL237_EC50,709,,cliff test rmse,0.74437
moleculeace,RF_Morgan,CHEMBL237_Ki,709,,overall test rmse,0.724588
moleculeace,RF_Morgan,CHEMBL237_Ki,709,,noncliff test rmse,0.667568
moleculeace,RF_Morgan,CHEMBL237_Ki,709,,cliff test rmse,0.794646
moleculeace,RF_Morgan,CHEMBL238_Ki,709,,overall test rmse,0.630016
moleculeace,RF_Morgan,CHEMBL238_Ki,709,,noncliff test rmse,0.613041
moleculeace,RF_Morgan,CHEMBL238_Ki,709,,cliff test rmse,0.676415
moleculeace,RF_Morgan,CHEMBL239_EC50,709,,overall test rmse,0.683357
moleculeace,RF_Morgan,CHEMBL239_EC50,709,,noncliff test rmse,0.570902
moleculeace,RF_Morgan,CHEMBL239_EC50,709,,cliff test rmse,0.820395
moleculeace,RF_Morgan,CHEMBL244_Ki,709,,overall test rmse,0.727002
moleculeace,RF_Morgan,CHEMBL244_Ki,709,,noncliff test rmse,0.624816
moleculeace,RF_Morgan,CHEMBL244_Ki,709,,cliff test rmse,0.824744
moleculeace,RF_Morgan,CHEMBL262_Ki,709,,overall test rmse,0.6849
moleculeace,RF_Morgan,CHEMBL262_Ki,709,,noncliff test rmse,0.680356
moleculeace,RF_Morgan,CHEMBL262_Ki,709,,cliff test rmse,0.70457
moleculeace,RF_Morgan,CHEMBL264_Ki,709,,overall test rmse,0.664002
moleculeace,RF_Morgan,CHEMBL264_Ki,709,,noncliff test rmse,0.592223
moleculeace,RF_Morgan,CHEMBL264_Ki,709,,cliff test rmse,0.753185
moleculeace,RF_Morgan,CHEMBL2835_Ki,709,,overall test rmse,0.391725
moleculeace,RF_Morgan,CHEMBL2835_Ki,709,,noncliff test rmse,0.310366
moleculeace,RF_Morgan,CHEMBL2835_Ki,709,,cliff test rmse,0.806207
moleculeace,RF_Morgan,CHEMBL287_Ki,709,,overall test rmse,0.756783
moleculeace,RF_Morgan,CHEMBL287_Ki,709,,noncliff test rmse,0.692299
moleculeace,RF_Morgan,CHEMBL287_Ki,709,,cliff test rmse,0.849414
moleculeace,RF_Morgan,CHEMBL2971_Ki,709,,overall test rmse,0.645579
moleculeace,RF_Morgan,CHEMBL2971_Ki,709,,noncliff test rmse,0.646895
moleculeace,RF_Morgan,CHEMBL2971_Ki,709,,cliff test rmse,0.639229
moleculeace,RF_Morgan,CHEMBL3979_EC50,709,,overall test rmse,0.650978
moleculeace,RF_Morgan,CHEMBL3979_EC50,709,,noncliff test rmse,0.60781
moleculeace,RF_Morgan,CHEMBL3979_EC50,709,,cliff test rmse,0.707163
moleculeace,RF_Morgan,CHEMBL4005_Ki,709,,overall test rmse,0.653775
moleculeace,RF_Morgan,CHEMBL4005_Ki,709,,noncliff test rmse,0.579304
moleculeace,RF_Morgan,CHEMBL4005_Ki,709,,cliff test rmse,0.744576
moleculeace,RF_Morgan,CHEMBL4203_Ki,709,,overall test rmse,0.852536
moleculeace,RF_Morgan,CHEMBL4203_Ki,709,,noncliff test rmse,0.834204
moleculeace,RF_Morgan,CHEMBL4203_Ki,709,,cliff test rmse,1.02484
moleculeace,RF_Morgan,CHEMBL4616_EC50,709,,overall test rmse,0.702118
moleculeace,RF_Morgan,CHEMBL4616_EC50,709,,noncliff test rmse,0.599522
moleculeace,RF_Morgan,CHEMBL4616_EC50,709,,cliff test rmse,0.783394
moleculeace,RF_Morgan,CHEMBL4792_Ki,709,,overall test rmse,0.718164
moleculeace,RF_Morgan,CHEMBL4792_Ki,709,,noncliff test rmse,0.712076
moleculeace,RF_Morgan,CHEMBL4792_Ki,709,,cliff test rmse,0.723335
moleculeace,RF_Morgan,CHEMBL1862_Ki,1701,,overall test rmse,0.772364
moleculeace,RF_Morgan,CHEMBL1862_Ki,1701,,noncliff test rmse,0.835318
moleculeace,RF_Morgan,CHEMBL1862_Ki,1701,,cliff test rmse,0.674202
moleculeace,RF_Morgan,CHEMBL1871_Ki,1701,,overall test rmse,0.665251
moleculeace,RF_Morgan,CHEMBL1871_Ki,1701,,noncliff test rmse,0.56572
moleculeace,RF_Morgan,CHEMBL1871_Ki,1701,,cliff test rmse,0.912738
moleculeace,RF_Morgan,CHEMBL2034_Ki,1701,,overall test rmse,0.728185
moleculeace,RF_Morgan,CHEMBL2034_Ki,1701,,noncliff test rmse,0.636689
moleculeace,RF_Morgan,CHEMBL2034_Ki,1701,,cliff test rmse,0.877728
moleculeace,RF_Morgan,CHEMBL2047_EC50,1701,,overall test rmse,0.611939
moleculeace,RF_Morgan,CHEMBL2047_EC50,1701,,noncliff test rmse,0.567956
moleculeace,RF_Morgan,CHEMBL2047_EC50,1701,,cliff test rmse,0.674854
moleculeace,RF_Morgan,CHEMBL204_Ki,1701,,overall test rmse,0.74593
moleculeace,RF_Morgan,CHEMBL204_Ki,1701,,noncliff test rmse,0.635954
moleculeace,RF_Morgan,CHEMBL204_Ki,1701,,cliff test rmse,0.886817
moleculeace,RF_Morgan,CHEMBL2147_Ki,1701,,overall test rmse,0.67356
moleculeace,RF_Morgan,CHEMBL2147_Ki,1701,,noncliff test rmse,0.690567
moleculeace,RF_Morgan,CHEMBL2147_Ki,1701,,cliff test rmse,0.646594
moleculeace,RF_Morgan,CHEMBL214_Ki,1701,,overall test rmse,0.70158
moleculeace,RF_Morgan,CHEMBL214_Ki,1701,,noncliff test rmse,0.625125
moleculeace,RF_Morgan,CHEMBL214_Ki,1701,,cliff test rmse,0.816404
moleculeace,RF_Morgan,CHEMBL218_EC50,1701,,overall test rmse,0.673204
moleculeace,RF_Morgan,CHEMBL218_EC50,1701,,noncliff test rmse,0.647062
moleculeace,RF_Morgan,CHEMBL218_EC50,1701,,cliff test rmse,0.716343
moleculeace,RF_Morgan,CHEMBL219_Ki,1701,,overall test rmse,0.703598
moleculeace,RF_Morgan,CHEMBL219_Ki,1701,,noncliff test rmse,0.670619
moleculeace,RF_Morgan,CHEMBL219_Ki,1701,,cliff test rmse,0.751168
moleculeace,RF_Morgan,CHEMBL228_Ki,1701,,overall test rmse,0.689081
moleculeace,RF_Morgan,CHEMBL228_Ki,1701,,noncliff test rmse,0.642972
moleculeace,RF_Morgan,CHEMBL228_Ki,1701,,cliff test rmse,0.760795
moleculeace,RF_Morgan,CHEMBL231_Ki,1701,,overall test rmse,0.752112
moleculeace,RF_Morgan,CHEMBL231_Ki,1701,,noncliff test rmse,0.707487
moleculeace,RF_Morgan,CHEMBL231_Ki,1701,,cliff test rmse,0.876277
moleculeace,RF_Morgan,CHEMBL233_Ki,1701,,overall test rmse,0.804805
moleculeace,RF_Morgan,CHEMBL233_Ki,1701,,noncliff test rmse,0.747767
moleculeace,RF_Morgan,CHEMBL233_Ki,1701,,cliff test rmse,0.880092
moleculeace,RF_Morgan,CHEMBL234_Ki,1701,,overall test rmse,0.670816
moleculeace,RF_Morgan,CHEMBL234_Ki,1701,,noncliff test rmse,0.644652
moleculeace,RF_Morgan,CHEMBL234_Ki,1701,,cliff test rmse,0.703145
moleculeace,RF_Morgan,CHEMBL235_EC50,1701,,overall test rmse,0.636506
moleculeace,RF_Morgan,CHEMBL235_EC50,1701,,noncliff test rmse,0.54887
moleculeace,RF_Morgan,CHEMBL235_EC50,1701,,cliff test rmse,0.759422
moleculeace,RF_Morgan,CHEMBL236_Ki,1701,,overall test rmse,0.718413
moleculeace,RF_Morgan,CHEMBL236_Ki,1701,,noncliff test rmse,0.659284
moleculeace,RF_Morgan,CHEMBL236_Ki,1701,,cliff test rmse,0.801687
moleculeace,RF_Morgan,CHEMBL237_EC50,1701,,overall test rmse,0.726726
moleculeace,RF_Morgan,CHEMBL237_EC50,1701,,noncliff test rmse,0.717748
moleculeace,RF_Morgan,CHEMBL237_EC50,1701,,cliff test rmse,0.736659
moleculeace,RF_Morgan,CHEMBL237_Ki,1701,,overall test rmse,0.737696
moleculeace,RF_Morgan,CHEMBL237_Ki,1701,,noncliff test rmse,0.682783
moleculeace,RF_Morgan,CHEMBL237_Ki,1701,,cliff test rmse,0.805469
moleculeace,RF_Morgan,CHEMBL238_Ki,1701,,overall test rmse,0.624454
moleculeace,RF_Morgan,CHEMBL238_Ki,1701,,noncliff test rmse,0.605745
moleculeace,RF_Morgan,CHEMBL238_Ki,1701,,cliff test rmse,0.675322
moleculeace,RF_Morgan,CHEMBL239_EC50,1701,,overall test rmse,0.691863
moleculeace,RF_Morgan,CHEMBL239_EC50,1701,,noncliff test rmse,0.577033
moleculeace,RF_Morgan,CHEMBL239_EC50,1701,,cliff test rmse,0.831595
moleculeace,RF_Morgan,CHEMBL244_Ki,1701,,overall test rmse,0.735678
moleculeace,RF_Morgan,CHEMBL244_Ki,1701,,noncliff test rmse,0.631933
moleculeace,RF_Morgan,CHEMBL244_Ki,1701,,cliff test rmse,0.834868
moleculeace,RF_Morgan,CHEMBL262_Ki,1701,,overall test rmse,0.682197
moleculeace,RF_Morgan,CHEMBL262_Ki,1701,,noncliff test rmse,0.667233
moleculeace,RF_Morgan,CHEMBL262_Ki,1701,,cliff test rmse,0.744557
moleculeace,RF_Morgan,CHEMBL264_Ki,1701,,overall test rmse,0.659139
moleculeace,RF_Morgan,CHEMBL264_Ki,1701,,noncliff test rmse,0.58179
moleculeace,RF_Morgan,CHEMBL264_Ki,1701,,cliff test rmse,0.754324
moleculeace,RF_Morgan,CHEMBL2835_Ki,1701,,overall test rmse,0.396549
moleculeace,RF_Morgan,CHEMBL2835_Ki,1701,,noncliff test rmse,0.319245
moleculeace,RF_Morgan,CHEMBL2835_Ki,1701,,cliff test rmse,0.798892
moleculeace,RF_Morgan,CHEMBL287_Ki,1701,,overall test rmse,0.764934
moleculeace,RF_Morgan,CHEMBL287_Ki,1701,,noncliff test rmse,0.703517
moleculeace,RF_Morgan,CHEMBL287_Ki,1701,,cliff test rmse,0.853654
moleculeace,RF_Morgan,CHEMBL2971_Ki,1701,,overall test rmse,0.645367
moleculeace,RF_Morgan,CHEMBL2971_Ki,1701,,noncliff test rmse,0.64656
moleculeace,RF_Morgan,CHEMBL2971_Ki,1701,,cliff test rmse,0.639618
moleculeace,RF_Morgan,CHEMBL3979_EC50,1701,,overall test rmse,0.656418
moleculeace,RF_Morgan,CHEMBL3979_EC50,1701,,noncliff test rmse,0.62135
moleculeace,RF_Morgan,CHEMBL3979_EC50,1701,,cliff test rmse,0.702714
moleculeace,RF_Morgan,CHEMBL4005_Ki,1701,,overall test rmse,0.654491
moleculeace,RF_Morgan,CHEMBL4005_Ki,1701,,noncliff test rmse,0.582107
moleculeace,RF_Morgan,CHEMBL4005_Ki,1701,,cliff test rmse,0.743052
moleculeace,RF_Morgan,CHEMBL4203_Ki,1701,,overall test rmse,0.841463
moleculeace,RF_Morgan,CHEMBL4203_Ki,1701,,noncliff test rmse,0.816848
moleculeace,RF_Morgan,CHEMBL4203_Ki,1701,,cliff test rmse,1.0654
moleculeace,RF_Morgan,CHEMBL4616_EC50,1701,,overall test rmse,0.715937
moleculeace,RF_Morgan,CHEMBL4616_EC50,1701,,noncliff test rmse,0.597893
moleculeace,RF_Morgan,CHEMBL4616_EC50,1701,,cliff test rmse,0.80795
moleculeace,RF_Morgan,CHEMBL4792_Ki,1701,,overall test rmse,0.722096
moleculeace,RF_Morgan,CHEMBL4792_Ki,1701,,noncliff test rmse,0.712268
moleculeace,RF_Morgan,CHEMBL4792_Ki,1701,,cliff test rmse,0.730405
moleculeace,RF_Morgan,CHEMBL1862_Ki,9001,,overall test rmse,0.787782
moleculeace,RF_Morgan,CHEMBL1862_Ki,9001,,noncliff test rmse,0.842947
moleculeace,RF_Morgan,CHEMBL1862_Ki,9001,,cliff test rmse,0.703127
moleculeace,RF_Morgan,CHEMBL1871_Ki,9001,,overall test rmse,0.666527
moleculeace,RF_Morgan,CHEMBL1871_Ki,9001,,noncliff test rmse,0.572585
moleculeace,RF_Morgan,CHEMBL1871_Ki,9001,,cliff test rmse,0.902937
moleculeace,RF_Morgan,CHEMBL2034_Ki,9001,,overall test rmse,0.736164
moleculeace,RF_Morgan,CHEMBL2034_Ki,9001,,noncliff test rmse,0.653734
moleculeace,RF_Morgan,CHEMBL2034_Ki,9001,,cliff test rmse,0.873077
moleculeace,RF_Morgan,CHEMBL2047_EC50,9001,,overall test rmse,0.61791
moleculeace,RF_Morgan,CHEMBL2047_EC50,9001,,noncliff test rmse,0.581527
moleculeace,RF_Morgan,CHEMBL2047_EC50,9001,,cliff test rmse,0.670737
moleculeace,RF_Morgan,CHEMBL204_Ki,9001,,overall test rmse,0.754568
moleculeace,RF_Morgan,CHEMBL204_Ki,9001,,noncliff test rmse,0.650474
moleculeace,RF_Morgan,CHEMBL204_Ki,9001,,cliff test rmse,0.889243
moleculeace,RF_Morgan,CHEMBL2147_Ki,9001,,overall test rmse,0.671486
moleculeace,RF_Morgan,CHEMBL2147_Ki,9001,,noncliff test rmse,0.680042
moleculeace,RF_Morgan,CHEMBL2147_Ki,9001,,cliff test rmse,0.658142
moleculeace,RF_Morgan,CHEMBL214_Ki,9001,,overall test rmse,0.704661
moleculeace,RF_Morgan,CHEMBL214_Ki,9001,,noncliff test rmse,0.626163
moleculeace,RF_Morgan,CHEMBL214_Ki,9001,,cliff test rmse,0.822228
moleculeace,RF_Morgan,CHEMBL218_EC50,9001,,overall test rmse,0.678981
moleculeace,RF_Morgan,CHEMBL218_EC50,9001,,noncliff test rmse,0.654626
moleculeace,RF_Morgan,CHEMBL218_EC50,9001,,cliff test rmse,0.719325
moleculeace,RF_Morgan,CHEMBL219_Ki,9001,,overall test rmse,0.716294
moleculeace,RF_Morgan,CHEMBL219_Ki,9001,,noncliff test rmse,0.681619
moleculeace,RF_Morgan,CHEMBL219_Ki,9001,,cliff test rmse,0.766221
moleculeace,RF_Morgan,CHEMBL228_Ki,9001,,overall test rmse,0.691378
moleculeace,RF_Morgan,CHEMBL228_Ki,9001,,noncliff test rmse,0.637259
moleculeace,RF_Morgan,CHEMBL228_Ki,9001,,cliff test rmse,0.774423
moleculeace,RF_Morgan,CHEMBL231_Ki,9001,,overall test rmse,0.78284
moleculeace,RF_Morgan,CHEMBL231_Ki,9001,,noncliff test rmse,0.752633
moleculeace,RF_Morgan,CHEMBL231_Ki,9001,,cliff test rmse,0.869954
moleculeace,RF_Morgan,CHEMBL233_Ki,9001,,overall test rmse,0.794037
moleculeace,RF_Morgan,CHEMBL233_Ki,9001,,noncliff test rmse,0.735381
moleculeace,RF_Morgan,CHEMBL233_Ki,9001,,cliff test rmse,0.871205
moleculeace,RF_Morgan,CHEMBL234_Ki,9001,,overall test rmse,0.669893
moleculeace,RF_Morgan,CHEMBL234_Ki,9001,,noncliff test rmse,0.651685
moleculeace,RF_Morgan,CHEMBL234_Ki,9001,,cliff test rmse,0.692685
moleculeace,RF_Morgan,CHEMBL235_EC50,9001,,overall test rmse,0.639442
moleculeace,RF_Morgan,CHEMBL235_EC50,9001,,noncliff test rmse,0.551483
moleculeace,RF_Morgan,CHEMBL235_EC50,9001,,cliff test rmse,0.762826
moleculeace,RF_Morgan,CHEMBL236_Ki,9001,,overall test rmse,0.712888
moleculeace,RF_Morgan,CHEMBL236_Ki,9001,,noncliff test rmse,0.651569
moleculeace,RF_Morgan,CHEMBL236_Ki,9001,,cliff test rmse,0.798887
moleculeace,RF_Morgan,CHEMBL237_EC50,9001,,overall test rmse,0.723412
moleculeace,RF_Morgan,CHEMBL237_EC50,9001,,noncliff test rmse,0.70661
moleculeace,RF_Morgan,CHEMBL237_EC50,9001,,cliff test rmse,0.741793
moleculeace,RF_Morgan,CHEMBL237_Ki,9001,,overall test rmse,0.728936
moleculeace,RF_Morgan,CHEMBL237_Ki,9001,,noncliff test rmse,0.677226
moleculeace,RF_Morgan,CHEMBL237_Ki,9001,,cliff test rmse,0.792995
moleculeace,RF_Morgan,CHEMBL238_Ki,9001,,overall test rmse,0.612673
moleculeace,RF_Morgan,CHEMBL238_Ki,9001,,noncliff test rmse,0.58871
moleculeace,RF_Morgan,CHEMBL238_Ki,9001,,cliff test rmse,0.676807
moleculeace,RF_Morgan,CHEMBL239_EC50,9001,,overall test rmse,0.692757
moleculeace,RF_Morgan,CHEMBL239_EC50,9001,,noncliff test rmse,0.579855
moleculeace,RF_Morgan,CHEMBL239_EC50,9001,,cliff test rmse,0.830558
moleculeace,RF_Morgan,CHEMBL244_Ki,9001,,overall test rmse,0.735198
moleculeace,RF_Morgan,CHEMBL244_Ki,9001,,noncliff test rmse,0.62446
moleculeace,RF_Morgan,CHEMBL244_Ki,9001,,cliff test rmse,0.840139
moleculeace,RF_Morgan,CHEMBL262_Ki,9001,,overall test rmse,0.687719
moleculeace,RF_Morgan,CHEMBL262_Ki,9001,,noncliff test rmse,0.679257
moleculeace,RF_Morgan,CHEMBL262_Ki,9001,,cliff test rmse,0.723825
moleculeace,RF_Morgan,CHEMBL264_Ki,9001,,overall test rmse,0.658383
moleculeace,RF_Morgan,CHEMBL264_Ki,9001,,noncliff test rmse,0.589776
moleculeace,RF_Morgan,CHEMBL264_Ki,9001,,cliff test rmse,0.743975
moleculeace,RF_Morgan,CHEMBL2835_Ki,9001,,overall test rmse,0.386723
moleculeace,RF_Morgan,CHEMBL2835_Ki,9001,,noncliff test rmse,0.303558
moleculeace,RF_Morgan,CHEMBL2835_Ki,9001,,cliff test rmse,0.805331
moleculeace,RF_Morgan,CHEMBL287_Ki,9001,,overall test rmse,0.750949
moleculeace,RF_Morgan,CHEMBL287_Ki,9001,,noncliff test rmse,0.679654
moleculeace,RF_Morgan,CHEMBL287_Ki,9001,,cliff test rmse,0.852246
moleculeace,RF_Morgan,CHEMBL2971_Ki,9001,,overall test rmse,0.640273
moleculeace,RF_Morgan,CHEMBL2971_Ki,9001,,noncliff test rmse,0.640816
moleculeace,RF_Morgan,CHEMBL2971_Ki,9001,,cliff test rmse,0.637663
moleculeace,RF_Morgan,CHEMBL3979_EC50,9001,,overall test rmse,0.645206
moleculeace,RF_Morgan,CHEMBL3979_EC50,9001,,noncliff test rmse,0.604506
moleculeace,RF_Morgan,CHEMBL3979_EC50,9001,,cliff test rmse,0.698366
moleculeace,RF_Morgan,CHEMBL4005_Ki,9001,,overall test rmse,0.655362
moleculeace,RF_Morgan,CHEMBL4005_Ki,9001,,noncliff test rmse,0.583429
moleculeace,RF_Morgan,CHEMBL4005_Ki,9001,,cliff test rmse,0.743447
moleculeace,RF_Morgan,CHEMBL4203_Ki,9001,,overall test rmse,0.850896
moleculeace,RF_Morgan,CHEMBL4203_Ki,9001,,noncliff test rmse,0.832337
moleculeace,RF_Morgan,CHEMBL4203_Ki,9001,,cliff test rmse,1.0251
moleculeace,RF_Morgan,CHEMBL4616_EC50,9001,,overall test rmse,0.706171
moleculeace,RF_Morgan,CHEMBL4616_EC50,9001,,noncliff test rmse,0.599416
moleculeace,RF_Morgan,CHEMBL4616_EC50,9001,,cliff test rmse,0.790373
moleculeace,RF_Morgan,CHEMBL4792_Ki,9001,,overall test rmse,0.720457
moleculeace,RF_Morgan,CHEMBL4792_Ki,9001,,noncliff test rmse,0.720775
moleculeace,RF_Morgan,CHEMBL4792_Ki,9001,,cliff test rmse,0.720185
moleculeace,fastprop,CHEMBL1862_Ki,42,,overall test rmse,0.774329
moleculeace,fastprop,CHEMBL1862_Ki,42,,noncliff test rmse,0.778785
moleculeace,fastprop,CHEMBL1862_Ki,42,,cliff test rmse,0.768035
moleculeace,fastprop,CHEMBL1871_Ki,42,,overall test rmse,0.684785
moleculeace,fastprop,CHEMBL1871_Ki,42,,noncliff test rmse,0.599015
moleculeace,fastprop,CHEMBL1871_Ki,42,,cliff test rmse,0.905488
moleculeace,fastprop,CHEMBL2034_Ki,42,,overall test rmse,0.730865
moleculeace,fastprop,CHEMBL2034_Ki,42,,noncliff test rmse,0.616053
moleculeace,fastprop,CHEMBL2034_Ki,42,,cliff test rmse,0.911896
moleculeace,fastprop,CHEMBL2047_EC50,42,,overall test rmse,0.710448
moleculeace,fastprop,CHEMBL2047_EC50,42,,noncliff test rmse,0.728891
moleculeace,fastprop,CHEMBL2047_EC50,42,,cliff test rmse,0.680679
moleculeace,fastprop,CHEMBL204_Ki,42,,overall test rmse,0.800947
moleculeace,fastprop,CHEMBL204_Ki,42,,noncliff test rmse,0.715422
moleculeace,fastprop,CHEMBL204_Ki,42,,cliff test rmse,0.915322
moleculeace,fastprop,CHEMBL2147_Ki,42,,overall test rmse,0.688863
moleculeace,fastprop,CHEMBL2147_Ki,42,,noncliff test rmse,0.699075
moleculeace,fastprop,CHEMBL2147_Ki,42,,cliff test rmse,0.672891
moleculeace,fastprop,CHEMBL214_Ki,42,,overall test rmse,0.722673
moleculeace,fastprop,CHEMBL214_Ki,42,,noncliff test rmse,0.630538
moleculeace,fastprop,CHEMBL214_Ki,42,,cliff test rmse,0.858195
moleculeace,fastprop,CHEMBL218_EC50,42,,overall test rmse,0.761917
moleculeace,fastprop,CHEMBL218_EC50,42,,noncliff test rmse,0.764606
moleculeace,fastprop,CHEMBL218_EC50,42,,cliff test rmse,0.757225
moleculeace,fastprop,CHEMBL219_Ki,42,,overall test rmse,0.795071
moleculeace,fastprop,CHEMBL219_Ki,42,,noncliff test rmse,0.752603
moleculeace,fastprop,CHEMBL219_Ki,42,,cliff test rmse,0.855864
moleculeace,fastprop,CHEMBL228_Ki,42,,overall test rmse,0.738112
moleculeace,fastprop,CHEMBL228_Ki,42,,noncliff test rmse,0.704372
moleculeace,fastprop,CHEMBL228_Ki,42,,cliff test rmse,0.791962
moleculeace,fastprop,CHEMBL231_Ki,42,,overall test rmse,0.719006
moleculeace,fastprop,CHEMBL231_Ki,42,,noncliff test rmse,0.695109
moleculeace,fastprop,CHEMBL231_Ki,42,,cliff test rmse,0.788584
moleculeace,fastprop,CHEMBL233_Ki,42,,overall test rmse,0.830454
moleculeace,fastprop,CHEMBL233_Ki,42,,noncliff test rmse,0.795397
moleculeace,fastprop,CHEMBL233_Ki,42,,cliff test rmse,0.878237
moleculeace,fastprop,CHEMBL234_Ki,42,,overall test rmse,0.678141
moleculeace,fastprop,CHEMBL234_Ki,42,,noncliff test rmse,0.702115
moleculeace,fastprop,CHEMBL234_Ki,42,,cliff test rmse,0.645885
moleculeace,fastprop,CHEMBL235_EC50,42,,overall test rmse,0.712907
moleculeace,fastprop,CHEMBL235_EC50,42,,noncliff test rmse,0.631968
moleculeace,fastprop,CHEMBL235_EC50,42,,cliff test rmse,0.829475
moleculeace,fastprop,CHEMBL236_Ki,42,,overall test rmse,0.799901
moleculeace,fastprop,CHEMBL236_Ki,42,,noncliff test rmse,0.754952
moleculeace,fastprop,CHEMBL236_Ki,42,,cliff test rmse,0.865126
moleculeace,fastprop,CHEMBL237_EC50,42,,overall test rmse,0.80567
moleculeace,fastprop,CHEMBL237_EC50,42,,noncliff test rmse,0.716927
moleculeace,fastprop,CHEMBL237_EC50,42,,cliff test rmse,0.894739
moleculeace,fastprop,CHEMBL237_Ki,42,,overall test rmse,0.776369
moleculeace,fastprop,CHEMBL237_Ki,42,,noncliff test rmse,0.741997
moleculeace,fastprop,CHEMBL237_Ki,42,,cliff test rmse,0.820197
moleculeace,fastprop,CHEMBL238_Ki,42,,overall test rmse,0.741993
moleculeace,fastprop,CHEMBL238_Ki,42,,noncliff test rmse,0.720571
moleculeace,fastprop,CHEMBL238_Ki,42,,cliff test rmse,0.800348
moleculeace,fastprop,CHEMBL239_EC50,42,,overall test rmse,0.743711
moleculeace,fastprop,CHEMBL239_EC50,42,,noncliff test rmse,0.654985
moleculeace,fastprop,CHEMBL239_EC50,42,,cliff test rmse,0.85698
moleculeace,fastprop,CHEMBL244_Ki,42,,overall test rmse,0.790076
moleculeace,fastprop,CHEMBL244_Ki,42,,noncliff test rmse,0.744552
moleculeace,fastprop,CHEMBL244_Ki,42,,cliff test rmse,0.837214
moleculeace,fastprop,CHEMBL262_Ki,42,,overall test rmse,0.819019
moleculeace,fastprop,CHEMBL262_Ki,42,,noncliff test rmse,0.800093
moleculeace,fastprop,CHEMBL262_Ki,42,,cliff test rmse,0.897673
moleculeace,fastprop,CHEMBL264_Ki,42,,overall test rmse,0.6306
moleculeace,fastprop,CHEMBL264_Ki,42,,noncliff test rmse,0.594672
moleculeace,fastprop,CHEMBL264_Ki,42,,cliff test rmse,0.677762
moleculeace,fastprop,CHEMBL2835_Ki,42,,overall test rmse,0.44816
moleculeace,fastprop,CHEMBL2835_Ki,42,,noncliff test rmse,0.364364
moleculeace,fastprop,CHEMBL2835_Ki,42,,cliff test rmse,0.890321
moleculeace,fastprop,CHEMBL287_Ki,42,,overall test rmse,0.71711
moleculeace,fastprop,CHEMBL287_Ki,42,,noncliff test rmse,0.669652
moleculeace,fastprop,CHEMBL287_Ki,42,,cliff test rmse,0.786788
moleculeace,fastprop,CHEMBL2971_Ki,42,,overall test rmse,0.691447
moleculeace,fastprop,CHEMBL2971_Ki,42,,noncliff test rmse,0.618083
moleculeace,fastprop,CHEMBL2971_Ki,42,,cliff test rmse,0.968855
moleculeace,fastprop,CHEMBL3979_EC50,42,,overall test rmse,0.656032
moleculeace,fastprop,CHEMBL3979_EC50,42,,noncliff test rmse,0.653845
moleculeace,fastprop,CHEMBL3979_EC50,42,,cliff test rmse,0.659089
moleculeace,fastprop,CHEMBL4005_Ki,42,,overall test rmse,0.655017
moleculeace,fastprop,CHEMBL4005_Ki,42,,noncliff test rmse,0.55042
moleculeace,fastprop,CHEMBL4005_Ki,42,,cliff test rmse,0.776779
moleculeace,fastprop,CHEMBL4203_Ki,42,,overall test rmse,0.935781
moleculeace,fastprop,CHEMBL4203_Ki,42,,noncliff test rmse,0.897118
moleculeace,fastprop,CHEMBL4203_Ki,42,,cliff test rmse,1.27163
moleculeace,fastprop,CHEMBL4616_EC50,42,,overall test rmse,0.744991
moleculeace,fastprop,CHEMBL4616_EC50,42,,noncliff test rmse,0.70808
moleculeace,fastprop,CHEMBL4616_EC50,42,,cliff test rmse,0.776854
moleculeace,fastprop,CHEMBL4792_Ki,42,,overall test rmse,0.716803
moleculeace,fastprop,CHEMBL4792_Ki,42,,noncliff test rmse,0.716922
moleculeace,fastprop,CHEMBL4792_Ki,42,,cliff test rmse,0.716701
moleculeace,fastprop,CHEMBL1862_Ki,117,,overall test rmse,0.768545
moleculeace,fastprop,CHEMBL1862_Ki,117,,noncliff test rmse,0.78869
moleculeace,fastprop,CHEMBL1862_Ki,117,,cliff test rmse,0.739357
moleculeace,fastprop,CHEMBL1871_Ki,117,,overall test rmse,0.774706
moleculeace,fastprop,CHEMBL1871_Ki,117,,noncliff test rmse,0.678353
moleculeace,fastprop,CHEMBL1871_Ki,117,,cliff test rmse,1.02296
moleculeace,fastprop,CHEMBL2034_Ki,117,,overall test rmse,0.715545
moleculeace,fastprop,CHEMBL2034_Ki,117,,noncliff test rmse,0.604652
moleculeace,fastprop,CHEMBL2034_Ki,117,,cliff test rmse,0.890811
moleculeace,fastprop,CHEMBL2047_EC50,117,,overall test rmse,0.698937
moleculeace,fastprop,CHEMBL2047_EC50,117,,noncliff test rmse,0.673045
moleculeace,fastprop,CHEMBL2047_EC50,117,,cliff test rmse,0.737516
moleculeace,fastprop,CHEMBL204_Ki,117,,overall test rmse,0.828343
moleculeace,fastprop,CHEMBL204_Ki,117,,noncliff test rmse,0.731085
moleculeace,fastprop,CHEMBL204_Ki,117,,cliff test rmse,0.956934
moleculeace,fastprop,CHEMBL2147_Ki,117,,overall test rmse,0.666635
moleculeace,fastprop,CHEMBL2147_Ki,117,,noncliff test rmse,0.671
moleculeace,fastprop,CHEMBL2147_Ki,117,,cliff test rmse,0.65988
moleculeace,fastprop,CHEMBL214_Ki,117,,overall test rmse,0.722754
moleculeace,fastprop,CHEMBL214_Ki,117,,noncliff test rmse,0.640113
moleculeace,fastprop,CHEMBL214_Ki,117,,cliff test rmse,0.846114
moleculeace,fastprop,CHEMBL218_EC50,117,,overall test rmse,0.74426
moleculeace,fastprop,CHEMBL218_EC50,117,,noncliff test rmse,0.718693
moleculeace,fastprop,CHEMBL218_EC50,117,,cliff test rmse,0.786695
moleculeace,fastprop,CHEMBL219_Ki,117,,overall test rmse,0.817632
moleculeace,fastprop,CHEMBL219_Ki,117,,noncliff test rmse,0.753814
moleculeace,fastprop,CHEMBL219_Ki,117,,cliff test rmse,0.906455
moleculeace,fastprop,CHEMBL228_Ki,117,,overall test rmse,0.772354
moleculeace,fastprop,CHEMBL228_Ki,117,,noncliff test rmse,0.721852
moleculeace,fastprop,CHEMBL228_Ki,117,,cliff test rmse,0.851047
moleculeace,fastprop,CHEMBL231_Ki,117,,overall test rmse,0.725692
moleculeace,fastprop,CHEMBL231_Ki,117,,noncliff test rmse,0.707892
moleculeace,fastprop,CHEMBL231_Ki,117,,cliff test rmse,0.778355
moleculeace,fastprop,CHEMBL233_Ki,117,,overall test rmse,0.84302
moleculeace,fastprop,CHEMBL233_Ki,117,,noncliff test rmse,0.7937
moleculeace,fastprop,CHEMBL233_Ki,117,,cliff test rmse,0.909017
moleculeace,fastprop,CHEMBL234_Ki,117,,overall test rmse,0.689111
moleculeace,fastprop,CHEMBL234_Ki,117,,noncliff test rmse,0.728558
moleculeace,fastprop,CHEMBL234_Ki,117,,cliff test rmse,0.634585
moleculeace,fastprop,CHEMBL235_EC50,117,,overall test rmse,0.702294
moleculeace,fastprop,CHEMBL235_EC50,117,,noncliff test rmse,0.628902
moleculeace,fastprop,CHEMBL235_EC50,117,,cliff test rmse,0.809064
moleculeace,fastprop,CHEMBL236_Ki,117,,overall test rmse,0.798324
moleculeace,fastprop,CHEMBL236_Ki,117,,noncliff test rmse,0.736113
moleculeace,fastprop,CHEMBL236_Ki,117,,cliff test rmse,0.886374
moleculeace,fastprop,CHEMBL237_EC50,117,,overall test rmse,0.823304
moleculeace,fastprop,CHEMBL237_EC50,117,,noncliff test rmse,0.735947
moleculeace,fastprop,CHEMBL237_EC50,117,,cliff test rmse,0.91132
moleculeace,fastprop,CHEMBL237_Ki,117,,overall test rmse,0.766764
moleculeace,fastprop,CHEMBL237_Ki,117,,noncliff test rmse,0.722793
moleculeace,fastprop,CHEMBL237_Ki,117,,cliff test rmse,0.822038
moleculeace,fastprop,CHEMBL238_Ki,117,,overall test rmse,0.765772
moleculeace,fastprop,CHEMBL238_Ki,117,,noncliff test rmse,0.748617
moleculeace,fastprop,CHEMBL238_Ki,117,,cliff test rmse,0.813043
moleculeace,fastprop,CHEMBL239_EC50,117,,overall test rmse,0.751366
moleculeace,fastprop,CHEMBL239_EC50,117,,noncliff test rmse,0.670181
moleculeace,fastprop,CHEMBL239_EC50,117,,cliff test rmse,0.856249
moleculeace,fastprop,CHEMBL244_Ki,117,,overall test rmse,0.781562
moleculeace,fastprop,CHEMBL244_Ki,117,,noncliff test rmse,0.737035
moleculeace,fastprop,CHEMBL244_Ki,117,,cliff test rmse,0.827697
moleculeace,fastprop,CHEMBL262_Ki,117,,overall test rmse,0.798314
moleculeace,fastprop,CHEMBL262_Ki,117,,noncliff test rmse,0.778121
moleculeace,fastprop,CHEMBL262_Ki,117,,cliff test rmse,0.881801
moleculeace,fastprop,CHEMBL264_Ki,117,,overall test rmse,0.625784
moleculeace,fastprop,CHEMBL264_Ki,117,,noncliff test rmse,0.599225
moleculeace,fastprop,CHEMBL264_Ki,117,,cliff test rmse,0.661218
moleculeace,fastprop,CHEMBL2835_Ki,117,,overall test rmse,0.45551
moleculeace,fastprop,CHEMBL2835_Ki,117,,noncliff test rmse,0.386819
moleculeace,fastprop,CHEMBL2835_Ki,117,,cliff test rmse,0.84287
moleculeace,fastprop,CHEMBL287_Ki,117,,overall test rmse,0.721365
moleculeace,fastprop,CHEMBL287_Ki,117,,noncliff test rmse,0.689205
moleculeace,fastprop,CHEMBL287_Ki,117,,cliff test rmse,0.769803
moleculeace,fastprop,CHEMBL2971_Ki,117,,overall test rmse,0.685433
moleculeace,fastprop,CHEMBL2971_Ki,117,,noncliff test rmse,0.635176
moleculeace,fastprop,CHEMBL2971_Ki,117,,cliff test rmse,0.887696
moleculeace,fastprop,CHEMBL3979_EC50,117,,overall test rmse,0.6669
moleculeace,fastprop,CHEMBL3979_EC50,117,,noncliff test rmse,0.668352
moleculeace,fastprop,CHEMBL3979_EC50,117,,cliff test rmse,0.664854
moleculeace,fastprop,CHEMBL4005_Ki,117,,overall test rmse,0.682999
moleculeace,fastprop,CHEMBL4005_Ki,117,,noncliff test rmse,0.566569
moleculeace,fastprop,CHEMBL4005_Ki,117,,cliff test rmse,0.817102
moleculeace,fastprop,CHEMBL4203_Ki,117,,overall test rmse,0.967183
moleculeace,fastprop,CHEMBL4203_Ki,117,,noncliff test rmse,0.945456
moleculeace,fastprop,CHEMBL4203_Ki,117,,cliff test rmse,1.17055
moleculeace,fastprop,CHEMBL4616_EC50,117,,overall test rmse,0.717853
moleculeace,fastprop,CHEMBL4616_EC50,117,,noncliff test rmse,0.685126
moleculeace,fastprop,CHEMBL4616_EC50,117,,cliff test rmse,0.746208
moleculeace,fastprop,CHEMBL4792_Ki,117,,overall test rmse,0.709564
moleculeace,fastprop,CHEMBL4792_Ki,117,,noncliff test rmse,0.680296
moleculeace,fastprop,CHEMBL4792_Ki,117,,cliff test rmse,0.733697
moleculeace,fastprop,CHEMBL1862_Ki,709,,overall test rmse,0.792333
moleculeace,fastprop,CHEMBL1862_Ki,709,,noncliff test rmse,0.77606
moleculeace,fastprop,CHEMBL1862_Ki,709,,cliff test rmse,0.814615
moleculeace,fastprop,CHEMBL1871_Ki,709,,overall test rmse,0.671296
moleculeace,fastprop,CHEMBL1871_Ki,709,,noncliff test rmse,0.594023
moleculeace,fastprop,CHEMBL1871_Ki,709,,cliff test rmse,0.873095
moleculeace,fastprop,CHEMBL2034_Ki,709,,overall test rmse,0.725912
moleculeace,fastprop,CHEMBL2034_Ki,709,,noncliff test rmse,0.614246
moleculeace,fastprop,CHEMBL2034_Ki,709,,cliff test rmse,0.902628
moleculeace,fastprop,CHEMBL2047_EC50,709,,overall test rmse,0.707002
moleculeace,fastprop,CHEMBL2047_EC50,709,,noncliff test rmse,0.714513
moleculeace,fastprop,CHEMBL2047_EC50,709,,cliff test rmse,0.695124
moleculeace,fastprop,CHEMBL204_Ki,709,,overall test rmse,0.823916
moleculeace,fastprop,CHEMBL204_Ki,709,,noncliff test rmse,0.744883
moleculeace,fastprop,CHEMBL204_Ki,709,,cliff test rmse,0.930865
moleculeace,fastprop,CHEMBL2147_Ki,709,,overall test rmse,0.68125
moleculeace,fastprop,CHEMBL2147_Ki,709,,noncliff test rmse,0.661298
moleculeace,fastprop,CHEMBL2147_Ki,709,,cliff test rmse,0.710778
moleculeace,fastprop,CHEMBL214_Ki,709,,overall test rmse,0.712096
moleculeace,fastprop,CHEMBL214_Ki,709,,noncliff test rmse,0.615435
moleculeace,fastprop,CHEMBL214_Ki,709,,cliff test rmse,0.852983
moleculeace,fastprop,CHEMBL218_EC50,709,,overall test rmse,0.749744
moleculeace,fastprop,CHEMBL218_EC50,709,,noncliff test rmse,0.734295
moleculeace,fastprop,CHEMBL218_EC50,709,,cliff test rmse,0.775845
moleculeace,fastprop,CHEMBL219_Ki,709,,overall test rmse,0.818512
moleculeace,fastprop,CHEMBL219_Ki,709,,noncliff test rmse,0.767399
moleculeace,fastprop,CHEMBL219_Ki,709,,cliff test rmse,0.890924
moleculeace,fastprop,CHEMBL228_Ki,709,,overall test rmse,0.731846
moleculeace,fastprop,CHEMBL228_Ki,709,,noncliff test rmse,0.699173
moleculeace,fastprop,CHEMBL228_Ki,709,,cliff test rmse,0.784061
moleculeace,fastprop,CHEMBL231_Ki,709,,overall test rmse,0.71932
moleculeace,fastprop,CHEMBL231_Ki,709,,noncliff test rmse,0.688849
moleculeace,fastprop,CHEMBL231_Ki,709,,cliff test rmse,0.806607
moleculeace,fastprop,CHEMBL233_Ki,709,,overall test rmse,0.851041
moleculeace,fastprop,CHEMBL233_Ki,709,,noncliff test rmse,0.815071
moleculeace,fastprop,CHEMBL233_Ki,709,,cliff test rmse,0.900065
moleculeace,fastprop,CHEMBL234_Ki,709,,overall test rmse,0.68768
moleculeace,fastprop,CHEMBL234_Ki,709,,noncliff test rmse,0.721816
moleculeace,fastprop,CHEMBL234_Ki,709,,cliff test rmse,0.640941
moleculeace,fastprop,CHEMBL235_EC50,709,,overall test rmse,0.687092
moleculeace,fastprop,CHEMBL235_EC50,709,,noncliff test rmse,0.598347
moleculeace,fastprop,CHEMBL235_EC50,709,,cliff test rmse,0.812721
moleculeace,fastprop,CHEMBL236_Ki,709,,overall test rmse,0.792977
moleculeace,fastprop,CHEMBL236_Ki,709,,noncliff test rmse,0.739991
moleculeace,fastprop,CHEMBL236_Ki,709,,cliff test rmse,0.868926
moleculeace,fastprop,CHEMBL237_EC50,709,,overall test rmse,0.803899
moleculeace,fastprop,CHEMBL237_EC50,709,,noncliff test rmse,0.721606
moleculeace,fastprop,CHEMBL237_EC50,709,,cliff test rmse,0.887112
moleculeace,fastprop,CHEMBL237_Ki,709,,overall test rmse,0.786109
moleculeace,fastprop,CHEMBL237_Ki,709,,noncliff test rmse,0.759017
moleculeace,fastprop,CHEMBL237_Ki,709,,cliff test rmse,0.821033
moleculeace,fastprop,CHEMBL238_Ki,709,,overall test rmse,0.741991
moleculeace,fastprop,CHEMBL238_Ki,709,,noncliff test rmse,0.717804
moleculeace,fastprop,CHEMBL238_Ki,709,,cliff test rmse,0.807451
moleculeace,fastprop,CHEMBL239_EC50,709,,overall test rmse,0.722633
moleculeace,fastprop,CHEMBL239_EC50,709,,noncliff test rmse,0.658442
moleculeace,fastprop,CHEMBL239_EC50,709,,cliff test rmse,0.807291
moleculeace,fastprop,CHEMBL244_Ki,709,,overall test rmse,0.81245
moleculeace,fastprop,CHEMBL244_Ki,709,,noncliff test rmse,0.779619
moleculeace,fastprop,CHEMBL244_Ki,709,,cliff test rmse,0.847034
moleculeace,fastprop,CHEMBL262_Ki,709,,overall test rmse,0.7925
moleculeace,fastprop,CHEMBL262_Ki,709,,noncliff test rmse,0.783585
moleculeace,fastprop,CHEMBL262_Ki,709,,cliff test rmse,0.830641
moleculeace,fastprop,CHEMBL264_Ki,709,,overall test rmse,0.626764
moleculeace,fastprop,CHEMBL264_Ki,709,,noncliff test rmse,0.587315
moleculeace,fastprop,CHEMBL264_Ki,709,,cliff test rmse,0.678208
moleculeace,fastprop,CHEMBL2835_Ki,709,,overall test rmse,0.443641
moleculeace,fastprop,CHEMBL2835_Ki,709,,noncliff test rmse,0.385738
moleculeace,fastprop,CHEMBL2835_Ki,709,,cliff test rmse,0.783745
moleculeace,fastprop,CHEMBL287_Ki,709,,overall test rmse,0.718118
moleculeace,fastprop,CHEMBL287_Ki,709,,noncliff test rmse,0.706516
moleculeace,fastprop,CHEMBL287_Ki,709,,cliff test rmse,0.736213
moleculeace,fastprop,CHEMBL2971_Ki,709,,overall test rmse,0.726586
moleculeace,fastprop,CHEMBL2971_Ki,709,,noncliff test rmse,0.683264
moleculeace,fastprop,CHEMBL2971_Ki,709,,cliff test rmse,0.905947
moleculeace,fastprop,CHEMBL3979_EC50,709,,overall test rmse,0.683033
moleculeace,fastprop,CHEMBL3979_EC50,709,,noncliff test rmse,0.676018
moleculeace,fastprop,CHEMBL3979_EC50,709,,cliff test rmse,0.692764
moleculeace,fastprop,CHEMBL4005_Ki,709,,overall test rmse,0.675873
moleculeace,fastprop,CHEMBL4005_Ki,709,,noncliff test rmse,0.573601
moleculeace,fastprop,CHEMBL4005_Ki,709,,cliff test rmse,0.795924
moleculeace,fastprop,CHEMBL4203_Ki,709,,overall test rmse,0.948961
moleculeace,fastprop,CHEMBL4203_Ki,709,,noncliff test rmse,0.911242
moleculeace,fastprop,CHEMBL4203_Ki,709,,cliff test rmse,1.2785
moleculeace,fastprop,CHEMBL4616_EC50,709,,overall test rmse,0.715414
moleculeace,fastprop,CHEMBL4616_EC50,709,,noncliff test rmse,0.68377
moleculeace,fastprop,CHEMBL4616_EC50,709,,cliff test rmse,0.742864
moleculeace,fastprop,CHEMBL4792_Ki,709,,overall test rmse,0.691917
moleculeace,fastprop,CHEMBL4792_Ki,709,,noncliff test rmse,0.674681
moleculeace,fastprop,CHEMBL4792_Ki,709,,cliff test rmse,0.706342
moleculeace,fastprop,CHEMBL1862_Ki,1701,,overall test rmse,0.770566
moleculeace,fastprop,CHEMBL1862_Ki,1701,,noncliff test rmse,0.75217
moleculeace,fastprop,CHEMBL1862_Ki,1701,,cliff test rmse,0.795659
moleculeace,fastprop,CHEMBL1871_Ki,1701,,overall test rmse,0.680741
moleculeace,fastprop,CHEMBL1871_Ki,1701,,noncliff test rmse,0.57819
moleculeace,fastprop,CHEMBL1871_Ki,1701,,cliff test rmse,0.935377
moleculeace,fastprop,CHEMBL2034_Ki,1701,,overall test rmse,0.708987
moleculeace,fastprop,CHEMBL2034_Ki,1701,,noncliff test rmse,0.591046
moleculeace,fastprop,CHEMBL2034_Ki,1701,,cliff test rmse,0.89304
moleculeace,fastprop,CHEMBL2047_EC50,1701,,overall test rmse,0.716226
moleculeace,fastprop,CHEMBL2047_EC50,1701,,noncliff test rmse,0.717037
moleculeace,fastprop,CHEMBL2047_EC50,1701,,cliff test rmse,0.714959
moleculeace,fastprop,CHEMBL204_Ki,1701,,overall test rmse,0.816597
moleculeace,fastprop,CHEMBL204_Ki,1701,,noncliff test rmse,0.721105
moleculeace,fastprop,CHEMBL204_Ki,1701,,cliff test rmse,0.942917
moleculeace,fastprop,CHEMBL2147_Ki,1701,,overall test rmse,0.678218
moleculeace,fastprop,CHEMBL2147_Ki,1701,,noncliff test rmse,0.678581
moleculeace,fastprop,CHEMBL2147_Ki,1701,,cliff test rmse,0.677659
moleculeace,fastprop,CHEMBL214_Ki,1701,,overall test rmse,0.715709
moleculeace,fastprop,CHEMBL214_Ki,1701,,noncliff test rmse,0.627871
moleculeace,fastprop,CHEMBL214_Ki,1701,,cliff test rmse,0.845599
moleculeace,fastprop,CHEMBL218_EC50,1701,,overall test rmse,0.785081
moleculeace,fastprop,CHEMBL218_EC50,1701,,noncliff test rmse,0.785336
moleculeace,fastprop,CHEMBL218_EC50,1701,,cliff test rmse,0.784639
moleculeace,fastprop,CHEMBL219_Ki,1701,,overall test rmse,0.784005
moleculeace,fastprop,CHEMBL219_Ki,1701,,noncliff test rmse,0.735257
moleculeace,fastprop,CHEMBL219_Ki,1701,,cliff test rmse,0.853088
moleculeace,fastprop,CHEMBL228_Ki,1701,,overall test rmse,0.724878
moleculeace,fastprop,CHEMBL228_Ki,1701,,noncliff test rmse,0.693652
moleculeace,fastprop,CHEMBL228_Ki,1701,,cliff test rmse,0.774878
moleculeace,fastprop,CHEMBL231_Ki,1701,,overall test rmse,0.696098
moleculeace,fastprop,CHEMBL231_Ki,1701,,noncliff test rmse,0.676974
moleculeace,fastprop,CHEMBL231_Ki,1701,,cliff test rmse,0.752371
moleculeace,fastprop,CHEMBL233_Ki,1701,,overall test rmse,0.849262
moleculeace,fastprop,CHEMBL233_Ki,1701,,noncliff test rmse,0.811542
moleculeace,fastprop,CHEMBL233_Ki,1701,,cliff test rmse,0.900546
moleculeace,fastprop,CHEMBL234_Ki,1701,,overall test rmse,0.69739
moleculeace,fastprop,CHEMBL234_Ki,1701,,noncliff test rmse,0.732789
moleculeace,fastprop,CHEMBL234_Ki,1701,,cliff test rmse,0.648855
moleculeace,fastprop,CHEMBL235_EC50,1701,,overall test rmse,0.70201
moleculeace,fastprop,CHEMBL235_EC50,1701,,noncliff test rmse,0.626091
moleculeace,fastprop,CHEMBL235_EC50,1701,,cliff test rmse,0.812006
moleculeace,fastprop,CHEMBL236_Ki,1701,,overall test rmse,0.789718
moleculeace,fastprop,CHEMBL236_Ki,1701,,noncliff test rmse,0.732618
moleculeace,fastprop,CHEMBL236_Ki,1701,,cliff test rmse,0.871051
moleculeace,fastprop,CHEMBL237_EC50,1701,,overall test rmse,0.806422
moleculeace,fastprop,CHEMBL237_EC50,1701,,noncliff test rmse,0.701789
moleculeace,fastprop,CHEMBL237_EC50,1701,,cliff test rmse,0.909507
moleculeace,fastprop,CHEMBL237_Ki,1701,,overall test rmse,0.755066
moleculeace,fastprop,CHEMBL237_Ki,1701,,noncliff test rmse,0.699787
moleculeace,fastprop,CHEMBL237_Ki,1701,,cliff test rmse,0.823381
moleculeace,fastprop,CHEMBL238_Ki,1701,,overall test rmse,0.732057
moleculeace,fastprop,CHEMBL238_Ki,1701,,noncliff test rmse,0.723422
moleculeace,fastprop,CHEMBL238_Ki,1701,,cliff test rmse,0.756317
moleculeace,fastprop,CHEMBL239_EC50,1701,,overall test rmse,0.75017
moleculeace,fastprop,CHEMBL239_EC50,1701,,noncliff test rmse,0.654407
moleculeace,fastprop,CHEMBL239_EC50,1701,,cliff test rmse,0.871361
moleculeace,fastprop,CHEMBL244_Ki,1701,,overall test rmse,0.777502
moleculeace,fastprop,CHEMBL244_Ki,1701,,noncliff test rmse,0.715806
moleculeace,fastprop,CHEMBL244_Ki,1701,,cliff test rmse,0.840039
moleculeace,fastprop,CHEMBL262_Ki,1701,,overall test rmse,0.817706
moleculeace,fastprop,CHEMBL262_Ki,1701,,noncliff test rmse,0.808935
moleculeace,fastprop,CHEMBL262_Ki,1701,,cliff test rmse,0.855281
moleculeace,fastprop,CHEMBL264_Ki,1701,,overall test rmse,0.61185
moleculeace,fastprop,CHEMBL264_Ki,1701,,noncliff test rmse,0.573893
moleculeace,fastprop,CHEMBL264_Ki,1701,,cliff test rmse,0.661395
moleculeace,fastprop,CHEMBL2835_Ki,1701,,overall test rmse,0.455657
moleculeace,fastprop,CHEMBL2835_Ki,1701,,noncliff test rmse,0.375277
moleculeace,fastprop,CHEMBL2835_Ki,1701,,cliff test rmse,0.887797
moleculeace,fastprop,CHEMBL287_Ki,1701,,overall test rmse,0.717105
moleculeace,fastprop,CHEMBL287_Ki,1701,,noncliff test rmse,0.710852
moleculeace,fastprop,CHEMBL287_Ki,1701,,cliff test rmse,0.72695
moleculeace,fastprop,CHEMBL2971_Ki,1701,,overall test rmse,0.675773
moleculeace,fastprop,CHEMBL2971_Ki,1701,,noncliff test rmse,0.6195
moleculeace,fastprop,CHEMBL2971_Ki,1701,,cliff test rmse,0.897835
moleculeace,fastprop,CHEMBL3979_EC50,1701,,overall test rmse,0.654311
moleculeace,fastprop,CHEMBL3979_EC50,1701,,noncliff test rmse,0.655403
moleculeace,fastprop,CHEMBL3979_EC50,1701,,cliff test rmse,0.652774
moleculeace,fastprop,CHEMBL4005_Ki,1701,,overall test rmse,0.658173
moleculeace,fastprop,CHEMBL4005_Ki,1701,,noncliff test rmse,0.54517
moleculeace,fastprop,CHEMBL4005_Ki,1701,,cliff test rmse,0.788171
moleculeace,fastprop,CHEMBL4203_Ki,1701,,overall test rmse,0.924315
moleculeace,fastprop,CHEMBL4203_Ki,1701,,noncliff test rmse,0.876723
moleculeace,fastprop,CHEMBL4203_Ki,1701,,cliff test rmse,1.32327
moleculeace,fastprop,CHEMBL4616_EC50,1701,,overall test rmse,0.747235
moleculeace,fastprop,CHEMBL4616_EC50,1701,,noncliff test rmse,0.686079
moleculeace,fastprop,CHEMBL4616_EC50,1701,,cliff test rmse,0.798505
moleculeace,fastprop,CHEMBL4792_Ki,1701,,overall test rmse,0.682674
moleculeace,fastprop,CHEMBL4792_Ki,1701,,noncliff test rmse,0.656327
moleculeace,fastprop,CHEMBL4792_Ki,1701,,cliff test rmse,0.70445
moleculeace,fastprop,CHEMBL1862_Ki,9001,,overall test rmse,0.798683
moleculeace,fastprop,CHEMBL1862_Ki,9001,,noncliff test rmse,0.809588
moleculeace,fastprop,CHEMBL1862_Ki,9001,,cliff test rmse,0.783128
moleculeace,fastprop,CHEMBL1871_Ki,9001,,overall test rmse,0.72365
moleculeace,fastprop,CHEMBL1871_Ki,9001,,noncliff test rmse,0.634601
moleculeace,fastprop,CHEMBL1871_Ki,9001,,cliff test rmse,0.953518
moleculeace,fastprop,CHEMBL2034_Ki,9001,,overall test rmse,0.723188
moleculeace,fastprop,CHEMBL2034_Ki,9001,,noncliff test rmse,0.594711
moleculeace,fastprop,CHEMBL2034_Ki,9001,,cliff test rmse,0.921204
moleculeace,fastprop,CHEMBL2047_EC50,9001,,overall test rmse,0.694423
moleculeace,fastprop,CHEMBL2047_EC50,9001,,noncliff test rmse,0.683388
moleculeace,fastprop,CHEMBL2047_EC50,9001,,cliff test rmse,0.711296
moleculeace,fastprop,CHEMBL204_Ki,9001,,overall test rmse,0.810189
moleculeace,fastprop,CHEMBL204_Ki,9001,,noncliff test rmse,0.733481
moleculeace,fastprop,CHEMBL204_Ki,9001,,cliff test rmse,0.914132
moleculeace,fastprop,CHEMBL2147_Ki,9001,,overall test rmse,0.661176
moleculeace,fastprop,CHEMBL2147_Ki,9001,,noncliff test rmse,0.663886
moleculeace,fastprop,CHEMBL2147_Ki,9001,,cliff test rmse,0.656996
moleculeace,fastprop,CHEMBL214_Ki,9001,,overall test rmse,0.71426
moleculeace,fastprop,CHEMBL214_Ki,9001,,noncliff test rmse,0.631696
moleculeace,fastprop,CHEMBL214_Ki,9001,,cliff test rmse,0.837332
moleculeace,fastprop,CHEMBL218_EC50,9001,,overall test rmse,0.770699
moleculeace,fastprop,CHEMBL218_EC50,9001,,noncliff test rmse,0.750527
moleculeace,fastprop,CHEMBL218_EC50,9001,,cliff test rmse,0.804534
moleculeace,fastprop,CHEMBL219_Ki,9001,,overall test rmse,0.776472
moleculeace,fastprop,CHEMBL219_Ki,9001,,noncliff test rmse,0.722808
moleculeace,fastprop,CHEMBL219_Ki,9001,,cliff test rmse,0.85192
moleculeace,fastprop,CHEMBL228_Ki,9001,,overall test rmse,0.753928
moleculeace,fastprop,CHEMBL228_Ki,9001,,noncliff test rmse,0.731429
moleculeace,fastprop,CHEMBL228_Ki,9001,,cliff test rmse,0.790557
moleculeace,fastprop,CHEMBL231_Ki,9001,,overall test rmse,0.709468
moleculeace,fastprop,CHEMBL231_Ki,9001,,noncliff test rmse,0.679472
moleculeace,fastprop,CHEMBL231_Ki,9001,,cliff test rmse,0.795408
moleculeace,fastprop,CHEMBL233_Ki,9001,,overall test rmse,0.862945
moleculeace,fastprop,CHEMBL233_Ki,9001,,noncliff test rmse,0.823533
moleculeace,fastprop,CHEMBL233_Ki,9001,,cliff test rmse,0.916453
moleculeace,fastprop,CHEMBL234_Ki,9001,,overall test rmse,0.6913
moleculeace,fastprop,CHEMBL234_Ki,9001,,noncliff test rmse,0.723935
moleculeace,fastprop,CHEMBL234_Ki,9001,,cliff test rmse,0.64675
moleculeace,fastprop,CHEMBL235_EC50,9001,,overall test rmse,0.712678
moleculeace,fastprop,CHEMBL235_EC50,9001,,noncliff test rmse,0.623366
moleculeace,fastprop,CHEMBL235_EC50,9001,,cliff test rmse,0.839641
moleculeace,fastprop,CHEMBL236_Ki,9001,,overall test rmse,0.763677
moleculeace,fastprop,CHEMBL236_Ki,9001,,noncliff test rmse,0.719133
moleculeace,fastprop,CHEMBL236_Ki,9001,,cliff test rmse,0.828155
moleculeace,fastprop,CHEMBL237_EC50,9001,,overall test rmse,0.836894
moleculeace,fastprop,CHEMBL237_EC50,9001,,noncliff test rmse,0.76217
moleculeace,fastprop,CHEMBL237_EC50,9001,,cliff test rmse,0.913414
moleculeace,fastprop,CHEMBL237_Ki,9001,,overall test rmse,0.749059
moleculeace,fastprop,CHEMBL237_Ki,9001,,noncliff test rmse,0.705726
moleculeace,fastprop,CHEMBL237_Ki,9001,,cliff test rmse,0.803501
moleculeace,fastprop,CHEMBL238_Ki,9001,,overall test rmse,0.741934
moleculeace,fastprop,CHEMBL238_Ki,9001,,noncliff test rmse,0.733987
moleculeace,fastprop,CHEMBL238_Ki,9001,,cliff test rmse,0.764305
moleculeace,fastprop,CHEMBL239_EC50,9001,,overall test rmse,0.74289
moleculeace,fastprop,CHEMBL239_EC50,9001,,noncliff test rmse,0.684136
moleculeace,fastprop,CHEMBL239_EC50,9001,,cliff test rmse,0.821207
moleculeace,fastprop,CHEMBL244_Ki,9001,,overall test rmse,0.798537
moleculeace,fastprop,CHEMBL244_Ki,9001,,noncliff test rmse,0.736638
moleculeace,fastprop,CHEMBL244_Ki,9001,,cliff test rmse,0.861392
moleculeace,fastprop,CHEMBL262_Ki,9001,,overall test rmse,0.794497
moleculeace,fastprop,CHEMBL262_Ki,9001,,noncliff test rmse,0.780743
moleculeace,fastprop,CHEMBL262_Ki,9001,,cliff test rmse,0.852461
moleculeace,fastprop,CHEMBL264_Ki,9001,,overall test rmse,0.608352
moleculeace,fastprop,CHEMBL264_Ki,9001,,noncliff test rmse,0.56123
moleculeace,fastprop,CHEMBL264_Ki,9001,,cliff test rmse,0.668836
moleculeace,fastprop,CHEMBL2835_Ki,9001,,overall test rmse,0.444293
moleculeace,fastprop,CHEMBL2835_Ki,9001,,noncliff test rmse,0.378939
moleculeace,fastprop,CHEMBL2835_Ki,9001,,cliff test rmse,0.815511
moleculeace,fastprop,CHEMBL287_Ki,9001,,overall test rmse,0.715785
moleculeace,fastprop,CHEMBL287_Ki,9001,,noncliff test rmse,0.699441
moleculeace,fastprop,CHEMBL287_Ki,9001,,cliff test rmse,0.741065
moleculeace,fastprop,CHEMBL2971_Ki,9001,,overall test rmse,0.662604
moleculeace,fastprop,CHEMBL2971_Ki,9001,,noncliff test rmse,0.608847
moleculeace,fastprop,CHEMBL2971_Ki,9001,,cliff test rmse,0.875623
moleculeace,fastprop,CHEMBL3979_EC50,9001,,overall test rmse,0.646803
moleculeace,fastprop,CHEMBL3979_EC50,9001,,noncliff test rmse,0.643913
moleculeace,fastprop,CHEMBL3979_EC50,9001,,cliff test rmse,0.65084
moleculeace,fastprop,CHEMBL4005_Ki,9001,,overall test rmse,0.669647
moleculeace,fastprop,CHEMBL4005_Ki,9001,,noncliff test rmse,0.550071
moleculeace,fastprop,CHEMBL4005_Ki,9001,,cliff test rmse,0.806286
moleculeace,fastprop,CHEMBL4203_Ki,9001,,overall test rmse,0.924665
moleculeace,fastprop,CHEMBL4203_Ki,9001,,noncliff test rmse,0.879371
moleculeace,fastprop,CHEMBL4203_Ki,9001,,cliff test rmse,1.30761
moleculeace,fastprop,CHEMBL4616_EC50,9001,,overall test rmse,0.732738
moleculeace,fastprop,CHEMBL4616_EC50,9001,,noncliff test rmse,0.711693
moleculeace,fastprop,CHEMBL4616_EC50,9001,,cliff test rmse,0.751259
moleculeace,fastprop,CHEMBL4792_Ki,9001,,overall test rmse,0.694348
moleculeace,fastprop,CHEMBL4792_Ki,9001,,noncliff test rmse,0.66168
moleculeace,fastprop,CHEMBL4792_Ki,9001,,cliff test rmse,0.721146
moleculeace,minimol,CHEMBL1862_Ki,42,,overall test rmse,0.717287
moleculeace,minimol,CHEMBL1862_Ki,42,,noncliff test rmse,0.743618
moleculeace,minimol,CHEMBL1862_Ki,42,,cliff test rmse,0.678625
moleculeace,minimol,CHEMBL1871_Ki,42,,overall test rmse,0.638814
moleculeace,minimol,CHEMBL1871_Ki,42,,noncliff test rmse,0.522313
moleculeace,minimol,CHEMBL1871_Ki,42,,cliff test rmse,0.916113
moleculeace,minimol,CHEMBL2034_Ki,42,,overall test rmse,0.656121
moleculeace,minimol,CHEMBL2034_Ki,42,,noncliff test rmse,0.545981
moleculeace,minimol,CHEMBL2034_Ki,42,,cliff test rmse,0.827712
moleculeace,minimol,CHEMBL2047_EC50,42,,overall test rmse,0.579057
moleculeace,minimol,CHEMBL2047_EC50,42,,noncliff test rmse,0.600079
moleculeace,minimol,CHEMBL2047_EC50,42,,cliff test rmse,0.544645
moleculeace,minimol,CHEMBL204_Ki,42,,overall test rmse,0.78949
moleculeace,minimol,CHEMBL204_Ki,42,,noncliff test rmse,0.696029
moleculeace,minimol,CHEMBL204_Ki,42,,cliff test rmse,0.912932
moleculeace,minimol,CHEMBL2147_Ki,42,,overall test rmse,0.710573
moleculeace,minimol,CHEMBL2147_Ki,42,,noncliff test rmse,0.718282
moleculeace,minimol,CHEMBL2147_Ki,42,,cliff test rmse,0.698579
moleculeace,minimol,CHEMBL214_Ki,42,,overall test rmse,0.712304
moleculeace,minimol,CHEMBL214_Ki,42,,noncliff test rmse,0.61353
moleculeace,minimol,CHEMBL214_Ki,42,,cliff test rmse,0.855811
moleculeace,minimol,CHEMBL218_EC50,42,,overall test rmse,0.716653
moleculeace,minimol,CHEMBL218_EC50,42,,noncliff test rmse,0.684649
moleculeace,minimol,CHEMBL218_EC50,42,,cliff test rmse,0.769082
moleculeace,minimol,CHEMBL219_Ki,42,,overall test rmse,0.71059
moleculeace,minimol,CHEMBL219_Ki,42,,noncliff test rmse,0.716904
moleculeace,minimol,CHEMBL219_Ki,42,,cliff test rmse,0.70084
moleculeace,minimol,CHEMBL228_Ki,42,,overall test rmse,0.689447
moleculeace,minimol,CHEMBL228_Ki,42,,noncliff test rmse,0.663508
moleculeace,minimol,CHEMBL228_Ki,42,,cliff test rmse,0.731265
moleculeace,minimol,CHEMBL231_Ki,42,,overall test rmse,0.682465
moleculeace,minimol,CHEMBL231_Ki,42,,noncliff test rmse,0.659884
moleculeace,minimol,CHEMBL231_Ki,42,,cliff test rmse,0.748234
moleculeace,minimol,CHEMBL233_Ki,42,,overall test rmse,0.789174
moleculeace,minimol,CHEMBL233_Ki,42,,noncliff test rmse,0.762734
moleculeace,minimol,CHEMBL233_Ki,42,,cliff test rmse,0.825573
moleculeace,minimol,CHEMBL234_Ki,42,,overall test rmse,0.695889
moleculeace,minimol,CHEMBL234_Ki,42,,noncliff test rmse,0.694657
moleculeace,minimol,CHEMBL234_Ki,42,,cliff test rmse,0.697475
moleculeace,minimol,CHEMBL235_EC50,42,,overall test rmse,0.683521
moleculeace,minimol,CHEMBL235_EC50,42,,noncliff test rmse,0.607219
moleculeace,minimol,CHEMBL235_EC50,42,,cliff test rmse,0.793642
moleculeace,minimol,CHEMBL236_Ki,42,,overall test rmse,0.778889
moleculeace,minimol,CHEMBL236_Ki,42,,noncliff test rmse,0.733473
moleculeace,minimol,CHEMBL236_Ki,42,,cliff test rmse,0.844629
moleculeace,minimol,CHEMBL237_EC50,42,,overall test rmse,0.825536
moleculeace,minimol,CHEMBL237_EC50,42,,noncliff test rmse,0.788991
moleculeace,minimol,CHEMBL237_EC50,42,,cliff test rmse,0.864665
moleculeace,minimol,CHEMBL237_Ki,42,,overall test rmse,0.745023
moleculeace,minimol,CHEMBL237_Ki,42,,noncliff test rmse,0.713507
moleculeace,minimol,CHEMBL237_Ki,42,,cliff test rmse,0.785296
moleculeace,minimol,CHEMBL238_Ki,42,,overall test rmse,0.690019
moleculeace,minimol,CHEMBL238_Ki,42,,noncliff test rmse,0.661067
moleculeace,minimol,CHEMBL238_Ki,42,,cliff test rmse,0.767133
moleculeace,minimol,CHEMBL239_EC50,42,,overall test rmse,0.663576
moleculeace,minimol,CHEMBL239_EC50,42,,noncliff test rmse,0.585114
moleculeace,minimol,CHEMBL239_EC50,42,,cliff test rmse,0.763855
moleculeace,minimol,CHEMBL244_Ki,42,,overall test rmse,0.829605
moleculeace,minimol,CHEMBL244_Ki,42,,noncliff test rmse,0.761878
moleculeace,minimol,CHEMBL244_Ki,42,,cliff test rmse,0.898104
moleculeace,minimol,CHEMBL262_Ki,42,,overall test rmse,0.768217
moleculeace,minimol,CHEMBL262_Ki,42,,noncliff test rmse,0.733286
moleculeace,minimol,CHEMBL262_Ki,42,,cliff test rmse,0.906235
moleculeace,minimol,CHEMBL264_Ki,42,,overall test rmse,0.614003
moleculeace,minimol,CHEMBL264_Ki,42,,noncliff test rmse,0.584905
moleculeace,minimol,CHEMBL264_Ki,42,,cliff test rmse,0.652609
moleculeace,minimol,CHEMBL2835_Ki,42,,overall test rmse,0.397141
moleculeace,minimol,CHEMBL2835_Ki,42,,noncliff test rmse,0.329316
moleculeace,minimol,CHEMBL2835_Ki,42,,cliff test rmse,0.765511
moleculeace,minimol,CHEMBL287_Ki,42,,overall test rmse,0.681088
moleculeace,minimol,CHEMBL287_Ki,42,,noncliff test rmse,0.641085
moleculeace,minimol,CHEMBL287_Ki,42,,cliff test rmse,0.740335
moleculeace,minimol,CHEMBL2971_Ki,42,,overall test rmse,0.684926
moleculeace,minimol,CHEMBL2971_Ki,42,,noncliff test rmse,0.642907
moleculeace,minimol,CHEMBL2971_Ki,42,,cliff test rmse,0.858262
moleculeace,minimol,CHEMBL3979_EC50,42,,overall test rmse,0.634254
moleculeace,minimol,CHEMBL3979_EC50,42,,noncliff test rmse,0.597797
moleculeace,minimol,CHEMBL3979_EC50,42,,cliff test rmse,0.682169
moleculeace,minimol,CHEMBL4005_Ki,42,,overall test rmse,0.640923
moleculeace,minimol,CHEMBL4005_Ki,42,,noncliff test rmse,0.57455
moleculeace,minimol,CHEMBL4005_Ki,42,,cliff test rmse,0.722726
moleculeace,minimol,CHEMBL4203_Ki,42,,overall test rmse,0.878359
moleculeace,minimol,CHEMBL4203_Ki,42,,noncliff test rmse,0.846776
moleculeace,minimol,CHEMBL4203_Ki,42,,cliff test rmse,1.15823
moleculeace,minimol,CHEMBL4616_EC50,42,,overall test rmse,0.704229
moleculeace,minimol,CHEMBL4616_EC50,42,,noncliff test rmse,0.647381
moleculeace,minimol,CHEMBL4616_EC50,42,,cliff test rmse,0.751935
moleculeace,minimol,CHEMBL4792_Ki,42,,overall test rmse,0.6509
moleculeace,minimol,CHEMBL4792_Ki,42,,noncliff test rmse,0.679564
moleculeace,minimol,CHEMBL4792_Ki,42,,cliff test rmse,0.625314
moleculeace,minimol,CHEMBL1862_Ki,117,,overall test rmse,0.739193
moleculeace,minimol,CHEMBL1862_Ki,117,,noncliff test rmse,0.759122
moleculeace,minimol,CHEMBL1862_Ki,117,,cliff test rmse,0.71029
moleculeace,minimol,CHEMBL1871_Ki,117,,overall test rmse,0.690446
moleculeace,minimol,CHEMBL1871_Ki,117,,noncliff test rmse,0.594901
moleculeace,minimol,CHEMBL1871_Ki,117,,cliff test rmse,0.931755
moleculeace,minimol,CHEMBL2034_Ki,117,,overall test rmse,0.657045
moleculeace,minimol,CHEMBL2034_Ki,117,,noncliff test rmse,0.540435
moleculeace,minimol,CHEMBL2034_Ki,117,,cliff test rmse,0.836806
moleculeace,minimol,CHEMBL2047_EC50,117,,overall test rmse,0.584601
moleculeace,minimol,CHEMBL2047_EC50,117,,noncliff test rmse,0.573882
moleculeace,minimol,CHEMBL2047_EC50,117,,cliff test rmse,0.600941
moleculeace,minimol,CHEMBL204_Ki,117,,overall test rmse,0.789411
moleculeace,minimol,CHEMBL204_Ki,117,,noncliff test rmse,0.685267
moleculeace,minimol,CHEMBL204_Ki,117,,cliff test rmse,0.925005
moleculeace,minimol,CHEMBL2147_Ki,117,,overall test rmse,0.672996
moleculeace,minimol,CHEMBL2147_Ki,117,,noncliff test rmse,0.692694
moleculeace,minimol,CHEMBL2147_Ki,117,,cliff test rmse,0.641595
moleculeace,minimol,CHEMBL214_Ki,117,,overall test rmse,0.703079
moleculeace,minimol,CHEMBL214_Ki,117,,noncliff test rmse,0.616448
moleculeace,minimol,CHEMBL214_Ki,117,,cliff test rmse,0.831113
moleculeace,minimol,CHEMBL218_EC50,117,,overall test rmse,0.728624
moleculeace,minimol,CHEMBL218_EC50,117,,noncliff test rmse,0.723095
moleculeace,minimol,CHEMBL218_EC50,117,,cliff test rmse,0.738127
moleculeace,minimol,CHEMBL219_Ki,117,,overall test rmse,0.731078
moleculeace,minimol,CHEMBL219_Ki,117,,noncliff test rmse,0.701353
moleculeace,minimol,CHEMBL219_Ki,117,,cliff test rmse,0.774271
moleculeace,minimol,CHEMBL228_Ki,117,,overall test rmse,0.700451
moleculeace,minimol,CHEMBL228_Ki,117,,noncliff test rmse,0.657266
moleculeace,minimol,CHEMBL228_Ki,117,,cliff test rmse,0.768045
moleculeace,minimol,CHEMBL231_Ki,117,,overall test rmse,0.702211
moleculeace,minimol,CHEMBL231_Ki,117,,noncliff test rmse,0.647537
moleculeace,minimol,CHEMBL231_Ki,117,,cliff test rmse,0.849811
moleculeace,minimol,CHEMBL233_Ki,117,,overall test rmse,0.789599
moleculeace,minimol,CHEMBL233_Ki,117,,noncliff test rmse,0.752258
moleculeace,minimol,CHEMBL233_Ki,117,,cliff test rmse,0.840202
moleculeace,minimol,CHEMBL234_Ki,117,,overall test rmse,0.671905
moleculeace,minimol,CHEMBL234_Ki,117,,noncliff test rmse,0.669412
moleculeace,minimol,CHEMBL234_Ki,117,,cliff test rmse,0.675108
moleculeace,minimol,CHEMBL235_EC50,117,,overall test rmse,0.675243
moleculeace,minimol,CHEMBL235_EC50,117,,noncliff test rmse,0.572674
moleculeace,minimol,CHEMBL235_EC50,117,,cliff test rmse,0.816925
moleculeace,minimol,CHEMBL236_Ki,117,,overall test rmse,0.784593
moleculeace,minimol,CHEMBL236_Ki,117,,noncliff test rmse,0.744204
moleculeace,minimol,CHEMBL236_Ki,117,,cliff test rmse,0.843526
moleculeace,minimol,CHEMBL237_EC50,117,,overall test rmse,0.822703
moleculeace,minimol,CHEMBL237_EC50,117,,noncliff test rmse,0.805041
moleculeace,minimol,CHEMBL237_EC50,117,,cliff test rmse,0.84206
moleculeace,minimol,CHEMBL237_Ki,117,,overall test rmse,0.731644
moleculeace,minimol,CHEMBL237_Ki,117,,noncliff test rmse,0.691568
moleculeace,minimol,CHEMBL237_Ki,117,,cliff test rmse,0.782162
moleculeace,minimol,CHEMBL238_Ki,117,,overall test rmse,0.697161
moleculeace,minimol,CHEMBL238_Ki,117,,noncliff test rmse,0.657423
moleculeace,minimol,CHEMBL238_Ki,117,,cliff test rmse,0.800415
moleculeace,minimol,CHEMBL239_EC50,117,,overall test rmse,0.689239
moleculeace,minimol,CHEMBL239_EC50,117,,noncliff test rmse,0.607137
moleculeace,minimol,CHEMBL239_EC50,117,,cliff test rmse,0.794072
moleculeace,minimol,CHEMBL244_Ki,117,,overall test rmse,0.786596
moleculeace,minimol,CHEMBL244_Ki,117,,noncliff test rmse,0.726098
moleculeace,minimol,CHEMBL244_Ki,117,,cliff test rmse,0.848066
moleculeace,minimol,CHEMBL262_Ki,117,,overall test rmse,0.739701
moleculeace,minimol,CHEMBL262_Ki,117,,noncliff test rmse,0.718568
moleculeace,minimol,CHEMBL262_Ki,117,,cliff test rmse,0.826406
moleculeace,minimol,CHEMBL264_Ki,117,,overall test rmse,0.630121
moleculeace,minimol,CHEMBL264_Ki,117,,noncliff test rmse,0.584469
moleculeace,minimol,CHEMBL264_Ki,117,,cliff test rmse,0.689037
moleculeace,minimol,CHEMBL2835_Ki,117,,overall test rmse,0.412853
moleculeace,minimol,CHEMBL2835_Ki,117,,noncliff test rmse,0.34916
moleculeace,minimol,CHEMBL2835_Ki,117,,cliff test rmse,0.769626
moleculeace,minimol,CHEMBL287_Ki,117,,overall test rmse,0.659561
moleculeace,minimol,CHEMBL287_Ki,117,,noncliff test rmse,0.625708
moleculeace,minimol,CHEMBL287_Ki,117,,cliff test rmse,0.71014
moleculeace,minimol,CHEMBL2971_Ki,117,,overall test rmse,0.667095
moleculeace,minimol,CHEMBL2971_Ki,117,,noncliff test rmse,0.639363
moleculeace,minimol,CHEMBL2971_Ki,117,,cliff test rmse,0.786581
moleculeace,minimol,CHEMBL3979_EC50,117,,overall test rmse,0.633978
moleculeace,minimol,CHEMBL3979_EC50,117,,noncliff test rmse,0.618842
moleculeace,minimol,CHEMBL3979_EC50,117,,cliff test rmse,0.654643
moleculeace,minimol,CHEMBL4005_Ki,117,,overall test rmse,0.702716
moleculeace,minimol,CHEMBL4005_Ki,117,,noncliff test rmse,0.609049
moleculeace,minimol,CHEMBL4005_Ki,117,,cliff test rmse,0.814681
moleculeace,minimol,CHEMBL4203_Ki,117,,overall test rmse,0.884241
moleculeace,minimol,CHEMBL4203_Ki,117,,noncliff test rmse,0.829027
moleculeace,minimol,CHEMBL4203_Ki,117,,cliff test rmse,1.33098
moleculeace,minimol,CHEMBL4616_EC50,117,,overall test rmse,0.701536
moleculeace,minimol,CHEMBL4616_EC50,117,,noncliff test rmse,0.667517
moleculeace,minimol,CHEMBL4616_EC50,117,,cliff test rmse,0.730931
moleculeace,minimol,CHEMBL4792_Ki,117,,overall test rmse,0.657523
moleculeace,minimol,CHEMBL4792_Ki,117,,noncliff test rmse,0.668478
moleculeace,minimol,CHEMBL4792_Ki,117,,cliff test rmse,0.647996
moleculeace,minimol,CHEMBL1862_Ki,709,,overall test rmse,0.777165
moleculeace,minimol,CHEMBL1862_Ki,709,,noncliff test rmse,0.755874
moleculeace,minimol,CHEMBL1862_Ki,709,,cliff test rmse,0.806087
moleculeace,minimol,CHEMBL1871_Ki,709,,overall test rmse,0.618259
moleculeace,minimol,CHEMBL1871_Ki,709,,noncliff test rmse,0.525087
moleculeace,minimol,CHEMBL1871_Ki,709,,cliff test rmse,0.84959
moleculeace,minimol,CHEMBL2034_Ki,709,,overall test rmse,0.632327
moleculeace,minimol,CHEMBL2034_Ki,709,,noncliff test rmse,0.565205
moleculeace,minimol,CHEMBL2034_Ki,709,,cliff test rmse,0.744591
moleculeace,minimol,CHEMBL2047_EC50,709,,overall test rmse,0.578127
moleculeace,minimol,CHEMBL2047_EC50,709,,noncliff test rmse,0.555778
moleculeace,minimol,CHEMBL2047_EC50,709,,cliff test rmse,0.611361
moleculeace,minimol,CHEMBL204_Ki,709,,overall test rmse,0.79689
moleculeace,minimol,CHEMBL204_Ki,709,,noncliff test rmse,0.713403
moleculeace,minimol,CHEMBL204_Ki,709,,cliff test rmse,0.908785
moleculeace,minimol,CHEMBL2147_Ki,709,,overall test rmse,0.678706
moleculeace,minimol,CHEMBL2147_Ki,709,,noncliff test rmse,0.69728
moleculeace,minimol,CHEMBL2147_Ki,709,,cliff test rmse,0.649171
moleculeace,minimol,CHEMBL214_Ki,709,,overall test rmse,0.684259
moleculeace,minimol,CHEMBL214_Ki,709,,noncliff test rmse,0.607718
moleculeace,minimol,CHEMBL214_Ki,709,,cliff test rmse,0.798836
moleculeace,minimol,CHEMBL218_EC50,709,,overall test rmse,0.729491
moleculeace,minimol,CHEMBL218_EC50,709,,noncliff test rmse,0.685106
moleculeace,minimol,CHEMBL218_EC50,709,,cliff test rmse,0.800755
moleculeace,minimol,CHEMBL219_Ki,709,,overall test rmse,0.750238
moleculeace,minimol,CHEMBL219_Ki,709,,noncliff test rmse,0.731156
moleculeace,minimol,CHEMBL219_Ki,709,,cliff test rmse,0.778475
moleculeace,minimol,CHEMBL228_Ki,709,,overall test rmse,0.688828
moleculeace,minimol,CHEMBL228_Ki,709,,noncliff test rmse,0.648321
moleculeace,minimol,CHEMBL228_Ki,709,,cliff test rmse,0.752448
moleculeace,minimol,CHEMBL231_Ki,709,,overall test rmse,0.724725
moleculeace,minimol,CHEMBL231_Ki,709,,noncliff test rmse,0.642402
moleculeace,minimol,CHEMBL231_Ki,709,,cliff test rmse,0.935195
moleculeace,minimol,CHEMBL233_Ki,709,,overall test rmse,0.809737
moleculeace,minimol,CHEMBL233_Ki,709,,noncliff test rmse,0.768914
moleculeace,minimol,CHEMBL233_Ki,709,,cliff test rmse,0.864862
moleculeace,minimol,CHEMBL234_Ki,709,,overall test rmse,0.673445
moleculeace,minimol,CHEMBL234_Ki,709,,noncliff test rmse,0.673624
moleculeace,minimol,CHEMBL234_Ki,709,,cliff test rmse,0.673214
moleculeace,minimol,CHEMBL235_EC50,709,,overall test rmse,0.670354
moleculeace,minimol,CHEMBL235_EC50,709,,noncliff test rmse,0.586655
moleculeace,minimol,CHEMBL235_EC50,709,,cliff test rmse,0.789397
moleculeace,minimol,CHEMBL236_Ki,709,,overall test rmse,0.767448
moleculeace,minimol,CHEMBL236_Ki,709,,noncliff test rmse,0.72309
moleculeace,minimol,CHEMBL236_Ki,709,,cliff test rmse,0.831697
moleculeace,minimol,CHEMBL237_EC50,709,,overall test rmse,0.807181
moleculeace,minimol,CHEMBL237_EC50,709,,noncliff test rmse,0.801964
moleculeace,minimol,CHEMBL237_EC50,709,,cliff test rmse,0.812988
moleculeace,minimol,CHEMBL237_Ki,709,,overall test rmse,0.740419
moleculeace,minimol,CHEMBL237_Ki,709,,noncliff test rmse,0.698147
moleculeace,minimol,CHEMBL237_Ki,709,,cliff test rmse,0.793571
moleculeace,minimol,CHEMBL238_Ki,709,,overall test rmse,0.677389
moleculeace,minimol,CHEMBL238_Ki,709,,noncliff test rmse,0.63655
moleculeace,minimol,CHEMBL238_Ki,709,,cliff test rmse,0.782948
moleculeace,minimol,CHEMBL239_EC50,709,,overall test rmse,0.688971
moleculeace,minimol,CHEMBL239_EC50,709,,noncliff test rmse,0.606125
moleculeace,minimol,CHEMBL239_EC50,709,,cliff test rmse,0.79463
moleculeace,minimol,CHEMBL244_Ki,709,,overall test rmse,0.814436
moleculeace,minimol,CHEMBL244_Ki,709,,noncliff test rmse,0.764783
moleculeace,minimol,CHEMBL244_Ki,709,,cliff test rmse,0.865681
moleculeace,minimol,CHEMBL262_Ki,709,,overall test rmse,0.732565
moleculeace,minimol,CHEMBL262_Ki,709,,noncliff test rmse,0.703137
moleculeace,minimol,CHEMBL262_Ki,709,,cliff test rmse,0.850181
moleculeace,minimol,CHEMBL264_Ki,709,,overall test rmse,0.616882
moleculeace,minimol,CHEMBL264_Ki,709,,noncliff test rmse,0.567035
moleculeace,minimol,CHEMBL264_Ki,709,,cliff test rmse,0.680633
moleculeace,minimol,CHEMBL2835_Ki,709,,overall test rmse,0.429781
moleculeace,minimol,CHEMBL2835_Ki,709,,noncliff test rmse,0.36396
moleculeace,minimol,CHEMBL2835_Ki,709,,cliff test rmse,0.799277
moleculeace,minimol,CHEMBL287_Ki,709,,overall test rmse,0.64932
moleculeace,minimol,CHEMBL287_Ki,709,,noncliff test rmse,0.657933
moleculeace,minimol,CHEMBL287_Ki,709,,cliff test rmse,0.635364
moleculeace,minimol,CHEMBL2971_Ki,709,,overall test rmse,0.673564
moleculeace,minimol,CHEMBL2971_Ki,709,,noncliff test rmse,0.661181
moleculeace,minimol,CHEMBL2971_Ki,709,,cliff test rmse,0.730019
moleculeace,minimol,CHEMBL3979_EC50,709,,overall test rmse,0.651911
moleculeace,minimol,CHEMBL3979_EC50,709,,noncliff test rmse,0.633477
moleculeace,minimol,CHEMBL3979_EC50,709,,cliff test rmse,0.676951
moleculeace,minimol,CHEMBL4005_Ki,709,,overall test rmse,0.676795
moleculeace,minimol,CHEMBL4005_Ki,709,,noncliff test rmse,0.576045
moleculeace,minimol,CHEMBL4005_Ki,709,,cliff test rmse,0.795351
moleculeace,minimol,CHEMBL4203_Ki,709,,overall test rmse,0.901945
moleculeace,minimol,CHEMBL4203_Ki,709,,noncliff test rmse,0.846773
moleculeace,minimol,CHEMBL4203_Ki,709,,cliff test rmse,1.35013
moleculeace,minimol,CHEMBL4616_EC50,709,,overall test rmse,0.718241
moleculeace,minimol,CHEMBL4616_EC50,709,,noncliff test rmse,0.680356
moleculeace,minimol,CHEMBL4616_EC50,709,,cliff test rmse,0.75085
moleculeace,minimol,CHEMBL4792_Ki,709,,overall test rmse,0.672409
moleculeace,minimol,CHEMBL4792_Ki,709,,noncliff test rmse,0.701465
moleculeace,minimol,CHEMBL4792_Ki,709,,cliff test rmse,0.646492
moleculeace,minimol,CHEMBL1862_Ki,1701,,overall test rmse,0.790578
moleculeace,minimol,CHEMBL1862_Ki,1701,,noncliff test rmse,0.810955
moleculeace,minimol,CHEMBL1862_Ki,1701,,cliff test rmse,0.761071
moleculeace,minimol,CHEMBL1871_Ki,1701,,overall test rmse,0.679639
moleculeace,minimol,CHEMBL1871_Ki,1701,,noncliff test rmse,0.604122
moleculeace,minimol,CHEMBL1871_Ki,1701,,cliff test rmse,0.878022
moleculeace,minimol,CHEMBL2034_Ki,1701,,overall test rmse,0.623234
moleculeace,minimol,CHEMBL2034_Ki,1701,,noncliff test rmse,0.551144
moleculeace,minimol,CHEMBL2034_Ki,1701,,cliff test rmse,0.74245
moleculeace,minimol,CHEMBL2047_EC50,1701,,overall test rmse,0.601822
moleculeace,minimol,CHEMBL2047_EC50,1701,,noncliff test rmse,0.587317
moleculeace,minimol,CHEMBL2047_EC50,1701,,cliff test rmse,0.623776
moleculeace,minimol,CHEMBL204_Ki,1701,,overall test rmse,0.79001
moleculeace,minimol,CHEMBL204_Ki,1701,,noncliff test rmse,0.682241
moleculeace,minimol,CHEMBL204_Ki,1701,,cliff test rmse,0.929665
moleculeace,minimol,CHEMBL2147_Ki,1701,,overall test rmse,0.686914
moleculeace,minimol,CHEMBL2147_Ki,1701,,noncliff test rmse,0.701275
moleculeace,minimol,CHEMBL2147_Ki,1701,,cliff test rmse,0.664273
moleculeace,minimol,CHEMBL214_Ki,1701,,overall test rmse,0.706467
moleculeace,minimol,CHEMBL214_Ki,1701,,noncliff test rmse,0.615295
moleculeace,minimol,CHEMBL214_Ki,1701,,cliff test rmse,0.84034
moleculeace,minimol,CHEMBL218_EC50,1701,,overall test rmse,0.685726
moleculeace,minimol,CHEMBL218_EC50,1701,,noncliff test rmse,0.645448
moleculeace,minimol,CHEMBL218_EC50,1701,,cliff test rmse,0.750562
moleculeace,minimol,CHEMBL219_Ki,1701,,overall test rmse,0.753263
moleculeace,minimol,CHEMBL219_Ki,1701,,noncliff test rmse,0.775355
moleculeace,minimol,CHEMBL219_Ki,1701,,cliff test rmse,0.718217
moleculeace,minimol,CHEMBL228_Ki,1701,,overall test rmse,0.665463
moleculeace,minimol,CHEMBL228_Ki,1701,,noncliff test rmse,0.633415
moleculeace,minimol,CHEMBL228_Ki,1701,,cliff test rmse,0.716456
moleculeace,minimol,CHEMBL231_Ki,1701,,overall test rmse,0.705957
moleculeace,minimol,CHEMBL231_Ki,1701,,noncliff test rmse,0.655843
moleculeace,minimol,CHEMBL231_Ki,1701,,cliff test rmse,0.842746
moleculeace,minimol,CHEMBL233_Ki,1701,,overall test rmse,0.777079
moleculeace,minimol,CHEMBL233_Ki,1701,,noncliff test rmse,0.746798
moleculeace,minimol,CHEMBL233_Ki,1701,,cliff test rmse,0.818506
moleculeace,minimol,CHEMBL234_Ki,1701,,overall test rmse,0.676699
moleculeace,minimol,CHEMBL234_Ki,1701,,noncliff test rmse,0.680916
moleculeace,minimol,CHEMBL234_Ki,1701,,cliff test rmse,0.671217
moleculeace,minimol,CHEMBL235_EC50,1701,,overall test rmse,0.686019
moleculeace,minimol,CHEMBL235_EC50,1701,,noncliff test rmse,0.597764
moleculeace,minimol,CHEMBL235_EC50,1701,,cliff test rmse,0.811022
moleculeace,minimol,CHEMBL236_Ki,1701,,overall test rmse,0.751631
moleculeace,minimol,CHEMBL236_Ki,1701,,noncliff test rmse,0.6927
moleculeace,minimol,CHEMBL236_Ki,1701,,cliff test rmse,0.834994
moleculeace,minimol,CHEMBL237_EC50,1701,,overall test rmse,0.81444
moleculeace,minimol,CHEMBL237_EC50,1701,,noncliff test rmse,0.762596
moleculeace,minimol,CHEMBL237_EC50,1701,,cliff test rmse,0.868881
moleculeace,minimol,CHEMBL237_Ki,1701,,overall test rmse,0.729517
moleculeace,minimol,CHEMBL237_Ki,1701,,noncliff test rmse,0.684761
moleculeace,minimol,CHEMBL237_Ki,1701,,cliff test rmse,0.785535
moleculeace,minimol,CHEMBL238_Ki,1701,,overall test rmse,0.666599
moleculeace,minimol,CHEMBL238_Ki,1701,,noncliff test rmse,0.659224
moleculeace,minimol,CHEMBL238_Ki,1701,,cliff test rmse,0.687346
moleculeace,minimol,CHEMBL239_EC50,1701,,overall test rmse,0.72745
moleculeace,minimol,CHEMBL239_EC50,1701,,noncliff test rmse,0.610119
moleculeace,minimol,CHEMBL239_EC50,1701,,cliff test rmse,0.870901
moleculeace,minimol,CHEMBL244_Ki,1701,,overall test rmse,0.802449
moleculeace,minimol,CHEMBL244_Ki,1701,,noncliff test rmse,0.708035
moleculeace,minimol,CHEMBL244_Ki,1701,,cliff test rmse,0.894712
moleculeace,minimol,CHEMBL262_Ki,1701,,overall test rmse,0.749644
moleculeace,minimol,CHEMBL262_Ki,1701,,noncliff test rmse,0.734853
moleculeace,minimol,CHEMBL262_Ki,1701,,cliff test rmse,0.811615
moleculeace,minimol,CHEMBL264_Ki,1701,,overall test rmse,0.622577
moleculeace,minimol,CHEMBL264_Ki,1701,,noncliff test rmse,0.593863
moleculeace,minimol,CHEMBL264_Ki,1701,,cliff test rmse,0.660728
moleculeace,minimol,CHEMBL2835_Ki,1701,,overall test rmse,0.415705
moleculeace,minimol,CHEMBL2835_Ki,1701,,noncliff test rmse,0.307416
moleculeace,minimol,CHEMBL2835_Ki,1701,,cliff test rmse,0.923833
moleculeace,minimol,CHEMBL287_Ki,1701,,overall test rmse,0.700518
moleculeace,minimol,CHEMBL287_Ki,1701,,noncliff test rmse,0.651242
moleculeace,minimol,CHEMBL287_Ki,1701,,cliff test rmse,0.772518
moleculeace,minimol,CHEMBL2971_Ki,1701,,overall test rmse,0.623894
moleculeace,minimol,CHEMBL2971_Ki,1701,,noncliff test rmse,0.593562
moleculeace,minimol,CHEMBL2971_Ki,1701,,cliff test rmse,0.752516
moleculeace,minimol,CHEMBL3979_EC50,1701,,overall test rmse,0.625582
moleculeace,minimol,CHEMBL3979_EC50,1701,,noncliff test rmse,0.605151
moleculeace,minimol,CHEMBL3979_EC50,1701,,cliff test rmse,0.653195
moleculeace,minimol,CHEMBL4005_Ki,1701,,overall test rmse,0.655199
moleculeace,minimol,CHEMBL4005_Ki,1701,,noncliff test rmse,0.560209
moleculeace,minimol,CHEMBL4005_Ki,1701,,cliff test rmse,0.767412
moleculeace,minimol,CHEMBL4203_Ki,1701,,overall test rmse,0.864832
moleculeace,minimol,CHEMBL4203_Ki,1701,,noncliff test rmse,0.816984
moleculeace,minimol,CHEMBL4203_Ki,1701,,cliff test rmse,1.26087
moleculeace,minimol,CHEMBL4616_EC50,1701,,overall test rmse,0.721204
moleculeace,minimol,CHEMBL4616_EC50,1701,,noncliff test rmse,0.674271
moleculeace,minimol,CHEMBL4616_EC50,1701,,cliff test rmse,0.761149
moleculeace,minimol,CHEMBL4792_Ki,1701,,overall test rmse,0.664178
moleculeace,minimol,CHEMBL4792_Ki,1701,,noncliff test rmse,0.647653
moleculeace,minimol,CHEMBL4792_Ki,1701,,cliff test rmse,0.678008
moleculeace,minimol,CHEMBL1862_Ki,9001,,overall test rmse,0.716156
moleculeace,minimol,CHEMBL1862_Ki,9001,,noncliff test rmse,0.70455
moleculeace,minimol,CHEMBL1862_Ki,9001,,cliff test rmse,0.732129
moleculeace,minimol,CHEMBL1871_Ki,9001,,overall test rmse,0.700136
moleculeace,minimol,CHEMBL1871_Ki,9001,,noncliff test rmse,0.592975
moleculeace,minimol,CHEMBL1871_Ki,9001,,cliff test rmse,0.965341
moleculeace,minimol,CHEMBL2034_Ki,9001,,overall test rmse,0.649105
moleculeace,minimol,CHEMBL2034_Ki,9001,,noncliff test rmse,0.545794
moleculeace,minimol,CHEMBL2034_Ki,9001,,cliff test rmse,0.811623
moleculeace,minimol,CHEMBL2047_EC50,9001,,overall test rmse,0.58629
moleculeace,minimol,CHEMBL2047_EC50,9001,,noncliff test rmse,0.571379
moleculeace,minimol,CHEMBL2047_EC50,9001,,cliff test rmse,0.608823
moleculeace,minimol,CHEMBL204_Ki,9001,,overall test rmse,0.831206
moleculeace,minimol,CHEMBL204_Ki,9001,,noncliff test rmse,0.732711
moleculeace,minimol,CHEMBL204_Ki,9001,,cliff test rmse,0.96128
moleculeace,minimol,CHEMBL2147_Ki,9001,,overall test rmse,0.666774
moleculeace,minimol,CHEMBL2147_Ki,9001,,noncliff test rmse,0.672916
moleculeace,minimol,CHEMBL2147_Ki,9001,,cliff test rmse,0.657237
moleculeace,minimol,CHEMBL214_Ki,9001,,overall test rmse,0.683047
moleculeace,minimol,CHEMBL214_Ki,9001,,noncliff test rmse,0.602764
moleculeace,minimol,CHEMBL214_Ki,9001,,cliff test rmse,0.802458
moleculeace,minimol,CHEMBL218_EC50,9001,,overall test rmse,0.709431
moleculeace,minimol,CHEMBL218_EC50,9001,,noncliff test rmse,0.690642
moleculeace,minimol,CHEMBL218_EC50,9001,,cliff test rmse,0.740933
moleculeace,minimol,CHEMBL219_Ki,9001,,overall test rmse,0.683638
moleculeace,minimol,CHEMBL219_Ki,9001,,noncliff test rmse,0.678475
moleculeace,minimol,CHEMBL219_Ki,9001,,cliff test rmse,0.691448
moleculeace,minimol,CHEMBL228_Ki,9001,,overall test rmse,0.697505
moleculeace,minimol,CHEMBL228_Ki,9001,,noncliff test rmse,0.670523
moleculeace,minimol,CHEMBL228_Ki,9001,,cliff test rmse,0.740948
moleculeace,minimol,CHEMBL231_Ki,9001,,overall test rmse,0.684695
moleculeace,minimol,CHEMBL231_Ki,9001,,noncliff test rmse,0.670352
moleculeace,minimol,CHEMBL231_Ki,9001,,cliff test rmse,0.727419
moleculeace,minimol,CHEMBL233_Ki,9001,,overall test rmse,0.798617
moleculeace,minimol,CHEMBL233_Ki,9001,,noncliff test rmse,0.770723
moleculeace,minimol,CHEMBL233_Ki,9001,,cliff test rmse,0.836955
moleculeace,minimol,CHEMBL234_Ki,9001,,overall test rmse,0.685773
moleculeace,minimol,CHEMBL234_Ki,9001,,noncliff test rmse,0.688187
moleculeace,minimol,CHEMBL234_Ki,9001,,cliff test rmse,0.682644
moleculeace,minimol,CHEMBL235_EC50,9001,,overall test rmse,0.682638
moleculeace,minimol,CHEMBL235_EC50,9001,,noncliff test rmse,0.58694
moleculeace,minimol,CHEMBL235_EC50,9001,,cliff test rmse,0.816496
moleculeace,minimol,CHEMBL236_Ki,9001,,overall test rmse,0.769913
moleculeace,minimol,CHEMBL236_Ki,9001,,noncliff test rmse,0.712741
moleculeace,minimol,CHEMBL236_Ki,9001,,cliff test rmse,0.851169
moleculeace,minimol,CHEMBL237_EC50,9001,,overall test rmse,0.831753
moleculeace,minimol,CHEMBL237_EC50,9001,,noncliff test rmse,0.79091
moleculeace,minimol,CHEMBL237_EC50,9001,,cliff test rmse,0.87527
moleculeace,minimol,CHEMBL237_Ki,9001,,overall test rmse,0.723704
moleculeace,minimol,CHEMBL237_Ki,9001,,noncliff test rmse,0.683337
moleculeace,minimol,CHEMBL237_Ki,9001,,cliff test rmse,0.774534
moleculeace,minimol,CHEMBL238_Ki,9001,,overall test rmse,0.663332
moleculeace,minimol,CHEMBL238_Ki,9001,,noncliff test rmse,0.645841
moleculeace,minimol,CHEMBL238_Ki,9001,,cliff test rmse,0.711192
moleculeace,minimol,CHEMBL239_EC50,9001,,overall test rmse,0.708744
moleculeace,minimol,CHEMBL239_EC50,9001,,noncliff test rmse,0.623162
moleculeace,minimol,CHEMBL239_EC50,9001,,cliff test rmse,0.817833
moleculeace,minimol,CHEMBL244_Ki,9001,,overall test rmse,0.834356
moleculeace,minimol,CHEMBL244_Ki,9001,,noncliff test rmse,0.743094
moleculeace,minimol,CHEMBL244_Ki,9001,,cliff test rmse,0.924238
moleculeace,minimol,CHEMBL262_Ki,9001,,overall test rmse,0.76103
moleculeace,minimol,CHEMBL262_Ki,9001,,noncliff test rmse,0.737294
moleculeace,minimol,CHEMBL262_Ki,9001,,cliff test rmse,0.85783
moleculeace,minimol,CHEMBL264_Ki,9001,,overall test rmse,0.6549
moleculeace,minimol,CHEMBL264_Ki,9001,,noncliff test rmse,0.609177
moleculeace,minimol,CHEMBL264_Ki,9001,,cliff test rmse,0.714078
moleculeace,minimol,CHEMBL2835_Ki,9001,,overall test rmse,0.432956
moleculeace,minimol,CHEMBL2835_Ki,9001,,noncliff test rmse,0.342269
moleculeace,minimol,CHEMBL2835_Ki,9001,,cliff test rmse,0.893613
moleculeace,minimol,CHEMBL287_Ki,9001,,overall test rmse,0.643416
moleculeace,minimol,CHEMBL287_Ki,9001,,noncliff test rmse,0.633451
moleculeace,minimol,CHEMBL287_Ki,9001,,cliff test rmse,0.658973
moleculeace,minimol,CHEMBL2971_Ki,9001,,overall test rmse,0.668901
moleculeace,minimol,CHEMBL2971_Ki,9001,,noncliff test rmse,0.61876
moleculeace,minimol,CHEMBL2971_Ki,9001,,cliff test rmse,0.870033
moleculeace,minimol,CHEMBL3979_EC50,9001,,overall test rmse,0.648066
moleculeace,minimol,CHEMBL3979_EC50,9001,,noncliff test rmse,0.60791
moleculeace,minimol,CHEMBL3979_EC50,9001,,cliff test rmse,0.70058
moleculeace,minimol,CHEMBL4005_Ki,9001,,overall test rmse,0.654518
moleculeace,minimol,CHEMBL4005_Ki,9001,,noncliff test rmse,0.529875
moleculeace,minimol,CHEMBL4005_Ki,9001,,cliff test rmse,0.795311
moleculeace,minimol,CHEMBL4203_Ki,9001,,overall test rmse,0.851726
moleculeace,minimol,CHEMBL4203_Ki,9001,,noncliff test rmse,0.78723
moleculeace,minimol,CHEMBL4203_Ki,9001,,cliff test rmse,1.35325
moleculeace,minimol,CHEMBL4616_EC50,9001,,overall test rmse,0.732252
moleculeace,minimol,CHEMBL4616_EC50,9001,,noncliff test rmse,0.684631
moleculeace,minimol,CHEMBL4616_EC50,9001,,cliff test rmse,0.772785
moleculeace,minimol,CHEMBL4792_Ki,9001,,overall test rmse,0.690204
moleculeace,minimol,CHEMBL4792_Ki,9001,,noncliff test rmse,0.697899
moleculeace,minimol,CHEMBL4792_Ki,9001,,cliff test rmse,0.683546
