[queue] queue start 2026-08-26T10:04:00Z

aws: [ERROR]: An error occurred (VcpuLimitExceeded) when calling the RunInstances operation: You have requested more vCPU capacity than your current vCPU limit of 64 allows for the instance bucket that the specified instance type belongs to. Please visit http://aws.amazon.com/contact-us/ec2-request to request an adjustment to this limit.

aws: [ERROR]: An error occurred (VcpuLimitExceeded) when calling the RunInstances operation: You have requested more vCPU capacity than your current vCPU limit of 64 allows for the instance bucket that the specified instance type belongs to. Please visit http://aws.amazon.com/contact-us/ec2-request to request an adjustment to this limit.

aws: [ERROR]: An error occurred (VcpuLimitExceeded) when calling the RunInstances operation: You have requested more vCPU capacity than your current vCPU limit of 64 allows for the instance bucket that the specified instance type belongs to. Please visit http://aws.amazon.com/contact-us/ec2-request to request an adjustment to this limit.

aws: [ERROR]: An error occurred (VcpuLimitExceeded) when calling the RunInstances operation: You have requested more vCPU capacity than your current vCPU limit of 64 allows for the instance bucket that the specified instance type belongs to. Please visit http://aws.amazon.com/contact-us/ec2-request to request an adjustment to this limit.
[queue] no capacity for skip_dense_8M_c124 -- holding 2026-08-26T10:04:08Z

aws: [ERROR]: An error occurred (VcpuLimitExceeded) when calling the RunInstances operation: You have requested more vCPU capacity than your current vCPU limit of 64 allows for the instance bucket that the specified instance type belongs to. Please visit http://aws.amazon.com/contact-us/ec2-request to request an adjustment to this limit.

aws: [ERROR]: An error occurred (VcpuLimitExceeded) when calling the RunInstances operation: You have requested more vCPU capacity than your current vCPU limit of 64 allows for the instance bucket that the specified instance type belongs to. Please visit http://aws.amazon.com/contact-us/ec2-request to request an adjustment to this limit.

aws: [ERROR]: An error occurred (VcpuLimitExceeded) when calling the RunInstances operation: You have requested more vCPU capacity than your current vCPU limit of 64 allows for the instance bucket that the specified instance type belongs to. Please visit http://aws.amazon.com/contact-us/ec2-request to request an adjustment to this limit.

aws: [ERROR]: An error occurred (VcpuLimitExceeded) when calling the RunInstances operation: You have requested more vCPU capacity than your current vCPU limit of 64 allows for the instance bucket that the specified instance type belongs to. Please visit http://aws.amazon.com/contact-us/ec2-request to request an adjustment to this limit.
[queue] no capacity for skip_dense_8M_c124 -- holding 2026-08-26T10:09:16Z

aws: [ERROR]: An error occurred (VcpuLimitExceeded) when calling the RunInstances operation: You have requested more vCPU capacity than your current vCPU limit of 64 allows for the instance bucket that the specified instance type belongs to. Please visit http://aws.amazon.com/contact-us/ec2-request to request an adjustment to this limit.

aws: [ERROR]: An error occurred (VcpuLimitExceeded) when calling the RunInstances operation: You have requested more vCPU capacity than your current vCPU limit of 64 allows for the instance bucket that the specified instance type belongs to. Please visit http://aws.amazon.com/contact-us/ec2-request to request an adjustment to this limit.

aws: [ERROR]: An error occurred (VcpuLimitExceeded) when calling the RunInstances operation: You have requested more vCPU capacity than your current vCPU limit of 64 allows for the instance bucket that the specified instance type belongs to. Please visit http://aws.amazon.com/contact-us/ec2-request to request an adjustment to this limit.

aws: [ERROR]: An error occurred (VcpuLimitExceeded) when calling the RunInstances operation: You have requested more vCPU capacity than your current vCPU limit of 64 allows for the instance bucket that the specified instance type belongs to. Please visit http://aws.amazon.com/contact-us/ec2-request to request an adjustment to this limit.
[queue] no capacity for skip_dense_8M_c124 -- holding 2026-08-26T10:14:25Z

aws: [ERROR]: An error occurred (VcpuLimitExceeded) when calling the RunInstances operation: You have requested more vCPU capacity than your current vCPU limit of 64 allows for the instance bucket that the specified instance type belongs to. Please visit http://aws.amazon.com/contact-us/ec2-request to request an adjustment to this limit.

aws: [ERROR]: An error occurred (VcpuLimitExceeded) when calling the RunInstances operation: You have requested more vCPU capacity than your current vCPU limit of 64 allows for the instance bucket that the specified instance type belongs to. Please visit http://aws.amazon.com/contact-us/ec2-request to request an adjustment to this limit.

aws: [ERROR]: An error occurred (VcpuLimitExceeded) when calling the RunInstances operation: You have requested more vCPU capacity than your current vCPU limit of 64 allows for the instance bucket that the specified instance type belongs to. Please visit http://aws.amazon.com/contact-us/ec2-request to request an adjustment to this limit.

aws: [ERROR]: An error occurred (VcpuLimitExceeded) when calling the RunInstances operation: You have requested more vCPU capacity than your current vCPU limit of 64 allows for the instance bucket that the specified instance type belongs to. Please visit http://aws.amazon.com/contact-us/ec2-request to request an adjustment to this limit.
[queue] no capacity for skip_dense_8M_c124 -- holding 2026-08-26T10:19:32Z

aws: [ERROR]: An error occurred (VcpuLimitExceeded) when calling the RunInstances operation: You have requested more vCPU capacity than your current vCPU limit of 64 allows for the instance bucket that the specified instance type belongs to. Please visit http://aws.amazon.com/contact-us/ec2-request to request an adjustment to this limit.

aws: [ERROR]: An error occurred (VcpuLimitExceeded) when calling the RunInstances operation: You have requested more vCPU capacity than your current vCPU limit of 64 allows for the instance bucket that the specified instance type belongs to. Please visit http://aws.amazon.com/contact-us/ec2-request to request an adjustment to this limit.

aws: [ERROR]: An error occurred (VcpuLimitExceeded) when calling the RunInstances operation: You have requested more vCPU capacity than your current vCPU limit of 64 allows for the instance bucket that the specified instance type belongs to. Please visit http://aws.amazon.com/contact-us/ec2-request to request an adjustment to this limit.

aws: [ERROR]: An error occurred (VcpuLimitExceeded) when calling the RunInstances operation: You have requested more vCPU capacity than your current vCPU limit of 64 allows for the instance bucket that the specified instance type belongs to. Please visit http://aws.amazon.com/contact-us/ec2-request to request an adjustment to this limit.
[queue] no capacity for skip_dense_8M_c124 -- holding 2026-08-26T10:24:41Z

aws: [ERROR]: An error occurred (VcpuLimitExceeded) when calling the RunInstances operation: You have requested more vCPU capacity than your current vCPU limit of 64 allows for the instance bucket that the specified instance type belongs to. Please visit http://aws.amazon.com/contact-us/ec2-request to request an adjustment to this limit.

aws: [ERROR]: An error occurred (VcpuLimitExceeded) when calling the RunInstances operation: You have requested more vCPU capacity than your current vCPU limit of 64 allows for the instance bucket that the specified instance type belongs to. Please visit http://aws.amazon.com/contact-us/ec2-request to request an adjustment to this limit.

aws: [ERROR]: An error occurred (VcpuLimitExceeded) when calling the RunInstances operation: You have requested more vCPU capacity than your current vCPU limit of 64 allows for the instance bucket that the specified instance type belongs to. Please visit http://aws.amazon.com/contact-us/ec2-request to request an adjustment to this limit.

aws: [ERROR]: An error occurred (VcpuLimitExceeded) when calling the RunInstances operation: You have requested more vCPU capacity than your current vCPU limit of 64 allows for the instance bucket that the specified instance type belongs to. Please visit http://aws.amazon.com/contact-us/ec2-request to request an adjustment to this limit.
[queue] no capacity for skip_dense_8M_c124 -- holding 2026-08-26T10:29:48Z

aws: [ERROR]: An error occurred (VcpuLimitExceeded) when calling the RunInstances operation: You have requested more vCPU capacity than your current vCPU limit of 64 allows for the instance bucket that the specified instance type belongs to. Please visit http://aws.amazon.com/contact-us/ec2-request to request an adjustment to this limit.

aws: [ERROR]: An error occurred (VcpuLimitExceeded) when calling the RunInstances operation: You have requested more vCPU capacity than your current vCPU limit of 64 allows for the instance bucket that the specified instance type belongs to. Please visit http://aws.amazon.com/contact-us/ec2-request to request an adjustment to this limit.

aws: [ERROR]: An error occurred (VcpuLimitExceeded) when calling the RunInstances operation: You have requested more vCPU capacity than your current vCPU limit of 64 allows for the instance bucket that the specified instance type belongs to. Please visit http://aws.amazon.com/contact-us/ec2-request to request an adjustment to this limit.

aws: [ERROR]: An error occurred (VcpuLimitExceeded) when calling the RunInstances operation: You have requested more vCPU capacity than your current vCPU limit of 64 allows for the instance bucket that the specified instance type belongs to. Please visit http://aws.amazon.com/contact-us/ec2-request to request an adjustment to this limit.
[queue] no capacity for skip_dense_8M_c124 -- holding 2026-08-26T10:34:56Z

aws: [ERROR]: An error occurred (VcpuLimitExceeded) when calling the RunInstances operation: You have requested more vCPU capacity than your current vCPU limit of 64 allows for the instance bucket that the specified instance type belongs to. Please visit http://aws.amazon.com/contact-us/ec2-request to request an adjustment to this limit.

aws: [ERROR]: An error occurred (VcpuLimitExceeded) when calling the RunInstances operation: You have requested more vCPU capacity than your current vCPU limit of 64 allows for the instance bucket that the specified instance type belongs to. Please visit http://aws.amazon.com/contact-us/ec2-request to request an adjustment to this limit.

aws: [ERROR]: An error occurred (VcpuLimitExceeded) when calling the RunInstances operation: You have requested more vCPU capacity than your current vCPU limit of 64 allows for the instance bucket that the specified instance type belongs to. Please visit http://aws.amazon.com/contact-us/ec2-request to request an adjustment to this limit.

aws: [ERROR]: An error occurred (VcpuLimitExceeded) when calling the RunInstances operation: You have requested more vCPU capacity than your current vCPU limit of 64 allows for the instance bucket that the specified instance type belongs to. Please visit http://aws.amazon.com/contact-us/ec2-request to request an adjustment to this limit.
[queue] no capacity for skip_dense_8M_c124 -- holding 2026-08-26T10:40:03Z

aws: [ERROR]: An error occurred (VcpuLimitExceeded) when calling the RunInstances operation: You have requested more vCPU capacity than your current vCPU limit of 64 allows for the instance bucket that the specified instance type belongs to. Please visit http://aws.amazon.com/contact-us/ec2-request to request an adjustment to this limit.

aws: [ERROR]: An error occurred (VcpuLimitExceeded) when calling the RunInstances operation: You have requested more vCPU capacity than your current vCPU limit of 64 allows for the instance bucket that the specified instance type belongs to. Please visit http://aws.amazon.com/contact-us/ec2-request to request an adjustment to this limit.

aws: [ERROR]: An error occurred (VcpuLimitExceeded) when calling the RunInstances operation: You have requested more vCPU capacity than your current vCPU limit of 64 allows for the instance bucket that the specified instance type belongs to. Please visit http://aws.amazon.com/contact-us/ec2-request to request an adjustment to this limit.

aws: [ERROR]: An error occurred (VcpuLimitExceeded) when calling the RunInstances operation: You have requested more vCPU capacity than your current vCPU limit of 64 allows for the instance bucket that the specified instance type belongs to. Please visit http://aws.amazon.com/contact-us/ec2-request to request an adjustment to this limit.
[queue] no capacity for skip_dense_8M_c124 -- holding 2026-08-26T10:45:11Z

aws: [ERROR]: An error occurred (VcpuLimitExceeded) when calling the RunInstances operation: You have requested more vCPU capacity than your current vCPU limit of 64 allows for the instance bucket that the specified instance type belongs to. Please visit http://aws.amazon.com/contact-us/ec2-request to request an adjustment to this limit.

aws: [ERROR]: An error occurred (VcpuLimitExceeded) when calling the RunInstances operation: You have requested more vCPU capacity than your current vCPU limit of 64 allows for the instance bucket that the specified instance type belongs to. Please visit http://aws.amazon.com/contact-us/ec2-request to request an adjustment to this limit.

aws: [ERROR]: An error occurred (VcpuLimitExceeded) when calling the RunInstances operation: You have requested more vCPU capacity than your current vCPU limit of 64 allows for the instance bucket that the specified instance type belongs to. Please visit http://aws.amazon.com/contact-us/ec2-request to request an adjustment to this limit.

aws: [ERROR]: An error occurred (VcpuLimitExceeded) when calling the RunInstances operation: You have requested more vCPU capacity than your current vCPU limit of 64 allows for the instance bucket that the specified instance type belongs to. Please visit http://aws.amazon.com/contact-us/ec2-request to request an adjustment to this limit.
[queue] no capacity for skip_dense_8M_c124 -- holding 2026-08-26T10:50:18Z

aws: [ERROR]: An error occurred (VcpuLimitExceeded) when calling the RunInstances operation: You have requested more vCPU capacity than your current vCPU limit of 64 allows for the instance bucket that the specified instance type belongs to. Please visit http://aws.amazon.com/contact-us/ec2-request to request an adjustment to this limit.

aws: [ERROR]: An error occurred (VcpuLimitExceeded) when calling the RunInstances operation: You have requested more vCPU capacity than your current vCPU limit of 64 allows for the instance bucket that the specified instance type belongs to. Please visit http://aws.amazon.com/contact-us/ec2-request to request an adjustment to this limit.

aws: [ERROR]: An error occurred (VcpuLimitExceeded) when calling the RunInstances operation: You have requested more vCPU capacity than your current vCPU limit of 64 allows for the instance bucket that the specified instance type belongs to. Please visit http://aws.amazon.com/contact-us/ec2-request to request an adjustment to this limit.

aws: [ERROR]: An error occurred (VcpuLimitExceeded) when calling the RunInstances operation: You have requested more vCPU capacity than your current vCPU limit of 64 allows for the instance bucket that the specified instance type belongs to. Please visit http://aws.amazon.com/contact-us/ec2-request to request an adjustment to this limit.
[queue] no capacity for skip_dense_8M_c124 -- holding 2026-08-26T10:55:26Z

aws: [ERROR]: An error occurred (VcpuLimitExceeded) when calling the RunInstances operation: You have requested more vCPU capacity than your current vCPU limit of 64 allows for the instance bucket that the specified instance type belongs to. Please visit http://aws.amazon.com/contact-us/ec2-request to request an adjustment to this limit.

aws: [ERROR]: An error occurred (VcpuLimitExceeded) when calling the RunInstances operation: You have requested more vCPU capacity than your current vCPU limit of 64 allows for the instance bucket that the specified instance type belongs to. Please visit http://aws.amazon.com/contact-us/ec2-request to request an adjustment to this limit.

aws: [ERROR]: An error occurred (VcpuLimitExceeded) when calling the RunInstances operation: You have requested more vCPU capacity than your current vCPU limit of 64 allows for the instance bucket that the specified instance type belongs to. Please visit http://aws.amazon.com/contact-us/ec2-request to request an adjustment to this limit.

aws: [ERROR]: An error occurred (VcpuLimitExceeded) when calling the RunInstances operation: You have requested more vCPU capacity than your current vCPU limit of 64 allows for the instance bucket that the specified instance type belongs to. Please visit http://aws.amazon.com/contact-us/ec2-request to request an adjustment to this limit.
[queue] no capacity for skip_dense_8M_c124 -- holding 2026-08-26T11:00:34Z

aws: [ERROR]: An error occurred (VcpuLimitExceeded) when calling the RunInstances operation: You have requested more vCPU capacity than your current vCPU limit of 64 allows for the instance bucket that the specified instance type belongs to. Please visit http://aws.amazon.com/contact-us/ec2-request to request an adjustment to this limit.

aws: [ERROR]: An error occurred (VcpuLimitExceeded) when calling the RunInstances operation: You have requested more vCPU capacity than your current vCPU limit of 64 allows for the instance bucket that the specified instance type belongs to. Please visit http://aws.amazon.com/contact-us/ec2-request to request an adjustment to this limit.

aws: [ERROR]: An error occurred (VcpuLimitExceeded) when calling the RunInstances operation: You have requested more vCPU capacity than your current vCPU limit of 64 allows for the instance bucket that the specified instance type belongs to. Please visit http://aws.amazon.com/contact-us/ec2-request to request an adjustment to this limit.

aws: [ERROR]: An error occurred (VcpuLimitExceeded) when calling the RunInstances operation: You have requested more vCPU capacity than your current vCPU limit of 64 allows for the instance bucket that the specified instance type belongs to. Please visit http://aws.amazon.com/contact-us/ec2-request to request an adjustment to this limit.
[queue] no capacity for skip_dense_8M_c124 -- holding 2026-08-26T11:05:41Z

aws: [ERROR]: An error occurred (VcpuLimitExceeded) when calling the RunInstances operation: You have requested more vCPU capacity than your current vCPU limit of 64 allows for the instance bucket that the specified instance type belongs to. Please visit http://aws.amazon.com/contact-us/ec2-request to request an adjustment to this limit.

aws: [ERROR]: An error occurred (VcpuLimitExceeded) when calling the RunInstances operation: You have requested more vCPU capacity than your current vCPU limit of 64 allows for the instance bucket that the specified instance type belongs to. Please visit http://aws.amazon.com/contact-us/ec2-request to request an adjustment to this limit.

aws: [ERROR]: An error occurred (VcpuLimitExceeded) when calling the RunInstances operation: You have requested more vCPU capacity than your current vCPU limit of 64 allows for the instance bucket that the specified instance type belongs to. Please visit http://aws.amazon.com/contact-us/ec2-request to request an adjustment to this limit.

aws: [ERROR]: An error occurred (VcpuLimitExceeded) when calling the RunInstances operation: You have requested more vCPU capacity than your current vCPU limit of 64 allows for the instance bucket that the specified instance type belongs to. Please visit http://aws.amazon.com/contact-us/ec2-request to request an adjustment to this limit.
[queue] no capacity for skip_dense_8M_c124 -- holding 2026-08-26T11:10:49Z

aws: [ERROR]: An error occurred (VcpuLimitExceeded) when calling the RunInstances operation: You have requested more vCPU capacity than your current vCPU limit of 64 allows for the instance bucket that the specified instance type belongs to. Please visit http://aws.amazon.com/contact-us/ec2-request to request an adjustment to this limit.

aws: [ERROR]: An error occurred (VcpuLimitExceeded) when calling the RunInstances operation: You have requested more vCPU capacity than your current vCPU limit of 64 allows for the instance bucket that the specified instance type belongs to. Please visit http://aws.amazon.com/contact-us/ec2-request to request an adjustment to this limit.

aws: [ERROR]: An error occurred (VcpuLimitExceeded) when calling the RunInstances operation: You have requested more vCPU capacity than your current vCPU limit of 64 allows for the instance bucket that the specified instance type belongs to. Please visit http://aws.amazon.com/contact-us/ec2-request to request an adjustment to this limit.

aws: [ERROR]: An error occurred (VcpuLimitExceeded) when calling the RunInstances operation: You have requested more vCPU capacity than your current vCPU limit of 64 allows for the instance bucket that the specified instance type belongs to. Please visit http://aws.amazon.com/contact-us/ec2-request to request an adjustment to this limit.
[queue] no capacity for skip_dense_8M_c124 -- holding 2026-08-26T11:15:56Z

aws: [ERROR]: An error occurred (VcpuLimitExceeded) when calling the RunInstances operation: You have requested more vCPU capacity than your current vCPU limit of 64 allows for the instance bucket that the specified instance type belongs to. Please visit http://aws.amazon.com/contact-us/ec2-request to request an adjustment to this limit.

aws: [ERROR]: An error occurred (VcpuLimitExceeded) when calling the RunInstances operation: You have requested more vCPU capacity than your current vCPU limit of 64 allows for the instance bucket that the specified instance type belongs to. Please visit http://aws.amazon.com/contact-us/ec2-request to request an adjustment to this limit.

aws: [ERROR]: An error occurred (VcpuLimitExceeded) when calling the RunInstances operation: You have requested more vCPU capacity than your current vCPU limit of 64 allows for the instance bucket that the specified instance type belongs to. Please visit http://aws.amazon.com/contact-us/ec2-request to request an adjustment to this limit.

aws: [ERROR]: An error occurred (VcpuLimitExceeded) when calling the RunInstances operation: You have requested more vCPU capacity than your current vCPU limit of 64 allows for the instance bucket that the specified instance type belongs to. Please visit http://aws.amazon.com/contact-us/ec2-request to request an adjustment to this limit.
[queue] no capacity for skip_dense_8M_c124 -- holding 2026-08-26T11:21:04Z

aws: [ERROR]: An error occurred (VcpuLimitExceeded) when calling the RunInstances operation: You have requested more vCPU capacity than your current vCPU limit of 64 allows for the instance bucket that the specified instance type belongs to. Please visit http://aws.amazon.com/contact-us/ec2-request to request an adjustment to this limit.

aws: [ERROR]: An error occurred (VcpuLimitExceeded) when calling the RunInstances operation: You have requested more vCPU capacity than your current vCPU limit of 64 allows for the instance bucket that the specified instance type belongs to. Please visit http://aws.amazon.com/contact-us/ec2-request to request an adjustment to this limit.

aws: [ERROR]: An error occurred (VcpuLimitExceeded) when calling the RunInstances operation: You have requested more vCPU capacity than your current vCPU limit of 64 allows for the instance bucket that the specified instance type belongs to. Please visit http://aws.amazon.com/contact-us/ec2-request to request an adjustment to this limit.

aws: [ERROR]: An error occurred (VcpuLimitExceeded) when calling the RunInstances operation: You have requested more vCPU capacity than your current vCPU limit of 64 allows for the instance bucket that the specified instance type belongs to. Please visit http://aws.amazon.com/contact-us/ec2-request to request an adjustment to this limit.
[queue] no capacity for skip_dense_8M_c124 -- holding 2026-08-26T11:26:12Z

aws: [ERROR]: An error occurred (VcpuLimitExceeded) when calling the RunInstances operation: You have requested more vCPU capacity than your current vCPU limit of 64 allows for the instance bucket that the specified instance type belongs to. Please visit http://aws.amazon.com/contact-us/ec2-request to request an adjustment to this limit.

aws: [ERROR]: An error occurred (VcpuLimitExceeded) when calling the RunInstances operation: You have requested more vCPU capacity than your current vCPU limit of 64 allows for the instance bucket that the specified instance type belongs to. Please visit http://aws.amazon.com/contact-us/ec2-request to request an adjustment to this limit.

aws: [ERROR]: An error occurred (VcpuLimitExceeded) when calling the RunInstances operation: You have requested more vCPU capacity than your current vCPU limit of 64 allows for the instance bucket that the specified instance type belongs to. Please visit http://aws.amazon.com/contact-us/ec2-request to request an adjustment to this limit.

aws: [ERROR]: An error occurred (VcpuLimitExceeded) when calling the RunInstances operation: You have requested more vCPU capacity than your current vCPU limit of 64 allows for the instance bucket that the specified instance type belongs to. Please visit http://aws.amazon.com/contact-us/ec2-request to request an adjustment to this limit.
[queue] no capacity for skip_dense_8M_c124 -- holding 2026-08-26T11:31:19Z

aws: [ERROR]: An error occurred (VcpuLimitExceeded) when calling the RunInstances operation: You have requested more vCPU capacity than your current vCPU limit of 64 allows for the instance bucket that the specified instance type belongs to. Please visit http://aws.amazon.com/contact-us/ec2-request to request an adjustment to this limit.

aws: [ERROR]: An error occurred (VcpuLimitExceeded) when calling the RunInstances operation: You have requested more vCPU capacity than your current vCPU limit of 64 allows for the instance bucket that the specified instance type belongs to. Please visit http://aws.amazon.com/contact-us/ec2-request to request an adjustment to this limit.

aws: [ERROR]: An error occurred (VcpuLimitExceeded) when calling the RunInstances operation: You have requested more vCPU capacity than your current vCPU limit of 64 allows for the instance bucket that the specified instance type belongs to. Please visit http://aws.amazon.com/contact-us/ec2-request to request an adjustment to this limit.

aws: [ERROR]: An error occurred (VcpuLimitExceeded) when calling the RunInstances operation: You have requested more vCPU capacity than your current vCPU limit of 64 allows for the instance bucket that the specified instance type belongs to. Please visit http://aws.amazon.com/contact-us/ec2-request to request an adjustment to this limit.
[queue] no capacity for skip_dense_8M_c124 -- holding 2026-08-26T11:36:27Z

aws: [ERROR]: An error occurred (VcpuLimitExceeded) when calling the RunInstances operation: You have requested more vCPU capacity than your current vCPU limit of 64 allows for the instance bucket that the specified instance type belongs to. Please visit http://aws.amazon.com/contact-us/ec2-request to request an adjustment to this limit.

aws: [ERROR]: An error occurred (VcpuLimitExceeded) when calling the RunInstances operation: You have requested more vCPU capacity than your current vCPU limit of 64 allows for the instance bucket that the specified instance type belongs to. Please visit http://aws.amazon.com/contact-us/ec2-request to request an adjustment to this limit.

aws: [ERROR]: An error occurred (VcpuLimitExceeded) when calling the RunInstances operation: You have requested more vCPU capacity than your current vCPU limit of 64 allows for the instance bucket that the specified instance type belongs to. Please visit http://aws.amazon.com/contact-us/ec2-request to request an adjustment to this limit.

aws: [ERROR]: An error occurred (VcpuLimitExceeded) when calling the RunInstances operation: You have requested more vCPU capacity than your current vCPU limit of 64 allows for the instance bucket that the specified instance type belongs to. Please visit http://aws.amazon.com/contact-us/ec2-request to request an adjustment to this limit.
[queue] no capacity for skip_dense_8M_c124 -- holding 2026-08-26T11:41:35Z

aws: [ERROR]: An error occurred (VcpuLimitExceeded) when calling the RunInstances operation: You have requested more vCPU capacity than your current vCPU limit of 64 allows for the instance bucket that the specified instance type belongs to. Please visit http://aws.amazon.com/contact-us/ec2-request to request an adjustment to this limit.

aws: [ERROR]: An error occurred (VcpuLimitExceeded) when calling the RunInstances operation: You have requested more vCPU capacity than your current vCPU limit of 64 allows for the instance bucket that the specified instance type belongs to. Please visit http://aws.amazon.com/contact-us/ec2-request to request an adjustment to this limit.

aws: [ERROR]: An error occurred (VcpuLimitExceeded) when calling the RunInstances operation: You have requested more vCPU capacity than your current vCPU limit of 64 allows for the instance bucket that the specified instance type belongs to. Please visit http://aws.amazon.com/contact-us/ec2-request to request an adjustment to this limit.

aws: [ERROR]: An error occurred (VcpuLimitExceeded) when calling the RunInstances operation: You have requested more vCPU capacity than your current vCPU limit of 64 allows for the instance bucket that the specified instance type belongs to. Please visit http://aws.amazon.com/contact-us/ec2-request to request an adjustment to this limit.
[queue] no capacity for skip_dense_8M_c124 -- holding 2026-08-26T11:46:42Z

aws: [ERROR]: An error occurred (VcpuLimitExceeded) when calling the RunInstances operation: You have requested more vCPU capacity than your current vCPU limit of 64 allows for the instance bucket that the specified instance type belongs to. Please visit http://aws.amazon.com/contact-us/ec2-request to request an adjustment to this limit.

aws: [ERROR]: An error occurred (VcpuLimitExceeded) when calling the RunInstances operation: You have requested more vCPU capacity than your current vCPU limit of 64 allows for the instance bucket that the specified instance type belongs to. Please visit http://aws.amazon.com/contact-us/ec2-request to request an adjustment to this limit.

aws: [ERROR]: An error occurred (VcpuLimitExceeded) when calling the RunInstances operation: You have requested more vCPU capacity than your current vCPU limit of 64 allows for the instance bucket that the specified instance type belongs to. Please visit http://aws.amazon.com/contact-us/ec2-request to request an adjustment to this limit.

aws: [ERROR]: An error occurred (VcpuLimitExceeded) when calling the RunInstances operation: You have requested more vCPU capacity than your current vCPU limit of 64 allows for the instance bucket that the specified instance type belongs to. Please visit http://aws.amazon.com/contact-us/ec2-request to request an adjustment to this limit.
[queue] no capacity for skip_dense_8M_c124 -- holding 2026-08-26T11:51:51Z

aws: [ERROR]: An error occurred (VcpuLimitExceeded) when calling the RunInstances operation: You have requested more vCPU capacity than your current vCPU limit of 64 allows for the instance bucket that the specified instance type belongs to. Please visit http://aws.amazon.com/contact-us/ec2-request to request an adjustment to this limit.

aws: [ERROR]: An error occurred (VcpuLimitExceeded) when calling the RunInstances operation: You have requested more vCPU capacity than your current vCPU limit of 64 allows for the instance bucket that the specified instance type belongs to. Please visit http://aws.amazon.com/contact-us/ec2-request to request an adjustment to this limit.

aws: [ERROR]: An error occurred (VcpuLimitExceeded) when calling the RunInstances operation: You have requested more vCPU capacity than your current vCPU limit of 64 allows for the instance bucket that the specified instance type belongs to. Please visit http://aws.amazon.com/contact-us/ec2-request to request an adjustment to this limit.

aws: [ERROR]: An error occurred (VcpuLimitExceeded) when calling the RunInstances operation: You have requested more vCPU capacity than your current vCPU limit of 64 allows for the instance bucket that the specified instance type belongs to. Please visit http://aws.amazon.com/contact-us/ec2-request to request an adjustment to this limit.
[queue] no capacity for skip_dense_8M_c124 -- holding 2026-08-26T11:56:58Z

aws: [ERROR]: An error occurred (InsufficientInstanceCapacity) when calling the RunInstances operation (reached max retries: 2): We currently do not have sufficient g5.4xlarge capacity in the Availability Zone you requested (us-east-1b). Our system will be working on provisioning additional capacity. You can currently get g5.4xlarge capacity by not specifying an Availability Zone in your request or choosing us-east-1a, us-east-1c, us-east-1d, us-east-1f.

aws: [ERROR]: An error occurred (InsufficientInstanceCapacity) when calling the RunInstances operation (reached max retries: 2): We currently do not have sufficient g5.4xlarge capacity in the Availability Zone you requested (us-east-1c). Our system will be working on provisioning additional capacity. You can currently get g5.4xlarge capacity by not specifying an Availability Zone in your request or choosing us-east-1a, us-east-1b, us-east-1d, us-east-1f.
[queue] LAUNCHED skip_dense_8M_c124 -> i-0dd39f2be52901700 (g5.4xlarge, subnet-0b0a9a945de9f8648) 2026-08-26T12:02:15Z

aws: [ERROR]: An error occurred (VcpuLimitExceeded) when calling the RunInstances operation: You have requested more vCPU capacity than your current vCPU limit of 64 allows for the instance bucket that the specified instance type belongs to. Please visit http://aws.amazon.com/contact-us/ec2-request to request an adjustment to this limit.

aws: [ERROR]: An error occurred (VcpuLimitExceeded) when calling the RunInstances operation: You have requested more vCPU capacity than your current vCPU limit of 64 allows for the instance bucket that the specified instance type belongs to. Please visit http://aws.amazon.com/contact-us/ec2-request to request an adjustment to this limit.

aws: [ERROR]: An error occurred (VcpuLimitExceeded) when calling the RunInstances operation: You have requested more vCPU capacity than your current vCPU limit of 64 allows for the instance bucket that the specified instance type belongs to. Please visit http://aws.amazon.com/contact-us/ec2-request to request an adjustment to this limit.

aws: [ERROR]: An error occurred (VcpuLimitExceeded) when calling the RunInstances operation: You have requested more vCPU capacity than your current vCPU limit of 64 allows for the instance bucket that the specified instance type belongs to. Please visit http://aws.amazon.com/contact-us/ec2-request to request an adjustment to this limit.
[queue] no capacity for u2s_dense_from50M -- holding 2026-08-26T12:08:24Z

aws: [ERROR]: An error occurred (VcpuLimitExceeded) when calling the RunInstances operation: You have requested more vCPU capacity than your current vCPU limit of 64 allows for the instance bucket that the specified instance type belongs to. Please visit http://aws.amazon.com/contact-us/ec2-request to request an adjustment to this limit.

aws: [ERROR]: An error occurred (VcpuLimitExceeded) when calling the RunInstances operation: You have requested more vCPU capacity than your current vCPU limit of 64 allows for the instance bucket that the specified instance type belongs to. Please visit http://aws.amazon.com/contact-us/ec2-request to request an adjustment to this limit.

aws: [ERROR]: An error occurred (VcpuLimitExceeded) when calling the RunInstances operation: You have requested more vCPU capacity than your current vCPU limit of 64 allows for the instance bucket that the specified instance type belongs to. Please visit http://aws.amazon.com/contact-us/ec2-request to request an adjustment to this limit.

aws: [ERROR]: An error occurred (VcpuLimitExceeded) when calling the RunInstances operation: You have requested more vCPU capacity than your current vCPU limit of 64 allows for the instance bucket that the specified instance type belongs to. Please visit http://aws.amazon.com/contact-us/ec2-request to request an adjustment to this limit.
[queue] no capacity for u2s_dense_from50M -- holding 2026-08-26T12:13:33Z

aws: [ERROR]: An error occurred (VcpuLimitExceeded) when calling the RunInstances operation: You have requested more vCPU capacity than your current vCPU limit of 64 allows for the instance bucket that the specified instance type belongs to. Please visit http://aws.amazon.com/contact-us/ec2-request to request an adjustment to this limit.

aws: [ERROR]: An error occurred (VcpuLimitExceeded) when calling the RunInstances operation: You have requested more vCPU capacity than your current vCPU limit of 64 allows for the instance bucket that the specified instance type belongs to. Please visit http://aws.amazon.com/contact-us/ec2-request to request an adjustment to this limit.

aws: [ERROR]: An error occurred (VcpuLimitExceeded) when calling the RunInstances operation: You have requested more vCPU capacity than your current vCPU limit of 64 allows for the instance bucket that the specified instance type belongs to. Please visit http://aws.amazon.com/contact-us/ec2-request to request an adjustment to this limit.

aws: [ERROR]: An error occurred (VcpuLimitExceeded) when calling the RunInstances operation: You have requested more vCPU capacity than your current vCPU limit of 64 allows for the instance bucket that the specified instance type belongs to. Please visit http://aws.amazon.com/contact-us/ec2-request to request an adjustment to this limit.
[queue] no capacity for u2s_dense_from50M -- holding 2026-08-26T12:18:41Z

aws: [ERROR]: An error occurred (VcpuLimitExceeded) when calling the RunInstances operation: You have requested more vCPU capacity than your current vCPU limit of 64 allows for the instance bucket that the specified instance type belongs to. Please visit http://aws.amazon.com/contact-us/ec2-request to request an adjustment to this limit.

aws: [ERROR]: An error occurred (VcpuLimitExceeded) when calling the RunInstances operation: You have requested more vCPU capacity than your current vCPU limit of 64 allows for the instance bucket that the specified instance type belongs to. Please visit http://aws.amazon.com/contact-us/ec2-request to request an adjustment to this limit.

aws: [ERROR]: An error occurred (VcpuLimitExceeded) when calling the RunInstances operation: You have requested more vCPU capacity than your current vCPU limit of 64 allows for the instance bucket that the specified instance type belongs to. Please visit http://aws.amazon.com/contact-us/ec2-request to request an adjustment to this limit.

aws: [ERROR]: An error occurred (VcpuLimitExceeded) when calling the RunInstances operation: You have requested more vCPU capacity than your current vCPU limit of 64 allows for the instance bucket that the specified instance type belongs to. Please visit http://aws.amazon.com/contact-us/ec2-request to request an adjustment to this limit.
[queue] no capacity for u2s_dense_from50M -- holding 2026-08-26T12:23:50Z

aws: [ERROR]: An error occurred (VcpuLimitExceeded) when calling the RunInstances operation: You have requested more vCPU capacity than your current vCPU limit of 64 allows for the instance bucket that the specified instance type belongs to. Please visit http://aws.amazon.com/contact-us/ec2-request to request an adjustment to this limit.

aws: [ERROR]: An error occurred (VcpuLimitExceeded) when calling the RunInstances operation: You have requested more vCPU capacity than your current vCPU limit of 64 allows for the instance bucket that the specified instance type belongs to. Please visit http://aws.amazon.com/contact-us/ec2-request to request an adjustment to this limit.

aws: [ERROR]: An error occurred (VcpuLimitExceeded) when calling the RunInstances operation: You have requested more vCPU capacity than your current vCPU limit of 64 allows for the instance bucket that the specified instance type belongs to. Please visit http://aws.amazon.com/contact-us/ec2-request to request an adjustment to this limit.

aws: [ERROR]: An error occurred (VcpuLimitExceeded) when calling the RunInstances operation: You have requested more vCPU capacity than your current vCPU limit of 64 allows for the instance bucket that the specified instance type belongs to. Please visit http://aws.amazon.com/contact-us/ec2-request to request an adjustment to this limit.
[queue] no capacity for u2s_dense_from50M -- holding 2026-08-26T12:28:58Z

aws: [ERROR]: An error occurred (VcpuLimitExceeded) when calling the RunInstances operation: You have requested more vCPU capacity than your current vCPU limit of 64 allows for the instance bucket that the specified instance type belongs to. Please visit http://aws.amazon.com/contact-us/ec2-request to request an adjustment to this limit.

aws: [ERROR]: An error occurred (VcpuLimitExceeded) when calling the RunInstances operation: You have requested more vCPU capacity than your current vCPU limit of 64 allows for the instance bucket that the specified instance type belongs to. Please visit http://aws.amazon.com/contact-us/ec2-request to request an adjustment to this limit.

aws: [ERROR]: An error occurred (VcpuLimitExceeded) when calling the RunInstances operation: You have requested more vCPU capacity than your current vCPU limit of 64 allows for the instance bucket that the specified instance type belongs to. Please visit http://aws.amazon.com/contact-us/ec2-request to request an adjustment to this limit.

aws: [ERROR]: An error occurred (VcpuLimitExceeded) when calling the RunInstances operation: You have requested more vCPU capacity than your current vCPU limit of 64 allows for the instance bucket that the specified instance type belongs to. Please visit http://aws.amazon.com/contact-us/ec2-request to request an adjustment to this limit.
[queue] no capacity for u2s_dense_from50M -- holding 2026-08-26T12:34:07Z

aws: [ERROR]: An error occurred (VcpuLimitExceeded) when calling the RunInstances operation: You have requested more vCPU capacity than your current vCPU limit of 64 allows for the instance bucket that the specified instance type belongs to. Please visit http://aws.amazon.com/contact-us/ec2-request to request an adjustment to this limit.

aws: [ERROR]: An error occurred (VcpuLimitExceeded) when calling the RunInstances operation: You have requested more vCPU capacity than your current vCPU limit of 64 allows for the instance bucket that the specified instance type belongs to. Please visit http://aws.amazon.com/contact-us/ec2-request to request an adjustment to this limit.

aws: [ERROR]: An error occurred (VcpuLimitExceeded) when calling the RunInstances operation: You have requested more vCPU capacity than your current vCPU limit of 64 allows for the instance bucket that the specified instance type belongs to. Please visit http://aws.amazon.com/contact-us/ec2-request to request an adjustment to this limit.

aws: [ERROR]: An error occurred (VcpuLimitExceeded) when calling the RunInstances operation: You have requested more vCPU capacity than your current vCPU limit of 64 allows for the instance bucket that the specified instance type belongs to. Please visit http://aws.amazon.com/contact-us/ec2-request to request an adjustment to this limit.
[queue] no capacity for u2s_dense_from50M -- holding 2026-08-26T12:39:16Z

aws: [ERROR]: An error occurred (VcpuLimitExceeded) when calling the RunInstances operation: You have requested more vCPU capacity than your current vCPU limit of 64 allows for the instance bucket that the specified instance type belongs to. Please visit http://aws.amazon.com/contact-us/ec2-request to request an adjustment to this limit.

aws: [ERROR]: An error occurred (VcpuLimitExceeded) when calling the RunInstances operation: You have requested more vCPU capacity than your current vCPU limit of 64 allows for the instance bucket that the specified instance type belongs to. Please visit http://aws.amazon.com/contact-us/ec2-request to request an adjustment to this limit.

aws: [ERROR]: An error occurred (VcpuLimitExceeded) when calling the RunInstances operation: You have requested more vCPU capacity than your current vCPU limit of 64 allows for the instance bucket that the specified instance type belongs to. Please visit http://aws.amazon.com/contact-us/ec2-request to request an adjustment to this limit.

aws: [ERROR]: An error occurred (VcpuLimitExceeded) when calling the RunInstances operation: You have requested more vCPU capacity than your current vCPU limit of 64 allows for the instance bucket that the specified instance type belongs to. Please visit http://aws.amazon.com/contact-us/ec2-request to request an adjustment to this limit.
[queue] no capacity for u2s_dense_from50M -- holding 2026-08-26T12:44:24Z

aws: [ERROR]: An error occurred (VcpuLimitExceeded) when calling the RunInstances operation: You have requested more vCPU capacity than your current vCPU limit of 64 allows for the instance bucket that the specified instance type belongs to. Please visit http://aws.amazon.com/contact-us/ec2-request to request an adjustment to this limit.

aws: [ERROR]: An error occurred (VcpuLimitExceeded) when calling the RunInstances operation: You have requested more vCPU capacity than your current vCPU limit of 64 allows for the instance bucket that the specified instance type belongs to. Please visit http://aws.amazon.com/contact-us/ec2-request to request an adjustment to this limit.

aws: [ERROR]: An error occurred (VcpuLimitExceeded) when calling the RunInstances operation: You have requested more vCPU capacity than your current vCPU limit of 64 allows for the instance bucket that the specified instance type belongs to. Please visit http://aws.amazon.com/contact-us/ec2-request to request an adjustment to this limit.

aws: [ERROR]: An error occurred (VcpuLimitExceeded) when calling the RunInstances operation: You have requested more vCPU capacity than your current vCPU limit of 64 allows for the instance bucket that the specified instance type belongs to. Please visit http://aws.amazon.com/contact-us/ec2-request to request an adjustment to this limit.
[queue] no capacity for u2s_dense_from50M -- holding 2026-08-26T12:49:33Z

aws: [ERROR]: An error occurred (VcpuLimitExceeded) when calling the RunInstances operation: You have requested more vCPU capacity than your current vCPU limit of 64 allows for the instance bucket that the specified instance type belongs to. Please visit http://aws.amazon.com/contact-us/ec2-request to request an adjustment to this limit.

aws: [ERROR]: An error occurred (VcpuLimitExceeded) when calling the RunInstances operation: You have requested more vCPU capacity than your current vCPU limit of 64 allows for the instance bucket that the specified instance type belongs to. Please visit http://aws.amazon.com/contact-us/ec2-request to request an adjustment to this limit.

aws: [ERROR]: An error occurred (VcpuLimitExceeded) when calling the RunInstances operation: You have requested more vCPU capacity than your current vCPU limit of 64 allows for the instance bucket that the specified instance type belongs to. Please visit http://aws.amazon.com/contact-us/ec2-request to request an adjustment to this limit.

aws: [ERROR]: An error occurred (VcpuLimitExceeded) when calling the RunInstances operation: You have requested more vCPU capacity than your current vCPU limit of 64 allows for the instance bucket that the specified instance type belongs to. Please visit http://aws.amazon.com/contact-us/ec2-request to request an adjustment to this limit.
[queue] no capacity for u2s_dense_from50M -- holding 2026-08-26T12:54:41Z

aws: [ERROR]: An error occurred (VcpuLimitExceeded) when calling the RunInstances operation: You have requested more vCPU capacity than your current vCPU limit of 64 allows for the instance bucket that the specified instance type belongs to. Please visit http://aws.amazon.com/contact-us/ec2-request to request an adjustment to this limit.

aws: [ERROR]: An error occurred (VcpuLimitExceeded) when calling the RunInstances operation: You have requested more vCPU capacity than your current vCPU limit of 64 allows for the instance bucket that the specified instance type belongs to. Please visit http://aws.amazon.com/contact-us/ec2-request to request an adjustment to this limit.

aws: [ERROR]: An error occurred (VcpuLimitExceeded) when calling the RunInstances operation: You have requested more vCPU capacity than your current vCPU limit of 64 allows for the instance bucket that the specified instance type belongs to. Please visit http://aws.amazon.com/contact-us/ec2-request to request an adjustment to this limit.

aws: [ERROR]: An error occurred (VcpuLimitExceeded) when calling the RunInstances operation: You have requested more vCPU capacity than your current vCPU limit of 64 allows for the instance bucket that the specified instance type belongs to. Please visit http://aws.amazon.com/contact-us/ec2-request to request an adjustment to this limit.
[queue] no capacity for u2s_dense_from50M -- holding 2026-08-26T12:59:50Z

aws: [ERROR]: An error occurred (VcpuLimitExceeded) when calling the RunInstances operation: You have requested more vCPU capacity than your current vCPU limit of 64 allows for the instance bucket that the specified instance type belongs to. Please visit http://aws.amazon.com/contact-us/ec2-request to request an adjustment to this limit.

aws: [ERROR]: An error occurred (VcpuLimitExceeded) when calling the RunInstances operation: You have requested more vCPU capacity than your current vCPU limit of 64 allows for the instance bucket that the specified instance type belongs to. Please visit http://aws.amazon.com/contact-us/ec2-request to request an adjustment to this limit.

aws: [ERROR]: An error occurred (VcpuLimitExceeded) when calling the RunInstances operation: You have requested more vCPU capacity than your current vCPU limit of 64 allows for the instance bucket that the specified instance type belongs to. Please visit http://aws.amazon.com/contact-us/ec2-request to request an adjustment to this limit.

aws: [ERROR]: An error occurred (VcpuLimitExceeded) when calling the RunInstances operation: You have requested more vCPU capacity than your current vCPU limit of 64 allows for the instance bucket that the specified instance type belongs to. Please visit http://aws.amazon.com/contact-us/ec2-request to request an adjustment to this limit.
[queue] no capacity for u2s_dense_from50M -- holding 2026-08-26T13:04:58Z

aws: [ERROR]: An error occurred (VcpuLimitExceeded) when calling the RunInstances operation: You have requested more vCPU capacity than your current vCPU limit of 64 allows for the instance bucket that the specified instance type belongs to. Please visit http://aws.amazon.com/contact-us/ec2-request to request an adjustment to this limit.

aws: [ERROR]: An error occurred (VcpuLimitExceeded) when calling the RunInstances operation: You have requested more vCPU capacity than your current vCPU limit of 64 allows for the instance bucket that the specified instance type belongs to. Please visit http://aws.amazon.com/contact-us/ec2-request to request an adjustment to this limit.

aws: [ERROR]: An error occurred (VcpuLimitExceeded) when calling the RunInstances operation: You have requested more vCPU capacity than your current vCPU limit of 64 allows for the instance bucket that the specified instance type belongs to. Please visit http://aws.amazon.com/contact-us/ec2-request to request an adjustment to this limit.

aws: [ERROR]: An error occurred (VcpuLimitExceeded) when calling the RunInstances operation: You have requested more vCPU capacity than your current vCPU limit of 64 allows for the instance bucket that the specified instance type belongs to. Please visit http://aws.amazon.com/contact-us/ec2-request to request an adjustment to this limit.
[queue] no capacity for u2s_dense_from50M -- holding 2026-08-26T13:10:07Z

aws: [ERROR]: An error occurred (VcpuLimitExceeded) when calling the RunInstances operation: You have requested more vCPU capacity than your current vCPU limit of 64 allows for the instance bucket that the specified instance type belongs to. Please visit http://aws.amazon.com/contact-us/ec2-request to request an adjustment to this limit.

aws: [ERROR]: An error occurred (VcpuLimitExceeded) when calling the RunInstances operation: You have requested more vCPU capacity than your current vCPU limit of 64 allows for the instance bucket that the specified instance type belongs to. Please visit http://aws.amazon.com/contact-us/ec2-request to request an adjustment to this limit.

aws: [ERROR]: An error occurred (VcpuLimitExceeded) when calling the RunInstances operation: You have requested more vCPU capacity than your current vCPU limit of 64 allows for the instance bucket that the specified instance type belongs to. Please visit http://aws.amazon.com/contact-us/ec2-request to request an adjustment to this limit.

aws: [ERROR]: An error occurred (VcpuLimitExceeded) when calling the RunInstances operation: You have requested more vCPU capacity than your current vCPU limit of 64 allows for the instance bucket that the specified instance type belongs to. Please visit http://aws.amazon.com/contact-us/ec2-request to request an adjustment to this limit.
[queue] no capacity for u2s_dense_from50M -- holding 2026-08-26T13:15:16Z

aws: [ERROR]: An error occurred (VcpuLimitExceeded) when calling the RunInstances operation: You have requested more vCPU capacity than your current vCPU limit of 64 allows for the instance bucket that the specified instance type belongs to. Please visit http://aws.amazon.com/contact-us/ec2-request to request an adjustment to this limit.

aws: [ERROR]: An error occurred (VcpuLimitExceeded) when calling the RunInstances operation: You have requested more vCPU capacity than your current vCPU limit of 64 allows for the instance bucket that the specified instance type belongs to. Please visit http://aws.amazon.com/contact-us/ec2-request to request an adjustment to this limit.

aws: [ERROR]: An error occurred (VcpuLimitExceeded) when calling the RunInstances operation: You have requested more vCPU capacity than your current vCPU limit of 64 allows for the instance bucket that the specified instance type belongs to. Please visit http://aws.amazon.com/contact-us/ec2-request to request an adjustment to this limit.

aws: [ERROR]: An error occurred (VcpuLimitExceeded) when calling the RunInstances operation: You have requested more vCPU capacity than your current vCPU limit of 64 allows for the instance bucket that the specified instance type belongs to. Please visit http://aws.amazon.com/contact-us/ec2-request to request an adjustment to this limit.
[queue] no capacity for u2s_dense_from50M -- holding 2026-08-26T13:20:25Z

aws: [ERROR]: An error occurred (VcpuLimitExceeded) when calling the RunInstances operation: You have requested more vCPU capacity than your current vCPU limit of 64 allows for the instance bucket that the specified instance type belongs to. Please visit http://aws.amazon.com/contact-us/ec2-request to request an adjustment to this limit.

aws: [ERROR]: An error occurred (VcpuLimitExceeded) when calling the RunInstances operation: You have requested more vCPU capacity than your current vCPU limit of 64 allows for the instance bucket that the specified instance type belongs to. Please visit http://aws.amazon.com/contact-us/ec2-request to request an adjustment to this limit.

aws: [ERROR]: An error occurred (VcpuLimitExceeded) when calling the RunInstances operation: You have requested more vCPU capacity than your current vCPU limit of 64 allows for the instance bucket that the specified instance type belongs to. Please visit http://aws.amazon.com/contact-us/ec2-request to request an adjustment to this limit.

aws: [ERROR]: An error occurred (VcpuLimitExceeded) when calling the RunInstances operation: You have requested more vCPU capacity than your current vCPU limit of 64 allows for the instance bucket that the specified instance type belongs to. Please visit http://aws.amazon.com/contact-us/ec2-request to request an adjustment to this limit.
[queue] no capacity for u2s_dense_from50M -- holding 2026-08-26T13:25:34Z

aws: [ERROR]: An error occurred (VcpuLimitExceeded) when calling the RunInstances operation: You have requested more vCPU capacity than your current vCPU limit of 64 allows for the instance bucket that the specified instance type belongs to. Please visit http://aws.amazon.com/contact-us/ec2-request to request an adjustment to this limit.

aws: [ERROR]: An error occurred (VcpuLimitExceeded) when calling the RunInstances operation: You have requested more vCPU capacity than your current vCPU limit of 64 allows for the instance bucket that the specified instance type belongs to. Please visit http://aws.amazon.com/contact-us/ec2-request to request an adjustment to this limit.

aws: [ERROR]: An error occurred (VcpuLimitExceeded) when calling the RunInstances operation: You have requested more vCPU capacity than your current vCPU limit of 64 allows for the instance bucket that the specified instance type belongs to. Please visit http://aws.amazon.com/contact-us/ec2-request to request an adjustment to this limit.

aws: [ERROR]: An error occurred (VcpuLimitExceeded) when calling the RunInstances operation: You have requested more vCPU capacity than your current vCPU limit of 64 allows for the instance bucket that the specified instance type belongs to. Please visit http://aws.amazon.com/contact-us/ec2-request to request an adjustment to this limit.
[queue] no capacity for u2s_dense_from50M -- holding 2026-08-26T13:30:43Z

aws: [ERROR]: An error occurred (VcpuLimitExceeded) when calling the RunInstances operation: You have requested more vCPU capacity than your current vCPU limit of 64 allows for the instance bucket that the specified instance type belongs to. Please visit http://aws.amazon.com/contact-us/ec2-request to request an adjustment to this limit.

aws: [ERROR]: An error occurred (VcpuLimitExceeded) when calling the RunInstances operation: You have requested more vCPU capacity than your current vCPU limit of 64 allows for the instance bucket that the specified instance type belongs to. Please visit http://aws.amazon.com/contact-us/ec2-request to request an adjustment to this limit.

aws: [ERROR]: An error occurred (VcpuLimitExceeded) when calling the RunInstances operation: You have requested more vCPU capacity than your current vCPU limit of 64 allows for the instance bucket that the specified instance type belongs to. Please visit http://aws.amazon.com/contact-us/ec2-request to request an adjustment to this limit.

aws: [ERROR]: An error occurred (VcpuLimitExceeded) when calling the RunInstances operation: You have requested more vCPU capacity than your current vCPU limit of 64 allows for the instance bucket that the specified instance type belongs to. Please visit http://aws.amazon.com/contact-us/ec2-request to request an adjustment to this limit.
[queue] no capacity for u2s_dense_from50M -- holding 2026-08-26T13:35:51Z

aws: [ERROR]: An error occurred (VcpuLimitExceeded) when calling the RunInstances operation: You have requested more vCPU capacity than your current vCPU limit of 64 allows for the instance bucket that the specified instance type belongs to. Please visit http://aws.amazon.com/contact-us/ec2-request to request an adjustment to this limit.

aws: [ERROR]: An error occurred (VcpuLimitExceeded) when calling the RunInstances operation: You have requested more vCPU capacity than your current vCPU limit of 64 allows for the instance bucket that the specified instance type belongs to. Please visit http://aws.amazon.com/contact-us/ec2-request to request an adjustment to this limit.

aws: [ERROR]: An error occurred (VcpuLimitExceeded) when calling the RunInstances operation: You have requested more vCPU capacity than your current vCPU limit of 64 allows for the instance bucket that the specified instance type belongs to. Please visit http://aws.amazon.com/contact-us/ec2-request to request an adjustment to this limit.

aws: [ERROR]: An error occurred (VcpuLimitExceeded) when calling the RunInstances operation: You have requested more vCPU capacity than your current vCPU limit of 64 allows for the instance bucket that the specified instance type belongs to. Please visit http://aws.amazon.com/contact-us/ec2-request to request an adjustment to this limit.
[queue] no capacity for u2s_dense_from50M -- holding 2026-08-26T13:41:00Z

aws: [ERROR]: An error occurred (VcpuLimitExceeded) when calling the RunInstances operation: You have requested more vCPU capacity than your current vCPU limit of 64 allows for the instance bucket that the specified instance type belongs to. Please visit http://aws.amazon.com/contact-us/ec2-request to request an adjustment to this limit.

aws: [ERROR]: An error occurred (VcpuLimitExceeded) when calling the RunInstances operation: You have requested more vCPU capacity than your current vCPU limit of 64 allows for the instance bucket that the specified instance type belongs to. Please visit http://aws.amazon.com/contact-us/ec2-request to request an adjustment to this limit.

aws: [ERROR]: An error occurred (VcpuLimitExceeded) when calling the RunInstances operation: You have requested more vCPU capacity than your current vCPU limit of 64 allows for the instance bucket that the specified instance type belongs to. Please visit http://aws.amazon.com/contact-us/ec2-request to request an adjustment to this limit.

aws: [ERROR]: An error occurred (VcpuLimitExceeded) when calling the RunInstances operation: You have requested more vCPU capacity than your current vCPU limit of 64 allows for the instance bucket that the specified instance type belongs to. Please visit http://aws.amazon.com/contact-us/ec2-request to request an adjustment to this limit.
[queue] no capacity for u2s_dense_from50M -- holding 2026-08-26T13:46:08Z

aws: [ERROR]: An error occurred (VcpuLimitExceeded) when calling the RunInstances operation: You have requested more vCPU capacity than your current vCPU limit of 64 allows for the instance bucket that the specified instance type belongs to. Please visit http://aws.amazon.com/contact-us/ec2-request to request an adjustment to this limit.

aws: [ERROR]: An error occurred (VcpuLimitExceeded) when calling the RunInstances operation: You have requested more vCPU capacity than your current vCPU limit of 64 allows for the instance bucket that the specified instance type belongs to. Please visit http://aws.amazon.com/contact-us/ec2-request to request an adjustment to this limit.

aws: [ERROR]: An error occurred (VcpuLimitExceeded) when calling the RunInstances operation: You have requested more vCPU capacity than your current vCPU limit of 64 allows for the instance bucket that the specified instance type belongs to. Please visit http://aws.amazon.com/contact-us/ec2-request to request an adjustment to this limit.

aws: [ERROR]: An error occurred (VcpuLimitExceeded) when calling the RunInstances operation: You have requested more vCPU capacity than your current vCPU limit of 64 allows for the instance bucket that the specified instance type belongs to. Please visit http://aws.amazon.com/contact-us/ec2-request to request an adjustment to this limit.
[queue] no capacity for u2s_dense_from50M -- holding 2026-08-26T13:51:17Z

aws: [ERROR]: An error occurred (VcpuLimitExceeded) when calling the RunInstances operation: You have requested more vCPU capacity than your current vCPU limit of 64 allows for the instance bucket that the specified instance type belongs to. Please visit http://aws.amazon.com/contact-us/ec2-request to request an adjustment to this limit.

aws: [ERROR]: An error occurred (VcpuLimitExceeded) when calling the RunInstances operation: You have requested more vCPU capacity than your current vCPU limit of 64 allows for the instance bucket that the specified instance type belongs to. Please visit http://aws.amazon.com/contact-us/ec2-request to request an adjustment to this limit.

aws: [ERROR]: An error occurred (VcpuLimitExceeded) when calling the RunInstances operation: You have requested more vCPU capacity than your current vCPU limit of 64 allows for the instance bucket that the specified instance type belongs to. Please visit http://aws.amazon.com/contact-us/ec2-request to request an adjustment to this limit.

aws: [ERROR]: An error occurred (VcpuLimitExceeded) when calling the RunInstances operation: You have requested more vCPU capacity than your current vCPU limit of 64 allows for the instance bucket that the specified instance type belongs to. Please visit http://aws.amazon.com/contact-us/ec2-request to request an adjustment to this limit.
[queue] no capacity for u2s_dense_from50M -- holding 2026-08-26T13:56:25Z

aws: [ERROR]: An error occurred (VcpuLimitExceeded) when calling the RunInstances operation: You have requested more vCPU capacity than your current vCPU limit of 64 allows for the instance bucket that the specified instance type belongs to. Please visit http://aws.amazon.com/contact-us/ec2-request to request an adjustment to this limit.

aws: [ERROR]: An error occurred (VcpuLimitExceeded) when calling the RunInstances operation: You have requested more vCPU capacity than your current vCPU limit of 64 allows for the instance bucket that the specified instance type belongs to. Please visit http://aws.amazon.com/contact-us/ec2-request to request an adjustment to this limit.

aws: [ERROR]: An error occurred (VcpuLimitExceeded) when calling the RunInstances operation: You have requested more vCPU capacity than your current vCPU limit of 64 allows for the instance bucket that the specified instance type belongs to. Please visit http://aws.amazon.com/contact-us/ec2-request to request an adjustment to this limit.

aws: [ERROR]: An error occurred (VcpuLimitExceeded) when calling the RunInstances operation: You have requested more vCPU capacity than your current vCPU limit of 64 allows for the instance bucket that the specified instance type belongs to. Please visit http://aws.amazon.com/contact-us/ec2-request to request an adjustment to this limit.
[queue] no capacity for u2s_dense_from50M -- holding 2026-08-26T14:01:34Z

aws: [ERROR]: An error occurred (VcpuLimitExceeded) when calling the RunInstances operation: You have requested more vCPU capacity than your current vCPU limit of 64 allows for the instance bucket that the specified instance type belongs to. Please visit http://aws.amazon.com/contact-us/ec2-request to request an adjustment to this limit.

aws: [ERROR]: An error occurred (VcpuLimitExceeded) when calling the RunInstances operation: You have requested more vCPU capacity than your current vCPU limit of 64 allows for the instance bucket that the specified instance type belongs to. Please visit http://aws.amazon.com/contact-us/ec2-request to request an adjustment to this limit.

aws: [ERROR]: An error occurred (VcpuLimitExceeded) when calling the RunInstances operation: You have requested more vCPU capacity than your current vCPU limit of 64 allows for the instance bucket that the specified instance type belongs to. Please visit http://aws.amazon.com/contact-us/ec2-request to request an adjustment to this limit.

aws: [ERROR]: An error occurred (VcpuLimitExceeded) when calling the RunInstances operation: You have requested more vCPU capacity than your current vCPU limit of 64 allows for the instance bucket that the specified instance type belongs to. Please visit http://aws.amazon.com/contact-us/ec2-request to request an adjustment to this limit.
[queue] no capacity for u2s_dense_from50M -- holding 2026-08-26T14:06:43Z

aws: [ERROR]: An error occurred (VcpuLimitExceeded) when calling the RunInstances operation: You have requested more vCPU capacity than your current vCPU limit of 64 allows for the instance bucket that the specified instance type belongs to. Please visit http://aws.amazon.com/contact-us/ec2-request to request an adjustment to this limit.

aws: [ERROR]: An error occurred (VcpuLimitExceeded) when calling the RunInstances operation: You have requested more vCPU capacity than your current vCPU limit of 64 allows for the instance bucket that the specified instance type belongs to. Please visit http://aws.amazon.com/contact-us/ec2-request to request an adjustment to this limit.

aws: [ERROR]: An error occurred (VcpuLimitExceeded) when calling the RunInstances operation: You have requested more vCPU capacity than your current vCPU limit of 64 allows for the instance bucket that the specified instance type belongs to. Please visit http://aws.amazon.com/contact-us/ec2-request to request an adjustment to this limit.

aws: [ERROR]: An error occurred (VcpuLimitExceeded) when calling the RunInstances operation: You have requested more vCPU capacity than your current vCPU limit of 64 allows for the instance bucket that the specified instance type belongs to. Please visit http://aws.amazon.com/contact-us/ec2-request to request an adjustment to this limit.
[queue] no capacity for u2s_dense_from50M -- holding 2026-08-26T14:11:51Z

aws: [ERROR]: An error occurred (VcpuLimitExceeded) when calling the RunInstances operation: You have requested more vCPU capacity than your current vCPU limit of 64 allows for the instance bucket that the specified instance type belongs to. Please visit http://aws.amazon.com/contact-us/ec2-request to request an adjustment to this limit.

aws: [ERROR]: An error occurred (VcpuLimitExceeded) when calling the RunInstances operation: You have requested more vCPU capacity than your current vCPU limit of 64 allows for the instance bucket that the specified instance type belongs to. Please visit http://aws.amazon.com/contact-us/ec2-request to request an adjustment to this limit.

aws: [ERROR]: An error occurred (VcpuLimitExceeded) when calling the RunInstances operation: You have requested more vCPU capacity than your current vCPU limit of 64 allows for the instance bucket that the specified instance type belongs to. Please visit http://aws.amazon.com/contact-us/ec2-request to request an adjustment to this limit.

aws: [ERROR]: An error occurred (VcpuLimitExceeded) when calling the RunInstances operation: You have requested more vCPU capacity than your current vCPU limit of 64 allows for the instance bucket that the specified instance type belongs to. Please visit http://aws.amazon.com/contact-us/ec2-request to request an adjustment to this limit.
[queue] no capacity for u2s_dense_from50M -- holding 2026-08-26T14:16:59Z

aws: [ERROR]: An error occurred (VcpuLimitExceeded) when calling the RunInstances operation: You have requested more vCPU capacity than your current vCPU limit of 64 allows for the instance bucket that the specified instance type belongs to. Please visit http://aws.amazon.com/contact-us/ec2-request to request an adjustment to this limit.

aws: [ERROR]: An error occurred (VcpuLimitExceeded) when calling the RunInstances operation: You have requested more vCPU capacity than your current vCPU limit of 64 allows for the instance bucket that the specified instance type belongs to. Please visit http://aws.amazon.com/contact-us/ec2-request to request an adjustment to this limit.

aws: [ERROR]: An error occurred (VcpuLimitExceeded) when calling the RunInstances operation: You have requested more vCPU capacity than your current vCPU limit of 64 allows for the instance bucket that the specified instance type belongs to. Please visit http://aws.amazon.com/contact-us/ec2-request to request an adjustment to this limit.

aws: [ERROR]: An error occurred (VcpuLimitExceeded) when calling the RunInstances operation: You have requested more vCPU capacity than your current vCPU limit of 64 allows for the instance bucket that the specified instance type belongs to. Please visit http://aws.amazon.com/contact-us/ec2-request to request an adjustment to this limit.
[queue] no capacity for u2s_dense_from50M -- holding 2026-08-26T14:22:09Z

aws: [ERROR]: An error occurred (VcpuLimitExceeded) when calling the RunInstances operation: You have requested more vCPU capacity than your current vCPU limit of 64 allows for the instance bucket that the specified instance type belongs to. Please visit http://aws.amazon.com/contact-us/ec2-request to request an adjustment to this limit.

aws: [ERROR]: An error occurred (VcpuLimitExceeded) when calling the RunInstances operation: You have requested more vCPU capacity than your current vCPU limit of 64 allows for the instance bucket that the specified instance type belongs to. Please visit http://aws.amazon.com/contact-us/ec2-request to request an adjustment to this limit.

aws: [ERROR]: An error occurred (VcpuLimitExceeded) when calling the RunInstances operation: You have requested more vCPU capacity than your current vCPU limit of 64 allows for the instance bucket that the specified instance type belongs to. Please visit http://aws.amazon.com/contact-us/ec2-request to request an adjustment to this limit.

aws: [ERROR]: An error occurred (VcpuLimitExceeded) when calling the RunInstances operation: You have requested more vCPU capacity than your current vCPU limit of 64 allows for the instance bucket that the specified instance type belongs to. Please visit http://aws.amazon.com/contact-us/ec2-request to request an adjustment to this limit.
[queue] no capacity for u2s_dense_from50M -- holding 2026-08-26T14:27:18Z

aws: [ERROR]: An error occurred (VcpuLimitExceeded) when calling the RunInstances operation: You have requested more vCPU capacity than your current vCPU limit of 64 allows for the instance bucket that the specified instance type belongs to. Please visit http://aws.amazon.com/contact-us/ec2-request to request an adjustment to this limit.

aws: [ERROR]: An error occurred (VcpuLimitExceeded) when calling the RunInstances operation: You have requested more vCPU capacity than your current vCPU limit of 64 allows for the instance bucket that the specified instance type belongs to. Please visit http://aws.amazon.com/contact-us/ec2-request to request an adjustment to this limit.

aws: [ERROR]: An error occurred (VcpuLimitExceeded) when calling the RunInstances operation: You have requested more vCPU capacity than your current vCPU limit of 64 allows for the instance bucket that the specified instance type belongs to. Please visit http://aws.amazon.com/contact-us/ec2-request to request an adjustment to this limit.

aws: [ERROR]: An error occurred (VcpuLimitExceeded) when calling the RunInstances operation: You have requested more vCPU capacity than your current vCPU limit of 64 allows for the instance bucket that the specified instance type belongs to. Please visit http://aws.amazon.com/contact-us/ec2-request to request an adjustment to this limit.
[queue] no capacity for u2s_dense_from50M -- holding 2026-08-26T14:32:27Z

aws: [ERROR]: An error occurred (VcpuLimitExceeded) when calling the RunInstances operation: You have requested more vCPU capacity than your current vCPU limit of 64 allows for the instance bucket that the specified instance type belongs to. Please visit http://aws.amazon.com/contact-us/ec2-request to request an adjustment to this limit.

aws: [ERROR]: An error occurred (VcpuLimitExceeded) when calling the RunInstances operation: You have requested more vCPU capacity than your current vCPU limit of 64 allows for the instance bucket that the specified instance type belongs to. Please visit http://aws.amazon.com/contact-us/ec2-request to request an adjustment to this limit.

aws: [ERROR]: An error occurred (VcpuLimitExceeded) when calling the RunInstances operation: You have requested more vCPU capacity than your current vCPU limit of 64 allows for the instance bucket that the specified instance type belongs to. Please visit http://aws.amazon.com/contact-us/ec2-request to request an adjustment to this limit.

aws: [ERROR]: An error occurred (VcpuLimitExceeded) when calling the RunInstances operation: You have requested more vCPU capacity than your current vCPU limit of 64 allows for the instance bucket that the specified instance type belongs to. Please visit http://aws.amazon.com/contact-us/ec2-request to request an adjustment to this limit.
[queue] no capacity for u2s_dense_from50M -- holding 2026-08-26T14:37:45Z

aws: [ERROR]: An error occurred (VcpuLimitExceeded) when calling the RunInstances operation: You have requested more vCPU capacity than your current vCPU limit of 64 allows for the instance bucket that the specified instance type belongs to. Please visit http://aws.amazon.com/contact-us/ec2-request to request an adjustment to this limit.

aws: [ERROR]: An error occurred (VcpuLimitExceeded) when calling the RunInstances operation: You have requested more vCPU capacity than your current vCPU limit of 64 allows for the instance bucket that the specified instance type belongs to. Please visit http://aws.amazon.com/contact-us/ec2-request to request an adjustment to this limit.

aws: [ERROR]: An error occurred (VcpuLimitExceeded) when calling the RunInstances operation: You have requested more vCPU capacity than your current vCPU limit of 64 allows for the instance bucket that the specified instance type belongs to. Please visit http://aws.amazon.com/contact-us/ec2-request to request an adjustment to this limit.

aws: [ERROR]: An error occurred (VcpuLimitExceeded) when calling the RunInstances operation: You have requested more vCPU capacity than your current vCPU limit of 64 allows for the instance bucket that the specified instance type belongs to. Please visit http://aws.amazon.com/contact-us/ec2-request to request an adjustment to this limit.
[queue] no capacity for u2s_dense_from50M -- holding 2026-08-26T14:42:54Z

aws: [ERROR]: An error occurred (VcpuLimitExceeded) when calling the RunInstances operation: You have requested more vCPU capacity than your current vCPU limit of 64 allows for the instance bucket that the specified instance type belongs to. Please visit http://aws.amazon.com/contact-us/ec2-request to request an adjustment to this limit.

aws: [ERROR]: An error occurred (VcpuLimitExceeded) when calling the RunInstances operation: You have requested more vCPU capacity than your current vCPU limit of 64 allows for the instance bucket that the specified instance type belongs to. Please visit http://aws.amazon.com/contact-us/ec2-request to request an adjustment to this limit.

aws: [ERROR]: An error occurred (VcpuLimitExceeded) when calling the RunInstances operation: You have requested more vCPU capacity than your current vCPU limit of 64 allows for the instance bucket that the specified instance type belongs to. Please visit http://aws.amazon.com/contact-us/ec2-request to request an adjustment to this limit.

aws: [ERROR]: An error occurred (VcpuLimitExceeded) when calling the RunInstances operation: You have requested more vCPU capacity than your current vCPU limit of 64 allows for the instance bucket that the specified instance type belongs to. Please visit http://aws.amazon.com/contact-us/ec2-request to request an adjustment to this limit.
[queue] no capacity for u2s_dense_from50M -- holding 2026-08-26T14:48:16Z

aws: [ERROR]: An error occurred (VcpuLimitExceeded) when calling the RunInstances operation: You have requested more vCPU capacity than your current vCPU limit of 64 allows for the instance bucket that the specified instance type belongs to. Please visit http://aws.amazon.com/contact-us/ec2-request to request an adjustment to this limit.

aws: [ERROR]: An error occurred (VcpuLimitExceeded) when calling the RunInstances operation: You have requested more vCPU capacity than your current vCPU limit of 64 allows for the instance bucket that the specified instance type belongs to. Please visit http://aws.amazon.com/contact-us/ec2-request to request an adjustment to this limit.

aws: [ERROR]: An error occurred (VcpuLimitExceeded) when calling the RunInstances operation: You have requested more vCPU capacity than your current vCPU limit of 64 allows for the instance bucket that the specified instance type belongs to. Please visit http://aws.amazon.com/contact-us/ec2-request to request an adjustment to this limit.

aws: [ERROR]: An error occurred (VcpuLimitExceeded) when calling the RunInstances operation: You have requested more vCPU capacity than your current vCPU limit of 64 allows for the instance bucket that the specified instance type belongs to. Please visit http://aws.amazon.com/contact-us/ec2-request to request an adjustment to this limit.
[queue] no capacity for u2s_dense_from50M -- holding 2026-08-26T14:53:25Z

aws: [ERROR]: An error occurred (VcpuLimitExceeded) when calling the RunInstances operation: You have requested more vCPU capacity than your current vCPU limit of 64 allows for the instance bucket that the specified instance type belongs to. Please visit http://aws.amazon.com/contact-us/ec2-request to request an adjustment to this limit.

aws: [ERROR]: An error occurred (VcpuLimitExceeded) when calling the RunInstances operation: You have requested more vCPU capacity than your current vCPU limit of 64 allows for the instance bucket that the specified instance type belongs to. Please visit http://aws.amazon.com/contact-us/ec2-request to request an adjustment to this limit.

aws: [ERROR]: An error occurred (VcpuLimitExceeded) when calling the RunInstances operation: You have requested more vCPU capacity than your current vCPU limit of 64 allows for the instance bucket that the specified instance type belongs to. Please visit http://aws.amazon.com/contact-us/ec2-request to request an adjustment to this limit.

aws: [ERROR]: An error occurred (VcpuLimitExceeded) when calling the RunInstances operation: You have requested more vCPU capacity than your current vCPU limit of 64 allows for the instance bucket that the specified instance type belongs to. Please visit http://aws.amazon.com/contact-us/ec2-request to request an adjustment to this limit.
[queue] no capacity for u2s_dense_from50M -- holding 2026-08-26T14:58:34Z

aws: [ERROR]: An error occurred (VcpuLimitExceeded) when calling the RunInstances operation: You have requested more vCPU capacity than your current vCPU limit of 64 allows for the instance bucket that the specified instance type belongs to. Please visit http://aws.amazon.com/contact-us/ec2-request to request an adjustment to this limit.

aws: [ERROR]: An error occurred (VcpuLimitExceeded) when calling the RunInstances operation: You have requested more vCPU capacity than your current vCPU limit of 64 allows for the instance bucket that the specified instance type belongs to. Please visit http://aws.amazon.com/contact-us/ec2-request to request an adjustment to this limit.

aws: [ERROR]: An error occurred (VcpuLimitExceeded) when calling the RunInstances operation: You have requested more vCPU capacity than your current vCPU limit of 64 allows for the instance bucket that the specified instance type belongs to. Please visit http://aws.amazon.com/contact-us/ec2-request to request an adjustment to this limit.

aws: [ERROR]: An error occurred (VcpuLimitExceeded) when calling the RunInstances operation: You have requested more vCPU capacity than your current vCPU limit of 64 allows for the instance bucket that the specified instance type belongs to. Please visit http://aws.amazon.com/contact-us/ec2-request to request an adjustment to this limit.
[queue] no capacity for u2s_dense_from50M -- holding 2026-08-26T15:03:43Z

aws: [ERROR]: An error occurred (VcpuLimitExceeded) when calling the RunInstances operation: You have requested more vCPU capacity than your current vCPU limit of 64 allows for the instance bucket that the specified instance type belongs to. Please visit http://aws.amazon.com/contact-us/ec2-request to request an adjustment to this limit.

aws: [ERROR]: An error occurred (VcpuLimitExceeded) when calling the RunInstances operation: You have requested more vCPU capacity than your current vCPU limit of 64 allows for the instance bucket that the specified instance type belongs to. Please visit http://aws.amazon.com/contact-us/ec2-request to request an adjustment to this limit.

aws: [ERROR]: An error occurred (VcpuLimitExceeded) when calling the RunInstances operation: You have requested more vCPU capacity than your current vCPU limit of 64 allows for the instance bucket that the specified instance type belongs to. Please visit http://aws.amazon.com/contact-us/ec2-request to request an adjustment to this limit.

aws: [ERROR]: An error occurred (VcpuLimitExceeded) when calling the RunInstances operation: You have requested more vCPU capacity than your current vCPU limit of 64 allows for the instance bucket that the specified instance type belongs to. Please visit http://aws.amazon.com/contact-us/ec2-request to request an adjustment to this limit.
[queue] no capacity for u2s_dense_from50M -- holding 2026-08-26T15:08:52Z

aws: [ERROR]: An error occurred (VcpuLimitExceeded) when calling the RunInstances operation: You have requested more vCPU capacity than your current vCPU limit of 64 allows for the instance bucket that the specified instance type belongs to. Please visit http://aws.amazon.com/contact-us/ec2-request to request an adjustment to this limit.

aws: [ERROR]: An error occurred (VcpuLimitExceeded) when calling the RunInstances operation: You have requested more vCPU capacity than your current vCPU limit of 64 allows for the instance bucket that the specified instance type belongs to. Please visit http://aws.amazon.com/contact-us/ec2-request to request an adjustment to this limit.

aws: [ERROR]: An error occurred (VcpuLimitExceeded) when calling the RunInstances operation: You have requested more vCPU capacity than your current vCPU limit of 64 allows for the instance bucket that the specified instance type belongs to. Please visit http://aws.amazon.com/contact-us/ec2-request to request an adjustment to this limit.

aws: [ERROR]: An error occurred (VcpuLimitExceeded) when calling the RunInstances operation: You have requested more vCPU capacity than your current vCPU limit of 64 allows for the instance bucket that the specified instance type belongs to. Please visit http://aws.amazon.com/contact-us/ec2-request to request an adjustment to this limit.
[queue] no capacity for u2s_dense_from50M -- holding 2026-08-26T15:14:03Z

aws: [ERROR]: An error occurred (VcpuLimitExceeded) when calling the RunInstances operation: You have requested more vCPU capacity than your current vCPU limit of 64 allows for the instance bucket that the specified instance type belongs to. Please visit http://aws.amazon.com/contact-us/ec2-request to request an adjustment to this limit.

aws: [ERROR]: An error occurred (VcpuLimitExceeded) when calling the RunInstances operation: You have requested more vCPU capacity than your current vCPU limit of 64 allows for the instance bucket that the specified instance type belongs to. Please visit http://aws.amazon.com/contact-us/ec2-request to request an adjustment to this limit.

aws: [ERROR]: An error occurred (VcpuLimitExceeded) when calling the RunInstances operation: You have requested more vCPU capacity than your current vCPU limit of 64 allows for the instance bucket that the specified instance type belongs to. Please visit http://aws.amazon.com/contact-us/ec2-request to request an adjustment to this limit.

aws: [ERROR]: An error occurred (VcpuLimitExceeded) when calling the RunInstances operation: You have requested more vCPU capacity than your current vCPU limit of 64 allows for the instance bucket that the specified instance type belongs to. Please visit http://aws.amazon.com/contact-us/ec2-request to request an adjustment to this limit.
[queue] no capacity for u2s_dense_from50M -- holding 2026-08-26T15:19:20Z

aws: [ERROR]: An error occurred (VcpuLimitExceeded) when calling the RunInstances operation: You have requested more vCPU capacity than your current vCPU limit of 64 allows for the instance bucket that the specified instance type belongs to. Please visit http://aws.amazon.com/contact-us/ec2-request to request an adjustment to this limit.

aws: [ERROR]: An error occurred (VcpuLimitExceeded) when calling the RunInstances operation: You have requested more vCPU capacity than your current vCPU limit of 64 allows for the instance bucket that the specified instance type belongs to. Please visit http://aws.amazon.com/contact-us/ec2-request to request an adjustment to this limit.

aws: [ERROR]: An error occurred (VcpuLimitExceeded) when calling the RunInstances operation: You have requested more vCPU capacity than your current vCPU limit of 64 allows for the instance bucket that the specified instance type belongs to. Please visit http://aws.amazon.com/contact-us/ec2-request to request an adjustment to this limit.

aws: [ERROR]: An error occurred (VcpuLimitExceeded) when calling the RunInstances operation: You have requested more vCPU capacity than your current vCPU limit of 64 allows for the instance bucket that the specified instance type belongs to. Please visit http://aws.amazon.com/contact-us/ec2-request to request an adjustment to this limit.
[queue] no capacity for u2s_dense_from50M -- holding 2026-08-26T15:24:30Z

aws: [ERROR]: An error occurred (VcpuLimitExceeded) when calling the RunInstances operation: You have requested more vCPU capacity than your current vCPU limit of 64 allows for the instance bucket that the specified instance type belongs to. Please visit http://aws.amazon.com/contact-us/ec2-request to request an adjustment to this limit.

aws: [ERROR]: An error occurred (VcpuLimitExceeded) when calling the RunInstances operation: You have requested more vCPU capacity than your current vCPU limit of 64 allows for the instance bucket that the specified instance type belongs to. Please visit http://aws.amazon.com/contact-us/ec2-request to request an adjustment to this limit.

aws: [ERROR]: An error occurred (VcpuLimitExceeded) when calling the RunInstances operation: You have requested more vCPU capacity than your current vCPU limit of 64 allows for the instance bucket that the specified instance type belongs to. Please visit http://aws.amazon.com/contact-us/ec2-request to request an adjustment to this limit.

aws: [ERROR]: An error occurred (VcpuLimitExceeded) when calling the RunInstances operation: You have requested more vCPU capacity than your current vCPU limit of 64 allows for the instance bucket that the specified instance type belongs to. Please visit http://aws.amazon.com/contact-us/ec2-request to request an adjustment to this limit.
[queue] no capacity for u2s_dense_from50M -- holding 2026-08-26T15:29:38Z

aws: [ERROR]: An error occurred (VcpuLimitExceeded) when calling the RunInstances operation: You have requested more vCPU capacity than your current vCPU limit of 64 allows for the instance bucket that the specified instance type belongs to. Please visit http://aws.amazon.com/contact-us/ec2-request to request an adjustment to this limit.

aws: [ERROR]: An error occurred (VcpuLimitExceeded) when calling the RunInstances operation: You have requested more vCPU capacity than your current vCPU limit of 64 allows for the instance bucket that the specified instance type belongs to. Please visit http://aws.amazon.com/contact-us/ec2-request to request an adjustment to this limit.

aws: [ERROR]: An error occurred (VcpuLimitExceeded) when calling the RunInstances operation: You have requested more vCPU capacity than your current vCPU limit of 64 allows for the instance bucket that the specified instance type belongs to. Please visit http://aws.amazon.com/contact-us/ec2-request to request an adjustment to this limit.

aws: [ERROR]: An error occurred (VcpuLimitExceeded) when calling the RunInstances operation: You have requested more vCPU capacity than your current vCPU limit of 64 allows for the instance bucket that the specified instance type belongs to. Please visit http://aws.amazon.com/contact-us/ec2-request to request an adjustment to this limit.
[queue] no capacity for u2s_dense_from50M -- holding 2026-08-26T15:34:47Z

aws: [ERROR]: An error occurred (VcpuLimitExceeded) when calling the RunInstances operation: You have requested more vCPU capacity than your current vCPU limit of 64 allows for the instance bucket that the specified instance type belongs to. Please visit http://aws.amazon.com/contact-us/ec2-request to request an adjustment to this limit.

aws: [ERROR]: An error occurred (VcpuLimitExceeded) when calling the RunInstances operation: You have requested more vCPU capacity than your current vCPU limit of 64 allows for the instance bucket that the specified instance type belongs to. Please visit http://aws.amazon.com/contact-us/ec2-request to request an adjustment to this limit.

aws: [ERROR]: An error occurred (VcpuLimitExceeded) when calling the RunInstances operation: You have requested more vCPU capacity than your current vCPU limit of 64 allows for the instance bucket that the specified instance type belongs to. Please visit http://aws.amazon.com/contact-us/ec2-request to request an adjustment to this limit.

aws: [ERROR]: An error occurred (VcpuLimitExceeded) when calling the RunInstances operation: You have requested more vCPU capacity than your current vCPU limit of 64 allows for the instance bucket that the specified instance type belongs to. Please visit http://aws.amazon.com/contact-us/ec2-request to request an adjustment to this limit.
[queue] no capacity for u2s_dense_from50M -- holding 2026-08-26T15:39:56Z

aws: [ERROR]: An error occurred (VcpuLimitExceeded) when calling the RunInstances operation: You have requested more vCPU capacity than your current vCPU limit of 64 allows for the instance bucket that the specified instance type belongs to. Please visit http://aws.amazon.com/contact-us/ec2-request to request an adjustment to this limit.

aws: [ERROR]: An error occurred (VcpuLimitExceeded) when calling the RunInstances operation: You have requested more vCPU capacity than your current vCPU limit of 64 allows for the instance bucket that the specified instance type belongs to. Please visit http://aws.amazon.com/contact-us/ec2-request to request an adjustment to this limit.

aws: [ERROR]: An error occurred (VcpuLimitExceeded) when calling the RunInstances operation: You have requested more vCPU capacity than your current vCPU limit of 64 allows for the instance bucket that the specified instance type belongs to. Please visit http://aws.amazon.com/contact-us/ec2-request to request an adjustment to this limit.

aws: [ERROR]: An error occurred (VcpuLimitExceeded) when calling the RunInstances operation: You have requested more vCPU capacity than your current vCPU limit of 64 allows for the instance bucket that the specified instance type belongs to. Please visit http://aws.amazon.com/contact-us/ec2-request to request an adjustment to this limit.
[queue] no capacity for u2s_dense_from50M -- holding 2026-08-26T15:45:05Z

aws: [ERROR]: An error occurred (VcpuLimitExceeded) when calling the RunInstances operation: You have requested more vCPU capacity than your current vCPU limit of 64 allows for the instance bucket that the specified instance type belongs to. Please visit http://aws.amazon.com/contact-us/ec2-request to request an adjustment to this limit.

aws: [ERROR]: An error occurred (VcpuLimitExceeded) when calling the RunInstances operation: You have requested more vCPU capacity than your current vCPU limit of 64 allows for the instance bucket that the specified instance type belongs to. Please visit http://aws.amazon.com/contact-us/ec2-request to request an adjustment to this limit.

aws: [ERROR]: An error occurred (VcpuLimitExceeded) when calling the RunInstances operation: You have requested more vCPU capacity than your current vCPU limit of 64 allows for the instance bucket that the specified instance type belongs to. Please visit http://aws.amazon.com/contact-us/ec2-request to request an adjustment to this limit.

aws: [ERROR]: An error occurred (VcpuLimitExceeded) when calling the RunInstances operation: You have requested more vCPU capacity than your current vCPU limit of 64 allows for the instance bucket that the specified instance type belongs to. Please visit http://aws.amazon.com/contact-us/ec2-request to request an adjustment to this limit.
[queue] no capacity for u2s_dense_from50M -- holding 2026-08-26T15:50:15Z

aws: [ERROR]: An error occurred (VcpuLimitExceeded) when calling the RunInstances operation: You have requested more vCPU capacity than your current vCPU limit of 64 allows for the instance bucket that the specified instance type belongs to. Please visit http://aws.amazon.com/contact-us/ec2-request to request an adjustment to this limit.

aws: [ERROR]: An error occurred (VcpuLimitExceeded) when calling the RunInstances operation: You have requested more vCPU capacity than your current vCPU limit of 64 allows for the instance bucket that the specified instance type belongs to. Please visit http://aws.amazon.com/contact-us/ec2-request to request an adjustment to this limit.

aws: [ERROR]: An error occurred (VcpuLimitExceeded) when calling the RunInstances operation: You have requested more vCPU capacity than your current vCPU limit of 64 allows for the instance bucket that the specified instance type belongs to. Please visit http://aws.amazon.com/contact-us/ec2-request to request an adjustment to this limit.

aws: [ERROR]: An error occurred (VcpuLimitExceeded) when calling the RunInstances operation: You have requested more vCPU capacity than your current vCPU limit of 64 allows for the instance bucket that the specified instance type belongs to. Please visit http://aws.amazon.com/contact-us/ec2-request to request an adjustment to this limit.
[queue] no capacity for u2s_dense_from50M -- holding 2026-08-26T15:55:24Z

aws: [ERROR]: An error occurred (VcpuLimitExceeded) when calling the RunInstances operation: You have requested more vCPU capacity than your current vCPU limit of 64 allows for the instance bucket that the specified instance type belongs to. Please visit http://aws.amazon.com/contact-us/ec2-request to request an adjustment to this limit.

aws: [ERROR]: An error occurred (VcpuLimitExceeded) when calling the RunInstances operation: You have requested more vCPU capacity than your current vCPU limit of 64 allows for the instance bucket that the specified instance type belongs to. Please visit http://aws.amazon.com/contact-us/ec2-request to request an adjustment to this limit.

aws: [ERROR]: An error occurred (VcpuLimitExceeded) when calling the RunInstances operation: You have requested more vCPU capacity than your current vCPU limit of 64 allows for the instance bucket that the specified instance type belongs to. Please visit http://aws.amazon.com/contact-us/ec2-request to request an adjustment to this limit.

aws: [ERROR]: An error occurred (VcpuLimitExceeded) when calling the RunInstances operation: You have requested more vCPU capacity than your current vCPU limit of 64 allows for the instance bucket that the specified instance type belongs to. Please visit http://aws.amazon.com/contact-us/ec2-request to request an adjustment to this limit.
[queue] no capacity for u2s_dense_from50M -- holding 2026-08-26T16:00:41Z

aws: [ERROR]: An error occurred (VcpuLimitExceeded) when calling the RunInstances operation: You have requested more vCPU capacity than your current vCPU limit of 64 allows for the instance bucket that the specified instance type belongs to. Please visit http://aws.amazon.com/contact-us/ec2-request to request an adjustment to this limit.

aws: [ERROR]: An error occurred (VcpuLimitExceeded) when calling the RunInstances operation: You have requested more vCPU capacity than your current vCPU limit of 64 allows for the instance bucket that the specified instance type belongs to. Please visit http://aws.amazon.com/contact-us/ec2-request to request an adjustment to this limit.

aws: [ERROR]: An error occurred (VcpuLimitExceeded) when calling the RunInstances operation: You have requested more vCPU capacity than your current vCPU limit of 64 allows for the instance bucket that the specified instance type belongs to. Please visit http://aws.amazon.com/contact-us/ec2-request to request an adjustment to this limit.

aws: [ERROR]: An error occurred (VcpuLimitExceeded) when calling the RunInstances operation: You have requested more vCPU capacity than your current vCPU limit of 64 allows for the instance bucket that the specified instance type belongs to. Please visit http://aws.amazon.com/contact-us/ec2-request to request an adjustment to this limit.
[queue] no capacity for u2s_dense_from50M -- holding 2026-08-26T16:05:51Z

aws: [ERROR]: An error occurred (VcpuLimitExceeded) when calling the RunInstances operation: You have requested more vCPU capacity than your current vCPU limit of 64 allows for the instance bucket that the specified instance type belongs to. Please visit http://aws.amazon.com/contact-us/ec2-request to request an adjustment to this limit.

aws: [ERROR]: An error occurred (VcpuLimitExceeded) when calling the RunInstances operation: You have requested more vCPU capacity than your current vCPU limit of 64 allows for the instance bucket that the specified instance type belongs to. Please visit http://aws.amazon.com/contact-us/ec2-request to request an adjustment to this limit.

aws: [ERROR]: An error occurred (VcpuLimitExceeded) when calling the RunInstances operation: You have requested more vCPU capacity than your current vCPU limit of 64 allows for the instance bucket that the specified instance type belongs to. Please visit http://aws.amazon.com/contact-us/ec2-request to request an adjustment to this limit.

aws: [ERROR]: An error occurred (VcpuLimitExceeded) when calling the RunInstances operation: You have requested more vCPU capacity than your current vCPU limit of 64 allows for the instance bucket that the specified instance type belongs to. Please visit http://aws.amazon.com/contact-us/ec2-request to request an adjustment to this limit.
[queue] no capacity for u2s_dense_from50M -- holding 2026-08-26T16:11:00Z

aws: [ERROR]: An error occurred (VcpuLimitExceeded) when calling the RunInstances operation: You have requested more vCPU capacity than your current vCPU limit of 64 allows for the instance bucket that the specified instance type belongs to. Please visit http://aws.amazon.com/contact-us/ec2-request to request an adjustment to this limit.

aws: [ERROR]: An error occurred (VcpuLimitExceeded) when calling the RunInstances operation: You have requested more vCPU capacity than your current vCPU limit of 64 allows for the instance bucket that the specified instance type belongs to. Please visit http://aws.amazon.com/contact-us/ec2-request to request an adjustment to this limit.

aws: [ERROR]: An error occurred (VcpuLimitExceeded) when calling the RunInstances operation: You have requested more vCPU capacity than your current vCPU limit of 64 allows for the instance bucket that the specified instance type belongs to. Please visit http://aws.amazon.com/contact-us/ec2-request to request an adjustment to this limit.

aws: [ERROR]: An error occurred (VcpuLimitExceeded) when calling the RunInstances operation: You have requested more vCPU capacity than your current vCPU limit of 64 allows for the instance bucket that the specified instance type belongs to. Please visit http://aws.amazon.com/contact-us/ec2-request to request an adjustment to this limit.
[queue] no capacity for u2s_dense_from50M -- holding 2026-08-26T16:16:08Z

aws: [ERROR]: An error occurred (VcpuLimitExceeded) when calling the RunInstances operation: You have requested more vCPU capacity than your current vCPU limit of 64 allows for the instance bucket that the specified instance type belongs to. Please visit http://aws.amazon.com/contact-us/ec2-request to request an adjustment to this limit.

aws: [ERROR]: An error occurred (VcpuLimitExceeded) when calling the RunInstances operation: You have requested more vCPU capacity than your current vCPU limit of 64 allows for the instance bucket that the specified instance type belongs to. Please visit http://aws.amazon.com/contact-us/ec2-request to request an adjustment to this limit.

aws: [ERROR]: An error occurred (VcpuLimitExceeded) when calling the RunInstances operation: You have requested more vCPU capacity than your current vCPU limit of 64 allows for the instance bucket that the specified instance type belongs to. Please visit http://aws.amazon.com/contact-us/ec2-request to request an adjustment to this limit.

aws: [ERROR]: An error occurred (VcpuLimitExceeded) when calling the RunInstances operation: You have requested more vCPU capacity than your current vCPU limit of 64 allows for the instance bucket that the specified instance type belongs to. Please visit http://aws.amazon.com/contact-us/ec2-request to request an adjustment to this limit.
[queue] no capacity for u2s_dense_from50M -- holding 2026-08-26T16:21:17Z

aws: [ERROR]: An error occurred (VcpuLimitExceeded) when calling the RunInstances operation: You have requested more vCPU capacity than your current vCPU limit of 64 allows for the instance bucket that the specified instance type belongs to. Please visit http://aws.amazon.com/contact-us/ec2-request to request an adjustment to this limit.

aws: [ERROR]: An error occurred (VcpuLimitExceeded) when calling the RunInstances operation: You have requested more vCPU capacity than your current vCPU limit of 64 allows for the instance bucket that the specified instance type belongs to. Please visit http://aws.amazon.com/contact-us/ec2-request to request an adjustment to this limit.

aws: [ERROR]: An error occurred (VcpuLimitExceeded) when calling the RunInstances operation: You have requested more vCPU capacity than your current vCPU limit of 64 allows for the instance bucket that the specified instance type belongs to. Please visit http://aws.amazon.com/contact-us/ec2-request to request an adjustment to this limit.

aws: [ERROR]: An error occurred (VcpuLimitExceeded) when calling the RunInstances operation: You have requested more vCPU capacity than your current vCPU limit of 64 allows for the instance bucket that the specified instance type belongs to. Please visit http://aws.amazon.com/contact-us/ec2-request to request an adjustment to this limit.
[queue] no capacity for u2s_dense_from50M -- holding 2026-08-26T16:26:30Z

aws: [ERROR]: An error occurred (VcpuLimitExceeded) when calling the RunInstances operation: You have requested more vCPU capacity than your current vCPU limit of 64 allows for the instance bucket that the specified instance type belongs to. Please visit http://aws.amazon.com/contact-us/ec2-request to request an adjustment to this limit.

aws: [ERROR]: An error occurred (VcpuLimitExceeded) when calling the RunInstances operation: You have requested more vCPU capacity than your current vCPU limit of 64 allows for the instance bucket that the specified instance type belongs to. Please visit http://aws.amazon.com/contact-us/ec2-request to request an adjustment to this limit.

aws: [ERROR]: An error occurred (VcpuLimitExceeded) when calling the RunInstances operation: You have requested more vCPU capacity than your current vCPU limit of 64 allows for the instance bucket that the specified instance type belongs to. Please visit http://aws.amazon.com/contact-us/ec2-request to request an adjustment to this limit.

aws: [ERROR]: An error occurred (VcpuLimitExceeded) when calling the RunInstances operation: You have requested more vCPU capacity than your current vCPU limit of 64 allows for the instance bucket that the specified instance type belongs to. Please visit http://aws.amazon.com/contact-us/ec2-request to request an adjustment to this limit.
[queue] no capacity for u2s_dense_from50M -- holding 2026-08-26T16:31:39Z

aws: [ERROR]: An error occurred (VcpuLimitExceeded) when calling the RunInstances operation: You have requested more vCPU capacity than your current vCPU limit of 64 allows for the instance bucket that the specified instance type belongs to. Please visit http://aws.amazon.com/contact-us/ec2-request to request an adjustment to this limit.

aws: [ERROR]: An error occurred (VcpuLimitExceeded) when calling the RunInstances operation: You have requested more vCPU capacity than your current vCPU limit of 64 allows for the instance bucket that the specified instance type belongs to. Please visit http://aws.amazon.com/contact-us/ec2-request to request an adjustment to this limit.

aws: [ERROR]: An error occurred (VcpuLimitExceeded) when calling the RunInstances operation: You have requested more vCPU capacity than your current vCPU limit of 64 allows for the instance bucket that the specified instance type belongs to. Please visit http://aws.amazon.com/contact-us/ec2-request to request an adjustment to this limit.

aws: [ERROR]: An error occurred (VcpuLimitExceeded) when calling the RunInstances operation: You have requested more vCPU capacity than your current vCPU limit of 64 allows for the instance bucket that the specified instance type belongs to. Please visit http://aws.amazon.com/contact-us/ec2-request to request an adjustment to this limit.
[queue] no capacity for u2s_dense_from50M -- holding 2026-08-26T16:36:48Z

aws: [ERROR]: An error occurred (VcpuLimitExceeded) when calling the RunInstances operation: You have requested more vCPU capacity than your current vCPU limit of 64 allows for the instance bucket that the specified instance type belongs to. Please visit http://aws.amazon.com/contact-us/ec2-request to request an adjustment to this limit.

aws: [ERROR]: An error occurred (VcpuLimitExceeded) when calling the RunInstances operation: You have requested more vCPU capacity than your current vCPU limit of 64 allows for the instance bucket that the specified instance type belongs to. Please visit http://aws.amazon.com/contact-us/ec2-request to request an adjustment to this limit.

aws: [ERROR]: An error occurred (VcpuLimitExceeded) when calling the RunInstances operation: You have requested more vCPU capacity than your current vCPU limit of 64 allows for the instance bucket that the specified instance type belongs to. Please visit http://aws.amazon.com/contact-us/ec2-request to request an adjustment to this limit.

aws: [ERROR]: An error occurred (VcpuLimitExceeded) when calling the RunInstances operation: You have requested more vCPU capacity than your current vCPU limit of 64 allows for the instance bucket that the specified instance type belongs to. Please visit http://aws.amazon.com/contact-us/ec2-request to request an adjustment to this limit.
[queue] no capacity for u2s_dense_from50M -- holding 2026-08-26T16:41:57Z

aws: [ERROR]: An error occurred (VcpuLimitExceeded) when calling the RunInstances operation: You have requested more vCPU capacity than your current vCPU limit of 64 allows for the instance bucket that the specified instance type belongs to. Please visit http://aws.amazon.com/contact-us/ec2-request to request an adjustment to this limit.

aws: [ERROR]: An error occurred (VcpuLimitExceeded) when calling the RunInstances operation: You have requested more vCPU capacity than your current vCPU limit of 64 allows for the instance bucket that the specified instance type belongs to. Please visit http://aws.amazon.com/contact-us/ec2-request to request an adjustment to this limit.

aws: [ERROR]: An error occurred (VcpuLimitExceeded) when calling the RunInstances operation: You have requested more vCPU capacity than your current vCPU limit of 64 allows for the instance bucket that the specified instance type belongs to. Please visit http://aws.amazon.com/contact-us/ec2-request to request an adjustment to this limit.

aws: [ERROR]: An error occurred (VcpuLimitExceeded) when calling the RunInstances operation: You have requested more vCPU capacity than your current vCPU limit of 64 allows for the instance bucket that the specified instance type belongs to. Please visit http://aws.amazon.com/contact-us/ec2-request to request an adjustment to this limit.
[queue] no capacity for u2s_dense_from50M -- holding 2026-08-26T16:47:06Z

aws: [ERROR]: An error occurred (VcpuLimitExceeded) when calling the RunInstances operation: You have requested more vCPU capacity than your current vCPU limit of 64 allows for the instance bucket that the specified instance type belongs to. Please visit http://aws.amazon.com/contact-us/ec2-request to request an adjustment to this limit.

aws: [ERROR]: An error occurred (VcpuLimitExceeded) when calling the RunInstances operation: You have requested more vCPU capacity than your current vCPU limit of 64 allows for the instance bucket that the specified instance type belongs to. Please visit http://aws.amazon.com/contact-us/ec2-request to request an adjustment to this limit.

aws: [ERROR]: An error occurred (VcpuLimitExceeded) when calling the RunInstances operation: You have requested more vCPU capacity than your current vCPU limit of 64 allows for the instance bucket that the specified instance type belongs to. Please visit http://aws.amazon.com/contact-us/ec2-request to request an adjustment to this limit.

aws: [ERROR]: An error occurred (VcpuLimitExceeded) when calling the RunInstances operation: You have requested more vCPU capacity than your current vCPU limit of 64 allows for the instance bucket that the specified instance type belongs to. Please visit http://aws.amazon.com/contact-us/ec2-request to request an adjustment to this limit.
[queue] no capacity for u2s_dense_from50M -- holding 2026-08-26T16:52:16Z

aws: [ERROR]: An error occurred (VcpuLimitExceeded) when calling the RunInstances operation: You have requested more vCPU capacity than your current vCPU limit of 64 allows for the instance bucket that the specified instance type belongs to. Please visit http://aws.amazon.com/contact-us/ec2-request to request an adjustment to this limit.

aws: [ERROR]: An error occurred (VcpuLimitExceeded) when calling the RunInstances operation: You have requested more vCPU capacity than your current vCPU limit of 64 allows for the instance bucket that the specified instance type belongs to. Please visit http://aws.amazon.com/contact-us/ec2-request to request an adjustment to this limit.

aws: [ERROR]: An error occurred (VcpuLimitExceeded) when calling the RunInstances operation: You have requested more vCPU capacity than your current vCPU limit of 64 allows for the instance bucket that the specified instance type belongs to. Please visit http://aws.amazon.com/contact-us/ec2-request to request an adjustment to this limit.

aws: [ERROR]: An error occurred (VcpuLimitExceeded) when calling the RunInstances operation: You have requested more vCPU capacity than your current vCPU limit of 64 allows for the instance bucket that the specified instance type belongs to. Please visit http://aws.amazon.com/contact-us/ec2-request to request an adjustment to this limit.
[queue] no capacity for u2s_dense_from50M -- holding 2026-08-26T16:57:25Z

aws: [ERROR]: An error occurred (VcpuLimitExceeded) when calling the RunInstances operation: You have requested more vCPU capacity than your current vCPU limit of 64 allows for the instance bucket that the specified instance type belongs to. Please visit http://aws.amazon.com/contact-us/ec2-request to request an adjustment to this limit.

aws: [ERROR]: An error occurred (VcpuLimitExceeded) when calling the RunInstances operation: You have requested more vCPU capacity than your current vCPU limit of 64 allows for the instance bucket that the specified instance type belongs to. Please visit http://aws.amazon.com/contact-us/ec2-request to request an adjustment to this limit.

aws: [ERROR]: An error occurred (VcpuLimitExceeded) when calling the RunInstances operation: You have requested more vCPU capacity than your current vCPU limit of 64 allows for the instance bucket that the specified instance type belongs to. Please visit http://aws.amazon.com/contact-us/ec2-request to request an adjustment to this limit.

aws: [ERROR]: An error occurred (VcpuLimitExceeded) when calling the RunInstances operation: You have requested more vCPU capacity than your current vCPU limit of 64 allows for the instance bucket that the specified instance type belongs to. Please visit http://aws.amazon.com/contact-us/ec2-request to request an adjustment to this limit.
[queue] no capacity for u2s_dense_from50M -- holding 2026-08-26T17:02:34Z

aws: [ERROR]: An error occurred (VcpuLimitExceeded) when calling the RunInstances operation: You have requested more vCPU capacity than your current vCPU limit of 64 allows for the instance bucket that the specified instance type belongs to. Please visit http://aws.amazon.com/contact-us/ec2-request to request an adjustment to this limit.

aws: [ERROR]: An error occurred (VcpuLimitExceeded) when calling the RunInstances operation: You have requested more vCPU capacity than your current vCPU limit of 64 allows for the instance bucket that the specified instance type belongs to. Please visit http://aws.amazon.com/contact-us/ec2-request to request an adjustment to this limit.

aws: [ERROR]: An error occurred (VcpuLimitExceeded) when calling the RunInstances operation: You have requested more vCPU capacity than your current vCPU limit of 64 allows for the instance bucket that the specified instance type belongs to. Please visit http://aws.amazon.com/contact-us/ec2-request to request an adjustment to this limit.

aws: [ERROR]: An error occurred (VcpuLimitExceeded) when calling the RunInstances operation: You have requested more vCPU capacity than your current vCPU limit of 64 allows for the instance bucket that the specified instance type belongs to. Please visit http://aws.amazon.com/contact-us/ec2-request to request an adjustment to this limit.
[queue] no capacity for u2s_dense_from50M -- holding 2026-08-26T17:07:43Z

aws: [ERROR]: An error occurred (VcpuLimitExceeded) when calling the RunInstances operation: You have requested more vCPU capacity than your current vCPU limit of 64 allows for the instance bucket that the specified instance type belongs to. Please visit http://aws.amazon.com/contact-us/ec2-request to request an adjustment to this limit.

aws: [ERROR]: An error occurred (VcpuLimitExceeded) when calling the RunInstances operation: You have requested more vCPU capacity than your current vCPU limit of 64 allows for the instance bucket that the specified instance type belongs to. Please visit http://aws.amazon.com/contact-us/ec2-request to request an adjustment to this limit.

aws: [ERROR]: An error occurred (VcpuLimitExceeded) when calling the RunInstances operation: You have requested more vCPU capacity than your current vCPU limit of 64 allows for the instance bucket that the specified instance type belongs to. Please visit http://aws.amazon.com/contact-us/ec2-request to request an adjustment to this limit.

aws: [ERROR]: An error occurred (VcpuLimitExceeded) when calling the RunInstances operation: You have requested more vCPU capacity than your current vCPU limit of 64 allows for the instance bucket that the specified instance type belongs to. Please visit http://aws.amazon.com/contact-us/ec2-request to request an adjustment to this limit.
[queue] no capacity for u2s_dense_from50M -- holding 2026-08-26T17:12:53Z

aws: [ERROR]: An error occurred (VcpuLimitExceeded) when calling the RunInstances operation: You have requested more vCPU capacity than your current vCPU limit of 64 allows for the instance bucket that the specified instance type belongs to. Please visit http://aws.amazon.com/contact-us/ec2-request to request an adjustment to this limit.

aws: [ERROR]: An error occurred (VcpuLimitExceeded) when calling the RunInstances operation: You have requested more vCPU capacity than your current vCPU limit of 64 allows for the instance bucket that the specified instance type belongs to. Please visit http://aws.amazon.com/contact-us/ec2-request to request an adjustment to this limit.

aws: [ERROR]: An error occurred (VcpuLimitExceeded) when calling the RunInstances operation: You have requested more vCPU capacity than your current vCPU limit of 64 allows for the instance bucket that the specified instance type belongs to. Please visit http://aws.amazon.com/contact-us/ec2-request to request an adjustment to this limit.

aws: [ERROR]: An error occurred (VcpuLimitExceeded) when calling the RunInstances operation: You have requested more vCPU capacity than your current vCPU limit of 64 allows for the instance bucket that the specified instance type belongs to. Please visit http://aws.amazon.com/contact-us/ec2-request to request an adjustment to this limit.
[queue] no capacity for u2s_dense_from50M -- holding 2026-08-26T17:18:02Z

aws: [ERROR]: An error occurred (VcpuLimitExceeded) when calling the RunInstances operation: You have requested more vCPU capacity than your current vCPU limit of 64 allows for the instance bucket that the specified instance type belongs to. Please visit http://aws.amazon.com/contact-us/ec2-request to request an adjustment to this limit.

aws: [ERROR]: An error occurred (VcpuLimitExceeded) when calling the RunInstances operation: You have requested more vCPU capacity than your current vCPU limit of 64 allows for the instance bucket that the specified instance type belongs to. Please visit http://aws.amazon.com/contact-us/ec2-request to request an adjustment to this limit.

aws: [ERROR]: An error occurred (VcpuLimitExceeded) when calling the RunInstances operation: You have requested more vCPU capacity than your current vCPU limit of 64 allows for the instance bucket that the specified instance type belongs to. Please visit http://aws.amazon.com/contact-us/ec2-request to request an adjustment to this limit.

aws: [ERROR]: An error occurred (VcpuLimitExceeded) when calling the RunInstances operation: You have requested more vCPU capacity than your current vCPU limit of 64 allows for the instance bucket that the specified instance type belongs to. Please visit http://aws.amazon.com/contact-us/ec2-request to request an adjustment to this limit.
[queue] no capacity for u2s_dense_from50M -- holding 2026-08-26T17:23:11Z

aws: [ERROR]: An error occurred (VcpuLimitExceeded) when calling the RunInstances operation: You have requested more vCPU capacity than your current vCPU limit of 64 allows for the instance bucket that the specified instance type belongs to. Please visit http://aws.amazon.com/contact-us/ec2-request to request an adjustment to this limit.

aws: [ERROR]: An error occurred (VcpuLimitExceeded) when calling the RunInstances operation: You have requested more vCPU capacity than your current vCPU limit of 64 allows for the instance bucket that the specified instance type belongs to. Please visit http://aws.amazon.com/contact-us/ec2-request to request an adjustment to this limit.

aws: [ERROR]: An error occurred (VcpuLimitExceeded) when calling the RunInstances operation: You have requested more vCPU capacity than your current vCPU limit of 64 allows for the instance bucket that the specified instance type belongs to. Please visit http://aws.amazon.com/contact-us/ec2-request to request an adjustment to this limit.

aws: [ERROR]: An error occurred (VcpuLimitExceeded) when calling the RunInstances operation: You have requested more vCPU capacity than your current vCPU limit of 64 allows for the instance bucket that the specified instance type belongs to. Please visit http://aws.amazon.com/contact-us/ec2-request to request an adjustment to this limit.
[queue] no capacity for u2s_dense_from50M -- holding 2026-08-26T17:28:20Z

aws: [ERROR]: An error occurred (VcpuLimitExceeded) when calling the RunInstances operation: You have requested more vCPU capacity than your current vCPU limit of 64 allows for the instance bucket that the specified instance type belongs to. Please visit http://aws.amazon.com/contact-us/ec2-request to request an adjustment to this limit.

aws: [ERROR]: An error occurred (VcpuLimitExceeded) when calling the RunInstances operation: You have requested more vCPU capacity than your current vCPU limit of 64 allows for the instance bucket that the specified instance type belongs to. Please visit http://aws.amazon.com/contact-us/ec2-request to request an adjustment to this limit.

aws: [ERROR]: An error occurred (VcpuLimitExceeded) when calling the RunInstances operation: You have requested more vCPU capacity than your current vCPU limit of 64 allows for the instance bucket that the specified instance type belongs to. Please visit http://aws.amazon.com/contact-us/ec2-request to request an adjustment to this limit.

aws: [ERROR]: An error occurred (VcpuLimitExceeded) when calling the RunInstances operation: You have requested more vCPU capacity than your current vCPU limit of 64 allows for the instance bucket that the specified instance type belongs to. Please visit http://aws.amazon.com/contact-us/ec2-request to request an adjustment to this limit.
[queue] no capacity for u2s_dense_from50M -- holding 2026-08-26T17:33:30Z

aws: [ERROR]: An error occurred (VcpuLimitExceeded) when calling the RunInstances operation: You have requested more vCPU capacity than your current vCPU limit of 64 allows for the instance bucket that the specified instance type belongs to. Please visit http://aws.amazon.com/contact-us/ec2-request to request an adjustment to this limit.

aws: [ERROR]: An error occurred (VcpuLimitExceeded) when calling the RunInstances operation: You have requested more vCPU capacity than your current vCPU limit of 64 allows for the instance bucket that the specified instance type belongs to. Please visit http://aws.amazon.com/contact-us/ec2-request to request an adjustment to this limit.

aws: [ERROR]: An error occurred (VcpuLimitExceeded) when calling the RunInstances operation: You have requested more vCPU capacity than your current vCPU limit of 64 allows for the instance bucket that the specified instance type belongs to. Please visit http://aws.amazon.com/contact-us/ec2-request to request an adjustment to this limit.

aws: [ERROR]: An error occurred (VcpuLimitExceeded) when calling the RunInstances operation: You have requested more vCPU capacity than your current vCPU limit of 64 allows for the instance bucket that the specified instance type belongs to. Please visit http://aws.amazon.com/contact-us/ec2-request to request an adjustment to this limit.
[queue] no capacity for u2s_dense_from50M -- holding 2026-08-26T17:38:39Z

aws: [ERROR]: An error occurred (VcpuLimitExceeded) when calling the RunInstances operation: You have requested more vCPU capacity than your current vCPU limit of 64 allows for the instance bucket that the specified instance type belongs to. Please visit http://aws.amazon.com/contact-us/ec2-request to request an adjustment to this limit.

aws: [ERROR]: An error occurred (VcpuLimitExceeded) when calling the RunInstances operation: You have requested more vCPU capacity than your current vCPU limit of 64 allows for the instance bucket that the specified instance type belongs to. Please visit http://aws.amazon.com/contact-us/ec2-request to request an adjustment to this limit.

aws: [ERROR]: An error occurred (VcpuLimitExceeded) when calling the RunInstances operation: You have requested more vCPU capacity than your current vCPU limit of 64 allows for the instance bucket that the specified instance type belongs to. Please visit http://aws.amazon.com/contact-us/ec2-request to request an adjustment to this limit.

aws: [ERROR]: An error occurred (VcpuLimitExceeded) when calling the RunInstances operation: You have requested more vCPU capacity than your current vCPU limit of 64 allows for the instance bucket that the specified instance type belongs to. Please visit http://aws.amazon.com/contact-us/ec2-request to request an adjustment to this limit.
[queue] no capacity for u2s_dense_from50M -- holding 2026-08-26T17:43:48Z

aws: [ERROR]: An error occurred (VcpuLimitExceeded) when calling the RunInstances operation: You have requested more vCPU capacity than your current vCPU limit of 64 allows for the instance bucket that the specified instance type belongs to. Please visit http://aws.amazon.com/contact-us/ec2-request to request an adjustment to this limit.

aws: [ERROR]: An error occurred (VcpuLimitExceeded) when calling the RunInstances operation: You have requested more vCPU capacity than your current vCPU limit of 64 allows for the instance bucket that the specified instance type belongs to. Please visit http://aws.amazon.com/contact-us/ec2-request to request an adjustment to this limit.

aws: [ERROR]: An error occurred (VcpuLimitExceeded) when calling the RunInstances operation: You have requested more vCPU capacity than your current vCPU limit of 64 allows for the instance bucket that the specified instance type belongs to. Please visit http://aws.amazon.com/contact-us/ec2-request to request an adjustment to this limit.

aws: [ERROR]: An error occurred (VcpuLimitExceeded) when calling the RunInstances operation: You have requested more vCPU capacity than your current vCPU limit of 64 allows for the instance bucket that the specified instance type belongs to. Please visit http://aws.amazon.com/contact-us/ec2-request to request an adjustment to this limit.
[queue] no capacity for u2s_dense_from50M -- holding 2026-08-26T17:48:57Z

aws: [ERROR]: An error occurred (VcpuLimitExceeded) when calling the RunInstances operation: You have requested more vCPU capacity than your current vCPU limit of 64 allows for the instance bucket that the specified instance type belongs to. Please visit http://aws.amazon.com/contact-us/ec2-request to request an adjustment to this limit.

aws: [ERROR]: An error occurred (VcpuLimitExceeded) when calling the RunInstances operation: You have requested more vCPU capacity than your current vCPU limit of 64 allows for the instance bucket that the specified instance type belongs to. Please visit http://aws.amazon.com/contact-us/ec2-request to request an adjustment to this limit.

aws: [ERROR]: An error occurred (VcpuLimitExceeded) when calling the RunInstances operation: You have requested more vCPU capacity than your current vCPU limit of 64 allows for the instance bucket that the specified instance type belongs to. Please visit http://aws.amazon.com/contact-us/ec2-request to request an adjustment to this limit.

aws: [ERROR]: An error occurred (VcpuLimitExceeded) when calling the RunInstances operation: You have requested more vCPU capacity than your current vCPU limit of 64 allows for the instance bucket that the specified instance type belongs to. Please visit http://aws.amazon.com/contact-us/ec2-request to request an adjustment to this limit.
[queue] no capacity for u2s_dense_from50M -- holding 2026-08-26T17:54:06Z

aws: [ERROR]: An error occurred (VcpuLimitExceeded) when calling the RunInstances operation: You have requested more vCPU capacity than your current vCPU limit of 64 allows for the instance bucket that the specified instance type belongs to. Please visit http://aws.amazon.com/contact-us/ec2-request to request an adjustment to this limit.

aws: [ERROR]: An error occurred (VcpuLimitExceeded) when calling the RunInstances operation: You have requested more vCPU capacity than your current vCPU limit of 64 allows for the instance bucket that the specified instance type belongs to. Please visit http://aws.amazon.com/contact-us/ec2-request to request an adjustment to this limit.

aws: [ERROR]: An error occurred (VcpuLimitExceeded) when calling the RunInstances operation: You have requested more vCPU capacity than your current vCPU limit of 64 allows for the instance bucket that the specified instance type belongs to. Please visit http://aws.amazon.com/contact-us/ec2-request to request an adjustment to this limit.

aws: [ERROR]: An error occurred (VcpuLimitExceeded) when calling the RunInstances operation: You have requested more vCPU capacity than your current vCPU limit of 64 allows for the instance bucket that the specified instance type belongs to. Please visit http://aws.amazon.com/contact-us/ec2-request to request an adjustment to this limit.
[queue] no capacity for u2s_dense_from50M -- holding 2026-08-26T17:59:16Z

aws: [ERROR]: An error occurred (VcpuLimitExceeded) when calling the RunInstances operation: You have requested more vCPU capacity than your current vCPU limit of 64 allows for the instance bucket that the specified instance type belongs to. Please visit http://aws.amazon.com/contact-us/ec2-request to request an adjustment to this limit.

aws: [ERROR]: An error occurred (VcpuLimitExceeded) when calling the RunInstances operation: You have requested more vCPU capacity than your current vCPU limit of 64 allows for the instance bucket that the specified instance type belongs to. Please visit http://aws.amazon.com/contact-us/ec2-request to request an adjustment to this limit.

aws: [ERROR]: An error occurred (VcpuLimitExceeded) when calling the RunInstances operation: You have requested more vCPU capacity than your current vCPU limit of 64 allows for the instance bucket that the specified instance type belongs to. Please visit http://aws.amazon.com/contact-us/ec2-request to request an adjustment to this limit.

aws: [ERROR]: An error occurred (VcpuLimitExceeded) when calling the RunInstances operation: You have requested more vCPU capacity than your current vCPU limit of 64 allows for the instance bucket that the specified instance type belongs to. Please visit http://aws.amazon.com/contact-us/ec2-request to request an adjustment to this limit.
[queue] no capacity for u2s_dense_from50M -- holding 2026-08-26T18:04:25Z

aws: [ERROR]: An error occurred (VcpuLimitExceeded) when calling the RunInstances operation: You have requested more vCPU capacity than your current vCPU limit of 64 allows for the instance bucket that the specified instance type belongs to. Please visit http://aws.amazon.com/contact-us/ec2-request to request an adjustment to this limit.

aws: [ERROR]: An error occurred (VcpuLimitExceeded) when calling the RunInstances operation: You have requested more vCPU capacity than your current vCPU limit of 64 allows for the instance bucket that the specified instance type belongs to. Please visit http://aws.amazon.com/contact-us/ec2-request to request an adjustment to this limit.

aws: [ERROR]: An error occurred (VcpuLimitExceeded) when calling the RunInstances operation: You have requested more vCPU capacity than your current vCPU limit of 64 allows for the instance bucket that the specified instance type belongs to. Please visit http://aws.amazon.com/contact-us/ec2-request to request an adjustment to this limit.

aws: [ERROR]: An error occurred (VcpuLimitExceeded) when calling the RunInstances operation: You have requested more vCPU capacity than your current vCPU limit of 64 allows for the instance bucket that the specified instance type belongs to. Please visit http://aws.amazon.com/contact-us/ec2-request to request an adjustment to this limit.
[queue] no capacity for u2s_dense_from50M -- holding 2026-08-26T18:09:34Z

aws: [ERROR]: An error occurred (VcpuLimitExceeded) when calling the RunInstances operation: You have requested more vCPU capacity than your current vCPU limit of 64 allows for the instance bucket that the specified instance type belongs to. Please visit http://aws.amazon.com/contact-us/ec2-request to request an adjustment to this limit.

aws: [ERROR]: An error occurred (VcpuLimitExceeded) when calling the RunInstances operation: You have requested more vCPU capacity than your current vCPU limit of 64 allows for the instance bucket that the specified instance type belongs to. Please visit http://aws.amazon.com/contact-us/ec2-request to request an adjustment to this limit.

aws: [ERROR]: An error occurred (VcpuLimitExceeded) when calling the RunInstances operation: You have requested more vCPU capacity than your current vCPU limit of 64 allows for the instance bucket that the specified instance type belongs to. Please visit http://aws.amazon.com/contact-us/ec2-request to request an adjustment to this limit.

aws: [ERROR]: An error occurred (VcpuLimitExceeded) when calling the RunInstances operation: You have requested more vCPU capacity than your current vCPU limit of 64 allows for the instance bucket that the specified instance type belongs to. Please visit http://aws.amazon.com/contact-us/ec2-request to request an adjustment to this limit.
[queue] no capacity for u2s_dense_from50M -- holding 2026-08-26T18:14:43Z

aws: [ERROR]: An error occurred (VcpuLimitExceeded) when calling the RunInstances operation: You have requested more vCPU capacity than your current vCPU limit of 64 allows for the instance bucket that the specified instance type belongs to. Please visit http://aws.amazon.com/contact-us/ec2-request to request an adjustment to this limit.

aws: [ERROR]: An error occurred (VcpuLimitExceeded) when calling the RunInstances operation: You have requested more vCPU capacity than your current vCPU limit of 64 allows for the instance bucket that the specified instance type belongs to. Please visit http://aws.amazon.com/contact-us/ec2-request to request an adjustment to this limit.

aws: [ERROR]: An error occurred (VcpuLimitExceeded) when calling the RunInstances operation: You have requested more vCPU capacity than your current vCPU limit of 64 allows for the instance bucket that the specified instance type belongs to. Please visit http://aws.amazon.com/contact-us/ec2-request to request an adjustment to this limit.

aws: [ERROR]: An error occurred (VcpuLimitExceeded) when calling the RunInstances operation: You have requested more vCPU capacity than your current vCPU limit of 64 allows for the instance bucket that the specified instance type belongs to. Please visit http://aws.amazon.com/contact-us/ec2-request to request an adjustment to this limit.
[queue] no capacity for u2s_dense_from50M -- holding 2026-08-26T18:19:53Z

aws: [ERROR]: An error occurred (VcpuLimitExceeded) when calling the RunInstances operation: You have requested more vCPU capacity than your current vCPU limit of 64 allows for the instance bucket that the specified instance type belongs to. Please visit http://aws.amazon.com/contact-us/ec2-request to request an adjustment to this limit.

aws: [ERROR]: An error occurred (VcpuLimitExceeded) when calling the RunInstances operation: You have requested more vCPU capacity than your current vCPU limit of 64 allows for the instance bucket that the specified instance type belongs to. Please visit http://aws.amazon.com/contact-us/ec2-request to request an adjustment to this limit.

aws: [ERROR]: An error occurred (VcpuLimitExceeded) when calling the RunInstances operation: You have requested more vCPU capacity than your current vCPU limit of 64 allows for the instance bucket that the specified instance type belongs to. Please visit http://aws.amazon.com/contact-us/ec2-request to request an adjustment to this limit.

aws: [ERROR]: An error occurred (VcpuLimitExceeded) when calling the RunInstances operation: You have requested more vCPU capacity than your current vCPU limit of 64 allows for the instance bucket that the specified instance type belongs to. Please visit http://aws.amazon.com/contact-us/ec2-request to request an adjustment to this limit.
[queue] no capacity for u2s_dense_from50M -- holding 2026-08-26T18:25:02Z

aws: [ERROR]: An error occurred (VcpuLimitExceeded) when calling the RunInstances operation: You have requested more vCPU capacity than your current vCPU limit of 64 allows for the instance bucket that the specified instance type belongs to. Please visit http://aws.amazon.com/contact-us/ec2-request to request an adjustment to this limit.

aws: [ERROR]: An error occurred (VcpuLimitExceeded) when calling the RunInstances operation: You have requested more vCPU capacity than your current vCPU limit of 64 allows for the instance bucket that the specified instance type belongs to. Please visit http://aws.amazon.com/contact-us/ec2-request to request an adjustment to this limit.

aws: [ERROR]: An error occurred (VcpuLimitExceeded) when calling the RunInstances operation: You have requested more vCPU capacity than your current vCPU limit of 64 allows for the instance bucket that the specified instance type belongs to. Please visit http://aws.amazon.com/contact-us/ec2-request to request an adjustment to this limit.

aws: [ERROR]: An error occurred (VcpuLimitExceeded) when calling the RunInstances operation: You have requested more vCPU capacity than your current vCPU limit of 64 allows for the instance bucket that the specified instance type belongs to. Please visit http://aws.amazon.com/contact-us/ec2-request to request an adjustment to this limit.
[queue] no capacity for u2s_dense_from50M -- holding 2026-08-26T18:30:11Z

aws: [ERROR]: An error occurred (VcpuLimitExceeded) when calling the RunInstances operation: You have requested more vCPU capacity than your current vCPU limit of 64 allows for the instance bucket that the specified instance type belongs to. Please visit http://aws.amazon.com/contact-us/ec2-request to request an adjustment to this limit.

aws: [ERROR]: An error occurred (VcpuLimitExceeded) when calling the RunInstances operation: You have requested more vCPU capacity than your current vCPU limit of 64 allows for the instance bucket that the specified instance type belongs to. Please visit http://aws.amazon.com/contact-us/ec2-request to request an adjustment to this limit.

aws: [ERROR]: An error occurred (VcpuLimitExceeded) when calling the RunInstances operation: You have requested more vCPU capacity than your current vCPU limit of 64 allows for the instance bucket that the specified instance type belongs to. Please visit http://aws.amazon.com/contact-us/ec2-request to request an adjustment to this limit.

aws: [ERROR]: An error occurred (VcpuLimitExceeded) when calling the RunInstances operation: You have requested more vCPU capacity than your current vCPU limit of 64 allows for the instance bucket that the specified instance type belongs to. Please visit http://aws.amazon.com/contact-us/ec2-request to request an adjustment to this limit.
[queue] no capacity for u2s_dense_from50M -- holding 2026-08-26T18:35:20Z

aws: [ERROR]: An error occurred (VcpuLimitExceeded) when calling the RunInstances operation: You have requested more vCPU capacity than your current vCPU limit of 64 allows for the instance bucket that the specified instance type belongs to. Please visit http://aws.amazon.com/contact-us/ec2-request to request an adjustment to this limit.

aws: [ERROR]: An error occurred (VcpuLimitExceeded) when calling the RunInstances operation: You have requested more vCPU capacity than your current vCPU limit of 64 allows for the instance bucket that the specified instance type belongs to. Please visit http://aws.amazon.com/contact-us/ec2-request to request an adjustment to this limit.

aws: [ERROR]: An error occurred (VcpuLimitExceeded) when calling the RunInstances operation: You have requested more vCPU capacity than your current vCPU limit of 64 allows for the instance bucket that the specified instance type belongs to. Please visit http://aws.amazon.com/contact-us/ec2-request to request an adjustment to this limit.

aws: [ERROR]: An error occurred (VcpuLimitExceeded) when calling the RunInstances operation: You have requested more vCPU capacity than your current vCPU limit of 64 allows for the instance bucket that the specified instance type belongs to. Please visit http://aws.amazon.com/contact-us/ec2-request to request an adjustment to this limit.
[queue] no capacity for u2s_dense_from50M -- holding 2026-08-26T18:40:29Z

aws: [ERROR]: An error occurred (VcpuLimitExceeded) when calling the RunInstances operation: You have requested more vCPU capacity than your current vCPU limit of 64 allows for the instance bucket that the specified instance type belongs to. Please visit http://aws.amazon.com/contact-us/ec2-request to request an adjustment to this limit.

aws: [ERROR]: An error occurred (VcpuLimitExceeded) when calling the RunInstances operation: You have requested more vCPU capacity than your current vCPU limit of 64 allows for the instance bucket that the specified instance type belongs to. Please visit http://aws.amazon.com/contact-us/ec2-request to request an adjustment to this limit.

aws: [ERROR]: An error occurred (VcpuLimitExceeded) when calling the RunInstances operation: You have requested more vCPU capacity than your current vCPU limit of 64 allows for the instance bucket that the specified instance type belongs to. Please visit http://aws.amazon.com/contact-us/ec2-request to request an adjustment to this limit.

aws: [ERROR]: An error occurred (VcpuLimitExceeded) when calling the RunInstances operation: You have requested more vCPU capacity than your current vCPU limit of 64 allows for the instance bucket that the specified instance type belongs to. Please visit http://aws.amazon.com/contact-us/ec2-request to request an adjustment to this limit.
[queue] no capacity for u2s_dense_from50M -- holding 2026-08-26T18:45:38Z

aws: [ERROR]: An error occurred (VcpuLimitExceeded) when calling the RunInstances operation: You have requested more vCPU capacity than your current vCPU limit of 64 allows for the instance bucket that the specified instance type belongs to. Please visit http://aws.amazon.com/contact-us/ec2-request to request an adjustment to this limit.

aws: [ERROR]: An error occurred (VcpuLimitExceeded) when calling the RunInstances operation: You have requested more vCPU capacity than your current vCPU limit of 64 allows for the instance bucket that the specified instance type belongs to. Please visit http://aws.amazon.com/contact-us/ec2-request to request an adjustment to this limit.

aws: [ERROR]: An error occurred (VcpuLimitExceeded) when calling the RunInstances operation: You have requested more vCPU capacity than your current vCPU limit of 64 allows for the instance bucket that the specified instance type belongs to. Please visit http://aws.amazon.com/contact-us/ec2-request to request an adjustment to this limit.

aws: [ERROR]: An error occurred (VcpuLimitExceeded) when calling the RunInstances operation: You have requested more vCPU capacity than your current vCPU limit of 64 allows for the instance bucket that the specified instance type belongs to. Please visit http://aws.amazon.com/contact-us/ec2-request to request an adjustment to this limit.
[queue] no capacity for u2s_dense_from50M -- holding 2026-08-26T18:50:48Z

aws: [ERROR]: An error occurred (VcpuLimitExceeded) when calling the RunInstances operation: You have requested more vCPU capacity than your current vCPU limit of 64 allows for the instance bucket that the specified instance type belongs to. Please visit http://aws.amazon.com/contact-us/ec2-request to request an adjustment to this limit.

aws: [ERROR]: An error occurred (VcpuLimitExceeded) when calling the RunInstances operation: You have requested more vCPU capacity than your current vCPU limit of 64 allows for the instance bucket that the specified instance type belongs to. Please visit http://aws.amazon.com/contact-us/ec2-request to request an adjustment to this limit.

aws: [ERROR]: An error occurred (VcpuLimitExceeded) when calling the RunInstances operation: You have requested more vCPU capacity than your current vCPU limit of 64 allows for the instance bucket that the specified instance type belongs to. Please visit http://aws.amazon.com/contact-us/ec2-request to request an adjustment to this limit.

aws: [ERROR]: An error occurred (VcpuLimitExceeded) when calling the RunInstances operation: You have requested more vCPU capacity than your current vCPU limit of 64 allows for the instance bucket that the specified instance type belongs to. Please visit http://aws.amazon.com/contact-us/ec2-request to request an adjustment to this limit.
[queue] no capacity for u2s_dense_from50M -- holding 2026-08-26T18:55:57Z

aws: [ERROR]: An error occurred (VcpuLimitExceeded) when calling the RunInstances operation: You have requested more vCPU capacity than your current vCPU limit of 64 allows for the instance bucket that the specified instance type belongs to. Please visit http://aws.amazon.com/contact-us/ec2-request to request an adjustment to this limit.

aws: [ERROR]: An error occurred (VcpuLimitExceeded) when calling the RunInstances operation: You have requested more vCPU capacity than your current vCPU limit of 64 allows for the instance bucket that the specified instance type belongs to. Please visit http://aws.amazon.com/contact-us/ec2-request to request an adjustment to this limit.

aws: [ERROR]: An error occurred (VcpuLimitExceeded) when calling the RunInstances operation: You have requested more vCPU capacity than your current vCPU limit of 64 allows for the instance bucket that the specified instance type belongs to. Please visit http://aws.amazon.com/contact-us/ec2-request to request an adjustment to this limit.

aws: [ERROR]: An error occurred (VcpuLimitExceeded) when calling the RunInstances operation: You have requested more vCPU capacity than your current vCPU limit of 64 allows for the instance bucket that the specified instance type belongs to. Please visit http://aws.amazon.com/contact-us/ec2-request to request an adjustment to this limit.
[queue] no capacity for u2s_dense_from50M -- holding 2026-08-26T19:01:06Z

aws: [ERROR]: An error occurred (VcpuLimitExceeded) when calling the RunInstances operation: You have requested more vCPU capacity than your current vCPU limit of 64 allows for the instance bucket that the specified instance type belongs to. Please visit http://aws.amazon.com/contact-us/ec2-request to request an adjustment to this limit.

aws: [ERROR]: An error occurred (VcpuLimitExceeded) when calling the RunInstances operation: You have requested more vCPU capacity than your current vCPU limit of 64 allows for the instance bucket that the specified instance type belongs to. Please visit http://aws.amazon.com/contact-us/ec2-request to request an adjustment to this limit.

aws: [ERROR]: An error occurred (VcpuLimitExceeded) when calling the RunInstances operation: You have requested more vCPU capacity than your current vCPU limit of 64 allows for the instance bucket that the specified instance type belongs to. Please visit http://aws.amazon.com/contact-us/ec2-request to request an adjustment to this limit.

aws: [ERROR]: An error occurred (VcpuLimitExceeded) when calling the RunInstances operation: You have requested more vCPU capacity than your current vCPU limit of 64 allows for the instance bucket that the specified instance type belongs to. Please visit http://aws.amazon.com/contact-us/ec2-request to request an adjustment to this limit.
[queue] no capacity for u2s_dense_from50M -- holding 2026-08-26T19:06:15Z

aws: [ERROR]: An error occurred (VcpuLimitExceeded) when calling the RunInstances operation: You have requested more vCPU capacity than your current vCPU limit of 64 allows for the instance bucket that the specified instance type belongs to. Please visit http://aws.amazon.com/contact-us/ec2-request to request an adjustment to this limit.

aws: [ERROR]: An error occurred (VcpuLimitExceeded) when calling the RunInstances operation: You have requested more vCPU capacity than your current vCPU limit of 64 allows for the instance bucket that the specified instance type belongs to. Please visit http://aws.amazon.com/contact-us/ec2-request to request an adjustment to this limit.

aws: [ERROR]: An error occurred (VcpuLimitExceeded) when calling the RunInstances operation: You have requested more vCPU capacity than your current vCPU limit of 64 allows for the instance bucket that the specified instance type belongs to. Please visit http://aws.amazon.com/contact-us/ec2-request to request an adjustment to this limit.

aws: [ERROR]: An error occurred (VcpuLimitExceeded) when calling the RunInstances operation: You have requested more vCPU capacity than your current vCPU limit of 64 allows for the instance bucket that the specified instance type belongs to. Please visit http://aws.amazon.com/contact-us/ec2-request to request an adjustment to this limit.
[queue] no capacity for u2s_dense_from50M -- holding 2026-08-26T19:11:24Z

aws: [ERROR]: An error occurred (VcpuLimitExceeded) when calling the RunInstances operation: You have requested more vCPU capacity than your current vCPU limit of 64 allows for the instance bucket that the specified instance type belongs to. Please visit http://aws.amazon.com/contact-us/ec2-request to request an adjustment to this limit.

aws: [ERROR]: An error occurred (VcpuLimitExceeded) when calling the RunInstances operation: You have requested more vCPU capacity than your current vCPU limit of 64 allows for the instance bucket that the specified instance type belongs to. Please visit http://aws.amazon.com/contact-us/ec2-request to request an adjustment to this limit.

aws: [ERROR]: An error occurred (VcpuLimitExceeded) when calling the RunInstances operation: You have requested more vCPU capacity than your current vCPU limit of 64 allows for the instance bucket that the specified instance type belongs to. Please visit http://aws.amazon.com/contact-us/ec2-request to request an adjustment to this limit.

aws: [ERROR]: An error occurred (VcpuLimitExceeded) when calling the RunInstances operation: You have requested more vCPU capacity than your current vCPU limit of 64 allows for the instance bucket that the specified instance type belongs to. Please visit http://aws.amazon.com/contact-us/ec2-request to request an adjustment to this limit.
[queue] no capacity for u2s_dense_from50M -- holding 2026-08-26T19:16:33Z

aws: [ERROR]: An error occurred (VcpuLimitExceeded) when calling the RunInstances operation: You have requested more vCPU capacity than your current vCPU limit of 64 allows for the instance bucket that the specified instance type belongs to. Please visit http://aws.amazon.com/contact-us/ec2-request to request an adjustment to this limit.

aws: [ERROR]: An error occurred (VcpuLimitExceeded) when calling the RunInstances operation: You have requested more vCPU capacity than your current vCPU limit of 64 allows for the instance bucket that the specified instance type belongs to. Please visit http://aws.amazon.com/contact-us/ec2-request to request an adjustment to this limit.

aws: [ERROR]: An error occurred (VcpuLimitExceeded) when calling the RunInstances operation: You have requested more vCPU capacity than your current vCPU limit of 64 allows for the instance bucket that the specified instance type belongs to. Please visit http://aws.amazon.com/contact-us/ec2-request to request an adjustment to this limit.

aws: [ERROR]: An error occurred (VcpuLimitExceeded) when calling the RunInstances operation: You have requested more vCPU capacity than your current vCPU limit of 64 allows for the instance bucket that the specified instance type belongs to. Please visit http://aws.amazon.com/contact-us/ec2-request to request an adjustment to this limit.
[queue] no capacity for u2s_dense_from50M -- holding 2026-08-26T19:21:42Z

aws: [ERROR]: An error occurred (VcpuLimitExceeded) when calling the RunInstances operation: You have requested more vCPU capacity than your current vCPU limit of 64 allows for the instance bucket that the specified instance type belongs to. Please visit http://aws.amazon.com/contact-us/ec2-request to request an adjustment to this limit.

aws: [ERROR]: An error occurred (VcpuLimitExceeded) when calling the RunInstances operation: You have requested more vCPU capacity than your current vCPU limit of 64 allows for the instance bucket that the specified instance type belongs to. Please visit http://aws.amazon.com/contact-us/ec2-request to request an adjustment to this limit.

aws: [ERROR]: An error occurred (VcpuLimitExceeded) when calling the RunInstances operation: You have requested more vCPU capacity than your current vCPU limit of 64 allows for the instance bucket that the specified instance type belongs to. Please visit http://aws.amazon.com/contact-us/ec2-request to request an adjustment to this limit.

aws: [ERROR]: An error occurred (VcpuLimitExceeded) when calling the RunInstances operation: You have requested more vCPU capacity than your current vCPU limit of 64 allows for the instance bucket that the specified instance type belongs to. Please visit http://aws.amazon.com/contact-us/ec2-request to request an adjustment to this limit.
[queue] no capacity for u2s_dense_from50M -- holding 2026-08-26T19:26:50Z

aws: [ERROR]: An error occurred (VcpuLimitExceeded) when calling the RunInstances operation: You have requested more vCPU capacity than your current vCPU limit of 64 allows for the instance bucket that the specified instance type belongs to. Please visit http://aws.amazon.com/contact-us/ec2-request to request an adjustment to this limit.

aws: [ERROR]: An error occurred (VcpuLimitExceeded) when calling the RunInstances operation: You have requested more vCPU capacity than your current vCPU limit of 64 allows for the instance bucket that the specified instance type belongs to. Please visit http://aws.amazon.com/contact-us/ec2-request to request an adjustment to this limit.

aws: [ERROR]: An error occurred (VcpuLimitExceeded) when calling the RunInstances operation: You have requested more vCPU capacity than your current vCPU limit of 64 allows for the instance bucket that the specified instance type belongs to. Please visit http://aws.amazon.com/contact-us/ec2-request to request an adjustment to this limit.

aws: [ERROR]: An error occurred (VcpuLimitExceeded) when calling the RunInstances operation: You have requested more vCPU capacity than your current vCPU limit of 64 allows for the instance bucket that the specified instance type belongs to. Please visit http://aws.amazon.com/contact-us/ec2-request to request an adjustment to this limit.
[queue] no capacity for u2s_dense_from50M -- holding 2026-08-26T19:31:59Z

aws: [ERROR]: An error occurred (VcpuLimitExceeded) when calling the RunInstances operation: You have requested more vCPU capacity than your current vCPU limit of 64 allows for the instance bucket that the specified instance type belongs to. Please visit http://aws.amazon.com/contact-us/ec2-request to request an adjustment to this limit.

aws: [ERROR]: An error occurred (VcpuLimitExceeded) when calling the RunInstances operation: You have requested more vCPU capacity than your current vCPU limit of 64 allows for the instance bucket that the specified instance type belongs to. Please visit http://aws.amazon.com/contact-us/ec2-request to request an adjustment to this limit.

aws: [ERROR]: An error occurred (VcpuLimitExceeded) when calling the RunInstances operation: You have requested more vCPU capacity than your current vCPU limit of 64 allows for the instance bucket that the specified instance type belongs to. Please visit http://aws.amazon.com/contact-us/ec2-request to request an adjustment to this limit.

aws: [ERROR]: An error occurred (VcpuLimitExceeded) when calling the RunInstances operation: You have requested more vCPU capacity than your current vCPU limit of 64 allows for the instance bucket that the specified instance type belongs to. Please visit http://aws.amazon.com/contact-us/ec2-request to request an adjustment to this limit.
[queue] no capacity for u2s_dense_from50M -- holding 2026-08-26T19:37:07Z

aws: [ERROR]: An error occurred (VcpuLimitExceeded) when calling the RunInstances operation: You have requested more vCPU capacity than your current vCPU limit of 64 allows for the instance bucket that the specified instance type belongs to. Please visit http://aws.amazon.com/contact-us/ec2-request to request an adjustment to this limit.

aws: [ERROR]: An error occurred (VcpuLimitExceeded) when calling the RunInstances operation: You have requested more vCPU capacity than your current vCPU limit of 64 allows for the instance bucket that the specified instance type belongs to. Please visit http://aws.amazon.com/contact-us/ec2-request to request an adjustment to this limit.

aws: [ERROR]: An error occurred (VcpuLimitExceeded) when calling the RunInstances operation: You have requested more vCPU capacity than your current vCPU limit of 64 allows for the instance bucket that the specified instance type belongs to. Please visit http://aws.amazon.com/contact-us/ec2-request to request an adjustment to this limit.

aws: [ERROR]: An error occurred (VcpuLimitExceeded) when calling the RunInstances operation: You have requested more vCPU capacity than your current vCPU limit of 64 allows for the instance bucket that the specified instance type belongs to. Please visit http://aws.amazon.com/contact-us/ec2-request to request an adjustment to this limit.
[queue] no capacity for u2s_dense_from50M -- holding 2026-08-26T19:42:16Z

aws: [ERROR]: An error occurred (VcpuLimitExceeded) when calling the RunInstances operation: You have requested more vCPU capacity than your current vCPU limit of 64 allows for the instance bucket that the specified instance type belongs to. Please visit http://aws.amazon.com/contact-us/ec2-request to request an adjustment to this limit.

aws: [ERROR]: An error occurred (VcpuLimitExceeded) when calling the RunInstances operation: You have requested more vCPU capacity than your current vCPU limit of 64 allows for the instance bucket that the specified instance type belongs to. Please visit http://aws.amazon.com/contact-us/ec2-request to request an adjustment to this limit.

aws: [ERROR]: An error occurred (VcpuLimitExceeded) when calling the RunInstances operation: You have requested more vCPU capacity than your current vCPU limit of 64 allows for the instance bucket that the specified instance type belongs to. Please visit http://aws.amazon.com/contact-us/ec2-request to request an adjustment to this limit.

aws: [ERROR]: An error occurred (VcpuLimitExceeded) when calling the RunInstances operation: You have requested more vCPU capacity than your current vCPU limit of 64 allows for the instance bucket that the specified instance type belongs to. Please visit http://aws.amazon.com/contact-us/ec2-request to request an adjustment to this limit.
[queue] no capacity for u2s_dense_from50M -- holding 2026-08-26T19:47:25Z

aws: [ERROR]: An error occurred (VcpuLimitExceeded) when calling the RunInstances operation: You have requested more vCPU capacity than your current vCPU limit of 64 allows for the instance bucket that the specified instance type belongs to. Please visit http://aws.amazon.com/contact-us/ec2-request to request an adjustment to this limit.

aws: [ERROR]: An error occurred (VcpuLimitExceeded) when calling the RunInstances operation: You have requested more vCPU capacity than your current vCPU limit of 64 allows for the instance bucket that the specified instance type belongs to. Please visit http://aws.amazon.com/contact-us/ec2-request to request an adjustment to this limit.

aws: [ERROR]: An error occurred (VcpuLimitExceeded) when calling the RunInstances operation: You have requested more vCPU capacity than your current vCPU limit of 64 allows for the instance bucket that the specified instance type belongs to. Please visit http://aws.amazon.com/contact-us/ec2-request to request an adjustment to this limit.

aws: [ERROR]: An error occurred (VcpuLimitExceeded) when calling the RunInstances operation: You have requested more vCPU capacity than your current vCPU limit of 64 allows for the instance bucket that the specified instance type belongs to. Please visit http://aws.amazon.com/contact-us/ec2-request to request an adjustment to this limit.
[queue] no capacity for u2s_dense_from50M -- holding 2026-08-26T19:52:34Z

aws: [ERROR]: An error occurred (VcpuLimitExceeded) when calling the RunInstances operation: You have requested more vCPU capacity than your current vCPU limit of 64 allows for the instance bucket that the specified instance type belongs to. Please visit http://aws.amazon.com/contact-us/ec2-request to request an adjustment to this limit.

aws: [ERROR]: An error occurred (VcpuLimitExceeded) when calling the RunInstances operation: You have requested more vCPU capacity than your current vCPU limit of 64 allows for the instance bucket that the specified instance type belongs to. Please visit http://aws.amazon.com/contact-us/ec2-request to request an adjustment to this limit.

aws: [ERROR]: An error occurred (VcpuLimitExceeded) when calling the RunInstances operation: You have requested more vCPU capacity than your current vCPU limit of 64 allows for the instance bucket that the specified instance type belongs to. Please visit http://aws.amazon.com/contact-us/ec2-request to request an adjustment to this limit.

aws: [ERROR]: An error occurred (VcpuLimitExceeded) when calling the RunInstances operation: You have requested more vCPU capacity than your current vCPU limit of 64 allows for the instance bucket that the specified instance type belongs to. Please visit http://aws.amazon.com/contact-us/ec2-request to request an adjustment to this limit.
[queue] no capacity for u2s_dense_from50M -- holding 2026-08-26T19:57:43Z

aws: [ERROR]: An error occurred (VcpuLimitExceeded) when calling the RunInstances operation: You have requested more vCPU capacity than your current vCPU limit of 64 allows for the instance bucket that the specified instance type belongs to. Please visit http://aws.amazon.com/contact-us/ec2-request to request an adjustment to this limit.

aws: [ERROR]: An error occurred (VcpuLimitExceeded) when calling the RunInstances operation: You have requested more vCPU capacity than your current vCPU limit of 64 allows for the instance bucket that the specified instance type belongs to. Please visit http://aws.amazon.com/contact-us/ec2-request to request an adjustment to this limit.

aws: [ERROR]: An error occurred (VcpuLimitExceeded) when calling the RunInstances operation: You have requested more vCPU capacity than your current vCPU limit of 64 allows for the instance bucket that the specified instance type belongs to. Please visit http://aws.amazon.com/contact-us/ec2-request to request an adjustment to this limit.

aws: [ERROR]: An error occurred (VcpuLimitExceeded) when calling the RunInstances operation: You have requested more vCPU capacity than your current vCPU limit of 64 allows for the instance bucket that the specified instance type belongs to. Please visit http://aws.amazon.com/contact-us/ec2-request to request an adjustment to this limit.
[queue] no capacity for u2s_dense_from50M -- holding 2026-08-26T20:02:51Z

aws: [ERROR]: An error occurred (VcpuLimitExceeded) when calling the RunInstances operation: You have requested more vCPU capacity than your current vCPU limit of 64 allows for the instance bucket that the specified instance type belongs to. Please visit http://aws.amazon.com/contact-us/ec2-request to request an adjustment to this limit.

aws: [ERROR]: An error occurred (VcpuLimitExceeded) when calling the RunInstances operation: You have requested more vCPU capacity than your current vCPU limit of 64 allows for the instance bucket that the specified instance type belongs to. Please visit http://aws.amazon.com/contact-us/ec2-request to request an adjustment to this limit.

aws: [ERROR]: An error occurred (VcpuLimitExceeded) when calling the RunInstances operation: You have requested more vCPU capacity than your current vCPU limit of 64 allows for the instance bucket that the specified instance type belongs to. Please visit http://aws.amazon.com/contact-us/ec2-request to request an adjustment to this limit.

aws: [ERROR]: An error occurred (VcpuLimitExceeded) when calling the RunInstances operation: You have requested more vCPU capacity than your current vCPU limit of 64 allows for the instance bucket that the specified instance type belongs to. Please visit http://aws.amazon.com/contact-us/ec2-request to request an adjustment to this limit.
[queue] no capacity for u2s_dense_from50M -- holding 2026-08-26T20:08:00Z

aws: [ERROR]: An error occurred (InsufficientInstanceCapacity) when calling the RunInstances operation (reached max retries: 2): We currently do not have sufficient g5.4xlarge capacity in the Availability Zone you requested (us-east-1b). Our system will be working on provisioning additional capacity. You can currently get g5.4xlarge capacity by not specifying an Availability Zone in your request or choosing us-east-1a, us-east-1c, us-east-1d, us-east-1f.

aws: [ERROR]: An error occurred (InsufficientInstanceCapacity) when calling the RunInstances operation (reached max retries: 2): We currently do not have sufficient g5.4xlarge capacity in the Availability Zone you requested (us-east-1c). Our system will be working on provisioning additional capacity. You can currently get g5.4xlarge capacity by not specifying an Availability Zone in your request or choosing us-east-1a, us-east-1b, us-east-1d, us-east-1f.

aws: [ERROR]: An error occurred (InsufficientInstanceCapacity) when calling the RunInstances operation (reached max retries: 2): We currently do not have sufficient g5.4xlarge capacity in the Availability Zone you requested (us-east-1d). Our system will be working on provisioning additional capacity. You can currently get g5.4xlarge capacity by not specifying an Availability Zone in your request or choosing us-east-1a, us-east-1b, us-east-1c, us-east-1f.

aws: [ERROR]: An error occurred (InsufficientInstanceCapacity) when calling the RunInstances operation (reached max retries: 2): We currently do not have sufficient g5.4xlarge capacity in the Availability Zone you requested (us-east-1f). Our system will be working on provisioning additional capacity. You can currently get g5.4xlarge capacity by not specifying an Availability Zone in your request or choosing us-east-1a, us-east-1b, us-east-1c, us-east-1d.
[queue] no capacity for u2s_dense_from50M -- holding 2026-08-26T20:13:24Z

aws: [ERROR]: An error occurred (InsufficientInstanceCapacity) when calling the RunInstances operation (reached max retries: 2): We currently do not have sufficient g5.4xlarge capacity in the Availability Zone you requested (us-east-1b). Our system will be working on provisioning additional capacity. You can currently get g5.4xlarge capacity by not specifying an Availability Zone in your request or choosing us-east-1a, us-east-1c, us-east-1d, us-east-1f.

aws: [ERROR]: An error occurred (InsufficientInstanceCapacity) when calling the RunInstances operation (reached max retries: 2): We currently do not have sufficient g5.4xlarge capacity in the Availability Zone you requested (us-east-1c). Our system will be working on provisioning additional capacity. You can currently get g5.4xlarge capacity by not specifying an Availability Zone in your request or choosing us-east-1a, us-east-1b, us-east-1d, us-east-1f.
[queue] LAUNCHED u2s_dense_from50M -> i-00bb1d515718fc3ce (g5.4xlarge, subnet-0b0a9a945de9f8648) 2026-08-26T20:18:46Z

aws: [ERROR]: An error occurred (InsufficientInstanceCapacity) when calling the RunInstances operation (reached max retries: 2): We currently do not have sufficient g5.4xlarge capacity in the Availability Zone you requested (us-east-1b). Our system will be working on provisioning additional capacity. You can currently get g5.4xlarge capacity by not specifying an Availability Zone in your request or choosing us-east-1a, us-east-1c, us-east-1d, us-east-1f.
[queue] LAUNCHED u2s_dense_from100M -> i-036ee3965c886dd6e (g5.4xlarge, subnet-011f8d4b0a6f00ab7) 2026-08-26T20:24:58Z

aws: [ERROR]: An error occurred (InsufficientInstanceCapacity) when calling the RunInstances operation (reached max retries: 2): We currently do not have sufficient g5.4xlarge capacity in the Availability Zone you requested (us-east-1b). Our system will be working on provisioning additional capacity. You can currently get g5.4xlarge capacity by not specifying an Availability Zone in your request or choosing us-east-1a, us-east-1c, us-east-1d, us-east-1f.

aws: [ERROR]: An error occurred (InsufficientInstanceCapacity) when calling the RunInstances operation (reached max retries: 2): We currently do not have sufficient g5.4xlarge capacity in the Availability Zone you requested (us-east-1c). Our system will be working on provisioning additional capacity. You can currently get g5.4xlarge capacity by not specifying an Availability Zone in your request or choosing us-east-1a, us-east-1b, us-east-1d, us-east-1f.
[queue] LAUNCHED skip_dense_100M_c124 -> i-0c51468554d0716a7 (g5.4xlarge, subnet-0b0a9a945de9f8648) 2026-08-26T20:31:23Z
[queue] QUEUE DRAINED -- every rung launched or complete 2026-08-26T20:37:28Z
